ISO-10303-21;
HEADER;
FILE_DESCRIPTION(('Open CASCADE Model'),'2;1');
FILE_NAME('Open CASCADE Shape Model','2026-05-25T04:25:27',('Author'),(
    'Open CASCADE'),'Open CASCADE STEP processor 7.8','Open CASCADE 7.8'
  ,'Unknown');
FILE_SCHEMA(('AUTOMOTIVE_DESIGN { 1 0 10303 214 1 1 1 1 }'));
ENDSEC;
DATA;
#1 = APPLICATION_PROTOCOL_DEFINITION('international standard',
  'automotive_design',2000,#2);
#2 = APPLICATION_CONTEXT(
  'core data for automotive mechanical design processes');
#3 = SHAPE_DEFINITION_REPRESENTATION(#4,#10);
#4 = PRODUCT_DEFINITION_SHAPE('','',#5);
#5 = PRODUCT_DEFINITION('design','',#6,#9);
#6 = PRODUCT_DEFINITION_FORMATION('','',#7);
#7 = PRODUCT('Open CASCADE STEP translator 7.8 2',
  'Open CASCADE STEP translator 7.8 2','',(#8));
#8 = PRODUCT_CONTEXT('',#2,'mechanical');
#9 = PRODUCT_DEFINITION_CONTEXT('part definition',#2,'design');
#10 = ADVANCED_BREP_SHAPE_REPRESENTATION('',(#11,#15),#6897);
#11 = AXIS2_PLACEMENT_3D('',#12,#13,#14);
#12 = CARTESIAN_POINT('',(0.,0.,0.));
#13 = DIRECTION('',(0.,0.,1.));
#14 = DIRECTION('',(1.,0.,-0.));
#15 = MANIFOLD_SOLID_BREP('',#16);
#16 = CLOSED_SHELL('',(#17,#239,#371,#420,#469,#542,#615,#662,#709,#735,
    #868,#895,#902,#1015,#1089,#1136,#1183,#1208,#1284,#1333,#1382,#1409
    ,#1530,#1537,#1725,#1774,#1823,#1942,#1969,#1996,#2023,#2050,#2645,
    #2958,#3234,#3261,#3288,#3315,#3342,#3610,#3889,#4177,#4399,#4426,
    #4453,#4480,#4507,#4514,#4521,#4566,#4595,#4674,#4703,#4748,#4824,
    #4853,#5072,#5284,#5291,#5298,#5327,#5406,#5618,#5816,#5861,#5932,
    #6093,#6188,#6216,#6265,#6314,#6363,#6412,#6440,#6584,#6590,#6637,
    #6754,#6849,#6857,#6884,#6890));
#17 = ADVANCED_FACE('',(#18,#137),#32,.F.);
#18 = FACE_BOUND('',#19,.F.);
#19 = EDGE_LOOP('',(#20,#55,#83,#111));
#20 = ORIENTED_EDGE('',*,*,#21,.F.);
#21 = EDGE_CURVE('',#22,#24,#26,.T.);
#22 = VERTEX_POINT('',#23);
#23 = CARTESIAN_POINT('',(-50.,-400.,0.));
#24 = VERTEX_POINT('',#25);
#25 = CARTESIAN_POINT('',(-50.,-400.,640.));
#26 = SURFACE_CURVE('',#27,(#31,#43),.PCURVE_S1.);
#27 = LINE('',#28,#29);
#28 = CARTESIAN_POINT('',(-50.,-400.,0.));
#29 = VECTOR('',#30,1.);
#30 = DIRECTION('',(0.,0.,1.));
#31 = PCURVE('',#32,#37);
#32 = PLANE('',#33);
#33 = AXIS2_PLACEMENT_3D('',#34,#35,#36);
#34 = CARTESIAN_POINT('',(-50.,-400.,0.));
#35 = DIRECTION('',(1.,0.,0.));
#36 = DIRECTION('',(0.,0.,1.));
#37 = DEFINITIONAL_REPRESENTATION('',(#38),#42);
#38 = LINE('',#39,#40);
#39 = CARTESIAN_POINT('',(0.,0.));
#40 = VECTOR('',#41,1.);
#41 = DIRECTION('',(1.,0.));
#42 = ( GEOMETRIC_REPRESENTATION_CONTEXT(2) 
PARAMETRIC_REPRESENTATION_CONTEXT() REPRESENTATION_CONTEXT('2D SPACE',''
  ) );
#43 = PCURVE('',#44,#49);
#44 = PLANE('',#45);
#45 = AXIS2_PLACEMENT_3D('',#46,#47,#48);
#46 = CARTESIAN_POINT('',(-50.,-400.,0.));
#47 = DIRECTION('',(0.,1.,0.));
#48 = DIRECTION('',(0.,0.,1.));
#49 = DEFINITIONAL_REPRESENTATION('',(#50),#54);
#50 = LINE('',#51,#52);
#51 = CARTESIAN_POINT('',(0.,0.));
#52 = VECTOR('',#53,1.);
#53 = DIRECTION('',(1.,0.));
#54 = ( GEOMETRIC_REPRESENTATION_CONTEXT(2) 
PARAMETRIC_REPRESENTATION_CONTEXT() REPRESENTATION_CONTEXT('2D SPACE',''
  ) );
#55 = ORIENTED_EDGE('',*,*,#56,.T.);
#56 = EDGE_CURVE('',#22,#57,#59,.T.);
#57 = VERTEX_POINT('',#58);
#58 = CARTESIAN_POINT('',(-50.,400.,0.));
#59 = SURFACE_CURVE('',#60,(#64,#71),.PCURVE_S1.);
#60 = LINE('',#61,#62);
#61 = CARTESIAN_POINT('',(-50.,-400.,0.));
#62 = VECTOR('',#63,1.);
#63 = DIRECTION('',(0.,1.,0.));
#64 = PCURVE('',#32,#65);
#65 = DEFINITIONAL_REPRESENTATION('',(#66),#70);
#66 = LINE('',#67,#68);
#67 = CARTESIAN_POINT('',(0.,0.));
#68 = VECTOR('',#69,1.);
#69 = DIRECTION('',(0.,-1.));
#70 = ( GEOMETRIC_REPRESENTATION_CONTEXT(2) 
PARAMETRIC_REPRESENTATION_CONTEXT() REPRESENTATION_CONTEXT('2D SPACE',''
  ) );
#71 = PCURVE('',#72,#77);
#72 = PLANE('',#73);
#73 = AXIS2_PLACEMENT_3D('',#74,#75,#76);
#74 = CARTESIAN_POINT('',(-50.,-400.,0.));
#75 = DIRECTION('',(0.,0.,1.));
#76 = DIRECTION('',(1.,0.,0.));
#77 = DEFINITIONAL_REPRESENTATION('',(#78),#82);
#78 = LINE('',#79,#80);
#79 = CARTESIAN_POINT('',(0.,0.));
#80 = VECTOR('',#81,1.);
#81 = DIRECTION('',(0.,1.));
#82 = ( GEOMETRIC_REPRESENTATION_CONTEXT(2) 
PARAMETRIC_REPRESENTATION_CONTEXT() REPRESENTATION_CONTEXT('2D SPACE',''
  ) );
#83 = ORIENTED_EDGE('',*,*,#84,.T.);
#84 = EDGE_CURVE('',#57,#85,#87,.T.);
#85 = VERTEX_POINT('',#86);
#86 = CARTESIAN_POINT('',(-50.,400.,640.));
#87 = SURFACE_CURVE('',#88,(#92,#99),.PCURVE_S1.);
#88 = LINE('',#89,#90);
#89 = CARTESIAN_POINT('',(-50.,400.,0.));
#90 = VECTOR('',#91,1.);
#91 = DIRECTION('',(0.,0.,1.));
#92 = PCURVE('',#32,#93);
#93 = DEFINITIONAL_REPRESENTATION('',(#94),#98);
#94 = LINE('',#95,#96);
#95 = CARTESIAN_POINT('',(0.,-800.));
#96 = VECTOR('',#97,1.);
#97 = DIRECTION('',(1.,0.));
#98 = ( GEOMETRIC_REPRESENTATION_CONTEXT(2) 
PARAMETRIC_REPRESENTATION_CONTEXT() REPRESENTATION_CONTEXT('2D SPACE',''
  ) );
#99 = PCURVE('',#100,#105);
#100 = PLANE('',#101);
#101 = AXIS2_PLACEMENT_3D('',#102,#103,#104);
#102 = CARTESIAN_POINT('',(-50.,400.,0.));
#103 = DIRECTION('',(0.,1.,0.));
#104 = DIRECTION('',(0.,0.,1.));
#105 = DEFINITIONAL_REPRESENTATION('',(#106),#110);
#106 = LINE('',#107,#108);
#107 = CARTESIAN_POINT('',(0.,0.));
#108 = VECTOR('',#109,1.);
#109 = DIRECTION('',(1.,0.));
#110 = ( GEOMETRIC_REPRESENTATION_CONTEXT(2) 
PARAMETRIC_REPRESENTATION_CONTEXT() REPRESENTATION_CONTEXT('2D SPACE',''
  ) );
#111 = ORIENTED_EDGE('',*,*,#112,.F.);
#112 = EDGE_CURVE('',#24,#85,#113,.T.);
#113 = SURFACE_CURVE('',#114,(#118,#125),.PCURVE_S1.);
#114 = LINE('',#115,#116);
#115 = CARTESIAN_POINT('',(-50.,-400.,640.));
#116 = VECTOR('',#117,1.);
#117 = DIRECTION('',(0.,1.,0.));
#118 = PCURVE('',#32,#119);
#119 = DEFINITIONAL_REPRESENTATION('',(#120),#124);
#120 = LINE('',#121,#122);
#121 = CARTESIAN_POINT('',(640.,0.));
#122 = VECTOR('',#123,1.);
#123 = DIRECTION('',(0.,-1.));
#124 = ( GEOMETRIC_REPRESENTATION_CONTEXT(2) 
PARAMETRIC_REPRESENTATION_CONTEXT() REPRESENTATION_CONTEXT('2D SPACE',''
  ) );
#125 = PCURVE('',#126,#131);
#126 = PLANE('',#127);
#127 = AXIS2_PLACEMENT_3D('',#128,#129,#130);
#128 = CARTESIAN_POINT('',(-45.,-400.,645.));
#129 = DIRECTION('',(0.707106781187,-9.001951046195E-18,-0.707106781187)
  );
#130 = DIRECTION('',(6.365340628674E-18,1.,-6.365340628674E-18));
#131 = DEFINITIONAL_REPRESENTATION('',(#132),#136);
#132 = LINE('',#133,#134);
#133 = CARTESIAN_POINT('',(0.,-7.071067811865));
#134 = VECTOR('',#135,1.);
#135 = DIRECTION('',(1.,0.));
#136 = ( GEOMETRIC_REPRESENTATION_CONTEXT(2) 
PARAMETRIC_REPRESENTATION_CONTEXT() REPRESENTATION_CONTEXT('2D SPACE',''
  ) );
#137 = FACE_BOUND('',#138,.F.);
#138 = EDGE_LOOP('',(#139,#166,#191,#216));
#139 = ORIENTED_EDGE('',*,*,#140,.T.);
#140 = EDGE_CURVE('',#141,#143,#145,.T.);
#141 = VERTEX_POINT('',#142);
#142 = CARTESIAN_POINT('',(-50.,340.,600.));
#143 = VERTEX_POINT('',#144);
#144 = CARTESIAN_POINT('',(-50.,340.,410.));
#145 = SURFACE_CURVE('',#146,(#149,#155),.PCURVE_S1.);
#146 = B_SPLINE_CURVE_WITH_KNOTS('',1,(#147,#148),.UNSPECIFIED.,.F.,.F.,
  (2,2),(0.,1.),.PIECEWISE_BEZIER_KNOTS.);
#147 = CARTESIAN_POINT('',(-50.,340.,600.));
#148 = CARTESIAN_POINT('',(-50.,340.,410.));
#149 = PCURVE('',#32,#150);
#150 = DEFINITIONAL_REPRESENTATION('',(#151),#154);
#151 = B_SPLINE_CURVE_WITH_KNOTS('',1,(#152,#153),.UNSPECIFIED.,.F.,.F.,
  (2,2),(0.,1.),.PIECEWISE_BEZIER_KNOTS.);
#152 = CARTESIAN_POINT('',(600.,-740.));
#153 = CARTESIAN_POINT('',(410.,-740.));
#154 = ( GEOMETRIC_REPRESENTATION_CONTEXT(2) 
PARAMETRIC_REPRESENTATION_CONTEXT() REPRESENTATION_CONTEXT('2D SPACE',''
  ) );
#155 = PCURVE('',#156,#161);
#156 = B_SPLINE_SURFACE_WITH_KNOTS('',1,1,(
    (#157,#158)
    ,(#159,#160
    )),.UNSPECIFIED.,.F.,.F.,.F.,(2,2),(2,2),(0.,200.),(0.,1.),
  .PIECEWISE_BEZIER_KNOTS.);
#157 = CARTESIAN_POINT('',(-40.,350.,400.));
#158 = CARTESIAN_POINT('',(-200.,190.,560.));
#159 = CARTESIAN_POINT('',(-40.,350.,600.));
#160 = CARTESIAN_POINT('',(-200.,190.,600.));
#161 = DEFINITIONAL_REPRESENTATION('',(#162),#165);
#162 = B_SPLINE_CURVE_WITH_KNOTS('',1,(#163,#164),.UNSPECIFIED.,.F.,.F.,
  (2,2),(0.,1.),.PIECEWISE_BEZIER_KNOTS.);
#163 = CARTESIAN_POINT('',(200.,6.25E-02));
#164 = CARTESIAN_POINT('',(0.,6.25E-02));
#165 = ( GEOMETRIC_REPRESENTATION_CONTEXT(2) 
PARAMETRIC_REPRESENTATION_CONTEXT() REPRESENTATION_CONTEXT('2D SPACE',''
  ) );
#166 = ORIENTED_EDGE('',*,*,#167,.T.);
#167 = EDGE_CURVE('',#143,#168,#170,.T.);
#168 = VERTEX_POINT('',#169);
#169 = CARTESIAN_POINT('',(-50.,-340.,410.));
#170 = SURFACE_CURVE('',#171,(#174,#180),.PCURVE_S1.);
#171 = B_SPLINE_CURVE_WITH_KNOTS('',1,(#172,#173),.UNSPECIFIED.,.F.,.F.,
  (2,2),(0.,1.),.PIECEWISE_BEZIER_KNOTS.);
#172 = CARTESIAN_POINT('',(-50.,340.,410.));
#173 = CARTESIAN_POINT('',(-50.,-340.,410.));
#174 = PCURVE('',#32,#175);
#175 = DEFINITIONAL_REPRESENTATION('',(#176),#179);
#176 = B_SPLINE_CURVE_WITH_KNOTS('',1,(#177,#178),.UNSPECIFIED.,.F.,.F.,
  (2,2),(0.,1.),.PIECEWISE_BEZIER_KNOTS.);
#177 = CARTESIAN_POINT('',(410.,-740.));
#178 = CARTESIAN_POINT('',(410.,-60.));
#179 = ( GEOMETRIC_REPRESENTATION_CONTEXT(2) 
PARAMETRIC_REPRESENTATION_CONTEXT() REPRESENTATION_CONTEXT('2D SPACE',''
  ) );
#180 = PCURVE('',#181,#186);
#181 = B_SPLINE_SURFACE_WITH_KNOTS('',1,1,(
    (#182,#183)
    ,(#184,#185
    )),.UNSPECIFIED.,.F.,.F.,.F.,(2,2),(2,2),(0.,700.),(0.,1.),
  .PIECEWISE_BEZIER_KNOTS.);
#182 = CARTESIAN_POINT('',(-40.,-350.,400.));
#183 = CARTESIAN_POINT('',(-200.,-190.,560.));
#184 = CARTESIAN_POINT('',(-40.,350.,400.));
#185 = CARTESIAN_POINT('',(-200.,190.,560.));
#186 = DEFINITIONAL_REPRESENTATION('',(#187),#190);
#187 = B_SPLINE_CURVE_WITH_KNOTS('',1,(#188,#189),.UNSPECIFIED.,.F.,.F.,
  (2,2),(0.,1.),.PIECEWISE_BEZIER_KNOTS.);
#188 = CARTESIAN_POINT('',(700.,6.25E-02));
#189 = CARTESIAN_POINT('',(0.,6.25E-02));
#190 = ( GEOMETRIC_REPRESENTATION_CONTEXT(2) 
PARAMETRIC_REPRESENTATION_CONTEXT() REPRESENTATION_CONTEXT('2D SPACE',''
  ) );
#191 = ORIENTED_EDGE('',*,*,#192,.T.);
#192 = EDGE_CURVE('',#168,#193,#195,.T.);
#193 = VERTEX_POINT('',#194);
#194 = CARTESIAN_POINT('',(-50.,-340.,600.));
#195 = SURFACE_CURVE('',#196,(#199,#205),.PCURVE_S1.);
#196 = B_SPLINE_CURVE_WITH_KNOTS('',1,(#197,#198),.UNSPECIFIED.,.F.,.F.,
  (2,2),(0.,1.),.PIECEWISE_BEZIER_KNOTS.);
#197 = CARTESIAN_POINT('',(-50.,-340.,410.));
#198 = CARTESIAN_POINT('',(-50.,-340.,600.));
#199 = PCURVE('',#32,#200);
#200 = DEFINITIONAL_REPRESENTATION('',(#201),#204);
#201 = B_SPLINE_CURVE_WITH_KNOTS('',1,(#202,#203),.UNSPECIFIED.,.F.,.F.,
  (2,2),(0.,1.),.PIECEWISE_BEZIER_KNOTS.);
#202 = CARTESIAN_POINT('',(410.,-60.));
#203 = CARTESIAN_POINT('',(600.,-60.));
#204 = ( GEOMETRIC_REPRESENTATION_CONTEXT(2) 
PARAMETRIC_REPRESENTATION_CONTEXT() REPRESENTATION_CONTEXT('2D SPACE',''
  ) );
#205 = PCURVE('',#206,#211);
#206 = B_SPLINE_SURFACE_WITH_KNOTS('',1,1,(
    (#207,#208)
    ,(#209,#210
    )),.UNSPECIFIED.,.F.,.F.,.F.,(2,2),(2,2),(0.,200.),(0.,1.),
  .PIECEWISE_BEZIER_KNOTS.);
#207 = CARTESIAN_POINT('',(-40.,-350.,600.));
#208 = CARTESIAN_POINT('',(-200.,-190.,600.));
#209 = CARTESIAN_POINT('',(-40.,-350.,400.));
#210 = CARTESIAN_POINT('',(-200.,-190.,560.));
#211 = DEFINITIONAL_REPRESENTATION('',(#212),#215);
#212 = B_SPLINE_CURVE_WITH_KNOTS('',1,(#213,#214),.UNSPECIFIED.,.F.,.F.,
  (2,2),(0.,1.),.PIECEWISE_BEZIER_KNOTS.);
#213 = CARTESIAN_POINT('',(200.,6.25E-02));
#214 = CARTESIAN_POINT('',(0.,6.25E-02));
#215 = ( GEOMETRIC_REPRESENTATION_CONTEXT(2) 
PARAMETRIC_REPRESENTATION_CONTEXT() REPRESENTATION_CONTEXT('2D SPACE',''
  ) );
#216 = ORIENTED_EDGE('',*,*,#217,.T.);
#217 = EDGE_CURVE('',#193,#141,#218,.T.);
#218 = SURFACE_CURVE('',#219,(#222,#228),.PCURVE_S1.);
#219 = B_SPLINE_CURVE_WITH_KNOTS('',1,(#220,#221),.UNSPECIFIED.,.F.,.F.,
  (2,2),(0.,1.),.PIECEWISE_BEZIER_KNOTS.);
#220 = CARTESIAN_POINT('',(-50.,-340.,600.));
#221 = CARTESIAN_POINT('',(-50.,340.,600.));
#222 = PCURVE('',#32,#223);
#223 = DEFINITIONAL_REPRESENTATION('',(#224),#227);
#224 = B_SPLINE_CURVE_WITH_KNOTS('',1,(#225,#226),.UNSPECIFIED.,.F.,.F.,
  (2,2),(0.,1.),.PIECEWISE_BEZIER_KNOTS.);
#225 = CARTESIAN_POINT('',(600.,-60.));
#226 = CARTESIAN_POINT('',(600.,-740.));
#227 = ( GEOMETRIC_REPRESENTATION_CONTEXT(2) 
PARAMETRIC_REPRESENTATION_CONTEXT() REPRESENTATION_CONTEXT('2D SPACE',''
  ) );
#228 = PCURVE('',#229,#234);
#229 = B_SPLINE_SURFACE_WITH_KNOTS('',1,1,(
    (#230,#231)
    ,(#232,#233
    )),.UNSPECIFIED.,.F.,.F.,.F.,(2,2),(2,2),(0.,700.),(0.,1.),
  .PIECEWISE_BEZIER_KNOTS.);
#230 = CARTESIAN_POINT('',(-40.,350.,600.));
#231 = CARTESIAN_POINT('',(-200.,190.,600.));
#232 = CARTESIAN_POINT('',(-40.,-350.,600.));
#233 = CARTESIAN_POINT('',(-200.,-190.,600.));
#234 = DEFINITIONAL_REPRESENTATION('',(#235),#238);
#235 = B_SPLINE_CURVE_WITH_KNOTS('',1,(#236,#237),.UNSPECIFIED.,.F.,.F.,
  (2,2),(0.,1.),.PIECEWISE_BEZIER_KNOTS.);
#236 = CARTESIAN_POINT('',(700.,6.25E-02));
#237 = CARTESIAN_POINT('',(0.,6.25E-02));
#238 = ( GEOMETRIC_REPRESENTATION_CONTEXT(2) 
PARAMETRIC_REPRESENTATION_CONTEXT() REPRESENTATION_CONTEXT('2D SPACE',''
  ) );
#239 = ADVANCED_FACE('',(#240),#44,.F.);
#240 = FACE_BOUND('',#241,.F.);
#241 = EDGE_LOOP('',(#242,#272,#293,#294,#317,#345));
#242 = ORIENTED_EDGE('',*,*,#243,.F.);
#243 = EDGE_CURVE('',#244,#246,#248,.T.);
#244 = VERTEX_POINT('',#245);
#245 = CARTESIAN_POINT('',(50.,-400.,0.));
#246 = VERTEX_POINT('',#247);
#247 = CARTESIAN_POINT('',(50.,-400.,640.));
#248 = SURFACE_CURVE('',#249,(#253,#260),.PCURVE_S1.);
#249 = LINE('',#250,#251);
#250 = CARTESIAN_POINT('',(50.,-400.,0.));
#251 = VECTOR('',#252,1.);
#252 = DIRECTION('',(0.,0.,1.));
#253 = PCURVE('',#44,#254);
#254 = DEFINITIONAL_REPRESENTATION('',(#255),#259);
#255 = LINE('',#256,#257);
#256 = CARTESIAN_POINT('',(0.,100.));
#257 = VECTOR('',#258,1.);
#258 = DIRECTION('',(1.,0.));
#259 = ( GEOMETRIC_REPRESENTATION_CONTEXT(2) 
PARAMETRIC_REPRESENTATION_CONTEXT() REPRESENTATION_CONTEXT('2D SPACE',''
  ) );
#260 = PCURVE('',#261,#266);
#261 = PLANE('',#262);
#262 = AXIS2_PLACEMENT_3D('',#263,#264,#265);
#263 = CARTESIAN_POINT('',(50.,-400.,0.));
#264 = DIRECTION('',(1.,0.,0.));
#265 = DIRECTION('',(0.,0.,1.));
#266 = DEFINITIONAL_REPRESENTATION('',(#267),#271);
#267 = LINE('',#268,#269);
#268 = CARTESIAN_POINT('',(0.,0.));
#269 = VECTOR('',#270,1.);
#270 = DIRECTION('',(1.,0.));
#271 = ( GEOMETRIC_REPRESENTATION_CONTEXT(2) 
PARAMETRIC_REPRESENTATION_CONTEXT() REPRESENTATION_CONTEXT('2D SPACE',''
  ) );
#272 = ORIENTED_EDGE('',*,*,#273,.F.);
#273 = EDGE_CURVE('',#22,#244,#274,.T.);
#274 = SURFACE_CURVE('',#275,(#279,#286),.PCURVE_S1.);
#275 = LINE('',#276,#277);
#276 = CARTESIAN_POINT('',(-50.,-400.,0.));
#277 = VECTOR('',#278,1.);
#278 = DIRECTION('',(1.,0.,0.));
#279 = PCURVE('',#44,#280);
#280 = DEFINITIONAL_REPRESENTATION('',(#281),#285);
#281 = LINE('',#282,#283);
#282 = CARTESIAN_POINT('',(0.,0.));
#283 = VECTOR('',#284,1.);
#284 = DIRECTION('',(0.,1.));
#285 = ( GEOMETRIC_REPRESENTATION_CONTEXT(2) 
PARAMETRIC_REPRESENTATION_CONTEXT() REPRESENTATION_CONTEXT('2D SPACE',''
  ) );
#286 = PCURVE('',#72,#287);
#287 = DEFINITIONAL_REPRESENTATION('',(#288),#292);
#288 = LINE('',#289,#290);
#289 = CARTESIAN_POINT('',(0.,0.));
#290 = VECTOR('',#291,1.);
#291 = DIRECTION('',(1.,0.));
#292 = ( GEOMETRIC_REPRESENTATION_CONTEXT(2) 
PARAMETRIC_REPRESENTATION_CONTEXT() REPRESENTATION_CONTEXT('2D SPACE',''
  ) );
#293 = ORIENTED_EDGE('',*,*,#21,.T.);
#294 = ORIENTED_EDGE('',*,*,#295,.T.);
#295 = EDGE_CURVE('',#24,#296,#298,.T.);
#296 = VERTEX_POINT('',#297);
#297 = CARTESIAN_POINT('',(-40.,-400.,650.));
#298 = SURFACE_CURVE('',#299,(#303,#310),.PCURVE_S1.);
#299 = LINE('',#300,#301);
#300 = CARTESIAN_POINT('',(-207.5,-400.,482.5));
#301 = VECTOR('',#302,1.);
#302 = DIRECTION('',(0.707106781187,-0.,0.707106781187));
#303 = PCURVE('',#44,#304);
#304 = DEFINITIONAL_REPRESENTATION('',(#305),#309);
#305 = LINE('',#306,#307);
#306 = CARTESIAN_POINT('',(482.5,-157.5));
#307 = VECTOR('',#308,1.);
#308 = DIRECTION('',(0.707106781187,0.707106781187));
#309 = ( GEOMETRIC_REPRESENTATION_CONTEXT(2) 
PARAMETRIC_REPRESENTATION_CONTEXT() REPRESENTATION_CONTEXT('2D SPACE',''
  ) );
#310 = PCURVE('',#126,#311);
#311 = DEFINITIONAL_REPRESENTATION('',(#312),#316);
#312 = LINE('',#313,#314);
#313 = CARTESIAN_POINT('',(2.195560136601E-31,-229.8097038856));
#314 = VECTOR('',#315,1.);
#315 = DIRECTION('',(-2.782972562895E-34,1.));
#316 = ( GEOMETRIC_REPRESENTATION_CONTEXT(2) 
PARAMETRIC_REPRESENTATION_CONTEXT() REPRESENTATION_CONTEXT('2D SPACE',''
  ) );
#317 = ORIENTED_EDGE('',*,*,#318,.T.);
#318 = EDGE_CURVE('',#296,#319,#321,.T.);
#319 = VERTEX_POINT('',#320);
#320 = CARTESIAN_POINT('',(40.,-400.,650.));
#321 = SURFACE_CURVE('',#322,(#326,#333),.PCURVE_S1.);
#322 = LINE('',#323,#324);
#323 = CARTESIAN_POINT('',(-50.,-400.,650.));
#324 = VECTOR('',#325,1.);
#325 = DIRECTION('',(1.,0.,0.));
#326 = PCURVE('',#44,#327);
#327 = DEFINITIONAL_REPRESENTATION('',(#328),#332);
#328 = LINE('',#329,#330);
#329 = CARTESIAN_POINT('',(650.,0.));
#330 = VECTOR('',#331,1.);
#331 = DIRECTION('',(0.,1.));
#332 = ( GEOMETRIC_REPRESENTATION_CONTEXT(2) 
PARAMETRIC_REPRESENTATION_CONTEXT() REPRESENTATION_CONTEXT('2D SPACE',''
  ) );
#333 = PCURVE('',#334,#339);
#334 = PLANE('',#335);
#335 = AXIS2_PLACEMENT_3D('',#336,#337,#338);
#336 = CARTESIAN_POINT('',(-50.,-400.,650.));
#337 = DIRECTION('',(0.,0.,1.));
#338 = DIRECTION('',(1.,0.,0.));
#339 = DEFINITIONAL_REPRESENTATION('',(#340),#344);
#340 = LINE('',#341,#342);
#341 = CARTESIAN_POINT('',(0.,0.));
#342 = VECTOR('',#343,1.);
#343 = DIRECTION('',(1.,0.));
#344 = ( GEOMETRIC_REPRESENTATION_CONTEXT(2) 
PARAMETRIC_REPRESENTATION_CONTEXT() REPRESENTATION_CONTEXT('2D SPACE',''
  ) );
#345 = ORIENTED_EDGE('',*,*,#346,.F.);
#346 = EDGE_CURVE('',#246,#319,#347,.T.);
#347 = SURFACE_CURVE('',#348,(#352,#359),.PCURVE_S1.);
#348 = LINE('',#349,#350);
#349 = CARTESIAN_POINT('',(182.5,-400.,507.5));
#350 = VECTOR('',#351,1.);
#351 = DIRECTION('',(-0.707106781187,0.,0.707106781187));
#352 = PCURVE('',#44,#353);
#353 = DEFINITIONAL_REPRESENTATION('',(#354),#358);
#354 = LINE('',#355,#356);
#355 = CARTESIAN_POINT('',(507.5,232.5));
#356 = VECTOR('',#357,1.);
#357 = DIRECTION('',(0.707106781187,-0.707106781187));
#358 = ( GEOMETRIC_REPRESENTATION_CONTEXT(2) 
PARAMETRIC_REPRESENTATION_CONTEXT() REPRESENTATION_CONTEXT('2D SPACE',''
  ) );
#359 = PCURVE('',#360,#365);
#360 = PLANE('',#361);
#361 = AXIS2_PLACEMENT_3D('',#362,#363,#364);
#362 = CARTESIAN_POINT('',(45.,-400.,645.));
#363 = DIRECTION('',(0.707106781187,9.001951046195E-18,0.707106781187));
#364 = DIRECTION('',(-6.365340628674E-18,1.,-6.365340628674E-18));
#365 = DEFINITIONAL_REPRESENTATION('',(#366),#370);
#366 = LINE('',#367,#368);
#367 = CARTESIAN_POINT('',(7.524063162692E-31,-194.4543648263));
#368 = VECTOR('',#369,1.);
#369 = DIRECTION('',(-2.782972562895E-34,1.));
#370 = ( GEOMETRIC_REPRESENTATION_CONTEXT(2) 
PARAMETRIC_REPRESENTATION_CONTEXT() REPRESENTATION_CONTEXT('2D SPACE',''
  ) );
#371 = ADVANCED_FACE('',(#372),#126,.F.);
#372 = FACE_BOUND('',#373,.F.);
#373 = EDGE_LOOP('',(#374,#375,#376,#399));
#374 = ORIENTED_EDGE('',*,*,#295,.F.);
#375 = ORIENTED_EDGE('',*,*,#112,.T.);
#376 = ORIENTED_EDGE('',*,*,#377,.T.);
#377 = EDGE_CURVE('',#85,#378,#380,.T.);
#378 = VERTEX_POINT('',#379);
#379 = CARTESIAN_POINT('',(-40.,400.,650.));
#380 = SURFACE_CURVE('',#381,(#385,#392),.PCURVE_S1.);
#381 = LINE('',#382,#383);
#382 = CARTESIAN_POINT('',(-207.5,400.,482.5));
#383 = VECTOR('',#384,1.);
#384 = DIRECTION('',(0.707106781187,-0.,0.707106781187));
#385 = PCURVE('',#126,#386);
#386 = DEFINITIONAL_REPRESENTATION('',(#387),#391);
#387 = LINE('',#388,#389);
#388 = CARTESIAN_POINT('',(800.,-229.8097038856));
#389 = VECTOR('',#390,1.);
#390 = DIRECTION('',(-2.782972562895E-34,1.));
#391 = ( GEOMETRIC_REPRESENTATION_CONTEXT(2) 
PARAMETRIC_REPRESENTATION_CONTEXT() REPRESENTATION_CONTEXT('2D SPACE',''
  ) );
#392 = PCURVE('',#100,#393);
#393 = DEFINITIONAL_REPRESENTATION('',(#394),#398);
#394 = LINE('',#395,#396);
#395 = CARTESIAN_POINT('',(482.5,-157.5));
#396 = VECTOR('',#397,1.);
#397 = DIRECTION('',(0.707106781187,0.707106781187));
#398 = ( GEOMETRIC_REPRESENTATION_CONTEXT(2) 
PARAMETRIC_REPRESENTATION_CONTEXT() REPRESENTATION_CONTEXT('2D SPACE',''
  ) );
#399 = ORIENTED_EDGE('',*,*,#400,.F.);
#400 = EDGE_CURVE('',#296,#378,#401,.T.);
#401 = SURFACE_CURVE('',#402,(#406,#413),.PCURVE_S1.);
#402 = LINE('',#403,#404);
#403 = CARTESIAN_POINT('',(-40.,-400.,650.));
#404 = VECTOR('',#405,1.);
#405 = DIRECTION('',(0.,1.,0.));
#406 = PCURVE('',#126,#407);
#407 = DEFINITIONAL_REPRESENTATION('',(#408),#412);
#408 = LINE('',#409,#410);
#409 = CARTESIAN_POINT('',(0.,7.071067811865));
#410 = VECTOR('',#411,1.);
#411 = DIRECTION('',(1.,0.));
#412 = ( GEOMETRIC_REPRESENTATION_CONTEXT(2) 
PARAMETRIC_REPRESENTATION_CONTEXT() REPRESENTATION_CONTEXT('2D SPACE',''
  ) );
#413 = PCURVE('',#334,#414);
#414 = DEFINITIONAL_REPRESENTATION('',(#415),#419);
#415 = LINE('',#416,#417);
#416 = CARTESIAN_POINT('',(10.,0.));
#417 = VECTOR('',#418,1.);
#418 = DIRECTION('',(0.,1.));
#419 = ( GEOMETRIC_REPRESENTATION_CONTEXT(2) 
PARAMETRIC_REPRESENTATION_CONTEXT() REPRESENTATION_CONTEXT('2D SPACE',''
  ) );
#420 = ADVANCED_FACE('',(#421),#72,.F.);
#421 = FACE_BOUND('',#422,.F.);
#422 = EDGE_LOOP('',(#423,#424,#425,#448));
#423 = ORIENTED_EDGE('',*,*,#56,.F.);
#424 = ORIENTED_EDGE('',*,*,#273,.T.);
#425 = ORIENTED_EDGE('',*,*,#426,.T.);
#426 = EDGE_CURVE('',#244,#427,#429,.T.);
#427 = VERTEX_POINT('',#428);
#428 = CARTESIAN_POINT('',(50.,400.,0.));
#429 = SURFACE_CURVE('',#430,(#434,#441),.PCURVE_S1.);
#430 = LINE('',#431,#432);
#431 = CARTESIAN_POINT('',(50.,-400.,0.));
#432 = VECTOR('',#433,1.);
#433 = DIRECTION('',(0.,1.,0.));
#434 = PCURVE('',#72,#435);
#435 = DEFINITIONAL_REPRESENTATION('',(#436),#440);
#436 = LINE('',#437,#438);
#437 = CARTESIAN_POINT('',(100.,0.));
#438 = VECTOR('',#439,1.);
#439 = DIRECTION('',(0.,1.));
#440 = ( GEOMETRIC_REPRESENTATION_CONTEXT(2) 
PARAMETRIC_REPRESENTATION_CONTEXT() REPRESENTATION_CONTEXT('2D SPACE',''
  ) );
#441 = PCURVE('',#261,#442);
#442 = DEFINITIONAL_REPRESENTATION('',(#443),#447);
#443 = LINE('',#444,#445);
#444 = CARTESIAN_POINT('',(0.,0.));
#445 = VECTOR('',#446,1.);
#446 = DIRECTION('',(0.,-1.));
#447 = ( GEOMETRIC_REPRESENTATION_CONTEXT(2) 
PARAMETRIC_REPRESENTATION_CONTEXT() REPRESENTATION_CONTEXT('2D SPACE',''
  ) );
#448 = ORIENTED_EDGE('',*,*,#449,.F.);
#449 = EDGE_CURVE('',#57,#427,#450,.T.);
#450 = SURFACE_CURVE('',#451,(#455,#462),.PCURVE_S1.);
#451 = LINE('',#452,#453);
#452 = CARTESIAN_POINT('',(-50.,400.,0.));
#453 = VECTOR('',#454,1.);
#454 = DIRECTION('',(1.,0.,0.));
#455 = PCURVE('',#72,#456);
#456 = DEFINITIONAL_REPRESENTATION('',(#457),#461);
#457 = LINE('',#458,#459);
#458 = CARTESIAN_POINT('',(0.,800.));
#459 = VECTOR('',#460,1.);
#460 = DIRECTION('',(1.,0.));
#461 = ( GEOMETRIC_REPRESENTATION_CONTEXT(2) 
PARAMETRIC_REPRESENTATION_CONTEXT() REPRESENTATION_CONTEXT('2D SPACE',''
  ) );
#462 = PCURVE('',#100,#463);
#463 = DEFINITIONAL_REPRESENTATION('',(#464),#468);
#464 = LINE('',#465,#466);
#465 = CARTESIAN_POINT('',(0.,0.));
#466 = VECTOR('',#467,1.);
#467 = DIRECTION('',(0.,1.));
#468 = ( GEOMETRIC_REPRESENTATION_CONTEXT(2) 
PARAMETRIC_REPRESENTATION_CONTEXT() REPRESENTATION_CONTEXT('2D SPACE',''
  ) );
#469 = ADVANCED_FACE('',(#470),#100,.T.);
#470 = FACE_BOUND('',#471,.T.);
#471 = EDGE_LOOP('',(#472,#495,#496,#497,#498,#521));
#472 = ORIENTED_EDGE('',*,*,#473,.F.);
#473 = EDGE_CURVE('',#427,#474,#476,.T.);
#474 = VERTEX_POINT('',#475);
#475 = CARTESIAN_POINT('',(50.,400.,640.));
#476 = SURFACE_CURVE('',#477,(#481,#488),.PCURVE_S1.);
#477 = LINE('',#478,#479);
#478 = CARTESIAN_POINT('',(50.,400.,0.));
#479 = VECTOR('',#480,1.);
#480 = DIRECTION('',(0.,0.,1.));
#481 = PCURVE('',#100,#482);
#482 = DEFINITIONAL_REPRESENTATION('',(#483),#487);
#483 = LINE('',#484,#485);
#484 = CARTESIAN_POINT('',(0.,100.));
#485 = VECTOR('',#486,1.);
#486 = DIRECTION('',(1.,0.));
#487 = ( GEOMETRIC_REPRESENTATION_CONTEXT(2) 
PARAMETRIC_REPRESENTATION_CONTEXT() REPRESENTATION_CONTEXT('2D SPACE',''
  ) );
#488 = PCURVE('',#261,#489);
#489 = DEFINITIONAL_REPRESENTATION('',(#490),#494);
#490 = LINE('',#491,#492);
#491 = CARTESIAN_POINT('',(0.,-800.));
#492 = VECTOR('',#493,1.);
#493 = DIRECTION('',(1.,0.));
#494 = ( GEOMETRIC_REPRESENTATION_CONTEXT(2) 
PARAMETRIC_REPRESENTATION_CONTEXT() REPRESENTATION_CONTEXT('2D SPACE',''
  ) );
#495 = ORIENTED_EDGE('',*,*,#449,.F.);
#496 = ORIENTED_EDGE('',*,*,#84,.T.);
#497 = ORIENTED_EDGE('',*,*,#377,.T.);
#498 = ORIENTED_EDGE('',*,*,#499,.T.);
#499 = EDGE_CURVE('',#378,#500,#502,.T.);
#500 = VERTEX_POINT('',#501);
#501 = CARTESIAN_POINT('',(40.,400.,650.));
#502 = SURFACE_CURVE('',#503,(#507,#514),.PCURVE_S1.);
#503 = LINE('',#504,#505);
#504 = CARTESIAN_POINT('',(-50.,400.,650.));
#505 = VECTOR('',#506,1.);
#506 = DIRECTION('',(1.,0.,0.));
#507 = PCURVE('',#100,#508);
#508 = DEFINITIONAL_REPRESENTATION('',(#509),#513);
#509 = LINE('',#510,#511);
#510 = CARTESIAN_POINT('',(650.,0.));
#511 = VECTOR('',#512,1.);
#512 = DIRECTION('',(0.,1.));
#513 = ( GEOMETRIC_REPRESENTATION_CONTEXT(2) 
PARAMETRIC_REPRESENTATION_CONTEXT() REPRESENTATION_CONTEXT('2D SPACE',''
  ) );
#514 = PCURVE('',#334,#515);
#515 = DEFINITIONAL_REPRESENTATION('',(#516),#520);
#516 = LINE('',#517,#518);
#517 = CARTESIAN_POINT('',(0.,800.));
#518 = VECTOR('',#519,1.);
#519 = DIRECTION('',(1.,0.));
#520 = ( GEOMETRIC_REPRESENTATION_CONTEXT(2) 
PARAMETRIC_REPRESENTATION_CONTEXT() REPRESENTATION_CONTEXT('2D SPACE',''
  ) );
#521 = ORIENTED_EDGE('',*,*,#522,.F.);
#522 = EDGE_CURVE('',#474,#500,#523,.T.);
#523 = SURFACE_CURVE('',#524,(#528,#535),.PCURVE_S1.);
#524 = LINE('',#525,#526);
#525 = CARTESIAN_POINT('',(182.5,400.,507.5));
#526 = VECTOR('',#527,1.);
#527 = DIRECTION('',(-0.707106781187,0.,0.707106781187));
#528 = PCURVE('',#100,#529);
#529 = DEFINITIONAL_REPRESENTATION('',(#530),#534);
#530 = LINE('',#531,#532);
#531 = CARTESIAN_POINT('',(507.5,232.5));
#532 = VECTOR('',#533,1.);
#533 = DIRECTION('',(0.707106781187,-0.707106781187));
#534 = ( GEOMETRIC_REPRESENTATION_CONTEXT(2) 
PARAMETRIC_REPRESENTATION_CONTEXT() REPRESENTATION_CONTEXT('2D SPACE',''
  ) );
#535 = PCURVE('',#360,#536);
#536 = DEFINITIONAL_REPRESENTATION('',(#537),#541);
#537 = LINE('',#538,#539);
#538 = CARTESIAN_POINT('',(800.,-194.4543648263));
#539 = VECTOR('',#540,1.);
#540 = DIRECTION('',(-2.782972562895E-34,1.));
#541 = ( GEOMETRIC_REPRESENTATION_CONTEXT(2) 
PARAMETRIC_REPRESENTATION_CONTEXT() REPRESENTATION_CONTEXT('2D SPACE',''
  ) );
#542 = ADVANCED_FACE('',(#543),#156,.F.);
#543 = FACE_BOUND('',#544,.F.);
#544 = EDGE_LOOP('',(#545,#567,#568,#590));
#545 = ORIENTED_EDGE('',*,*,#546,.F.);
#546 = EDGE_CURVE('',#143,#547,#549,.T.);
#547 = VERTEX_POINT('',#548);
#548 = CARTESIAN_POINT('',(-200.,190.,560.));
#549 = SURFACE_CURVE('',#550,(#553,#560),.PCURVE_S1.);
#550 = B_SPLINE_CURVE_WITH_KNOTS('',1,(#551,#552),.UNSPECIFIED.,.F.,.F.,
  (2,2),(0.,1.),.PIECEWISE_BEZIER_KNOTS.);
#551 = CARTESIAN_POINT('',(-40.,350.,400.));
#552 = CARTESIAN_POINT('',(-200.,190.,560.));
#553 = PCURVE('',#156,#554);
#554 = DEFINITIONAL_REPRESENTATION('',(#555),#559);
#555 = LINE('',#556,#557);
#556 = CARTESIAN_POINT('',(0.,0.));
#557 = VECTOR('',#558,1.);
#558 = DIRECTION('',(0.,1.));
#559 = ( GEOMETRIC_REPRESENTATION_CONTEXT(2) 
PARAMETRIC_REPRESENTATION_CONTEXT() REPRESENTATION_CONTEXT('2D SPACE',''
  ) );
#560 = PCURVE('',#181,#561);
#561 = DEFINITIONAL_REPRESENTATION('',(#562),#566);
#562 = LINE('',#563,#564);
#563 = CARTESIAN_POINT('',(700.,0.));
#564 = VECTOR('',#565,1.);
#565 = DIRECTION('',(0.,1.));
#566 = ( GEOMETRIC_REPRESENTATION_CONTEXT(2) 
PARAMETRIC_REPRESENTATION_CONTEXT() REPRESENTATION_CONTEXT('2D SPACE',''
  ) );
#567 = ORIENTED_EDGE('',*,*,#140,.F.);
#568 = ORIENTED_EDGE('',*,*,#569,.T.);
#569 = EDGE_CURVE('',#141,#570,#572,.T.);
#570 = VERTEX_POINT('',#571);
#571 = CARTESIAN_POINT('',(-200.,190.,600.));
#572 = SURFACE_CURVE('',#573,(#576,#583),.PCURVE_S1.);
#573 = B_SPLINE_CURVE_WITH_KNOTS('',1,(#574,#575),.UNSPECIFIED.,.F.,.F.,
  (2,2),(0.,1.),.PIECEWISE_BEZIER_KNOTS.);
#574 = CARTESIAN_POINT('',(-40.,350.,600.));
#575 = CARTESIAN_POINT('',(-200.,190.,600.));
#576 = PCURVE('',#156,#577);
#577 = DEFINITIONAL_REPRESENTATION('',(#578),#582);
#578 = LINE('',#579,#580);
#579 = CARTESIAN_POINT('',(200.,0.));
#580 = VECTOR('',#581,1.);
#581 = DIRECTION('',(0.,1.));
#582 = ( GEOMETRIC_REPRESENTATION_CONTEXT(2) 
PARAMETRIC_REPRESENTATION_CONTEXT() REPRESENTATION_CONTEXT('2D SPACE',''
  ) );
#583 = PCURVE('',#229,#584);
#584 = DEFINITIONAL_REPRESENTATION('',(#585),#589);
#585 = LINE('',#586,#587);
#586 = CARTESIAN_POINT('',(0.,0.));
#587 = VECTOR('',#588,1.);
#588 = DIRECTION('',(0.,1.));
#589 = ( GEOMETRIC_REPRESENTATION_CONTEXT(2) 
PARAMETRIC_REPRESENTATION_CONTEXT() REPRESENTATION_CONTEXT('2D SPACE',''
  ) );
#590 = ORIENTED_EDGE('',*,*,#591,.F.);
#591 = EDGE_CURVE('',#547,#570,#592,.T.);
#592 = SURFACE_CURVE('',#593,(#597,#603),.PCURVE_S1.);
#593 = LINE('',#594,#595);
#594 = CARTESIAN_POINT('',(-200.,190.,560.));
#595 = VECTOR('',#596,1.);
#596 = DIRECTION('',(0.,0.,1.));
#597 = PCURVE('',#156,#598);
#598 = DEFINITIONAL_REPRESENTATION('',(#599),#602);
#599 = B_SPLINE_CURVE_WITH_KNOTS('',1,(#600,#601),.UNSPECIFIED.,.F.,.F.,
  (2,2),(0.,40.),.PIECEWISE_BEZIER_KNOTS.);
#600 = CARTESIAN_POINT('',(0.,1.));
#601 = CARTESIAN_POINT('',(200.,1.));
#602 = ( GEOMETRIC_REPRESENTATION_CONTEXT(2) 
PARAMETRIC_REPRESENTATION_CONTEXT() REPRESENTATION_CONTEXT('2D SPACE',''
  ) );
#603 = PCURVE('',#604,#609);
#604 = PLANE('',#605);
#605 = AXIS2_PLACEMENT_3D('',#606,#607,#608);
#606 = CARTESIAN_POINT('',(-200.,-190.,560.));
#607 = DIRECTION('',(-1.,0.,0.));
#608 = DIRECTION('',(0.,0.994505452921,0.104684784518));
#609 = DEFINITIONAL_REPRESENTATION('',(#610),#614);
#610 = LINE('',#611,#612);
#611 = CARTESIAN_POINT('',(377.91207211013,39.780218116856));
#612 = VECTOR('',#613,1.);
#613 = DIRECTION('',(0.104684784518,-0.994505452921));
#614 = ( GEOMETRIC_REPRESENTATION_CONTEXT(2) 
PARAMETRIC_REPRESENTATION_CONTEXT() REPRESENTATION_CONTEXT('2D SPACE',''
  ) );
#615 = ADVANCED_FACE('',(#616),#229,.F.);
#616 = FACE_BOUND('',#617,.F.);
#617 = EDGE_LOOP('',(#618,#619,#620,#642));
#618 = ORIENTED_EDGE('',*,*,#569,.F.);
#619 = ORIENTED_EDGE('',*,*,#217,.F.);
#620 = ORIENTED_EDGE('',*,*,#621,.T.);
#621 = EDGE_CURVE('',#193,#622,#624,.T.);
#622 = VERTEX_POINT('',#623);
#623 = CARTESIAN_POINT('',(-200.,-190.,600.));
#624 = SURFACE_CURVE('',#625,(#628,#635),.PCURVE_S1.);
#625 = B_SPLINE_CURVE_WITH_KNOTS('',1,(#626,#627),.UNSPECIFIED.,.F.,.F.,
  (2,2),(0.,1.),.PIECEWISE_BEZIER_KNOTS.);
#626 = CARTESIAN_POINT('',(-40.,-350.,600.));
#627 = CARTESIAN_POINT('',(-200.,-190.,600.));
#628 = PCURVE('',#229,#629);
#629 = DEFINITIONAL_REPRESENTATION('',(#630),#634);
#630 = LINE('',#631,#632);
#631 = CARTESIAN_POINT('',(700.,0.));
#632 = VECTOR('',#633,1.);
#633 = DIRECTION('',(0.,1.));
#634 = ( GEOMETRIC_REPRESENTATION_CONTEXT(2) 
PARAMETRIC_REPRESENTATION_CONTEXT() REPRESENTATION_CONTEXT('2D SPACE',''
  ) );
#635 = PCURVE('',#206,#636);
#636 = DEFINITIONAL_REPRESENTATION('',(#637),#641);
#637 = LINE('',#638,#639);
#638 = CARTESIAN_POINT('',(0.,0.));
#639 = VECTOR('',#640,1.);
#640 = DIRECTION('',(0.,1.));
#641 = ( GEOMETRIC_REPRESENTATION_CONTEXT(2) 
PARAMETRIC_REPRESENTATION_CONTEXT() REPRESENTATION_CONTEXT('2D SPACE',''
  ) );
#642 = ORIENTED_EDGE('',*,*,#643,.F.);
#643 = EDGE_CURVE('',#570,#622,#644,.T.);
#644 = SURFACE_CURVE('',#645,(#649,#655),.PCURVE_S1.);
#645 = LINE('',#646,#647);
#646 = CARTESIAN_POINT('',(-200.,190.,600.));
#647 = VECTOR('',#648,1.);
#648 = DIRECTION('',(0.,-1.,0.));
#649 = PCURVE('',#229,#650);
#650 = DEFINITIONAL_REPRESENTATION('',(#651),#654);
#651 = B_SPLINE_CURVE_WITH_KNOTS('',1,(#652,#653),.UNSPECIFIED.,.F.,.F.,
  (2,2),(0.,380.),.PIECEWISE_BEZIER_KNOTS.);
#652 = CARTESIAN_POINT('',(0.,1.));
#653 = CARTESIAN_POINT('',(700.,1.));
#654 = ( GEOMETRIC_REPRESENTATION_CONTEXT(2) 
PARAMETRIC_REPRESENTATION_CONTEXT() REPRESENTATION_CONTEXT('2D SPACE',''
  ) );
#655 = PCURVE('',#604,#656);
#656 = DEFINITIONAL_REPRESENTATION('',(#657),#661);
#657 = LINE('',#658,#659);
#658 = CARTESIAN_POINT('',(382.09946349085,1.7763568394E-15));
#659 = VECTOR('',#660,1.);
#660 = DIRECTION('',(-0.994505452921,-0.104684784518));
#661 = ( GEOMETRIC_REPRESENTATION_CONTEXT(2) 
PARAMETRIC_REPRESENTATION_CONTEXT() REPRESENTATION_CONTEXT('2D SPACE',''
  ) );
#662 = ADVANCED_FACE('',(#663),#206,.F.);
#663 = FACE_BOUND('',#664,.F.);
#664 = EDGE_LOOP('',(#665,#666,#667,#689));
#665 = ORIENTED_EDGE('',*,*,#621,.F.);
#666 = ORIENTED_EDGE('',*,*,#192,.F.);
#667 = ORIENTED_EDGE('',*,*,#668,.T.);
#668 = EDGE_CURVE('',#168,#669,#671,.T.);
#669 = VERTEX_POINT('',#670);
#670 = CARTESIAN_POINT('',(-200.,-190.,560.));
#671 = SURFACE_CURVE('',#672,(#675,#682),.PCURVE_S1.);
#672 = B_SPLINE_CURVE_WITH_KNOTS('',1,(#673,#674),.UNSPECIFIED.,.F.,.F.,
  (2,2),(0.,1.),.PIECEWISE_BEZIER_KNOTS.);
#673 = CARTESIAN_POINT('',(-40.,-350.,400.));
#674 = CARTESIAN_POINT('',(-200.,-190.,560.));
#675 = PCURVE('',#206,#676);
#676 = DEFINITIONAL_REPRESENTATION('',(#677),#681);
#677 = LINE('',#678,#679);
#678 = CARTESIAN_POINT('',(200.,0.));
#679 = VECTOR('',#680,1.);
#680 = DIRECTION('',(0.,1.));
#681 = ( GEOMETRIC_REPRESENTATION_CONTEXT(2) 
PARAMETRIC_REPRESENTATION_CONTEXT() REPRESENTATION_CONTEXT('2D SPACE',''
  ) );
#682 = PCURVE('',#181,#683);
#683 = DEFINITIONAL_REPRESENTATION('',(#684),#688);
#684 = LINE('',#685,#686);
#685 = CARTESIAN_POINT('',(0.,0.));
#686 = VECTOR('',#687,1.);
#687 = DIRECTION('',(0.,1.));
#688 = ( GEOMETRIC_REPRESENTATION_CONTEXT(2) 
PARAMETRIC_REPRESENTATION_CONTEXT() REPRESENTATION_CONTEXT('2D SPACE',''
  ) );
#689 = ORIENTED_EDGE('',*,*,#690,.F.);
#690 = EDGE_CURVE('',#622,#669,#691,.T.);
#691 = SURFACE_CURVE('',#692,(#696,#702),.PCURVE_S1.);
#692 = LINE('',#693,#694);
#693 = CARTESIAN_POINT('',(-200.,-190.,600.));
#694 = VECTOR('',#695,1.);
#695 = DIRECTION('',(0.,0.,-1.));
#696 = PCURVE('',#206,#697);
#697 = DEFINITIONAL_REPRESENTATION('',(#698),#701);
#698 = B_SPLINE_CURVE_WITH_KNOTS('',1,(#699,#700),.UNSPECIFIED.,.F.,.F.,
  (2,2),(0.,40.),.PIECEWISE_BEZIER_KNOTS.);
#699 = CARTESIAN_POINT('',(0.,1.));
#700 = CARTESIAN_POINT('',(200.,1.));
#701 = ( GEOMETRIC_REPRESENTATION_CONTEXT(2) 
PARAMETRIC_REPRESENTATION_CONTEXT() REPRESENTATION_CONTEXT('2D SPACE',''
  ) );
#702 = PCURVE('',#604,#703);
#703 = DEFINITIONAL_REPRESENTATION('',(#704),#708);
#704 = LINE('',#705,#706);
#705 = CARTESIAN_POINT('',(4.187391380722,-39.78021811685));
#706 = VECTOR('',#707,1.);
#707 = DIRECTION('',(-0.104684784518,0.994505452921));
#708 = ( GEOMETRIC_REPRESENTATION_CONTEXT(2) 
PARAMETRIC_REPRESENTATION_CONTEXT() REPRESENTATION_CONTEXT('2D SPACE',''
  ) );
#709 = ADVANCED_FACE('',(#710),#181,.F.);
#710 = FACE_BOUND('',#711,.F.);
#711 = EDGE_LOOP('',(#712,#713,#714,#715));
#712 = ORIENTED_EDGE('',*,*,#668,.F.);
#713 = ORIENTED_EDGE('',*,*,#167,.F.);
#714 = ORIENTED_EDGE('',*,*,#546,.T.);
#715 = ORIENTED_EDGE('',*,*,#716,.F.);
#716 = EDGE_CURVE('',#669,#547,#717,.T.);
#717 = SURFACE_CURVE('',#718,(#722,#728),.PCURVE_S1.);
#718 = LINE('',#719,#720);
#719 = CARTESIAN_POINT('',(-200.,-190.,560.));
#720 = VECTOR('',#721,1.);
#721 = DIRECTION('',(0.,1.,0.));
#722 = PCURVE('',#181,#723);
#723 = DEFINITIONAL_REPRESENTATION('',(#724),#727);
#724 = B_SPLINE_CURVE_WITH_KNOTS('',1,(#725,#726),.UNSPECIFIED.,.F.,.F.,
  (2,2),(0.,380.),.PIECEWISE_BEZIER_KNOTS.);
#725 = CARTESIAN_POINT('',(0.,1.));
#726 = CARTESIAN_POINT('',(700.,1.));
#727 = ( GEOMETRIC_REPRESENTATION_CONTEXT(2) 
PARAMETRIC_REPRESENTATION_CONTEXT() REPRESENTATION_CONTEXT('2D SPACE',''
  ) );
#728 = PCURVE('',#604,#729);
#729 = DEFINITIONAL_REPRESENTATION('',(#730),#734);
#730 = LINE('',#731,#732);
#731 = CARTESIAN_POINT('',(0.,0.));
#732 = VECTOR('',#733,1.);
#733 = DIRECTION('',(0.994505452921,0.104684784518));
#734 = ( GEOMETRIC_REPRESENTATION_CONTEXT(2) 
PARAMETRIC_REPRESENTATION_CONTEXT() REPRESENTATION_CONTEXT('2D SPACE',''
  ) );
#735 = ADVANCED_FACE('',(#736,#762),#261,.T.);
#736 = FACE_BOUND('',#737,.T.);
#737 = EDGE_LOOP('',(#738,#739,#740,#741));
#738 = ORIENTED_EDGE('',*,*,#243,.F.);
#739 = ORIENTED_EDGE('',*,*,#426,.T.);
#740 = ORIENTED_EDGE('',*,*,#473,.T.);
#741 = ORIENTED_EDGE('',*,*,#742,.F.);
#742 = EDGE_CURVE('',#246,#474,#743,.T.);
#743 = SURFACE_CURVE('',#744,(#748,#755),.PCURVE_S1.);
#744 = LINE('',#745,#746);
#745 = CARTESIAN_POINT('',(50.,-400.,640.));
#746 = VECTOR('',#747,1.);
#747 = DIRECTION('',(0.,1.,0.));
#748 = PCURVE('',#261,#749);
#749 = DEFINITIONAL_REPRESENTATION('',(#750),#754);
#750 = LINE('',#751,#752);
#751 = CARTESIAN_POINT('',(640.,0.));
#752 = VECTOR('',#753,1.);
#753 = DIRECTION('',(0.,-1.));
#754 = ( GEOMETRIC_REPRESENTATION_CONTEXT(2) 
PARAMETRIC_REPRESENTATION_CONTEXT() REPRESENTATION_CONTEXT('2D SPACE',''
  ) );
#755 = PCURVE('',#360,#756);
#756 = DEFINITIONAL_REPRESENTATION('',(#757),#761);
#757 = LINE('',#758,#759);
#758 = CARTESIAN_POINT('',(0.,-7.071067811865));
#759 = VECTOR('',#760,1.);
#760 = DIRECTION('',(1.,0.));
#761 = ( GEOMETRIC_REPRESENTATION_CONTEXT(2) 
PARAMETRIC_REPRESENTATION_CONTEXT() REPRESENTATION_CONTEXT('2D SPACE',''
  ) );
#762 = FACE_BOUND('',#763,.T.);
#763 = EDGE_LOOP('',(#764,#792,#818,#844));
#764 = ORIENTED_EDGE('',*,*,#765,.T.);
#765 = EDGE_CURVE('',#766,#768,#770,.T.);
#766 = VERTEX_POINT('',#767);
#767 = CARTESIAN_POINT('',(50.,-30.,500.));
#768 = VERTEX_POINT('',#769);
#769 = CARTESIAN_POINT('',(50.,1.836970198721E-15,530.));
#770 = SURFACE_CURVE('',#771,(#775,#781),.PCURVE_S1.);
#771 = LINE('',#772,#773);
#772 = CARTESIAN_POINT('',(50.,-232.5,297.5));
#773 = VECTOR('',#774,1.);
#774 = DIRECTION('',(-0.,0.707106781187,0.707106781187));
#775 = PCURVE('',#261,#776);
#776 = DEFINITIONAL_REPRESENTATION('',(#777),#780);
#777 = B_SPLINE_CURVE_WITH_KNOTS('',1,(#778,#779),.UNSPECIFIED.,.F.,.F.,
  (2,2),(286.37824638055,328.80465325174),.PIECEWISE_BEZIER_KNOTS.);
#778 = CARTESIAN_POINT('',(500.,-370.));
#779 = CARTESIAN_POINT('',(530.,-400.));
#780 = ( GEOMETRIC_REPRESENTATION_CONTEXT(2) 
PARAMETRIC_REPRESENTATION_CONTEXT() REPRESENTATION_CONTEXT('2D SPACE',''
  ) );
#781 = PCURVE('',#782,#787);
#782 = PLANE('',#783);
#783 = AXIS2_PLACEMENT_3D('',#784,#785,#786);
#784 = CARTESIAN_POINT('',(-100.,1.836970198721E-15,530.));
#785 = DIRECTION('',(0.,0.707106781187,-0.707106781187));
#786 = DIRECTION('',(0.,-0.707106781187,-0.707106781187));
#787 = DEFINITIONAL_REPRESENTATION('',(#788),#791);
#788 = B_SPLINE_CURVE_WITH_KNOTS('',1,(#789,#790),.UNSPECIFIED.,.F.,.F.,
  (2,2),(286.37824638055,328.80465325174),.PIECEWISE_BEZIER_KNOTS.);
#789 = CARTESIAN_POINT('',(42.426406871193,-150.));
#790 = CARTESIAN_POINT('',(0.,-150.));
#791 = ( GEOMETRIC_REPRESENTATION_CONTEXT(2) 
PARAMETRIC_REPRESENTATION_CONTEXT() REPRESENTATION_CONTEXT('2D SPACE',''
  ) );
#792 = ORIENTED_EDGE('',*,*,#793,.T.);
#793 = EDGE_CURVE('',#768,#794,#796,.T.);
#794 = VERTEX_POINT('',#795);
#795 = CARTESIAN_POINT('',(50.,30.,500.));
#796 = SURFACE_CURVE('',#797,(#801,#807),.PCURVE_S1.);
#797 = LINE('',#798,#799);
#798 = CARTESIAN_POINT('',(50.,47.5,482.5));
#799 = VECTOR('',#800,1.);
#800 = DIRECTION('',(0.,0.707106781187,-0.707106781187));
#801 = PCURVE('',#261,#802);
#802 = DEFINITIONAL_REPRESENTATION('',(#803),#806);
#803 = B_SPLINE_CURVE_WITH_KNOTS('',1,(#804,#805),.UNSPECIFIED.,.F.,.F.,
  (2,2),(-67.17514421272,-24.74873734152),.PIECEWISE_BEZIER_KNOTS.);
#804 = CARTESIAN_POINT('',(530.,-400.));
#805 = CARTESIAN_POINT('',(500.,-430.));
#806 = ( GEOMETRIC_REPRESENTATION_CONTEXT(2) 
PARAMETRIC_REPRESENTATION_CONTEXT() REPRESENTATION_CONTEXT('2D SPACE',''
  ) );
#807 = PCURVE('',#808,#813);
#808 = PLANE('',#809);
#809 = AXIS2_PLACEMENT_3D('',#810,#811,#812);
#810 = CARTESIAN_POINT('',(-100.,30.,500.));
#811 = DIRECTION('',(0.,-0.707106781187,-0.707106781187));
#812 = DIRECTION('',(0.,-0.707106781187,0.707106781187));
#813 = DEFINITIONAL_REPRESENTATION('',(#814),#817);
#814 = B_SPLINE_CURVE_WITH_KNOTS('',1,(#815,#816),.UNSPECIFIED.,.F.,.F.,
  (2,2),(-67.17514421272,-24.74873734152),.PIECEWISE_BEZIER_KNOTS.);
#815 = CARTESIAN_POINT('',(42.426406871193,-150.));
#816 = CARTESIAN_POINT('',(0.,-150.));
#817 = ( GEOMETRIC_REPRESENTATION_CONTEXT(2) 
PARAMETRIC_REPRESENTATION_CONTEXT() REPRESENTATION_CONTEXT('2D SPACE',''
  ) );
#818 = ORIENTED_EDGE('',*,*,#819,.T.);
#819 = EDGE_CURVE('',#794,#820,#822,.T.);
#820 = VERTEX_POINT('',#821);
#821 = CARTESIAN_POINT('',(50.,-5.510910596163E-15,470.));
#822 = SURFACE_CURVE('',#823,(#827,#833),.PCURVE_S1.);
#823 = LINE('',#824,#825);
#824 = CARTESIAN_POINT('',(50.,-217.5,252.5));
#825 = VECTOR('',#826,1.);
#826 = DIRECTION('',(0.,-0.707106781187,-0.707106781187));
#827 = PCURVE('',#261,#828);
#828 = DEFINITIONAL_REPRESENTATION('',(#829),#832);
#829 = B_SPLINE_CURVE_WITH_KNOTS('',1,(#830,#831),.UNSPECIFIED.,.F.,.F.,
  (2,2),(-350.0178566873,-307.5914498161),.PIECEWISE_BEZIER_KNOTS.);
#830 = CARTESIAN_POINT('',(500.,-430.));
#831 = CARTESIAN_POINT('',(470.,-400.));
#832 = ( GEOMETRIC_REPRESENTATION_CONTEXT(2) 
PARAMETRIC_REPRESENTATION_CONTEXT() REPRESENTATION_CONTEXT('2D SPACE',''
  ) );
#833 = PCURVE('',#834,#839);
#834 = PLANE('',#835);
#835 = AXIS2_PLACEMENT_3D('',#836,#837,#838);
#836 = CARTESIAN_POINT('',(-100.,-5.510910596163E-15,470.));
#837 = DIRECTION('',(0.,-0.707106781187,0.707106781187));
#838 = DIRECTION('',(0.,0.707106781187,0.707106781187));
#839 = DEFINITIONAL_REPRESENTATION('',(#840),#843);
#840 = B_SPLINE_CURVE_WITH_KNOTS('',1,(#841,#842),.UNSPECIFIED.,.F.,.F.,
  (2,2),(-350.0178566873,-307.5914498161),.PIECEWISE_BEZIER_KNOTS.);
#841 = CARTESIAN_POINT('',(42.426406871193,-150.));
#842 = CARTESIAN_POINT('',(0.,-150.));
#843 = ( GEOMETRIC_REPRESENTATION_CONTEXT(2) 
PARAMETRIC_REPRESENTATION_CONTEXT() REPRESENTATION_CONTEXT('2D SPACE',''
  ) );
#844 = ORIENTED_EDGE('',*,*,#845,.T.);
#845 = EDGE_CURVE('',#820,#766,#846,.T.);
#846 = SURFACE_CURVE('',#847,(#851,#857),.PCURVE_S1.);
#847 = LINE('',#848,#849);
#848 = CARTESIAN_POINT('',(50.,2.5,467.5));
#849 = VECTOR('',#850,1.);
#850 = DIRECTION('',(0.,-0.707106781187,0.707106781187));
#851 = PCURVE('',#261,#852);
#852 = DEFINITIONAL_REPRESENTATION('',(#853),#856);
#853 = B_SPLINE_CURVE_WITH_KNOTS('',1,(#854,#855),.UNSPECIFIED.,.F.,.F.,
  (2,2),(3.535533905933,45.961940777126),.PIECEWISE_BEZIER_KNOTS.);
#854 = CARTESIAN_POINT('',(470.,-400.));
#855 = CARTESIAN_POINT('',(500.,-370.));
#856 = ( GEOMETRIC_REPRESENTATION_CONTEXT(2) 
PARAMETRIC_REPRESENTATION_CONTEXT() REPRESENTATION_CONTEXT('2D SPACE',''
  ) );
#857 = PCURVE('',#858,#863);
#858 = PLANE('',#859);
#859 = AXIS2_PLACEMENT_3D('',#860,#861,#862);
#860 = CARTESIAN_POINT('',(-100.,-30.,500.));
#861 = DIRECTION('',(-0.,0.707106781187,0.707106781187));
#862 = DIRECTION('',(0.,0.707106781187,-0.707106781187));
#863 = DEFINITIONAL_REPRESENTATION('',(#864),#867);
#864 = B_SPLINE_CURVE_WITH_KNOTS('',1,(#865,#866),.UNSPECIFIED.,.F.,.F.,
  (2,2),(3.535533905933,45.961940777126),.PIECEWISE_BEZIER_KNOTS.);
#865 = CARTESIAN_POINT('',(42.426406871193,-150.));
#866 = CARTESIAN_POINT('',(0.,-150.));
#867 = ( GEOMETRIC_REPRESENTATION_CONTEXT(2) 
PARAMETRIC_REPRESENTATION_CONTEXT() REPRESENTATION_CONTEXT('2D SPACE',''
  ) );
#868 = ADVANCED_FACE('',(#869),#360,.T.);
#869 = FACE_BOUND('',#870,.T.);
#870 = EDGE_LOOP('',(#871,#872,#873,#874));
#871 = ORIENTED_EDGE('',*,*,#346,.F.);
#872 = ORIENTED_EDGE('',*,*,#742,.T.);
#873 = ORIENTED_EDGE('',*,*,#522,.T.);
#874 = ORIENTED_EDGE('',*,*,#875,.F.);
#875 = EDGE_CURVE('',#319,#500,#876,.T.);
#876 = SURFACE_CURVE('',#877,(#881,#888),.PCURVE_S1.);
#877 = LINE('',#878,#879);
#878 = CARTESIAN_POINT('',(40.,-400.,650.));
#879 = VECTOR('',#880,1.);
#880 = DIRECTION('',(0.,1.,0.));
#881 = PCURVE('',#360,#882);
#882 = DEFINITIONAL_REPRESENTATION('',(#883),#887);
#883 = LINE('',#884,#885);
#884 = CARTESIAN_POINT('',(0.,7.071067811865));
#885 = VECTOR('',#886,1.);
#886 = DIRECTION('',(1.,0.));
#887 = ( GEOMETRIC_REPRESENTATION_CONTEXT(2) 
PARAMETRIC_REPRESENTATION_CONTEXT() REPRESENTATION_CONTEXT('2D SPACE',''
  ) );
#888 = PCURVE('',#334,#889);
#889 = DEFINITIONAL_REPRESENTATION('',(#890),#894);
#890 = LINE('',#891,#892);
#891 = CARTESIAN_POINT('',(90.,0.));
#892 = VECTOR('',#893,1.);
#893 = DIRECTION('',(0.,1.));
#894 = ( GEOMETRIC_REPRESENTATION_CONTEXT(2) 
PARAMETRIC_REPRESENTATION_CONTEXT() REPRESENTATION_CONTEXT('2D SPACE',''
  ) );
#895 = ADVANCED_FACE('',(#896),#334,.T.);
#896 = FACE_BOUND('',#897,.T.);
#897 = EDGE_LOOP('',(#898,#899,#900,#901));
#898 = ORIENTED_EDGE('',*,*,#499,.F.);
#899 = ORIENTED_EDGE('',*,*,#400,.F.);
#900 = ORIENTED_EDGE('',*,*,#318,.T.);
#901 = ORIENTED_EDGE('',*,*,#875,.T.);
#902 = ADVANCED_FACE('',(#903,#909),#604,.T.);
#903 = FACE_BOUND('',#904,.T.);
#904 = EDGE_LOOP('',(#905,#906,#907,#908));
#905 = ORIENTED_EDGE('',*,*,#716,.F.);
#906 = ORIENTED_EDGE('',*,*,#690,.F.);
#907 = ORIENTED_EDGE('',*,*,#643,.F.);
#908 = ORIENTED_EDGE('',*,*,#591,.F.);
#909 = FACE_BOUND('',#910,.T.);
#910 = EDGE_LOOP('',(#911,#939,#965,#991));
#911 = ORIENTED_EDGE('',*,*,#912,.F.);
#912 = EDGE_CURVE('',#913,#915,#917,.T.);
#913 = VERTEX_POINT('',#914);
#914 = CARTESIAN_POINT('',(-200.,-50.,590.));
#915 = VERTEX_POINT('',#916);
#916 = CARTESIAN_POINT('',(-200.,50.,590.));
#917 = SURFACE_CURVE('',#918,(#922,#928),.PCURVE_S1.);
#918 = LINE('',#919,#920);
#919 = CARTESIAN_POINT('',(-200.,-120.,590.));
#920 = VECTOR('',#921,1.);
#921 = DIRECTION('',(0.,1.,-0.));
#922 = PCURVE('',#604,#923);
#923 = DEFINITIONAL_REPRESENTATION('',(#924),#927);
#924 = B_SPLINE_CURVE_WITH_KNOTS('',1,(#925,#926),.UNSPECIFIED.,.F.,.F.,
  (2,2),(70.,170.),.PIECEWISE_BEZIER_KNOTS.);
#925 = CARTESIAN_POINT('',(142.37130694453,-15.17929375511));
#926 = CARTESIAN_POINT('',(241.82185223667,-4.710815303312));
#927 = ( GEOMETRIC_REPRESENTATION_CONTEXT(2) 
PARAMETRIC_REPRESENTATION_CONTEXT() REPRESENTATION_CONTEXT('2D SPACE',''
  ) );
#928 = PCURVE('',#929,#934);
#929 = PLANE('',#930);
#930 = AXIS2_PLACEMENT_3D('',#931,#932,#933);
#931 = CARTESIAN_POINT('',(-205.,-50.,590.));
#932 = DIRECTION('',(0.,0.,1.));
#933 = DIRECTION('',(1.,0.,0.));
#934 = DEFINITIONAL_REPRESENTATION('',(#935),#938);
#935 = B_SPLINE_CURVE_WITH_KNOTS('',1,(#936,#937),.UNSPECIFIED.,.F.,.F.,
  (2,2),(70.,170.),.PIECEWISE_BEZIER_KNOTS.);
#936 = CARTESIAN_POINT('',(5.,0.));
#937 = CARTESIAN_POINT('',(5.,100.));
#938 = ( GEOMETRIC_REPRESENTATION_CONTEXT(2) 
PARAMETRIC_REPRESENTATION_CONTEXT() REPRESENTATION_CONTEXT('2D SPACE',''
  ) );
#939 = ORIENTED_EDGE('',*,*,#940,.T.);
#940 = EDGE_CURVE('',#913,#941,#943,.T.);
#941 = VERTEX_POINT('',#942);
#942 = CARTESIAN_POINT('',(-200.,-50.,570.));
#943 = SURFACE_CURVE('',#944,(#948,#954),.PCURVE_S1.);
#944 = LINE('',#945,#946);
#945 = CARTESIAN_POINT('',(-200.,-50.,565.));
#946 = VECTOR('',#947,1.);
#947 = DIRECTION('',(0.,0.,-1.));
#948 = PCURVE('',#604,#949);
#949 = DEFINITIONAL_REPRESENTATION('',(#950),#953);
#950 = B_SPLINE_CURVE_WITH_KNOTS('',1,(#951,#952),.UNSPECIFIED.,.F.,.F.,
  (2,2),(-25.,-5.),.PIECEWISE_BEZIER_KNOTS.);
#951 = CARTESIAN_POINT('',(142.37130694453,-15.17929375511));
#952 = CARTESIAN_POINT('',(140.27761125417,4.710815303312));
#953 = ( GEOMETRIC_REPRESENTATION_CONTEXT(2) 
PARAMETRIC_REPRESENTATION_CONTEXT() REPRESENTATION_CONTEXT('2D SPACE',''
  ) );
#954 = PCURVE('',#955,#960);
#955 = PLANE('',#956);
#956 = AXIS2_PLACEMENT_3D('',#957,#958,#959);
#957 = CARTESIAN_POINT('',(-205.,-50.,570.));
#958 = DIRECTION('',(0.,1.,0.));
#959 = DIRECTION('',(0.,0.,1.));
#960 = DEFINITIONAL_REPRESENTATION('',(#961),#964);
#961 = B_SPLINE_CURVE_WITH_KNOTS('',1,(#962,#963),.UNSPECIFIED.,.F.,.F.,
  (2,2),(-25.,-5.),.PIECEWISE_BEZIER_KNOTS.);
#962 = CARTESIAN_POINT('',(20.,5.));
#963 = CARTESIAN_POINT('',(0.,5.));
#964 = ( GEOMETRIC_REPRESENTATION_CONTEXT(2) 
PARAMETRIC_REPRESENTATION_CONTEXT() REPRESENTATION_CONTEXT('2D SPACE',''
  ) );
#965 = ORIENTED_EDGE('',*,*,#966,.T.);
#966 = EDGE_CURVE('',#941,#967,#969,.T.);
#967 = VERTEX_POINT('',#968);
#968 = CARTESIAN_POINT('',(-200.,50.,570.));
#969 = SURFACE_CURVE('',#970,(#974,#980),.PCURVE_S1.);
#970 = LINE('',#971,#972);
#971 = CARTESIAN_POINT('',(-200.,-120.,570.));
#972 = VECTOR('',#973,1.);
#973 = DIRECTION('',(0.,1.,-0.));
#974 = PCURVE('',#604,#975);
#975 = DEFINITIONAL_REPRESENTATION('',(#976),#979);
#976 = B_SPLINE_CURVE_WITH_KNOTS('',1,(#977,#978),.UNSPECIFIED.,.F.,.F.,
  (2,2),(70.,170.),.PIECEWISE_BEZIER_KNOTS.);
#977 = CARTESIAN_POINT('',(140.27761125417,4.710815303312));
#978 = CARTESIAN_POINT('',(239.72815654631,15.179293755116));
#979 = ( GEOMETRIC_REPRESENTATION_CONTEXT(2) 
PARAMETRIC_REPRESENTATION_CONTEXT() REPRESENTATION_CONTEXT('2D SPACE',''
  ) );
#980 = PCURVE('',#981,#986);
#981 = PLANE('',#982);
#982 = AXIS2_PLACEMENT_3D('',#983,#984,#985);
#983 = CARTESIAN_POINT('',(-205.,-50.,570.));
#984 = DIRECTION('',(0.,0.,1.));
#985 = DIRECTION('',(1.,0.,0.));
#986 = DEFINITIONAL_REPRESENTATION('',(#987),#990);
#987 = B_SPLINE_CURVE_WITH_KNOTS('',1,(#988,#989),.UNSPECIFIED.,.F.,.F.,
  (2,2),(70.,170.),.PIECEWISE_BEZIER_KNOTS.);
#988 = CARTESIAN_POINT('',(5.,0.));
#989 = CARTESIAN_POINT('',(5.,100.));
#990 = ( GEOMETRIC_REPRESENTATION_CONTEXT(2) 
PARAMETRIC_REPRESENTATION_CONTEXT() REPRESENTATION_CONTEXT('2D SPACE',''
  ) );
#991 = ORIENTED_EDGE('',*,*,#992,.F.);
#992 = EDGE_CURVE('',#915,#967,#993,.T.);
#993 = SURFACE_CURVE('',#994,(#998,#1004),.PCURVE_S1.);
#994 = LINE('',#995,#996);
#995 = CARTESIAN_POINT('',(-200.,50.,565.));
#996 = VECTOR('',#997,1.);
#997 = DIRECTION('',(0.,0.,-1.));
#998 = PCURVE('',#604,#999);
#999 = DEFINITIONAL_REPRESENTATION('',(#1000),#1003);
#1000 = B_SPLINE_CURVE_WITH_KNOTS('',1,(#1001,#1002),.UNSPECIFIED.,.F.,
  .F.,(2,2),(-25.,-5.),.PIECEWISE_BEZIER_KNOTS.);
#1001 = CARTESIAN_POINT('',(241.82185223667,-4.710815303312));
#1002 = CARTESIAN_POINT('',(239.72815654631,15.179293755116));
#1003 = ( GEOMETRIC_REPRESENTATION_CONTEXT(2) 
PARAMETRIC_REPRESENTATION_CONTEXT() REPRESENTATION_CONTEXT('2D SPACE',''
  ) );
#1004 = PCURVE('',#1005,#1010);
#1005 = PLANE('',#1006);
#1006 = AXIS2_PLACEMENT_3D('',#1007,#1008,#1009);
#1007 = CARTESIAN_POINT('',(-205.,50.,570.));
#1008 = DIRECTION('',(0.,1.,0.));
#1009 = DIRECTION('',(0.,0.,1.));
#1010 = DEFINITIONAL_REPRESENTATION('',(#1011),#1014);
#1011 = B_SPLINE_CURVE_WITH_KNOTS('',1,(#1012,#1013),.UNSPECIFIED.,.F.,
  .F.,(2,2),(-25.,-5.),.PIECEWISE_BEZIER_KNOTS.);
#1012 = CARTESIAN_POINT('',(20.,5.));
#1013 = CARTESIAN_POINT('',(0.,5.));
#1014 = ( GEOMETRIC_REPRESENTATION_CONTEXT(2) 
PARAMETRIC_REPRESENTATION_CONTEXT() REPRESENTATION_CONTEXT('2D SPACE',''
  ) );
#1015 = ADVANCED_FACE('',(#1016),#782,.F.);
#1016 = FACE_BOUND('',#1017,.F.);
#1017 = EDGE_LOOP('',(#1018,#1019,#1042,#1068));
#1018 = ORIENTED_EDGE('',*,*,#765,.T.);
#1019 = ORIENTED_EDGE('',*,*,#1020,.T.);
#1020 = EDGE_CURVE('',#768,#1021,#1023,.T.);
#1021 = VERTEX_POINT('',#1022);
#1022 = CARTESIAN_POINT('',(100.,1.836970198721E-15,530.));
#1023 = SURFACE_CURVE('',#1024,(#1028,#1035),.PCURVE_S1.);
#1024 = LINE('',#1025,#1026);
#1025 = CARTESIAN_POINT('',(-100.,1.836970198721E-15,530.));
#1026 = VECTOR('',#1027,1.);
#1027 = DIRECTION('',(1.,0.,0.));
#1028 = PCURVE('',#782,#1029);
#1029 = DEFINITIONAL_REPRESENTATION('',(#1030),#1034);
#1030 = LINE('',#1031,#1032);
#1031 = CARTESIAN_POINT('',(0.,0.));
#1032 = VECTOR('',#1033,1.);
#1033 = DIRECTION('',(0.,-1.));
#1034 = ( GEOMETRIC_REPRESENTATION_CONTEXT(2) 
PARAMETRIC_REPRESENTATION_CONTEXT() REPRESENTATION_CONTEXT('2D SPACE',''
  ) );
#1035 = PCURVE('',#808,#1036);
#1036 = DEFINITIONAL_REPRESENTATION('',(#1037),#1041);
#1037 = LINE('',#1038,#1039);
#1038 = CARTESIAN_POINT('',(42.426406871193,0.));
#1039 = VECTOR('',#1040,1.);
#1040 = DIRECTION('',(0.,-1.));
#1041 = ( GEOMETRIC_REPRESENTATION_CONTEXT(2) 
PARAMETRIC_REPRESENTATION_CONTEXT() REPRESENTATION_CONTEXT('2D SPACE',''
  ) );
#1042 = ORIENTED_EDGE('',*,*,#1043,.F.);
#1043 = EDGE_CURVE('',#1044,#1021,#1046,.T.);
#1044 = VERTEX_POINT('',#1045);
#1045 = CARTESIAN_POINT('',(100.,-30.,500.));
#1046 = SURFACE_CURVE('',#1047,(#1051,#1057),.PCURVE_S1.);
#1047 = LINE('',#1048,#1049);
#1048 = CARTESIAN_POINT('',(100.,-220.,310.));
#1049 = VECTOR('',#1050,1.);
#1050 = DIRECTION('',(-0.,0.707106781187,0.707106781187));
#1051 = PCURVE('',#782,#1052);
#1052 = DEFINITIONAL_REPRESENTATION('',(#1053),#1056);
#1053 = B_SPLINE_CURVE_WITH_KNOTS('',1,(#1054,#1055),.UNSPECIFIED.,.F.,
  .F.,(2,2),(268.70057685088,311.12698372208),.PIECEWISE_BEZIER_KNOTS.);
#1054 = CARTESIAN_POINT('',(42.426406871193,-200.));
#1055 = CARTESIAN_POINT('',(0.,-200.));
#1056 = ( GEOMETRIC_REPRESENTATION_CONTEXT(2) 
PARAMETRIC_REPRESENTATION_CONTEXT() REPRESENTATION_CONTEXT('2D SPACE',''
  ) );
#1057 = PCURVE('',#1058,#1063);
#1058 = PLANE('',#1059);
#1059 = AXIS2_PLACEMENT_3D('',#1060,#1061,#1062);
#1060 = CARTESIAN_POINT('',(100.,-350.,0.));
#1061 = DIRECTION('',(1.,0.,0.));
#1062 = DIRECTION('',(0.,0.,1.));
#1063 = DEFINITIONAL_REPRESENTATION('',(#1064),#1067);
#1064 = B_SPLINE_CURVE_WITH_KNOTS('',1,(#1065,#1066),.UNSPECIFIED.,.F.,
  .F.,(2,2),(268.70057685088,311.12698372208),.PIECEWISE_BEZIER_KNOTS.);
#1065 = CARTESIAN_POINT('',(500.,-320.));
#1066 = CARTESIAN_POINT('',(530.,-350.));
#1067 = ( GEOMETRIC_REPRESENTATION_CONTEXT(2) 
PARAMETRIC_REPRESENTATION_CONTEXT() REPRESENTATION_CONTEXT('2D SPACE',''
  ) );
#1068 = ORIENTED_EDGE('',*,*,#1069,.F.);
#1069 = EDGE_CURVE('',#766,#1044,#1070,.T.);
#1070 = SURFACE_CURVE('',#1071,(#1075,#1082),.PCURVE_S1.);
#1071 = LINE('',#1072,#1073);
#1072 = CARTESIAN_POINT('',(-100.,-30.,500.));
#1073 = VECTOR('',#1074,1.);
#1074 = DIRECTION('',(1.,0.,0.));
#1075 = PCURVE('',#782,#1076);
#1076 = DEFINITIONAL_REPRESENTATION('',(#1077),#1081);
#1077 = LINE('',#1078,#1079);
#1078 = CARTESIAN_POINT('',(42.426406871193,0.));
#1079 = VECTOR('',#1080,1.);
#1080 = DIRECTION('',(0.,-1.));
#1081 = ( GEOMETRIC_REPRESENTATION_CONTEXT(2) 
PARAMETRIC_REPRESENTATION_CONTEXT() REPRESENTATION_CONTEXT('2D SPACE',''
  ) );
#1082 = PCURVE('',#858,#1083);
#1083 = DEFINITIONAL_REPRESENTATION('',(#1084),#1088);
#1084 = LINE('',#1085,#1086);
#1085 = CARTESIAN_POINT('',(0.,0.));
#1086 = VECTOR('',#1087,1.);
#1087 = DIRECTION('',(0.,-1.));
#1088 = ( GEOMETRIC_REPRESENTATION_CONTEXT(2) 
PARAMETRIC_REPRESENTATION_CONTEXT() REPRESENTATION_CONTEXT('2D SPACE',''
  ) );
#1089 = ADVANCED_FACE('',(#1090),#858,.F.);
#1090 = FACE_BOUND('',#1091,.F.);
#1091 = EDGE_LOOP('',(#1092,#1093,#1094,#1115));
#1092 = ORIENTED_EDGE('',*,*,#845,.T.);
#1093 = ORIENTED_EDGE('',*,*,#1069,.T.);
#1094 = ORIENTED_EDGE('',*,*,#1095,.F.);
#1095 = EDGE_CURVE('',#1096,#1044,#1098,.T.);
#1096 = VERTEX_POINT('',#1097);
#1097 = CARTESIAN_POINT('',(100.,-5.510910596163E-15,470.));
#1098 = SURFACE_CURVE('',#1099,(#1103,#1109),.PCURVE_S1.);
#1099 = LINE('',#1100,#1101);
#1100 = CARTESIAN_POINT('',(100.,15.,455.));
#1101 = VECTOR('',#1102,1.);
#1102 = DIRECTION('',(0.,-0.707106781187,0.707106781187));
#1103 = PCURVE('',#858,#1104);
#1104 = DEFINITIONAL_REPRESENTATION('',(#1105),#1108);
#1105 = B_SPLINE_CURVE_WITH_KNOTS('',1,(#1106,#1107),.UNSPECIFIED.,.F.,
  .F.,(2,2),(21.213203435596,63.639610306789),.PIECEWISE_BEZIER_KNOTS.);
#1106 = CARTESIAN_POINT('',(42.426406871193,-200.));
#1107 = CARTESIAN_POINT('',(0.,-200.));
#1108 = ( GEOMETRIC_REPRESENTATION_CONTEXT(2) 
PARAMETRIC_REPRESENTATION_CONTEXT() REPRESENTATION_CONTEXT('2D SPACE',''
  ) );
#1109 = PCURVE('',#1058,#1110);
#1110 = DEFINITIONAL_REPRESENTATION('',(#1111),#1114);
#1111 = B_SPLINE_CURVE_WITH_KNOTS('',1,(#1112,#1113),.UNSPECIFIED.,.F.,
  .F.,(2,2),(21.213203435596,63.639610306789),.PIECEWISE_BEZIER_KNOTS.);
#1112 = CARTESIAN_POINT('',(470.,-350.));
#1113 = CARTESIAN_POINT('',(500.,-320.));
#1114 = ( GEOMETRIC_REPRESENTATION_CONTEXT(2) 
PARAMETRIC_REPRESENTATION_CONTEXT() REPRESENTATION_CONTEXT('2D SPACE',''
  ) );
#1115 = ORIENTED_EDGE('',*,*,#1116,.F.);
#1116 = EDGE_CURVE('',#820,#1096,#1117,.T.);
#1117 = SURFACE_CURVE('',#1118,(#1122,#1129),.PCURVE_S1.);
#1118 = LINE('',#1119,#1120);
#1119 = CARTESIAN_POINT('',(-100.,-5.510910596163E-15,470.));
#1120 = VECTOR('',#1121,1.);
#1121 = DIRECTION('',(1.,0.,0.));
#1122 = PCURVE('',#858,#1123);
#1123 = DEFINITIONAL_REPRESENTATION('',(#1124),#1128);
#1124 = LINE('',#1125,#1126);
#1125 = CARTESIAN_POINT('',(42.426406871193,0.));
#1126 = VECTOR('',#1127,1.);
#1127 = DIRECTION('',(0.,-1.));
#1128 = ( GEOMETRIC_REPRESENTATION_CONTEXT(2) 
PARAMETRIC_REPRESENTATION_CONTEXT() REPRESENTATION_CONTEXT('2D SPACE',''
  ) );
#1129 = PCURVE('',#834,#1130);
#1130 = DEFINITIONAL_REPRESENTATION('',(#1131),#1135);
#1131 = LINE('',#1132,#1133);
#1132 = CARTESIAN_POINT('',(0.,0.));
#1133 = VECTOR('',#1134,1.);
#1134 = DIRECTION('',(0.,-1.));
#1135 = ( GEOMETRIC_REPRESENTATION_CONTEXT(2) 
PARAMETRIC_REPRESENTATION_CONTEXT() REPRESENTATION_CONTEXT('2D SPACE',''
  ) );
#1136 = ADVANCED_FACE('',(#1137),#834,.F.);
#1137 = FACE_BOUND('',#1138,.F.);
#1138 = EDGE_LOOP('',(#1139,#1140,#1141,#1162));
#1139 = ORIENTED_EDGE('',*,*,#819,.T.);
#1140 = ORIENTED_EDGE('',*,*,#1116,.T.);
#1141 = ORIENTED_EDGE('',*,*,#1142,.F.);
#1142 = EDGE_CURVE('',#1143,#1096,#1145,.T.);
#1143 = VERTEX_POINT('',#1144);
#1144 = CARTESIAN_POINT('',(100.,30.,500.));
#1145 = SURFACE_CURVE('',#1146,(#1150,#1156),.PCURVE_S1.);
#1146 = LINE('',#1147,#1148);
#1147 = CARTESIAN_POINT('',(100.,-205.,265.));
#1148 = VECTOR('',#1149,1.);
#1149 = DIRECTION('',(0.,-0.707106781187,-0.707106781187));
#1150 = PCURVE('',#834,#1151);
#1151 = DEFINITIONAL_REPRESENTATION('',(#1152),#1155);
#1152 = B_SPLINE_CURVE_WITH_KNOTS('',1,(#1153,#1154),.UNSPECIFIED.,.F.,
  .F.,(2,2),(-332.3401871576,-289.9137802864),.PIECEWISE_BEZIER_KNOTS.);
#1153 = CARTESIAN_POINT('',(42.426406871193,-200.));
#1154 = CARTESIAN_POINT('',(0.,-200.));
#1155 = ( GEOMETRIC_REPRESENTATION_CONTEXT(2) 
PARAMETRIC_REPRESENTATION_CONTEXT() REPRESENTATION_CONTEXT('2D SPACE',''
  ) );
#1156 = PCURVE('',#1058,#1157);
#1157 = DEFINITIONAL_REPRESENTATION('',(#1158),#1161);
#1158 = B_SPLINE_CURVE_WITH_KNOTS('',1,(#1159,#1160),.UNSPECIFIED.,.F.,
  .F.,(2,2),(-332.3401871576,-289.9137802864),.PIECEWISE_BEZIER_KNOTS.);
#1159 = CARTESIAN_POINT('',(500.,-380.));
#1160 = CARTESIAN_POINT('',(470.,-350.));
#1161 = ( GEOMETRIC_REPRESENTATION_CONTEXT(2) 
PARAMETRIC_REPRESENTATION_CONTEXT() REPRESENTATION_CONTEXT('2D SPACE',''
  ) );
#1162 = ORIENTED_EDGE('',*,*,#1163,.F.);
#1163 = EDGE_CURVE('',#794,#1143,#1164,.T.);
#1164 = SURFACE_CURVE('',#1165,(#1169,#1176),.PCURVE_S1.);
#1165 = LINE('',#1166,#1167);
#1166 = CARTESIAN_POINT('',(-100.,30.,500.));
#1167 = VECTOR('',#1168,1.);
#1168 = DIRECTION('',(1.,0.,0.));
#1169 = PCURVE('',#834,#1170);
#1170 = DEFINITIONAL_REPRESENTATION('',(#1171),#1175);
#1171 = LINE('',#1172,#1173);
#1172 = CARTESIAN_POINT('',(42.426406871193,0.));
#1173 = VECTOR('',#1174,1.);
#1174 = DIRECTION('',(0.,-1.));
#1175 = ( GEOMETRIC_REPRESENTATION_CONTEXT(2) 
PARAMETRIC_REPRESENTATION_CONTEXT() REPRESENTATION_CONTEXT('2D SPACE',''
  ) );
#1176 = PCURVE('',#808,#1177);
#1177 = DEFINITIONAL_REPRESENTATION('',(#1178),#1182);
#1178 = LINE('',#1179,#1180);
#1179 = CARTESIAN_POINT('',(0.,0.));
#1180 = VECTOR('',#1181,1.);
#1181 = DIRECTION('',(0.,-1.));
#1182 = ( GEOMETRIC_REPRESENTATION_CONTEXT(2) 
PARAMETRIC_REPRESENTATION_CONTEXT() REPRESENTATION_CONTEXT('2D SPACE',''
  ) );
#1183 = ADVANCED_FACE('',(#1184),#808,.F.);
#1184 = FACE_BOUND('',#1185,.F.);
#1185 = EDGE_LOOP('',(#1186,#1187,#1188,#1207));
#1186 = ORIENTED_EDGE('',*,*,#793,.T.);
#1187 = ORIENTED_EDGE('',*,*,#1163,.T.);
#1188 = ORIENTED_EDGE('',*,*,#1189,.F.);
#1189 = EDGE_CURVE('',#1021,#1143,#1190,.T.);
#1190 = SURFACE_CURVE('',#1191,(#1195,#1201),.PCURVE_S1.);
#1191 = LINE('',#1192,#1193);
#1192 = CARTESIAN_POINT('',(100.,60.,470.));
#1193 = VECTOR('',#1194,1.);
#1194 = DIRECTION('',(0.,0.707106781187,-0.707106781187));
#1195 = PCURVE('',#808,#1196);
#1196 = DEFINITIONAL_REPRESENTATION('',(#1197),#1200);
#1197 = B_SPLINE_CURVE_WITH_KNOTS('',1,(#1198,#1199),.UNSPECIFIED.,.F.,
  .F.,(2,2),(-84.85281374238,-42.42640687119),.PIECEWISE_BEZIER_KNOTS.);
#1198 = CARTESIAN_POINT('',(42.426406871193,-200.));
#1199 = CARTESIAN_POINT('',(0.,-200.));
#1200 = ( GEOMETRIC_REPRESENTATION_CONTEXT(2) 
PARAMETRIC_REPRESENTATION_CONTEXT() REPRESENTATION_CONTEXT('2D SPACE',''
  ) );
#1201 = PCURVE('',#1058,#1202);
#1202 = DEFINITIONAL_REPRESENTATION('',(#1203),#1206);
#1203 = B_SPLINE_CURVE_WITH_KNOTS('',1,(#1204,#1205),.UNSPECIFIED.,.F.,
  .F.,(2,2),(-84.85281374238,-42.42640687119),.PIECEWISE_BEZIER_KNOTS.);
#1204 = CARTESIAN_POINT('',(530.,-350.));
#1205 = CARTESIAN_POINT('',(500.,-380.));
#1206 = ( GEOMETRIC_REPRESENTATION_CONTEXT(2) 
PARAMETRIC_REPRESENTATION_CONTEXT() REPRESENTATION_CONTEXT('2D SPACE',''
  ) );
#1207 = ORIENTED_EDGE('',*,*,#1020,.F.);
#1208 = ADVANCED_FACE('',(#1209),#929,.T.);
#1209 = FACE_BOUND('',#1210,.T.);
#1210 = EDGE_LOOP('',(#1211,#1234,#1262,#1283));
#1211 = ORIENTED_EDGE('',*,*,#1212,.F.);
#1212 = EDGE_CURVE('',#1213,#915,#1215,.T.);
#1213 = VERTEX_POINT('',#1214);
#1214 = CARTESIAN_POINT('',(-205.,50.,590.));
#1215 = SURFACE_CURVE('',#1216,(#1220,#1227),.PCURVE_S1.);
#1216 = LINE('',#1217,#1218);
#1217 = CARTESIAN_POINT('',(-205.,50.,590.));
#1218 = VECTOR('',#1219,1.);
#1219 = DIRECTION('',(1.,0.,0.));
#1220 = PCURVE('',#929,#1221);
#1221 = DEFINITIONAL_REPRESENTATION('',(#1222),#1226);
#1222 = LINE('',#1223,#1224);
#1223 = CARTESIAN_POINT('',(0.,100.));
#1224 = VECTOR('',#1225,1.);
#1225 = DIRECTION('',(1.,0.));
#1226 = ( GEOMETRIC_REPRESENTATION_CONTEXT(2) 
PARAMETRIC_REPRESENTATION_CONTEXT() REPRESENTATION_CONTEXT('2D SPACE',''
  ) );
#1227 = PCURVE('',#1005,#1228);
#1228 = DEFINITIONAL_REPRESENTATION('',(#1229),#1233);
#1229 = LINE('',#1230,#1231);
#1230 = CARTESIAN_POINT('',(20.,0.));
#1231 = VECTOR('',#1232,1.);
#1232 = DIRECTION('',(0.,1.));
#1233 = ( GEOMETRIC_REPRESENTATION_CONTEXT(2) 
PARAMETRIC_REPRESENTATION_CONTEXT() REPRESENTATION_CONTEXT('2D SPACE',''
  ) );
#1234 = ORIENTED_EDGE('',*,*,#1235,.F.);
#1235 = EDGE_CURVE('',#1236,#1213,#1238,.T.);
#1236 = VERTEX_POINT('',#1237);
#1237 = CARTESIAN_POINT('',(-205.,-50.,590.));
#1238 = SURFACE_CURVE('',#1239,(#1243,#1250),.PCURVE_S1.);
#1239 = LINE('',#1240,#1241);
#1240 = CARTESIAN_POINT('',(-205.,-50.,590.));
#1241 = VECTOR('',#1242,1.);
#1242 = DIRECTION('',(0.,1.,0.));
#1243 = PCURVE('',#929,#1244);
#1244 = DEFINITIONAL_REPRESENTATION('',(#1245),#1249);
#1245 = LINE('',#1246,#1247);
#1246 = CARTESIAN_POINT('',(0.,0.));
#1247 = VECTOR('',#1248,1.);
#1248 = DIRECTION('',(0.,1.));
#1249 = ( GEOMETRIC_REPRESENTATION_CONTEXT(2) 
PARAMETRIC_REPRESENTATION_CONTEXT() REPRESENTATION_CONTEXT('2D SPACE',''
  ) );
#1250 = PCURVE('',#1251,#1256);
#1251 = PLANE('',#1252);
#1252 = AXIS2_PLACEMENT_3D('',#1253,#1254,#1255);
#1253 = CARTESIAN_POINT('',(-205.,-50.,570.));
#1254 = DIRECTION('',(1.,0.,0.));
#1255 = DIRECTION('',(0.,0.,1.));
#1256 = DEFINITIONAL_REPRESENTATION('',(#1257),#1261);
#1257 = LINE('',#1258,#1259);
#1258 = CARTESIAN_POINT('',(20.,0.));
#1259 = VECTOR('',#1260,1.);
#1260 = DIRECTION('',(0.,-1.));
#1261 = ( GEOMETRIC_REPRESENTATION_CONTEXT(2) 
PARAMETRIC_REPRESENTATION_CONTEXT() REPRESENTATION_CONTEXT('2D SPACE',''
  ) );
#1262 = ORIENTED_EDGE('',*,*,#1263,.T.);
#1263 = EDGE_CURVE('',#1236,#913,#1264,.T.);
#1264 = SURFACE_CURVE('',#1265,(#1269,#1276),.PCURVE_S1.);
#1265 = LINE('',#1266,#1267);
#1266 = CARTESIAN_POINT('',(-205.,-50.,590.));
#1267 = VECTOR('',#1268,1.);
#1268 = DIRECTION('',(1.,0.,0.));
#1269 = PCURVE('',#929,#1270);
#1270 = DEFINITIONAL_REPRESENTATION('',(#1271),#1275);
#1271 = LINE('',#1272,#1273);
#1272 = CARTESIAN_POINT('',(0.,0.));
#1273 = VECTOR('',#1274,1.);
#1274 = DIRECTION('',(1.,0.));
#1275 = ( GEOMETRIC_REPRESENTATION_CONTEXT(2) 
PARAMETRIC_REPRESENTATION_CONTEXT() REPRESENTATION_CONTEXT('2D SPACE',''
  ) );
#1276 = PCURVE('',#955,#1277);
#1277 = DEFINITIONAL_REPRESENTATION('',(#1278),#1282);
#1278 = LINE('',#1279,#1280);
#1279 = CARTESIAN_POINT('',(20.,0.));
#1280 = VECTOR('',#1281,1.);
#1281 = DIRECTION('',(0.,1.));
#1282 = ( GEOMETRIC_REPRESENTATION_CONTEXT(2) 
PARAMETRIC_REPRESENTATION_CONTEXT() REPRESENTATION_CONTEXT('2D SPACE',''
  ) );
#1283 = ORIENTED_EDGE('',*,*,#912,.T.);
#1284 = ADVANCED_FACE('',(#1285),#1005,.T.);
#1285 = FACE_BOUND('',#1286,.T.);
#1286 = EDGE_LOOP('',(#1287,#1310,#1331,#1332));
#1287 = ORIENTED_EDGE('',*,*,#1288,.F.);
#1288 = EDGE_CURVE('',#1289,#967,#1291,.T.);
#1289 = VERTEX_POINT('',#1290);
#1290 = CARTESIAN_POINT('',(-205.,50.,570.));
#1291 = SURFACE_CURVE('',#1292,(#1296,#1303),.PCURVE_S1.);
#1292 = LINE('',#1293,#1294);
#1293 = CARTESIAN_POINT('',(-205.,50.,570.));
#1294 = VECTOR('',#1295,1.);
#1295 = DIRECTION('',(1.,0.,0.));
#1296 = PCURVE('',#1005,#1297);
#1297 = DEFINITIONAL_REPRESENTATION('',(#1298),#1302);
#1298 = LINE('',#1299,#1300);
#1299 = CARTESIAN_POINT('',(0.,0.));
#1300 = VECTOR('',#1301,1.);
#1301 = DIRECTION('',(0.,1.));
#1302 = ( GEOMETRIC_REPRESENTATION_CONTEXT(2) 
PARAMETRIC_REPRESENTATION_CONTEXT() REPRESENTATION_CONTEXT('2D SPACE',''
  ) );
#1303 = PCURVE('',#981,#1304);
#1304 = DEFINITIONAL_REPRESENTATION('',(#1305),#1309);
#1305 = LINE('',#1306,#1307);
#1306 = CARTESIAN_POINT('',(0.,100.));
#1307 = VECTOR('',#1308,1.);
#1308 = DIRECTION('',(1.,0.));
#1309 = ( GEOMETRIC_REPRESENTATION_CONTEXT(2) 
PARAMETRIC_REPRESENTATION_CONTEXT() REPRESENTATION_CONTEXT('2D SPACE',''
  ) );
#1310 = ORIENTED_EDGE('',*,*,#1311,.T.);
#1311 = EDGE_CURVE('',#1289,#1213,#1312,.T.);
#1312 = SURFACE_CURVE('',#1313,(#1317,#1324),.PCURVE_S1.);
#1313 = LINE('',#1314,#1315);
#1314 = CARTESIAN_POINT('',(-205.,50.,570.));
#1315 = VECTOR('',#1316,1.);
#1316 = DIRECTION('',(0.,0.,1.));
#1317 = PCURVE('',#1005,#1318);
#1318 = DEFINITIONAL_REPRESENTATION('',(#1319),#1323);
#1319 = LINE('',#1320,#1321);
#1320 = CARTESIAN_POINT('',(0.,0.));
#1321 = VECTOR('',#1322,1.);
#1322 = DIRECTION('',(1.,0.));
#1323 = ( GEOMETRIC_REPRESENTATION_CONTEXT(2) 
PARAMETRIC_REPRESENTATION_CONTEXT() REPRESENTATION_CONTEXT('2D SPACE',''
  ) );
#1324 = PCURVE('',#1251,#1325);
#1325 = DEFINITIONAL_REPRESENTATION('',(#1326),#1330);
#1326 = LINE('',#1327,#1328);
#1327 = CARTESIAN_POINT('',(0.,-100.));
#1328 = VECTOR('',#1329,1.);
#1329 = DIRECTION('',(1.,0.));
#1330 = ( GEOMETRIC_REPRESENTATION_CONTEXT(2) 
PARAMETRIC_REPRESENTATION_CONTEXT() REPRESENTATION_CONTEXT('2D SPACE',''
  ) );
#1331 = ORIENTED_EDGE('',*,*,#1212,.T.);
#1332 = ORIENTED_EDGE('',*,*,#992,.T.);
#1333 = ADVANCED_FACE('',(#1334),#981,.F.);
#1334 = FACE_BOUND('',#1335,.F.);
#1335 = EDGE_LOOP('',(#1336,#1337,#1360,#1381));
#1336 = ORIENTED_EDGE('',*,*,#1288,.F.);
#1337 = ORIENTED_EDGE('',*,*,#1338,.F.);
#1338 = EDGE_CURVE('',#1339,#1289,#1341,.T.);
#1339 = VERTEX_POINT('',#1340);
#1340 = CARTESIAN_POINT('',(-205.,-50.,570.));
#1341 = SURFACE_CURVE('',#1342,(#1346,#1353),.PCURVE_S1.);
#1342 = LINE('',#1343,#1344);
#1343 = CARTESIAN_POINT('',(-205.,-50.,570.));
#1344 = VECTOR('',#1345,1.);
#1345 = DIRECTION('',(0.,1.,0.));
#1346 = PCURVE('',#981,#1347);
#1347 = DEFINITIONAL_REPRESENTATION('',(#1348),#1352);
#1348 = LINE('',#1349,#1350);
#1349 = CARTESIAN_POINT('',(0.,0.));
#1350 = VECTOR('',#1351,1.);
#1351 = DIRECTION('',(0.,1.));
#1352 = ( GEOMETRIC_REPRESENTATION_CONTEXT(2) 
PARAMETRIC_REPRESENTATION_CONTEXT() REPRESENTATION_CONTEXT('2D SPACE',''
  ) );
#1353 = PCURVE('',#1251,#1354);
#1354 = DEFINITIONAL_REPRESENTATION('',(#1355),#1359);
#1355 = LINE('',#1356,#1357);
#1356 = CARTESIAN_POINT('',(0.,0.));
#1357 = VECTOR('',#1358,1.);
#1358 = DIRECTION('',(0.,-1.));
#1359 = ( GEOMETRIC_REPRESENTATION_CONTEXT(2) 
PARAMETRIC_REPRESENTATION_CONTEXT() REPRESENTATION_CONTEXT('2D SPACE',''
  ) );
#1360 = ORIENTED_EDGE('',*,*,#1361,.T.);
#1361 = EDGE_CURVE('',#1339,#941,#1362,.T.);
#1362 = SURFACE_CURVE('',#1363,(#1367,#1374),.PCURVE_S1.);
#1363 = LINE('',#1364,#1365);
#1364 = CARTESIAN_POINT('',(-205.,-50.,570.));
#1365 = VECTOR('',#1366,1.);
#1366 = DIRECTION('',(1.,0.,0.));
#1367 = PCURVE('',#981,#1368);
#1368 = DEFINITIONAL_REPRESENTATION('',(#1369),#1373);
#1369 = LINE('',#1370,#1371);
#1370 = CARTESIAN_POINT('',(0.,0.));
#1371 = VECTOR('',#1372,1.);
#1372 = DIRECTION('',(1.,0.));
#1373 = ( GEOMETRIC_REPRESENTATION_CONTEXT(2) 
PARAMETRIC_REPRESENTATION_CONTEXT() REPRESENTATION_CONTEXT('2D SPACE',''
  ) );
#1374 = PCURVE('',#955,#1375);
#1375 = DEFINITIONAL_REPRESENTATION('',(#1376),#1380);
#1376 = LINE('',#1377,#1378);
#1377 = CARTESIAN_POINT('',(0.,0.));
#1378 = VECTOR('',#1379,1.);
#1379 = DIRECTION('',(0.,1.));
#1380 = ( GEOMETRIC_REPRESENTATION_CONTEXT(2) 
PARAMETRIC_REPRESENTATION_CONTEXT() REPRESENTATION_CONTEXT('2D SPACE',''
  ) );
#1381 = ORIENTED_EDGE('',*,*,#966,.T.);
#1382 = ADVANCED_FACE('',(#1383),#955,.F.);
#1383 = FACE_BOUND('',#1384,.F.);
#1384 = EDGE_LOOP('',(#1385,#1386,#1407,#1408));
#1385 = ORIENTED_EDGE('',*,*,#1361,.F.);
#1386 = ORIENTED_EDGE('',*,*,#1387,.T.);
#1387 = EDGE_CURVE('',#1339,#1236,#1388,.T.);
#1388 = SURFACE_CURVE('',#1389,(#1393,#1400),.PCURVE_S1.);
#1389 = LINE('',#1390,#1391);
#1390 = CARTESIAN_POINT('',(-205.,-50.,570.));
#1391 = VECTOR('',#1392,1.);
#1392 = DIRECTION('',(0.,0.,1.));
#1393 = PCURVE('',#955,#1394);
#1394 = DEFINITIONAL_REPRESENTATION('',(#1395),#1399);
#1395 = LINE('',#1396,#1397);
#1396 = CARTESIAN_POINT('',(0.,0.));
#1397 = VECTOR('',#1398,1.);
#1398 = DIRECTION('',(1.,0.));
#1399 = ( GEOMETRIC_REPRESENTATION_CONTEXT(2) 
PARAMETRIC_REPRESENTATION_CONTEXT() REPRESENTATION_CONTEXT('2D SPACE',''
  ) );
#1400 = PCURVE('',#1251,#1401);
#1401 = DEFINITIONAL_REPRESENTATION('',(#1402),#1406);
#1402 = LINE('',#1403,#1404);
#1403 = CARTESIAN_POINT('',(0.,0.));
#1404 = VECTOR('',#1405,1.);
#1405 = DIRECTION('',(1.,0.));
#1406 = ( GEOMETRIC_REPRESENTATION_CONTEXT(2) 
PARAMETRIC_REPRESENTATION_CONTEXT() REPRESENTATION_CONTEXT('2D SPACE',''
  ) );
#1407 = ORIENTED_EDGE('',*,*,#1263,.T.);
#1408 = ORIENTED_EDGE('',*,*,#940,.T.);
#1409 = ADVANCED_FACE('',(#1410,#1524),#1058,.F.);
#1410 = FACE_BOUND('',#1411,.F.);
#1411 = EDGE_LOOP('',(#1412,#1442,#1470,#1498));
#1412 = ORIENTED_EDGE('',*,*,#1413,.F.);
#1413 = EDGE_CURVE('',#1414,#1416,#1418,.T.);
#1414 = VERTEX_POINT('',#1415);
#1415 = CARTESIAN_POINT('',(100.,-330.,550.));
#1416 = VERTEX_POINT('',#1417);
#1417 = CARTESIAN_POINT('',(100.,330.,550.));
#1418 = SURFACE_CURVE('',#1419,(#1423,#1430),.PCURVE_S1.);
#1419 = LINE('',#1420,#1421);
#1420 = CARTESIAN_POINT('',(100.,-350.,550.));
#1421 = VECTOR('',#1422,1.);
#1422 = DIRECTION('',(0.,1.,0.));
#1423 = PCURVE('',#1058,#1424);
#1424 = DEFINITIONAL_REPRESENTATION('',(#1425),#1429);
#1425 = LINE('',#1426,#1427);
#1426 = CARTESIAN_POINT('',(550.,0.));
#1427 = VECTOR('',#1428,1.);
#1428 = DIRECTION('',(0.,-1.));
#1429 = ( GEOMETRIC_REPRESENTATION_CONTEXT(2) 
PARAMETRIC_REPRESENTATION_CONTEXT() REPRESENTATION_CONTEXT('2D SPACE',''
  ) );
#1430 = PCURVE('',#1431,#1436);
#1431 = PLANE('',#1432);
#1432 = AXIS2_PLACEMENT_3D('',#1433,#1434,#1435);
#1433 = CARTESIAN_POINT('',(100.,-350.,550.));
#1434 = DIRECTION('',(0.,0.,1.));
#1435 = DIRECTION('',(1.,0.,0.));
#1436 = DEFINITIONAL_REPRESENTATION('',(#1437),#1441);
#1437 = LINE('',#1438,#1439);
#1438 = CARTESIAN_POINT('',(0.,0.));
#1439 = VECTOR('',#1440,1.);
#1440 = DIRECTION('',(0.,1.));
#1441 = ( GEOMETRIC_REPRESENTATION_CONTEXT(2) 
PARAMETRIC_REPRESENTATION_CONTEXT() REPRESENTATION_CONTEXT('2D SPACE',''
  ) );
#1442 = ORIENTED_EDGE('',*,*,#1443,.F.);
#1443 = EDGE_CURVE('',#1444,#1414,#1446,.T.);
#1444 = VERTEX_POINT('',#1445);
#1445 = CARTESIAN_POINT('',(100.,-330.,1.008543815147E-32));
#1446 = SURFACE_CURVE('',#1447,(#1451,#1458),.PCURVE_S1.);
#1447 = LINE('',#1448,#1449);
#1448 = CARTESIAN_POINT('',(100.,-330.,0.));
#1449 = VECTOR('',#1450,1.);
#1450 = DIRECTION('',(0.,0.,1.));
#1451 = PCURVE('',#1058,#1452);
#1452 = DEFINITIONAL_REPRESENTATION('',(#1453),#1457);
#1453 = LINE('',#1454,#1455);
#1454 = CARTESIAN_POINT('',(0.,-20.));
#1455 = VECTOR('',#1456,1.);
#1456 = DIRECTION('',(1.,0.));
#1457 = ( GEOMETRIC_REPRESENTATION_CONTEXT(2) 
PARAMETRIC_REPRESENTATION_CONTEXT() REPRESENTATION_CONTEXT('2D SPACE',''
  ) );
#1458 = PCURVE('',#1459,#1464);
#1459 = PLANE('',#1460);
#1460 = AXIS2_PLACEMENT_3D('',#1461,#1462,#1463);
#1461 = CARTESIAN_POINT('',(110.,-340.,0.));
#1462 = DIRECTION('',(-0.707106781187,-0.707106781187,2.299347170293E-17
    ));
#1463 = DIRECTION('',(-1.625883976416E-17,-1.625883976416E-17,-1.));
#1464 = DEFINITIONAL_REPRESENTATION('',(#1465),#1469);
#1465 = LINE('',#1466,#1467);
#1466 = CARTESIAN_POINT('',(-0.,-14.14213562373));
#1467 = VECTOR('',#1468,1.);
#1468 = DIRECTION('',(-1.,0.));
#1469 = ( GEOMETRIC_REPRESENTATION_CONTEXT(2) 
PARAMETRIC_REPRESENTATION_CONTEXT() REPRESENTATION_CONTEXT('2D SPACE',''
  ) );
#1470 = ORIENTED_EDGE('',*,*,#1471,.T.);
#1471 = EDGE_CURVE('',#1444,#1472,#1474,.T.);
#1472 = VERTEX_POINT('',#1473);
#1473 = CARTESIAN_POINT('',(100.,330.,1.008543815147E-32));
#1474 = SURFACE_CURVE('',#1475,(#1479,#1486),.PCURVE_S1.);
#1475 = LINE('',#1476,#1477);
#1476 = CARTESIAN_POINT('',(100.,-350.,0.));
#1477 = VECTOR('',#1478,1.);
#1478 = DIRECTION('',(0.,1.,0.));
#1479 = PCURVE('',#1058,#1480);
#1480 = DEFINITIONAL_REPRESENTATION('',(#1481),#1485);
#1481 = LINE('',#1482,#1483);
#1482 = CARTESIAN_POINT('',(0.,0.));
#1483 = VECTOR('',#1484,1.);
#1484 = DIRECTION('',(0.,-1.));
#1485 = ( GEOMETRIC_REPRESENTATION_CONTEXT(2) 
PARAMETRIC_REPRESENTATION_CONTEXT() REPRESENTATION_CONTEXT('2D SPACE',''
  ) );
#1486 = PCURVE('',#1487,#1492);
#1487 = PLANE('',#1488);
#1488 = AXIS2_PLACEMENT_3D('',#1489,#1490,#1491);
#1489 = CARTESIAN_POINT('',(100.,-350.,0.));
#1490 = DIRECTION('',(0.,0.,1.));
#1491 = DIRECTION('',(1.,0.,0.));
#1492 = DEFINITIONAL_REPRESENTATION('',(#1493),#1497);
#1493 = LINE('',#1494,#1495);
#1494 = CARTESIAN_POINT('',(0.,0.));
#1495 = VECTOR('',#1496,1.);
#1496 = DIRECTION('',(0.,1.));
#1497 = ( GEOMETRIC_REPRESENTATION_CONTEXT(2) 
PARAMETRIC_REPRESENTATION_CONTEXT() REPRESENTATION_CONTEXT('2D SPACE',''
  ) );
#1498 = ORIENTED_EDGE('',*,*,#1499,.T.);
#1499 = EDGE_CURVE('',#1472,#1416,#1500,.T.);
#1500 = SURFACE_CURVE('',#1501,(#1505,#1512),.PCURVE_S1.);
#1501 = LINE('',#1502,#1503);
#1502 = CARTESIAN_POINT('',(100.,330.,0.));
#1503 = VECTOR('',#1504,1.);
#1504 = DIRECTION('',(0.,0.,1.));
#1505 = PCURVE('',#1058,#1506);
#1506 = DEFINITIONAL_REPRESENTATION('',(#1507),#1511);
#1507 = LINE('',#1508,#1509);
#1508 = CARTESIAN_POINT('',(0.,-680.));
#1509 = VECTOR('',#1510,1.);
#1510 = DIRECTION('',(1.,0.));
#1511 = ( GEOMETRIC_REPRESENTATION_CONTEXT(2) 
PARAMETRIC_REPRESENTATION_CONTEXT() REPRESENTATION_CONTEXT('2D SPACE',''
  ) );
#1512 = PCURVE('',#1513,#1518);
#1513 = PLANE('',#1514);
#1514 = AXIS2_PLACEMENT_3D('',#1515,#1516,#1517);
#1515 = CARTESIAN_POINT('',(110.,340.,0.));
#1516 = DIRECTION('',(0.707106781187,-0.707106781187,-2.299347170293E-17
    ));
#1517 = DIRECTION('',(-1.625883976416E-17,1.625883976416E-17,-1.));
#1518 = DEFINITIONAL_REPRESENTATION('',(#1519),#1523);
#1519 = LINE('',#1520,#1521);
#1520 = CARTESIAN_POINT('',(-0.,-14.14213562373));
#1521 = VECTOR('',#1522,1.);
#1522 = DIRECTION('',(-1.,0.));
#1523 = ( GEOMETRIC_REPRESENTATION_CONTEXT(2) 
PARAMETRIC_REPRESENTATION_CONTEXT() REPRESENTATION_CONTEXT('2D SPACE',''
  ) );
#1524 = FACE_BOUND('',#1525,.F.);
#1525 = EDGE_LOOP('',(#1526,#1527,#1528,#1529));
#1526 = ORIENTED_EDGE('',*,*,#1043,.T.);
#1527 = ORIENTED_EDGE('',*,*,#1189,.T.);
#1528 = ORIENTED_EDGE('',*,*,#1142,.T.);
#1529 = ORIENTED_EDGE('',*,*,#1095,.T.);
#1530 = ADVANCED_FACE('',(#1531),#1251,.F.);
#1531 = FACE_BOUND('',#1532,.F.);
#1532 = EDGE_LOOP('',(#1533,#1534,#1535,#1536));
#1533 = ORIENTED_EDGE('',*,*,#1387,.F.);
#1534 = ORIENTED_EDGE('',*,*,#1338,.T.);
#1535 = ORIENTED_EDGE('',*,*,#1311,.T.);
#1536 = ORIENTED_EDGE('',*,*,#1235,.F.);
#1537 = ADVANCED_FACE('',(#1538),#1431,.T.);
#1538 = FACE_BOUND('',#1539,.T.);
#1539 = EDGE_LOOP('',(#1540,#1541,#1564,#1592,#1620,#1648,#1676,#1704));
#1540 = ORIENTED_EDGE('',*,*,#1413,.F.);
#1541 = ORIENTED_EDGE('',*,*,#1542,.T.);
#1542 = EDGE_CURVE('',#1414,#1543,#1545,.T.);
#1543 = VERTEX_POINT('',#1544);
#1544 = CARTESIAN_POINT('',(120.,-350.,550.));
#1545 = SURFACE_CURVE('',#1546,(#1550,#1557),.PCURVE_S1.);
#1546 = LINE('',#1547,#1548);
#1547 = CARTESIAN_POINT('',(110.,-340.,550.));
#1548 = VECTOR('',#1549,1.);
#1549 = DIRECTION('',(0.707106781187,-0.707106781187,0.));
#1550 = PCURVE('',#1431,#1551);
#1551 = DEFINITIONAL_REPRESENTATION('',(#1552),#1556);
#1552 = LINE('',#1553,#1554);
#1553 = CARTESIAN_POINT('',(10.,10.));
#1554 = VECTOR('',#1555,1.);
#1555 = DIRECTION('',(0.707106781187,-0.707106781187));
#1556 = ( GEOMETRIC_REPRESENTATION_CONTEXT(2) 
PARAMETRIC_REPRESENTATION_CONTEXT() REPRESENTATION_CONTEXT('2D SPACE',''
  ) );
#1557 = PCURVE('',#1459,#1558);
#1558 = DEFINITIONAL_REPRESENTATION('',(#1559),#1563);
#1559 = LINE('',#1560,#1561);
#1560 = CARTESIAN_POINT('',(-550.,-3.92231493948E-31));
#1561 = VECTOR('',#1562,1.);
#1562 = DIRECTION('',(7.131481708145E-34,1.));
#1563 = ( GEOMETRIC_REPRESENTATION_CONTEXT(2) 
PARAMETRIC_REPRESENTATION_CONTEXT() REPRESENTATION_CONTEXT('2D SPACE',''
  ) );
#1564 = ORIENTED_EDGE('',*,*,#1565,.T.);
#1565 = EDGE_CURVE('',#1543,#1566,#1568,.T.);
#1566 = VERTEX_POINT('',#1567);
#1567 = CARTESIAN_POINT('',(330.,-350.,550.));
#1568 = SURFACE_CURVE('',#1569,(#1573,#1580),.PCURVE_S1.);
#1569 = LINE('',#1570,#1571);
#1570 = CARTESIAN_POINT('',(100.,-350.,550.));
#1571 = VECTOR('',#1572,1.);
#1572 = DIRECTION('',(1.,0.,0.));
#1573 = PCURVE('',#1431,#1574);
#1574 = DEFINITIONAL_REPRESENTATION('',(#1575),#1579);
#1575 = LINE('',#1576,#1577);
#1576 = CARTESIAN_POINT('',(0.,0.));
#1577 = VECTOR('',#1578,1.);
#1578 = DIRECTION('',(1.,0.));
#1579 = ( GEOMETRIC_REPRESENTATION_CONTEXT(2) 
PARAMETRIC_REPRESENTATION_CONTEXT() REPRESENTATION_CONTEXT('2D SPACE',''
  ) );
#1580 = PCURVE('',#1581,#1586);
#1581 = PLANE('',#1582);
#1582 = AXIS2_PLACEMENT_3D('',#1583,#1584,#1585);
#1583 = CARTESIAN_POINT('',(100.,-350.,0.));
#1584 = DIRECTION('',(0.,1.,0.));
#1585 = DIRECTION('',(0.,0.,1.));
#1586 = DEFINITIONAL_REPRESENTATION('',(#1587),#1591);
#1587 = LINE('',#1588,#1589);
#1588 = CARTESIAN_POINT('',(550.,0.));
#1589 = VECTOR('',#1590,1.);
#1590 = DIRECTION('',(0.,1.));
#1591 = ( GEOMETRIC_REPRESENTATION_CONTEXT(2) 
PARAMETRIC_REPRESENTATION_CONTEXT() REPRESENTATION_CONTEXT('2D SPACE',''
  ) );
#1592 = ORIENTED_EDGE('',*,*,#1593,.F.);
#1593 = EDGE_CURVE('',#1594,#1566,#1596,.T.);
#1594 = VERTEX_POINT('',#1595);
#1595 = CARTESIAN_POINT('',(350.,-330.,550.));
#1596 = SURFACE_CURVE('',#1597,(#1601,#1608),.PCURVE_S1.);
#1597 = LINE('',#1598,#1599);
#1598 = CARTESIAN_POINT('',(277.5,-402.5,550.));
#1599 = VECTOR('',#1600,1.);
#1600 = DIRECTION('',(-0.707106781187,-0.707106781187,0.));
#1601 = PCURVE('',#1431,#1602);
#1602 = DEFINITIONAL_REPRESENTATION('',(#1603),#1607);
#1603 = LINE('',#1604,#1605);
#1604 = CARTESIAN_POINT('',(177.5,-52.5));
#1605 = VECTOR('',#1606,1.);
#1606 = DIRECTION('',(-0.707106781187,-0.707106781187));
#1607 = ( GEOMETRIC_REPRESENTATION_CONTEXT(2) 
PARAMETRIC_REPRESENTATION_CONTEXT() REPRESENTATION_CONTEXT('2D SPACE',''
  ) );
#1608 = PCURVE('',#1609,#1614);
#1609 = PLANE('',#1610);
#1610 = AXIS2_PLACEMENT_3D('',#1611,#1612,#1613);
#1611 = CARTESIAN_POINT('',(340.,-340.,0.));
#1612 = DIRECTION('',(-0.707106781187,0.707106781187,-2.299347170293E-17
    ));
#1613 = DIRECTION('',(1.625883976416E-17,-1.625883976416E-17,-1.));
#1614 = DEFINITIONAL_REPRESENTATION('',(#1615),#1619);
#1615 = LINE('',#1616,#1617);
#1616 = CARTESIAN_POINT('',(-550.,88.388347648318));
#1617 = VECTOR('',#1618,1.);
#1618 = DIRECTION('',(7.131481708145E-34,1.));
#1619 = ( GEOMETRIC_REPRESENTATION_CONTEXT(2) 
PARAMETRIC_REPRESENTATION_CONTEXT() REPRESENTATION_CONTEXT('2D SPACE',''
  ) );
#1620 = ORIENTED_EDGE('',*,*,#1621,.T.);
#1621 = EDGE_CURVE('',#1594,#1622,#1624,.T.);
#1622 = VERTEX_POINT('',#1623);
#1623 = CARTESIAN_POINT('',(350.,330.,550.));
#1624 = SURFACE_CURVE('',#1625,(#1629,#1636),.PCURVE_S1.);
#1625 = LINE('',#1626,#1627);
#1626 = CARTESIAN_POINT('',(350.,-350.,550.));
#1627 = VECTOR('',#1628,1.);
#1628 = DIRECTION('',(0.,1.,0.));
#1629 = PCURVE('',#1431,#1630);
#1630 = DEFINITIONAL_REPRESENTATION('',(#1631),#1635);
#1631 = LINE('',#1632,#1633);
#1632 = CARTESIAN_POINT('',(250.,0.));
#1633 = VECTOR('',#1634,1.);
#1634 = DIRECTION('',(0.,1.));
#1635 = ( GEOMETRIC_REPRESENTATION_CONTEXT(2) 
PARAMETRIC_REPRESENTATION_CONTEXT() REPRESENTATION_CONTEXT('2D SPACE',''
  ) );
#1636 = PCURVE('',#1637,#1642);
#1637 = PLANE('',#1638);
#1638 = AXIS2_PLACEMENT_3D('',#1639,#1640,#1641);
#1639 = CARTESIAN_POINT('',(350.,-350.,0.));
#1640 = DIRECTION('',(1.,0.,0.));
#1641 = DIRECTION('',(0.,0.,1.));
#1642 = DEFINITIONAL_REPRESENTATION('',(#1643),#1647);
#1643 = LINE('',#1644,#1645);
#1644 = CARTESIAN_POINT('',(550.,0.));
#1645 = VECTOR('',#1646,1.);
#1646 = DIRECTION('',(0.,-1.));
#1647 = ( GEOMETRIC_REPRESENTATION_CONTEXT(2) 
PARAMETRIC_REPRESENTATION_CONTEXT() REPRESENTATION_CONTEXT('2D SPACE',''
  ) );
#1648 = ORIENTED_EDGE('',*,*,#1649,.T.);
#1649 = EDGE_CURVE('',#1622,#1650,#1652,.T.);
#1650 = VERTEX_POINT('',#1651);
#1651 = CARTESIAN_POINT('',(330.,350.,550.));
#1652 = SURFACE_CURVE('',#1653,(#1657,#1664),.PCURVE_S1.);
#1653 = LINE('',#1654,#1655);
#1654 = CARTESIAN_POINT('',(452.5,227.5,550.));
#1655 = VECTOR('',#1656,1.);
#1656 = DIRECTION('',(-0.707106781187,0.707106781187,0.));
#1657 = PCURVE('',#1431,#1658);
#1658 = DEFINITIONAL_REPRESENTATION('',(#1659),#1663);
#1659 = LINE('',#1660,#1661);
#1660 = CARTESIAN_POINT('',(352.5,577.5));
#1661 = VECTOR('',#1662,1.);
#1662 = DIRECTION('',(-0.707106781187,0.707106781187));
#1663 = ( GEOMETRIC_REPRESENTATION_CONTEXT(2) 
PARAMETRIC_REPRESENTATION_CONTEXT() REPRESENTATION_CONTEXT('2D SPACE',''
  ) );
#1664 = PCURVE('',#1665,#1670);
#1665 = PLANE('',#1666);
#1666 = AXIS2_PLACEMENT_3D('',#1667,#1668,#1669);
#1667 = CARTESIAN_POINT('',(340.,340.,0.));
#1668 = DIRECTION('',(0.707106781187,0.707106781187,2.299347170293E-17)
  );
#1669 = DIRECTION('',(1.625883976416E-17,1.625883976416E-17,-1.));
#1670 = DEFINITIONAL_REPRESENTATION('',(#1671),#1675);
#1671 = LINE('',#1672,#1673);
#1672 = CARTESIAN_POINT('',(-550.,-159.0990257669));
#1673 = VECTOR('',#1674,1.);
#1674 = DIRECTION('',(7.131481708145E-34,1.));
#1675 = ( GEOMETRIC_REPRESENTATION_CONTEXT(2) 
PARAMETRIC_REPRESENTATION_CONTEXT() REPRESENTATION_CONTEXT('2D SPACE',''
  ) );
#1676 = ORIENTED_EDGE('',*,*,#1677,.F.);
#1677 = EDGE_CURVE('',#1678,#1650,#1680,.T.);
#1678 = VERTEX_POINT('',#1679);
#1679 = CARTESIAN_POINT('',(120.,350.,550.));
#1680 = SURFACE_CURVE('',#1681,(#1685,#1692),.PCURVE_S1.);
#1681 = LINE('',#1682,#1683);
#1682 = CARTESIAN_POINT('',(100.,350.,550.));
#1683 = VECTOR('',#1684,1.);
#1684 = DIRECTION('',(1.,0.,0.));
#1685 = PCURVE('',#1431,#1686);
#1686 = DEFINITIONAL_REPRESENTATION('',(#1687),#1691);
#1687 = LINE('',#1688,#1689);
#1688 = CARTESIAN_POINT('',(0.,700.));
#1689 = VECTOR('',#1690,1.);
#1690 = DIRECTION('',(1.,0.));
#1691 = ( GEOMETRIC_REPRESENTATION_CONTEXT(2) 
PARAMETRIC_REPRESENTATION_CONTEXT() REPRESENTATION_CONTEXT('2D SPACE',''
  ) );
#1692 = PCURVE('',#1693,#1698);
#1693 = PLANE('',#1694);
#1694 = AXIS2_PLACEMENT_3D('',#1695,#1696,#1697);
#1695 = CARTESIAN_POINT('',(100.,350.,0.));
#1696 = DIRECTION('',(0.,1.,0.));
#1697 = DIRECTION('',(0.,0.,1.));
#1698 = DEFINITIONAL_REPRESENTATION('',(#1699),#1703);
#1699 = LINE('',#1700,#1701);
#1700 = CARTESIAN_POINT('',(550.,0.));
#1701 = VECTOR('',#1702,1.);
#1702 = DIRECTION('',(0.,1.));
#1703 = ( GEOMETRIC_REPRESENTATION_CONTEXT(2) 
PARAMETRIC_REPRESENTATION_CONTEXT() REPRESENTATION_CONTEXT('2D SPACE',''
  ) );
#1704 = ORIENTED_EDGE('',*,*,#1705,.F.);
#1705 = EDGE_CURVE('',#1416,#1678,#1706,.T.);
#1706 = SURFACE_CURVE('',#1707,(#1711,#1718),.PCURVE_S1.);
#1707 = LINE('',#1708,#1709);
#1708 = CARTESIAN_POINT('',(-65.,165.,550.));
#1709 = VECTOR('',#1710,1.);
#1710 = DIRECTION('',(0.707106781187,0.707106781187,-0.));
#1711 = PCURVE('',#1431,#1712);
#1712 = DEFINITIONAL_REPRESENTATION('',(#1713),#1717);
#1713 = LINE('',#1714,#1715);
#1714 = CARTESIAN_POINT('',(-165.,515.));
#1715 = VECTOR('',#1716,1.);
#1716 = DIRECTION('',(0.707106781187,0.707106781187));
#1717 = ( GEOMETRIC_REPRESENTATION_CONTEXT(2) 
PARAMETRIC_REPRESENTATION_CONTEXT() REPRESENTATION_CONTEXT('2D SPACE',''
  ) );
#1718 = PCURVE('',#1513,#1719);
#1719 = DEFINITIONAL_REPRESENTATION('',(#1720),#1724);
#1720 = LINE('',#1721,#1722);
#1721 = CARTESIAN_POINT('',(-550.,-247.4873734152));
#1722 = VECTOR('',#1723,1.);
#1723 = DIRECTION('',(7.131481708145E-34,1.));
#1724 = ( GEOMETRIC_REPRESENTATION_CONTEXT(2) 
PARAMETRIC_REPRESENTATION_CONTEXT() REPRESENTATION_CONTEXT('2D SPACE',''
  ) );
#1725 = ADVANCED_FACE('',(#1726),#1459,.T.);
#1726 = FACE_BOUND('',#1727,.F.);
#1727 = EDGE_LOOP('',(#1728,#1751,#1752,#1753));
#1728 = ORIENTED_EDGE('',*,*,#1729,.F.);
#1729 = EDGE_CURVE('',#1444,#1730,#1732,.T.);
#1730 = VERTEX_POINT('',#1731);
#1731 = CARTESIAN_POINT('',(120.,-350.,-1.008543815147E-32));
#1732 = SURFACE_CURVE('',#1733,(#1737,#1744),.PCURVE_S1.);
#1733 = LINE('',#1734,#1735);
#1734 = CARTESIAN_POINT('',(110.,-340.,0.));
#1735 = VECTOR('',#1736,1.);
#1736 = DIRECTION('',(0.707106781187,-0.707106781187,0.));
#1737 = PCURVE('',#1459,#1738);
#1738 = DEFINITIONAL_REPRESENTATION('',(#1739),#1743);
#1739 = LINE('',#1740,#1741);
#1740 = CARTESIAN_POINT('',(-0.,0.));
#1741 = VECTOR('',#1742,1.);
#1742 = DIRECTION('',(7.131481708145E-34,1.));
#1743 = ( GEOMETRIC_REPRESENTATION_CONTEXT(2) 
PARAMETRIC_REPRESENTATION_CONTEXT() REPRESENTATION_CONTEXT('2D SPACE',''
  ) );
#1744 = PCURVE('',#1487,#1745);
#1745 = DEFINITIONAL_REPRESENTATION('',(#1746),#1750);
#1746 = LINE('',#1747,#1748);
#1747 = CARTESIAN_POINT('',(10.,10.));
#1748 = VECTOR('',#1749,1.);
#1749 = DIRECTION('',(0.707106781187,-0.707106781187));
#1750 = ( GEOMETRIC_REPRESENTATION_CONTEXT(2) 
PARAMETRIC_REPRESENTATION_CONTEXT() REPRESENTATION_CONTEXT('2D SPACE',''
  ) );
#1751 = ORIENTED_EDGE('',*,*,#1443,.T.);
#1752 = ORIENTED_EDGE('',*,*,#1542,.T.);
#1753 = ORIENTED_EDGE('',*,*,#1754,.F.);
#1754 = EDGE_CURVE('',#1730,#1543,#1755,.T.);
#1755 = SURFACE_CURVE('',#1756,(#1760,#1767),.PCURVE_S1.);
#1756 = LINE('',#1757,#1758);
#1757 = CARTESIAN_POINT('',(120.,-350.,0.));
#1758 = VECTOR('',#1759,1.);
#1759 = DIRECTION('',(0.,0.,1.));
#1760 = PCURVE('',#1459,#1761);
#1761 = DEFINITIONAL_REPRESENTATION('',(#1762),#1766);
#1762 = LINE('',#1763,#1764);
#1763 = CARTESIAN_POINT('',(-0.,14.142135623731));
#1764 = VECTOR('',#1765,1.);
#1765 = DIRECTION('',(-1.,0.));
#1766 = ( GEOMETRIC_REPRESENTATION_CONTEXT(2) 
PARAMETRIC_REPRESENTATION_CONTEXT() REPRESENTATION_CONTEXT('2D SPACE',''
  ) );
#1767 = PCURVE('',#1581,#1768);
#1768 = DEFINITIONAL_REPRESENTATION('',(#1769),#1773);
#1769 = LINE('',#1770,#1771);
#1770 = CARTESIAN_POINT('',(0.,20.));
#1771 = VECTOR('',#1772,1.);
#1772 = DIRECTION('',(1.,0.));
#1773 = ( GEOMETRIC_REPRESENTATION_CONTEXT(2) 
PARAMETRIC_REPRESENTATION_CONTEXT() REPRESENTATION_CONTEXT('2D SPACE',''
  ) );
#1774 = ADVANCED_FACE('',(#1775),#1513,.F.);
#1775 = FACE_BOUND('',#1776,.T.);
#1776 = EDGE_LOOP('',(#1777,#1800,#1801,#1802));
#1777 = ORIENTED_EDGE('',*,*,#1778,.F.);
#1778 = EDGE_CURVE('',#1472,#1779,#1781,.T.);
#1779 = VERTEX_POINT('',#1780);
#1780 = CARTESIAN_POINT('',(120.,350.,-1.008543815147E-32));
#1781 = SURFACE_CURVE('',#1782,(#1786,#1793),.PCURVE_S1.);
#1782 = LINE('',#1783,#1784);
#1783 = CARTESIAN_POINT('',(-65.,165.,0.));
#1784 = VECTOR('',#1785,1.);
#1785 = DIRECTION('',(0.707106781187,0.707106781187,-0.));
#1786 = PCURVE('',#1513,#1787);
#1787 = DEFINITIONAL_REPRESENTATION('',(#1788),#1792);
#1788 = LINE('',#1789,#1790);
#1789 = CARTESIAN_POINT('',(5.731567514496E-31,-247.4873734152));
#1790 = VECTOR('',#1791,1.);
#1791 = DIRECTION('',(7.131481708145E-34,1.));
#1792 = ( GEOMETRIC_REPRESENTATION_CONTEXT(2) 
PARAMETRIC_REPRESENTATION_CONTEXT() REPRESENTATION_CONTEXT('2D SPACE',''
  ) );
#1793 = PCURVE('',#1487,#1794);
#1794 = DEFINITIONAL_REPRESENTATION('',(#1795),#1799);
#1795 = LINE('',#1796,#1797);
#1796 = CARTESIAN_POINT('',(-165.,515.));
#1797 = VECTOR('',#1798,1.);
#1798 = DIRECTION('',(0.707106781187,0.707106781187));
#1799 = ( GEOMETRIC_REPRESENTATION_CONTEXT(2) 
PARAMETRIC_REPRESENTATION_CONTEXT() REPRESENTATION_CONTEXT('2D SPACE',''
  ) );
#1800 = ORIENTED_EDGE('',*,*,#1499,.T.);
#1801 = ORIENTED_EDGE('',*,*,#1705,.T.);
#1802 = ORIENTED_EDGE('',*,*,#1803,.F.);
#1803 = EDGE_CURVE('',#1779,#1678,#1804,.T.);
#1804 = SURFACE_CURVE('',#1805,(#1809,#1816),.PCURVE_S1.);
#1805 = LINE('',#1806,#1807);
#1806 = CARTESIAN_POINT('',(120.,350.,0.));
#1807 = VECTOR('',#1808,1.);
#1808 = DIRECTION('',(0.,0.,1.));
#1809 = PCURVE('',#1513,#1810);
#1810 = DEFINITIONAL_REPRESENTATION('',(#1811),#1815);
#1811 = LINE('',#1812,#1813);
#1812 = CARTESIAN_POINT('',(-0.,14.142135623731));
#1813 = VECTOR('',#1814,1.);
#1814 = DIRECTION('',(-1.,0.));
#1815 = ( GEOMETRIC_REPRESENTATION_CONTEXT(2) 
PARAMETRIC_REPRESENTATION_CONTEXT() REPRESENTATION_CONTEXT('2D SPACE',''
  ) );
#1816 = PCURVE('',#1693,#1817);
#1817 = DEFINITIONAL_REPRESENTATION('',(#1818),#1822);
#1818 = LINE('',#1819,#1820);
#1819 = CARTESIAN_POINT('',(0.,20.));
#1820 = VECTOR('',#1821,1.);
#1821 = DIRECTION('',(1.,0.));
#1822 = ( GEOMETRIC_REPRESENTATION_CONTEXT(2) 
PARAMETRIC_REPRESENTATION_CONTEXT() REPRESENTATION_CONTEXT('2D SPACE',''
  ) );
#1823 = ADVANCED_FACE('',(#1824),#1487,.F.);
#1824 = FACE_BOUND('',#1825,.F.);
#1825 = EDGE_LOOP('',(#1826,#1827,#1828,#1851,#1874,#1897,#1920,#1941));
#1826 = ORIENTED_EDGE('',*,*,#1471,.F.);
#1827 = ORIENTED_EDGE('',*,*,#1729,.T.);
#1828 = ORIENTED_EDGE('',*,*,#1829,.T.);
#1829 = EDGE_CURVE('',#1730,#1830,#1832,.T.);
#1830 = VERTEX_POINT('',#1831);
#1831 = CARTESIAN_POINT('',(330.,-350.,-1.008543815147E-32));
#1832 = SURFACE_CURVE('',#1833,(#1837,#1844),.PCURVE_S1.);
#1833 = LINE('',#1834,#1835);
#1834 = CARTESIAN_POINT('',(100.,-350.,0.));
#1835 = VECTOR('',#1836,1.);
#1836 = DIRECTION('',(1.,0.,0.));
#1837 = PCURVE('',#1487,#1838);
#1838 = DEFINITIONAL_REPRESENTATION('',(#1839),#1843);
#1839 = LINE('',#1840,#1841);
#1840 = CARTESIAN_POINT('',(0.,0.));
#1841 = VECTOR('',#1842,1.);
#1842 = DIRECTION('',(1.,0.));
#1843 = ( GEOMETRIC_REPRESENTATION_CONTEXT(2) 
PARAMETRIC_REPRESENTATION_CONTEXT() REPRESENTATION_CONTEXT('2D SPACE',''
  ) );
#1844 = PCURVE('',#1581,#1845);
#1845 = DEFINITIONAL_REPRESENTATION('',(#1846),#1850);
#1846 = LINE('',#1847,#1848);
#1847 = CARTESIAN_POINT('',(0.,0.));
#1848 = VECTOR('',#1849,1.);
#1849 = DIRECTION('',(0.,1.));
#1850 = ( GEOMETRIC_REPRESENTATION_CONTEXT(2) 
PARAMETRIC_REPRESENTATION_CONTEXT() REPRESENTATION_CONTEXT('2D SPACE',''
  ) );
#1851 = ORIENTED_EDGE('',*,*,#1852,.F.);
#1852 = EDGE_CURVE('',#1853,#1830,#1855,.T.);
#1853 = VERTEX_POINT('',#1854);
#1854 = CARTESIAN_POINT('',(350.,-330.,1.008543815147E-32));
#1855 = SURFACE_CURVE('',#1856,(#1860,#1867),.PCURVE_S1.);
#1856 = LINE('',#1857,#1858);
#1857 = CARTESIAN_POINT('',(277.5,-402.5,0.));
#1858 = VECTOR('',#1859,1.);
#1859 = DIRECTION('',(-0.707106781187,-0.707106781187,0.));
#1860 = PCURVE('',#1487,#1861);
#1861 = DEFINITIONAL_REPRESENTATION('',(#1862),#1866);
#1862 = LINE('',#1863,#1864);
#1863 = CARTESIAN_POINT('',(177.5,-52.5));
#1864 = VECTOR('',#1865,1.);
#1865 = DIRECTION('',(-0.707106781187,-0.707106781187));
#1866 = ( GEOMETRIC_REPRESENTATION_CONTEXT(2) 
PARAMETRIC_REPRESENTATION_CONTEXT() REPRESENTATION_CONTEXT('2D SPACE',''
  ) );
#1867 = PCURVE('',#1609,#1868);
#1868 = DEFINITIONAL_REPRESENTATION('',(#1869),#1873);
#1869 = LINE('',#1870,#1871);
#1870 = CARTESIAN_POINT('',(7.703719777549E-32,88.388347648318));
#1871 = VECTOR('',#1872,1.);
#1872 = DIRECTION('',(7.131481708145E-34,1.));
#1873 = ( GEOMETRIC_REPRESENTATION_CONTEXT(2) 
PARAMETRIC_REPRESENTATION_CONTEXT() REPRESENTATION_CONTEXT('2D SPACE',''
  ) );
#1874 = ORIENTED_EDGE('',*,*,#1875,.T.);
#1875 = EDGE_CURVE('',#1853,#1876,#1878,.T.);
#1876 = VERTEX_POINT('',#1877);
#1877 = CARTESIAN_POINT('',(350.,330.,1.008543815147E-32));
#1878 = SURFACE_CURVE('',#1879,(#1883,#1890),.PCURVE_S1.);
#1879 = LINE('',#1880,#1881);
#1880 = CARTESIAN_POINT('',(350.,-350.,0.));
#1881 = VECTOR('',#1882,1.);
#1882 = DIRECTION('',(0.,1.,0.));
#1883 = PCURVE('',#1487,#1884);
#1884 = DEFINITIONAL_REPRESENTATION('',(#1885),#1889);
#1885 = LINE('',#1886,#1887);
#1886 = CARTESIAN_POINT('',(250.,0.));
#1887 = VECTOR('',#1888,1.);
#1888 = DIRECTION('',(0.,1.));
#1889 = ( GEOMETRIC_REPRESENTATION_CONTEXT(2) 
PARAMETRIC_REPRESENTATION_CONTEXT() REPRESENTATION_CONTEXT('2D SPACE',''
  ) );
#1890 = PCURVE('',#1637,#1891);
#1891 = DEFINITIONAL_REPRESENTATION('',(#1892),#1896);
#1892 = LINE('',#1893,#1894);
#1893 = CARTESIAN_POINT('',(0.,0.));
#1894 = VECTOR('',#1895,1.);
#1895 = DIRECTION('',(0.,-1.));
#1896 = ( GEOMETRIC_REPRESENTATION_CONTEXT(2) 
PARAMETRIC_REPRESENTATION_CONTEXT() REPRESENTATION_CONTEXT('2D SPACE',''
  ) );
#1897 = ORIENTED_EDGE('',*,*,#1898,.T.);
#1898 = EDGE_CURVE('',#1876,#1899,#1901,.T.);
#1899 = VERTEX_POINT('',#1900);
#1900 = CARTESIAN_POINT('',(330.,350.,-1.008543815147E-32));
#1901 = SURFACE_CURVE('',#1902,(#1906,#1913),.PCURVE_S1.);
#1902 = LINE('',#1903,#1904);
#1903 = CARTESIAN_POINT('',(452.5,227.5,0.));
#1904 = VECTOR('',#1905,1.);
#1905 = DIRECTION('',(-0.707106781187,0.707106781187,0.));
#1906 = PCURVE('',#1487,#1907);
#1907 = DEFINITIONAL_REPRESENTATION('',(#1908),#1912);
#1908 = LINE('',#1909,#1910);
#1909 = CARTESIAN_POINT('',(352.5,577.5));
#1910 = VECTOR('',#1911,1.);
#1911 = DIRECTION('',(-0.707106781187,0.707106781187));
#1912 = ( GEOMETRIC_REPRESENTATION_CONTEXT(2) 
PARAMETRIC_REPRESENTATION_CONTEXT() REPRESENTATION_CONTEXT('2D SPACE',''
  ) );
#1913 = PCURVE('',#1665,#1914);
#1914 = DEFINITIONAL_REPRESENTATION('',(#1915),#1919);
#1915 = LINE('',#1916,#1917);
#1916 = CARTESIAN_POINT('',(1.968832440741E-30,-159.0990257669));
#1917 = VECTOR('',#1918,1.);
#1918 = DIRECTION('',(7.131481708145E-34,1.));
#1919 = ( GEOMETRIC_REPRESENTATION_CONTEXT(2) 
PARAMETRIC_REPRESENTATION_CONTEXT() REPRESENTATION_CONTEXT('2D SPACE',''
  ) );
#1920 = ORIENTED_EDGE('',*,*,#1921,.F.);
#1921 = EDGE_CURVE('',#1779,#1899,#1922,.T.);
#1922 = SURFACE_CURVE('',#1923,(#1927,#1934),.PCURVE_S1.);
#1923 = LINE('',#1924,#1925);
#1924 = CARTESIAN_POINT('',(100.,350.,0.));
#1925 = VECTOR('',#1926,1.);
#1926 = DIRECTION('',(1.,0.,0.));
#1927 = PCURVE('',#1487,#1928);
#1928 = DEFINITIONAL_REPRESENTATION('',(#1929),#1933);
#1929 = LINE('',#1930,#1931);
#1930 = CARTESIAN_POINT('',(0.,700.));
#1931 = VECTOR('',#1932,1.);
#1932 = DIRECTION('',(1.,0.));
#1933 = ( GEOMETRIC_REPRESENTATION_CONTEXT(2) 
PARAMETRIC_REPRESENTATION_CONTEXT() REPRESENTATION_CONTEXT('2D SPACE',''
  ) );
#1934 = PCURVE('',#1693,#1935);
#1935 = DEFINITIONAL_REPRESENTATION('',(#1936),#1940);
#1936 = LINE('',#1937,#1938);
#1937 = CARTESIAN_POINT('',(0.,0.));
#1938 = VECTOR('',#1939,1.);
#1939 = DIRECTION('',(0.,1.));
#1940 = ( GEOMETRIC_REPRESENTATION_CONTEXT(2) 
PARAMETRIC_REPRESENTATION_CONTEXT() REPRESENTATION_CONTEXT('2D SPACE',''
  ) );
#1941 = ORIENTED_EDGE('',*,*,#1778,.F.);
#1942 = ADVANCED_FACE('',(#1943),#1581,.F.);
#1943 = FACE_BOUND('',#1944,.F.);
#1944 = EDGE_LOOP('',(#1945,#1946,#1947,#1948));
#1945 = ORIENTED_EDGE('',*,*,#1829,.F.);
#1946 = ORIENTED_EDGE('',*,*,#1754,.T.);
#1947 = ORIENTED_EDGE('',*,*,#1565,.T.);
#1948 = ORIENTED_EDGE('',*,*,#1949,.F.);
#1949 = EDGE_CURVE('',#1830,#1566,#1950,.T.);
#1950 = SURFACE_CURVE('',#1951,(#1955,#1962),.PCURVE_S1.);
#1951 = LINE('',#1952,#1953);
#1952 = CARTESIAN_POINT('',(330.,-350.,0.));
#1953 = VECTOR('',#1954,1.);
#1954 = DIRECTION('',(0.,0.,1.));
#1955 = PCURVE('',#1581,#1956);
#1956 = DEFINITIONAL_REPRESENTATION('',(#1957),#1961);
#1957 = LINE('',#1958,#1959);
#1958 = CARTESIAN_POINT('',(0.,230.));
#1959 = VECTOR('',#1960,1.);
#1960 = DIRECTION('',(1.,0.));
#1961 = ( GEOMETRIC_REPRESENTATION_CONTEXT(2) 
PARAMETRIC_REPRESENTATION_CONTEXT() REPRESENTATION_CONTEXT('2D SPACE',''
  ) );
#1962 = PCURVE('',#1609,#1963);
#1963 = DEFINITIONAL_REPRESENTATION('',(#1964),#1968);
#1964 = LINE('',#1965,#1966);
#1965 = CARTESIAN_POINT('',(-0.,14.142135623731));
#1966 = VECTOR('',#1967,1.);
#1967 = DIRECTION('',(-1.,0.));
#1968 = ( GEOMETRIC_REPRESENTATION_CONTEXT(2) 
PARAMETRIC_REPRESENTATION_CONTEXT() REPRESENTATION_CONTEXT('2D SPACE',''
  ) );
#1969 = ADVANCED_FACE('',(#1970),#1693,.T.);
#1970 = FACE_BOUND('',#1971,.T.);
#1971 = EDGE_LOOP('',(#1972,#1973,#1974,#1975));
#1972 = ORIENTED_EDGE('',*,*,#1921,.F.);
#1973 = ORIENTED_EDGE('',*,*,#1803,.T.);
#1974 = ORIENTED_EDGE('',*,*,#1677,.T.);
#1975 = ORIENTED_EDGE('',*,*,#1976,.F.);
#1976 = EDGE_CURVE('',#1899,#1650,#1977,.T.);
#1977 = SURFACE_CURVE('',#1978,(#1982,#1989),.PCURVE_S1.);
#1978 = LINE('',#1979,#1980);
#1979 = CARTESIAN_POINT('',(330.,350.,0.));
#1980 = VECTOR('',#1981,1.);
#1981 = DIRECTION('',(0.,0.,1.));
#1982 = PCURVE('',#1693,#1983);
#1983 = DEFINITIONAL_REPRESENTATION('',(#1984),#1988);
#1984 = LINE('',#1985,#1986);
#1985 = CARTESIAN_POINT('',(0.,230.));
#1986 = VECTOR('',#1987,1.);
#1987 = DIRECTION('',(1.,0.));
#1988 = ( GEOMETRIC_REPRESENTATION_CONTEXT(2) 
PARAMETRIC_REPRESENTATION_CONTEXT() REPRESENTATION_CONTEXT('2D SPACE',''
  ) );
#1989 = PCURVE('',#1665,#1990);
#1990 = DEFINITIONAL_REPRESENTATION('',(#1991),#1995);
#1991 = LINE('',#1992,#1993);
#1992 = CARTESIAN_POINT('',(-0.,14.142135623731));
#1993 = VECTOR('',#1994,1.);
#1994 = DIRECTION('',(-1.,0.));
#1995 = ( GEOMETRIC_REPRESENTATION_CONTEXT(2) 
PARAMETRIC_REPRESENTATION_CONTEXT() REPRESENTATION_CONTEXT('2D SPACE',''
  ) );
#1996 = ADVANCED_FACE('',(#1997),#1609,.F.);
#1997 = FACE_BOUND('',#1998,.T.);
#1998 = EDGE_LOOP('',(#1999,#2000,#2021,#2022));
#1999 = ORIENTED_EDGE('',*,*,#1852,.F.);
#2000 = ORIENTED_EDGE('',*,*,#2001,.T.);
#2001 = EDGE_CURVE('',#1853,#1594,#2002,.T.);
#2002 = SURFACE_CURVE('',#2003,(#2007,#2014),.PCURVE_S1.);
#2003 = LINE('',#2004,#2005);
#2004 = CARTESIAN_POINT('',(350.,-330.,0.));
#2005 = VECTOR('',#2006,1.);
#2006 = DIRECTION('',(0.,0.,1.));
#2007 = PCURVE('',#1609,#2008);
#2008 = DEFINITIONAL_REPRESENTATION('',(#2009),#2013);
#2009 = LINE('',#2010,#2011);
#2010 = CARTESIAN_POINT('',(-0.,-14.14213562373));
#2011 = VECTOR('',#2012,1.);
#2012 = DIRECTION('',(-1.,0.));
#2013 = ( GEOMETRIC_REPRESENTATION_CONTEXT(2) 
PARAMETRIC_REPRESENTATION_CONTEXT() REPRESENTATION_CONTEXT('2D SPACE',''
  ) );
#2014 = PCURVE('',#1637,#2015);
#2015 = DEFINITIONAL_REPRESENTATION('',(#2016),#2020);
#2016 = LINE('',#2017,#2018);
#2017 = CARTESIAN_POINT('',(0.,-20.));
#2018 = VECTOR('',#2019,1.);
#2019 = DIRECTION('',(1.,0.));
#2020 = ( GEOMETRIC_REPRESENTATION_CONTEXT(2) 
PARAMETRIC_REPRESENTATION_CONTEXT() REPRESENTATION_CONTEXT('2D SPACE',''
  ) );
#2021 = ORIENTED_EDGE('',*,*,#1593,.T.);
#2022 = ORIENTED_EDGE('',*,*,#1949,.F.);
#2023 = ADVANCED_FACE('',(#2024),#1665,.T.);
#2024 = FACE_BOUND('',#2025,.F.);
#2025 = EDGE_LOOP('',(#2026,#2027,#2048,#2049));
#2026 = ORIENTED_EDGE('',*,*,#1898,.F.);
#2027 = ORIENTED_EDGE('',*,*,#2028,.T.);
#2028 = EDGE_CURVE('',#1876,#1622,#2029,.T.);
#2029 = SURFACE_CURVE('',#2030,(#2034,#2041),.PCURVE_S1.);
#2030 = LINE('',#2031,#2032);
#2031 = CARTESIAN_POINT('',(350.,330.,0.));
#2032 = VECTOR('',#2033,1.);
#2033 = DIRECTION('',(0.,0.,1.));
#2034 = PCURVE('',#1665,#2035);
#2035 = DEFINITIONAL_REPRESENTATION('',(#2036),#2040);
#2036 = LINE('',#2037,#2038);
#2037 = CARTESIAN_POINT('',(-0.,-14.14213562373));
#2038 = VECTOR('',#2039,1.);
#2039 = DIRECTION('',(-1.,0.));
#2040 = ( GEOMETRIC_REPRESENTATION_CONTEXT(2) 
PARAMETRIC_REPRESENTATION_CONTEXT() REPRESENTATION_CONTEXT('2D SPACE',''
  ) );
#2041 = PCURVE('',#1637,#2042);
#2042 = DEFINITIONAL_REPRESENTATION('',(#2043),#2047);
#2043 = LINE('',#2044,#2045);
#2044 = CARTESIAN_POINT('',(0.,-680.));
#2045 = VECTOR('',#2046,1.);
#2046 = DIRECTION('',(1.,0.));
#2047 = ( GEOMETRIC_REPRESENTATION_CONTEXT(2) 
PARAMETRIC_REPRESENTATION_CONTEXT() REPRESENTATION_CONTEXT('2D SPACE',''
  ) );
#2048 = ORIENTED_EDGE('',*,*,#1649,.T.);
#2049 = ORIENTED_EDGE('',*,*,#1976,.F.);
#2050 = ADVANCED_FACE('',(#2051,#2057,#2143,#2247,#2351,#2465,#2569),
  #1637,.T.);
#2051 = FACE_BOUND('',#2052,.T.);
#2052 = EDGE_LOOP('',(#2053,#2054,#2055,#2056));
#2053 = ORIENTED_EDGE('',*,*,#1621,.F.);
#2054 = ORIENTED_EDGE('',*,*,#2001,.F.);
#2055 = ORIENTED_EDGE('',*,*,#1875,.T.);
#2056 = ORIENTED_EDGE('',*,*,#2028,.T.);
#2057 = FACE_BOUND('',#2058,.T.);
#2058 = EDGE_LOOP('',(#2059,#2089,#2117));
#2059 = ORIENTED_EDGE('',*,*,#2060,.F.);
#2060 = EDGE_CURVE('',#2061,#2063,#2065,.T.);
#2061 = VERTEX_POINT('',#2062);
#2062 = CARTESIAN_POINT('',(350.,190.,300.));
#2063 = VERTEX_POINT('',#2064);
#2064 = CARTESIAN_POINT('',(350.,125.,365.));
#2065 = SURFACE_CURVE('',#2066,(#2070,#2077),.PCURVE_S1.);
#2066 = LINE('',#2067,#2068);
#2067 = CARTESIAN_POINT('',(350.,190.,300.));
#2068 = VECTOR('',#2069,1.);
#2069 = DIRECTION('',(0.,-0.707106781187,0.707106781187));
#2070 = PCURVE('',#1637,#2071);
#2071 = DEFINITIONAL_REPRESENTATION('',(#2072),#2076);
#2072 = LINE('',#2073,#2074);
#2073 = CARTESIAN_POINT('',(300.,-540.));
#2074 = VECTOR('',#2075,1.);
#2075 = DIRECTION('',(0.707106781187,0.707106781187));
#2076 = ( GEOMETRIC_REPRESENTATION_CONTEXT(2) 
PARAMETRIC_REPRESENTATION_CONTEXT() REPRESENTATION_CONTEXT('2D SPACE',''
  ) );
#2077 = PCURVE('',#2078,#2083);
#2078 = PLANE('',#2079);
#2079 = AXIS2_PLACEMENT_3D('',#2080,#2081,#2082);
#2080 = CARTESIAN_POINT('',(350.,190.,300.));
#2081 = DIRECTION('',(-0.,0.707106781187,0.707106781187));
#2082 = DIRECTION('',(0.,-0.707106781187,0.707106781187));
#2083 = DEFINITIONAL_REPRESENTATION('',(#2084),#2088);
#2084 = LINE('',#2085,#2086);
#2085 = CARTESIAN_POINT('',(0.,0.));
#2086 = VECTOR('',#2087,1.);
#2087 = DIRECTION('',(1.,0.));
#2088 = ( GEOMETRIC_REPRESENTATION_CONTEXT(2) 
PARAMETRIC_REPRESENTATION_CONTEXT() REPRESENTATION_CONTEXT('2D SPACE',''
  ) );
#2089 = ORIENTED_EDGE('',*,*,#2090,.F.);
#2090 = EDGE_CURVE('',#2091,#2061,#2093,.T.);
#2091 = VERTEX_POINT('',#2092);
#2092 = CARTESIAN_POINT('',(350.,125.,235.));
#2093 = SURFACE_CURVE('',#2094,(#2098,#2105),.PCURVE_S1.);
#2094 = LINE('',#2095,#2096);
#2095 = CARTESIAN_POINT('',(350.,-3.49024337757E-14,110.));
#2096 = VECTOR('',#2097,1.);
#2097 = DIRECTION('',(0.,0.707106781187,0.707106781187));
#2098 = PCURVE('',#1637,#2099);
#2099 = DEFINITIONAL_REPRESENTATION('',(#2100),#2104);
#2100 = LINE('',#2101,#2102);
#2101 = CARTESIAN_POINT('',(110.,-350.));
#2102 = VECTOR('',#2103,1.);
#2103 = DIRECTION('',(0.707106781187,-0.707106781187));
#2104 = ( GEOMETRIC_REPRESENTATION_CONTEXT(2) 
PARAMETRIC_REPRESENTATION_CONTEXT() REPRESENTATION_CONTEXT('2D SPACE',''
  ) );
#2105 = PCURVE('',#2106,#2111);
#2106 = PLANE('',#2107);
#2107 = AXIS2_PLACEMENT_3D('',#2108,#2109,#2110);
#2108 = CARTESIAN_POINT('',(350.,-3.49024337757E-14,110.));
#2109 = DIRECTION('',(0.,0.707106781187,-0.707106781187));
#2110 = DIRECTION('',(0.,0.707106781187,0.707106781187));
#2111 = DEFINITIONAL_REPRESENTATION('',(#2112),#2116);
#2112 = LINE('',#2113,#2114);
#2113 = CARTESIAN_POINT('',(0.,0.));
#2114 = VECTOR('',#2115,1.);
#2115 = DIRECTION('',(1.,0.));
#2116 = ( GEOMETRIC_REPRESENTATION_CONTEXT(2) 
PARAMETRIC_REPRESENTATION_CONTEXT() REPRESENTATION_CONTEXT('2D SPACE',''
  ) );
#2117 = ORIENTED_EDGE('',*,*,#2118,.T.);
#2118 = EDGE_CURVE('',#2091,#2063,#2119,.T.);
#2119 = SURFACE_CURVE('',#2120,(#2124,#2131),.PCURVE_S1.);
#2120 = LINE('',#2121,#2122);
#2121 = CARTESIAN_POINT('',(350.,125.,80.));
#2122 = VECTOR('',#2123,1.);
#2123 = DIRECTION('',(0.,0.,1.));
#2124 = PCURVE('',#1637,#2125);
#2125 = DEFINITIONAL_REPRESENTATION('',(#2126),#2130);
#2126 = LINE('',#2127,#2128);
#2127 = CARTESIAN_POINT('',(80.,-475.));
#2128 = VECTOR('',#2129,1.);
#2129 = DIRECTION('',(1.,0.));
#2130 = ( GEOMETRIC_REPRESENTATION_CONTEXT(2) 
PARAMETRIC_REPRESENTATION_CONTEXT() REPRESENTATION_CONTEXT('2D SPACE',''
  ) );
#2131 = PCURVE('',#2132,#2137);
#2132 = PLANE('',#2133);
#2133 = AXIS2_PLACEMENT_3D('',#2134,#2135,#2136);
#2134 = CARTESIAN_POINT('',(341.,125.,80.));
#2135 = DIRECTION('',(0.,-1.,0.));
#2136 = DIRECTION('',(0.,0.,1.));
#2137 = DEFINITIONAL_REPRESENTATION('',(#2138),#2142);
#2138 = LINE('',#2139,#2140);
#2139 = CARTESIAN_POINT('',(0.,-9.));
#2140 = VECTOR('',#2141,1.);
#2141 = DIRECTION('',(1.,0.));
#2142 = ( GEOMETRIC_REPRESENTATION_CONTEXT(2) 
PARAMETRIC_REPRESENTATION_CONTEXT() REPRESENTATION_CONTEXT('2D SPACE',''
  ) );
#2143 = FACE_BOUND('',#2144,.T.);
#2144 = EDGE_LOOP('',(#2145,#2170,#2198,#2221));
#2145 = ORIENTED_EDGE('',*,*,#2146,.F.);
#2146 = EDGE_CURVE('',#2147,#2149,#2151,.T.);
#2147 = VERTEX_POINT('',#2148);
#2148 = CARTESIAN_POINT('',(350.,115.,375.));
#2149 = VERTEX_POINT('',#2150);
#2150 = CARTESIAN_POINT('',(350.,65.,425.));
#2151 = SURFACE_CURVE('',#2152,(#2156,#2163),.PCURVE_S1.);
#2152 = LINE('',#2153,#2154);
#2153 = CARTESIAN_POINT('',(350.,190.,300.));
#2154 = VECTOR('',#2155,1.);
#2155 = DIRECTION('',(0.,-0.707106781187,0.707106781187));
#2156 = PCURVE('',#1637,#2157);
#2157 = DEFINITIONAL_REPRESENTATION('',(#2158),#2162);
#2158 = LINE('',#2159,#2160);
#2159 = CARTESIAN_POINT('',(300.,-540.));
#2160 = VECTOR('',#2161,1.);
#2161 = DIRECTION('',(0.707106781187,0.707106781187));
#2162 = ( GEOMETRIC_REPRESENTATION_CONTEXT(2) 
PARAMETRIC_REPRESENTATION_CONTEXT() REPRESENTATION_CONTEXT('2D SPACE',''
  ) );
#2163 = PCURVE('',#2078,#2164);
#2164 = DEFINITIONAL_REPRESENTATION('',(#2165),#2169);
#2165 = LINE('',#2166,#2167);
#2166 = CARTESIAN_POINT('',(0.,0.));
#2167 = VECTOR('',#2168,1.);
#2168 = DIRECTION('',(1.,0.));
#2169 = ( GEOMETRIC_REPRESENTATION_CONTEXT(2) 
PARAMETRIC_REPRESENTATION_CONTEXT() REPRESENTATION_CONTEXT('2D SPACE',''
  ) );
#2170 = ORIENTED_EDGE('',*,*,#2171,.T.);
#2171 = EDGE_CURVE('',#2147,#2172,#2174,.T.);
#2172 = VERTEX_POINT('',#2173);
#2173 = CARTESIAN_POINT('',(350.,115.,225.));
#2174 = SURFACE_CURVE('',#2175,(#2179,#2186),.PCURVE_S1.);
#2175 = LINE('',#2176,#2177);
#2176 = CARTESIAN_POINT('',(350.,115.,520.));
#2177 = VECTOR('',#2178,1.);
#2178 = DIRECTION('',(0.,0.,-1.));
#2179 = PCURVE('',#1637,#2180);
#2180 = DEFINITIONAL_REPRESENTATION('',(#2181),#2185);
#2181 = LINE('',#2182,#2183);
#2182 = CARTESIAN_POINT('',(520.,-465.));
#2183 = VECTOR('',#2184,1.);
#2184 = DIRECTION('',(-1.,0.));
#2185 = ( GEOMETRIC_REPRESENTATION_CONTEXT(2) 
PARAMETRIC_REPRESENTATION_CONTEXT() REPRESENTATION_CONTEXT('2D SPACE',''
  ) );
#2186 = PCURVE('',#2187,#2192);
#2187 = PLANE('',#2188);
#2188 = AXIS2_PLACEMENT_3D('',#2189,#2190,#2191);
#2189 = CARTESIAN_POINT('',(341.,115.,520.));
#2190 = DIRECTION('',(-0.,1.,0.));
#2191 = DIRECTION('',(0.,0.,-1.));
#2192 = DEFINITIONAL_REPRESENTATION('',(#2193),#2197);
#2193 = LINE('',#2194,#2195);
#2194 = CARTESIAN_POINT('',(0.,-9.));
#2195 = VECTOR('',#2196,1.);
#2196 = DIRECTION('',(1.,0.));
#2197 = ( GEOMETRIC_REPRESENTATION_CONTEXT(2) 
PARAMETRIC_REPRESENTATION_CONTEXT() REPRESENTATION_CONTEXT('2D SPACE',''
  ) );
#2198 = ORIENTED_EDGE('',*,*,#2199,.F.);
#2199 = EDGE_CURVE('',#2200,#2172,#2202,.T.);
#2200 = VERTEX_POINT('',#2201);
#2201 = CARTESIAN_POINT('',(350.,65.,175.));
#2202 = SURFACE_CURVE('',#2203,(#2207,#2214),.PCURVE_S1.);
#2203 = LINE('',#2204,#2205);
#2204 = CARTESIAN_POINT('',(350.,-3.49024337757E-14,110.));
#2205 = VECTOR('',#2206,1.);
#2206 = DIRECTION('',(0.,0.707106781187,0.707106781187));
#2207 = PCURVE('',#1637,#2208);
#2208 = DEFINITIONAL_REPRESENTATION('',(#2209),#2213);
#2209 = LINE('',#2210,#2211);
#2210 = CARTESIAN_POINT('',(110.,-350.));
#2211 = VECTOR('',#2212,1.);
#2212 = DIRECTION('',(0.707106781187,-0.707106781187));
#2213 = ( GEOMETRIC_REPRESENTATION_CONTEXT(2) 
PARAMETRIC_REPRESENTATION_CONTEXT() REPRESENTATION_CONTEXT('2D SPACE',''
  ) );
#2214 = PCURVE('',#2106,#2215);
#2215 = DEFINITIONAL_REPRESENTATION('',(#2216),#2220);
#2216 = LINE('',#2217,#2218);
#2217 = CARTESIAN_POINT('',(0.,0.));
#2218 = VECTOR('',#2219,1.);
#2219 = DIRECTION('',(1.,0.));
#2220 = ( GEOMETRIC_REPRESENTATION_CONTEXT(2) 
PARAMETRIC_REPRESENTATION_CONTEXT() REPRESENTATION_CONTEXT('2D SPACE',''
  ) );
#2221 = ORIENTED_EDGE('',*,*,#2222,.T.);
#2222 = EDGE_CURVE('',#2200,#2149,#2223,.T.);
#2223 = SURFACE_CURVE('',#2224,(#2228,#2235),.PCURVE_S1.);
#2224 = LINE('',#2225,#2226);
#2225 = CARTESIAN_POINT('',(350.,65.,80.));
#2226 = VECTOR('',#2227,1.);
#2227 = DIRECTION('',(0.,0.,1.));
#2228 = PCURVE('',#1637,#2229);
#2229 = DEFINITIONAL_REPRESENTATION('',(#2230),#2234);
#2230 = LINE('',#2231,#2232);
#2231 = CARTESIAN_POINT('',(80.,-415.));
#2232 = VECTOR('',#2233,1.);
#2233 = DIRECTION('',(1.,0.));
#2234 = ( GEOMETRIC_REPRESENTATION_CONTEXT(2) 
PARAMETRIC_REPRESENTATION_CONTEXT() REPRESENTATION_CONTEXT('2D SPACE',''
  ) );
#2235 = PCURVE('',#2236,#2241);
#2236 = PLANE('',#2237);
#2237 = AXIS2_PLACEMENT_3D('',#2238,#2239,#2240);
#2238 = CARTESIAN_POINT('',(341.,65.,80.));
#2239 = DIRECTION('',(0.,-1.,0.));
#2240 = DIRECTION('',(0.,0.,1.));
#2241 = DEFINITIONAL_REPRESENTATION('',(#2242),#2246);
#2242 = LINE('',#2243,#2244);
#2243 = CARTESIAN_POINT('',(0.,-9.));
#2244 = VECTOR('',#2245,1.);
#2245 = DIRECTION('',(1.,0.));
#2246 = ( GEOMETRIC_REPRESENTATION_CONTEXT(2) 
PARAMETRIC_REPRESENTATION_CONTEXT() REPRESENTATION_CONTEXT('2D SPACE',''
  ) );
#2247 = FACE_BOUND('',#2248,.T.);
#2248 = EDGE_LOOP('',(#2249,#2274,#2302,#2325));
#2249 = ORIENTED_EDGE('',*,*,#2250,.F.);
#2250 = EDGE_CURVE('',#2251,#2253,#2255,.T.);
#2251 = VERTEX_POINT('',#2252);
#2252 = CARTESIAN_POINT('',(350.,55.,435.));
#2253 = VERTEX_POINT('',#2254);
#2254 = CARTESIAN_POINT('',(350.,5.,485.));
#2255 = SURFACE_CURVE('',#2256,(#2260,#2267),.PCURVE_S1.);
#2256 = LINE('',#2257,#2258);
#2257 = CARTESIAN_POINT('',(350.,190.,300.));
#2258 = VECTOR('',#2259,1.);
#2259 = DIRECTION('',(0.,-0.707106781187,0.707106781187));
#2260 = PCURVE('',#1637,#2261);
#2261 = DEFINITIONAL_REPRESENTATION('',(#2262),#2266);
#2262 = LINE('',#2263,#2264);
#2263 = CARTESIAN_POINT('',(300.,-540.));
#2264 = VECTOR('',#2265,1.);
#2265 = DIRECTION('',(0.707106781187,0.707106781187));
#2266 = ( GEOMETRIC_REPRESENTATION_CONTEXT(2) 
PARAMETRIC_REPRESENTATION_CONTEXT() REPRESENTATION_CONTEXT('2D SPACE',''
  ) );
#2267 = PCURVE('',#2078,#2268);
#2268 = DEFINITIONAL_REPRESENTATION('',(#2269),#2273);
#2269 = LINE('',#2270,#2271);
#2270 = CARTESIAN_POINT('',(0.,0.));
#2271 = VECTOR('',#2272,1.);
#2272 = DIRECTION('',(1.,0.));
#2273 = ( GEOMETRIC_REPRESENTATION_CONTEXT(2) 
PARAMETRIC_REPRESENTATION_CONTEXT() REPRESENTATION_CONTEXT('2D SPACE',''
  ) );
#2274 = ORIENTED_EDGE('',*,*,#2275,.T.);
#2275 = EDGE_CURVE('',#2251,#2276,#2278,.T.);
#2276 = VERTEX_POINT('',#2277);
#2277 = CARTESIAN_POINT('',(350.,55.,165.));
#2278 = SURFACE_CURVE('',#2279,(#2283,#2290),.PCURVE_S1.);
#2279 = LINE('',#2280,#2281);
#2280 = CARTESIAN_POINT('',(350.,55.,520.));
#2281 = VECTOR('',#2282,1.);
#2282 = DIRECTION('',(0.,0.,-1.));
#2283 = PCURVE('',#1637,#2284);
#2284 = DEFINITIONAL_REPRESENTATION('',(#2285),#2289);
#2285 = LINE('',#2286,#2287);
#2286 = CARTESIAN_POINT('',(520.,-405.));
#2287 = VECTOR('',#2288,1.);
#2288 = DIRECTION('',(-1.,0.));
#2289 = ( GEOMETRIC_REPRESENTATION_CONTEXT(2) 
PARAMETRIC_REPRESENTATION_CONTEXT() REPRESENTATION_CONTEXT('2D SPACE',''
  ) );
#2290 = PCURVE('',#2291,#2296);
#2291 = PLANE('',#2292);
#2292 = AXIS2_PLACEMENT_3D('',#2293,#2294,#2295);
#2293 = CARTESIAN_POINT('',(341.,55.,520.));
#2294 = DIRECTION('',(-0.,1.,0.));
#2295 = DIRECTION('',(0.,0.,-1.));
#2296 = DEFINITIONAL_REPRESENTATION('',(#2297),#2301);
#2297 = LINE('',#2298,#2299);
#2298 = CARTESIAN_POINT('',(0.,-9.));
#2299 = VECTOR('',#2300,1.);
#2300 = DIRECTION('',(1.,0.));
#2301 = ( GEOMETRIC_REPRESENTATION_CONTEXT(2) 
PARAMETRIC_REPRESENTATION_CONTEXT() REPRESENTATION_CONTEXT('2D SPACE',''
  ) );
#2302 = ORIENTED_EDGE('',*,*,#2303,.F.);
#2303 = EDGE_CURVE('',#2304,#2276,#2306,.T.);
#2304 = VERTEX_POINT('',#2305);
#2305 = CARTESIAN_POINT('',(350.,5.,115.));
#2306 = SURFACE_CURVE('',#2307,(#2311,#2318),.PCURVE_S1.);
#2307 = LINE('',#2308,#2309);
#2308 = CARTESIAN_POINT('',(350.,-3.49024337757E-14,110.));
#2309 = VECTOR('',#2310,1.);
#2310 = DIRECTION('',(0.,0.707106781187,0.707106781187));
#2311 = PCURVE('',#1637,#2312);
#2312 = DEFINITIONAL_REPRESENTATION('',(#2313),#2317);
#2313 = LINE('',#2314,#2315);
#2314 = CARTESIAN_POINT('',(110.,-350.));
#2315 = VECTOR('',#2316,1.);
#2316 = DIRECTION('',(0.707106781187,-0.707106781187));
#2317 = ( GEOMETRIC_REPRESENTATION_CONTEXT(2) 
PARAMETRIC_REPRESENTATION_CONTEXT() REPRESENTATION_CONTEXT('2D SPACE',''
  ) );
#2318 = PCURVE('',#2106,#2319);
#2319 = DEFINITIONAL_REPRESENTATION('',(#2320),#2324);
#2320 = LINE('',#2321,#2322);
#2321 = CARTESIAN_POINT('',(0.,0.));
#2322 = VECTOR('',#2323,1.);
#2323 = DIRECTION('',(1.,0.));
#2324 = ( GEOMETRIC_REPRESENTATION_CONTEXT(2) 
PARAMETRIC_REPRESENTATION_CONTEXT() REPRESENTATION_CONTEXT('2D SPACE',''
  ) );
#2325 = ORIENTED_EDGE('',*,*,#2326,.T.);
#2326 = EDGE_CURVE('',#2304,#2253,#2327,.T.);
#2327 = SURFACE_CURVE('',#2328,(#2332,#2339),.PCURVE_S1.);
#2328 = LINE('',#2329,#2330);
#2329 = CARTESIAN_POINT('',(350.,5.,80.));
#2330 = VECTOR('',#2331,1.);
#2331 = DIRECTION('',(0.,0.,1.));
#2332 = PCURVE('',#1637,#2333);
#2333 = DEFINITIONAL_REPRESENTATION('',(#2334),#2338);
#2334 = LINE('',#2335,#2336);
#2335 = CARTESIAN_POINT('',(80.,-355.));
#2336 = VECTOR('',#2337,1.);
#2337 = DIRECTION('',(1.,0.));
#2338 = ( GEOMETRIC_REPRESENTATION_CONTEXT(2) 
PARAMETRIC_REPRESENTATION_CONTEXT() REPRESENTATION_CONTEXT('2D SPACE',''
  ) );
#2339 = PCURVE('',#2340,#2345);
#2340 = PLANE('',#2341);
#2341 = AXIS2_PLACEMENT_3D('',#2342,#2343,#2344);
#2342 = CARTESIAN_POINT('',(341.,5.,80.));
#2343 = DIRECTION('',(0.,-1.,0.));
#2344 = DIRECTION('',(0.,0.,1.));
#2345 = DEFINITIONAL_REPRESENTATION('',(#2346),#2350);
#2346 = LINE('',#2347,#2348);
#2347 = CARTESIAN_POINT('',(0.,-9.));
#2348 = VECTOR('',#2349,1.);
#2349 = DIRECTION('',(1.,0.));
#2350 = ( GEOMETRIC_REPRESENTATION_CONTEXT(2) 
PARAMETRIC_REPRESENTATION_CONTEXT() REPRESENTATION_CONTEXT('2D SPACE',''
  ) );
#2351 = FACE_BOUND('',#2352,.T.);
#2352 = EDGE_LOOP('',(#2353,#2383,#2411,#2439));
#2353 = ORIENTED_EDGE('',*,*,#2354,.F.);
#2354 = EDGE_CURVE('',#2355,#2357,#2359,.T.);
#2355 = VERTEX_POINT('',#2356);
#2356 = CARTESIAN_POINT('',(350.,-5.,485.));
#2357 = VERTEX_POINT('',#2358);
#2358 = CARTESIAN_POINT('',(350.,-55.,435.));
#2359 = SURFACE_CURVE('',#2360,(#2364,#2371),.PCURVE_S1.);
#2360 = LINE('',#2361,#2362);
#2361 = CARTESIAN_POINT('',(350.,1.16341445919E-14,490.));
#2362 = VECTOR('',#2363,1.);
#2363 = DIRECTION('',(0.,-0.707106781187,-0.707106781187));
#2364 = PCURVE('',#1637,#2365);
#2365 = DEFINITIONAL_REPRESENTATION('',(#2366),#2370);
#2366 = LINE('',#2367,#2368);
#2367 = CARTESIAN_POINT('',(490.,-350.));
#2368 = VECTOR('',#2369,1.);
#2369 = DIRECTION('',(-0.707106781187,0.707106781187));
#2370 = ( GEOMETRIC_REPRESENTATION_CONTEXT(2) 
PARAMETRIC_REPRESENTATION_CONTEXT() REPRESENTATION_CONTEXT('2D SPACE',''
  ) );
#2371 = PCURVE('',#2372,#2377);
#2372 = PLANE('',#2373);
#2373 = AXIS2_PLACEMENT_3D('',#2374,#2375,#2376);
#2374 = CARTESIAN_POINT('',(350.,1.16341445919E-14,490.));
#2375 = DIRECTION('',(0.,-0.707106781187,0.707106781187));
#2376 = DIRECTION('',(0.,-0.707106781187,-0.707106781187));
#2377 = DEFINITIONAL_REPRESENTATION('',(#2378),#2382);
#2378 = LINE('',#2379,#2380);
#2379 = CARTESIAN_POINT('',(0.,0.));
#2380 = VECTOR('',#2381,1.);
#2381 = DIRECTION('',(1.,0.));
#2382 = ( GEOMETRIC_REPRESENTATION_CONTEXT(2) 
PARAMETRIC_REPRESENTATION_CONTEXT() REPRESENTATION_CONTEXT('2D SPACE',''
  ) );
#2383 = ORIENTED_EDGE('',*,*,#2384,.T.);
#2384 = EDGE_CURVE('',#2355,#2385,#2387,.T.);
#2385 = VERTEX_POINT('',#2386);
#2386 = CARTESIAN_POINT('',(350.,-5.,115.));
#2387 = SURFACE_CURVE('',#2388,(#2392,#2399),.PCURVE_S1.);
#2388 = LINE('',#2389,#2390);
#2389 = CARTESIAN_POINT('',(350.,-5.,520.));
#2390 = VECTOR('',#2391,1.);
#2391 = DIRECTION('',(0.,0.,-1.));
#2392 = PCURVE('',#1637,#2393);
#2393 = DEFINITIONAL_REPRESENTATION('',(#2394),#2398);
#2394 = LINE('',#2395,#2396);
#2395 = CARTESIAN_POINT('',(520.,-345.));
#2396 = VECTOR('',#2397,1.);
#2397 = DIRECTION('',(-1.,0.));
#2398 = ( GEOMETRIC_REPRESENTATION_CONTEXT(2) 
PARAMETRIC_REPRESENTATION_CONTEXT() REPRESENTATION_CONTEXT('2D SPACE',''
  ) );
#2399 = PCURVE('',#2400,#2405);
#2400 = PLANE('',#2401);
#2401 = AXIS2_PLACEMENT_3D('',#2402,#2403,#2404);
#2402 = CARTESIAN_POINT('',(341.,-5.,520.));
#2403 = DIRECTION('',(-0.,1.,0.));
#2404 = DIRECTION('',(0.,0.,-1.));
#2405 = DEFINITIONAL_REPRESENTATION('',(#2406),#2410);
#2406 = LINE('',#2407,#2408);
#2407 = CARTESIAN_POINT('',(0.,-9.));
#2408 = VECTOR('',#2409,1.);
#2409 = DIRECTION('',(1.,0.));
#2410 = ( GEOMETRIC_REPRESENTATION_CONTEXT(2) 
PARAMETRIC_REPRESENTATION_CONTEXT() REPRESENTATION_CONTEXT('2D SPACE',''
  ) );
#2411 = ORIENTED_EDGE('',*,*,#2412,.F.);
#2412 = EDGE_CURVE('',#2413,#2385,#2415,.T.);
#2413 = VERTEX_POINT('',#2414);
#2414 = CARTESIAN_POINT('',(350.,-55.,165.));
#2415 = SURFACE_CURVE('',#2416,(#2420,#2427),.PCURVE_S1.);
#2416 = LINE('',#2417,#2418);
#2417 = CARTESIAN_POINT('',(350.,-190.,300.));
#2418 = VECTOR('',#2419,1.);
#2419 = DIRECTION('',(0.,0.707106781187,-0.707106781187));
#2420 = PCURVE('',#1637,#2421);
#2421 = DEFINITIONAL_REPRESENTATION('',(#2422),#2426);
#2422 = LINE('',#2423,#2424);
#2423 = CARTESIAN_POINT('',(300.,-160.));
#2424 = VECTOR('',#2425,1.);
#2425 = DIRECTION('',(-0.707106781187,-0.707106781187));
#2426 = ( GEOMETRIC_REPRESENTATION_CONTEXT(2) 
PARAMETRIC_REPRESENTATION_CONTEXT() REPRESENTATION_CONTEXT('2D SPACE',''
  ) );
#2427 = PCURVE('',#2428,#2433);
#2428 = PLANE('',#2429);
#2429 = AXIS2_PLACEMENT_3D('',#2430,#2431,#2432);
#2430 = CARTESIAN_POINT('',(350.,-190.,300.));
#2431 = DIRECTION('',(0.,-0.707106781187,-0.707106781187));
#2432 = DIRECTION('',(0.,0.707106781187,-0.707106781187));
#2433 = DEFINITIONAL_REPRESENTATION('',(#2434),#2438);
#2434 = LINE('',#2435,#2436);
#2435 = CARTESIAN_POINT('',(0.,0.));
#2436 = VECTOR('',#2437,1.);
#2437 = DIRECTION('',(1.,0.));
#2438 = ( GEOMETRIC_REPRESENTATION_CONTEXT(2) 
PARAMETRIC_REPRESENTATION_CONTEXT() REPRESENTATION_CONTEXT('2D SPACE',''
  ) );
#2439 = ORIENTED_EDGE('',*,*,#2440,.T.);
#2440 = EDGE_CURVE('',#2413,#2357,#2441,.T.);
#2441 = SURFACE_CURVE('',#2442,(#2446,#2453),.PCURVE_S1.);
#2442 = LINE('',#2443,#2444);
#2443 = CARTESIAN_POINT('',(350.,-55.,80.));
#2444 = VECTOR('',#2445,1.);
#2445 = DIRECTION('',(0.,0.,1.));
#2446 = PCURVE('',#1637,#2447);
#2447 = DEFINITIONAL_REPRESENTATION('',(#2448),#2452);
#2448 = LINE('',#2449,#2450);
#2449 = CARTESIAN_POINT('',(80.,-295.));
#2450 = VECTOR('',#2451,1.);
#2451 = DIRECTION('',(1.,0.));
#2452 = ( GEOMETRIC_REPRESENTATION_CONTEXT(2) 
PARAMETRIC_REPRESENTATION_CONTEXT() REPRESENTATION_CONTEXT('2D SPACE',''
  ) );
#2453 = PCURVE('',#2454,#2459);
#2454 = PLANE('',#2455);
#2455 = AXIS2_PLACEMENT_3D('',#2456,#2457,#2458);
#2456 = CARTESIAN_POINT('',(341.,-55.,80.));
#2457 = DIRECTION('',(0.,-1.,0.));
#2458 = DIRECTION('',(0.,0.,1.));
#2459 = DEFINITIONAL_REPRESENTATION('',(#2460),#2464);
#2460 = LINE('',#2461,#2462);
#2461 = CARTESIAN_POINT('',(0.,-9.));
#2462 = VECTOR('',#2463,1.);
#2463 = DIRECTION('',(1.,0.));
#2464 = ( GEOMETRIC_REPRESENTATION_CONTEXT(2) 
PARAMETRIC_REPRESENTATION_CONTEXT() REPRESENTATION_CONTEXT('2D SPACE',''
  ) );
#2465 = FACE_BOUND('',#2466,.T.);
#2466 = EDGE_LOOP('',(#2467,#2492,#2520,#2543));
#2467 = ORIENTED_EDGE('',*,*,#2468,.F.);
#2468 = EDGE_CURVE('',#2469,#2471,#2473,.T.);
#2469 = VERTEX_POINT('',#2470);
#2470 = CARTESIAN_POINT('',(350.,-65.,425.));
#2471 = VERTEX_POINT('',#2472);
#2472 = CARTESIAN_POINT('',(350.,-115.,375.));
#2473 = SURFACE_CURVE('',#2474,(#2478,#2485),.PCURVE_S1.);
#2474 = LINE('',#2475,#2476);
#2475 = CARTESIAN_POINT('',(350.,1.16341445919E-14,490.));
#2476 = VECTOR('',#2477,1.);
#2477 = DIRECTION('',(0.,-0.707106781187,-0.707106781187));
#2478 = PCURVE('',#1637,#2479);
#2479 = DEFINITIONAL_REPRESENTATION('',(#2480),#2484);
#2480 = LINE('',#2481,#2482);
#2481 = CARTESIAN_POINT('',(490.,-350.));
#2482 = VECTOR('',#2483,1.);
#2483 = DIRECTION('',(-0.707106781187,0.707106781187));
#2484 = ( GEOMETRIC_REPRESENTATION_CONTEXT(2) 
PARAMETRIC_REPRESENTATION_CONTEXT() REPRESENTATION_CONTEXT('2D SPACE',''
  ) );
#2485 = PCURVE('',#2372,#2486);
#2486 = DEFINITIONAL_REPRESENTATION('',(#2487),#2491);
#2487 = LINE('',#2488,#2489);
#2488 = CARTESIAN_POINT('',(0.,0.));
#2489 = VECTOR('',#2490,1.);
#2490 = DIRECTION('',(1.,0.));
#2491 = ( GEOMETRIC_REPRESENTATION_CONTEXT(2) 
PARAMETRIC_REPRESENTATION_CONTEXT() REPRESENTATION_CONTEXT('2D SPACE',''
  ) );
#2492 = ORIENTED_EDGE('',*,*,#2493,.T.);
#2493 = EDGE_CURVE('',#2469,#2494,#2496,.T.);
#2494 = VERTEX_POINT('',#2495);
#2495 = CARTESIAN_POINT('',(350.,-65.,175.));
#2496 = SURFACE_CURVE('',#2497,(#2501,#2508),.PCURVE_S1.);
#2497 = LINE('',#2498,#2499);
#2498 = CARTESIAN_POINT('',(350.,-65.,520.));
#2499 = VECTOR('',#2500,1.);
#2500 = DIRECTION('',(0.,0.,-1.));
#2501 = PCURVE('',#1637,#2502);
#2502 = DEFINITIONAL_REPRESENTATION('',(#2503),#2507);
#2503 = LINE('',#2504,#2505);
#2504 = CARTESIAN_POINT('',(520.,-285.));
#2505 = VECTOR('',#2506,1.);
#2506 = DIRECTION('',(-1.,0.));
#2507 = ( GEOMETRIC_REPRESENTATION_CONTEXT(2) 
PARAMETRIC_REPRESENTATION_CONTEXT() REPRESENTATION_CONTEXT('2D SPACE',''
  ) );
#2508 = PCURVE('',#2509,#2514);
#2509 = PLANE('',#2510);
#2510 = AXIS2_PLACEMENT_3D('',#2511,#2512,#2513);
#2511 = CARTESIAN_POINT('',(341.,-65.,520.));
#2512 = DIRECTION('',(-0.,1.,0.));
#2513 = DIRECTION('',(0.,0.,-1.));
#2514 = DEFINITIONAL_REPRESENTATION('',(#2515),#2519);
#2515 = LINE('',#2516,#2517);
#2516 = CARTESIAN_POINT('',(0.,-9.));
#2517 = VECTOR('',#2518,1.);
#2518 = DIRECTION('',(1.,0.));
#2519 = ( GEOMETRIC_REPRESENTATION_CONTEXT(2) 
PARAMETRIC_REPRESENTATION_CONTEXT() REPRESENTATION_CONTEXT('2D SPACE',''
  ) );
#2520 = ORIENTED_EDGE('',*,*,#2521,.F.);
#2521 = EDGE_CURVE('',#2522,#2494,#2524,.T.);
#2522 = VERTEX_POINT('',#2523);
#2523 = CARTESIAN_POINT('',(350.,-115.,225.));
#2524 = SURFACE_CURVE('',#2525,(#2529,#2536),.PCURVE_S1.);
#2525 = LINE('',#2526,#2527);
#2526 = CARTESIAN_POINT('',(350.,-190.,300.));
#2527 = VECTOR('',#2528,1.);
#2528 = DIRECTION('',(0.,0.707106781187,-0.707106781187));
#2529 = PCURVE('',#1637,#2530);
#2530 = DEFINITIONAL_REPRESENTATION('',(#2531),#2535);
#2531 = LINE('',#2532,#2533);
#2532 = CARTESIAN_POINT('',(300.,-160.));
#2533 = VECTOR('',#2534,1.);
#2534 = DIRECTION('',(-0.707106781187,-0.707106781187));
#2535 = ( GEOMETRIC_REPRESENTATION_CONTEXT(2) 
PARAMETRIC_REPRESENTATION_CONTEXT() REPRESENTATION_CONTEXT('2D SPACE',''
  ) );
#2536 = PCURVE('',#2428,#2537);
#2537 = DEFINITIONAL_REPRESENTATION('',(#2538),#2542);
#2538 = LINE('',#2539,#2540);
#2539 = CARTESIAN_POINT('',(0.,0.));
#2540 = VECTOR('',#2541,1.);
#2541 = DIRECTION('',(1.,0.));
#2542 = ( GEOMETRIC_REPRESENTATION_CONTEXT(2) 
PARAMETRIC_REPRESENTATION_CONTEXT() REPRESENTATION_CONTEXT('2D SPACE',''
  ) );
#2543 = ORIENTED_EDGE('',*,*,#2544,.T.);
#2544 = EDGE_CURVE('',#2522,#2471,#2545,.T.);
#2545 = SURFACE_CURVE('',#2546,(#2550,#2557),.PCURVE_S1.);
#2546 = LINE('',#2547,#2548);
#2547 = CARTESIAN_POINT('',(350.,-115.,80.));
#2548 = VECTOR('',#2549,1.);
#2549 = DIRECTION('',(0.,0.,1.));
#2550 = PCURVE('',#1637,#2551);
#2551 = DEFINITIONAL_REPRESENTATION('',(#2552),#2556);
#2552 = LINE('',#2553,#2554);
#2553 = CARTESIAN_POINT('',(80.,-235.));
#2554 = VECTOR('',#2555,1.);
#2555 = DIRECTION('',(1.,0.));
#2556 = ( GEOMETRIC_REPRESENTATION_CONTEXT(2) 
PARAMETRIC_REPRESENTATION_CONTEXT() REPRESENTATION_CONTEXT('2D SPACE',''
  ) );
#2557 = PCURVE('',#2558,#2563);
#2558 = PLANE('',#2559);
#2559 = AXIS2_PLACEMENT_3D('',#2560,#2561,#2562);
#2560 = CARTESIAN_POINT('',(341.,-115.,80.));
#2561 = DIRECTION('',(0.,-1.,0.));
#2562 = DIRECTION('',(0.,0.,1.));
#2563 = DEFINITIONAL_REPRESENTATION('',(#2564),#2568);
#2564 = LINE('',#2565,#2566);
#2565 = CARTESIAN_POINT('',(0.,-9.));
#2566 = VECTOR('',#2567,1.);
#2567 = DIRECTION('',(1.,0.));
#2568 = ( GEOMETRIC_REPRESENTATION_CONTEXT(2) 
PARAMETRIC_REPRESENTATION_CONTEXT() REPRESENTATION_CONTEXT('2D SPACE',''
  ) );
#2569 = FACE_BOUND('',#2570,.T.);
#2570 = EDGE_LOOP('',(#2571,#2596,#2624));
#2571 = ORIENTED_EDGE('',*,*,#2572,.F.);
#2572 = EDGE_CURVE('',#2573,#2575,#2577,.T.);
#2573 = VERTEX_POINT('',#2574);
#2574 = CARTESIAN_POINT('',(350.,-125.,365.));
#2575 = VERTEX_POINT('',#2576);
#2576 = CARTESIAN_POINT('',(350.,-190.,300.));
#2577 = SURFACE_CURVE('',#2578,(#2582,#2589),.PCURVE_S1.);
#2578 = LINE('',#2579,#2580);
#2579 = CARTESIAN_POINT('',(350.,1.16341445919E-14,490.));
#2580 = VECTOR('',#2581,1.);
#2581 = DIRECTION('',(0.,-0.707106781187,-0.707106781187));
#2582 = PCURVE('',#1637,#2583);
#2583 = DEFINITIONAL_REPRESENTATION('',(#2584),#2588);
#2584 = LINE('',#2585,#2586);
#2585 = CARTESIAN_POINT('',(490.,-350.));
#2586 = VECTOR('',#2587,1.);
#2587 = DIRECTION('',(-0.707106781187,0.707106781187));
#2588 = ( GEOMETRIC_REPRESENTATION_CONTEXT(2) 
PARAMETRIC_REPRESENTATION_CONTEXT() REPRESENTATION_CONTEXT('2D SPACE',''
  ) );
#2589 = PCURVE('',#2372,#2590);
#2590 = DEFINITIONAL_REPRESENTATION('',(#2591),#2595);
#2591 = LINE('',#2592,#2593);
#2592 = CARTESIAN_POINT('',(0.,0.));
#2593 = VECTOR('',#2594,1.);
#2594 = DIRECTION('',(1.,0.));
#2595 = ( GEOMETRIC_REPRESENTATION_CONTEXT(2) 
PARAMETRIC_REPRESENTATION_CONTEXT() REPRESENTATION_CONTEXT('2D SPACE',''
  ) );
#2596 = ORIENTED_EDGE('',*,*,#2597,.T.);
#2597 = EDGE_CURVE('',#2573,#2598,#2600,.T.);
#2598 = VERTEX_POINT('',#2599);
#2599 = CARTESIAN_POINT('',(350.,-125.,235.));
#2600 = SURFACE_CURVE('',#2601,(#2605,#2612),.PCURVE_S1.);
#2601 = LINE('',#2602,#2603);
#2602 = CARTESIAN_POINT('',(350.,-125.,520.));
#2603 = VECTOR('',#2604,1.);
#2604 = DIRECTION('',(0.,0.,-1.));
#2605 = PCURVE('',#1637,#2606);
#2606 = DEFINITIONAL_REPRESENTATION('',(#2607),#2611);
#2607 = LINE('',#2608,#2609);
#2608 = CARTESIAN_POINT('',(520.,-225.));
#2609 = VECTOR('',#2610,1.);
#2610 = DIRECTION('',(-1.,0.));
#2611 = ( GEOMETRIC_REPRESENTATION_CONTEXT(2) 
PARAMETRIC_REPRESENTATION_CONTEXT() REPRESENTATION_CONTEXT('2D SPACE',''
  ) );
#2612 = PCURVE('',#2613,#2618);
#2613 = PLANE('',#2614);
#2614 = AXIS2_PLACEMENT_3D('',#2615,#2616,#2617);
#2615 = CARTESIAN_POINT('',(341.,-125.,520.));
#2616 = DIRECTION('',(-0.,1.,0.));
#2617 = DIRECTION('',(0.,0.,-1.));
#2618 = DEFINITIONAL_REPRESENTATION('',(#2619),#2623);
#2619 = LINE('',#2620,#2621);
#2620 = CARTESIAN_POINT('',(0.,-9.));
#2621 = VECTOR('',#2622,1.);
#2622 = DIRECTION('',(1.,0.));
#2623 = ( GEOMETRIC_REPRESENTATION_CONTEXT(2) 
PARAMETRIC_REPRESENTATION_CONTEXT() REPRESENTATION_CONTEXT('2D SPACE',''
  ) );
#2624 = ORIENTED_EDGE('',*,*,#2625,.F.);
#2625 = EDGE_CURVE('',#2575,#2598,#2626,.T.);
#2626 = SURFACE_CURVE('',#2627,(#2631,#2638),.PCURVE_S1.);
#2627 = LINE('',#2628,#2629);
#2628 = CARTESIAN_POINT('',(350.,-190.,300.));
#2629 = VECTOR('',#2630,1.);
#2630 = DIRECTION('',(0.,0.707106781187,-0.707106781187));
#2631 = PCURVE('',#1637,#2632);
#2632 = DEFINITIONAL_REPRESENTATION('',(#2633),#2637);
#2633 = LINE('',#2634,#2635);
#2634 = CARTESIAN_POINT('',(300.,-160.));
#2635 = VECTOR('',#2636,1.);
#2636 = DIRECTION('',(-0.707106781187,-0.707106781187));
#2637 = ( GEOMETRIC_REPRESENTATION_CONTEXT(2) 
PARAMETRIC_REPRESENTATION_CONTEXT() REPRESENTATION_CONTEXT('2D SPACE',''
  ) );
#2638 = PCURVE('',#2428,#2639);
#2639 = DEFINITIONAL_REPRESENTATION('',(#2640),#2644);
#2640 = LINE('',#2641,#2642);
#2641 = CARTESIAN_POINT('',(0.,0.));
#2642 = VECTOR('',#2643,1.);
#2643 = DIRECTION('',(1.,0.));
#2644 = ( GEOMETRIC_REPRESENTATION_CONTEXT(2) 
PARAMETRIC_REPRESENTATION_CONTEXT() REPRESENTATION_CONTEXT('2D SPACE',''
  ) );
#2645 = ADVANCED_FACE('',(#2646),#2078,.F.);
#2646 = FACE_BOUND('',#2647,.F.);
#2647 = EDGE_LOOP('',(#2648,#2649,#2672,#2700,#2728,#2756,#2779,#2805,
    #2824,#2825,#2846,#2872,#2891,#2892,#2913,#2939));
#2648 = ORIENTED_EDGE('',*,*,#2060,.F.);
#2649 = ORIENTED_EDGE('',*,*,#2650,.T.);
#2650 = EDGE_CURVE('',#2061,#2651,#2653,.T.);
#2651 = VERTEX_POINT('',#2652);
#2652 = CARTESIAN_POINT('',(320.,190.,300.));
#2653 = SURFACE_CURVE('',#2654,(#2658,#2665),.PCURVE_S1.);
#2654 = LINE('',#2655,#2656);
#2655 = CARTESIAN_POINT('',(350.,190.,300.));
#2656 = VECTOR('',#2657,1.);
#2657 = DIRECTION('',(-1.,-0.,-0.));
#2658 = PCURVE('',#2078,#2659);
#2659 = DEFINITIONAL_REPRESENTATION('',(#2660),#2664);
#2660 = LINE('',#2661,#2662);
#2661 = CARTESIAN_POINT('',(0.,0.));
#2662 = VECTOR('',#2663,1.);
#2663 = DIRECTION('',(0.,-1.));
#2664 = ( GEOMETRIC_REPRESENTATION_CONTEXT(2) 
PARAMETRIC_REPRESENTATION_CONTEXT() REPRESENTATION_CONTEXT('2D SPACE',''
  ) );
#2665 = PCURVE('',#2106,#2666);
#2666 = DEFINITIONAL_REPRESENTATION('',(#2667),#2671);
#2667 = LINE('',#2668,#2669);
#2668 = CARTESIAN_POINT('',(268.70057685088,0.));
#2669 = VECTOR('',#2670,1.);
#2670 = DIRECTION('',(0.,-1.));
#2671 = ( GEOMETRIC_REPRESENTATION_CONTEXT(2) 
PARAMETRIC_REPRESENTATION_CONTEXT() REPRESENTATION_CONTEXT('2D SPACE',''
  ) );
#2672 = ORIENTED_EDGE('',*,*,#2673,.T.);
#2673 = EDGE_CURVE('',#2651,#2674,#2676,.T.);
#2674 = VERTEX_POINT('',#2675);
#2675 = CARTESIAN_POINT('',(320.,180.,310.));
#2676 = SURFACE_CURVE('',#2677,(#2681,#2688),.PCURVE_S1.);
#2677 = LINE('',#2678,#2679);
#2678 = CARTESIAN_POINT('',(320.,190.,300.));
#2679 = VECTOR('',#2680,1.);
#2680 = DIRECTION('',(0.,-0.707106781187,0.707106781187));
#2681 = PCURVE('',#2078,#2682);
#2682 = DEFINITIONAL_REPRESENTATION('',(#2683),#2687);
#2683 = LINE('',#2684,#2685);
#2684 = CARTESIAN_POINT('',(0.,-30.));
#2685 = VECTOR('',#2686,1.);
#2686 = DIRECTION('',(1.,0.));
#2687 = ( GEOMETRIC_REPRESENTATION_CONTEXT(2) 
PARAMETRIC_REPRESENTATION_CONTEXT() REPRESENTATION_CONTEXT('2D SPACE',''
  ) );
#2688 = PCURVE('',#2689,#2694);
#2689 = PLANE('',#2690);
#2690 = AXIS2_PLACEMENT_3D('',#2691,#2692,#2693);
#2691 = CARTESIAN_POINT('',(320.,4.803483659205E-15,300.));
#2692 = DIRECTION('',(1.,0.,0.));
#2693 = DIRECTION('',(-0.,0.,1.));
#2694 = DEFINITIONAL_REPRESENTATION('',(#2695),#2699);
#2695 = LINE('',#2696,#2697);
#2696 = CARTESIAN_POINT('',(0.,-190.));
#2697 = VECTOR('',#2698,1.);
#2698 = DIRECTION('',(0.707106781187,0.707106781187));
#2699 = ( GEOMETRIC_REPRESENTATION_CONTEXT(2) 
PARAMETRIC_REPRESENTATION_CONTEXT() REPRESENTATION_CONTEXT('2D SPACE',''
  ) );
#2700 = ORIENTED_EDGE('',*,*,#2701,.T.);
#2701 = EDGE_CURVE('',#2674,#2702,#2704,.T.);
#2702 = VERTEX_POINT('',#2703);
#2703 = CARTESIAN_POINT('',(320.,10.,480.));
#2704 = SURFACE_CURVE('',#2705,(#2709,#2716),.PCURVE_S1.);
#2705 = LINE('',#2706,#2707);
#2706 = CARTESIAN_POINT('',(320.,190.,300.));
#2707 = VECTOR('',#2708,1.);
#2708 = DIRECTION('',(0.,-0.707106781187,0.707106781187));
#2709 = PCURVE('',#2078,#2710);
#2710 = DEFINITIONAL_REPRESENTATION('',(#2711),#2715);
#2711 = LINE('',#2712,#2713);
#2712 = CARTESIAN_POINT('',(0.,-30.));
#2713 = VECTOR('',#2714,1.);
#2714 = DIRECTION('',(1.,0.));
#2715 = ( GEOMETRIC_REPRESENTATION_CONTEXT(2) 
PARAMETRIC_REPRESENTATION_CONTEXT() REPRESENTATION_CONTEXT('2D SPACE',''
  ) );
#2716 = PCURVE('',#2717,#2722);
#2717 = PLANE('',#2718);
#2718 = AXIS2_PLACEMENT_3D('',#2719,#2720,#2721);
#2719 = CARTESIAN_POINT('',(320.,4.803483659205E-15,300.));
#2720 = DIRECTION('',(1.,0.,0.));
#2721 = DIRECTION('',(-0.,0.,1.));
#2722 = DEFINITIONAL_REPRESENTATION('',(#2723),#2727);
#2723 = LINE('',#2724,#2725);
#2724 = CARTESIAN_POINT('',(0.,-190.));
#2725 = VECTOR('',#2726,1.);
#2726 = DIRECTION('',(0.707106781187,0.707106781187));
#2727 = ( GEOMETRIC_REPRESENTATION_CONTEXT(2) 
PARAMETRIC_REPRESENTATION_CONTEXT() REPRESENTATION_CONTEXT('2D SPACE',''
  ) );
#2728 = ORIENTED_EDGE('',*,*,#2729,.T.);
#2729 = EDGE_CURVE('',#2702,#2730,#2732,.T.);
#2730 = VERTEX_POINT('',#2731);
#2731 = CARTESIAN_POINT('',(320.,1.16341445919E-14,490.));
#2732 = SURFACE_CURVE('',#2733,(#2737,#2744),.PCURVE_S1.);
#2733 = LINE('',#2734,#2735);
#2734 = CARTESIAN_POINT('',(320.,190.,300.));
#2735 = VECTOR('',#2736,1.);
#2736 = DIRECTION('',(0.,-0.707106781187,0.707106781187));
#2737 = PCURVE('',#2078,#2738);
#2738 = DEFINITIONAL_REPRESENTATION('',(#2739),#2743);
#2739 = LINE('',#2740,#2741);
#2740 = CARTESIAN_POINT('',(0.,-30.));
#2741 = VECTOR('',#2742,1.);
#2742 = DIRECTION('',(1.,0.));
#2743 = ( GEOMETRIC_REPRESENTATION_CONTEXT(2) 
PARAMETRIC_REPRESENTATION_CONTEXT() REPRESENTATION_CONTEXT('2D SPACE',''
  ) );
#2744 = PCURVE('',#2745,#2750);
#2745 = PLANE('',#2746);
#2746 = AXIS2_PLACEMENT_3D('',#2747,#2748,#2749);
#2747 = CARTESIAN_POINT('',(320.,4.803483659205E-15,300.));
#2748 = DIRECTION('',(1.,0.,0.));
#2749 = DIRECTION('',(-0.,0.,1.));
#2750 = DEFINITIONAL_REPRESENTATION('',(#2751),#2755);
#2751 = LINE('',#2752,#2753);
#2752 = CARTESIAN_POINT('',(0.,-190.));
#2753 = VECTOR('',#2754,1.);
#2754 = DIRECTION('',(0.707106781187,0.707106781187));
#2755 = ( GEOMETRIC_REPRESENTATION_CONTEXT(2) 
PARAMETRIC_REPRESENTATION_CONTEXT() REPRESENTATION_CONTEXT('2D SPACE',''
  ) );
#2756 = ORIENTED_EDGE('',*,*,#2757,.F.);
#2757 = EDGE_CURVE('',#2758,#2730,#2760,.T.);
#2758 = VERTEX_POINT('',#2759);
#2759 = CARTESIAN_POINT('',(341.,1.16341445919E-14,490.));
#2760 = SURFACE_CURVE('',#2761,(#2765,#2772),.PCURVE_S1.);
#2761 = LINE('',#2762,#2763);
#2762 = CARTESIAN_POINT('',(350.,1.16341445919E-14,490.));
#2763 = VECTOR('',#2764,1.);
#2764 = DIRECTION('',(-1.,-0.,-0.));
#2765 = PCURVE('',#2078,#2766);
#2766 = DEFINITIONAL_REPRESENTATION('',(#2767),#2771);
#2767 = LINE('',#2768,#2769);
#2768 = CARTESIAN_POINT('',(268.70057685088,0.));
#2769 = VECTOR('',#2770,1.);
#2770 = DIRECTION('',(0.,-1.));
#2771 = ( GEOMETRIC_REPRESENTATION_CONTEXT(2) 
PARAMETRIC_REPRESENTATION_CONTEXT() REPRESENTATION_CONTEXT('2D SPACE',''
  ) );
#2772 = PCURVE('',#2372,#2773);
#2773 = DEFINITIONAL_REPRESENTATION('',(#2774),#2778);
#2774 = LINE('',#2775,#2776);
#2775 = CARTESIAN_POINT('',(0.,0.));
#2776 = VECTOR('',#2777,1.);
#2777 = DIRECTION('',(0.,-1.));
#2778 = ( GEOMETRIC_REPRESENTATION_CONTEXT(2) 
PARAMETRIC_REPRESENTATION_CONTEXT() REPRESENTATION_CONTEXT('2D SPACE',''
  ) );
#2779 = ORIENTED_EDGE('',*,*,#2780,.T.);
#2780 = EDGE_CURVE('',#2758,#2781,#2783,.T.);
#2781 = VERTEX_POINT('',#2782);
#2782 = CARTESIAN_POINT('',(341.,5.,485.));
#2783 = SURFACE_CURVE('',#2784,(#2788,#2794),.PCURVE_S1.);
#2784 = LINE('',#2785,#2786);
#2785 = CARTESIAN_POINT('',(341.,142.5,347.5));
#2786 = VECTOR('',#2787,1.);
#2787 = DIRECTION('',(0.,0.707106781187,-0.707106781187));
#2788 = PCURVE('',#2078,#2789);
#2789 = DEFINITIONAL_REPRESENTATION('',(#2790),#2793);
#2790 = B_SPLINE_CURVE_WITH_KNOTS('',1,(#2791,#2792),.UNSPECIFIED.,.F.,
  .F.,(2,2),(-201.5254326381,-194.4543648263),.PIECEWISE_BEZIER_KNOTS.);
#2791 = CARTESIAN_POINT('',(268.70057685088,-9.));
#2792 = CARTESIAN_POINT('',(261.62950903902,-9.));
#2793 = ( GEOMETRIC_REPRESENTATION_CONTEXT(2) 
PARAMETRIC_REPRESENTATION_CONTEXT() REPRESENTATION_CONTEXT('2D SPACE',''
  ) );
#2794 = PCURVE('',#2795,#2800);
#2795 = PLANE('',#2796);
#2796 = AXIS2_PLACEMENT_3D('',#2797,#2798,#2799);
#2797 = CARTESIAN_POINT('',(341.,0.,300.));
#2798 = DIRECTION('',(1.,0.,0.));
#2799 = DIRECTION('',(-0.,0.,1.));
#2800 = DEFINITIONAL_REPRESENTATION('',(#2801),#2804);
#2801 = B_SPLINE_CURVE_WITH_KNOTS('',1,(#2802,#2803),.UNSPECIFIED.,.F.,
  .F.,(2,2),(-201.5254326381,-194.4543648263),.PIECEWISE_BEZIER_KNOTS.);
#2802 = CARTESIAN_POINT('',(190.,1.500729116709E-14));
#2803 = CARTESIAN_POINT('',(185.,-5.));
#2804 = ( GEOMETRIC_REPRESENTATION_CONTEXT(2) 
PARAMETRIC_REPRESENTATION_CONTEXT() REPRESENTATION_CONTEXT('2D SPACE',''
  ) );
#2805 = ORIENTED_EDGE('',*,*,#2806,.T.);
#2806 = EDGE_CURVE('',#2781,#2253,#2807,.T.);
#2807 = SURFACE_CURVE('',#2808,(#2812,#2818),.PCURVE_S1.);
#2808 = LINE('',#2809,#2810);
#2809 = CARTESIAN_POINT('',(345.5,5.,485.));
#2810 = VECTOR('',#2811,1.);
#2811 = DIRECTION('',(1.,0.,0.));
#2812 = PCURVE('',#2078,#2813);
#2813 = DEFINITIONAL_REPRESENTATION('',(#2814),#2817);
#2814 = B_SPLINE_CURVE_WITH_KNOTS('',1,(#2815,#2816),.UNSPECIFIED.,.F.,
  .F.,(2,2),(-4.5,4.5),.PIECEWISE_BEZIER_KNOTS.);
#2815 = CARTESIAN_POINT('',(261.62950903902,-9.));
#2816 = CARTESIAN_POINT('',(261.62950903902,0.));
#2817 = ( GEOMETRIC_REPRESENTATION_CONTEXT(2) 
PARAMETRIC_REPRESENTATION_CONTEXT() REPRESENTATION_CONTEXT('2D SPACE',''
  ) );
#2818 = PCURVE('',#2340,#2819);
#2819 = DEFINITIONAL_REPRESENTATION('',(#2820),#2823);
#2820 = B_SPLINE_CURVE_WITH_KNOTS('',1,(#2821,#2822),.UNSPECIFIED.,.F.,
  .F.,(2,2),(-4.5,4.5),.PIECEWISE_BEZIER_KNOTS.);
#2821 = CARTESIAN_POINT('',(405.,0.));
#2822 = CARTESIAN_POINT('',(405.,-9.));
#2823 = ( GEOMETRIC_REPRESENTATION_CONTEXT(2) 
PARAMETRIC_REPRESENTATION_CONTEXT() REPRESENTATION_CONTEXT('2D SPACE',''
  ) );
#2824 = ORIENTED_EDGE('',*,*,#2250,.F.);
#2825 = ORIENTED_EDGE('',*,*,#2826,.T.);
#2826 = EDGE_CURVE('',#2251,#2827,#2829,.T.);
#2827 = VERTEX_POINT('',#2828);
#2828 = CARTESIAN_POINT('',(341.,55.,435.));
#2829 = SURFACE_CURVE('',#2830,(#2834,#2840),.PCURVE_S1.);
#2830 = LINE('',#2831,#2832);
#2831 = CARTESIAN_POINT('',(345.5,55.,435.));
#2832 = VECTOR('',#2833,1.);
#2833 = DIRECTION('',(-1.,0.,0.));
#2834 = PCURVE('',#2078,#2835);
#2835 = DEFINITIONAL_REPRESENTATION('',(#2836),#2839);
#2836 = B_SPLINE_CURVE_WITH_KNOTS('',1,(#2837,#2838),.UNSPECIFIED.,.F.,
  .F.,(2,2),(-4.5,4.5),.PIECEWISE_BEZIER_KNOTS.);
#2837 = CARTESIAN_POINT('',(190.91883092036,0.));
#2838 = CARTESIAN_POINT('',(190.91883092036,-9.));
#2839 = ( GEOMETRIC_REPRESENTATION_CONTEXT(2) 
PARAMETRIC_REPRESENTATION_CONTEXT() REPRESENTATION_CONTEXT('2D SPACE',''
  ) );
#2840 = PCURVE('',#2291,#2841);
#2841 = DEFINITIONAL_REPRESENTATION('',(#2842),#2845);
#2842 = B_SPLINE_CURVE_WITH_KNOTS('',1,(#2843,#2844),.UNSPECIFIED.,.F.,
  .F.,(2,2),(-4.5,4.5),.PIECEWISE_BEZIER_KNOTS.);
#2843 = CARTESIAN_POINT('',(85.,-9.));
#2844 = CARTESIAN_POINT('',(85.,0.));
#2845 = ( GEOMETRIC_REPRESENTATION_CONTEXT(2) 
PARAMETRIC_REPRESENTATION_CONTEXT() REPRESENTATION_CONTEXT('2D SPACE',''
  ) );
#2846 = ORIENTED_EDGE('',*,*,#2847,.T.);
#2847 = EDGE_CURVE('',#2827,#2848,#2850,.T.);
#2848 = VERTEX_POINT('',#2849);
#2849 = CARTESIAN_POINT('',(341.,65.,425.));
#2850 = SURFACE_CURVE('',#2851,(#2855,#2861),.PCURVE_S1.);
#2851 = LINE('',#2852,#2853);
#2852 = CARTESIAN_POINT('',(341.,157.5,332.5));
#2853 = VECTOR('',#2854,1.);
#2854 = DIRECTION('',(0.,0.707106781187,-0.707106781187));
#2855 = PCURVE('',#2078,#2856);
#2856 = DEFINITIONAL_REPRESENTATION('',(#2857),#2860);
#2857 = B_SPLINE_CURVE_WITH_KNOTS('',1,(#2858,#2859),.UNSPECIFIED.,.F.,
  .F.,(2,2),(-144.9568901432,-130.8147545195),.PIECEWISE_BEZIER_KNOTS.);
#2858 = CARTESIAN_POINT('',(190.91883092036,-9.));
#2859 = CARTESIAN_POINT('',(176.77669529663,-9.));
#2860 = ( GEOMETRIC_REPRESENTATION_CONTEXT(2) 
PARAMETRIC_REPRESENTATION_CONTEXT() REPRESENTATION_CONTEXT('2D SPACE',''
  ) );
#2861 = PCURVE('',#2862,#2867);
#2862 = PLANE('',#2863);
#2863 = AXIS2_PLACEMENT_3D('',#2864,#2865,#2866);
#2864 = CARTESIAN_POINT('',(341.,60.,300.));
#2865 = DIRECTION('',(1.,0.,0.));
#2866 = DIRECTION('',(-0.,0.,1.));
#2867 = DEFINITIONAL_REPRESENTATION('',(#2868),#2871);
#2868 = B_SPLINE_CURVE_WITH_KNOTS('',1,(#2869,#2870),.UNSPECIFIED.,.F.,
  .F.,(2,2),(-144.9568901432,-130.8147545195),.PIECEWISE_BEZIER_KNOTS.);
#2869 = CARTESIAN_POINT('',(135.,5.));
#2870 = CARTESIAN_POINT('',(125.,-5.));
#2871 = ( GEOMETRIC_REPRESENTATION_CONTEXT(2) 
PARAMETRIC_REPRESENTATION_CONTEXT() REPRESENTATION_CONTEXT('2D SPACE',''
  ) );
#2872 = ORIENTED_EDGE('',*,*,#2873,.T.);
#2873 = EDGE_CURVE('',#2848,#2149,#2874,.T.);
#2874 = SURFACE_CURVE('',#2875,(#2879,#2885),.PCURVE_S1.);
#2875 = LINE('',#2876,#2877);
#2876 = CARTESIAN_POINT('',(345.5,65.,425.));
#2877 = VECTOR('',#2878,1.);
#2878 = DIRECTION('',(1.,0.,0.));
#2879 = PCURVE('',#2078,#2880);
#2880 = DEFINITIONAL_REPRESENTATION('',(#2881),#2884);
#2881 = B_SPLINE_CURVE_WITH_KNOTS('',1,(#2882,#2883),.UNSPECIFIED.,.F.,
  .F.,(2,2),(-4.5,4.5),.PIECEWISE_BEZIER_KNOTS.);
#2882 = CARTESIAN_POINT('',(176.77669529663,-9.));
#2883 = CARTESIAN_POINT('',(176.77669529663,0.));
#2884 = ( GEOMETRIC_REPRESENTATION_CONTEXT(2) 
PARAMETRIC_REPRESENTATION_CONTEXT() REPRESENTATION_CONTEXT('2D SPACE',''
  ) );
#2885 = PCURVE('',#2236,#2886);
#2886 = DEFINITIONAL_REPRESENTATION('',(#2887),#2890);
#2887 = B_SPLINE_CURVE_WITH_KNOTS('',1,(#2888,#2889),.UNSPECIFIED.,.F.,
  .F.,(2,2),(-4.5,4.5),.PIECEWISE_BEZIER_KNOTS.);
#2888 = CARTESIAN_POINT('',(345.,0.));
#2889 = CARTESIAN_POINT('',(345.,-9.));
#2890 = ( GEOMETRIC_REPRESENTATION_CONTEXT(2) 
PARAMETRIC_REPRESENTATION_CONTEXT() REPRESENTATION_CONTEXT('2D SPACE',''
  ) );
#2891 = ORIENTED_EDGE('',*,*,#2146,.F.);
#2892 = ORIENTED_EDGE('',*,*,#2893,.T.);
#2893 = EDGE_CURVE('',#2147,#2894,#2896,.T.);
#2894 = VERTEX_POINT('',#2895);
#2895 = CARTESIAN_POINT('',(341.,115.,375.));
#2896 = SURFACE_CURVE('',#2897,(#2901,#2907),.PCURVE_S1.);
#2897 = LINE('',#2898,#2899);
#2898 = CARTESIAN_POINT('',(345.5,115.,375.));
#2899 = VECTOR('',#2900,1.);
#2900 = DIRECTION('',(-1.,0.,0.));
#2901 = PCURVE('',#2078,#2902);
#2902 = DEFINITIONAL_REPRESENTATION('',(#2903),#2906);
#2903 = B_SPLINE_CURVE_WITH_KNOTS('',1,(#2904,#2905),.UNSPECIFIED.,.F.,
  .F.,(2,2),(-4.5,4.5),.PIECEWISE_BEZIER_KNOTS.);
#2904 = CARTESIAN_POINT('',(106.06601717798,0.));
#2905 = CARTESIAN_POINT('',(106.06601717798,-9.));
#2906 = ( GEOMETRIC_REPRESENTATION_CONTEXT(2) 
PARAMETRIC_REPRESENTATION_CONTEXT() REPRESENTATION_CONTEXT('2D SPACE',''
  ) );
#2907 = PCURVE('',#2187,#2908);
#2908 = DEFINITIONAL_REPRESENTATION('',(#2909),#2912);
#2909 = B_SPLINE_CURVE_WITH_KNOTS('',1,(#2910,#2911),.UNSPECIFIED.,.F.,
  .F.,(2,2),(-4.5,4.5),.PIECEWISE_BEZIER_KNOTS.);
#2910 = CARTESIAN_POINT('',(145.,-9.));
#2911 = CARTESIAN_POINT('',(145.,0.));
#2912 = ( GEOMETRIC_REPRESENTATION_CONTEXT(2) 
PARAMETRIC_REPRESENTATION_CONTEXT() REPRESENTATION_CONTEXT('2D SPACE',''
  ) );
#2913 = ORIENTED_EDGE('',*,*,#2914,.T.);
#2914 = EDGE_CURVE('',#2894,#2915,#2917,.T.);
#2915 = VERTEX_POINT('',#2916);
#2916 = CARTESIAN_POINT('',(341.,125.,365.));
#2917 = SURFACE_CURVE('',#2918,(#2922,#2928),.PCURVE_S1.);
#2918 = LINE('',#2919,#2920);
#2919 = CARTESIAN_POINT('',(341.,172.5,317.5));
#2920 = VECTOR('',#2921,1.);
#2921 = DIRECTION('',(0.,0.707106781187,-0.707106781187));
#2922 = PCURVE('',#2078,#2923);
#2923 = DEFINITIONAL_REPRESENTATION('',(#2924),#2927);
#2924 = B_SPLINE_CURVE_WITH_KNOTS('',1,(#2925,#2926),.UNSPECIFIED.,.F.,
  .F.,(2,2),(-81.31727983645,-67.17514421272),.PIECEWISE_BEZIER_KNOTS.);
#2925 = CARTESIAN_POINT('',(106.06601717798,-9.));
#2926 = CARTESIAN_POINT('',(91.923881554251,-9.));
#2927 = ( GEOMETRIC_REPRESENTATION_CONTEXT(2) 
PARAMETRIC_REPRESENTATION_CONTEXT() REPRESENTATION_CONTEXT('2D SPACE',''
  ) );
#2928 = PCURVE('',#2929,#2934);
#2929 = PLANE('',#2930);
#2930 = AXIS2_PLACEMENT_3D('',#2931,#2932,#2933);
#2931 = CARTESIAN_POINT('',(341.,120.,300.));
#2932 = DIRECTION('',(1.,0.,0.));
#2933 = DIRECTION('',(-0.,0.,1.));
#2934 = DEFINITIONAL_REPRESENTATION('',(#2935),#2938);
#2935 = B_SPLINE_CURVE_WITH_KNOTS('',1,(#2936,#2937),.UNSPECIFIED.,.F.,
  .F.,(2,2),(-81.31727983645,-67.17514421272),.PIECEWISE_BEZIER_KNOTS.);
#2936 = CARTESIAN_POINT('',(75.,5.));
#2937 = CARTESIAN_POINT('',(65.,-5.));
#2938 = ( GEOMETRIC_REPRESENTATION_CONTEXT(2) 
PARAMETRIC_REPRESENTATION_CONTEXT() REPRESENTATION_CONTEXT('2D SPACE',''
  ) );
#2939 = ORIENTED_EDGE('',*,*,#2940,.T.);
#2940 = EDGE_CURVE('',#2915,#2063,#2941,.T.);
#2941 = SURFACE_CURVE('',#2942,(#2946,#2952),.PCURVE_S1.);
#2942 = LINE('',#2943,#2944);
#2943 = CARTESIAN_POINT('',(345.5,125.,365.));
#2944 = VECTOR('',#2945,1.);
#2945 = DIRECTION('',(1.,0.,0.));
#2946 = PCURVE('',#2078,#2947);
#2947 = DEFINITIONAL_REPRESENTATION('',(#2948),#2951);
#2948 = B_SPLINE_CURVE_WITH_KNOTS('',1,(#2949,#2950),.UNSPECIFIED.,.F.,
  .F.,(2,2),(-4.5,4.5),.PIECEWISE_BEZIER_KNOTS.);
#2949 = CARTESIAN_POINT('',(91.923881554251,-9.));
#2950 = CARTESIAN_POINT('',(91.923881554251,0.));
#2951 = ( GEOMETRIC_REPRESENTATION_CONTEXT(2) 
PARAMETRIC_REPRESENTATION_CONTEXT() REPRESENTATION_CONTEXT('2D SPACE',''
  ) );
#2952 = PCURVE('',#2132,#2953);
#2953 = DEFINITIONAL_REPRESENTATION('',(#2954),#2957);
#2954 = B_SPLINE_CURVE_WITH_KNOTS('',1,(#2955,#2956),.UNSPECIFIED.,.F.,
  .F.,(2,2),(-4.5,4.5),.PIECEWISE_BEZIER_KNOTS.);
#2955 = CARTESIAN_POINT('',(285.,0.));
#2956 = CARTESIAN_POINT('',(285.,-9.));
#2957 = ( GEOMETRIC_REPRESENTATION_CONTEXT(2) 
PARAMETRIC_REPRESENTATION_CONTEXT() REPRESENTATION_CONTEXT('2D SPACE',''
  ) );
#2958 = ADVANCED_FACE('',(#2959),#2106,.F.);
#2959 = FACE_BOUND('',#2960,.F.);
#2960 = EDGE_LOOP('',(#2961,#2989,#3012,#3040,#3068,#3089,#3090,#3091,
    #3112,#3133,#3152,#3153,#3174,#3195,#3214,#3215));
#2961 = ORIENTED_EDGE('',*,*,#2962,.T.);
#2962 = EDGE_CURVE('',#2963,#2965,#2967,.T.);
#2963 = VERTEX_POINT('',#2964);
#2964 = CARTESIAN_POINT('',(341.,5.,115.));
#2965 = VERTEX_POINT('',#2966);
#2966 = CARTESIAN_POINT('',(341.,-3.49024337757E-14,110.));
#2967 = SURFACE_CURVE('',#2968,(#2972,#2978),.PCURVE_S1.);
#2968 = LINE('',#2969,#2970);
#2969 = CARTESIAN_POINT('',(341.,47.5,157.5));
#2970 = VECTOR('',#2971,1.);
#2971 = DIRECTION('',(0.,-0.707106781187,-0.707106781187));
#2972 = PCURVE('',#2106,#2973);
#2973 = DEFINITIONAL_REPRESENTATION('',(#2974),#2977);
#2974 = B_SPLINE_CURVE_WITH_KNOTS('',1,(#2975,#2976),.UNSPECIFIED.,.F.,
  .F.,(2,2),(60.104076400856,67.175144212722),.PIECEWISE_BEZIER_KNOTS.);
#2975 = CARTESIAN_POINT('',(7.071067811866,-9.));
#2976 = CARTESIAN_POINT('',(0.,-9.));
#2977 = ( GEOMETRIC_REPRESENTATION_CONTEXT(2) 
PARAMETRIC_REPRESENTATION_CONTEXT() REPRESENTATION_CONTEXT('2D SPACE',''
  ) );
#2978 = PCURVE('',#2979,#2984);
#2979 = PLANE('',#2980);
#2980 = AXIS2_PLACEMENT_3D('',#2981,#2982,#2983);
#2981 = CARTESIAN_POINT('',(341.,0.,300.));
#2982 = DIRECTION('',(1.,0.,0.));
#2983 = DIRECTION('',(-0.,0.,1.));
#2984 = DEFINITIONAL_REPRESENTATION('',(#2985),#2988);
#2985 = B_SPLINE_CURVE_WITH_KNOTS('',1,(#2986,#2987),.UNSPECIFIED.,.F.,
  .F.,(2,2),(60.104076400856,67.175144212722),.PIECEWISE_BEZIER_KNOTS.);
#2986 = CARTESIAN_POINT('',(-185.,-5.));
#2987 = CARTESIAN_POINT('',(-190.,3.342413981943E-14));
#2988 = ( GEOMETRIC_REPRESENTATION_CONTEXT(2) 
PARAMETRIC_REPRESENTATION_CONTEXT() REPRESENTATION_CONTEXT('2D SPACE',''
  ) );
#2989 = ORIENTED_EDGE('',*,*,#2990,.T.);
#2990 = EDGE_CURVE('',#2965,#2991,#2993,.T.);
#2991 = VERTEX_POINT('',#2992);
#2992 = CARTESIAN_POINT('',(320.,-3.49024337757E-14,110.));
#2993 = SURFACE_CURVE('',#2994,(#2998,#3005),.PCURVE_S1.);
#2994 = LINE('',#2995,#2996);
#2995 = CARTESIAN_POINT('',(350.,-3.49024337757E-14,110.));
#2996 = VECTOR('',#2997,1.);
#2997 = DIRECTION('',(-1.,-0.,-0.));
#2998 = PCURVE('',#2106,#2999);
#2999 = DEFINITIONAL_REPRESENTATION('',(#3000),#3004);
#3000 = LINE('',#3001,#3002);
#3001 = CARTESIAN_POINT('',(0.,0.));
#3002 = VECTOR('',#3003,1.);
#3003 = DIRECTION('',(0.,-1.));
#3004 = ( GEOMETRIC_REPRESENTATION_CONTEXT(2) 
PARAMETRIC_REPRESENTATION_CONTEXT() REPRESENTATION_CONTEXT('2D SPACE',''
  ) );
#3005 = PCURVE('',#2428,#3006);
#3006 = DEFINITIONAL_REPRESENTATION('',(#3007),#3011);
#3007 = LINE('',#3008,#3009);
#3008 = CARTESIAN_POINT('',(268.70057685088,0.));
#3009 = VECTOR('',#3010,1.);
#3010 = DIRECTION('',(0.,-1.));
#3011 = ( GEOMETRIC_REPRESENTATION_CONTEXT(2) 
PARAMETRIC_REPRESENTATION_CONTEXT() REPRESENTATION_CONTEXT('2D SPACE',''
  ) );
#3012 = ORIENTED_EDGE('',*,*,#3013,.T.);
#3013 = EDGE_CURVE('',#2991,#3014,#3016,.T.);
#3014 = VERTEX_POINT('',#3015);
#3015 = CARTESIAN_POINT('',(320.,10.,120.));
#3016 = SURFACE_CURVE('',#3017,(#3021,#3028),.PCURVE_S1.);
#3017 = LINE('',#3018,#3019);
#3018 = CARTESIAN_POINT('',(320.,-3.49024337757E-14,110.));
#3019 = VECTOR('',#3020,1.);
#3020 = DIRECTION('',(0.,0.707106781187,0.707106781187));
#3021 = PCURVE('',#2106,#3022);
#3022 = DEFINITIONAL_REPRESENTATION('',(#3023),#3027);
#3023 = LINE('',#3024,#3025);
#3024 = CARTESIAN_POINT('',(0.,-30.));
#3025 = VECTOR('',#3026,1.);
#3026 = DIRECTION('',(1.,0.));
#3027 = ( GEOMETRIC_REPRESENTATION_CONTEXT(2) 
PARAMETRIC_REPRESENTATION_CONTEXT() REPRESENTATION_CONTEXT('2D SPACE',''
  ) );
#3028 = PCURVE('',#3029,#3034);
#3029 = PLANE('',#3030);
#3030 = AXIS2_PLACEMENT_3D('',#3031,#3032,#3033);
#3031 = CARTESIAN_POINT('',(320.,4.803483659205E-15,300.));
#3032 = DIRECTION('',(1.,0.,0.));
#3033 = DIRECTION('',(-0.,0.,1.));
#3034 = DEFINITIONAL_REPRESENTATION('',(#3035),#3039);
#3035 = LINE('',#3036,#3037);
#3036 = CARTESIAN_POINT('',(-190.,3.97059174349E-14));
#3037 = VECTOR('',#3038,1.);
#3038 = DIRECTION('',(0.707106781187,-0.707106781187));
#3039 = ( GEOMETRIC_REPRESENTATION_CONTEXT(2) 
PARAMETRIC_REPRESENTATION_CONTEXT() REPRESENTATION_CONTEXT('2D SPACE',''
  ) );
#3040 = ORIENTED_EDGE('',*,*,#3041,.T.);
#3041 = EDGE_CURVE('',#3014,#3042,#3044,.T.);
#3042 = VERTEX_POINT('',#3043);
#3043 = CARTESIAN_POINT('',(320.,180.,290.));
#3044 = SURFACE_CURVE('',#3045,(#3049,#3056),.PCURVE_S1.);
#3045 = LINE('',#3046,#3047);
#3046 = CARTESIAN_POINT('',(320.,-3.49024337757E-14,110.));
#3047 = VECTOR('',#3048,1.);
#3048 = DIRECTION('',(0.,0.707106781187,0.707106781187));
#3049 = PCURVE('',#2106,#3050);
#3050 = DEFINITIONAL_REPRESENTATION('',(#3051),#3055);
#3051 = LINE('',#3052,#3053);
#3052 = CARTESIAN_POINT('',(0.,-30.));
#3053 = VECTOR('',#3054,1.);
#3054 = DIRECTION('',(1.,0.));
#3055 = ( GEOMETRIC_REPRESENTATION_CONTEXT(2) 
PARAMETRIC_REPRESENTATION_CONTEXT() REPRESENTATION_CONTEXT('2D SPACE',''
  ) );
#3056 = PCURVE('',#3057,#3062);
#3057 = PLANE('',#3058);
#3058 = AXIS2_PLACEMENT_3D('',#3059,#3060,#3061);
#3059 = CARTESIAN_POINT('',(320.,4.803483659205E-15,300.));
#3060 = DIRECTION('',(1.,0.,0.));
#3061 = DIRECTION('',(-0.,0.,1.));
#3062 = DEFINITIONAL_REPRESENTATION('',(#3063),#3067);
#3063 = LINE('',#3064,#3065);
#3064 = CARTESIAN_POINT('',(-190.,3.97059174349E-14));
#3065 = VECTOR('',#3066,1.);
#3066 = DIRECTION('',(0.707106781187,-0.707106781187));
#3067 = ( GEOMETRIC_REPRESENTATION_CONTEXT(2) 
PARAMETRIC_REPRESENTATION_CONTEXT() REPRESENTATION_CONTEXT('2D SPACE',''
  ) );
#3068 = ORIENTED_EDGE('',*,*,#3069,.T.);
#3069 = EDGE_CURVE('',#3042,#2651,#3070,.T.);
#3070 = SURFACE_CURVE('',#3071,(#3075,#3082),.PCURVE_S1.);
#3071 = LINE('',#3072,#3073);
#3072 = CARTESIAN_POINT('',(320.,-3.49024337757E-14,110.));
#3073 = VECTOR('',#3074,1.);
#3074 = DIRECTION('',(0.,0.707106781187,0.707106781187));
#3075 = PCURVE('',#2106,#3076);
#3076 = DEFINITIONAL_REPRESENTATION('',(#3077),#3081);
#3077 = LINE('',#3078,#3079);
#3078 = CARTESIAN_POINT('',(0.,-30.));
#3079 = VECTOR('',#3080,1.);
#3080 = DIRECTION('',(1.,0.));
#3081 = ( GEOMETRIC_REPRESENTATION_CONTEXT(2) 
PARAMETRIC_REPRESENTATION_CONTEXT() REPRESENTATION_CONTEXT('2D SPACE',''
  ) );
#3082 = PCURVE('',#2689,#3083);
#3083 = DEFINITIONAL_REPRESENTATION('',(#3084),#3088);
#3084 = LINE('',#3085,#3086);
#3085 = CARTESIAN_POINT('',(-190.,3.97059174349E-14));
#3086 = VECTOR('',#3087,1.);
#3087 = DIRECTION('',(0.707106781187,-0.707106781187));
#3088 = ( GEOMETRIC_REPRESENTATION_CONTEXT(2) 
PARAMETRIC_REPRESENTATION_CONTEXT() REPRESENTATION_CONTEXT('2D SPACE',''
  ) );
#3089 = ORIENTED_EDGE('',*,*,#2650,.F.);
#3090 = ORIENTED_EDGE('',*,*,#2090,.F.);
#3091 = ORIENTED_EDGE('',*,*,#3092,.T.);
#3092 = EDGE_CURVE('',#2091,#3093,#3095,.T.);
#3093 = VERTEX_POINT('',#3094);
#3094 = CARTESIAN_POINT('',(341.,125.,235.));
#3095 = SURFACE_CURVE('',#3096,(#3100,#3106),.PCURVE_S1.);
#3096 = LINE('',#3097,#3098);
#3097 = CARTESIAN_POINT('',(345.5,125.,235.));
#3098 = VECTOR('',#3099,1.);
#3099 = DIRECTION('',(-1.,-0.,-0.));
#3100 = PCURVE('',#2106,#3101);
#3101 = DEFINITIONAL_REPRESENTATION('',(#3102),#3105);
#3102 = B_SPLINE_CURVE_WITH_KNOTS('',1,(#3103,#3104),.UNSPECIFIED.,.F.,
  .F.,(2,2),(-4.5,4.5),.PIECEWISE_BEZIER_KNOTS.);
#3103 = CARTESIAN_POINT('',(176.77669529663,0.));
#3104 = CARTESIAN_POINT('',(176.77669529663,-9.));
#3105 = ( GEOMETRIC_REPRESENTATION_CONTEXT(2) 
PARAMETRIC_REPRESENTATION_CONTEXT() REPRESENTATION_CONTEXT('2D SPACE',''
  ) );
#3106 = PCURVE('',#2132,#3107);
#3107 = DEFINITIONAL_REPRESENTATION('',(#3108),#3111);
#3108 = B_SPLINE_CURVE_WITH_KNOTS('',1,(#3109,#3110),.UNSPECIFIED.,.F.,
  .F.,(2,2),(-4.5,4.5),.PIECEWISE_BEZIER_KNOTS.);
#3109 = CARTESIAN_POINT('',(155.,-9.));
#3110 = CARTESIAN_POINT('',(155.,0.));
#3111 = ( GEOMETRIC_REPRESENTATION_CONTEXT(2) 
PARAMETRIC_REPRESENTATION_CONTEXT() REPRESENTATION_CONTEXT('2D SPACE',''
  ) );
#3112 = ORIENTED_EDGE('',*,*,#3113,.T.);
#3113 = EDGE_CURVE('',#3093,#3114,#3116,.T.);
#3114 = VERTEX_POINT('',#3115);
#3115 = CARTESIAN_POINT('',(341.,115.,225.));
#3116 = SURFACE_CURVE('',#3117,(#3121,#3127),.PCURVE_S1.);
#3117 = LINE('',#3118,#3119);
#3118 = CARTESIAN_POINT('',(341.,77.5,187.5));
#3119 = VECTOR('',#3120,1.);
#3120 = DIRECTION('',(0.,-0.707106781187,-0.707106781187));
#3121 = PCURVE('',#2106,#3122);
#3122 = DEFINITIONAL_REPRESENTATION('',(#3123),#3126);
#3123 = B_SPLINE_CURVE_WITH_KNOTS('',1,(#3124,#3125),.UNSPECIFIED.,.F.,
  .F.,(2,2),(-67.17514421272,-53.03300858899),.PIECEWISE_BEZIER_KNOTS.);
#3124 = CARTESIAN_POINT('',(176.77669529663,-9.));
#3125 = CARTESIAN_POINT('',(162.6345596729,-9.));
#3126 = ( GEOMETRIC_REPRESENTATION_CONTEXT(2) 
PARAMETRIC_REPRESENTATION_CONTEXT() REPRESENTATION_CONTEXT('2D SPACE',''
  ) );
#3127 = PCURVE('',#2929,#3128);
#3128 = DEFINITIONAL_REPRESENTATION('',(#3129),#3132);
#3129 = B_SPLINE_CURVE_WITH_KNOTS('',1,(#3130,#3131),.UNSPECIFIED.,.F.,
  .F.,(2,2),(-67.17514421272,-53.03300858899),.PIECEWISE_BEZIER_KNOTS.);
#3130 = CARTESIAN_POINT('',(-65.,-5.));
#3131 = CARTESIAN_POINT('',(-75.,5.));
#3132 = ( GEOMETRIC_REPRESENTATION_CONTEXT(2) 
PARAMETRIC_REPRESENTATION_CONTEXT() REPRESENTATION_CONTEXT('2D SPACE',''
  ) );
#3133 = ORIENTED_EDGE('',*,*,#3134,.T.);
#3134 = EDGE_CURVE('',#3114,#2172,#3135,.T.);
#3135 = SURFACE_CURVE('',#3136,(#3140,#3146),.PCURVE_S1.);
#3136 = LINE('',#3137,#3138);
#3137 = CARTESIAN_POINT('',(345.5,115.,225.));
#3138 = VECTOR('',#3139,1.);
#3139 = DIRECTION('',(1.,0.,0.));
#3140 = PCURVE('',#2106,#3141);
#3141 = DEFINITIONAL_REPRESENTATION('',(#3142),#3145);
#3142 = B_SPLINE_CURVE_WITH_KNOTS('',1,(#3143,#3144),.UNSPECIFIED.,.F.,
  .F.,(2,2),(-4.5,4.5),.PIECEWISE_BEZIER_KNOTS.);
#3143 = CARTESIAN_POINT('',(162.6345596729,-9.));
#3144 = CARTESIAN_POINT('',(162.6345596729,0.));
#3145 = ( GEOMETRIC_REPRESENTATION_CONTEXT(2) 
PARAMETRIC_REPRESENTATION_CONTEXT() REPRESENTATION_CONTEXT('2D SPACE',''
  ) );
#3146 = PCURVE('',#2187,#3147);
#3147 = DEFINITIONAL_REPRESENTATION('',(#3148),#3151);
#3148 = B_SPLINE_CURVE_WITH_KNOTS('',1,(#3149,#3150),.UNSPECIFIED.,.F.,
  .F.,(2,2),(-4.5,4.5),.PIECEWISE_BEZIER_KNOTS.);
#3149 = CARTESIAN_POINT('',(295.,0.));
#3150 = CARTESIAN_POINT('',(295.,-9.));
#3151 = ( GEOMETRIC_REPRESENTATION_CONTEXT(2) 
PARAMETRIC_REPRESENTATION_CONTEXT() REPRESENTATION_CONTEXT('2D SPACE',''
  ) );
#3152 = ORIENTED_EDGE('',*,*,#2199,.F.);
#3153 = ORIENTED_EDGE('',*,*,#3154,.T.);
#3154 = EDGE_CURVE('',#2200,#3155,#3157,.T.);
#3155 = VERTEX_POINT('',#3156);
#3156 = CARTESIAN_POINT('',(341.,65.,175.));
#3157 = SURFACE_CURVE('',#3158,(#3162,#3168),.PCURVE_S1.);
#3158 = LINE('',#3159,#3160);
#3159 = CARTESIAN_POINT('',(345.5,65.,175.));
#3160 = VECTOR('',#3161,1.);
#3161 = DIRECTION('',(-1.,-0.,-0.));
#3162 = PCURVE('',#2106,#3163);
#3163 = DEFINITIONAL_REPRESENTATION('',(#3164),#3167);
#3164 = B_SPLINE_CURVE_WITH_KNOTS('',1,(#3165,#3166),.UNSPECIFIED.,.F.,
  .F.,(2,2),(-4.5,4.5),.PIECEWISE_BEZIER_KNOTS.);
#3165 = CARTESIAN_POINT('',(91.923881554251,0.));
#3166 = CARTESIAN_POINT('',(91.923881554251,-9.));
#3167 = ( GEOMETRIC_REPRESENTATION_CONTEXT(2) 
PARAMETRIC_REPRESENTATION_CONTEXT() REPRESENTATION_CONTEXT('2D SPACE',''
  ) );
#3168 = PCURVE('',#2236,#3169);
#3169 = DEFINITIONAL_REPRESENTATION('',(#3170),#3173);
#3170 = B_SPLINE_CURVE_WITH_KNOTS('',1,(#3171,#3172),.UNSPECIFIED.,.F.,
  .F.,(2,2),(-4.5,4.5),.PIECEWISE_BEZIER_KNOTS.);
#3171 = CARTESIAN_POINT('',(95.,-9.));
#3172 = CARTESIAN_POINT('',(95.,0.));
#3173 = ( GEOMETRIC_REPRESENTATION_CONTEXT(2) 
PARAMETRIC_REPRESENTATION_CONTEXT() REPRESENTATION_CONTEXT('2D SPACE',''
  ) );
#3174 = ORIENTED_EDGE('',*,*,#3175,.T.);
#3175 = EDGE_CURVE('',#3155,#3176,#3178,.T.);
#3176 = VERTEX_POINT('',#3177);
#3177 = CARTESIAN_POINT('',(341.,55.,165.));
#3178 = SURFACE_CURVE('',#3179,(#3183,#3189),.PCURVE_S1.);
#3179 = LINE('',#3180,#3181);
#3180 = CARTESIAN_POINT('',(341.,62.5,172.5));
#3181 = VECTOR('',#3182,1.);
#3182 = DIRECTION('',(0.,-0.707106781187,-0.707106781187));
#3183 = PCURVE('',#2106,#3184);
#3184 = DEFINITIONAL_REPRESENTATION('',(#3185),#3188);
#3185 = B_SPLINE_CURVE_WITH_KNOTS('',1,(#3186,#3187),.UNSPECIFIED.,.F.,
  .F.,(2,2),(-3.535533905933,10.606601717798),.PIECEWISE_BEZIER_KNOTS.);
#3186 = CARTESIAN_POINT('',(91.923881554251,-9.));
#3187 = CARTESIAN_POINT('',(77.78174593052,-9.));
#3188 = ( GEOMETRIC_REPRESENTATION_CONTEXT(2) 
PARAMETRIC_REPRESENTATION_CONTEXT() REPRESENTATION_CONTEXT('2D SPACE',''
  ) );
#3189 = PCURVE('',#2862,#3190);
#3190 = DEFINITIONAL_REPRESENTATION('',(#3191),#3194);
#3191 = B_SPLINE_CURVE_WITH_KNOTS('',1,(#3192,#3193),.UNSPECIFIED.,.F.,
  .F.,(2,2),(-3.535533905933,10.606601717798),.PIECEWISE_BEZIER_KNOTS.);
#3192 = CARTESIAN_POINT('',(-125.,-5.));
#3193 = CARTESIAN_POINT('',(-135.,5.));
#3194 = ( GEOMETRIC_REPRESENTATION_CONTEXT(2) 
PARAMETRIC_REPRESENTATION_CONTEXT() REPRESENTATION_CONTEXT('2D SPACE',''
  ) );
#3195 = ORIENTED_EDGE('',*,*,#3196,.T.);
#3196 = EDGE_CURVE('',#3176,#2276,#3197,.T.);
#3197 = SURFACE_CURVE('',#3198,(#3202,#3208),.PCURVE_S1.);
#3198 = LINE('',#3199,#3200);
#3199 = CARTESIAN_POINT('',(345.5,55.,165.));
#3200 = VECTOR('',#3201,1.);
#3201 = DIRECTION('',(1.,0.,0.));
#3202 = PCURVE('',#2106,#3203);
#3203 = DEFINITIONAL_REPRESENTATION('',(#3204),#3207);
#3204 = B_SPLINE_CURVE_WITH_KNOTS('',1,(#3205,#3206),.UNSPECIFIED.,.F.,
  .F.,(2,2),(-4.5,4.5),.PIECEWISE_BEZIER_KNOTS.);
#3205 = CARTESIAN_POINT('',(77.78174593052,-9.));
#3206 = CARTESIAN_POINT('',(77.78174593052,0.));
#3207 = ( GEOMETRIC_REPRESENTATION_CONTEXT(2) 
PARAMETRIC_REPRESENTATION_CONTEXT() REPRESENTATION_CONTEXT('2D SPACE',''
  ) );
#3208 = PCURVE('',#2291,#3209);
#3209 = DEFINITIONAL_REPRESENTATION('',(#3210),#3213);
#3210 = B_SPLINE_CURVE_WITH_KNOTS('',1,(#3211,#3212),.UNSPECIFIED.,.F.,
  .F.,(2,2),(-4.5,4.5),.PIECEWISE_BEZIER_KNOTS.);
#3211 = CARTESIAN_POINT('',(355.,0.));
#3212 = CARTESIAN_POINT('',(355.,-9.));
#3213 = ( GEOMETRIC_REPRESENTATION_CONTEXT(2) 
PARAMETRIC_REPRESENTATION_CONTEXT() REPRESENTATION_CONTEXT('2D SPACE',''
  ) );
#3214 = ORIENTED_EDGE('',*,*,#2303,.F.);
#3215 = ORIENTED_EDGE('',*,*,#3216,.T.);
#3216 = EDGE_CURVE('',#2304,#2963,#3217,.T.);
#3217 = SURFACE_CURVE('',#3218,(#3222,#3228),.PCURVE_S1.);
#3218 = LINE('',#3219,#3220);
#3219 = CARTESIAN_POINT('',(345.5,5.,115.));
#3220 = VECTOR('',#3221,1.);
#3221 = DIRECTION('',(-1.,-0.,-0.));
#3222 = PCURVE('',#2106,#3223);
#3223 = DEFINITIONAL_REPRESENTATION('',(#3224),#3227);
#3224 = B_SPLINE_CURVE_WITH_KNOTS('',1,(#3225,#3226),.UNSPECIFIED.,.F.,
  .F.,(2,2),(-4.5,4.5),.PIECEWISE_BEZIER_KNOTS.);
#3225 = CARTESIAN_POINT('',(7.071067811866,0.));
#3226 = CARTESIAN_POINT('',(7.071067811866,-9.));
#3227 = ( GEOMETRIC_REPRESENTATION_CONTEXT(2) 
PARAMETRIC_REPRESENTATION_CONTEXT() REPRESENTATION_CONTEXT('2D SPACE',''
  ) );
#3228 = PCURVE('',#2340,#3229);
#3229 = DEFINITIONAL_REPRESENTATION('',(#3230),#3233);
#3230 = B_SPLINE_CURVE_WITH_KNOTS('',1,(#3231,#3232),.UNSPECIFIED.,.F.,
  .F.,(2,2),(-4.5,4.5),.PIECEWISE_BEZIER_KNOTS.);
#3231 = CARTESIAN_POINT('',(35.,-9.));
#3232 = CARTESIAN_POINT('',(35.,0.));
#3233 = ( GEOMETRIC_REPRESENTATION_CONTEXT(2) 
PARAMETRIC_REPRESENTATION_CONTEXT() REPRESENTATION_CONTEXT('2D SPACE',''
  ) );
#3234 = ADVANCED_FACE('',(#3235),#2132,.F.);
#3235 = FACE_BOUND('',#3236,.F.);
#3236 = EDGE_LOOP('',(#3237,#3258,#3259,#3260));
#3237 = ORIENTED_EDGE('',*,*,#3238,.F.);
#3238 = EDGE_CURVE('',#3093,#2915,#3239,.T.);
#3239 = SURFACE_CURVE('',#3240,(#3244,#3251),.PCURVE_S1.);
#3240 = LINE('',#3241,#3242);
#3241 = CARTESIAN_POINT('',(341.,125.,80.));
#3242 = VECTOR('',#3243,1.);
#3243 = DIRECTION('',(0.,0.,1.));
#3244 = PCURVE('',#2132,#3245);
#3245 = DEFINITIONAL_REPRESENTATION('',(#3246),#3250);
#3246 = LINE('',#3247,#3248);
#3247 = CARTESIAN_POINT('',(0.,0.));
#3248 = VECTOR('',#3249,1.);
#3249 = DIRECTION('',(1.,0.));
#3250 = ( GEOMETRIC_REPRESENTATION_CONTEXT(2) 
PARAMETRIC_REPRESENTATION_CONTEXT() REPRESENTATION_CONTEXT('2D SPACE',''
  ) );
#3251 = PCURVE('',#2929,#3252);
#3252 = DEFINITIONAL_REPRESENTATION('',(#3253),#3257);
#3253 = LINE('',#3254,#3255);
#3254 = CARTESIAN_POINT('',(-220.,-5.));
#3255 = VECTOR('',#3256,1.);
#3256 = DIRECTION('',(1.,0.));
#3257 = ( GEOMETRIC_REPRESENTATION_CONTEXT(2) 
PARAMETRIC_REPRESENTATION_CONTEXT() REPRESENTATION_CONTEXT('2D SPACE',''
  ) );
#3258 = ORIENTED_EDGE('',*,*,#3092,.F.);
#3259 = ORIENTED_EDGE('',*,*,#2118,.T.);
#3260 = ORIENTED_EDGE('',*,*,#2940,.F.);
#3261 = ADVANCED_FACE('',(#3262),#2187,.F.);
#3262 = FACE_BOUND('',#3263,.F.);
#3263 = EDGE_LOOP('',(#3264,#3285,#3286,#3287));
#3264 = ORIENTED_EDGE('',*,*,#3265,.F.);
#3265 = EDGE_CURVE('',#2894,#3114,#3266,.T.);
#3266 = SURFACE_CURVE('',#3267,(#3271,#3278),.PCURVE_S1.);
#3267 = LINE('',#3268,#3269);
#3268 = CARTESIAN_POINT('',(341.,115.,520.));
#3269 = VECTOR('',#3270,1.);
#3270 = DIRECTION('',(0.,0.,-1.));
#3271 = PCURVE('',#2187,#3272);
#3272 = DEFINITIONAL_REPRESENTATION('',(#3273),#3277);
#3273 = LINE('',#3274,#3275);
#3274 = CARTESIAN_POINT('',(0.,0.));
#3275 = VECTOR('',#3276,1.);
#3276 = DIRECTION('',(1.,0.));
#3277 = ( GEOMETRIC_REPRESENTATION_CONTEXT(2) 
PARAMETRIC_REPRESENTATION_CONTEXT() REPRESENTATION_CONTEXT('2D SPACE',''
  ) );
#3278 = PCURVE('',#2929,#3279);
#3279 = DEFINITIONAL_REPRESENTATION('',(#3280),#3284);
#3280 = LINE('',#3281,#3282);
#3281 = CARTESIAN_POINT('',(220.,5.));
#3282 = VECTOR('',#3283,1.);
#3283 = DIRECTION('',(-1.,0.));
#3284 = ( GEOMETRIC_REPRESENTATION_CONTEXT(2) 
PARAMETRIC_REPRESENTATION_CONTEXT() REPRESENTATION_CONTEXT('2D SPACE',''
  ) );
#3285 = ORIENTED_EDGE('',*,*,#2893,.F.);
#3286 = ORIENTED_EDGE('',*,*,#2171,.T.);
#3287 = ORIENTED_EDGE('',*,*,#3134,.F.);
#3288 = ADVANCED_FACE('',(#3289),#2236,.F.);
#3289 = FACE_BOUND('',#3290,.F.);
#3290 = EDGE_LOOP('',(#3291,#3312,#3313,#3314));
#3291 = ORIENTED_EDGE('',*,*,#3292,.F.);
#3292 = EDGE_CURVE('',#3155,#2848,#3293,.T.);
#3293 = SURFACE_CURVE('',#3294,(#3298,#3305),.PCURVE_S1.);
#3294 = LINE('',#3295,#3296);
#3295 = CARTESIAN_POINT('',(341.,65.,80.));
#3296 = VECTOR('',#3297,1.);
#3297 = DIRECTION('',(0.,0.,1.));
#3298 = PCURVE('',#2236,#3299);
#3299 = DEFINITIONAL_REPRESENTATION('',(#3300),#3304);
#3300 = LINE('',#3301,#3302);
#3301 = CARTESIAN_POINT('',(0.,0.));
#3302 = VECTOR('',#3303,1.);
#3303 = DIRECTION('',(1.,0.));
#3304 = ( GEOMETRIC_REPRESENTATION_CONTEXT(2) 
PARAMETRIC_REPRESENTATION_CONTEXT() REPRESENTATION_CONTEXT('2D SPACE',''
  ) );
#3305 = PCURVE('',#2862,#3306);
#3306 = DEFINITIONAL_REPRESENTATION('',(#3307),#3311);
#3307 = LINE('',#3308,#3309);
#3308 = CARTESIAN_POINT('',(-220.,-5.));
#3309 = VECTOR('',#3310,1.);
#3310 = DIRECTION('',(1.,0.));
#3311 = ( GEOMETRIC_REPRESENTATION_CONTEXT(2) 
PARAMETRIC_REPRESENTATION_CONTEXT() REPRESENTATION_CONTEXT('2D SPACE',''
  ) );
#3312 = ORIENTED_EDGE('',*,*,#3154,.F.);
#3313 = ORIENTED_EDGE('',*,*,#2222,.T.);
#3314 = ORIENTED_EDGE('',*,*,#2873,.F.);
#3315 = ADVANCED_FACE('',(#3316),#2291,.F.);
#3316 = FACE_BOUND('',#3317,.F.);
#3317 = EDGE_LOOP('',(#3318,#3339,#3340,#3341));
#3318 = ORIENTED_EDGE('',*,*,#3319,.F.);
#3319 = EDGE_CURVE('',#2827,#3176,#3320,.T.);
#3320 = SURFACE_CURVE('',#3321,(#3325,#3332),.PCURVE_S1.);
#3321 = LINE('',#3322,#3323);
#3322 = CARTESIAN_POINT('',(341.,55.,520.));
#3323 = VECTOR('',#3324,1.);
#3324 = DIRECTION('',(0.,0.,-1.));
#3325 = PCURVE('',#2291,#3326);
#3326 = DEFINITIONAL_REPRESENTATION('',(#3327),#3331);
#3327 = LINE('',#3328,#3329);
#3328 = CARTESIAN_POINT('',(0.,0.));
#3329 = VECTOR('',#3330,1.);
#3330 = DIRECTION('',(1.,0.));
#3331 = ( GEOMETRIC_REPRESENTATION_CONTEXT(2) 
PARAMETRIC_REPRESENTATION_CONTEXT() REPRESENTATION_CONTEXT('2D SPACE',''
  ) );
#3332 = PCURVE('',#2862,#3333);
#3333 = DEFINITIONAL_REPRESENTATION('',(#3334),#3338);
#3334 = LINE('',#3335,#3336);
#3335 = CARTESIAN_POINT('',(220.,5.));
#3336 = VECTOR('',#3337,1.);
#3337 = DIRECTION('',(-1.,0.));
#3338 = ( GEOMETRIC_REPRESENTATION_CONTEXT(2) 
PARAMETRIC_REPRESENTATION_CONTEXT() REPRESENTATION_CONTEXT('2D SPACE',''
  ) );
#3339 = ORIENTED_EDGE('',*,*,#2826,.F.);
#3340 = ORIENTED_EDGE('',*,*,#2275,.T.);
#3341 = ORIENTED_EDGE('',*,*,#3196,.F.);
#3342 = ADVANCED_FACE('',(#3343),#2340,.F.);
#3343 = FACE_BOUND('',#3344,.F.);
#3344 = EDGE_LOOP('',(#3345,#3368,#3369,#3370,#3371,#3394,#3503));
#3345 = ORIENTED_EDGE('',*,*,#3346,.F.);
#3346 = EDGE_CURVE('',#2963,#3347,#3349,.T.);
#3347 = VERTEX_POINT('',#3348);
#3348 = CARTESIAN_POINT('',(341.,5.,290.12903225806));
#3349 = SURFACE_CURVE('',#3350,(#3354,#3361),.PCURVE_S1.);
#3350 = LINE('',#3351,#3352);
#3351 = CARTESIAN_POINT('',(341.,5.,80.));
#3352 = VECTOR('',#3353,1.);
#3353 = DIRECTION('',(0.,0.,1.));
#3354 = PCURVE('',#2340,#3355);
#3355 = DEFINITIONAL_REPRESENTATION('',(#3356),#3360);
#3356 = LINE('',#3357,#3358);
#3357 = CARTESIAN_POINT('',(0.,0.));
#3358 = VECTOR('',#3359,1.);
#3359 = DIRECTION('',(1.,0.));
#3360 = ( GEOMETRIC_REPRESENTATION_CONTEXT(2) 
PARAMETRIC_REPRESENTATION_CONTEXT() REPRESENTATION_CONTEXT('2D SPACE',''
  ) );
#3361 = PCURVE('',#2979,#3362);
#3362 = DEFINITIONAL_REPRESENTATION('',(#3363),#3367);
#3363 = LINE('',#3364,#3365);
#3364 = CARTESIAN_POINT('',(-220.,-5.));
#3365 = VECTOR('',#3366,1.);
#3366 = DIRECTION('',(1.,0.));
#3367 = ( GEOMETRIC_REPRESENTATION_CONTEXT(2) 
PARAMETRIC_REPRESENTATION_CONTEXT() REPRESENTATION_CONTEXT('2D SPACE',''
  ) );
#3368 = ORIENTED_EDGE('',*,*,#3216,.F.);
#3369 = ORIENTED_EDGE('',*,*,#2326,.T.);
#3370 = ORIENTED_EDGE('',*,*,#2806,.F.);
#3371 = ORIENTED_EDGE('',*,*,#3372,.F.);
#3372 = EDGE_CURVE('',#3373,#2781,#3375,.T.);
#3373 = VERTEX_POINT('',#3374);
#3374 = CARTESIAN_POINT('',(341.,5.,309.87096774193));
#3375 = SURFACE_CURVE('',#3376,(#3380,#3387),.PCURVE_S1.);
#3376 = LINE('',#3377,#3378);
#3377 = CARTESIAN_POINT('',(341.,5.,80.));
#3378 = VECTOR('',#3379,1.);
#3379 = DIRECTION('',(0.,0.,1.));
#3380 = PCURVE('',#2340,#3381);
#3381 = DEFINITIONAL_REPRESENTATION('',(#3382),#3386);
#3382 = LINE('',#3383,#3384);
#3383 = CARTESIAN_POINT('',(0.,0.));
#3384 = VECTOR('',#3385,1.);
#3385 = DIRECTION('',(1.,0.));
#3386 = ( GEOMETRIC_REPRESENTATION_CONTEXT(2) 
PARAMETRIC_REPRESENTATION_CONTEXT() REPRESENTATION_CONTEXT('2D SPACE',''
  ) );
#3387 = PCURVE('',#2795,#3388);
#3388 = DEFINITIONAL_REPRESENTATION('',(#3389),#3393);
#3389 = LINE('',#3390,#3391);
#3390 = CARTESIAN_POINT('',(-220.,-5.));
#3391 = VECTOR('',#3392,1.);
#3392 = DIRECTION('',(1.,0.));
#3393 = ( GEOMETRIC_REPRESENTATION_CONTEXT(2) 
PARAMETRIC_REPRESENTATION_CONTEXT() REPRESENTATION_CONTEXT('2D SPACE',''
  ) );
#3394 = ORIENTED_EDGE('',*,*,#3395,.T.);
#3395 = EDGE_CURVE('',#3373,#3396,#3398,.T.);
#3396 = VERTEX_POINT('',#3397);
#3397 = CARTESIAN_POINT('',(347.18181818181,5.,300.));
#3398 = SURFACE_CURVE('',#3399,(#3430,#3464),.PCURVE_S1.);
#3399 = B_SPLINE_CURVE_WITH_KNOTS('',8,(#3400,#3401,#3402,#3403,#3404,
    #3405,#3406,#3407,#3408,#3409,#3410,#3411,#3412,#3413,#3414,#3415,
    #3416,#3417,#3418,#3419,#3420,#3421,#3422,#3423,#3424,#3425,#3426,
    #3427,#3428,#3429),.UNSPECIFIED.,.F.,.F.,(9,7,7,7,9),(0.,
    0.197332296979,0.395924217284,0.805024400062,1.),.UNSPECIFIED.);
#3400 = CARTESIAN_POINT('',(341.,5.,309.87096774193));
#3401 = CARTESIAN_POINT('',(341.38023682711,5.,309.26381538896));
#3402 = CARTESIAN_POINT('',(341.73746525085,5.,308.69340226073));
#3403 = CARTESIAN_POINT('',(342.0719267515,5.,308.15934276775));
#3404 = CARTESIAN_POINT('',(342.38450116266,5.,307.66023201444));
#3405 = CARTESIAN_POINT('',(342.67643706894,5.,307.19407629313));
#3406 = CARTESIAN_POINT('',(342.94915268396,5.,306.75861103689));
#3407 = CARTESIAN_POINT('',(343.20410720867,5.,306.3515062313));
#3408 = CARTESIAN_POINT('',(343.68290140337,5.,305.58698001718));
#3409 = CARTESIAN_POINT('',(343.90651193575,5.,305.22992448968));
#3410 = CARTESIAN_POINT('',(344.11507407685,5.,304.89689784501));
#3411 = CARTESIAN_POINT('',(344.30998405192,5.,304.58567062677));
#3412 = CARTESIAN_POINT('',(344.49250902059,5.,304.29421946711));
#3413 = CARTESIAN_POINT('',(344.66378822297,5.,304.02072525685));
#3414 = CARTESIAN_POINT('',(344.82484583422,5.,303.76355261954));
#3415 = CARTESIAN_POINT('',(345.28921607839,5.,303.02205819739));
#3416 = CARTESIAN_POINT('',(345.56220746507,5.,302.58615259609));
#3417 = CARTESIAN_POINT('',(345.80367269043,5.,302.20058715558));
#3418 = CARTESIAN_POINT('',(346.0192932437,5.,301.85628982054));
#3419 = CARTESIAN_POINT('',(346.21336217109,5.,301.5464055655));
#3420 = CARTESIAN_POINT('',(346.3892072676,5.,301.26562065333));
#3421 = CARTESIAN_POINT('',(346.54948130904,5.,301.00969920007));
#3422 = CARTESIAN_POINT('',(346.76632252384,5.,300.66345274417));
#3423 = CARTESIAN_POINT('',(346.83325373268,5.,300.55657871716));
#3424 = CARTESIAN_POINT('',(346.89735616259,5.,300.45422161134));
#3425 = CARTESIAN_POINT('',(346.95883227445,5.,300.3560581424));
#3426 = CARTESIAN_POINT('',(347.01786237044,5.,300.26180040848));
#3427 = CARTESIAN_POINT('',(347.07460826266,5.,300.17119003219));
#3428 = CARTESIAN_POINT('',(347.12921607552,5.,300.08399368584));
#3429 = CARTESIAN_POINT('',(347.18181818181,5.,300.));
#3430 = PCURVE('',#2340,#3431);
#3431 = DEFINITIONAL_REPRESENTATION('',(#3432),#3463);
#3432 = B_SPLINE_CURVE_WITH_KNOTS('',8,(#3433,#3434,#3435,#3436,#3437,
    #3438,#3439,#3440,#3441,#3442,#3443,#3444,#3445,#3446,#3447,#3448,
    #3449,#3450,#3451,#3452,#3453,#3454,#3455,#3456,#3457,#3458,#3459,
    #3460,#3461,#3462),.UNSPECIFIED.,.F.,.F.,(9,7,7,7,9),(0.,
    0.197332296979,0.395924217284,0.805024400062,1.),.UNSPECIFIED.);
#3433 = CARTESIAN_POINT('',(229.87096774193,0.));
#3434 = CARTESIAN_POINT('',(229.26381538896,-0.380236827114));
#3435 = CARTESIAN_POINT('',(228.69340226073,-0.737465250851));
#3436 = CARTESIAN_POINT('',(228.15934276775,-1.071926751505));
#3437 = CARTESIAN_POINT('',(227.66023201444,-1.384501162669));
#3438 = CARTESIAN_POINT('',(227.19407629313,-1.676437068947));
#3439 = CARTESIAN_POINT('',(226.75861103689,-1.949152683967));
#3440 = CARTESIAN_POINT('',(226.3515062313,-2.204107208679));
#3441 = CARTESIAN_POINT('',(225.58698001718,-2.682901403378));
#3442 = CARTESIAN_POINT('',(225.22992448968,-2.906511935753));
#3443 = CARTESIAN_POINT('',(224.89689784501,-3.115074076859));
#3444 = CARTESIAN_POINT('',(224.58567062677,-3.309984051921));
#3445 = CARTESIAN_POINT('',(224.29421946711,-3.492509020596));
#3446 = CARTESIAN_POINT('',(224.02072525685,-3.663788222977));
#3447 = CARTESIAN_POINT('',(223.76355261954,-3.824845834225));
#3448 = CARTESIAN_POINT('',(223.02205819739,-4.289216078399));
#3449 = CARTESIAN_POINT('',(222.58615259609,-4.56220746507));
#3450 = CARTESIAN_POINT('',(222.20058715558,-4.803672690438));
#3451 = CARTESIAN_POINT('',(221.85628982054,-5.019293243703));
#3452 = CARTESIAN_POINT('',(221.5464055655,-5.213362171097));
#3453 = CARTESIAN_POINT('',(221.26562065333,-5.389207267608));
#3454 = CARTESIAN_POINT('',(221.00969920007,-5.549481309043));
#3455 = CARTESIAN_POINT('',(220.66345274417,-5.766322523848));
#3456 = CARTESIAN_POINT('',(220.55657871716,-5.833253732685));
#3457 = CARTESIAN_POINT('',(220.45422161134,-5.897356162591));
#3458 = CARTESIAN_POINT('',(220.3560581424,-5.958832274456));
#3459 = CARTESIAN_POINT('',(220.26180040848,-6.017862370445));
#3460 = CARTESIAN_POINT('',(220.17119003219,-6.074608262665));
#3461 = CARTESIAN_POINT('',(220.08399368584,-6.129216075529));
#3462 = CARTESIAN_POINT('',(220.,-6.181818181818));
#3463 = ( GEOMETRIC_REPRESENTATION_CONTEXT(2) 
PARAMETRIC_REPRESENTATION_CONTEXT() REPRESENTATION_CONTEXT('2D SPACE',''
  ) );
#3464 = PCURVE('',#3465,#3470);
#3465 = B_SPLINE_SURFACE_WITH_KNOTS('',1,1,(
    (#3466,#3467)
    ,(#3468,#3469
    )),.UNSPECIFIED.,.F.,.F.,.F.,(2,2),(2,2),(0.,70.710678118655),(0.,1.
    ),.PIECEWISE_BEZIER_KNOTS.);
#3466 = CARTESIAN_POINT('',(319.,50.,300.));
#3467 = CARTESIAN_POINT('',(350.,0.5,300.));
#3468 = CARTESIAN_POINT('',(319.,-5.265716198978E-15,350.));
#3469 = CARTESIAN_POINT('',(350.,8.865115929176E-17,300.5));
#3470 = DEFINITIONAL_REPRESENTATION('',(#3471),#3502);
#3471 = B_SPLINE_CURVE_WITH_KNOTS('',8,(#3472,#3473,#3474,#3475,#3476,
    #3477,#3478,#3479,#3480,#3481,#3482,#3483,#3484,#3485,#3486,#3487,
    #3488,#3489,#3490,#3491,#3492,#3493,#3494,#3495,#3496,#3497,#3498,
    #3499,#3500,#3501),.UNSPECIFIED.,.F.,.F.,(9,7,7,7,9),(0.,
    0.197332296979,0.395924217284,0.805024400062,1.),.UNSPECIFIED.);
#3472 = CARTESIAN_POINT('',(46.93593818722,0.709677419355));
#3473 = CARTESIAN_POINT('',(45.965262334701,0.721943123455));
#3474 = CARTESIAN_POINT('',(44.962739005614,0.733466620995));
#3475 = CARTESIAN_POINT('',(43.932137654,0.744255701661));
#3476 = CARTESIAN_POINT('',(42.877323093687,0.754338747183));
#3477 = CARTESIAN_POINT('',(41.801976019591,0.763756034482));
#3478 = CARTESIAN_POINT('',(40.709384838672,0.772553312386));
#3479 = CARTESIAN_POINT('',(39.602308810544,0.780777651893));
#3480 = CARTESIAN_POINT('',(37.356370787415,0.796222625915));
#3481 = CARTESIAN_POINT('',(36.217444458734,0.803435868895));
#3482 = CARTESIAN_POINT('',(35.068221415979,0.810163679899));
#3483 = CARTESIAN_POINT('',(33.910498219306,0.816451098449));
#3484 = CARTESIAN_POINT('',(32.745763889381,0.822339000664));
#3485 = CARTESIAN_POINT('',(31.575199972475,0.827864136225));
#3486 = CARTESIAN_POINT('',(30.399687707074,0.83305954304));
#3487 = CARTESIAN_POINT('',(26.789266597504,0.848039228335));
#3488 = CARTESIAN_POINT('',(24.341347935557,0.856845402099));
#3489 = CARTESIAN_POINT('',(21.881211369879,0.864634602917));
#3490 = CARTESIAN_POINT('',(19.412583282893,0.871590104636));
#3491 = CARTESIAN_POINT('',(16.938085299193,0.877850392616));
#3492 = CARTESIAN_POINT('',(14.459367604569,0.883522815084));
#3493 = CARTESIAN_POINT('',(11.977201518544,0.888692945453));
#3494 = CARTESIAN_POINT('',(8.306873815305,0.89568782335));
#3495 = CARTESIAN_POINT('',(7.121574862213,0.897846894603));
#3496 = CARTESIAN_POINT('',(5.935714136059,0.899914714922));
#3497 = CARTESIAN_POINT('',(4.749358486437,0.901897815305));
#3498 = CARTESIAN_POINT('',(3.562565145744,0.90380201195));
#3499 = CARTESIAN_POINT('',(2.375382399545,0.905632524602));
#3500 = CARTESIAN_POINT('',(1.187850096809,0.907394066953));
#3501 = CARTESIAN_POINT('',(0.,0.909090909091));
#3502 = ( GEOMETRIC_REPRESENTATION_CONTEXT(2) 
PARAMETRIC_REPRESENTATION_CONTEXT() REPRESENTATION_CONTEXT('2D SPACE',''
  ) );
#3503 = ORIENTED_EDGE('',*,*,#3504,.F.);
#3504 = EDGE_CURVE('',#3347,#3396,#3505,.T.);
#3505 = SURFACE_CURVE('',#3506,(#3537,#3571),.PCURVE_S1.);
#3506 = B_SPLINE_CURVE_WITH_KNOTS('',8,(#3507,#3508,#3509,#3510,#3511,
    #3512,#3513,#3514,#3515,#3516,#3517,#3518,#3519,#3520,#3521,#3522,
    #3523,#3524,#3525,#3526,#3527,#3528,#3529,#3530,#3531,#3532,#3533,
    #3534,#3535,#3536),.UNSPECIFIED.,.F.,.F.,(9,7,7,7,9),(0.,
    0.204521223621,0.395358061056,0.804471687401,1.),.UNSPECIFIED.);
#3507 = CARTESIAN_POINT('',(341.,5.,290.12903225806));
#3508 = CARTESIAN_POINT('',(341.39409673743,5.,290.75831575816));
#3509 = CARTESIAN_POINT('',(341.76346718815,5.,291.34811696173));
#3510 = CARTESIAN_POINT('',(342.10838868305,5.,291.89887870358));
#3511 = CARTESIAN_POINT('',(342.42987128416,5.,292.4122138247));
#3512 = CARTESIAN_POINT('',(342.72933613149,5.,292.8903915648));
#3513 = CARTESIAN_POINT('',(343.00838108807,5.,293.3359633503));
#3514 = CARTESIAN_POINT('',(343.26863368308,5.,293.75152797782));
#3515 = CARTESIAN_POINT('',(343.73848618789,5.,294.50177633228));
#3516 = CARTESIAN_POINT('',(343.95029407098,5.,294.83998569399));
#3517 = CARTESIAN_POINT('',(344.14843404583,5.,295.15637049253));
#3518 = CARTESIAN_POINT('',(344.33412784791,5.,295.4528815636));
#3519 = CARTESIAN_POINT('',(344.50848984819,5.,295.73129830598));
#3520 = CARTESIAN_POINT('',(344.67252549671,5.,295.99322619636));
#3521 = CARTESIAN_POINT('',(344.82713826665,5.,296.2401078774));
#3522 = CARTESIAN_POINT('',(345.28615272006,5.,296.97305031106));
#3523 = CARTESIAN_POINT('',(345.55946789146,5.,297.40947292347));
#3524 = CARTESIAN_POINT('',(345.80120461098,5.,297.79547187884));
#3525 = CARTESIAN_POINT('',(346.01705568319,5.,298.14013730056));
#3526 = CARTESIAN_POINT('',(346.21132239009,5.,298.45033736484));
#3527 = CARTESIAN_POINT('',(346.3873387962,5.,298.73139581973));
#3528 = CARTESIAN_POINT('',(346.54776251793,5.,298.98755627863));
#3529 = CARTESIAN_POINT('',(346.76499474246,5.,299.33442708877));
#3530 = CARTESIAN_POINT('',(346.83216380989,5.,299.44168092224));
#3531 = CARTESIAN_POINT('',(346.89648516327,5.,299.54438759941));
#3532 = CARTESIAN_POINT('',(346.95816324094,5.,299.64287356215));
#3533 = CARTESIAN_POINT('',(347.01738003956,5.,299.73742941801));
#3534 = CARTESIAN_POINT('',(347.07429884053,5.,299.82831589052));
#3535 = CARTESIAN_POINT('',(347.12906705419,5.,299.91576836073));
#3536 = CARTESIAN_POINT('',(347.18181818181,5.,300.));
#3537 = PCURVE('',#2340,#3538);
#3538 = DEFINITIONAL_REPRESENTATION('',(#3539),#3570);
#3539 = B_SPLINE_CURVE_WITH_KNOTS('',8,(#3540,#3541,#3542,#3543,#3544,
    #3545,#3546,#3547,#3548,#3549,#3550,#3551,#3552,#3553,#3554,#3555,
    #3556,#3557,#3558,#3559,#3560,#3561,#3562,#3563,#3564,#3565,#3566,
    #3567,#3568,#3569),.UNSPECIFIED.,.F.,.F.,(9,7,7,7,9),(0.,
    0.204521223621,0.395358061056,0.804471687401,1.),.UNSPECIFIED.);
#3540 = CARTESIAN_POINT('',(210.12903225806,0.));
#3541 = CARTESIAN_POINT('',(210.75831575816,-0.394096737435));
#3542 = CARTESIAN_POINT('',(211.34811696173,-0.763467188158));
#3543 = CARTESIAN_POINT('',(211.89887870358,-1.108388683055));
#3544 = CARTESIAN_POINT('',(212.4122138247,-1.429871284161));
#3545 = CARTESIAN_POINT('',(212.8903915648,-1.729336131495));
#3546 = CARTESIAN_POINT('',(213.3359633503,-2.00838108807));
#3547 = CARTESIAN_POINT('',(213.75152797782,-2.26863368308));
#3548 = CARTESIAN_POINT('',(214.50177633228,-2.738486187898));
#3549 = CARTESIAN_POINT('',(214.83998569399,-2.950294070988));
#3550 = CARTESIAN_POINT('',(215.15637049253,-3.148434045831));
#3551 = CARTESIAN_POINT('',(215.4528815636,-3.334127847916));
#3552 = CARTESIAN_POINT('',(215.73129830598,-3.508489848192));
#3553 = CARTESIAN_POINT('',(215.99322619636,-3.672525496711));
#3554 = CARTESIAN_POINT('',(216.2401078774,-3.827138266656));
#3555 = CARTESIAN_POINT('',(216.97305031106,-4.286152720061));
#3556 = CARTESIAN_POINT('',(217.40947292347,-4.559467891469));
#3557 = CARTESIAN_POINT('',(217.79547187884,-4.801204610981));
#3558 = CARTESIAN_POINT('',(218.14013730056,-5.017055683195));
#3559 = CARTESIAN_POINT('',(218.45033736484,-5.211322390092));
#3560 = CARTESIAN_POINT('',(218.73139581973,-5.387338796202));
#3561 = CARTESIAN_POINT('',(218.98755627863,-5.547762517933));
#3562 = CARTESIAN_POINT('',(219.33442708877,-5.764994742467));
#3563 = CARTESIAN_POINT('',(219.44168092224,-5.832163809893));
#3564 = CARTESIAN_POINT('',(219.54438759941,-5.896485163271));
#3565 = CARTESIAN_POINT('',(219.64287356215,-5.958163240947));
#3566 = CARTESIAN_POINT('',(219.73742941801,-6.017380039567));
#3567 = CARTESIAN_POINT('',(219.82831589052,-6.074298840533));
#3568 = CARTESIAN_POINT('',(219.91576836073,-6.129067054197));
#3569 = CARTESIAN_POINT('',(220.,-6.181818181818));
#3570 = ( GEOMETRIC_REPRESENTATION_CONTEXT(2) 
PARAMETRIC_REPRESENTATION_CONTEXT() REPRESENTATION_CONTEXT('2D SPACE',''
  ) );
#3571 = PCURVE('',#3572,#3577);
#3572 = B_SPLINE_SURFACE_WITH_KNOTS('',1,1,(
    (#3573,#3574)
    ,(#3575,#3576
    )),.UNSPECIFIED.,.F.,.F.,.F.,(2,2),(2,2),(0.,70.710678118655),(0.,1.
    ),.PIECEWISE_BEZIER_KNOTS.);
#3573 = CARTESIAN_POINT('',(319.,-9.184850993605E-15,250.));
#3574 = CARTESIAN_POINT('',(350.,-9.184850993605E-17,299.5));
#3575 = CARTESIAN_POINT('',(319.,50.,300.));
#3576 = CARTESIAN_POINT('',(350.,0.5,300.));
#3577 = DEFINITIONAL_REPRESENTATION('',(#3578),#3609);
#3578 = B_SPLINE_CURVE_WITH_KNOTS('',8,(#3579,#3580,#3581,#3582,#3583,
    #3584,#3585,#3586,#3587,#3588,#3589,#3590,#3591,#3592,#3593,#3594,
    #3595,#3596,#3597,#3598,#3599,#3600,#3601,#3602,#3603,#3604,#3605,
    #3606,#3607,#3608),.UNSPECIFIED.,.F.,.F.,(9,7,7,7,9),(0.,
    0.204521223621,0.395358061056,0.804471687401,1.),.UNSPECIFIED.);
#3579 = CARTESIAN_POINT('',(23.774739931435,0.709677419355));
#3580 = CARTESIAN_POINT('',(24.780797628391,0.722390217337));
#3581 = CARTESIAN_POINT('',(25.82104159436,0.734305393166));
#3582 = CARTESIAN_POINT('',(26.891287186765,0.745431893002));
#3583 = CARTESIAN_POINT('',(27.987241276817,0.755802299489));
#3584 = CARTESIAN_POINT('',(29.104831420039,0.765462455855));
#3585 = CARTESIAN_POINT('',(30.240447658682,0.774463906067));
#3586 = CARTESIAN_POINT('',(31.39109695604,0.782859151067));
#3587 = CARTESIAN_POINT('',(33.640002994496,0.798015683481));
#3588 = CARTESIAN_POINT('',(34.736540291106,0.804848195838));
#3589 = CARTESIAN_POINT('',(35.842287525508,0.81123980793));
#3590 = CARTESIAN_POINT('',(36.955698847647,0.817229930578));
#3591 = CARTESIAN_POINT('',(38.07548420082,0.822854511232));
#3592 = CARTESIAN_POINT('',(39.200610912324,0.828145983765));
#3593 = CARTESIAN_POINT('',(40.330299858324,0.833133492473));
#3594 = CARTESIAN_POINT('',(43.8944631294,0.847940410325));
#3595 = CARTESIAN_POINT('',(46.342333942644,0.856757028757));
#3596 = CARTESIAN_POINT('',(48.802457576622,0.864554987451));
#3597 = CARTESIAN_POINT('',(51.271095516705,0.871517925264));
#3598 = CARTESIAN_POINT('',(53.745617861408,0.877784593229));
#3599 = CARTESIAN_POINT('',(56.224369502389,0.883462541813));
#3600 = CARTESIAN_POINT('',(58.706577291137,0.888637500578));
#3601 = CARTESIAN_POINT('',(62.380298879782,0.895644991692));
#3602 = CARTESIAN_POINT('',(63.568946181536,0.897811735803));
#3603 = CARTESIAN_POINT('',(64.758159409234,0.89988661817));
#3604 = CARTESIAN_POINT('',(65.947871015529,0.901876233579));
#3605 = CARTESIAN_POINT('',(67.138023196016,0.903786452889));
#3606 = CARTESIAN_POINT('',(68.328567207986,0.905622543243));
#3607 = CARTESIAN_POINT('',(69.51946285234,0.907389259813));
#3608 = CARTESIAN_POINT('',(70.710678118655,0.909090909091));
#3609 = ( GEOMETRIC_REPRESENTATION_CONTEXT(2) 
PARAMETRIC_REPRESENTATION_CONTEXT() REPRESENTATION_CONTEXT('2D SPACE',''
  ) );
#3610 = ADVANCED_FACE('',(#3611),#2372,.F.);
#3611 = FACE_BOUND('',#3612,.F.);
#3612 = EDGE_LOOP('',(#3613,#3634,#3635,#3658,#3686,#3714,#3735,#3736,
    #3757,#3783,#3802,#3803,#3824,#3850,#3869,#3870));
#3613 = ORIENTED_EDGE('',*,*,#3614,.T.);
#3614 = EDGE_CURVE('',#3615,#2758,#3617,.T.);
#3615 = VERTEX_POINT('',#3616);
#3616 = CARTESIAN_POINT('',(341.,-5.,485.));
#3617 = SURFACE_CURVE('',#3618,(#3622,#3628),.PCURVE_S1.);
#3618 = LINE('',#3619,#3620);
#3619 = CARTESIAN_POINT('',(341.,-47.5,442.5));
#3620 = VECTOR('',#3621,1.);
#3621 = DIRECTION('',(-0.,0.707106781187,0.707106781187));
#3622 = PCURVE('',#2372,#3623);
#3623 = DEFINITIONAL_REPRESENTATION('',(#3624),#3627);
#3624 = B_SPLINE_CURVE_WITH_KNOTS('',1,(#3625,#3626),.UNSPECIFIED.,.F.,
  .F.,(2,2),(60.104076400857,67.175144212722),.PIECEWISE_BEZIER_KNOTS.);
#3625 = CARTESIAN_POINT('',(7.071067811865,-9.));
#3626 = CARTESIAN_POINT('',(0.,-9.));
#3627 = ( GEOMETRIC_REPRESENTATION_CONTEXT(2) 
PARAMETRIC_REPRESENTATION_CONTEXT() REPRESENTATION_CONTEXT('2D SPACE',''
  ) );
#3628 = PCURVE('',#2795,#3629);
#3629 = DEFINITIONAL_REPRESENTATION('',(#3630),#3633);
#3630 = B_SPLINE_CURVE_WITH_KNOTS('',1,(#3631,#3632),.UNSPECIFIED.,.F.,
  .F.,(2,2),(60.104076400857,67.175144212722),.PIECEWISE_BEZIER_KNOTS.);
#3631 = CARTESIAN_POINT('',(185.,5.));
#3632 = CARTESIAN_POINT('',(190.,-1.210785774663E-14));
#3633 = ( GEOMETRIC_REPRESENTATION_CONTEXT(2) 
PARAMETRIC_REPRESENTATION_CONTEXT() REPRESENTATION_CONTEXT('2D SPACE',''
  ) );
#3634 = ORIENTED_EDGE('',*,*,#2757,.T.);
#3635 = ORIENTED_EDGE('',*,*,#3636,.T.);
#3636 = EDGE_CURVE('',#2730,#3637,#3639,.T.);
#3637 = VERTEX_POINT('',#3638);
#3638 = CARTESIAN_POINT('',(320.,-10.,480.));
#3639 = SURFACE_CURVE('',#3640,(#3644,#3651),.PCURVE_S1.);
#3640 = LINE('',#3641,#3642);
#3641 = CARTESIAN_POINT('',(320.,1.16341445919E-14,490.));
#3642 = VECTOR('',#3643,1.);
#3643 = DIRECTION('',(0.,-0.707106781187,-0.707106781187));
#3644 = PCURVE('',#2372,#3645);
#3645 = DEFINITIONAL_REPRESENTATION('',(#3646),#3650);
#3646 = LINE('',#3647,#3648);
#3647 = CARTESIAN_POINT('',(-0.,-30.));
#3648 = VECTOR('',#3649,1.);
#3649 = DIRECTION('',(1.,0.));
#3650 = ( GEOMETRIC_REPRESENTATION_CONTEXT(2) 
PARAMETRIC_REPRESENTATION_CONTEXT() REPRESENTATION_CONTEXT('2D SPACE',''
  ) );
#3651 = PCURVE('',#2745,#3652);
#3652 = DEFINITIONAL_REPRESENTATION('',(#3653),#3657);
#3653 = LINE('',#3654,#3655);
#3654 = CARTESIAN_POINT('',(190.,-6.830660932695E-15));
#3655 = VECTOR('',#3656,1.);
#3656 = DIRECTION('',(-0.707106781187,0.707106781187));
#3657 = ( GEOMETRIC_REPRESENTATION_CONTEXT(2) 
PARAMETRIC_REPRESENTATION_CONTEXT() REPRESENTATION_CONTEXT('2D SPACE',''
  ) );
#3658 = ORIENTED_EDGE('',*,*,#3659,.T.);
#3659 = EDGE_CURVE('',#3637,#3660,#3662,.T.);
#3660 = VERTEX_POINT('',#3661);
#3661 = CARTESIAN_POINT('',(320.,-180.,310.));
#3662 = SURFACE_CURVE('',#3663,(#3667,#3674),.PCURVE_S1.);
#3663 = LINE('',#3664,#3665);
#3664 = CARTESIAN_POINT('',(320.,1.16341445919E-14,490.));
#3665 = VECTOR('',#3666,1.);
#3666 = DIRECTION('',(0.,-0.707106781187,-0.707106781187));
#3667 = PCURVE('',#2372,#3668);
#3668 = DEFINITIONAL_REPRESENTATION('',(#3669),#3673);
#3669 = LINE('',#3670,#3671);
#3670 = CARTESIAN_POINT('',(-0.,-30.));
#3671 = VECTOR('',#3672,1.);
#3672 = DIRECTION('',(1.,0.));
#3673 = ( GEOMETRIC_REPRESENTATION_CONTEXT(2) 
PARAMETRIC_REPRESENTATION_CONTEXT() REPRESENTATION_CONTEXT('2D SPACE',''
  ) );
#3674 = PCURVE('',#3675,#3680);
#3675 = PLANE('',#3676);
#3676 = AXIS2_PLACEMENT_3D('',#3677,#3678,#3679);
#3677 = CARTESIAN_POINT('',(320.,4.803483659205E-15,300.));
#3678 = DIRECTION('',(1.,0.,0.));
#3679 = DIRECTION('',(-0.,0.,1.));
#3680 = DEFINITIONAL_REPRESENTATION('',(#3681),#3685);
#3681 = LINE('',#3682,#3683);
#3682 = CARTESIAN_POINT('',(190.,-6.830660932695E-15));
#3683 = VECTOR('',#3684,1.);
#3684 = DIRECTION('',(-0.707106781187,0.707106781187));
#3685 = ( GEOMETRIC_REPRESENTATION_CONTEXT(2) 
PARAMETRIC_REPRESENTATION_CONTEXT() REPRESENTATION_CONTEXT('2D SPACE',''
  ) );
#3686 = ORIENTED_EDGE('',*,*,#3687,.T.);
#3687 = EDGE_CURVE('',#3660,#3688,#3690,.T.);
#3688 = VERTEX_POINT('',#3689);
#3689 = CARTESIAN_POINT('',(320.,-190.,300.));
#3690 = SURFACE_CURVE('',#3691,(#3695,#3702),.PCURVE_S1.);
#3691 = LINE('',#3692,#3693);
#3692 = CARTESIAN_POINT('',(320.,1.16341445919E-14,490.));
#3693 = VECTOR('',#3694,1.);
#3694 = DIRECTION('',(0.,-0.707106781187,-0.707106781187));
#3695 = PCURVE('',#2372,#3696);
#3696 = DEFINITIONAL_REPRESENTATION('',(#3697),#3701);
#3697 = LINE('',#3698,#3699);
#3698 = CARTESIAN_POINT('',(-0.,-30.));
#3699 = VECTOR('',#3700,1.);
#3700 = DIRECTION('',(1.,0.));
#3701 = ( GEOMETRIC_REPRESENTATION_CONTEXT(2) 
PARAMETRIC_REPRESENTATION_CONTEXT() REPRESENTATION_CONTEXT('2D SPACE',''
  ) );
#3702 = PCURVE('',#3703,#3708);
#3703 = PLANE('',#3704);
#3704 = AXIS2_PLACEMENT_3D('',#3705,#3706,#3707);
#3705 = CARTESIAN_POINT('',(320.,4.803483659205E-15,300.));
#3706 = DIRECTION('',(1.,0.,0.));
#3707 = DIRECTION('',(-0.,0.,1.));
#3708 = DEFINITIONAL_REPRESENTATION('',(#3709),#3713);
#3709 = LINE('',#3710,#3711);
#3710 = CARTESIAN_POINT('',(190.,-6.830660932695E-15));
#3711 = VECTOR('',#3712,1.);
#3712 = DIRECTION('',(-0.707106781187,0.707106781187));
#3713 = ( GEOMETRIC_REPRESENTATION_CONTEXT(2) 
PARAMETRIC_REPRESENTATION_CONTEXT() REPRESENTATION_CONTEXT('2D SPACE',''
  ) );
#3714 = ORIENTED_EDGE('',*,*,#3715,.F.);
#3715 = EDGE_CURVE('',#2575,#3688,#3716,.T.);
#3716 = SURFACE_CURVE('',#3717,(#3721,#3728),.PCURVE_S1.);
#3717 = LINE('',#3718,#3719);
#3718 = CARTESIAN_POINT('',(350.,-190.,300.));
#3719 = VECTOR('',#3720,1.);
#3720 = DIRECTION('',(-1.,-0.,-0.));
#3721 = PCURVE('',#2372,#3722);
#3722 = DEFINITIONAL_REPRESENTATION('',(#3723),#3727);
#3723 = LINE('',#3724,#3725);
#3724 = CARTESIAN_POINT('',(268.70057685088,0.));
#3725 = VECTOR('',#3726,1.);
#3726 = DIRECTION('',(0.,-1.));
#3727 = ( GEOMETRIC_REPRESENTATION_CONTEXT(2) 
PARAMETRIC_REPRESENTATION_CONTEXT() REPRESENTATION_CONTEXT('2D SPACE',''
  ) );
#3728 = PCURVE('',#2428,#3729);
#3729 = DEFINITIONAL_REPRESENTATION('',(#3730),#3734);
#3730 = LINE('',#3731,#3732);
#3731 = CARTESIAN_POINT('',(0.,0.));
#3732 = VECTOR('',#3733,1.);
#3733 = DIRECTION('',(0.,-1.));
#3734 = ( GEOMETRIC_REPRESENTATION_CONTEXT(2) 
PARAMETRIC_REPRESENTATION_CONTEXT() REPRESENTATION_CONTEXT('2D SPACE',''
  ) );
#3735 = ORIENTED_EDGE('',*,*,#2572,.F.);
#3736 = ORIENTED_EDGE('',*,*,#3737,.T.);
#3737 = EDGE_CURVE('',#2573,#3738,#3740,.T.);
#3738 = VERTEX_POINT('',#3739);
#3739 = CARTESIAN_POINT('',(341.,-125.,365.));
#3740 = SURFACE_CURVE('',#3741,(#3745,#3751),.PCURVE_S1.);
#3741 = LINE('',#3742,#3743);
#3742 = CARTESIAN_POINT('',(345.5,-125.,365.));
#3743 = VECTOR('',#3744,1.);
#3744 = DIRECTION('',(-1.,-0.,0.));
#3745 = PCURVE('',#2372,#3746);
#3746 = DEFINITIONAL_REPRESENTATION('',(#3747),#3750);
#3747 = B_SPLINE_CURVE_WITH_KNOTS('',1,(#3748,#3749),.UNSPECIFIED.,.F.,
  .F.,(2,2),(-4.5,4.5),.PIECEWISE_BEZIER_KNOTS.);
#3748 = CARTESIAN_POINT('',(176.77669529663,0.));
#3749 = CARTESIAN_POINT('',(176.77669529663,-9.));
#3750 = ( GEOMETRIC_REPRESENTATION_CONTEXT(2) 
PARAMETRIC_REPRESENTATION_CONTEXT() REPRESENTATION_CONTEXT('2D SPACE',''
  ) );
#3751 = PCURVE('',#2613,#3752);
#3752 = DEFINITIONAL_REPRESENTATION('',(#3753),#3756);
#3753 = B_SPLINE_CURVE_WITH_KNOTS('',1,(#3754,#3755),.UNSPECIFIED.,.F.,
  .F.,(2,2),(-4.5,4.5),.PIECEWISE_BEZIER_KNOTS.);
#3754 = CARTESIAN_POINT('',(155.,-9.));
#3755 = CARTESIAN_POINT('',(155.,0.));
#3756 = ( GEOMETRIC_REPRESENTATION_CONTEXT(2) 
PARAMETRIC_REPRESENTATION_CONTEXT() REPRESENTATION_CONTEXT('2D SPACE',''
  ) );
#3757 = ORIENTED_EDGE('',*,*,#3758,.T.);
#3758 = EDGE_CURVE('',#3738,#3759,#3761,.T.);
#3759 = VERTEX_POINT('',#3760);
#3760 = CARTESIAN_POINT('',(341.,-115.,375.));
#3761 = SURFACE_CURVE('',#3762,(#3766,#3772),.PCURVE_S1.);
#3762 = LINE('',#3763,#3764);
#3763 = CARTESIAN_POINT('',(341.,-77.5,412.5));
#3764 = VECTOR('',#3765,1.);
#3765 = DIRECTION('',(-0.,0.707106781187,0.707106781187));
#3766 = PCURVE('',#2372,#3767);
#3767 = DEFINITIONAL_REPRESENTATION('',(#3768),#3771);
#3768 = B_SPLINE_CURVE_WITH_KNOTS('',1,(#3769,#3770),.UNSPECIFIED.,.F.,
  .F.,(2,2),(-67.17514421272,-53.03300858899),.PIECEWISE_BEZIER_KNOTS.);
#3769 = CARTESIAN_POINT('',(176.77669529663,-9.));
#3770 = CARTESIAN_POINT('',(162.6345596729,-9.));
#3771 = ( GEOMETRIC_REPRESENTATION_CONTEXT(2) 
PARAMETRIC_REPRESENTATION_CONTEXT() REPRESENTATION_CONTEXT('2D SPACE',''
  ) );
#3772 = PCURVE('',#3773,#3778);
#3773 = PLANE('',#3774);
#3774 = AXIS2_PLACEMENT_3D('',#3775,#3776,#3777);
#3775 = CARTESIAN_POINT('',(341.,-120.,300.));
#3776 = DIRECTION('',(1.,0.,0.));
#3777 = DIRECTION('',(-0.,0.,1.));
#3778 = DEFINITIONAL_REPRESENTATION('',(#3779),#3782);
#3779 = B_SPLINE_CURVE_WITH_KNOTS('',1,(#3780,#3781),.UNSPECIFIED.,.F.,
  .F.,(2,2),(-67.17514421272,-53.03300858899),.PIECEWISE_BEZIER_KNOTS.);
#3780 = CARTESIAN_POINT('',(65.,5.));
#3781 = CARTESIAN_POINT('',(75.,-5.));
#3782 = ( GEOMETRIC_REPRESENTATION_CONTEXT(2) 
PARAMETRIC_REPRESENTATION_CONTEXT() REPRESENTATION_CONTEXT('2D SPACE',''
  ) );
#3783 = ORIENTED_EDGE('',*,*,#3784,.T.);
#3784 = EDGE_CURVE('',#3759,#2471,#3785,.T.);
#3785 = SURFACE_CURVE('',#3786,(#3790,#3796),.PCURVE_S1.);
#3786 = LINE('',#3787,#3788);
#3787 = CARTESIAN_POINT('',(345.5,-115.,375.));
#3788 = VECTOR('',#3789,1.);
#3789 = DIRECTION('',(1.,0.,0.));
#3790 = PCURVE('',#2372,#3791);
#3791 = DEFINITIONAL_REPRESENTATION('',(#3792),#3795);
#3792 = B_SPLINE_CURVE_WITH_KNOTS('',1,(#3793,#3794),.UNSPECIFIED.,.F.,
  .F.,(2,2),(-4.5,4.5),.PIECEWISE_BEZIER_KNOTS.);
#3793 = CARTESIAN_POINT('',(162.6345596729,-9.));
#3794 = CARTESIAN_POINT('',(162.6345596729,0.));
#3795 = ( GEOMETRIC_REPRESENTATION_CONTEXT(2) 
PARAMETRIC_REPRESENTATION_CONTEXT() REPRESENTATION_CONTEXT('2D SPACE',''
  ) );
#3796 = PCURVE('',#2558,#3797);
#3797 = DEFINITIONAL_REPRESENTATION('',(#3798),#3801);
#3798 = B_SPLINE_CURVE_WITH_KNOTS('',1,(#3799,#3800),.UNSPECIFIED.,.F.,
  .F.,(2,2),(-4.5,4.5),.PIECEWISE_BEZIER_KNOTS.);
#3799 = CARTESIAN_POINT('',(295.,0.));
#3800 = CARTESIAN_POINT('',(295.,-9.));
#3801 = ( GEOMETRIC_REPRESENTATION_CONTEXT(2) 
PARAMETRIC_REPRESENTATION_CONTEXT() REPRESENTATION_CONTEXT('2D SPACE',''
  ) );
#3802 = ORIENTED_EDGE('',*,*,#2468,.F.);
#3803 = ORIENTED_EDGE('',*,*,#3804,.T.);
#3804 = EDGE_CURVE('',#2469,#3805,#3807,.T.);
#3805 = VERTEX_POINT('',#3806);
#3806 = CARTESIAN_POINT('',(341.,-65.,425.));
#3807 = SURFACE_CURVE('',#3808,(#3812,#3818),.PCURVE_S1.);
#3808 = LINE('',#3809,#3810);
#3809 = CARTESIAN_POINT('',(345.5,-65.,425.));
#3810 = VECTOR('',#3811,1.);
#3811 = DIRECTION('',(-1.,-0.,0.));
#3812 = PCURVE('',#2372,#3813);
#3813 = DEFINITIONAL_REPRESENTATION('',(#3814),#3817);
#3814 = B_SPLINE_CURVE_WITH_KNOTS('',1,(#3815,#3816),.UNSPECIFIED.,.F.,
  .F.,(2,2),(-4.5,4.5),.PIECEWISE_BEZIER_KNOTS.);
#3815 = CARTESIAN_POINT('',(91.923881554251,0.));
#3816 = CARTESIAN_POINT('',(91.923881554251,-9.));
#3817 = ( GEOMETRIC_REPRESENTATION_CONTEXT(2) 
PARAMETRIC_REPRESENTATION_CONTEXT() REPRESENTATION_CONTEXT('2D SPACE',''
  ) );
#3818 = PCURVE('',#2509,#3819);
#3819 = DEFINITIONAL_REPRESENTATION('',(#3820),#3823);
#3820 = B_SPLINE_CURVE_WITH_KNOTS('',1,(#3821,#3822),.UNSPECIFIED.,.F.,
  .F.,(2,2),(-4.5,4.5),.PIECEWISE_BEZIER_KNOTS.);
#3821 = CARTESIAN_POINT('',(95.,-9.));
#3822 = CARTESIAN_POINT('',(95.,0.));
#3823 = ( GEOMETRIC_REPRESENTATION_CONTEXT(2) 
PARAMETRIC_REPRESENTATION_CONTEXT() REPRESENTATION_CONTEXT('2D SPACE',''
  ) );
#3824 = ORIENTED_EDGE('',*,*,#3825,.T.);
#3825 = EDGE_CURVE('',#3805,#3826,#3828,.T.);
#3826 = VERTEX_POINT('',#3827);
#3827 = CARTESIAN_POINT('',(341.,-55.,435.));
#3828 = SURFACE_CURVE('',#3829,(#3833,#3839),.PCURVE_S1.);
#3829 = LINE('',#3830,#3831);
#3830 = CARTESIAN_POINT('',(341.,-62.5,427.5));
#3831 = VECTOR('',#3832,1.);
#3832 = DIRECTION('',(-0.,0.707106781187,0.707106781187));
#3833 = PCURVE('',#2372,#3834);
#3834 = DEFINITIONAL_REPRESENTATION('',(#3835),#3838);
#3835 = B_SPLINE_CURVE_WITH_KNOTS('',1,(#3836,#3837),.UNSPECIFIED.,.F.,
  .F.,(2,2),(-3.535533905933,10.606601717798),.PIECEWISE_BEZIER_KNOTS.);
#3836 = CARTESIAN_POINT('',(91.923881554251,-9.));
#3837 = CARTESIAN_POINT('',(77.78174593052,-9.));
#3838 = ( GEOMETRIC_REPRESENTATION_CONTEXT(2) 
PARAMETRIC_REPRESENTATION_CONTEXT() REPRESENTATION_CONTEXT('2D SPACE',''
  ) );
#3839 = PCURVE('',#3840,#3845);
#3840 = PLANE('',#3841);
#3841 = AXIS2_PLACEMENT_3D('',#3842,#3843,#3844);
#3842 = CARTESIAN_POINT('',(341.,-60.,300.));
#3843 = DIRECTION('',(1.,0.,0.));
#3844 = DIRECTION('',(-0.,0.,1.));
#3845 = DEFINITIONAL_REPRESENTATION('',(#3846),#3849);
#3846 = B_SPLINE_CURVE_WITH_KNOTS('',1,(#3847,#3848),.UNSPECIFIED.,.F.,
  .F.,(2,2),(-3.535533905933,10.606601717798),.PIECEWISE_BEZIER_KNOTS.);
#3847 = CARTESIAN_POINT('',(125.,5.));
#3848 = CARTESIAN_POINT('',(135.,-5.));
#3849 = ( GEOMETRIC_REPRESENTATION_CONTEXT(2) 
PARAMETRIC_REPRESENTATION_CONTEXT() REPRESENTATION_CONTEXT('2D SPACE',''
  ) );
#3850 = ORIENTED_EDGE('',*,*,#3851,.T.);
#3851 = EDGE_CURVE('',#3826,#2357,#3852,.T.);
#3852 = SURFACE_CURVE('',#3853,(#3857,#3863),.PCURVE_S1.);
#3853 = LINE('',#3854,#3855);
#3854 = CARTESIAN_POINT('',(345.5,-55.,435.));
#3855 = VECTOR('',#3856,1.);
#3856 = DIRECTION('',(1.,0.,0.));
#3857 = PCURVE('',#2372,#3858);
#3858 = DEFINITIONAL_REPRESENTATION('',(#3859),#3862);
#3859 = B_SPLINE_CURVE_WITH_KNOTS('',1,(#3860,#3861),.UNSPECIFIED.,.F.,
  .F.,(2,2),(-4.5,4.5),.PIECEWISE_BEZIER_KNOTS.);
#3860 = CARTESIAN_POINT('',(77.78174593052,-9.));
#3861 = CARTESIAN_POINT('',(77.78174593052,0.));
#3862 = ( GEOMETRIC_REPRESENTATION_CONTEXT(2) 
PARAMETRIC_REPRESENTATION_CONTEXT() REPRESENTATION_CONTEXT('2D SPACE',''
  ) );
#3863 = PCURVE('',#2454,#3864);
#3864 = DEFINITIONAL_REPRESENTATION('',(#3865),#3868);
#3865 = B_SPLINE_CURVE_WITH_KNOTS('',1,(#3866,#3867),.UNSPECIFIED.,.F.,
  .F.,(2,2),(-4.5,4.5),.PIECEWISE_BEZIER_KNOTS.);
#3866 = CARTESIAN_POINT('',(355.,0.));
#3867 = CARTESIAN_POINT('',(355.,-9.));
#3868 = ( GEOMETRIC_REPRESENTATION_CONTEXT(2) 
PARAMETRIC_REPRESENTATION_CONTEXT() REPRESENTATION_CONTEXT('2D SPACE',''
  ) );
#3869 = ORIENTED_EDGE('',*,*,#2354,.F.);
#3870 = ORIENTED_EDGE('',*,*,#3871,.T.);
#3871 = EDGE_CURVE('',#2355,#3615,#3872,.T.);
#3872 = SURFACE_CURVE('',#3873,(#3877,#3883),.PCURVE_S1.);
#3873 = LINE('',#3874,#3875);
#3874 = CARTESIAN_POINT('',(345.5,-5.,485.));
#3875 = VECTOR('',#3876,1.);
#3876 = DIRECTION('',(-1.,-0.,0.));
#3877 = PCURVE('',#2372,#3878);
#3878 = DEFINITIONAL_REPRESENTATION('',(#3879),#3882);
#3879 = B_SPLINE_CURVE_WITH_KNOTS('',1,(#3880,#3881),.UNSPECIFIED.,.F.,
  .F.,(2,2),(-4.5,4.5),.PIECEWISE_BEZIER_KNOTS.);
#3880 = CARTESIAN_POINT('',(7.071067811865,0.));
#3881 = CARTESIAN_POINT('',(7.071067811865,-9.));
#3882 = ( GEOMETRIC_REPRESENTATION_CONTEXT(2) 
PARAMETRIC_REPRESENTATION_CONTEXT() REPRESENTATION_CONTEXT('2D SPACE',''
  ) );
#3883 = PCURVE('',#2400,#3884);
#3884 = DEFINITIONAL_REPRESENTATION('',(#3885),#3888);
#3885 = B_SPLINE_CURVE_WITH_KNOTS('',1,(#3886,#3887),.UNSPECIFIED.,.F.,
  .F.,(2,2),(-4.5,4.5),.PIECEWISE_BEZIER_KNOTS.);
#3886 = CARTESIAN_POINT('',(35.,-9.));
#3887 = CARTESIAN_POINT('',(35.,0.));
#3888 = ( GEOMETRIC_REPRESENTATION_CONTEXT(2) 
PARAMETRIC_REPRESENTATION_CONTEXT() REPRESENTATION_CONTEXT('2D SPACE',''
  ) );
#3889 = ADVANCED_FACE('',(#3890),#2400,.F.);
#3890 = FACE_BOUND('',#3891,.F.);
#3891 = EDGE_LOOP('',(#3892,#3915,#3916,#3917,#3938,#3961,#4070));
#3892 = ORIENTED_EDGE('',*,*,#3893,.F.);
#3893 = EDGE_CURVE('',#3615,#3894,#3896,.T.);
#3894 = VERTEX_POINT('',#3895);
#3895 = CARTESIAN_POINT('',(341.,-5.,309.87096774193));
#3896 = SURFACE_CURVE('',#3897,(#3901,#3908),.PCURVE_S1.);
#3897 = LINE('',#3898,#3899);
#3898 = CARTESIAN_POINT('',(341.,-5.,520.));
#3899 = VECTOR('',#3900,1.);
#3900 = DIRECTION('',(0.,0.,-1.));
#3901 = PCURVE('',#2400,#3902);
#3902 = DEFINITIONAL_REPRESENTATION('',(#3903),#3907);
#3903 = LINE('',#3904,#3905);
#3904 = CARTESIAN_POINT('',(0.,0.));
#3905 = VECTOR('',#3906,1.);
#3906 = DIRECTION('',(1.,0.));
#3907 = ( GEOMETRIC_REPRESENTATION_CONTEXT(2) 
PARAMETRIC_REPRESENTATION_CONTEXT() REPRESENTATION_CONTEXT('2D SPACE',''
  ) );
#3908 = PCURVE('',#2795,#3909);
#3909 = DEFINITIONAL_REPRESENTATION('',(#3910),#3914);
#3910 = LINE('',#3911,#3912);
#3911 = CARTESIAN_POINT('',(220.,5.));
#3912 = VECTOR('',#3913,1.);
#3913 = DIRECTION('',(-1.,0.));
#3914 = ( GEOMETRIC_REPRESENTATION_CONTEXT(2) 
PARAMETRIC_REPRESENTATION_CONTEXT() REPRESENTATION_CONTEXT('2D SPACE',''
  ) );
#3915 = ORIENTED_EDGE('',*,*,#3871,.F.);
#3916 = ORIENTED_EDGE('',*,*,#2384,.T.);
#3917 = ORIENTED_EDGE('',*,*,#3918,.F.);
#3918 = EDGE_CURVE('',#3919,#2385,#3921,.T.);
#3919 = VERTEX_POINT('',#3920);
#3920 = CARTESIAN_POINT('',(341.,-5.,115.));
#3921 = SURFACE_CURVE('',#3922,(#3926,#3932),.PCURVE_S1.);
#3922 = LINE('',#3923,#3924);
#3923 = CARTESIAN_POINT('',(345.5,-5.,115.));
#3924 = VECTOR('',#3925,1.);
#3925 = DIRECTION('',(1.,0.,0.));
#3926 = PCURVE('',#2400,#3927);
#3927 = DEFINITIONAL_REPRESENTATION('',(#3928),#3931);
#3928 = B_SPLINE_CURVE_WITH_KNOTS('',1,(#3929,#3930),.UNSPECIFIED.,.F.,
  .F.,(2,2),(-4.5,4.5),.PIECEWISE_BEZIER_KNOTS.);
#3929 = CARTESIAN_POINT('',(405.,0.));
#3930 = CARTESIAN_POINT('',(405.,-9.));
#3931 = ( GEOMETRIC_REPRESENTATION_CONTEXT(2) 
PARAMETRIC_REPRESENTATION_CONTEXT() REPRESENTATION_CONTEXT('2D SPACE',''
  ) );
#3932 = PCURVE('',#2428,#3933);
#3933 = DEFINITIONAL_REPRESENTATION('',(#3934),#3937);
#3934 = B_SPLINE_CURVE_WITH_KNOTS('',1,(#3935,#3936),.UNSPECIFIED.,.F.,
  .F.,(2,2),(-4.5,4.5),.PIECEWISE_BEZIER_KNOTS.);
#3935 = CARTESIAN_POINT('',(261.62950903902,-9.));
#3936 = CARTESIAN_POINT('',(261.62950903902,0.));
#3937 = ( GEOMETRIC_REPRESENTATION_CONTEXT(2) 
PARAMETRIC_REPRESENTATION_CONTEXT() REPRESENTATION_CONTEXT('2D SPACE',''
  ) );
#3938 = ORIENTED_EDGE('',*,*,#3939,.F.);
#3939 = EDGE_CURVE('',#3940,#3919,#3942,.T.);
#3940 = VERTEX_POINT('',#3941);
#3941 = CARTESIAN_POINT('',(341.,-5.,290.12903225806));
#3942 = SURFACE_CURVE('',#3943,(#3947,#3954),.PCURVE_S1.);
#3943 = LINE('',#3944,#3945);
#3944 = CARTESIAN_POINT('',(341.,-5.,520.));
#3945 = VECTOR('',#3946,1.);
#3946 = DIRECTION('',(0.,0.,-1.));
#3947 = PCURVE('',#2400,#3948);
#3948 = DEFINITIONAL_REPRESENTATION('',(#3949),#3953);
#3949 = LINE('',#3950,#3951);
#3950 = CARTESIAN_POINT('',(0.,0.));
#3951 = VECTOR('',#3952,1.);
#3952 = DIRECTION('',(1.,0.));
#3953 = ( GEOMETRIC_REPRESENTATION_CONTEXT(2) 
PARAMETRIC_REPRESENTATION_CONTEXT() REPRESENTATION_CONTEXT('2D SPACE',''
  ) );
#3954 = PCURVE('',#2979,#3955);
#3955 = DEFINITIONAL_REPRESENTATION('',(#3956),#3960);
#3956 = LINE('',#3957,#3958);
#3957 = CARTESIAN_POINT('',(220.,5.));
#3958 = VECTOR('',#3959,1.);
#3959 = DIRECTION('',(-1.,0.));
#3960 = ( GEOMETRIC_REPRESENTATION_CONTEXT(2) 
PARAMETRIC_REPRESENTATION_CONTEXT() REPRESENTATION_CONTEXT('2D SPACE',''
  ) );
#3961 = ORIENTED_EDGE('',*,*,#3962,.T.);
#3962 = EDGE_CURVE('',#3940,#3963,#3965,.T.);
#3963 = VERTEX_POINT('',#3964);
#3964 = CARTESIAN_POINT('',(347.18181818181,-5.,300.));
#3965 = SURFACE_CURVE('',#3966,(#3997,#4031),.PCURVE_S1.);
#3966 = B_SPLINE_CURVE_WITH_KNOTS('',8,(#3967,#3968,#3969,#3970,#3971,
    #3972,#3973,#3974,#3975,#3976,#3977,#3978,#3979,#3980,#3981,#3982,
    #3983,#3984,#3985,#3986,#3987,#3988,#3989,#3990,#3991,#3992,#3993,
    #3994,#3995,#3996),.UNSPECIFIED.,.F.,.F.,(9,7,7,7,9),(0.,
    0.204521223621,0.395358061056,0.804471687401,1.),.UNSPECIFIED.);
#3967 = CARTESIAN_POINT('',(341.,-5.,290.12903225806));
#3968 = CARTESIAN_POINT('',(341.39409673743,-5.,290.75831575816));
#3969 = CARTESIAN_POINT('',(341.76346718816,-5.,291.34811696173));
#3970 = CARTESIAN_POINT('',(342.10838868305,-5.,291.89887870359));
#3971 = CARTESIAN_POINT('',(342.42987128416,-5.,292.4122138247));
#3972 = CARTESIAN_POINT('',(342.72933613149,-5.,292.8903915648));
#3973 = CARTESIAN_POINT('',(343.00838108807,-5.,293.3359633503));
#3974 = CARTESIAN_POINT('',(343.26863368308,-5.,293.75152797782));
#3975 = CARTESIAN_POINT('',(343.73848618789,-5.,294.50177633229));
#3976 = CARTESIAN_POINT('',(343.95029407099,-5.,294.839985694));
#3977 = CARTESIAN_POINT('',(344.14843404583,-5.,295.15637049253));
#3978 = CARTESIAN_POINT('',(344.33412784791,-5.,295.4528815636));
#3979 = CARTESIAN_POINT('',(344.50848984819,-5.,295.73129830598));
#3980 = CARTESIAN_POINT('',(344.67252549671,-5.,295.99322619636));
#3981 = CARTESIAN_POINT('',(344.82713826665,-5.,296.2401078774));
#3982 = CARTESIAN_POINT('',(345.28615272006,-5.,296.97305031106));
#3983 = CARTESIAN_POINT('',(345.55946789146,-5.,297.40947292347));
#3984 = CARTESIAN_POINT('',(345.80120461098,-5.,297.79547187883));
#3985 = CARTESIAN_POINT('',(346.01705568318,-5.,298.14013730057));
#3986 = CARTESIAN_POINT('',(346.21132239009,-5.,298.45033736483));
#3987 = CARTESIAN_POINT('',(346.3873387962,-5.,298.73139581973));
#3988 = CARTESIAN_POINT('',(346.54776251793,-5.,298.98755627863));
#3989 = CARTESIAN_POINT('',(346.76499474246,-5.,299.33442708877));
#3990 = CARTESIAN_POINT('',(346.83216380989,-5.,299.44168092224));
#3991 = CARTESIAN_POINT('',(346.89648516327,-5.,299.54438759941));
#3992 = CARTESIAN_POINT('',(346.95816324094,-5.,299.64287356215));
#3993 = CARTESIAN_POINT('',(347.01738003956,-5.,299.73742941801));
#3994 = CARTESIAN_POINT('',(347.07429884053,-5.,299.82831589052));
#3995 = CARTESIAN_POINT('',(347.12906705419,-5.,299.91576836073));
#3996 = CARTESIAN_POINT('',(347.18181818181,-5.,300.));
#3997 = PCURVE('',#2400,#3998);
#3998 = DEFINITIONAL_REPRESENTATION('',(#3999),#4030);
#3999 = B_SPLINE_CURVE_WITH_KNOTS('',8,(#4000,#4001,#4002,#4003,#4004,
    #4005,#4006,#4007,#4008,#4009,#4010,#4011,#4012,#4013,#4014,#4015,
    #4016,#4017,#4018,#4019,#4020,#4021,#4022,#4023,#4024,#4025,#4026,
    #4027,#4028,#4029),.UNSPECIFIED.,.F.,.F.,(9,7,7,7,9),(0.,
    0.204521223621,0.395358061056,0.804471687401,1.),.UNSPECIFIED.);
#4000 = CARTESIAN_POINT('',(229.87096774193,0.));
#4001 = CARTESIAN_POINT('',(229.24168424183,-0.394096737434));
#4002 = CARTESIAN_POINT('',(228.65188303826,-0.76346718816));
#4003 = CARTESIAN_POINT('',(228.10112129641,-1.108388683056));
#4004 = CARTESIAN_POINT('',(227.58778617529,-1.429871284161));
#4005 = CARTESIAN_POINT('',(227.10960843519,-1.729336131495));
#4006 = CARTESIAN_POINT('',(226.66403664969,-2.008381088072));
#4007 = CARTESIAN_POINT('',(226.24847202217,-2.268633683081));
#4008 = CARTESIAN_POINT('',(225.49822366771,-2.738486187899));
#4009 = CARTESIAN_POINT('',(225.160014306,-2.95029407099));
#4010 = CARTESIAN_POINT('',(224.84362950746,-3.148434045832));
#4011 = CARTESIAN_POINT('',(224.54711843639,-3.334127847917));
#4012 = CARTESIAN_POINT('',(224.26870169401,-3.508489848192));
#4013 = CARTESIAN_POINT('',(224.00677380363,-3.672525496712));
#4014 = CARTESIAN_POINT('',(223.75989212259,-3.827138266656));
#4015 = CARTESIAN_POINT('',(223.02694968893,-4.286152720063));
#4016 = CARTESIAN_POINT('',(222.59052707653,-4.559467891467));
#4017 = CARTESIAN_POINT('',(222.20452812116,-4.801204610987));
#4018 = CARTESIAN_POINT('',(221.85986269942,-5.017055683189));
#4019 = CARTESIAN_POINT('',(221.54966263516,-5.211322390097));
#4020 = CARTESIAN_POINT('',(221.26860418026,-5.3873387962));
#4021 = CARTESIAN_POINT('',(221.01244372136,-5.547762517934));
#4022 = CARTESIAN_POINT('',(220.66557291122,-5.764994742467));
#4023 = CARTESIAN_POINT('',(220.55831907775,-5.832163809893));
#4024 = CARTESIAN_POINT('',(220.45561240058,-5.896485163271));
#4025 = CARTESIAN_POINT('',(220.35712643784,-5.958163240947));
#4026 = CARTESIAN_POINT('',(220.26257058198,-6.017380039568));
#4027 = CARTESIAN_POINT('',(220.17168410947,-6.074298840533));
#4028 = CARTESIAN_POINT('',(220.08423163926,-6.129067054197));
#4029 = CARTESIAN_POINT('',(220.,-6.181818181818));
#4030 = ( GEOMETRIC_REPRESENTATION_CONTEXT(2) 
PARAMETRIC_REPRESENTATION_CONTEXT() REPRESENTATION_CONTEXT('2D SPACE',''
  ) );
#4031 = PCURVE('',#4032,#4037);
#4032 = B_SPLINE_SURFACE_WITH_KNOTS('',1,1,(
    (#4033,#4034)
    ,(#4035,#4036
    )),.UNSPECIFIED.,.F.,.F.,.F.,(2,2),(2,2),(0.,70.710678118655),(0.,1.
    ),.PIECEWISE_BEZIER_KNOTS.);
#4033 = CARTESIAN_POINT('',(319.,-50.,300.));
#4034 = CARTESIAN_POINT('',(350.,-0.5,300.));
#4035 = CARTESIAN_POINT('',(319.,-2.584746094441E-15,250.));
#4036 = CARTESIAN_POINT('',(350.,-8.865115929176E-17,299.5));
#4037 = DEFINITIONAL_REPRESENTATION('',(#4038),#4069);
#4038 = B_SPLINE_CURVE_WITH_KNOTS('',8,(#4039,#4040,#4041,#4042,#4043,
    #4044,#4045,#4046,#4047,#4048,#4049,#4050,#4051,#4052,#4053,#4054,
    #4055,#4056,#4057,#4058,#4059,#4060,#4061,#4062,#4063,#4064,#4065,
    #4066,#4067,#4068),.UNSPECIFIED.,.F.,.F.,(9,7,7,7,9),(0.,
    0.204521223621,0.395358061056,0.804471687401,1.),.UNSPECIFIED.);
#4039 = CARTESIAN_POINT('',(46.93593818722,0.709677419355));
#4040 = CARTESIAN_POINT('',(45.929880490265,0.722390217337));
#4041 = CARTESIAN_POINT('',(44.889636524289,0.734305393166));
#4042 = CARTESIAN_POINT('',(43.819390931887,0.745431893002));
#4043 = CARTESIAN_POINT('',(42.723436841838,0.755802299489));
#4044 = CARTESIAN_POINT('',(41.605846698612,0.765462455855));
#4045 = CARTESIAN_POINT('',(40.470230459966,0.774463906067));
#4046 = CARTESIAN_POINT('',(39.319581162611,0.782859151067));
#4047 = CARTESIAN_POINT('',(37.070675124155,0.798015683481));
#4048 = CARTESIAN_POINT('',(35.97413782754,0.804848195838));
#4049 = CARTESIAN_POINT('',(34.86839059314,0.81123980793));
#4050 = CARTESIAN_POINT('',(33.754979271004,0.817229930578));
#4051 = CARTESIAN_POINT('',(32.635193917829,0.822854511232));
#4052 = CARTESIAN_POINT('',(31.510067206323,0.828145983765));
#4053 = CARTESIAN_POINT('',(30.380378260326,0.833133492473));
#4054 = CARTESIAN_POINT('',(26.816214989241,0.847940410325));
#4055 = CARTESIAN_POINT('',(24.36834417604,0.856757028757));
#4056 = CARTESIAN_POINT('',(21.908220541958,0.864554987451));
#4057 = CARTESIAN_POINT('',(19.439582602029,0.871517925264));
#4058 = CARTESIAN_POINT('',(16.965060257175,0.877784593229));
#4059 = CARTESIAN_POINT('',(14.486308616294,0.883462541813));
#4060 = CARTESIAN_POINT('',(12.004100827505,0.888637500579));
#4061 = CARTESIAN_POINT('',(8.330379238871,0.895644991692));
#4062 = CARTESIAN_POINT('',(7.141731937111,0.897811735803));
#4063 = CARTESIAN_POINT('',(5.952518709418,0.89988661817));
#4064 = CARTESIAN_POINT('',(4.762807103127,0.901876233579));
#4065 = CARTESIAN_POINT('',(3.572654922638,0.903786452889));
#4066 = CARTESIAN_POINT('',(2.382110910664,0.905622543243));
#4067 = CARTESIAN_POINT('',(1.191215266316,0.907389259813));
#4068 = CARTESIAN_POINT('',(0.,0.909090909091));
#4069 = ( GEOMETRIC_REPRESENTATION_CONTEXT(2) 
PARAMETRIC_REPRESENTATION_CONTEXT() REPRESENTATION_CONTEXT('2D SPACE',''
  ) );
#4070 = ORIENTED_EDGE('',*,*,#4071,.F.);
#4071 = EDGE_CURVE('',#3894,#3963,#4072,.T.);
#4072 = SURFACE_CURVE('',#4073,(#4104,#4138),.PCURVE_S1.);
#4073 = B_SPLINE_CURVE_WITH_KNOTS('',8,(#4074,#4075,#4076,#4077,#4078,
    #4079,#4080,#4081,#4082,#4083,#4084,#4085,#4086,#4087,#4088,#4089,
    #4090,#4091,#4092,#4093,#4094,#4095,#4096,#4097,#4098,#4099,#4100,
    #4101,#4102,#4103),.UNSPECIFIED.,.F.,.F.,(9,7,7,7,9),(0.,
    0.197332296977,0.39592421728,0.805024400058,1.),.UNSPECIFIED.);
#4074 = CARTESIAN_POINT('',(341.,-5.,309.87096774193));
#4075 = CARTESIAN_POINT('',(341.38023682711,-5.,309.26381538896));
#4076 = CARTESIAN_POINT('',(341.73746525085,-5.,308.69340226073));
#4077 = CARTESIAN_POINT('',(342.0719267515,-5.,308.15934276775));
#4078 = CARTESIAN_POINT('',(342.38450116266,-5.,307.66023201444));
#4079 = CARTESIAN_POINT('',(342.67643706894,-5.,307.19407629313));
#4080 = CARTESIAN_POINT('',(342.94915268396,-5.,306.75861103689));
#4081 = CARTESIAN_POINT('',(343.20410720867,-5.,306.3515062313));
#4082 = CARTESIAN_POINT('',(343.68290140337,-5.,305.58698001718));
#4083 = CARTESIAN_POINT('',(343.90651193575,-5.,305.22992448968));
#4084 = CARTESIAN_POINT('',(344.11507407686,-5.,304.89689784501));
#4085 = CARTESIAN_POINT('',(344.30998405192,-5.,304.58567062677));
#4086 = CARTESIAN_POINT('',(344.49250902059,-5.,304.29421946711));
#4087 = CARTESIAN_POINT('',(344.66378822297,-5.,304.02072525685));
#4088 = CARTESIAN_POINT('',(344.82484583422,-5.,303.76355261954));
#4089 = CARTESIAN_POINT('',(345.2892160784,-5.,303.02205819738));
#4090 = CARTESIAN_POINT('',(345.56220746505,-5.,302.58615259612));
#4091 = CARTESIAN_POINT('',(345.80367269046,-5.,302.20058715554));
#4092 = CARTESIAN_POINT('',(346.01929324366,-5.,301.85628982059));
#4093 = CARTESIAN_POINT('',(346.21336217112,-5.,301.54640556546));
#4094 = CARTESIAN_POINT('',(346.38920726759,-5.,301.26562065335));
#4095 = CARTESIAN_POINT('',(346.54948130904,-5.,301.00969920007));
#4096 = CARTESIAN_POINT('',(346.76632252384,-5.,300.66345274417));
#4097 = CARTESIAN_POINT('',(346.83325373268,-5.,300.55657871716));
#4098 = CARTESIAN_POINT('',(346.89735616259,-5.,300.45422161134));
#4099 = CARTESIAN_POINT('',(346.95883227445,-5.,300.3560581424));
#4100 = CARTESIAN_POINT('',(347.01786237044,-5.,300.26180040848));
#4101 = CARTESIAN_POINT('',(347.07460826266,-5.,300.17119003219));
#4102 = CARTESIAN_POINT('',(347.12921607552,-5.,300.08399368584));
#4103 = CARTESIAN_POINT('',(347.18181818181,-5.,300.));
#4104 = PCURVE('',#2400,#4105);
#4105 = DEFINITIONAL_REPRESENTATION('',(#4106),#4137);
#4106 = B_SPLINE_CURVE_WITH_KNOTS('',8,(#4107,#4108,#4109,#4110,#4111,
    #4112,#4113,#4114,#4115,#4116,#4117,#4118,#4119,#4120,#4121,#4122,
    #4123,#4124,#4125,#4126,#4127,#4128,#4129,#4130,#4131,#4132,#4133,
    #4134,#4135,#4136),.UNSPECIFIED.,.F.,.F.,(9,7,7,7,9),(0.,
    0.197332296977,0.39592421728,0.805024400058,1.),.UNSPECIFIED.);
#4107 = CARTESIAN_POINT('',(210.12903225806,0.));
#4108 = CARTESIAN_POINT('',(210.73618461103,-0.380236827114));
#4109 = CARTESIAN_POINT('',(211.30659773926,-0.737465250851));
#4110 = CARTESIAN_POINT('',(211.84065723224,-1.071926751505));
#4111 = CARTESIAN_POINT('',(212.33976798555,-1.384501162669));
#4112 = CARTESIAN_POINT('',(212.80592370686,-1.676437068947));
#4113 = CARTESIAN_POINT('',(213.2413889631,-1.949152683967));
#4114 = CARTESIAN_POINT('',(213.64849376869,-2.204107208679));
#4115 = CARTESIAN_POINT('',(214.41301998281,-2.682901403378));
#4116 = CARTESIAN_POINT('',(214.77007551031,-2.906511935752));
#4117 = CARTESIAN_POINT('',(215.10310215498,-3.11507407686));
#4118 = CARTESIAN_POINT('',(215.41432937322,-3.309984051922));
#4119 = CARTESIAN_POINT('',(215.70578053288,-3.492509020595));
#4120 = CARTESIAN_POINT('',(215.97927474314,-3.663788222977));
#4121 = CARTESIAN_POINT('',(216.23644738045,-3.824845834225));
#4122 = CARTESIAN_POINT('',(216.97794180261,-4.289216078403));
#4123 = CARTESIAN_POINT('',(217.41384740387,-4.562207465054));
#4124 = CARTESIAN_POINT('',(217.79941284445,-4.803672690469));
#4125 = CARTESIAN_POINT('',(218.14371017941,-5.019293243666));
#4126 = CARTESIAN_POINT('',(218.45359443453,-5.213362171124));
#4127 = CARTESIAN_POINT('',(218.73437934664,-5.389207267596));
#4128 = CARTESIAN_POINT('',(218.99030079992,-5.549481309045));
#4129 = CARTESIAN_POINT('',(219.33654725582,-5.766322523848));
#4130 = CARTESIAN_POINT('',(219.44342128283,-5.833253732685));
#4131 = CARTESIAN_POINT('',(219.54577838865,-5.897356162591));
#4132 = CARTESIAN_POINT('',(219.64394185759,-5.958832274456));
#4133 = CARTESIAN_POINT('',(219.73819959151,-6.017862370445));
#4134 = CARTESIAN_POINT('',(219.8288099678,-6.074608262665));
#4135 = CARTESIAN_POINT('',(219.91600631415,-6.129216075529));
#4136 = CARTESIAN_POINT('',(220.,-6.181818181818));
#4137 = ( GEOMETRIC_REPRESENTATION_CONTEXT(2) 
PARAMETRIC_REPRESENTATION_CONTEXT() REPRESENTATION_CONTEXT('2D SPACE',''
  ) );
#4138 = PCURVE('',#4139,#4144);
#4139 = B_SPLINE_SURFACE_WITH_KNOTS('',1,1,(
    (#4140,#4141)
    ,(#4142,#4143
    )),.UNSPECIFIED.,.F.,.F.,.F.,(2,2),(2,2),(0.,70.710678118655),(0.,1.
    ),.PIECEWISE_BEZIER_KNOTS.);
#4140 = CARTESIAN_POINT('',(319.,3.061616997868E-15,350.));
#4141 = CARTESIAN_POINT('',(350.,3.061616997868E-17,300.5));
#4142 = CARTESIAN_POINT('',(319.,-50.,300.));
#4143 = CARTESIAN_POINT('',(350.,-0.5,300.));
#4144 = DEFINITIONAL_REPRESENTATION('',(#4145),#4176);
#4145 = B_SPLINE_CURVE_WITH_KNOTS('',8,(#4146,#4147,#4148,#4149,#4150,
    #4151,#4152,#4153,#4154,#4155,#4156,#4157,#4158,#4159,#4160,#4161,
    #4162,#4163,#4164,#4165,#4166,#4167,#4168,#4169,#4170,#4171,#4172,
    #4173,#4174,#4175),.UNSPECIFIED.,.F.,.F.,(9,7,7,7,9),(0.,
    0.197332296977,0.39592421728,0.805024400058,1.),.UNSPECIFIED.);
#4146 = CARTESIAN_POINT('',(23.774739931435,0.709677419355));
#4147 = CARTESIAN_POINT('',(24.745415783954,0.721943123455));
#4148 = CARTESIAN_POINT('',(25.747939113039,0.733466620995));
#4149 = CARTESIAN_POINT('',(26.778540464655,0.744255701661));
#4150 = CARTESIAN_POINT('',(27.833355024969,0.754338747183));
#4151 = CARTESIAN_POINT('',(28.908702099063,0.763756034482));
#4152 = CARTESIAN_POINT('',(30.00129327998,0.772553312386));
#4153 = CARTESIAN_POINT('',(31.10836930811,0.780777651893));
#4154 = CARTESIAN_POINT('',(33.35430733124,0.796222625915));
#4155 = CARTESIAN_POINT('',(34.493233659917,0.803435868895));
#4156 = CARTESIAN_POINT('',(35.642456702677,0.810163679899));
#4157 = CARTESIAN_POINT('',(36.80017989935,0.816451098449));
#4158 = CARTESIAN_POINT('',(37.964914229272,0.822339000664));
#4159 = CARTESIAN_POINT('',(39.13547814618,0.827864136225));
#4160 = CARTESIAN_POINT('',(40.31099041158,0.83305954304));
#4161 = CARTESIAN_POINT('',(43.921411521179,0.848039228336));
#4162 = CARTESIAN_POINT('',(46.369330182955,0.856845402099));
#4163 = CARTESIAN_POINT('',(48.829466749106,0.864634602918));
#4164 = CARTESIAN_POINT('',(51.298094835321,0.871590104635));
#4165 = CARTESIAN_POINT('',(53.772592819819,0.877850392617));
#4166 = CARTESIAN_POINT('',(56.251310513916,0.883522815084));
#4167 = CARTESIAN_POINT('',(58.73347660015,0.888692945453));
#4168 = CARTESIAN_POINT('',(62.403804303351,0.89568782335));
#4169 = CARTESIAN_POINT('',(63.58910325644,0.897846894603));
#4170 = CARTESIAN_POINT('',(64.774963982596,0.899914714922));
#4171 = CARTESIAN_POINT('',(65.961319632219,0.901897815305));
#4172 = CARTESIAN_POINT('',(67.148112972911,0.90380201195));
#4173 = CARTESIAN_POINT('',(68.335295719108,0.905632524602));
#4174 = CARTESIAN_POINT('',(69.522828021846,0.907394066953));
#4175 = CARTESIAN_POINT('',(70.710678118655,0.909090909091));
#4176 = ( GEOMETRIC_REPRESENTATION_CONTEXT(2) 
PARAMETRIC_REPRESENTATION_CONTEXT() REPRESENTATION_CONTEXT('2D SPACE',''
  ) );
#4177 = ADVANCED_FACE('',(#4178),#2428,.F.);
#4178 = FACE_BOUND('',#4179,.F.);
#4179 = EDGE_LOOP('',(#4180,#4181,#4182,#4205,#4233,#4254,#4255,#4274,
    #4275,#4276,#4297,#4318,#4337,#4338,#4359,#4380));
#4180 = ORIENTED_EDGE('',*,*,#2625,.F.);
#4181 = ORIENTED_EDGE('',*,*,#3715,.T.);
#4182 = ORIENTED_EDGE('',*,*,#4183,.T.);
#4183 = EDGE_CURVE('',#3688,#4184,#4186,.T.);
#4184 = VERTEX_POINT('',#4185);
#4185 = CARTESIAN_POINT('',(320.,-180.,290.));
#4186 = SURFACE_CURVE('',#4187,(#4191,#4198),.PCURVE_S1.);
#4187 = LINE('',#4188,#4189);
#4188 = CARTESIAN_POINT('',(320.,-190.,300.));
#4189 = VECTOR('',#4190,1.);
#4190 = DIRECTION('',(0.,0.707106781187,-0.707106781187));
#4191 = PCURVE('',#2428,#4192);
#4192 = DEFINITIONAL_REPRESENTATION('',(#4193),#4197);
#4193 = LINE('',#4194,#4195);
#4194 = CARTESIAN_POINT('',(0.,-30.));
#4195 = VECTOR('',#4196,1.);
#4196 = DIRECTION('',(1.,0.));
#4197 = ( GEOMETRIC_REPRESENTATION_CONTEXT(2) 
PARAMETRIC_REPRESENTATION_CONTEXT() REPRESENTATION_CONTEXT('2D SPACE',''
  ) );
#4198 = PCURVE('',#3703,#4199);
#4199 = DEFINITIONAL_REPRESENTATION('',(#4200),#4204);
#4200 = LINE('',#4201,#4202);
#4201 = CARTESIAN_POINT('',(0.,190.));
#4202 = VECTOR('',#4203,1.);
#4203 = DIRECTION('',(-0.707106781187,-0.707106781187));
#4204 = ( GEOMETRIC_REPRESENTATION_CONTEXT(2) 
PARAMETRIC_REPRESENTATION_CONTEXT() REPRESENTATION_CONTEXT('2D SPACE',''
  ) );
#4205 = ORIENTED_EDGE('',*,*,#4206,.T.);
#4206 = EDGE_CURVE('',#4184,#4207,#4209,.T.);
#4207 = VERTEX_POINT('',#4208);
#4208 = CARTESIAN_POINT('',(320.,-10.,120.));
#4209 = SURFACE_CURVE('',#4210,(#4214,#4221),.PCURVE_S1.);
#4210 = LINE('',#4211,#4212);
#4211 = CARTESIAN_POINT('',(320.,-190.,300.));
#4212 = VECTOR('',#4213,1.);
#4213 = DIRECTION('',(0.,0.707106781187,-0.707106781187));
#4214 = PCURVE('',#2428,#4215);
#4215 = DEFINITIONAL_REPRESENTATION('',(#4216),#4220);
#4216 = LINE('',#4217,#4218);
#4217 = CARTESIAN_POINT('',(0.,-30.));
#4218 = VECTOR('',#4219,1.);
#4219 = DIRECTION('',(1.,0.));
#4220 = ( GEOMETRIC_REPRESENTATION_CONTEXT(2) 
PARAMETRIC_REPRESENTATION_CONTEXT() REPRESENTATION_CONTEXT('2D SPACE',''
  ) );
#4221 = PCURVE('',#4222,#4227);
#4222 = PLANE('',#4223);
#4223 = AXIS2_PLACEMENT_3D('',#4224,#4225,#4226);
#4224 = CARTESIAN_POINT('',(320.,4.803483659205E-15,300.));
#4225 = DIRECTION('',(1.,0.,0.));
#4226 = DIRECTION('',(-0.,0.,1.));
#4227 = DEFINITIONAL_REPRESENTATION('',(#4228),#4232);
#4228 = LINE('',#4229,#4230);
#4229 = CARTESIAN_POINT('',(0.,190.));
#4230 = VECTOR('',#4231,1.);
#4231 = DIRECTION('',(-0.707106781187,-0.707106781187));
#4232 = ( GEOMETRIC_REPRESENTATION_CONTEXT(2) 
PARAMETRIC_REPRESENTATION_CONTEXT() REPRESENTATION_CONTEXT('2D SPACE',''
  ) );
#4233 = ORIENTED_EDGE('',*,*,#4234,.T.);
#4234 = EDGE_CURVE('',#4207,#2991,#4235,.T.);
#4235 = SURFACE_CURVE('',#4236,(#4240,#4247),.PCURVE_S1.);
#4236 = LINE('',#4237,#4238);
#4237 = CARTESIAN_POINT('',(320.,-190.,300.));
#4238 = VECTOR('',#4239,1.);
#4239 = DIRECTION('',(0.,0.707106781187,-0.707106781187));
#4240 = PCURVE('',#2428,#4241);
#4241 = DEFINITIONAL_REPRESENTATION('',(#4242),#4246);
#4242 = LINE('',#4243,#4244);
#4243 = CARTESIAN_POINT('',(0.,-30.));
#4244 = VECTOR('',#4245,1.);
#4245 = DIRECTION('',(1.,0.));
#4246 = ( GEOMETRIC_REPRESENTATION_CONTEXT(2) 
PARAMETRIC_REPRESENTATION_CONTEXT() REPRESENTATION_CONTEXT('2D SPACE',''
  ) );
#4247 = PCURVE('',#3029,#4248);
#4248 = DEFINITIONAL_REPRESENTATION('',(#4249),#4253);
#4249 = LINE('',#4250,#4251);
#4250 = CARTESIAN_POINT('',(0.,190.));
#4251 = VECTOR('',#4252,1.);
#4252 = DIRECTION('',(-0.707106781187,-0.707106781187));
#4253 = ( GEOMETRIC_REPRESENTATION_CONTEXT(2) 
PARAMETRIC_REPRESENTATION_CONTEXT() REPRESENTATION_CONTEXT('2D SPACE',''
  ) );
#4254 = ORIENTED_EDGE('',*,*,#2990,.F.);
#4255 = ORIENTED_EDGE('',*,*,#4256,.T.);
#4256 = EDGE_CURVE('',#2965,#3919,#4257,.T.);
#4257 = SURFACE_CURVE('',#4258,(#4262,#4268),.PCURVE_S1.);
#4258 = LINE('',#4259,#4260);
#4259 = CARTESIAN_POINT('',(341.,-142.5,252.5));
#4260 = VECTOR('',#4261,1.);
#4261 = DIRECTION('',(0.,-0.707106781187,0.707106781187));
#4262 = PCURVE('',#2428,#4263);
#4263 = DEFINITIONAL_REPRESENTATION('',(#4264),#4267);
#4264 = B_SPLINE_CURVE_WITH_KNOTS('',1,(#4265,#4266),.UNSPECIFIED.,.F.,
  .F.,(2,2),(-201.5254326381,-194.4543648263),.PIECEWISE_BEZIER_KNOTS.);
#4265 = CARTESIAN_POINT('',(268.70057685088,-9.));
#4266 = CARTESIAN_POINT('',(261.62950903902,-9.));
#4267 = ( GEOMETRIC_REPRESENTATION_CONTEXT(2) 
PARAMETRIC_REPRESENTATION_CONTEXT() REPRESENTATION_CONTEXT('2D SPACE',''
  ) );
#4268 = PCURVE('',#2979,#4269);
#4269 = DEFINITIONAL_REPRESENTATION('',(#4270),#4273);
#4270 = B_SPLINE_CURVE_WITH_KNOTS('',1,(#4271,#4272),.UNSPECIFIED.,.F.,
  .F.,(2,2),(-201.5254326381,-194.4543648263),.PIECEWISE_BEZIER_KNOTS.);
#4271 = CARTESIAN_POINT('',(-190.,1.569105232841E-14));
#4272 = CARTESIAN_POINT('',(-185.,5.));
#4273 = ( GEOMETRIC_REPRESENTATION_CONTEXT(2) 
PARAMETRIC_REPRESENTATION_CONTEXT() REPRESENTATION_CONTEXT('2D SPACE',''
  ) );
#4274 = ORIENTED_EDGE('',*,*,#3918,.T.);
#4275 = ORIENTED_EDGE('',*,*,#2412,.F.);
#4276 = ORIENTED_EDGE('',*,*,#4277,.T.);
#4277 = EDGE_CURVE('',#2413,#4278,#4280,.T.);
#4278 = VERTEX_POINT('',#4279);
#4279 = CARTESIAN_POINT('',(341.,-55.,165.));
#4280 = SURFACE_CURVE('',#4281,(#4285,#4291),.PCURVE_S1.);
#4281 = LINE('',#4282,#4283);
#4282 = CARTESIAN_POINT('',(345.5,-55.,165.));
#4283 = VECTOR('',#4284,1.);
#4284 = DIRECTION('',(-1.,-0.,0.));
#4285 = PCURVE('',#2428,#4286);
#4286 = DEFINITIONAL_REPRESENTATION('',(#4287),#4290);
#4287 = B_SPLINE_CURVE_WITH_KNOTS('',1,(#4288,#4289),.UNSPECIFIED.,.F.,
  .F.,(2,2),(-4.5,4.5),.PIECEWISE_BEZIER_KNOTS.);
#4288 = CARTESIAN_POINT('',(190.91883092036,0.));
#4289 = CARTESIAN_POINT('',(190.91883092036,-9.));
#4290 = ( GEOMETRIC_REPRESENTATION_CONTEXT(2) 
PARAMETRIC_REPRESENTATION_CONTEXT() REPRESENTATION_CONTEXT('2D SPACE',''
  ) );
#4291 = PCURVE('',#2454,#4292);
#4292 = DEFINITIONAL_REPRESENTATION('',(#4293),#4296);
#4293 = B_SPLINE_CURVE_WITH_KNOTS('',1,(#4294,#4295),.UNSPECIFIED.,.F.,
  .F.,(2,2),(-4.5,4.5),.PIECEWISE_BEZIER_KNOTS.);
#4294 = CARTESIAN_POINT('',(85.,-9.));
#4295 = CARTESIAN_POINT('',(85.,0.));
#4296 = ( GEOMETRIC_REPRESENTATION_CONTEXT(2) 
PARAMETRIC_REPRESENTATION_CONTEXT() REPRESENTATION_CONTEXT('2D SPACE',''
  ) );
#4297 = ORIENTED_EDGE('',*,*,#4298,.T.);
#4298 = EDGE_CURVE('',#4278,#4299,#4301,.T.);
#4299 = VERTEX_POINT('',#4300);
#4300 = CARTESIAN_POINT('',(341.,-65.,175.));
#4301 = SURFACE_CURVE('',#4302,(#4306,#4312),.PCURVE_S1.);
#4302 = LINE('',#4303,#4304);
#4303 = CARTESIAN_POINT('',(341.,-157.5,267.5));
#4304 = VECTOR('',#4305,1.);
#4305 = DIRECTION('',(0.,-0.707106781187,0.707106781187));
#4306 = PCURVE('',#2428,#4307);
#4307 = DEFINITIONAL_REPRESENTATION('',(#4308),#4311);
#4308 = B_SPLINE_CURVE_WITH_KNOTS('',1,(#4309,#4310),.UNSPECIFIED.,.F.,
  .F.,(2,2),(-144.9568901432,-130.8147545195),.PIECEWISE_BEZIER_KNOTS.);
#4309 = CARTESIAN_POINT('',(190.91883092036,-9.));
#4310 = CARTESIAN_POINT('',(176.77669529663,-9.));
#4311 = ( GEOMETRIC_REPRESENTATION_CONTEXT(2) 
PARAMETRIC_REPRESENTATION_CONTEXT() REPRESENTATION_CONTEXT('2D SPACE',''
  ) );
#4312 = PCURVE('',#3840,#4313);
#4313 = DEFINITIONAL_REPRESENTATION('',(#4314),#4317);
#4314 = B_SPLINE_CURVE_WITH_KNOTS('',1,(#4315,#4316),.UNSPECIFIED.,.F.,
  .F.,(2,2),(-144.9568901432,-130.8147545195),.PIECEWISE_BEZIER_KNOTS.);
#4315 = CARTESIAN_POINT('',(-135.,-5.));
#4316 = CARTESIAN_POINT('',(-125.,5.));
#4317 = ( GEOMETRIC_REPRESENTATION_CONTEXT(2) 
PARAMETRIC_REPRESENTATION_CONTEXT() REPRESENTATION_CONTEXT('2D SPACE',''
  ) );
#4318 = ORIENTED_EDGE('',*,*,#4319,.T.);
#4319 = EDGE_CURVE('',#4299,#2494,#4320,.T.);
#4320 = SURFACE_CURVE('',#4321,(#4325,#4331),.PCURVE_S1.);
#4321 = LINE('',#4322,#4323);
#4322 = CARTESIAN_POINT('',(345.5,-65.,175.));
#4323 = VECTOR('',#4324,1.);
#4324 = DIRECTION('',(1.,0.,0.));
#4325 = PCURVE('',#2428,#4326);
#4326 = DEFINITIONAL_REPRESENTATION('',(#4327),#4330);
#4327 = B_SPLINE_CURVE_WITH_KNOTS('',1,(#4328,#4329),.UNSPECIFIED.,.F.,
  .F.,(2,2),(-4.5,4.5),.PIECEWISE_BEZIER_KNOTS.);
#4328 = CARTESIAN_POINT('',(176.77669529663,-9.));
#4329 = CARTESIAN_POINT('',(176.77669529663,0.));
#4330 = ( GEOMETRIC_REPRESENTATION_CONTEXT(2) 
PARAMETRIC_REPRESENTATION_CONTEXT() REPRESENTATION_CONTEXT('2D SPACE',''
  ) );
#4331 = PCURVE('',#2509,#4332);
#4332 = DEFINITIONAL_REPRESENTATION('',(#4333),#4336);
#4333 = B_SPLINE_CURVE_WITH_KNOTS('',1,(#4334,#4335),.UNSPECIFIED.,.F.,
  .F.,(2,2),(-4.5,4.5),.PIECEWISE_BEZIER_KNOTS.);
#4334 = CARTESIAN_POINT('',(345.,0.));
#4335 = CARTESIAN_POINT('',(345.,-9.));
#4336 = ( GEOMETRIC_REPRESENTATION_CONTEXT(2) 
PARAMETRIC_REPRESENTATION_CONTEXT() REPRESENTATION_CONTEXT('2D SPACE',''
  ) );
#4337 = ORIENTED_EDGE('',*,*,#2521,.F.);
#4338 = ORIENTED_EDGE('',*,*,#4339,.T.);
#4339 = EDGE_CURVE('',#2522,#4340,#4342,.T.);
#4340 = VERTEX_POINT('',#4341);
#4341 = CARTESIAN_POINT('',(341.,-115.,225.));
#4342 = SURFACE_CURVE('',#4343,(#4347,#4353),.PCURVE_S1.);
#4343 = LINE('',#4344,#4345);
#4344 = CARTESIAN_POINT('',(345.5,-115.,225.));
#4345 = VECTOR('',#4346,1.);
#4346 = DIRECTION('',(-1.,-0.,0.));
#4347 = PCURVE('',#2428,#4348);
#4348 = DEFINITIONAL_REPRESENTATION('',(#4349),#4352);
#4349 = B_SPLINE_CURVE_WITH_KNOTS('',1,(#4350,#4351),.UNSPECIFIED.,.F.,
  .F.,(2,2),(-4.5,4.5),.PIECEWISE_BEZIER_KNOTS.);
#4350 = CARTESIAN_POINT('',(106.06601717798,0.));
#4351 = CARTESIAN_POINT('',(106.06601717798,-9.));
#4352 = ( GEOMETRIC_REPRESENTATION_CONTEXT(2) 
PARAMETRIC_REPRESENTATION_CONTEXT() REPRESENTATION_CONTEXT('2D SPACE',''
  ) );
#4353 = PCURVE('',#2558,#4354);
#4354 = DEFINITIONAL_REPRESENTATION('',(#4355),#4358);
#4355 = B_SPLINE_CURVE_WITH_KNOTS('',1,(#4356,#4357),.UNSPECIFIED.,.F.,
  .F.,(2,2),(-4.5,4.5),.PIECEWISE_BEZIER_KNOTS.);
#4356 = CARTESIAN_POINT('',(145.,-9.));
#4357 = CARTESIAN_POINT('',(145.,0.));
#4358 = ( GEOMETRIC_REPRESENTATION_CONTEXT(2) 
PARAMETRIC_REPRESENTATION_CONTEXT() REPRESENTATION_CONTEXT('2D SPACE',''
  ) );
#4359 = ORIENTED_EDGE('',*,*,#4360,.T.);
#4360 = EDGE_CURVE('',#4340,#4361,#4363,.T.);
#4361 = VERTEX_POINT('',#4362);
#4362 = CARTESIAN_POINT('',(341.,-125.,235.));
#4363 = SURFACE_CURVE('',#4364,(#4368,#4374),.PCURVE_S1.);
#4364 = LINE('',#4365,#4366);
#4365 = CARTESIAN_POINT('',(341.,-172.5,282.5));
#4366 = VECTOR('',#4367,1.);
#4367 = DIRECTION('',(0.,-0.707106781187,0.707106781187));
#4368 = PCURVE('',#2428,#4369);
#4369 = DEFINITIONAL_REPRESENTATION('',(#4370),#4373);
#4370 = B_SPLINE_CURVE_WITH_KNOTS('',1,(#4371,#4372),.UNSPECIFIED.,.F.,
  .F.,(2,2),(-81.31727983645,-67.17514421272),.PIECEWISE_BEZIER_KNOTS.);
#4371 = CARTESIAN_POINT('',(106.06601717798,-9.));
#4372 = CARTESIAN_POINT('',(91.923881554251,-9.));
#4373 = ( GEOMETRIC_REPRESENTATION_CONTEXT(2) 
PARAMETRIC_REPRESENTATION_CONTEXT() REPRESENTATION_CONTEXT('2D SPACE',''
  ) );
#4374 = PCURVE('',#3773,#4375);
#4375 = DEFINITIONAL_REPRESENTATION('',(#4376),#4379);
#4376 = B_SPLINE_CURVE_WITH_KNOTS('',1,(#4377,#4378),.UNSPECIFIED.,.F.,
  .F.,(2,2),(-81.31727983645,-67.17514421272),.PIECEWISE_BEZIER_KNOTS.);
#4377 = CARTESIAN_POINT('',(-75.,-5.));
#4378 = CARTESIAN_POINT('',(-65.,5.));
#4379 = ( GEOMETRIC_REPRESENTATION_CONTEXT(2) 
PARAMETRIC_REPRESENTATION_CONTEXT() REPRESENTATION_CONTEXT('2D SPACE',''
  ) );
#4380 = ORIENTED_EDGE('',*,*,#4381,.T.);
#4381 = EDGE_CURVE('',#4361,#2598,#4382,.T.);
#4382 = SURFACE_CURVE('',#4383,(#4387,#4393),.PCURVE_S1.);
#4383 = LINE('',#4384,#4385);
#4384 = CARTESIAN_POINT('',(345.5,-125.,235.));
#4385 = VECTOR('',#4386,1.);
#4386 = DIRECTION('',(1.,0.,0.));
#4387 = PCURVE('',#2428,#4388);
#4388 = DEFINITIONAL_REPRESENTATION('',(#4389),#4392);
#4389 = B_SPLINE_CURVE_WITH_KNOTS('',1,(#4390,#4391),.UNSPECIFIED.,.F.,
  .F.,(2,2),(-4.5,4.5),.PIECEWISE_BEZIER_KNOTS.);
#4390 = CARTESIAN_POINT('',(91.923881554251,-9.));
#4391 = CARTESIAN_POINT('',(91.923881554251,0.));
#4392 = ( GEOMETRIC_REPRESENTATION_CONTEXT(2) 
PARAMETRIC_REPRESENTATION_CONTEXT() REPRESENTATION_CONTEXT('2D SPACE',''
  ) );
#4393 = PCURVE('',#2613,#4394);
#4394 = DEFINITIONAL_REPRESENTATION('',(#4395),#4398);
#4395 = B_SPLINE_CURVE_WITH_KNOTS('',1,(#4396,#4397),.UNSPECIFIED.,.F.,
  .F.,(2,2),(-4.5,4.5),.PIECEWISE_BEZIER_KNOTS.);
#4396 = CARTESIAN_POINT('',(285.,0.));
#4397 = CARTESIAN_POINT('',(285.,-9.));
#4398 = ( GEOMETRIC_REPRESENTATION_CONTEXT(2) 
PARAMETRIC_REPRESENTATION_CONTEXT() REPRESENTATION_CONTEXT('2D SPACE',''
  ) );
#4399 = ADVANCED_FACE('',(#4400),#2454,.F.);
#4400 = FACE_BOUND('',#4401,.F.);
#4401 = EDGE_LOOP('',(#4402,#4423,#4424,#4425));
#4402 = ORIENTED_EDGE('',*,*,#4403,.F.);
#4403 = EDGE_CURVE('',#4278,#3826,#4404,.T.);
#4404 = SURFACE_CURVE('',#4405,(#4409,#4416),.PCURVE_S1.);
#4405 = LINE('',#4406,#4407);
#4406 = CARTESIAN_POINT('',(341.,-55.,80.));
#4407 = VECTOR('',#4408,1.);
#4408 = DIRECTION('',(0.,0.,1.));
#4409 = PCURVE('',#2454,#4410);
#4410 = DEFINITIONAL_REPRESENTATION('',(#4411),#4415);
#4411 = LINE('',#4412,#4413);
#4412 = CARTESIAN_POINT('',(0.,0.));
#4413 = VECTOR('',#4414,1.);
#4414 = DIRECTION('',(1.,0.));
#4415 = ( GEOMETRIC_REPRESENTATION_CONTEXT(2) 
PARAMETRIC_REPRESENTATION_CONTEXT() REPRESENTATION_CONTEXT('2D SPACE',''
  ) );
#4416 = PCURVE('',#3840,#4417);
#4417 = DEFINITIONAL_REPRESENTATION('',(#4418),#4422);
#4418 = LINE('',#4419,#4420);
#4419 = CARTESIAN_POINT('',(-220.,-5.));
#4420 = VECTOR('',#4421,1.);
#4421 = DIRECTION('',(1.,0.));
#4422 = ( GEOMETRIC_REPRESENTATION_CONTEXT(2) 
PARAMETRIC_REPRESENTATION_CONTEXT() REPRESENTATION_CONTEXT('2D SPACE',''
  ) );
#4423 = ORIENTED_EDGE('',*,*,#4277,.F.);
#4424 = ORIENTED_EDGE('',*,*,#2440,.T.);
#4425 = ORIENTED_EDGE('',*,*,#3851,.F.);
#4426 = ADVANCED_FACE('',(#4427),#2509,.F.);
#4427 = FACE_BOUND('',#4428,.F.);
#4428 = EDGE_LOOP('',(#4429,#4450,#4451,#4452));
#4429 = ORIENTED_EDGE('',*,*,#4430,.F.);
#4430 = EDGE_CURVE('',#3805,#4299,#4431,.T.);
#4431 = SURFACE_CURVE('',#4432,(#4436,#4443),.PCURVE_S1.);
#4432 = LINE('',#4433,#4434);
#4433 = CARTESIAN_POINT('',(341.,-65.,520.));
#4434 = VECTOR('',#4435,1.);
#4435 = DIRECTION('',(0.,0.,-1.));
#4436 = PCURVE('',#2509,#4437);
#4437 = DEFINITIONAL_REPRESENTATION('',(#4438),#4442);
#4438 = LINE('',#4439,#4440);
#4439 = CARTESIAN_POINT('',(0.,0.));
#4440 = VECTOR('',#4441,1.);
#4441 = DIRECTION('',(1.,0.));
#4442 = ( GEOMETRIC_REPRESENTATION_CONTEXT(2) 
PARAMETRIC_REPRESENTATION_CONTEXT() REPRESENTATION_CONTEXT('2D SPACE',''
  ) );
#4443 = PCURVE('',#3840,#4444);
#4444 = DEFINITIONAL_REPRESENTATION('',(#4445),#4449);
#4445 = LINE('',#4446,#4447);
#4446 = CARTESIAN_POINT('',(220.,5.));
#4447 = VECTOR('',#4448,1.);
#4448 = DIRECTION('',(-1.,0.));
#4449 = ( GEOMETRIC_REPRESENTATION_CONTEXT(2) 
PARAMETRIC_REPRESENTATION_CONTEXT() REPRESENTATION_CONTEXT('2D SPACE',''
  ) );
#4450 = ORIENTED_EDGE('',*,*,#3804,.F.);
#4451 = ORIENTED_EDGE('',*,*,#2493,.T.);
#4452 = ORIENTED_EDGE('',*,*,#4319,.F.);
#4453 = ADVANCED_FACE('',(#4454),#2558,.F.);
#4454 = FACE_BOUND('',#4455,.F.);
#4455 = EDGE_LOOP('',(#4456,#4477,#4478,#4479));
#4456 = ORIENTED_EDGE('',*,*,#4457,.F.);
#4457 = EDGE_CURVE('',#4340,#3759,#4458,.T.);
#4458 = SURFACE_CURVE('',#4459,(#4463,#4470),.PCURVE_S1.);
#4459 = LINE('',#4460,#4461);
#4460 = CARTESIAN_POINT('',(341.,-115.,80.));
#4461 = VECTOR('',#4462,1.);
#4462 = DIRECTION('',(0.,0.,1.));
#4463 = PCURVE('',#2558,#4464);
#4464 = DEFINITIONAL_REPRESENTATION('',(#4465),#4469);
#4465 = LINE('',#4466,#4467);
#4466 = CARTESIAN_POINT('',(0.,0.));
#4467 = VECTOR('',#4468,1.);
#4468 = DIRECTION('',(1.,0.));
#4469 = ( GEOMETRIC_REPRESENTATION_CONTEXT(2) 
PARAMETRIC_REPRESENTATION_CONTEXT() REPRESENTATION_CONTEXT('2D SPACE',''
  ) );
#4470 = PCURVE('',#3773,#4471);
#4471 = DEFINITIONAL_REPRESENTATION('',(#4472),#4476);
#4472 = LINE('',#4473,#4474);
#4473 = CARTESIAN_POINT('',(-220.,-5.));
#4474 = VECTOR('',#4475,1.);
#4475 = DIRECTION('',(1.,0.));
#4476 = ( GEOMETRIC_REPRESENTATION_CONTEXT(2) 
PARAMETRIC_REPRESENTATION_CONTEXT() REPRESENTATION_CONTEXT('2D SPACE',''
  ) );
#4477 = ORIENTED_EDGE('',*,*,#4339,.F.);
#4478 = ORIENTED_EDGE('',*,*,#2544,.T.);
#4479 = ORIENTED_EDGE('',*,*,#3784,.F.);
#4480 = ADVANCED_FACE('',(#4481),#2613,.F.);
#4481 = FACE_BOUND('',#4482,.F.);
#4482 = EDGE_LOOP('',(#4483,#4504,#4505,#4506));
#4483 = ORIENTED_EDGE('',*,*,#4484,.F.);
#4484 = EDGE_CURVE('',#3738,#4361,#4485,.T.);
#4485 = SURFACE_CURVE('',#4486,(#4490,#4497),.PCURVE_S1.);
#4486 = LINE('',#4487,#4488);
#4487 = CARTESIAN_POINT('',(341.,-125.,520.));
#4488 = VECTOR('',#4489,1.);
#4489 = DIRECTION('',(0.,0.,-1.));
#4490 = PCURVE('',#2613,#4491);
#4491 = DEFINITIONAL_REPRESENTATION('',(#4492),#4496);
#4492 = LINE('',#4493,#4494);
#4493 = CARTESIAN_POINT('',(0.,0.));
#4494 = VECTOR('',#4495,1.);
#4495 = DIRECTION('',(1.,0.));
#4496 = ( GEOMETRIC_REPRESENTATION_CONTEXT(2) 
PARAMETRIC_REPRESENTATION_CONTEXT() REPRESENTATION_CONTEXT('2D SPACE',''
  ) );
#4497 = PCURVE('',#3773,#4498);
#4498 = DEFINITIONAL_REPRESENTATION('',(#4499),#4503);
#4499 = LINE('',#4500,#4501);
#4500 = CARTESIAN_POINT('',(220.,5.));
#4501 = VECTOR('',#4502,1.);
#4502 = DIRECTION('',(-1.,0.));
#4503 = ( GEOMETRIC_REPRESENTATION_CONTEXT(2) 
PARAMETRIC_REPRESENTATION_CONTEXT() REPRESENTATION_CONTEXT('2D SPACE',''
  ) );
#4504 = ORIENTED_EDGE('',*,*,#3737,.F.);
#4505 = ORIENTED_EDGE('',*,*,#2597,.T.);
#4506 = ORIENTED_EDGE('',*,*,#4381,.F.);
#4507 = ADVANCED_FACE('',(#4508),#2929,.F.);
#4508 = FACE_BOUND('',#4509,.F.);
#4509 = EDGE_LOOP('',(#4510,#4511,#4512,#4513));
#4510 = ORIENTED_EDGE('',*,*,#3265,.T.);
#4511 = ORIENTED_EDGE('',*,*,#3113,.F.);
#4512 = ORIENTED_EDGE('',*,*,#3238,.T.);
#4513 = ORIENTED_EDGE('',*,*,#2914,.F.);
#4514 = ADVANCED_FACE('',(#4515),#2862,.F.);
#4515 = FACE_BOUND('',#4516,.F.);
#4516 = EDGE_LOOP('',(#4517,#4518,#4519,#4520));
#4517 = ORIENTED_EDGE('',*,*,#3319,.T.);
#4518 = ORIENTED_EDGE('',*,*,#3175,.F.);
#4519 = ORIENTED_EDGE('',*,*,#3292,.T.);
#4520 = ORIENTED_EDGE('',*,*,#2847,.F.);
#4521 = ADVANCED_FACE('',(#4522),#2795,.F.);
#4522 = FACE_BOUND('',#4523,.F.);
#4523 = EDGE_LOOP('',(#4524,#4525,#4526,#4546,#4564,#4565));
#4524 = ORIENTED_EDGE('',*,*,#3614,.F.);
#4525 = ORIENTED_EDGE('',*,*,#3893,.T.);
#4526 = ORIENTED_EDGE('',*,*,#4527,.T.);
#4527 = EDGE_CURVE('',#3894,#4528,#4530,.T.);
#4528 = VERTEX_POINT('',#4529);
#4529 = CARTESIAN_POINT('',(341.,-1.465842589883E-15,314.87096774193));
#4530 = SURFACE_CURVE('',#4531,(#4534,#4540),.PCURVE_S1.);
#4531 = B_SPLINE_CURVE_WITH_KNOTS('',1,(#4532,#4533),.UNSPECIFIED.,.F.,
  .F.,(2,2),(0.,1.),.PIECEWISE_BEZIER_KNOTS.);
#4532 = CARTESIAN_POINT('',(341.,-5.,309.87096774193));
#4533 = CARTESIAN_POINT('',(341.,2.6645352591E-15,314.87096774193));
#4534 = PCURVE('',#2795,#4535);
#4535 = DEFINITIONAL_REPRESENTATION('',(#4536),#4539);
#4536 = B_SPLINE_CURVE_WITH_KNOTS('',1,(#4537,#4538),.UNSPECIFIED.,.F.,
  .F.,(2,2),(0.,1.),.PIECEWISE_BEZIER_KNOTS.);
#4537 = CARTESIAN_POINT('',(9.870967741935,5.));
#4538 = CARTESIAN_POINT('',(14.870967741935,-2.6645352591E-15));
#4539 = ( GEOMETRIC_REPRESENTATION_CONTEXT(2) 
PARAMETRIC_REPRESENTATION_CONTEXT() REPRESENTATION_CONTEXT('2D SPACE',''
  ) );
#4540 = PCURVE('',#4139,#4541);
#4541 = DEFINITIONAL_REPRESENTATION('',(#4542),#4545);
#4542 = B_SPLINE_CURVE_WITH_KNOTS('',1,(#4543,#4544),.UNSPECIFIED.,.F.,
  .F.,(2,2),(0.,1.),.PIECEWISE_BEZIER_KNOTS.);
#4543 = CARTESIAN_POINT('',(23.774739931435,0.709677419355));
#4544 = CARTESIAN_POINT('',(0.,0.709677419355));
#4545 = ( GEOMETRIC_REPRESENTATION_CONTEXT(2) 
PARAMETRIC_REPRESENTATION_CONTEXT() REPRESENTATION_CONTEXT('2D SPACE',''
  ) );
#4546 = ORIENTED_EDGE('',*,*,#4547,.T.);
#4547 = EDGE_CURVE('',#4528,#3373,#4548,.T.);
#4548 = SURFACE_CURVE('',#4549,(#4552,#4558),.PCURVE_S1.);
#4549 = B_SPLINE_CURVE_WITH_KNOTS('',1,(#4550,#4551),.UNSPECIFIED.,.F.,
  .F.,(2,2),(0.,1.),.PIECEWISE_BEZIER_KNOTS.);
#4550 = CARTESIAN_POINT('',(341.,-4.440892098501E-15,314.87096774193));
#4551 = CARTESIAN_POINT('',(341.,5.,309.87096774193));
#4552 = PCURVE('',#2795,#4553);
#4553 = DEFINITIONAL_REPRESENTATION('',(#4554),#4557);
#4554 = B_SPLINE_CURVE_WITH_KNOTS('',1,(#4555,#4556),.UNSPECIFIED.,.F.,
  .F.,(2,2),(0.,1.),.PIECEWISE_BEZIER_KNOTS.);
#4555 = CARTESIAN_POINT('',(14.870967741935,4.440892098501E-15));
#4556 = CARTESIAN_POINT('',(9.870967741935,-5.));
#4557 = ( GEOMETRIC_REPRESENTATION_CONTEXT(2) 
PARAMETRIC_REPRESENTATION_CONTEXT() REPRESENTATION_CONTEXT('2D SPACE',''
  ) );
#4558 = PCURVE('',#3465,#4559);
#4559 = DEFINITIONAL_REPRESENTATION('',(#4560),#4563);
#4560 = B_SPLINE_CURVE_WITH_KNOTS('',1,(#4561,#4562),.UNSPECIFIED.,.F.,
  .F.,(2,2),(0.,1.),.PIECEWISE_BEZIER_KNOTS.);
#4561 = CARTESIAN_POINT('',(70.710678118655,0.709677419355));
#4562 = CARTESIAN_POINT('',(46.93593818722,0.709677419355));
#4563 = ( GEOMETRIC_REPRESENTATION_CONTEXT(2) 
PARAMETRIC_REPRESENTATION_CONTEXT() REPRESENTATION_CONTEXT('2D SPACE',''
  ) );
#4564 = ORIENTED_EDGE('',*,*,#3372,.T.);
#4565 = ORIENTED_EDGE('',*,*,#2780,.F.);
#4566 = ADVANCED_FACE('',(#4567),#2745,.T.);
#4567 = FACE_BOUND('',#4568,.T.);
#4568 = EDGE_LOOP('',(#4569,#4593,#4594));
#4569 = ORIENTED_EDGE('',*,*,#4570,.T.);
#4570 = EDGE_CURVE('',#3637,#2702,#4571,.T.);
#4571 = SURFACE_CURVE('',#4572,(#4576,#4582),.PCURVE_S1.);
#4572 = LINE('',#4573,#4574);
#4573 = CARTESIAN_POINT('',(320.,5.,480.));
#4574 = VECTOR('',#4575,1.);
#4575 = DIRECTION('',(-0.,1.,0.));
#4576 = PCURVE('',#2745,#4577);
#4577 = DEFINITIONAL_REPRESENTATION('',(#4578),#4581);
#4578 = B_SPLINE_CURVE_WITH_KNOTS('',1,(#4579,#4580),.UNSPECIFIED.,.F.,
  .F.,(2,2),(-15.,5.),.PIECEWISE_BEZIER_KNOTS.);
#4579 = CARTESIAN_POINT('',(180.,10.));
#4580 = CARTESIAN_POINT('',(180.,-10.));
#4581 = ( GEOMETRIC_REPRESENTATION_CONTEXT(2) 
PARAMETRIC_REPRESENTATION_CONTEXT() REPRESENTATION_CONTEXT('2D SPACE',''
  ) );
#4582 = PCURVE('',#4583,#4588);
#4583 = PLANE('',#4584);
#4584 = AXIS2_PLACEMENT_3D('',#4585,#4586,#4587);
#4585 = CARTESIAN_POINT('',(319.,10.,480.));
#4586 = DIRECTION('',(0.,0.,-1.));
#4587 = DIRECTION('',(0.,-1.,0.));
#4588 = DEFINITIONAL_REPRESENTATION('',(#4589),#4592);
#4589 = B_SPLINE_CURVE_WITH_KNOTS('',1,(#4590,#4591),.UNSPECIFIED.,.F.,
  .F.,(2,2),(-15.,5.),.PIECEWISE_BEZIER_KNOTS.);
#4590 = CARTESIAN_POINT('',(20.,-1.));
#4591 = CARTESIAN_POINT('',(0.,-1.));
#4592 = ( GEOMETRIC_REPRESENTATION_CONTEXT(2) 
PARAMETRIC_REPRESENTATION_CONTEXT() REPRESENTATION_CONTEXT('2D SPACE',''
  ) );
#4593 = ORIENTED_EDGE('',*,*,#2729,.T.);
#4594 = ORIENTED_EDGE('',*,*,#3636,.T.);
#4595 = ADVANCED_FACE('',(#4596),#2717,.T.);
#4596 = FACE_BOUND('',#4597,.T.);
#4597 = EDGE_LOOP('',(#4598,#4624,#4625,#4651));
#4598 = ORIENTED_EDGE('',*,*,#4599,.T.);
#4599 = EDGE_CURVE('',#4600,#2674,#4602,.T.);
#4600 = VERTEX_POINT('',#4601);
#4601 = CARTESIAN_POINT('',(320.,38.403225806452,310.));
#4602 = SURFACE_CURVE('',#4603,(#4607,#4613),.PCURVE_S1.);
#4603 = LINE('',#4604,#4605);
#4604 = CARTESIAN_POINT('',(320.,90.,310.));
#4605 = VECTOR('',#4606,1.);
#4606 = DIRECTION('',(-0.,1.,0.));
#4607 = PCURVE('',#2717,#4608);
#4608 = DEFINITIONAL_REPRESENTATION('',(#4609),#4612);
#4609 = B_SPLINE_CURVE_WITH_KNOTS('',1,(#4610,#4611),.UNSPECIFIED.,.F.,
  .F.,(2,2),(-80.,90.),.PIECEWISE_BEZIER_KNOTS.);
#4610 = CARTESIAN_POINT('',(10.,-10.));
#4611 = CARTESIAN_POINT('',(10.,-180.));
#4612 = ( GEOMETRIC_REPRESENTATION_CONTEXT(2) 
PARAMETRIC_REPRESENTATION_CONTEXT() REPRESENTATION_CONTEXT('2D SPACE',''
  ) );
#4613 = PCURVE('',#4614,#4619);
#4614 = PLANE('',#4615);
#4615 = AXIS2_PLACEMENT_3D('',#4616,#4617,#4618);
#4616 = CARTESIAN_POINT('',(319.,180.,310.));
#4617 = DIRECTION('',(0.,0.,-1.));
#4618 = DIRECTION('',(0.,-1.,0.));
#4619 = DEFINITIONAL_REPRESENTATION('',(#4620),#4623);
#4620 = B_SPLINE_CURVE_WITH_KNOTS('',1,(#4621,#4622),.UNSPECIFIED.,.F.,
  .F.,(2,2),(-80.,90.),.PIECEWISE_BEZIER_KNOTS.);
#4621 = CARTESIAN_POINT('',(170.,-1.));
#4622 = CARTESIAN_POINT('',(0.,-1.));
#4623 = ( GEOMETRIC_REPRESENTATION_CONTEXT(2) 
PARAMETRIC_REPRESENTATION_CONTEXT() REPRESENTATION_CONTEXT('2D SPACE',''
  ) );
#4624 = ORIENTED_EDGE('',*,*,#2701,.T.);
#4625 = ORIENTED_EDGE('',*,*,#4626,.T.);
#4626 = EDGE_CURVE('',#2702,#4627,#4629,.T.);
#4627 = VERTEX_POINT('',#4628);
#4628 = CARTESIAN_POINT('',(320.,10.,338.40322580645));
#4629 = SURFACE_CURVE('',#4630,(#4634,#4640),.PCURVE_S1.);
#4630 = LINE('',#4631,#4632);
#4631 = CARTESIAN_POINT('',(320.,10.,210.));
#4632 = VECTOR('',#4633,1.);
#4633 = DIRECTION('',(0.,0.,-1.));
#4634 = PCURVE('',#2717,#4635);
#4635 = DEFINITIONAL_REPRESENTATION('',(#4636),#4639);
#4636 = B_SPLINE_CURVE_WITH_KNOTS('',1,(#4637,#4638),.UNSPECIFIED.,.F.,
  .F.,(2,2),(-270.,-100.),.PIECEWISE_BEZIER_KNOTS.);
#4637 = CARTESIAN_POINT('',(180.,-10.));
#4638 = CARTESIAN_POINT('',(10.,-10.));
#4639 = ( GEOMETRIC_REPRESENTATION_CONTEXT(2) 
PARAMETRIC_REPRESENTATION_CONTEXT() REPRESENTATION_CONTEXT('2D SPACE',''
  ) );
#4640 = PCURVE('',#4641,#4646);
#4641 = PLANE('',#4642);
#4642 = AXIS2_PLACEMENT_3D('',#4643,#4644,#4645);
#4643 = CARTESIAN_POINT('',(319.,10.,120.));
#4644 = DIRECTION('',(0.,-1.,0.));
#4645 = DIRECTION('',(0.,0.,1.));
#4646 = DEFINITIONAL_REPRESENTATION('',(#4647),#4650);
#4647 = B_SPLINE_CURVE_WITH_KNOTS('',1,(#4648,#4649),.UNSPECIFIED.,.F.,
  .F.,(2,2),(-270.,-100.),.PIECEWISE_BEZIER_KNOTS.);
#4648 = CARTESIAN_POINT('',(360.,-1.));
#4649 = CARTESIAN_POINT('',(190.,-1.));
#4650 = ( GEOMETRIC_REPRESENTATION_CONTEXT(2) 
PARAMETRIC_REPRESENTATION_CONTEXT() REPRESENTATION_CONTEXT('2D SPACE',''
  ) );
#4651 = ORIENTED_EDGE('',*,*,#4652,.T.);
#4652 = EDGE_CURVE('',#4627,#4600,#4653,.T.);
#4653 = SURFACE_CURVE('',#4654,(#4657,#4663),.PCURVE_S1.);
#4654 = B_SPLINE_CURVE_WITH_KNOTS('',1,(#4655,#4656),.UNSPECIFIED.,.F.,
  .F.,(2,2),(0.,1.),.PIECEWISE_BEZIER_KNOTS.);
#4655 = CARTESIAN_POINT('',(320.,9.680644750575,338.72258105587));
#4656 = CARTESIAN_POINT('',(320.,38.722581055876,309.68064475057));
#4657 = PCURVE('',#2717,#4658);
#4658 = DEFINITIONAL_REPRESENTATION('',(#4659),#4662);
#4659 = B_SPLINE_CURVE_WITH_KNOTS('',1,(#4660,#4661),.UNSPECIFIED.,.F.,
  .F.,(2,2),(0.,1.),.PIECEWISE_BEZIER_KNOTS.);
#4660 = CARTESIAN_POINT('',(38.722581055876,-9.680644750575));
#4661 = CARTESIAN_POINT('',(9.680644750575,-38.72258105587));
#4662 = ( GEOMETRIC_REPRESENTATION_CONTEXT(2) 
PARAMETRIC_REPRESENTATION_CONTEXT() REPRESENTATION_CONTEXT('2D SPACE',''
  ) );
#4663 = PCURVE('',#4664,#4669);
#4664 = B_SPLINE_SURFACE_WITH_KNOTS('',1,1,(
    (#4665,#4666)
    ,(#4667,#4668
    )),.UNSPECIFIED.,.F.,.F.,.F.,(2,2),(2,2),(0.,70.710678118655),(0.,1.
    ),.PIECEWISE_BEZIER_KNOTS.);
#4665 = CARTESIAN_POINT('',(319.,50.,300.));
#4666 = CARTESIAN_POINT('',(350.,0.5,300.));
#4667 = CARTESIAN_POINT('',(319.,-5.265716198978E-15,350.));
#4668 = CARTESIAN_POINT('',(350.,8.865115929176E-17,300.5));
#4669 = DEFINITIONAL_REPRESENTATION('',(#4670),#4673);
#4670 = B_SPLINE_CURVE_WITH_KNOTS('',1,(#4671,#4672),.UNSPECIFIED.,.F.,
  .F.,(2,2),(0.,1.),.PIECEWISE_BEZIER_KNOTS.);
#4671 = CARTESIAN_POINT('',(56.568543094924,3.225806451613E-02));
#4672 = CARTESIAN_POINT('',(14.142135023731,3.225806451613E-02));
#4673 = ( GEOMETRIC_REPRESENTATION_CONTEXT(2) 
PARAMETRIC_REPRESENTATION_CONTEXT() REPRESENTATION_CONTEXT('2D SPACE',''
  ) );
#4674 = ADVANCED_FACE('',(#4675),#2689,.T.);
#4675 = FACE_BOUND('',#4676,.T.);
#4676 = EDGE_LOOP('',(#4677,#4678,#4679));
#4677 = ORIENTED_EDGE('',*,*,#3069,.T.);
#4678 = ORIENTED_EDGE('',*,*,#2673,.T.);
#4679 = ORIENTED_EDGE('',*,*,#4680,.T.);
#4680 = EDGE_CURVE('',#2674,#3042,#4681,.T.);
#4681 = SURFACE_CURVE('',#4682,(#4686,#4692),.PCURVE_S1.);
#4682 = LINE('',#4683,#4684);
#4683 = CARTESIAN_POINT('',(320.,180.,295.));
#4684 = VECTOR('',#4685,1.);
#4685 = DIRECTION('',(0.,0.,-1.));
#4686 = PCURVE('',#2689,#4687);
#4687 = DEFINITIONAL_REPRESENTATION('',(#4688),#4691);
#4688 = B_SPLINE_CURVE_WITH_KNOTS('',1,(#4689,#4690),.UNSPECIFIED.,.F.,
  .F.,(2,2),(-15.,5.),.PIECEWISE_BEZIER_KNOTS.);
#4689 = CARTESIAN_POINT('',(10.,-180.));
#4690 = CARTESIAN_POINT('',(-10.,-180.));
#4691 = ( GEOMETRIC_REPRESENTATION_CONTEXT(2) 
PARAMETRIC_REPRESENTATION_CONTEXT() REPRESENTATION_CONTEXT('2D SPACE',''
  ) );
#4692 = PCURVE('',#4693,#4698);
#4693 = PLANE('',#4694);
#4694 = AXIS2_PLACEMENT_3D('',#4695,#4696,#4697);
#4695 = CARTESIAN_POINT('',(319.,180.,290.));
#4696 = DIRECTION('',(0.,-1.,0.));
#4697 = DIRECTION('',(0.,0.,1.));
#4698 = DEFINITIONAL_REPRESENTATION('',(#4699),#4702);
#4699 = B_SPLINE_CURVE_WITH_KNOTS('',1,(#4700,#4701),.UNSPECIFIED.,.F.,
  .F.,(2,2),(-15.,5.),.PIECEWISE_BEZIER_KNOTS.);
#4700 = CARTESIAN_POINT('',(20.,-1.));
#4701 = CARTESIAN_POINT('',(-8.881784197001E-16,-1.));
#4702 = ( GEOMETRIC_REPRESENTATION_CONTEXT(2) 
PARAMETRIC_REPRESENTATION_CONTEXT() REPRESENTATION_CONTEXT('2D SPACE',''
  ) );
#4703 = ADVANCED_FACE('',(#4704),#2979,.F.);
#4704 = FACE_BOUND('',#4705,.F.);
#4705 = EDGE_LOOP('',(#4706,#4726,#4727,#4728,#4729,#4730));
#4706 = ORIENTED_EDGE('',*,*,#4707,.T.);
#4707 = EDGE_CURVE('',#4708,#3940,#4710,.T.);
#4708 = VERTEX_POINT('',#4709);
#4709 = CARTESIAN_POINT('',(341.,-8.133238823995E-16,285.12903225806));
#4710 = SURFACE_CURVE('',#4711,(#4714,#4720),.PCURVE_S1.);
#4711 = B_SPLINE_CURVE_WITH_KNOTS('',1,(#4712,#4713),.UNSPECIFIED.,.F.,
  .F.,(2,2),(0.,1.),.PIECEWISE_BEZIER_KNOTS.);
#4712 = CARTESIAN_POINT('',(341.,2.6645352591E-15,285.12903225806));
#4713 = CARTESIAN_POINT('',(341.,-5.,290.12903225806));
#4714 = PCURVE('',#2979,#4715);
#4715 = DEFINITIONAL_REPRESENTATION('',(#4716),#4719);
#4716 = B_SPLINE_CURVE_WITH_KNOTS('',1,(#4717,#4718),.UNSPECIFIED.,.F.,
  .F.,(2,2),(0.,1.),.PIECEWISE_BEZIER_KNOTS.);
#4717 = CARTESIAN_POINT('',(-14.87096774193,-2.6645352591E-15));
#4718 = CARTESIAN_POINT('',(-9.870967741936,5.));
#4719 = ( GEOMETRIC_REPRESENTATION_CONTEXT(2) 
PARAMETRIC_REPRESENTATION_CONTEXT() REPRESENTATION_CONTEXT('2D SPACE',''
  ) );
#4720 = PCURVE('',#4032,#4721);
#4721 = DEFINITIONAL_REPRESENTATION('',(#4722),#4725);
#4722 = B_SPLINE_CURVE_WITH_KNOTS('',1,(#4723,#4724),.UNSPECIFIED.,.F.,
  .F.,(2,2),(0.,1.),.PIECEWISE_BEZIER_KNOTS.);
#4723 = CARTESIAN_POINT('',(70.710678118655,0.709677419355));
#4724 = CARTESIAN_POINT('',(46.93593818722,0.709677419355));
#4725 = ( GEOMETRIC_REPRESENTATION_CONTEXT(2) 
PARAMETRIC_REPRESENTATION_CONTEXT() REPRESENTATION_CONTEXT('2D SPACE',''
  ) );
#4726 = ORIENTED_EDGE('',*,*,#3939,.T.);
#4727 = ORIENTED_EDGE('',*,*,#4256,.F.);
#4728 = ORIENTED_EDGE('',*,*,#2962,.F.);
#4729 = ORIENTED_EDGE('',*,*,#3346,.T.);
#4730 = ORIENTED_EDGE('',*,*,#4731,.T.);
#4731 = EDGE_CURVE('',#3347,#4708,#4732,.T.);
#4732 = SURFACE_CURVE('',#4733,(#4736,#4742),.PCURVE_S1.);
#4733 = B_SPLINE_CURVE_WITH_KNOTS('',1,(#4734,#4735),.UNSPECIFIED.,.F.,
  .F.,(2,2),(0.,1.),.PIECEWISE_BEZIER_KNOTS.);
#4734 = CARTESIAN_POINT('',(341.,5.,290.12903225806));
#4735 = CARTESIAN_POINT('',(341.,-3.552713678801E-15,285.12903225806));
#4736 = PCURVE('',#2979,#4737);
#4737 = DEFINITIONAL_REPRESENTATION('',(#4738),#4741);
#4738 = B_SPLINE_CURVE_WITH_KNOTS('',1,(#4739,#4740),.UNSPECIFIED.,.F.,
  .F.,(2,2),(0.,1.),.PIECEWISE_BEZIER_KNOTS.);
#4739 = CARTESIAN_POINT('',(-9.870967741936,-5.));
#4740 = CARTESIAN_POINT('',(-14.87096774193,3.552713678801E-15));
#4741 = ( GEOMETRIC_REPRESENTATION_CONTEXT(2) 
PARAMETRIC_REPRESENTATION_CONTEXT() REPRESENTATION_CONTEXT('2D SPACE',''
  ) );
#4742 = PCURVE('',#3572,#4743);
#4743 = DEFINITIONAL_REPRESENTATION('',(#4744),#4747);
#4744 = B_SPLINE_CURVE_WITH_KNOTS('',1,(#4745,#4746),.UNSPECIFIED.,.F.,
  .F.,(2,2),(0.,1.),.PIECEWISE_BEZIER_KNOTS.);
#4745 = CARTESIAN_POINT('',(23.774739931435,0.709677419355));
#4746 = CARTESIAN_POINT('',(0.,0.709677419355));
#4747 = ( GEOMETRIC_REPRESENTATION_CONTEXT(2) 
PARAMETRIC_REPRESENTATION_CONTEXT() REPRESENTATION_CONTEXT('2D SPACE',''
  ) );
#4748 = ADVANCED_FACE('',(#4749),#3057,.T.);
#4749 = FACE_BOUND('',#4750,.T.);
#4750 = EDGE_LOOP('',(#4751,#4752,#4780,#4800));
#4751 = ORIENTED_EDGE('',*,*,#3041,.T.);
#4752 = ORIENTED_EDGE('',*,*,#4753,.F.);
#4753 = EDGE_CURVE('',#4754,#3042,#4756,.T.);
#4754 = VERTEX_POINT('',#4755);
#4755 = CARTESIAN_POINT('',(320.,38.403225806452,290.));
#4756 = SURFACE_CURVE('',#4757,(#4761,#4768),.PCURVE_S1.);
#4757 = LINE('',#4758,#4759);
#4758 = CARTESIAN_POINT('',(320.,-180.,290.));
#4759 = VECTOR('',#4760,1.);
#4760 = DIRECTION('',(0.,1.,0.));
#4761 = PCURVE('',#3057,#4762);
#4762 = DEFINITIONAL_REPRESENTATION('',(#4763),#4767);
#4763 = LINE('',#4764,#4765);
#4764 = CARTESIAN_POINT('',(-10.,180.));
#4765 = VECTOR('',#4766,1.);
#4766 = DIRECTION('',(0.,-1.));
#4767 = ( GEOMETRIC_REPRESENTATION_CONTEXT(2) 
PARAMETRIC_REPRESENTATION_CONTEXT() REPRESENTATION_CONTEXT('2D SPACE',''
  ) );
#4768 = PCURVE('',#4769,#4774);
#4769 = PLANE('',#4770);
#4770 = AXIS2_PLACEMENT_3D('',#4771,#4772,#4773);
#4771 = CARTESIAN_POINT('',(329.5,-180.,299.5));
#4772 = DIRECTION('',(-0.707106781187,5.552359454847E-17,0.707106781187)
  );
#4773 = DIRECTION('',(-3.926111022108E-17,-1.,3.926111022108E-17));
#4774 = DEFINITIONAL_REPRESENTATION('',(#4775),#4779);
#4775 = LINE('',#4776,#4777);
#4776 = CARTESIAN_POINT('',(-0.,-13.43502884254));
#4777 = VECTOR('',#4778,1.);
#4778 = DIRECTION('',(-1.,0.));
#4779 = ( GEOMETRIC_REPRESENTATION_CONTEXT(2) 
PARAMETRIC_REPRESENTATION_CONTEXT() REPRESENTATION_CONTEXT('2D SPACE',''
  ) );
#4780 = ORIENTED_EDGE('',*,*,#4781,.T.);
#4781 = EDGE_CURVE('',#4754,#4782,#4784,.T.);
#4782 = VERTEX_POINT('',#4783);
#4783 = CARTESIAN_POINT('',(320.,10.,261.59677419354));
#4784 = SURFACE_CURVE('',#4785,(#4788,#4794),.PCURVE_S1.);
#4785 = B_SPLINE_CURVE_WITH_KNOTS('',1,(#4786,#4787),.UNSPECIFIED.,.F.,
  .F.,(2,2),(0.,1.),.PIECEWISE_BEZIER_KNOTS.);
#4786 = CARTESIAN_POINT('',(320.,48.403225806452,300.));
#4787 = CARTESIAN_POINT('',(320.,-9.407371055997E-15,251.59677419354));
#4788 = PCURVE('',#3057,#4789);
#4789 = DEFINITIONAL_REPRESENTATION('',(#4790),#4793);
#4790 = B_SPLINE_CURVE_WITH_KNOTS('',1,(#4791,#4792),.UNSPECIFIED.,.F.,
  .F.,(2,2),(0.,1.),.PIECEWISE_BEZIER_KNOTS.);
#4791 = CARTESIAN_POINT('',(0.,-48.40322580645));
#4792 = CARTESIAN_POINT('',(-48.40322580645,1.42108547152E-14));
#4793 = ( GEOMETRIC_REPRESENTATION_CONTEXT(2) 
PARAMETRIC_REPRESENTATION_CONTEXT() REPRESENTATION_CONTEXT('2D SPACE',''
  ) );
#4794 = PCURVE('',#3572,#4795);
#4795 = DEFINITIONAL_REPRESENTATION('',(#4796),#4799);
#4796 = B_SPLINE_CURVE_WITH_KNOTS('',1,(#4797,#4798),.UNSPECIFIED.,.F.,
  .F.,(2,2),(0.,1.),.PIECEWISE_BEZIER_KNOTS.);
#4797 = CARTESIAN_POINT('',(70.710678118655,3.225806451613E-02));
#4798 = CARTESIAN_POINT('',(0.,3.225806451613E-02));
#4799 = ( GEOMETRIC_REPRESENTATION_CONTEXT(2) 
PARAMETRIC_REPRESENTATION_CONTEXT() REPRESENTATION_CONTEXT('2D SPACE',''
  ) );
#4800 = ORIENTED_EDGE('',*,*,#4801,.T.);
#4801 = EDGE_CURVE('',#4782,#3014,#4802,.T.);
#4802 = SURFACE_CURVE('',#4803,(#4807,#4813),.PCURVE_S1.);
#4803 = LINE('',#4804,#4805);
#4804 = CARTESIAN_POINT('',(320.,10.,210.));
#4805 = VECTOR('',#4806,1.);
#4806 = DIRECTION('',(0.,0.,-1.));
#4807 = PCURVE('',#3057,#4808);
#4808 = DEFINITIONAL_REPRESENTATION('',(#4809),#4812);
#4809 = B_SPLINE_CURVE_WITH_KNOTS('',1,(#4810,#4811),.UNSPECIFIED.,.F.,
  .F.,(2,2),(-81.93548387096,90.),.PIECEWISE_BEZIER_KNOTS.);
#4810 = CARTESIAN_POINT('',(-8.064516129032,-10.));
#4811 = CARTESIAN_POINT('',(-180.,-10.));
#4812 = ( GEOMETRIC_REPRESENTATION_CONTEXT(2) 
PARAMETRIC_REPRESENTATION_CONTEXT() REPRESENTATION_CONTEXT('2D SPACE',''
  ) );
#4813 = PCURVE('',#4814,#4819);
#4814 = PLANE('',#4815);
#4815 = AXIS2_PLACEMENT_3D('',#4816,#4817,#4818);
#4816 = CARTESIAN_POINT('',(319.,10.,120.));
#4817 = DIRECTION('',(0.,-1.,0.));
#4818 = DIRECTION('',(0.,0.,1.));
#4819 = DEFINITIONAL_REPRESENTATION('',(#4820),#4823);
#4820 = B_SPLINE_CURVE_WITH_KNOTS('',1,(#4821,#4822),.UNSPECIFIED.,.F.,
  .F.,(2,2),(-81.93548387096,90.),.PIECEWISE_BEZIER_KNOTS.);
#4821 = CARTESIAN_POINT('',(171.93548387096,-1.));
#4822 = CARTESIAN_POINT('',(0.,-1.));
#4823 = ( GEOMETRIC_REPRESENTATION_CONTEXT(2) 
PARAMETRIC_REPRESENTATION_CONTEXT() REPRESENTATION_CONTEXT('2D SPACE',''
  ) );
#4824 = ADVANCED_FACE('',(#4825),#3029,.T.);
#4825 = FACE_BOUND('',#4826,.T.);
#4826 = EDGE_LOOP('',(#4827,#4828,#4852));
#4827 = ORIENTED_EDGE('',*,*,#3013,.T.);
#4828 = ORIENTED_EDGE('',*,*,#4829,.T.);
#4829 = EDGE_CURVE('',#3014,#4207,#4830,.T.);
#4830 = SURFACE_CURVE('',#4831,(#4835,#4841),.PCURVE_S1.);
#4831 = LINE('',#4832,#4833);
#4832 = CARTESIAN_POINT('',(320.,-5.,120.));
#4833 = VECTOR('',#4834,1.);
#4834 = DIRECTION('',(0.,-1.,0.));
#4835 = PCURVE('',#3029,#4836);
#4836 = DEFINITIONAL_REPRESENTATION('',(#4837),#4840);
#4837 = B_SPLINE_CURVE_WITH_KNOTS('',1,(#4838,#4839),.UNSPECIFIED.,.F.,
  .F.,(2,2),(-15.,5.),.PIECEWISE_BEZIER_KNOTS.);
#4838 = CARTESIAN_POINT('',(-180.,-10.));
#4839 = CARTESIAN_POINT('',(-180.,10.));
#4840 = ( GEOMETRIC_REPRESENTATION_CONTEXT(2) 
PARAMETRIC_REPRESENTATION_CONTEXT() REPRESENTATION_CONTEXT('2D SPACE',''
  ) );
#4841 = PCURVE('',#4842,#4847);
#4842 = PLANE('',#4843);
#4843 = AXIS2_PLACEMENT_3D('',#4844,#4845,#4846);
#4844 = CARTESIAN_POINT('',(319.,-10.,120.));
#4845 = DIRECTION('',(0.,0.,1.));
#4846 = DIRECTION('',(0.,1.,0.));
#4847 = DEFINITIONAL_REPRESENTATION('',(#4848),#4851);
#4848 = B_SPLINE_CURVE_WITH_KNOTS('',1,(#4849,#4850),.UNSPECIFIED.,.F.,
  .F.,(2,2),(-15.,5.),.PIECEWISE_BEZIER_KNOTS.);
#4849 = CARTESIAN_POINT('',(20.,-1.));
#4850 = CARTESIAN_POINT('',(0.,-1.));
#4851 = ( GEOMETRIC_REPRESENTATION_CONTEXT(2) 
PARAMETRIC_REPRESENTATION_CONTEXT() REPRESENTATION_CONTEXT('2D SPACE',''
  ) );
#4852 = ORIENTED_EDGE('',*,*,#4234,.T.);
#4853 = ADVANCED_FACE('',(#4854),#3572,.T.);
#4854 = FACE_BOUND('',#4855,.T.);
#4855 = EDGE_LOOP('',(#4856,#4878,#4903,#4993,#4994,#5050,#5070,#5071));
#4856 = ORIENTED_EDGE('',*,*,#4857,.F.);
#4857 = EDGE_CURVE('',#4858,#4708,#4860,.T.);
#4858 = VERTEX_POINT('',#4859);
#4859 = CARTESIAN_POINT('',(339.,-9.743622653124E-16,281.93548387096));
#4860 = SURFACE_CURVE('',#4861,(#4864,#4871),.PCURVE_S1.);
#4861 = B_SPLINE_CURVE_WITH_KNOTS('',1,(#4862,#4863),.UNSPECIFIED.,.F.,
  .F.,(2,2),(0.,1.),.PIECEWISE_BEZIER_KNOTS.);
#4862 = CARTESIAN_POINT('',(319.,-2.584746094441E-15,250.));
#4863 = CARTESIAN_POINT('',(350.,-8.865115929176E-17,299.5));
#4864 = PCURVE('',#3572,#4865);
#4865 = DEFINITIONAL_REPRESENTATION('',(#4866),#4870);
#4866 = LINE('',#4867,#4868);
#4867 = CARTESIAN_POINT('',(0.,0.));
#4868 = VECTOR('',#4869,1.);
#4869 = DIRECTION('',(0.,1.));
#4870 = ( GEOMETRIC_REPRESENTATION_CONTEXT(2) 
PARAMETRIC_REPRESENTATION_CONTEXT() REPRESENTATION_CONTEXT('2D SPACE',''
  ) );
#4871 = PCURVE('',#4032,#4872);
#4872 = DEFINITIONAL_REPRESENTATION('',(#4873),#4877);
#4873 = LINE('',#4874,#4875);
#4874 = CARTESIAN_POINT('',(70.710678118655,0.));
#4875 = VECTOR('',#4876,1.);
#4876 = DIRECTION('',(0.,1.));
#4877 = ( GEOMETRIC_REPRESENTATION_CONTEXT(2) 
PARAMETRIC_REPRESENTATION_CONTEXT() REPRESENTATION_CONTEXT('2D SPACE',''
  ) );
#4878 = ORIENTED_EDGE('',*,*,#4879,.F.);
#4879 = EDGE_CURVE('',#4880,#4858,#4882,.T.);
#4880 = VERTEX_POINT('',#4881);
#4881 = CARTESIAN_POINT('',(339.,10.,291.93548387096));
#4882 = SURFACE_CURVE('',#4883,(#4886,#4892),.PCURVE_S1.);
#4883 = B_SPLINE_CURVE_WITH_KNOTS('',1,(#4884,#4885),.UNSPECIFIED.,.F.,
  .F.,(2,2),(0.,1.),.PIECEWISE_BEZIER_KNOTS.);
#4884 = CARTESIAN_POINT('',(339.,10.,291.93548387096));
#4885 = CARTESIAN_POINT('',(339.,-3.552713678801E-15,281.93548387096));
#4886 = PCURVE('',#3572,#4887);
#4887 = DEFINITIONAL_REPRESENTATION('',(#4888),#4891);
#4888 = B_SPLINE_CURVE_WITH_KNOTS('',1,(#4889,#4890),.UNSPECIFIED.,.F.,
  .F.,(2,2),(0.,1.),.PIECEWISE_BEZIER_KNOTS.);
#4889 = CARTESIAN_POINT('',(39.143411101398,0.645161290323));
#4890 = CARTESIAN_POINT('',(0.,0.645161290323));
#4891 = ( GEOMETRIC_REPRESENTATION_CONTEXT(2) 
PARAMETRIC_REPRESENTATION_CONTEXT() REPRESENTATION_CONTEXT('2D SPACE',''
  ) );
#4892 = PCURVE('',#4893,#4898);
#4893 = PLANE('',#4894);
#4894 = AXIS2_PLACEMENT_3D('',#4895,#4896,#4897);
#4895 = CARTESIAN_POINT('',(339.,0.,300.));
#4896 = DIRECTION('',(1.,0.,0.));
#4897 = DIRECTION('',(-0.,0.,1.));
#4898 = DEFINITIONAL_REPRESENTATION('',(#4899),#4902);
#4899 = B_SPLINE_CURVE_WITH_KNOTS('',1,(#4900,#4901),.UNSPECIFIED.,.F.,
  .F.,(2,2),(0.,1.),.PIECEWISE_BEZIER_KNOTS.);
#4900 = CARTESIAN_POINT('',(-8.064516129032,-10.));
#4901 = CARTESIAN_POINT('',(-18.06451612903,3.552713678801E-15));
#4902 = ( GEOMETRIC_REPRESENTATION_CONTEXT(2) 
PARAMETRIC_REPRESENTATION_CONTEXT() REPRESENTATION_CONTEXT('2D SPACE',''
  ) );
#4903 = ORIENTED_EDGE('',*,*,#4904,.F.);
#4904 = EDGE_CURVE('',#4782,#4880,#4905,.T.);
#4905 = SURFACE_CURVE('',#4906,(#4933,#4963),.PCURVE_S1.);
#4906 = B_SPLINE_CURVE_WITH_KNOTS('',7,(#4907,#4908,#4909,#4910,#4911,
    #4912,#4913,#4914,#4915,#4916,#4917,#4918,#4919,#4920,#4921,#4922,
    #4923,#4924,#4925,#4926,#4927,#4928,#4929,#4930,#4931,#4932),
  .UNSPECIFIED.,.F.,.F.,(8,6,6,6,8),(0.,0.276658321932,0.577319116724,
    0.725950062124,1.),.UNSPECIFIED.);
#4907 = CARTESIAN_POINT('',(319.,10.,260.));
#4908 = CARTESIAN_POINT('',(319.95370835057,10.,261.52285688236));
#4909 = CARTESIAN_POINT('',(320.90365830331,10.,263.03971245207));
#4910 = CARTESIAN_POINT('',(321.84925956411,10.,264.54962414269));
#4911 = CARTESIAN_POINT('',(322.78959438192,10.,266.05112651307));
#4912 = CARTESIAN_POINT('',(323.7234089579,10.,267.54221752955));
#4913 = CARTESIAN_POINT('',(324.64910111356,10.,269.02033887488));
#4914 = CARTESIAN_POINT('',(326.55980683767,10.,272.07130446661));
#4915 = CARTESIAN_POINT('',(327.54289471807,10.,273.64107382402));
#4916 = CARTESIAN_POINT('',(328.51144740357,10.,275.18763375732));
#4917 = CARTESIAN_POINT('',(329.46191109059,10.,276.70530964466));
#4918 = CARTESIAN_POINT('',(330.38984027099,10.,278.18700301335));
#4919 = CARTESIAN_POINT('',(331.2902349582,10.,279.62473001391));
#4920 = CARTESIAN_POINT('',(332.58719895107,10.,281.69568864768));
#4921 = CARTESIAN_POINT('',(333.00829212854,10.,282.36807936654));
#4922 = CARTESIAN_POINT('',(333.42079341128,10.,283.02675076963));
#4923 = CARTESIAN_POINT('',(333.82410780381,10.,283.67075278351));
#4924 = CARTESIAN_POINT('',(334.21769843895,10.,284.29922815253));
#4925 = CARTESIAN_POINT('',(334.60110056185,10.,284.91143476812));
#4926 = CARTESIAN_POINT('',(335.6613652689,10.,286.60443809067));
#4927 = CARTESIAN_POINT('',(336.31303699044,10.,287.64501067829));
#4928 = CARTESIAN_POINT('',(336.92630681708,10.,288.62426411114));
#4929 = CARTESIAN_POINT('',(337.50043269731,10.,289.54101350055));
#4930 = CARTESIAN_POINT('',(338.03622418341,10.,290.39655151868));
#4931 = CARTESIAN_POINT('',(338.53535898814,10.,291.19355709397));
#4932 = CARTESIAN_POINT('',(339.,10.,291.93548387096));
#4933 = PCURVE('',#3572,#4934);
#4934 = DEFINITIONAL_REPRESENTATION('',(#4935),#4962);
#4935 = B_SPLINE_CURVE_WITH_KNOTS('',7,(#4936,#4937,#4938,#4939,#4940,
    #4941,#4942,#4943,#4944,#4945,#4946,#4947,#4948,#4949,#4950,#4951,
    #4952,#4953,#4954,#4955,#4956,#4957,#4958,#4959,#4960,#4961),
  .UNSPECIFIED.,.F.,.F.,(8,6,6,6,8),(0.,0.276658321932,0.577319116724,
    0.725950062124,1.),.UNSPECIFIED.);
#4936 = CARTESIAN_POINT('',(14.142135623731,0.));
#4937 = CARTESIAN_POINT('',(14.57286459505,3.076478550234E-02));
#4938 = CARTESIAN_POINT('',(15.032506678569,6.14083323651E-02));
#4939 = CARTESIAN_POINT('',(15.524276164413,9.191159884237E-02));
#4940 = CARTESIAN_POINT('',(16.051826723249,0.122244980062));
#4941 = CARTESIAN_POINT('',(16.619308583411,0.1523680309));
#4942 = CARTESIAN_POINT('',(17.231447352748,0.18222906818));
#4943 = CARTESIAN_POINT('',(18.612916400768,0.243864736699));
#4944 = CARTESIAN_POINT('',(19.391200364405,0.27557724897));
#4945 = CARTESIAN_POINT('',(20.234948564485,0.306820883987));
#4946 = CARTESIAN_POINT('',(21.151034067573,0.337481002922));
#4947 = CARTESIAN_POINT('',(22.14618368468,0.36741420229));
#4948 = CARTESIAN_POINT('',(23.225826954175,0.3964591922));
#4949 = CARTESIAN_POINT('',(24.968346726935,0.438296740357));
#4950 = CARTESIAN_POINT('',(25.565888220107,0.451880391243));
#4951 = CARTESIAN_POINT('',(26.184705255468,0.465186884235));
#4952 = CARTESIAN_POINT('',(26.82480496361,0.478197025929));
#4953 = CARTESIAN_POINT('',(27.485979519136,0.490893498031));
#4954 = CARTESIAN_POINT('',(28.167774407111,0.503261308447));
#4955 = CARTESIAN_POINT('',(30.163268029393,0.537463395771));
#4956 = CARTESIAN_POINT('',(31.525052414502,0.558485064208));
#4957 = CARTESIAN_POINT('',(32.94998344189,0.578267961841));
#4958 = CARTESIAN_POINT('',(34.43171021368,0.596788151526));
#4959 = CARTESIAN_POINT('',(35.962813227484,0.614071747852));
#4960 = CARTESIAN_POINT('',(37.535754154951,0.630172870585));
#4961 = CARTESIAN_POINT('',(39.143411101398,0.645161290323));
#4962 = ( GEOMETRIC_REPRESENTATION_CONTEXT(2) 
PARAMETRIC_REPRESENTATION_CONTEXT() REPRESENTATION_CONTEXT('2D SPACE',''
  ) );
#4963 = PCURVE('',#4814,#4964);
#4964 = DEFINITIONAL_REPRESENTATION('',(#4965),#4992);
#4965 = B_SPLINE_CURVE_WITH_KNOTS('',7,(#4966,#4967,#4968,#4969,#4970,
    #4971,#4972,#4973,#4974,#4975,#4976,#4977,#4978,#4979,#4980,#4981,
    #4982,#4983,#4984,#4985,#4986,#4987,#4988,#4989,#4990,#4991),
  .UNSPECIFIED.,.F.,.F.,(8,6,6,6,8),(0.,0.276658321932,0.577319116724,
    0.725950062124,1.),.UNSPECIFIED.);
#4966 = CARTESIAN_POINT('',(140.,0.));
#4967 = CARTESIAN_POINT('',(141.52285688236,-0.953708350572));
#4968 = CARTESIAN_POINT('',(143.03971245207,-1.903658303318));
#4969 = CARTESIAN_POINT('',(144.54962414269,-2.849259564113));
#4970 = CARTESIAN_POINT('',(146.05112651307,-3.789594381929));
#4971 = CARTESIAN_POINT('',(147.54221752955,-4.7234089579));
#4972 = CARTESIAN_POINT('',(149.02033887488,-5.649101113566));
#4973 = CARTESIAN_POINT('',(152.07130446661,-7.559806837676));
#4974 = CARTESIAN_POINT('',(153.64107382402,-8.542894718077));
#4975 = CARTESIAN_POINT('',(155.18763375732,-9.511447403578));
#4976 = CARTESIAN_POINT('',(156.70530964466,-10.46191109059));
#4977 = CARTESIAN_POINT('',(158.18700301335,-11.38984027099));
#4978 = CARTESIAN_POINT('',(159.62473001391,-12.2902349582));
#4979 = CARTESIAN_POINT('',(161.69568864768,-13.58719895107));
#4980 = CARTESIAN_POINT('',(162.36807936654,-14.00829212854));
#4981 = CARTESIAN_POINT('',(163.02675076963,-14.42079341128));
#4982 = CARTESIAN_POINT('',(163.67075278351,-14.82410780381));
#4983 = CARTESIAN_POINT('',(164.29922815253,-15.21769843895));
#4984 = CARTESIAN_POINT('',(164.91143476812,-15.60110056185));
#4985 = CARTESIAN_POINT('',(166.60443809067,-16.6613652689));
#4986 = CARTESIAN_POINT('',(167.64501067829,-17.31303699044));
#4987 = CARTESIAN_POINT('',(168.62426411114,-17.92630681708));
#4988 = CARTESIAN_POINT('',(169.54101350055,-18.50043269731));
#4989 = CARTESIAN_POINT('',(170.39655151868,-19.03622418341));
#4990 = CARTESIAN_POINT('',(171.19355709397,-19.53535898814));
#4991 = CARTESIAN_POINT('',(171.93548387096,-20.));
#4992 = ( GEOMETRIC_REPRESENTATION_CONTEXT(2) 
PARAMETRIC_REPRESENTATION_CONTEXT() REPRESENTATION_CONTEXT('2D SPACE',''
  ) );
#4993 = ORIENTED_EDGE('',*,*,#4781,.F.);
#4994 = ORIENTED_EDGE('',*,*,#4995,.T.);
#4995 = EDGE_CURVE('',#4754,#4996,#4998,.T.);
#4996 = VERTEX_POINT('',#4997);
#4997 = CARTESIAN_POINT('',(330.,32.435483870968,300.));
#4998 = SURFACE_CURVE('',#4999,(#5014,#5032),.PCURVE_S1.);
#4999 = B_SPLINE_CURVE_WITH_KNOTS('',7,(#5000,#5001,#5002,#5003,#5004,
    #5005,#5006,#5007,#5008,#5009,#5010,#5011,#5012,#5013),
  .UNSPECIFIED.,.F.,.F.,(8,6,8),(0.,0.565121260562,1.),.UNSPECIFIED.);
#5000 = CARTESIAN_POINT('',(320.,38.403225806452,290.));
#5001 = CARTESIAN_POINT('',(320.94574670043,37.838828581997,
    290.94574670043));
#5002 = CARTESIAN_POINT('',(321.87170077815,37.286243084004,
    291.87170077815));
#5003 = CARTESIAN_POINT('',(322.77536181642,36.74696149665,
    292.77536181642));
#5004 = CARTESIAN_POINT('',(323.65429700477,36.222435658442,
    293.65429700477));
#5005 = CARTESIAN_POINT('',(324.50626208845,35.714004882697,
    294.50626208845));
#5006 = CARTESIAN_POINT('',(325.32934120167,35.222812508676,
    295.32934120167));
#5007 = CARTESIAN_POINT('',(326.73199565586,34.385744527952,
    296.73199565586));
#5008 = CARTESIAN_POINT('',(327.32403756396,34.032429195698,
    297.32403756396));
#5009 = CARTESIAN_POINT('',(327.89745870115,33.690226258989,
    297.89745870115));
#5010 = CARTESIAN_POINT('',(328.45184285222,33.359384104319,
    298.45184285222));
#5011 = CARTESIAN_POINT('',(328.98701350773,33.040008067967,
    298.98701350773));
#5012 = CARTESIAN_POINT('',(329.50300115254,32.732079957355,
    299.50300115254));
#5013 = CARTESIAN_POINT('',(330.,32.435483870968,300.));
#5014 = PCURVE('',#3572,#5015);
#5015 = DEFINITIONAL_REPRESENTATION('',(#5016),#5031);
#5016 = B_SPLINE_CURVE_WITH_KNOTS('',7,(#5017,#5018,#5019,#5020,#5021,
    #5022,#5023,#5024,#5025,#5026,#5027,#5028,#5029,#5030),
  .UNSPECIFIED.,.F.,.F.,(8,6,8),(0.,0.565121260562,1.),.UNSPECIFIED.);
#5017 = CARTESIAN_POINT('',(56.102007530995,3.225806451613E-02));
#5018 = CARTESIAN_POINT('',(57.02783829188,6.276602259474E-02));
#5019 = CARTESIAN_POINT('',(58.001692061253,9.263550897276E-02));
#5020 = CARTESIAN_POINT('',(59.024875010578,0.121785865046));
#5021 = CARTESIAN_POINT('',(60.098114526773,0.150138613057));
#5022 = CARTESIAN_POINT('',(61.221325333151,0.177621357692));
#5023 = CARTESIAN_POINT('',(62.393336499499,0.204172296828));
#5024 = CARTESIAN_POINT('',(64.549377956825,0.249419214705));
#5025 = CARTESIAN_POINT('',(65.51457952178,0.268517340773));
#5026 = CARTESIAN_POINT('',(66.50632545973,0.287014796811));
#5027 = CARTESIAN_POINT('',(67.523348412539,0.304898156523));
#5028 = CARTESIAN_POINT('',(68.564181587612,0.322161726056));
#5029 = CARTESIAN_POINT('',(69.627200354987,0.338806488792));
#5030 = CARTESIAN_POINT('',(70.710678118655,0.354838709677));
#5031 = ( GEOMETRIC_REPRESENTATION_CONTEXT(2) 
PARAMETRIC_REPRESENTATION_CONTEXT() REPRESENTATION_CONTEXT('2D SPACE',''
  ) );
#5032 = PCURVE('',#4769,#5033);
#5033 = DEFINITIONAL_REPRESENTATION('',(#5034),#5049);
#5034 = B_SPLINE_CURVE_WITH_KNOTS('',7,(#5035,#5036,#5037,#5038,#5039,
    #5040,#5041,#5042,#5043,#5044,#5045,#5046,#5047,#5048),
  .UNSPECIFIED.,.F.,.F.,(8,6,8),(0.,0.565121260562,1.),.UNSPECIFIED.);
#5035 = CARTESIAN_POINT('',(-218.4032258064,-13.43502884254));
#5036 = CARTESIAN_POINT('',(-217.8388285819,-12.09754103221));
#5037 = CARTESIAN_POINT('',(-217.286243084,-10.78804421737));
#5038 = CARTESIAN_POINT('',(-216.7469614966,-9.510074521264));
#5039 = CARTESIAN_POINT('',(-216.2224356584,-8.267072457455));
#5040 = CARTESIAN_POINT('',(-215.7140048826,-7.062211881446));
#5041 = CARTESIAN_POINT('',(-215.2228125086,-5.898202236618));
#5042 = CARTESIAN_POINT('',(-214.3857445279,-3.914549284185));
#5043 = CARTESIAN_POINT('',(-214.0324291956,-3.077275588254));
#5044 = CARTESIAN_POINT('',(-213.6902262589,-2.266335639091));
#5045 = CARTESIAN_POINT('',(-213.3593841043,-1.482318053886));
#5046 = CARTESIAN_POINT('',(-213.0400080679,-0.72547245468));
#5047 = CARTESIAN_POINT('',(-212.7320799573,4.244270626314E-03));
#5048 = CARTESIAN_POINT('',(-212.4354838709,0.707106781187));
#5049 = ( GEOMETRIC_REPRESENTATION_CONTEXT(2) 
PARAMETRIC_REPRESENTATION_CONTEXT() REPRESENTATION_CONTEXT('2D SPACE',''
  ) );
#5050 = ORIENTED_EDGE('',*,*,#5051,.T.);
#5051 = EDGE_CURVE('',#4996,#3396,#5052,.T.);
#5052 = SURFACE_CURVE('',#5053,(#5056,#5063),.PCURVE_S1.);
#5053 = B_SPLINE_CURVE_WITH_KNOTS('',1,(#5054,#5055),.UNSPECIFIED.,.F.,
  .F.,(2,2),(0.,1.),.PIECEWISE_BEZIER_KNOTS.);
#5054 = CARTESIAN_POINT('',(319.,50.,300.));
#5055 = CARTESIAN_POINT('',(350.,0.5,300.));
#5056 = PCURVE('',#3572,#5057);
#5057 = DEFINITIONAL_REPRESENTATION('',(#5058),#5062);
#5058 = LINE('',#5059,#5060);
#5059 = CARTESIAN_POINT('',(70.710678118655,0.));
#5060 = VECTOR('',#5061,1.);
#5061 = DIRECTION('',(0.,1.));
#5062 = ( GEOMETRIC_REPRESENTATION_CONTEXT(2) 
PARAMETRIC_REPRESENTATION_CONTEXT() REPRESENTATION_CONTEXT('2D SPACE',''
  ) );
#5063 = PCURVE('',#3465,#5064);
#5064 = DEFINITIONAL_REPRESENTATION('',(#5065),#5069);
#5065 = LINE('',#5066,#5067);
#5066 = CARTESIAN_POINT('',(0.,0.));
#5067 = VECTOR('',#5068,1.);
#5068 = DIRECTION('',(0.,1.));
#5069 = ( GEOMETRIC_REPRESENTATION_CONTEXT(2) 
PARAMETRIC_REPRESENTATION_CONTEXT() REPRESENTATION_CONTEXT('2D SPACE',''
  ) );
#5070 = ORIENTED_EDGE('',*,*,#3504,.F.);
#5071 = ORIENTED_EDGE('',*,*,#4731,.T.);
#5072 = ADVANCED_FACE('',(#5073),#3465,.T.);
#5073 = FACE_BOUND('',#5074,.T.);
#5074 = EDGE_LOOP('',(#5075,#5137,#5234,#5261,#5281,#5282,#5283));
#5075 = ORIENTED_EDGE('',*,*,#5076,.F.);
#5076 = EDGE_CURVE('',#5077,#4996,#5079,.T.);
#5077 = VERTEX_POINT('',#5078);
#5078 = CARTESIAN_POINT('',(338.63975155279,10.,308.63975155279));
#5079 = SURFACE_CURVE('',#5080,(#5097,#5117),.PCURVE_S1.);
#5080 = B_SPLINE_CURVE_WITH_KNOTS('',8,(#5081,#5082,#5083,#5084,#5085,
    #5086,#5087,#5088,#5089,#5090,#5091,#5092,#5093,#5094,#5095,#5096),
  .UNSPECIFIED.,.F.,.F.,(9,7,9),(0.,0.749757348127,1.),.UNSPECIFIED.);
#5081 = CARTESIAN_POINT('',(339.,9.064516129032,309.));
#5082 = CARTESIAN_POINT('',(338.45067231591,10.490996082877,
    308.45067231591));
#5083 = CARTESIAN_POINT('',(337.84910740003,12.05312433218,
    307.84910740003));
#5084 = CARTESIAN_POINT('',(337.18943990184,13.766131867769,
    307.18943990184));
#5085 = CARTESIAN_POINT('',(336.46585528021,15.645117740116,
    306.46585528021));
#5086 = CARTESIAN_POINT('',(335.67322884118,17.70338962207,
    305.67322884118));
#5087 = CARTESIAN_POINT('',(334.80818529402,19.949712381641,
    304.80818529402));
#5088 = CARTESIAN_POINT('',(333.87144172499,22.382223907663,
    303.87144172499));
#5089 = CARTESIAN_POINT('',(332.5344175303,25.854173832585,
    302.5344175303));
#5090 = CARTESIAN_POINT('',(332.19249883798,26.742059469113,
    302.19249883798));
#5091 = CARTESIAN_POINT('',(331.84343944908,27.648487882216,
    301.84343944908));
#5092 = CARTESIAN_POINT('',(331.48746821792,28.572864788927,
    301.48746821792));
#5093 = CARTESIAN_POINT('',(331.1248432751,29.514519882383,
    301.1248432751));
#5094 = CARTESIAN_POINT('',(330.75584913237,30.472714349803,
    300.75584913237));
#5095 = CARTESIAN_POINT('',(330.38079295477,31.446650552932,
    300.38079295477));
#5096 = CARTESIAN_POINT('',(330.,32.435483870968,300.));
#5097 = PCURVE('',#3465,#5098);
#5098 = DEFINITIONAL_REPRESENTATION('',(#5099),#5116);
#5099 = B_SPLINE_CURVE_WITH_KNOTS('',8,(#5100,#5101,#5102,#5103,#5104,
    #5105,#5106,#5107,#5108,#5109,#5110,#5111,#5112,#5113,#5114,#5115),
  .UNSPECIFIED.,.F.,.F.,(9,7,9),(0.,0.749757348127,1.),.UNSPECIFIED.);
#5100 = CARTESIAN_POINT('',(35.229069991258,0.645161290323));
#5101 = CARTESIAN_POINT('',(31.368208661936,0.627441042449));
#5102 = CARTESIAN_POINT('',(27.568711122427,0.608035722582));
#5103 = CARTESIAN_POINT('',(23.848735463309,0.586756125866));
#5104 = CARTESIAN_POINT('',(20.230841957946,0.563414686458));
#5105 = CARTESIAN_POINT('',(16.740683690656,0.537846091651));
#5106 = CARTESIAN_POINT('',(13.404875195244,0.509941461098));
#5107 = CARTESIAN_POINT('',(10.246528857687,0.479723926613));
#5108 = CARTESIAN_POINT('',(6.294147466647,0.436594113881));
#5109 = CARTESIAN_POINT('',(5.32676088252,0.425564478645));
#5110 = CARTESIAN_POINT('',(4.381628233039,0.414304498358));
#5111 = CARTESIAN_POINT('',(3.459181651202,0.402821555417));
#5112 = CARTESIAN_POINT('',(2.559706657335,0.391123976616));
#5113 = CARTESIAN_POINT('',(1.68335231593,0.379220939754));
#5114 = CARTESIAN_POINT('',(0.830144176724,0.36712235338));
#5115 = CARTESIAN_POINT('',(0.,0.354838709677));
#5116 = ( GEOMETRIC_REPRESENTATION_CONTEXT(2) 
PARAMETRIC_REPRESENTATION_CONTEXT() REPRESENTATION_CONTEXT('2D SPACE',''
  ) );
#5117 = PCURVE('',#4769,#5118);
#5118 = DEFINITIONAL_REPRESENTATION('',(#5119),#5136);
#5119 = B_SPLINE_CURVE_WITH_KNOTS('',8,(#5120,#5121,#5122,#5123,#5124,
    #5125,#5126,#5127,#5128,#5129,#5130,#5131,#5132,#5133,#5134,#5135),
  .UNSPECIFIED.,.F.,.F.,(9,7,9),(0.,0.749757348127,1.),.UNSPECIFIED.);
#5120 = CARTESIAN_POINT('',(-189.064516129,13.435028842544));
#5121 = CARTESIAN_POINT('',(-190.4909960828,12.658162181518));
#5122 = CARTESIAN_POINT('',(-192.0531243321,11.807420918836));
#5123 = CARTESIAN_POINT('',(-193.7661318677,10.874510196241));
#5124 = CARTESIAN_POINT('',(-195.6451177401,9.851207010808));
#5125 = CARTESIAN_POINT('',(-197.703389622,8.730263950834));
#5126 = CARTESIAN_POINT('',(-199.9497123816,7.506907634405));
#5127 = CARTESIAN_POINT('',(-202.3822239076,6.182152174618));
#5128 = CARTESIAN_POINT('',(-205.8541738325,4.291314425265));
#5129 = CARTESIAN_POINT('',(-206.7420594691,3.807768373347));
#5130 = CARTESIAN_POINT('',(-207.6484878822,3.314123851495));
#5131 = CARTESIAN_POINT('',(-208.5728647889,2.81070450858));
#5132 = CARTESIAN_POINT('',(-209.5145198823,2.297875396387));
#5133 = CARTESIAN_POINT('',(-210.4727143498,1.776038875298));
#5134 = CARTESIAN_POINT('',(-211.4466505529,1.245629342281));
#5135 = CARTESIAN_POINT('',(-212.4354838709,0.707106781187));
#5136 = ( GEOMETRIC_REPRESENTATION_CONTEXT(2) 
PARAMETRIC_REPRESENTATION_CONTEXT() REPRESENTATION_CONTEXT('2D SPACE',''
  ) );
#5137 = ORIENTED_EDGE('',*,*,#5138,.T.);
#5138 = EDGE_CURVE('',#5077,#5139,#5141,.T.);
#5139 = VERTEX_POINT('',#5140);
#5140 = CARTESIAN_POINT('',(339.,10.,308.06451612903));
#5141 = SURFACE_CURVE('',#5142,(#5169,#5199),.PCURVE_S1.);
#5142 = B_SPLINE_CURVE_WITH_KNOTS('',7,(#5143,#5144,#5145,#5146,#5147,
    #5148,#5149,#5150,#5151,#5152,#5153,#5154,#5155,#5156,#5157,#5158,
    #5159,#5160,#5161,#5162,#5163,#5164,#5165,#5166,#5167,#5168),
  .UNSPECIFIED.,.F.,.F.,(8,6,6,6,8),(0.,0.276658321932,0.577319116724,
    0.725950062124,1.),.UNSPECIFIED.);
#5143 = CARTESIAN_POINT('',(319.,10.,340.));
#5144 = CARTESIAN_POINT('',(319.95370835057,10.,338.47714311763));
#5145 = CARTESIAN_POINT('',(320.90365830332,10.,336.96028754791));
#5146 = CARTESIAN_POINT('',(321.84925956411,10.,335.45037585731));
#5147 = CARTESIAN_POINT('',(322.78959438192,10.,333.9488734869));
#5148 = CARTESIAN_POINT('',(323.7234089579,10.,332.45778247045));
#5149 = CARTESIAN_POINT('',(324.64910111356,10.,330.97966112511));
#5150 = CARTESIAN_POINT('',(326.55980683767,10.,327.92869553338));
#5151 = CARTESIAN_POINT('',(327.54289471807,10.,326.35892617597));
#5152 = CARTESIAN_POINT('',(328.51144740357,10.,324.81236624267));
#5153 = CARTESIAN_POINT('',(329.4619110906,10.,323.29469035533));
#5154 = CARTESIAN_POINT('',(330.38984027099,10.,321.81299698664));
#5155 = CARTESIAN_POINT('',(331.2902349582,10.,320.37526998608));
#5156 = CARTESIAN_POINT('',(332.58719895107,10.,318.30431135231));
#5157 = CARTESIAN_POINT('',(333.00829212854,10.,317.63192063345));
#5158 = CARTESIAN_POINT('',(333.42079341128,10.,316.97324923036));
#5159 = CARTESIAN_POINT('',(333.82410780381,10.,316.32924721649));
#5160 = CARTESIAN_POINT('',(334.21769843895,10.,315.70077184747));
#5161 = CARTESIAN_POINT('',(334.60110056185,10.,315.08856523188));
#5162 = CARTESIAN_POINT('',(335.6613652689,10.,313.39556190932));
#5163 = CARTESIAN_POINT('',(336.31303699044,10.,312.35498932171));
#5164 = CARTESIAN_POINT('',(336.92630681708,10.,311.37573588885));
#5165 = CARTESIAN_POINT('',(337.50043269731,10.,310.45898649945));
#5166 = CARTESIAN_POINT('',(338.03622418341,10.,309.60344848131));
#5167 = CARTESIAN_POINT('',(338.53535898814,10.,308.80644290602));
#5168 = CARTESIAN_POINT('',(339.,10.,308.06451612903));
#5169 = PCURVE('',#3465,#5170);
#5170 = DEFINITIONAL_REPRESENTATION('',(#5171),#5198);
#5171 = B_SPLINE_CURVE_WITH_KNOTS('',7,(#5172,#5173,#5174,#5175,#5176,
    #5177,#5178,#5179,#5180,#5181,#5182,#5183,#5184,#5185,#5186,#5187,
    #5188,#5189,#5190,#5191,#5192,#5193,#5194,#5195,#5196,#5197),
  .UNSPECIFIED.,.F.,.F.,(8,6,6,6,8),(0.,0.276658321932,0.577319116724,
    0.725950062124,1.),.UNSPECIFIED.);
#5172 = CARTESIAN_POINT('',(56.568542494924,0.));
#5173 = CARTESIAN_POINT('',(56.137813523606,3.076478550226E-02));
#5174 = CARTESIAN_POINT('',(55.678171440083,6.140833236526E-02));
#5175 = CARTESIAN_POINT('',(55.186401954244,9.191159884222E-02));
#5176 = CARTESIAN_POINT('',(54.658851395405,0.122244980062));
#5177 = CARTESIAN_POINT('',(54.091369535244,0.1523680309));
#5178 = CARTESIAN_POINT('',(53.479230765906,0.18222906818));
#5179 = CARTESIAN_POINT('',(52.097761717886,0.243864736699));
#5180 = CARTESIAN_POINT('',(51.319477754248,0.27557724897));
#5181 = CARTESIAN_POINT('',(50.475729554173,0.306820883986));
#5182 = CARTESIAN_POINT('',(49.559644051079,0.337481002922));
#5183 = CARTESIAN_POINT('',(48.564494433976,0.36741420229));
#5184 = CARTESIAN_POINT('',(47.48485116448,0.3964591922));
#5185 = CARTESIAN_POINT('',(45.74233139172,0.438296740357));
#5186 = CARTESIAN_POINT('',(45.144789898548,0.451880391243));
#5187 = CARTESIAN_POINT('',(44.525972863187,0.465186884235));
#5188 = CARTESIAN_POINT('',(43.885873155045,0.478197025929));
#5189 = CARTESIAN_POINT('',(43.224698599519,0.490893498031));
#5190 = CARTESIAN_POINT('',(42.542903711544,0.503261308447));
#5191 = CARTESIAN_POINT('',(40.54741008926,0.537463395771));
#5192 = CARTESIAN_POINT('',(39.185625704157,0.558485064208));
#5193 = CARTESIAN_POINT('',(37.760694676759,0.578267961841));
#5194 = CARTESIAN_POINT('',(36.27896790498,0.596788151526));
#5195 = CARTESIAN_POINT('',(34.74786489117,0.614071747852));
#5196 = CARTESIAN_POINT('',(33.174923963704,0.630172870585));
#5197 = CARTESIAN_POINT('',(31.567267017257,0.645161290323));
#5198 = ( GEOMETRIC_REPRESENTATION_CONTEXT(2) 
PARAMETRIC_REPRESENTATION_CONTEXT() REPRESENTATION_CONTEXT('2D SPACE',''
  ) );
#5199 = PCURVE('',#5200,#5205);
#5200 = PLANE('',#5201);
#5201 = AXIS2_PLACEMENT_3D('',#5202,#5203,#5204);
#5202 = CARTESIAN_POINT('',(319.,10.,120.));
#5203 = DIRECTION('',(0.,-1.,0.));
#5204 = DIRECTION('',(0.,0.,1.));
#5205 = DEFINITIONAL_REPRESENTATION('',(#5206),#5233);
#5206 = B_SPLINE_CURVE_WITH_KNOTS('',7,(#5207,#5208,#5209,#5210,#5211,
    #5212,#5213,#5214,#5215,#5216,#5217,#5218,#5219,#5220,#5221,#5222,
    #5223,#5224,#5225,#5226,#5227,#5228,#5229,#5230,#5231,#5232),
  .UNSPECIFIED.,.F.,.F.,(8,6,6,6,8),(0.,0.276658321932,0.577319116724,
    0.725950062124,1.),.UNSPECIFIED.);
#5207 = CARTESIAN_POINT('',(220.,0.));
#5208 = CARTESIAN_POINT('',(218.47714311763,-0.95370835057));
#5209 = CARTESIAN_POINT('',(216.96028754791,-1.903658303323));
#5210 = CARTESIAN_POINT('',(215.45037585731,-2.84925956411));
#5211 = CARTESIAN_POINT('',(213.9488734869,-3.789594381929));
#5212 = CARTESIAN_POINT('',(212.45778247045,-4.7234089579));
#5213 = CARTESIAN_POINT('',(210.97966112511,-5.649101113566));
#5214 = CARTESIAN_POINT('',(207.92869553338,-7.559806837676));
#5215 = CARTESIAN_POINT('',(206.35892617597,-8.542894718079));
#5216 = CARTESIAN_POINT('',(204.81236624267,-9.511447403575));
#5217 = CARTESIAN_POINT('',(203.29469035533,-10.4619110906));
#5218 = CARTESIAN_POINT('',(201.81299698664,-11.38984027099));
#5219 = CARTESIAN_POINT('',(200.37526998608,-12.2902349582));
#5220 = CARTESIAN_POINT('',(198.30431135231,-13.58719895107));
#5221 = CARTESIAN_POINT('',(197.63192063345,-14.00829212854));
#5222 = CARTESIAN_POINT('',(196.97324923036,-14.42079341128));
#5223 = CARTESIAN_POINT('',(196.32924721649,-14.82410780381));
#5224 = CARTESIAN_POINT('',(195.70077184747,-15.21769843895));
#5225 = CARTESIAN_POINT('',(195.08856523188,-15.60110056185));
#5226 = CARTESIAN_POINT('',(193.39556190932,-16.6613652689));
#5227 = CARTESIAN_POINT('',(192.35498932171,-17.31303699044));
#5228 = CARTESIAN_POINT('',(191.37573588885,-17.92630681708));
#5229 = CARTESIAN_POINT('',(190.45898649945,-18.50043269731));
#5230 = CARTESIAN_POINT('',(189.60344848131,-19.03622418341));
#5231 = CARTESIAN_POINT('',(188.80644290602,-19.53535898814));
#5232 = CARTESIAN_POINT('',(188.06451612903,-20.));
#5233 = ( GEOMETRIC_REPRESENTATION_CONTEXT(2) 
PARAMETRIC_REPRESENTATION_CONTEXT() REPRESENTATION_CONTEXT('2D SPACE',''
  ) );
#5234 = ORIENTED_EDGE('',*,*,#5235,.F.);
#5235 = EDGE_CURVE('',#5236,#5139,#5238,.T.);
#5236 = VERTEX_POINT('',#5237);
#5237 = CARTESIAN_POINT('',(339.,-1.811285645256E-15,318.06451612903));
#5238 = SURFACE_CURVE('',#5239,(#5243,#5249),.PCURVE_S1.);
#5239 = LINE('',#5240,#5241);
#5240 = CARTESIAN_POINT('',(339.,-1.811285645256E-15,318.06451612903));
#5241 = VECTOR('',#5242,1.);
#5242 = DIRECTION('',(0.,0.707106781187,-0.707106781187));
#5243 = PCURVE('',#3465,#5244);
#5244 = DEFINITIONAL_REPRESENTATION('',(#5245),#5248);
#5245 = B_SPLINE_CURVE_WITH_KNOTS('',1,(#5246,#5247),.UNSPECIFIED.,.F.,
  .F.,(2,2),(0.,14.142135623731),.PIECEWISE_BEZIER_KNOTS.);
#5246 = CARTESIAN_POINT('',(70.710678118655,0.645161290323));
#5247 = CARTESIAN_POINT('',(31.567267017256,0.645161290323));
#5248 = ( GEOMETRIC_REPRESENTATION_CONTEXT(2) 
PARAMETRIC_REPRESENTATION_CONTEXT() REPRESENTATION_CONTEXT('2D SPACE',''
  ) );
#5249 = PCURVE('',#5250,#5255);
#5250 = PLANE('',#5251);
#5251 = AXIS2_PLACEMENT_3D('',#5252,#5253,#5254);
#5252 = CARTESIAN_POINT('',(339.,0.,300.));
#5253 = DIRECTION('',(1.,0.,0.));
#5254 = DIRECTION('',(-0.,0.,1.));
#5255 = DEFINITIONAL_REPRESENTATION('',(#5256),#5260);
#5256 = LINE('',#5257,#5258);
#5257 = CARTESIAN_POINT('',(18.064516129032,1.811285645256E-15));
#5258 = VECTOR('',#5259,1.);
#5259 = DIRECTION('',(-0.707106781187,-0.707106781187));
#5260 = ( GEOMETRIC_REPRESENTATION_CONTEXT(2) 
PARAMETRIC_REPRESENTATION_CONTEXT() REPRESENTATION_CONTEXT('2D SPACE',''
  ) );
#5261 = ORIENTED_EDGE('',*,*,#5262,.T.);
#5262 = EDGE_CURVE('',#5236,#4528,#5263,.T.);
#5263 = SURFACE_CURVE('',#5264,(#5267,#5274),.PCURVE_S1.);
#5264 = B_SPLINE_CURVE_WITH_KNOTS('',1,(#5265,#5266),.UNSPECIFIED.,.F.,
  .F.,(2,2),(0.,1.),.PIECEWISE_BEZIER_KNOTS.);
#5265 = CARTESIAN_POINT('',(319.,-5.265716198978E-15,350.));
#5266 = CARTESIAN_POINT('',(350.,8.865115929176E-17,300.5));
#5267 = PCURVE('',#3465,#5268);
#5268 = DEFINITIONAL_REPRESENTATION('',(#5269),#5273);
#5269 = LINE('',#5270,#5271);
#5270 = CARTESIAN_POINT('',(70.710678118655,0.));
#5271 = VECTOR('',#5272,1.);
#5272 = DIRECTION('',(0.,1.));
#5273 = ( GEOMETRIC_REPRESENTATION_CONTEXT(2) 
PARAMETRIC_REPRESENTATION_CONTEXT() REPRESENTATION_CONTEXT('2D SPACE',''
  ) );
#5274 = PCURVE('',#4139,#5275);
#5275 = DEFINITIONAL_REPRESENTATION('',(#5276),#5280);
#5276 = LINE('',#5277,#5278);
#5277 = CARTESIAN_POINT('',(0.,0.));
#5278 = VECTOR('',#5279,1.);
#5279 = DIRECTION('',(0.,1.));
#5280 = ( GEOMETRIC_REPRESENTATION_CONTEXT(2) 
PARAMETRIC_REPRESENTATION_CONTEXT() REPRESENTATION_CONTEXT('2D SPACE',''
  ) );
#5281 = ORIENTED_EDGE('',*,*,#4547,.T.);
#5282 = ORIENTED_EDGE('',*,*,#3395,.T.);
#5283 = ORIENTED_EDGE('',*,*,#5051,.F.);
#5284 = ADVANCED_FACE('',(#5285),#3840,.F.);
#5285 = FACE_BOUND('',#5286,.F.);
#5286 = EDGE_LOOP('',(#5287,#5288,#5289,#5290));
#5287 = ORIENTED_EDGE('',*,*,#4430,.T.);
#5288 = ORIENTED_EDGE('',*,*,#4298,.F.);
#5289 = ORIENTED_EDGE('',*,*,#4403,.T.);
#5290 = ORIENTED_EDGE('',*,*,#3825,.F.);
#5291 = ADVANCED_FACE('',(#5292),#3773,.F.);
#5292 = FACE_BOUND('',#5293,.F.);
#5293 = EDGE_LOOP('',(#5294,#5295,#5296,#5297));
#5294 = ORIENTED_EDGE('',*,*,#4484,.T.);
#5295 = ORIENTED_EDGE('',*,*,#4360,.F.);
#5296 = ORIENTED_EDGE('',*,*,#4457,.T.);
#5297 = ORIENTED_EDGE('',*,*,#3758,.F.);
#5298 = ADVANCED_FACE('',(#5299),#3703,.T.);
#5299 = FACE_BOUND('',#5300,.T.);
#5300 = EDGE_LOOP('',(#5301,#5325,#5326));
#5301 = ORIENTED_EDGE('',*,*,#5302,.T.);
#5302 = EDGE_CURVE('',#4184,#3660,#5303,.T.);
#5303 = SURFACE_CURVE('',#5304,(#5308,#5314),.PCURVE_S1.);
#5304 = LINE('',#5305,#5306);
#5305 = CARTESIAN_POINT('',(320.,-180.,305.));
#5306 = VECTOR('',#5307,1.);
#5307 = DIRECTION('',(0.,-0.,1.));
#5308 = PCURVE('',#3703,#5309);
#5309 = DEFINITIONAL_REPRESENTATION('',(#5310),#5313);
#5310 = B_SPLINE_CURVE_WITH_KNOTS('',1,(#5311,#5312),.UNSPECIFIED.,.F.,
  .F.,(2,2),(-15.,5.),.PIECEWISE_BEZIER_KNOTS.);
#5311 = CARTESIAN_POINT('',(-10.,180.));
#5312 = CARTESIAN_POINT('',(10.,180.));
#5313 = ( GEOMETRIC_REPRESENTATION_CONTEXT(2) 
PARAMETRIC_REPRESENTATION_CONTEXT() REPRESENTATION_CONTEXT('2D SPACE',''
  ) );
#5314 = PCURVE('',#5315,#5320);
#5315 = PLANE('',#5316);
#5316 = AXIS2_PLACEMENT_3D('',#5317,#5318,#5319);
#5317 = CARTESIAN_POINT('',(319.,-180.,310.));
#5318 = DIRECTION('',(-0.,1.,0.));
#5319 = DIRECTION('',(0.,0.,-1.));
#5320 = DEFINITIONAL_REPRESENTATION('',(#5321),#5324);
#5321 = B_SPLINE_CURVE_WITH_KNOTS('',1,(#5322,#5323),.UNSPECIFIED.,.F.,
  .F.,(2,2),(-15.,5.),.PIECEWISE_BEZIER_KNOTS.);
#5322 = CARTESIAN_POINT('',(20.,-1.));
#5323 = CARTESIAN_POINT('',(0.,-1.));
#5324 = ( GEOMETRIC_REPRESENTATION_CONTEXT(2) 
PARAMETRIC_REPRESENTATION_CONTEXT() REPRESENTATION_CONTEXT('2D SPACE',''
  ) );
#5325 = ORIENTED_EDGE('',*,*,#3687,.T.);
#5326 = ORIENTED_EDGE('',*,*,#4183,.T.);
#5327 = ADVANCED_FACE('',(#5328),#3675,.T.);
#5328 = FACE_BOUND('',#5329,.T.);
#5329 = EDGE_LOOP('',(#5330,#5356,#5357,#5383));
#5330 = ORIENTED_EDGE('',*,*,#5331,.T.);
#5331 = EDGE_CURVE('',#5332,#3637,#5334,.T.);
#5332 = VERTEX_POINT('',#5333);
#5333 = CARTESIAN_POINT('',(320.,-10.,338.40322580645));
#5334 = SURFACE_CURVE('',#5335,(#5339,#5345),.PCURVE_S1.);
#5335 = LINE('',#5336,#5337);
#5336 = CARTESIAN_POINT('',(320.,-10.,390.));
#5337 = VECTOR('',#5338,1.);
#5338 = DIRECTION('',(0.,-0.,1.));
#5339 = PCURVE('',#3675,#5340);
#5340 = DEFINITIONAL_REPRESENTATION('',(#5341),#5344);
#5341 = B_SPLINE_CURVE_WITH_KNOTS('',1,(#5342,#5343),.UNSPECIFIED.,.F.,
  .F.,(2,2),(-80.,90.),.PIECEWISE_BEZIER_KNOTS.);
#5342 = CARTESIAN_POINT('',(10.,10.));
#5343 = CARTESIAN_POINT('',(180.,10.));
#5344 = ( GEOMETRIC_REPRESENTATION_CONTEXT(2) 
PARAMETRIC_REPRESENTATION_CONTEXT() REPRESENTATION_CONTEXT('2D SPACE',''
  ) );
#5345 = PCURVE('',#5346,#5351);
#5346 = PLANE('',#5347);
#5347 = AXIS2_PLACEMENT_3D('',#5348,#5349,#5350);
#5348 = CARTESIAN_POINT('',(319.,-10.,480.));
#5349 = DIRECTION('',(-0.,1.,0.));
#5350 = DIRECTION('',(0.,0.,-1.));
#5351 = DEFINITIONAL_REPRESENTATION('',(#5352),#5355);
#5352 = B_SPLINE_CURVE_WITH_KNOTS('',1,(#5353,#5354),.UNSPECIFIED.,.F.,
  .F.,(2,2),(-80.,90.),.PIECEWISE_BEZIER_KNOTS.);
#5353 = CARTESIAN_POINT('',(170.,-1.));
#5354 = CARTESIAN_POINT('',(0.,-1.));
#5355 = ( GEOMETRIC_REPRESENTATION_CONTEXT(2) 
PARAMETRIC_REPRESENTATION_CONTEXT() REPRESENTATION_CONTEXT('2D SPACE',''
  ) );
#5356 = ORIENTED_EDGE('',*,*,#3659,.T.);
#5357 = ORIENTED_EDGE('',*,*,#5358,.T.);
#5358 = EDGE_CURVE('',#3660,#5359,#5361,.T.);
#5359 = VERTEX_POINT('',#5360);
#5360 = CARTESIAN_POINT('',(320.,-38.40322580645,310.));
#5361 = SURFACE_CURVE('',#5362,(#5366,#5372),.PCURVE_S1.);
#5362 = LINE('',#5363,#5364);
#5363 = CARTESIAN_POINT('',(320.,90.,310.));
#5364 = VECTOR('',#5365,1.);
#5365 = DIRECTION('',(-0.,1.,0.));
#5366 = PCURVE('',#3675,#5367);
#5367 = DEFINITIONAL_REPRESENTATION('',(#5368),#5371);
#5368 = B_SPLINE_CURVE_WITH_KNOTS('',1,(#5369,#5370),.UNSPECIFIED.,.F.,
  .F.,(2,2),(-270.,-100.),.PIECEWISE_BEZIER_KNOTS.);
#5369 = CARTESIAN_POINT('',(10.,180.));
#5370 = CARTESIAN_POINT('',(10.,10.));
#5371 = ( GEOMETRIC_REPRESENTATION_CONTEXT(2) 
PARAMETRIC_REPRESENTATION_CONTEXT() REPRESENTATION_CONTEXT('2D SPACE',''
  ) );
#5372 = PCURVE('',#5373,#5378);
#5373 = PLANE('',#5374);
#5374 = AXIS2_PLACEMENT_3D('',#5375,#5376,#5377);
#5375 = CARTESIAN_POINT('',(319.,180.,310.));
#5376 = DIRECTION('',(0.,0.,-1.));
#5377 = DIRECTION('',(0.,-1.,0.));
#5378 = DEFINITIONAL_REPRESENTATION('',(#5379),#5382);
#5379 = B_SPLINE_CURVE_WITH_KNOTS('',1,(#5380,#5381),.UNSPECIFIED.,.F.,
  .F.,(2,2),(-270.,-100.),.PIECEWISE_BEZIER_KNOTS.);
#5380 = CARTESIAN_POINT('',(360.,-1.));
#5381 = CARTESIAN_POINT('',(190.,-1.));
#5382 = ( GEOMETRIC_REPRESENTATION_CONTEXT(2) 
PARAMETRIC_REPRESENTATION_CONTEXT() REPRESENTATION_CONTEXT('2D SPACE',''
  ) );
#5383 = ORIENTED_EDGE('',*,*,#5384,.T.);
#5384 = EDGE_CURVE('',#5359,#5332,#5385,.T.);
#5385 = SURFACE_CURVE('',#5386,(#5389,#5395),.PCURVE_S1.);
#5386 = B_SPLINE_CURVE_WITH_KNOTS('',1,(#5387,#5388),.UNSPECIFIED.,.F.,
  .F.,(2,2),(0.,1.),.PIECEWISE_BEZIER_KNOTS.);
#5387 = CARTESIAN_POINT('',(320.,-38.72258105587,309.68064475057));
#5388 = CARTESIAN_POINT('',(320.,-9.680644750575,338.72258105587));
#5389 = PCURVE('',#3675,#5390);
#5390 = DEFINITIONAL_REPRESENTATION('',(#5391),#5394);
#5391 = B_SPLINE_CURVE_WITH_KNOTS('',1,(#5392,#5393),.UNSPECIFIED.,.F.,
  .F.,(2,2),(0.,1.),.PIECEWISE_BEZIER_KNOTS.);
#5392 = CARTESIAN_POINT('',(9.680644750575,38.722581055876));
#5393 = CARTESIAN_POINT('',(38.722581055876,9.680644750575));
#5394 = ( GEOMETRIC_REPRESENTATION_CONTEXT(2) 
PARAMETRIC_REPRESENTATION_CONTEXT() REPRESENTATION_CONTEXT('2D SPACE',''
  ) );
#5395 = PCURVE('',#5396,#5401);
#5396 = B_SPLINE_SURFACE_WITH_KNOTS('',1,1,(
    (#5397,#5398)
    ,(#5399,#5400
    )),.UNSPECIFIED.,.F.,.F.,.F.,(2,2),(2,2),(0.,70.710678118655),(0.,1.
    ),.PIECEWISE_BEZIER_KNOTS.);
#5397 = CARTESIAN_POINT('',(319.,3.061616997868E-15,350.));
#5398 = CARTESIAN_POINT('',(350.,3.061616997868E-17,300.5));
#5399 = CARTESIAN_POINT('',(319.,-50.,300.));
#5400 = CARTESIAN_POINT('',(350.,-0.5,300.));
#5401 = DEFINITIONAL_REPRESENTATION('',(#5402),#5405);
#5402 = B_SPLINE_CURVE_WITH_KNOTS('',1,(#5403,#5404),.UNSPECIFIED.,.F.,
  .F.,(2,2),(0.,1.),.PIECEWISE_BEZIER_KNOTS.);
#5403 = CARTESIAN_POINT('',(56.568543094924,3.225806451613E-02));
#5404 = CARTESIAN_POINT('',(14.142135023731,3.225806451613E-02));
#5405 = ( GEOMETRIC_REPRESENTATION_CONTEXT(2) 
PARAMETRIC_REPRESENTATION_CONTEXT() REPRESENTATION_CONTEXT('2D SPACE',''
  ) );
#5406 = ADVANCED_FACE('',(#5407),#4139,.T.);
#5407 = FACE_BOUND('',#5408,.T.);
#5408 = EDGE_LOOP('',(#5409,#5410,#5432,#5529,#5596,#5616,#5617));
#5409 = ORIENTED_EDGE('',*,*,#5262,.F.);
#5410 = ORIENTED_EDGE('',*,*,#5411,.F.);
#5411 = EDGE_CURVE('',#5412,#5236,#5414,.T.);
#5412 = VERTEX_POINT('',#5413);
#5413 = CARTESIAN_POINT('',(339.,-10.,308.06451612903));
#5414 = SURFACE_CURVE('',#5415,(#5419,#5425),.PCURVE_S1.);
#5415 = LINE('',#5416,#5417);
#5416 = CARTESIAN_POINT('',(339.,-10.,308.06451612903));
#5417 = VECTOR('',#5418,1.);
#5418 = DIRECTION('',(0.,0.707106781187,0.707106781187));
#5419 = PCURVE('',#4139,#5420);
#5420 = DEFINITIONAL_REPRESENTATION('',(#5421),#5424);
#5421 = B_SPLINE_CURVE_WITH_KNOTS('',1,(#5422,#5423),.UNSPECIFIED.,.F.,
  .F.,(2,2),(0.,14.142135623731),.PIECEWISE_BEZIER_KNOTS.);
#5422 = CARTESIAN_POINT('',(39.143411101398,0.645161290323));
#5423 = CARTESIAN_POINT('',(1.263106104051E-14,0.645161290323));
#5424 = ( GEOMETRIC_REPRESENTATION_CONTEXT(2) 
PARAMETRIC_REPRESENTATION_CONTEXT() REPRESENTATION_CONTEXT('2D SPACE',''
  ) );
#5425 = PCURVE('',#5250,#5426);
#5426 = DEFINITIONAL_REPRESENTATION('',(#5427),#5431);
#5427 = LINE('',#5428,#5429);
#5428 = CARTESIAN_POINT('',(8.064516129032,10.));
#5429 = VECTOR('',#5430,1.);
#5430 = DIRECTION('',(0.707106781187,-0.707106781187));
#5431 = ( GEOMETRIC_REPRESENTATION_CONTEXT(2) 
PARAMETRIC_REPRESENTATION_CONTEXT() REPRESENTATION_CONTEXT('2D SPACE',''
  ) );
#5432 = ORIENTED_EDGE('',*,*,#5433,.F.);
#5433 = EDGE_CURVE('',#5434,#5412,#5436,.T.);
#5434 = VERTEX_POINT('',#5435);
#5435 = CARTESIAN_POINT('',(338.63975155279,-10.,308.63975155279));
#5436 = SURFACE_CURVE('',#5437,(#5464,#5494),.PCURVE_S1.);
#5437 = B_SPLINE_CURVE_WITH_KNOTS('',7,(#5438,#5439,#5440,#5441,#5442,
    #5443,#5444,#5445,#5446,#5447,#5448,#5449,#5450,#5451,#5452,#5453,
    #5454,#5455,#5456,#5457,#5458,#5459,#5460,#5461,#5462,#5463),
  .UNSPECIFIED.,.F.,.F.,(8,6,6,6,8),(0.,0.276658321932,0.577319116725,
    0.725950062124,1.),.UNSPECIFIED.);
#5438 = CARTESIAN_POINT('',(319.,-10.,340.));
#5439 = CARTESIAN_POINT('',(319.95370835057,-10.,338.47714311763));
#5440 = CARTESIAN_POINT('',(320.90365830332,-10.,336.96028754792));
#5441 = CARTESIAN_POINT('',(321.84925956411,-10.,335.4503758573));
#5442 = CARTESIAN_POINT('',(322.78959438193,-10.,333.94887348691));
#5443 = CARTESIAN_POINT('',(323.72340895789,-10.,332.45778247045));
#5444 = CARTESIAN_POINT('',(324.64910111356,-10.,330.97966112511));
#5445 = CARTESIAN_POINT('',(326.55980683767,-10.,327.92869553338));
#5446 = CARTESIAN_POINT('',(327.54289471806,-10.,326.35892617598));
#5447 = CARTESIAN_POINT('',(328.51144740359,-10.,324.81236624264));
#5448 = CARTESIAN_POINT('',(329.46191109057,-10.,323.29469035536));
#5449 = CARTESIAN_POINT('',(330.389840271,-10.,321.81299698662));
#5450 = CARTESIAN_POINT('',(331.2902349582,-10.,320.37526998609));
#5451 = CARTESIAN_POINT('',(332.58719895107,-10.,318.30431135231));
#5452 = CARTESIAN_POINT('',(333.00829212854,-10.,317.63192063345));
#5453 = CARTESIAN_POINT('',(333.42079341128,-10.,316.97324923036));
#5454 = CARTESIAN_POINT('',(333.82410780381,-10.,316.32924721649));
#5455 = CARTESIAN_POINT('',(334.21769843895,-10.,315.70077184746));
#5456 = CARTESIAN_POINT('',(334.60110056185,-10.,315.08856523188));
#5457 = CARTESIAN_POINT('',(335.6613652689,-10.,313.39556190932));
#5458 = CARTESIAN_POINT('',(336.31303699044,-10.,312.3549893217));
#5459 = CARTESIAN_POINT('',(336.92630681708,-10.,311.37573588886));
#5460 = CARTESIAN_POINT('',(337.50043269731,-10.,310.45898649944));
#5461 = CARTESIAN_POINT('',(338.03622418341,-10.,309.60344848132));
#5462 = CARTESIAN_POINT('',(338.53535898814,-10.,308.80644290602));
#5463 = CARTESIAN_POINT('',(339.,-10.,308.06451612903));
#5464 = PCURVE('',#4139,#5465);
#5465 = DEFINITIONAL_REPRESENTATION('',(#5466),#5493);
#5466 = B_SPLINE_CURVE_WITH_KNOTS('',7,(#5467,#5468,#5469,#5470,#5471,
    #5472,#5473,#5474,#5475,#5476,#5477,#5478,#5479,#5480,#5481,#5482,
    #5483,#5484,#5485,#5486,#5487,#5488,#5489,#5490,#5491,#5492),
  .UNSPECIFIED.,.F.,.F.,(8,6,6,6,8),(0.,0.276658321932,0.577319116725,
    0.725950062124,1.),.UNSPECIFIED.);
#5467 = CARTESIAN_POINT('',(14.142135623731,0.));
#5468 = CARTESIAN_POINT('',(14.57286459505,3.076478550232E-02));
#5469 = CARTESIAN_POINT('',(15.03250667857,6.140833236515E-02));
#5470 = CARTESIAN_POINT('',(15.524276164412,9.191159884229E-02));
#5471 = CARTESIAN_POINT('',(16.05182672325,0.122244980062));
#5472 = CARTESIAN_POINT('',(16.61930858341,0.1523680309));
#5473 = CARTESIAN_POINT('',(17.231447352749,0.18222906818));
#5474 = CARTESIAN_POINT('',(18.61291640077,0.243864736699));
#5475 = CARTESIAN_POINT('',(19.391200364396,0.27557724897));
#5476 = CARTESIAN_POINT('',(20.234948564503,0.306820883987));
#5477 = CARTESIAN_POINT('',(21.151034067552,0.337481002922));
#5478 = CARTESIAN_POINT('',(22.146183684693,0.36741420229));
#5479 = CARTESIAN_POINT('',(23.225826954171,0.3964591922));
#5480 = CARTESIAN_POINT('',(24.968346726934,0.438296740357));
#5481 = CARTESIAN_POINT('',(25.565888220107,0.451880391243));
#5482 = CARTESIAN_POINT('',(26.184705255467,0.465186884235));
#5483 = CARTESIAN_POINT('',(26.82480496361,0.478197025929));
#5484 = CARTESIAN_POINT('',(27.485979519137,0.490893498031));
#5485 = CARTESIAN_POINT('',(28.16777440711,0.503261308447));
#5486 = CARTESIAN_POINT('',(30.163268029394,0.537463395771));
#5487 = CARTESIAN_POINT('',(31.525052414501,0.558485064208));
#5488 = CARTESIAN_POINT('',(32.949983441886,0.578267961841));
#5489 = CARTESIAN_POINT('',(34.431710213688,0.596788151526));
#5490 = CARTESIAN_POINT('',(35.962813227477,0.614071747852));
#5491 = CARTESIAN_POINT('',(37.535754154953,0.630172870585));
#5492 = CARTESIAN_POINT('',(39.143411101398,0.645161290323));
#5493 = ( GEOMETRIC_REPRESENTATION_CONTEXT(2) 
PARAMETRIC_REPRESENTATION_CONTEXT() REPRESENTATION_CONTEXT('2D SPACE',''
  ) );
#5494 = PCURVE('',#5495,#5500);
#5495 = PLANE('',#5496);
#5496 = AXIS2_PLACEMENT_3D('',#5497,#5498,#5499);
#5497 = CARTESIAN_POINT('',(319.,-10.,480.));
#5498 = DIRECTION('',(-0.,1.,0.));
#5499 = DIRECTION('',(0.,0.,-1.));
#5500 = DEFINITIONAL_REPRESENTATION('',(#5501),#5528);
#5501 = B_SPLINE_CURVE_WITH_KNOTS('',7,(#5502,#5503,#5504,#5505,#5506,
    #5507,#5508,#5509,#5510,#5511,#5512,#5513,#5514,#5515,#5516,#5517,
    #5518,#5519,#5520,#5521,#5522,#5523,#5524,#5525,#5526,#5527),
  .UNSPECIFIED.,.F.,.F.,(8,6,6,6,8),(0.,0.276658321932,0.577319116725,
    0.725950062124,1.),.UNSPECIFIED.);
#5502 = CARTESIAN_POINT('',(140.,0.));
#5503 = CARTESIAN_POINT('',(141.52285688236,-0.953708350572));
#5504 = CARTESIAN_POINT('',(143.03971245207,-1.90365830332));
#5505 = CARTESIAN_POINT('',(144.54962414269,-2.849259564111));
#5506 = CARTESIAN_POINT('',(146.05112651308,-3.789594381931));
#5507 = CARTESIAN_POINT('',(147.54221752954,-4.723408957898));
#5508 = CARTESIAN_POINT('',(149.02033887488,-5.649101113566));
#5509 = CARTESIAN_POINT('',(152.07130446661,-7.559806837679));
#5510 = CARTESIAN_POINT('',(153.64107382401,-8.542894718066));
#5511 = CARTESIAN_POINT('',(155.18763375735,-9.511447403598));
#5512 = CARTESIAN_POINT('',(156.70530964463,-10.46191109057));
#5513 = CARTESIAN_POINT('',(158.18700301337,-11.389840271));
#5514 = CARTESIAN_POINT('',(159.6247300139,-12.2902349582));
#5515 = CARTESIAN_POINT('',(161.69568864768,-13.58719895107));
#5516 = CARTESIAN_POINT('',(162.36807936654,-14.00829212854));
#5517 = CARTESIAN_POINT('',(163.02675076963,-14.42079341128));
#5518 = CARTESIAN_POINT('',(163.6707527835,-14.82410780381));
#5519 = CARTESIAN_POINT('',(164.29922815253,-15.21769843895));
#5520 = CARTESIAN_POINT('',(164.91143476811,-15.60110056185));
#5521 = CARTESIAN_POINT('',(166.60443809067,-16.6613652689));
#5522 = CARTESIAN_POINT('',(167.64501067829,-17.31303699044));
#5523 = CARTESIAN_POINT('',(168.62426411113,-17.92630681708));
#5524 = CARTESIAN_POINT('',(169.54101350055,-18.50043269731));
#5525 = CARTESIAN_POINT('',(170.39655151867,-19.03622418341));
#5526 = CARTESIAN_POINT('',(171.19355709397,-19.53535898814));
#5527 = CARTESIAN_POINT('',(171.93548387096,-20.));
#5528 = ( GEOMETRIC_REPRESENTATION_CONTEXT(2) 
PARAMETRIC_REPRESENTATION_CONTEXT() REPRESENTATION_CONTEXT('2D SPACE',''
  ) );
#5529 = ORIENTED_EDGE('',*,*,#5530,.F.);
#5530 = EDGE_CURVE('',#5531,#5434,#5533,.T.);
#5531 = VERTEX_POINT('',#5532);
#5532 = CARTESIAN_POINT('',(330.,-32.43548387096,300.));
#5533 = SURFACE_CURVE('',#5534,(#5551,#5571),.PCURVE_S1.);
#5534 = B_SPLINE_CURVE_WITH_KNOTS('',8,(#5535,#5536,#5537,#5538,#5539,
    #5540,#5541,#5542,#5543,#5544,#5545,#5546,#5547,#5548,#5549,#5550),
  .UNSPECIFIED.,.F.,.F.,(9,7,9),(0.,0.249457190117,1.),.UNSPECIFIED.);
#5535 = CARTESIAN_POINT('',(330.,-32.43548387096,300.));
#5536 = CARTESIAN_POINT('',(330.37959788155,-31.44975388822,
    300.37959788155));
#5537 = CARTESIAN_POINT('',(330.75349484656,-30.47882789844,
    300.75349484656));
#5538 = CARTESIAN_POINT('',(331.1213687765,-29.52354237069,
    301.1213687765));
#5539 = CARTESIAN_POINT('',(331.48291537865,-28.58468748447,
    301.48291537865));
#5540 = CARTESIAN_POINT('',(331.83785267715,-27.6629954674,
    301.83785267715));
#5541 = CARTESIAN_POINT('',(332.18592468913,-26.75913104917,
    302.18592468913));
#5542 = CARTESIAN_POINT('',(332.52690428593,-25.87368403169,
    302.52690428593));
#5543 = CARTESIAN_POINT('',(333.86457249748,-22.4000617404,
    303.86457249748));
#5544 = CARTESIAN_POINT('',(334.80274586956,-19.96383733873,
    304.80274586956));
#5545 = CARTESIAN_POINT('',(335.66907363135,-17.71417976369,
    305.66907363135));
#5546 = CARTESIAN_POINT('',(336.46282043297,-15.65299855315,
    306.46282043297));
#5547 = CARTESIAN_POINT('',(337.18736577608,-13.77151790399,
    307.18736577608));
#5548 = CARTESIAN_POINT('',(337.84784791898,-12.05639492006,
    307.84784791898));
#5549 = CARTESIAN_POINT('',(338.45009841611,-10.49248637106,
    308.45009841611));
#5550 = CARTESIAN_POINT('',(339.,-9.064516129032,309.));
#5551 = PCURVE('',#4139,#5552);
#5552 = DEFINITIONAL_REPRESENTATION('',(#5553),#5570);
#5553 = B_SPLINE_CURVE_WITH_KNOTS('',8,(#5554,#5555,#5556,#5557,#5558,
    #5559,#5560,#5561,#5562,#5563,#5564,#5565,#5566,#5567,#5568,#5569),
  .UNSPECIFIED.,.F.,.F.,(9,7,9),(0.,0.249457190117,1.),.UNSPECIFIED.);
#5554 = CARTESIAN_POINT('',(70.710678118655,0.354838709677));
#5555 = CARTESIAN_POINT('',(69.883139250302,0.367083802631));
#5556 = CARTESIAN_POINT('',(69.032681159223,0.37914499505));
#5557 = CARTESIAN_POINT('',(68.15922221538,0.391011896016));
#5558 = CARTESIAN_POINT('',(67.262787285918,0.402674689634));
#5559 = CARTESIAN_POINT('',(66.343523228523,0.414124279908));
#5560 = CARTESIAN_POINT('',(65.401711658562,0.425352409327));
#5561 = CARTESIAN_POINT('',(64.437778989995,0.436351751159));
#5562 = CARTESIAN_POINT('',(60.487300595471,0.479502338628));
#5563 = CARTESIAN_POINT('',(57.32676931728,0.509765995792));
#5564 = CARTESIAN_POINT('',(53.988283973784,0.537712052624));
#5565 = CARTESIAN_POINT('',(50.495007938486,0.56331678816));
#5566 = CARTESIAN_POINT('',(46.873639749052,0.586689218583));
#5567 = CARTESIAN_POINT('',(43.149923254564,0.607995094161));
#5568 = CARTESIAN_POINT('',(39.34650301921,0.627422529552));
#5569 = CARTESIAN_POINT('',(35.481608127396,0.645161290323));
#5570 = ( GEOMETRIC_REPRESENTATION_CONTEXT(2) 
PARAMETRIC_REPRESENTATION_CONTEXT() REPRESENTATION_CONTEXT('2D SPACE',''
  ) );
#5571 = PCURVE('',#5572,#5577);
#5572 = PLANE('',#5573);
#5573 = AXIS2_PLACEMENT_3D('',#5574,#5575,#5576);
#5574 = CARTESIAN_POINT('',(329.5,-180.,299.5));
#5575 = DIRECTION('',(-0.707106781187,5.552359454847E-17,0.707106781187)
  );
#5576 = DIRECTION('',(-3.926111022108E-17,-1.,3.926111022108E-17));
#5577 = DEFINITIONAL_REPRESENTATION('',(#5578),#5595);
#5578 = B_SPLINE_CURVE_WITH_KNOTS('',8,(#5579,#5580,#5581,#5582,#5583,
    #5584,#5585,#5586,#5587,#5588,#5589,#5590,#5591,#5592,#5593,#5594),
  .UNSPECIFIED.,.F.,.F.,(9,7,9),(0.,0.249457190117,1.),.UNSPECIFIED.);
#5579 = CARTESIAN_POINT('',(-147.564516129,0.707106781187));
#5580 = CARTESIAN_POINT('',(-148.5502461117,1.243939253528));
#5581 = CARTESIAN_POINT('',(-149.5211721015,1.772709412372));
#5582 = CARTESIAN_POINT('',(-150.4764576293,2.292961713336));
#5583 = CARTESIAN_POINT('',(-151.4153125155,2.804265821525));
#5584 = CARTESIAN_POINT('',(-152.3370045325,3.306222962856));
#5585 = CARTESIAN_POINT('',(-153.2408689508,3.79847112289));
#5586 = CARTESIAN_POINT('',(-154.1263159683,4.280689093169));
#5587 = CARTESIAN_POINT('',(-157.5999382595,6.1724376199));
#5588 = CARTESIAN_POINT('',(-160.0361626612,7.49921512655));
#5589 = CARTESIAN_POINT('',(-162.2858202363,8.724387596742));
#5590 = CARTESIAN_POINT('',(-164.3470014468,9.846915088675));
#5591 = CARTESIAN_POINT('',(-166.228482096,10.871576939459));
#5592 = CARTESIAN_POINT('',(-167.9436050799,11.80563974366));
#5593 = CARTESIAN_POINT('',(-169.5075136289,12.657350564639));
#5594 = CARTESIAN_POINT('',(-170.9354838709,13.435028842544));
#5595 = ( GEOMETRIC_REPRESENTATION_CONTEXT(2) 
PARAMETRIC_REPRESENTATION_CONTEXT() REPRESENTATION_CONTEXT('2D SPACE',''
  ) );
#5596 = ORIENTED_EDGE('',*,*,#5597,.T.);
#5597 = EDGE_CURVE('',#5531,#3963,#5598,.T.);
#5598 = SURFACE_CURVE('',#5599,(#5602,#5609),.PCURVE_S1.);
#5599 = B_SPLINE_CURVE_WITH_KNOTS('',1,(#5600,#5601),.UNSPECIFIED.,.F.,
  .F.,(2,2),(0.,1.),.PIECEWISE_BEZIER_KNOTS.);
#5600 = CARTESIAN_POINT('',(319.,-50.,300.));
#5601 = CARTESIAN_POINT('',(350.,-0.5,300.));
#5602 = PCURVE('',#4139,#5603);
#5603 = DEFINITIONAL_REPRESENTATION('',(#5604),#5608);
#5604 = LINE('',#5605,#5606);
#5605 = CARTESIAN_POINT('',(70.710678118655,0.));
#5606 = VECTOR('',#5607,1.);
#5607 = DIRECTION('',(0.,1.));
#5608 = ( GEOMETRIC_REPRESENTATION_CONTEXT(2) 
PARAMETRIC_REPRESENTATION_CONTEXT() REPRESENTATION_CONTEXT('2D SPACE',''
  ) );
#5609 = PCURVE('',#4032,#5610);
#5610 = DEFINITIONAL_REPRESENTATION('',(#5611),#5615);
#5611 = LINE('',#5612,#5613);
#5612 = CARTESIAN_POINT('',(0.,0.));
#5613 = VECTOR('',#5614,1.);
#5614 = DIRECTION('',(0.,1.));
#5615 = ( GEOMETRIC_REPRESENTATION_CONTEXT(2) 
PARAMETRIC_REPRESENTATION_CONTEXT() REPRESENTATION_CONTEXT('2D SPACE',''
  ) );
#5616 = ORIENTED_EDGE('',*,*,#4071,.F.);
#5617 = ORIENTED_EDGE('',*,*,#4527,.T.);
#5618 = ADVANCED_FACE('',(#5619),#4032,.T.);
#5619 = FACE_BOUND('',#5620,.T.);
#5620 = EDGE_LOOP('',(#5621,#5677,#5697,#5794,#5812,#5813,#5814,#5815));
#5621 = ORIENTED_EDGE('',*,*,#5622,.F.);
#5622 = EDGE_CURVE('',#5623,#5531,#5625,.T.);
#5623 = VERTEX_POINT('',#5624);
#5624 = CARTESIAN_POINT('',(320.,-38.40322580645,290.));
#5625 = SURFACE_CURVE('',#5626,(#5641,#5659),.PCURVE_S1.);
#5626 = B_SPLINE_CURVE_WITH_KNOTS('',7,(#5627,#5628,#5629,#5630,#5631,
    #5632,#5633,#5634,#5635,#5636,#5637,#5638,#5639,#5640),
  .UNSPECIFIED.,.F.,.F.,(8,6,8),(0.,0.565121260562,1.),.UNSPECIFIED.);
#5627 = CARTESIAN_POINT('',(320.,-38.40322580645,290.));
#5628 = CARTESIAN_POINT('',(320.94574670043,-37.83882858199,
    290.94574670043));
#5629 = CARTESIAN_POINT('',(321.87170077815,-37.286243084,
    291.87170077815));
#5630 = CARTESIAN_POINT('',(322.77536181642,-36.74696149665,
    292.77536181642));
#5631 = CARTESIAN_POINT('',(323.65429700477,-36.22243565844,
    293.65429700477));
#5632 = CARTESIAN_POINT('',(324.50626208845,-35.71400488269,
    294.50626208845));
#5633 = CARTESIAN_POINT('',(325.32934120167,-35.22281250867,
    295.32934120167));
#5634 = CARTESIAN_POINT('',(326.73199565586,-34.38574452795,
    296.73199565586));
#5635 = CARTESIAN_POINT('',(327.32403756396,-34.03242919569,
    297.32403756396));
#5636 = CARTESIAN_POINT('',(327.89745870115,-33.69022625898,
    297.89745870115));
#5637 = CARTESIAN_POINT('',(328.45184285222,-33.35938410431,
    298.45184285222));
#5638 = CARTESIAN_POINT('',(328.98701350773,-33.04000806796,
    298.98701350773));
#5639 = CARTESIAN_POINT('',(329.50300115254,-32.73207995735,
    299.50300115254));
#5640 = CARTESIAN_POINT('',(330.,-32.43548387096,300.));
#5641 = PCURVE('',#4032,#5642);
#5642 = DEFINITIONAL_REPRESENTATION('',(#5643),#5658);
#5643 = B_SPLINE_CURVE_WITH_KNOTS('',7,(#5644,#5645,#5646,#5647,#5648,
    #5649,#5650,#5651,#5652,#5653,#5654,#5655,#5656,#5657),
  .UNSPECIFIED.,.F.,.F.,(8,6,8),(0.,0.565121260562,1.),.UNSPECIFIED.);
#5644 = CARTESIAN_POINT('',(14.608670587659,3.225806451613E-02));
#5645 = CARTESIAN_POINT('',(13.682839826775,6.276602259472E-02));
#5646 = CARTESIAN_POINT('',(12.708986057398,9.263550897282E-02));
#5647 = CARTESIAN_POINT('',(11.685803108086,0.121785865046));
#5648 = CARTESIAN_POINT('',(10.612563591871,0.150138613057));
#5649 = CARTESIAN_POINT('',(9.48935278551,0.177621357692));
#5650 = CARTESIAN_POINT('',(8.317341619155,0.204172296828));
#5651 = CARTESIAN_POINT('',(6.16130016183,0.249419214705));
#5652 = CARTESIAN_POINT('',(5.196098596875,0.268517340773));
#5653 = CARTESIAN_POINT('',(4.204352658924,0.287014796811));
#5654 = CARTESIAN_POINT('',(3.187329706116,0.304898156523));
#5655 = CARTESIAN_POINT('',(2.146496531043,0.322161726056));
#5656 = CARTESIAN_POINT('',(1.083477763668,0.338806488792));
#5657 = CARTESIAN_POINT('',(0.,0.354838709677));
#5658 = ( GEOMETRIC_REPRESENTATION_CONTEXT(2) 
PARAMETRIC_REPRESENTATION_CONTEXT() REPRESENTATION_CONTEXT('2D SPACE',''
  ) );
#5659 = PCURVE('',#5572,#5660);
#5660 = DEFINITIONAL_REPRESENTATION('',(#5661),#5676);
#5661 = B_SPLINE_CURVE_WITH_KNOTS('',7,(#5662,#5663,#5664,#5665,#5666,
    #5667,#5668,#5669,#5670,#5671,#5672,#5673,#5674,#5675),
  .UNSPECIFIED.,.F.,.F.,(8,6,8),(0.,0.565121260562,1.),.UNSPECIFIED.);
#5662 = CARTESIAN_POINT('',(-141.5967741935,-13.43502884254));
#5663 = CARTESIAN_POINT('',(-142.161171418,-12.09754103221));
#5664 = CARTESIAN_POINT('',(-142.7137569159,-10.78804421737));
#5665 = CARTESIAN_POINT('',(-143.2530385033,-9.510074521268));
#5666 = CARTESIAN_POINT('',(-143.7775643415,-8.26707245745));
#5667 = CARTESIAN_POINT('',(-144.2859951173,-7.06221188145));
#5668 = CARTESIAN_POINT('',(-144.7771874913,-5.898202236617));
#5669 = CARTESIAN_POINT('',(-145.614255472,-3.914549284185));
#5670 = CARTESIAN_POINT('',(-145.9675708043,-3.077275588254));
#5671 = CARTESIAN_POINT('',(-146.309773741,-2.266335639092));
#5672 = CARTESIAN_POINT('',(-146.6406158956,-1.482318053886));
#5673 = CARTESIAN_POINT('',(-146.959991932,-0.72547245468));
#5674 = CARTESIAN_POINT('',(-147.2679200426,4.244270626363E-03));
#5675 = CARTESIAN_POINT('',(-147.564516129,0.707106781187));
#5676 = ( GEOMETRIC_REPRESENTATION_CONTEXT(2) 
PARAMETRIC_REPRESENTATION_CONTEXT() REPRESENTATION_CONTEXT('2D SPACE',''
  ) );
#5677 = ORIENTED_EDGE('',*,*,#5678,.F.);
#5678 = EDGE_CURVE('',#5679,#5623,#5681,.T.);
#5679 = VERTEX_POINT('',#5680);
#5680 = CARTESIAN_POINT('',(320.,-10.,261.59677419354));
#5681 = SURFACE_CURVE('',#5682,(#5685,#5691),.PCURVE_S1.);
#5682 = B_SPLINE_CURVE_WITH_KNOTS('',1,(#5683,#5684),.UNSPECIFIED.,.F.,
  .F.,(2,2),(0.,1.),.PIECEWISE_BEZIER_KNOTS.);
#5683 = CARTESIAN_POINT('',(320.,7.105427357601E-15,251.59677419354));
#5684 = CARTESIAN_POINT('',(320.,-48.40322580645,300.));
#5685 = PCURVE('',#4032,#5686);
#5686 = DEFINITIONAL_REPRESENTATION('',(#5687),#5690);
#5687 = B_SPLINE_CURVE_WITH_KNOTS('',1,(#5688,#5689),.UNSPECIFIED.,.F.,
  .F.,(2,2),(0.,1.),.PIECEWISE_BEZIER_KNOTS.);
#5688 = CARTESIAN_POINT('',(70.710678118655,3.225806451613E-02));
#5689 = CARTESIAN_POINT('',(0.,3.225806451613E-02));
#5690 = ( GEOMETRIC_REPRESENTATION_CONTEXT(2) 
PARAMETRIC_REPRESENTATION_CONTEXT() REPRESENTATION_CONTEXT('2D SPACE',''
  ) );
#5691 = PCURVE('',#4222,#5692);
#5692 = DEFINITIONAL_REPRESENTATION('',(#5693),#5696);
#5693 = B_SPLINE_CURVE_WITH_KNOTS('',1,(#5694,#5695),.UNSPECIFIED.,.F.,
  .F.,(2,2),(0.,1.),.PIECEWISE_BEZIER_KNOTS.);
#5694 = CARTESIAN_POINT('',(-48.40322580645,-2.301943698396E-15));
#5695 = CARTESIAN_POINT('',(0.,48.403225806452));
#5696 = ( GEOMETRIC_REPRESENTATION_CONTEXT(2) 
PARAMETRIC_REPRESENTATION_CONTEXT() REPRESENTATION_CONTEXT('2D SPACE',''
  ) );
#5697 = ORIENTED_EDGE('',*,*,#5698,.T.);
#5698 = EDGE_CURVE('',#5679,#5699,#5701,.T.);
#5699 = VERTEX_POINT('',#5700);
#5700 = CARTESIAN_POINT('',(339.,-10.,291.93548387096));
#5701 = SURFACE_CURVE('',#5702,(#5729,#5759),.PCURVE_S1.);
#5702 = B_SPLINE_CURVE_WITH_KNOTS('',7,(#5703,#5704,#5705,#5706,#5707,
    #5708,#5709,#5710,#5711,#5712,#5713,#5714,#5715,#5716,#5717,#5718,
    #5719,#5720,#5721,#5722,#5723,#5724,#5725,#5726,#5727,#5728),
  .UNSPECIFIED.,.F.,.F.,(8,6,6,6,8),(0.,0.276658321931,0.577319116725,
    0.725950062124,1.),.UNSPECIFIED.);
#5703 = CARTESIAN_POINT('',(319.,-10.,260.));
#5704 = CARTESIAN_POINT('',(319.95370835056,-10.,261.52285688236));
#5705 = CARTESIAN_POINT('',(320.90365830332,-10.,263.03971245208));
#5706 = CARTESIAN_POINT('',(321.8492595641,-10.,264.54962414267));
#5707 = CARTESIAN_POINT('',(322.78959438193,-10.,266.05112651309));
#5708 = CARTESIAN_POINT('',(323.72340895789,-10.,267.54221752954));
#5709 = CARTESIAN_POINT('',(324.64910111356,-10.,269.02033887488));
#5710 = CARTESIAN_POINT('',(326.55980683768,-10.,272.07130446661));
#5711 = CARTESIAN_POINT('',(327.54289471806,-10.,273.641073824));
#5712 = CARTESIAN_POINT('',(328.5114474036,-10.,275.18763375737));
#5713 = CARTESIAN_POINT('',(329.46191109057,-10.,276.70530964462));
#5714 = CARTESIAN_POINT('',(330.389840271,-10.,278.18700301338));
#5715 = CARTESIAN_POINT('',(331.2902349582,-10.,279.6247300139));
#5716 = CARTESIAN_POINT('',(332.58719895107,-10.,281.69568864768));
#5717 = CARTESIAN_POINT('',(333.00829212854,-10.,282.36807936654));
#5718 = CARTESIAN_POINT('',(333.42079341128,-10.,283.02675076963));
#5719 = CARTESIAN_POINT('',(333.82410780381,-10.,283.6707527835));
#5720 = CARTESIAN_POINT('',(334.21769843895,-10.,284.29922815253));
#5721 = CARTESIAN_POINT('',(334.60110056185,-10.,284.91143476812));
#5722 = CARTESIAN_POINT('',(335.6613652689,-10.,286.60443809067));
#5723 = CARTESIAN_POINT('',(336.31303699044,-10.,287.64501067828));
#5724 = CARTESIAN_POINT('',(336.92630681708,-10.,288.62426411115));
#5725 = CARTESIAN_POINT('',(337.50043269731,-10.,289.54101350054));
#5726 = CARTESIAN_POINT('',(338.03622418341,-10.,290.39655151868));
#5727 = CARTESIAN_POINT('',(338.53535898814,-10.,291.19355709397));
#5728 = CARTESIAN_POINT('',(339.,-10.,291.93548387096));
#5729 = PCURVE('',#4032,#5730);
#5730 = DEFINITIONAL_REPRESENTATION('',(#5731),#5758);
#5731 = B_SPLINE_CURVE_WITH_KNOTS('',7,(#5732,#5733,#5734,#5735,#5736,
    #5737,#5738,#5739,#5740,#5741,#5742,#5743,#5744,#5745,#5746,#5747,
    #5748,#5749,#5750,#5751,#5752,#5753,#5754,#5755,#5756,#5757),
  .UNSPECIFIED.,.F.,.F.,(8,6,6,6,8),(0.,0.276658321931,0.577319116725,
    0.725950062124,1.),.UNSPECIFIED.);
#5732 = CARTESIAN_POINT('',(56.568542494924,0.));
#5733 = CARTESIAN_POINT('',(56.137813523606,3.076478550223E-02));
#5734 = CARTESIAN_POINT('',(55.678171440081,6.140833236541E-02));
#5735 = CARTESIAN_POINT('',(55.186401954249,9.191159884192E-02));
#5736 = CARTESIAN_POINT('',(54.6588513954,0.122244980063));
#5737 = CARTESIAN_POINT('',(54.091369535246,0.1523680309));
#5738 = CARTESIAN_POINT('',(53.479230765906,0.18222906818));
#5739 = CARTESIAN_POINT('',(52.097761717884,0.243864736699));
#5740 = CARTESIAN_POINT('',(51.319477754262,0.27557724897));
#5741 = CARTESIAN_POINT('',(50.475729554146,0.306820883987));
#5742 = CARTESIAN_POINT('',(49.559644051108,0.337481002922));
#5743 = CARTESIAN_POINT('',(48.564494433958,0.36741420229));
#5744 = CARTESIAN_POINT('',(47.484851164485,0.3964591922));
#5745 = CARTESIAN_POINT('',(45.74233139172,0.438296740357));
#5746 = CARTESIAN_POINT('',(45.144789898548,0.451880391243));
#5747 = CARTESIAN_POINT('',(44.525972863187,0.465186884235));
#5748 = CARTESIAN_POINT('',(43.885873155045,0.478197025929));
#5749 = CARTESIAN_POINT('',(43.224698599519,0.490893498031));
#5750 = CARTESIAN_POINT('',(42.542903711544,0.503261308447));
#5751 = CARTESIAN_POINT('',(40.547410089259,0.537463395771));
#5752 = CARTESIAN_POINT('',(39.18562570416,0.558485064208));
#5753 = CARTESIAN_POINT('',(37.760694676754,0.578267961841));
#5754 = CARTESIAN_POINT('',(36.278967904983,0.596788151526));
#5755 = CARTESIAN_POINT('',(34.747864891168,0.614071747852));
#5756 = CARTESIAN_POINT('',(33.174923963704,0.630172870585));
#5757 = CARTESIAN_POINT('',(31.567267017257,0.645161290323));
#5758 = ( GEOMETRIC_REPRESENTATION_CONTEXT(2) 
PARAMETRIC_REPRESENTATION_CONTEXT() REPRESENTATION_CONTEXT('2D SPACE',''
  ) );
#5759 = PCURVE('',#5760,#5765);
#5760 = PLANE('',#5761);
#5761 = AXIS2_PLACEMENT_3D('',#5762,#5763,#5764);
#5762 = CARTESIAN_POINT('',(319.,-10.,480.));
#5763 = DIRECTION('',(-0.,1.,0.));
#5764 = DIRECTION('',(0.,0.,-1.));
#5765 = DEFINITIONAL_REPRESENTATION('',(#5766),#5793);
#5766 = B_SPLINE_CURVE_WITH_KNOTS('',7,(#5767,#5768,#5769,#5770,#5771,
    #5772,#5773,#5774,#5775,#5776,#5777,#5778,#5779,#5780,#5781,#5782,
    #5783,#5784,#5785,#5786,#5787,#5788,#5789,#5790,#5791,#5792),
  .UNSPECIFIED.,.F.,.F.,(8,6,6,6,8),(0.,0.276658321931,0.577319116725,
    0.725950062124,1.),.UNSPECIFIED.);
#5767 = CARTESIAN_POINT('',(220.,0.));
#5768 = CARTESIAN_POINT('',(218.47714311763,-0.953708350569));
#5769 = CARTESIAN_POINT('',(216.96028754791,-1.903658303327));
#5770 = CARTESIAN_POINT('',(215.45037585732,-2.849259564101));
#5771 = CARTESIAN_POINT('',(213.9488734869,-3.789594381938));
#5772 = CARTESIAN_POINT('',(212.45778247045,-4.723408957897));
#5773 = CARTESIAN_POINT('',(210.97966112511,-5.649101113566));
#5774 = CARTESIAN_POINT('',(207.92869553338,-7.55980683768));
#5775 = CARTESIAN_POINT('',(206.35892617599,-8.542894718063));
#5776 = CARTESIAN_POINT('',(204.81236624263,-9.511447403604));
#5777 = CARTESIAN_POINT('',(203.29469035537,-10.46191109057));
#5778 = CARTESIAN_POINT('',(201.81299698661,-11.389840271));
#5779 = CARTESIAN_POINT('',(200.37526998609,-12.2902349582));
#5780 = CARTESIAN_POINT('',(198.30431135231,-13.58719895107));
#5781 = CARTESIAN_POINT('',(197.63192063345,-14.00829212854));
#5782 = CARTESIAN_POINT('',(196.97324923036,-14.42079341128));
#5783 = CARTESIAN_POINT('',(196.32924721649,-14.82410780381));
#5784 = CARTESIAN_POINT('',(195.70077184747,-15.21769843895));
#5785 = CARTESIAN_POINT('',(195.08856523188,-15.60110056185));
#5786 = CARTESIAN_POINT('',(193.39556190932,-16.6613652689));
#5787 = CARTESIAN_POINT('',(192.35498932171,-17.31303699044));
#5788 = CARTESIAN_POINT('',(191.37573588885,-17.92630681708));
#5789 = CARTESIAN_POINT('',(190.45898649945,-18.50043269731));
#5790 = CARTESIAN_POINT('',(189.60344848131,-19.03622418341));
#5791 = CARTESIAN_POINT('',(188.80644290602,-19.53535898814));
#5792 = CARTESIAN_POINT('',(188.06451612903,-20.));
#5793 = ( GEOMETRIC_REPRESENTATION_CONTEXT(2) 
PARAMETRIC_REPRESENTATION_CONTEXT() REPRESENTATION_CONTEXT('2D SPACE',''
  ) );
#5794 = ORIENTED_EDGE('',*,*,#5795,.F.);
#5795 = EDGE_CURVE('',#4858,#5699,#5796,.T.);
#5796 = SURFACE_CURVE('',#5797,(#5800,#5806),.PCURVE_S1.);
#5797 = B_SPLINE_CURVE_WITH_KNOTS('',1,(#5798,#5799),.UNSPECIFIED.,.F.,
  .F.,(2,2),(0.,1.),.PIECEWISE_BEZIER_KNOTS.);
#5798 = CARTESIAN_POINT('',(339.,3.552713678801E-15,281.93548387096));
#5799 = CARTESIAN_POINT('',(339.,-10.,291.93548387096));
#5800 = PCURVE('',#4032,#5801);
#5801 = DEFINITIONAL_REPRESENTATION('',(#5802),#5805);
#5802 = B_SPLINE_CURVE_WITH_KNOTS('',1,(#5803,#5804),.UNSPECIFIED.,.F.,
  .F.,(2,2),(0.,1.),.PIECEWISE_BEZIER_KNOTS.);
#5803 = CARTESIAN_POINT('',(70.710678118655,0.645161290323));
#5804 = CARTESIAN_POINT('',(31.567267017257,0.645161290323));
#5805 = ( GEOMETRIC_REPRESENTATION_CONTEXT(2) 
PARAMETRIC_REPRESENTATION_CONTEXT() REPRESENTATION_CONTEXT('2D SPACE',''
  ) );
#5806 = PCURVE('',#4893,#5807);
#5807 = DEFINITIONAL_REPRESENTATION('',(#5808),#5811);
#5808 = B_SPLINE_CURVE_WITH_KNOTS('',1,(#5809,#5810),.UNSPECIFIED.,.F.,
  .F.,(2,2),(0.,1.),.PIECEWISE_BEZIER_KNOTS.);
#5809 = CARTESIAN_POINT('',(-18.06451612903,-3.552713678801E-15));
#5810 = CARTESIAN_POINT('',(-8.064516129032,10.));
#5811 = ( GEOMETRIC_REPRESENTATION_CONTEXT(2) 
PARAMETRIC_REPRESENTATION_CONTEXT() REPRESENTATION_CONTEXT('2D SPACE',''
  ) );
#5812 = ORIENTED_EDGE('',*,*,#4857,.T.);
#5813 = ORIENTED_EDGE('',*,*,#4707,.T.);
#5814 = ORIENTED_EDGE('',*,*,#3962,.T.);
#5815 = ORIENTED_EDGE('',*,*,#5597,.F.);
#5816 = ADVANCED_FACE('',(#5817),#4222,.T.);
#5817 = FACE_BOUND('',#5818,.T.);
#5818 = EDGE_LOOP('',(#5819,#5820,#5839,#5840));
#5819 = ORIENTED_EDGE('',*,*,#4206,.T.);
#5820 = ORIENTED_EDGE('',*,*,#5821,.T.);
#5821 = EDGE_CURVE('',#4207,#5679,#5822,.T.);
#5822 = SURFACE_CURVE('',#5823,(#5827,#5833),.PCURVE_S1.);
#5823 = LINE('',#5824,#5825);
#5824 = CARTESIAN_POINT('',(320.,-10.,390.));
#5825 = VECTOR('',#5826,1.);
#5826 = DIRECTION('',(0.,-0.,1.));
#5827 = PCURVE('',#4222,#5828);
#5828 = DEFINITIONAL_REPRESENTATION('',(#5829),#5832);
#5829 = B_SPLINE_CURVE_WITH_KNOTS('',1,(#5830,#5831),.UNSPECIFIED.,.F.,
  .F.,(2,2),(-270.,-98.06451612903),.PIECEWISE_BEZIER_KNOTS.);
#5830 = CARTESIAN_POINT('',(-180.,10.));
#5831 = CARTESIAN_POINT('',(-8.064516129032,10.));
#5832 = ( GEOMETRIC_REPRESENTATION_CONTEXT(2) 
PARAMETRIC_REPRESENTATION_CONTEXT() REPRESENTATION_CONTEXT('2D SPACE',''
  ) );
#5833 = PCURVE('',#5760,#5834);
#5834 = DEFINITIONAL_REPRESENTATION('',(#5835),#5838);
#5835 = B_SPLINE_CURVE_WITH_KNOTS('',1,(#5836,#5837),.UNSPECIFIED.,.F.,
  .F.,(2,2),(-270.,-98.06451612903),.PIECEWISE_BEZIER_KNOTS.);
#5836 = CARTESIAN_POINT('',(360.,-1.));
#5837 = CARTESIAN_POINT('',(188.06451612903,-1.));
#5838 = ( GEOMETRIC_REPRESENTATION_CONTEXT(2) 
PARAMETRIC_REPRESENTATION_CONTEXT() REPRESENTATION_CONTEXT('2D SPACE',''
  ) );
#5839 = ORIENTED_EDGE('',*,*,#5678,.T.);
#5840 = ORIENTED_EDGE('',*,*,#5841,.F.);
#5841 = EDGE_CURVE('',#4184,#5623,#5842,.T.);
#5842 = SURFACE_CURVE('',#5843,(#5847,#5854),.PCURVE_S1.);
#5843 = LINE('',#5844,#5845);
#5844 = CARTESIAN_POINT('',(320.,-180.,290.));
#5845 = VECTOR('',#5846,1.);
#5846 = DIRECTION('',(0.,1.,0.));
#5847 = PCURVE('',#4222,#5848);
#5848 = DEFINITIONAL_REPRESENTATION('',(#5849),#5853);
#5849 = LINE('',#5850,#5851);
#5850 = CARTESIAN_POINT('',(-10.,180.));
#5851 = VECTOR('',#5852,1.);
#5852 = DIRECTION('',(0.,-1.));
#5853 = ( GEOMETRIC_REPRESENTATION_CONTEXT(2) 
PARAMETRIC_REPRESENTATION_CONTEXT() REPRESENTATION_CONTEXT('2D SPACE',''
  ) );
#5854 = PCURVE('',#5572,#5855);
#5855 = DEFINITIONAL_REPRESENTATION('',(#5856),#5860);
#5856 = LINE('',#5857,#5858);
#5857 = CARTESIAN_POINT('',(-0.,-13.43502884254));
#5858 = VECTOR('',#5859,1.);
#5859 = DIRECTION('',(-1.,0.));
#5860 = ( GEOMETRIC_REPRESENTATION_CONTEXT(2) 
PARAMETRIC_REPRESENTATION_CONTEXT() REPRESENTATION_CONTEXT('2D SPACE',''
  ) );
#5861 = ADVANCED_FACE('',(#5862),#4583,.F.);
#5862 = FACE_BOUND('',#5863,.F.);
#5863 = EDGE_LOOP('',(#5864,#5865,#5888,#5911));
#5864 = ORIENTED_EDGE('',*,*,#4570,.T.);
#5865 = ORIENTED_EDGE('',*,*,#5866,.T.);
#5866 = EDGE_CURVE('',#2702,#5867,#5869,.T.);
#5867 = VERTEX_POINT('',#5868);
#5868 = CARTESIAN_POINT('',(339.,10.,480.));
#5869 = SURFACE_CURVE('',#5870,(#5874,#5881),.PCURVE_S1.);
#5870 = LINE('',#5871,#5872);
#5871 = CARTESIAN_POINT('',(319.,10.,480.));
#5872 = VECTOR('',#5873,1.);
#5873 = DIRECTION('',(1.,0.,0.));
#5874 = PCURVE('',#4583,#5875);
#5875 = DEFINITIONAL_REPRESENTATION('',(#5876),#5880);
#5876 = LINE('',#5877,#5878);
#5877 = CARTESIAN_POINT('',(0.,-0.));
#5878 = VECTOR('',#5879,1.);
#5879 = DIRECTION('',(0.,-1.));
#5880 = ( GEOMETRIC_REPRESENTATION_CONTEXT(2) 
PARAMETRIC_REPRESENTATION_CONTEXT() REPRESENTATION_CONTEXT('2D SPACE',''
  ) );
#5881 = PCURVE('',#4641,#5882);
#5882 = DEFINITIONAL_REPRESENTATION('',(#5883),#5887);
#5883 = LINE('',#5884,#5885);
#5884 = CARTESIAN_POINT('',(360.,0.));
#5885 = VECTOR('',#5886,1.);
#5886 = DIRECTION('',(0.,-1.));
#5887 = ( GEOMETRIC_REPRESENTATION_CONTEXT(2) 
PARAMETRIC_REPRESENTATION_CONTEXT() REPRESENTATION_CONTEXT('2D SPACE',''
  ) );
#5888 = ORIENTED_EDGE('',*,*,#5889,.T.);
#5889 = EDGE_CURVE('',#5867,#5890,#5892,.T.);
#5890 = VERTEX_POINT('',#5891);
#5891 = CARTESIAN_POINT('',(339.,-10.,480.));
#5892 = SURFACE_CURVE('',#5893,(#5897,#5904),.PCURVE_S1.);
#5893 = LINE('',#5894,#5895);
#5894 = CARTESIAN_POINT('',(339.,10.,480.));
#5895 = VECTOR('',#5896,1.);
#5896 = DIRECTION('',(0.,-1.,0.));
#5897 = PCURVE('',#4583,#5898);
#5898 = DEFINITIONAL_REPRESENTATION('',(#5899),#5903);
#5899 = LINE('',#5900,#5901);
#5900 = CARTESIAN_POINT('',(0.,-20.));
#5901 = VECTOR('',#5902,1.);
#5902 = DIRECTION('',(1.,0.));
#5903 = ( GEOMETRIC_REPRESENTATION_CONTEXT(2) 
PARAMETRIC_REPRESENTATION_CONTEXT() REPRESENTATION_CONTEXT('2D SPACE',''
  ) );
#5904 = PCURVE('',#5250,#5905);
#5905 = DEFINITIONAL_REPRESENTATION('',(#5906),#5910);
#5906 = LINE('',#5907,#5908);
#5907 = CARTESIAN_POINT('',(180.,-10.));
#5908 = VECTOR('',#5909,1.);
#5909 = DIRECTION('',(0.,1.));
#5910 = ( GEOMETRIC_REPRESENTATION_CONTEXT(2) 
PARAMETRIC_REPRESENTATION_CONTEXT() REPRESENTATION_CONTEXT('2D SPACE',''
  ) );
#5911 = ORIENTED_EDGE('',*,*,#5912,.F.);
#5912 = EDGE_CURVE('',#3637,#5890,#5913,.T.);
#5913 = SURFACE_CURVE('',#5914,(#5918,#5925),.PCURVE_S1.);
#5914 = LINE('',#5915,#5916);
#5915 = CARTESIAN_POINT('',(319.,-10.,480.));
#5916 = VECTOR('',#5917,1.);
#5917 = DIRECTION('',(1.,0.,0.));
#5918 = PCURVE('',#4583,#5919);
#5919 = DEFINITIONAL_REPRESENTATION('',(#5920),#5924);
#5920 = LINE('',#5921,#5922);
#5921 = CARTESIAN_POINT('',(20.,0.));
#5922 = VECTOR('',#5923,1.);
#5923 = DIRECTION('',(0.,-1.));
#5924 = ( GEOMETRIC_REPRESENTATION_CONTEXT(2) 
PARAMETRIC_REPRESENTATION_CONTEXT() REPRESENTATION_CONTEXT('2D SPACE',''
  ) );
#5925 = PCURVE('',#5346,#5926);
#5926 = DEFINITIONAL_REPRESENTATION('',(#5927),#5931);
#5927 = LINE('',#5928,#5929);
#5928 = CARTESIAN_POINT('',(0.,0.));
#5929 = VECTOR('',#5930,1.);
#5930 = DIRECTION('',(0.,-1.));
#5931 = ( GEOMETRIC_REPRESENTATION_CONTEXT(2) 
PARAMETRIC_REPRESENTATION_CONTEXT() REPRESENTATION_CONTEXT('2D SPACE',''
  ) );
#5932 = ADVANCED_FACE('',(#5933),#4614,.F.);
#5933 = FACE_BOUND('',#5934,.F.);
#5934 = EDGE_LOOP('',(#5935,#5936,#5959,#5982,#6003));
#5935 = ORIENTED_EDGE('',*,*,#4599,.T.);
#5936 = ORIENTED_EDGE('',*,*,#5937,.T.);
#5937 = EDGE_CURVE('',#2674,#5938,#5940,.T.);
#5938 = VERTEX_POINT('',#5939);
#5939 = CARTESIAN_POINT('',(339.,180.,310.));
#5940 = SURFACE_CURVE('',#5941,(#5945,#5952),.PCURVE_S1.);
#5941 = LINE('',#5942,#5943);
#5942 = CARTESIAN_POINT('',(319.,180.,310.));
#5943 = VECTOR('',#5944,1.);
#5944 = DIRECTION('',(1.,0.,0.));
#5945 = PCURVE('',#4614,#5946);
#5946 = DEFINITIONAL_REPRESENTATION('',(#5947),#5951);
#5947 = LINE('',#5948,#5949);
#5948 = CARTESIAN_POINT('',(0.,-0.));
#5949 = VECTOR('',#5950,1.);
#5950 = DIRECTION('',(0.,-1.));
#5951 = ( GEOMETRIC_REPRESENTATION_CONTEXT(2) 
PARAMETRIC_REPRESENTATION_CONTEXT() REPRESENTATION_CONTEXT('2D SPACE',''
  ) );
#5952 = PCURVE('',#4693,#5953);
#5953 = DEFINITIONAL_REPRESENTATION('',(#5954),#5958);
#5954 = LINE('',#5955,#5956);
#5955 = CARTESIAN_POINT('',(20.,0.));
#5956 = VECTOR('',#5957,1.);
#5957 = DIRECTION('',(0.,-1.));
#5958 = ( GEOMETRIC_REPRESENTATION_CONTEXT(2) 
PARAMETRIC_REPRESENTATION_CONTEXT() REPRESENTATION_CONTEXT('2D SPACE',''
  ) );
#5959 = ORIENTED_EDGE('',*,*,#5960,.T.);
#5960 = EDGE_CURVE('',#5938,#5961,#5963,.T.);
#5961 = VERTEX_POINT('',#5962);
#5962 = CARTESIAN_POINT('',(339.,10.,310.));
#5963 = SURFACE_CURVE('',#5964,(#5968,#5975),.PCURVE_S1.);
#5964 = LINE('',#5965,#5966);
#5965 = CARTESIAN_POINT('',(339.,180.,310.));
#5966 = VECTOR('',#5967,1.);
#5967 = DIRECTION('',(0.,-1.,0.));
#5968 = PCURVE('',#4614,#5969);
#5969 = DEFINITIONAL_REPRESENTATION('',(#5970),#5974);
#5970 = LINE('',#5971,#5972);
#5971 = CARTESIAN_POINT('',(0.,-20.));
#5972 = VECTOR('',#5973,1.);
#5973 = DIRECTION('',(1.,0.));
#5974 = ( GEOMETRIC_REPRESENTATION_CONTEXT(2) 
PARAMETRIC_REPRESENTATION_CONTEXT() REPRESENTATION_CONTEXT('2D SPACE',''
  ) );
#5975 = PCURVE('',#5250,#5976);
#5976 = DEFINITIONAL_REPRESENTATION('',(#5977),#5981);
#5977 = LINE('',#5978,#5979);
#5978 = CARTESIAN_POINT('',(10.,-180.));
#5979 = VECTOR('',#5980,1.);
#5980 = DIRECTION('',(0.,1.));
#5981 = ( GEOMETRIC_REPRESENTATION_CONTEXT(2) 
PARAMETRIC_REPRESENTATION_CONTEXT() REPRESENTATION_CONTEXT('2D SPACE',''
  ) );
#5982 = ORIENTED_EDGE('',*,*,#5983,.T.);
#5983 = EDGE_CURVE('',#5961,#5984,#5986,.T.);
#5984 = VERTEX_POINT('',#5985);
#5985 = CARTESIAN_POINT('',(337.78787878787,10.,310.));
#5986 = SURFACE_CURVE('',#5987,(#5991,#5997),.PCURVE_S1.);
#5987 = LINE('',#5988,#5989);
#5988 = CARTESIAN_POINT('',(319.,10.,310.));
#5989 = VECTOR('',#5990,1.);
#5990 = DIRECTION('',(-1.,-0.,-0.));
#5991 = PCURVE('',#4614,#5992);
#5992 = DEFINITIONAL_REPRESENTATION('',(#5993),#5996);
#5993 = B_SPLINE_CURVE_WITH_KNOTS('',1,(#5994,#5995),.UNSPECIFIED.,.F.,
  .F.,(2,2),(-20.,0.),.PIECEWISE_BEZIER_KNOTS.);
#5994 = CARTESIAN_POINT('',(170.,-20.));
#5995 = CARTESIAN_POINT('',(170.,0.));
#5996 = ( GEOMETRIC_REPRESENTATION_CONTEXT(2) 
PARAMETRIC_REPRESENTATION_CONTEXT() REPRESENTATION_CONTEXT('2D SPACE',''
  ) );
#5997 = PCURVE('',#4641,#5998);
#5998 = DEFINITIONAL_REPRESENTATION('',(#5999),#6002);
#5999 = B_SPLINE_CURVE_WITH_KNOTS('',1,(#6000,#6001),.UNSPECIFIED.,.F.,
  .F.,(2,2),(-20.,0.),.PIECEWISE_BEZIER_KNOTS.);
#6000 = CARTESIAN_POINT('',(190.,-20.));
#6001 = CARTESIAN_POINT('',(190.,0.));
#6002 = ( GEOMETRIC_REPRESENTATION_CONTEXT(2) 
PARAMETRIC_REPRESENTATION_CONTEXT() REPRESENTATION_CONTEXT('2D SPACE',''
  ) );
#6003 = ORIENTED_EDGE('',*,*,#6004,.F.);
#6004 = EDGE_CURVE('',#4600,#5984,#6005,.T.);
#6005 = SURFACE_CURVE('',#6006,(#6033,#6063),.PCURVE_S1.);
#6006 = B_SPLINE_CURVE_WITH_KNOTS('',7,(#6007,#6008,#6009,#6010,#6011,
    #6012,#6013,#6014,#6015,#6016,#6017,#6018,#6019,#6020,#6021,#6022,
    #6023,#6024,#6025,#6026,#6027,#6028,#6029,#6030,#6031,#6032),
  .UNSPECIFIED.,.F.,.F.,(8,6,6,6,8),(0.,0.276658321932,0.577319116725,
    0.725950062125,1.),.UNSPECIFIED.);
#6007 = CARTESIAN_POINT('',(319.,40.,310.));
#6008 = CARTESIAN_POINT('',(319.95370835057,38.477143117634,310.));
#6009 = CARTESIAN_POINT('',(320.90365830331,36.960287547928,310.));
#6010 = CARTESIAN_POINT('',(321.84925956411,35.4503758573,310.));
#6011 = CARTESIAN_POINT('',(322.78959438192,33.948873486923,310.));
#6012 = CARTESIAN_POINT('',(323.7234089579,32.457782470449,310.));
#6013 = CARTESIAN_POINT('',(324.64910111356,30.979661125113,310.));
#6014 = CARTESIAN_POINT('',(326.55980683767,27.928695533385,310.));
#6015 = CARTESIAN_POINT('',(327.54289471806,26.358926175986,310.));
#6016 = CARTESIAN_POINT('',(328.51144740359,24.812366242651,310.));
#6017 = CARTESIAN_POINT('',(329.46191109058,23.294690355357,310.));
#6018 = CARTESIAN_POINT('',(330.38984027099,21.812996986631,310.));
#6019 = CARTESIAN_POINT('',(331.2902349582,20.375269986092,310.));
#6020 = CARTESIAN_POINT('',(332.58719895107,18.304311352311,310.));
#6021 = CARTESIAN_POINT('',(333.00829212854,17.631920633452,310.));
#6022 = CARTESIAN_POINT('',(333.42079341128,16.973249230364,310.));
#6023 = CARTESIAN_POINT('',(333.82410780381,16.32924721649,310.));
#6024 = CARTESIAN_POINT('',(334.21769843895,15.700771847471,310.));
#6025 = CARTESIAN_POINT('',(334.60110056185,15.08856523188,310.));
#6026 = CARTESIAN_POINT('',(335.6613652689,13.395561909332,310.));
#6027 = CARTESIAN_POINT('',(336.31303699045,12.354989321694,310.));
#6028 = CARTESIAN_POINT('',(336.92630681706,11.37573588888,310.));
#6029 = CARTESIAN_POINT('',(337.50043269732,10.458986499428,310.));
#6030 = CARTESIAN_POINT('',(338.03622418341,9.603448481327,310.));
#6031 = CARTESIAN_POINT('',(338.53535898814,8.806442906025,310.));
#6032 = CARTESIAN_POINT('',(339.,8.064516129032,310.));
#6033 = PCURVE('',#4614,#6034);
#6034 = DEFINITIONAL_REPRESENTATION('',(#6035),#6062);
#6035 = B_SPLINE_CURVE_WITH_KNOTS('',7,(#6036,#6037,#6038,#6039,#6040,
    #6041,#6042,#6043,#6044,#6045,#6046,#6047,#6048,#6049,#6050,#6051,
    #6052,#6053,#6054,#6055,#6056,#6057,#6058,#6059,#6060,#6061),
  .UNSPECIFIED.,.F.,.F.,(8,6,6,6,8),(0.,0.276658321932,0.577319116725,
    0.725950062125,1.),.UNSPECIFIED.);
#6036 = CARTESIAN_POINT('',(140.,0.));
#6037 = CARTESIAN_POINT('',(141.52285688236,-0.953708350572));
#6038 = CARTESIAN_POINT('',(143.03971245207,-1.903658303317));
#6039 = CARTESIAN_POINT('',(144.5496241427,-2.849259564117));
#6040 = CARTESIAN_POINT('',(146.05112651307,-3.789594381924));
#6041 = CARTESIAN_POINT('',(147.54221752955,-4.723408957902));
#6042 = CARTESIAN_POINT('',(149.02033887488,-5.649101113566));
#6043 = CARTESIAN_POINT('',(152.07130446661,-7.559806837678));
#6044 = CARTESIAN_POINT('',(153.64107382401,-8.542894718069));
#6045 = CARTESIAN_POINT('',(155.18763375734,-9.511447403592));
#6046 = CARTESIAN_POINT('',(156.70530964464,-10.46191109058));
#6047 = CARTESIAN_POINT('',(158.18700301336,-11.38984027099));
#6048 = CARTESIAN_POINT('',(159.6247300139,-12.2902349582));
#6049 = CARTESIAN_POINT('',(161.69568864768,-13.58719895107));
#6050 = CARTESIAN_POINT('',(162.36807936654,-14.00829212854));
#6051 = CARTESIAN_POINT('',(163.02675076963,-14.42079341128));
#6052 = CARTESIAN_POINT('',(163.67075278351,-14.82410780381));
#6053 = CARTESIAN_POINT('',(164.29922815252,-15.21769843895));
#6054 = CARTESIAN_POINT('',(164.91143476812,-15.60110056185));
#6055 = CARTESIAN_POINT('',(166.60443809066,-16.6613652689));
#6056 = CARTESIAN_POINT('',(167.6450106783,-17.31303699045));
#6057 = CARTESIAN_POINT('',(168.62426411112,-17.92630681706));
#6058 = CARTESIAN_POINT('',(169.54101350057,-18.50043269732));
#6059 = CARTESIAN_POINT('',(170.39655151867,-19.03622418341));
#6060 = CARTESIAN_POINT('',(171.19355709397,-19.53535898814));
#6061 = CARTESIAN_POINT('',(171.93548387096,-20.));
#6062 = ( GEOMETRIC_REPRESENTATION_CONTEXT(2) 
PARAMETRIC_REPRESENTATION_CONTEXT() REPRESENTATION_CONTEXT('2D SPACE',''
  ) );
#6063 = PCURVE('',#4664,#6064);
#6064 = DEFINITIONAL_REPRESENTATION('',(#6065),#6092);
#6065 = B_SPLINE_CURVE_WITH_KNOTS('',7,(#6066,#6067,#6068,#6069,#6070,
    #6071,#6072,#6073,#6074,#6075,#6076,#6077,#6078,#6079,#6080,#6081,
    #6082,#6083,#6084,#6085,#6086,#6087,#6088,#6089,#6090,#6091),
  .UNSPECIFIED.,.F.,.F.,(8,6,6,6,8),(0.,0.276658321932,0.577319116725,
    0.725950062125,1.),.UNSPECIFIED.);
#6066 = CARTESIAN_POINT('',(14.142135623731,0.));
#6067 = CARTESIAN_POINT('',(14.57286459505,3.076478550234E-02));
#6068 = CARTESIAN_POINT('',(15.032506678569,6.140833236508E-02));
#6069 = CARTESIAN_POINT('',(15.524276164414,9.191159884242E-02));
#6070 = CARTESIAN_POINT('',(16.051826723248,0.122244980062));
#6071 = CARTESIAN_POINT('',(16.619308583412,0.1523680309));
#6072 = CARTESIAN_POINT('',(17.231447352748,0.18222906818));
#6073 = CARTESIAN_POINT('',(18.61291640077,0.243864736699));
#6074 = CARTESIAN_POINT('',(19.391200364398,0.27557724897));
#6075 = CARTESIAN_POINT('',(20.234948564498,0.306820883987));
#6076 = CARTESIAN_POINT('',(21.151034067559,0.337481002922));
#6077 = CARTESIAN_POINT('',(22.146183684689,0.36741420229));
#6078 = CARTESIAN_POINT('',(23.225826954172,0.3964591922));
#6079 = CARTESIAN_POINT('',(24.968346726935,0.438296740357));
#6080 = CARTESIAN_POINT('',(25.565888220106,0.451880391243));
#6081 = CARTESIAN_POINT('',(26.184705255468,0.465186884235));
#6082 = CARTESIAN_POINT('',(26.82480496361,0.478197025929));
#6083 = CARTESIAN_POINT('',(27.485979519135,0.490893498031));
#6084 = CARTESIAN_POINT('',(28.167774407111,0.503261308447));
#6085 = CARTESIAN_POINT('',(30.163268029389,0.537463395771));
#6086 = CARTESIAN_POINT('',(31.525052414519,0.558485064208));
#6087 = CARTESIAN_POINT('',(32.949983441858,0.578267961841));
#6088 = CARTESIAN_POINT('',(34.431710213713,0.596788151526));
#6089 = CARTESIAN_POINT('',(35.962813227465,0.614071747852));
#6090 = CARTESIAN_POINT('',(37.535754154956,0.630172870585));
#6091 = CARTESIAN_POINT('',(39.143411101398,0.645161290323));
#6092 = ( GEOMETRIC_REPRESENTATION_CONTEXT(2) 
PARAMETRIC_REPRESENTATION_CONTEXT() REPRESENTATION_CONTEXT('2D SPACE',''
  ) );
#6093 = ADVANCED_FACE('',(#6094),#4664,.T.);
#6094 = FACE_BOUND('',#6095,.T.);
#6095 = EDGE_LOOP('',(#6096,#6097,#6098));
#6096 = ORIENTED_EDGE('',*,*,#6004,.F.);
#6097 = ORIENTED_EDGE('',*,*,#4652,.F.);
#6098 = ORIENTED_EDGE('',*,*,#6099,.T.);
#6099 = EDGE_CURVE('',#4627,#5984,#6100,.T.);
#6100 = SURFACE_CURVE('',#6101,(#6128,#6158),.PCURVE_S1.);
#6101 = B_SPLINE_CURVE_WITH_KNOTS('',7,(#6102,#6103,#6104,#6105,#6106,
    #6107,#6108,#6109,#6110,#6111,#6112,#6113,#6114,#6115,#6116,#6117,
    #6118,#6119,#6120,#6121,#6122,#6123,#6124,#6125,#6126,#6127),
  .UNSPECIFIED.,.F.,.F.,(8,6,6,6,8),(0.,0.276658321932,0.577319116724,
    0.725950062124,1.),.UNSPECIFIED.);
#6102 = CARTESIAN_POINT('',(319.,10.,340.));
#6103 = CARTESIAN_POINT('',(319.95370835057,10.,338.47714311763));
#6104 = CARTESIAN_POINT('',(320.90365830332,10.,336.96028754791));
#6105 = CARTESIAN_POINT('',(321.84925956411,10.,335.45037585731));
#6106 = CARTESIAN_POINT('',(322.78959438192,10.,333.9488734869));
#6107 = CARTESIAN_POINT('',(323.7234089579,10.,332.45778247045));
#6108 = CARTESIAN_POINT('',(324.64910111356,10.,330.97966112511));
#6109 = CARTESIAN_POINT('',(326.55980683767,10.,327.92869553338));
#6110 = CARTESIAN_POINT('',(327.54289471807,10.,326.35892617597));
#6111 = CARTESIAN_POINT('',(328.51144740357,10.,324.81236624267));
#6112 = CARTESIAN_POINT('',(329.4619110906,10.,323.29469035533));
#6113 = CARTESIAN_POINT('',(330.38984027099,10.,321.81299698664));
#6114 = CARTESIAN_POINT('',(331.2902349582,10.,320.37526998608));
#6115 = CARTESIAN_POINT('',(332.58719895107,10.,318.30431135231));
#6116 = CARTESIAN_POINT('',(333.00829212854,10.,317.63192063345));
#6117 = CARTESIAN_POINT('',(333.42079341128,10.,316.97324923036));
#6118 = CARTESIAN_POINT('',(333.82410780381,10.,316.32924721649));
#6119 = CARTESIAN_POINT('',(334.21769843895,10.,315.70077184747));
#6120 = CARTESIAN_POINT('',(334.60110056185,10.,315.08856523188));
#6121 = CARTESIAN_POINT('',(335.6613652689,10.,313.39556190932));
#6122 = CARTESIAN_POINT('',(336.31303699044,10.,312.35498932171));
#6123 = CARTESIAN_POINT('',(336.92630681708,10.,311.37573588885));
#6124 = CARTESIAN_POINT('',(337.50043269731,10.,310.45898649945));
#6125 = CARTESIAN_POINT('',(338.03622418341,10.,309.60344848131));
#6126 = CARTESIAN_POINT('',(338.53535898814,10.,308.80644290602));
#6127 = CARTESIAN_POINT('',(339.,10.,308.06451612903));
#6128 = PCURVE('',#4664,#6129);
#6129 = DEFINITIONAL_REPRESENTATION('',(#6130),#6157);
#6130 = B_SPLINE_CURVE_WITH_KNOTS('',7,(#6131,#6132,#6133,#6134,#6135,
    #6136,#6137,#6138,#6139,#6140,#6141,#6142,#6143,#6144,#6145,#6146,
    #6147,#6148,#6149,#6150,#6151,#6152,#6153,#6154,#6155,#6156),
  .UNSPECIFIED.,.F.,.F.,(8,6,6,6,8),(0.,0.276658321932,0.577319116724,
    0.725950062124,1.),.UNSPECIFIED.);
#6131 = CARTESIAN_POINT('',(56.568542494924,0.));
#6132 = CARTESIAN_POINT('',(56.137813523606,3.076478550226E-02));
#6133 = CARTESIAN_POINT('',(55.678171440083,6.140833236526E-02));
#6134 = CARTESIAN_POINT('',(55.186401954244,9.191159884222E-02));
#6135 = CARTESIAN_POINT('',(54.658851395405,0.122244980062));
#6136 = CARTESIAN_POINT('',(54.091369535244,0.1523680309));
#6137 = CARTESIAN_POINT('',(53.479230765906,0.18222906818));
#6138 = CARTESIAN_POINT('',(52.097761717886,0.243864736699));
#6139 = CARTESIAN_POINT('',(51.319477754248,0.27557724897));
#6140 = CARTESIAN_POINT('',(50.475729554173,0.306820883986));
#6141 = CARTESIAN_POINT('',(49.559644051079,0.337481002922));
#6142 = CARTESIAN_POINT('',(48.564494433976,0.36741420229));
#6143 = CARTESIAN_POINT('',(47.48485116448,0.3964591922));
#6144 = CARTESIAN_POINT('',(45.74233139172,0.438296740357));
#6145 = CARTESIAN_POINT('',(45.144789898548,0.451880391243));
#6146 = CARTESIAN_POINT('',(44.525972863187,0.465186884235));
#6147 = CARTESIAN_POINT('',(43.885873155045,0.478197025929));
#6148 = CARTESIAN_POINT('',(43.224698599519,0.490893498031));
#6149 = CARTESIAN_POINT('',(42.542903711544,0.503261308447));
#6150 = CARTESIAN_POINT('',(40.54741008926,0.537463395771));
#6151 = CARTESIAN_POINT('',(39.185625704157,0.558485064208));
#6152 = CARTESIAN_POINT('',(37.760694676759,0.578267961841));
#6153 = CARTESIAN_POINT('',(36.27896790498,0.596788151526));
#6154 = CARTESIAN_POINT('',(34.74786489117,0.614071747852));
#6155 = CARTESIAN_POINT('',(33.174923963704,0.630172870585));
#6156 = CARTESIAN_POINT('',(31.567267017257,0.645161290323));
#6157 = ( GEOMETRIC_REPRESENTATION_CONTEXT(2) 
PARAMETRIC_REPRESENTATION_CONTEXT() REPRESENTATION_CONTEXT('2D SPACE',''
  ) );
#6158 = PCURVE('',#4641,#6159);
#6159 = DEFINITIONAL_REPRESENTATION('',(#6160),#6187);
#6160 = B_SPLINE_CURVE_WITH_KNOTS('',7,(#6161,#6162,#6163,#6164,#6165,
    #6166,#6167,#6168,#6169,#6170,#6171,#6172,#6173,#6174,#6175,#6176,
    #6177,#6178,#6179,#6180,#6181,#6182,#6183,#6184,#6185,#6186),
  .UNSPECIFIED.,.F.,.F.,(8,6,6,6,8),(0.,0.276658321932,0.577319116724,
    0.725950062124,1.),.UNSPECIFIED.);
#6161 = CARTESIAN_POINT('',(220.,0.));
#6162 = CARTESIAN_POINT('',(218.47714311763,-0.95370835057));
#6163 = CARTESIAN_POINT('',(216.96028754791,-1.903658303323));
#6164 = CARTESIAN_POINT('',(215.45037585731,-2.84925956411));
#6165 = CARTESIAN_POINT('',(213.9488734869,-3.789594381929));
#6166 = CARTESIAN_POINT('',(212.45778247045,-4.7234089579));
#6167 = CARTESIAN_POINT('',(210.97966112511,-5.649101113566));
#6168 = CARTESIAN_POINT('',(207.92869553338,-7.559806837676));
#6169 = CARTESIAN_POINT('',(206.35892617597,-8.542894718079));
#6170 = CARTESIAN_POINT('',(204.81236624267,-9.511447403575));
#6171 = CARTESIAN_POINT('',(203.29469035533,-10.4619110906));
#6172 = CARTESIAN_POINT('',(201.81299698664,-11.38984027099));
#6173 = CARTESIAN_POINT('',(200.37526998608,-12.2902349582));
#6174 = CARTESIAN_POINT('',(198.30431135231,-13.58719895107));
#6175 = CARTESIAN_POINT('',(197.63192063345,-14.00829212854));
#6176 = CARTESIAN_POINT('',(196.97324923036,-14.42079341128));
#6177 = CARTESIAN_POINT('',(196.32924721649,-14.82410780381));
#6178 = CARTESIAN_POINT('',(195.70077184747,-15.21769843895));
#6179 = CARTESIAN_POINT('',(195.08856523188,-15.60110056185));
#6180 = CARTESIAN_POINT('',(193.39556190932,-16.6613652689));
#6181 = CARTESIAN_POINT('',(192.35498932171,-17.31303699044));
#6182 = CARTESIAN_POINT('',(191.37573588885,-17.92630681708));
#6183 = CARTESIAN_POINT('',(190.45898649945,-18.50043269731));
#6184 = CARTESIAN_POINT('',(189.60344848131,-19.03622418341));
#6185 = CARTESIAN_POINT('',(188.80644290602,-19.53535898814));
#6186 = CARTESIAN_POINT('',(188.06451612903,-20.));
#6187 = ( GEOMETRIC_REPRESENTATION_CONTEXT(2) 
PARAMETRIC_REPRESENTATION_CONTEXT() REPRESENTATION_CONTEXT('2D SPACE',''
  ) );
#6188 = ADVANCED_FACE('',(#6189),#4641,.F.);
#6189 = FACE_BOUND('',#6190,.F.);
#6190 = EDGE_LOOP('',(#6191,#6192,#6193,#6194,#6215));
#6191 = ORIENTED_EDGE('',*,*,#4626,.T.);
#6192 = ORIENTED_EDGE('',*,*,#6099,.T.);
#6193 = ORIENTED_EDGE('',*,*,#5983,.F.);
#6194 = ORIENTED_EDGE('',*,*,#6195,.T.);
#6195 = EDGE_CURVE('',#5961,#5867,#6196,.T.);
#6196 = SURFACE_CURVE('',#6197,(#6201,#6208),.PCURVE_S1.);
#6197 = LINE('',#6198,#6199);
#6198 = CARTESIAN_POINT('',(339.,10.,120.));
#6199 = VECTOR('',#6200,1.);
#6200 = DIRECTION('',(0.,0.,1.));
#6201 = PCURVE('',#4641,#6202);
#6202 = DEFINITIONAL_REPRESENTATION('',(#6203),#6207);
#6203 = LINE('',#6204,#6205);
#6204 = CARTESIAN_POINT('',(0.,-20.));
#6205 = VECTOR('',#6206,1.);
#6206 = DIRECTION('',(1.,0.));
#6207 = ( GEOMETRIC_REPRESENTATION_CONTEXT(2) 
PARAMETRIC_REPRESENTATION_CONTEXT() REPRESENTATION_CONTEXT('2D SPACE',''
  ) );
#6208 = PCURVE('',#5250,#6209);
#6209 = DEFINITIONAL_REPRESENTATION('',(#6210),#6214);
#6210 = LINE('',#6211,#6212);
#6211 = CARTESIAN_POINT('',(-180.,-10.));
#6212 = VECTOR('',#6213,1.);
#6213 = DIRECTION('',(1.,0.));
#6214 = ( GEOMETRIC_REPRESENTATION_CONTEXT(2) 
PARAMETRIC_REPRESENTATION_CONTEXT() REPRESENTATION_CONTEXT('2D SPACE',''
  ) );
#6215 = ORIENTED_EDGE('',*,*,#5866,.F.);
#6216 = ADVANCED_FACE('',(#6217),#4693,.F.);
#6217 = FACE_BOUND('',#6218,.F.);
#6218 = EDGE_LOOP('',(#6219,#6220,#6243,#6264));
#6219 = ORIENTED_EDGE('',*,*,#4680,.T.);
#6220 = ORIENTED_EDGE('',*,*,#6221,.T.);
#6221 = EDGE_CURVE('',#3042,#6222,#6224,.T.);
#6222 = VERTEX_POINT('',#6223);
#6223 = CARTESIAN_POINT('',(339.,180.,309.));
#6224 = SURFACE_CURVE('',#6225,(#6229,#6236),.PCURVE_S1.);
#6225 = LINE('',#6226,#6227);
#6226 = CARTESIAN_POINT('',(324.5,180.,294.5));
#6227 = VECTOR('',#6228,1.);
#6228 = DIRECTION('',(0.707106781187,0.,0.707106781187));
#6229 = PCURVE('',#4693,#6230);
#6230 = DEFINITIONAL_REPRESENTATION('',(#6231),#6235);
#6231 = LINE('',#6232,#6233);
#6232 = CARTESIAN_POINT('',(4.5,-5.5));
#6233 = VECTOR('',#6234,1.);
#6234 = DIRECTION('',(0.707106781187,-0.707106781187));
#6235 = ( GEOMETRIC_REPRESENTATION_CONTEXT(2) 
PARAMETRIC_REPRESENTATION_CONTEXT() REPRESENTATION_CONTEXT('2D SPACE',''
  ) );
#6236 = PCURVE('',#4769,#6237);
#6237 = DEFINITIONAL_REPRESENTATION('',(#6238),#6242);
#6238 = LINE('',#6239,#6240);
#6239 = CARTESIAN_POINT('',(-360.,-7.071067811865));
#6240 = VECTOR('',#6241,1.);
#6241 = DIRECTION('',(-2.009314769833E-34,1.));
#6242 = ( GEOMETRIC_REPRESENTATION_CONTEXT(2) 
PARAMETRIC_REPRESENTATION_CONTEXT() REPRESENTATION_CONTEXT('2D SPACE',''
  ) );
#6243 = ORIENTED_EDGE('',*,*,#6244,.T.);
#6244 = EDGE_CURVE('',#6222,#5938,#6245,.T.);
#6245 = SURFACE_CURVE('',#6246,(#6250,#6257),.PCURVE_S1.);
#6246 = LINE('',#6247,#6248);
#6247 = CARTESIAN_POINT('',(339.,180.,290.));
#6248 = VECTOR('',#6249,1.);
#6249 = DIRECTION('',(0.,0.,1.));
#6250 = PCURVE('',#4693,#6251);
#6251 = DEFINITIONAL_REPRESENTATION('',(#6252),#6256);
#6252 = LINE('',#6253,#6254);
#6253 = CARTESIAN_POINT('',(0.,-20.));
#6254 = VECTOR('',#6255,1.);
#6255 = DIRECTION('',(1.,0.));
#6256 = ( GEOMETRIC_REPRESENTATION_CONTEXT(2) 
PARAMETRIC_REPRESENTATION_CONTEXT() REPRESENTATION_CONTEXT('2D SPACE',''
  ) );
#6257 = PCURVE('',#5250,#6258);
#6258 = DEFINITIONAL_REPRESENTATION('',(#6259),#6263);
#6259 = LINE('',#6260,#6261);
#6260 = CARTESIAN_POINT('',(-10.,-180.));
#6261 = VECTOR('',#6262,1.);
#6262 = DIRECTION('',(1.,0.));
#6263 = ( GEOMETRIC_REPRESENTATION_CONTEXT(2) 
PARAMETRIC_REPRESENTATION_CONTEXT() REPRESENTATION_CONTEXT('2D SPACE',''
  ) );
#6264 = ORIENTED_EDGE('',*,*,#5937,.F.);
#6265 = ADVANCED_FACE('',(#6266),#4814,.F.);
#6266 = FACE_BOUND('',#6267,.F.);
#6267 = EDGE_LOOP('',(#6268,#6269,#6292,#6313));
#6268 = ORIENTED_EDGE('',*,*,#4801,.T.);
#6269 = ORIENTED_EDGE('',*,*,#6270,.T.);
#6270 = EDGE_CURVE('',#3014,#6271,#6273,.T.);
#6271 = VERTEX_POINT('',#6272);
#6272 = CARTESIAN_POINT('',(339.,10.,120.));
#6273 = SURFACE_CURVE('',#6274,(#6278,#6285),.PCURVE_S1.);
#6274 = LINE('',#6275,#6276);
#6275 = CARTESIAN_POINT('',(319.,10.,120.));
#6276 = VECTOR('',#6277,1.);
#6277 = DIRECTION('',(1.,0.,0.));
#6278 = PCURVE('',#4814,#6279);
#6279 = DEFINITIONAL_REPRESENTATION('',(#6280),#6284);
#6280 = LINE('',#6281,#6282);
#6281 = CARTESIAN_POINT('',(0.,0.));
#6282 = VECTOR('',#6283,1.);
#6283 = DIRECTION('',(0.,-1.));
#6284 = ( GEOMETRIC_REPRESENTATION_CONTEXT(2) 
PARAMETRIC_REPRESENTATION_CONTEXT() REPRESENTATION_CONTEXT('2D SPACE',''
  ) );
#6285 = PCURVE('',#4842,#6286);
#6286 = DEFINITIONAL_REPRESENTATION('',(#6287),#6291);
#6287 = LINE('',#6288,#6289);
#6288 = CARTESIAN_POINT('',(20.,0.));
#6289 = VECTOR('',#6290,1.);
#6290 = DIRECTION('',(0.,-1.));
#6291 = ( GEOMETRIC_REPRESENTATION_CONTEXT(2) 
PARAMETRIC_REPRESENTATION_CONTEXT() REPRESENTATION_CONTEXT('2D SPACE',''
  ) );
#6292 = ORIENTED_EDGE('',*,*,#6293,.T.);
#6293 = EDGE_CURVE('',#6271,#4880,#6294,.T.);
#6294 = SURFACE_CURVE('',#6295,(#6299,#6306),.PCURVE_S1.);
#6295 = LINE('',#6296,#6297);
#6296 = CARTESIAN_POINT('',(339.,10.,120.));
#6297 = VECTOR('',#6298,1.);
#6298 = DIRECTION('',(0.,0.,1.));
#6299 = PCURVE('',#4814,#6300);
#6300 = DEFINITIONAL_REPRESENTATION('',(#6301),#6305);
#6301 = LINE('',#6302,#6303);
#6302 = CARTESIAN_POINT('',(0.,-20.));
#6303 = VECTOR('',#6304,1.);
#6304 = DIRECTION('',(1.,0.));
#6305 = ( GEOMETRIC_REPRESENTATION_CONTEXT(2) 
PARAMETRIC_REPRESENTATION_CONTEXT() REPRESENTATION_CONTEXT('2D SPACE',''
  ) );
#6306 = PCURVE('',#4893,#6307);
#6307 = DEFINITIONAL_REPRESENTATION('',(#6308),#6312);
#6308 = LINE('',#6309,#6310);
#6309 = CARTESIAN_POINT('',(-180.,-10.));
#6310 = VECTOR('',#6311,1.);
#6311 = DIRECTION('',(1.,0.));
#6312 = ( GEOMETRIC_REPRESENTATION_CONTEXT(2) 
PARAMETRIC_REPRESENTATION_CONTEXT() REPRESENTATION_CONTEXT('2D SPACE',''
  ) );
#6313 = ORIENTED_EDGE('',*,*,#4904,.F.);
#6314 = ADVANCED_FACE('',(#6315),#4769,.F.);
#6315 = FACE_BOUND('',#6316,.T.);
#6316 = EDGE_LOOP('',(#6317,#6318,#6319,#6320,#6343,#6362));
#6317 = ORIENTED_EDGE('',*,*,#4995,.F.);
#6318 = ORIENTED_EDGE('',*,*,#4753,.T.);
#6319 = ORIENTED_EDGE('',*,*,#6221,.T.);
#6320 = ORIENTED_EDGE('',*,*,#6321,.F.);
#6321 = EDGE_CURVE('',#6322,#6222,#6324,.T.);
#6322 = VERTEX_POINT('',#6323);
#6323 = CARTESIAN_POINT('',(339.,10.,309.));
#6324 = SURFACE_CURVE('',#6325,(#6329,#6336),.PCURVE_S1.);
#6325 = LINE('',#6326,#6327);
#6326 = CARTESIAN_POINT('',(339.,-180.,309.));
#6327 = VECTOR('',#6328,1.);
#6328 = DIRECTION('',(0.,1.,0.));
#6329 = PCURVE('',#4769,#6330);
#6330 = DEFINITIONAL_REPRESENTATION('',(#6331),#6335);
#6331 = LINE('',#6332,#6333);
#6332 = CARTESIAN_POINT('',(-0.,13.435028842544));
#6333 = VECTOR('',#6334,1.);
#6334 = DIRECTION('',(-1.,0.));
#6335 = ( GEOMETRIC_REPRESENTATION_CONTEXT(2) 
PARAMETRIC_REPRESENTATION_CONTEXT() REPRESENTATION_CONTEXT('2D SPACE',''
  ) );
#6336 = PCURVE('',#5250,#6337);
#6337 = DEFINITIONAL_REPRESENTATION('',(#6338),#6342);
#6338 = LINE('',#6339,#6340);
#6339 = CARTESIAN_POINT('',(9.,180.));
#6340 = VECTOR('',#6341,1.);
#6341 = DIRECTION('',(0.,-1.));
#6342 = ( GEOMETRIC_REPRESENTATION_CONTEXT(2) 
PARAMETRIC_REPRESENTATION_CONTEXT() REPRESENTATION_CONTEXT('2D SPACE',''
  ) );
#6343 = ORIENTED_EDGE('',*,*,#6344,.T.);
#6344 = EDGE_CURVE('',#6322,#5077,#6345,.T.);
#6345 = SURFACE_CURVE('',#6346,(#6350,#6356),.PCURVE_S1.);
#6346 = LINE('',#6347,#6348);
#6347 = CARTESIAN_POINT('',(282.,10.,252.));
#6348 = VECTOR('',#6349,1.);
#6349 = DIRECTION('',(-0.707106781187,-0.,-0.707106781187));
#6350 = PCURVE('',#4769,#6351);
#6351 = DEFINITIONAL_REPRESENTATION('',(#6352),#6355);
#6352 = B_SPLINE_CURVE_WITH_KNOTS('',1,(#6353,#6354),.UNSPECIFIED.,.F.,
  .F.,(2,2),(-80.61017305526,-53.74011537017),.PIECEWISE_BEZIER_KNOTS.);
#6353 = CARTESIAN_POINT('',(-190.,13.435028842544));
#6354 = CARTESIAN_POINT('',(-190.,-13.43502884254));
#6355 = ( GEOMETRIC_REPRESENTATION_CONTEXT(2) 
PARAMETRIC_REPRESENTATION_CONTEXT() REPRESENTATION_CONTEXT('2D SPACE',''
  ) );
#6356 = PCURVE('',#5200,#6357);
#6357 = DEFINITIONAL_REPRESENTATION('',(#6358),#6361);
#6358 = B_SPLINE_CURVE_WITH_KNOTS('',1,(#6359,#6360),.UNSPECIFIED.,.F.,
  .F.,(2,2),(-80.61017305526,-53.74011537017),.PIECEWISE_BEZIER_KNOTS.);
#6359 = CARTESIAN_POINT('',(189.,-20.));
#6360 = CARTESIAN_POINT('',(170.,-1.));
#6361 = ( GEOMETRIC_REPRESENTATION_CONTEXT(2) 
PARAMETRIC_REPRESENTATION_CONTEXT() REPRESENTATION_CONTEXT('2D SPACE',''
  ) );
#6362 = ORIENTED_EDGE('',*,*,#5076,.T.);
#6363 = ADVANCED_FACE('',(#6364),#4842,.F.);
#6364 = FACE_BOUND('',#6365,.F.);
#6365 = EDGE_LOOP('',(#6366,#6367,#6390,#6411));
#6366 = ORIENTED_EDGE('',*,*,#4829,.T.);
#6367 = ORIENTED_EDGE('',*,*,#6368,.T.);
#6368 = EDGE_CURVE('',#4207,#6369,#6371,.T.);
#6369 = VERTEX_POINT('',#6370);
#6370 = CARTESIAN_POINT('',(339.,-10.,120.));
#6371 = SURFACE_CURVE('',#6372,(#6376,#6383),.PCURVE_S1.);
#6372 = LINE('',#6373,#6374);
#6373 = CARTESIAN_POINT('',(319.,-10.,120.));
#6374 = VECTOR('',#6375,1.);
#6375 = DIRECTION('',(1.,0.,0.));
#6376 = PCURVE('',#4842,#6377);
#6377 = DEFINITIONAL_REPRESENTATION('',(#6378),#6382);
#6378 = LINE('',#6379,#6380);
#6379 = CARTESIAN_POINT('',(0.,0.));
#6380 = VECTOR('',#6381,1.);
#6381 = DIRECTION('',(0.,-1.));
#6382 = ( GEOMETRIC_REPRESENTATION_CONTEXT(2) 
PARAMETRIC_REPRESENTATION_CONTEXT() REPRESENTATION_CONTEXT('2D SPACE',''
  ) );
#6383 = PCURVE('',#5760,#6384);
#6384 = DEFINITIONAL_REPRESENTATION('',(#6385),#6389);
#6385 = LINE('',#6386,#6387);
#6386 = CARTESIAN_POINT('',(360.,0.));
#6387 = VECTOR('',#6388,1.);
#6388 = DIRECTION('',(0.,-1.));
#6389 = ( GEOMETRIC_REPRESENTATION_CONTEXT(2) 
PARAMETRIC_REPRESENTATION_CONTEXT() REPRESENTATION_CONTEXT('2D SPACE',''
  ) );
#6390 = ORIENTED_EDGE('',*,*,#6391,.T.);
#6391 = EDGE_CURVE('',#6369,#6271,#6392,.T.);
#6392 = SURFACE_CURVE('',#6393,(#6397,#6404),.PCURVE_S1.);
#6393 = LINE('',#6394,#6395);
#6394 = CARTESIAN_POINT('',(339.,-10.,120.));
#6395 = VECTOR('',#6396,1.);
#6396 = DIRECTION('',(0.,1.,0.));
#6397 = PCURVE('',#4842,#6398);
#6398 = DEFINITIONAL_REPRESENTATION('',(#6399),#6403);
#6399 = LINE('',#6400,#6401);
#6400 = CARTESIAN_POINT('',(0.,-20.));
#6401 = VECTOR('',#6402,1.);
#6402 = DIRECTION('',(1.,0.));
#6403 = ( GEOMETRIC_REPRESENTATION_CONTEXT(2) 
PARAMETRIC_REPRESENTATION_CONTEXT() REPRESENTATION_CONTEXT('2D SPACE',''
  ) );
#6404 = PCURVE('',#4893,#6405);
#6405 = DEFINITIONAL_REPRESENTATION('',(#6406),#6410);
#6406 = LINE('',#6407,#6408);
#6407 = CARTESIAN_POINT('',(-180.,10.));
#6408 = VECTOR('',#6409,1.);
#6409 = DIRECTION('',(0.,-1.));
#6410 = ( GEOMETRIC_REPRESENTATION_CONTEXT(2) 
PARAMETRIC_REPRESENTATION_CONTEXT() REPRESENTATION_CONTEXT('2D SPACE',''
  ) );
#6411 = ORIENTED_EDGE('',*,*,#6270,.F.);
#6412 = ADVANCED_FACE('',(#6413),#4893,.T.);
#6413 = FACE_BOUND('',#6414,.T.);
#6414 = EDGE_LOOP('',(#6415,#6436,#6437,#6438,#6439));
#6415 = ORIENTED_EDGE('',*,*,#6416,.T.);
#6416 = EDGE_CURVE('',#5699,#6369,#6417,.T.);
#6417 = SURFACE_CURVE('',#6418,(#6422,#6429),.PCURVE_S1.);
#6418 = LINE('',#6419,#6420);
#6419 = CARTESIAN_POINT('',(339.,-10.,480.));
#6420 = VECTOR('',#6421,1.);
#6421 = DIRECTION('',(0.,0.,-1.));
#6422 = PCURVE('',#4893,#6423);
#6423 = DEFINITIONAL_REPRESENTATION('',(#6424),#6428);
#6424 = LINE('',#6425,#6426);
#6425 = CARTESIAN_POINT('',(180.,10.));
#6426 = VECTOR('',#6427,1.);
#6427 = DIRECTION('',(-1.,0.));
#6428 = ( GEOMETRIC_REPRESENTATION_CONTEXT(2) 
PARAMETRIC_REPRESENTATION_CONTEXT() REPRESENTATION_CONTEXT('2D SPACE',''
  ) );
#6429 = PCURVE('',#5760,#6430);
#6430 = DEFINITIONAL_REPRESENTATION('',(#6431),#6435);
#6431 = LINE('',#6432,#6433);
#6432 = CARTESIAN_POINT('',(0.,-20.));
#6433 = VECTOR('',#6434,1.);
#6434 = DIRECTION('',(1.,0.));
#6435 = ( GEOMETRIC_REPRESENTATION_CONTEXT(2) 
PARAMETRIC_REPRESENTATION_CONTEXT() REPRESENTATION_CONTEXT('2D SPACE',''
  ) );
#6436 = ORIENTED_EDGE('',*,*,#6391,.T.);
#6437 = ORIENTED_EDGE('',*,*,#6293,.T.);
#6438 = ORIENTED_EDGE('',*,*,#4879,.T.);
#6439 = ORIENTED_EDGE('',*,*,#5795,.T.);
#6440 = ADVANCED_FACE('',(#6441),#5250,.T.);
#6441 = FACE_BOUND('',#6442,.T.);
#6442 = EDGE_LOOP('',(#6443,#6444,#6445,#6446,#6469,#6492,#6515,#6538,
    #6559,#6560,#6561,#6582,#6583));
#6443 = ORIENTED_EDGE('',*,*,#5960,.T.);
#6444 = ORIENTED_EDGE('',*,*,#6195,.T.);
#6445 = ORIENTED_EDGE('',*,*,#5889,.T.);
#6446 = ORIENTED_EDGE('',*,*,#6447,.T.);
#6447 = EDGE_CURVE('',#5890,#6448,#6450,.T.);
#6448 = VERTEX_POINT('',#6449);
#6449 = CARTESIAN_POINT('',(339.,-10.,310.));
#6450 = SURFACE_CURVE('',#6451,(#6455,#6462),.PCURVE_S1.);
#6451 = LINE('',#6452,#6453);
#6452 = CARTESIAN_POINT('',(339.,-10.,480.));
#6453 = VECTOR('',#6454,1.);
#6454 = DIRECTION('',(0.,0.,-1.));
#6455 = PCURVE('',#5250,#6456);
#6456 = DEFINITIONAL_REPRESENTATION('',(#6457),#6461);
#6457 = LINE('',#6458,#6459);
#6458 = CARTESIAN_POINT('',(180.,10.));
#6459 = VECTOR('',#6460,1.);
#6460 = DIRECTION('',(-1.,0.));
#6461 = ( GEOMETRIC_REPRESENTATION_CONTEXT(2) 
PARAMETRIC_REPRESENTATION_CONTEXT() REPRESENTATION_CONTEXT('2D SPACE',''
  ) );
#6462 = PCURVE('',#5346,#6463);
#6463 = DEFINITIONAL_REPRESENTATION('',(#6464),#6468);
#6464 = LINE('',#6465,#6466);
#6465 = CARTESIAN_POINT('',(0.,-20.));
#6466 = VECTOR('',#6467,1.);
#6467 = DIRECTION('',(1.,0.));
#6468 = ( GEOMETRIC_REPRESENTATION_CONTEXT(2) 
PARAMETRIC_REPRESENTATION_CONTEXT() REPRESENTATION_CONTEXT('2D SPACE',''
  ) );
#6469 = ORIENTED_EDGE('',*,*,#6470,.T.);
#6470 = EDGE_CURVE('',#6448,#6471,#6473,.T.);
#6471 = VERTEX_POINT('',#6472);
#6472 = CARTESIAN_POINT('',(339.,-180.,310.));
#6473 = SURFACE_CURVE('',#6474,(#6478,#6485),.PCURVE_S1.);
#6474 = LINE('',#6475,#6476);
#6475 = CARTESIAN_POINT('',(339.,180.,310.));
#6476 = VECTOR('',#6477,1.);
#6477 = DIRECTION('',(0.,-1.,0.));
#6478 = PCURVE('',#5250,#6479);
#6479 = DEFINITIONAL_REPRESENTATION('',(#6480),#6484);
#6480 = LINE('',#6481,#6482);
#6481 = CARTESIAN_POINT('',(10.,-180.));
#6482 = VECTOR('',#6483,1.);
#6483 = DIRECTION('',(0.,1.));
#6484 = ( GEOMETRIC_REPRESENTATION_CONTEXT(2) 
PARAMETRIC_REPRESENTATION_CONTEXT() REPRESENTATION_CONTEXT('2D SPACE',''
  ) );
#6485 = PCURVE('',#5373,#6486);
#6486 = DEFINITIONAL_REPRESENTATION('',(#6487),#6491);
#6487 = LINE('',#6488,#6489);
#6488 = CARTESIAN_POINT('',(0.,-20.));
#6489 = VECTOR('',#6490,1.);
#6490 = DIRECTION('',(1.,0.));
#6491 = ( GEOMETRIC_REPRESENTATION_CONTEXT(2) 
PARAMETRIC_REPRESENTATION_CONTEXT() REPRESENTATION_CONTEXT('2D SPACE',''
  ) );
#6492 = ORIENTED_EDGE('',*,*,#6493,.T.);
#6493 = EDGE_CURVE('',#6471,#6494,#6496,.T.);
#6494 = VERTEX_POINT('',#6495);
#6495 = CARTESIAN_POINT('',(339.,-180.,309.));
#6496 = SURFACE_CURVE('',#6497,(#6501,#6508),.PCURVE_S1.);
#6497 = LINE('',#6498,#6499);
#6498 = CARTESIAN_POINT('',(339.,-180.,310.));
#6499 = VECTOR('',#6500,1.);
#6500 = DIRECTION('',(0.,0.,-1.));
#6501 = PCURVE('',#5250,#6502);
#6502 = DEFINITIONAL_REPRESENTATION('',(#6503),#6507);
#6503 = LINE('',#6504,#6505);
#6504 = CARTESIAN_POINT('',(10.,180.));
#6505 = VECTOR('',#6506,1.);
#6506 = DIRECTION('',(-1.,0.));
#6507 = ( GEOMETRIC_REPRESENTATION_CONTEXT(2) 
PARAMETRIC_REPRESENTATION_CONTEXT() REPRESENTATION_CONTEXT('2D SPACE',''
  ) );
#6508 = PCURVE('',#5315,#6509);
#6509 = DEFINITIONAL_REPRESENTATION('',(#6510),#6514);
#6510 = LINE('',#6511,#6512);
#6511 = CARTESIAN_POINT('',(0.,-20.));
#6512 = VECTOR('',#6513,1.);
#6513 = DIRECTION('',(1.,0.));
#6514 = ( GEOMETRIC_REPRESENTATION_CONTEXT(2) 
PARAMETRIC_REPRESENTATION_CONTEXT() REPRESENTATION_CONTEXT('2D SPACE',''
  ) );
#6515 = ORIENTED_EDGE('',*,*,#6516,.T.);
#6516 = EDGE_CURVE('',#6494,#6517,#6519,.T.);
#6517 = VERTEX_POINT('',#6518);
#6518 = CARTESIAN_POINT('',(339.,-10.,309.));
#6519 = SURFACE_CURVE('',#6520,(#6524,#6531),.PCURVE_S1.);
#6520 = LINE('',#6521,#6522);
#6521 = CARTESIAN_POINT('',(339.,-180.,309.));
#6522 = VECTOR('',#6523,1.);
#6523 = DIRECTION('',(0.,1.,0.));
#6524 = PCURVE('',#5250,#6525);
#6525 = DEFINITIONAL_REPRESENTATION('',(#6526),#6530);
#6526 = LINE('',#6527,#6528);
#6527 = CARTESIAN_POINT('',(9.,180.));
#6528 = VECTOR('',#6529,1.);
#6529 = DIRECTION('',(0.,-1.));
#6530 = ( GEOMETRIC_REPRESENTATION_CONTEXT(2) 
PARAMETRIC_REPRESENTATION_CONTEXT() REPRESENTATION_CONTEXT('2D SPACE',''
  ) );
#6531 = PCURVE('',#5572,#6532);
#6532 = DEFINITIONAL_REPRESENTATION('',(#6533),#6537);
#6533 = LINE('',#6534,#6535);
#6534 = CARTESIAN_POINT('',(-0.,13.435028842544));
#6535 = VECTOR('',#6536,1.);
#6536 = DIRECTION('',(-1.,0.));
#6537 = ( GEOMETRIC_REPRESENTATION_CONTEXT(2) 
PARAMETRIC_REPRESENTATION_CONTEXT() REPRESENTATION_CONTEXT('2D SPACE',''
  ) );
#6538 = ORIENTED_EDGE('',*,*,#6539,.T.);
#6539 = EDGE_CURVE('',#6517,#5412,#6540,.T.);
#6540 = SURFACE_CURVE('',#6541,(#6545,#6552),.PCURVE_S1.);
#6541 = LINE('',#6542,#6543);
#6542 = CARTESIAN_POINT('',(339.,-10.,480.));
#6543 = VECTOR('',#6544,1.);
#6544 = DIRECTION('',(0.,0.,-1.));
#6545 = PCURVE('',#5250,#6546);
#6546 = DEFINITIONAL_REPRESENTATION('',(#6547),#6551);
#6547 = LINE('',#6548,#6549);
#6548 = CARTESIAN_POINT('',(180.,10.));
#6549 = VECTOR('',#6550,1.);
#6550 = DIRECTION('',(-1.,0.));
#6551 = ( GEOMETRIC_REPRESENTATION_CONTEXT(2) 
PARAMETRIC_REPRESENTATION_CONTEXT() REPRESENTATION_CONTEXT('2D SPACE',''
  ) );
#6552 = PCURVE('',#5495,#6553);
#6553 = DEFINITIONAL_REPRESENTATION('',(#6554),#6558);
#6554 = LINE('',#6555,#6556);
#6555 = CARTESIAN_POINT('',(0.,-20.));
#6556 = VECTOR('',#6557,1.);
#6557 = DIRECTION('',(1.,0.));
#6558 = ( GEOMETRIC_REPRESENTATION_CONTEXT(2) 
PARAMETRIC_REPRESENTATION_CONTEXT() REPRESENTATION_CONTEXT('2D SPACE',''
  ) );
#6559 = ORIENTED_EDGE('',*,*,#5411,.T.);
#6560 = ORIENTED_EDGE('',*,*,#5235,.T.);
#6561 = ORIENTED_EDGE('',*,*,#6562,.T.);
#6562 = EDGE_CURVE('',#5139,#6322,#6563,.T.);
#6563 = SURFACE_CURVE('',#6564,(#6568,#6575),.PCURVE_S1.);
#6564 = LINE('',#6565,#6566);
#6565 = CARTESIAN_POINT('',(339.,10.,120.));
#6566 = VECTOR('',#6567,1.);
#6567 = DIRECTION('',(0.,0.,1.));
#6568 = PCURVE('',#5250,#6569);
#6569 = DEFINITIONAL_REPRESENTATION('',(#6570),#6574);
#6570 = LINE('',#6571,#6572);
#6571 = CARTESIAN_POINT('',(-180.,-10.));
#6572 = VECTOR('',#6573,1.);
#6573 = DIRECTION('',(1.,0.));
#6574 = ( GEOMETRIC_REPRESENTATION_CONTEXT(2) 
PARAMETRIC_REPRESENTATION_CONTEXT() REPRESENTATION_CONTEXT('2D SPACE',''
  ) );
#6575 = PCURVE('',#5200,#6576);
#6576 = DEFINITIONAL_REPRESENTATION('',(#6577),#6581);
#6577 = LINE('',#6578,#6579);
#6578 = CARTESIAN_POINT('',(0.,-20.));
#6579 = VECTOR('',#6580,1.);
#6580 = DIRECTION('',(1.,0.));
#6581 = ( GEOMETRIC_REPRESENTATION_CONTEXT(2) 
PARAMETRIC_REPRESENTATION_CONTEXT() REPRESENTATION_CONTEXT('2D SPACE',''
  ) );
#6582 = ORIENTED_EDGE('',*,*,#6321,.T.);
#6583 = ORIENTED_EDGE('',*,*,#6244,.T.);
#6584 = ADVANCED_FACE('',(#6585),#5200,.F.);
#6585 = FACE_BOUND('',#6586,.F.);
#6586 = EDGE_LOOP('',(#6587,#6588,#6589));
#6587 = ORIENTED_EDGE('',*,*,#5138,.T.);
#6588 = ORIENTED_EDGE('',*,*,#6562,.T.);
#6589 = ORIENTED_EDGE('',*,*,#6344,.T.);
#6590 = ADVANCED_FACE('',(#6591),#5315,.F.);
#6591 = FACE_BOUND('',#6592,.F.);
#6592 = EDGE_LOOP('',(#6593,#6614,#6615,#6636));
#6593 = ORIENTED_EDGE('',*,*,#6594,.F.);
#6594 = EDGE_CURVE('',#4184,#6494,#6595,.T.);
#6595 = SURFACE_CURVE('',#6596,(#6600,#6607),.PCURVE_S1.);
#6596 = LINE('',#6597,#6598);
#6597 = CARTESIAN_POINT('',(329.5,-180.,299.5));
#6598 = VECTOR('',#6599,1.);
#6599 = DIRECTION('',(0.707106781187,0.,0.707106781187));
#6600 = PCURVE('',#5315,#6601);
#6601 = DEFINITIONAL_REPRESENTATION('',(#6602),#6606);
#6602 = LINE('',#6603,#6604);
#6603 = CARTESIAN_POINT('',(10.5,-10.5));
#6604 = VECTOR('',#6605,1.);
#6605 = DIRECTION('',(-0.707106781187,-0.707106781187));
#6606 = ( GEOMETRIC_REPRESENTATION_CONTEXT(2) 
PARAMETRIC_REPRESENTATION_CONTEXT() REPRESENTATION_CONTEXT('2D SPACE',''
  ) );
#6607 = PCURVE('',#5572,#6608);
#6608 = DEFINITIONAL_REPRESENTATION('',(#6609),#6613);
#6609 = LINE('',#6610,#6611);
#6610 = CARTESIAN_POINT('',(-0.,0.));
#6611 = VECTOR('',#6612,1.);
#6612 = DIRECTION('',(-2.009314769833E-34,1.));
#6613 = ( GEOMETRIC_REPRESENTATION_CONTEXT(2) 
PARAMETRIC_REPRESENTATION_CONTEXT() REPRESENTATION_CONTEXT('2D SPACE',''
  ) );
#6614 = ORIENTED_EDGE('',*,*,#5302,.T.);
#6615 = ORIENTED_EDGE('',*,*,#6616,.T.);
#6616 = EDGE_CURVE('',#3660,#6471,#6617,.T.);
#6617 = SURFACE_CURVE('',#6618,(#6622,#6629),.PCURVE_S1.);
#6618 = LINE('',#6619,#6620);
#6619 = CARTESIAN_POINT('',(319.,-180.,310.));
#6620 = VECTOR('',#6621,1.);
#6621 = DIRECTION('',(1.,0.,0.));
#6622 = PCURVE('',#5315,#6623);
#6623 = DEFINITIONAL_REPRESENTATION('',(#6624),#6628);
#6624 = LINE('',#6625,#6626);
#6625 = CARTESIAN_POINT('',(0.,0.));
#6626 = VECTOR('',#6627,1.);
#6627 = DIRECTION('',(0.,-1.));
#6628 = ( GEOMETRIC_REPRESENTATION_CONTEXT(2) 
PARAMETRIC_REPRESENTATION_CONTEXT() REPRESENTATION_CONTEXT('2D SPACE',''
  ) );
#6629 = PCURVE('',#5373,#6630);
#6630 = DEFINITIONAL_REPRESENTATION('',(#6631),#6635);
#6631 = LINE('',#6632,#6633);
#6632 = CARTESIAN_POINT('',(360.,0.));
#6633 = VECTOR('',#6634,1.);
#6634 = DIRECTION('',(0.,-1.));
#6635 = ( GEOMETRIC_REPRESENTATION_CONTEXT(2) 
PARAMETRIC_REPRESENTATION_CONTEXT() REPRESENTATION_CONTEXT('2D SPACE',''
  ) );
#6636 = ORIENTED_EDGE('',*,*,#6493,.T.);
#6637 = ADVANCED_FACE('',(#6638),#5346,.F.);
#6638 = FACE_BOUND('',#6639,.F.);
#6639 = EDGE_LOOP('',(#6640,#6641,#6642,#6643,#6664));
#6640 = ORIENTED_EDGE('',*,*,#5331,.T.);
#6641 = ORIENTED_EDGE('',*,*,#5912,.T.);
#6642 = ORIENTED_EDGE('',*,*,#6447,.T.);
#6643 = ORIENTED_EDGE('',*,*,#6644,.F.);
#6644 = EDGE_CURVE('',#6645,#6448,#6647,.T.);
#6645 = VERTEX_POINT('',#6646);
#6646 = CARTESIAN_POINT('',(337.78787878787,-10.,310.));
#6647 = SURFACE_CURVE('',#6648,(#6652,#6658),.PCURVE_S1.);
#6648 = LINE('',#6649,#6650);
#6649 = CARTESIAN_POINT('',(319.,-10.,310.));
#6650 = VECTOR('',#6651,1.);
#6651 = DIRECTION('',(1.,0.,0.));
#6652 = PCURVE('',#5346,#6653);
#6653 = DEFINITIONAL_REPRESENTATION('',(#6654),#6657);
#6654 = B_SPLINE_CURVE_WITH_KNOTS('',1,(#6655,#6656),.UNSPECIFIED.,.F.,
  .F.,(2,2),(0.,20.),.PIECEWISE_BEZIER_KNOTS.);
#6655 = CARTESIAN_POINT('',(170.,0.));
#6656 = CARTESIAN_POINT('',(170.,-20.));
#6657 = ( GEOMETRIC_REPRESENTATION_CONTEXT(2) 
PARAMETRIC_REPRESENTATION_CONTEXT() REPRESENTATION_CONTEXT('2D SPACE',''
  ) );
#6658 = PCURVE('',#5373,#6659);
#6659 = DEFINITIONAL_REPRESENTATION('',(#6660),#6663);
#6660 = B_SPLINE_CURVE_WITH_KNOTS('',1,(#6661,#6662),.UNSPECIFIED.,.F.,
  .F.,(2,2),(0.,20.),.PIECEWISE_BEZIER_KNOTS.);
#6661 = CARTESIAN_POINT('',(190.,0.));
#6662 = CARTESIAN_POINT('',(190.,-20.));
#6663 = ( GEOMETRIC_REPRESENTATION_CONTEXT(2) 
PARAMETRIC_REPRESENTATION_CONTEXT() REPRESENTATION_CONTEXT('2D SPACE',''
  ) );
#6664 = ORIENTED_EDGE('',*,*,#6665,.F.);
#6665 = EDGE_CURVE('',#5332,#6645,#6666,.T.);
#6666 = SURFACE_CURVE('',#6667,(#6694,#6724),.PCURVE_S1.);
#6667 = B_SPLINE_CURVE_WITH_KNOTS('',7,(#6668,#6669,#6670,#6671,#6672,
    #6673,#6674,#6675,#6676,#6677,#6678,#6679,#6680,#6681,#6682,#6683,
    #6684,#6685,#6686,#6687,#6688,#6689,#6690,#6691,#6692,#6693),
  .UNSPECIFIED.,.F.,.F.,(8,6,6,6,8),(0.,0.276658321932,0.577319116725,
    0.725950062124,1.),.UNSPECIFIED.);
#6668 = CARTESIAN_POINT('',(319.,-10.,340.));
#6669 = CARTESIAN_POINT('',(319.95370835057,-10.,338.47714311763));
#6670 = CARTESIAN_POINT('',(320.90365830332,-10.,336.96028754792));
#6671 = CARTESIAN_POINT('',(321.84925956411,-10.,335.4503758573));
#6672 = CARTESIAN_POINT('',(322.78959438193,-10.,333.94887348691));
#6673 = CARTESIAN_POINT('',(323.72340895789,-10.,332.45778247045));
#6674 = CARTESIAN_POINT('',(324.64910111356,-10.,330.97966112511));
#6675 = CARTESIAN_POINT('',(326.55980683767,-10.,327.92869553338));
#6676 = CARTESIAN_POINT('',(327.54289471806,-10.,326.35892617598));
#6677 = CARTESIAN_POINT('',(328.51144740359,-10.,324.81236624264));
#6678 = CARTESIAN_POINT('',(329.46191109057,-10.,323.29469035536));
#6679 = CARTESIAN_POINT('',(330.389840271,-10.,321.81299698662));
#6680 = CARTESIAN_POINT('',(331.2902349582,-10.,320.37526998609));
#6681 = CARTESIAN_POINT('',(332.58719895107,-10.,318.30431135231));
#6682 = CARTESIAN_POINT('',(333.00829212854,-10.,317.63192063345));
#6683 = CARTESIAN_POINT('',(333.42079341128,-10.,316.97324923036));
#6684 = CARTESIAN_POINT('',(333.82410780381,-10.,316.32924721649));
#6685 = CARTESIAN_POINT('',(334.21769843895,-10.,315.70077184746));
#6686 = CARTESIAN_POINT('',(334.60110056185,-10.,315.08856523188));
#6687 = CARTESIAN_POINT('',(335.6613652689,-10.,313.39556190932));
#6688 = CARTESIAN_POINT('',(336.31303699044,-10.,312.3549893217));
#6689 = CARTESIAN_POINT('',(336.92630681708,-10.,311.37573588886));
#6690 = CARTESIAN_POINT('',(337.50043269731,-10.,310.45898649944));
#6691 = CARTESIAN_POINT('',(338.03622418341,-10.,309.60344848132));
#6692 = CARTESIAN_POINT('',(338.53535898814,-10.,308.80644290602));
#6693 = CARTESIAN_POINT('',(339.,-10.,308.06451612903));
#6694 = PCURVE('',#5346,#6695);
#6695 = DEFINITIONAL_REPRESENTATION('',(#6696),#6723);
#6696 = B_SPLINE_CURVE_WITH_KNOTS('',7,(#6697,#6698,#6699,#6700,#6701,
    #6702,#6703,#6704,#6705,#6706,#6707,#6708,#6709,#6710,#6711,#6712,
    #6713,#6714,#6715,#6716,#6717,#6718,#6719,#6720,#6721,#6722),
  .UNSPECIFIED.,.F.,.F.,(8,6,6,6,8),(0.,0.276658321932,0.577319116725,
    0.725950062124,1.),.UNSPECIFIED.);
#6697 = CARTESIAN_POINT('',(140.,0.));
#6698 = CARTESIAN_POINT('',(141.52285688236,-0.953708350572));
#6699 = CARTESIAN_POINT('',(143.03971245207,-1.90365830332));
#6700 = CARTESIAN_POINT('',(144.54962414269,-2.849259564111));
#6701 = CARTESIAN_POINT('',(146.05112651308,-3.789594381931));
#6702 = CARTESIAN_POINT('',(147.54221752954,-4.723408957898));
#6703 = CARTESIAN_POINT('',(149.02033887488,-5.649101113566));
#6704 = CARTESIAN_POINT('',(152.07130446661,-7.559806837679));
#6705 = CARTESIAN_POINT('',(153.64107382401,-8.542894718066));
#6706 = CARTESIAN_POINT('',(155.18763375735,-9.511447403598));
#6707 = CARTESIAN_POINT('',(156.70530964463,-10.46191109057));
#6708 = CARTESIAN_POINT('',(158.18700301337,-11.389840271));
#6709 = CARTESIAN_POINT('',(159.6247300139,-12.2902349582));
#6710 = CARTESIAN_POINT('',(161.69568864768,-13.58719895107));
#6711 = CARTESIAN_POINT('',(162.36807936654,-14.00829212854));
#6712 = CARTESIAN_POINT('',(163.02675076963,-14.42079341128));
#6713 = CARTESIAN_POINT('',(163.6707527835,-14.82410780381));
#6714 = CARTESIAN_POINT('',(164.29922815253,-15.21769843895));
#6715 = CARTESIAN_POINT('',(164.91143476811,-15.60110056185));
#6716 = CARTESIAN_POINT('',(166.60443809067,-16.6613652689));
#6717 = CARTESIAN_POINT('',(167.64501067829,-17.31303699044));
#6718 = CARTESIAN_POINT('',(168.62426411113,-17.92630681708));
#6719 = CARTESIAN_POINT('',(169.54101350055,-18.50043269731));
#6720 = CARTESIAN_POINT('',(170.39655151867,-19.03622418341));
#6721 = CARTESIAN_POINT('',(171.19355709397,-19.53535898814));
#6722 = CARTESIAN_POINT('',(171.93548387096,-20.));
#6723 = ( GEOMETRIC_REPRESENTATION_CONTEXT(2) 
PARAMETRIC_REPRESENTATION_CONTEXT() REPRESENTATION_CONTEXT('2D SPACE',''
  ) );
#6724 = PCURVE('',#5396,#6725);
#6725 = DEFINITIONAL_REPRESENTATION('',(#6726),#6753);
#6726 = B_SPLINE_CURVE_WITH_KNOTS('',7,(#6727,#6728,#6729,#6730,#6731,
    #6732,#6733,#6734,#6735,#6736,#6737,#6738,#6739,#6740,#6741,#6742,
    #6743,#6744,#6745,#6746,#6747,#6748,#6749,#6750,#6751,#6752),
  .UNSPECIFIED.,.F.,.F.,(8,6,6,6,8),(0.,0.276658321932,0.577319116725,
    0.725950062124,1.),.UNSPECIFIED.);
#6727 = CARTESIAN_POINT('',(14.142135623731,0.));
#6728 = CARTESIAN_POINT('',(14.57286459505,3.076478550232E-02));
#6729 = CARTESIAN_POINT('',(15.03250667857,6.140833236515E-02));
#6730 = CARTESIAN_POINT('',(15.524276164412,9.191159884229E-02));
#6731 = CARTESIAN_POINT('',(16.05182672325,0.122244980062));
#6732 = CARTESIAN_POINT('',(16.61930858341,0.1523680309));
#6733 = CARTESIAN_POINT('',(17.231447352749,0.18222906818));
#6734 = CARTESIAN_POINT('',(18.61291640077,0.243864736699));
#6735 = CARTESIAN_POINT('',(19.391200364396,0.27557724897));
#6736 = CARTESIAN_POINT('',(20.234948564503,0.306820883987));
#6737 = CARTESIAN_POINT('',(21.151034067552,0.337481002922));
#6738 = CARTESIAN_POINT('',(22.146183684693,0.36741420229));
#6739 = CARTESIAN_POINT('',(23.225826954171,0.3964591922));
#6740 = CARTESIAN_POINT('',(24.968346726934,0.438296740357));
#6741 = CARTESIAN_POINT('',(25.565888220107,0.451880391243));
#6742 = CARTESIAN_POINT('',(26.184705255467,0.465186884235));
#6743 = CARTESIAN_POINT('',(26.82480496361,0.478197025929));
#6744 = CARTESIAN_POINT('',(27.485979519137,0.490893498031));
#6745 = CARTESIAN_POINT('',(28.16777440711,0.503261308447));
#6746 = CARTESIAN_POINT('',(30.163268029394,0.537463395771));
#6747 = CARTESIAN_POINT('',(31.525052414501,0.558485064208));
#6748 = CARTESIAN_POINT('',(32.949983441886,0.578267961841));
#6749 = CARTESIAN_POINT('',(34.431710213688,0.596788151526));
#6750 = CARTESIAN_POINT('',(35.962813227477,0.614071747852));
#6751 = CARTESIAN_POINT('',(37.535754154953,0.630172870585));
#6752 = CARTESIAN_POINT('',(39.143411101398,0.645161290323));
#6753 = ( GEOMETRIC_REPRESENTATION_CONTEXT(2) 
PARAMETRIC_REPRESENTATION_CONTEXT() REPRESENTATION_CONTEXT('2D SPACE',''
  ) );
#6754 = ADVANCED_FACE('',(#6755),#5396,.T.);
#6755 = FACE_BOUND('',#6756,.T.);
#6756 = EDGE_LOOP('',(#6757,#6758,#6759));
#6757 = ORIENTED_EDGE('',*,*,#6665,.F.);
#6758 = ORIENTED_EDGE('',*,*,#5384,.F.);
#6759 = ORIENTED_EDGE('',*,*,#6760,.T.);
#6760 = EDGE_CURVE('',#5359,#6645,#6761,.T.);
#6761 = SURFACE_CURVE('',#6762,(#6789,#6819),.PCURVE_S1.);
#6762 = B_SPLINE_CURVE_WITH_KNOTS('',7,(#6763,#6764,#6765,#6766,#6767,
    #6768,#6769,#6770,#6771,#6772,#6773,#6774,#6775,#6776,#6777,#6778,
    #6779,#6780,#6781,#6782,#6783,#6784,#6785,#6786,#6787,#6788),
  .UNSPECIFIED.,.F.,.F.,(8,6,6,6,8),(0.,0.276658321931,0.577319116724,
    0.725950062124,1.),.UNSPECIFIED.);
#6763 = CARTESIAN_POINT('',(319.,-40.,310.));
#6764 = CARTESIAN_POINT('',(319.95370835057,-38.47714311763,310.));
#6765 = CARTESIAN_POINT('',(320.90365830332,-36.96028754792,310.));
#6766 = CARTESIAN_POINT('',(321.84925956411,-35.45037585731,310.));
#6767 = CARTESIAN_POINT('',(322.78959438193,-33.9488734869,310.));
#6768 = CARTESIAN_POINT('',(323.72340895789,-32.45778247046,310.));
#6769 = CARTESIAN_POINT('',(324.64910111356,-30.97966112511,310.));
#6770 = CARTESIAN_POINT('',(326.55980683767,-27.92869553338,310.));
#6771 = CARTESIAN_POINT('',(327.54289471807,-26.35892617597,310.));
#6772 = CARTESIAN_POINT('',(328.51144740358,-24.81236624267,310.));
#6773 = CARTESIAN_POINT('',(329.46191109059,-23.29469035534,310.));
#6774 = CARTESIAN_POINT('',(330.38984027099,-21.81299698663,310.));
#6775 = CARTESIAN_POINT('',(331.2902349582,-20.37526998609,310.));
#6776 = CARTESIAN_POINT('',(332.58719895107,-18.30431135231,310.));
#6777 = CARTESIAN_POINT('',(333.00829212854,-17.63192063345,310.));
#6778 = CARTESIAN_POINT('',(333.42079341128,-16.97324923036,310.));
#6779 = CARTESIAN_POINT('',(333.82410780381,-16.32924721649,310.));
#6780 = CARTESIAN_POINT('',(334.21769843895,-15.70077184747,310.));
#6781 = CARTESIAN_POINT('',(334.60110056185,-15.08856523188,310.));
#6782 = CARTESIAN_POINT('',(335.6613652689,-13.39556190932,310.));
#6783 = CARTESIAN_POINT('',(336.31303699044,-12.35498932171,310.));
#6784 = CARTESIAN_POINT('',(336.92630681708,-11.37573588885,310.));
#6785 = CARTESIAN_POINT('',(337.50043269731,-10.45898649945,310.));
#6786 = CARTESIAN_POINT('',(338.03622418341,-9.603448481315,310.));
#6787 = CARTESIAN_POINT('',(338.53535898814,-8.806442906027,310.));
#6788 = CARTESIAN_POINT('',(339.,-8.064516129032,310.));
#6789 = PCURVE('',#5396,#6790);
#6790 = DEFINITIONAL_REPRESENTATION('',(#6791),#6818);
#6791 = B_SPLINE_CURVE_WITH_KNOTS('',7,(#6792,#6793,#6794,#6795,#6796,
    #6797,#6798,#6799,#6800,#6801,#6802,#6803,#6804,#6805,#6806,#6807,
    #6808,#6809,#6810,#6811,#6812,#6813,#6814,#6815,#6816,#6817),
  .UNSPECIFIED.,.F.,.F.,(8,6,6,6,8),(0.,0.276658321931,0.577319116724,
    0.725950062124,1.),.UNSPECIFIED.);
#6792 = CARTESIAN_POINT('',(56.568542494924,0.));
#6793 = CARTESIAN_POINT('',(56.137813523605,3.07647855023E-02));
#6794 = CARTESIAN_POINT('',(55.678171440083,6.140833236514E-02));
#6795 = CARTESIAN_POINT('',(55.186401954246,9.191159884233E-02));
#6796 = CARTESIAN_POINT('',(54.658851395401,0.122244980062));
#6797 = CARTESIAN_POINT('',(54.091369535247,0.1523680309));
#6798 = CARTESIAN_POINT('',(53.479230765905,0.18222906818));
#6799 = CARTESIAN_POINT('',(52.097761717886,0.243864736699));
#6800 = CARTESIAN_POINT('',(51.319477754251,0.27557724897));
#6801 = CARTESIAN_POINT('',(50.475729554166,0.306820883986));
#6802 = CARTESIAN_POINT('',(49.559644051087,0.337481002922));
#6803 = CARTESIAN_POINT('',(48.564494433971,0.36741420229));
#6804 = CARTESIAN_POINT('',(47.484851164481,0.3964591922));
#6805 = CARTESIAN_POINT('',(45.74233139172,0.438296740357));
#6806 = CARTESIAN_POINT('',(45.144789898548,0.451880391243));
#6807 = CARTESIAN_POINT('',(44.525972863187,0.465186884235));
#6808 = CARTESIAN_POINT('',(43.885873155045,0.478197025929));
#6809 = CARTESIAN_POINT('',(43.22469859952,0.490893498031));
#6810 = CARTESIAN_POINT('',(42.542903711544,0.503261308447));
#6811 = CARTESIAN_POINT('',(40.54741008926,0.537463395771));
#6812 = CARTESIAN_POINT('',(39.185625704158,0.558485064208));
#6813 = CARTESIAN_POINT('',(37.760694676757,0.578267961841));
#6814 = CARTESIAN_POINT('',(36.278967904981,0.596788151526));
#6815 = CARTESIAN_POINT('',(34.747864891169,0.614071747852));
#6816 = CARTESIAN_POINT('',(33.174923963704,0.630172870585));
#6817 = CARTESIAN_POINT('',(31.567267017256,0.645161290323));
#6818 = ( GEOMETRIC_REPRESENTATION_CONTEXT(2) 
PARAMETRIC_REPRESENTATION_CONTEXT() REPRESENTATION_CONTEXT('2D SPACE',''
  ) );
#6819 = PCURVE('',#5373,#6820);
#6820 = DEFINITIONAL_REPRESENTATION('',(#6821),#6848);
#6821 = B_SPLINE_CURVE_WITH_KNOTS('',7,(#6822,#6823,#6824,#6825,#6826,
    #6827,#6828,#6829,#6830,#6831,#6832,#6833,#6834,#6835,#6836,#6837,
    #6838,#6839,#6840,#6841,#6842,#6843,#6844,#6845,#6846,#6847),
  .UNSPECIFIED.,.F.,.F.,(8,6,6,6,8),(0.,0.276658321931,0.577319116724,
    0.725950062124,1.),.UNSPECIFIED.);
#6822 = CARTESIAN_POINT('',(220.,0.));
#6823 = CARTESIAN_POINT('',(218.47714311763,-0.953708350571));
#6824 = CARTESIAN_POINT('',(216.96028754792,-1.90365830332));
#6825 = CARTESIAN_POINT('',(215.45037585731,-2.849259564111));
#6826 = CARTESIAN_POINT('',(213.9488734869,-3.789594381933));
#6827 = CARTESIAN_POINT('',(212.45778247046,-4.723408957896));
#6828 = CARTESIAN_POINT('',(210.97966112511,-5.649101113567));
#6829 = CARTESIAN_POINT('',(207.92869553338,-7.559806837676));
#6830 = CARTESIAN_POINT('',(206.35892617597,-8.542894718076));
#6831 = CARTESIAN_POINT('',(204.81236624267,-9.51144740358));
#6832 = CARTESIAN_POINT('',(203.29469035534,-10.46191109059));
#6833 = CARTESIAN_POINT('',(201.81299698663,-11.38984027099));
#6834 = CARTESIAN_POINT('',(200.37526998609,-12.2902349582));
#6835 = CARTESIAN_POINT('',(198.30431135231,-13.58719895107));
#6836 = CARTESIAN_POINT('',(197.63192063345,-14.00829212854));
#6837 = CARTESIAN_POINT('',(196.97324923036,-14.42079341128));
#6838 = CARTESIAN_POINT('',(196.32924721649,-14.82410780381));
#6839 = CARTESIAN_POINT('',(195.70077184747,-15.21769843895));
#6840 = CARTESIAN_POINT('',(195.08856523188,-15.60110056185));
#6841 = CARTESIAN_POINT('',(193.39556190932,-16.6613652689));
#6842 = CARTESIAN_POINT('',(192.35498932171,-17.31303699044));
#6843 = CARTESIAN_POINT('',(191.37573588885,-17.92630681708));
#6844 = CARTESIAN_POINT('',(190.45898649945,-18.50043269731));
#6845 = CARTESIAN_POINT('',(189.60344848131,-19.03622418341));
#6846 = CARTESIAN_POINT('',(188.80644290602,-19.53535898814));
#6847 = CARTESIAN_POINT('',(188.06451612903,-20.));
#6848 = ( GEOMETRIC_REPRESENTATION_CONTEXT(2) 
PARAMETRIC_REPRESENTATION_CONTEXT() REPRESENTATION_CONTEXT('2D SPACE',''
  ) );
#6849 = ADVANCED_FACE('',(#6850),#5373,.F.);
#6850 = FACE_BOUND('',#6851,.F.);
#6851 = EDGE_LOOP('',(#6852,#6853,#6854,#6855,#6856));
#6852 = ORIENTED_EDGE('',*,*,#5358,.T.);
#6853 = ORIENTED_EDGE('',*,*,#6760,.T.);
#6854 = ORIENTED_EDGE('',*,*,#6644,.T.);
#6855 = ORIENTED_EDGE('',*,*,#6470,.T.);
#6856 = ORIENTED_EDGE('',*,*,#6616,.F.);
#6857 = ADVANCED_FACE('',(#6858),#5572,.F.);
#6858 = FACE_BOUND('',#6859,.T.);
#6859 = EDGE_LOOP('',(#6860,#6861,#6862,#6863,#6864,#6883));
#6860 = ORIENTED_EDGE('',*,*,#6594,.F.);
#6861 = ORIENTED_EDGE('',*,*,#5841,.T.);
#6862 = ORIENTED_EDGE('',*,*,#5622,.T.);
#6863 = ORIENTED_EDGE('',*,*,#5530,.T.);
#6864 = ORIENTED_EDGE('',*,*,#6865,.T.);
#6865 = EDGE_CURVE('',#5434,#6517,#6866,.T.);
#6866 = SURFACE_CURVE('',#6867,(#6871,#6877),.PCURVE_S1.);
#6867 = LINE('',#6868,#6869);
#6868 = CARTESIAN_POINT('',(372.,-10.,342.));
#6869 = VECTOR('',#6870,1.);
#6870 = DIRECTION('',(0.707106781187,0.,0.707106781187));
#6871 = PCURVE('',#5572,#6872);
#6872 = DEFINITIONAL_REPRESENTATION('',(#6873),#6876);
#6873 = B_SPLINE_CURVE_WITH_KNOTS('',1,(#6874,#6875),.UNSPECIFIED.,.F.,
  .F.,(2,2),(-73.5391052434,-46.66904755831),.PIECEWISE_BEZIER_KNOTS.);
#6874 = CARTESIAN_POINT('',(-170.,-13.43502884254));
#6875 = CARTESIAN_POINT('',(-170.,13.435028842544));
#6876 = ( GEOMETRIC_REPRESENTATION_CONTEXT(2) 
PARAMETRIC_REPRESENTATION_CONTEXT() REPRESENTATION_CONTEXT('2D SPACE',''
  ) );
#6877 = PCURVE('',#5495,#6878);
#6878 = DEFINITIONAL_REPRESENTATION('',(#6879),#6882);
#6879 = B_SPLINE_CURVE_WITH_KNOTS('',1,(#6880,#6881),.UNSPECIFIED.,.F.,
  .F.,(2,2),(-73.5391052434,-46.66904755831),.PIECEWISE_BEZIER_KNOTS.);
#6880 = CARTESIAN_POINT('',(190.,-1.));
#6881 = CARTESIAN_POINT('',(171.,-20.));
#6882 = ( GEOMETRIC_REPRESENTATION_CONTEXT(2) 
PARAMETRIC_REPRESENTATION_CONTEXT() REPRESENTATION_CONTEXT('2D SPACE',''
  ) );
#6883 = ORIENTED_EDGE('',*,*,#6516,.F.);
#6884 = ADVANCED_FACE('',(#6885),#5495,.F.);
#6885 = FACE_BOUND('',#6886,.F.);
#6886 = EDGE_LOOP('',(#6887,#6888,#6889));
#6887 = ORIENTED_EDGE('',*,*,#6865,.T.);
#6888 = ORIENTED_EDGE('',*,*,#6539,.T.);
#6889 = ORIENTED_EDGE('',*,*,#5433,.F.);
#6890 = ADVANCED_FACE('',(#6891),#5760,.F.);
#6891 = FACE_BOUND('',#6892,.F.);
#6892 = EDGE_LOOP('',(#6893,#6894,#6895,#6896));
#6893 = ORIENTED_EDGE('',*,*,#5821,.T.);
#6894 = ORIENTED_EDGE('',*,*,#5698,.T.);
#6895 = ORIENTED_EDGE('',*,*,#6416,.T.);
#6896 = ORIENTED_EDGE('',*,*,#6368,.F.);
#6897 = ( GEOMETRIC_REPRESENTATION_CONTEXT(3) 
GLOBAL_UNCERTAINTY_ASSIGNED_CONTEXT((#6901)) 
GLOBAL_UNIT_ASSIGNED_CONTEXT((#6898,#6899,#6900)) REPRESENTATION_CONTEXT
('Context #1','3D Context with UNIT and UNCERTAINTY') );
#6898 = ( LENGTH_UNIT() NAMED_UNIT(*) SI_UNIT(.MILLI.,.METRE.) );
#6899 = ( NAMED_UNIT(*) PLANE_ANGLE_UNIT() SI_UNIT($,.RADIAN.) );
#6900 = ( NAMED_UNIT(*) SI_UNIT($,.STERADIAN.) SOLID_ANGLE_UNIT() );
#6901 = UNCERTAINTY_MEASURE_WITH_UNIT(LENGTH_MEASURE(1.E-06),#6898,
  'distance_accuracy_value','confusion accuracy');
#6902 = PRODUCT_RELATED_PRODUCT_CATEGORY('part',$,(#7));
ENDSEC;
END-ISO-10303-21;
