ISO-10303-21;
HEADER;
FILE_DESCRIPTION(('Open CASCADE Model'),'2;1');
FILE_NAME('Open CASCADE Shape Model','2026-05-26T17:58:36',('Author'),(
    'Open CASCADE'),'Open CASCADE STEP processor 7.8','Open CASCADE 7.8'
  ,'Unknown');
FILE_SCHEMA(('AUTOMOTIVE_DESIGN { 1 0 10303 214 1 1 1 1 }'));
ENDSEC;
DATA;
#1 = APPLICATION_PROTOCOL_DEFINITION('international standard',
  'automotive_design',2000,#2);
#2 = APPLICATION_CONTEXT(
  'core data for automotive mechanical design processes');
#3 = SHAPE_DEFINITION_REPRESENTATION(#4,#10);
#4 = PRODUCT_DEFINITION_SHAPE('','',#5);
#5 = PRODUCT_DEFINITION('design','',#6,#9);
#6 = PRODUCT_DEFINITION_FORMATION('','',#7);
#7 = PRODUCT('Open CASCADE STEP translator 7.8 3',
  'Open CASCADE STEP translator 7.8 3','',(#8));
#8 = PRODUCT_CONTEXT('',#2,'mechanical');
#9 = PRODUCT_DEFINITION_CONTEXT('part definition',#2,'design');
#10 = ADVANCED_BREP_SHAPE_REPRESENTATION('',(#11,#15),#6685);
#11 = AXIS2_PLACEMENT_3D('',#12,#13,#14);
#12 = CARTESIAN_POINT('',(0.,0.,0.));
#13 = DIRECTION('',(0.,0.,1.));
#14 = DIRECTION('',(1.,0.,-0.));
#15 = MANIFOLD_SOLID_BREP('',#16);
#16 = CLOSED_SHELL('',(#17,#525,#723,#827,#1045,#1191,#1342,#2468,#2525,
    #2582,#2607,#2954,#2963,#3338,#3711,#4084,#4457,#4825,#4852,#4943,
    #4968,#4993,#5000,#5143,#5200,#5279,#5422,#5479,#5558,#5701,#5758,
    #5837,#5980,#6037,#6116,#6259,#6316,#6395,#6421,#6447,#6473,#6499,
    #6525,#6550,#6557,#6582,#6589,#6614,#6621,#6646,#6653,#6678));
#17 = ADVANCED_FACE('',(#18),#66,.T.);
#18 = FACE_BOUND('',#19,.T.);
#19 = EDGE_LOOP('',(#20,#179,#207,#430,#462,#495));
#20 = ORIENTED_EDGE('',*,*,#21,.F.);
#21 = EDGE_CURVE('',#22,#24,#26,.T.);
#22 = VERTEX_POINT('',#23);
#23 = CARTESIAN_POINT('',(-9.072584061652,-49.16999306939,0.));
#24 = VERTEX_POINT('',#25);
#25 = CARTESIAN_POINT('',(12.175210304473,-8.809687954233,
    59.951682662373));
#26 = SURFACE_CURVE('',#27,(#65,#111),.PCURVE_S1.);
#27 = B_SPLINE_CURVE_WITH_KNOTS('',8,(#28,#29,#30,#31,#32,#33,#34,#35,
    #36,#37,#38,#39,#40,#41,#42,#43,#44,#45,#46,#47,#48,#49,#50,#51,#52,
    #53,#54,#55,#56,#57,#58,#59,#60,#61,#62,#63,#64),.UNSPECIFIED.,.F.,
  .F.,(9,7,7,7,7,9),(0.,0.30770396528,0.468093886447,0.634346534219,
    0.894552005565,1.),.UNSPECIFIED.);
#28 = CARTESIAN_POINT('',(-9.072584061652,-49.16999306939,
    -1.310158388914E-15));
#29 = CARTESIAN_POINT('',(-6.93587809624,-48.28033672354,2.164451686139)
  );
#30 = CARTESIAN_POINT('',(-4.877343500164,-47.2806527738,4.342632659337)
  );
#31 = CARTESIAN_POINT('',(-2.905033183447,-46.17597357526,6.534424028496
    ));
#32 = CARTESIAN_POINT('',(-1.02666038853,-44.97212344224,8.739728691032)
  );
#33 = CARTESIAN_POINT('',(0.750443112926,-43.67569683504,10.958453069878
    ));
#34 = CARTESIAN_POINT('',(2.419403860415,-42.29405659467,13.190479863079
    ));
#35 = CARTESIAN_POINT('',(3.973906794491,-40.83533293948,15.435632486574
    ));
#36 = CARTESIAN_POINT('',(6.155984223081,-38.51249601996,18.870608424388
    ));
#37 = CARTESIAN_POINT('',(6.871036887877,-37.69804923827,20.051086662377
    ));
#38 = CARTESIAN_POINT('',(7.552667934187,-36.86631665887,21.2350324104)
  );
#39 = CARTESIAN_POINT('',(8.200133399765,-36.01860157259,22.422411289466
    ));
#40 = CARTESIAN_POINT('',(8.81274561524,-35.15625559177,23.613187393571)
  );
#41 = CARTESIAN_POINT('',(9.389876590446,-34.28067674731,24.807321947327
    ));
#42 = CARTESIAN_POINT('',(9.930961400744,-33.39330758571,26.004771963597
    ));
#43 = CARTESIAN_POINT('',(10.958484183416,-31.5651462918,28.450095598585
    ));
#44 = CARTESIAN_POINT('',(11.442203364208,-30.62358376634,
    29.698216843241));
#45 = CARTESIAN_POINT('',(11.88610463943,-29.67259956245,30.949797660903
    ));
#46 = CARTESIAN_POINT('',(12.289711136807,-28.71389252551,
    32.204783123462));
#47 = CARTESIAN_POINT('',(12.652628754687,-27.74920256104,
    33.463116411842));
#48 = CARTESIAN_POINT('',(12.974549886438,-26.78030716327,
    34.724737182012));
#49 = CARTESIAN_POINT('',(13.255255702676,-25.80901838486,
    35.989580234073));
#50 = CARTESIAN_POINT('',(13.869246314532,-23.3161361986,39.24213861616)
  );
#51 = CARTESIAN_POINT('',(14.142597085244,-21.79375042066,
    41.234417181483));
#52 = CARTESIAN_POINT('',(14.314179958149,-20.2770793756,43.234151149635
    ));
#53 = CARTESIAN_POINT('',(14.384044708445,-18.77336130919,
    45.241074891989));
#54 = CARTESIAN_POINT('',(14.352809504146,-17.2899509425,47.254896844941
    ));
#55 = CARTESIAN_POINT('',(14.221619664789,-15.83439429342,
    49.275317851865));
#56 = CARTESIAN_POINT('',(13.992183346139,-14.41430583532,
    51.301994082372));
#57 = CARTESIAN_POINT('',(13.534456160156,-12.48016839036,
    54.158458734191));
#58 = CARTESIAN_POINT('',(13.386643295414,-11.92958201752,
    54.983197258594));
#59 = CARTESIAN_POINT('',(13.223147573609,-11.38672711518,
    55.808910326113));
#60 = CARTESIAN_POINT('',(13.044106174119,-10.85217100916,
    56.635584932099));
#61 = CARTESIAN_POINT('',(12.849659241366,-10.32651305141,
    57.463207553268));
#62 = CARTESIAN_POINT('',(12.639947005558,-9.810391658716,
    58.291765678347));
#63 = CARTESIAN_POINT('',(12.415099573464,-9.304508063702,
    59.121252982301));
#64 = CARTESIAN_POINT('',(12.175210304473,-8.809687954233,
    59.951682662373));
#65 = PCURVE('',#66,#71);
#66 = CONICAL_SURFACE('',#67,50.,0.528074448426);
#67 = AXIS2_PLACEMENT_3D('',#68,#69,#70);
#68 = CARTESIAN_POINT('',(0.,0.,0.));
#69 = DIRECTION('',(-0.,-0.,-1.));
#70 = DIRECTION('',(1.,0.,0.));
#71 = DEFINITIONAL_REPRESENTATION('',(#72),#110);
#72 = B_SPLINE_CURVE_WITH_KNOTS('',8,(#73,#74,#75,#76,#77,#78,#79,#80,
    #81,#82,#83,#84,#85,#86,#87,#88,#89,#90,#91,#92,#93,#94,#95,#96,#97,
    #98,#99,#100,#101,#102,#103,#104,#105,#106,#107,#108,#109),
  .UNSPECIFIED.,.F.,.F.,(9,7,7,7,7,9),(0.,0.30770396528,0.468093886447,
    0.634346534219,0.894552005565,1.),.UNSPECIFIED.);
#73 = CARTESIAN_POINT('',(-4.529926543461,5.7982668452E-16));
#74 = CARTESIAN_POINT('',(-4.568722677671,-2.164451686139));
#75 = CARTESIAN_POINT('',(-4.607821306892,-4.342632659337));
#76 = CARTESIAN_POINT('',(-4.647226699199,-6.534424028496));
#77 = CARTESIAN_POINT('',(-4.686945018551,-8.739728691032));
#78 = CARTESIAN_POINT('',(-4.726983743477,-10.95845306987));
#79 = CARTESIAN_POINT('',(-4.767351624176,-13.19047986307));
#80 = CARTESIAN_POINT('',(-4.808058845597,-15.43563248657));
#81 = CARTESIAN_POINT('',(-4.870518557591,-18.87060842438));
#82 = CARTESIAN_POINT('',(-4.892015618282,-20.05108666237));
#83 = CARTESIAN_POINT('',(-4.913610008284,-21.2350324104));
#84 = CARTESIAN_POINT('',(-4.935303718984,-22.42241128946));
#85 = CARTESIAN_POINT('',(-4.957099006622,-23.61318739357));
#86 = CARTESIAN_POINT('',(-4.978998427912,-24.80732194732));
#87 = CARTESIAN_POINT('',(-5.001004875659,-26.00477196359));
#88 = CARTESIAN_POINT('',(-5.046046785399,-28.45009559858));
#89 = CARTESIAN_POINT('',(-5.069090534337,-29.69821684324));
#90 = CARTESIAN_POINT('',(-5.092256535286,-30.9497976609));
#91 = CARTESIAN_POINT('',(-5.11554896347,-32.20478312346));
#92 = CARTESIAN_POINT('',(-5.138972634069,-33.46311641184));
#93 = CARTESIAN_POINT('',(-5.162533135948,-34.72473718201));
#94 = CARTESIAN_POINT('',(-5.186236960298,-35.98958023407));
#95 = CARTESIAN_POINT('',(-5.247427053954,-39.24213861616));
#96 = CARTESIAN_POINT('',(-5.285131858044,-41.23441718148));
#97 = CARTESIAN_POINT('',(-5.323235456382,-43.23415114964));
#98 = CARTESIAN_POINT('',(-5.36177278016,-45.24107489198));
#99 = CARTESIAN_POINT('',(-5.400790919174,-47.25489684493));
#100 = CARTESIAN_POINT('',(-5.440340813656,-49.27531785186));
#101 = CARTESIAN_POINT('',(-5.480498032562,-51.30199408237));
#102 = CARTESIAN_POINT('',(-5.537861503293,-54.15845873419));
#103 = CARTESIAN_POINT('',(-5.554512975231,-54.9831972586));
#104 = CARTESIAN_POINT('',(-5.571277036769,-55.8089103261));
#105 = CARTESIAN_POINT('',(-5.588156958174,-56.63558493209));
#106 = CARTESIAN_POINT('',(-5.605154231608,-57.46320755327));
#107 = CARTESIAN_POINT('',(-5.62226818275,-58.29176567834));
#108 = CARTESIAN_POINT('',(-5.639493322016,-59.1212529823));
#109 = CARTESIAN_POINT('',(-5.656811243382,-59.95168266237));
#110 = ( GEOMETRIC_REPRESENTATION_CONTEXT(2) 
PARAMETRIC_REPRESENTATION_CONTEXT() REPRESENTATION_CONTEXT('2D SPACE',''
  ) );
#111 = PCURVE('',#112,#139);
#112 = ( BOUNDED_SURFACE() B_SPLINE_SURFACE(1,7,(
    (#113,#114,#115,#116,#117,#118,#119,#120,#121,#122,#123,#124,#125)
    ,(#126,#127,#128,#129,#130,#131,#132,#133,#134,#135,#136,#137,#138
)),.UNSPECIFIED.,.F.,.F.,.F.) B_SPLINE_SURFACE_WITH_KNOTS((2,2),(8,5,8),
  (1.,2.),(0.,0.535767911908,1.),.UNSPECIFIED.) 
GEOMETRIC_REPRESENTATION_ITEM() RATIONAL_B_SPLINE_SURFACE((
    (1.,1.,1.,1.,1.,1.,1.,1.,1.,1.,1.,1.,1.)
,(1.,1.,1.,1.,1.,1.,1.,1.,1.,1.,1.,1.,1.
))) REPRESENTATION_ITEM('') SURFACE() );
#113 = CARTESIAN_POINT('',(-8.453325023346,-46.69844913577,
    -1.511613076572));
#114 = CARTESIAN_POINT('',(-4.724437255044,-45.03627313129,
    2.434944542849));
#115 = CARTESIAN_POINT('',(-1.211599896669,-42.98967394608,
    6.485104096029));
#116 = CARTESIAN_POINT('',(2.024246264645,-40.57150551163,
    10.644750658573));
#117 = CARTESIAN_POINT('',(4.91722802765,-37.80691965295,14.919677667474
    ));
#118 = CARTESIAN_POINT('',(7.398337021839,-34.73631571101,
    19.315158348094));
#119 = CARTESIAN_POINT('',(11.133537046068,-28.5518541967,
    27.751131872904));
#120 = CARTESIAN_POINT('',(13.009687653498,-21.82426803943,
    36.618847148105));
#121 = CARTESIAN_POINT('',(13.445007350519,-18.64060992156,
    40.828376737377));
#122 = CARTESIAN_POINT('',(13.417856456515,-15.4662389761,
    45.128294556528));
#123 = CARTESIAN_POINT('',(12.915118437634,-12.38471058165,
    49.512874576479));
#124 = CARTESIAN_POINT('',(11.948992664741,-9.488641205114,
    53.971279776406));
#125 = CARTESIAN_POINT('',(10.558565243203,-6.863972962571,
    58.488386923428));
#126 = CARTESIAN_POINT('',(-16.63469787917,-78.49882239192,
    17.635485893343));
#127 = CARTESIAN_POINT('',(-10.33610510886,-75.73843675128,
    20.587765495271));
#128 = CARTESIAN_POINT('',(-4.407895718572,-72.32784035341,
    23.617546024649));
#129 = CARTESIAN_POINT('',(1.04606881423,-68.29002929414,26.729229897556
    ));
#130 = CARTESIAN_POINT('',(5.91371728112,-63.66916398448,29.927150978443
    ));
#131 = CARTESIAN_POINT('',(10.077908475015,-58.53558545058,
    33.215253979959));
#132 = CARTESIAN_POINT('',(16.322643242381,-48.20100072973,
    39.525906189147));
#133 = CARTESIAN_POINT('',(19.402537317342,-36.98266168261,
    46.159529069464));
#134 = CARTESIAN_POINT('',(20.09162833942,-31.68166717007,
    49.308528663172));
#135 = CARTESIAN_POINT('',(19.995682275898,-26.407436119,52.525144481728
    ));
#136 = CARTESIAN_POINT('',(19.094123345875,-21.30307419346,
    55.805093086099));
#137 = CARTESIAN_POINT('',(17.409930677309,-16.52658572997,
    59.140267685886));
#138 = CARTESIAN_POINT('',(15.011967700415,-12.22387052604,
    62.51935512762));
#139 = DEFINITIONAL_REPRESENTATION('',(#140),#178);
#140 = B_SPLINE_CURVE_WITH_KNOTS('',8,(#141,#142,#143,#144,#145,#146,
    #147,#148,#149,#150,#151,#152,#153,#154,#155,#156,#157,#158,#159,
    #160,#161,#162,#163,#164,#165,#166,#167,#168,#169,#170,#171,#172,
    #173,#174,#175,#176,#177),.UNSPECIFIED.,.F.,.F.,(9,7,7,7,7,9),(0.,
    0.30770396528,0.468093886447,0.634346534219,0.894552005565,1.),
  .UNSPECIFIED.);
#141 = CARTESIAN_POINT('',(1.077983009203,3.652549346189E-04));
#142 = CARTESIAN_POINT('',(1.080182018588,4.234593695391E-02));
#143 = CARTESIAN_POINT('',(1.08253677535,8.400126050012E-02));
#144 = CARTESIAN_POINT('',(1.085066829979,0.125327304264));
#145 = CARTESIAN_POINT('',(1.087794815057,0.166322239668));
#146 = CARTESIAN_POINT('',(1.090748583255,0.206985684786));
#147 = CARTESIAN_POINT('',(1.093962626684,0.247318380238));
#148 = CARTESIAN_POINT('',(1.097480700139,0.2873219241));
#149 = CARTESIAN_POINT('',(1.103384464818,0.347679515945));
#150 = CARTESIAN_POINT('',(1.105505919162,0.36827203594));
#151 = CARTESIAN_POINT('',(1.10773437034,0.388776235428));
#152 = CARTESIAN_POINT('',(1.110079219468,0.409192640322));
#153 = CARTESIAN_POINT('',(1.112551244861,0.429521915285));
#154 = CARTESIAN_POINT('',(1.115163014673,0.449764849125));
#155 = CARTESIAN_POINT('',(1.117929299551,0.469922340192));
#156 = CARTESIAN_POINT('',(1.1239130704,0.510802152462));
#157 = CARTESIAN_POINT('',(1.127143423572,0.5315182604));
#158 = CARTESIAN_POINT('',(1.13057795871,0.552144801999));
#159 = CARTESIAN_POINT('',(1.134239587492,0.572683089518));
#160 = CARTESIAN_POINT('',(1.138155238851,0.593134628458));
#161 = CARTESIAN_POINT('',(1.142357204527,0.613501099415));
#162 = CARTESIAN_POINT('',(1.146885310691,0.633784344399));
#163 = CARTESIAN_POINT('',(1.159466214651,0.685604947974));
#164 = CARTESIAN_POINT('',(1.168065196592,0.717024475632));
#165 = CARTESIAN_POINT('',(1.177777556036,0.748252803626));
#166 = CARTESIAN_POINT('',(1.188872508082,0.779299122295));
#167 = CARTESIAN_POINT('',(1.201683115225,0.810173727807));
#168 = CARTESIAN_POINT('',(1.216777446057,0.840888166631));
#169 = CARTESIAN_POINT('',(1.234892618677,0.87145485408));
#170 = CARTESIAN_POINT('',(1.267031672195,0.914221954553));
#171 = CARTESIAN_POINT('',(1.277080922442,0.926533314665));
#172 = CARTESIAN_POINT('',(1.288027437386,0.938823819137));
#173 = CARTESIAN_POINT('',(1.300013162601,0.951094501195));
#174 = CARTESIAN_POINT('',(1.313221164036,0.963346388541));
#175 = CARTESIAN_POINT('',(1.327885923596,0.97558051663));
#176 = CARTESIAN_POINT('',(1.344324352167,0.987797971551));
#177 = CARTESIAN_POINT('',(1.363013465952,1.));
#178 = ( GEOMETRIC_REPRESENTATION_CONTEXT(2) 
PARAMETRIC_REPRESENTATION_CONTEXT() REPRESENTATION_CONTEXT('2D SPACE',''
  ) );
#179 = ORIENTED_EDGE('',*,*,#180,.T.);
#180 = EDGE_CURVE('',#22,#181,#183,.T.);
#181 = VERTEX_POINT('',#182);
#182 = CARTESIAN_POINT('',(29.534707517513,-40.34477725623,0.));
#183 = SURFACE_CURVE('',#184,(#189,#195),.PCURVE_S1.);
#184 = CIRCLE('',#185,50.);
#185 = AXIS2_PLACEMENT_3D('',#186,#187,#188);
#186 = CARTESIAN_POINT('',(0.,0.,0.));
#187 = DIRECTION('',(0.,0.,1.));
#188 = DIRECTION('',(1.,0.,0.));
#189 = PCURVE('',#66,#190);
#190 = DEFINITIONAL_REPRESENTATION('',(#191),#194);
#191 = B_SPLINE_CURVE_WITH_KNOTS('',1,(#192,#193),.UNSPECIFIED.,.F.,.F.,
  (2,2),(1.837132840384,6.241905724453),.PIECEWISE_BEZIER_KNOTS.);
#192 = CARTESIAN_POINT('',(-1.837132840384,0.));
#193 = CARTESIAN_POINT('',(-6.241905724453,0.));
#194 = ( GEOMETRIC_REPRESENTATION_CONTEXT(2) 
PARAMETRIC_REPRESENTATION_CONTEXT() REPRESENTATION_CONTEXT('2D SPACE',''
  ) );
#195 = PCURVE('',#196,#201);
#196 = PLANE('',#197);
#197 = AXIS2_PLACEMENT_3D('',#198,#199,#200);
#198 = CARTESIAN_POINT('',(0.,0.,0.));
#199 = DIRECTION('',(0.,0.,1.));
#200 = DIRECTION('',(1.,0.,0.));
#201 = DEFINITIONAL_REPRESENTATION('',(#202),#206);
#202 = CIRCLE('',#203,50.);
#203 = AXIS2_PLACEMENT_2D('',#204,#205);
#204 = CARTESIAN_POINT('',(0.,0.));
#205 = DIRECTION('',(1.,0.));
#206 = ( GEOMETRIC_REPRESENTATION_CONTEXT(2) 
PARAMETRIC_REPRESENTATION_CONTEXT() REPRESENTATION_CONTEXT('2D SPACE',''
  ) );
#207 = ORIENTED_EDGE('',*,*,#208,.T.);
#208 = EDGE_CURVE('',#181,#209,#211,.T.);
#209 = VERTEX_POINT('',#210);
#210 = CARTESIAN_POINT('',(15.022304768908,0.420365601759,
    59.951682662373));
#211 = SURFACE_CURVE('',#212,(#257,#330),.PCURVE_S1.);
#212 = B_SPLINE_CURVE_WITH_KNOTS('',8,(#213,#214,#215,#216,#217,#218,
    #219,#220,#221,#222,#223,#224,#225,#226,#227,#228,#229,#230,#231,
    #232,#233,#234,#235,#236,#237,#238,#239,#240,#241,#242,#243,#244,
    #245,#246,#247,#248,#249,#250,#251,#252,#253,#254,#255,#256),
  .UNSPECIFIED.,.F.,.F.,(9,7,7,7,7,7,9),(0.,0.218545888067,
    0.446265975858,0.683523106067,0.928916484765,0.952121349014,
    1.032427913259),.UNSPECIFIED.);
#213 = CARTESIAN_POINT('',(29.534707517513,-40.34477725623,
    1.394967344785E-15));
#214 = CARTESIAN_POINT('',(30.041997193202,-38.89750171329,
    1.488252247199));
#215 = CARTESIAN_POINT('',(30.488416221317,-37.44474219124,
    2.983102779118));
#216 = CARTESIAN_POINT('',(30.873559993831,-35.9894203013,4.484525037006
    ));
#217 = CARTESIAN_POINT('',(31.197197926321,-34.53451391339,
    5.992492831199));
#218 = CARTESIAN_POINT('',(31.459277438774,-33.08305045147,
    7.506977396332));
#219 = CARTESIAN_POINT('',(31.659930244953,-31.63809806272,
    9.027943323258));
#220 = CARTESIAN_POINT('',(31.799480950314,-30.20275466069,
    10.555343367677));
#221 = CARTESIAN_POINT('',(31.960750292553,-27.29779576519,
    13.687266013102));
#222 = CARTESIAN_POINT('',(31.977277400166,-25.82925526513,
    15.292351326379));
#223 = CARTESIAN_POINT('',(31.928634132258,-24.37804170334,
    16.904290011093));
#224 = CARTESIAN_POINT('',(31.815656830592,-22.94768103239,
    18.523005293536));
#225 = CARTESIAN_POINT('',(31.639427132384,-21.54168211775,
    20.148416361543));
#226 = CARTESIAN_POINT('',(31.401276116881,-20.16351891697,
    21.780431887647));
#227 = CARTESIAN_POINT('',(31.102788793867,-18.81660951644,
    23.418942404361));
#228 = CARTESIAN_POINT('',(30.373878561636,-16.13701395675,
    26.77756868178));
#229 = CARTESIAN_POINT('',(29.938448024181,-14.80726520195,
    28.498254039816));
#230 = CARTESIAN_POINT('',(29.441600423966,-13.51882918186,
    30.225706431039));
#231 = CARTESIAN_POINT('',(28.885719852034,-12.27536313307,
    31.959765803102));
#232 = CARTESIAN_POINT('',(28.273478822759,-11.08037919085,
    33.700268438616));
#233 = CARTESIAN_POINT('',(27.607835602336,-9.937210384114,
    35.447035369402));
#234 = CARTESIAN_POINT('',(26.892028674518,-8.848970197379,
    37.19985830358));
#235 = CARTESIAN_POINT('',(25.340935042695,-6.752721134378,
    40.777425040439));
#236 = CARTESIAN_POINT('',(24.502365627351,-5.748705679134,
    42.602636991356));
#237 = CARTESIAN_POINT('',(23.617727800069,-4.809654561939,
    44.433812348479));
#238 = CARTESIAN_POINT('',(22.691178243923,-3.938397751039,
    46.270657645378));
#239 = CARTESIAN_POINT('',(21.727118203868,-3.137390633598,
    48.11288557868));
#240 = CARTESIAN_POINT('',(20.730148039995,-2.408590257306,
    49.960183831498));
#241 = CARTESIAN_POINT('',(19.705032184238,-1.753458308585,
    51.812207181524));
#242 = CARTESIAN_POINT('',(18.557454479081,-1.117484598941,
    53.843988752608));
#243 = CARTESIAN_POINT('',(18.458103722562,-1.063203776746,
    54.019557462783));
#244 = CARTESIAN_POINT('',(18.358548326941,-1.009585829772,
    54.195163900111));
#245 = CARTESIAN_POINT('',(18.258792340885,-0.956631024815,
    54.370807693522));
#246 = CARTESIAN_POINT('',(18.158839810801,-0.904339534375,
    54.546488466041));
#247 = CARTESIAN_POINT('',(18.058694780843,-0.852711436656,
    54.722205834781));
#248 = CARTESIAN_POINT('',(17.95836129291,-0.801746715565,
    54.897959410951));
#249 = CARTESIAN_POINT('',(17.509974611771,-0.577363784857,
    55.682114429635));
#250 = CARTESIAN_POINT('',(17.159896973866,-0.411226130949,
    56.290909161115));
#251 = CARTESIAN_POINT('',(16.807777940652,-0.253026996053,
    56.900116183787));
#252 = CARTESIAN_POINT('',(16.45378413273,-0.102746868094,
    57.509718340141));
#253 = CARTESIAN_POINT('',(16.098080016834,3.965375222105E-02,
    58.119697655975));
#254 = CARTESIAN_POINT('',(15.740828247406,0.174237291067,
    58.730032963313));
#255 = CARTESIAN_POINT('',(15.382186638003,0.301094187107,
    59.340703078629));
#256 = CARTESIAN_POINT('',(15.022304768908,0.420365601759,
    59.951682662373));
#257 = PCURVE('',#66,#258);
#258 = DEFINITIONAL_REPRESENTATION('',(#259),#329);
#259 = B_SPLINE_CURVE_WITH_KNOTS('',3,(#260,#261,#262,#263,#264,#265,
    #266,#267,#268,#269,#270,#271,#272,#273,#274,#275,#276,#277,#278,
    #279,#280,#281,#282,#283,#284,#285,#286,#287,#288,#289,#290,#291,
    #292,#293,#294,#295,#296,#297,#298,#299,#300,#301,#302,#303,#304,
    #305,#306,#307,#308,#309,#310,#311,#312,#313,#314,#315,#316,#317,
    #318,#319,#320,#321,#322,#323,#324,#325,#326,#327,#328),
  .UNSPECIFIED.,.F.,.F.,(4,1,1,1,1,1,1,1,1,1,1,1,1,1,1,1,1,1,1,1,1,1,1,1
    ,1,1,1,1,1,1,1,1,1,1,1,1,1,1,1,1,1,1,1,1,1,1,1,1,1,1,1,1,1,1,1,1,1,1
    ,1,1,1,1,1,1,1,1,4),(0.,1.56428471706E-02,3.128569434119E-02,
    4.692854151179E-02,6.257138868238E-02,7.821423585298E-02,
    9.385708302357E-02,0.109499930194,0.125142777365,0.140785624535,
    0.156428471706,0.172071318877,0.187714166047,0.203357013218,
    0.218999860388,0.234642707559,0.25028555473,0.2659284019,
    0.281571249071,0.297214096241,0.312856943412,0.328499790582,
    0.344142637753,0.359785484924,0.375428332094,0.391071179265,
    0.406714026435,0.422356873606,0.437999720777,0.453642567947,
    0.469285415118,0.484928262288,0.500571109459,0.51621395663,
    0.5318568038,0.547499650971,0.563142498141,0.578785345312,
    0.594428192483,0.610071039653,0.625713886824,0.641356733994,
    0.656999581165,0.672642428336,0.688285275506,0.703928122677,
    0.719570969847,0.735213817018,0.750856664189,0.766499511359,
    0.78214235853,0.7977852057,0.813428052871,0.829070900042,
    0.844713747212,0.860356594383,0.875999441553,0.891642288724,
    0.907285135895,0.922927983065,0.938570830236,0.954213677406,
    0.969856524577,0.985499371747,1.001142218918,1.016785066089,
    1.032427913259),.QUASI_UNIFORM_KNOTS.);
#260 = CARTESIAN_POINT('',(-5.344307823427,-4.133322257448E-15));
#261 = CARTESIAN_POINT('',(-5.349133929602,-0.284065465475));
#262 = CARTESIAN_POINT('',(-5.358794362057,-0.852827426802));
#263 = CARTESIAN_POINT('',(-5.373309329009,-1.707860156693));
#264 = CARTESIAN_POINT('',(-5.387848276384,-2.564779391654));
#265 = CARTESIAN_POINT('',(-5.402410851639,-3.423581777435));
#266 = CARTESIAN_POINT('',(-5.41699669009,-4.284263853471));
#267 = CARTESIAN_POINT('',(-5.431605411734,-5.14682200058));
#268 = CARTESIAN_POINT('',(-5.446236619592,-6.011252390937));
#269 = CARTESIAN_POINT('',(-5.460889897644,-6.877550933919));
#270 = CARTESIAN_POINT('',(-5.475564808883,-7.745713221799));
#271 = CARTESIAN_POINT('',(-5.49026089319,-8.615734463762));
#272 = CARTESIAN_POINT('',(-5.504977665725,-9.487609448413));
#273 = CARTESIAN_POINT('',(-5.519714613277,-10.36133238369));
#274 = CARTESIAN_POINT('',(-5.534471198026,-11.23689717638));
#275 = CARTESIAN_POINT('',(-5.549246833434,-12.11429605167));
#276 = CARTESIAN_POINT('',(-5.564040964003,-12.99352435814));
#277 = CARTESIAN_POINT('',(-5.578852987805,-13.87457609644));
#278 = CARTESIAN_POINT('',(-5.593682225745,-14.75744210699));
#279 = CARTESIAN_POINT('',(-5.608527986176,-15.64211401079));
#280 = CARTESIAN_POINT('',(-5.623389544203,-16.52858307362));
#281 = CARTESIAN_POINT('',(-5.638266143687,-17.41684042894));
#282 = CARTESIAN_POINT('',(-5.653156993004,-18.30687693481));
#283 = CARTESIAN_POINT('',(-5.668061262305,-19.19868312671));
#284 = CARTESIAN_POINT('',(-5.682978080161,-20.09224914157));
#285 = CARTESIAN_POINT('',(-5.697906530201,-20.98756464868));
#286 = CARTESIAN_POINT('',(-5.712845647371,-21.88461876762));
#287 = CARTESIAN_POINT('',(-5.727794414514,-22.78340001564));
#288 = CARTESIAN_POINT('',(-5.742751756744,-23.68389613269));
#289 = CARTESIAN_POINT('',(-5.757716542858,-24.58609434735));
#290 = CARTESIAN_POINT('',(-5.772687559109,-25.48997998103));
#291 = CARTESIAN_POINT('',(-5.787663653461,-26.39554538153));
#292 = CARTESIAN_POINT('',(-5.80264347584,-27.30277437936));
#293 = CARTESIAN_POINT('',(-5.817625629229,-28.21165161323));
#294 = CARTESIAN_POINT('',(-5.832608645114,-29.12216140031));
#295 = CARTESIAN_POINT('',(-5.847590981995,-30.03428795276));
#296 = CARTESIAN_POINT('',(-5.862571017749,-30.94801522407));
#297 = CARTESIAN_POINT('',(-5.877547043539,-31.86332684561));
#298 = CARTESIAN_POINT('',(-5.892517257079,-32.78020603144));
#299 = CARTESIAN_POINT('',(-5.90747975565,-33.69863548239));
#300 = CARTESIAN_POINT('',(-5.922432528756,-34.61859729208));
#301 = CARTESIAN_POINT('',(-5.937373449654,-35.54007281883));
#302 = CARTESIAN_POINT('',(-5.952300268017,-36.46304267103));
#303 = CARTESIAN_POINT('',(-5.967210594472,-37.38748625941));
#304 = CARTESIAN_POINT('',(-5.982101910662,-38.31338296211));
#305 = CARTESIAN_POINT('',(-5.996971478272,-39.24070727462));
#306 = CARTESIAN_POINT('',(-6.011816682782,-40.16945033154));
#307 = CARTESIAN_POINT('',(-6.026634484216,-41.09958641528));
#308 = CARTESIAN_POINT('',(-6.041421667236,-42.03108893326));
#309 = CARTESIAN_POINT('',(-6.056174855141,-42.96393186485));
#310 = CARTESIAN_POINT('',(-6.070890492569,-43.89808920532));
#311 = CARTESIAN_POINT('',(-6.085564838481,-44.83353493467));
#312 = CARTESIAN_POINT('',(-6.100193958417,-45.77024283004));
#313 = CARTESIAN_POINT('',(-6.11477371962,-46.70818629994));
#314 = CARTESIAN_POINT('',(-6.129299789393,-47.64733818798));
#315 = CARTESIAN_POINT('',(-6.143767638707,-48.58767055338));
#316 = CARTESIAN_POINT('',(-6.158172553762,-49.52915442038));
#317 = CARTESIAN_POINT('',(-6.172509659119,-50.47175947954));
#318 = CARTESIAN_POINT('',(-6.186773958018,-51.41545376273));
#319 = CARTESIAN_POINT('',(-6.200960394738,-52.36020315135));
#320 = CARTESIAN_POINT('',(-6.215063955079,-53.30597116822));
#321 = CARTESIAN_POINT('',(-6.229079789671,-54.25271728167));
#322 = CARTESIAN_POINT('',(-6.24300362901,-55.20041007997));
#323 = CARTESIAN_POINT('',(-6.25683184335,-56.14900891929));
#324 = CARTESIAN_POINT('',(-6.270561961919,-57.0984716139));
#325 = CARTESIAN_POINT('',(-6.284193527581,-58.04875300762));
#326 = CARTESIAN_POINT('',(-6.297728304541,-58.99980474403));
#327 = CARTESIAN_POINT('',(-6.306692420753,-59.6343163716));
#328 = CARTESIAN_POINT('',(-6.311160770293,-59.95168266237));
#329 = ( GEOMETRIC_REPRESENTATION_CONTEXT(2) 
PARAMETRIC_REPRESENTATION_CONTEXT() REPRESENTATION_CONTEXT('2D SPACE',''
  ) );
#330 = PCURVE('',#331,#358);
#331 = ( BOUNDED_SURFACE() B_SPLINE_SURFACE(1,7,(
    (#332,#333,#334,#335,#336,#337,#338,#339,#340,#341,#342,#343,#344)
    ,(#345,#346,#347,#348,#349,#350,#351,#352,#353,#354,#355,#356,#357
)),.UNSPECIFIED.,.F.,.F.,.F.) B_SPLINE_SURFACE_WITH_KNOTS((2,2),(8,5,8),
  (3.,4.),(0.,0.535767911908,1.),.UNSPECIFIED.) 
GEOMETRIC_REPRESENTATION_ITEM() RATIONAL_B_SPLINE_SURFACE((
    (1.,1.,1.,1.,1.,1.,1.,1.,1.,1.,1.,1.,1.)
,(1.,1.,1.,1.,1.,1.,1.,1.,1.,1.,1.,1.,1.
))) REPRESENTATION_ITEM('') SURFACE() );
#332 = CARTESIAN_POINT('',(49.046707491834,-63.50747022721,
    17.635485893343));
#333 = CARTESIAN_POINT('',(50.923025164938,-56.99659211771,
    20.587765495266));
#334 = CARTESIAN_POINT('',(52.073694329012,-50.36479738514,
    23.617546024666));
#335 = CARTESIAN_POINT('',(52.452290302257,-43.70597011239,
    26.729229897532));
#336 = CARTESIAN_POINT('',(52.023621623574,-37.13334382348,
    29.927150978463));
#337 = CARTESIAN_POINT('',(50.769522369747,-30.78017142848,
    33.215253979951));
#338 = CARTESIAN_POINT('',(46.912698359385,-19.62215446567,
    39.525906189156));
#339 = CARTESIAN_POINT('',(40.433610962337,-10.33225818861,
    46.159529069457));
#340 = CARTESIAN_POINT('',(36.899370918674,-6.527112871208,
    49.308528663189));
#341 = CARTESIAN_POINT('',(32.903439963366,-3.337234003755,
    52.525144481709));
#342 = CARTESIAN_POINT('',(28.543052916546,-0.866384084912,
    55.805093086111));
#343 = CARTESIAN_POINT('',(23.953630256447,0.806021750562,
    59.140267685882));
#344 = CARTESIAN_POINT('',(19.289421247353,1.643293284187,62.51935512762
    ));
#345 = CARTESIAN_POINT('',(27.877880398318,-38.40608858155,
    -1.511613076572));
#346 = CARTESIAN_POINT('',(29.087931389683,-34.68594451473,
    2.434944542848));
#347 = CARTESIAN_POINT('',(29.886178633685,-30.88626944496,
    6.485104096032));
#348 = CARTESIAN_POINT('',(30.245282627443,-27.05987490892,
    10.644750658568));
#349 = CARTESIAN_POINT('',(30.144107997059,-23.27064070916,
    14.919677667479));
#350 = CARTESIAN_POINT('',(29.571000229536,-19.59394379954,
    19.315158348092));
#351 = CARTESIAN_POINT('',(27.631480771058,-13.10635105065,
    27.751131872906));
#352 = CARTESIAN_POINT('',(24.180349694465,-7.638576884235,
    36.618847148103));
#353 = CARTESIAN_POINT('',(22.273320323364,-5.379856731759,
    40.828376737379));
#354 = CARTESIAN_POINT('',(20.096983423317,-3.462379457892,
    45.128294556526));
#355 = CARTESIAN_POINT('',(17.705355239942,-1.945831255332,
    49.51287457648));
#356 = CARTESIAN_POINT('',(15.17425642045,-0.876470672997,
    53.971279776406));
#357 = CARTESIAN_POINT('',(12.590509652902,-0.276570978337,
    58.488386923428));
#358 = DEFINITIONAL_REPRESENTATION('',(#359),#429);
#359 = B_SPLINE_CURVE_WITH_KNOTS('',3,(#360,#361,#362,#363,#364,#365,
    #366,#367,#368,#369,#370,#371,#372,#373,#374,#375,#376,#377,#378,
    #379,#380,#381,#382,#383,#384,#385,#386,#387,#388,#389,#390,#391,
    #392,#393,#394,#395,#396,#397,#398,#399,#400,#401,#402,#403,#404,
    #405,#406,#407,#408,#409,#410,#411,#412,#413,#414,#415,#416,#417,
    #418,#419,#420,#421,#422,#423,#424,#425,#426,#427,#428),
  .UNSPECIFIED.,.F.,.F.,(4,1,1,1,1,1,1,1,1,1,1,1,1,1,1,1,1,1,1,1,1,1,1,1
    ,1,1,1,1,1,1,1,1,1,1,1,1,1,1,1,1,1,1,1,1,1,1,1,1,1,1,1,1,1,1,1,1,1,1
    ,1,1,1,1,1,1,1,1,4),(0.,1.56428471706E-02,3.128569434119E-02,
    4.692854151179E-02,6.257138868238E-02,7.821423585298E-02,
    9.385708302357E-02,0.109499930194,0.125142777365,0.140785624535,
    0.156428471706,0.172071318877,0.187714166047,0.203357013218,
    0.218999860388,0.234642707559,0.25028555473,0.2659284019,
    0.281571249071,0.297214096241,0.312856943412,0.328499790582,
    0.344142637753,0.359785484924,0.375428332094,0.391071179265,
    0.406714026435,0.422356873606,0.437999720777,0.453642567947,
    0.469285415118,0.484928262288,0.500571109459,0.51621395663,
    0.5318568038,0.547499650971,0.563142498141,0.578785345312,
    0.594428192483,0.610071039653,0.625713886824,0.641356733994,
    0.656999581165,0.672642428336,0.688285275506,0.703928122677,
    0.719570969847,0.735213817018,0.750856664189,0.766499511359,
    0.78214235853,0.7977852057,0.813428052871,0.829070900042,
    0.844713747212,0.860356594383,0.875999441553,0.891642288724,
    0.907285135895,0.922927983065,0.938570830236,0.954213677406,
    0.969856524577,0.985499371747,1.001142218918,1.016785066089,
    1.032427913259),.QUASI_UNIFORM_KNOTS.);
#360 = CARTESIAN_POINT('',(3.922016990832,3.652549477736E-04));
#361 = CARTESIAN_POINT('',(3.921728387521,5.87485594583E-03));
#362 = CARTESIAN_POINT('',(3.921144139132,1.687954152651E-02));
#363 = CARTESIAN_POINT('',(3.920245800666,3.334290834088E-02));
#364 = CARTESIAN_POINT('',(3.919324670581,4.976249570384E-02));
#365 = CARTESIAN_POINT('',(3.918379871198,6.613820526599E-02));
#366 = CARTESIAN_POINT('',(3.917410486015,8.246995021722E-02));
#367 = CARTESIAN_POINT('',(3.916415551473,9.875765623189E-02));
#368 = CARTESIAN_POINT('',(3.915394054451,0.115001260088));
#369 = CARTESIAN_POINT('',(3.914344928161,0.131200708961));
#370 = CARTESIAN_POINT('',(3.913267048328,0.147355959631));
#371 = CARTESIAN_POINT('',(3.912159229096,0.163466977614));
#372 = CARTESIAN_POINT('',(3.911020218677,0.179533736877));
#373 = CARTESIAN_POINT('',(3.909848694825,0.195556217416));
#374 = CARTESIAN_POINT('',(3.90864325937,0.211534410867));
#375 = CARTESIAN_POINT('',(3.907402434385,0.227468296133));
#376 = CARTESIAN_POINT('',(3.906124649954,0.243357927025));
#377 = CARTESIAN_POINT('',(3.904808243524,0.259203350571));
#378 = CARTESIAN_POINT('',(3.903451455816,0.275004576111));
#379 = CARTESIAN_POINT('',(3.902052417873,0.290761646912));
#380 = CARTESIAN_POINT('',(3.900609143899,0.306474619973));
#381 = CARTESIAN_POINT('',(3.899119521624,0.322143570439));
#382 = CARTESIAN_POINT('',(3.897581302256,0.337768589429));
#383 = CARTESIAN_POINT('',(3.895992089341,0.353349783638));
#384 = CARTESIAN_POINT('',(3.894349326541,0.368887274435));
#385 = CARTESIAN_POINT('',(3.892650284155,0.384381197123));
#386 = CARTESIAN_POINT('',(3.890892044242,0.399831699997));
#387 = CARTESIAN_POINT('',(3.889071484086,0.415238943918));
#388 = CARTESIAN_POINT('',(3.887185258127,0.430603099871));
#389 = CARTESIAN_POINT('',(3.885229776879,0.445924353914));
#390 = CARTESIAN_POINT('',(3.883201187254,0.46120288436));
#391 = CARTESIAN_POINT('',(3.881095327567,0.476439012388));
#392 = CARTESIAN_POINT('',(3.878907733502,0.491632940134));
#393 = CARTESIAN_POINT('',(3.876633587174,0.50678490974));
#394 = CARTESIAN_POINT('',(3.874267684476,0.521895184028));
#395 = CARTESIAN_POINT('',(3.871804395586,0.536964050477));
#396 = CARTESIAN_POINT('',(3.869237621747,0.551991819262));
#397 = CARTESIAN_POINT('',(3.866560740137,0.566978822531));
#398 = CARTESIAN_POINT('',(3.863766548563,0.581925411953));
#399 = CARTESIAN_POINT('',(3.860847201808,0.59683195812));
#400 = CARTESIAN_POINT('',(3.857794138617,0.611698849597));
#401 = CARTESIAN_POINT('',(3.854597998482,0.626526491376));
#402 = CARTESIAN_POINT('',(3.851248525819,0.641315305003));
#403 = CARTESIAN_POINT('',(3.847734462148,0.656065721744));
#404 = CARTESIAN_POINT('',(3.844043414574,0.670778201145));
#405 = CARTESIAN_POINT('',(3.84016173271,0.685453154336));
#406 = CARTESIAN_POINT('',(3.836074243175,0.700091284542));
#407 = CARTESIAN_POINT('',(3.831764189594,0.714693056477));
#408 = CARTESIAN_POINT('',(3.827212945345,0.729258951664));
#409 = CARTESIAN_POINT('',(3.822399732598,0.743789490438));
#410 = CARTESIAN_POINT('',(3.817301305461,0.758285222942));
#411 = CARTESIAN_POINT('',(3.811891571611,0.772746728339));
#412 = CARTESIAN_POINT('',(3.806141143137,0.787174611576));
#413 = CARTESIAN_POINT('',(3.800016799048,0.801569500423));
#414 = CARTESIAN_POINT('',(3.793480838934,0.815932041958));
#415 = CARTESIAN_POINT('',(3.786490301193,0.830262898593));
#416 = CARTESIAN_POINT('',(3.778996011644,0.844562743524));
#417 = CARTESIAN_POINT('',(3.770941418084,0.858832255307));
#418 = CARTESIAN_POINT('',(3.762261152264,0.873072111847));
#419 = CARTESIAN_POINT('',(3.752879242278,0.8872829816));
#420 = CARTESIAN_POINT('',(3.742706870498,0.901465518524));
#421 = CARTESIAN_POINT('',(3.73163954234,0.915620334162));
#422 = CARTESIAN_POINT('',(3.719553336859,0.929748190809));
#423 = CARTESIAN_POINT('',(3.706300215901,0.943849721797));
#424 = CARTESIAN_POINT('',(3.69170253828,0.957925541119));
#425 = CARTESIAN_POINT('',(3.67554224982,0.971976212123));
#426 = CARTESIAN_POINT('',(3.657560141091,0.986002238591));
#427 = CARTESIAN_POINT('',(3.64412227093,0.99533673324));
#428 = CARTESIAN_POINT('',(3.636986534048,1.));
#429 = ( GEOMETRIC_REPRESENTATION_CONTEXT(2) 
PARAMETRIC_REPRESENTATION_CONTEXT() REPRESENTATION_CONTEXT('2D SPACE',''
  ) );
#430 = ORIENTED_EDGE('',*,*,#431,.T.);
#431 = EDGE_CURVE('',#209,#432,#434,.T.);
#432 = VERTEX_POINT('',#433);
#433 = CARTESIAN_POINT('',(14.832462393377,2.235633992643,60.));
#434 = SURFACE_CURVE('',#435,(#440,#450),.PCURVE_S1.);
#435 = ELLIPSE('',#436,26.322525453694,21.380020186097);
#436 = AXIS2_PLACEMENT_3D('',#437,#438,#439);
#437 = CARTESIAN_POINT('',(-7.650427971321,-1.153116480416,
    46.736842105263));
#438 = DIRECTION('',(-0.49824320248,-7.509807950462E-02,0.863778900898)
  );
#439 = DIRECTION('',(-0.854131204251,-0.128739564865,-0.503871025524));
#440 = PCURVE('',#66,#441);
#441 = DEFINITIONAL_REPRESENTATION('',(#442),#449);
#442 = B_SPLINE_CURVE_WITH_KNOTS('',5,(#443,#444,#445,#446,#447,#448),
  .UNSPECIFIED.,.F.,.F.,(6,6),(2.939966367235,3.14159265359),
  .PIECEWISE_BEZIER_KNOTS.);
#443 = CARTESIAN_POINT('',(-6.146396076093,-59.73131745037));
#444 = CARTESIAN_POINT('',(-6.203278710399,-59.83842613014));
#445 = CARTESIAN_POINT('',(-6.260454444828,-59.91912151297));
#446 = CARTESIAN_POINT('',(-6.317830976838,-59.9730405634));
#447 = CARTESIAN_POINT('',(-6.37530796972,-60.));
#448 = CARTESIAN_POINT('',(-6.432784957351,-60.));
#449 = ( GEOMETRIC_REPRESENTATION_CONTEXT(2) 
PARAMETRIC_REPRESENTATION_CONTEXT() REPRESENTATION_CONTEXT('2D SPACE',''
  ) );
#450 = PCURVE('',#451,#456);
#451 = PLANE('',#452);
#452 = AXIS2_PLACEMENT_3D('',#453,#454,#455);
#453 = CARTESIAN_POINT('',(12.590509652902,-0.276570978337,
    58.488386923428));
#454 = DIRECTION('',(-0.49824320248,-7.509807950462E-02,0.863778900898)
  );
#455 = DIRECTION('',(0.727786868262,0.505254924537,0.463728083705));
#456 = DEFINITIONAL_REPRESENTATION('',(#457),#461);
#457 = ELLIPSE('',#458,26.322525453694,21.380020186097);
#458 = AXIS2_PLACEMENT_2D('',#459,#460);
#459 = CARTESIAN_POINT('',(-20.62348889482,11.101099015103));
#460 = DIRECTION('',(-0.920330918458,0.391140640345));
#461 = ( GEOMETRIC_REPRESENTATION_CONTEXT(2) 
PARAMETRIC_REPRESENTATION_CONTEXT() REPRESENTATION_CONTEXT('2D SPACE',''
  ) );
#462 = ORIENTED_EDGE('',*,*,#463,.T.);
#463 = EDGE_CURVE('',#432,#464,#466,.T.);
#464 = VERTEX_POINT('',#465);
#465 = CARTESIAN_POINT('',(10.995778077447,-10.20259106656,60.));
#466 = SURFACE_CURVE('',#467,(#472,#479),.PCURVE_S1.);
#467 = CIRCLE('',#468,15.);
#468 = AXIS2_PLACEMENT_3D('',#469,#470,#471);
#469 = CARTESIAN_POINT('',(0.,0.,60.));
#470 = DIRECTION('',(0.,0.,-1.));
#471 = DIRECTION('',(0.5,0.866025403784,0.));
#472 = PCURVE('',#66,#473);
#473 = DEFINITIONAL_REPRESENTATION('',(#474),#478);
#474 = LINE('',#475,#476);
#475 = CARTESIAN_POINT('',(-7.330382858376,-60.));
#476 = VECTOR('',#477,1.);
#477 = DIRECTION('',(1.,-0.));
#478 = ( GEOMETRIC_REPRESENTATION_CONTEXT(2) 
PARAMETRIC_REPRESENTATION_CONTEXT() REPRESENTATION_CONTEXT('2D SPACE',''
  ) );
#479 = PCURVE('',#480,#485);
#480 = PLANE('',#481);
#481 = AXIS2_PLACEMENT_3D('',#482,#483,#484);
#482 = CARTESIAN_POINT('',(0.,0.,60.));
#483 = DIRECTION('',(0.,0.,1.));
#484 = DIRECTION('',(1.,0.,0.));
#485 = DEFINITIONAL_REPRESENTATION('',(#486),#494);
#486 = ( BOUNDED_CURVE() B_SPLINE_CURVE(2,(#487,#488,#489,#490,#491,#492
,#493),.UNSPECIFIED.,.T.,.F.) B_SPLINE_CURVE_WITH_KNOTS((1,2,2,2,2,1),(
    -2.094395102393,0.,2.094395102393,4.188790204786,6.28318530718,
8.377580409573),.UNSPECIFIED.) CURVE() GEOMETRIC_REPRESENTATION_ITEM() 
RATIONAL_B_SPLINE_CURVE((1.,0.5,1.,0.5,1.,0.5,1.)) REPRESENTATION_ITEM(
  '') );
#487 = CARTESIAN_POINT('',(7.5,12.990381056767));
#488 = CARTESIAN_POINT('',(30.,-8.104628079764E-15));
#489 = CARTESIAN_POINT('',(7.5,-12.99038105676));
#490 = CARTESIAN_POINT('',(-15.,-25.98076211353));
#491 = CARTESIAN_POINT('',(-15.,-2.101166556546E-15));
#492 = CARTESIAN_POINT('',(-15.,25.980762113533));
#493 = CARTESIAN_POINT('',(7.5,12.990381056767));
#494 = ( GEOMETRIC_REPRESENTATION_CONTEXT(2) 
PARAMETRIC_REPRESENTATION_CONTEXT() REPRESENTATION_CONTEXT('2D SPACE',''
  ) );
#495 = ORIENTED_EDGE('',*,*,#496,.T.);
#496 = EDGE_CURVE('',#464,#24,#497,.T.);
#497 = SURFACE_CURVE('',#498,(#503,#513),.PCURVE_S1.);
#498 = ELLIPSE('',#499,26.322525453694,21.380020186097);
#499 = AXIS2_PLACEMENT_3D('',#500,#501,#502);
#500 = CARTESIAN_POINT('',(-5.671506587315,5.262389076438,
    46.736842105263));
#501 = DIRECTION('',(-0.369363598421,0.342719334914,0.863778900898));
#502 = DIRECTION('',(-0.633194740151,0.587518859853,-0.503871025524));
#503 = PCURVE('',#66,#504);
#504 = DEFINITIONAL_REPRESENTATION('',(#505),#512);
#505 = B_SPLINE_CURVE_WITH_KNOTS('',5,(#506,#507,#508,#509,#510,#511),
  .UNSPECIFIED.,.F.,.F.,(6,6),(3.14159265359,3.325783209005),
  .PIECEWISE_BEZIER_KNOTS.);
#506 = CARTESIAN_POINT('',(-5.535187056325,-60.));
#507 = CARTESIAN_POINT('',(-5.587693693563,-60.));
#508 = CARTESIAN_POINT('',(-5.640200333605,-59.97750161437));
#509 = CARTESIAN_POINT('',(-5.692630392416,-59.93250474006));
#510 = CARTESIAN_POINT('',(-5.744907354993,-59.86513694981));
#511 = CARTESIAN_POINT('',(-5.796959851369,-59.77565133834));
#512 = ( GEOMETRIC_REPRESENTATION_CONTEXT(2) 
PARAMETRIC_REPRESENTATION_CONTEXT() REPRESENTATION_CONTEXT('2D SPACE',''
  ) );
#513 = PCURVE('',#514,#519);
#514 = PLANE('',#515);
#515 = AXIS2_PLACEMENT_3D('',#516,#517,#518);
#516 = CARTESIAN_POINT('',(7.633822470788,-10.01609601143,
    58.488386923428));
#517 = DIRECTION('',(-0.369363598421,0.342719334914,0.863778900898));
#518 = DIRECTION('',(0.848791896963,-0.253985393347,0.463728083705));
#519 = DEFINITIONAL_REPRESENTATION('',(#520),#524);
#520 = ELLIPSE('',#521,26.322525453694,21.380020186097);
#521 = AXIS2_PLACEMENT_2D('',#522,#523);
#522 = CARTESIAN_POINT('',(-20.62348889482,11.101099015103));
#523 = DIRECTION('',(-0.920330918458,0.391140640345));
#524 = ( GEOMETRIC_REPRESENTATION_CONTEXT(2) 
PARAMETRIC_REPRESENTATION_CONTEXT() REPRESENTATION_CONTEXT('2D SPACE',''
  ) );
#525 = ADVANCED_FACE('',(#526),#112,.F.);
#526 = FACE_BOUND('',#527,.F.);
#527 = EDGE_LOOP('',(#528,#590,#616,#676,#695,#696));
#528 = ORIENTED_EDGE('',*,*,#529,.F.);
#529 = EDGE_CURVE('',#530,#532,#534,.T.);
#530 = VERTEX_POINT('',#531);
#531 = CARTESIAN_POINT('',(-8.453325023346,-46.69844913577,
    -1.511613076572));
#532 = VERTEX_POINT('',#533);
#533 = CARTESIAN_POINT('',(-7.045031113649,-46.04064902206,
    -1.398599096326E-15));
#534 = SURFACE_CURVE('',#535,(#549,#556),.PCURVE_S1.);
#535 = ( BOUNDED_CURVE() B_SPLINE_CURVE(7,(#536,#537,#538,#539,#540,#541
    ,#542,#543,#544,#545,#546,#547,#548),.UNSPECIFIED.,.F.,.F.) 
B_SPLINE_CURVE_WITH_KNOTS((8,5,8),(0.,0.535767911908,1.),.UNSPECIFIED.) 
CURVE() GEOMETRIC_REPRESENTATION_ITEM() RATIONAL_B_SPLINE_CURVE((1.,1.,
1.,1.,1.,1.,1.,1.,1.,1.,1.,1.,1.)) REPRESENTATION_ITEM('') );
#536 = CARTESIAN_POINT('',(-8.453325023346,-46.69844913577,
    -1.511613076572));
#537 = CARTESIAN_POINT('',(-4.724437255044,-45.03627313129,
    2.434944542849));
#538 = CARTESIAN_POINT('',(-1.211599896669,-42.98967394608,
    6.485104096029));
#539 = CARTESIAN_POINT('',(2.024246264645,-40.57150551163,
    10.644750658573));
#540 = CARTESIAN_POINT('',(4.91722802765,-37.80691965295,14.919677667474
    ));
#541 = CARTESIAN_POINT('',(7.398337021839,-34.73631571101,
    19.315158348094));
#542 = CARTESIAN_POINT('',(11.133537046068,-28.5518541967,
    27.751131872904));
#543 = CARTESIAN_POINT('',(13.009687653498,-21.82426803943,
    36.618847148105));
#544 = CARTESIAN_POINT('',(13.445007350519,-18.64060992156,
    40.828376737377));
#545 = CARTESIAN_POINT('',(13.417856456515,-15.4662389761,
    45.128294556528));
#546 = CARTESIAN_POINT('',(12.915118437634,-12.38471058165,
    49.512874576479));
#547 = CARTESIAN_POINT('',(11.948992664741,-9.488641205114,
    53.971279776406));
#548 = CARTESIAN_POINT('',(10.558565243203,-6.863972962571,
    58.488386923428));
#549 = PCURVE('',#112,#550);
#550 = DEFINITIONAL_REPRESENTATION('',(#551),#555);
#551 = LINE('',#552,#553);
#552 = CARTESIAN_POINT('',(1.,0.));
#553 = VECTOR('',#554,1.);
#554 = DIRECTION('',(0.,1.));
#555 = ( GEOMETRIC_REPRESENTATION_CONTEXT(2) 
PARAMETRIC_REPRESENTATION_CONTEXT() REPRESENTATION_CONTEXT('2D SPACE',''
  ) );
#556 = PCURVE('',#557,#584);
#557 = ( BOUNDED_SURFACE() B_SPLINE_SURFACE(1,7,(
    (#558,#559,#560,#561,#562,#563,#564,#565,#566,#567,#568,#569,#570)
    ,(#571,#572,#573,#574,#575,#576,#577,#578,#579,#580,#581,#582,#583
)),.UNSPECIFIED.,.F.,.F.,.F.) B_SPLINE_SURFACE_WITH_KNOTS((2,2),(8,5,8),
  (0.,1.),(0.,0.535767911908,1.),.UNSPECIFIED.) 
GEOMETRIC_REPRESENTATION_ITEM() RATIONAL_B_SPLINE_SURFACE((
    (1.,1.,1.,1.,1.,1.,1.,1.,1.,1.,1.,1.,1.)
,(1.,1.,1.,1.,1.,1.,1.,1.,1.,1.,1.,1.,1.
))) REPRESENTATION_ITEM('') SURFACE() );
#558 = CARTESIAN_POINT('',(-12.64551504572,-45.74160911976,
    -1.511613076572));
#559 = CARTESIAN_POINT('',(-8.982534842126,-44.3681931931,2.434944542849
    ));
#560 = CARTESIAN_POINT('',(-5.51413023342,-42.62322936286,6.485104096029
    ));
#561 = CARTESIAN_POINT('',(-2.29863684291,-40.51827019957,
    10.644750658573));
#562 = CARTESIAN_POINT('',(0.600824398674,-38.07661980789,
    14.919677667474));
#563 = CARTESIAN_POINT('',(3.118054945685,-35.33616308473,
    19.315158348094));
#564 = CARTESIAN_POINT('',(6.980988599335,-29.77483779368,
    27.751131872904));
#565 = CARTESIAN_POINT('',(9.104121550527,-23.66753343625,
    36.618847148105));
#566 = CARTESIAN_POINT('',(9.681046711099,-20.76826885561,
    40.828376737377));
#567 = CARTESIAN_POINT('',(9.823266948125,-17.87121262515,
    45.128294556528));
#568 = CARTESIAN_POINT('',(9.517796295405,-15.0558100787,49.512874576479
    ));
#569 = CARTESIAN_POINT('',(8.77574176333,-12.41018191879,53.971279776406
    ));
#570 = CARTESIAN_POINT('',(7.633822470788,-10.01609601143,
    58.488386923428));
#571 = CARTESIAN_POINT('',(-8.453325023346,-46.69844913577,
    -1.511613076572));
#572 = CARTESIAN_POINT('',(-4.724437255044,-45.03627313129,
    2.434944542849));
#573 = CARTESIAN_POINT('',(-1.211599896669,-42.98967394608,
    6.485104096029));
#574 = CARTESIAN_POINT('',(2.024246264645,-40.57150551163,
    10.644750658573));
#575 = CARTESIAN_POINT('',(4.91722802765,-37.80691965295,14.919677667474
    ));
#576 = CARTESIAN_POINT('',(7.398337021839,-34.73631571101,
    19.315158348094));
#577 = CARTESIAN_POINT('',(11.133537046068,-28.5518541967,
    27.751131872904));
#578 = CARTESIAN_POINT('',(13.009687653498,-21.82426803943,
    36.618847148105));
#579 = CARTESIAN_POINT('',(13.445007350519,-18.64060992156,
    40.828376737377));
#580 = CARTESIAN_POINT('',(13.417856456515,-15.4662389761,
    45.128294556528));
#581 = CARTESIAN_POINT('',(12.915118437634,-12.38471058165,
    49.512874576479));
#582 = CARTESIAN_POINT('',(11.948992664741,-9.488641205114,
    53.971279776406));
#583 = CARTESIAN_POINT('',(10.558565243203,-6.863972962571,
    58.488386923428));
#584 = DEFINITIONAL_REPRESENTATION('',(#585),#589);
#585 = LINE('',#586,#587);
#586 = CARTESIAN_POINT('',(1.,0.));
#587 = VECTOR('',#588,1.);
#588 = DIRECTION('',(0.,1.));
#589 = ( GEOMETRIC_REPRESENTATION_CONTEXT(2) 
PARAMETRIC_REPRESENTATION_CONTEXT() REPRESENTATION_CONTEXT('2D SPACE',''
  ) );
#590 = ORIENTED_EDGE('',*,*,#591,.T.);
#591 = EDGE_CURVE('',#530,#592,#594,.T.);
#592 = VERTEX_POINT('',#593);
#593 = CARTESIAN_POINT('',(-16.63469787917,-78.49882239192,
    17.635485893343));
#594 = SURFACE_CURVE('',#595,(#598,#605),.PCURVE_S1.);
#595 = B_SPLINE_CURVE_WITH_KNOTS('',1,(#596,#597),.UNSPECIFIED.,.F.,.F.,
  (2,2),(1.,2.),.PIECEWISE_BEZIER_KNOTS.);
#596 = CARTESIAN_POINT('',(-8.453325023346,-46.69844913577,
    -1.511613076572));
#597 = CARTESIAN_POINT('',(-16.63469787917,-78.49882239192,
    17.635485893343));
#598 = PCURVE('',#112,#599);
#599 = DEFINITIONAL_REPRESENTATION('',(#600),#604);
#600 = LINE('',#601,#602);
#601 = CARTESIAN_POINT('',(0.,0.));
#602 = VECTOR('',#603,1.);
#603 = DIRECTION('',(1.,0.));
#604 = ( GEOMETRIC_REPRESENTATION_CONTEXT(2) 
PARAMETRIC_REPRESENTATION_CONTEXT() REPRESENTATION_CONTEXT('2D SPACE',''
  ) );
#605 = PCURVE('',#606,#611);
#606 = PLANE('',#607);
#607 = AXIS2_PLACEMENT_3D('',#608,#609,#610);
#608 = CARTESIAN_POINT('',(-12.64551504572,-45.74160911976,
    -1.511613076572));
#609 = DIRECTION('',(0.112121851193,0.491237926923,0.863778900898));
#610 = DIRECTION('',(-0.104560797096,-0.858601992782,0.501866175092));
#611 = DEFINITIONAL_REPRESENTATION('',(#612),#615);
#612 = B_SPLINE_CURVE_WITH_KNOTS('',1,(#613,#614),.UNSPECIFIED.,.F.,.F.,
  (2,2),(1.,2.),.PIECEWISE_BEZIER_KNOTS.);
#613 = CARTESIAN_POINT('',(0.383206014205,4.282890746993));
#614 = CARTESIAN_POINT('',(38.151802054425,1.7763568394E-15));
#615 = ( GEOMETRIC_REPRESENTATION_CONTEXT(2) 
PARAMETRIC_REPRESENTATION_CONTEXT() REPRESENTATION_CONTEXT('2D SPACE',''
  ) );
#616 = ORIENTED_EDGE('',*,*,#617,.T.);
#617 = EDGE_CURVE('',#592,#618,#620,.T.);
#618 = VERTEX_POINT('',#619);
#619 = CARTESIAN_POINT('',(15.011967700415,-12.22387052604,
    62.51935512762));
#620 = SURFACE_CURVE('',#621,(#635,#642),.PCURVE_S1.);
#621 = ( BOUNDED_CURVE() B_SPLINE_CURVE(7,(#622,#623,#624,#625,#626,#627
    ,#628,#629,#630,#631,#632,#633,#634),.UNSPECIFIED.,.F.,.F.) 
B_SPLINE_CURVE_WITH_KNOTS((8,5,8),(0.,0.535767911908,1.),.UNSPECIFIED.) 
CURVE() GEOMETRIC_REPRESENTATION_ITEM() RATIONAL_B_SPLINE_CURVE((1.,1.,
1.,1.,1.,1.,1.,1.,1.,1.,1.,1.,1.)) REPRESENTATION_ITEM('') );
#622 = CARTESIAN_POINT('',(-16.63469787917,-78.49882239192,
    17.635485893343));
#623 = CARTESIAN_POINT('',(-10.33610510886,-75.73843675128,
    20.587765495271));
#624 = CARTESIAN_POINT('',(-4.407895718572,-72.32784035341,
    23.617546024649));
#625 = CARTESIAN_POINT('',(1.04606881423,-68.29002929414,26.729229897556
    ));
#626 = CARTESIAN_POINT('',(5.91371728112,-63.66916398448,29.927150978443
    ));
#627 = CARTESIAN_POINT('',(10.077908475015,-58.53558545058,
    33.215253979959));
#628 = CARTESIAN_POINT('',(16.322643242381,-48.20100072973,
    39.525906189147));
#629 = CARTESIAN_POINT('',(19.402537317342,-36.98266168261,
    46.159529069464));
#630 = CARTESIAN_POINT('',(20.09162833942,-31.68166717007,
    49.308528663172));
#631 = CARTESIAN_POINT('',(19.995682275898,-26.407436119,52.525144481728
    ));
#632 = CARTESIAN_POINT('',(19.094123345875,-21.30307419346,
    55.805093086099));
#633 = CARTESIAN_POINT('',(17.409930677309,-16.52658572997,
    59.140267685886));
#634 = CARTESIAN_POINT('',(15.011967700415,-12.22387052604,
    62.51935512762));
#635 = PCURVE('',#112,#636);
#636 = DEFINITIONAL_REPRESENTATION('',(#637),#641);
#637 = LINE('',#638,#639);
#638 = CARTESIAN_POINT('',(2.,0.));
#639 = VECTOR('',#640,1.);
#640 = DIRECTION('',(0.,1.));
#641 = ( GEOMETRIC_REPRESENTATION_CONTEXT(2) 
PARAMETRIC_REPRESENTATION_CONTEXT() REPRESENTATION_CONTEXT('2D SPACE',''
  ) );
#642 = PCURVE('',#643,#670);
#643 = ( BOUNDED_SURFACE() B_SPLINE_SURFACE(1,7,(
    (#644,#645,#646,#647,#648,#649,#650,#651,#652,#653,#654,#655,#656)
    ,(#657,#658,#659,#660,#661,#662,#663,#664,#665,#666,#667,#668,#669
)),.UNSPECIFIED.,.F.,.F.,.F.) B_SPLINE_SURFACE_WITH_KNOTS((2,2),(8,5,8),
  (2.,3.),(0.,0.535767911908,1.),.UNSPECIFIED.) 
GEOMETRIC_REPRESENTATION_ITEM() RATIONAL_B_SPLINE_SURFACE((
    (1.,1.,1.,1.,1.,1.,1.,1.,1.,1.,1.,1.,1.)
,(1.,1.,1.,1.,1.,1.,1.,1.,1.,1.,1.,1.,1.
))) REPRESENTATION_ITEM('') SURFACE() );
#644 = CARTESIAN_POINT('',(-16.63469787917,-78.49882239192,
    17.635485893343));
#645 = CARTESIAN_POINT('',(-10.33610510886,-75.73843675128,
    20.587765495271));
#646 = CARTESIAN_POINT('',(-4.407895718572,-72.32784035341,
    23.617546024649));
#647 = CARTESIAN_POINT('',(1.04606881423,-68.29002929414,26.729229897556
    ));
#648 = CARTESIAN_POINT('',(5.91371728112,-63.66916398448,29.927150978443
    ));
#649 = CARTESIAN_POINT('',(10.077908475015,-58.53558545058,
    33.215253979959));
#650 = CARTESIAN_POINT('',(16.322643242381,-48.20100072973,
    39.525906189147));
#651 = CARTESIAN_POINT('',(19.402537317342,-36.98266168261,
    46.159529069464));
#652 = CARTESIAN_POINT('',(20.09162833942,-31.68166717007,
    49.308528663172));
#653 = CARTESIAN_POINT('',(19.995682275898,-26.407436119,52.525144481728
    ));
#654 = CARTESIAN_POINT('',(19.094123345875,-21.30307419346,
    55.805093086099));
#655 = CARTESIAN_POINT('',(17.409930677309,-16.52658572997,
    59.140267685886));
#656 = CARTESIAN_POINT('',(15.011967700415,-12.22387052604,
    62.51935512762));
#657 = CARTESIAN_POINT('',(-19.07201765963,-77.94252005703,
    17.635485893343));
#658 = CARTESIAN_POINT('',(-12.81174324088,-75.35001818256,
    20.587765495271));
#659 = CARTESIAN_POINT('',(-6.909366844589,-72.11479117714,
    23.617546024649));
#660 = CARTESIAN_POINT('',(-1.467235318071,-68.25907853128,
    26.729229897556));
#661 = CARTESIAN_POINT('',(3.404180287532,-63.82596640017,
    29.927150978443));
#662 = CARTESIAN_POINT('',(7.589372384228,-58.88433392365,
    33.215253979959));
#663 = CARTESIAN_POINT('',(13.908370889631,-48.91203770474,
    39.525906189147));
#664 = CARTESIAN_POINT('',(17.131859350498,-38.05432761098,
    46.159529069464));
#665 = CARTESIAN_POINT('',(17.903279130457,-32.91867817827,
    49.308528663172));
#666 = CARTESIAN_POINT('',(17.905804654738,-27.8056766126,
    52.525144481728));
#667 = CARTESIAN_POINT('',(17.118936053884,-22.85603901734,
    55.805093086099));
#668 = CARTESIAN_POINT('',(15.565017362534,-18.22515591233,
    59.140267685886));
#669 = CARTESIAN_POINT('',(13.311535855987,-14.05650020561,
    62.51935512762));
#670 = DEFINITIONAL_REPRESENTATION('',(#671),#675);
#671 = LINE('',#672,#673);
#672 = CARTESIAN_POINT('',(2.,0.));
#673 = VECTOR('',#674,1.);
#674 = DIRECTION('',(0.,1.));
#675 = ( GEOMETRIC_REPRESENTATION_CONTEXT(2) 
PARAMETRIC_REPRESENTATION_CONTEXT() REPRESENTATION_CONTEXT('2D SPACE',''
  ) );
#676 = ORIENTED_EDGE('',*,*,#677,.F.);
#677 = EDGE_CURVE('',#24,#618,#678,.T.);
#678 = SURFACE_CURVE('',#679,(#682,#689),.PCURVE_S1.);
#679 = B_SPLINE_CURVE_WITH_KNOTS('',1,(#680,#681),.UNSPECIFIED.,.F.,.F.,
  (2,2),(1.,2.),.PIECEWISE_BEZIER_KNOTS.);
#680 = CARTESIAN_POINT('',(10.558565243203,-6.863972962571,
    58.488386923428));
#681 = CARTESIAN_POINT('',(15.011967700415,-12.22387052604,
    62.51935512762));
#682 = PCURVE('',#112,#683);
#683 = DEFINITIONAL_REPRESENTATION('',(#684),#688);
#684 = LINE('',#685,#686);
#685 = CARTESIAN_POINT('',(0.,1.));
#686 = VECTOR('',#687,1.);
#687 = DIRECTION('',(1.,0.));
#688 = ( GEOMETRIC_REPRESENTATION_CONTEXT(2) 
PARAMETRIC_REPRESENTATION_CONTEXT() REPRESENTATION_CONTEXT('2D SPACE',''
  ) );
#689 = PCURVE('',#514,#690);
#690 = DEFINITIONAL_REPRESENTATION('',(#691),#694);
#691 = B_SPLINE_CURVE_WITH_KNOTS('',1,(#692,#693),.UNSPECIFIED.,.F.,.F.,
  (2,2),(1.,2.),.PIECEWISE_BEZIER_KNOTS.);
#692 = CARTESIAN_POINT('',(1.681904753483,3.957422949371));
#693 = CARTESIAN_POINT('',(8.69252552484,0.));
#694 = ( GEOMETRIC_REPRESENTATION_CONTEXT(2) 
PARAMETRIC_REPRESENTATION_CONTEXT() REPRESENTATION_CONTEXT('2D SPACE',''
  ) );
#695 = ORIENTED_EDGE('',*,*,#21,.F.);
#696 = ORIENTED_EDGE('',*,*,#697,.T.);
#697 = EDGE_CURVE('',#22,#532,#698,.T.);
#698 = SURFACE_CURVE('',#699,(#705,#714),.PCURVE_S1.);
#699 = B_SPLINE_CURVE_WITH_KNOTS('',4,(#700,#701,#702,#703,#704),
  .UNSPECIFIED.,.F.,.F.,(5,5),(0.,1.),.PIECEWISE_BEZIER_KNOTS.);
#700 = CARTESIAN_POINT('',(-9.099222880385,-49.20900491915,0.));
#701 = CARTESIAN_POINT('',(-8.566596938652,-48.42949272002,0.));
#702 = CARTESIAN_POINT('',(-8.046492216663,-47.64143251543,0.));
#703 = CARTESIAN_POINT('',(-7.53920746204,-46.84506310873,0.));
#704 = CARTESIAN_POINT('',(-7.045031113649,-46.04064902206,0.));
#705 = PCURVE('',#112,#706);
#706 = DEFINITIONAL_REPRESENTATION('',(#707),#713);
#707 = B_SPLINE_CURVE_WITH_KNOTS('',4,(#708,#709,#710,#711,#712),
  .UNSPECIFIED.,.F.,.F.,(5,5),(0.,1.),.PIECEWISE_BEZIER_KNOTS.);
#708 = CARTESIAN_POINT('',(1.078947368421,0.));
#709 = CARTESIAN_POINT('',(1.059679887147,7.29983698654E-03));
#710 = CARTESIAN_POINT('',(1.040106026138,1.459845374726E-02));
#711 = CARTESIAN_POINT('',(1.020216172145,2.189531474118E-02));
#712 = CARTESIAN_POINT('',(1.,2.918984975077E-02));
#713 = ( GEOMETRIC_REPRESENTATION_CONTEXT(2) 
PARAMETRIC_REPRESENTATION_CONTEXT() REPRESENTATION_CONTEXT('2D SPACE',''
  ) );
#714 = PCURVE('',#196,#715);
#715 = DEFINITIONAL_REPRESENTATION('',(#716),#722);
#716 = B_SPLINE_CURVE_WITH_KNOTS('',4,(#717,#718,#719,#720,#721),
  .UNSPECIFIED.,.F.,.F.,(5,5),(0.,1.),.PIECEWISE_BEZIER_KNOTS.);
#717 = CARTESIAN_POINT('',(-9.099222880385,-49.20900491915));
#718 = CARTESIAN_POINT('',(-8.566596938652,-48.42949272002));
#719 = CARTESIAN_POINT('',(-8.046492216663,-47.64143251543));
#720 = CARTESIAN_POINT('',(-7.53920746204,-46.84506310873));
#721 = CARTESIAN_POINT('',(-7.045031113649,-46.04064902206));
#722 = ( GEOMETRIC_REPRESENTATION_CONTEXT(2) 
PARAMETRIC_REPRESENTATION_CONTEXT() REPRESENTATION_CONTEXT('2D SPACE',''
  ) );
#723 = ADVANCED_FACE('',(#724),#514,.T.);
#724 = FACE_BOUND('',#725,.T.);
#725 = EDGE_LOOP('',(#726,#758,#806,#825,#826));
#726 = ORIENTED_EDGE('',*,*,#727,.F.);
#727 = EDGE_CURVE('',#728,#464,#730,.T.);
#728 = VERTEX_POINT('',#729);
#729 = CARTESIAN_POINT('',(9.69490888543,-11.48281714181,59.951682662373
    ));
#730 = SURFACE_CURVE('',#731,(#736,#743),.PCURVE_S1.);
#731 = ELLIPSE('',#732,26.322525453694,21.380020186097);
#732 = AXIS2_PLACEMENT_3D('',#733,#734,#735);
#733 = CARTESIAN_POINT('',(-5.671506587315,5.262389076438,
    46.736842105263));
#734 = DIRECTION('',(-0.369363598421,0.342719334914,0.863778900898));
#735 = DIRECTION('',(-0.633194740151,0.587518859853,-0.503871025524));
#736 = PCURVE('',#514,#737);
#737 = DEFINITIONAL_REPRESENTATION('',(#738),#742);
#738 = ELLIPSE('',#739,26.322525453694,21.380020186097);
#739 = AXIS2_PLACEMENT_2D('',#740,#741);
#740 = CARTESIAN_POINT('',(-20.62348889482,11.101099015103));
#741 = DIRECTION('',(-0.920330918458,0.391140640345));
#742 = ( GEOMETRIC_REPRESENTATION_CONTEXT(2) 
PARAMETRIC_REPRESENTATION_CONTEXT() REPRESENTATION_CONTEXT('2D SPACE',''
  ) );
#743 = PCURVE('',#744,#749);
#744 = CONICAL_SURFACE('',#745,50.,0.528074448426);
#745 = AXIS2_PLACEMENT_3D('',#746,#747,#748);
#746 = CARTESIAN_POINT('',(0.,0.,0.));
#747 = DIRECTION('',(-0.,-0.,-1.));
#748 = DIRECTION('',(1.,0.,0.));
#749 = DEFINITIONAL_REPRESENTATION('',(#750),#757);
#750 = B_SPLINE_CURVE_WITH_KNOTS('',5,(#751,#752,#753,#754,#755,#756),
  .UNSPECIFIED.,.F.,.F.,(6,6),(2.939966367235,3.14159265359),
  .PIECEWISE_BEZIER_KNOTS.);
#751 = CARTESIAN_POINT('',(-5.248798175068,-59.73131745037));
#752 = CARTESIAN_POINT('',(-5.305680809374,-59.83842613014));
#753 = CARTESIAN_POINT('',(-5.362856543802,-59.91912151297));
#754 = CARTESIAN_POINT('',(-5.420233075813,-59.9730405634));
#755 = CARTESIAN_POINT('',(-5.477710068694,-60.));
#756 = CARTESIAN_POINT('',(-5.535187056325,-60.));
#757 = ( GEOMETRIC_REPRESENTATION_CONTEXT(2) 
PARAMETRIC_REPRESENTATION_CONTEXT() REPRESENTATION_CONTEXT('2D SPACE',''
  ) );
#758 = ORIENTED_EDGE('',*,*,#759,.F.);
#759 = EDGE_CURVE('',#760,#728,#762,.T.);
#760 = VERTEX_POINT('',#761);
#761 = CARTESIAN_POINT('',(13.311535855987,-14.05650020561,
    62.51935512762));
#762 = SURFACE_CURVE('',#763,(#766,#772),.PCURVE_S1.);
#763 = B_SPLINE_CURVE_WITH_KNOTS('',1,(#764,#765),.UNSPECIFIED.,.F.,.F.,
  (2,2),(3.,4.),.PIECEWISE_BEZIER_KNOTS.);
#764 = CARTESIAN_POINT('',(13.311535855987,-14.05650020561,
    62.51935512762));
#765 = CARTESIAN_POINT('',(7.633822470788,-10.01609601143,
    58.488386923428));
#766 = PCURVE('',#514,#767);
#767 = DEFINITIONAL_REPRESENTATION('',(#768),#771);
#768 = B_SPLINE_CURVE_WITH_KNOTS('',1,(#769,#770),.UNSPECIFIED.,.F.,.F.,
  (2,2),(3.,4.),.PIECEWISE_BEZIER_KNOTS.);
#769 = CARTESIAN_POINT('',(7.714673923978,-2.300827296146));
#770 = CARTESIAN_POINT('',(0.,0.));
#771 = ( GEOMETRIC_REPRESENTATION_CONTEXT(2) 
PARAMETRIC_REPRESENTATION_CONTEXT() REPRESENTATION_CONTEXT('2D SPACE',''
  ) );
#772 = PCURVE('',#773,#800);
#773 = ( BOUNDED_SURFACE() B_SPLINE_SURFACE(1,7,(
    (#774,#775,#776,#777,#778,#779,#780,#781,#782,#783,#784,#785,#786)
    ,(#787,#788,#789,#790,#791,#792,#793,#794,#795,#796,#797,#798,#799
)),.UNSPECIFIED.,.F.,.F.,.F.) B_SPLINE_SURFACE_WITH_KNOTS((2,2),(8,5,8),
  (3.,4.),(0.,0.535767911908,1.),.UNSPECIFIED.) 
GEOMETRIC_REPRESENTATION_ITEM() RATIONAL_B_SPLINE_SURFACE((
    (1.,1.,1.,1.,1.,1.,1.,1.,1.,1.,1.,1.,1.)
,(1.,1.,1.,1.,1.,1.,1.,1.,1.,1.,1.,1.,1.
))) REPRESENTATION_ITEM('') SURFACE() );
#774 = CARTESIAN_POINT('',(-19.07201765963,-77.94252005703,
    17.635485893343));
#775 = CARTESIAN_POINT('',(-12.81174324088,-75.35001818256,
    20.587765495271));
#776 = CARTESIAN_POINT('',(-6.909366844589,-72.11479117714,
    23.617546024649));
#777 = CARTESIAN_POINT('',(-1.467235318071,-68.25907853128,
    26.729229897556));
#778 = CARTESIAN_POINT('',(3.404180287532,-63.82596640017,
    29.927150978443));
#779 = CARTESIAN_POINT('',(7.589372384228,-58.88433392365,
    33.215253979959));
#780 = CARTESIAN_POINT('',(13.908370889631,-48.91203770474,
    39.525906189147));
#781 = CARTESIAN_POINT('',(17.131859350498,-38.05432761098,
    46.159529069464));
#782 = CARTESIAN_POINT('',(17.903279130457,-32.91867817827,
    49.308528663172));
#783 = CARTESIAN_POINT('',(17.905804654738,-27.8056766126,
    52.525144481728));
#784 = CARTESIAN_POINT('',(17.118936053884,-22.85603901734,
    55.805093086099));
#785 = CARTESIAN_POINT('',(15.565017362534,-18.22515591233,
    59.140267685886));
#786 = CARTESIAN_POINT('',(13.311535855987,-14.05650020561,
    62.51935512762));
#787 = CARTESIAN_POINT('',(-12.64551504572,-45.74160911976,
    -1.511613076572));
#788 = CARTESIAN_POINT('',(-8.982534842127,-44.3681931931,2.434944542848
    ));
#789 = CARTESIAN_POINT('',(-5.51413023342,-42.62322936286,6.485104096032
    ));
#790 = CARTESIAN_POINT('',(-2.298636842911,-40.51827019957,
    10.644750658569));
#791 = CARTESIAN_POINT('',(0.600824398675,-38.07661980789,
    14.919677667477));
#792 = CARTESIAN_POINT('',(3.118054945684,-35.33616308473,
    19.315158348092));
#793 = CARTESIAN_POINT('',(6.980988599335,-29.77483779368,
    27.751131872905));
#794 = CARTESIAN_POINT('',(9.104121550527,-23.66753343625,
    36.618847148103));
#795 = CARTESIAN_POINT('',(9.6810467111,-20.76826885561,40.828376737379)
  );
#796 = CARTESIAN_POINT('',(9.823266948124,-17.87121262515,
    45.128294556525));
#797 = CARTESIAN_POINT('',(9.517796295406,-15.0558100787,49.512874576481
    ));
#798 = CARTESIAN_POINT('',(8.77574176333,-12.41018191879,53.971279776406
    ));
#799 = CARTESIAN_POINT('',(7.633822470788,-10.01609601143,
    58.488386923428));
#800 = DEFINITIONAL_REPRESENTATION('',(#801),#805);
#801 = LINE('',#802,#803);
#802 = CARTESIAN_POINT('',(0.,1.));
#803 = VECTOR('',#804,1.);
#804 = DIRECTION('',(1.,0.));
#805 = ( GEOMETRIC_REPRESENTATION_CONTEXT(2) 
PARAMETRIC_REPRESENTATION_CONTEXT() REPRESENTATION_CONTEXT('2D SPACE',''
  ) );
#806 = ORIENTED_EDGE('',*,*,#807,.F.);
#807 = EDGE_CURVE('',#618,#760,#808,.T.);
#808 = SURFACE_CURVE('',#809,(#812,#818),.PCURVE_S1.);
#809 = B_SPLINE_CURVE_WITH_KNOTS('',1,(#810,#811),.UNSPECIFIED.,.F.,.F.,
  (2,2),(2.,3.),.PIECEWISE_BEZIER_KNOTS.);
#810 = CARTESIAN_POINT('',(15.011967700415,-12.22387052604,
    62.51935512762));
#811 = CARTESIAN_POINT('',(13.311535855987,-14.05650020561,
    62.51935512762));
#812 = PCURVE('',#514,#813);
#813 = DEFINITIONAL_REPRESENTATION('',(#814),#817);
#814 = B_SPLINE_CURVE_WITH_KNOTS('',1,(#815,#816),.UNSPECIFIED.,.F.,.F.,
  (2,2),(2.,3.),.PIECEWISE_BEZIER_KNOTS.);
#815 = CARTESIAN_POINT('',(8.69252552484,0.));
#816 = CARTESIAN_POINT('',(7.714673923978,-2.300827296146));
#817 = ( GEOMETRIC_REPRESENTATION_CONTEXT(2) 
PARAMETRIC_REPRESENTATION_CONTEXT() REPRESENTATION_CONTEXT('2D SPACE',''
  ) );
#818 = PCURVE('',#643,#819);
#819 = DEFINITIONAL_REPRESENTATION('',(#820),#824);
#820 = LINE('',#821,#822);
#821 = CARTESIAN_POINT('',(0.,1.));
#822 = VECTOR('',#823,1.);
#823 = DIRECTION('',(1.,0.));
#824 = ( GEOMETRIC_REPRESENTATION_CONTEXT(2) 
PARAMETRIC_REPRESENTATION_CONTEXT() REPRESENTATION_CONTEXT('2D SPACE',''
  ) );
#825 = ORIENTED_EDGE('',*,*,#677,.F.);
#826 = ORIENTED_EDGE('',*,*,#496,.F.);
#827 = ADVANCED_FACE('',(#828,#1014),#480,.T.);
#828 = FACE_BOUND('',#829,.T.);
#829 = EDGE_LOOP('',(#830,#863,#892,#921,#954,#987,#1013));
#830 = ORIENTED_EDGE('',*,*,#831,.F.);
#831 = EDGE_CURVE('',#832,#432,#834,.T.);
#832 = VERTEX_POINT('',#833);
#833 = CARTESIAN_POINT('',(7.5,12.990381056767,60.));
#834 = SURFACE_CURVE('',#835,(#840,#851),.PCURVE_S1.);
#835 = CIRCLE('',#836,15.);
#836 = AXIS2_PLACEMENT_3D('',#837,#838,#839);
#837 = CARTESIAN_POINT('',(0.,0.,60.));
#838 = DIRECTION('',(0.,0.,-1.));
#839 = DIRECTION('',(0.5,0.866025403784,0.));
#840 = PCURVE('',#480,#841);
#841 = DEFINITIONAL_REPRESENTATION('',(#842),#850);
#842 = ( BOUNDED_CURVE() B_SPLINE_CURVE(2,(#843,#844,#845,#846,#847,#848
,#849),.UNSPECIFIED.,.T.,.F.) B_SPLINE_CURVE_WITH_KNOTS((1,2,2,2,2,1),(
    -2.094395102393,0.,2.094395102393,4.188790204786,6.28318530718,
8.377580409573),.UNSPECIFIED.) CURVE() GEOMETRIC_REPRESENTATION_ITEM() 
RATIONAL_B_SPLINE_CURVE((1.,0.5,1.,0.5,1.,0.5,1.)) REPRESENTATION_ITEM(
  '') );
#843 = CARTESIAN_POINT('',(7.5,12.990381056767));
#844 = CARTESIAN_POINT('',(30.,-8.104628079764E-15));
#845 = CARTESIAN_POINT('',(7.5,-12.99038105676));
#846 = CARTESIAN_POINT('',(-15.,-25.98076211353));
#847 = CARTESIAN_POINT('',(-15.,-2.101166556546E-15));
#848 = CARTESIAN_POINT('',(-15.,25.980762113533));
#849 = CARTESIAN_POINT('',(7.5,12.990381056767));
#850 = ( GEOMETRIC_REPRESENTATION_CONTEXT(2) 
PARAMETRIC_REPRESENTATION_CONTEXT() REPRESENTATION_CONTEXT('2D SPACE',''
  ) );
#851 = PCURVE('',#852,#857);
#852 = CONICAL_SURFACE('',#853,50.,0.528074448426);
#853 = AXIS2_PLACEMENT_3D('',#854,#855,#856);
#854 = CARTESIAN_POINT('',(0.,0.,0.));
#855 = DIRECTION('',(-0.,-0.,-1.));
#856 = DIRECTION('',(1.,0.,0.));
#857 = DEFINITIONAL_REPRESENTATION('',(#858),#862);
#858 = LINE('',#859,#860);
#859 = CARTESIAN_POINT('',(-7.330382858376,-60.));
#860 = VECTOR('',#861,1.);
#861 = DIRECTION('',(1.,-0.));
#862 = ( GEOMETRIC_REPRESENTATION_CONTEXT(2) 
PARAMETRIC_REPRESENTATION_CONTEXT() REPRESENTATION_CONTEXT('2D SPACE',''
  ) );
#863 = ORIENTED_EDGE('',*,*,#864,.T.);
#864 = EDGE_CURVE('',#832,#865,#867,.T.);
#865 = VERTEX_POINT('',#866);
#866 = CARTESIAN_POINT('',(-5.480115365496,13.963106229663,60.));
#867 = SURFACE_CURVE('',#868,(#873,#880),.PCURVE_S1.);
#868 = CIRCLE('',#869,15.);
#869 = AXIS2_PLACEMENT_3D('',#870,#871,#872);
#870 = CARTESIAN_POINT('',(0.,0.,60.));
#871 = DIRECTION('',(0.,0.,1.));
#872 = DIRECTION('',(1.,0.,0.));
#873 = PCURVE('',#480,#874);
#874 = DEFINITIONAL_REPRESENTATION('',(#875),#879);
#875 = CIRCLE('',#876,15.);
#876 = AXIS2_PLACEMENT_2D('',#877,#878);
#877 = CARTESIAN_POINT('',(0.,0.));
#878 = DIRECTION('',(1.,0.));
#879 = ( GEOMETRIC_REPRESENTATION_CONTEXT(2) 
PARAMETRIC_REPRESENTATION_CONTEXT() REPRESENTATION_CONTEXT('2D SPACE',''
  ) );
#880 = PCURVE('',#881,#886);
#881 = CONICAL_SURFACE('',#882,50.,0.528074448426);
#882 = AXIS2_PLACEMENT_3D('',#883,#884,#885);
#883 = CARTESIAN_POINT('',(0.,0.,0.));
#884 = DIRECTION('',(-0.,-0.,-1.));
#885 = DIRECTION('',(1.,0.,0.));
#886 = DEFINITIONAL_REPRESENTATION('',(#887),#891);
#887 = LINE('',#888,#889);
#888 = CARTESIAN_POINT('',(-0.,-60.));
#889 = VECTOR('',#890,1.);
#890 = DIRECTION('',(-1.,-0.));
#891 = ( GEOMETRIC_REPRESENTATION_CONTEXT(2) 
PARAMETRIC_REPRESENTATION_CONTEXT() REPRESENTATION_CONTEXT('2D SPACE',''
  ) );
#892 = ORIENTED_EDGE('',*,*,#893,.T.);
#893 = EDGE_CURVE('',#865,#894,#896,.T.);
#894 = VERTEX_POINT('',#895);
#895 = CARTESIAN_POINT('',(-14.33359208679,4.421327616164,60.));
#896 = SURFACE_CURVE('',#897,(#902,#909),.PCURVE_S1.);
#897 = CIRCLE('',#898,15.);
#898 = AXIS2_PLACEMENT_3D('',#899,#900,#901);
#899 = CARTESIAN_POINT('',(0.,0.,60.));
#900 = DIRECTION('',(0.,0.,1.));
#901 = DIRECTION('',(1.,0.,0.));
#902 = PCURVE('',#480,#903);
#903 = DEFINITIONAL_REPRESENTATION('',(#904),#908);
#904 = CIRCLE('',#905,15.);
#905 = AXIS2_PLACEMENT_2D('',#906,#907);
#906 = CARTESIAN_POINT('',(0.,0.));
#907 = DIRECTION('',(1.,0.));
#908 = ( GEOMETRIC_REPRESENTATION_CONTEXT(2) 
PARAMETRIC_REPRESENTATION_CONTEXT() REPRESENTATION_CONTEXT('2D SPACE',''
  ) );
#909 = PCURVE('',#910,#915);
#910 = CONICAL_SURFACE('',#911,50.,0.528074448426);
#911 = AXIS2_PLACEMENT_3D('',#912,#913,#914);
#912 = CARTESIAN_POINT('',(0.,0.,0.));
#913 = DIRECTION('',(-0.,-0.,-1.));
#914 = DIRECTION('',(1.,0.,0.));
#915 = DEFINITIONAL_REPRESENTATION('',(#916),#920);
#916 = LINE('',#917,#918);
#917 = CARTESIAN_POINT('',(-0.,-60.));
#918 = VECTOR('',#919,1.);
#919 = DIRECTION('',(-1.,-0.));
#920 = ( GEOMETRIC_REPRESENTATION_CONTEXT(2) 
PARAMETRIC_REPRESENTATION_CONTEXT() REPRESENTATION_CONTEXT('2D SPACE',''
  ) );
#921 = ORIENTED_EDGE('',*,*,#922,.F.);
#922 = EDGE_CURVE('',#923,#894,#925,.T.);
#923 = VERTEX_POINT('',#924);
#924 = CARTESIAN_POINT('',(-12.39358161474,-8.449800870954,60.));
#925 = SURFACE_CURVE('',#926,(#931,#942),.PCURVE_S1.);
#926 = CIRCLE('',#927,15.);
#927 = AXIS2_PLACEMENT_3D('',#928,#929,#930);
#928 = CARTESIAN_POINT('',(0.,0.,60.));
#929 = DIRECTION('',(0.,0.,-1.));
#930 = DIRECTION('',(0.5,0.866025403784,0.));
#931 = PCURVE('',#480,#932);
#932 = DEFINITIONAL_REPRESENTATION('',(#933),#941);
#933 = ( BOUNDED_CURVE() B_SPLINE_CURVE(2,(#934,#935,#936,#937,#938,#939
,#940),.UNSPECIFIED.,.T.,.F.) B_SPLINE_CURVE_WITH_KNOTS((1,2,2,2,2,1),(
    -2.094395102393,0.,2.094395102393,4.188790204786,6.28318530718,
8.377580409573),.UNSPECIFIED.) CURVE() GEOMETRIC_REPRESENTATION_ITEM() 
RATIONAL_B_SPLINE_CURVE((1.,0.5,1.,0.5,1.,0.5,1.)) REPRESENTATION_ITEM(
  '') );
#934 = CARTESIAN_POINT('',(7.5,12.990381056767));
#935 = CARTESIAN_POINT('',(30.,-8.104628079764E-15));
#936 = CARTESIAN_POINT('',(7.5,-12.99038105676));
#937 = CARTESIAN_POINT('',(-15.,-25.98076211353));
#938 = CARTESIAN_POINT('',(-15.,-2.101166556546E-15));
#939 = CARTESIAN_POINT('',(-15.,25.980762113533));
#940 = CARTESIAN_POINT('',(7.5,12.990381056767));
#941 = ( GEOMETRIC_REPRESENTATION_CONTEXT(2) 
PARAMETRIC_REPRESENTATION_CONTEXT() REPRESENTATION_CONTEXT('2D SPACE',''
  ) );
#942 = PCURVE('',#943,#948);
#943 = CONICAL_SURFACE('',#944,50.,0.528074448426);
#944 = AXIS2_PLACEMENT_3D('',#945,#946,#947);
#945 = CARTESIAN_POINT('',(0.,0.,0.));
#946 = DIRECTION('',(-0.,-0.,-1.));
#947 = DIRECTION('',(1.,0.,0.));
#948 = DEFINITIONAL_REPRESENTATION('',(#949),#953);
#949 = LINE('',#950,#951);
#950 = CARTESIAN_POINT('',(-7.330382858376,-60.));
#951 = VECTOR('',#952,1.);
#952 = DIRECTION('',(1.,-0.));
#953 = ( GEOMETRIC_REPRESENTATION_CONTEXT(2) 
PARAMETRIC_REPRESENTATION_CONTEXT() REPRESENTATION_CONTEXT('2D SPACE',''
  ) );
#954 = ORIENTED_EDGE('',*,*,#955,.F.);
#955 = EDGE_CURVE('',#956,#923,#958,.T.);
#956 = VERTEX_POINT('',#957);
#957 = CARTESIAN_POINT('',(-1.120951403796,-14.95805695771,60.));
#958 = SURFACE_CURVE('',#959,(#964,#975),.PCURVE_S1.);
#959 = CIRCLE('',#960,15.);
#960 = AXIS2_PLACEMENT_3D('',#961,#962,#963);
#961 = CARTESIAN_POINT('',(0.,0.,60.));
#962 = DIRECTION('',(0.,0.,-1.));
#963 = DIRECTION('',(0.5,0.866025403784,0.));
#964 = PCURVE('',#480,#965);
#965 = DEFINITIONAL_REPRESENTATION('',(#966),#974);
#966 = ( BOUNDED_CURVE() B_SPLINE_CURVE(2,(#967,#968,#969,#970,#971,#972
,#973),.UNSPECIFIED.,.T.,.F.) B_SPLINE_CURVE_WITH_KNOTS((1,2,2,2,2,1),(
    -2.094395102393,0.,2.094395102393,4.188790204786,6.28318530718,
8.377580409573),.UNSPECIFIED.) CURVE() GEOMETRIC_REPRESENTATION_ITEM() 
RATIONAL_B_SPLINE_CURVE((1.,0.5,1.,0.5,1.,0.5,1.)) REPRESENTATION_ITEM(
  '') );
#967 = CARTESIAN_POINT('',(7.5,12.990381056767));
#968 = CARTESIAN_POINT('',(30.,-8.104628079764E-15));
#969 = CARTESIAN_POINT('',(7.5,-12.99038105676));
#970 = CARTESIAN_POINT('',(-15.,-25.98076211353));
#971 = CARTESIAN_POINT('',(-15.,-2.101166556546E-15));
#972 = CARTESIAN_POINT('',(-15.,25.980762113533));
#973 = CARTESIAN_POINT('',(7.5,12.990381056767));
#974 = ( GEOMETRIC_REPRESENTATION_CONTEXT(2) 
PARAMETRIC_REPRESENTATION_CONTEXT() REPRESENTATION_CONTEXT('2D SPACE',''
  ) );
#975 = PCURVE('',#976,#981);
#976 = CONICAL_SURFACE('',#977,50.,0.528074448426);
#977 = AXIS2_PLACEMENT_3D('',#978,#979,#980);
#978 = CARTESIAN_POINT('',(0.,0.,0.));
#979 = DIRECTION('',(-0.,-0.,-1.));
#980 = DIRECTION('',(1.,0.,0.));
#981 = DEFINITIONAL_REPRESENTATION('',(#982),#986);
#982 = LINE('',#983,#984);
#983 = CARTESIAN_POINT('',(-7.330382858376,-60.));
#984 = VECTOR('',#985,1.);
#985 = DIRECTION('',(1.,-0.));
#986 = ( GEOMETRIC_REPRESENTATION_CONTEXT(2) 
PARAMETRIC_REPRESENTATION_CONTEXT() REPRESENTATION_CONTEXT('2D SPACE',''
  ) );
#987 = ORIENTED_EDGE('',*,*,#988,.F.);
#988 = EDGE_CURVE('',#464,#956,#989,.T.);
#989 = SURFACE_CURVE('',#990,(#995,#1006),.PCURVE_S1.);
#990 = CIRCLE('',#991,15.);
#991 = AXIS2_PLACEMENT_3D('',#992,#993,#994);
#992 = CARTESIAN_POINT('',(0.,0.,60.));
#993 = DIRECTION('',(0.,0.,-1.));
#994 = DIRECTION('',(0.5,0.866025403784,0.));
#995 = PCURVE('',#480,#996);
#996 = DEFINITIONAL_REPRESENTATION('',(#997),#1005);
#997 = ( BOUNDED_CURVE() B_SPLINE_CURVE(2,(#998,#999,#1000,#1001,#1002,
#1003,#1004),.UNSPECIFIED.,.T.,.F.) B_SPLINE_CURVE_WITH_KNOTS((1,2,2,2,2
    ,1),(-2.094395102393,0.,2.094395102393,4.188790204786,6.28318530718,
8.377580409573),.UNSPECIFIED.) CURVE() GEOMETRIC_REPRESENTATION_ITEM() 
RATIONAL_B_SPLINE_CURVE((1.,0.5,1.,0.5,1.,0.5,1.)) REPRESENTATION_ITEM(
  '') );
#998 = CARTESIAN_POINT('',(7.5,12.990381056767));
#999 = CARTESIAN_POINT('',(30.,-8.104628079764E-15));
#1000 = CARTESIAN_POINT('',(7.5,-12.99038105676));
#1001 = CARTESIAN_POINT('',(-15.,-25.98076211353));
#1002 = CARTESIAN_POINT('',(-15.,-2.101166556546E-15));
#1003 = CARTESIAN_POINT('',(-15.,25.980762113533));
#1004 = CARTESIAN_POINT('',(7.5,12.990381056767));
#1005 = ( GEOMETRIC_REPRESENTATION_CONTEXT(2) 
PARAMETRIC_REPRESENTATION_CONTEXT() REPRESENTATION_CONTEXT('2D SPACE',''
  ) );
#1006 = PCURVE('',#744,#1007);
#1007 = DEFINITIONAL_REPRESENTATION('',(#1008),#1012);
#1008 = LINE('',#1009,#1010);
#1009 = CARTESIAN_POINT('',(-7.330382858376,-60.));
#1010 = VECTOR('',#1011,1.);
#1011 = DIRECTION('',(1.,-0.));
#1012 = ( GEOMETRIC_REPRESENTATION_CONTEXT(2) 
PARAMETRIC_REPRESENTATION_CONTEXT() REPRESENTATION_CONTEXT('2D SPACE',''
  ) );
#1013 = ORIENTED_EDGE('',*,*,#463,.F.);
#1014 = FACE_BOUND('',#1015,.T.);
#1015 = EDGE_LOOP('',(#1016));
#1016 = ORIENTED_EDGE('',*,*,#1017,.F.);
#1017 = EDGE_CURVE('',#1018,#1018,#1020,.T.);
#1018 = VERTEX_POINT('',#1019);
#1019 = CARTESIAN_POINT('',(7.5,0.,60.));
#1020 = SURFACE_CURVE('',#1021,(#1026,#1033),.PCURVE_S1.);
#1021 = CIRCLE('',#1022,7.5);
#1022 = AXIS2_PLACEMENT_3D('',#1023,#1024,#1025);
#1023 = CARTESIAN_POINT('',(0.,0.,60.));
#1024 = DIRECTION('',(0.,0.,1.));
#1025 = DIRECTION('',(1.,0.,0.));
#1026 = PCURVE('',#480,#1027);
#1027 = DEFINITIONAL_REPRESENTATION('',(#1028),#1032);
#1028 = CIRCLE('',#1029,7.5);
#1029 = AXIS2_PLACEMENT_2D('',#1030,#1031);
#1030 = CARTESIAN_POINT('',(0.,0.));
#1031 = DIRECTION('',(1.,0.));
#1032 = ( GEOMETRIC_REPRESENTATION_CONTEXT(2) 
PARAMETRIC_REPRESENTATION_CONTEXT() REPRESENTATION_CONTEXT('2D SPACE',''
  ) );
#1033 = PCURVE('',#1034,#1039);
#1034 = CYLINDRICAL_SURFACE('',#1035,7.5);
#1035 = AXIS2_PLACEMENT_3D('',#1036,#1037,#1038);
#1036 = CARTESIAN_POINT('',(0.,0.,0.));
#1037 = DIRECTION('',(-0.,-0.,-1.));
#1038 = DIRECTION('',(1.,0.,0.));
#1039 = DEFINITIONAL_REPRESENTATION('',(#1040),#1044);
#1040 = LINE('',#1041,#1042);
#1041 = CARTESIAN_POINT('',(-0.,-60.));
#1042 = VECTOR('',#1043,1.);
#1043 = DIRECTION('',(-1.,0.));
#1044 = ( GEOMETRIC_REPRESENTATION_CONTEXT(2) 
PARAMETRIC_REPRESENTATION_CONTEXT() REPRESENTATION_CONTEXT('2D SPACE',''
  ) );
#1045 = ADVANCED_FACE('',(#1046),#451,.T.);
#1046 = FACE_BOUND('',#1047,.T.);
#1047 = EDGE_LOOP('',(#1048,#1049,#1070,#1118,#1166));
#1048 = ORIENTED_EDGE('',*,*,#431,.F.);
#1049 = ORIENTED_EDGE('',*,*,#1050,.F.);
#1050 = EDGE_CURVE('',#1051,#209,#1053,.T.);
#1051 = VERTEX_POINT('',#1052);
#1052 = CARTESIAN_POINT('',(19.289421247353,1.643293284187,
    62.51935512762));
#1053 = SURFACE_CURVE('',#1054,(#1057,#1063),.PCURVE_S1.);
#1054 = B_SPLINE_CURVE_WITH_KNOTS('',1,(#1055,#1056),.UNSPECIFIED.,.F.,
  .F.,(2,2),(3.,4.),.PIECEWISE_BEZIER_KNOTS.);
#1055 = CARTESIAN_POINT('',(19.289421247353,1.643293284187,
    62.51935512762));
#1056 = CARTESIAN_POINT('',(12.590509652902,-0.276570978337,
    58.488386923428));
#1057 = PCURVE('',#451,#1058);
#1058 = DEFINITIONAL_REPRESENTATION('',(#1059),#1062);
#1059 = B_SPLINE_CURVE_WITH_KNOTS('',1,(#1060,#1061),.UNSPECIFIED.,.F.,
  .F.,(2,2),(3.,4.),.PIECEWISE_BEZIER_KNOTS.);
#1060 = CARTESIAN_POINT('',(7.714673923978,-2.300827296146));
#1061 = CARTESIAN_POINT('',(0.,0.));
#1062 = ( GEOMETRIC_REPRESENTATION_CONTEXT(2) 
PARAMETRIC_REPRESENTATION_CONTEXT() REPRESENTATION_CONTEXT('2D SPACE',''
  ) );
#1063 = PCURVE('',#331,#1064);
#1064 = DEFINITIONAL_REPRESENTATION('',(#1065),#1069);
#1065 = LINE('',#1066,#1067);
#1066 = CARTESIAN_POINT('',(0.,1.));
#1067 = VECTOR('',#1068,1.);
#1068 = DIRECTION('',(1.,0.));
#1069 = ( GEOMETRIC_REPRESENTATION_CONTEXT(2) 
PARAMETRIC_REPRESENTATION_CONTEXT() REPRESENTATION_CONTEXT('2D SPACE',''
  ) );
#1070 = ORIENTED_EDGE('',*,*,#1071,.F.);
#1071 = EDGE_CURVE('',#1072,#1051,#1074,.T.);
#1072 = VERTEX_POINT('',#1073);
#1073 = CARTESIAN_POINT('',(18.916815581913,4.115370349749,
    62.51935512762));
#1074 = SURFACE_CURVE('',#1075,(#1078,#1084),.PCURVE_S1.);
#1075 = B_SPLINE_CURVE_WITH_KNOTS('',1,(#1076,#1077),.UNSPECIFIED.,.F.,
  .F.,(2,2),(2.,3.),.PIECEWISE_BEZIER_KNOTS.);
#1076 = CARTESIAN_POINT('',(18.916815581913,4.115370349749,
    62.51935512762));
#1077 = CARTESIAN_POINT('',(19.289421247353,1.643293284187,
    62.51935512762));
#1078 = PCURVE('',#451,#1079);
#1079 = DEFINITIONAL_REPRESENTATION('',(#1080),#1083);
#1080 = B_SPLINE_CURVE_WITH_KNOTS('',1,(#1081,#1082),.UNSPECIFIED.,.F.,
  .F.,(2,2),(2.,3.),.PIECEWISE_BEZIER_KNOTS.);
#1081 = CARTESIAN_POINT('',(8.69252552484,0.));
#1082 = CARTESIAN_POINT('',(7.714673923978,-2.300827296146));
#1083 = ( GEOMETRIC_REPRESENTATION_CONTEXT(2) 
PARAMETRIC_REPRESENTATION_CONTEXT() REPRESENTATION_CONTEXT('2D SPACE',''
  ) );
#1084 = PCURVE('',#1085,#1112);
#1085 = ( BOUNDED_SURFACE() B_SPLINE_SURFACE(1,7,(
    (#1086,#1087,#1088,#1089,#1090,#1091,#1092,#1093,#1094,#1095,#1096
      ,#1097,#1098)
    ,(#1099,#1100,#1101,#1102,#1103,#1104,#1105,#1106,#1107,#1108,#1109
      ,#1110,#1111
)),.UNSPECIFIED.,.F.,.F.,.F.) B_SPLINE_SURFACE_WITH_KNOTS((2,2),(8,5,8),
  (2.,3.),(0.,0.535767911908,1.),.UNSPECIFIED.) 
GEOMETRIC_REPRESENTATION_ITEM() RATIONAL_B_SPLINE_SURFACE((
    (1.,1.,1.,1.,1.,1.,1.,1.,1.,1.,1.,1.,1.)
,(1.,1.,1.,1.,1.,1.,1.,1.,1.,1.,1.,1.,1.
))) REPRESENTATION_ITEM('') SURFACE() );
#1086 = CARTESIAN_POINT('',(51.001286198004,-61.94874572256,
    17.635485893343));
#1087 = CARTESIAN_POINT('',(52.770238158741,-55.30323530334,
    20.587765495266));
#1088 = CARTESIAN_POINT('',(53.799904619076,-48.54190249505,
    23.617546024666));
#1089 = CARTESIAN_POINT('',(54.043508078485,-41.76028730171,
    26.729229897532));
#1090 = CARTESIAN_POINT('',(53.465699281385,-35.07354408841,
    29.927150978463));
#1091 = CARTESIAN_POINT('',(52.048436708182,-28.61711445106,
    33.215253979951));
#1092 = CARTESIAN_POINT('',(47.862061457992,-17.29127603039,
    39.525906189156));
#1093 = CARTESIAN_POINT('',(41.011493356467,-7.888797890238,
    46.159529069457));
#1094 = CARTESIAN_POINT('',(37.296650183025,-4.044928816628,
    49.308528663189));
#1095 = CARTESIAN_POINT('',(33.11326890931,-0.831513196702,
    52.525144481709));
#1096 = CARTESIAN_POINT('',(28.560405259398,1.646137254065,
    55.805093086111));
#1097 = CARTESIAN_POINT('',(23.775919249763,3.307474248927,
    59.140267685882));
#1098 = CARTESIAN_POINT('',(18.916815581913,4.115370349749,
    62.51935512762));
#1099 = CARTESIAN_POINT('',(49.046707491834,-63.50747022721,
    17.635485893343));
#1100 = CARTESIAN_POINT('',(50.923025164938,-56.99659211771,
    20.587765495266));
#1101 = CARTESIAN_POINT('',(52.073694329012,-50.36479738514,
    23.617546024666));
#1102 = CARTESIAN_POINT('',(52.452290302257,-43.70597011239,
    26.729229897532));
#1103 = CARTESIAN_POINT('',(52.023621623574,-37.13334382348,
    29.927150978463));
#1104 = CARTESIAN_POINT('',(50.769522369747,-30.78017142848,
    33.215253979951));
#1105 = CARTESIAN_POINT('',(46.912698359385,-19.62215446567,
    39.525906189156));
#1106 = CARTESIAN_POINT('',(40.433610962337,-10.33225818861,
    46.159529069457));
#1107 = CARTESIAN_POINT('',(36.899370918674,-6.527112871208,
    49.308528663189));
#1108 = CARTESIAN_POINT('',(32.903439963366,-3.337234003755,
    52.525144481709));
#1109 = CARTESIAN_POINT('',(28.543052916546,-0.866384084912,
    55.805093086111));
#1110 = CARTESIAN_POINT('',(23.953630256447,0.806021750562,
    59.140267685882));
#1111 = CARTESIAN_POINT('',(19.289421247353,1.643293284187,
    62.51935512762));
#1112 = DEFINITIONAL_REPRESENTATION('',(#1113),#1117);
#1113 = LINE('',#1114,#1115);
#1114 = CARTESIAN_POINT('',(0.,1.));
#1115 = VECTOR('',#1116,1.);
#1116 = DIRECTION('',(1.,0.));
#1117 = ( GEOMETRIC_REPRESENTATION_CONTEXT(2) 
PARAMETRIC_REPRESENTATION_CONTEXT() REPRESENTATION_CONTEXT('2D SPACE',''
  ) );
#1118 = ORIENTED_EDGE('',*,*,#1119,.F.);
#1119 = EDGE_CURVE('',#1120,#1072,#1122,.T.);
#1120 = VERTEX_POINT('',#1121);
#1121 = CARTESIAN_POINT('',(14.478810853663,4.026212124685,
    59.951682662373));
#1122 = SURFACE_CURVE('',#1123,(#1126,#1132),.PCURVE_S1.);
#1123 = B_SPLINE_CURVE_WITH_KNOTS('',1,(#1124,#1125),.UNSPECIFIED.,.F.,
  .F.,(2,2),(1.,2.),.PIECEWISE_BEZIER_KNOTS.);
#1124 = CARTESIAN_POINT('',(11.949627908344,3.975401574431,
    58.488386923428));
#1125 = CARTESIAN_POINT('',(18.916815581913,4.115370349749,
    62.51935512762));
#1126 = PCURVE('',#451,#1127);
#1127 = DEFINITIONAL_REPRESENTATION('',(#1128),#1131);
#1128 = B_SPLINE_CURVE_WITH_KNOTS('',1,(#1129,#1130),.UNSPECIFIED.,.F.,
  .F.,(2,2),(1.,2.),.PIECEWISE_BEZIER_KNOTS.);
#1129 = CARTESIAN_POINT('',(1.681904753483,3.957422949371));
#1130 = CARTESIAN_POINT('',(8.69252552484,0.));
#1131 = ( GEOMETRIC_REPRESENTATION_CONTEXT(2) 
PARAMETRIC_REPRESENTATION_CONTEXT() REPRESENTATION_CONTEXT('2D SPACE',''
  ) );
#1132 = PCURVE('',#1133,#1160);
#1133 = ( BOUNDED_SURFACE() B_SPLINE_SURFACE(1,7,(
    (#1134,#1135,#1136,#1137,#1138,#1139,#1140,#1141,#1142,#1143,#1144
      ,#1145,#1146)
    ,(#1147,#1148,#1149,#1150,#1151,#1152,#1153,#1154,#1155,#1156,#1157
      ,#1158,#1159
)),.UNSPECIFIED.,.F.,.F.,.F.) B_SPLINE_SURFACE_WITH_KNOTS((2,2),(8,5,8),
  (1.,2.),(0.,0.535767911908,1.),.UNSPECIFIED.) 
GEOMETRIC_REPRESENTATION_ITEM() RATIONAL_B_SPLINE_SURFACE((
    (1.,1.,1.,1.,1.,1.,1.,1.,1.,1.,1.,1.,1.)
,(1.,1.,1.,1.,1.,1.,1.,1.,1.,1.,1.,1.,1.
))) REPRESENTATION_ITEM('') SURFACE() );
#1134 = CARTESIAN_POINT('',(31.23975577293,-35.72508243356,
    -1.511613076572));
#1135 = CARTESIAN_POINT('',(32.265137739028,-31.77337079402,
    2.434944542848));
#1136 = CARTESIAN_POINT('',(32.855260332582,-27.75089023398,
    6.485104096032));
#1137 = CARTESIAN_POINT('',(32.982177202574,-23.71330047459,
    10.644750658568));
#1138 = CARTESIAN_POINT('',(32.62448156848,-19.72778516482,
    14.919677667479));
#1139 = CARTESIAN_POINT('',(31.770732891651,-15.87348579838,
    19.315158348092));
#1140 = CARTESIAN_POINT('',(29.264385300657,-9.097240141958,
    27.751131872906));
#1141 = CARTESIAN_POINT('',(25.174307412372,-3.435825171038,
    36.618847148103));
#1142 = CARTESIAN_POINT('',(22.956640658045,-1.110500157867,
    40.828376737379));
#1143 = CARTESIAN_POINT('',(20.457889210337,0.847460330225,
    45.128294556526));
#1144 = CARTESIAN_POINT('',(17.73520126965,2.375705447717,49.51287457648
    ));
#1145 = CARTESIAN_POINT('',(14.868593488952,3.426027624188,
    53.971279776406));
#1146 = CARTESIAN_POINT('',(11.949627908344,3.975401574431,
    58.488386923428));
#1147 = CARTESIAN_POINT('',(51.001286198004,-61.94874572256,
    17.635485893343));
#1148 = CARTESIAN_POINT('',(52.770238158741,-55.30323530334,
    20.587765495266));
#1149 = CARTESIAN_POINT('',(53.799904619076,-48.54190249505,
    23.617546024666));
#1150 = CARTESIAN_POINT('',(54.043508078485,-41.76028730171,
    26.729229897532));
#1151 = CARTESIAN_POINT('',(53.465699281385,-35.07354408841,
    29.927150978463));
#1152 = CARTESIAN_POINT('',(52.048436708182,-28.61711445106,
    33.215253979951));
#1153 = CARTESIAN_POINT('',(47.862061457992,-17.29127603039,
    39.525906189156));
#1154 = CARTESIAN_POINT('',(41.011493356467,-7.888797890238,
    46.159529069457));
#1155 = CARTESIAN_POINT('',(37.296650183025,-4.044928816628,
    49.308528663189));
#1156 = CARTESIAN_POINT('',(33.11326890931,-0.831513196702,
    52.525144481709));
#1157 = CARTESIAN_POINT('',(28.560405259398,1.646137254065,
    55.805093086111));
#1158 = CARTESIAN_POINT('',(23.775919249763,3.307474248927,
    59.140267685882));
#1159 = CARTESIAN_POINT('',(18.916815581913,4.115370349749,
    62.51935512762));
#1160 = DEFINITIONAL_REPRESENTATION('',(#1161),#1165);
#1161 = LINE('',#1162,#1163);
#1162 = CARTESIAN_POINT('',(0.,1.));
#1163 = VECTOR('',#1164,1.);
#1164 = DIRECTION('',(1.,0.));
#1165 = ( GEOMETRIC_REPRESENTATION_CONTEXT(2) 
PARAMETRIC_REPRESENTATION_CONTEXT() REPRESENTATION_CONTEXT('2D SPACE',''
  ) );
#1166 = ORIENTED_EDGE('',*,*,#1167,.F.);
#1167 = EDGE_CURVE('',#432,#1120,#1168,.T.);
#1168 = SURFACE_CURVE('',#1169,(#1174,#1181),.PCURVE_S1.);
#1169 = ELLIPSE('',#1170,26.322525453694,21.380020186097);
#1170 = AXIS2_PLACEMENT_3D('',#1171,#1172,#1173);
#1171 = CARTESIAN_POINT('',(-7.650427971321,-1.153116480416,
    46.736842105263));
#1172 = DIRECTION('',(-0.49824320248,-7.509807950462E-02,0.863778900898)
  );
#1173 = DIRECTION('',(-0.854131204251,-0.128739564865,-0.503871025524));
#1174 = PCURVE('',#451,#1175);
#1175 = DEFINITIONAL_REPRESENTATION('',(#1176),#1180);
#1176 = ELLIPSE('',#1177,26.322525453694,21.380020186097);
#1177 = AXIS2_PLACEMENT_2D('',#1178,#1179);
#1178 = CARTESIAN_POINT('',(-20.62348889482,11.101099015103));
#1179 = DIRECTION('',(-0.920330918458,0.391140640345));
#1180 = ( GEOMETRIC_REPRESENTATION_CONTEXT(2) 
PARAMETRIC_REPRESENTATION_CONTEXT() REPRESENTATION_CONTEXT('2D SPACE',''
  ) );
#1181 = PCURVE('',#852,#1182);
#1182 = DEFINITIONAL_REPRESENTATION('',(#1183),#1190);
#1183 = B_SPLINE_CURVE_WITH_KNOTS('',5,(#1184,#1185,#1186,#1187,#1188,
    #1189),.UNSPECIFIED.,.F.,.F.,(6,6),(3.14159265359,3.325783209005),
  .PIECEWISE_BEZIER_KNOTS.);
#1184 = CARTESIAN_POINT('',(-6.432784957351,-60.));
#1185 = CARTESIAN_POINT('',(-6.485291594589,-60.));
#1186 = CARTESIAN_POINT('',(-6.53779823463,-59.97750161437));
#1187 = CARTESIAN_POINT('',(-6.590228293441,-59.93250474006));
#1188 = CARTESIAN_POINT('',(-6.642505256019,-59.86513694981));
#1189 = CARTESIAN_POINT('',(-6.694557752395,-59.77565133834));
#1190 = ( GEOMETRIC_REPRESENTATION_CONTEXT(2) 
PARAMETRIC_REPRESENTATION_CONTEXT() REPRESENTATION_CONTEXT('2D SPACE',''
  ) );
#1191 = ADVANCED_FACE('',(#1192),#331,.F.);
#1192 = FACE_BOUND('',#1193,.F.);
#1193 = EDGE_LOOP('',(#1194,#1227,#1253,#1313,#1340,#1341));
#1194 = ORIENTED_EDGE('',*,*,#1195,.F.);
#1195 = EDGE_CURVE('',#1196,#1051,#1198,.T.);
#1196 = VERTEX_POINT('',#1197);
#1197 = CARTESIAN_POINT('',(49.046707491834,-63.50747022721,
    17.635485893343));
#1198 = SURFACE_CURVE('',#1199,(#1213,#1220),.PCURVE_S1.);
#1199 = ( BOUNDED_CURVE() B_SPLINE_CURVE(7,(#1200,#1201,#1202,#1203,
    #1204,#1205,#1206,#1207,#1208,#1209,#1210,#1211,#1212),
.UNSPECIFIED.,.F.,.F.) B_SPLINE_CURVE_WITH_KNOTS((8,5,8),(0.,
0.535767911908,1.),.UNSPECIFIED.) CURVE() GEOMETRIC_REPRESENTATION_ITEM(
) RATIONAL_B_SPLINE_CURVE((1.,1.,1.,1.,1.,1.,1.,1.,1.,1.,1.,1.,1.)) 
REPRESENTATION_ITEM('') );
#1200 = CARTESIAN_POINT('',(49.046707491834,-63.50747022721,
    17.635485893343));
#1201 = CARTESIAN_POINT('',(50.923025164938,-56.99659211771,
    20.587765495266));
#1202 = CARTESIAN_POINT('',(52.073694329012,-50.36479738514,
    23.617546024666));
#1203 = CARTESIAN_POINT('',(52.452290302257,-43.70597011239,
    26.729229897532));
#1204 = CARTESIAN_POINT('',(52.023621623574,-37.13334382348,
    29.927150978463));
#1205 = CARTESIAN_POINT('',(50.769522369747,-30.78017142848,
    33.215253979951));
#1206 = CARTESIAN_POINT('',(46.912698359385,-19.62215446567,
    39.525906189156));
#1207 = CARTESIAN_POINT('',(40.433610962337,-10.33225818861,
    46.159529069457));
#1208 = CARTESIAN_POINT('',(36.899370918674,-6.527112871208,
    49.308528663189));
#1209 = CARTESIAN_POINT('',(32.903439963366,-3.337234003755,
    52.525144481709));
#1210 = CARTESIAN_POINT('',(28.543052916546,-0.866384084912,
    55.805093086111));
#1211 = CARTESIAN_POINT('',(23.953630256447,0.806021750562,
    59.140267685882));
#1212 = CARTESIAN_POINT('',(19.289421247353,1.643293284187,
    62.51935512762));
#1213 = PCURVE('',#331,#1214);
#1214 = DEFINITIONAL_REPRESENTATION('',(#1215),#1219);
#1215 = LINE('',#1216,#1217);
#1216 = CARTESIAN_POINT('',(3.,0.));
#1217 = VECTOR('',#1218,1.);
#1218 = DIRECTION('',(0.,1.));
#1219 = ( GEOMETRIC_REPRESENTATION_CONTEXT(2) 
PARAMETRIC_REPRESENTATION_CONTEXT() REPRESENTATION_CONTEXT('2D SPACE',''
  ) );
#1220 = PCURVE('',#1085,#1221);
#1221 = DEFINITIONAL_REPRESENTATION('',(#1222),#1226);
#1222 = LINE('',#1223,#1224);
#1223 = CARTESIAN_POINT('',(3.,0.));
#1224 = VECTOR('',#1225,1.);
#1225 = DIRECTION('',(0.,1.));
#1226 = ( GEOMETRIC_REPRESENTATION_CONTEXT(2) 
PARAMETRIC_REPRESENTATION_CONTEXT() REPRESENTATION_CONTEXT('2D SPACE',''
  ) );
#1227 = ORIENTED_EDGE('',*,*,#1228,.T.);
#1228 = EDGE_CURVE('',#1196,#1229,#1231,.T.);
#1229 = VERTEX_POINT('',#1230);
#1230 = CARTESIAN_POINT('',(27.877880398318,-38.40608858155,
    -1.511613076572));
#1231 = SURFACE_CURVE('',#1232,(#1235,#1242),.PCURVE_S1.);
#1232 = B_SPLINE_CURVE_WITH_KNOTS('',1,(#1233,#1234),.UNSPECIFIED.,.F.,
  .F.,(2,2),(3.,4.),.PIECEWISE_BEZIER_KNOTS.);
#1233 = CARTESIAN_POINT('',(49.046707491834,-63.50747022721,
    17.635485893343));
#1234 = CARTESIAN_POINT('',(27.877880398318,-38.40608858155,
    -1.511613076572));
#1235 = PCURVE('',#331,#1236);
#1236 = DEFINITIONAL_REPRESENTATION('',(#1237),#1241);
#1237 = LINE('',#1238,#1239);
#1238 = CARTESIAN_POINT('',(0.,0.));
#1239 = VECTOR('',#1240,1.);
#1240 = DIRECTION('',(1.,0.));
#1241 = ( GEOMETRIC_REPRESENTATION_CONTEXT(2) 
PARAMETRIC_REPRESENTATION_CONTEXT() REPRESENTATION_CONTEXT('2D SPACE',''
  ) );
#1242 = PCURVE('',#1243,#1248);
#1243 = PLANE('',#1244);
#1244 = AXIS2_PLACEMENT_3D('',#1245,#1246,#1247);
#1245 = CARTESIAN_POINT('',(27.877880398318,-38.40608858155,
    -1.511613076572));
#1246 = DIRECTION('',(-0.314158445866,0.393942230858,0.863778900898));
#1247 = DIRECTION('',(0.606089478203,-0.617078509357,0.501866175092));
#1248 = DEFINITIONAL_REPRESENTATION('',(#1249),#1252);
#1249 = B_SPLINE_CURVE_WITH_KNOTS('',1,(#1250,#1251),.UNSPECIFIED.,.F.,
  .F.,(2,2),(3.,4.),.PIECEWISE_BEZIER_KNOTS.);
#1250 = CARTESIAN_POINT('',(37.92900786012,-2.49005275988));
#1251 = CARTESIAN_POINT('',(-7.105427357601E-15,0.));
#1252 = ( GEOMETRIC_REPRESENTATION_CONTEXT(2) 
PARAMETRIC_REPRESENTATION_CONTEXT() REPRESENTATION_CONTEXT('2D SPACE',''
  ) );
#1253 = ORIENTED_EDGE('',*,*,#1254,.T.);
#1254 = EDGE_CURVE('',#1229,#1255,#1257,.T.);
#1255 = VERTEX_POINT('',#1256);
#1256 = CARTESIAN_POINT('',(28.313542187703,-36.98266024266,
    -9.404009925742E-16));
#1257 = SURFACE_CURVE('',#1258,(#1272,#1279),.PCURVE_S1.);
#1258 = ( BOUNDED_CURVE() B_SPLINE_CURVE(7,(#1259,#1260,#1261,#1262,
    #1263,#1264,#1265,#1266,#1267,#1268,#1269,#1270,#1271),
.UNSPECIFIED.,.F.,.F.) B_SPLINE_CURVE_WITH_KNOTS((8,5,8),(0.,
0.535767911908,1.),.UNSPECIFIED.) CURVE() GEOMETRIC_REPRESENTATION_ITEM(
) RATIONAL_B_SPLINE_CURVE((1.,1.,1.,1.,1.,1.,1.,1.,1.,1.,1.,1.,1.)) 
REPRESENTATION_ITEM('') );
#1259 = CARTESIAN_POINT('',(27.877880398318,-38.40608858155,
    -1.511613076572));
#1260 = CARTESIAN_POINT('',(29.087931389683,-34.68594451473,
    2.434944542848));
#1261 = CARTESIAN_POINT('',(29.886178633685,-30.88626944496,
    6.485104096032));
#1262 = CARTESIAN_POINT('',(30.245282627443,-27.05987490892,
    10.644750658568));
#1263 = CARTESIAN_POINT('',(30.144107997059,-23.27064070916,
    14.919677667479));
#1264 = CARTESIAN_POINT('',(29.571000229536,-19.59394379954,
    19.315158348092));
#1265 = CARTESIAN_POINT('',(27.631480771058,-13.10635105065,
    27.751131872906));
#1266 = CARTESIAN_POINT('',(24.180349694465,-7.638576884235,
    36.618847148103));
#1267 = CARTESIAN_POINT('',(22.273320323364,-5.379856731759,
    40.828376737379));
#1268 = CARTESIAN_POINT('',(20.096983423317,-3.462379457892,
    45.128294556526));
#1269 = CARTESIAN_POINT('',(17.705355239942,-1.945831255332,
    49.51287457648));
#1270 = CARTESIAN_POINT('',(15.17425642045,-0.876470672997,
    53.971279776406));
#1271 = CARTESIAN_POINT('',(12.590509652902,-0.276570978337,
    58.488386923428));
#1272 = PCURVE('',#331,#1273);
#1273 = DEFINITIONAL_REPRESENTATION('',(#1274),#1278);
#1274 = LINE('',#1275,#1276);
#1275 = CARTESIAN_POINT('',(4.,0.));
#1276 = VECTOR('',#1277,1.);
#1277 = DIRECTION('',(0.,1.));
#1278 = ( GEOMETRIC_REPRESENTATION_CONTEXT(2) 
PARAMETRIC_REPRESENTATION_CONTEXT() REPRESENTATION_CONTEXT('2D SPACE',''
  ) );
#1279 = PCURVE('',#1280,#1307);
#1280 = ( BOUNDED_SURFACE() B_SPLINE_SURFACE(1,7,(
    (#1281,#1282,#1283,#1284,#1285,#1286,#1287,#1288,#1289,#1290,#1291
      ,#1292,#1293)
    ,(#1294,#1295,#1296,#1297,#1298,#1299,#1300,#1301,#1302,#1303,#1304
      ,#1305,#1306
)),.UNSPECIFIED.,.F.,.F.,.F.) B_SPLINE_SURFACE_WITH_KNOTS((2,2),(8,5,8),
  (0.,1.),(0.,0.535767911908,1.),.UNSPECIFIED.) 
GEOMETRIC_REPRESENTATION_ITEM() RATIONAL_B_SPLINE_SURFACE((
    (1.,1.,1.,1.,1.,1.,1.,1.,1.,1.,1.,1.,1.)
,(1.,1.,1.,1.,1.,1.,1.,1.,1.,1.,1.,1.,1.
))) REPRESENTATION_ITEM('') SURFACE() );
#1281 = CARTESIAN_POINT('',(27.877880398318,-38.40608858155,
    -1.511613076572));
#1282 = CARTESIAN_POINT('',(29.087931389683,-34.68594451473,
    2.434944542848));
#1283 = CARTESIAN_POINT('',(29.886178633685,-30.88626944496,
    6.485104096032));
#1284 = CARTESIAN_POINT('',(30.245282627443,-27.05987490892,
    10.644750658568));
#1285 = CARTESIAN_POINT('',(30.144107997059,-23.27064070916,
    14.919677667479));
#1286 = CARTESIAN_POINT('',(29.571000229536,-19.59394379954,
    19.315158348092));
#1287 = CARTESIAN_POINT('',(27.631480771058,-13.10635105065,
    27.751131872906));
#1288 = CARTESIAN_POINT('',(24.180349694465,-7.638576884235,
    36.618847148103));
#1289 = CARTESIAN_POINT('',(22.273320323364,-5.379856731759,
    40.828376737379));
#1290 = CARTESIAN_POINT('',(20.096983423317,-3.462379457892,
    45.128294556526));
#1291 = CARTESIAN_POINT('',(17.705355239942,-1.945831255332,
    49.51287457648));
#1292 = CARTESIAN_POINT('',(15.17425642045,-0.876470672997,
    53.971279776406));
#1293 = CARTESIAN_POINT('',(12.590509652902,-0.276570978337,
    58.488386923428));
#1294 = CARTESIAN_POINT('',(31.23975577293,-35.72508243356,
    -1.511613076572));
#1295 = CARTESIAN_POINT('',(32.265137739028,-31.77337079402,
    2.434944542848));
#1296 = CARTESIAN_POINT('',(32.855260332582,-27.75089023398,
    6.485104096032));
#1297 = CARTESIAN_POINT('',(32.982177202574,-23.71330047459,
    10.644750658568));
#1298 = CARTESIAN_POINT('',(32.62448156848,-19.72778516482,
    14.919677667479));
#1299 = CARTESIAN_POINT('',(31.770732891651,-15.87348579838,
    19.315158348092));
#1300 = CARTESIAN_POINT('',(29.264385300657,-9.097240141958,
    27.751131872906));
#1301 = CARTESIAN_POINT('',(25.174307412372,-3.435825171038,
    36.618847148103));
#1302 = CARTESIAN_POINT('',(22.956640658045,-1.110500157867,
    40.828376737379));
#1303 = CARTESIAN_POINT('',(20.457889210337,0.847460330225,
    45.128294556526));
#1304 = CARTESIAN_POINT('',(17.73520126965,2.375705447717,49.51287457648
    ));
#1305 = CARTESIAN_POINT('',(14.868593488952,3.426027624188,
    53.971279776406));
#1306 = CARTESIAN_POINT('',(11.949627908344,3.975401574431,
    58.488386923428));
#1307 = DEFINITIONAL_REPRESENTATION('',(#1308),#1312);
#1308 = LINE('',#1309,#1310);
#1309 = CARTESIAN_POINT('',(0.,0.));
#1310 = VECTOR('',#1311,1.);
#1311 = DIRECTION('',(0.,1.));
#1312 = ( GEOMETRIC_REPRESENTATION_CONTEXT(2) 
PARAMETRIC_REPRESENTATION_CONTEXT() REPRESENTATION_CONTEXT('2D SPACE',''
  ) );
#1313 = ORIENTED_EDGE('',*,*,#1314,.F.);
#1314 = EDGE_CURVE('',#181,#1255,#1315,.T.);
#1315 = SURFACE_CURVE('',#1316,(#1322,#1331),.PCURVE_S1.);
#1316 = B_SPLINE_CURVE_WITH_KNOTS('',4,(#1317,#1318,#1319,#1320,#1321),
  .UNSPECIFIED.,.F.,.F.,(5,5),(0.,1.),.PIECEWISE_BEZIER_KNOTS.);
#1317 = CARTESIAN_POINT('',(29.549103589911,-40.38777660621,0.));
#1318 = CARTESIAN_POINT('',(29.261836619319,-39.52884565808,0.));
#1319 = CARTESIAN_POINT('',(28.960159501919,-38.67474115917,0.));
#1320 = CARTESIAN_POINT('',(28.644057073198,-37.82587203496,0.));
#1321 = CARTESIAN_POINT('',(28.313542187703,-36.98266024266,0.));
#1322 = PCURVE('',#331,#1323);
#1323 = DEFINITIONAL_REPRESENTATION('',(#1324),#1330);
#1324 = B_SPLINE_CURVE_WITH_KNOTS('',4,(#1325,#1326,#1327,#1328,#1329),
  .UNSPECIFIED.,.F.,.F.,(5,5),(0.,1.),.PIECEWISE_BEZIER_KNOTS.);
#1325 = CARTESIAN_POINT('',(3.921052631579,0.));
#1326 = CARTESIAN_POINT('',(3.940308202652,7.295324589266E-03));
#1327 = CARTESIAN_POINT('',(3.959877716273,1.459243921176E-02));
#1328 = CARTESIAN_POINT('',(3.979771340152,2.189080884446E-02));
#1329 = CARTESIAN_POINT('',(4.,2.918984975077E-02));
#1330 = ( GEOMETRIC_REPRESENTATION_CONTEXT(2) 
PARAMETRIC_REPRESENTATION_CONTEXT() REPRESENTATION_CONTEXT('2D SPACE',''
  ) );
#1331 = PCURVE('',#196,#1332);
#1332 = DEFINITIONAL_REPRESENTATION('',(#1333),#1339);
#1333 = B_SPLINE_CURVE_WITH_KNOTS('',4,(#1334,#1335,#1336,#1337,#1338),
  .UNSPECIFIED.,.F.,.F.,(5,5),(0.,1.),.PIECEWISE_BEZIER_KNOTS.);
#1334 = CARTESIAN_POINT('',(29.549103589911,-40.38777660621));
#1335 = CARTESIAN_POINT('',(29.261836619319,-39.52884565808));
#1336 = CARTESIAN_POINT('',(28.960159501919,-38.67474115917));
#1337 = CARTESIAN_POINT('',(28.644057073198,-37.82587203496));
#1338 = CARTESIAN_POINT('',(28.313542187703,-36.98266024266));
#1339 = ( GEOMETRIC_REPRESENTATION_CONTEXT(2) 
PARAMETRIC_REPRESENTATION_CONTEXT() REPRESENTATION_CONTEXT('2D SPACE',''
  ) );
#1340 = ORIENTED_EDGE('',*,*,#208,.T.);
#1341 = ORIENTED_EDGE('',*,*,#1050,.F.);
#1342 = ADVANCED_FACE('',(#1343,#2442),#196,.F.);
#1343 = FACE_BOUND('',#1344,.F.);
#1344 = EDGE_LOOP('',(#1345,#1403,#1427,#1483,#1539,#1595,#1619,#1675,
    #1731,#1787,#1810,#1866,#1922,#1978,#2001,#2057,#2113,#2169,#2192,
    #2221,#2248,#2249,#2250,#2251,#2280,#2309,#2332,#2388));
#1345 = ORIENTED_EDGE('',*,*,#1346,.F.);
#1346 = EDGE_CURVE('',#1347,#1349,#1351,.T.);
#1347 = VERTEX_POINT('',#1348);
#1348 = CARTESIAN_POINT('',(49.956038563935,2.096237343107,0.));
#1349 = VERTEX_POINT('',#1350);
#1350 = CARTESIAN_POINT('',(46.453980729734,3.376610745458,
    -1.095808590336E-15));
#1351 = SURFACE_CURVE('',#1352,(#1358,#1367),.PCURVE_S1.);
#1352 = B_SPLINE_CURVE_WITH_KNOTS('',4,(#1353,#1354,#1355,#1356,#1357),
  .UNSPECIFIED.,.F.,.F.,(5,5),(0.,1.),.PIECEWISE_BEZIER_KNOTS.);
#1353 = CARTESIAN_POINT('',(50.,2.078947368421,0.));
#1354 = CARTESIAN_POINT('',(49.121511377175,2.424761483188,0.));
#1355 = CARTESIAN_POINT('',(48.237475298752,2.756466201174,0.));
#1356 = CARTESIAN_POINT('',(47.34819105837,3.073823403727,0.));
#1357 = CARTESIAN_POINT('',(46.453980729734,3.376610745458,0.));
#1358 = PCURVE('',#196,#1359);
#1359 = DEFINITIONAL_REPRESENTATION('',(#1360),#1366);
#1360 = B_SPLINE_CURVE_WITH_KNOTS('',4,(#1361,#1362,#1363,#1364,#1365),
  .UNSPECIFIED.,.F.,.F.,(5,5),(0.,1.),.PIECEWISE_BEZIER_KNOTS.);
#1361 = CARTESIAN_POINT('',(50.,2.078947368421));
#1362 = CARTESIAN_POINT('',(49.121511377175,2.424761483188));
#1363 = CARTESIAN_POINT('',(48.237475298752,2.756466201174));
#1364 = CARTESIAN_POINT('',(47.34819105837,3.073823403727));
#1365 = CARTESIAN_POINT('',(46.453980729734,3.376610745458));
#1366 = ( GEOMETRIC_REPRESENTATION_CONTEXT(2) 
PARAMETRIC_REPRESENTATION_CONTEXT() REPRESENTATION_CONTEXT('2D SPACE',''
  ) );
#1367 = PCURVE('',#1368,#1395);
#1368 = ( BOUNDED_SURFACE() B_SPLINE_SURFACE(1,7,(
    (#1369,#1370,#1371,#1372,#1373,#1374,#1375,#1376,#1377,#1378,#1379
      ,#1380,#1381)
    ,(#1382,#1383,#1384,#1385,#1386,#1387,#1388,#1389,#1390,#1391,#1392
      ,#1393,#1394
)),.UNSPECIFIED.,.F.,.F.,.F.) B_SPLINE_SURFACE_WITH_KNOTS((2,2),(8,5,8),
  (1.,2.),(0.,0.535767911908,1.),.UNSPECIFIED.) 
GEOMETRIC_REPRESENTATION_ITEM() RATIONAL_B_SPLINE_SURFACE((
    (1.,1.,1.,1.,1.,1.,1.,1.,1.,1.,1.,1.,1.)
,(1.,1.,1.,1.,1.,1.,1.,1.,1.,1.,1.,1.,1.
))) REPRESENTATION_ITEM('') SURFACE() );
#1369 = CARTESIAN_POINT('',(47.408663297305,2.15,-1.511613076572));
#1370 = CARTESIAN_POINT('',(44.958405926751,5.415527809793,
    2.434944542848));
#1371 = CARTESIAN_POINT('',(42.181439406214,8.384879839298,6.48510409603
    ));
#1372 = CARTESIAN_POINT('',(39.103855993177,11.001503482999,
    10.644750658572));
#1373 = CARTESIAN_POINT('',(35.764835070088,13.206773925903,
    14.919677667475));
#1374 = CARTESIAN_POINT('',(32.21911888921,14.942402680537,
    19.315158348094));
#1375 = CARTESIAN_POINT('',(25.358554539176,17.207781289554,
    27.751131872904));
#1376 = CARTESIAN_POINT('',(18.382160227446,17.539864129211,
    36.618847148106));
#1377 = CARTESIAN_POINT('',(15.18145531993,17.255838874768,
    40.828376737371));
#1378 = CARTESIAN_POINT('',(12.092714123891,16.523004722865,
    45.128294556537));
#1379 = CARTESIAN_POINT('',(9.200315813443,15.347166819388,
    49.512874576472));
#1380 = CARTESIAN_POINT('',(6.59184015195,13.760827774251,
    53.971279776409));
#1381 = CARTESIAN_POINT('',(4.342377030516,11.821217642473,
    58.488386923428));
#1382 = CARTESIAN_POINT('',(80.232261531445,1.25,17.635485893343));
#1383 = CARTESIAN_POINT('',(76.139515776143,6.776430308414,
    20.587765495271));
#1384 = CARTESIAN_POINT('',(71.495279460446,11.797078016465,
    23.617546024649));
#1385 = CARTESIAN_POINT('',(66.345083473062,16.215802783491,
    26.729229897559));
#1386 = CARTESIAN_POINT('',(60.756919221196,19.933169876162,
    29.927150978439));
#1387 = CARTESIAN_POINT('',(54.825430505491,22.850627412849,
    33.215253979961));
#1388 = CARTESIAN_POINT('',(43.360371187584,26.639132197593,
    39.525906189144));
#1389 = CARTESIAN_POINT('',(31.737958416182,27.145491615633,
    46.159529069467));
#1390 = CARTESIAN_POINT('',(26.416533725764,26.637723437257,
    49.308528663162));
#1391 = CARTESIAN_POINT('',(21.295888666457,25.370556122492,
    52.525144481742));
#1392 = CARTESIAN_POINT('',(16.520119486479,23.355773774201,
    55.805093086089));
#1393 = CARTESIAN_POINT('',(12.238155686785,20.650938658202,
    59.140267685889));
#1394 = CARTESIAN_POINT('',(8.576915497516,17.355653413922,
    62.51935512762));
#1395 = DEFINITIONAL_REPRESENTATION('',(#1396),#1402);
#1396 = B_SPLINE_CURVE_WITH_KNOTS('',4,(#1397,#1398,#1399,#1400,#1401),
  .UNSPECIFIED.,.F.,.F.,(5,5),(0.,1.),.PIECEWISE_BEZIER_KNOTS.);
#1397 = CARTESIAN_POINT('',(1.078947368421,0.));
#1398 = CARTESIAN_POINT('',(1.059679887147,7.299836986541E-03));
#1399 = CARTESIAN_POINT('',(1.040106026138,1.459845374726E-02));
#1400 = CARTESIAN_POINT('',(1.020216172145,2.189531474118E-02));
#1401 = CARTESIAN_POINT('',(1.,2.918984975077E-02));
#1402 = ( GEOMETRIC_REPRESENTATION_CONTEXT(2) 
PARAMETRIC_REPRESENTATION_CONTEXT() REPRESENTATION_CONTEXT('2D SPACE',''
  ) );
#1403 = ORIENTED_EDGE('',*,*,#1404,.T.);
#1404 = EDGE_CURVE('',#1347,#1405,#1407,.T.);
#1405 = VERTEX_POINT('',#1406);
#1406 = CARTESIAN_POINT('',(32.761158756936,37.771768252266,0.));
#1407 = SURFACE_CURVE('',#1408,(#1413,#1420),.PCURVE_S1.);
#1408 = CIRCLE('',#1409,50.);
#1409 = AXIS2_PLACEMENT_3D('',#1410,#1411,#1412);
#1410 = CARTESIAN_POINT('',(0.,0.,0.));
#1411 = DIRECTION('',(0.,0.,1.));
#1412 = DIRECTION('',(1.,0.,0.));
#1413 = PCURVE('',#196,#1414);
#1414 = DEFINITIONAL_REPRESENTATION('',(#1415),#1419);
#1415 = CIRCLE('',#1416,50.);
#1416 = AXIS2_PLACEMENT_2D('',#1417,#1418);
#1417 = CARTESIAN_POINT('',(0.,0.));
#1418 = DIRECTION('',(1.,0.));
#1419 = ( GEOMETRIC_REPRESENTATION_CONTEXT(2) 
PARAMETRIC_REPRESENTATION_CONTEXT() REPRESENTATION_CONTEXT('2D SPACE',''
  ) );
#1420 = PCURVE('',#881,#1421);
#1421 = DEFINITIONAL_REPRESENTATION('',(#1422),#1426);
#1422 = LINE('',#1423,#1424);
#1423 = CARTESIAN_POINT('',(-0.,-0.));
#1424 = VECTOR('',#1425,1.);
#1425 = DIRECTION('',(-1.,-0.));
#1426 = ( GEOMETRIC_REPRESENTATION_CONTEXT(2) 
PARAMETRIC_REPRESENTATION_CONTEXT() REPRESENTATION_CONTEXT('2D SPACE',''
  ) );
#1427 = ORIENTED_EDGE('',*,*,#1428,.T.);
#1428 = EDGE_CURVE('',#1405,#1429,#1431,.T.);
#1429 = VERTEX_POINT('',#1430);
#1430 = CARTESIAN_POINT('',(29.755071886093,35.833078668917,
    -3.753531155439E-16));
#1431 = SURFACE_CURVE('',#1432,(#1438,#1447),.PCURVE_S1.);
#1432 = B_SPLINE_CURVE_WITH_KNOTS('',4,(#1433,#1434,#1435,#1436,#1437),
  .UNSPECIFIED.,.F.,.F.,(5,5),(0.,1.),.PIECEWISE_BEZIER_KNOTS.);
#1433 = CARTESIAN_POINT('',(32.799876595962,37.79537164059,0.));
#1434 = CARTESIAN_POINT('',(32.026403754587,37.324176935931,0.));
#1435 = CARTESIAN_POINT('',(31.2608429126,36.840007362918,0.));
#1436 = CARTESIAN_POINT('',(30.503596117275,36.342939131722,0.));
#1437 = CARTESIAN_POINT('',(29.755071886092,35.833078668917,0.));
#1438 = PCURVE('',#196,#1439);
#1439 = DEFINITIONAL_REPRESENTATION('',(#1440),#1446);
#1440 = B_SPLINE_CURVE_WITH_KNOTS('',4,(#1441,#1442,#1443,#1444,#1445),
  .UNSPECIFIED.,.F.,.F.,(5,5),(0.,1.),.PIECEWISE_BEZIER_KNOTS.);
#1441 = CARTESIAN_POINT('',(32.799876595962,37.79537164059));
#1442 = CARTESIAN_POINT('',(32.026403754587,37.324176935931));
#1443 = CARTESIAN_POINT('',(31.2608429126,36.840007362918));
#1444 = CARTESIAN_POINT('',(30.503596117275,36.342939131722));
#1445 = CARTESIAN_POINT('',(29.755071886092,35.833078668917));
#1446 = ( GEOMETRIC_REPRESENTATION_CONTEXT(2) 
PARAMETRIC_REPRESENTATION_CONTEXT() REPRESENTATION_CONTEXT('2D SPACE',''
  ) );
#1447 = PCURVE('',#1448,#1475);
#1448 = ( BOUNDED_SURFACE() B_SPLINE_SURFACE(1,7,(
    (#1449,#1450,#1451,#1452,#1453,#1454,#1455,#1456,#1457,#1458,#1459
      ,#1460,#1461)
    ,(#1462,#1463,#1464,#1465,#1466,#1467,#1468,#1469,#1470,#1471,#1472
      ,#1473,#1474
)),.UNSPECIFIED.,.F.,.F.,.F.) B_SPLINE_SURFACE_WITH_KNOTS((2,2),(8,5,8),
  (3.,4.),(0.,0.535767911908,1.),.UNSPECIFIED.) 
GEOMETRIC_REPRESENTATION_ITEM() RATIONAL_B_SPLINE_SURFACE((
    (1.,1.,1.,1.,1.,1.,1.,1.,1.,1.,1.,1.,1.)
,(1.,1.,1.,1.,1.,1.,1.,1.,1.,1.,1.,1.,1.
))) REPRESENTATION_ITEM('') SURFACE() );
#1449 = CARTESIAN_POINT('',(51.001286198004,61.948745722569,
    17.635485893343));
#1450 = CARTESIAN_POINT('',(44.236129435228,62.329213516409,
    20.587765495268));
#1451 = CARTESIAN_POINT('',(37.5145596655,61.97531984441,23.617546024657
    ));
#1452 = CARTESIAN_POINT('',(30.938437565361,60.862695162449,
    26.729229897545));
#1453 = CARTESIAN_POINT('',(24.625988494691,58.982227162107,
    29.927150978452));
#1454 = CARTESIAN_POINT('',(18.71116673314,56.345856940014,
    33.215253979956));
#1455 = CARTESIAN_POINT('',(8.691128632391,50.102839204264,
    39.52590618915));
#1456 = CARTESIAN_POINT('',(1.075882029381,41.718999659494,
    46.159529069462));
#1457 = CARTESIAN_POINT('',(-1.847417955118,37.426645902702,
    49.308528663177));
#1458 = CARTESIAN_POINT('',(-4.068141611285,32.821086454435,
    52.525144481723));
#1459 = CARTESIAN_POINT('',(-5.506764765901,28.020207582961,
    55.805093086102));
#1460 = CARTESIAN_POINT('',(-6.115997278758,23.17370602237,
    59.140267685885));
#1461 = CARTESIAN_POINT('',(-5.894392522092,18.440128027517,
    62.51935512762));
#1462 = CARTESIAN_POINT('',(31.23975577293,35.725082433563,
    -1.511613076572));
#1463 = CARTESIAN_POINT('',(27.343621808119,36.076984988013,
    2.434944542848));
#1464 = CARTESIAN_POINT('',(23.461585803093,36.009711261733,
    6.485104096029));
#1465 = CARTESIAN_POINT('',(19.651218810847,35.508358882821,
    10.644750658574));
#1466 = CARTESIAN_POINT('',(15.979502096923,34.566536978505,
    14.919677667473));
#1467 = CARTESIAN_POINT('',(12.5225161308,33.189656189077,
    19.315158348094));
#1468 = CARTESIAN_POINT('',(6.62916455836,29.855139335165,
    27.751131872903));
#1469 = CARTESIAN_POINT('',(2.066427816388,25.273841105832,
    36.618847148106));
#1470 = CARTESIAN_POINT('',(0.288692450662,22.91201242471,
    40.828376737373));
#1471 = CARTESIAN_POINT('',(-1.09642914499,20.363562000735,
    45.128294556533));
#1472 = CARTESIAN_POINT('',(-2.042766980805,17.694433206769,
    49.512874576475));
#1473 = CARTESIAN_POINT('',(-2.522093987456,14.988839203643,
    53.971279776408));
#1474 = CARTESIAN_POINT('',(-2.53201520047,12.336382121614,
    58.488386923428));
#1475 = DEFINITIONAL_REPRESENTATION('',(#1476),#1482);
#1476 = B_SPLINE_CURVE_WITH_KNOTS('',4,(#1477,#1478,#1479,#1480,#1481),
  .UNSPECIFIED.,.F.,.F.,(5,5),(0.,1.),.PIECEWISE_BEZIER_KNOTS.);
#1477 = CARTESIAN_POINT('',(3.921052631579,0.));
#1478 = CARTESIAN_POINT('',(3.940308202652,7.29532458927E-03));
#1479 = CARTESIAN_POINT('',(3.959877716273,1.459243921177E-02));
#1480 = CARTESIAN_POINT('',(3.979771340152,2.189080884447E-02));
#1481 = CARTESIAN_POINT('',(4.,2.918984975077E-02));
#1482 = ( GEOMETRIC_REPRESENTATION_CONTEXT(2) 
PARAMETRIC_REPRESENTATION_CONTEXT() REPRESENTATION_CONTEXT('2D SPACE',''
  ) );
#1483 = ORIENTED_EDGE('',*,*,#1484,.F.);
#1484 = EDGE_CURVE('',#1485,#1429,#1487,.T.);
#1485 = VERTEX_POINT('',#1486);
#1486 = CARTESIAN_POINT('',(26.323642655893,38.424466985109,
    -3.753531155439E-16));
#1487 = SURFACE_CURVE('',#1488,(#1494,#1503),.PCURVE_S1.);
#1488 = B_SPLINE_CURVE_WITH_KNOTS('',4,(#1489,#1490,#1491,#1492,#1493),
  .UNSPECIFIED.,.F.,.F.,(5,5),(0.,1.),.PIECEWISE_BEZIER_KNOTS.);
#1489 = CARTESIAN_POINT('',(26.323642655893,38.424466985109,0.));
#1490 = CARTESIAN_POINT('',(27.181499963443,37.776619906061,0.));
#1491 = CARTESIAN_POINT('',(28.039357270993,37.128772827013,0.));
#1492 = CARTESIAN_POINT('',(28.897214578543,36.480925747965,0.));
#1493 = CARTESIAN_POINT('',(29.755071886093,35.833078668917,0.));
#1494 = PCURVE('',#196,#1495);
#1495 = DEFINITIONAL_REPRESENTATION('',(#1496),#1502);
#1496 = B_SPLINE_CURVE_WITH_KNOTS('',4,(#1497,#1498,#1499,#1500,#1501),
  .UNSPECIFIED.,.F.,.F.,(5,5),(0.,1.),.PIECEWISE_BEZIER_KNOTS.);
#1497 = CARTESIAN_POINT('',(26.323642655893,38.424466985109));
#1498 = CARTESIAN_POINT('',(27.181499963443,37.776619906061));
#1499 = CARTESIAN_POINT('',(28.039357270993,37.128772827013));
#1500 = CARTESIAN_POINT('',(28.897214578543,36.480925747965));
#1501 = CARTESIAN_POINT('',(29.755071886093,35.833078668917));
#1502 = ( GEOMETRIC_REPRESENTATION_CONTEXT(2) 
PARAMETRIC_REPRESENTATION_CONTEXT() REPRESENTATION_CONTEXT('2D SPACE',''
  ) );
#1503 = PCURVE('',#1504,#1531);
#1504 = ( BOUNDED_SURFACE() B_SPLINE_SURFACE(1,7,(
    (#1505,#1506,#1507,#1508,#1509,#1510,#1511,#1512,#1513,#1514,#1515
      ,#1516,#1517)
    ,(#1518,#1519,#1520,#1521,#1522,#1523,#1524,#1525,#1526,#1527,#1528
      ,#1529,#1530
)),.UNSPECIFIED.,.F.,.F.,.F.) B_SPLINE_SURFACE_WITH_KNOTS((2,2),(8,5,8),
  (0.,1.),(0.,0.535767911908,1.),.UNSPECIFIED.) 
GEOMETRIC_REPRESENTATION_ITEM() RATIONAL_B_SPLINE_SURFACE((
    (1.,1.,1.,1.,1.,1.,1.,1.,1.,1.,1.,1.,1.)
,(1.,1.,1.,1.,1.,1.,1.,1.,1.,1.,1.,1.,1.
))) REPRESENTATION_ITEM('') SURFACE() );
#1505 = CARTESIAN_POINT('',(31.23975577293,35.725082433563,
    -1.511613076572));
#1506 = CARTESIAN_POINT('',(27.343621808119,36.076984988014,
    2.434944542849));
#1507 = CARTESIAN_POINT('',(23.461585803093,36.009711261732,
    6.485104096028));
#1508 = CARTESIAN_POINT('',(19.651218810847,35.508358882823,
    10.644750658575));
#1509 = CARTESIAN_POINT('',(15.979502096922,34.566536978503,
    14.919677667472));
#1510 = CARTESIAN_POINT('',(12.5225161308,33.189656189078,
    19.315158348094));
#1511 = CARTESIAN_POINT('',(6.629164558359,29.855139335164,
    27.751131872903));
#1512 = CARTESIAN_POINT('',(2.066427816388,25.273841105833,
    36.618847148106));
#1513 = CARTESIAN_POINT('',(0.288692450662,22.912012424709,
    40.828376737373));
#1514 = CARTESIAN_POINT('',(-1.09642914499,20.363562000735,
    45.128294556533));
#1515 = CARTESIAN_POINT('',(-2.042766980805,17.694433206769,
    49.512874576475));
#1516 = CARTESIAN_POINT('',(-2.522093987456,14.988839203643,
    53.971279776408));
#1517 = CARTESIAN_POINT('',(-2.53201520047,12.336382121614,
    58.488386923428));
#1518 = CARTESIAN_POINT('',(27.877880398318,38.406088581556,
    -1.511613076572));
#1519 = CARTESIAN_POINT('',(23.797077467279,38.526423516197,
    2.434944542849));
#1520 = CARTESIAN_POINT('',(19.744134262417,38.206664373217,
    6.485104096028));
#1521 = CARTESIAN_POINT('',(15.779533647614,37.431950928114,
    10.644750658575));
#1522 = CARTESIAN_POINT('',(11.973538294246,36.196362881335,
    14.919677667472));
#1523 = CARTESIAN_POINT('',(8.40585121294,34.506357171543,
    19.315158348094));
#1524 = CARTESIAN_POINT('',(2.357214989456,30.554992435266,
    27.751131872903));
#1525 = CARTESIAN_POINT('',(-2.252128536482,25.307677992137,
    36.618847148106));
#1526 = CARTESIAN_POINT('',(-4.025675519342,22.628179279742,
    40.828376737373));
#1527 = CARTESIAN_POINT('',(-5.378521344261,19.756389551311,
    45.128294556533));
#1528 = CARTESIAN_POINT('',(-6.262595102528,16.761898550912,
    49.512874576475));
#1529 = CARTESIAN_POINT('',(-6.648703268505,13.733443940571,
    53.971279776408));
#1530 = CARTESIAN_POINT('',(-6.53477231964,10.765415716838,
    58.488386923428));
#1531 = DEFINITIONAL_REPRESENTATION('',(#1532),#1538);
#1532 = B_SPLINE_CURVE_WITH_KNOTS('',4,(#1533,#1534,#1535,#1536,#1537),
  .UNSPECIFIED.,.F.,.F.,(5,5),(0.,1.),.PIECEWISE_BEZIER_KNOTS.);
#1533 = CARTESIAN_POINT('',(1.,2.918984975077E-02));
#1534 = CARTESIAN_POINT('',(0.75,2.918984975077E-02));
#1535 = CARTESIAN_POINT('',(0.5,2.918984975077E-02));
#1536 = CARTESIAN_POINT('',(0.25,2.918984975077E-02));
#1537 = CARTESIAN_POINT('',(0.,2.918984975077E-02));
#1538 = ( GEOMETRIC_REPRESENTATION_CONTEXT(2) 
PARAMETRIC_REPRESENTATION_CONTEXT() REPRESENTATION_CONTEXT('2D SPACE',''
  ) );
#1539 = ORIENTED_EDGE('',*,*,#1540,.F.);
#1540 = EDGE_CURVE('',#1541,#1485,#1543,.T.);
#1541 = VERTEX_POINT('',#1542);
#1542 = CARTESIAN_POINT('',(29.508176236309,40.364186294374,0.));
#1543 = SURFACE_CURVE('',#1544,(#1550,#1559),.PCURVE_S1.);
#1544 = B_SPLINE_CURVE_WITH_KNOTS('',4,(#1545,#1546,#1547,#1548,#1549),
  .UNSPECIFIED.,.F.,.F.,(5,5),(0.,1.),.PIECEWISE_BEZIER_KNOTS.);
#1545 = CARTESIAN_POINT('',(29.549103589911,40.387776606213,0.));
#1546 = CARTESIAN_POINT('',(28.731006530525,39.916558117794,0.));
#1547 = CARTESIAN_POINT('',(27.920481859748,39.432205388938,0.));
#1548 = CARTESIAN_POINT('',(27.117902352773,38.934803952283,0.));
#1549 = CARTESIAN_POINT('',(26.323642655893,38.424466985109,0.));
#1550 = PCURVE('',#196,#1551);
#1551 = DEFINITIONAL_REPRESENTATION('',(#1552),#1558);
#1552 = B_SPLINE_CURVE_WITH_KNOTS('',4,(#1553,#1554,#1555,#1556,#1557),
  .UNSPECIFIED.,.F.,.F.,(5,5),(0.,1.),.PIECEWISE_BEZIER_KNOTS.);
#1553 = CARTESIAN_POINT('',(29.549103589911,40.387776606213));
#1554 = CARTESIAN_POINT('',(28.731006530525,39.916558117794));
#1555 = CARTESIAN_POINT('',(27.920481859748,39.432205388938));
#1556 = CARTESIAN_POINT('',(27.117902352773,38.934803952283));
#1557 = CARTESIAN_POINT('',(26.323642655893,38.424466985109));
#1558 = ( GEOMETRIC_REPRESENTATION_CONTEXT(2) 
PARAMETRIC_REPRESENTATION_CONTEXT() REPRESENTATION_CONTEXT('2D SPACE',''
  ) );
#1559 = PCURVE('',#1560,#1587);
#1560 = ( BOUNDED_SURFACE() B_SPLINE_SURFACE(1,7,(
    (#1561,#1562,#1563,#1564,#1565,#1566,#1567,#1568,#1569,#1570,#1571
      ,#1572,#1573)
    ,(#1574,#1575,#1576,#1577,#1578,#1579,#1580,#1581,#1582,#1583,#1584
      ,#1585,#1586
)),.UNSPECIFIED.,.F.,.F.,.F.) B_SPLINE_SURFACE_WITH_KNOTS((2,2),(8,5,8),
  (1.,2.),(0.,0.535767911908,1.),.UNSPECIFIED.) 
GEOMETRIC_REPRESENTATION_ITEM() RATIONAL_B_SPLINE_SURFACE((
    (1.,1.,1.,1.,1.,1.,1.,1.,1.,1.,1.,1.,1.)
,(1.,1.,1.,1.,1.,1.,1.,1.,1.,1.,1.,1.,1.
))) REPRESENTATION_ITEM('') SURFACE() );
#1561 = CARTESIAN_POINT('',(27.877880398318,38.406088581556,
    -1.511613076572));
#1562 = CARTESIAN_POINT('',(23.797077467279,38.526423516197,
    2.434944542849));
#1563 = CARTESIAN_POINT('',(19.744134262417,38.206664373217,
    6.485104096028));
#1564 = CARTESIAN_POINT('',(15.779533647614,37.431950928114,
    10.644750658575));
#1565 = CARTESIAN_POINT('',(11.973538294246,36.196362881335,
    14.919677667472));
#1566 = CARTESIAN_POINT('',(8.40585121294,34.506357171543,
    19.315158348094));
#1567 = CARTESIAN_POINT('',(2.357214989456,30.554992435266,
    27.751131872903));
#1568 = CARTESIAN_POINT('',(-2.252128536482,25.307677992137,
    36.618847148106));
#1569 = CARTESIAN_POINT('',(-4.025675519342,22.628179279742,
    40.828376737373));
#1570 = CARTESIAN_POINT('',(-5.378521344261,19.756389551311,
    45.128294556533));
#1571 = CARTESIAN_POINT('',(-6.262595102528,16.761898550912,
    49.512874576475));
#1572 = CARTESIAN_POINT('',(-6.648703268505,13.733443940571,
    53.971279776408));
#1573 = CARTESIAN_POINT('',(-6.53477231964,10.765415716838,
    58.488386923428));
#1574 = CARTESIAN_POINT('',(49.046707491834,63.507470227216,
    17.635485893343));
#1575 = CARTESIAN_POINT('',(42.174185051016,63.753305683962,
    20.587765495268));
#1576 = CARTESIAN_POINT('',(35.353250630231,63.252618165025,
    23.617546024657));
#1577 = CARTESIAN_POINT('',(28.687457819284,61.981062630664,
    26.729229897545));
#1578 = CARTESIAN_POINT('',(22.296939772213,59.92980036141,
    29.927150978452));
#1579 = CARTESIAN_POINT('',(16.317756897172,57.111380767036,
    33.215253979956));
#1580 = CARTESIAN_POINT('',(6.207437022566,50.509730541525,
    39.52590618915));
#1581 = CARTESIAN_POINT('',(-1.434906547871,41.738672267816,
    46.159529069462));
#1582 = CARTESIAN_POINT('',(-4.355771426047,37.26162663236,
    49.308528663177));
#1583 = CARTESIAN_POINT('',(-6.557730099237,32.46807921641,
    52.525144481723));
#1584 = CARTESIAN_POINT('',(-7.960153208761,27.478036271409,
    55.805093086102));
#1585 = CARTESIAN_POINT('',(-8.515188721229,22.44382505547,
    59.140267685885));
#1586 = CARTESIAN_POINT('',(-8.221576893703,17.526775466601,
    62.51935512762));
#1587 = DEFINITIONAL_REPRESENTATION('',(#1588),#1594);
#1588 = B_SPLINE_CURVE_WITH_KNOTS('',4,(#1589,#1590,#1591,#1592,#1593),
  .UNSPECIFIED.,.F.,.F.,(5,5),(0.,1.),.PIECEWISE_BEZIER_KNOTS.);
#1589 = CARTESIAN_POINT('',(1.078947368421,0.));
#1590 = CARTESIAN_POINT('',(1.059679887147,7.299836986541E-03));
#1591 = CARTESIAN_POINT('',(1.040106026138,1.459845374726E-02));
#1592 = CARTESIAN_POINT('',(1.020216172145,2.189531474118E-02));
#1593 = CARTESIAN_POINT('',(1.,2.918984975077E-02));
#1594 = ( GEOMETRIC_REPRESENTATION_CONTEXT(2) 
PARAMETRIC_REPRESENTATION_CONTEXT() REPRESENTATION_CONTEXT('2D SPACE',''
  ) );
#1595 = ORIENTED_EDGE('',*,*,#1596,.T.);
#1596 = EDGE_CURVE('',#1541,#1597,#1599,.T.);
#1597 = VERTEX_POINT('',#1598);
#1598 = CARTESIAN_POINT('',(-9.104909186083,49.164017621765,0.));
#1599 = SURFACE_CURVE('',#1600,(#1605,#1612),.PCURVE_S1.);
#1600 = CIRCLE('',#1601,50.);
#1601 = AXIS2_PLACEMENT_3D('',#1602,#1603,#1604);
#1602 = CARTESIAN_POINT('',(0.,0.,0.));
#1603 = DIRECTION('',(0.,0.,1.));
#1604 = DIRECTION('',(1.,0.,0.));
#1605 = PCURVE('',#196,#1606);
#1606 = DEFINITIONAL_REPRESENTATION('',(#1607),#1611);
#1607 = CIRCLE('',#1608,50.);
#1608 = AXIS2_PLACEMENT_2D('',#1609,#1610);
#1609 = CARTESIAN_POINT('',(0.,0.));
#1610 = DIRECTION('',(1.,0.));
#1611 = ( GEOMETRIC_REPRESENTATION_CONTEXT(2) 
PARAMETRIC_REPRESENTATION_CONTEXT() REPRESENTATION_CONTEXT('2D SPACE',''
  ) );
#1612 = PCURVE('',#910,#1613);
#1613 = DEFINITIONAL_REPRESENTATION('',(#1614),#1618);
#1614 = LINE('',#1615,#1616);
#1615 = CARTESIAN_POINT('',(-0.,-0.));
#1616 = VECTOR('',#1617,1.);
#1617 = DIRECTION('',(-1.,-0.));
#1618 = ( GEOMETRIC_REPRESENTATION_CONTEXT(2) 
PARAMETRIC_REPRESENTATION_CONTEXT() REPRESENTATION_CONTEXT('2D SPACE',''
  ) );
#1619 = ORIENTED_EDGE('',*,*,#1620,.T.);
#1620 = EDGE_CURVE('',#1597,#1621,#1623,.T.);
#1621 = VERTEX_POINT('',#1622);
#1622 = CARTESIAN_POINT('',(-9.463445142561,45.605011082917,
    -1.723490222709E-15));
#1623 = SURFACE_CURVE('',#1624,(#1630,#1639),.PCURVE_S1.);
#1624 = B_SPLINE_CURVE_WITH_KNOTS('',4,(#1625,#1626,#1627,#1628,#1629),
  .UNSPECIFIED.,.F.,.F.,(5,5),(0.,1.),.PIECEWISE_BEZIER_KNOTS.);
#1625 = CARTESIAN_POINT('',(-9.099222880385,49.209004919158,0.));
#1626 = CARTESIAN_POINT('',(-9.213080454523,48.310494407892,0.));
#1627 = CARTESIAN_POINT('',(-9.311860817169,47.410080048738,0.));
#1628 = CARTESIAN_POINT('',(-9.395372879461,46.508123691176,0.));
#1629 = CARTESIAN_POINT('',(-9.463445142561,45.605011082917,0.));
#1630 = PCURVE('',#196,#1631);
#1631 = DEFINITIONAL_REPRESENTATION('',(#1632),#1638);
#1632 = B_SPLINE_CURVE_WITH_KNOTS('',4,(#1633,#1634,#1635,#1636,#1637),
  .UNSPECIFIED.,.F.,.F.,(5,5),(0.,1.),.PIECEWISE_BEZIER_KNOTS.);
#1633 = CARTESIAN_POINT('',(-9.099222880385,49.209004919158));
#1634 = CARTESIAN_POINT('',(-9.213080454523,48.310494407892));
#1635 = CARTESIAN_POINT('',(-9.311860817169,47.410080048738));
#1636 = CARTESIAN_POINT('',(-9.395372879461,46.508123691176));
#1637 = CARTESIAN_POINT('',(-9.463445142561,45.605011082917));
#1638 = ( GEOMETRIC_REPRESENTATION_CONTEXT(2) 
PARAMETRIC_REPRESENTATION_CONTEXT() REPRESENTATION_CONTEXT('2D SPACE',''
  ) );
#1639 = PCURVE('',#1640,#1667);
#1640 = ( BOUNDED_SURFACE() B_SPLINE_SURFACE(1,7,(
    (#1641,#1642,#1643,#1644,#1645,#1646,#1647,#1648,#1649,#1650,#1651
      ,#1652,#1653)
    ,(#1654,#1655,#1656,#1657,#1658,#1659,#1660,#1661,#1662,#1663,#1664
      ,#1665,#1666
)),.UNSPECIFIED.,.F.,.F.,.F.) B_SPLINE_SURFACE_WITH_KNOTS((2,2),(8,5,8),
  (3.,4.),(0.,0.535767911908,1.),.UNSPECIFIED.) 
GEOMETRIC_REPRESENTATION_ITEM() RATIONAL_B_SPLINE_SURFACE((
    (1.,1.,1.,1.,1.,1.,1.,1.,1.,1.,1.,1.,1.)
,(1.,1.,1.,1.,1.,1.,1.,1.,1.,1.,1.,1.,1.
))) REPRESENTATION_ITEM('') SURFACE() );
#1641 = CARTESIAN_POINT('',(-16.63469787917,78.498822391923,
    17.635485893343));
#1642 = CARTESIAN_POINT('',(-21.15016582802,73.446827640339,
    20.58776549527));
#1643 = CARTESIAN_POINT('',(-25.06431081773,67.971043687361,
    23.617546024653));
#1644 = CARTESIAN_POINT('',(-28.29457087839,62.135914254365,
    26.72922989755));
#1645 = CARTESIAN_POINT('',(-30.76010941429,56.028190218551,
    29.927150978449));
#1646 = CARTESIAN_POINT('',(-32.38674322334,49.760046404764,
    33.215253979956));
#1647 = CARTESIAN_POINT('',(-33.75314698199,38.03360727101,
    39.525906189151));
#1648 = CARTESIAN_POINT('',(-31.94642587754,26.852529273434,
    46.159529069461));
#1649 = CARTESIAN_POINT('',(-30.4131763047,21.890762519523,
    49.308528663182));
#1650 = CARTESIAN_POINT('',(-28.19700348603,17.283011503426,
    52.525144481715));
#1651 = CARTESIAN_POINT('',(-25.34049210642,13.164951613412,
    55.805093086109));
#1652 = CARTESIAN_POINT('',(-21.93119486524,9.666890156999,
    59.140267685883));
#1653 = CARTESIAN_POINT('',(-18.09216625833,6.88881012633,62.51935512762
    ));
#1654 = CARTESIAN_POINT('',(-8.453325023346,46.698449135778,
    -1.511613076572));
#1655 = CARTESIAN_POINT('',(-11.1576533129,43.871736596121,
    2.434944542846));
#1656 = CARTESIAN_POINT('',(-13.52546645535,40.794694149059,
    6.48510409604));
#1657 = CARTESIAN_POINT('',(-15.50921834269,37.503041179358,
    10.644750658556));
#1658 = CARTESIAN_POINT('',(-17.06215025348,34.045161105214,
    14.919677667489));
#1659 = CARTESIAN_POINT('',(-18.14105699974,30.483909511858,
    19.315158348087));
#1660 = CARTESIAN_POINT('',(-19.20847134872,23.797264462735,
    27.751131872911));
#1661 = CARTESIAN_POINT('',(-18.47148798963,17.373580506383,
    36.618847148098));
#1662 = CARTESIAN_POINT('',(-17.73333584148,14.511114933549,
    40.828376737391));
#1663 = CARTESIAN_POINT('',(-16.60448625772,11.839250413124,
    45.128294556511));
#1664 = CARTESIAN_POINT('',(-15.10770932558,9.435199117153,
    49.512874576491));
#1665 = CARTESIAN_POINT('',(-13.29124625556,7.373535904035,
    53.971279776402));
#1666 = CARTESIAN_POINT('',(-11.22365757807,5.711999246843,
    58.488386923428));
#1667 = DEFINITIONAL_REPRESENTATION('',(#1668),#1674);
#1668 = B_SPLINE_CURVE_WITH_KNOTS('',4,(#1669,#1670,#1671,#1672,#1673),
  .UNSPECIFIED.,.F.,.F.,(5,5),(0.,1.),.PIECEWISE_BEZIER_KNOTS.);
#1669 = CARTESIAN_POINT('',(3.921052631579,0.));
#1670 = CARTESIAN_POINT('',(3.940308202652,7.295324589271E-03));
#1671 = CARTESIAN_POINT('',(3.959877716273,1.459243921177E-02));
#1672 = CARTESIAN_POINT('',(3.979771340152,2.189080884447E-02));
#1673 = CARTESIAN_POINT('',(4.,2.918984975077E-02));
#1674 = ( GEOMETRIC_REPRESENTATION_CONTEXT(2) 
PARAMETRIC_REPRESENTATION_CONTEXT() REPRESENTATION_CONTEXT('2D SPACE',''
  ) );
#1675 = ORIENTED_EDGE('',*,*,#1676,.F.);
#1676 = EDGE_CURVE('',#1677,#1621,#1679,.T.);
#1677 = VERTEX_POINT('',#1678);
#1678 = CARTESIAN_POINT('',(-13.62893524229,44.537915868687,
    -1.723490222709E-15));
#1679 = SURFACE_CURVE('',#1680,(#1686,#1695),.PCURVE_S1.);
#1680 = B_SPLINE_CURVE_WITH_KNOTS('',4,(#1681,#1682,#1683,#1684,#1685),
  .UNSPECIFIED.,.F.,.F.,(5,5),(0.,1.),.PIECEWISE_BEZIER_KNOTS.);
#1681 = CARTESIAN_POINT('',(-13.62893524229,44.537915868687,0.));
#1682 = CARTESIAN_POINT('',(-12.58756271735,44.804689672244,0.));
#1683 = CARTESIAN_POINT('',(-11.54619019242,45.071463475802,0.));
#1684 = CARTESIAN_POINT('',(-10.50481766749,45.338237279359,0.));
#1685 = CARTESIAN_POINT('',(-9.463445142561,45.605011082917,0.));
#1686 = PCURVE('',#196,#1687);
#1687 = DEFINITIONAL_REPRESENTATION('',(#1688),#1694);
#1688 = B_SPLINE_CURVE_WITH_KNOTS('',4,(#1689,#1690,#1691,#1692,#1693),
  .UNSPECIFIED.,.F.,.F.,(5,5),(0.,1.),.PIECEWISE_BEZIER_KNOTS.);
#1689 = CARTESIAN_POINT('',(-13.62893524229,44.537915868687));
#1690 = CARTESIAN_POINT('',(-12.58756271735,44.804689672244));
#1691 = CARTESIAN_POINT('',(-11.54619019242,45.071463475802));
#1692 = CARTESIAN_POINT('',(-10.50481766749,45.338237279359));
#1693 = CARTESIAN_POINT('',(-9.463445142561,45.605011082917));
#1694 = ( GEOMETRIC_REPRESENTATION_CONTEXT(2) 
PARAMETRIC_REPRESENTATION_CONTEXT() REPRESENTATION_CONTEXT('2D SPACE',''
  ) );
#1695 = PCURVE('',#1696,#1723);
#1696 = ( BOUNDED_SURFACE() B_SPLINE_SURFACE(1,7,(
    (#1697,#1698,#1699,#1700,#1701,#1702,#1703,#1704,#1705,#1706,#1707
      ,#1708,#1709)
    ,(#1710,#1711,#1712,#1713,#1714,#1715,#1716,#1717,#1718,#1719,#1720
      ,#1721,#1722
)),.UNSPECIFIED.,.F.,.F.,.F.) B_SPLINE_SURFACE_WITH_KNOTS((2,2),(8,5,8),
  (0.,1.),(0.,0.535767911908,1.),.UNSPECIFIED.) 
GEOMETRIC_REPRESENTATION_ITEM() RATIONAL_B_SPLINE_SURFACE((
    (1.,1.,1.,1.,1.,1.,1.,1.,1.,1.,1.,1.,1.)
,(1.,1.,1.,1.,1.,1.,1.,1.,1.,1.,1.,1.,1.
))) REPRESENTATION_ITEM('') SURFACE() );
#1697 = CARTESIAN_POINT('',(-8.453325023346,46.698449135778,
    -1.511613076572));
#1698 = CARTESIAN_POINT('',(-11.1576533129,43.871736596118,
    2.434944542845));
#1699 = CARTESIAN_POINT('',(-13.52546645535,40.794694149065,
    6.48510409604));
#1700 = CARTESIAN_POINT('',(-15.50921834269,37.50304117935,
    10.644750658555));
#1701 = CARTESIAN_POINT('',(-17.06215025348,34.04516110522,
    14.91967766749));
#1702 = CARTESIAN_POINT('',(-18.14105699974,30.483909511857,
    19.315158348087));
#1703 = CARTESIAN_POINT('',(-19.20847134872,23.797264462737,
    27.751131872911));
#1704 = CARTESIAN_POINT('',(-18.47148798963,17.373580506382,
    36.618847148098));
#1705 = CARTESIAN_POINT('',(-17.73333584148,14.51111493355,
    40.828376737391));
#1706 = CARTESIAN_POINT('',(-16.60448625771,11.839250413123,
    45.128294556511));
#1707 = CARTESIAN_POINT('',(-15.10770932559,9.435199117154,
    49.512874576491));
#1708 = CARTESIAN_POINT('',(-13.29124625556,7.373535904035,
    53.971279776402));
#1709 = CARTESIAN_POINT('',(-11.22365757807,5.711999246843,
    58.488386923428));
#1710 = CARTESIAN_POINT('',(-12.64551504572,45.741609119766,
    -1.511613076572));
#1711 = CARTESIAN_POINT('',(-15.28393569697,42.626136519083,
    2.434944542845));
#1712 = CARTESIAN_POINT('',(-17.56090668791,39.258051360189,
    6.48510409604));
#1713 = CARTESIAN_POINT('',(-19.42709937844,35.675375851706,
    10.644750658555));
#1714 = CARTESIAN_POINT('',(-20.83407703282,31.92935231588,
    14.91967766749));
#1715 = CARTESIAN_POINT('',(-21.73719387479,28.086320910967,
    19.315158348087));
#1716 = CARTESIAN_POINT('',(-22.41915552574,20.893671068964,
    27.751131872911));
#1717 = CARTESIAN_POINT('',(-21.19051857739,14.018294144435,
    36.618847148098));
#1718 = CARTESIAN_POINT('',(-20.20139058372,10.961039156331,
    40.828376737391));
#1719 = CARTESIAN_POINT('',(-18.79962053835,8.112810090717,
    45.128294556511));
#1720 = CARTESIAN_POINT('',(-17.00964417262,5.55457879318,
    49.512874576491));
#1721 = CARTESIAN_POINT('',(-14.88263751894,3.364496708438,
    53.971279776402));
#1722 = CARTESIAN_POINT('',(-12.49110482804,1.603036181963,
    58.488386923428));
#1723 = DEFINITIONAL_REPRESENTATION('',(#1724),#1730);
#1724 = B_SPLINE_CURVE_WITH_KNOTS('',4,(#1725,#1726,#1727,#1728,#1729),
  .UNSPECIFIED.,.F.,.F.,(5,5),(0.,1.),.PIECEWISE_BEZIER_KNOTS.);
#1725 = CARTESIAN_POINT('',(1.,2.918984975077E-02));
#1726 = CARTESIAN_POINT('',(0.75,2.918984975077E-02));
#1727 = CARTESIAN_POINT('',(0.5,2.918984975077E-02));
#1728 = CARTESIAN_POINT('',(0.25,2.918984975077E-02));
#1729 = CARTESIAN_POINT('',(0.,2.918984975077E-02));
#1730 = ( GEOMETRIC_REPRESENTATION_CONTEXT(2) 
PARAMETRIC_REPRESENTATION_CONTEXT() REPRESENTATION_CONTEXT('2D SPACE',''
  ) );
#1731 = ORIENTED_EDGE('',*,*,#1732,.F.);
#1732 = EDGE_CURVE('',#1733,#1677,#1735,.T.);
#1733 = VERTEX_POINT('',#1734);
#1734 = CARTESIAN_POINT('',(-13.15994465435,48.23707968663,0.));
#1735 = SURFACE_CURVE('',#1736,(#1742,#1751),.PCURVE_S1.);
#1736 = B_SPLINE_CURVE_WITH_KNOTS('',4,(#1737,#1738,#1739,#1740,#1741),
  .UNSPECIFIED.,.F.,.F.,(5,5),(0.,1.),.PIECEWISE_BEZIER_KNOTS.);
#1737 = CARTESIAN_POINT('',(-13.15287051524,48.283786299024,0.));
#1738 = CARTESIAN_POINT('',(-13.29453223933,47.350372340305,0.));
#1739 = CARTESIAN_POINT('',(-13.42120389368,46.41468964843,0.));
#1740 = CARTESIAN_POINT('',(-13.53271992886,45.477082999508,0.));
#1741 = CARTESIAN_POINT('',(-13.62893524229,44.537915868687,0.));
#1742 = PCURVE('',#196,#1743);
#1743 = DEFINITIONAL_REPRESENTATION('',(#1744),#1750);
#1744 = B_SPLINE_CURVE_WITH_KNOTS('',4,(#1745,#1746,#1747,#1748,#1749),
  .UNSPECIFIED.,.F.,.F.,(5,5),(0.,1.),.PIECEWISE_BEZIER_KNOTS.);
#1745 = CARTESIAN_POINT('',(-13.15287051524,48.283786299024));
#1746 = CARTESIAN_POINT('',(-13.29453223933,47.350372340305));
#1747 = CARTESIAN_POINT('',(-13.42120389368,46.41468964843));
#1748 = CARTESIAN_POINT('',(-13.53271992886,45.477082999508));
#1749 = CARTESIAN_POINT('',(-13.62893524229,44.537915868687));
#1750 = ( GEOMETRIC_REPRESENTATION_CONTEXT(2) 
PARAMETRIC_REPRESENTATION_CONTEXT() REPRESENTATION_CONTEXT('2D SPACE',''
  ) );
#1751 = PCURVE('',#1752,#1779);
#1752 = ( BOUNDED_SURFACE() B_SPLINE_SURFACE(1,7,(
    (#1753,#1754,#1755,#1756,#1757,#1758,#1759,#1760,#1761,#1762,#1763
      ,#1764,#1765)
    ,(#1766,#1767,#1768,#1769,#1770,#1771,#1772,#1773,#1774,#1775,#1776
      ,#1777,#1778
)),.UNSPECIFIED.,.F.,.F.,.F.) B_SPLINE_SURFACE_WITH_KNOTS((2,2),(8,5,8),
  (1.,2.),(0.,0.535767911908,1.),.UNSPECIFIED.) 
GEOMETRIC_REPRESENTATION_ITEM() RATIONAL_B_SPLINE_SURFACE((
    (1.,1.,1.,1.,1.,1.,1.,1.,1.,1.,1.,1.,1.)
,(1.,1.,1.,1.,1.,1.,1.,1.,1.,1.,1.,1.,1.
))) REPRESENTATION_ITEM('') SURFACE() );
#1753 = CARTESIAN_POINT('',(-12.64551504572,45.741609119766,
    -1.511613076572));
#1754 = CARTESIAN_POINT('',(-15.28393569697,42.626136519083,
    2.434944542845));
#1755 = CARTESIAN_POINT('',(-17.56090668791,39.258051360189,
    6.48510409604));
#1756 = CARTESIAN_POINT('',(-19.42709937844,35.675375851706,
    10.644750658555));
#1757 = CARTESIAN_POINT('',(-20.83407703282,31.92935231588,
    14.91967766749));
#1758 = CARTESIAN_POINT('',(-21.73719387479,28.086320910967,
    19.315158348087));
#1759 = CARTESIAN_POINT('',(-22.41915552574,20.893671068964,
    27.751131872911));
#1760 = CARTESIAN_POINT('',(-21.19051857739,14.018294144435,
    36.618847148098));
#1761 = CARTESIAN_POINT('',(-20.20139058372,10.961039156331,
    40.828376737391));
#1762 = CARTESIAN_POINT('',(-18.79962053835,8.112810090717,
    45.128294556511));
#1763 = CARTESIAN_POINT('',(-17.00964417262,5.55457879318,
    49.512874576491));
#1764 = CARTESIAN_POINT('',(-14.88263751894,3.364496708438,
    53.971279776402));
#1765 = CARTESIAN_POINT('',(-12.49110482804,1.603036181963,
    58.488386923428));
#1766 = CARTESIAN_POINT('',(-19.07201765963,77.942520057032,
    17.635485893343));
#1767 = CARTESIAN_POINT('',(-23.54916721411,72.722641549034,
    20.58776549527));
#1768 = CARTESIAN_POINT('',(-27.41049699944,67.077646717099,
    23.617546024653));
#1769 = CARTESIAN_POINT('',(-30.57240868988,61.073318133622,
    26.72922989755));
#1770 = CARTESIAN_POINT('',(-32.95309009994,54.798068829415,
    29.927150978449));
#1771 = CARTESIAN_POINT('',(-34.47752047628,48.366099543776,
    33.215253979956));
#1772 = CARTESIAN_POINT('',(-35.61982382909,36.345471576962,
    39.525906189151));
#1773 = CARTESIAN_POINT('',(-33.52725761461,24.901781388578,
    46.159529069461));
#1774 = CARTESIAN_POINT('',(-31.84809185251,19.826764974634,
    49.308528663182));
#1775 = CARTESIAN_POINT('',(-29.47324434687,15.116476432254,
    52.525144481715));
#1776 = CARTESIAN_POINT('',(-26.44626818028,10.908777006454,
    55.805093086109));
#1777 = CARTESIAN_POINT('',(-22.85642234396,7.336053415372,
    59.140267685883));
#1778 = CARTESIAN_POINT('',(-18.82905419435,4.499878111865,
    62.51935512762));
#1779 = DEFINITIONAL_REPRESENTATION('',(#1780),#1786);
#1780 = B_SPLINE_CURVE_WITH_KNOTS('',4,(#1781,#1782,#1783,#1784,#1785),
  .UNSPECIFIED.,.F.,.F.,(5,5),(0.,1.),.PIECEWISE_BEZIER_KNOTS.);
#1781 = CARTESIAN_POINT('',(1.078947368421,0.));
#1782 = CARTESIAN_POINT('',(1.059679887147,7.299836986541E-03));
#1783 = CARTESIAN_POINT('',(1.040106026138,1.459845374726E-02));
#1784 = CARTESIAN_POINT('',(1.020216172145,2.189531474119E-02));
#1785 = CARTESIAN_POINT('',(1.,2.918984975077E-02));
#1786 = ( GEOMETRIC_REPRESENTATION_CONTEXT(2) 
PARAMETRIC_REPRESENTATION_CONTEXT() REPRESENTATION_CONTEXT('2D SPACE',''
  ) );
#1787 = ORIENTED_EDGE('',*,*,#1788,.T.);
#1788 = EDGE_CURVE('',#1733,#1789,#1791,.T.);
#1789 = VERTEX_POINT('',#1790);
#1790 = CARTESIAN_POINT('',(-44.11479480568,23.534758958881,0.));
#1791 = SURFACE_CURVE('',#1792,(#1797,#1804),.PCURVE_S1.);
#1792 = CIRCLE('',#1793,50.);
#1793 = AXIS2_PLACEMENT_3D('',#1794,#1795,#1796);
#1794 = CARTESIAN_POINT('',(0.,0.,0.));
#1795 = DIRECTION('',(0.,0.,1.));
#1796 = DIRECTION('',(1.,0.,0.));
#1797 = PCURVE('',#196,#1798);
#1798 = DEFINITIONAL_REPRESENTATION('',(#1799),#1803);
#1799 = CIRCLE('',#1800,50.);
#1800 = AXIS2_PLACEMENT_2D('',#1801,#1802);
#1801 = CARTESIAN_POINT('',(0.,0.));
#1802 = DIRECTION('',(1.,0.));
#1803 = ( GEOMETRIC_REPRESENTATION_CONTEXT(2) 
PARAMETRIC_REPRESENTATION_CONTEXT() REPRESENTATION_CONTEXT('2D SPACE',''
  ) );
#1804 = PCURVE('',#943,#1805);
#1805 = DEFINITIONAL_REPRESENTATION('',(#1806),#1809);
#1806 = B_SPLINE_CURVE_WITH_KNOTS('',1,(#1807,#1808),.UNSPECIFIED.,.F.,
  .F.,(2,2),(1.837132840384,6.241905724453),.PIECEWISE_BEZIER_KNOTS.);
#1807 = CARTESIAN_POINT('',(-1.837132840384,0.));
#1808 = CARTESIAN_POINT('',(-6.241905724453,0.));
#1809 = ( GEOMETRIC_REPRESENTATION_CONTEXT(2) 
PARAMETRIC_REPRESENTATION_CONTEXT() REPRESENTATION_CONTEXT('2D SPACE',''
  ) );
#1810 = ORIENTED_EDGE('',*,*,#1811,.T.);
#1811 = EDGE_CURVE('',#1789,#1812,#1814,.T.);
#1812 = VERTEX_POINT('',#1813);
#1813 = CARTESIAN_POINT('',(-41.55579495976,21.03543997879,
    1.182803333094E-15));
#1814 = SURFACE_CURVE('',#1815,(#1821,#1830),.PCURVE_S1.);
#1815 = B_SPLINE_CURVE_WITH_KNOTS('',4,(#1816,#1817,#1818,#1819,#1820),
  .UNSPECIFIED.,.F.,.F.,(5,5),(0.,1.),.PIECEWISE_BEZIER_KNOTS.);
#1816 = CARTESIAN_POINT('',(-44.14642193748,23.567253812833,0.));
#1817 = CARTESIAN_POINT('',(-43.51492716878,22.918024236217,0.));
#1818 = CARTESIAN_POINT('',(-42.87254342426,22.279395468471,0.));
#1819 = CARTESIAN_POINT('',(-42.21943446728,21.651742518344,0.));
#1820 = CARTESIAN_POINT('',(-41.55579495976,21.03543997879,0.));
#1821 = PCURVE('',#196,#1822);
#1822 = DEFINITIONAL_REPRESENTATION('',(#1823),#1829);
#1823 = B_SPLINE_CURVE_WITH_KNOTS('',4,(#1824,#1825,#1826,#1827,#1828),
  .UNSPECIFIED.,.F.,.F.,(5,5),(0.,1.),.PIECEWISE_BEZIER_KNOTS.);
#1824 = CARTESIAN_POINT('',(-44.14642193748,23.567253812833));
#1825 = CARTESIAN_POINT('',(-43.51492716878,22.918024236217));
#1826 = CARTESIAN_POINT('',(-42.87254342426,22.279395468471));
#1827 = CARTESIAN_POINT('',(-42.21943446728,21.651742518344));
#1828 = CARTESIAN_POINT('',(-41.55579495976,21.03543997879));
#1829 = ( GEOMETRIC_REPRESENTATION_CONTEXT(2) 
PARAMETRIC_REPRESENTATION_CONTEXT() REPRESENTATION_CONTEXT('2D SPACE',''
  ) );
#1830 = PCURVE('',#1831,#1858);
#1831 = ( BOUNDED_SURFACE() B_SPLINE_SURFACE(1,7,(
    (#1832,#1833,#1834,#1835,#1836,#1837,#1838,#1839,#1840,#1841,#1842
      ,#1843,#1844)
    ,(#1845,#1846,#1847,#1848,#1849,#1850,#1851,#1852,#1853,#1854,#1855
      ,#1856,#1857
)),.UNSPECIFIED.,.F.,.F.,.F.) B_SPLINE_SURFACE_WITH_KNOTS((2,2),(8,5,8),
  (3.,4.),(0.,0.535767911908,1.),.UNSPECIFIED.) 
GEOMETRIC_REPRESENTATION_ITEM() RATIONAL_B_SPLINE_SURFACE((
    (1.,1.,1.,1.,1.,1.,1.,1.,1.,1.,1.,1.,1.)
,(1.,1.,1.,1.,1.,1.,1.,1.,1.,1.,1.,1.,1.
))) REPRESENTATION_ITEM('') SURFACE() );
#1832 = CARTESIAN_POINT('',(-71.74441516734,35.937684715999,
    17.635485893343));
#1833 = CARTESIAN_POINT('',(-70.60995483801,29.257482508853,
    20.587765495267));
#1834 = CARTESIAN_POINT('',(-68.76924403646,22.7831852771,
    23.617546024661));
#1835 = CARTESIAN_POINT('',(-66.22119034664,16.619522571103,
    26.729229897539));
#1836 = CARTESIAN_POINT('',(-62.98321754244,10.883783273618,
    29.927150978457));
#1837 = CARTESIAN_POINT('',(-59.09677496349,5.703906006762,
    33.215253979953));
#1838 = CARTESIAN_POINT('',(-50.78061448021,-2.675706681513,
    39.525906189154));
#1839 = CARTESIAN_POINT('',(-40.91242351034,-8.234443347297,
    46.159529069459));
#1840 = CARTESIAN_POINT('',(-36.07719258111,-10.12931153103,
    49.308528663185));
#1841 = CARTESIAN_POINT('',(-31.09294662175,-11.26952361885,
    52.525144481713));
#1842 = CARTESIAN_POINT('',(-26.09231203897,-11.6037814371,
    55.805093086109));
#1843 = CARTESIAN_POINT('',(-21.23175540336,-11.11929116521,
    59.140267685883));
#1844 = CARTESIAN_POINT('',(-16.66616978911,-9.849922306101,
    62.51935512762));
#1845 = CARTESIAN_POINT('',(-41.78087966063,22.50693116399,
    -1.511613076572));
#1846 = CARTESIAN_POINT('',(-41.25698791466,18.630175727016,
    2.434944542848));
#1847 = CARTESIAN_POINT('',(-40.32756660369,14.860440282031,
    6.485104096032));
#1848 = CARTESIAN_POINT('',(-38.99089775377,11.25716854522,
    10.644750658568));
#1849 = CARTESIAN_POINT('',(-37.25565545859,7.887084524969,
    14.919677667478));
#1850 = CARTESIAN_POINT('',(-35.14404419935,4.823157213781,
    19.315158348092));
#1851 = CARTESIAN_POINT('',(-30.58173654881,-0.180435925866,
    27.751131872906));
#1852 = CARTESIAN_POINT('',(-25.09999658977,-3.609340570827,
    36.618847148103));
#1853 = CARTESIAN_POINT('',(-22.40180055086,-4.816948075379,
    40.828376737381));
#1854 = CARTESIAN_POINT('',(-19.60902654859,-5.60025821226,
    45.128294556523));
#1855 = CARTESIAN_POINT('',(-16.79623840709,-5.928932350669,
    49.512874576482));
#1856 = CARTESIAN_POINT('',(-14.05181900122,-5.794190324032,
    53.971279776405));
#1857 = CARTESIAN_POINT('',(-11.4636568785,-5.21363556435,
    58.488386923428));
#1858 = DEFINITIONAL_REPRESENTATION('',(#1859),#1865);
#1859 = B_SPLINE_CURVE_WITH_KNOTS('',4,(#1860,#1861,#1862,#1863,#1864),
  .UNSPECIFIED.,.F.,.F.,(5,5),(0.,1.),.PIECEWISE_BEZIER_KNOTS.);
#1860 = CARTESIAN_POINT('',(3.921052631579,0.));
#1861 = CARTESIAN_POINT('',(3.940308202652,7.295324589267E-03));
#1862 = CARTESIAN_POINT('',(3.959877716273,1.459243921176E-02));
#1863 = CARTESIAN_POINT('',(3.979771340152,2.189080884446E-02));
#1864 = CARTESIAN_POINT('',(4.,2.918984975077E-02));
#1865 = ( GEOMETRIC_REPRESENTATION_CONTEXT(2) 
PARAMETRIC_REPRESENTATION_CONTEXT() REPRESENTATION_CONTEXT('2D SPACE',''
  ) );
#1866 = ORIENTED_EDGE('',*,*,#1867,.F.);
#1867 = EDGE_CURVE('',#1868,#1812,#1870,.T.);
#1868 = VERTEX_POINT('',#1869);
#1869 = CARTESIAN_POINT('',(-43.31864692341,17.113405695229,
    1.182803333094E-15));
#1870 = SURFACE_CURVE('',#1871,(#1877,#1886),.PCURVE_S1.);
#1871 = B_SPLINE_CURVE_WITH_KNOTS('',4,(#1872,#1873,#1874,#1875,#1876),
  .UNSPECIFIED.,.F.,.F.,(5,5),(0.,1.),.PIECEWISE_BEZIER_KNOTS.);
#1872 = CARTESIAN_POINT('',(-43.31864692341,17.113405695229,0.));
#1873 = CARTESIAN_POINT('',(-42.8779339325,18.093914266119,0.));
#1874 = CARTESIAN_POINT('',(-42.43722094158,19.074422837009,0.));
#1875 = CARTESIAN_POINT('',(-41.99650795067,20.0549314079,0.));
#1876 = CARTESIAN_POINT('',(-41.55579495976,21.03543997879,0.));
#1877 = PCURVE('',#196,#1878);
#1878 = DEFINITIONAL_REPRESENTATION('',(#1879),#1885);
#1879 = B_SPLINE_CURVE_WITH_KNOTS('',4,(#1880,#1881,#1882,#1883,#1884),
  .UNSPECIFIED.,.F.,.F.,(5,5),(0.,1.),.PIECEWISE_BEZIER_KNOTS.);
#1880 = CARTESIAN_POINT('',(-43.31864692341,17.113405695229));
#1881 = CARTESIAN_POINT('',(-42.8779339325,18.093914266119));
#1882 = CARTESIAN_POINT('',(-42.43722094158,19.074422837009));
#1883 = CARTESIAN_POINT('',(-41.99650795067,20.0549314079));
#1884 = CARTESIAN_POINT('',(-41.55579495976,21.03543997879));
#1885 = ( GEOMETRIC_REPRESENTATION_CONTEXT(2) 
PARAMETRIC_REPRESENTATION_CONTEXT() REPRESENTATION_CONTEXT('2D SPACE',''
  ) );
#1886 = PCURVE('',#1887,#1914);
#1887 = ( BOUNDED_SURFACE() B_SPLINE_SURFACE(1,7,(
    (#1888,#1889,#1890,#1891,#1892,#1893,#1894,#1895,#1896,#1897,#1898
      ,#1899,#1900)
    ,(#1901,#1902,#1903,#1904,#1905,#1906,#1907,#1908,#1909,#1910,#1911
      ,#1912,#1913
)),.UNSPECIFIED.,.F.,.F.,.F.) B_SPLINE_SURFACE_WITH_KNOTS((2,2),(8,5,8),
  (0.,1.),(0.,0.535767911908,1.),.UNSPECIFIED.) 
GEOMETRIC_REPRESENTATION_ITEM() RATIONAL_B_SPLINE_SURFACE((
    (1.,1.,1.,1.,1.,1.,1.,1.,1.,1.,1.,1.,1.)
,(1.,1.,1.,1.,1.,1.,1.,1.,1.,1.,1.,1.,1.
))) REPRESENTATION_ITEM('') SURFACE() );
#1888 = CARTESIAN_POINT('',(-41.78087966063,22.50693116399,
    -1.511613076572));
#1889 = CARTESIAN_POINT('',(-41.25698791466,18.630175727016,
    2.434944542846));
#1890 = CARTESIAN_POINT('',(-40.32756660369,14.860440282031,
    6.485104096036));
#1891 = CARTESIAN_POINT('',(-38.99089775377,11.257168545221,
    10.644750658563));
#1892 = CARTESIAN_POINT('',(-37.25565545859,7.887084524968,
    14.919677667483));
#1893 = CARTESIAN_POINT('',(-35.14404419935,4.823157213781,
    19.31515834809));
#1894 = CARTESIAN_POINT('',(-30.58173654881,-0.180435925866,
    27.751131872909));
#1895 = CARTESIAN_POINT('',(-25.09999658977,-3.609340570827,
    36.6188471481));
#1896 = CARTESIAN_POINT('',(-22.40180055086,-4.816948075379,
    40.828376737388));
#1897 = CARTESIAN_POINT('',(-19.60902654859,-5.60025821226,
    45.128294556514));
#1898 = CARTESIAN_POINT('',(-16.79623840709,-5.928932350669,
    49.512874576489));
#1899 = CARTESIAN_POINT('',(-14.05181900122,-5.794190324032,
    53.971279776403));
#1900 = CARTESIAN_POINT('',(-11.4636568785,-5.21363556435,
    58.488386923428));
#1901 = CARTESIAN_POINT('',(-43.64657973884,18.63276503201,
    -1.511613076572));
#1902 = CARTESIAN_POINT('',(-42.85583354592,14.627499308378,
    2.434944542846));
#1903 = CARTESIAN_POINT('',(-41.64222672505,10.747324954623,
    6.485104096036));
#1904 = CARTESIAN_POINT('',(-40.00473033189,7.054515113926,
    10.644750658563));
#1905 = CARTESIAN_POINT('',(-37.95320741647,3.618888216472,
    14.919677667483));
#1906 = CARTESIAN_POINT('',(-35.51168861685,0.516712147897,
    19.31515834809));
#1907 = CARTESIAN_POINT('',(-30.31344466263,-4.501010765487,
    27.751131872909));
#1908 = CARTESIAN_POINT('',(-24.17201592171,-7.827151115115,
    36.6188471481));
#1909 = CARTESIAN_POINT('',(-21.1650465053,-8.959987016248,
    40.828376737388));
#1910 = CARTESIAN_POINT('',(-18.06422202467,-9.639880839353,
    45.128294556514));
#1911 = CARTESIAN_POINT('',(-14.94808424724,-9.835452088575,
    49.512874576489));
#1912 = CARTESIAN_POINT('',(-11.90964216714,-9.537985168374,
    53.971279776403));
#1913 = CARTESIAN_POINT('',(-9.041380628828,-8.766462293909,
    58.488386923428));
#1914 = DEFINITIONAL_REPRESENTATION('',(#1915),#1921);
#1915 = B_SPLINE_CURVE_WITH_KNOTS('',4,(#1916,#1917,#1918,#1919,#1920),
  .UNSPECIFIED.,.F.,.F.,(5,5),(0.,1.),.PIECEWISE_BEZIER_KNOTS.);
#1916 = CARTESIAN_POINT('',(1.,2.918984975077E-02));
#1917 = CARTESIAN_POINT('',(0.75,2.918984975077E-02));
#1918 = CARTESIAN_POINT('',(0.5,2.918984975077E-02));
#1919 = CARTESIAN_POINT('',(0.25,2.918984975077E-02));
#1920 = CARTESIAN_POINT('',(0.,2.918984975077E-02));
#1921 = ( GEOMETRIC_REPRESENTATION_CONTEXT(2) 
PARAMETRIC_REPRESENTATION_CONTEXT() REPRESENTATION_CONTEXT('2D SPACE',''
  ) );
#1922 = ORIENTED_EDGE('',*,*,#1923,.F.);
#1923 = EDGE_CURVE('',#1924,#1868,#1926,.T.);
#1924 = VERTEX_POINT('',#1925);
#1925 = CARTESIAN_POINT('',(-45.91835880634,19.786468217747,0.));
#1926 = SURFACE_CURVE('',#1927,(#1933,#1942),.PCURVE_S1.);
#1927 = B_SPLINE_CURVE_WITH_KNOTS('',4,(#1928,#1929,#1930,#1931,#1932),
  .UNSPECIFIED.,.F.,.F.,(5,5),(0.,1.),.PIECEWISE_BEZIER_KNOTS.);
#1928 = CARTESIAN_POINT('',(-45.95046485276,19.821120098923,0.));
#1929 = CARTESIAN_POINT('',(-45.30901707394,19.128390418993,0.));
#1930 = CARTESIAN_POINT('',(-44.6564493725,18.445965915531,0.));
#1931 = CARTESIAN_POINT('',(-43.99292808688,17.77419098467,0.));
#1932 = CARTESIAN_POINT('',(-43.31864692341,17.113405695229,0.));
#1933 = PCURVE('',#196,#1934);
#1934 = DEFINITIONAL_REPRESENTATION('',(#1935),#1941);
#1935 = B_SPLINE_CURVE_WITH_KNOTS('',4,(#1936,#1937,#1938,#1939,#1940),
  .UNSPECIFIED.,.F.,.F.,(5,5),(0.,1.),.PIECEWISE_BEZIER_KNOTS.);
#1936 = CARTESIAN_POINT('',(-45.95046485276,19.821120098923));
#1937 = CARTESIAN_POINT('',(-45.30901707394,19.128390418993));
#1938 = CARTESIAN_POINT('',(-44.6564493725,18.445965915531));
#1939 = CARTESIAN_POINT('',(-43.99292808688,17.77419098467));
#1940 = CARTESIAN_POINT('',(-43.31864692341,17.113405695229));
#1941 = ( GEOMETRIC_REPRESENTATION_CONTEXT(2) 
PARAMETRIC_REPRESENTATION_CONTEXT() REPRESENTATION_CONTEXT('2D SPACE',''
  ) );
#1942 = PCURVE('',#1943,#1970);
#1943 = ( BOUNDED_SURFACE() B_SPLINE_SURFACE(1,7,(
    (#1944,#1945,#1946,#1947,#1948,#1949,#1950,#1951,#1952,#1953,#1954
      ,#1955,#1956)
    ,(#1957,#1958,#1959,#1960,#1961,#1962,#1963,#1964,#1965,#1966,#1967
      ,#1968,#1969
)),.UNSPECIFIED.,.F.,.F.,.F.) B_SPLINE_SURFACE_WITH_KNOTS((2,2),(8,5,8),
  (1.,2.),(0.,0.535767911908,1.),.UNSPECIFIED.) 
GEOMETRIC_REPRESENTATION_ITEM() RATIONAL_B_SPLINE_SURFACE((
    (1.,1.,1.,1.,1.,1.,1.,1.,1.,1.,1.,1.,1.)
,(1.,1.,1.,1.,1.,1.,1.,1.,1.,1.,1.,1.,1.
))) REPRESENTATION_ITEM('') SURFACE() );
#1944 = CARTESIAN_POINT('',(-43.64657973884,18.63276503201,
    -1.511613076572));
#1945 = CARTESIAN_POINT('',(-42.85583354592,14.627499308378,
    2.434944542846));
#1946 = CARTESIAN_POINT('',(-41.64222672505,10.747324954623,
    6.485104096036));
#1947 = CARTESIAN_POINT('',(-40.00473033189,7.054515113926,
    10.644750658563));
#1948 = CARTESIAN_POINT('',(-37.95320741647,3.618888216472,
    14.919677667483));
#1949 = CARTESIAN_POINT('',(-35.51168861685,0.516712147897,
    19.31515834809));
#1950 = CARTESIAN_POINT('',(-30.31344466263,-4.501010765487,
    27.751131872909));
#1951 = CARTESIAN_POINT('',(-24.17201592171,-7.827151115115,
    36.6188471481));
#1952 = CARTESIAN_POINT('',(-21.1650465053,-8.959987016248,
    40.828376737388));
#1953 = CARTESIAN_POINT('',(-18.06422202467,-9.639880839353,
    45.128294556514));
#1954 = CARTESIAN_POINT('',(-14.94808424724,-9.835452088575,
    49.512874576489));
#1955 = CARTESIAN_POINT('',(-11.90964216714,-9.537985168374,
    53.971279776403));
#1956 = CARTESIAN_POINT('',(-9.041380628828,-8.766462293909,
    58.488386923428));
#1957 = CARTESIAN_POINT('',(-72.82912451513,33.685262546243,
    17.635485893343));
#1958 = CARTESIAN_POINT('',(-71.53951625155,26.930345056159,
    20.587765495267));
#1959 = CARTESIAN_POINT('',(-69.53358131629,20.391839156509,
    23.617546024661));
#1960 = CARTESIAN_POINT('',(-66.8106278921,14.17611941338,
    26.729229897539));
#1961 = CARTESIAN_POINT('',(-63.38877100629,8.402273791929,
    29.927150978457));
#1962 = CARTESIAN_POINT('',(-59.31052171786,3.200158875436,
    33.215253979953));
#1963 = CARTESIAN_POINT('',(-50.62463082544,-5.187668797574,
    39.525906189154));
#1964 = CARTESIAN_POINT('',(-40.37289986613,-10.68665878002,
    46.159529069459));
#1965 = CARTESIAN_POINT('',(-35.35814953134,-12.5380551013,
    49.308528663185));
#1966 = CARTESIAN_POINT('',(-30.19480445671,-13.6181414253,
    52.525144481713));
#1967 = CARTESIAN_POINT('',(-25.01780380647,-13.87501384286,
    55.805093086109));
#1968 = CARTESIAN_POINT('',(-19.98630375564,-13.29591607471,
    59.140267685883));
#1969 = CARTESIAN_POINT('',(-15.25786964395,-11.91551924189,
    62.51935512762));
#1970 = DEFINITIONAL_REPRESENTATION('',(#1971),#1977);
#1971 = B_SPLINE_CURVE_WITH_KNOTS('',4,(#1972,#1973,#1974,#1975,#1976),
  .UNSPECIFIED.,.F.,.F.,(5,5),(0.,1.),.PIECEWISE_BEZIER_KNOTS.);
#1972 = CARTESIAN_POINT('',(1.078947368421,0.));
#1973 = CARTESIAN_POINT('',(1.059679887147,7.299836986541E-03));
#1974 = CARTESIAN_POINT('',(1.040106026138,1.459845374726E-02));
#1975 = CARTESIAN_POINT('',(1.020216172145,2.189531474118E-02));
#1976 = CARTESIAN_POINT('',(1.,2.918984975077E-02));
#1977 = ( GEOMETRIC_REPRESENTATION_CONTEXT(2) 
PARAMETRIC_REPRESENTATION_CONTEXT() REPRESENTATION_CONTEXT('2D SPACE',''
  ) );
#1978 = ORIENTED_EDGE('',*,*,#1979,.T.);
#1979 = EDGE_CURVE('',#1924,#1980,#1982,.T.);
#1980 = VERTEX_POINT('',#1981);
#1981 = CARTESIAN_POINT('',(-45.90534015878,-19.81665322163,0.));
#1982 = SURFACE_CURVE('',#1983,(#1988,#1995),.PCURVE_S1.);
#1983 = CIRCLE('',#1984,50.);
#1984 = AXIS2_PLACEMENT_3D('',#1985,#1986,#1987);
#1985 = CARTESIAN_POINT('',(0.,0.,0.));
#1986 = DIRECTION('',(0.,0.,1.));
#1987 = DIRECTION('',(1.,0.,0.));
#1988 = PCURVE('',#196,#1989);
#1989 = DEFINITIONAL_REPRESENTATION('',(#1990),#1994);
#1990 = CIRCLE('',#1991,50.);
#1991 = AXIS2_PLACEMENT_2D('',#1992,#1993);
#1992 = CARTESIAN_POINT('',(0.,0.));
#1993 = DIRECTION('',(1.,0.));
#1994 = ( GEOMETRIC_REPRESENTATION_CONTEXT(2) 
PARAMETRIC_REPRESENTATION_CONTEXT() REPRESENTATION_CONTEXT('2D SPACE',''
  ) );
#1995 = PCURVE('',#976,#1996);
#1996 = DEFINITIONAL_REPRESENTATION('',(#1997),#2000);
#1997 = B_SPLINE_CURVE_WITH_KNOTS('',1,(#1998,#1999),.UNSPECIFIED.,.F.,
  .F.,(2,2),(1.837132840384,6.241905724453),.PIECEWISE_BEZIER_KNOTS.);
#1998 = CARTESIAN_POINT('',(-1.837132840384,0.));
#1999 = CARTESIAN_POINT('',(-6.241905724453,0.));
#2000 = ( GEOMETRIC_REPRESENTATION_CONTEXT(2) 
PARAMETRIC_REPRESENTATION_CONTEXT() REPRESENTATION_CONTEXT('2D SPACE',''
  ) );
#2001 = ORIENTED_EDGE('',*,*,#2002,.T.);
#2002 = EDGE_CURVE('',#1980,#2003,#2005,.T.);
#2003 = VERTEX_POINT('',#2004);
#2004 = CARTESIAN_POINT('',(-42.35578358853,-19.37424647414,
    -1.437706049229E-15));
#2005 = SURFACE_CURVE('',#2006,(#2012,#2021),.PCURVE_S1.);
#2006 = B_SPLINE_CURVE_WITH_KNOTS('',4,(#2007,#2008,#2009,#2010,#2011),
  .UNSPECIFIED.,.F.,.F.,(5,5),(0.,1.),.PIECEWISE_BEZIER_KNOTS.);
#2007 = CARTESIAN_POINT('',(-45.95046485276,-19.82112009892,0.));
#2008 = CARTESIAN_POINT('',(-45.0491461822,-19.73218562782,0.));
#2009 = CARTESIAN_POINT('',(-44.14932639238,-19.62812831639,0.));
#2010 = CARTESIAN_POINT('',(-43.25140078172,-19.50884238585,0.));
#2011 = CARTESIAN_POINT('',(-42.35578358853,-19.37424647414,0.));
#2012 = PCURVE('',#196,#2013);
#2013 = DEFINITIONAL_REPRESENTATION('',(#2014),#2020);
#2014 = B_SPLINE_CURVE_WITH_KNOTS('',4,(#2015,#2016,#2017,#2018,#2019),
  .UNSPECIFIED.,.F.,.F.,(5,5),(0.,1.),.PIECEWISE_BEZIER_KNOTS.);
#2015 = CARTESIAN_POINT('',(-45.95046485276,-19.82112009892));
#2016 = CARTESIAN_POINT('',(-45.0491461822,-19.73218562782));
#2017 = CARTESIAN_POINT('',(-44.14932639238,-19.62812831639));
#2018 = CARTESIAN_POINT('',(-43.25140078172,-19.50884238585));
#2019 = CARTESIAN_POINT('',(-42.35578358853,-19.37424647414));
#2020 = ( GEOMETRIC_REPRESENTATION_CONTEXT(2) 
PARAMETRIC_REPRESENTATION_CONTEXT() REPRESENTATION_CONTEXT('2D SPACE',''
  ) );
#2021 = PCURVE('',#2022,#2049);
#2022 = ( BOUNDED_SURFACE() B_SPLINE_SURFACE(1,7,(
    (#2023,#2024,#2025,#2026,#2027,#2028,#2029,#2030,#2031,#2032,#2033
      ,#2034,#2035)
    ,(#2036,#2037,#2038,#2039,#2040,#2041,#2042,#2043,#2044,#2045,#2046
      ,#2047,#2048
)),.UNSPECIFIED.,.F.,.F.,.F.) B_SPLINE_SURFACE_WITH_KNOTS((2,2),(8,5,8),
  (3.,4.),(0.,0.535767911908,1.),.UNSPECIFIED.) 
GEOMETRIC_REPRESENTATION_ITEM() RATIONAL_B_SPLINE_SURFACE((
    (1.,1.,1.,1.,1.,1.,1.,1.,1.,1.,1.,1.,1.)
,(1.,1.,1.,1.,1.,1.,1.,1.,1.,1.,1.,1.,1.
))) REPRESENTATION_ITEM('') SURFACE() );
#2023 = CARTESIAN_POINT('',(-72.82912451513,-33.68526254624,
    17.635485893343));
#2024 = CARTESIAN_POINT('',(-66.89900767439,-36.96334369567,
    20.587765495269));
#2025 = CARTESIAN_POINT('',(-60.6895338588,-39.5608763391,
    23.617546024656));
#2026 = CARTESIAN_POINT('',(-54.28190281776,-41.41170858467,
    26.729229897546));
#2027 = CARTESIAN_POINT('',(-47.77867823762,-42.45633446507,
    29.927150978453));
#2028 = CARTESIAN_POINT('',(-41.3057298016,-42.6473919528,
    33.215253979954));
#2029 = CARTESIAN_POINT('',(-29.56924353907,-41.37015892839,
    39.525906189152));
#2030 = CARTESIAN_POINT('',(-19.07053177851,-37.12071217547,
    46.15952906946));
#2031 = CARTESIAN_POINT('',(-14.57434700332,-34.52180739842,
    49.308528663181));
#2032 = CARTESIAN_POINT('',(-10.57526677077,-31.33587759974,
    52.525144481718));
#2033 = CARTESIAN_POINT('',(-7.196088820001,-27.63463039148,
    55.805093086106));
#2034 = CARTESIAN_POINT('',(-4.544371073862,-23.53241944781,
    59.140267685884));
#2035 = CARTESIAN_POINT('',(-2.690207540783,-19.17146234023,
    62.51935512762));
#2036 = CARTESIAN_POINT('',(-43.64657973884,-18.63276503201,
    -1.511613076572));
#2037 = CARTESIAN_POINT('',(-40.28896912749,-20.64028745085,
    2.43494454285));
#2038 = CARTESIAN_POINT('',(-36.762186567,-22.26402821511,6.485104096026
    ));
#2039 = CARTESIAN_POINT('',(-33.1116358869,-23.46558160785,
    10.644750658577));
#2040 = CARTESIAN_POINT('',(-29.39489222649,-24.21012756978,
    14.919677667471));
#2041 = CARTESIAN_POINT('',(-25.68284930899,-24.46953084074,
    19.315158348094));
#2042 = CARTESIAN_POINT('',(-18.9263303739,-24.02226438206,
    27.751131872904));
#2043 = CARTESIAN_POINT('',(-12.82769581119,-21.87435458107,
    36.618847148104));
#2044 = CARTESIAN_POINT('',(-10.20125253198,-20.51775093571,
    40.828376737378));
#2045 = CARTESIAN_POINT('',(-7.847569897133,-18.82265817936,
    45.128294556526));
#2046 = CARTESIAN_POINT('',(-5.836857387234,-16.82845683025,
    49.512874576481));
#2047 = CARTESIAN_POINT('',(-4.231085434087,-14.59877305816,
    53.971279776405));
#2048 = CARTESIAN_POINT('',(-3.07128873343,-12.2132964568,
    58.488386923428));
#2049 = DEFINITIONAL_REPRESENTATION('',(#2050),#2056);
#2050 = B_SPLINE_CURVE_WITH_KNOTS('',4,(#2051,#2052,#2053,#2054,#2055),
  .UNSPECIFIED.,.F.,.F.,(5,5),(0.,1.),.PIECEWISE_BEZIER_KNOTS.);
#2051 = CARTESIAN_POINT('',(3.921052631579,0.));
#2052 = CARTESIAN_POINT('',(3.940308202652,7.295324589265E-03));
#2053 = CARTESIAN_POINT('',(3.959877716273,1.459243921176E-02));
#2054 = CARTESIAN_POINT('',(3.979771340152,2.189080884446E-02));
#2055 = CARTESIAN_POINT('',(4.,2.918984975076E-02));
#2056 = ( GEOMETRIC_REPRESENTATION_CONTEXT(2) 
PARAMETRIC_REPRESENTATION_CONTEXT() REPRESENTATION_CONTEXT('2D SPACE',''
  ) );
#2057 = ORIENTED_EDGE('',*,*,#2058,.F.);
#2058 = EDGE_CURVE('',#2059,#2003,#2061,.T.);
#2059 = VERTEX_POINT('',#2060);
#2060 = CARTESIAN_POINT('',(-40.38853393184,-23.19784801659,
    -1.437706049229E-15));
#2061 = SURFACE_CURVE('',#2062,(#2068,#2077),.PCURVE_S1.);
#2062 = B_SPLINE_CURVE_WITH_KNOTS('',4,(#2063,#2064,#2065,#2066,#2067),
  .UNSPECIFIED.,.F.,.F.,(5,5),(0.,1.),.PIECEWISE_BEZIER_KNOTS.);
#2063 = CARTESIAN_POINT('',(-40.38853393184,-23.19784801659,0.));
#2064 = CARTESIAN_POINT('',(-40.88034634601,-22.24194763098,0.));
#2065 = CARTESIAN_POINT('',(-41.37215876018,-21.28604724536,0.));
#2066 = CARTESIAN_POINT('',(-41.86397117435,-20.33014685975,0.));
#2067 = CARTESIAN_POINT('',(-42.35578358853,-19.37424647414,0.));
#2068 = PCURVE('',#196,#2069);
#2069 = DEFINITIONAL_REPRESENTATION('',(#2070),#2076);
#2070 = B_SPLINE_CURVE_WITH_KNOTS('',4,(#2071,#2072,#2073,#2074,#2075),
  .UNSPECIFIED.,.F.,.F.,(5,5),(0.,1.),.PIECEWISE_BEZIER_KNOTS.);
#2071 = CARTESIAN_POINT('',(-40.38853393184,-23.19784801659));
#2072 = CARTESIAN_POINT('',(-40.88034634601,-22.24194763098));
#2073 = CARTESIAN_POINT('',(-41.37215876018,-21.28604724536));
#2074 = CARTESIAN_POINT('',(-41.86397117435,-20.33014685975));
#2075 = CARTESIAN_POINT('',(-42.35578358853,-19.37424647414));
#2076 = ( GEOMETRIC_REPRESENTATION_CONTEXT(2) 
PARAMETRIC_REPRESENTATION_CONTEXT() REPRESENTATION_CONTEXT('2D SPACE',''
  ) );
#2077 = PCURVE('',#2078,#2105);
#2078 = ( BOUNDED_SURFACE() B_SPLINE_SURFACE(1,7,(
    (#2079,#2080,#2081,#2082,#2083,#2084,#2085,#2086,#2087,#2088,#2089
      ,#2090,#2091)
    ,(#2092,#2093,#2094,#2095,#2096,#2097,#2098,#2099,#2100,#2101,#2102
      ,#2103,#2104
)),.UNSPECIFIED.,.F.,.F.,.F.) B_SPLINE_SURFACE_WITH_KNOTS((2,2),(8,5,8),
  (0.,1.),(0.,0.535767911908,1.),.UNSPECIFIED.) 
GEOMETRIC_REPRESENTATION_ITEM() RATIONAL_B_SPLINE_SURFACE((
    (1.,1.,1.,1.,1.,1.,1.,1.,1.,1.,1.,1.,1.)
,(1.,1.,1.,1.,1.,1.,1.,1.,1.,1.,1.,1.,1.
))) REPRESENTATION_ITEM('') SURFACE() );
#2079 = CARTESIAN_POINT('',(-43.64657973884,-18.63276503201,
    -1.511613076572));
#2080 = CARTESIAN_POINT('',(-40.28896912749,-20.64028745085,
    2.434944542849));
#2081 = CARTESIAN_POINT('',(-36.762186567,-22.26402821511,6.485104096029
    ));
#2082 = CARTESIAN_POINT('',(-33.1116358869,-23.46558160785,
    10.644750658571));
#2083 = CARTESIAN_POINT('',(-29.39489222649,-24.21012756978,
    14.919677667477));
#2084 = CARTESIAN_POINT('',(-25.68284930899,-24.46953084074,
    19.315158348092));
#2085 = CARTESIAN_POINT('',(-18.9263303739,-24.02226438206,
    27.751131872907));
#2086 = CARTESIAN_POINT('',(-12.82769581119,-21.87435458107,
    36.618847148102));
#2087 = CARTESIAN_POINT('',(-10.20125253198,-20.51775093571,
    40.828376737385));
#2088 = CARTESIAN_POINT('',(-7.847569897133,-18.82265817936,
    45.128294556517));
#2089 = CARTESIAN_POINT('',(-5.836857387234,-16.82845683025,
    49.512874576487));
#2090 = CARTESIAN_POINT('',(-4.231085434087,-14.59877305816,
    53.971279776403));
#2091 = CARTESIAN_POINT('',(-3.07128873343,-12.2132964568,
    58.488386923428));
#2092 = CARTESIAN_POINT('',(-41.78087966063,-22.50693116399,
    -1.511613076572));
#2093 = CARTESIAN_POINT('',(-38.15641463511,-24.38594322814,
    2.434944542849));
#2094 = CARTESIAN_POINT('',(-34.36610069159,-25.85635634724,
    6.485104096029));
#2095 = CARTESIAN_POINT('',(-30.45798339766,-26.87853939053,
    10.644750658571));
#2096 = CARTESIAN_POINT('',(-26.49279851117,-27.4166725218,
    14.919677667477));
#2097 = CARTESIAN_POINT('',(-22.54515752399,-27.44199140154,
    19.315158348092));
#2098 = CARTESIAN_POINT('',(-15.38109168697,-26.50633968963,
    27.751131872907));
#2099 = CARTESIAN_POINT('',(-8.951492257725,-23.77859194019,
    36.618847148102));
#2100 = CARTESIAN_POINT('',(-6.190990720116,-22.13396021516,
    40.828376737385));
#2101 = CARTESIAN_POINT('',(-3.726095883455,-20.13354487965,
    45.128294556517));
#2102 = CARTESIAN_POINT('',(-1.630311998324,-17.81918694097,
    49.512874576487));
#2103 = CARTESIAN_POINT('',(3.155664894842E-02,-15.25816967396,
    53.971279776403));
#2104 = CARTESIAN_POINT('',(1.21668759445,-12.53463585922,
    58.488386923428));
#2105 = DEFINITIONAL_REPRESENTATION('',(#2106),#2112);
#2106 = B_SPLINE_CURVE_WITH_KNOTS('',4,(#2107,#2108,#2109,#2110,#2111),
  .UNSPECIFIED.,.F.,.F.,(5,5),(0.,1.),.PIECEWISE_BEZIER_KNOTS.);
#2107 = CARTESIAN_POINT('',(1.,2.918984975077E-02));
#2108 = CARTESIAN_POINT('',(0.75,2.918984975077E-02));
#2109 = CARTESIAN_POINT('',(0.5,2.918984975077E-02));
#2110 = CARTESIAN_POINT('',(0.25,2.918984975077E-02));
#2111 = CARTESIAN_POINT('',(0.,2.918984975077E-02));
#2112 = ( GEOMETRIC_REPRESENTATION_CONTEXT(2) 
PARAMETRIC_REPRESENTATION_CONTEXT() REPRESENTATION_CONTEXT('2D SPACE',''
  ) );
#2113 = ORIENTED_EDGE('',*,*,#2114,.F.);
#2114 = EDGE_CURVE('',#2115,#2059,#2117,.T.);
#2115 = VERTEX_POINT('',#2116);
#2116 = CARTESIAN_POINT('',(-44.09931221333,-23.56375738949,0.));
#2117 = SURFACE_CURVE('',#2118,(#2124,#2133),.PCURVE_S1.);
#2118 = B_SPLINE_CURVE_WITH_KNOTS('',4,(#2119,#2120,#2121,#2122,#2123),
  .UNSPECIFIED.,.F.,.F.,(5,5),(0.,1.),.PIECEWISE_BEZIER_KNOTS.);
#2119 = CARTESIAN_POINT('',(-44.14642193748,-23.56725381283,0.));
#2120 = CARTESIAN_POINT('',(-43.20488791635,-23.49765963587,0.));
#2121 = CARTESIAN_POINT('',(-42.26447764827,-23.41294638089,0.));
#2122 = CARTESIAN_POINT('',(-41.32556410329,-23.31302936904,0.));
#2123 = CARTESIAN_POINT('',(-40.38853393184,-23.19784801659,0.));
#2124 = PCURVE('',#196,#2125);
#2125 = DEFINITIONAL_REPRESENTATION('',(#2126),#2132);
#2126 = B_SPLINE_CURVE_WITH_KNOTS('',4,(#2127,#2128,#2129,#2130,#2131),
  .UNSPECIFIED.,.F.,.F.,(5,5),(0.,1.),.PIECEWISE_BEZIER_KNOTS.);
#2127 = CARTESIAN_POINT('',(-44.14642193748,-23.56725381283));
#2128 = CARTESIAN_POINT('',(-43.20488791635,-23.49765963587));
#2129 = CARTESIAN_POINT('',(-42.26447764827,-23.41294638089));
#2130 = CARTESIAN_POINT('',(-41.32556410329,-23.31302936904));
#2131 = CARTESIAN_POINT('',(-40.38853393184,-23.19784801659));
#2132 = ( GEOMETRIC_REPRESENTATION_CONTEXT(2) 
PARAMETRIC_REPRESENTATION_CONTEXT() REPRESENTATION_CONTEXT('2D SPACE',''
  ) );
#2133 = PCURVE('',#2134,#2161);
#2134 = ( BOUNDED_SURFACE() B_SPLINE_SURFACE(1,7,(
    (#2135,#2136,#2137,#2138,#2139,#2140,#2141,#2142,#2143,#2144,#2145
      ,#2146,#2147)
    ,(#2148,#2149,#2150,#2151,#2152,#2153,#2154,#2155,#2156,#2157,#2158
      ,#2159,#2160
)),.UNSPECIFIED.,.F.,.F.,.F.) B_SPLINE_SURFACE_WITH_KNOTS((2,2),(8,5,8),
  (1.,2.),(0.,0.535767911908,1.),.UNSPECIFIED.) 
GEOMETRIC_REPRESENTATION_ITEM() RATIONAL_B_SPLINE_SURFACE((
    (1.,1.,1.,1.,1.,1.,1.,1.,1.,1.,1.,1.,1.)
,(1.,1.,1.,1.,1.,1.,1.,1.,1.,1.,1.,1.,1.
))) REPRESENTATION_ITEM('') SURFACE() );
#2135 = CARTESIAN_POINT('',(-41.78087966063,-22.50693116399,
    -1.511613076572));
#2136 = CARTESIAN_POINT('',(-38.15641463511,-24.38594322814,
    2.434944542849));
#2137 = CARTESIAN_POINT('',(-34.36610069159,-25.85635634724,
    6.485104096029));
#2138 = CARTESIAN_POINT('',(-30.45798339766,-26.87853939053,
    10.644750658571));
#2139 = CARTESIAN_POINT('',(-26.49279851117,-27.4166725218,
    14.919677667477));
#2140 = CARTESIAN_POINT('',(-22.54515752399,-27.44199140154,
    19.315158348092));
#2141 = CARTESIAN_POINT('',(-15.38109168697,-26.50633968963,
    27.751131872907));
#2142 = CARTESIAN_POINT('',(-8.951492257725,-23.77859194019,
    36.618847148102));
#2143 = CARTESIAN_POINT('',(-6.190990720116,-22.13396021516,
    40.828376737385));
#2144 = CARTESIAN_POINT('',(-3.726095883455,-20.13354487965,
    45.128294556517));
#2145 = CARTESIAN_POINT('',(-1.630311998324,-17.81918694097,
    49.512874576487));
#2146 = CARTESIAN_POINT('',(3.155664894842E-02,-15.25816967396,
    53.971279776403));
#2147 = CARTESIAN_POINT('',(1.21668759445,-12.53463585922,
    58.488386923428));
#2148 = CARTESIAN_POINT('',(-71.74441516734,-35.93768471599,
    17.635485893343));
#2149 = CARTESIAN_POINT('',(-65.65915041138,-39.14105054294,
    20.587765495269));
#2150 = CARTESIAN_POINT('',(-59.29646067539,-41.6494392066,
    23.617546024656));
#2151 = CARTESIAN_POINT('',(-52.73908160313,-43.39598636532,
    26.729229897546));
#2152 = CARTESIAN_POINT('',(-46.09141444961,-44.32060478599,
    29.927150978453));
#2153 = CARTESIAN_POINT('',(-39.48149039172,-44.37556669746,
    33.215253979954));
#2154 = CARTESIAN_POINT('',(-27.50805825596,-42.81438875836,
    39.525906189152));
#2155 = CARTESIAN_POINT('',(-16.81692506138,-38.22782691916,
    46.15952906946));
#2156 = CARTESIAN_POINT('',(-12.24279943826,-35.46146395622,
    49.308528663181));
#2157 = CARTESIAN_POINT('',(-8.179060948882,-32.09802103016,
    52.525144481718));
#2158 = CARTESIAN_POINT('',(-4.750422896207,-28.21063626979,
    55.805093086106));
#2159 = CARTESIAN_POINT('',(-2.06609079303,-23.91578957328,
    59.140267685884));
#2160 = CARTESIAN_POINT('',(-0.19719804783,-19.3582875742,62.51935512762
    ));
#2161 = DEFINITIONAL_REPRESENTATION('',(#2162),#2168);
#2162 = B_SPLINE_CURVE_WITH_KNOTS('',4,(#2163,#2164,#2165,#2166,#2167),
  .UNSPECIFIED.,.F.,.F.,(5,5),(0.,1.),.PIECEWISE_BEZIER_KNOTS.);
#2163 = CARTESIAN_POINT('',(1.078947368421,0.));
#2164 = CARTESIAN_POINT('',(1.059679887147,7.299836986539E-03));
#2165 = CARTESIAN_POINT('',(1.040106026138,1.459845374726E-02));
#2166 = CARTESIAN_POINT('',(1.020216172145,2.189531474118E-02));
#2167 = CARTESIAN_POINT('',(1.,2.918984975077E-02));
#2168 = ( GEOMETRIC_REPRESENTATION_CONTEXT(2) 
PARAMETRIC_REPRESENTATION_CONTEXT() REPRESENTATION_CONTEXT('2D SPACE',''
  ) );
#2169 = ORIENTED_EDGE('',*,*,#2170,.T.);
#2170 = EDGE_CURVE('',#2115,#2171,#2173,.T.);
#2171 = VERTEX_POINT('',#2172);
#2172 = CARTESIAN_POINT('',(-13.12822807403,-48.24572134019,0.));
#2173 = SURFACE_CURVE('',#2174,(#2179,#2186),.PCURVE_S1.);
#2174 = CIRCLE('',#2175,50.);
#2175 = AXIS2_PLACEMENT_3D('',#2176,#2177,#2178);
#2176 = CARTESIAN_POINT('',(0.,0.,0.));
#2177 = DIRECTION('',(0.,0.,1.));
#2178 = DIRECTION('',(1.,0.,0.));
#2179 = PCURVE('',#196,#2180);
#2180 = DEFINITIONAL_REPRESENTATION('',(#2181),#2185);
#2181 = CIRCLE('',#2182,50.);
#2182 = AXIS2_PLACEMENT_2D('',#2183,#2184);
#2183 = CARTESIAN_POINT('',(0.,0.));
#2184 = DIRECTION('',(1.,0.));
#2185 = ( GEOMETRIC_REPRESENTATION_CONTEXT(2) 
PARAMETRIC_REPRESENTATION_CONTEXT() REPRESENTATION_CONTEXT('2D SPACE',''
  ) );
#2186 = PCURVE('',#744,#2187);
#2187 = DEFINITIONAL_REPRESENTATION('',(#2188),#2191);
#2188 = B_SPLINE_CURVE_WITH_KNOTS('',1,(#2189,#2190),.UNSPECIFIED.,.F.,
  .F.,(2,2),(1.837132840384,6.241905724453),.PIECEWISE_BEZIER_KNOTS.);
#2189 = CARTESIAN_POINT('',(-1.837132840384,0.));
#2190 = CARTESIAN_POINT('',(-6.241905724453,0.));
#2191 = ( GEOMETRIC_REPRESENTATION_CONTEXT(2) 
PARAMETRIC_REPRESENTATION_CONTEXT() REPRESENTATION_CONTEXT('2D SPACE',''
  ) );
#2192 = ORIENTED_EDGE('',*,*,#2193,.T.);
#2193 = EDGE_CURVE('',#2171,#2194,#2196,.T.);
#2194 = VERTEX_POINT('',#2195);
#2195 = CARTESIAN_POINT('',(-11.2610032746,-45.19473016944,
    -1.398599096326E-15));
#2196 = SURFACE_CURVE('',#2197,(#2203,#2212),.PCURVE_S1.);
#2197 = B_SPLINE_CURVE_WITH_KNOTS('',4,(#2198,#2199,#2200,#2201,#2202),
  .UNSPECIFIED.,.F.,.F.,(5,5),(0.,1.),.PIECEWISE_BEZIER_KNOTS.);
#2198 = CARTESIAN_POINT('',(-13.15287051524,-48.28378629902,0.));
#2199 = CARTESIAN_POINT('',(-12.6604392853,-47.52365725088,0.));
#2200 = CARTESIAN_POINT('',(-12.1807661049,-46.75527113817,0.));
#2201 = CARTESIAN_POINT('',(-11.71418013974,-45.97887106564,0.));
#2202 = CARTESIAN_POINT('',(-11.2610032746,-45.19473016944,0.));
#2203 = PCURVE('',#196,#2204);
#2204 = DEFINITIONAL_REPRESENTATION('',(#2205),#2211);
#2205 = B_SPLINE_CURVE_WITH_KNOTS('',4,(#2206,#2207,#2208,#2209,#2210),
  .UNSPECIFIED.,.F.,.F.,(5,5),(0.,1.),.PIECEWISE_BEZIER_KNOTS.);
#2206 = CARTESIAN_POINT('',(-13.15287051524,-48.28378629902));
#2207 = CARTESIAN_POINT('',(-12.6604392853,-47.52365725088));
#2208 = CARTESIAN_POINT('',(-12.1807661049,-46.75527113817));
#2209 = CARTESIAN_POINT('',(-11.71418013974,-45.97887106564));
#2210 = CARTESIAN_POINT('',(-11.2610032746,-45.19473016944));
#2211 = ( GEOMETRIC_REPRESENTATION_CONTEXT(2) 
PARAMETRIC_REPRESENTATION_CONTEXT() REPRESENTATION_CONTEXT('2D SPACE',''
  ) );
#2212 = PCURVE('',#773,#2213);
#2213 = DEFINITIONAL_REPRESENTATION('',(#2214),#2220);
#2214 = B_SPLINE_CURVE_WITH_KNOTS('',4,(#2215,#2216,#2217,#2218,#2219),
  .UNSPECIFIED.,.F.,.F.,(5,5),(0.,1.),.PIECEWISE_BEZIER_KNOTS.);
#2215 = CARTESIAN_POINT('',(3.921052631579,0.));
#2216 = CARTESIAN_POINT('',(3.940308202652,7.295324589269E-03));
#2217 = CARTESIAN_POINT('',(3.959877716273,1.459243921177E-02));
#2218 = CARTESIAN_POINT('',(3.979771340152,2.189080884447E-02));
#2219 = CARTESIAN_POINT('',(4.,2.918984975077E-02));
#2220 = ( GEOMETRIC_REPRESENTATION_CONTEXT(2) 
PARAMETRIC_REPRESENTATION_CONTEXT() REPRESENTATION_CONTEXT('2D SPACE',''
  ) );
#2221 = ORIENTED_EDGE('',*,*,#2222,.F.);
#2222 = EDGE_CURVE('',#532,#2194,#2223,.T.);
#2223 = SURFACE_CURVE('',#2224,(#2230,#2239),.PCURVE_S1.);
#2224 = B_SPLINE_CURVE_WITH_KNOTS('',4,(#2225,#2226,#2227,#2228,#2229),
  .UNSPECIFIED.,.F.,.F.,(5,5),(0.,1.),.PIECEWISE_BEZIER_KNOTS.);
#2225 = CARTESIAN_POINT('',(-7.045031113649,-46.04064902206,0.));
#2226 = CARTESIAN_POINT('',(-8.099024153888,-45.8291693089,0.));
#2227 = CARTESIAN_POINT('',(-9.153017194127,-45.61768959575,0.));
#2228 = CARTESIAN_POINT('',(-10.20701023436,-45.40620988259,0.));
#2229 = CARTESIAN_POINT('',(-11.2610032746,-45.19473016944,0.));
#2230 = PCURVE('',#196,#2231);
#2231 = DEFINITIONAL_REPRESENTATION('',(#2232),#2238);
#2232 = B_SPLINE_CURVE_WITH_KNOTS('',4,(#2233,#2234,#2235,#2236,#2237),
  .UNSPECIFIED.,.F.,.F.,(5,5),(0.,1.),.PIECEWISE_BEZIER_KNOTS.);
#2233 = CARTESIAN_POINT('',(-7.045031113649,-46.04064902206));
#2234 = CARTESIAN_POINT('',(-8.099024153888,-45.8291693089));
#2235 = CARTESIAN_POINT('',(-9.153017194127,-45.61768959575));
#2236 = CARTESIAN_POINT('',(-10.20701023436,-45.40620988259));
#2237 = CARTESIAN_POINT('',(-11.2610032746,-45.19473016944));
#2238 = ( GEOMETRIC_REPRESENTATION_CONTEXT(2) 
PARAMETRIC_REPRESENTATION_CONTEXT() REPRESENTATION_CONTEXT('2D SPACE',''
  ) );
#2239 = PCURVE('',#557,#2240);
#2240 = DEFINITIONAL_REPRESENTATION('',(#2241),#2247);
#2241 = B_SPLINE_CURVE_WITH_KNOTS('',4,(#2242,#2243,#2244,#2245,#2246),
  .UNSPECIFIED.,.F.,.F.,(5,5),(0.,1.),.PIECEWISE_BEZIER_KNOTS.);
#2242 = CARTESIAN_POINT('',(1.,2.918984975077E-02));
#2243 = CARTESIAN_POINT('',(0.75,2.918984975077E-02));
#2244 = CARTESIAN_POINT('',(0.5,2.918984975077E-02));
#2245 = CARTESIAN_POINT('',(0.25,2.918984975077E-02));
#2246 = CARTESIAN_POINT('',(0.,2.918984975077E-02));
#2247 = ( GEOMETRIC_REPRESENTATION_CONTEXT(2) 
PARAMETRIC_REPRESENTATION_CONTEXT() REPRESENTATION_CONTEXT('2D SPACE',''
  ) );
#2248 = ORIENTED_EDGE('',*,*,#697,.F.);
#2249 = ORIENTED_EDGE('',*,*,#180,.T.);
#2250 = ORIENTED_EDGE('',*,*,#1314,.T.);
#2251 = ORIENTED_EDGE('',*,*,#2252,.F.);
#2252 = EDGE_CURVE('',#2253,#1255,#2255,.T.);
#2253 = VERTEX_POINT('',#2254);
#2254 = CARTESIAN_POINT('',(31.60352382557,-34.21390225582,
    -9.404009925742E-16));
#2255 = SURFACE_CURVE('',#2256,(#2262,#2271),.PCURVE_S1.);
#2256 = B_SPLINE_CURVE_WITH_KNOTS('',4,(#2257,#2258,#2259,#2260,#2261),
  .UNSPECIFIED.,.F.,.F.,(5,5),(0.,1.),.PIECEWISE_BEZIER_KNOTS.);
#2257 = CARTESIAN_POINT('',(31.60352382557,-34.21390225582,0.));
#2258 = CARTESIAN_POINT('',(30.781028416103,-34.90609175253,0.));
#2259 = CARTESIAN_POINT('',(29.958533006637,-35.59828124924,0.));
#2260 = CARTESIAN_POINT('',(29.13603759717,-36.29047074595,0.));
#2261 = CARTESIAN_POINT('',(28.313542187703,-36.98266024266,0.));
#2262 = PCURVE('',#196,#2263);
#2263 = DEFINITIONAL_REPRESENTATION('',(#2264),#2270);
#2264 = B_SPLINE_CURVE_WITH_KNOTS('',4,(#2265,#2266,#2267,#2268,#2269),
  .UNSPECIFIED.,.F.,.F.,(5,5),(0.,1.),.PIECEWISE_BEZIER_KNOTS.);
#2265 = CARTESIAN_POINT('',(31.60352382557,-34.21390225582));
#2266 = CARTESIAN_POINT('',(30.781028416103,-34.90609175253));
#2267 = CARTESIAN_POINT('',(29.958533006637,-35.59828124924));
#2268 = CARTESIAN_POINT('',(29.13603759717,-36.29047074595));
#2269 = CARTESIAN_POINT('',(28.313542187703,-36.98266024266));
#2270 = ( GEOMETRIC_REPRESENTATION_CONTEXT(2) 
PARAMETRIC_REPRESENTATION_CONTEXT() REPRESENTATION_CONTEXT('2D SPACE',''
  ) );
#2271 = PCURVE('',#1280,#2272);
#2272 = DEFINITIONAL_REPRESENTATION('',(#2273),#2279);
#2273 = B_SPLINE_CURVE_WITH_KNOTS('',4,(#2274,#2275,#2276,#2277,#2278),
  .UNSPECIFIED.,.F.,.F.,(5,5),(0.,1.),.PIECEWISE_BEZIER_KNOTS.);
#2274 = CARTESIAN_POINT('',(1.,2.918984975077E-02));
#2275 = CARTESIAN_POINT('',(0.75,2.918984975077E-02));
#2276 = CARTESIAN_POINT('',(0.5,2.918984975077E-02));
#2277 = CARTESIAN_POINT('',(0.25,2.918984975077E-02));
#2278 = CARTESIAN_POINT('',(0.,2.918984975077E-02));
#2279 = ( GEOMETRIC_REPRESENTATION_CONTEXT(2) 
PARAMETRIC_REPRESENTATION_CONTEXT() REPRESENTATION_CONTEXT('2D SPACE',''
  ) );
#2280 = ORIENTED_EDGE('',*,*,#2281,.F.);
#2281 = EDGE_CURVE('',#2282,#2253,#2284,.T.);
#2282 = VERTEX_POINT('',#2283);
#2283 = CARTESIAN_POINT('',(32.785984935441,-37.75022108296,0.));
#2284 = SURFACE_CURVE('',#2285,(#2291,#2300),.PCURVE_S1.);
#2285 = B_SPLINE_CURVE_WITH_KNOTS('',4,(#2286,#2287,#2288,#2289,#2290),
  .UNSPECIFIED.,.F.,.F.,(5,5),(0.,1.),.PIECEWISE_BEZIER_KNOTS.);
#2286 = CARTESIAN_POINT('',(32.799876595962,-37.79537164059,0.));
#2287 = CARTESIAN_POINT('',(32.522516260588,-36.89293000438,0.));
#2288 = CARTESIAN_POINT('',(32.230665972621,-35.99494825773,0.));
#2289 = CARTESIAN_POINT('',(31.924326169933,-35.1018088624,0.));
#2290 = CARTESIAN_POINT('',(31.60352382557,-34.21390225582,0.));
#2291 = PCURVE('',#196,#2292);
#2292 = DEFINITIONAL_REPRESENTATION('',(#2293),#2299);
#2293 = B_SPLINE_CURVE_WITH_KNOTS('',4,(#2294,#2295,#2296,#2297,#2298),
  .UNSPECIFIED.,.F.,.F.,(5,5),(0.,1.),.PIECEWISE_BEZIER_KNOTS.);
#2294 = CARTESIAN_POINT('',(32.799876595962,-37.79537164059));
#2295 = CARTESIAN_POINT('',(32.522516260588,-36.89293000438));
#2296 = CARTESIAN_POINT('',(32.230665972621,-35.99494825773));
#2297 = CARTESIAN_POINT('',(31.924326169933,-35.1018088624));
#2298 = CARTESIAN_POINT('',(31.60352382557,-34.21390225582));
#2299 = ( GEOMETRIC_REPRESENTATION_CONTEXT(2) 
PARAMETRIC_REPRESENTATION_CONTEXT() REPRESENTATION_CONTEXT('2D SPACE',''
  ) );
#2300 = PCURVE('',#1133,#2301);
#2301 = DEFINITIONAL_REPRESENTATION('',(#2302),#2308);
#2302 = B_SPLINE_CURVE_WITH_KNOTS('',4,(#2303,#2304,#2305,#2306,#2307),
  .UNSPECIFIED.,.F.,.F.,(5,5),(0.,1.),.PIECEWISE_BEZIER_KNOTS.);
#2303 = CARTESIAN_POINT('',(1.078947368421,0.));
#2304 = CARTESIAN_POINT('',(1.059679887147,7.29983698654E-03));
#2305 = CARTESIAN_POINT('',(1.040106026138,1.459845374726E-02));
#2306 = CARTESIAN_POINT('',(1.020216172145,2.189531474118E-02));
#2307 = CARTESIAN_POINT('',(1.,2.918984975077E-02));
#2308 = ( GEOMETRIC_REPRESENTATION_CONTEXT(2) 
PARAMETRIC_REPRESENTATION_CONTEXT() REPRESENTATION_CONTEXT('2D SPACE',''
  ) );
#2309 = ORIENTED_EDGE('',*,*,#2310,.T.);
#2310 = EDGE_CURVE('',#2282,#2311,#2313,.T.);
#2311 = VERTEX_POINT('',#2312);
#2312 = CARTESIAN_POINT('',(49.957405950132,-2.063393014846,0.));
#2313 = SURFACE_CURVE('',#2314,(#2319,#2326),.PCURVE_S1.);
#2314 = CIRCLE('',#2315,50.);
#2315 = AXIS2_PLACEMENT_3D('',#2316,#2317,#2318);
#2316 = CARTESIAN_POINT('',(0.,0.,0.));
#2317 = DIRECTION('',(0.,0.,1.));
#2318 = DIRECTION('',(1.,0.,0.));
#2319 = PCURVE('',#196,#2320);
#2320 = DEFINITIONAL_REPRESENTATION('',(#2321),#2325);
#2321 = CIRCLE('',#2322,50.);
#2322 = AXIS2_PLACEMENT_2D('',#2323,#2324);
#2323 = CARTESIAN_POINT('',(0.,0.));
#2324 = DIRECTION('',(1.,0.));
#2325 = ( GEOMETRIC_REPRESENTATION_CONTEXT(2) 
PARAMETRIC_REPRESENTATION_CONTEXT() REPRESENTATION_CONTEXT('2D SPACE',''
  ) );
#2326 = PCURVE('',#852,#2327);
#2327 = DEFINITIONAL_REPRESENTATION('',(#2328),#2331);
#2328 = B_SPLINE_CURVE_WITH_KNOTS('',1,(#2329,#2330),.UNSPECIFIED.,.F.,
  .F.,(2,2),(1.837132840384,6.241905724453),.PIECEWISE_BEZIER_KNOTS.);
#2329 = CARTESIAN_POINT('',(-1.837132840384,0.));
#2330 = CARTESIAN_POINT('',(-6.241905724453,0.));
#2331 = ( GEOMETRIC_REPRESENTATION_CONTEXT(2) 
PARAMETRIC_REPRESENTATION_CONTEXT() REPRESENTATION_CONTEXT('2D SPACE',''
  ) );
#2332 = ORIENTED_EDGE('',*,*,#2333,.T.);
#2333 = EDGE_CURVE('',#2311,#2334,#2336,.T.);
#2334 = VERTEX_POINT('',#2335);
#2335 = CARTESIAN_POINT('',(46.567412891666,-0.921892844375,
    -1.095808590336E-15));
#2336 = SURFACE_CURVE('',#2337,(#2343,#2352),.PCURVE_S1.);
#2337 = B_SPLINE_CURVE_WITH_KNOTS('',4,(#2338,#2339,#2340,#2341,#2342),
  .UNSPECIFIED.,.F.,.F.,(5,5),(0.,1.),.PIECEWISE_BEZIER_KNOTS.);
#2338 = CARTESIAN_POINT('',(50.,-2.078947368421,0.));
#2339 = CARTESIAN_POINT('',(49.149352716913,-1.768007043245,0.));
#2340 = CARTESIAN_POINT('',(48.293494324197,-1.471342266379,0.));
#2341 = CARTESIAN_POINT('',(47.432735077739,-1.189219854774,0.));
#2342 = CARTESIAN_POINT('',(46.567412891665,-0.921892844375,0.));
#2343 = PCURVE('',#196,#2344);
#2344 = DEFINITIONAL_REPRESENTATION('',(#2345),#2351);
#2345 = B_SPLINE_CURVE_WITH_KNOTS('',4,(#2346,#2347,#2348,#2349,#2350),
  .UNSPECIFIED.,.F.,.F.,(5,5),(0.,1.),.PIECEWISE_BEZIER_KNOTS.);
#2346 = CARTESIAN_POINT('',(50.,-2.078947368421));
#2347 = CARTESIAN_POINT('',(49.149352716913,-1.768007043245));
#2348 = CARTESIAN_POINT('',(48.293494324197,-1.471342266379));
#2349 = CARTESIAN_POINT('',(47.432735077739,-1.189219854774));
#2350 = CARTESIAN_POINT('',(46.567412891665,-0.921892844375));
#2351 = ( GEOMETRIC_REPRESENTATION_CONTEXT(2) 
PARAMETRIC_REPRESENTATION_CONTEXT() REPRESENTATION_CONTEXT('2D SPACE',''
  ) );
#2352 = PCURVE('',#2353,#2380);
#2353 = ( BOUNDED_SURFACE() B_SPLINE_SURFACE(1,7,(
    (#2354,#2355,#2356,#2357,#2358,#2359,#2360,#2361,#2362,#2363,#2364
      ,#2365,#2366)
    ,(#2367,#2368,#2369,#2370,#2371,#2372,#2373,#2374,#2375,#2376,#2377
      ,#2378,#2379
)),.UNSPECIFIED.,.F.,.F.,.F.) B_SPLINE_SURFACE_WITH_KNOTS((2,2),(8,5,8),
  (3.,4.),(0.,0.535767911908,1.),.UNSPECIFIED.) 
GEOMETRIC_REPRESENTATION_ITEM() RATIONAL_B_SPLINE_SURFACE((
    (1.,1.,1.,1.,1.,1.,1.,1.,1.,1.,1.,1.,1.)
,(1.,1.,1.,1.,1.,1.,1.,1.,1.,1.,1.,1.,1.
))) REPRESENTATION_ITEM('') SURFACE() );
#2354 = CARTESIAN_POINT('',(80.232261531445,-1.25,17.635485893343));
#2355 = CARTESIAN_POINT('',(76.311716981162,4.276430330367,
    20.587765495271));
#2356 = CARTESIAN_POINT('',(71.844201563061,9.3109160925,23.617546024649
    ));
#2357 = CARTESIAN_POINT('',(66.874171493285,13.758625240467,
    26.729229897559));
#2358 = CARTESIAN_POINT('',(61.468214788556,17.521444034431,
    29.927150978439));
#2359 = CARTESIAN_POINT('',(55.719186501332,20.502087953418,
    33.215253979961));
#2360 = CARTESIAN_POINT('',(44.590807119866,24.443611305038,
    39.525906189144));
#2361 = CARTESIAN_POINT('',(33.288028824187,25.170212389456,
    46.159529069467));
#2362 = CARTESIAN_POINT('',(28.109483795128,24.779501556689,
    49.308528663162));
#2363 = CARTESIAN_POINT('',(23.124113871728,23.644213877118,
    52.525144481742));
#2364 = CARTESIAN_POINT('',(18.473668760875,21.775675734459,
    55.805093086089));
#2365 = CARTESIAN_POINT('',(14.304671002246,19.230248595445,
    59.140267685889));
#2366 = CARTESIAN_POINT('',(10.741979006977,16.105653413922,
    62.51935512762));
#2367 = CARTESIAN_POINT('',(47.408663297305,-2.15,-1.511613076572));
#2368 = CARTESIAN_POINT('',(45.2545919994,1.115527847549,2.434944542848)
  );
#2369 = CARTESIAN_POINT('',(42.781585422668,4.108681330091,6.48510409603
    ));
#2370 = CARTESIAN_POINT('',(40.013887388021,6.775158108983,
    10.644750658572));
#2371 = CARTESIAN_POINT('',(36.988263445901,9.058605478138,
    14.919677667475));
#2372 = CARTESIAN_POINT('',(33.756379202077,10.902914810312,
    19.315158348094));
#2373 = CARTESIAN_POINT('',(27.474904342681,13.431485354362,
    27.751131872904));
#2374 = CARTESIAN_POINT('',(21.04828132923,14.142383860183,
    36.618847148106));
#2375 = CARTESIAN_POINT('',(18.093329439197,14.059697240191,
    40.828376737371));
#2376 = CARTESIAN_POINT('',(15.237261477003,13.553696060822,
    45.128294556537));
#2377 = CARTESIAN_POINT('',(12.560420565373,12.629398191032,
    49.512874576472));
#2378 = CARTESIAN_POINT('',(10.146246494551,11.317240866308,
    53.971279776409));
#2379 = CARTESIAN_POINT('',(8.066286266789,9.671217642473,
    58.488386923428));
#2380 = DEFINITIONAL_REPRESENTATION('',(#2381),#2387);
#2381 = B_SPLINE_CURVE_WITH_KNOTS('',4,(#2382,#2383,#2384,#2385,#2386),
  .UNSPECIFIED.,.F.,.F.,(5,5),(0.,1.),.PIECEWISE_BEZIER_KNOTS.);
#2382 = CARTESIAN_POINT('',(3.921052631579,0.));
#2383 = CARTESIAN_POINT('',(3.940308202652,7.295324589269E-03));
#2384 = CARTESIAN_POINT('',(3.959877716273,1.459243921177E-02));
#2385 = CARTESIAN_POINT('',(3.979771340152,2.189080884447E-02));
#2386 = CARTESIAN_POINT('',(4.,2.918984975077E-02));
#2387 = ( GEOMETRIC_REPRESENTATION_CONTEXT(2) 
PARAMETRIC_REPRESENTATION_CONTEXT() REPRESENTATION_CONTEXT('2D SPACE',''
  ) );
#2388 = ORIENTED_EDGE('',*,*,#2389,.F.);
#2389 = EDGE_CURVE('',#1349,#2334,#2390,.T.);
#2390 = SURFACE_CURVE('',#2391,(#2397,#2406),.PCURVE_S1.);
#2391 = B_SPLINE_CURVE_WITH_KNOTS('',4,(#2392,#2393,#2394,#2395,#2396),
  .UNSPECIFIED.,.F.,.F.,(5,5),(0.,1.),.PIECEWISE_BEZIER_KNOTS.);
#2392 = CARTESIAN_POINT('',(46.453980729734,3.376610745458,0.));
#2393 = CARTESIAN_POINT('',(46.482338770217,2.301984848,0.));
#2394 = CARTESIAN_POINT('',(46.5106968107,1.227358950542,0.));
#2395 = CARTESIAN_POINT('',(46.539054851183,0.152733053083,0.));
#2396 = CARTESIAN_POINT('',(46.567412891666,-0.921892844375,0.));
#2397 = PCURVE('',#196,#2398);
#2398 = DEFINITIONAL_REPRESENTATION('',(#2399),#2405);
#2399 = B_SPLINE_CURVE_WITH_KNOTS('',4,(#2400,#2401,#2402,#2403,#2404),
  .UNSPECIFIED.,.F.,.F.,(5,5),(0.,1.),.PIECEWISE_BEZIER_KNOTS.);
#2400 = CARTESIAN_POINT('',(46.453980729734,3.376610745458));
#2401 = CARTESIAN_POINT('',(46.482338770217,2.301984848));
#2402 = CARTESIAN_POINT('',(46.5106968107,1.227358950542));
#2403 = CARTESIAN_POINT('',(46.539054851183,0.152733053083));
#2404 = CARTESIAN_POINT('',(46.567412891666,-0.921892844375));
#2405 = ( GEOMETRIC_REPRESENTATION_CONTEXT(2) 
PARAMETRIC_REPRESENTATION_CONTEXT() REPRESENTATION_CONTEXT('2D SPACE',''
  ) );
#2406 = PCURVE('',#2407,#2434);
#2407 = ( BOUNDED_SURFACE() B_SPLINE_SURFACE(1,7,(
    (#2408,#2409,#2410,#2411,#2412,#2413,#2414,#2415,#2416,#2417,#2418
      ,#2419,#2420)
    ,(#2421,#2422,#2423,#2424,#2425,#2426,#2427,#2428,#2429,#2430,#2431
      ,#2432,#2433
)),.UNSPECIFIED.,.F.,.F.,.F.) B_SPLINE_SURFACE_WITH_KNOTS((2,2),(8,5,8),
  (0.,1.),(0.,0.535767911908,1.),.UNSPECIFIED.) 
GEOMETRIC_REPRESENTATION_ITEM() RATIONAL_B_SPLINE_SURFACE((
    (1.,1.,1.,1.,1.,1.,1.,1.,1.,1.,1.,1.,1.)
,(1.,1.,1.,1.,1.,1.,1.,1.,1.,1.,1.,1.,1.
))) REPRESENTATION_ITEM('') SURFACE() );
#2408 = CARTESIAN_POINT('',(47.408663297305,-2.15,-1.511613076572));
#2409 = CARTESIAN_POINT('',(45.254591999401,1.115527847549,
    2.434944542848));
#2410 = CARTESIAN_POINT('',(42.781585422665,4.108681330091,6.48510409603
    ));
#2411 = CARTESIAN_POINT('',(40.013887388027,6.775158108983,
    10.644750658572));
#2412 = CARTESIAN_POINT('',(36.988263445896,9.058605478138,
    14.919677667475));
#2413 = CARTESIAN_POINT('',(33.756379202079,10.902914810312,
    19.315158348094));
#2414 = CARTESIAN_POINT('',(27.474904342679,13.431485354362,
    27.751131872904));
#2415 = CARTESIAN_POINT('',(21.048281329232,14.142383860183,
    36.618847148106));
#2416 = CARTESIAN_POINT('',(18.093329439192,14.059697240191,
    40.828376737371));
#2417 = CARTESIAN_POINT('',(15.23726147701,13.553696060822,
    45.128294556537));
#2418 = CARTESIAN_POINT('',(12.560420565369,12.629398191032,
    49.512874576472));
#2419 = CARTESIAN_POINT('',(10.146246494552,11.317240866308,
    53.971279776409));
#2420 = CARTESIAN_POINT('',(8.066286266789,9.671217642473,
    58.488386923428));
#2421 = CARTESIAN_POINT('',(47.408663297305,2.15,-1.511613076572));
#2422 = CARTESIAN_POINT('',(44.958405926751,5.415527809793,
    2.434944542848));
#2423 = CARTESIAN_POINT('',(42.181439406214,8.384879839298,6.48510409603
    ));
#2424 = CARTESIAN_POINT('',(39.103855993177,11.001503482999,
    10.644750658572));
#2425 = CARTESIAN_POINT('',(35.764835070088,13.206773925903,
    14.919677667475));
#2426 = CARTESIAN_POINT('',(32.21911888921,14.942402680537,
    19.315158348094));
#2427 = CARTESIAN_POINT('',(25.358554539176,17.207781289554,
    27.751131872904));
#2428 = CARTESIAN_POINT('',(18.382160227446,17.539864129211,
    36.618847148106));
#2429 = CARTESIAN_POINT('',(15.18145531993,17.255838874768,
    40.828376737371));
#2430 = CARTESIAN_POINT('',(12.092714123891,16.523004722865,
    45.128294556537));
#2431 = CARTESIAN_POINT('',(9.200315813443,15.347166819388,
    49.512874576472));
#2432 = CARTESIAN_POINT('',(6.59184015195,13.760827774251,
    53.971279776409));
#2433 = CARTESIAN_POINT('',(4.342377030516,11.821217642473,
    58.488386923428));
#2434 = DEFINITIONAL_REPRESENTATION('',(#2435),#2441);
#2435 = B_SPLINE_CURVE_WITH_KNOTS('',4,(#2436,#2437,#2438,#2439,#2440),
  .UNSPECIFIED.,.F.,.F.,(5,5),(0.,1.),.PIECEWISE_BEZIER_KNOTS.);
#2436 = CARTESIAN_POINT('',(1.,2.918984975077E-02));
#2437 = CARTESIAN_POINT('',(0.75,2.918984975077E-02));
#2438 = CARTESIAN_POINT('',(0.5,2.918984975077E-02));
#2439 = CARTESIAN_POINT('',(0.25,2.918984975077E-02));
#2440 = CARTESIAN_POINT('',(0.,2.918984975077E-02));
#2441 = ( GEOMETRIC_REPRESENTATION_CONTEXT(2) 
PARAMETRIC_REPRESENTATION_CONTEXT() REPRESENTATION_CONTEXT('2D SPACE',''
  ) );
#2442 = FACE_BOUND('',#2443,.F.);
#2443 = EDGE_LOOP('',(#2444));
#2444 = ORIENTED_EDGE('',*,*,#2445,.F.);
#2445 = EDGE_CURVE('',#2446,#2446,#2448,.T.);
#2446 = VERTEX_POINT('',#2447);
#2447 = CARTESIAN_POINT('',(7.5,0.,0.));
#2448 = SURFACE_CURVE('',#2449,(#2454,#2461),.PCURVE_S1.);
#2449 = CIRCLE('',#2450,7.5);
#2450 = AXIS2_PLACEMENT_3D('',#2451,#2452,#2453);
#2451 = CARTESIAN_POINT('',(0.,0.,0.));
#2452 = DIRECTION('',(0.,0.,1.));
#2453 = DIRECTION('',(1.,0.,0.));
#2454 = PCURVE('',#196,#2455);
#2455 = DEFINITIONAL_REPRESENTATION('',(#2456),#2460);
#2456 = CIRCLE('',#2457,7.5);
#2457 = AXIS2_PLACEMENT_2D('',#2458,#2459);
#2458 = CARTESIAN_POINT('',(0.,0.));
#2459 = DIRECTION('',(1.,0.));
#2460 = ( GEOMETRIC_REPRESENTATION_CONTEXT(2) 
PARAMETRIC_REPRESENTATION_CONTEXT() REPRESENTATION_CONTEXT('2D SPACE',''
  ) );
#2461 = PCURVE('',#1034,#2462);
#2462 = DEFINITIONAL_REPRESENTATION('',(#2463),#2467);
#2463 = LINE('',#2464,#2465);
#2464 = CARTESIAN_POINT('',(-0.,0.));
#2465 = VECTOR('',#2466,1.);
#2466 = DIRECTION('',(-1.,0.));
#2467 = ( GEOMETRIC_REPRESENTATION_CONTEXT(2) 
PARAMETRIC_REPRESENTATION_CONTEXT() REPRESENTATION_CONTEXT('2D SPACE',''
  ) );
#2468 = ADVANCED_FACE('',(#2469),#557,.F.);
#2469 = FACE_BOUND('',#2470,.F.);
#2470 = EDGE_LOOP('',(#2471,#2504,#2523,#2524));
#2471 = ORIENTED_EDGE('',*,*,#2472,.F.);
#2472 = EDGE_CURVE('',#2473,#2194,#2475,.T.);
#2473 = VERTEX_POINT('',#2474);
#2474 = CARTESIAN_POINT('',(-12.64551504572,-45.74160911976,
    -1.511613076572));
#2475 = SURFACE_CURVE('',#2476,(#2490,#2497),.PCURVE_S1.);
#2476 = ( BOUNDED_CURVE() B_SPLINE_CURVE(7,(#2477,#2478,#2479,#2480,
    #2481,#2482,#2483,#2484,#2485,#2486,#2487,#2488,#2489),
.UNSPECIFIED.,.F.,.F.) B_SPLINE_CURVE_WITH_KNOTS((8,5,8),(0.,
0.535767911908,1.),.UNSPECIFIED.) CURVE() GEOMETRIC_REPRESENTATION_ITEM(
) RATIONAL_B_SPLINE_CURVE((1.,1.,1.,1.,1.,1.,1.,1.,1.,1.,1.,1.,1.)) 
REPRESENTATION_ITEM('') );
#2477 = CARTESIAN_POINT('',(-12.64551504572,-45.74160911976,
    -1.511613076572));
#2478 = CARTESIAN_POINT('',(-8.982534842126,-44.3681931931,
    2.434944542849));
#2479 = CARTESIAN_POINT('',(-5.51413023342,-42.62322936286,
    6.485104096029));
#2480 = CARTESIAN_POINT('',(-2.29863684291,-40.51827019957,
    10.644750658573));
#2481 = CARTESIAN_POINT('',(0.600824398674,-38.07661980789,
    14.919677667474));
#2482 = CARTESIAN_POINT('',(3.118054945685,-35.33616308473,
    19.315158348094));
#2483 = CARTESIAN_POINT('',(6.980988599335,-29.77483779368,
    27.751131872904));
#2484 = CARTESIAN_POINT('',(9.104121550527,-23.66753343625,
    36.618847148105));
#2485 = CARTESIAN_POINT('',(9.681046711099,-20.76826885561,
    40.828376737377));
#2486 = CARTESIAN_POINT('',(9.823266948125,-17.87121262515,
    45.128294556528));
#2487 = CARTESIAN_POINT('',(9.517796295405,-15.0558100787,
    49.512874576479));
#2488 = CARTESIAN_POINT('',(8.77574176333,-12.41018191879,
    53.971279776406));
#2489 = CARTESIAN_POINT('',(7.633822470788,-10.01609601143,
    58.488386923428));
#2490 = PCURVE('',#557,#2491);
#2491 = DEFINITIONAL_REPRESENTATION('',(#2492),#2496);
#2492 = LINE('',#2493,#2494);
#2493 = CARTESIAN_POINT('',(0.,0.));
#2494 = VECTOR('',#2495,1.);
#2495 = DIRECTION('',(0.,1.));
#2496 = ( GEOMETRIC_REPRESENTATION_CONTEXT(2) 
PARAMETRIC_REPRESENTATION_CONTEXT() REPRESENTATION_CONTEXT('2D SPACE',''
  ) );
#2497 = PCURVE('',#773,#2498);
#2498 = DEFINITIONAL_REPRESENTATION('',(#2499),#2503);
#2499 = LINE('',#2500,#2501);
#2500 = CARTESIAN_POINT('',(4.,0.));
#2501 = VECTOR('',#2502,1.);
#2502 = DIRECTION('',(0.,1.));
#2503 = ( GEOMETRIC_REPRESENTATION_CONTEXT(2) 
PARAMETRIC_REPRESENTATION_CONTEXT() REPRESENTATION_CONTEXT('2D SPACE',''
  ) );
#2504 = ORIENTED_EDGE('',*,*,#2505,.T.);
#2505 = EDGE_CURVE('',#2473,#530,#2506,.T.);
#2506 = SURFACE_CURVE('',#2507,(#2510,#2517),.PCURVE_S1.);
#2507 = B_SPLINE_CURVE_WITH_KNOTS('',1,(#2508,#2509),.UNSPECIFIED.,.F.,
  .F.,(2,2),(0.,1.),.PIECEWISE_BEZIER_KNOTS.);
#2508 = CARTESIAN_POINT('',(-12.64551504572,-45.74160911976,
    -1.511613076572));
#2509 = CARTESIAN_POINT('',(-8.453325023346,-46.69844913577,
    -1.511613076572));
#2510 = PCURVE('',#557,#2511);
#2511 = DEFINITIONAL_REPRESENTATION('',(#2512),#2516);
#2512 = LINE('',#2513,#2514);
#2513 = CARTESIAN_POINT('',(0.,0.));
#2514 = VECTOR('',#2515,1.);
#2515 = DIRECTION('',(1.,0.));
#2516 = ( GEOMETRIC_REPRESENTATION_CONTEXT(2) 
PARAMETRIC_REPRESENTATION_CONTEXT() REPRESENTATION_CONTEXT('2D SPACE',''
  ) );
#2517 = PCURVE('',#606,#2518);
#2518 = DEFINITIONAL_REPRESENTATION('',(#2519),#2522);
#2519 = B_SPLINE_CURVE_WITH_KNOTS('',1,(#2520,#2521),.UNSPECIFIED.,.F.,
  .F.,(2,2),(0.,1.),.PIECEWISE_BEZIER_KNOTS.);
#2520 = CARTESIAN_POINT('',(0.,0.));
#2521 = CARTESIAN_POINT('',(0.383206014205,4.282890746993));
#2522 = ( GEOMETRIC_REPRESENTATION_CONTEXT(2) 
PARAMETRIC_REPRESENTATION_CONTEXT() REPRESENTATION_CONTEXT('2D SPACE',''
  ) );
#2523 = ORIENTED_EDGE('',*,*,#529,.T.);
#2524 = ORIENTED_EDGE('',*,*,#2222,.T.);
#2525 = ADVANCED_FACE('',(#2526),#643,.F.);
#2526 = FACE_BOUND('',#2527,.F.);
#2527 = EDGE_LOOP('',(#2528,#2549,#2580,#2581));
#2528 = ORIENTED_EDGE('',*,*,#2529,.T.);
#2529 = EDGE_CURVE('',#592,#2530,#2532,.T.);
#2530 = VERTEX_POINT('',#2531);
#2531 = CARTESIAN_POINT('',(-19.07201765963,-77.94252005703,
    17.635485893343));
#2532 = SURFACE_CURVE('',#2533,(#2536,#2543),.PCURVE_S1.);
#2533 = B_SPLINE_CURVE_WITH_KNOTS('',1,(#2534,#2535),.UNSPECIFIED.,.F.,
  .F.,(2,2),(2.,3.),.PIECEWISE_BEZIER_KNOTS.);
#2534 = CARTESIAN_POINT('',(-16.63469787917,-78.49882239192,
    17.635485893343));
#2535 = CARTESIAN_POINT('',(-19.07201765963,-77.94252005703,
    17.635485893343));
#2536 = PCURVE('',#643,#2537);
#2537 = DEFINITIONAL_REPRESENTATION('',(#2538),#2542);
#2538 = LINE('',#2539,#2540);
#2539 = CARTESIAN_POINT('',(0.,0.));
#2540 = VECTOR('',#2541,1.);
#2541 = DIRECTION('',(1.,0.));
#2542 = ( GEOMETRIC_REPRESENTATION_CONTEXT(2) 
PARAMETRIC_REPRESENTATION_CONTEXT() REPRESENTATION_CONTEXT('2D SPACE',''
  ) );
#2543 = PCURVE('',#606,#2544);
#2544 = DEFINITIONAL_REPRESENTATION('',(#2545),#2548);
#2545 = B_SPLINE_CURVE_WITH_KNOTS('',1,(#2546,#2547),.UNSPECIFIED.,.F.,
  .F.,(2,2),(2.,3.),.PIECEWISE_BEZIER_KNOTS.);
#2546 = CARTESIAN_POINT('',(38.151802054425,1.7763568394E-15));
#2547 = CARTESIAN_POINT('',(37.92900786012,-2.49005275988));
#2548 = ( GEOMETRIC_REPRESENTATION_CONTEXT(2) 
PARAMETRIC_REPRESENTATION_CONTEXT() REPRESENTATION_CONTEXT('2D SPACE',''
  ) );
#2549 = ORIENTED_EDGE('',*,*,#2550,.T.);
#2550 = EDGE_CURVE('',#2530,#760,#2551,.T.);
#2551 = SURFACE_CURVE('',#2552,(#2566,#2573),.PCURVE_S1.);
#2552 = ( BOUNDED_CURVE() B_SPLINE_CURVE(7,(#2553,#2554,#2555,#2556,
    #2557,#2558,#2559,#2560,#2561,#2562,#2563,#2564,#2565),
.UNSPECIFIED.,.F.,.F.) B_SPLINE_CURVE_WITH_KNOTS((8,5,8),(0.,
0.535767911908,1.),.UNSPECIFIED.) CURVE() GEOMETRIC_REPRESENTATION_ITEM(
) RATIONAL_B_SPLINE_CURVE((1.,1.,1.,1.,1.,1.,1.,1.,1.,1.,1.,1.,1.)) 
REPRESENTATION_ITEM('') );
#2553 = CARTESIAN_POINT('',(-19.07201765963,-77.94252005703,
    17.635485893343));
#2554 = CARTESIAN_POINT('',(-12.81174324088,-75.35001818256,
    20.587765495271));
#2555 = CARTESIAN_POINT('',(-6.909366844589,-72.11479117714,
    23.617546024649));
#2556 = CARTESIAN_POINT('',(-1.467235318071,-68.25907853128,
    26.729229897556));
#2557 = CARTESIAN_POINT('',(3.404180287532,-63.82596640017,
    29.927150978443));
#2558 = CARTESIAN_POINT('',(7.589372384228,-58.88433392365,
    33.215253979959));
#2559 = CARTESIAN_POINT('',(13.908370889631,-48.91203770474,
    39.525906189147));
#2560 = CARTESIAN_POINT('',(17.131859350498,-38.05432761098,
    46.159529069464));
#2561 = CARTESIAN_POINT('',(17.903279130457,-32.91867817827,
    49.308528663172));
#2562 = CARTESIAN_POINT('',(17.905804654738,-27.8056766126,
    52.525144481728));
#2563 = CARTESIAN_POINT('',(17.118936053884,-22.85603901734,
    55.805093086099));
#2564 = CARTESIAN_POINT('',(15.565017362534,-18.22515591233,
    59.140267685886));
#2565 = CARTESIAN_POINT('',(13.311535855987,-14.05650020561,
    62.51935512762));
#2566 = PCURVE('',#643,#2567);
#2567 = DEFINITIONAL_REPRESENTATION('',(#2568),#2572);
#2568 = LINE('',#2569,#2570);
#2569 = CARTESIAN_POINT('',(3.,0.));
#2570 = VECTOR('',#2571,1.);
#2571 = DIRECTION('',(0.,1.));
#2572 = ( GEOMETRIC_REPRESENTATION_CONTEXT(2) 
PARAMETRIC_REPRESENTATION_CONTEXT() REPRESENTATION_CONTEXT('2D SPACE',''
  ) );
#2573 = PCURVE('',#773,#2574);
#2574 = DEFINITIONAL_REPRESENTATION('',(#2575),#2579);
#2575 = LINE('',#2576,#2577);
#2576 = CARTESIAN_POINT('',(3.,0.));
#2577 = VECTOR('',#2578,1.);
#2578 = DIRECTION('',(0.,1.));
#2579 = ( GEOMETRIC_REPRESENTATION_CONTEXT(2) 
PARAMETRIC_REPRESENTATION_CONTEXT() REPRESENTATION_CONTEXT('2D SPACE',''
  ) );
#2580 = ORIENTED_EDGE('',*,*,#807,.F.);
#2581 = ORIENTED_EDGE('',*,*,#617,.F.);
#2582 = ADVANCED_FACE('',(#2583),#606,.F.);
#2583 = FACE_BOUND('',#2584,.F.);
#2584 = EDGE_LOOP('',(#2585,#2586,#2605,#2606));
#2585 = ORIENTED_EDGE('',*,*,#2505,.F.);
#2586 = ORIENTED_EDGE('',*,*,#2587,.F.);
#2587 = EDGE_CURVE('',#2530,#2473,#2588,.T.);
#2588 = SURFACE_CURVE('',#2589,(#2592,#2598),.PCURVE_S1.);
#2589 = B_SPLINE_CURVE_WITH_KNOTS('',1,(#2590,#2591),.UNSPECIFIED.,.F.,
  .F.,(2,2),(3.,4.),.PIECEWISE_BEZIER_KNOTS.);
#2590 = CARTESIAN_POINT('',(-19.07201765963,-77.94252005703,
    17.635485893343));
#2591 = CARTESIAN_POINT('',(-12.64551504572,-45.74160911976,
    -1.511613076572));
#2592 = PCURVE('',#606,#2593);
#2593 = DEFINITIONAL_REPRESENTATION('',(#2594),#2597);
#2594 = B_SPLINE_CURVE_WITH_KNOTS('',1,(#2595,#2596),.UNSPECIFIED.,.F.,
  .F.,(2,2),(3.,4.),.PIECEWISE_BEZIER_KNOTS.);
#2595 = CARTESIAN_POINT('',(37.92900786012,-2.49005275988));
#2596 = CARTESIAN_POINT('',(0.,8.881784197001E-16));
#2597 = ( GEOMETRIC_REPRESENTATION_CONTEXT(2) 
PARAMETRIC_REPRESENTATION_CONTEXT() REPRESENTATION_CONTEXT('2D SPACE',''
  ) );
#2598 = PCURVE('',#773,#2599);
#2599 = DEFINITIONAL_REPRESENTATION('',(#2600),#2604);
#2600 = LINE('',#2601,#2602);
#2601 = CARTESIAN_POINT('',(0.,0.));
#2602 = VECTOR('',#2603,1.);
#2603 = DIRECTION('',(1.,0.));
#2604 = ( GEOMETRIC_REPRESENTATION_CONTEXT(2) 
PARAMETRIC_REPRESENTATION_CONTEXT() REPRESENTATION_CONTEXT('2D SPACE',''
  ) );
#2605 = ORIENTED_EDGE('',*,*,#2529,.F.);
#2606 = ORIENTED_EDGE('',*,*,#591,.F.);
#2607 = ADVANCED_FACE('',(#2608),#744,.T.);
#2608 = FACE_BOUND('',#2609,.T.);
#2609 = EDGE_LOOP('',(#2610,#2611,#2612,#2644,#2767,#2768));
#2610 = ORIENTED_EDGE('',*,*,#727,.T.);
#2611 = ORIENTED_EDGE('',*,*,#988,.T.);
#2612 = ORIENTED_EDGE('',*,*,#2613,.T.);
#2613 = EDGE_CURVE('',#956,#2614,#2616,.T.);
#2614 = VERTEX_POINT('',#2615);
#2615 = CARTESIAN_POINT('',(0.703428066986,-15.01171331872,
    59.951682662373));
#2616 = SURFACE_CURVE('',#2617,(#2622,#2632),.PCURVE_S1.);
#2617 = ELLIPSE('',#2618,26.322525453694,21.380020186097);
#2618 = AXIS2_PLACEMENT_3D('',#2619,#2620,#2621);
#2619 = CARTESIAN_POINT('',(0.57817493459,7.71520832556,46.736842105263)
  );
#2620 = DIRECTION('',(3.76543288929E-02,0.502462099942,0.863778900898));
#2621 = DIRECTION('',(6.455027810212E-02,0.861363599901,-0.503871025524)
  );
#2622 = PCURVE('',#744,#2623);
#2623 = DEFINITIONAL_REPRESENTATION('',(#2624),#2631);
#2624 = B_SPLINE_CURVE_WITH_KNOTS('',5,(#2625,#2626,#2627,#2628,#2629,
    #2630),.UNSPECIFIED.,.F.,.F.,(6,6),(3.141592653601,3.325783209005),
  .PIECEWISE_BEZIER_KNOTS.);
#2625 = CARTESIAN_POINT('',(-4.637589155316,-60.));
#2626 = CARTESIAN_POINT('',(-4.690095792551,-59.99999999999));
#2627 = CARTESIAN_POINT('',(-4.742602432589,-59.97750161437));
#2628 = CARTESIAN_POINT('',(-4.795032491397,-59.93250474005));
#2629 = CARTESIAN_POINT('',(-4.847309453971,-59.8651369498));
#2630 = CARTESIAN_POINT('',(-4.899361950343,-59.77565133834));
#2631 = ( GEOMETRIC_REPRESENTATION_CONTEXT(2) 
PARAMETRIC_REPRESENTATION_CONTEXT() REPRESENTATION_CONTEXT('2D SPACE',''
  ) );
#2632 = PCURVE('',#2633,#2638);
#2633 = PLANE('',#2634);
#2634 = AXIS2_PLACEMENT_3D('',#2635,#2636,#2637);
#2635 = CARTESIAN_POINT('',(-3.07128873343,-12.2132964568,
    58.488386923428));
#2636 = DIRECTION('',(3.76543288929E-02,0.502462099942,0.863778900898));
#2637 = DIRECTION('',(0.330639315051,-0.821969529682,0.463728083705));
#2638 = DEFINITIONAL_REPRESENTATION('',(#2639),#2643);
#2639 = ELLIPSE('',#2640,26.322525453694,21.380020186097);
#2640 = AXIS2_PLACEMENT_2D('',#2641,#2642);
#2641 = CARTESIAN_POINT('',(-20.62348889482,11.101099015103));
#2642 = DIRECTION('',(-0.920330918458,0.391140640345));
#2643 = ( GEOMETRIC_REPRESENTATION_CONTEXT(2) 
PARAMETRIC_REPRESENTATION_CONTEXT() REPRESENTATION_CONTEXT('2D SPACE',''
  ) );
#2644 = ORIENTED_EDGE('',*,*,#2645,.F.);
#2645 = EDGE_CURVE('',#2115,#2614,#2646,.T.);
#2646 = SURFACE_CURVE('',#2647,(#2685,#2726),.PCURVE_S1.);
#2647 = B_SPLINE_CURVE_WITH_KNOTS('',8,(#2648,#2649,#2650,#2651,#2652,
    #2653,#2654,#2655,#2656,#2657,#2658,#2659,#2660,#2661,#2662,#2663,
    #2664,#2665,#2666,#2667,#2668,#2669,#2670,#2671,#2672,#2673,#2674,
    #2675,#2676,#2677,#2678,#2679,#2680,#2681,#2682,#2683,#2684),
  .UNSPECIFIED.,.F.,.F.,(9,7,7,7,7,9),(0.,0.307703965278,0.468093886443,
    0.634346534214,0.894552005564,1.),.UNSPECIFIED.);
#2648 = CARTESIAN_POINT('',(-44.09931221333,-23.56375738949,
    -2.388772512544E-15));
#2649 = CARTESIAN_POINT('',(-42.07153649456,-24.67960972323,
    2.164451686139));
#2650 = CARTESIAN_POINT('',(-40.00647678271,-25.66574413045,
    4.342632659336));
#2651 = CARTESIAN_POINT('',(-37.91308843869,-26.51900221464,
    6.534424028496));
#2652 = CARTESIAN_POINT('',(-35.8007342228,-27.23698492061,
    8.739728691033));
#2653 = CARTESIAN_POINT('',(-33.67914117658,-27.8180716172,
    10.958453069878));
#2654 = CARTESIAN_POINT('',(-31.55835133345,-28.26147907289,
    13.190479863079));
#2655 = CARTESIAN_POINT('',(-29.44865852925,-28.5673390836,
    15.435632486574));
#2656 = CARTESIAN_POINT('',(-26.27208847333,-28.82509078375,
    18.870608424387));
#2657 = CARTESIAN_POINT('',(-25.18950029432,-28.87634220617,
    20.051086662378));
#2658 = CARTESIAN_POINT('',(-24.11423557275,-28.89068603647,
    21.235032410401));
#2659 = CARTESIAN_POINT('',(-23.04777711529,-28.8683532101,
    22.422411289466));
#2660 = CARTESIAN_POINT('',(-21.99161040986,-28.80964880198,
    23.61318739357));
#2661 = CARTESIAN_POINT('',(-20.9472200265,-28.71495348766,
    24.807321947326));
#2662 = CARTESIAN_POINT('',(-19.91608601823,-28.5847250043,
    26.004771963598));
#2663 = CARTESIAN_POINT('',(-17.84612198745,-28.24823474184,
    28.450095598585));
#2664 = CARTESIAN_POINT('',(-16.80838478615,-28.03936699362,
    29.69821684324));
#2665 = CARTESIAN_POINT('',(-15.78810747808,-27.79349403284,
    30.949797660903));
#2666 = CARTESIAN_POINT('',(-14.78691559906,-27.51130223852,
    32.204783123463));
#2667 = CARTESIAN_POINT('',(-13.80641518035,-27.19356830291,
    33.463116411841));
#2668 = CARTESIAN_POINT('',(-12.84818771251,-26.84115997901,
    34.72473718201));
#2669 = CARTESIAN_POINT('',(-11.91378635323,-26.45503597546,
    35.989580234075));
#2670 = CARTESIAN_POINT('',(-9.581955692974,-25.38078654536,
    39.242138616196));
#2671 = CARTESIAN_POINT('',(-8.221275145565,-24.64530877668,
    41.234417181325));
#2672 = CARTESIAN_POINT('',(-6.928513802342,-23.83382873908,
    43.234151149966));
#2673 = CARTESIAN_POINT('',(-5.709299718215,-22.95089832128,
    45.241074891582));
#2674 = CARTESIAN_POINT('',(-4.568997623231,-22.00158641941,
    47.25489684525));
#2675 = CARTESIAN_POINT('',(-3.512793137544,-20.99149334622,
    49.275317851726));
#2676 = CARTESIAN_POINT('',(-2.545574477913,-19.92670213766,
    51.301994082402));
#2677 = CARTESIAN_POINT('',(-1.318793164531,-18.36292164097,
    54.158458734179));
#2678 = CARTESIAN_POINT('',(-0.980487218158,-17.90407190127,
    54.983197258635));
#2679 = CARTESIAN_POINT('',(-0.658004080328,-17.43778130325,
    55.808910326067));
#2680 = CARTESIAN_POINT('',(-0.351701774165,-16.96451081982,
    56.635584932098));
#2681 = CARTESIAN_POINT('',(-6.196151334398E-02,-16.48474371018,
    57.463207553313));
#2682 = CARTESIAN_POINT('',(0.210804999859,-15.99898765714,
    58.291765678309));
#2683 = CARTESIAN_POINT('',(0.466130640039,-15.50778159353,
    59.121252982312));
#2684 = CARTESIAN_POINT('',(0.703428066986,-15.01171331872,
    59.951682662373));
#2685 = PCURVE('',#744,#2686);
#2686 = DEFINITIONAL_REPRESENTATION('',(#2687),#2725);
#2687 = B_SPLINE_CURVE_WITH_KNOTS('',8,(#2688,#2689,#2690,#2691,#2692,
    #2693,#2694,#2695,#2696,#2697,#2698,#2699,#2700,#2701,#2702,#2703,
    #2704,#2705,#2706,#2707,#2708,#2709,#2710,#2711,#2712,#2713,#2714,
    #2715,#2716,#2717,#2718,#2719,#2720,#2721,#2722,#2723,#2724),
  .UNSPECIFIED.,.F.,.F.,(9,7,7,7,7,9),(0.,0.307703965278,0.468093886443,
    0.634346534214,0.894552005564,1.),.UNSPECIFIED.);
#2688 = CARTESIAN_POINT('',(-3.632328642435,5.7982668452E-16));
#2689 = CARTESIAN_POINT('',(-3.671124776646,-2.164451686139));
#2690 = CARTESIAN_POINT('',(-3.710223405866,-4.342632659334));
#2691 = CARTESIAN_POINT('',(-3.749628798173,-6.534424028498));
#2692 = CARTESIAN_POINT('',(-3.789347117525,-8.739728691033));
#2693 = CARTESIAN_POINT('',(-3.829385842451,-10.95845306987));
#2694 = CARTESIAN_POINT('',(-3.86975372315,-13.19047986308));
#2695 = CARTESIAN_POINT('',(-3.910460944571,-15.43563248657));
#2696 = CARTESIAN_POINT('',(-3.972920656565,-18.87060842438));
#2697 = CARTESIAN_POINT('',(-3.994417717256,-20.05108666237));
#2698 = CARTESIAN_POINT('',(-4.016012107259,-21.2350324104));
#2699 = CARTESIAN_POINT('',(-4.037705817958,-22.42241128946));
#2700 = CARTESIAN_POINT('',(-4.059501105596,-23.61318739357));
#2701 = CARTESIAN_POINT('',(-4.081400526886,-24.80732194732));
#2702 = CARTESIAN_POINT('',(-4.103406974633,-26.00477196359));
#2703 = CARTESIAN_POINT('',(-4.148448884374,-28.45009559858));
#2704 = CARTESIAN_POINT('',(-4.171492633312,-29.69821684324));
#2705 = CARTESIAN_POINT('',(-4.194658634261,-30.9497976609));
#2706 = CARTESIAN_POINT('',(-4.217951062444,-32.20478312346));
#2707 = CARTESIAN_POINT('',(-4.241374733043,-33.46311641184));
#2708 = CARTESIAN_POINT('',(-4.264935234922,-34.72473718201));
#2709 = CARTESIAN_POINT('',(-4.288639059272,-35.98958023407));
#2710 = CARTESIAN_POINT('',(-4.349829152929,-39.24213861619));
#2711 = CARTESIAN_POINT('',(-4.387533957016,-41.23441718133));
#2712 = CARTESIAN_POINT('',(-4.425637555361,-43.23415114993));
#2713 = CARTESIAN_POINT('',(-4.464174879128,-45.24107489163));
#2714 = CARTESIAN_POINT('',(-4.503193018153,-47.2548968452));
#2715 = CARTESIAN_POINT('',(-4.542742912628,-49.27531785174));
#2716 = CARTESIAN_POINT('',(-4.582900131537,-51.3019940824));
#2717 = CARTESIAN_POINT('',(-4.640263602267,-54.15845873417));
#2718 = CARTESIAN_POINT('',(-4.656915074206,-54.98319725863));
#2719 = CARTESIAN_POINT('',(-4.673679135742,-55.80891032606));
#2720 = CARTESIAN_POINT('',(-4.690559057148,-56.63558493209));
#2721 = CARTESIAN_POINT('',(-4.707556330583,-57.46320755331));
#2722 = CARTESIAN_POINT('',(-4.724670281724,-58.2917656783));
#2723 = CARTESIAN_POINT('',(-4.74189542099,-59.12125298231));
#2724 = CARTESIAN_POINT('',(-4.759213342356,-59.95168266237));
#2725 = ( GEOMETRIC_REPRESENTATION_CONTEXT(2) 
PARAMETRIC_REPRESENTATION_CONTEXT() REPRESENTATION_CONTEXT('2D SPACE',''
  ) );
#2726 = PCURVE('',#2134,#2727);
#2727 = DEFINITIONAL_REPRESENTATION('',(#2728),#2766);
#2728 = B_SPLINE_CURVE_WITH_KNOTS('',8,(#2729,#2730,#2731,#2732,#2733,
    #2734,#2735,#2736,#2737,#2738,#2739,#2740,#2741,#2742,#2743,#2744,
    #2745,#2746,#2747,#2748,#2749,#2750,#2751,#2752,#2753,#2754,#2755,
    #2756,#2757,#2758,#2759,#2760,#2761,#2762,#2763,#2764,#2765),
  .UNSPECIFIED.,.F.,.F.,(9,7,7,7,7,9),(0.,0.307703965278,0.468093886443,
    0.634346534214,0.894552005564,1.),.UNSPECIFIED.);
#2729 = CARTESIAN_POINT('',(1.077983009203,3.652549346187E-04));
#2730 = CARTESIAN_POINT('',(1.080182018588,4.234593695391E-02));
#2731 = CARTESIAN_POINT('',(1.08253677535,8.400126050009E-02));
#2732 = CARTESIAN_POINT('',(1.085066829979,0.125327304264));
#2733 = CARTESIAN_POINT('',(1.087794815057,0.166322239668));
#2734 = CARTESIAN_POINT('',(1.090748583255,0.206985684786));
#2735 = CARTESIAN_POINT('',(1.093962626684,0.247318380238));
#2736 = CARTESIAN_POINT('',(1.097480700139,0.2873219241));
#2737 = CARTESIAN_POINT('',(1.103384464818,0.347679515945));
#2738 = CARTESIAN_POINT('',(1.105505919162,0.36827203594));
#2739 = CARTESIAN_POINT('',(1.10773437034,0.388776235428));
#2740 = CARTESIAN_POINT('',(1.110079219468,0.409192640322));
#2741 = CARTESIAN_POINT('',(1.112551244861,0.429521915285));
#2742 = CARTESIAN_POINT('',(1.115163014673,0.449764849125));
#2743 = CARTESIAN_POINT('',(1.117929299551,0.469922340192));
#2744 = CARTESIAN_POINT('',(1.1239130704,0.510802152462));
#2745 = CARTESIAN_POINT('',(1.127143423572,0.5315182604));
#2746 = CARTESIAN_POINT('',(1.13057795871,0.552144801999));
#2747 = CARTESIAN_POINT('',(1.134239587492,0.572683089518));
#2748 = CARTESIAN_POINT('',(1.138155238851,0.593134628457));
#2749 = CARTESIAN_POINT('',(1.142357204527,0.613501099415));
#2750 = CARTESIAN_POINT('',(1.146885310691,0.633784344399));
#2751 = CARTESIAN_POINT('',(1.159466214651,0.685604947974));
#2752 = CARTESIAN_POINT('',(1.168065196591,0.717024475629));
#2753 = CARTESIAN_POINT('',(1.177777556038,0.748252803631));
#2754 = CARTESIAN_POINT('',(1.18887250808,0.779299122289));
#2755 = CARTESIAN_POINT('',(1.201683115227,0.810173727812));
#2756 = CARTESIAN_POINT('',(1.216777446056,0.840888166629));
#2757 = CARTESIAN_POINT('',(1.234892618677,0.87145485408));
#2758 = CARTESIAN_POINT('',(1.267031672195,0.914221954553));
#2759 = CARTESIAN_POINT('',(1.277080922443,0.926533314665));
#2760 = CARTESIAN_POINT('',(1.288027437385,0.938823819136));
#2761 = CARTESIAN_POINT('',(1.300013162601,0.951094501195));
#2762 = CARTESIAN_POINT('',(1.313221164036,0.963346388542));
#2763 = CARTESIAN_POINT('',(1.327885923596,0.975580516629));
#2764 = CARTESIAN_POINT('',(1.344324352168,0.987797971552));
#2765 = CARTESIAN_POINT('',(1.363013465952,1.));
#2766 = ( GEOMETRIC_REPRESENTATION_CONTEXT(2) 
PARAMETRIC_REPRESENTATION_CONTEXT() REPRESENTATION_CONTEXT('2D SPACE',''
  ) );
#2767 = ORIENTED_EDGE('',*,*,#2170,.T.);
#2768 = ORIENTED_EDGE('',*,*,#2769,.T.);
#2769 = EDGE_CURVE('',#2171,#728,#2770,.T.);
#2770 = SURFACE_CURVE('',#2771,(#2830,#2892),.PCURVE_S1.);
#2771 = B_SPLINE_CURVE_WITH_KNOTS('',8,(#2772,#2773,#2774,#2775,#2776,
    #2777,#2778,#2779,#2780,#2781,#2782,#2783,#2784,#2785,#2786,#2787,
    #2788,#2789,#2790,#2791,#2792,#2793,#2794,#2795,#2796,#2797,#2798,
    #2799,#2800,#2801,#2802,#2803,#2804,#2805,#2806,#2807,#2808,#2809,
    #2810,#2811,#2812,#2813,#2814,#2815,#2816,#2817,#2818,#2819,#2820,
    #2821,#2822,#2823,#2824,#2825,#2826,#2827,#2828,#2829),
  .UNSPECIFIED.,.F.,.F.,(9,7,7,7,7,7,7,7,9),(0.,0.21168149809,
    0.432249040015,0.662054071806,0.899739797598,0.921144248553,
    0.938304062608,0.964426805166,1.),.UNSPECIFIED.);
#2772 = CARTESIAN_POINT('',(-13.12822807403,-48.24572134019,
    -2.82683847333E-16));
#2773 = CARTESIAN_POINT('',(-11.68041255138,-47.73997483788,
    1.488252247199));
#2774 = CARTESIAN_POINT('',(-10.26626170919,-47.18321854188,
    2.983102779119));
#2775 = CARTESIAN_POINT('',(-8.888312024107,-46.57695771171,
    4.484525037006));
#2776 = CARTESIAN_POINT('',(-7.549035455596,-45.92286874073,
    5.992492831198));
#2777 = CARTESIAN_POINT('',(-6.250831722117,-45.22279808819,
    7.506977396332));
#2778 = CARTESIAN_POINT('',(-4.996017475562,-44.47876169056,
    9.027943323258));
#2779 = CARTESIAN_POINT('',(-3.786812374064,-43.69294485208,
    10.555343367677));
#2780 = CARTESIAN_POINT('',(-1.415074264051,-42.00781805483,
    13.687266013101));
#2781 = CARTESIAN_POINT('',(-0.256618584769,-41.10511944247,
    15.292351326381));
#2782 = CARTESIAN_POINT('',(0.847657284148,-40.16227174812,
    16.904290011092));
#2783 = CARTESIAN_POINT('',(1.895518092546,-39.18212724556,
    18.523005293534));
#2784 = CARTESIAN_POINT('',(2.884894888717,-38.16771933465,
    20.148416361544));
#2785 = CARTESIAN_POINT('',(3.813901537595,-37.12225467216,
    21.780431887649));
#2786 = CARTESIAN_POINT('',(4.680853909077,-36.04910361066,
    23.418942404359));
#2787 = CARTESIAN_POINT('',(6.321377981656,-33.80851813863,
    26.777568681779));
#2788 = CARTESIAN_POINT('',(7.089530922408,-32.63900004837,
    28.498254039814));
#2789 = CARTESIAN_POINT('',(7.787091354256,-31.44722223366,
    30.225706431043));
#2790 = CARTESIAN_POINT('',(8.412686390927,-30.23732890165,31.9597658031
    ));
#2791 = CARTESIAN_POINT('',(8.965236419964,-29.01359928875,
    33.700268438612));
#2792 = CARTESIAN_POINT('',(9.443980023242,-27.78042437012,
    35.447035369408));
#2793 = CARTESIAN_POINT('',(9.848502142122,-26.54227732019,
    37.199858303578));
#2794 = CARTESIAN_POINT('',(10.520324593502,-24.02259357363,
    40.777425040443));
#2795 = CARTESIAN_POINT('',(10.782456006692,-22.74098020722,
    42.602636991353));
#2796 = CARTESIAN_POINT('',(10.965073070046,-21.46385370832,
    44.433812348456));
#2797 = CARTESIAN_POINT('',(11.068554875078,-20.19622835876,
    46.27065764544));
#2798 = CARTESIAN_POINT('',(11.093725853688,-18.94307609964,
    48.112885578612));
#2799 = CARTESIAN_POINT('',(11.041924202447,-17.70921383615,
    49.960183831535));
#2800 = CARTESIAN_POINT('',(10.914977703325,-16.49927789807,
    51.812207181516));
#2801 = CARTESIAN_POINT('',(10.697598029358,-15.21087107899,
    53.83562018184));
#2802 = CARTESIAN_POINT('',(10.679051678381,-15.10465741155,
    54.002816775645));
#2803 = CARTESIAN_POINT('',(10.659919498039,-14.99867332285,
    54.170047600743));
#2804 = CARTESIAN_POINT('',(10.640203485672,-14.89292169254,
    54.337312336882));
#2805 = CARTESIAN_POINT('',(10.619905697835,-14.78740535083,
    54.504610658974));
#2806 = CARTESIAN_POINT('',(10.599028250302,-14.68212707849,
    54.671942237096));
#2807 = CARTESIAN_POINT('',(10.577573318059,-14.57708960683,
    54.839306736489));
#2808 = CARTESIAN_POINT('',(10.537881676001,-14.38828293405,
    55.140905007333));
#2809 = CARTESIAN_POINT('',(10.519850498672,-14.30442673572,
    55.275127137694));
#2810 = CARTESIAN_POINT('',(10.501450754951,-14.22072840396,
    55.409370033551));
#2811 = CARTESIAN_POINT('',(10.482683625518,-14.13718929344,
    55.543633517333));
#2812 = CARTESIAN_POINT('',(10.463550320102,-14.05381073228,
    55.677917408985));
#2813 = CARTESIAN_POINT('',(10.44405207748,-13.97059402205,
    55.812221525971));
#2814 = CARTESIAN_POINT('',(10.424190165481,-13.88754043775,
    55.946545683273));
#2815 = CARTESIAN_POINT('',(10.3731780312,-13.67846725615,
    56.285404379801));
#2816 = CARTESIAN_POINT('',(10.34155041492,-13.55266419173,
    56.489965074277));
#2817 = CARTESIAN_POINT('',(10.309087587499,-13.42724646493,
    56.694571116465));
#2818 = CARTESIAN_POINT('',(10.275794301963,-13.30221830969,
    56.89922182843));
#2819 = CARTESIAN_POINT('',(10.241675509011,-13.17758376364,
    57.103916514663));
#2820 = CARTESIAN_POINT('',(10.206736357009,-13.05334666805,
    57.308654462073));
#2821 = CARTESIAN_POINT('',(10.170982191997,-12.92951066783,
    57.513434939991));
#2822 = CARTESIAN_POINT('',(10.084627258612,-12.63799382645,
    57.997178226604));
#2823 = CARTESIAN_POINT('',(10.03333487932,-12.47065859244,
    58.276176759437));
#2824 = CARTESIAN_POINT('',(9.980555534782,-12.30408210486,
    58.555250860807));
#2825 = CARTESIAN_POINT('',(9.926304089231,-12.13827216789,
    58.834398554796));
#2826 = CARTESIAN_POINT('',(9.870596300445,-11.97323563065,
    59.11361779628));
#2827 = CARTESIAN_POINT('',(9.813448964023,-11.80897822337,
    59.392906439785));
#2828 = CARTESIAN_POINT('',(9.75488005766,-11.64550439348,
    59.672262208349));
#2829 = CARTESIAN_POINT('',(9.69490888543,-11.48281714181,
    59.951682662373));
#2830 = PCURVE('',#744,#2831);
#2831 = DEFINITIONAL_REPRESENTATION('',(#2832),#2891);
#2832 = B_SPLINE_CURVE_WITH_KNOTS('',8,(#2833,#2834,#2835,#2836,#2837,
    #2838,#2839,#2840,#2841,#2842,#2843,#2844,#2845,#2846,#2847,#2848,
    #2849,#2850,#2851,#2852,#2853,#2854,#2855,#2856,#2857,#2858,#2859,
    #2860,#2861,#2862,#2863,#2864,#2865,#2866,#2867,#2868,#2869,#2870,
    #2871,#2872,#2873,#2874,#2875,#2876,#2877,#2878,#2879,#2880,#2881,
    #2882,#2883,#2884,#2885,#2886,#2887,#2888,#2889,#2890),
  .UNSPECIFIED.,.F.,.F.,(9,7,7,7,7,7,7,7,9),(0.,0.21168149809,
    0.432249040015,0.662054071806,0.899739797598,0.921144248553,
    0.938304062608,0.964426805166,1.),.UNSPECIFIED.);
#2833 = CARTESIAN_POINT('',(-4.446709922401,5.7982668452E-16));
#2834 = CARTESIAN_POINT('',(-4.471994461933,-1.488252247199));
#2835 = CARTESIAN_POINT('',(-4.497364923626,-2.983102779119));
#2836 = CARTESIAN_POINT('',(-4.522818649305,-4.484525037006));
#2837 = CARTESIAN_POINT('',(-4.548352813251,-5.992492831198));
#2838 = CARTESIAN_POINT('',(-4.573964273812,-7.506977396332));
#2839 = CARTESIAN_POINT('',(-4.599649417376,-9.027943323258));
#2840 = CARTESIAN_POINT('',(-4.625403994723,-10.55534336767));
#2841 = CARTESIAN_POINT('',(-4.678125742357,-13.6872660131));
#2842 = CARTESIAN_POINT('',(-4.705098711542,-15.29235132638));
#2843 = CARTESIAN_POINT('',(-4.732136061333,-16.90429001109));
#2844 = CARTESIAN_POINT('',(-4.7592313992,-18.52300529353));
#2845 = CARTESIAN_POINT('',(-4.786377533632,-20.14841636154));
#2846 = CARTESIAN_POINT('',(-4.813566184037,-21.78043188764));
#2847 = CARTESIAN_POINT('',(-4.840787602946,-23.41894240435));
#2848 = CARTESIAN_POINT('',(-4.896413549301,-26.77756868177));
#2849 = CARTESIAN_POINT('',(-4.924820308928,-28.49825403981));
#2850 = CARTESIAN_POINT('',(-4.953237030437,-30.22570643104));
#2851 = CARTESIAN_POINT('',(-4.981648758306,-31.9597658031));
#2852 = CARTESIAN_POINT('',(-5.010038052081,-33.70026843861));
#2853 = CARTESIAN_POINT('',(-5.038384441365,-35.4470353694));
#2854 = CARTESIAN_POINT('',(-5.066663567135,-37.19985830357));
#2855 = CARTESIAN_POINT('',(-5.123993574212,-40.77742504044));
#2856 = CARTESIAN_POINT('',(-5.153038719732,-42.60263699135));
#2857 = CARTESIAN_POINT('',(-5.181946846046,-44.43381234846));
#2858 = CARTESIAN_POINT('',(-5.210679757235,-46.27065764543));
#2859 = CARTESIAN_POINT('',(-5.239190282619,-48.11288557861));
#2860 = CARTESIAN_POINT('',(-5.267427751521,-49.96018383153));
#2861 = CARTESIAN_POINT('',(-5.295324114193,-51.81220718151));
#2862 = CARTESIAN_POINT('',(-5.325304164154,-53.83562018184));
#2863 = CARTESIAN_POINT('',(-5.327777749882,-54.00281677564));
#2864 = CARTESIAN_POINT('',(-5.330248114721,-54.17004760074));
#2865 = CARTESIAN_POINT('',(-5.332715222854,-54.33731233688));
#2866 = CARTESIAN_POINT('',(-5.335179040301,-54.50461065897));
#2867 = CARTESIAN_POINT('',(-5.337639534919,-54.67194223709));
#2868 = CARTESIAN_POINT('',(-5.3400966764,-54.83930673648));
#2869 = CARTESIAN_POINT('',(-5.344517600169,-55.14090500733));
#2870 = CARTESIAN_POINT('',(-5.346482591053,-55.27512713769));
#2871 = CARTESIAN_POINT('',(-5.348445394282,-55.40937003355));
#2872 = CARTESIAN_POINT('',(-5.350405996593,-55.54363351733));
#2873 = CARTESIAN_POINT('',(-5.352364386102,-55.67791740898));
#2874 = CARTESIAN_POINT('',(-5.354320552302,-55.81222152597));
#2875 = CARTESIAN_POINT('',(-5.356274486066,-55.94654568327));
#2876 = CARTESIAN_POINT('',(-5.361197283455,-56.2854043798));
#2877 = CARTESIAN_POINT('',(-5.364163198507,-56.48996507427));
#2878 = CARTESIAN_POINT('',(-5.367123894208,-56.69457111646));
#2879 = CARTESIAN_POINT('',(-5.370079353668,-56.89922182843));
#2880 = CARTESIAN_POINT('',(-5.373029573703,-57.10391651466));
#2881 = CARTESIAN_POINT('',(-5.37597456483,-57.30865446207));
#2882 = CARTESIAN_POINT('',(-5.37891435127,-57.51343493999));
#2883 = CARTESIAN_POINT('',(-5.385845251102,-57.9971782266));
#2884 = CARTESIAN_POINT('',(-5.389831953263,-58.27617675943));
#2885 = CARTESIAN_POINT('',(-5.393809191403,-58.5552508608));
#2886 = CARTESIAN_POINT('',(-5.397777137256,-58.83439855479));
#2887 = CARTESIAN_POINT('',(-5.401736045585,-59.11361779628));
#2888 = CARTESIAN_POINT('',(-5.405686279458,-59.39290643978));
#2889 = CARTESIAN_POINT('',(-5.40962833552,-59.67226220834));
#2890 = CARTESIAN_POINT('',(-5.413562869268,-59.95168266237));
#2891 = ( GEOMETRIC_REPRESENTATION_CONTEXT(2) 
PARAMETRIC_REPRESENTATION_CONTEXT() REPRESENTATION_CONTEXT('2D SPACE',''
  ) );
#2892 = PCURVE('',#773,#2893);
#2893 = DEFINITIONAL_REPRESENTATION('',(#2894),#2953);
#2894 = B_SPLINE_CURVE_WITH_KNOTS('',8,(#2895,#2896,#2897,#2898,#2899,
    #2900,#2901,#2902,#2903,#2904,#2905,#2906,#2907,#2908,#2909,#2910,
    #2911,#2912,#2913,#2914,#2915,#2916,#2917,#2918,#2919,#2920,#2921,
    #2922,#2923,#2924,#2925,#2926,#2927,#2928,#2929,#2930,#2931,#2932,
    #2933,#2934,#2935,#2936,#2937,#2938,#2939,#2940,#2941,#2942,#2943,
    #2944,#2945,#2946,#2947,#2948,#2949,#2950,#2951,#2952),
  .UNSPECIFIED.,.F.,.F.,(9,7,7,7,7,7,7,7,9),(0.,0.21168149809,
    0.432249040015,0.662054071806,0.899739797598,0.921144248553,
    0.938304062608,0.964426805166,1.),.UNSPECIFIED.);
#2895 = CARTESIAN_POINT('',(3.922016990832,3.65254947774E-04));
#2896 = CARTESIAN_POINT('',(3.920504979819,2.923069323745E-02));
#2897 = CARTESIAN_POINT('',(3.918919215696,5.794438934568E-02));
#2898 = CARTESIAN_POINT('',(3.917253341022,8.650523717549E-02));
#2899 = CARTESIAN_POINT('',(3.915500248712,0.11491249128));
#2900 = CARTESIAN_POINT('',(3.913651857141,0.143165687024));
#2901 = CARTESIAN_POINT('',(3.911698816515,0.171264571906));
#2902 = CARTESIAN_POINT('',(3.909630146527,0.199209048018));
#2903 = CARTESIAN_POINT('',(3.90514322323,0.25595578544));
#2904 = CARTESIAN_POINT('',(3.902713900357,0.284745115566));
#2905 = CARTESIAN_POINT('',(3.900130122886,0.31336703895));
#2906 = CARTESIAN_POINT('',(3.897374521414,0.341822013993));
#2907 = CARTESIAN_POINT('',(3.894426689387,0.370110965929));
#2908 = CARTESIAN_POINT('',(3.891262174491,0.398235211202));
#2909 = CARTESIAN_POINT('',(3.887850842941,0.426196374912));
#2910 = CARTESIAN_POINT('',(3.88030359046,0.482960503916));
#2911 = CARTESIAN_POINT('',(3.876143263967,0.511750120462));
#2912 = CARTESIAN_POINT('',(3.871630312241,0.54036709045));
#2913 = CARTESIAN_POINT('',(3.866712336482,0.568814224994));
#2914 = CARTESIAN_POINT('',(3.861323056424,0.59709506553));
#2915 = CARTESIAN_POINT('',(3.855378558181,0.625213759266));
#2916 = CARTESIAN_POINT('',(3.848767851956,0.653174915037));
#2917 = CARTESIAN_POINT('',(3.833639104189,0.709745526691));
#2918 = CARTESIAN_POINT('',(3.825062912653,0.738345330546));
#2919 = CARTESIAN_POINT('',(3.815426947994,0.766787634177));
#2920 = CARTESIAN_POINT('',(3.804490820183,0.795078627848));
#2921 = CARTESIAN_POINT('',(3.791949355177,0.823225675293));
#2922 = CARTESIAN_POINT('',(3.777316598643,0.851236733203));
#2923 = CARTESIAN_POINT('',(3.759939697404,0.879120280292));
#2924 = CARTESIAN_POINT('',(3.736487915187,0.909383157635));
#2925 = CARTESIAN_POINT('',(3.734516908646,0.911882316312));
#2926 = CARTESIAN_POINT('',(3.732511327384,0.914380504838));
#2927 = CARTESIAN_POINT('',(3.730470101685,0.916877728777));
#2928 = CARTESIAN_POINT('',(3.728392103586,0.919373993639));
#2929 = CARTESIAN_POINT('',(3.726276146868,0.921869304884));
#2930 = CARTESIAN_POINT('',(3.724120987066,0.924363667922));
#2931 = CARTESIAN_POINT('',(3.720165070114,0.928856047436));
#2932 = CARTESIAN_POINT('',(3.718378780027,0.930854400773));
#2933 = CARTESIAN_POINT('',(3.716565779153,0.932852150882));
#2934 = CARTESIAN_POINT('',(3.714725363245,0.934849300484));
#2935 = CARTESIAN_POINT('',(3.712856795844,0.936845852265));
#2936 = CARTESIAN_POINT('',(3.710959308284,0.938841808873));
#2937 = CARTESIAN_POINT('',(3.709032099693,0.940837172922));
#2938 = CARTESIAN_POINT('',(3.704093994027,0.945868633118));
#2939 = CARTESIAN_POINT('',(3.701042811909,0.94890395195));
#2940 = CARTESIAN_POINT('',(3.697917886493,0.951937912623));
#2941 = CARTESIAN_POINT('',(3.694716067599,0.954970523943));
#2942 = CARTESIAN_POINT('',(3.691433959012,0.958001794377));
#2943 = CARTESIAN_POINT('',(3.688067918477,0.961031732057));
#2944 = CARTESIAN_POINT('',(3.684614057705,0.964060344781));
#2945 = CARTESIAN_POINT('',(3.676239653661,0.971210123038));
#2946 = CARTESIAN_POINT('',(3.671240504668,0.975330163199));
#2947 = CARTESIAN_POINT('',(3.666060167633,0.979447778416));
#2948 = CARTESIAN_POINT('',(3.660687035313,0.983562985651));
#2949 = CARTESIAN_POINT('',(3.655108278263,0.987675800182));
#2950 = CARTESIAN_POINT('',(3.649309602109,0.991786234884));
#2951 = CARTESIAN_POINT('',(3.643275004832,0.995894299516));
#2952 = CARTESIAN_POINT('',(3.636986534048,1.));
#2953 = ( GEOMETRIC_REPRESENTATION_CONTEXT(2) 
PARAMETRIC_REPRESENTATION_CONTEXT() REPRESENTATION_CONTEXT('2D SPACE',''
  ) );
#2954 = ADVANCED_FACE('',(#2955),#773,.F.);
#2955 = FACE_BOUND('',#2956,.F.);
#2956 = EDGE_LOOP('',(#2957,#2958,#2959,#2960,#2961,#2962));
#2957 = ORIENTED_EDGE('',*,*,#2550,.F.);
#2958 = ORIENTED_EDGE('',*,*,#2587,.T.);
#2959 = ORIENTED_EDGE('',*,*,#2472,.T.);
#2960 = ORIENTED_EDGE('',*,*,#2193,.F.);
#2961 = ORIENTED_EDGE('',*,*,#2769,.T.);
#2962 = ORIENTED_EDGE('',*,*,#759,.F.);
#2963 = ADVANCED_FACE('',(#2964),#852,.T.);
#2964 = FACE_BOUND('',#2965,.T.);
#2965 = EDGE_LOOP('',(#2966,#3103,#3104,#3306,#3336,#3337));
#2966 = ORIENTED_EDGE('',*,*,#2967,.T.);
#2967 = EDGE_CURVE('',#1120,#2282,#2968,.T.);
#2968 = SURFACE_CURVE('',#2969,(#3001,#3052),.PCURVE_S1.);
#2969 = B_SPLINE_CURVE_WITH_KNOTS('',7,(#2970,#2971,#2972,#2973,#2974,
    #2975,#2976,#2977,#2978,#2979,#2980,#2981,#2982,#2983,#2984,#2985,
    #2986,#2987,#2988,#2989,#2990,#2991,#2992,#2993,#2994,#2995,#2996,
    #2997,#2998,#2999,#3000),.UNSPECIFIED.,.F.,.F.,(8,6,5,6,6,8),(0.,
    0.47321180009,1.,1.957616395028,2.878943736319,4.62823430251),
  .UNSPECIFIED.);
#2970 = CARTESIAN_POINT('',(14.478810853663,4.026212124685,
    59.951682662373));
#2971 = CARTESIAN_POINT('',(15.073255384071,3.892168938694,
    59.031450229729));
#2972 = CARTESIAN_POINT('',(15.666786404347,3.734737220019,
    58.112398673063));
#2973 = CARTESIAN_POINT('',(16.258378808608,3.554558217375,
    57.194510020704));
#2974 = CARTESIAN_POINT('',(16.847133468765,3.352096183256,
    56.277797787988));
#2975 = CARTESIAN_POINT('',(17.432220343657,3.127744737002,
    55.362283401055));
#2976 = CARTESIAN_POINT('',(18.01285126751,2.88187725347,54.447984808181
    ));
#2977 = CARTESIAN_POINT('',(19.228863104243,2.317571849196,
    52.518473478614));
#2978 = CARTESIAN_POINT('',(19.862993635802,1.994072789368,
    51.50356440063));
#2979 = CARTESIAN_POINT('',(20.489639673254,1.6448308432,50.490220733711
    ));
#2980 = CARTESIAN_POINT('',(21.107816482953,1.270316060939,
    49.478480993515));
#2981 = CARTESIAN_POINT('',(21.716578733529,0.871005572513,
    48.468385406434));
#2982 = CARTESIAN_POINT('',(23.402878272823,-0.322660220897,
    45.626841220676));
#2983 = CARTESIAN_POINT('',(25.000244109963,-1.705184141451,
    42.798961336017));
#2984 = CARTESIAN_POINT('',(25.988453335333,-2.672575188301,
    40.98057727559));
#2985 = CARTESIAN_POINT('',(26.929482935242,-3.712122993445,
    39.168362198333));
#2986 = CARTESIAN_POINT('',(27.818799907738,-4.820205855311,
    37.362534652853));
#2987 = CARTESIAN_POINT('',(28.652244941602,-5.992929580485,
    35.563299277686));
#2988 = CARTESIAN_POINT('',(30.170532921301,-8.41268363924,
    32.046348589452));
#2989 = CARTESIAN_POINT('',(30.859815469869,-9.655222589004,
    30.328115209433));
#2990 = CARTESIAN_POINT('',(31.490540965172,-10.95011759557,
    28.616345040348));
#2991 = CARTESIAN_POINT('',(32.059698330869,-12.29351302554,
    26.911193072344));
#2992 = CARTESIAN_POINT('',(32.564623552692,-13.68140325682,
    25.212795579528));
#2993 = CARTESIAN_POINT('',(33.003000718604,-15.10966207356,
    23.52128014668));
#2994 = CARTESIAN_POINT('',(34.075107958848,-19.35448401563,
    18.638468931189));
#2995 = CARTESIAN_POINT('',(34.53039533931,-22.26534206628,
    15.465285300213));
#2996 = CARTESIAN_POINT('',(34.725188833165,-25.27763631916,
    12.318275392442));
#2997 = CARTESIAN_POINT('',(34.650666865862,-28.36160776834,
    9.197934157447));
#2998 = CARTESIAN_POINT('',(34.302361056807,-31.48758130143,
    6.104545527729));
#2999 = CARTESIAN_POINT('',(33.679705154613,-34.62648182244,
    3.038412001651));
#3000 = CARTESIAN_POINT('',(32.785984935441,-37.75022108296,
    5.060184548875E-16));
#3001 = PCURVE('',#852,#3002);
#3002 = DEFINITIONAL_REPRESENTATION('',(#3003),#3051);
#3003 = B_SPLINE_CURVE_WITH_KNOTS('',3,(#3004,#3005,#3006,#3007,#3008,
    #3009,#3010,#3011,#3012,#3013,#3014,#3015,#3016,#3017,#3018,#3019,
    #3020,#3021,#3022,#3023,#3024,#3025,#3026,#3027,#3028,#3029,#3030,
    #3031,#3032,#3033,#3034,#3035,#3036,#3037,#3038,#3039,#3040,#3041,
    #3042,#3043,#3044,#3045,#3046,#3047,#3048,#3049,#3050),
  .UNSPECIFIED.,.F.,.F.,(4,1,1,1,1,1,1,1,1,1,1,1,1,1,1,1,1,1,1,1,1,1,1,1
    ,1,1,1,1,1,1,1,1,1,1,1,1,1,1,1,1,1,1,1,1,4),(0.,0.105187143239,
    0.210374286478,0.315561429717,0.420748572955,0.525935716194,
    0.631122859433,0.736310002672,0.841497145911,0.94668428915,
    1.051871432389,1.157058575627,1.262245718866,1.367432862105,
    1.472620005344,1.577807148583,1.682994291822,1.788181435061,
    1.893368578299,1.998555721538,2.103742864777,2.208930008016,
    2.314117151255,2.419304294494,2.524491437733,2.629678580971,
    2.73486572421,2.840052867449,2.945240010688,3.050427153927,
    3.155614297166,3.260801440405,3.365988583643,3.471175726882,
    3.576362870121,3.68155001336,3.786737156599,3.891924299838,
    3.997111443077,4.102298586316,4.207485729554,4.312672872793,
    4.417860016032,4.523047159271,4.62823430251),.QUASI_UNIFORM_KNOTS.);
#3004 = CARTESIAN_POINT('',(-6.554409144408,-59.95168266237));
#3005 = CARTESIAN_POINT('',(-6.544453644079,-59.47439635016));
#3006 = CARTESIAN_POINT('',(-6.524631276603,-58.5206297295));
#3007 = CARTESIAN_POINT('',(-6.49517802259,-57.09242047348));
#3008 = CARTESIAN_POINT('',(-6.466026174104,-55.66666665563));
#3009 = CARTESIAN_POINT('',(-6.43717335215,-54.24341069063));
#3010 = CARTESIAN_POINT('',(-6.408611625599,-52.82268872131));
#3011 = CARTESIAN_POINT('',(-6.380328866137,-51.40456326267));
#3012 = CARTESIAN_POINT('',(-6.352311367014,-49.98909365068));
#3013 = CARTESIAN_POINT('',(-6.324545010563,-48.57634383508));
#3014 = CARTESIAN_POINT('',(-6.29701602365,-47.16637918748));
#3015 = CARTESIAN_POINT('',(-6.269711321305,-45.75926390692));
#3016 = CARTESIAN_POINT('',(-6.242618711823,-44.35506363553));
#3017 = CARTESIAN_POINT('',(-6.21572703286,-42.95384604492));
#3018 = CARTESIAN_POINT('',(-6.189026070483,-41.55567662986));
#3019 = CARTESIAN_POINT('',(-6.16250652175,-40.16061936298));
#3020 = CARTESIAN_POINT('',(-6.136159939892,-38.76873646395));
#3021 = CARTESIAN_POINT('',(-6.109978677135,-37.38008853889));
#3022 = CARTESIAN_POINT('',(-6.083955826175,-35.99473492798));
#3023 = CARTESIAN_POINT('',(-6.058085148439,-34.61273345517));
#3024 = CARTESIAN_POINT('',(-6.032361042617,-33.23414277853));
#3025 = CARTESIAN_POINT('',(-6.006778302463,-31.8590120709));
#3026 = CARTESIAN_POINT('',(-5.981332355721,-30.48739545963));
#3027 = CARTESIAN_POINT('',(-5.956019023413,-29.11934339953));
#3028 = CARTESIAN_POINT('',(-5.930834496736,-27.75490349326));
#3029 = CARTESIAN_POINT('',(-5.905775303653,-26.39412088285));
#3030 = CARTESIAN_POINT('',(-5.880838284414,-25.03703879005));
#3031 = CARTESIAN_POINT('',(-5.856020567178,-23.6836988913));
#3032 = CARTESIAN_POINT('',(-5.831319556378,-22.33414221674));
#3033 = CARTESIAN_POINT('',(-5.806732889102,-20.98840814064));
#3034 = CARTESIAN_POINT('',(-5.782258046068,-19.64651481695));
#3035 = CARTESIAN_POINT('',(-5.757893244788,-18.30850884045));
#3036 = CARTESIAN_POINT('',(-5.733636683342,-16.97442528557));
#3037 = CARTESIAN_POINT('',(-5.709486689445,-15.64429657109));
#3038 = CARTESIAN_POINT('',(-5.685441676095,-14.31815084673));
#3039 = CARTESIAN_POINT('',(-5.66150014945,-12.9960131581));
#3040 = CARTESIAN_POINT('',(-5.637660703168,-11.67790583683));
#3041 = CARTESIAN_POINT('',(-5.613922016935,-10.36384906751));
#3042 = CARTESIAN_POINT('',(-5.590282854499,-9.05386137579));
#3043 = CARTESIAN_POINT('',(-5.566742062579,-7.747960106553));
#3044 = CARTESIAN_POINT('',(-5.543298570298,-6.446161872534));
#3045 = CARTESIAN_POINT('',(-5.519951389659,-5.148482984523));
#3046 = CARTESIAN_POINT('',(-5.496699615726,-3.854939841738));
#3047 = CARTESIAN_POINT('',(-5.47354243183,-2.565549362703));
#3048 = CARTESIAN_POINT('',(-5.450479100243,-1.280329164366));
#3049 = CARTESIAN_POINT('',(-5.43516570785,-0.426308780245));
#3050 = CARTESIAN_POINT('',(-5.427524444486,2.714970158211E-15));
#3051 = ( GEOMETRIC_REPRESENTATION_CONTEXT(2) 
PARAMETRIC_REPRESENTATION_CONTEXT() REPRESENTATION_CONTEXT('2D SPACE',''
  ) );
#3052 = PCURVE('',#1133,#3053);
#3053 = DEFINITIONAL_REPRESENTATION('',(#3054),#3102);
#3054 = B_SPLINE_CURVE_WITH_KNOTS('',3,(#3055,#3056,#3057,#3058,#3059,
    #3060,#3061,#3062,#3063,#3064,#3065,#3066,#3067,#3068,#3069,#3070,
    #3071,#3072,#3073,#3074,#3075,#3076,#3077,#3078,#3079,#3080,#3081,
    #3082,#3083,#3084,#3085,#3086,#3087,#3088,#3089,#3090,#3091,#3092,
    #3093,#3094,#3095,#3096,#3097,#3098,#3099,#3100,#3101),
  .UNSPECIFIED.,.F.,.F.,(4,1,1,1,1,1,1,1,1,1,1,1,1,1,1,1,1,1,1,1,1,1,1,1
    ,1,1,1,1,1,1,1,1,1,1,1,1,1,1,1,1,1,1,1,1,4),(0.,0.105187143239,
    0.210374286478,0.315561429717,0.420748572955,0.525935716194,
    0.631122859433,0.736310002672,0.841497145911,0.94668428915,
    1.051871432389,1.157058575627,1.262245718866,1.367432862105,
    1.472620005344,1.577807148583,1.682994291822,1.788181435061,
    1.893368578299,1.998555721538,2.103742864777,2.208930008016,
    2.314117151255,2.419304294494,2.524491437733,2.629678580971,
    2.73486572421,2.840052867449,2.945240010688,3.050427153927,
    3.155614297166,3.260801440405,3.365988583643,3.471175726882,
    3.576362870121,3.68155001336,3.786737156599,3.891924299838,
    3.997111443077,4.102298586316,4.207485729554,4.312672872793,
    4.417860016032,4.523047159271,4.62823430251),.QUASI_UNIFORM_KNOTS.);
#3055 = CARTESIAN_POINT('',(1.363013465952,1.));
#3056 = CARTESIAN_POINT('',(1.352301735051,0.992986912703));
#3057 = CARTESIAN_POINT('',(1.33271208882,0.978947269558));
#3058 = CARTESIAN_POINT('',(1.307881628558,0.957843756491));
#3059 = CARTESIAN_POINT('',(1.286547711069,0.936692487893));
#3060 = CARTESIAN_POINT('',(1.268037970434,0.915489982291));
#3061 = CARTESIAN_POINT('',(1.25181922372,0.894232670896));
#3062 = CARTESIAN_POINT('',(1.237491353288,0.87291740367));
#3063 = CARTESIAN_POINT('',(1.224740685556,0.851541060138));
#3064 = CARTESIAN_POINT('',(1.213319970091,0.830100682619));
#3065 = CARTESIAN_POINT('',(1.203031068965,0.808593447151));
#3066 = CARTESIAN_POINT('',(1.193713452058,0.787016636016));
#3067 = CARTESIAN_POINT('',(1.185235676822,0.765367680648));
#3068 = CARTESIAN_POINT('',(1.177489058478,0.743644181059));
#3069 = CARTESIAN_POINT('',(1.17038292157,0.721843844426));
#3070 = CARTESIAN_POINT('',(1.163841027919,0.69996449492));
#3071 = CARTESIAN_POINT('',(1.15779880713,0.678004071256));
#3072 = CARTESIAN_POINT('',(1.152201200896,0.655960629553));
#3073 = CARTESIAN_POINT('',(1.147000968412,0.633832349134));
#3074 = CARTESIAN_POINT('',(1.142157341359,0.611617527918));
#3075 = CARTESIAN_POINT('',(1.137634966648,0.589314618237));
#3076 = CARTESIAN_POINT('',(1.13340299639,0.566922058485));
#3077 = CARTESIAN_POINT('',(1.129434429765,0.544438508504));
#3078 = CARTESIAN_POINT('',(1.125705515151,0.521862701672));
#3079 = CARTESIAN_POINT('',(1.122195282692,0.499193456792));
#3080 = CARTESIAN_POINT('',(1.118885135694,0.476429685329));
#3081 = CARTESIAN_POINT('',(1.115758525233,0.453570395281));
#3082 = CARTESIAN_POINT('',(1.112800679358,0.430614694827));
#3083 = CARTESIAN_POINT('',(1.109998373608,0.407561804695));
#3084 = CARTESIAN_POINT('',(1.107339729987,0.384411040177));
#3085 = CARTESIAN_POINT('',(1.104814016762,0.361161463818));
#3086 = CARTESIAN_POINT('',(1.102411598765,0.337812742638));
#3087 = CARTESIAN_POINT('',(1.100123731948,0.314364458909));
#3088 = CARTESIAN_POINT('',(1.097942477891,0.290816257497));
#3089 = CARTESIAN_POINT('',(1.095860609685,0.267167813994));
#3090 = CARTESIAN_POINT('',(1.093871535637,0.243418850524));
#3091 = CARTESIAN_POINT('',(1.09196923151,0.219569138464));
#3092 = CARTESIAN_POINT('',(1.090148181822,0.195618504423));
#3093 = CARTESIAN_POINT('',(1.088403328355,0.171566835194));
#3094 = CARTESIAN_POINT('',(1.086730024885,0.147414082973));
#3095 = CARTESIAN_POINT('',(1.085123996809,0.123160270523));
#3096 = CARTESIAN_POINT('',(1.08358130545,9.880549692559E-02));
#3097 = CARTESIAN_POINT('',(1.08209831331,7.434994242146E-02));
#3098 = CARTESIAN_POINT('',(1.080671659869,4.979387841429E-02));
#3099 = CARTESIAN_POINT('',(1.079298208038,2.513766052369E-02));
#3100 = CARTESIAN_POINT('',(1.07841614025,8.633745337459E-03));
#3101 = CARTESIAN_POINT('',(1.077983009203,3.652549346186E-04));
#3102 = ( GEOMETRIC_REPRESENTATION_CONTEXT(2) 
PARAMETRIC_REPRESENTATION_CONTEXT() REPRESENTATION_CONTEXT('2D SPACE',''
  ) );
#3103 = ORIENTED_EDGE('',*,*,#2310,.T.);
#3104 = ORIENTED_EDGE('',*,*,#3105,.T.);
#3105 = EDGE_CURVE('',#2311,#3106,#3108,.T.);
#3106 = VERTEX_POINT('',#3107);
#3107 = CARTESIAN_POINT('',(9.037598762226,12.007004473311,
    59.951682662373));
#3108 = SURFACE_CURVE('',#3109,(#3160,#3233),.PCURVE_S1.);
#3109 = B_SPLINE_CURVE_WITH_KNOTS('',7,(#3110,#3111,#3112,#3113,#3114,
    #3115,#3116,#3117,#3118,#3119,#3120,#3121,#3122,#3123,#3124,#3125,
    #3126,#3127,#3128,#3129,#3130,#3131,#3132,#3133,#3134,#3135,#3136,
    #3137,#3138,#3139,#3140,#3141,#3142,#3143,#3144,#3145,#3146,#3147,
    #3148,#3149,#3150,#3151,#3152,#3153,#3154,#3155,#3156,#3157,#3158,
    #3159),.UNSPECIFIED.,.F.,.F.,(8,6,6,6,6,6,6,6,8),(0.,1.,
    10.536859536831,15.577715870185,20.827402775788,21.249383853196,
    21.697116060998,22.356500088866,23.203388844565),.UNSPECIFIED.);
#3110 = CARTESIAN_POINT('',(49.957405950132,-2.063393014846,
    -7.771288202247E-16));
#3111 = CARTESIAN_POINT('',(49.767722542728,-1.761156102356,
    0.346276269249));
#3112 = CARTESIAN_POINT('',(49.575704991631,-1.46136064691,
    0.692916787967));
#3113 = CARTESIAN_POINT('',(49.381380670059,-1.164035406397,
    1.03992132679));
#3114 = CARTESIAN_POINT('',(49.184777482139,-0.869208802951,
    1.387289630341));
#3115 = CARTESIAN_POINT('',(48.985923862905,-0.576908922947,
    1.735021417229));
#3116 = CARTESIAN_POINT('',(48.784848778302,-0.287163517008,
    2.083116380053));
#3117 = CARTESIAN_POINT('',(46.64305239114,2.738638125803,5.754767329474
    ));
#3118 = CARTESIAN_POINT('',(44.504965570515,5.242723140766,
    9.111294903147));
#3119 = CARTESIAN_POINT('',(42.19312550162,7.487992187657,
    12.500370808205));
#3120 = CARTESIAN_POINT('',(39.737585635193,9.453692146111,
    15.921493824339));
#3121 = CARTESIAN_POINT('',(37.172127887598,11.123185586546,
    19.374155443723));
#3122 = CARTESIAN_POINT('',(34.533962273018,12.484813777303,
    22.857530377994));
#3123 = CARTESIAN_POINT('',(30.450706927537,14.087398118161,
    28.226323188305));
#3124 = CARTESIAN_POINT('',(29.029438272967,14.554076559836,
    30.090964061339));
#3125 = CARTESIAN_POINT('',(27.604672710671,14.932485630135,
    31.96353385518));
#3126 = CARTESIAN_POINT('',(26.182349827367,15.222339670235,
    33.843809664723));
#3127 = CARTESIAN_POINT('',(24.768485984228,15.423882512014,
    35.731554786056));
#3128 = CARTESIAN_POINT('',(23.369106777372,15.537916600867,
    37.626494991543));
#3129 = CARTESIAN_POINT('',(20.554086202838,15.594906299649,
    41.508869280679));
#3130 = CARTESIAN_POINT('',(19.140124883114,15.530579723274,
    43.496949801099));
#3131 = CARTESIAN_POINT('',(17.755019633554,15.374419049324,
    45.492099888906));
#3132 = CARTESIAN_POINT('',(16.405360448379,15.128688659755,
    47.493922021609));
#3133 = CARTESIAN_POINT('',(15.09736590439,14.796412342794,
    49.50199840175));
#3134 = CARTESIAN_POINT('',(13.836905125813,14.381281542061,
    51.515887786957));
#3135 = CARTESIAN_POINT('',(12.531528189499,13.848437854305,
    53.697211225604));
#3136 = CARTESIAN_POINT('',(12.43474325273,13.808288968614,
    53.859538576298));
#3137 = CARTESIAN_POINT('',(12.338297892832,13.767638084953,
    54.021899052827));
#3138 = CARTESIAN_POINT('',(12.242194451573,13.726487724547,
    54.184292342815));
#3139 = CARTESIAN_POINT('',(12.146435209603,13.684840456098,
    54.346718129024));
#3140 = CARTESIAN_POINT('',(12.051022386457,13.642698895785,
    54.509176089363));
#3141 = CARTESIAN_POINT('',(11.855092658707,13.554830855171,
    54.844071542912));
#3142 = CARTESIAN_POINT('',(11.754619588836,13.509042544219,
    55.016513041605));
#3143 = CARTESIAN_POINT('',(11.654541512042,13.462703954738,
    55.188990002454));
#3144 = CARTESIAN_POINT('',(11.554860911586,13.415818336182,
    55.361502027417));
#3145 = CARTESIAN_POINT('',(11.455580172892,13.368389007137,
    55.534048710918));
#3146 = CARTESIAN_POINT('',(11.356701583543,13.32041935531,
    55.706629639841));
#3147 = CARTESIAN_POINT('',(11.113202368252,13.20047633485,
    56.133457536076));
#3148 = CARTESIAN_POINT('',(10.969054321651,13.127875444862,
    56.387744041659));
#3149 = CARTESIAN_POINT('',(10.825790256073,13.054121178176,
    56.642102568844));
#3150 = CARTESIAN_POINT('',(10.683416593846,12.979224953658,
    56.896531728529));
#3151 = CARTESIAN_POINT('',(10.541939117026,12.903198598438,
    57.151030083947));
#3152 = CARTESIAN_POINT('',(10.401362967403,12.826054347905,
    57.405596150668));
#3153 = CARTESIAN_POINT('',(10.082305188995,12.647304043844,
    57.98726875063));
#3154 = CARTESIAN_POINT('',(9.90441189797,12.544980044168,58.31441830946
    ));
#3155 = CARTESIAN_POINT('',(9.72802204348,12.440859802482,
    58.641673737558));
#3156 = CARTESIAN_POINT('',(9.553142851799,12.334971485248,
    58.969031619265));
#3157 = CARTESIAN_POINT('',(9.379778929353,12.227344782383,
    59.296488365217));
#3158 = CARTESIAN_POINT('',(9.207931686651,12.118011220024,
    59.62404011876));
#3159 = CARTESIAN_POINT('',(9.037598762226,12.007004473311,
    59.951682662373));
#3160 = PCURVE('',#852,#3161);
#3161 = DEFINITIONAL_REPRESENTATION('',(#3162),#3232);
#3162 = B_SPLINE_CURVE_WITH_KNOTS('',3,(#3163,#3164,#3165,#3166,#3167,
    #3168,#3169,#3170,#3171,#3172,#3173,#3174,#3175,#3176,#3177,#3178,
    #3179,#3180,#3181,#3182,#3183,#3184,#3185,#3186,#3187,#3188,#3189,
    #3190,#3191,#3192,#3193,#3194,#3195,#3196,#3197,#3198,#3199,#3200,
    #3201,#3202,#3203,#3204,#3205,#3206,#3207,#3208,#3209,#3210,#3211,
    #3212,#3213,#3214,#3215,#3216,#3217,#3218,#3219,#3220,#3221,#3222,
    #3223,#3224,#3225,#3226,#3227,#3228,#3229,#3230,#3231),
  .UNSPECIFIED.,.F.,.F.,(4,1,1,1,1,1,1,1,1,1,1,1,1,1,1,1,1,1,1,1,1,1,1,1
    ,1,1,1,1,1,1,1,1,1,1,1,1,1,1,1,1,1,1,1,1,1,1,1,1,1,1,1,1,1,1,1,1,1,1
    ,1,1,1,1,1,1,1,1,4),(0.,0.351566497645,0.70313299529,1.054699492935,
    1.40626599058,1.757832488225,2.10939898587,2.460965483515,
    2.812531981159,3.164098478804,3.515664976449,3.867231474094,
    4.218797971739,4.570364469384,4.921930967029,5.273497464674,
    5.625063962319,5.976630459964,6.328196957609,6.679763455254,
    7.031329952899,7.382896450544,7.734462948188,8.086029445833,
    8.437595943478,8.789162441123,9.140728938768,9.492295436413,
    9.843861934058,10.195428431703,10.546994929348,10.898561426993,
    11.250127924638,11.601694422283,11.953260919928,12.304827417573,
    12.656393915217,13.007960412862,13.359526910507,13.711093408152,
    14.062659905797,14.414226403442,14.765792901087,15.117359398732,
    15.468925896377,15.820492394022,16.172058891667,16.523625389312,
    16.875191886957,17.226758384602,17.578324882246,17.929891379891,
    18.281457877536,18.633024375181,18.984590872826,19.336157370471,
    19.687723868116,20.039290365761,20.390856863406,20.742423361051,
    21.093989858696,21.445556356341,21.797122853986,22.148689351631,
    22.500255849275,22.85182234692,23.203388844565),
  .QUASI_UNIFORM_KNOTS.);
#3163 = CARTESIAN_POINT('',(-6.241905724453,5.7982668452E-16));
#3164 = CARTESIAN_POINT('',(-6.246731703535,-0.28405797995));
#3165 = CARTESIAN_POINT('',(-6.25639186697,-0.852804092661));
#3166 = CARTESIAN_POINT('',(-6.270906427012,-1.707812839004));
#3167 = CARTESIAN_POINT('',(-6.285444904635,-2.564704345859));
#3168 = CARTESIAN_POINT('',(-6.3000072399,-3.423492571061));
#3169 = CARTESIAN_POINT('',(-6.314593089926,-4.28417530611));
#3170 = CARTESIAN_POINT('',(-6.32920198098,-5.146743401341));
#3171 = CARTESIAN_POINT('',(-6.343833464421,-6.011189999278));
#3172 = CARTESIAN_POINT('',(-6.358487072787,-6.877507997562));
#3173 = CARTESIAN_POINT('',(-6.373162329379,-7.745690664376));
#3174 = CARTESIAN_POINT('',(-6.387858743437,-8.615731407705));
#3175 = CARTESIAN_POINT('',(-6.402575809094,-9.487623769765));
#3176 = CARTESIAN_POINT('',(-6.417313003231,-10.36136135944));
#3177 = CARTESIAN_POINT('',(-6.432069783522,-11.23693779956));
#3178 = CARTESIAN_POINT('',(-6.446845586323,-12.11434666836));
#3179 = CARTESIAN_POINT('',(-6.461639824473,-12.99358144044));
#3180 = CARTESIAN_POINT('',(-6.476451884995,-13.87463542581));
#3181 = CARTESIAN_POINT('',(-6.491281126675,-14.75750170713));
#3182 = CARTESIAN_POINT('',(-6.50612687752,-15.6421730751));
#3183 = CARTESIAN_POINT('',(-6.52098843208,-16.52864196174));
#3184 = CARTESIAN_POINT('',(-6.535865048626,-17.41690037146));
#3185 = CARTESIAN_POINT('',(-6.550755946175,-18.30693980991));
#3186 = CARTESIAN_POINT('',(-6.565660301337,-19.19875121011));
#3187 = CARTESIAN_POINT('',(-6.580577245001,-20.09232485648));
#3188 = CARTESIAN_POINT('',(-6.595505858785,-20.98765030393));
#3189 = CARTESIAN_POINT('',(-6.610445171402,-21.8847163016));
#3190 = CARTESIAN_POINT('',(-6.625394154332,-22.78351068449));
#3191 = CARTESIAN_POINT('',(-6.640351719012,-23.68402036906));
#3192 = CARTESIAN_POINT('',(-6.655316707157,-24.58623094377));
#3193 = CARTESIAN_POINT('',(-6.67028790542,-25.49012775323));
#3194 = CARTESIAN_POINT('',(-6.685263967852,-26.39569138844));
#3195 = CARTESIAN_POINT('',(-6.700243681517,-27.30291406996));
#3196 = CARTESIAN_POINT('',(-6.715225777657,-28.21178809879));
#3197 = CARTESIAN_POINT('',(-6.730208743716,-29.12229509022));
#3198 = CARTESIAN_POINT('',(-6.745191040937,-30.03441944967));
#3199 = CARTESIAN_POINT('',(-6.760171038876,-30.9481446535));
#3200 = CARTESIAN_POINT('',(-6.775147025257,-31.86345413492));
#3201 = CARTESIAN_POINT('',(-6.790117195086,-32.78033093336));
#3202 = CARTESIAN_POINT('',(-6.80507964471,-33.69875767177));
#3203 = CARTESIAN_POINT('',(-6.820032363901,-34.61871644328));
#3204 = CARTESIAN_POINT('',(-6.834973227679,-35.54018871451));
#3205 = CARTESIAN_POINT('',(-6.849899987559,-36.46315523259));
#3206 = CARTESIAN_POINT('',(-6.864810261341,-37.3875958776));
#3207 = CARTESIAN_POINT('',(-6.87970152483,-38.31348970397));
#3208 = CARTESIAN_POINT('',(-6.894571092164,-39.24081425224));
#3209 = CARTESIAN_POINT('',(-6.90941613403,-40.16954755916));
#3210 = CARTESIAN_POINT('',(-6.924233827283,-41.09967724511));
#3211 = CARTESIAN_POINT('',(-6.939020912342,-42.03117379447));
#3212 = CARTESIAN_POINT('',(-6.953774016881,-42.9640116509));
#3213 = CARTESIAN_POINT('',(-6.968489577234,-43.89816439756));
#3214 = CARTESIAN_POINT('',(-6.98316385009,-44.83360587257));
#3215 = CARTESIAN_POINT('',(-6.997792899548,-45.77030967503));
#3216 = CARTESIAN_POINT('',(-7.012372592276,-46.70824908182));
#3217 = CARTESIAN_POINT('',(-7.026898594412,-47.64739682945));
#3218 = CARTESIAN_POINT('',(-7.041366374872,-48.58772490158));
#3219 = CARTESIAN_POINT('',(-7.055771217397,-49.52920427365));
#3220 = CARTESIAN_POINT('',(-7.070108245227,-50.47180462429));
#3221 = CARTESIAN_POINT('',(-7.084372462424,-51.41549396911));
#3222 = CARTESIAN_POINT('',(-7.098558818567,-52.36023831986));
#3223 = CARTESIAN_POINT('',(-7.112662298749,-53.3060009265));
#3224 = CARTESIAN_POINT('',(-7.126678064917,-54.25274268455));
#3225 = CARTESIAN_POINT('',(-7.140601841188,-55.20043136345));
#3226 = CARTESIAN_POINT('',(-7.15442999199,-56.14902587717));
#3227 = CARTESIAN_POINT('',(-7.168160045184,-57.09848434882));
#3228 = CARTESIAN_POINT('',(-7.181791548942,-58.04876144376));
#3229 = CARTESIAN_POINT('',(-7.195326265903,-58.9998090023));
#3230 = CARTESIAN_POINT('',(-7.204290342098,-59.63431780555));
#3231 = CARTESIAN_POINT('',(-7.208758671319,-59.95168266237));
#3232 = ( GEOMETRIC_REPRESENTATION_CONTEXT(2) 
PARAMETRIC_REPRESENTATION_CONTEXT() REPRESENTATION_CONTEXT('2D SPACE',''
  ) );
#3233 = PCURVE('',#2353,#3234);
#3234 = DEFINITIONAL_REPRESENTATION('',(#3235),#3305);
#3235 = B_SPLINE_CURVE_WITH_KNOTS('',3,(#3236,#3237,#3238,#3239,#3240,
    #3241,#3242,#3243,#3244,#3245,#3246,#3247,#3248,#3249,#3250,#3251,
    #3252,#3253,#3254,#3255,#3256,#3257,#3258,#3259,#3260,#3261,#3262,
    #3263,#3264,#3265,#3266,#3267,#3268,#3269,#3270,#3271,#3272,#3273,
    #3274,#3275,#3276,#3277,#3278,#3279,#3280,#3281,#3282,#3283,#3284,
    #3285,#3286,#3287,#3288,#3289,#3290,#3291,#3292,#3293,#3294,#3295,
    #3296,#3297,#3298,#3299,#3300,#3301,#3302,#3303,#3304),
  .UNSPECIFIED.,.F.,.F.,(4,1,1,1,1,1,1,1,1,1,1,1,1,1,1,1,1,1,1,1,1,1,1,1
    ,1,1,1,1,1,1,1,1,1,1,1,1,1,1,1,1,1,1,1,1,1,1,1,1,1,1,1,1,1,1,1,1,1,1
    ,1,1,1,1,1,1,1,1,4),(0.,0.351566497645,0.70313299529,1.054699492935,
    1.40626599058,1.757832488225,2.10939898587,2.460965483515,
    2.812531981159,3.164098478804,3.515664976449,3.867231474094,
    4.218797971739,4.570364469384,4.921930967029,5.273497464674,
    5.625063962319,5.976630459964,6.328196957609,6.679763455254,
    7.031329952899,7.382896450544,7.734462948188,8.086029445833,
    8.437595943478,8.789162441123,9.140728938768,9.492295436413,
    9.843861934058,10.195428431703,10.546994929348,10.898561426993,
    11.250127924638,11.601694422283,11.953260919928,12.304827417573,
    12.656393915217,13.007960412862,13.359526910507,13.711093408152,
    14.062659905797,14.414226403442,14.765792901087,15.117359398732,
    15.468925896377,15.820492394022,16.172058891667,16.523625389312,
    16.875191886957,17.226758384602,17.578324882246,17.929891379891,
    18.281457877536,18.633024375181,18.984590872826,19.336157370471,
    19.687723868116,20.039290365761,20.390856863406,20.742423361051,
    21.093989858696,21.445556356341,21.797122853986,22.148689351631,
    22.500255849275,22.85182234692,23.203388844565),
  .QUASI_UNIFORM_KNOTS.);
#3236 = CARTESIAN_POINT('',(3.922016990832,3.652549477743E-04));
#3237 = CARTESIAN_POINT('',(3.921728395111,5.87471076418E-03));
#3238 = CARTESIAN_POINT('',(3.921144163123,1.687909050245E-02));
#3239 = CARTESIAN_POINT('',(3.920245850521,3.334199865725E-02));
#3240 = CARTESIAN_POINT('',(3.919324751954,4.976106059893E-02));
#3241 = CARTESIAN_POINT('',(3.918379970348,6.613650803726E-02));
#3242 = CARTESIAN_POINT('',(3.917410586794,8.246827389108E-02));
#3243 = CARTESIAN_POINT('',(3.916415643081,9.87561756989E-02));
#3244 = CARTESIAN_POINT('',(3.915394128962,0.115000090894));
#3245 = CARTESIAN_POINT('',(3.914344980775,0.131199908659));
#3246 = CARTESIAN_POINT('',(3.913267076831,0.147355541692));
#3247 = CARTESIAN_POINT('',(3.91215923341,0.163466921968));
#3248 = CARTESIAN_POINT('',(3.911020200298,0.179534000835));
#3249 = CARTESIAN_POINT('',(3.909848656084,0.195556747979));
#3250 = CARTESIAN_POINT('',(3.908643203098,0.21153515073));
#3251 = CARTESIAN_POINT('',(3.90740236196,0.227469213297));
#3252 = CARTESIAN_POINT('',(3.906124565673,0.243358956048));
#3253 = CARTESIAN_POINT('',(3.904808153209,0.25920441478));
#3254 = CARTESIAN_POINT('',(3.903451362521,0.275005640011));
#3255 = CARTESIAN_POINT('',(3.902052322901,0.290762696255));
#3256 = CARTESIAN_POINT('',(3.900609046624,0.3064756613));
#3257 = CARTESIAN_POINT('',(3.899119419781,0.322144625473));
#3258 = CARTESIAN_POINT('',(3.89758119221,0.337769690889));
#3259 = CARTESIAN_POINT('',(3.895991966425,0.35335097068));
#3260 = CARTESIAN_POINT('',(3.894349185429,0.368888588214));
#3261 = CARTESIAN_POINT('',(3.892650119277,0.384382676244));
#3262 = CARTESIAN_POINT('',(3.890891850233,0.399833376167));
#3263 = CARTESIAN_POINT('',(3.889071256444,0.415240836766));
#3264 = CARTESIAN_POINT('',(3.887184993615,0.430605214717));
#3265 = CARTESIAN_POINT('',(3.885229475658,0.445926668339));
#3266 = CARTESIAN_POINT('',(3.883200849748,0.461205376418));
#3267 = CARTESIAN_POINT('',(3.881094981586,0.476441463252));
#3268 = CARTESIAN_POINT('',(3.878907390518,0.491635274136));
#3269 = CARTESIAN_POINT('',(3.876633239659,0.506787179758));
#3270 = CARTESIAN_POINT('',(3.874267330617,0.521897397511));
#3271 = CARTESIAN_POINT('',(3.871804033289,0.536966217953));
#3272 = CARTESIAN_POINT('',(3.869237250359,0.55199394319));
#3273 = CARTESIAN_POINT('',(3.866560359742,0.566980902087));
#3274 = CARTESIAN_POINT('',(3.863766159739,0.581927443511));
#3275 = CARTESIAN_POINT('',(3.860846805222,0.596833936893));
#3276 = CARTESIAN_POINT('',(3.857793734764,0.611700770886));
#3277 = CARTESIAN_POINT('',(3.854597587428,0.626528352268));
#3278 = CARTESIAN_POINT('',(3.851248107394,0.641317104796));
#3279 = CARTESIAN_POINT('',(3.847734034673,0.656067467126));
#3280 = CARTESIAN_POINT('',(3.844042978366,0.670779893646));
#3281 = CARTESIAN_POINT('',(3.840161273513,0.685454843756));
#3282 = CARTESIAN_POINT('',(3.836073802897,0.700092813554));
#3283 = CARTESIAN_POINT('',(3.831763755989,0.714694479175));
#3284 = CARTESIAN_POINT('',(3.827212518709,0.729260275894));
#3285 = CARTESIAN_POINT('',(3.822399309509,0.743790730917));
#3286 = CARTESIAN_POINT('',(3.81730088338,0.75828638762));
#3287 = CARTESIAN_POINT('',(3.811891148724,0.772747822921));
#3288 = CARTESIAN_POINT('',(3.80614071912,0.787175639103));
#3289 = CARTESIAN_POINT('',(3.800016374896,0.80157046201));
#3290 = CARTESIAN_POINT('',(3.793480416552,0.815932937084));
#3291 = CARTESIAN_POINT('',(3.786489882965,0.830263725489));
#3292 = CARTESIAN_POINT('',(3.778995600369,0.844563499546));
#3293 = CARTESIAN_POINT('',(3.770941017182,0.858832937575));
#3294 = CARTESIAN_POINT('',(3.762260766646,0.873072717348));
#3295 = CARTESIAN_POINT('',(3.752878877143,0.887283509502));
#3296 = CARTESIAN_POINT('',(3.742706535668,0.901465964065));
#3297 = CARTESIAN_POINT('',(3.731639230963,0.915620713327));
#3298 = CARTESIAN_POINT('',(3.719553051325,0.929748507577));
#3299 = CARTESIAN_POINT('',(3.706299965811,0.943849973552));
#3300 = CARTESIAN_POINT('',(3.691702330166,0.95792572956));
#3301 = CARTESIAN_POINT('',(3.675542096152,0.971976336643));
#3302 = CARTESIAN_POINT('',(3.657560052764,0.986002301264));
#3303 = CARTESIAN_POINT('',(3.644122238794,0.995336754315));
#3304 = CARTESIAN_POINT('',(3.636986534048,1.));
#3305 = ( GEOMETRIC_REPRESENTATION_CONTEXT(2) 
PARAMETRIC_REPRESENTATION_CONTEXT() REPRESENTATION_CONTEXT('2D SPACE',''
  ) );
#3306 = ORIENTED_EDGE('',*,*,#3307,.T.);
#3307 = EDGE_CURVE('',#3106,#832,#3308,.T.);
#3308 = SURFACE_CURVE('',#3309,(#3314,#3324),.PCURVE_S1.);
#3309 = ELLIPSE('',#3310,26.322525453694,21.380020186097);
#3310 = AXIS2_PLACEMENT_3D('',#3311,#3312,#3313);
#3311 = CARTESIAN_POINT('',(-3.868421052632,-6.700301808227,
    46.736842105263));
#3312 = DIRECTION('',(-0.251935512762,-0.436365108335,0.863778900898));
#3313 = DIRECTION('',(-0.431889450449,-0.748054471431,-0.503871025524));
#3314 = PCURVE('',#852,#3315);
#3315 = DEFINITIONAL_REPRESENTATION('',(#3316),#3323);
#3316 = B_SPLINE_CURVE_WITH_KNOTS('',5,(#3317,#3318,#3319,#3320,#3321,
    #3322),.UNSPECIFIED.,.F.,.F.,(6,6),(3.056208956125,3.14159265359),
  .PIECEWISE_BEZIER_KNOTS.);
#3317 = CARTESIAN_POINT('',(-7.2087586717,-59.95168266052));
#3318 = CARTESIAN_POINT('',(-7.233053091036,-59.97099785357));
#3319 = CARTESIAN_POINT('',(-7.257370278159,-59.98549599026));
#3320 = CARTESIAN_POINT('',(-7.281702719425,-59.99516533457));
#3321 = CARTESIAN_POINT('',(-7.306042789371,-60.));
#3322 = CARTESIAN_POINT('',(-7.330382858376,-60.));
#3323 = ( GEOMETRIC_REPRESENTATION_CONTEXT(2) 
PARAMETRIC_REPRESENTATION_CONTEXT() REPRESENTATION_CONTEXT('2D SPACE',''
  ) );
#3324 = PCURVE('',#3325,#3330);
#3325 = PLANE('',#3326);
#3326 = AXIS2_PLACEMENT_3D('',#3327,#3328,#3329);
#3327 = CARTESIAN_POINT('',(8.066286266789,9.671217642473,
    58.488386923428));
#3328 = DIRECTION('',(-0.251935512762,-0.436365108335,0.863778900898));
#3329 = DIRECTION('',(5.87434836133E-02,0.884027978922,0.463728083705));
#3330 = DEFINITIONAL_REPRESENTATION('',(#3331),#3335);
#3331 = ELLIPSE('',#3332,26.322525453694,21.380020186097);
#3332 = AXIS2_PLACEMENT_2D('',#3333,#3334);
#3333 = CARTESIAN_POINT('',(-20.62348889482,11.101099015103));
#3334 = DIRECTION('',(-0.920330918458,0.391140640345));
#3335 = ( GEOMETRIC_REPRESENTATION_CONTEXT(2) 
PARAMETRIC_REPRESENTATION_CONTEXT() REPRESENTATION_CONTEXT('2D SPACE',''
  ) );
#3336 = ORIENTED_EDGE('',*,*,#831,.T.);
#3337 = ORIENTED_EDGE('',*,*,#1167,.T.);
#3338 = ADVANCED_FACE('',(#3339),#976,.T.);
#3339 = FACE_BOUND('',#3340,.T.);
#3340 = EDGE_LOOP('',(#3341,#3368,#3369,#3401,#3524,#3525));
#3341 = ORIENTED_EDGE('',*,*,#3342,.T.);
#3342 = EDGE_CURVE('',#3343,#956,#3345,.T.);
#3343 = VERTEX_POINT('',#3344);
#3344 = CARTESIAN_POINT('',(-2.932951128878,-14.73920437081,
    59.951682662373));
#3345 = SURFACE_CURVE('',#3346,(#3351,#3361),.PCURVE_S1.);
#3346 = ELLIPSE('',#3347,26.322525453694,21.380020186097);
#3347 = AXIS2_PLACEMENT_3D('',#3348,#3349,#3350);
#3348 = CARTESIAN_POINT('',(0.57817493459,7.71520832556,46.736842105263)
  );
#3349 = DIRECTION('',(3.76543288929E-02,0.502462099942,0.863778900898));
#3350 = DIRECTION('',(6.455027810212E-02,0.861363599901,-0.503871025524)
  );
#3351 = PCURVE('',#976,#3352);
#3352 = DEFINITIONAL_REPRESENTATION('',(#3353),#3360);
#3353 = B_SPLINE_CURVE_WITH_KNOTS('',5,(#3354,#3355,#3356,#3357,#3358,
    #3359),.UNSPECIFIED.,.F.,.F.,(6,6),(2.939966367235,3.141592653601),
  .PIECEWISE_BEZIER_KNOTS.);
#3354 = CARTESIAN_POINT('',(-4.351200274042,-59.73131745037));
#3355 = CARTESIAN_POINT('',(-4.408082908351,-59.83842613014));
#3356 = CARTESIAN_POINT('',(-4.465258642783,-59.91912151298));
#3357 = CARTESIAN_POINT('',(-4.522635174797,-59.97304056341));
#3358 = CARTESIAN_POINT('',(-4.580112167682,-60.));
#3359 = CARTESIAN_POINT('',(-4.637589155316,-60.));
#3360 = ( GEOMETRIC_REPRESENTATION_CONTEXT(2) 
PARAMETRIC_REPRESENTATION_CONTEXT() REPRESENTATION_CONTEXT('2D SPACE',''
  ) );
#3361 = PCURVE('',#2633,#3362);
#3362 = DEFINITIONAL_REPRESENTATION('',(#3363),#3367);
#3363 = ELLIPSE('',#3364,26.322525453694,21.380020186097);
#3364 = AXIS2_PLACEMENT_2D('',#3365,#3366);
#3365 = CARTESIAN_POINT('',(-20.62348889482,11.101099015103));
#3366 = DIRECTION('',(-0.920330918458,0.391140640345));
#3367 = ( GEOMETRIC_REPRESENTATION_CONTEXT(2) 
PARAMETRIC_REPRESENTATION_CONTEXT() REPRESENTATION_CONTEXT('2D SPACE',''
  ) );
#3368 = ORIENTED_EDGE('',*,*,#955,.T.);
#3369 = ORIENTED_EDGE('',*,*,#3370,.T.);
#3370 = EDGE_CURVE('',#923,#3371,#3373,.T.);
#3371 = VERTEX_POINT('',#3372);
#3372 = CARTESIAN_POINT('',(-11.29804985225,-9.909612371075,
    59.951682662373));
#3373 = SURFACE_CURVE('',#3374,(#3379,#3389),.PCURVE_S1.);
#3374 = ELLIPSE('',#3375,26.322525453694,21.380020186097);
#3375 = AXIS2_PLACEMENT_3D('',#3376,#3377,#3378);
#3376 = CARTESIAN_POINT('',(6.392478938129,4.358318343966,
    46.736842105263));
#3377 = DIRECTION('',(0.416317778542,0.283840655355,0.863778900898));
#3378 = DIRECTION('',(0.713687620358,0.486583980608,-0.503871025524));
#3379 = PCURVE('',#976,#3380);
#3380 = DEFINITIONAL_REPRESENTATION('',(#3381),#3388);
#3381 = B_SPLINE_CURVE_WITH_KNOTS('',5,(#3382,#3383,#3384,#3385,#3386,
    #3387),.UNSPECIFIED.,.F.,.F.,(6,6),(3.14159265363,3.325783209005),
  .PIECEWISE_BEZIER_KNOTS.);
#3382 = CARTESIAN_POINT('',(-3.739991254331,-60.));
#3383 = CARTESIAN_POINT('',(-3.792497891558,-59.99999999998));
#3384 = CARTESIAN_POINT('',(-3.845004531588,-59.97750161434));
#3385 = CARTESIAN_POINT('',(-3.897434590387,-59.93250474003));
#3386 = CARTESIAN_POINT('',(-3.949711552953,-59.86513694979));
#3387 = CARTESIAN_POINT('',(-4.001764049318,-59.77565133834));
#3388 = ( GEOMETRIC_REPRESENTATION_CONTEXT(2) 
PARAMETRIC_REPRESENTATION_CONTEXT() REPRESENTATION_CONTEXT('2D SPACE',''
  ) );
#3389 = PCURVE('',#3390,#3395);
#3390 = PLANE('',#3391);
#3391 = AXIS2_PLACEMENT_3D('',#3392,#3393,#3394);
#3392 = CARTESIAN_POINT('',(-11.4636568785,-5.21363556435,
    58.488386923428));
#3393 = DIRECTION('',(0.416317778542,0.283840655355,0.863778900898));
#3394 = DIRECTION('',(-0.436491414907,-0.770993845044,0.463728083705));
#3395 = DEFINITIONAL_REPRESENTATION('',(#3396),#3400);
#3396 = ELLIPSE('',#3397,26.322525453694,21.380020186097);
#3397 = AXIS2_PLACEMENT_2D('',#3398,#3399);
#3398 = CARTESIAN_POINT('',(-20.62348889482,11.101099015103));
#3399 = DIRECTION('',(-0.920330918458,0.391140640345));
#3400 = ( GEOMETRIC_REPRESENTATION_CONTEXT(2) 
PARAMETRIC_REPRESENTATION_CONTEXT() REPRESENTATION_CONTEXT('2D SPACE',''
  ) );
#3401 = ORIENTED_EDGE('',*,*,#3402,.F.);
#3402 = EDGE_CURVE('',#1924,#3371,#3403,.T.);
#3403 = SURFACE_CURVE('',#3404,(#3442,#3483),.PCURVE_S1.);
#3404 = B_SPLINE_CURVE_WITH_KNOTS('',8,(#3405,#3406,#3407,#3408,#3409,
    #3410,#3411,#3412,#3413,#3414,#3415,#3416,#3417,#3418,#3419,#3420,
    #3421,#3422,#3423,#3424,#3425,#3426,#3427,#3428,#3429,#3430,#3431,
    #3432,#3433,#3434,#3435,#3436,#3437,#3438,#3439,#3440,#3441),
  .UNSPECIFIED.,.F.,.F.,(9,7,7,7,7,9),(0.,0.30770396528,0.468093886446,
    0.634346534218,0.894552005565,1.),.UNSPECIFIED.);
#3405 = CARTESIAN_POINT('',(-45.91835880634,19.786468217747,
    -9.413770288282E-16));
#3406 = CARTESIAN_POINT('',(-45.52646980954,17.505366770964,
    2.164451686138));
#3407 = CARTESIAN_POINT('',(-45.00991706447,15.275993328898,
    4.342632659338));
#3408 = CARTESIAN_POINT('',(-44.37181481354,13.107318702669,
    6.534424028495));
#3409 = CARTESIAN_POINT('',(-43.61612498541,11.008158779476,
    8.739728691032));
#3410 = CARTESIAN_POINT('',(-42.74764523084,8.987128913628,
    10.958453069879));
#3411 = CARTESIAN_POINT('',(-41.77202430018,7.052568619891,
    13.190479863078));
#3412 = CARTESIAN_POINT('',(-40.6957833373,5.212443769752,
    15.435632486574));
#3413 = CARTESIAN_POINT('',(-38.91674269639,2.568195737318,
    18.870608424388));
#3414 = CARTESIAN_POINT('',(-38.28182998273,1.68983947721,
    20.051086662378));
#3415 = CARTESIAN_POINT('',(-37.62262785264,0.840220433982,
    21.235032410401));
#3416 = CARTESIAN_POINT('',(-36.94024137356,2.035392668915E-02,
    22.422411289466));
#3417 = CARTESIAN_POINT('',(-36.23583524924,-0.768788854567,
    23.61318739357));
#3418 = CARTESIAN_POINT('',(-35.51063271807,-1.526284573503,
    24.807321947327));
#3419 = CARTESIAN_POINT('',(-34.76591445136,-2.251261472522,
    26.004771963597));
#3420 = CARTESIAN_POINT('',(-33.21223430722,-3.659826272296,
    28.450095598586));
#3421 = CARTESIAN_POINT('',(-32.40191636397,-4.34093497585,
    29.69821684324));
#3422 = CARTESIAN_POINT('',(-31.5735526459,-4.985320612544,
    30.949797660903));
#3423 = CARTESIAN_POINT('',(-30.72869329073,-5.592140237627,
    32.204783123463));
#3424 = CARTESIAN_POINT('',(-29.86894688504,-6.160622464992,
    33.463116411842));
#3425 = CARTESIAN_POINT('',(-28.99597790867,-6.690071870674,
    34.724737182011));
#3426 = CARTESIAN_POINT('',(-28.1115042882,-7.179871892151,
    35.989580234074));
#3427 = CARTESIAN_POINT('',(-25.81774962742,-8.333186949798,
    39.242138616161));
#3428 = CARTESIAN_POINT('',(-24.3943595082,-8.938446951125,
    41.234417181476));
#3429 = CARTESIAN_POINT('',(-22.95389535393,-9.443218940638,
    43.234151149664));
#3430 = CARTESIAN_POINT('',(-21.50342500837,-9.845940784296,
    45.241074891929));
#3431 = CARTESIAN_POINT('',(-20.05025634987,-10.14557857204,
    47.254896845012));
#3432 = CARTESIAN_POINT('',(-18.60200105934,-10.34156976082,
    49.275317851819));
#3433 = CARTESIAN_POINT('',(-17.16646279984,-10.4338852997,
    51.301994082386));
#3434 = CARTESIAN_POINT('',(-15.17896433784,-10.41802036058,
    54.158458734191));
#3435 = CARTESIAN_POINT('',(-14.60929085818,-10.39643046687,
    54.983197258597));
#3436 = CARTESIAN_POINT('',(-14.04366524091,-10.35783050403,
    55.808910326111));
#3437 = CARTESIAN_POINT('',(-13.48267111309,-10.3022279702,
    56.635584932097));
#3438 = CARTESIAN_POINT('',(-12.92692398475,-10.22962612772,
    57.46320755327));
#3439 = CARTESIAN_POINT('',(-12.37707747034,-10.14001962984,
    58.291765678349));
#3440 = CARTESIAN_POINT('',(-11.83384417267,-10.03337928234,
    59.121252982299));
#3441 = CARTESIAN_POINT('',(-11.29804985225,-9.909612371075,
    59.951682662373));
#3442 = PCURVE('',#976,#3443);
#3443 = DEFINITIONAL_REPRESENTATION('',(#3444),#3482);
#3444 = B_SPLINE_CURVE_WITH_KNOTS('',8,(#3445,#3446,#3447,#3448,#3449,
    #3450,#3451,#3452,#3453,#3454,#3455,#3456,#3457,#3458,#3459,#3460,
    #3461,#3462,#3463,#3464,#3465,#3466,#3467,#3468,#3469,#3470,#3471,
    #3472,#3473,#3474,#3475,#3476,#3477,#3478,#3479,#3480,#3481),
  .UNSPECIFIED.,.F.,.F.,(9,7,7,7,7,9),(0.,0.30770396528,0.468093886446,
    0.634346534218,0.894552005565,1.),.UNSPECIFIED.);
#3445 = CARTESIAN_POINT('',(-2.734730741409,5.7982668452E-16));
#3446 = CARTESIAN_POINT('',(-2.77352687562,-2.164451686138));
#3447 = CARTESIAN_POINT('',(-2.81262550484,-4.342632659339));
#3448 = CARTESIAN_POINT('',(-2.852030897148,-6.534424028494));
#3449 = CARTESIAN_POINT('',(-2.8917492165,-8.739728691032));
#3450 = CARTESIAN_POINT('',(-2.931787941426,-10.95845306988));
#3451 = CARTESIAN_POINT('',(-2.972155822124,-13.19047986307));
#3452 = CARTESIAN_POINT('',(-3.012863043546,-15.43563248657));
#3453 = CARTESIAN_POINT('',(-3.07532275554,-18.87060842438));
#3454 = CARTESIAN_POINT('',(-3.096819816231,-20.05108666237));
#3455 = CARTESIAN_POINT('',(-3.118414206233,-21.2350324104));
#3456 = CARTESIAN_POINT('',(-3.140107916933,-22.42241128946));
#3457 = CARTESIAN_POINT('',(-3.161903204571,-23.61318739357));
#3458 = CARTESIAN_POINT('',(-3.18380262586,-24.80732194732));
#3459 = CARTESIAN_POINT('',(-3.205809073607,-26.00477196359));
#3460 = CARTESIAN_POINT('',(-3.250850983348,-28.45009559858));
#3461 = CARTESIAN_POINT('',(-3.273894732286,-29.69821684324));
#3462 = CARTESIAN_POINT('',(-3.297060733235,-30.9497976609));
#3463 = CARTESIAN_POINT('',(-3.320353161419,-32.20478312346));
#3464 = CARTESIAN_POINT('',(-3.343776832017,-33.46311641184));
#3465 = CARTESIAN_POINT('',(-3.367337333897,-34.72473718201));
#3466 = CARTESIAN_POINT('',(-3.391041158246,-35.98958023407));
#3467 = CARTESIAN_POINT('',(-3.452231251903,-39.24213861616));
#3468 = CARTESIAN_POINT('',(-3.489936055993,-41.23441718148));
#3469 = CARTESIAN_POINT('',(-3.52803965433,-43.23415114963));
#3470 = CARTESIAN_POINT('',(-3.566576978109,-45.24107489197));
#3471 = CARTESIAN_POINT('',(-3.605595117123,-47.25489684498));
#3472 = CARTESIAN_POINT('',(-3.645145011604,-49.27531785182));
#3473 = CARTESIAN_POINT('',(-3.685302230511,-51.30199408238));
#3474 = CARTESIAN_POINT('',(-3.742665701242,-54.15845873419));
#3475 = CARTESIAN_POINT('',(-3.75931717318,-54.9831972586));
#3476 = CARTESIAN_POINT('',(-3.776081234718,-55.8089103261));
#3477 = CARTESIAN_POINT('',(-3.792961156122,-56.63558493209));
#3478 = CARTESIAN_POINT('',(-3.809958429557,-57.46320755327));
#3479 = CARTESIAN_POINT('',(-3.827072380699,-58.29176567834));
#3480 = CARTESIAN_POINT('',(-3.844297519964,-59.12125298229));
#3481 = CARTESIAN_POINT('',(-3.861615441331,-59.95168266237));
#3482 = ( GEOMETRIC_REPRESENTATION_CONTEXT(2) 
PARAMETRIC_REPRESENTATION_CONTEXT() REPRESENTATION_CONTEXT('2D SPACE',''
  ) );
#3483 = PCURVE('',#1943,#3484);
#3484 = DEFINITIONAL_REPRESENTATION('',(#3485),#3523);
#3485 = B_SPLINE_CURVE_WITH_KNOTS('',8,(#3486,#3487,#3488,#3489,#3490,
    #3491,#3492,#3493,#3494,#3495,#3496,#3497,#3498,#3499,#3500,#3501,
    #3502,#3503,#3504,#3505,#3506,#3507,#3508,#3509,#3510,#3511,#3512,
    #3513,#3514,#3515,#3516,#3517,#3518,#3519,#3520,#3521,#3522),
  .UNSPECIFIED.,.F.,.F.,(9,7,7,7,7,9),(0.,0.30770396528,0.468093886446,
    0.634346534218,0.894552005565,1.),.UNSPECIFIED.);
#3486 = CARTESIAN_POINT('',(1.077983009203,3.652549346189E-04));
#3487 = CARTESIAN_POINT('',(1.080182018588,4.23459369539E-02));
#3488 = CARTESIAN_POINT('',(1.08253677535,8.400126050014E-02));
#3489 = CARTESIAN_POINT('',(1.085066829979,0.125327304264));
#3490 = CARTESIAN_POINT('',(1.087794815057,0.166322239668));
#3491 = CARTESIAN_POINT('',(1.090748583255,0.206985684786));
#3492 = CARTESIAN_POINT('',(1.093962626684,0.247318380238));
#3493 = CARTESIAN_POINT('',(1.097480700139,0.2873219241));
#3494 = CARTESIAN_POINT('',(1.103384464818,0.347679515945));
#3495 = CARTESIAN_POINT('',(1.105505919162,0.36827203594));
#3496 = CARTESIAN_POINT('',(1.10773437034,0.388776235428));
#3497 = CARTESIAN_POINT('',(1.110079219468,0.409192640322));
#3498 = CARTESIAN_POINT('',(1.112551244861,0.429521915285));
#3499 = CARTESIAN_POINT('',(1.115163014673,0.449764849125));
#3500 = CARTESIAN_POINT('',(1.117929299551,0.469922340192));
#3501 = CARTESIAN_POINT('',(1.1239130704,0.510802152462));
#3502 = CARTESIAN_POINT('',(1.127143423572,0.5315182604));
#3503 = CARTESIAN_POINT('',(1.13057795871,0.552144801999));
#3504 = CARTESIAN_POINT('',(1.134239587492,0.572683089518));
#3505 = CARTESIAN_POINT('',(1.138155238851,0.593134628458));
#3506 = CARTESIAN_POINT('',(1.142357204527,0.613501099415));
#3507 = CARTESIAN_POINT('',(1.146885310691,0.633784344399));
#3508 = CARTESIAN_POINT('',(1.159466214651,0.685604947974));
#3509 = CARTESIAN_POINT('',(1.168065196592,0.717024475632));
#3510 = CARTESIAN_POINT('',(1.177777556036,0.748252803626));
#3511 = CARTESIAN_POINT('',(1.188872508081,0.779299122296));
#3512 = CARTESIAN_POINT('',(1.201683115226,0.810173727807));
#3513 = CARTESIAN_POINT('',(1.216777446057,0.84088816663));
#3514 = CARTESIAN_POINT('',(1.234892618677,0.87145485408));
#3515 = CARTESIAN_POINT('',(1.267031672195,0.914221954553));
#3516 = CARTESIAN_POINT('',(1.277080922442,0.926533314665));
#3517 = CARTESIAN_POINT('',(1.288027437386,0.938823819137));
#3518 = CARTESIAN_POINT('',(1.300013162601,0.951094501195));
#3519 = CARTESIAN_POINT('',(1.313221164035,0.963346388541));
#3520 = CARTESIAN_POINT('',(1.327885923596,0.97558051663));
#3521 = CARTESIAN_POINT('',(1.344324352167,0.987797971551));
#3522 = CARTESIAN_POINT('',(1.363013465952,1.));
#3523 = ( GEOMETRIC_REPRESENTATION_CONTEXT(2) 
PARAMETRIC_REPRESENTATION_CONTEXT() REPRESENTATION_CONTEXT('2D SPACE',''
  ) );
#3524 = ORIENTED_EDGE('',*,*,#1979,.T.);
#3525 = ORIENTED_EDGE('',*,*,#3526,.T.);
#3526 = EDGE_CURVE('',#1980,#3343,#3527,.T.);
#3527 = SURFACE_CURVE('',#3528,(#3587,#3649),.PCURVE_S1.);
#3528 = B_SPLINE_CURVE_WITH_KNOTS('',8,(#3529,#3530,#3531,#3532,#3533,
    #3534,#3535,#3536,#3537,#3538,#3539,#3540,#3541,#3542,#3543,#3544,
    #3545,#3546,#3547,#3548,#3549,#3550,#3551,#3552,#3553,#3554,#3555,
    #3556,#3557,#3558,#3559,#3560,#3561,#3562,#3563,#3564,#3565,#3566,
    #3567,#3568,#3569,#3570,#3571,#3572,#3573,#3574,#3575,#3576,#3577,
    #3578,#3579,#3580,#3581,#3582,#3583,#3584,#3585,#3586),
  .UNSPECIFIED.,.F.,.F.,(9,7,7,7,7,7,7,7,9),(0.,0.21168149809,
    0.432249040016,0.662054071808,0.899739797599,0.921144248554,
    0.938304062609,0.964426805167,1.),.UNSPECIFIED.);
#3529 = CARTESIAN_POINT('',(-45.90534015878,-19.81665322163,
    -1.44791357042E-15));
#3530 = CARTESIAN_POINT('',(-44.60723340777,-20.63327319153,
    1.488252247199));
#3531 = CARTESIAN_POINT('',(-43.2902351791,-21.39176896823,
    2.983102779119));
#3532 = CARTESIAN_POINT('',(-41.95710379937,-22.09109596841,
    4.484525037006));
#3533 = CARTESIAN_POINT('',(-40.61069116718,-22.73036675049,
    5.992492831198));
#3534 = CARTESIAN_POINT('',(-39.25393710252,-23.30885638754,
    7.506977396332));
#3535 = CARTESIAN_POINT('',(-37.88986213679,-23.82601056401,
    9.027943323258));
#3536 = CARTESIAN_POINT('',(-36.52155874387,-24.2814563962,
    10.555343367677));
#3537 = CARTESIAN_POINT('',(-33.72531903757,-25.08509654586,
    13.687266013102));
#3538 = CARTESIAN_POINT('',(-32.2972755413,-25.42799028801,
    15.29235132638));
#3539 = CARTESIAN_POINT('',(-30.87162278798,-25.70349200552,
    16.904290011092));
#3540 = CARTESIAN_POINT('',(-29.4519844307,-25.91163247308,
    18.523005293535));
#3541 = CARTESIAN_POINT('',(-28.04202204728,-26.05268541297,
    20.148416361544));
#3542 = CARTESIAN_POINT('',(-26.64541868891,-26.12717550322,
    21.780431887649));
#3543 = CARTESIAN_POINT('',(-25.26585944126,-26.13588741834,
    23.418942404359));
#3544 = CARTESIAN_POINT('',(-22.49124915112,-26.02151859403,
    26.777568681776));
#3545 = CARTESIAN_POINT('',(-21.097947564,-25.89290214409,
    28.498254039823));
#3546 = CARTESIAN_POINT('',(-19.73125633292,-25.69521553708,
    30.225706431034));
#3547 = CARTESIAN_POINT('',(-18.39527151007,-25.42996927818,
    31.959765803099));
#3548 = CARTESIAN_POINT('',(-17.09401186455,-25.09898735265,
    33.70026843862));
#3549 = CARTESIAN_POINT('',(-15.83138513543,-24.70441218805,
    35.447035369402));
#3550 = CARTESIAN_POINT('',(-14.61114737612,-24.24870825711,
    37.199858303579));
#3551 = CARTESIAN_POINT('',(-12.22230485011,-23.20296308034,
    40.777425040432));
#3552 = CARTESIAN_POINT('',(-11.056862909,-22.60883280782,
    42.602636991405));
#3553 = CARTESIAN_POINT('',(-9.94450532849,-21.95533322949,
    44.433812348339));
#3554 = CARTESIAN_POINT('',(-8.888916072017,-21.2458870844,
    46.270657645593));
#3555 = CARTESIAN_POINT('',(-7.893468335138,-20.48423889429,
    48.112885578492));
#3556 = CARTESIAN_POINT('',(-6.961093773718,-19.67443819424,
    49.960183831589));
#3557 = CARTESIAN_POINT('',(-6.094277613171,-18.82080470638,
    51.812207181505));
#3558 = CARTESIAN_POINT('',(-5.222494609633,-17.84754192128,
    53.835620181841));
#3559 = CARTESIAN_POINT('',(-5.151016881252,-17.76681866173,
    54.002816775645));
#3560 = CARTESIAN_POINT('',(-5.080083903395,-17.68578052234,
    54.170047600743));
#3561 = CARTESIAN_POINT('',(-5.009696682143,-17.60443086014,
    54.337312336882));
#3562 = CARTESIAN_POINT('',(-4.939856147998,-17.5227730476,
    54.504610658974));
#3563 = CARTESIAN_POINT('',(-4.870563155886,-17.44081047268,
    54.671942237096));
#3564 = CARTESIAN_POINT('',(-4.801818485155,-17.35854653881,
    54.839306736489));
#3565 = CARTESIAN_POINT('',(-4.678950818321,-17.20979532846,
    55.140905007333));
#3566 = CARTESIAN_POINT('',(-4.624631657648,-17.14341450187,
    55.275127137694));
#3567 = CARTESIAN_POINT('',(-4.570665719414,-17.07684394668,
    55.409370033552));
#3568 = CARTESIAN_POINT('',(-4.517053326604,-17.01008543059,
    55.543633517333));
#3569 = CARTESIAN_POINT('',(-4.46379476333,-16.94314072747,
    55.677917408985));
#3570 = CARTESIAN_POINT('',(-4.410890274832,-16.87601161736,
    55.812221525971));
#3571 = CARTESIAN_POINT('',(-4.358340067473,-16.80869988644,
    55.946545683273));
#3572 = CARTESIAN_POINT('',(-4.226685617448,-16.6384619973,
    56.285404379802));
#3573 = CARTESIAN_POINT('',(-4.148048317307,-16.53529760348,
    56.489965074278));
#3574 = CARTESIAN_POINT('',(-4.070233031867,-16.43172046935,
    56.694571116465));
#3575 = CARTESIAN_POINT('',(-3.993240107911,-16.32773695083,
    56.899221828431));
#3576 = CARTESIAN_POINT('',(-3.917069615464,-16.22335343593,
    57.103916514664));
#3577 = CARTESIAN_POINT('',(-3.841721347797,-16.11857634481,
    57.308654462074));
#3578 = CARTESIAN_POINT('',(-3.767194821421,-16.01341212974,
    57.513434939991));
#3579 = CARTESIAN_POINT('',(-3.593119197471,-15.76413934648,
    57.997178226604));
#3580 = CARTESIAN_POINT('',(-3.494271518793,-15.61970553764,
    58.276176759437));
#3581 = CARTESIAN_POINT('',(-3.396944159634,-15.47458224322,
    58.555250860807));
#3582 = CARTESIAN_POINT('',(-3.301133953841,-15.32878595037,
    58.834398554797));
#3583 = CARTESIAN_POINT('',(-3.206836431462,-15.18233324938,
    59.11361779628));
#3584 = CARTESIAN_POINT('',(-3.11404560068,-15.0352408443,
    59.392906439786));
#3585 = CARTESIAN_POINT('',(-3.022753729739,-14.88752556361,
    59.672262208349));
#3586 = CARTESIAN_POINT('',(-2.932951128878,-14.73920437081,
    59.951682662373));
#3587 = PCURVE('',#976,#3588);
#3588 = DEFINITIONAL_REPRESENTATION('',(#3589),#3648);
#3589 = B_SPLINE_CURVE_WITH_KNOTS('',8,(#3590,#3591,#3592,#3593,#3594,
    #3595,#3596,#3597,#3598,#3599,#3600,#3601,#3602,#3603,#3604,#3605,
    #3606,#3607,#3608,#3609,#3610,#3611,#3612,#3613,#3614,#3615,#3616,
    #3617,#3618,#3619,#3620,#3621,#3622,#3623,#3624,#3625,#3626,#3627,
    #3628,#3629,#3630,#3631,#3632,#3633,#3634,#3635,#3636,#3637,#3638,
    #3639,#3640,#3641,#3642,#3643,#3644,#3645,#3646,#3647),
  .UNSPECIFIED.,.F.,.F.,(9,7,7,7,7,7,7,7,9),(0.,0.21168149809,
    0.432249040016,0.662054071808,0.899739797599,0.921144248554,
    0.938304062609,0.964426805167,1.),.UNSPECIFIED.);
#3590 = CARTESIAN_POINT('',(-3.549112021376,5.7982668452E-16));
#3591 = CARTESIAN_POINT('',(-3.574396560907,-1.488252247199));
#3592 = CARTESIAN_POINT('',(-3.5997670226,-2.983102779119));
#3593 = CARTESIAN_POINT('',(-3.625220748279,-4.484525037006));
#3594 = CARTESIAN_POINT('',(-3.650754912225,-5.992492831198));
#3595 = CARTESIAN_POINT('',(-3.676366372786,-7.506977396332));
#3596 = CARTESIAN_POINT('',(-3.70205151635,-9.027943323258));
#3597 = CARTESIAN_POINT('',(-3.727806093697,-10.55534336767));
#3598 = CARTESIAN_POINT('',(-3.780527841331,-13.6872660131));
#3599 = CARTESIAN_POINT('',(-3.807500810517,-15.29235132638));
#3600 = CARTESIAN_POINT('',(-3.834538160308,-16.90429001109));
#3601 = CARTESIAN_POINT('',(-3.861633498174,-18.52300529353));
#3602 = CARTESIAN_POINT('',(-3.888779632606,-20.14841636154));
#3603 = CARTESIAN_POINT('',(-3.915968283011,-21.78043188764));
#3604 = CARTESIAN_POINT('',(-3.94318970192,-23.41894240435));
#3605 = CARTESIAN_POINT('',(-3.998815648275,-26.77756868177));
#3606 = CARTESIAN_POINT('',(-4.027222407902,-28.49825403982));
#3607 = CARTESIAN_POINT('',(-4.055639129411,-30.22570643103));
#3608 = CARTESIAN_POINT('',(-4.08405085728,-31.95976580309));
#3609 = CARTESIAN_POINT('',(-4.112440151055,-33.70026843861));
#3610 = CARTESIAN_POINT('',(-4.140786540339,-35.4470353694));
#3611 = CARTESIAN_POINT('',(-4.169065666109,-37.19985830357));
#3612 = CARTESIAN_POINT('',(-4.226395673186,-40.77742504043));
#3613 = CARTESIAN_POINT('',(-4.255440818707,-42.60263699139));
#3614 = CARTESIAN_POINT('',(-4.284348945017,-44.43381234838));
#3615 = CARTESIAN_POINT('',(-4.313081856212,-46.27065764553));
#3616 = CARTESIAN_POINT('',(-4.341592381591,-48.11288557853));
#3617 = CARTESIAN_POINT('',(-4.369829850496,-49.96018383157));
#3618 = CARTESIAN_POINT('',(-4.397726213167,-51.8122071815));
#3619 = CARTESIAN_POINT('',(-4.427706263129,-53.83562018184));
#3620 = CARTESIAN_POINT('',(-4.430179848857,-54.00281677564));
#3621 = CARTESIAN_POINT('',(-4.432650213695,-54.17004760074));
#3622 = CARTESIAN_POINT('',(-4.435117321828,-54.33731233688));
#3623 = CARTESIAN_POINT('',(-4.437581139276,-54.50461065897));
#3624 = CARTESIAN_POINT('',(-4.440041633894,-54.67194223709));
#3625 = CARTESIAN_POINT('',(-4.442498775375,-54.83930673648));
#3626 = CARTESIAN_POINT('',(-4.446919699144,-55.14090500733));
#3627 = CARTESIAN_POINT('',(-4.448884690027,-55.27512713769));
#3628 = CARTESIAN_POINT('',(-4.450847493256,-55.40937003355));
#3629 = CARTESIAN_POINT('',(-4.452808095568,-55.54363351733));
#3630 = CARTESIAN_POINT('',(-4.454766485076,-55.67791740898));
#3631 = CARTESIAN_POINT('',(-4.456722651276,-55.81222152597));
#3632 = CARTESIAN_POINT('',(-4.45867658504,-55.94654568327));
#3633 = CARTESIAN_POINT('',(-4.463599382429,-56.2854043798));
#3634 = CARTESIAN_POINT('',(-4.466565297481,-56.48996507427));
#3635 = CARTESIAN_POINT('',(-4.469525993182,-56.69457111646));
#3636 = CARTESIAN_POINT('',(-4.472481452643,-56.89922182843));
#3637 = CARTESIAN_POINT('',(-4.475431672677,-57.10391651466));
#3638 = CARTESIAN_POINT('',(-4.478376663804,-57.30865446207));
#3639 = CARTESIAN_POINT('',(-4.481316450244,-57.51343493999));
#3640 = CARTESIAN_POINT('',(-4.488247350077,-57.9971782266));
#3641 = CARTESIAN_POINT('',(-4.492234052237,-58.27617675943));
#3642 = CARTESIAN_POINT('',(-4.496211290377,-58.5552508608));
#3643 = CARTESIAN_POINT('',(-4.50017923623,-58.83439855479));
#3644 = CARTESIAN_POINT('',(-4.504138144559,-59.11361779628));
#3645 = CARTESIAN_POINT('',(-4.508088378432,-59.39290643978));
#3646 = CARTESIAN_POINT('',(-4.512030434494,-59.67226220834));
#3647 = CARTESIAN_POINT('',(-4.515964968242,-59.95168266237));
#3648 = ( GEOMETRIC_REPRESENTATION_CONTEXT(2) 
PARAMETRIC_REPRESENTATION_CONTEXT() REPRESENTATION_CONTEXT('2D SPACE',''
  ) );
#3649 = PCURVE('',#2022,#3650);
#3650 = DEFINITIONAL_REPRESENTATION('',(#3651),#3710);
#3651 = B_SPLINE_CURVE_WITH_KNOTS('',8,(#3652,#3653,#3654,#3655,#3656,
    #3657,#3658,#3659,#3660,#3661,#3662,#3663,#3664,#3665,#3666,#3667,
    #3668,#3669,#3670,#3671,#3672,#3673,#3674,#3675,#3676,#3677,#3678,
    #3679,#3680,#3681,#3682,#3683,#3684,#3685,#3686,#3687,#3688,#3689,
    #3690,#3691,#3692,#3693,#3694,#3695,#3696,#3697,#3698,#3699,#3700,
    #3701,#3702,#3703,#3704,#3705,#3706,#3707,#3708,#3709),
  .UNSPECIFIED.,.F.,.F.,(9,7,7,7,7,7,7,7,9),(0.,0.21168149809,
    0.432249040016,0.662054071808,0.899739797599,0.921144248554,
    0.938304062609,0.964426805167,1.),.UNSPECIFIED.);
#3652 = CARTESIAN_POINT('',(3.922016990832,3.652549477737E-04));
#3653 = CARTESIAN_POINT('',(3.920504979819,2.923069323743E-02));
#3654 = CARTESIAN_POINT('',(3.918919215696,5.794438934568E-02));
#3655 = CARTESIAN_POINT('',(3.917253341022,8.650523717549E-02));
#3656 = CARTESIAN_POINT('',(3.915500248712,0.11491249128));
#3657 = CARTESIAN_POINT('',(3.913651857141,0.143165687024));
#3658 = CARTESIAN_POINT('',(3.911698816515,0.171264571906));
#3659 = CARTESIAN_POINT('',(3.909630146527,0.199209048018));
#3660 = CARTESIAN_POINT('',(3.90514322323,0.25595578544));
#3661 = CARTESIAN_POINT('',(3.902713900357,0.284745115566));
#3662 = CARTESIAN_POINT('',(3.900130122886,0.31336703895));
#3663 = CARTESIAN_POINT('',(3.897374521414,0.341822013993));
#3664 = CARTESIAN_POINT('',(3.894426689387,0.370110965929));
#3665 = CARTESIAN_POINT('',(3.891262174491,0.398235211202));
#3666 = CARTESIAN_POINT('',(3.887850842941,0.426196374912));
#3667 = CARTESIAN_POINT('',(3.88030359046,0.482960503916));
#3668 = CARTESIAN_POINT('',(3.876143263967,0.511750120462));
#3669 = CARTESIAN_POINT('',(3.871630312241,0.54036709045));
#3670 = CARTESIAN_POINT('',(3.866712336482,0.568814224994));
#3671 = CARTESIAN_POINT('',(3.861323056424,0.59709506553));
#3672 = CARTESIAN_POINT('',(3.855378558181,0.625213759266));
#3673 = CARTESIAN_POINT('',(3.848767851956,0.653174915037));
#3674 = CARTESIAN_POINT('',(3.833639104189,0.70974552669));
#3675 = CARTESIAN_POINT('',(3.825062912653,0.738345330547));
#3676 = CARTESIAN_POINT('',(3.815426947995,0.766787634176));
#3677 = CARTESIAN_POINT('',(3.804490820182,0.79507862785));
#3678 = CARTESIAN_POINT('',(3.791949355178,0.823225675291));
#3679 = CARTESIAN_POINT('',(3.777316598642,0.851236733204));
#3680 = CARTESIAN_POINT('',(3.759939697404,0.879120280292));
#3681 = CARTESIAN_POINT('',(3.736487915187,0.909383157635));
#3682 = CARTESIAN_POINT('',(3.734516908646,0.911882316312));
#3683 = CARTESIAN_POINT('',(3.732511327384,0.914380504838));
#3684 = CARTESIAN_POINT('',(3.730470101685,0.916877728777));
#3685 = CARTESIAN_POINT('',(3.728392103586,0.919373993639));
#3686 = CARTESIAN_POINT('',(3.726276146868,0.921869304884));
#3687 = CARTESIAN_POINT('',(3.724120987066,0.924363667922));
#3688 = CARTESIAN_POINT('',(3.720165070114,0.928856047436));
#3689 = CARTESIAN_POINT('',(3.718378780027,0.930854400773));
#3690 = CARTESIAN_POINT('',(3.716565779153,0.932852150882));
#3691 = CARTESIAN_POINT('',(3.714725363245,0.934849300484));
#3692 = CARTESIAN_POINT('',(3.712856795844,0.936845852265));
#3693 = CARTESIAN_POINT('',(3.710959308284,0.938841808873));
#3694 = CARTESIAN_POINT('',(3.709032099693,0.940837172922));
#3695 = CARTESIAN_POINT('',(3.704093994027,0.945868633118));
#3696 = CARTESIAN_POINT('',(3.701042811909,0.94890395195));
#3697 = CARTESIAN_POINT('',(3.697917886493,0.951937912623));
#3698 = CARTESIAN_POINT('',(3.694716067599,0.954970523943));
#3699 = CARTESIAN_POINT('',(3.691433959012,0.958001794377));
#3700 = CARTESIAN_POINT('',(3.688067918477,0.961031732057));
#3701 = CARTESIAN_POINT('',(3.684614057705,0.964060344781));
#3702 = CARTESIAN_POINT('',(3.676239653661,0.971210123038));
#3703 = CARTESIAN_POINT('',(3.671240504668,0.975330163199));
#3704 = CARTESIAN_POINT('',(3.666060167633,0.979447778416));
#3705 = CARTESIAN_POINT('',(3.660687035314,0.983562985651));
#3706 = CARTESIAN_POINT('',(3.655108278263,0.987675800182));
#3707 = CARTESIAN_POINT('',(3.649309602109,0.991786234884));
#3708 = CARTESIAN_POINT('',(3.643275004832,0.995894299516));
#3709 = CARTESIAN_POINT('',(3.636986534048,1.));
#3710 = ( GEOMETRIC_REPRESENTATION_CONTEXT(2) 
PARAMETRIC_REPRESENTATION_CONTEXT() REPRESENTATION_CONTEXT('2D SPACE',''
  ) );
#3711 = ADVANCED_FACE('',(#3712),#943,.T.);
#3712 = FACE_BOUND('',#3713,.T.);
#3713 = EDGE_LOOP('',(#3714,#3741,#3742,#3774,#3897,#3898));
#3714 = ORIENTED_EDGE('',*,*,#3715,.T.);
#3715 = EDGE_CURVE('',#3716,#923,#3718,.T.);
#3716 = VERTEX_POINT('',#3717);
#3717 = CARTESIAN_POINT('',(-13.35223912184,-6.896670083619,
    59.951682662373));
#3718 = SURFACE_CURVE('',#3719,(#3724,#3734),.PCURVE_S1.);
#3719 = ELLIPSE('',#3720,26.322525453694,21.380020186097);
#3720 = AXIS2_PLACEMENT_3D('',#3721,#3722,#3723);
#3721 = CARTESIAN_POINT('',(6.392478938129,4.358318343966,
    46.736842105263));
#3722 = DIRECTION('',(0.416317778542,0.283840655355,0.863778900898));
#3723 = DIRECTION('',(0.713687620358,0.486583980608,-0.503871025524));
#3724 = PCURVE('',#943,#3725);
#3725 = DEFINITIONAL_REPRESENTATION('',(#3726),#3733);
#3726 = B_SPLINE_CURVE_WITH_KNOTS('',5,(#3727,#3728,#3729,#3730,#3731,
    #3732),.UNSPECIFIED.,.F.,.F.,(6,6),(2.939966367235,3.14159265363),
  .PIECEWISE_BEZIER_KNOTS.);
#3727 = CARTESIAN_POINT('',(-3.453602373016,-59.73131745037));
#3728 = CARTESIAN_POINT('',(-3.510485007334,-59.83842613016));
#3729 = CARTESIAN_POINT('',(-3.567660741774,-59.91912151301));
#3730 = CARTESIAN_POINT('',(-3.625037273796,-59.97304056343));
#3731 = CARTESIAN_POINT('',(-3.682514266689,-60.00000000002));
#3732 = CARTESIAN_POINT('',(-3.739991254331,-60.));
#3733 = ( GEOMETRIC_REPRESENTATION_CONTEXT(2) 
PARAMETRIC_REPRESENTATION_CONTEXT() REPRESENTATION_CONTEXT('2D SPACE',''
  ) );
#3734 = PCURVE('',#3390,#3735);
#3735 = DEFINITIONAL_REPRESENTATION('',(#3736),#3740);
#3736 = ELLIPSE('',#3737,26.322525453694,21.380020186097);
#3737 = AXIS2_PLACEMENT_2D('',#3738,#3739);
#3738 = CARTESIAN_POINT('',(-20.62348889482,11.101099015103));
#3739 = DIRECTION('',(-0.920330918458,0.391140640345));
#3740 = ( GEOMETRIC_REPRESENTATION_CONTEXT(2) 
PARAMETRIC_REPRESENTATION_CONTEXT() REPRESENTATION_CONTEXT('2D SPACE',''
  ) );
#3741 = ORIENTED_EDGE('',*,*,#922,.T.);
#3742 = ORIENTED_EDGE('',*,*,#3743,.T.);
#3743 = EDGE_CURVE('',#894,#3744,#3746,.T.);
#3744 = VERTEX_POINT('',#3745);
#3745 = CARTESIAN_POINT('',(-14.79186579453,2.654628811251,
    59.951682662373));
#3746 = SURFACE_CURVE('',#3747,(#3752,#3762),.PCURVE_S1.);
#3747 = ELLIPSE('',#3748,26.322525453694,21.380020186097);
#3748 = AXIS2_PLACEMENT_3D('',#3749,#3750,#3751);
#3749 = CARTESIAN_POINT('',(7.393115918451,-2.280474244126,
    46.736842105263));
#3750 = DIRECTION('',(0.481485449614,-0.148518592009,0.863778900898));
#3751 = DIRECTION('',(0.82540362791,-0.254603300587,-0.503871025524));
#3752 = PCURVE('',#943,#3753);
#3753 = DEFINITIONAL_REPRESENTATION('',(#3754),#3761);
#3754 = B_SPLINE_CURVE_WITH_KNOTS('',5,(#3755,#3756,#3757,#3758,#3759,
    #3760),.UNSPECIFIED.,.F.,.F.,(6,6),(3.14159265359,3.226976351055),
  .PIECEWISE_BEZIER_KNOTS.);
#3755 = CARTESIAN_POINT('',(-2.842393353248,-60.));
#3756 = CARTESIAN_POINT('',(-2.866733422253,-60.));
#3757 = CARTESIAN_POINT('',(-2.89107349186,-59.9951653331));
#3758 = CARTESIAN_POINT('',(-2.915405933185,-59.98549598905));
#3759 = CARTESIAN_POINT('',(-2.939723120532,-59.97099785333));
#3760 = CARTESIAN_POINT('',(-2.964017540047,-59.95168266105));
#3761 = ( GEOMETRIC_REPRESENTATION_CONTEXT(2) 
PARAMETRIC_REPRESENTATION_CONTEXT() REPRESENTATION_CONTEXT('2D SPACE',''
  ) );
#3762 = PCURVE('',#3763,#3768);
#3763 = PLANE('',#3764);
#3764 = AXIS2_PLACEMENT_3D('',#3765,#3766,#3767);
#3765 = CARTESIAN_POINT('',(-11.22365757807,5.711999246843,
    58.488386923428));
#3766 = DIRECTION('',(0.481485449614,-0.148518592009,0.863778900898));
#3767 = DIRECTION('',(-0.874935206638,-0.13944406968,0.463728083705));
#3768 = DEFINITIONAL_REPRESENTATION('',(#3769),#3773);
#3769 = ELLIPSE('',#3770,26.322525453694,21.380020186097);
#3770 = AXIS2_PLACEMENT_2D('',#3771,#3772);
#3771 = CARTESIAN_POINT('',(-20.62348889482,11.101099015103));
#3772 = DIRECTION('',(-0.920330918458,0.391140640345));
#3773 = ( GEOMETRIC_REPRESENTATION_CONTEXT(2) 
PARAMETRIC_REPRESENTATION_CONTEXT() REPRESENTATION_CONTEXT('2D SPACE',''
  ) );
#3774 = ORIENTED_EDGE('',*,*,#3775,.F.);
#3775 = EDGE_CURVE('',#1733,#3744,#3776,.T.);
#3776 = SURFACE_CURVE('',#3777,(#3815,#3856),.PCURVE_S1.);
#3777 = B_SPLINE_CURVE_WITH_KNOTS('',8,(#3778,#3779,#3780,#3781,#3782,
    #3783,#3784,#3785,#3786,#3787,#3788,#3789,#3790,#3791,#3792,#3793,
    #3794,#3795,#3796,#3797,#3798,#3799,#3800,#3801,#3802,#3803,#3804,
    #3805,#3806,#3807,#3808,#3809,#3810,#3811,#3812,#3813,#3814),
  .UNSPECIFIED.,.F.,.F.,(9,7,7,7,7,9),(0.,0.307703965278,0.468093886444,
    0.634346534214,0.894552005563,1.),.UNSPECIFIED.);
#3778 = CARTESIAN_POINT('',(-13.15994465435,48.23707968663,
    1.015958591487E-15));
#3779 = CARTESIAN_POINT('',(-14.69904278719,46.508445042217,
    2.164451686143));
#3780 = CARTESIAN_POINT('',(-16.11997176169,44.71459623813,
    4.342632659324));
#3781 = CARTESIAN_POINT('',(-17.41765961372,42.863561296276,
    6.53442402851));
#3782 = CARTESIAN_POINT('',(-18.5876840272,40.963934393106,
    8.739728691032));
#3783 = CARTESIAN_POINT('',(-19.62630053322,39.024838068502,
    10.958453069865));
#3784 = CARTESIAN_POINT('',(-20.53051097486,37.055888295695,
    13.190479863092));
#3785 = CARTESIAN_POINT('',(-21.29815324967,35.067150150011,
    15.435632486569));
#3786 = CARTESIAN_POINT('',(-22.25629591218,32.027578486544,
    18.870608424388));
#3787 = CARTESIAN_POINT('',(-22.54716088712,30.983537567811,
    20.051086662377));
#3788 = CARTESIAN_POINT('',(-22.80041399775,29.938423780279,
    21.2350324104));
#3789 = CARTESIAN_POINT('',(-23.01595043393,28.893734141537,
    22.422411289466));
#3790 = CARTESIAN_POINT('',(-23.1937370696,27.850984780778,
    23.613187393571));
#3791 = CARTESIAN_POINT('',(-23.33381468804,26.811707755039,
    24.807321947327));
#3792 = CARTESIAN_POINT('',(-23.4363002072,25.777447865432,
    26.004771963597));
#3793 = CARTESIAN_POINT('',(-23.56885678754,23.684506027142,
    28.450095598586));
#3794 = CARTESIAN_POINT('',(-23.59614404108,22.626309617677,
    29.69821684324));
#3795 = CARTESIAN_POINT('',(-23.58346868825,21.576900911011,
    30.949797660903));
#3796 = CARTESIAN_POINT('',(-23.53113818336,20.538017421072,
    32.204783123464));
#3797 = CARTESIAN_POINT('',(-23.43955236981,19.51139774287,
    33.463116411842));
#3798 = CARTESIAN_POINT('',(-23.30920532944,18.498776808883,
    34.72473718201));
#3799 = CARTESIAN_POINT('',(-23.14068612397,17.501882168644,
    35.989580234075));
#3800 = CARTESIAN_POINT('',(-22.61225150628,14.989472384999,
    39.242138616186));
#3801 = CARTESIAN_POINT('',(-22.19799360702,13.499247739762,
    41.234417181343));
#3802 = CARTESIAN_POINT('',(-21.69452552966,12.058327326588,
    43.234151149975));
#3803 = CARTESIAN_POINT('',(-21.10503267754,10.673210983959,
    45.241074891525));
#3804 = CARTESIAN_POINT('',(-20.43326309417,9.350256872077,
    47.254896845322));
#3805 = CARTESIAN_POINT('',(-19.68352277187,8.095766784087,
    49.275317851683));
#3806 = CARTESIAN_POINT('',(-18.86065450145,6.91585998139,
    51.301994082414));
#3807 = CARTESIAN_POINT('',(-17.60906577031,5.371862740206,
    54.158458734189));
#3808 = CARTESIAN_POINT('',(-17.23700050675,4.939935157631,
    54.983197258609));
#3809 = CARTESIAN_POINT('',(-16.85416003655,4.521777925946,
    55.808910326093));
#3810 = CARTESIAN_POINT('',(-16.46091410749,4.117842668134,
    56.635584932098));
#3811 = CARTESIAN_POINT('',(-16.05764903441,3.728608575283,
    57.463207553288));
#3812 = CARTESIAN_POINT('',(-15.64476815903,3.354589997415,
    58.291765678335));
#3813 = CARTESIAN_POINT('',(-15.22269295692,2.99636227209,
    59.121252982301));
#3814 = CARTESIAN_POINT('',(-14.79186579453,2.654628811251,
    59.951682662373));
#3815 = PCURVE('',#943,#3816);
#3816 = DEFINITIONAL_REPRESENTATION('',(#3817),#3855);
#3817 = B_SPLINE_CURVE_WITH_KNOTS('',8,(#3818,#3819,#3820,#3821,#3822,
    #3823,#3824,#3825,#3826,#3827,#3828,#3829,#3830,#3831,#3832,#3833,
    #3834,#3835,#3836,#3837,#3838,#3839,#3840,#3841,#3842,#3843,#3844,
    #3845,#3846,#3847,#3848,#3849,#3850,#3851,#3852,#3853,#3854),
  .UNSPECIFIED.,.F.,.F.,(9,7,7,7,7,9),(0.,0.307703965278,0.468093886444,
    0.634346534214,0.894552005563,1.),.UNSPECIFIED.);
#3818 = CARTESIAN_POINT('',(-1.837132840384,0.));
#3819 = CARTESIAN_POINT('',(-1.875928974594,-2.164451686143));
#3820 = CARTESIAN_POINT('',(-1.915027603814,-4.342632659324));
#3821 = CARTESIAN_POINT('',(-1.954432996122,-6.534424028509));
#3822 = CARTESIAN_POINT('',(-1.994151315474,-8.739728691032));
#3823 = CARTESIAN_POINT('',(-2.0341900404,-10.95845306986));
#3824 = CARTESIAN_POINT('',(-2.074557921099,-13.19047986309));
#3825 = CARTESIAN_POINT('',(-2.11526514252,-15.43563248656));
#3826 = CARTESIAN_POINT('',(-2.177724854514,-18.87060842438));
#3827 = CARTESIAN_POINT('',(-2.199221915205,-20.05108666237));
#3828 = CARTESIAN_POINT('',(-2.220816305207,-21.2350324104));
#3829 = CARTESIAN_POINT('',(-2.242510015907,-22.42241128946));
#3830 = CARTESIAN_POINT('',(-2.264305303545,-23.61318739357));
#3831 = CARTESIAN_POINT('',(-2.286204724835,-24.80732194732));
#3832 = CARTESIAN_POINT('',(-2.308211172582,-26.00477196359));
#3833 = CARTESIAN_POINT('',(-2.353253082322,-28.45009559858));
#3834 = CARTESIAN_POINT('',(-2.37629683126,-29.69821684324));
#3835 = CARTESIAN_POINT('',(-2.399462832209,-30.9497976609));
#3836 = CARTESIAN_POINT('',(-2.422755260393,-32.20478312346));
#3837 = CARTESIAN_POINT('',(-2.446178930992,-33.46311641184));
#3838 = CARTESIAN_POINT('',(-2.469739432871,-34.72473718201));
#3839 = CARTESIAN_POINT('',(-2.493443257221,-35.98958023407));
#3840 = CARTESIAN_POINT('',(-2.554633350878,-39.24213861618));
#3841 = CARTESIAN_POINT('',(-2.592338154965,-41.23441718135));
#3842 = CARTESIAN_POINT('',(-2.630441753309,-43.23415114993));
#3843 = CARTESIAN_POINT('',(-2.668979077077,-45.24107489158));
#3844 = CARTESIAN_POINT('',(-2.707997216103,-47.25489684528));
#3845 = CARTESIAN_POINT('',(-2.747547110576,-49.27531785169));
#3846 = CARTESIAN_POINT('',(-2.787704329485,-51.30199408241));
#3847 = CARTESIAN_POINT('',(-2.845067800216,-54.15845873418));
#3848 = CARTESIAN_POINT('',(-2.861719272154,-54.9831972586));
#3849 = CARTESIAN_POINT('',(-2.878483333692,-55.8089103261));
#3850 = CARTESIAN_POINT('',(-2.895363255097,-56.63558493209));
#3851 = CARTESIAN_POINT('',(-2.912360528531,-57.46320755327));
#3852 = CARTESIAN_POINT('',(-2.929474479673,-58.29176567834));
#3853 = CARTESIAN_POINT('',(-2.946699618939,-59.1212529823));
#3854 = CARTESIAN_POINT('',(-2.964017540305,-59.95168266237));
#3855 = ( GEOMETRIC_REPRESENTATION_CONTEXT(2) 
PARAMETRIC_REPRESENTATION_CONTEXT() REPRESENTATION_CONTEXT('2D SPACE',''
  ) );
#3856 = PCURVE('',#1752,#3857);
#3857 = DEFINITIONAL_REPRESENTATION('',(#3858),#3896);
#3858 = B_SPLINE_CURVE_WITH_KNOTS('',8,(#3859,#3860,#3861,#3862,#3863,
    #3864,#3865,#3866,#3867,#3868,#3869,#3870,#3871,#3872,#3873,#3874,
    #3875,#3876,#3877,#3878,#3879,#3880,#3881,#3882,#3883,#3884,#3885,
    #3886,#3887,#3888,#3889,#3890,#3891,#3892,#3893,#3894,#3895),
  .UNSPECIFIED.,.F.,.F.,(9,7,7,7,7,9),(0.,0.307703965278,0.468093886444,
    0.634346534214,0.894552005563,1.),.UNSPECIFIED.);
#3859 = CARTESIAN_POINT('',(1.077983009203,3.652549346187E-04));
#3860 = CARTESIAN_POINT('',(1.080182018588,4.234593695399E-02));
#3861 = CARTESIAN_POINT('',(1.08253677535,8.400126049989E-02));
#3862 = CARTESIAN_POINT('',(1.085066829979,0.125327304264));
#3863 = CARTESIAN_POINT('',(1.087794815057,0.166322239668));
#3864 = CARTESIAN_POINT('',(1.090748583255,0.206985684786));
#3865 = CARTESIAN_POINT('',(1.093962626684,0.247318380238));
#3866 = CARTESIAN_POINT('',(1.097480700139,0.2873219241));
#3867 = CARTESIAN_POINT('',(1.103384464818,0.347679515945));
#3868 = CARTESIAN_POINT('',(1.105505919162,0.36827203594));
#3869 = CARTESIAN_POINT('',(1.10773437034,0.388776235428));
#3870 = CARTESIAN_POINT('',(1.110079219468,0.409192640322));
#3871 = CARTESIAN_POINT('',(1.112551244861,0.429521915285));
#3872 = CARTESIAN_POINT('',(1.115163014673,0.449764849125));
#3873 = CARTESIAN_POINT('',(1.117929299551,0.469922340192));
#3874 = CARTESIAN_POINT('',(1.1239130704,0.510802152462));
#3875 = CARTESIAN_POINT('',(1.127143423572,0.5315182604));
#3876 = CARTESIAN_POINT('',(1.13057795871,0.552144801999));
#3877 = CARTESIAN_POINT('',(1.134239587492,0.572683089518));
#3878 = CARTESIAN_POINT('',(1.138155238851,0.593134628457));
#3879 = CARTESIAN_POINT('',(1.142357204527,0.613501099415));
#3880 = CARTESIAN_POINT('',(1.146885310691,0.633784344399));
#3881 = CARTESIAN_POINT('',(1.159466214651,0.685604947974));
#3882 = CARTESIAN_POINT('',(1.168065196591,0.71702447563));
#3883 = CARTESIAN_POINT('',(1.177777556038,0.748252803631));
#3884 = CARTESIAN_POINT('',(1.188872508079,0.779299122289));
#3885 = CARTESIAN_POINT('',(1.201683115228,0.810173727812));
#3886 = CARTESIAN_POINT('',(1.216777446056,0.840888166628));
#3887 = CARTESIAN_POINT('',(1.234892618678,0.87145485408));
#3888 = CARTESIAN_POINT('',(1.267031672195,0.914221954553));
#3889 = CARTESIAN_POINT('',(1.277080922443,0.926533314665));
#3890 = CARTESIAN_POINT('',(1.288027437386,0.938823819137));
#3891 = CARTESIAN_POINT('',(1.300013162601,0.951094501195));
#3892 = CARTESIAN_POINT('',(1.313221164036,0.963346388541));
#3893 = CARTESIAN_POINT('',(1.327885923596,0.975580516629));
#3894 = CARTESIAN_POINT('',(1.344324352167,0.987797971551));
#3895 = CARTESIAN_POINT('',(1.363013465952,1.));
#3896 = ( GEOMETRIC_REPRESENTATION_CONTEXT(2) 
PARAMETRIC_REPRESENTATION_CONTEXT() REPRESENTATION_CONTEXT('2D SPACE',''
  ) );
#3897 = ORIENTED_EDGE('',*,*,#1788,.T.);
#3898 = ORIENTED_EDGE('',*,*,#3899,.T.);
#3899 = EDGE_CURVE('',#1789,#3716,#3900,.T.);
#3900 = SURFACE_CURVE('',#3901,(#3960,#4022),.PCURVE_S1.);
#3901 = B_SPLINE_CURVE_WITH_KNOTS('',8,(#3902,#3903,#3904,#3905,#3906,
    #3907,#3908,#3909,#3910,#3911,#3912,#3913,#3914,#3915,#3916,#3917,
    #3918,#3919,#3920,#3921,#3922,#3923,#3924,#3925,#3926,#3927,#3928,
    #3929,#3930,#3931,#3932,#3933,#3934,#3935,#3936,#3937,#3938,#3939,
    #3940,#3941,#3942,#3943,#3944,#3945,#3946,#3947,#3948,#3949,#3950,
    #3951,#3952,#3953,#3954,#3955,#3956,#3957,#3958,#3959),
  .UNSPECIFIED.,.F.,.F.,(9,7,7,7,7,7,7,7,9),(0.,0.21168149809,
    0.432249040016,0.662054071808,0.899739797599,0.921144248554,
    0.938304062609,0.964426805167,1.),.UNSPECIFIED.);
#3902 = CARTESIAN_POINT('',(-44.11479480568,23.534758958881,
    1.446877397059E-15));
#3903 = CARTESIAN_POINT('',(-43.94389768638,22.010704010116,
    1.488252247199));
#3904 = CARTESIAN_POINT('',(-43.71577859928,20.508118951063,
    2.983102779118));
#3905 = CARTESIAN_POINT('',(-43.43134064476,19.029811615338,
    4.484525037006));
#3906 = CARTESIAN_POINT('',(-43.09166812275,17.578565017853,
    5.992492831199));
#3907 = CARTESIAN_POINT('',(-42.69802721033,16.157129586947,
    7.506977396332));
#3908 = CARTESIAN_POINT('',(-42.25186779668,14.768212479278,
    9.027943323258));
#3909 = CARTESIAN_POINT('',(-41.75482647552,13.414463977457,
    10.555343367677));
#3910 = CARTESIAN_POINT('',(-40.63971070466,10.727214304863,
    13.687266013101));
#3911 = CARTESIAN_POINT('',(-40.01742527088,9.396934189803,
    15.29235132638));
#3912 = CARTESIAN_POINT('',(-39.34394123442,8.11054147292,
    16.904290011092));
#3913 = CARTESIAN_POINT('',(-38.62154196664,6.870850052608,
    18.523005293535));
#3914 = CARTESIAN_POINT('',(-37.85272442867,5.680552002608,
    20.148416361544));
#3915 = CARTESIAN_POINT('',(-37.04019517518,4.542199716902,
    21.780431887648));
#3916 = CARTESIAN_POINT('',(-36.18686530273,3.458185074928,
    23.418942404359));
#3917 = CARTESIAN_POINT('',(-34.36750693523,1.360215194121,
    26.777568681778));
#3918 = CARTESIAN_POINT('',(-33.39824121503,0.351079193632,
    28.498254039818));
#3919 = CARTESIAN_POINT('',(-32.39156555713,-0.594187454208,
    30.225706431038));
#3920 = CARTESIAN_POINT('',(-31.35121476883,-1.473324111405,
    31.959765803099));
#3921 = CARTESIAN_POINT('',(-30.28112056077,-2.284326013964,
    33.700268438616));
#3922 = CARTESIAN_POINT('',(-29.18539438572,-3.025473750204,
    35.447035369405));
#3923 = CARTESIAN_POINT('',(-28.06830490706,-3.695367292921,
    37.199858303577));
#3924 = CARTESIAN_POINT('',(-25.76128945201,-4.911028133356,
    40.777425040431));
#3925 = CARTESIAN_POINT('',(-24.57013853533,-5.45177316801,
    42.602636991393));
#3926 = CARTESIAN_POINT('',(-23.36566838369,-5.913999021623,
    44.433812348393));
#3927 = CARTESIAN_POINT('',(-22.15285191609,-6.296959498432,
    46.270657645498));
#3928 = CARTESIAN_POINT('',(-20.93671987015,-6.600351999167,
    48.112885578578));
#3929 = CARTESIAN_POINT('',(-19.72226615785,-6.824409306706,
    49.96018383155));
#3930 = CARTESIAN_POINT('',(-18.51441758633,-6.969881696329,
    51.812207181511));
#3931 = CARTESIAN_POINT('',(-17.20994228809,-7.044649673335,
    53.83562018184));
#3932 = CARTESIAN_POINT('',(-17.1022646677,-7.050203082577,
    54.002816775645));
#3933 = CARTESIAN_POINT('',(-16.99468051074,-7.055134264343,
    54.170047600743));
#3934 = CARTESIAN_POINT('',(-16.88719306911,-7.059444525113,
    54.337312336882));
#3935 = CARTESIAN_POINT('',(-16.77980555968,-7.0631352401,
    54.504610658974));
#3936 = CARTESIAN_POINT('',(-16.6725211643,-7.066207853252,
    54.671942237096));
#3937 = CARTESIAN_POINT('',(-16.5653430298,-7.068663877249,
    54.839306736489));
#3938 = CARTESIAN_POINT('',(-16.37243791324,-7.071980824689,
    55.140905007333));
#3939 = CARTESIAN_POINT('',(-16.28667185046,-7.073061486191,
    55.275127137694));
#3940 = CARTESIAN_POINT('',(-16.20097768247,-7.073747693415,
    55.409370033551));
#3941 = CARTESIAN_POINT('',(-16.11535699269,-7.074040295994,
    55.543633517333));
#3942 = CARTESIAN_POINT('',(-16.02981134515,-7.073940177793,
    55.677917408985));
#3943 = CARTESIAN_POINT('',(-15.94434228443,-7.073448256904,
    55.812221525971));
#3944 = CARTESIAN_POINT('',(-15.85895133568,-7.072565485652,
    55.946545683273));
#3945 = CARTESIAN_POINT('',(-15.64376878748,-7.069355491719,
    56.285404379801));
#3946 = CARTESIAN_POINT('',(-15.51408206183,-7.066514661199,
    56.489965074277));
#3947 = CARTESIAN_POINT('',(-15.38458516061,-7.062773814342,
    56.694571116464));
#3948 = CARTESIAN_POINT('',(-15.25528326927,-7.058136642859,
    56.89922182843));
#3949 = CARTESIAN_POINT('',(-15.12618142583,-7.052607074869,
    57.103916514663));
#3950 = CARTESIAN_POINT('',(-14.99728452087,-7.046189274899,
    57.308654462073));
#3951 = CARTESIAN_POINT('',(-14.86859729754,-7.038887643878,
    57.51343493999));
#3952 = CARTESIAN_POINT('',(-14.56517361158,-7.019566408772,
    57.997178226603));
#3953 = CARTESIAN_POINT('',(-14.3906201931,-7.006795629076,
    58.276176759436));
#3954 = CARTESIAN_POINT('',(-14.21647561681,-6.99240632849,
    58.555250860807));
#3955 = CARTESIAN_POINT('',(-14.04275079881,-6.97641126198,
    58.834398554796));
#3956 = CARTESIAN_POINT('',(-13.86945592293,-6.95882426817,
    59.113617796279));
#3957 = CARTESIAN_POINT('',(-13.69660031311,-6.939660446464,
    59.392906439785));
#3958 = CARTESIAN_POINT('',(-13.5241923057,-6.918936334169,
    59.672262208349));
#3959 = CARTESIAN_POINT('',(-13.35223912184,-6.896670083619,
    59.951682662373));
#3960 = PCURVE('',#943,#3961);
#3961 = DEFINITIONAL_REPRESENTATION('',(#3962),#4021);
#3962 = B_SPLINE_CURVE_WITH_KNOTS('',8,(#3963,#3964,#3965,#3966,#3967,
    #3968,#3969,#3970,#3971,#3972,#3973,#3974,#3975,#3976,#3977,#3978,
    #3979,#3980,#3981,#3982,#3983,#3984,#3985,#3986,#3987,#3988,#3989,
    #3990,#3991,#3992,#3993,#3994,#3995,#3996,#3997,#3998,#3999,#4000,
    #4001,#4002,#4003,#4004,#4005,#4006,#4007,#4008,#4009,#4010,#4011,
    #4012,#4013,#4014,#4015,#4016,#4017,#4018,#4019,#4020),
  .UNSPECIFIED.,.F.,.F.,(9,7,7,7,7,7,7,7,9),(0.,0.21168149809,
    0.432249040016,0.662054071808,0.899739797599,0.921144248554,
    0.938304062609,0.964426805167,1.),.UNSPECIFIED.);
#3963 = CARTESIAN_POINT('',(-2.65151412035,5.7982668452E-16));
#3964 = CARTESIAN_POINT('',(-2.676798659881,-1.488252247199));
#3965 = CARTESIAN_POINT('',(-2.702169121575,-2.983102779118));
#3966 = CARTESIAN_POINT('',(-2.727622847253,-4.484525037006));
#3967 = CARTESIAN_POINT('',(-2.7531570112,-5.992492831199));
#3968 = CARTESIAN_POINT('',(-2.77876847176,-7.506977396332));
#3969 = CARTESIAN_POINT('',(-2.804453615325,-9.027943323258));
#3970 = CARTESIAN_POINT('',(-2.830208192671,-10.55534336767));
#3971 = CARTESIAN_POINT('',(-2.882929940306,-13.6872660131));
#3972 = CARTESIAN_POINT('',(-2.909902909491,-15.29235132638));
#3973 = CARTESIAN_POINT('',(-2.936940259282,-16.90429001109));
#3974 = CARTESIAN_POINT('',(-2.964035597148,-18.52300529353));
#3975 = CARTESIAN_POINT('',(-2.99118173158,-20.14841636154));
#3976 = CARTESIAN_POINT('',(-3.018370381986,-21.78043188764));
#3977 = CARTESIAN_POINT('',(-3.045591800895,-23.41894240435));
#3978 = CARTESIAN_POINT('',(-3.101217747249,-26.77756868177));
#3979 = CARTESIAN_POINT('',(-3.129624506877,-28.49825403981));
#3980 = CARTESIAN_POINT('',(-3.158041228385,-30.22570643104));
#3981 = CARTESIAN_POINT('',(-3.186452956255,-31.95976580309));
#3982 = CARTESIAN_POINT('',(-3.21484225003,-33.70026843861));
#3983 = CARTESIAN_POINT('',(-3.243188639313,-35.4470353694));
#3984 = CARTESIAN_POINT('',(-3.271467765083,-37.19985830357));
#3985 = CARTESIAN_POINT('',(-3.328797772161,-40.77742504043));
#3986 = CARTESIAN_POINT('',(-3.357842917682,-42.6026369914));
#3987 = CARTESIAN_POINT('',(-3.386751043993,-44.43381234834));
#3988 = CARTESIAN_POINT('',(-3.415483955185,-46.27065764557));
#3989 = CARTESIAN_POINT('',(-3.443994480567,-48.11288557852));
#3990 = CARTESIAN_POINT('',(-3.47223194947,-49.96018383156));
#3991 = CARTESIAN_POINT('',(-3.500128312141,-51.81220718151));
#3992 = CARTESIAN_POINT('',(-3.530108362103,-53.83562018184));
#3993 = CARTESIAN_POINT('',(-3.532581947831,-54.00281677564));
#3994 = CARTESIAN_POINT('',(-3.53505231267,-54.17004760074));
#3995 = CARTESIAN_POINT('',(-3.537519420803,-54.33731233688));
#3996 = CARTESIAN_POINT('',(-3.53998323825,-54.50461065897));
#3997 = CARTESIAN_POINT('',(-3.542443732868,-54.67194223709));
#3998 = CARTESIAN_POINT('',(-3.544900874349,-54.83930673648));
#3999 = CARTESIAN_POINT('',(-3.549321798118,-55.14090500733));
#4000 = CARTESIAN_POINT('',(-3.551286789002,-55.27512713769));
#4001 = CARTESIAN_POINT('',(-3.553249592231,-55.40937003355));
#4002 = CARTESIAN_POINT('',(-3.555210194542,-55.54363351733));
#4003 = CARTESIAN_POINT('',(-3.557168584051,-55.67791740898));
#4004 = CARTESIAN_POINT('',(-3.559124750251,-55.81222152597));
#4005 = CARTESIAN_POINT('',(-3.561078684015,-55.94654568327));
#4006 = CARTESIAN_POINT('',(-3.566001481403,-56.2854043798));
#4007 = CARTESIAN_POINT('',(-3.568967396455,-56.48996507427));
#4008 = CARTESIAN_POINT('',(-3.571928092156,-56.69457111646));
#4009 = CARTESIAN_POINT('',(-3.574883551617,-56.89922182843));
#4010 = CARTESIAN_POINT('',(-3.577833771652,-57.10391651466));
#4011 = CARTESIAN_POINT('',(-3.580778762778,-57.30865446207));
#4012 = CARTESIAN_POINT('',(-3.583718549219,-57.51343493999));
#4013 = CARTESIAN_POINT('',(-3.590649449051,-57.9971782266));
#4014 = CARTESIAN_POINT('',(-3.594636151211,-58.27617675943));
#4015 = CARTESIAN_POINT('',(-3.598613389352,-58.5552508608));
#4016 = CARTESIAN_POINT('',(-3.602581335205,-58.83439855479));
#4017 = CARTESIAN_POINT('',(-3.606540243534,-59.11361779628));
#4018 = CARTESIAN_POINT('',(-3.610490477406,-59.39290643978));
#4019 = CARTESIAN_POINT('',(-3.614432533469,-59.67226220834));
#4020 = CARTESIAN_POINT('',(-3.618367067216,-59.95168266237));
#4021 = ( GEOMETRIC_REPRESENTATION_CONTEXT(2) 
PARAMETRIC_REPRESENTATION_CONTEXT() REPRESENTATION_CONTEXT('2D SPACE',''
  ) );
#4022 = PCURVE('',#1831,#4023);
#4023 = DEFINITIONAL_REPRESENTATION('',(#4024),#4083);
#4024 = B_SPLINE_CURVE_WITH_KNOTS('',8,(#4025,#4026,#4027,#4028,#4029,
    #4030,#4031,#4032,#4033,#4034,#4035,#4036,#4037,#4038,#4039,#4040,
    #4041,#4042,#4043,#4044,#4045,#4046,#4047,#4048,#4049,#4050,#4051,
    #4052,#4053,#4054,#4055,#4056,#4057,#4058,#4059,#4060,#4061,#4062,
    #4063,#4064,#4065,#4066,#4067,#4068,#4069,#4070,#4071,#4072,#4073,
    #4074,#4075,#4076,#4077,#4078,#4079,#4080,#4081,#4082),
  .UNSPECIFIED.,.F.,.F.,(9,7,7,7,7,7,7,7,9),(0.,0.21168149809,
    0.432249040016,0.662054071808,0.899739797599,0.921144248554,
    0.938304062609,0.964426805167,1.),.UNSPECIFIED.);
#4025 = CARTESIAN_POINT('',(3.922016990832,3.652549477737E-04));
#4026 = CARTESIAN_POINT('',(3.920504979819,2.923069323744E-02));
#4027 = CARTESIAN_POINT('',(3.918919215696,5.794438934567E-02));
#4028 = CARTESIAN_POINT('',(3.917253341022,8.650523717549E-02));
#4029 = CARTESIAN_POINT('',(3.915500248712,0.11491249128));
#4030 = CARTESIAN_POINT('',(3.913651857141,0.143165687024));
#4031 = CARTESIAN_POINT('',(3.911698816515,0.171264571906));
#4032 = CARTESIAN_POINT('',(3.909630146527,0.199209048018));
#4033 = CARTESIAN_POINT('',(3.90514322323,0.25595578544));
#4034 = CARTESIAN_POINT('',(3.902713900357,0.284745115566));
#4035 = CARTESIAN_POINT('',(3.900130122886,0.31336703895));
#4036 = CARTESIAN_POINT('',(3.897374521414,0.341822013993));
#4037 = CARTESIAN_POINT('',(3.894426689387,0.370110965929));
#4038 = CARTESIAN_POINT('',(3.891262174491,0.398235211202));
#4039 = CARTESIAN_POINT('',(3.887850842941,0.426196374912));
#4040 = CARTESIAN_POINT('',(3.88030359046,0.482960503916));
#4041 = CARTESIAN_POINT('',(3.876143263967,0.511750120462));
#4042 = CARTESIAN_POINT('',(3.871630312241,0.54036709045));
#4043 = CARTESIAN_POINT('',(3.866712336482,0.568814224994));
#4044 = CARTESIAN_POINT('',(3.861323056424,0.59709506553));
#4045 = CARTESIAN_POINT('',(3.855378558181,0.625213759266));
#4046 = CARTESIAN_POINT('',(3.848767851956,0.653174915037));
#4047 = CARTESIAN_POINT('',(3.833639104189,0.70974552669));
#4048 = CARTESIAN_POINT('',(3.825062912653,0.738345330546));
#4049 = CARTESIAN_POINT('',(3.815426947994,0.766787634177));
#4050 = CARTESIAN_POINT('',(3.804490820183,0.795078627847));
#4051 = CARTESIAN_POINT('',(3.791949355178,0.823225675293));
#4052 = CARTESIAN_POINT('',(3.777316598642,0.851236733203));
#4053 = CARTESIAN_POINT('',(3.759939697404,0.879120280292));
#4054 = CARTESIAN_POINT('',(3.736487915187,0.909383157635));
#4055 = CARTESIAN_POINT('',(3.734516908646,0.911882316312));
#4056 = CARTESIAN_POINT('',(3.732511327384,0.914380504838));
#4057 = CARTESIAN_POINT('',(3.730470101685,0.916877728777));
#4058 = CARTESIAN_POINT('',(3.728392103586,0.919373993639));
#4059 = CARTESIAN_POINT('',(3.726276146868,0.921869304884));
#4060 = CARTESIAN_POINT('',(3.724120987066,0.924363667922));
#4061 = CARTESIAN_POINT('',(3.720165070114,0.928856047436));
#4062 = CARTESIAN_POINT('',(3.718378780027,0.930854400773));
#4063 = CARTESIAN_POINT('',(3.716565779153,0.932852150882));
#4064 = CARTESIAN_POINT('',(3.714725363245,0.934849300484));
#4065 = CARTESIAN_POINT('',(3.712856795844,0.936845852265));
#4066 = CARTESIAN_POINT('',(3.710959308284,0.938841808873));
#4067 = CARTESIAN_POINT('',(3.709032099693,0.940837172922));
#4068 = CARTESIAN_POINT('',(3.704093994027,0.945868633118));
#4069 = CARTESIAN_POINT('',(3.701042811909,0.94890395195));
#4070 = CARTESIAN_POINT('',(3.697917886493,0.951937912623));
#4071 = CARTESIAN_POINT('',(3.694716067599,0.954970523943));
#4072 = CARTESIAN_POINT('',(3.691433959012,0.958001794377));
#4073 = CARTESIAN_POINT('',(3.688067918477,0.961031732057));
#4074 = CARTESIAN_POINT('',(3.684614057705,0.964060344781));
#4075 = CARTESIAN_POINT('',(3.676239653661,0.971210123038));
#4076 = CARTESIAN_POINT('',(3.671240504668,0.975330163199));
#4077 = CARTESIAN_POINT('',(3.666060167633,0.979447778416));
#4078 = CARTESIAN_POINT('',(3.660687035313,0.983562985651));
#4079 = CARTESIAN_POINT('',(3.655108278263,0.987675800182));
#4080 = CARTESIAN_POINT('',(3.649309602109,0.991786234884));
#4081 = CARTESIAN_POINT('',(3.643275004832,0.995894299516));
#4082 = CARTESIAN_POINT('',(3.636986534048,1.));
#4083 = ( GEOMETRIC_REPRESENTATION_CONTEXT(2) 
PARAMETRIC_REPRESENTATION_CONTEXT() REPRESENTATION_CONTEXT('2D SPACE',''
  ) );
#4084 = ADVANCED_FACE('',(#4085),#881,.T.);
#4085 = FACE_BOUND('',#4086,.T.);
#4086 = EDGE_LOOP('',(#4087,#4088,#4115,#4238,#4239,#4427));
#4087 = ORIENTED_EDGE('',*,*,#864,.F.);
#4088 = ORIENTED_EDGE('',*,*,#4089,.T.);
#4089 = EDGE_CURVE('',#832,#4090,#4092,.T.);
#4090 = VERTEX_POINT('',#4091);
#4091 = CARTESIAN_POINT('',(5.879571516127,13.830292353954,
    59.951682662373));
#4092 = SURFACE_CURVE('',#4093,(#4098,#4108),.PCURVE_S1.);
#4093 = ELLIPSE('',#4094,26.322525453694,21.380020186097);
#4094 = AXIS2_PLACEMENT_3D('',#4095,#4096,#4097);
#4095 = CARTESIAN_POINT('',(-3.868421052632,-6.700301808227,
    46.736842105263));
#4096 = DIRECTION('',(-0.251935512762,-0.436365108335,0.863778900898));
#4097 = DIRECTION('',(-0.431889450449,-0.748054471431,-0.503871025524));
#4098 = PCURVE('',#881,#4099);
#4099 = DEFINITIONAL_REPRESENTATION('',(#4100),#4107);
#4100 = B_SPLINE_CURVE_WITH_KNOTS('',5,(#4101,#4102,#4103,#4104,#4105,
    #4106),.UNSPECIFIED.,.F.,.F.,(6,6),(3.14159265359,3.325783209005),
  .PIECEWISE_BEZIER_KNOTS.);
#4101 = CARTESIAN_POINT('',(-1.047197551197,-60.));
#4102 = CARTESIAN_POINT('',(-1.099704188435,-60.));
#4103 = CARTESIAN_POINT('',(-1.152210828476,-59.97750161437));
#4104 = CARTESIAN_POINT('',(-1.204640887287,-59.93250474006));
#4105 = CARTESIAN_POINT('',(-1.256917849865,-59.86513694981));
#4106 = CARTESIAN_POINT('',(-1.308970346241,-59.77565133834));
#4107 = ( GEOMETRIC_REPRESENTATION_CONTEXT(2) 
PARAMETRIC_REPRESENTATION_CONTEXT() REPRESENTATION_CONTEXT('2D SPACE',''
  ) );
#4108 = PCURVE('',#3325,#4109);
#4109 = DEFINITIONAL_REPRESENTATION('',(#4110),#4114);
#4110 = ELLIPSE('',#4111,26.322525453694,21.380020186097);
#4111 = AXIS2_PLACEMENT_2D('',#4112,#4113);
#4112 = CARTESIAN_POINT('',(-20.62348889482,11.101099015103));
#4113 = DIRECTION('',(-0.920330918458,0.391140640345));
#4114 = ( GEOMETRIC_REPRESENTATION_CONTEXT(2) 
PARAMETRIC_REPRESENTATION_CONTEXT() REPRESENTATION_CONTEXT('2D SPACE',''
  ) );
#4115 = ORIENTED_EDGE('',*,*,#4116,.F.);
#4116 = EDGE_CURVE('',#1347,#4090,#4117,.T.);
#4117 = SURFACE_CURVE('',#4118,(#4156,#4197),.PCURVE_S1.);
#4118 = B_SPLINE_CURVE_WITH_KNOTS('',8,(#4119,#4120,#4121,#4122,#4123,
    #4124,#4125,#4126,#4127,#4128,#4129,#4130,#4131,#4132,#4133,#4134,
    #4135,#4136,#4137,#4138,#4139,#4140,#4141,#4142,#4143,#4144,#4145,
    #4146,#4147,#4148,#4149,#4150,#4151,#4152,#4153,#4154,#4155),
  .UNSPECIFIED.,.F.,.F.,(9,7,7,7,7,9),(0.,0.30770396528,0.468093886446,
    0.634346534217,0.894552005564,1.),.UNSPECIFIED.);
#4119 = CARTESIAN_POINT('',(49.956038563935,2.096237343107,
    -6.194636365944E-16));
#4120 = CARTESIAN_POINT('',(48.613225953104,3.981404467936,
    2.164451686141));
#4121 = CARTESIAN_POINT('',(47.180539126249,5.765876697678,
    4.342632659331));
#4122 = CARTESIAN_POINT('',(45.664676207842,7.442922829958,
    6.534424028502));
#4123 = CARTESIAN_POINT('',(44.073031842442,9.006319041258,
    8.739728691032));
#4124 = CARTESIAN_POINT('',(42.413666626112,10.450384788218,
    10.958453069872));
#4125 = CARTESIAN_POINT('',(40.695288286899,11.770057328609,
    13.190479863084));
#4126 = CARTESIAN_POINT('',(38.927228434577,12.960989078469,
    15.435632486572));
#4127 = CARTESIAN_POINT('',(36.177071978914,14.571477429384,
    18.870608424387));
#4128 = CARTESIAN_POINT('',(35.223930891659,15.087370772454,
    20.051086662378));
#4129 = CARTESIAN_POINT('',(34.261374407493,15.566833994942,
    21.235032410401));
#4130 = CARTESIAN_POINT('',(33.290838688197,16.009431796779,
    22.422411289466));
#4131 = CARTESIAN_POINT('',(32.313794479198,16.414794511944,
    23.61318739357));
#4132 = CARTESIAN_POINT('',(31.331744500796,16.782620986435,
    24.807321947326));
#4133 = CARTESIAN_POINT('',(30.346220839409,17.112681456249,
    26.004771963597));
#4134 = CARTESIAN_POINT('',(28.335250036746,17.707637938936,
    28.450095598584));
#4135 = CARTESIAN_POINT('',(27.309656805729,17.969711897405,
    29.698216843242));
#4136 = CARTESIAN_POINT('',(26.283738434965,18.190869747644,
    30.949797660903));
#4137 = CARTESIAN_POINT('',(25.259257290299,18.371024602224,
    32.204783123461));
#4138 = CARTESIAN_POINT('',(24.237997350055,18.510179405845,
    33.463116411842));
#4139 = CARTESIAN_POINT('',(23.221759991888,18.608429793893,
    34.724737182012));
#4140 = CARTESIAN_POINT('',(22.212360530626,18.665965643141,
    35.989580234073));
#4141 = CARTESIAN_POINT('',(19.645354341061,18.709843756128,
    39.242138616169));
#4142 = CARTESIAN_POINT('',(18.100311684296,18.637578347165,
    41.234417181415));
#4143 = CARTESIAN_POINT('',(16.583485967611,18.467368221754,
    43.234151149809));
#4144 = CARTESIAN_POINT('',(15.10192288333,18.200872568369,
    45.241074891755));
#4145 = CARTESIAN_POINT('',(13.662655198257,17.840330635588,
    47.254896845124));
#4146 = CARTESIAN_POINT('',(12.272784879012,17.388538174456,
    49.275317851782));
#4147 = CARTESIAN_POINT('',(10.939355387304,16.848854893321,
    51.30199408239));
#4148 = CARTESIAN_POINT('',(9.155564687147,15.972217812894,
    54.158458734188));
#4149 = CARTESIAN_POINT('',(8.651674120911,15.705593931367,54.9831972586
    ));
#4150 = CARTESIAN_POINT('',(8.158810945076,15.425400808791,
    55.808910326108));
#4151 = CARTESIAN_POINT('',(7.677497736112,15.131898427025,
    56.635584932098));
#4152 = CARTESIAN_POINT('',(7.208287633925,14.825356785144,
    57.463207553273));
#4153 = CARTESIAN_POINT('',(6.751771844686,14.506054658594,
    58.291765678344));
#4154 = CARTESIAN_POINT('',(6.308605068175,14.174274931025,
    59.121252982302));
#4155 = CARTESIAN_POINT('',(5.879571516127,13.830292353954,
    59.951682662373));
#4156 = PCURVE('',#881,#4157);
#4157 = DEFINITIONAL_REPRESENTATION('',(#4158),#4196);
#4158 = B_SPLINE_CURVE_WITH_KNOTS('',8,(#4159,#4160,#4161,#4162,#4163,
    #4164,#4165,#4166,#4167,#4168,#4169,#4170,#4171,#4172,#4173,#4174,
    #4175,#4176,#4177,#4178,#4179,#4180,#4181,#4182,#4183,#4184,#4185,
    #4186,#4187,#4188,#4189,#4190,#4191,#4192,#4193,#4194,#4195),
  .UNSPECIFIED.,.F.,.F.,(9,7,7,7,7,9),(0.,0.30770396528,0.468093886446,
    0.634346534217,0.894552005564,1.),.UNSPECIFIED.);
#4159 = CARTESIAN_POINT('',(-4.193703833225E-02,0.));
#4160 = CARTESIAN_POINT('',(-8.073317254307E-02,-2.164451686141));
#4161 = CARTESIAN_POINT('',(-0.119831801763,-4.342632659331));
#4162 = CARTESIAN_POINT('',(-0.159237194071,-6.534424028502));
#4163 = CARTESIAN_POINT('',(-0.198955513423,-8.739728691032));
#4164 = CARTESIAN_POINT('',(-0.238994238348,-10.95845306987));
#4165 = CARTESIAN_POINT('',(-0.279362119048,-13.19047986308));
#4166 = CARTESIAN_POINT('',(-0.320069340469,-15.43563248657));
#4167 = CARTESIAN_POINT('',(-0.382529052463,-18.87060842438));
#4168 = CARTESIAN_POINT('',(-0.404026113154,-20.05108666237));
#4169 = CARTESIAN_POINT('',(-0.425620503156,-21.2350324104));
#4170 = CARTESIAN_POINT('',(-0.447314213856,-22.42241128946));
#4171 = CARTESIAN_POINT('',(-0.469109501494,-23.61318739357));
#4172 = CARTESIAN_POINT('',(-0.491008922783,-24.80732194732));
#4173 = CARTESIAN_POINT('',(-0.51301537053,-26.00477196359));
#4174 = CARTESIAN_POINT('',(-0.558057280271,-28.45009559858));
#4175 = CARTESIAN_POINT('',(-0.581101029209,-29.69821684324));
#4176 = CARTESIAN_POINT('',(-0.604267030158,-30.9497976609));
#4177 = CARTESIAN_POINT('',(-0.627559458342,-32.20478312346));
#4178 = CARTESIAN_POINT('',(-0.65098312894,-33.46311641184));
#4179 = CARTESIAN_POINT('',(-0.67454363082,-34.72473718201));
#4180 = CARTESIAN_POINT('',(-0.698247455169,-35.98958023407));
#4181 = CARTESIAN_POINT('',(-0.759437548826,-39.24213861616));
#4182 = CARTESIAN_POINT('',(-0.797142352915,-41.23441718143));
#4183 = CARTESIAN_POINT('',(-0.835245951256,-43.23415114974));
#4184 = CARTESIAN_POINT('',(-0.873783275028,-45.24107489183));
#4185 = CARTESIAN_POINT('',(-0.912801414049,-47.25489684506));
#4186 = CARTESIAN_POINT('',(-0.952351308527,-49.2753178518));
#4187 = CARTESIAN_POINT('',(-0.992508527434,-51.30199408239));
#4188 = CARTESIAN_POINT('',(-1.049871998165,-54.15845873418));
#4189 = CARTESIAN_POINT('',(-1.066523470103,-54.9831972586));
#4190 = CARTESIAN_POINT('',(-1.083287531641,-55.80891032609));
#4191 = CARTESIAN_POINT('',(-1.100167453045,-56.63558493209));
#4192 = CARTESIAN_POINT('',(-1.11716472648,-57.46320755328));
#4193 = CARTESIAN_POINT('',(-1.134278677622,-58.29176567833));
#4194 = CARTESIAN_POINT('',(-1.151503816887,-59.1212529823));
#4195 = CARTESIAN_POINT('',(-1.168821738254,-59.95168266237));
#4196 = ( GEOMETRIC_REPRESENTATION_CONTEXT(2) 
PARAMETRIC_REPRESENTATION_CONTEXT() REPRESENTATION_CONTEXT('2D SPACE',''
  ) );
#4197 = PCURVE('',#1368,#4198);
#4198 = DEFINITIONAL_REPRESENTATION('',(#4199),#4237);
#4199 = B_SPLINE_CURVE_WITH_KNOTS('',8,(#4200,#4201,#4202,#4203,#4204,
    #4205,#4206,#4207,#4208,#4209,#4210,#4211,#4212,#4213,#4214,#4215,
    #4216,#4217,#4218,#4219,#4220,#4221,#4222,#4223,#4224,#4225,#4226,
    #4227,#4228,#4229,#4230,#4231,#4232,#4233,#4234,#4235,#4236),
  .UNSPECIFIED.,.F.,.F.,(9,7,7,7,7,9),(0.,0.30770396528,0.468093886446,
    0.634346534217,0.894552005564,1.),.UNSPECIFIED.);
#4200 = CARTESIAN_POINT('',(1.077983009203,3.65254934619E-04));
#4201 = CARTESIAN_POINT('',(1.080182018588,4.234593695395E-02));
#4202 = CARTESIAN_POINT('',(1.08253677535,8.400126050001E-02));
#4203 = CARTESIAN_POINT('',(1.085066829979,0.125327304264));
#4204 = CARTESIAN_POINT('',(1.087794815057,0.166322239668));
#4205 = CARTESIAN_POINT('',(1.090748583254,0.206985684786));
#4206 = CARTESIAN_POINT('',(1.093962626684,0.247318380238));
#4207 = CARTESIAN_POINT('',(1.097480700139,0.2873219241));
#4208 = CARTESIAN_POINT('',(1.103384464818,0.347679515945));
#4209 = CARTESIAN_POINT('',(1.105505919162,0.36827203594));
#4210 = CARTESIAN_POINT('',(1.10773437034,0.388776235428));
#4211 = CARTESIAN_POINT('',(1.110079219468,0.409192640322));
#4212 = CARTESIAN_POINT('',(1.11255124486,0.429521915285));
#4213 = CARTESIAN_POINT('',(1.115163014673,0.449764849125));
#4214 = CARTESIAN_POINT('',(1.117929299551,0.469922340192));
#4215 = CARTESIAN_POINT('',(1.1239130704,0.510802152462));
#4216 = CARTESIAN_POINT('',(1.127143423572,0.5315182604));
#4217 = CARTESIAN_POINT('',(1.13057795871,0.552144801999));
#4218 = CARTESIAN_POINT('',(1.134239587492,0.572683089518));
#4219 = CARTESIAN_POINT('',(1.138155238851,0.593134628457));
#4220 = CARTESIAN_POINT('',(1.142357204527,0.613501099415));
#4221 = CARTESIAN_POINT('',(1.146885310691,0.633784344399));
#4222 = CARTESIAN_POINT('',(1.159466214651,0.685604947974));
#4223 = CARTESIAN_POINT('',(1.168065196591,0.717024475631));
#4224 = CARTESIAN_POINT('',(1.177777556037,0.748252803628));
#4225 = CARTESIAN_POINT('',(1.188872508081,0.779299122292));
#4226 = CARTESIAN_POINT('',(1.201683115227,0.810173727809));
#4227 = CARTESIAN_POINT('',(1.216777446057,0.84088816663));
#4228 = CARTESIAN_POINT('',(1.234892618677,0.87145485408));
#4229 = CARTESIAN_POINT('',(1.267031672195,0.914221954553));
#4230 = CARTESIAN_POINT('',(1.277080922443,0.926533314665));
#4231 = CARTESIAN_POINT('',(1.288027437386,0.938823819137));
#4232 = CARTESIAN_POINT('',(1.300013162601,0.951094501195));
#4233 = CARTESIAN_POINT('',(1.313221164036,0.963346388541));
#4234 = CARTESIAN_POINT('',(1.327885923596,0.975580516629));
#4235 = CARTESIAN_POINT('',(1.344324352167,0.987797971551));
#4236 = CARTESIAN_POINT('',(1.363013465952,1.));
#4237 = ( GEOMETRIC_REPRESENTATION_CONTEXT(2) 
PARAMETRIC_REPRESENTATION_CONTEXT() REPRESENTATION_CONTEXT('2D SPACE',''
  ) );
#4238 = ORIENTED_EDGE('',*,*,#1404,.T.);
#4239 = ORIENTED_EDGE('',*,*,#4240,.T.);
#4240 = EDGE_CURVE('',#1405,#4241,#4243,.T.);
#4241 = VERTEX_POINT('',#4242);
#4242 = CARTESIAN_POINT('',(-3.75260344583,14.552124078204,
    59.951682662373));
#4243 = SURFACE_CURVE('',#4244,(#4303,#4365),.PCURVE_S1.);
#4244 = B_SPLINE_CURVE_WITH_KNOTS('',8,(#4245,#4246,#4247,#4248,#4249,
    #4250,#4251,#4252,#4253,#4254,#4255,#4256,#4257,#4258,#4259,#4260,
    #4261,#4262,#4263,#4264,#4265,#4266,#4267,#4268,#4269,#4270,#4271,
    #4272,#4273,#4274,#4275,#4276,#4277,#4278,#4279,#4280,#4281,#4282,
    #4283,#4284,#4285,#4286,#4287,#4288,#4289,#4290,#4291,#4292,#4293,
    #4294,#4295,#4296,#4297,#4298,#4299,#4300,#4301,#4302),
  .UNSPECIFIED.,.F.,.F.,(9,7,7,7,7,7,7,7,9),(0.,0.21168149809,
    0.432249040015,0.662054071807,0.899739797598,0.921144248553,
    0.938304062608,0.964426805166,1.),.UNSPECIFIED.);
#4245 = CARTESIAN_POINT('',(32.761158756936,37.771768252266,
    -2.357935498391E-15));
#4246 = CARTESIAN_POINT('',(31.237286861089,37.944290011151,
    1.488252247198));
#4247 = CARTESIAN_POINT('',(29.721613474275,38.056246976527,
    2.983102779119));
#4248 = CARTESIAN_POINT('',(28.217076990603,38.107894804399,
    4.484525037006));
#4249 = CARTESIAN_POINT('',(26.726631928421,38.099671329968,
    5.992492831198));
#4250 = CARTESIAN_POINT('',(25.253241507991,38.032198956717,
    7.506977396332));
#4251 = CARTESIAN_POINT('',(23.799867642597,37.906288823054,
    9.027943323259));
#4252 = CARTESIAN_POINT('',(22.369458343098,37.722946746506,
    10.555343367676));
#4253 = CARTESIAN_POINT('',(19.501447027483,37.233758563103,
    13.687266013101));
#4254 = CARTESIAN_POINT('',(18.066048276379,36.923090297995,
    15.29235132638));
#4255 = CARTESIAN_POINT('',(16.662043813864,36.552741221234,
    16.904290011092));
#4256 = CARTESIAN_POINT('',(15.292685085955,36.124311304004,
    18.523005293534));
#4257 = CARTESIAN_POINT('',(13.961152296603,35.639635860636,
    20.148416361544));
#4258 = CARTESIAN_POINT('',(12.670536111018,35.100785625727,
    21.780431887649));
#4259 = CARTESIAN_POINT('',(11.423816219153,34.510066465329,
    23.418942404359));
#4260 = CARTESIAN_POINT('',(8.973601500303,33.203165427886,
    26.777568681776));
#4261 = CARTESIAN_POINT('',(7.774084732922,32.482755108255,
    28.498254039826));
#4262 = CARTESIAN_POINT('',(6.628511485909,31.711660528175,
    30.22570643103));
#4263 = CARTESIAN_POINT('',(5.539916791128,30.893019816238,31.9597658031
    ));
#4264 = CARTESIAN_POINT('',(4.511130036887,30.030220004926,
    33.700268438625));
#4265 = CARTESIAN_POINT('',(3.544742409952,29.126886859239,
    35.447035369397));
#4266 = CARTESIAN_POINT('',(2.643068702856,28.186870482854,
    37.19985830358));
#4267 = CARTESIAN_POINT('',(0.94452778406,26.208206707481,
    40.777425040435));
#4268 = CARTESIAN_POINT('',(0.152284341951,25.167247521345,
    42.60263699137));
#4269 = CARTESIAN_POINT('',(-0.566372367563,24.095830879731,
    44.433812348461));
#4270 = CARTESIAN_POINT('',(-1.209608278705,22.998638976156,
    46.270657645385));
#4271 = CARTESIAN_POINT('',(-1.776008934751,21.880509082182,
    48.11288557869));
#4272 = CARTESIAN_POINT('',(-2.264690032066,20.746361701436,
    49.960183831487));
#4273 = CARTESIAN_POINT('',(-2.67528671739,19.601167067332,
    51.812207181528));
#4274 = CARTESIAN_POINT('',(-3.038453166796,18.346035128408,
    53.83562018184));
#4275 = CARTESIAN_POINT('',(-3.067827865129,18.242292960585,
    54.002816775645));
#4276 = CARTESIAN_POINT('',(-3.096575138958,18.138503454227,
    54.170047600743));
#4277 = CARTESIAN_POINT('',(-3.124695538392,18.034670070424,
    54.337312336882));
#4278 = CARTESIAN_POINT('',(-3.152189688342,17.930796251409,
    54.504610658974));
#4279 = CARTESIAN_POINT('',(-3.179058288525,17.826885420562,
    54.671942237096));
#4280 = CARTESIAN_POINT('',(-3.205302113464,17.722940982408,
    54.839306736489));
#4281 = CARTESIAN_POINT('',(-3.251461324807,17.535610490117,
    55.140905007333));
#4282 = CARTESIAN_POINT('',(-3.271599636261,17.452235231402,
    55.275127137694));
#4283 = CARTESIAN_POINT('',(-3.291337385134,17.368842290585,
    55.409370033551));
#4284 = CARTESIAN_POINT('',(-3.310675047409,17.285433400465,
    55.543633517333));
#4285 = CARTESIAN_POINT('',(-3.329613136767,17.202010282515,
    55.677917408985));
#4286 = CARTESIAN_POINT('',(-3.348152204579,17.118574646891,
    55.812221525971));
#4287 = CARTESIAN_POINT('',(-3.366292839912,17.035128192427,
    55.946545683273));
#4288 = CARTESIAN_POINT('',(-3.411045948825,16.824626429122,
    56.285404379801));
#4289 = CARTESIAN_POINT('',(-3.437134355171,16.69755907619,
    56.489965074278));
#4290 = CARTESIAN_POINT('',(-3.462303070558,16.570476515911,
    56.694571116465));
#4291 = CARTESIAN_POINT('',(-3.486554540269,16.443384625216,
    56.899221828431));
#4292 = CARTESIAN_POINT('',(-3.509891472871,16.3162891899,
    57.103916514664));
#4293 = CARTESIAN_POINT('',(-3.532316840221,16.18919590462,
    57.308654462074));
#4294 = CARTESIAN_POINT('',(-3.553833877459,16.062110372892,
    57.513434939991));
#4295 = CARTESIAN_POINT('',(-3.602515188041,15.761994772955,
    57.997178226604));
#4296 = CARTESIAN_POINT('',(-3.628906388159,15.588976007289,
    58.276176759437));
#4297 = CARTESIAN_POINT('',(-3.653628671141,15.4159956785,
    58.555250860808));
#4298 = CARTESIAN_POINT('',(-3.676692043097,15.243067267252,
    58.834398554797));
#4299 = CARTESIAN_POINT('',(-3.698107729569,15.070203781438,
    59.11361779628));
#4300 = CARTESIAN_POINT('',(-3.717888376621,14.897417671143,
    59.392906439786));
#4301 = CARTESIAN_POINT('',(-3.73604825192,14.724720743611,
    59.672262208349));
#4302 = CARTESIAN_POINT('',(-3.75260344583,14.552124078204,
    59.951682662373));
#4303 = PCURVE('',#881,#4304);
#4304 = DEFINITIONAL_REPRESENTATION('',(#4305),#4364);
#4305 = B_SPLINE_CURVE_WITH_KNOTS('',8,(#4306,#4307,#4308,#4309,#4310,
    #4311,#4312,#4313,#4314,#4315,#4316,#4317,#4318,#4319,#4320,#4321,
    #4322,#4323,#4324,#4325,#4326,#4327,#4328,#4329,#4330,#4331,#4332,
    #4333,#4334,#4335,#4336,#4337,#4338,#4339,#4340,#4341,#4342,#4343,
    #4344,#4345,#4346,#4347,#4348,#4349,#4350,#4351,#4352,#4353,#4354,
    #4355,#4356,#4357,#4358,#4359,#4360,#4361,#4362,#4363),
  .UNSPECIFIED.,.F.,.F.,(9,7,7,7,7,7,7,7,9),(0.,0.21168149809,
    0.432249040015,0.662054071807,0.899739797598,0.921144248553,
    0.938304062608,0.964426805166,1.),.UNSPECIFIED.);
#4306 = CARTESIAN_POINT('',(-0.856318318299,0.));
#4307 = CARTESIAN_POINT('',(-0.88160285783,-1.488252247198));
#4308 = CARTESIAN_POINT('',(-0.906973319523,-2.983102779119));
#4309 = CARTESIAN_POINT('',(-0.932427045202,-4.484525037006));
#4310 = CARTESIAN_POINT('',(-0.957961209148,-5.992492831198));
#4311 = CARTESIAN_POINT('',(-0.983572669709,-7.506977396332));
#4312 = CARTESIAN_POINT('',(-1.009257813273,-9.027943323259));
#4313 = CARTESIAN_POINT('',(-1.03501239062,-10.55534336767));
#4314 = CARTESIAN_POINT('',(-1.087734138254,-13.6872660131));
#4315 = CARTESIAN_POINT('',(-1.11470710744,-15.29235132638));
#4316 = CARTESIAN_POINT('',(-1.141744457231,-16.90429001109));
#4317 = CARTESIAN_POINT('',(-1.168839795097,-18.52300529353));
#4318 = CARTESIAN_POINT('',(-1.195985929529,-20.14841636154));
#4319 = CARTESIAN_POINT('',(-1.223174579934,-21.78043188764));
#4320 = CARTESIAN_POINT('',(-1.250395998843,-23.41894240435));
#4321 = CARTESIAN_POINT('',(-1.306021945198,-26.77756868177));
#4322 = CARTESIAN_POINT('',(-1.334428704826,-28.49825403982));
#4323 = CARTESIAN_POINT('',(-1.362845426334,-30.22570643103));
#4324 = CARTESIAN_POINT('',(-1.391257154203,-31.9597658031));
#4325 = CARTESIAN_POINT('',(-1.419646447978,-33.70026843862));
#4326 = CARTESIAN_POINT('',(-1.447992837262,-35.4470353694));
#4327 = CARTESIAN_POINT('',(-1.476271963032,-37.19985830358));
#4328 = CARTESIAN_POINT('',(-1.533601970109,-40.77742504043));
#4329 = CARTESIAN_POINT('',(-1.56264711563,-42.60263699136));
#4330 = CARTESIAN_POINT('',(-1.591555241942,-44.43381234848));
#4331 = CARTESIAN_POINT('',(-1.620288153132,-46.27065764534));
#4332 = CARTESIAN_POINT('',(-1.648798678517,-48.11288557871));
#4333 = CARTESIAN_POINT('',(-1.677036147418,-49.96018383148));
#4334 = CARTESIAN_POINT('',(-1.70493251009,-51.81220718152));
#4335 = CARTESIAN_POINT('',(-1.734912560052,-53.83562018184));
#4336 = CARTESIAN_POINT('',(-1.73738614578,-54.00281677564));
#4337 = CARTESIAN_POINT('',(-1.739856510618,-54.17004760074));
#4338 = CARTESIAN_POINT('',(-1.742323618751,-54.33731233688));
#4339 = CARTESIAN_POINT('',(-1.744787436199,-54.50461065897));
#4340 = CARTESIAN_POINT('',(-1.747247930817,-54.67194223709));
#4341 = CARTESIAN_POINT('',(-1.749705072298,-54.83930673648));
#4342 = CARTESIAN_POINT('',(-1.754125996067,-55.14090500733));
#4343 = CARTESIAN_POINT('',(-1.75609098695,-55.27512713769));
#4344 = CARTESIAN_POINT('',(-1.758053790179,-55.40937003355));
#4345 = CARTESIAN_POINT('',(-1.760014392491,-55.54363351733));
#4346 = CARTESIAN_POINT('',(-1.761972781999,-55.67791740898));
#4347 = CARTESIAN_POINT('',(-1.763928948199,-55.81222152597));
#4348 = CARTESIAN_POINT('',(-1.765882881963,-55.94654568327));
#4349 = CARTESIAN_POINT('',(-1.770805679352,-56.2854043798));
#4350 = CARTESIAN_POINT('',(-1.773771594404,-56.48996507427));
#4351 = CARTESIAN_POINT('',(-1.776732290105,-56.69457111646));
#4352 = CARTESIAN_POINT('',(-1.779687749566,-56.89922182843));
#4353 = CARTESIAN_POINT('',(-1.7826379696,-57.10391651466));
#4354 = CARTESIAN_POINT('',(-1.785582960727,-57.30865446207));
#4355 = CARTESIAN_POINT('',(-1.788522747167,-57.51343493999));
#4356 = CARTESIAN_POINT('',(-1.795453647,-57.9971782266));
#4357 = CARTESIAN_POINT('',(-1.79944034916,-58.27617675943));
#4358 = CARTESIAN_POINT('',(-1.803417587301,-58.5552508608));
#4359 = CARTESIAN_POINT('',(-1.807385533153,-58.83439855479));
#4360 = CARTESIAN_POINT('',(-1.811344441482,-59.11361779628));
#4361 = CARTESIAN_POINT('',(-1.815294675355,-59.39290643978));
#4362 = CARTESIAN_POINT('',(-1.819236731417,-59.67226220834));
#4363 = CARTESIAN_POINT('',(-1.823171265165,-59.95168266237));
#4364 = ( GEOMETRIC_REPRESENTATION_CONTEXT(2) 
PARAMETRIC_REPRESENTATION_CONTEXT() REPRESENTATION_CONTEXT('2D SPACE',''
  ) );
#4365 = PCURVE('',#1448,#4366);
#4366 = DEFINITIONAL_REPRESENTATION('',(#4367),#4426);
#4367 = B_SPLINE_CURVE_WITH_KNOTS('',8,(#4368,#4369,#4370,#4371,#4372,
    #4373,#4374,#4375,#4376,#4377,#4378,#4379,#4380,#4381,#4382,#4383,
    #4384,#4385,#4386,#4387,#4388,#4389,#4390,#4391,#4392,#4393,#4394,
    #4395,#4396,#4397,#4398,#4399,#4400,#4401,#4402,#4403,#4404,#4405,
    #4406,#4407,#4408,#4409,#4410,#4411,#4412,#4413,#4414,#4415,#4416,
    #4417,#4418,#4419,#4420,#4421,#4422,#4423,#4424,#4425),
  .UNSPECIFIED.,.F.,.F.,(9,7,7,7,7,7,7,7,9),(0.,0.21168149809,
    0.432249040015,0.662054071807,0.899739797598,0.921144248553,
    0.938304062608,0.964426805166,1.),.UNSPECIFIED.);
#4368 = CARTESIAN_POINT('',(3.922016990832,3.652549477741E-04));
#4369 = CARTESIAN_POINT('',(3.920504979819,2.923069323744E-02));
#4370 = CARTESIAN_POINT('',(3.918919215696,5.794438934569E-02));
#4371 = CARTESIAN_POINT('',(3.917253341022,8.650523717549E-02));
#4372 = CARTESIAN_POINT('',(3.915500248712,0.11491249128));
#4373 = CARTESIAN_POINT('',(3.913651857141,0.143165687024));
#4374 = CARTESIAN_POINT('',(3.911698816515,0.171264571906));
#4375 = CARTESIAN_POINT('',(3.909630146527,0.199209048018));
#4376 = CARTESIAN_POINT('',(3.90514322323,0.25595578544));
#4377 = CARTESIAN_POINT('',(3.902713900357,0.284745115566));
#4378 = CARTESIAN_POINT('',(3.900130122886,0.31336703895));
#4379 = CARTESIAN_POINT('',(3.897374521414,0.341822013993));
#4380 = CARTESIAN_POINT('',(3.894426689387,0.370110965929));
#4381 = CARTESIAN_POINT('',(3.891262174491,0.398235211202));
#4382 = CARTESIAN_POINT('',(3.887850842941,0.426196374912));
#4383 = CARTESIAN_POINT('',(3.88030359046,0.482960503916));
#4384 = CARTESIAN_POINT('',(3.876143263967,0.511750120462));
#4385 = CARTESIAN_POINT('',(3.871630312241,0.54036709045));
#4386 = CARTESIAN_POINT('',(3.866712336482,0.568814224994));
#4387 = CARTESIAN_POINT('',(3.861323056424,0.59709506553));
#4388 = CARTESIAN_POINT('',(3.855378558181,0.625213759266));
#4389 = CARTESIAN_POINT('',(3.848767851956,0.653174915037));
#4390 = CARTESIAN_POINT('',(3.833639104189,0.70974552669));
#4391 = CARTESIAN_POINT('',(3.825062912653,0.738345330546));
#4392 = CARTESIAN_POINT('',(3.815426947994,0.766787634178));
#4393 = CARTESIAN_POINT('',(3.804490820184,0.795078627845));
#4394 = CARTESIAN_POINT('',(3.791949355176,0.823225675295));
#4395 = CARTESIAN_POINT('',(3.777316598643,0.851236733202));
#4396 = CARTESIAN_POINT('',(3.759939697404,0.879120280292));
#4397 = CARTESIAN_POINT('',(3.736487915187,0.909383157635));
#4398 = CARTESIAN_POINT('',(3.734516908646,0.911882316312));
#4399 = CARTESIAN_POINT('',(3.732511327384,0.914380504838));
#4400 = CARTESIAN_POINT('',(3.730470101685,0.916877728777));
#4401 = CARTESIAN_POINT('',(3.728392103586,0.919373993639));
#4402 = CARTESIAN_POINT('',(3.726276146868,0.921869304884));
#4403 = CARTESIAN_POINT('',(3.724120987066,0.924363667922));
#4404 = CARTESIAN_POINT('',(3.720165070114,0.928856047436));
#4405 = CARTESIAN_POINT('',(3.718378780027,0.930854400773));
#4406 = CARTESIAN_POINT('',(3.716565779153,0.932852150882));
#4407 = CARTESIAN_POINT('',(3.714725363245,0.934849300484));
#4408 = CARTESIAN_POINT('',(3.712856795844,0.936845852265));
#4409 = CARTESIAN_POINT('',(3.710959308284,0.938841808873));
#4410 = CARTESIAN_POINT('',(3.709032099693,0.940837172922));
#4411 = CARTESIAN_POINT('',(3.704093994027,0.945868633118));
#4412 = CARTESIAN_POINT('',(3.701042811909,0.94890395195));
#4413 = CARTESIAN_POINT('',(3.697917886493,0.951937912623));
#4414 = CARTESIAN_POINT('',(3.694716067599,0.954970523943));
#4415 = CARTESIAN_POINT('',(3.691433959012,0.958001794377));
#4416 = CARTESIAN_POINT('',(3.688067918477,0.961031732057));
#4417 = CARTESIAN_POINT('',(3.684614057705,0.964060344781));
#4418 = CARTESIAN_POINT('',(3.676239653661,0.971210123038));
#4419 = CARTESIAN_POINT('',(3.671240504668,0.975330163199));
#4420 = CARTESIAN_POINT('',(3.666060167633,0.979447778416));
#4421 = CARTESIAN_POINT('',(3.660687035314,0.983562985651));
#4422 = CARTESIAN_POINT('',(3.655108278263,0.987675800182));
#4423 = CARTESIAN_POINT('',(3.649309602109,0.991786234884));
#4424 = CARTESIAN_POINT('',(3.643275004832,0.995894299516));
#4425 = CARTESIAN_POINT('',(3.636986534048,1.));
#4426 = ( GEOMETRIC_REPRESENTATION_CONTEXT(2) 
PARAMETRIC_REPRESENTATION_CONTEXT() REPRESENTATION_CONTEXT('2D SPACE',''
  ) );
#4427 = ORIENTED_EDGE('',*,*,#4428,.T.);
#4428 = EDGE_CURVE('',#4241,#865,#4429,.T.);
#4429 = SURFACE_CURVE('',#4430,(#4435,#4445),.PCURVE_S1.);
#4430 = ELLIPSE('',#4431,26.322525453694,21.380020186097);
#4431 = AXIS2_PLACEMENT_3D('',#4432,#4433,#4434);
#4432 = CARTESIAN_POINT('',(2.826585820098,-7.202023213195,
    46.736842105263));
#4433 = DIRECTION('',(0.184084756614,-0.469040310363,0.863778900898));
#4434 = DIRECTION('',(0.31557386848,-0.804069103479,-0.503871025524));
#4435 = PCURVE('',#881,#4436);
#4436 = DEFINITIONAL_REPRESENTATION('',(#4437),#4444);
#4437 = B_SPLINE_CURVE_WITH_KNOTS('',5,(#4438,#4439,#4440,#4441,#4442,
    #4443),.UNSPECIFIED.,.F.,.F.,(6,6),(2.939966367235,3.14159265359),
  .PIECEWISE_BEZIER_KNOTS.);
#4438 = CARTESIAN_POINT('',(-1.658406570965,-59.73131745037));
#4439 = CARTESIAN_POINT('',(-1.715289205271,-59.83842613014));
#4440 = CARTESIAN_POINT('',(-1.7724649397,-59.91912151297));
#4441 = CARTESIAN_POINT('',(-1.82984147171,-59.9730405634));
#4442 = CARTESIAN_POINT('',(-1.887318464591,-60.));
#4443 = CARTESIAN_POINT('',(-1.944795452222,-60.));
#4444 = ( GEOMETRIC_REPRESENTATION_CONTEXT(2) 
PARAMETRIC_REPRESENTATION_CONTEXT() REPRESENTATION_CONTEXT('2D SPACE',''
  ) );
#4445 = PCURVE('',#4446,#4451);
#4446 = PLANE('',#4447);
#4447 = AXIS2_PLACEMENT_3D('',#4448,#4449,#4450);
#4448 = CARTESIAN_POINT('',(-2.53201520047,12.336382121614,
    58.488386923428));
#4449 = DIRECTION('',(0.184084756614,-0.469040310363,0.863778900898));
#4450 = DIRECTION('',(-0.654534942345,0.597109934294,0.463728083705));
#4451 = DEFINITIONAL_REPRESENTATION('',(#4452),#4456);
#4452 = ELLIPSE('',#4453,26.322525453694,21.380020186097);
#4453 = AXIS2_PLACEMENT_2D('',#4454,#4455);
#4454 = CARTESIAN_POINT('',(-20.62348889482,11.101099015103));
#4455 = DIRECTION('',(-0.920330918458,0.391140640345));
#4456 = ( GEOMETRIC_REPRESENTATION_CONTEXT(2) 
PARAMETRIC_REPRESENTATION_CONTEXT() REPRESENTATION_CONTEXT('2D SPACE',''
  ) );
#4457 = ADVANCED_FACE('',(#4458),#910,.T.);
#4458 = FACE_BOUND('',#4459,.T.);
#4459 = EDGE_LOOP('',(#4460,#4461,#4488,#4611,#4612,#4800));
#4460 = ORIENTED_EDGE('',*,*,#893,.F.);
#4461 = ORIENTED_EDGE('',*,*,#4462,.T.);
#4462 = EDGE_CURVE('',#865,#4463,#4465,.T.);
#4463 = VERTEX_POINT('',#4464);
#4464 = CARTESIAN_POINT('',(-7.147105094454,13.219880354146,
    59.951682662373));
#4465 = SURFACE_CURVE('',#4466,(#4471,#4481),.PCURVE_S1.);
#4466 = ELLIPSE('',#4467,26.322525453694,21.380020186097);
#4467 = AXIS2_PLACEMENT_3D('',#4468,#4469,#4470);
#4468 = CARTESIAN_POINT('',(2.826585820098,-7.202023213195,
    46.736842105263));
#4469 = DIRECTION('',(0.184084756614,-0.469040310363,0.863778900898));
#4470 = DIRECTION('',(0.31557386848,-0.804069103479,-0.503871025524));
#4471 = PCURVE('',#910,#4472);
#4472 = DEFINITIONAL_REPRESENTATION('',(#4473),#4480);
#4473 = B_SPLINE_CURVE_WITH_KNOTS('',5,(#4474,#4475,#4476,#4477,#4478,
    #4479),.UNSPECIFIED.,.F.,.F.,(6,6),(3.14159265359,3.325783209005),
  .PIECEWISE_BEZIER_KNOTS.);
#4474 = CARTESIAN_POINT('',(-1.944795452222,-60.));
#4475 = CARTESIAN_POINT('',(-1.997302089461,-60.));
#4476 = CARTESIAN_POINT('',(-2.049808729502,-59.97750161437));
#4477 = CARTESIAN_POINT('',(-2.102238788313,-59.93250474006));
#4478 = CARTESIAN_POINT('',(-2.154515750891,-59.86513694981));
#4479 = CARTESIAN_POINT('',(-2.206568247266,-59.77565133834));
#4480 = ( GEOMETRIC_REPRESENTATION_CONTEXT(2) 
PARAMETRIC_REPRESENTATION_CONTEXT() REPRESENTATION_CONTEXT('2D SPACE',''
  ) );
#4481 = PCURVE('',#4446,#4482);
#4482 = DEFINITIONAL_REPRESENTATION('',(#4483),#4487);
#4483 = ELLIPSE('',#4484,26.322525453694,21.380020186097);
#4484 = AXIS2_PLACEMENT_2D('',#4485,#4486);
#4485 = CARTESIAN_POINT('',(-20.62348889482,11.101099015103));
#4486 = DIRECTION('',(-0.920330918458,0.391140640345));
#4487 = ( GEOMETRIC_REPRESENTATION_CONTEXT(2) 
PARAMETRIC_REPRESENTATION_CONTEXT() REPRESENTATION_CONTEXT('2D SPACE',''
  ) );
#4488 = ORIENTED_EDGE('',*,*,#4489,.F.);
#4489 = EDGE_CURVE('',#1541,#4463,#4490,.T.);
#4490 = SURFACE_CURVE('',#4491,(#4529,#4570),.PCURVE_S1.);
#4491 = B_SPLINE_CURVE_WITH_KNOTS('',8,(#4492,#4493,#4494,#4495,#4496,
    #4497,#4498,#4499,#4500,#4501,#4502,#4503,#4504,#4505,#4506,#4507,
    #4508,#4509,#4510,#4511,#4512,#4513,#4514,#4515,#4516,#4517,#4518,
    #4519,#4520,#4521,#4522,#4523,#4524,#4525,#4526,#4527,#4528),
  .UNSPECIFIED.,.F.,.F.,(9,7,7,7,7,9),(0.,0.307703965278,0.468093886443,
    0.634346534214,0.894552005562,1.),.UNSPECIFIED.);
#4492 = CARTESIAN_POINT('',(29.508176236309,40.364186294374,
    -4.239134756693E-16));
#4493 = CARTESIAN_POINT('',(27.197063259742,40.4897155973,2.164451686143
    ));
#4494 = CARTESIAN_POINT('',(24.908641065145,40.482196168494,
    4.342632659328));
#4495 = CARTESIAN_POINT('',(22.652348530724,40.342667976499,
    6.534424028504));
#4496 = CARTESIAN_POINT('',(20.43766212315,40.073031896748,
    8.739728691033));
#4497 = CARTESIAN_POINT('',(18.274048769489,39.676048196153,
    10.95845306987));
#4498 = CARTESIAN_POINT('',(16.170895860619,39.15536828249,
    13.190479863087));
#4499 = CARTESIAN_POINT('',(14.137420638114,38.515577227805,
    15.435632486571));
#4500 = CARTESIAN_POINT('',(11.163595639597,37.369541391863,
    18.870608424387));
#4501 = CARTESIAN_POINT('',(10.165980234754,36.945999920864,
    20.051086662377));
#4502 = CARTESIAN_POINT('',(9.190976641136,36.492383387476,
    21.235032410401));
#4503 = CARTESIAN_POINT('',(8.239820622268,36.009543223042,
    22.422411289466));
#4504 = CARTESIAN_POINT('',(7.313718189458,35.498398819642,
    23.61318739357));
#4505 = CARTESIAN_POINT('',(6.413841725166,34.95993728487,
    24.807321947327));
#4506 = CARTESIAN_POINT('',(5.541326106382,34.395213196606,
    26.004771963597));
#4507 = CARTESIAN_POINT('',(3.822350610223,33.193922212265,
    28.450095598584));
#4508 = CARTESIAN_POINT('',(2.978006018362,32.555481576487,
    29.698216843242));
#4509 = CARTESIAN_POINT('',(2.16544820674,31.891275960007,
    30.949797660903));
#4510 = CARTESIAN_POINT('',(1.385843923814,31.202629062499,
    32.204783123461));
#4511 = CARTESIAN_POINT('',(0.640303159618,30.49093749037,
    33.463116411842));
#4512 = CARTESIAN_POINT('',(-7.012571600875E-02,29.757669245071,
    34.724737182013));
#4513 = CARTESIAN_POINT('',(-0.744459324419,29.004361983118,
    35.989580234073));
#4514 = CARTESIAN_POINT('',(-2.379266795059,27.024753284382,
    39.242138616194));
#4515 = CARTESIAN_POINT('',(-3.286085763109,25.771733548126,
    41.234417181311));
#4516 = CARTESIAN_POINT('',(-4.098735494109,24.47970717186,
    43.234151150027));
#4517 = CARTESIAN_POINT('',(-4.814120276034,23.15521718745,
    45.241074891474));
#4518 = CARTESIAN_POINT('',(-5.429605966178,21.805158181056,
    47.25489684535));
#4519 = CARTESIAN_POINT('',(-5.942950366393,20.436825817037,
    49.275317851674));
#4520 = CARTESIAN_POINT('',(-6.352388676245,19.057821638667,
    51.301994082415));
#4521 = CARTESIAN_POINT('',(-6.779181518263,17.116623631588,
    54.15845873419));
#4522 = CARTESIAN_POINT('',(-6.884897203009,16.556428852127,
    54.983197258598));
#4523 = CARTESIAN_POINT('',(-6.973128562452,15.996395350225,
    55.808910326109));
#4524 = CARTESIAN_POINT('',(-7.043753037497,15.437093788682,
    56.635584932097));
#4525 = CARTESIAN_POINT('',(-7.09663684483,14.879124971347,
    57.463207553271));
#4526 = CARTESIAN_POINT('',(-7.131629328852,14.32312493545,
    58.291765678348));
#4527 = CARTESIAN_POINT('',(-7.148543458271,13.769781920994,
    59.121252982299));
#4528 = CARTESIAN_POINT('',(-7.147105094454,13.219880354146,
    59.951682662373));
#4529 = PCURVE('',#910,#4530);
#4530 = DEFINITIONAL_REPRESENTATION('',(#4531),#4569);
#4531 = B_SPLINE_CURVE_WITH_KNOTS('',8,(#4532,#4533,#4534,#4535,#4536,
    #4537,#4538,#4539,#4540,#4541,#4542,#4543,#4544,#4545,#4546,#4547,
    #4548,#4549,#4550,#4551,#4552,#4553,#4554,#4555,#4556,#4557,#4558,
    #4559,#4560,#4561,#4562,#4563,#4564,#4565,#4566,#4567,#4568),
  .UNSPECIFIED.,.F.,.F.,(9,7,7,7,7,9),(0.,0.307703965278,0.468093886443,
    0.634346534214,0.894552005562,1.),.UNSPECIFIED.);
#4532 = CARTESIAN_POINT('',(-0.939534939358,0.));
#4533 = CARTESIAN_POINT('',(-0.978331073569,-2.164451686143));
#4534 = CARTESIAN_POINT('',(-1.017429702789,-4.342632659327));
#4535 = CARTESIAN_POINT('',(-1.056835095096,-6.534424028506));
#4536 = CARTESIAN_POINT('',(-1.096553414449,-8.739728691033));
#4537 = CARTESIAN_POINT('',(-1.136592139374,-10.95845306986));
#4538 = CARTESIAN_POINT('',(-1.176960020073,-13.19047986308));
#4539 = CARTESIAN_POINT('',(-1.217667241494,-15.43563248657));
#4540 = CARTESIAN_POINT('',(-1.280126953488,-18.87060842438));
#4541 = CARTESIAN_POINT('',(-1.301624014179,-20.05108666237));
#4542 = CARTESIAN_POINT('',(-1.323218404182,-21.2350324104));
#4543 = CARTESIAN_POINT('',(-1.344912114882,-22.42241128946));
#4544 = CARTESIAN_POINT('',(-1.366707402519,-23.61318739357));
#4545 = CARTESIAN_POINT('',(-1.388606823809,-24.80732194732));
#4546 = CARTESIAN_POINT('',(-1.410613271556,-26.00477196359));
#4547 = CARTESIAN_POINT('',(-1.455655181297,-28.45009559858));
#4548 = CARTESIAN_POINT('',(-1.478698930235,-29.69821684324));
#4549 = CARTESIAN_POINT('',(-1.501864931184,-30.9497976609));
#4550 = CARTESIAN_POINT('',(-1.525157359367,-32.20478312346));
#4551 = CARTESIAN_POINT('',(-1.548581029966,-33.46311641184));
#4552 = CARTESIAN_POINT('',(-1.572141531845,-34.72473718201));
#4553 = CARTESIAN_POINT('',(-1.595845356195,-35.98958023407));
#4554 = CARTESIAN_POINT('',(-1.657035449852,-39.24213861619));
#4555 = CARTESIAN_POINT('',(-1.694740253938,-41.23441718132));
#4556 = CARTESIAN_POINT('',(-1.732843852285,-43.23415114999));
#4557 = CARTESIAN_POINT('',(-1.771381176049,-45.24107489151));
#4558 = CARTESIAN_POINT('',(-1.810399315079,-47.25489684532));
#4559 = CARTESIAN_POINT('',(-1.84994920955,-49.27531785168));
#4560 = CARTESIAN_POINT('',(-1.89010642846,-51.30199408241));
#4561 = CARTESIAN_POINT('',(-1.94746989919,-54.15845873419));
#4562 = CARTESIAN_POINT('',(-1.964121371128,-54.9831972586));
#4563 = CARTESIAN_POINT('',(-1.980885432666,-55.8089103261));
#4564 = CARTESIAN_POINT('',(-1.997765354071,-56.63558493209));
#4565 = CARTESIAN_POINT('',(-2.014762627505,-57.46320755327));
#4566 = CARTESIAN_POINT('',(-2.031876578648,-58.29176567834));
#4567 = CARTESIAN_POINT('',(-2.049101717913,-59.12125298229));
#4568 = CARTESIAN_POINT('',(-2.06641963928,-59.95168266237));
#4569 = ( GEOMETRIC_REPRESENTATION_CONTEXT(2) 
PARAMETRIC_REPRESENTATION_CONTEXT() REPRESENTATION_CONTEXT('2D SPACE',''
  ) );
#4570 = PCURVE('',#1560,#4571);
#4571 = DEFINITIONAL_REPRESENTATION('',(#4572),#4610);
#4572 = B_SPLINE_CURVE_WITH_KNOTS('',8,(#4573,#4574,#4575,#4576,#4577,
    #4578,#4579,#4580,#4581,#4582,#4583,#4584,#4585,#4586,#4587,#4588,
    #4589,#4590,#4591,#4592,#4593,#4594,#4595,#4596,#4597,#4598,#4599,
    #4600,#4601,#4602,#4603,#4604,#4605,#4606,#4607,#4608,#4609),
  .UNSPECIFIED.,.F.,.F.,(9,7,7,7,7,9),(0.,0.307703965278,0.468093886443,
    0.634346534214,0.894552005562,1.),.UNSPECIFIED.);
#4573 = CARTESIAN_POINT('',(1.077983009203,3.652549346191E-04));
#4574 = CARTESIAN_POINT('',(1.080182018588,4.234593695399E-02));
#4575 = CARTESIAN_POINT('',(1.08253677535,8.400126049993E-02));
#4576 = CARTESIAN_POINT('',(1.085066829979,0.125327304264));
#4577 = CARTESIAN_POINT('',(1.087794815057,0.166322239668));
#4578 = CARTESIAN_POINT('',(1.090748583254,0.206985684786));
#4579 = CARTESIAN_POINT('',(1.093962626684,0.247318380238));
#4580 = CARTESIAN_POINT('',(1.097480700139,0.2873219241));
#4581 = CARTESIAN_POINT('',(1.103384464818,0.347679515945));
#4582 = CARTESIAN_POINT('',(1.105505919162,0.36827203594));
#4583 = CARTESIAN_POINT('',(1.10773437034,0.388776235428));
#4584 = CARTESIAN_POINT('',(1.110079219468,0.409192640322));
#4585 = CARTESIAN_POINT('',(1.11255124486,0.429521915285));
#4586 = CARTESIAN_POINT('',(1.115163014673,0.449764849125));
#4587 = CARTESIAN_POINT('',(1.117929299551,0.469922340192));
#4588 = CARTESIAN_POINT('',(1.1239130704,0.510802152462));
#4589 = CARTESIAN_POINT('',(1.127143423572,0.5315182604));
#4590 = CARTESIAN_POINT('',(1.13057795871,0.552144801999));
#4591 = CARTESIAN_POINT('',(1.134239587492,0.572683089518));
#4592 = CARTESIAN_POINT('',(1.138155238851,0.593134628457));
#4593 = CARTESIAN_POINT('',(1.142357204527,0.613501099415));
#4594 = CARTESIAN_POINT('',(1.146885310691,0.633784344399));
#4595 = CARTESIAN_POINT('',(1.159466214651,0.685604947974));
#4596 = CARTESIAN_POINT('',(1.168065196591,0.717024475629));
#4597 = CARTESIAN_POINT('',(1.177777556038,0.748252803632));
#4598 = CARTESIAN_POINT('',(1.188872508079,0.779299122288));
#4599 = CARTESIAN_POINT('',(1.201683115228,0.810173727812));
#4600 = CARTESIAN_POINT('',(1.216777446056,0.840888166628));
#4601 = CARTESIAN_POINT('',(1.234892618678,0.87145485408));
#4602 = CARTESIAN_POINT('',(1.267031672195,0.914221954553));
#4603 = CARTESIAN_POINT('',(1.277080922442,0.926533314665));
#4604 = CARTESIAN_POINT('',(1.288027437386,0.938823819137));
#4605 = CARTESIAN_POINT('',(1.300013162601,0.951094501195));
#4606 = CARTESIAN_POINT('',(1.313221164036,0.963346388541));
#4607 = CARTESIAN_POINT('',(1.327885923596,0.97558051663));
#4608 = CARTESIAN_POINT('',(1.344324352167,0.987797971551));
#4609 = CARTESIAN_POINT('',(1.363013465952,1.));
#4610 = ( GEOMETRIC_REPRESENTATION_CONTEXT(2) 
PARAMETRIC_REPRESENTATION_CONTEXT() REPRESENTATION_CONTEXT('2D SPACE',''
  ) );
#4611 = ORIENTED_EDGE('',*,*,#1596,.T.);
#4612 = ORIENTED_EDGE('',*,*,#4613,.T.);
#4613 = EDGE_CURVE('',#1597,#4614,#4616,.T.);
#4614 = VERTEX_POINT('',#4615);
#4615 = CARTESIAN_POINT('',(-13.71701872001,6.139197442976,
    59.951682662373));
#4616 = SURFACE_CURVE('',#4617,(#4676,#4738),.PCURVE_S1.);
#4617 = B_SPLINE_CURVE_WITH_KNOTS('',8,(#4618,#4619,#4620,#4621,#4622,
    #4623,#4624,#4625,#4626,#4627,#4628,#4629,#4630,#4631,#4632,#4633,
    #4634,#4635,#4636,#4637,#4638,#4639,#4640,#4641,#4642,#4643,#4644,
    #4645,#4646,#4647,#4648,#4649,#4650,#4651,#4652,#4653,#4654,#4655,
    #4656,#4657,#4658,#4659,#4660,#4661,#4662,#4663,#4664,#4665,#4666,
    #4667,#4668,#4669,#4670,#4671,#4672,#4673,#4674,#4675),
  .UNSPECIFIED.,.F.,.F.,(9,7,7,7,7,7,7,7,9),(0.,0.21168149809,
    0.432249040015,0.662054071807,0.899739797598,0.921144248553,
    0.938304062609,0.964426805166,1.),.UNSPECIFIED.);
#4618 = CARTESIAN_POINT('',(-9.104909186083,49.164017621765,
    2.199163289407E-15));
#4619 = CARTESIAN_POINT('',(-10.18991071499,48.080172155607,
    1.488252247199));
#4620 = CARTESIAN_POINT('',(-11.22244909483,46.964975010817,
    2.983102779119));
#4621 = CARTESIAN_POINT('',(-12.20089214675,45.820882915326,
    4.484525037006));
#4622 = CARTESIAN_POINT('',(-13.12374007205,44.650478790379,
    5.992492831198));
#4623 = CARTESIAN_POINT('',(-13.98963194774,43.456467437091,
    7.506977396332));
#4624 = CARTESIAN_POINT('',(-14.79735522464,42.24167030904,
    9.027943323258));
#4625 = CARTESIAN_POINT('',(-15.54585822785,41.009019370897,
    10.555343367677));
#4626 = CARTESIAN_POINT('',(-16.95157131212,38.461713988733,
    13.687266013102));
#4627 = CARTESIAN_POINT('',(-17.60363756477,37.14577556017,
    15.292351326379));
#4628 = CARTESIAN_POINT('',(-18.1894694612,35.817171797362,
    16.904290011092));
#4629 = CARTESIAN_POINT('',(-18.70829066581,34.479442348885,
    18.523005293536));
#4630 = CARTESIAN_POINT('',(-19.15955326041,33.13621789808,
    20.148416361544));
#4631 = CARTESIAN_POINT('',(-19.54294921225,31.791205906213,
    21.780431887647));
#4632 = CARTESIAN_POINT('',(-19.8584235137,30.448173672662,
    23.418942404359));
#4633 = CARTESIAN_POINT('',(-20.36433102773,27.717679197766,
    26.777568681786));
#4634 = CARTESIAN_POINT('',(-20.54897803116,26.330690737861,
    28.498254039801));
#4635 = CARTESIAN_POINT('',(-20.66036524929,24.954275900896,
    30.225706431051));
#4636 = CARTESIAN_POINT('',(-20.69905385843,23.592764161597,
    31.959765803105));
#4637 = CARTESIAN_POINT('',(-20.66592785243,22.250479405004,
    33.700268438603));
#4638 = CARTESIAN_POINT('',(-20.56220639001,20.93170812996,
    35.447035369411));
#4639 = CARTESIAN_POINT('',(-20.3894563539,19.640660614593,
    37.199858303578));
#4640 = CARTESIAN_POINT('',(-19.901497662,17.079011164767,
    40.777425040431));
#4641 = CARTESIAN_POINT('',(-19.58159870505,15.810582863218,
    42.602636991396));
#4642 = CARTESIAN_POINT('',(-19.19200657324,14.580697073114,
    44.433812348397));
#4643 = CARTESIAN_POINT('',(-18.73523843146,13.393707024446,
    46.270657645476));
#4644 = CARTESIAN_POINT('',(-18.21419431173,12.253734573947,
    48.112885578609));
#4645 = CARTESIAN_POINT('',(-17.6321698642,11.164538981387,
    49.960183831532));
#4646 = CARTESIAN_POINT('',(-16.9928234917,10.129504390733,
    51.812207181516));
#4647 = CARTESIAN_POINT('',(-16.23795240477,9.063007463299,
    53.835620181841));
#4648 = CARTESIAN_POINT('',(-16.17515833675,8.975359215694,
    54.002816775645));
#4649 = CARTESIAN_POINT('',(-16.11193606519,8.888171993225,
    54.170047600743));
#4650 = CARTESIAN_POINT('',(-16.04828863908,8.801447523754,
    54.337312336882));
#4651 = CARTESIAN_POINT('',(-15.98421913927,8.715187464904,
    54.504610658974));
#4652 = CARTESIAN_POINT('',(-15.91973067855,8.629393404055,
    54.671942237096));
#4653 = CARTESIAN_POINT('',(-15.85482640159,8.544066858348,
    54.839306736489));
#4654 = CARTESIAN_POINT('',(-15.73714532262,8.391179482194,
    55.140905007333));
#4655 = CARTESIAN_POINT('',(-15.68451595232,8.323451092759,
    55.275127137694));
#4656 = CARTESIAN_POINT('',(-15.6316230109,8.256024851151,
    55.409370033552));
#4657 = CARTESIAN_POINT('',(-15.57846814991,8.188901465612,
    55.543633517333));
#4658 = CARTESIAN_POINT('',(-15.52505303551,8.122081607854,
    55.677917408985));
#4659 = CARTESIAN_POINT('',(-15.47137934854,8.055565913059,
    55.812221525971));
#4660 = CARTESIAN_POINT('',(-15.41744878447,7.989354979884,
    55.946545683273));
#4661 = CARTESIAN_POINT('',(-15.28077498581,7.823119887704,
    56.285404379801));
#4662 = CARTESIAN_POINT('',(-15.1976955842,7.723497951594,
    56.489965074277));
#4663 = CARTESIAN_POINT('',(-15.11403087507,7.624585577202,
    56.694571116464));
#4664 = CARTESIAN_POINT('',(-15.0297869778,7.526384516939,56.89922182843
    ));
#4665 = CARTESIAN_POINT('',(-14.94497010468,7.428896260544,
    57.103916514663));
#4666 = CARTESIAN_POINT('',(-14.85958656088,7.332122035088,
    57.308654462073));
#4667 = CARTESIAN_POINT('',(-14.7736427445,7.236062804969,57.51343493999
    ));
#4668 = CARTESIAN_POINT('',(-14.56935522077,7.010883207809,
    57.997178226603));
#4669 = CARTESIAN_POINT('',(-14.45053834685,6.882374300773,
    58.276176759436));
#4670 = CARTESIAN_POINT('',(-14.33071097127,6.755194170698,
    58.555250860806));
#4671 = CARTESIAN_POINT('',(-14.20988987236,6.629343399546,
    58.834398554796));
#4672 = CARTESIAN_POINT('',(-14.08809221909,6.504821321124,
    59.11361779628));
#4673 = CARTESIAN_POINT('',(-13.96533563004,6.381625810844,
    59.392906439785));
#4674 = CARTESIAN_POINT('',(-13.84163823222,6.259753075489,
    59.672262208349));
#4675 = CARTESIAN_POINT('',(-13.71701872001,6.139197442976,
    59.951682662373));
#4676 = PCURVE('',#910,#4677);
#4677 = DEFINITIONAL_REPRESENTATION('',(#4678),#4737);
#4678 = B_SPLINE_CURVE_WITH_KNOTS('',8,(#4679,#4680,#4681,#4682,#4683,
    #4684,#4685,#4686,#4687,#4688,#4689,#4690,#4691,#4692,#4693,#4694,
    #4695,#4696,#4697,#4698,#4699,#4700,#4701,#4702,#4703,#4704,#4705,
    #4706,#4707,#4708,#4709,#4710,#4711,#4712,#4713,#4714,#4715,#4716,
    #4717,#4718,#4719,#4720,#4721,#4722,#4723,#4724,#4725,#4726,#4727,
    #4728,#4729,#4730,#4731,#4732,#4733,#4734,#4735,#4736),
  .UNSPECIFIED.,.F.,.F.,(9,7,7,7,7,7,7,7,9),(0.,0.21168149809,
    0.432249040015,0.662054071807,0.899739797598,0.921144248553,
    0.938304062609,0.964426805166,1.),.UNSPECIFIED.);
#4679 = CARTESIAN_POINT('',(-1.753916219325,0.));
#4680 = CARTESIAN_POINT('',(-1.779200758856,-1.488252247199));
#4681 = CARTESIAN_POINT('',(-1.804571220549,-2.983102779119));
#4682 = CARTESIAN_POINT('',(-1.830024946228,-4.484525037006));
#4683 = CARTESIAN_POINT('',(-1.855559110174,-5.992492831198));
#4684 = CARTESIAN_POINT('',(-1.881170570735,-7.506977396332));
#4685 = CARTESIAN_POINT('',(-1.906855714299,-9.027943323258));
#4686 = CARTESIAN_POINT('',(-1.932610291646,-10.55534336767));
#4687 = CARTESIAN_POINT('',(-1.98533203928,-13.6872660131));
#4688 = CARTESIAN_POINT('',(-2.012305008465,-15.29235132637));
#4689 = CARTESIAN_POINT('',(-2.039342358256,-16.90429001109));
#4690 = CARTESIAN_POINT('',(-2.066437696123,-18.52300529353));
#4691 = CARTESIAN_POINT('',(-2.093583830555,-20.14841636154));
#4692 = CARTESIAN_POINT('',(-2.12077248096,-21.78043188764));
#4693 = CARTESIAN_POINT('',(-2.147993899869,-23.41894240435));
#4694 = CARTESIAN_POINT('',(-2.203619846224,-26.77756868178));
#4695 = CARTESIAN_POINT('',(-2.232026605851,-28.4982540398));
#4696 = CARTESIAN_POINT('',(-2.26044332736,-30.22570643105));
#4697 = CARTESIAN_POINT('',(-2.288855055229,-31.9597658031));
#4698 = CARTESIAN_POINT('',(-2.317244349004,-33.7002684386));
#4699 = CARTESIAN_POINT('',(-2.345590738288,-35.44703536941));
#4700 = CARTESIAN_POINT('',(-2.373869864058,-37.19985830357));
#4701 = CARTESIAN_POINT('',(-2.431199871135,-40.77742504043));
#4702 = CARTESIAN_POINT('',(-2.460245016656,-42.60263699139));
#4703 = CARTESIAN_POINT('',(-2.489153142968,-44.43381234838));
#4704 = CARTESIAN_POINT('',(-2.517886054158,-46.2706576455));
#4705 = CARTESIAN_POINT('',(-2.546396579542,-48.11288557858));
#4706 = CARTESIAN_POINT('',(-2.574634048444,-49.96018383154));
#4707 = CARTESIAN_POINT('',(-2.602530411116,-51.81220718151));
#4708 = CARTESIAN_POINT('',(-2.632510461077,-53.83562018184));
#4709 = CARTESIAN_POINT('',(-2.634984046805,-54.00281677564));
#4710 = CARTESIAN_POINT('',(-2.637454411644,-54.17004760074));
#4711 = CARTESIAN_POINT('',(-2.639921519777,-54.33731233688));
#4712 = CARTESIAN_POINT('',(-2.642385337224,-54.50461065897));
#4713 = CARTESIAN_POINT('',(-2.644845831843,-54.67194223709));
#4714 = CARTESIAN_POINT('',(-2.647302973324,-54.83930673648));
#4715 = CARTESIAN_POINT('',(-2.651723897092,-55.14090500733));
#4716 = CARTESIAN_POINT('',(-2.653688887976,-55.27512713769));
#4717 = CARTESIAN_POINT('',(-2.655651691205,-55.40937003355));
#4718 = CARTESIAN_POINT('',(-2.657612293516,-55.54363351733));
#4719 = CARTESIAN_POINT('',(-2.659570683025,-55.67791740898));
#4720 = CARTESIAN_POINT('',(-2.661526849225,-55.81222152597));
#4721 = CARTESIAN_POINT('',(-2.663480782989,-55.94654568327));
#4722 = CARTESIAN_POINT('',(-2.668403580378,-56.2854043798));
#4723 = CARTESIAN_POINT('',(-2.67136949543,-56.48996507427));
#4724 = CARTESIAN_POINT('',(-2.674330191131,-56.69457111646));
#4725 = CARTESIAN_POINT('',(-2.677285650591,-56.89922182843));
#4726 = CARTESIAN_POINT('',(-2.680235870626,-57.10391651466));
#4727 = CARTESIAN_POINT('',(-2.683180861753,-57.30865446207));
#4728 = CARTESIAN_POINT('',(-2.686120648193,-57.51343493999));
#4729 = CARTESIAN_POINT('',(-2.693051548025,-57.9971782266));
#4730 = CARTESIAN_POINT('',(-2.697038250186,-58.27617675943));
#4731 = CARTESIAN_POINT('',(-2.701015488326,-58.5552508608));
#4732 = CARTESIAN_POINT('',(-2.704983434179,-58.83439855479));
#4733 = CARTESIAN_POINT('',(-2.708942342508,-59.11361779628));
#4734 = CARTESIAN_POINT('',(-2.712892576381,-59.39290643978));
#4735 = CARTESIAN_POINT('',(-2.716834632443,-59.67226220834));
#4736 = CARTESIAN_POINT('',(-2.720769166191,-59.95168266237));
#4737 = ( GEOMETRIC_REPRESENTATION_CONTEXT(2) 
PARAMETRIC_REPRESENTATION_CONTEXT() REPRESENTATION_CONTEXT('2D SPACE',''
  ) );
#4738 = PCURVE('',#1640,#4739);
#4739 = DEFINITIONAL_REPRESENTATION('',(#4740),#4799);
#4740 = B_SPLINE_CURVE_WITH_KNOTS('',8,(#4741,#4742,#4743,#4744,#4745,
    #4746,#4747,#4748,#4749,#4750,#4751,#4752,#4753,#4754,#4755,#4756,
    #4757,#4758,#4759,#4760,#4761,#4762,#4763,#4764,#4765,#4766,#4767,
    #4768,#4769,#4770,#4771,#4772,#4773,#4774,#4775,#4776,#4777,#4778,
    #4779,#4780,#4781,#4782,#4783,#4784,#4785,#4786,#4787,#4788,#4789,
    #4790,#4791,#4792,#4793,#4794,#4795,#4796,#4797,#4798),
  .UNSPECIFIED.,.F.,.F.,(9,7,7,7,7,7,7,7,9),(0.,0.21168149809,
    0.432249040015,0.662054071807,0.899739797598,0.921144248553,
    0.938304062609,0.964426805166,1.),.UNSPECIFIED.);
#4741 = CARTESIAN_POINT('',(3.922016990832,3.652549477741E-04));
#4742 = CARTESIAN_POINT('',(3.920504979819,2.923069323745E-02));
#4743 = CARTESIAN_POINT('',(3.918919215696,5.794438934568E-02));
#4744 = CARTESIAN_POINT('',(3.917253341022,8.650523717549E-02));
#4745 = CARTESIAN_POINT('',(3.915500248712,0.11491249128));
#4746 = CARTESIAN_POINT('',(3.913651857141,0.143165687024));
#4747 = CARTESIAN_POINT('',(3.911698816515,0.171264571906));
#4748 = CARTESIAN_POINT('',(3.909630146527,0.199209048018));
#4749 = CARTESIAN_POINT('',(3.90514322323,0.25595578544));
#4750 = CARTESIAN_POINT('',(3.902713900357,0.284745115566));
#4751 = CARTESIAN_POINT('',(3.900130122886,0.31336703895));
#4752 = CARTESIAN_POINT('',(3.897374521414,0.341822013993));
#4753 = CARTESIAN_POINT('',(3.894426689387,0.370110965929));
#4754 = CARTESIAN_POINT('',(3.891262174491,0.398235211202));
#4755 = CARTESIAN_POINT('',(3.887850842941,0.426196374912));
#4756 = CARTESIAN_POINT('',(3.88030359046,0.482960503916));
#4757 = CARTESIAN_POINT('',(3.876143263967,0.511750120462));
#4758 = CARTESIAN_POINT('',(3.871630312241,0.54036709045));
#4759 = CARTESIAN_POINT('',(3.866712336482,0.568814224994));
#4760 = CARTESIAN_POINT('',(3.861323056424,0.59709506553));
#4761 = CARTESIAN_POINT('',(3.855378558181,0.625213759266));
#4762 = CARTESIAN_POINT('',(3.848767851956,0.653174915037));
#4763 = CARTESIAN_POINT('',(3.833639104189,0.70974552669));
#4764 = CARTESIAN_POINT('',(3.825062912653,0.738345330546));
#4765 = CARTESIAN_POINT('',(3.815426947994,0.766787634177));
#4766 = CARTESIAN_POINT('',(3.804490820183,0.795078627847));
#4767 = CARTESIAN_POINT('',(3.791949355177,0.823225675294));
#4768 = CARTESIAN_POINT('',(3.777316598643,0.851236733203));
#4769 = CARTESIAN_POINT('',(3.759939697404,0.879120280292));
#4770 = CARTESIAN_POINT('',(3.736487915187,0.909383157635));
#4771 = CARTESIAN_POINT('',(3.734516908646,0.911882316312));
#4772 = CARTESIAN_POINT('',(3.732511327384,0.914380504838));
#4773 = CARTESIAN_POINT('',(3.730470101685,0.916877728777));
#4774 = CARTESIAN_POINT('',(3.728392103586,0.919373993639));
#4775 = CARTESIAN_POINT('',(3.726276146868,0.921869304884));
#4776 = CARTESIAN_POINT('',(3.724120987066,0.924363667922));
#4777 = CARTESIAN_POINT('',(3.720165070114,0.928856047436));
#4778 = CARTESIAN_POINT('',(3.718378780027,0.930854400773));
#4779 = CARTESIAN_POINT('',(3.716565779153,0.932852150882));
#4780 = CARTESIAN_POINT('',(3.714725363245,0.934849300484));
#4781 = CARTESIAN_POINT('',(3.712856795844,0.936845852265));
#4782 = CARTESIAN_POINT('',(3.710959308284,0.938841808873));
#4783 = CARTESIAN_POINT('',(3.709032099693,0.940837172922));
#4784 = CARTESIAN_POINT('',(3.704093994027,0.945868633118));
#4785 = CARTESIAN_POINT('',(3.701042811909,0.94890395195));
#4786 = CARTESIAN_POINT('',(3.697917886493,0.951937912623));
#4787 = CARTESIAN_POINT('',(3.694716067599,0.954970523943));
#4788 = CARTESIAN_POINT('',(3.691433959012,0.958001794377));
#4789 = CARTESIAN_POINT('',(3.688067918477,0.961031732057));
#4790 = CARTESIAN_POINT('',(3.684614057705,0.964060344781));
#4791 = CARTESIAN_POINT('',(3.676239653661,0.971210123038));
#4792 = CARTESIAN_POINT('',(3.671240504668,0.975330163199));
#4793 = CARTESIAN_POINT('',(3.666060167633,0.979447778416));
#4794 = CARTESIAN_POINT('',(3.660687035313,0.983562985651));
#4795 = CARTESIAN_POINT('',(3.655108278263,0.987675800182));
#4796 = CARTESIAN_POINT('',(3.649309602109,0.991786234884));
#4797 = CARTESIAN_POINT('',(3.643275004832,0.995894299516));
#4798 = CARTESIAN_POINT('',(3.636986534048,1.));
#4799 = ( GEOMETRIC_REPRESENTATION_CONTEXT(2) 
PARAMETRIC_REPRESENTATION_CONTEXT() REPRESENTATION_CONTEXT('2D SPACE',''
  ) );
#4800 = ORIENTED_EDGE('',*,*,#4801,.T.);
#4801 = EDGE_CURVE('',#4614,#894,#4802,.T.);
#4802 = SURFACE_CURVE('',#4803,(#4808,#4818),.PCURVE_S1.);
#4803 = ELLIPSE('',#4804,26.322525453694,21.380020186097);
#4804 = AXIS2_PLACEMENT_3D('',#4805,#4806,#4807);
#4805 = CARTESIAN_POINT('',(7.393115918451,-2.280474244126,
    46.736842105263));
#4806 = DIRECTION('',(0.481485449614,-0.148518592009,0.863778900898));
#4807 = DIRECTION('',(0.82540362791,-0.254603300587,-0.503871025524));
#4808 = PCURVE('',#910,#4809);
#4809 = DEFINITIONAL_REPRESENTATION('',(#4810),#4817);
#4810 = B_SPLINE_CURVE_WITH_KNOTS('',5,(#4811,#4812,#4813,#4814,#4815,
    #4816),.UNSPECIFIED.,.F.,.F.,(6,6),(2.939966367235,3.14159265359),
  .PIECEWISE_BEZIER_KNOTS.);
#4811 = CARTESIAN_POINT('',(-2.556004471991,-59.73131745037));
#4812 = CARTESIAN_POINT('',(-2.612887106297,-59.83842613014));
#4813 = CARTESIAN_POINT('',(-2.670062840725,-59.91912151297));
#4814 = CARTESIAN_POINT('',(-2.727439372736,-59.9730405634));
#4815 = CARTESIAN_POINT('',(-2.784916365617,-60.));
#4816 = CARTESIAN_POINT('',(-2.842393353248,-60.));
#4817 = ( GEOMETRIC_REPRESENTATION_CONTEXT(2) 
PARAMETRIC_REPRESENTATION_CONTEXT() REPRESENTATION_CONTEXT('2D SPACE',''
  ) );
#4818 = PCURVE('',#3763,#4819);
#4819 = DEFINITIONAL_REPRESENTATION('',(#4820),#4824);
#4820 = ELLIPSE('',#4821,26.322525453694,21.380020186097);
#4821 = AXIS2_PLACEMENT_2D('',#4822,#4823);
#4822 = CARTESIAN_POINT('',(-20.62348889482,11.101099015103));
#4823 = DIRECTION('',(-0.920330918458,0.391140640345));
#4824 = ( GEOMETRIC_REPRESENTATION_CONTEXT(2) 
PARAMETRIC_REPRESENTATION_CONTEXT() REPRESENTATION_CONTEXT('2D SPACE',''
  ) );
#4825 = ADVANCED_FACE('',(#4826),#1034,.F.);
#4826 = FACE_BOUND('',#4827,.T.);
#4827 = EDGE_LOOP('',(#4828,#4849,#4850,#4851));
#4828 = ORIENTED_EDGE('',*,*,#4829,.T.);
#4829 = EDGE_CURVE('',#2446,#1018,#4830,.T.);
#4830 = SEAM_CURVE('',#4831,(#4835,#4842),.PCURVE_S1.);
#4831 = LINE('',#4832,#4833);
#4832 = CARTESIAN_POINT('',(7.5,0.,0.));
#4833 = VECTOR('',#4834,1.);
#4834 = DIRECTION('',(0.,0.,1.));
#4835 = PCURVE('',#1034,#4836);
#4836 = DEFINITIONAL_REPRESENTATION('',(#4837),#4841);
#4837 = LINE('',#4838,#4839);
#4838 = CARTESIAN_POINT('',(-0.,0.));
#4839 = VECTOR('',#4840,1.);
#4840 = DIRECTION('',(-0.,-1.));
#4841 = ( GEOMETRIC_REPRESENTATION_CONTEXT(2) 
PARAMETRIC_REPRESENTATION_CONTEXT() REPRESENTATION_CONTEXT('2D SPACE',''
  ) );
#4842 = PCURVE('',#1034,#4843);
#4843 = DEFINITIONAL_REPRESENTATION('',(#4844),#4848);
#4844 = LINE('',#4845,#4846);
#4845 = CARTESIAN_POINT('',(-6.28318530718,0.));
#4846 = VECTOR('',#4847,1.);
#4847 = DIRECTION('',(-0.,-1.));
#4848 = ( GEOMETRIC_REPRESENTATION_CONTEXT(2) 
PARAMETRIC_REPRESENTATION_CONTEXT() REPRESENTATION_CONTEXT('2D SPACE',''
  ) );
#4849 = ORIENTED_EDGE('',*,*,#1017,.T.);
#4850 = ORIENTED_EDGE('',*,*,#4829,.F.);
#4851 = ORIENTED_EDGE('',*,*,#2445,.F.);
#4852 = ADVANCED_FACE('',(#4853),#1133,.F.);
#4853 = FACE_BOUND('',#4854,.F.);
#4854 = EDGE_LOOP('',(#4855,#4888,#4909,#4940,#4941,#4942));
#4855 = ORIENTED_EDGE('',*,*,#4856,.F.);
#4856 = EDGE_CURVE('',#4857,#2253,#4859,.T.);
#4857 = VERTEX_POINT('',#4858);
#4858 = CARTESIAN_POINT('',(31.23975577293,-35.72508243356,
    -1.511613076572));
#4859 = SURFACE_CURVE('',#4860,(#4874,#4881),.PCURVE_S1.);
#4860 = ( BOUNDED_CURVE() B_SPLINE_CURVE(7,(#4861,#4862,#4863,#4864,
    #4865,#4866,#4867,#4868,#4869,#4870,#4871,#4872,#4873),
.UNSPECIFIED.,.F.,.F.) B_SPLINE_CURVE_WITH_KNOTS((8,5,8),(0.,
0.535767911908,1.),.UNSPECIFIED.) CURVE() GEOMETRIC_REPRESENTATION_ITEM(
) RATIONAL_B_SPLINE_CURVE((1.,1.,1.,1.,1.,1.,1.,1.,1.,1.,1.,1.,1.)) 
REPRESENTATION_ITEM('') );
#4861 = CARTESIAN_POINT('',(31.23975577293,-35.72508243356,
    -1.511613076572));
#4862 = CARTESIAN_POINT('',(32.265137739028,-31.77337079402,
    2.434944542848));
#4863 = CARTESIAN_POINT('',(32.855260332582,-27.75089023398,
    6.485104096032));
#4864 = CARTESIAN_POINT('',(32.982177202574,-23.71330047459,
    10.644750658568));
#4865 = CARTESIAN_POINT('',(32.62448156848,-19.72778516482,
    14.919677667479));
#4866 = CARTESIAN_POINT('',(31.770732891651,-15.87348579838,
    19.315158348092));
#4867 = CARTESIAN_POINT('',(29.264385300657,-9.097240141958,
    27.751131872906));
#4868 = CARTESIAN_POINT('',(25.174307412372,-3.435825171038,
    36.618847148103));
#4869 = CARTESIAN_POINT('',(22.956640658045,-1.110500157867,
    40.828376737379));
#4870 = CARTESIAN_POINT('',(20.457889210337,0.847460330225,
    45.128294556526));
#4871 = CARTESIAN_POINT('',(17.73520126965,2.375705447717,49.51287457648
    ));
#4872 = CARTESIAN_POINT('',(14.868593488952,3.426027624188,
    53.971279776406));
#4873 = CARTESIAN_POINT('',(11.949627908344,3.975401574431,
    58.488386923428));
#4874 = PCURVE('',#1133,#4875);
#4875 = DEFINITIONAL_REPRESENTATION('',(#4876),#4880);
#4876 = LINE('',#4877,#4878);
#4877 = CARTESIAN_POINT('',(1.,0.));
#4878 = VECTOR('',#4879,1.);
#4879 = DIRECTION('',(0.,1.));
#4880 = ( GEOMETRIC_REPRESENTATION_CONTEXT(2) 
PARAMETRIC_REPRESENTATION_CONTEXT() REPRESENTATION_CONTEXT('2D SPACE',''
  ) );
#4881 = PCURVE('',#1280,#4882);
#4882 = DEFINITIONAL_REPRESENTATION('',(#4883),#4887);
#4883 = LINE('',#4884,#4885);
#4884 = CARTESIAN_POINT('',(1.,0.));
#4885 = VECTOR('',#4886,1.);
#4886 = DIRECTION('',(0.,1.));
#4887 = ( GEOMETRIC_REPRESENTATION_CONTEXT(2) 
PARAMETRIC_REPRESENTATION_CONTEXT() REPRESENTATION_CONTEXT('2D SPACE',''
  ) );
#4888 = ORIENTED_EDGE('',*,*,#4889,.T.);
#4889 = EDGE_CURVE('',#4857,#4890,#4892,.T.);
#4890 = VERTEX_POINT('',#4891);
#4891 = CARTESIAN_POINT('',(51.001286198004,-61.94874572256,
    17.635485893343));
#4892 = SURFACE_CURVE('',#4893,(#4896,#4903),.PCURVE_S1.);
#4893 = B_SPLINE_CURVE_WITH_KNOTS('',1,(#4894,#4895),.UNSPECIFIED.,.F.,
  .F.,(2,2),(1.,2.),.PIECEWISE_BEZIER_KNOTS.);
#4894 = CARTESIAN_POINT('',(31.23975577293,-35.72508243356,
    -1.511613076572));
#4895 = CARTESIAN_POINT('',(51.001286198004,-61.94874572256,
    17.635485893343));
#4896 = PCURVE('',#1133,#4897);
#4897 = DEFINITIONAL_REPRESENTATION('',(#4898),#4902);
#4898 = LINE('',#4899,#4900);
#4899 = CARTESIAN_POINT('',(0.,0.));
#4900 = VECTOR('',#4901,1.);
#4901 = DIRECTION('',(1.,0.));
#4902 = ( GEOMETRIC_REPRESENTATION_CONTEXT(2) 
PARAMETRIC_REPRESENTATION_CONTEXT() REPRESENTATION_CONTEXT('2D SPACE',''
  ) );
#4903 = PCURVE('',#1243,#4904);
#4904 = DEFINITIONAL_REPRESENTATION('',(#4905),#4908);
#4905 = B_SPLINE_CURVE_WITH_KNOTS('',1,(#4906,#4907),.UNSPECIFIED.,.F.,
  .F.,(2,2),(1.,2.),.PIECEWISE_BEZIER_KNOTS.);
#4906 = CARTESIAN_POINT('',(0.383206014205,4.282890746993));
#4907 = CARTESIAN_POINT('',(38.151802054425,-1.7763568394E-15));
#4908 = ( GEOMETRIC_REPRESENTATION_CONTEXT(2) 
PARAMETRIC_REPRESENTATION_CONTEXT() REPRESENTATION_CONTEXT('2D SPACE',''
  ) );
#4909 = ORIENTED_EDGE('',*,*,#4910,.T.);
#4910 = EDGE_CURVE('',#4890,#1072,#4911,.T.);
#4911 = SURFACE_CURVE('',#4912,(#4926,#4933),.PCURVE_S1.);
#4912 = ( BOUNDED_CURVE() B_SPLINE_CURVE(7,(#4913,#4914,#4915,#4916,
    #4917,#4918,#4919,#4920,#4921,#4922,#4923,#4924,#4925),
.UNSPECIFIED.,.F.,.F.) B_SPLINE_CURVE_WITH_KNOTS((8,5,8),(0.,
0.535767911908,1.),.UNSPECIFIED.) CURVE() GEOMETRIC_REPRESENTATION_ITEM(
) RATIONAL_B_SPLINE_CURVE((1.,1.,1.,1.,1.,1.,1.,1.,1.,1.,1.,1.,1.)) 
REPRESENTATION_ITEM('') );
#4913 = CARTESIAN_POINT('',(51.001286198004,-61.94874572256,
    17.635485893343));
#4914 = CARTESIAN_POINT('',(52.770238158741,-55.30323530334,
    20.587765495266));
#4915 = CARTESIAN_POINT('',(53.799904619076,-48.54190249505,
    23.617546024666));
#4916 = CARTESIAN_POINT('',(54.043508078485,-41.76028730171,
    26.729229897532));
#4917 = CARTESIAN_POINT('',(53.465699281385,-35.07354408841,
    29.927150978463));
#4918 = CARTESIAN_POINT('',(52.048436708182,-28.61711445106,
    33.215253979951));
#4919 = CARTESIAN_POINT('',(47.862061457992,-17.29127603039,
    39.525906189156));
#4920 = CARTESIAN_POINT('',(41.011493356467,-7.888797890238,
    46.159529069457));
#4921 = CARTESIAN_POINT('',(37.296650183025,-4.044928816628,
    49.308528663189));
#4922 = CARTESIAN_POINT('',(33.11326890931,-0.831513196702,
    52.525144481709));
#4923 = CARTESIAN_POINT('',(28.560405259398,1.646137254065,
    55.805093086111));
#4924 = CARTESIAN_POINT('',(23.775919249763,3.307474248927,
    59.140267685882));
#4925 = CARTESIAN_POINT('',(18.916815581913,4.115370349749,
    62.51935512762));
#4926 = PCURVE('',#1133,#4927);
#4927 = DEFINITIONAL_REPRESENTATION('',(#4928),#4932);
#4928 = LINE('',#4929,#4930);
#4929 = CARTESIAN_POINT('',(2.,0.));
#4930 = VECTOR('',#4931,1.);
#4931 = DIRECTION('',(0.,1.));
#4932 = ( GEOMETRIC_REPRESENTATION_CONTEXT(2) 
PARAMETRIC_REPRESENTATION_CONTEXT() REPRESENTATION_CONTEXT('2D SPACE',''
  ) );
#4933 = PCURVE('',#1085,#4934);
#4934 = DEFINITIONAL_REPRESENTATION('',(#4935),#4939);
#4935 = LINE('',#4936,#4937);
#4936 = CARTESIAN_POINT('',(2.,0.));
#4937 = VECTOR('',#4938,1.);
#4938 = DIRECTION('',(0.,1.));
#4939 = ( GEOMETRIC_REPRESENTATION_CONTEXT(2) 
PARAMETRIC_REPRESENTATION_CONTEXT() REPRESENTATION_CONTEXT('2D SPACE',''
  ) );
#4940 = ORIENTED_EDGE('',*,*,#1119,.F.);
#4941 = ORIENTED_EDGE('',*,*,#2967,.T.);
#4942 = ORIENTED_EDGE('',*,*,#2281,.T.);
#4943 = ADVANCED_FACE('',(#4944),#1085,.F.);
#4944 = FACE_BOUND('',#4945,.F.);
#4945 = EDGE_LOOP('',(#4946,#4965,#4966,#4967));
#4946 = ORIENTED_EDGE('',*,*,#4947,.T.);
#4947 = EDGE_CURVE('',#4890,#1196,#4948,.T.);
#4948 = SURFACE_CURVE('',#4949,(#4952,#4959),.PCURVE_S1.);
#4949 = B_SPLINE_CURVE_WITH_KNOTS('',1,(#4950,#4951),.UNSPECIFIED.,.F.,
  .F.,(2,2),(2.,3.),.PIECEWISE_BEZIER_KNOTS.);
#4950 = CARTESIAN_POINT('',(51.001286198004,-61.94874572256,
    17.635485893343));
#4951 = CARTESIAN_POINT('',(49.046707491834,-63.50747022721,
    17.635485893343));
#4952 = PCURVE('',#1085,#4953);
#4953 = DEFINITIONAL_REPRESENTATION('',(#4954),#4958);
#4954 = LINE('',#4955,#4956);
#4955 = CARTESIAN_POINT('',(0.,0.));
#4956 = VECTOR('',#4957,1.);
#4957 = DIRECTION('',(1.,0.));
#4958 = ( GEOMETRIC_REPRESENTATION_CONTEXT(2) 
PARAMETRIC_REPRESENTATION_CONTEXT() REPRESENTATION_CONTEXT('2D SPACE',''
  ) );
#4959 = PCURVE('',#1243,#4960);
#4960 = DEFINITIONAL_REPRESENTATION('',(#4961),#4964);
#4961 = B_SPLINE_CURVE_WITH_KNOTS('',1,(#4962,#4963),.UNSPECIFIED.,.F.,
  .F.,(2,2),(2.,3.),.PIECEWISE_BEZIER_KNOTS.);
#4962 = CARTESIAN_POINT('',(38.151802054425,-1.7763568394E-15));
#4963 = CARTESIAN_POINT('',(37.92900786012,-2.49005275988));
#4964 = ( GEOMETRIC_REPRESENTATION_CONTEXT(2) 
PARAMETRIC_REPRESENTATION_CONTEXT() REPRESENTATION_CONTEXT('2D SPACE',''
  ) );
#4965 = ORIENTED_EDGE('',*,*,#1195,.T.);
#4966 = ORIENTED_EDGE('',*,*,#1071,.F.);
#4967 = ORIENTED_EDGE('',*,*,#4910,.F.);
#4968 = ADVANCED_FACE('',(#4969),#1280,.F.);
#4969 = FACE_BOUND('',#4970,.F.);
#4970 = EDGE_LOOP('',(#4971,#4972,#4991,#4992));
#4971 = ORIENTED_EDGE('',*,*,#1254,.F.);
#4972 = ORIENTED_EDGE('',*,*,#4973,.T.);
#4973 = EDGE_CURVE('',#1229,#4857,#4974,.T.);
#4974 = SURFACE_CURVE('',#4975,(#4978,#4985),.PCURVE_S1.);
#4975 = B_SPLINE_CURVE_WITH_KNOTS('',1,(#4976,#4977),.UNSPECIFIED.,.F.,
  .F.,(2,2),(0.,1.),.PIECEWISE_BEZIER_KNOTS.);
#4976 = CARTESIAN_POINT('',(27.877880398318,-38.40608858155,
    -1.511613076572));
#4977 = CARTESIAN_POINT('',(31.23975577293,-35.72508243356,
    -1.511613076572));
#4978 = PCURVE('',#1280,#4979);
#4979 = DEFINITIONAL_REPRESENTATION('',(#4980),#4984);
#4980 = LINE('',#4981,#4982);
#4981 = CARTESIAN_POINT('',(0.,0.));
#4982 = VECTOR('',#4983,1.);
#4983 = DIRECTION('',(1.,0.));
#4984 = ( GEOMETRIC_REPRESENTATION_CONTEXT(2) 
PARAMETRIC_REPRESENTATION_CONTEXT() REPRESENTATION_CONTEXT('2D SPACE',''
  ) );
#4985 = PCURVE('',#1243,#4986);
#4986 = DEFINITIONAL_REPRESENTATION('',(#4987),#4990);
#4987 = B_SPLINE_CURVE_WITH_KNOTS('',1,(#4988,#4989),.UNSPECIFIED.,.F.,
  .F.,(2,2),(0.,1.),.PIECEWISE_BEZIER_KNOTS.);
#4988 = CARTESIAN_POINT('',(0.,0.));
#4989 = CARTESIAN_POINT('',(0.383206014205,4.282890746993));
#4990 = ( GEOMETRIC_REPRESENTATION_CONTEXT(2) 
PARAMETRIC_REPRESENTATION_CONTEXT() REPRESENTATION_CONTEXT('2D SPACE',''
  ) );
#4991 = ORIENTED_EDGE('',*,*,#4856,.T.);
#4992 = ORIENTED_EDGE('',*,*,#2252,.T.);
#4993 = ADVANCED_FACE('',(#4994),#1243,.F.);
#4994 = FACE_BOUND('',#4995,.F.);
#4995 = EDGE_LOOP('',(#4996,#4997,#4998,#4999));
#4996 = ORIENTED_EDGE('',*,*,#4973,.F.);
#4997 = ORIENTED_EDGE('',*,*,#1228,.F.);
#4998 = ORIENTED_EDGE('',*,*,#4947,.F.);
#4999 = ORIENTED_EDGE('',*,*,#4889,.F.);
#5000 = ADVANCED_FACE('',(#5001),#1368,.F.);
#5001 = FACE_BOUND('',#5002,.F.);
#5002 = EDGE_LOOP('',(#5003,#5036,#5062,#5122,#5141,#5142));
#5003 = ORIENTED_EDGE('',*,*,#5004,.F.);
#5004 = EDGE_CURVE('',#5005,#1349,#5007,.T.);
#5005 = VERTEX_POINT('',#5006);
#5006 = CARTESIAN_POINT('',(47.408663297305,2.15,-1.511613076572));
#5007 = SURFACE_CURVE('',#5008,(#5022,#5029),.PCURVE_S1.);
#5008 = ( BOUNDED_CURVE() B_SPLINE_CURVE(7,(#5009,#5010,#5011,#5012,
    #5013,#5014,#5015,#5016,#5017,#5018,#5019,#5020,#5021),
.UNSPECIFIED.,.F.,.F.) B_SPLINE_CURVE_WITH_KNOTS((8,5,8),(0.,
0.535767911908,1.),.UNSPECIFIED.) CURVE() GEOMETRIC_REPRESENTATION_ITEM(
) RATIONAL_B_SPLINE_CURVE((1.,1.,1.,1.,1.,1.,1.,1.,1.,1.,1.,1.,1.)) 
REPRESENTATION_ITEM('') );
#5009 = CARTESIAN_POINT('',(47.408663297305,2.15,-1.511613076572));
#5010 = CARTESIAN_POINT('',(44.958405926751,5.415527809793,
    2.434944542848));
#5011 = CARTESIAN_POINT('',(42.181439406214,8.384879839298,6.48510409603
    ));
#5012 = CARTESIAN_POINT('',(39.103855993177,11.001503482999,
    10.644750658572));
#5013 = CARTESIAN_POINT('',(35.764835070088,13.206773925903,
    14.919677667475));
#5014 = CARTESIAN_POINT('',(32.21911888921,14.942402680537,
    19.315158348094));
#5015 = CARTESIAN_POINT('',(25.358554539176,17.207781289554,
    27.751131872904));
#5016 = CARTESIAN_POINT('',(18.382160227446,17.539864129211,
    36.618847148106));
#5017 = CARTESIAN_POINT('',(15.18145531993,17.255838874768,
    40.828376737371));
#5018 = CARTESIAN_POINT('',(12.092714123891,16.523004722865,
    45.128294556537));
#5019 = CARTESIAN_POINT('',(9.200315813443,15.347166819388,
    49.512874576472));
#5020 = CARTESIAN_POINT('',(6.59184015195,13.760827774251,
    53.971279776409));
#5021 = CARTESIAN_POINT('',(4.342377030516,11.821217642473,
    58.488386923428));
#5022 = PCURVE('',#1368,#5023);
#5023 = DEFINITIONAL_REPRESENTATION('',(#5024),#5028);
#5024 = LINE('',#5025,#5026);
#5025 = CARTESIAN_POINT('',(1.,0.));
#5026 = VECTOR('',#5027,1.);
#5027 = DIRECTION('',(0.,1.));
#5028 = ( GEOMETRIC_REPRESENTATION_CONTEXT(2) 
PARAMETRIC_REPRESENTATION_CONTEXT() REPRESENTATION_CONTEXT('2D SPACE',''
  ) );
#5029 = PCURVE('',#2407,#5030);
#5030 = DEFINITIONAL_REPRESENTATION('',(#5031),#5035);
#5031 = LINE('',#5032,#5033);
#5032 = CARTESIAN_POINT('',(1.,0.));
#5033 = VECTOR('',#5034,1.);
#5034 = DIRECTION('',(0.,1.));
#5035 = ( GEOMETRIC_REPRESENTATION_CONTEXT(2) 
PARAMETRIC_REPRESENTATION_CONTEXT() REPRESENTATION_CONTEXT('2D SPACE',''
  ) );
#5036 = ORIENTED_EDGE('',*,*,#5037,.T.);
#5037 = EDGE_CURVE('',#5005,#5038,#5040,.T.);
#5038 = VERTEX_POINT('',#5039);
#5039 = CARTESIAN_POINT('',(80.232261531445,1.25,17.635485893343));
#5040 = SURFACE_CURVE('',#5041,(#5044,#5051),.PCURVE_S1.);
#5041 = B_SPLINE_CURVE_WITH_KNOTS('',1,(#5042,#5043),.UNSPECIFIED.,.F.,
  .F.,(2,2),(1.,2.),.PIECEWISE_BEZIER_KNOTS.);
#5042 = CARTESIAN_POINT('',(47.408663297305,2.15,-1.511613076572));
#5043 = CARTESIAN_POINT('',(80.232261531445,1.25,17.635485893343));
#5044 = PCURVE('',#1368,#5045);
#5045 = DEFINITIONAL_REPRESENTATION('',(#5046),#5050);
#5046 = LINE('',#5047,#5048);
#5047 = CARTESIAN_POINT('',(0.,0.));
#5048 = VECTOR('',#5049,1.);
#5049 = DIRECTION('',(1.,0.));
#5050 = ( GEOMETRIC_REPRESENTATION_CONTEXT(2) 
PARAMETRIC_REPRESENTATION_CONTEXT() REPRESENTATION_CONTEXT('2D SPACE',''
  ) );
#5051 = PCURVE('',#5052,#5057);
#5052 = PLANE('',#5053);
#5053 = AXIS2_PLACEMENT_3D('',#5054,#5055,#5056);
#5054 = CARTESIAN_POINT('',(47.408663297305,-2.15,-1.511613076572));
#5055 = DIRECTION('',(-0.503871025524,0.,0.863778900898));
#5056 = DIRECTION('',(0.860342014443,8.911767772201E-02,0.501866175092)
  );
#5057 = DEFINITIONAL_REPRESENTATION('',(#5058),#5061);
#5058 = B_SPLINE_CURVE_WITH_KNOTS('',1,(#5059,#5060),.UNSPECIFIED.,.F.,
  .F.,(2,2),(1.,2.),.PIECEWISE_BEZIER_KNOTS.);
#5059 = CARTESIAN_POINT('',(0.383206014205,4.282890746993));
#5060 = CARTESIAN_POINT('',(38.151802054425,-8.881784197001E-16));
#5061 = ( GEOMETRIC_REPRESENTATION_CONTEXT(2) 
PARAMETRIC_REPRESENTATION_CONTEXT() REPRESENTATION_CONTEXT('2D SPACE',''
  ) );
#5062 = ORIENTED_EDGE('',*,*,#5063,.T.);
#5063 = EDGE_CURVE('',#5038,#5064,#5066,.T.);
#5064 = VERTEX_POINT('',#5065);
#5065 = CARTESIAN_POINT('',(8.576915497516,17.355653413922,
    62.51935512762));
#5066 = SURFACE_CURVE('',#5067,(#5081,#5088),.PCURVE_S1.);
#5067 = ( BOUNDED_CURVE() B_SPLINE_CURVE(7,(#5068,#5069,#5070,#5071,
    #5072,#5073,#5074,#5075,#5076,#5077,#5078,#5079,#5080),
.UNSPECIFIED.,.F.,.F.) B_SPLINE_CURVE_WITH_KNOTS((8,5,8),(0.,
0.535767911908,1.),.UNSPECIFIED.) CURVE() GEOMETRIC_REPRESENTATION_ITEM(
) RATIONAL_B_SPLINE_CURVE((1.,1.,1.,1.,1.,1.,1.,1.,1.,1.,1.,1.,1.)) 
REPRESENTATION_ITEM('') );
#5068 = CARTESIAN_POINT('',(80.232261531445,1.25,17.635485893343));
#5069 = CARTESIAN_POINT('',(76.139515776143,6.776430308414,
    20.587765495271));
#5070 = CARTESIAN_POINT('',(71.495279460446,11.797078016465,
    23.617546024649));
#5071 = CARTESIAN_POINT('',(66.345083473062,16.215802783491,
    26.729229897559));
#5072 = CARTESIAN_POINT('',(60.756919221196,19.933169876162,
    29.927150978439));
#5073 = CARTESIAN_POINT('',(54.825430505491,22.850627412849,
    33.215253979961));
#5074 = CARTESIAN_POINT('',(43.360371187584,26.639132197593,
    39.525906189144));
#5075 = CARTESIAN_POINT('',(31.737958416182,27.145491615633,
    46.159529069467));
#5076 = CARTESIAN_POINT('',(26.416533725764,26.637723437257,
    49.308528663162));
#5077 = CARTESIAN_POINT('',(21.295888666457,25.370556122492,
    52.525144481742));
#5078 = CARTESIAN_POINT('',(16.520119486479,23.355773774201,
    55.805093086089));
#5079 = CARTESIAN_POINT('',(12.238155686785,20.650938658202,
    59.140267685889));
#5080 = CARTESIAN_POINT('',(8.576915497516,17.355653413922,
    62.51935512762));
#5081 = PCURVE('',#1368,#5082);
#5082 = DEFINITIONAL_REPRESENTATION('',(#5083),#5087);
#5083 = LINE('',#5084,#5085);
#5084 = CARTESIAN_POINT('',(2.,0.));
#5085 = VECTOR('',#5086,1.);
#5086 = DIRECTION('',(0.,1.));
#5087 = ( GEOMETRIC_REPRESENTATION_CONTEXT(2) 
PARAMETRIC_REPRESENTATION_CONTEXT() REPRESENTATION_CONTEXT('2D SPACE',''
  ) );
#5088 = PCURVE('',#5089,#5116);
#5089 = ( BOUNDED_SURFACE() B_SPLINE_SURFACE(1,7,(
    (#5090,#5091,#5092,#5093,#5094,#5095,#5096,#5097,#5098,#5099,#5100
      ,#5101,#5102)
    ,(#5103,#5104,#5105,#5106,#5107,#5108,#5109,#5110,#5111,#5112,#5113
      ,#5114,#5115
)),.UNSPECIFIED.,.F.,.F.,.F.) B_SPLINE_SURFACE_WITH_KNOTS((2,2),(8,5,8),
  (2.,3.),(0.,0.535767911908,1.),.UNSPECIFIED.) 
GEOMETRIC_REPRESENTATION_ITEM() RATIONAL_B_SPLINE_SURFACE((
    (1.,1.,1.,1.,1.,1.,1.,1.,1.,1.,1.,1.,1.)
,(1.,1.,1.,1.,1.,1.,1.,1.,1.,1.,1.,1.,1.
))) REPRESENTATION_ITEM('') SURFACE() );
#5090 = CARTESIAN_POINT('',(80.232261531445,1.25,17.635485893343));
#5091 = CARTESIAN_POINT('',(76.139515776143,6.776430308414,
    20.587765495271));
#5092 = CARTESIAN_POINT('',(71.495279460446,11.797078016465,
    23.617546024649));
#5093 = CARTESIAN_POINT('',(66.345083473062,16.215802783491,
    26.729229897559));
#5094 = CARTESIAN_POINT('',(60.756919221196,19.933169876162,
    29.927150978439));
#5095 = CARTESIAN_POINT('',(54.825430505491,22.850627412849,
    33.215253979961));
#5096 = CARTESIAN_POINT('',(43.360371187584,26.639132197593,
    39.525906189144));
#5097 = CARTESIAN_POINT('',(31.737958416182,27.145491615633,
    46.159529069467));
#5098 = CARTESIAN_POINT('',(26.416533725764,26.637723437257,
    49.308528663162));
#5099 = CARTESIAN_POINT('',(21.295888666457,25.370556122492,
    52.525144481742));
#5100 = CARTESIAN_POINT('',(16.520119486479,23.355773774201,
    55.805093086089));
#5101 = CARTESIAN_POINT('',(12.238155686785,20.650938658202,
    59.140267685889));
#5102 = CARTESIAN_POINT('',(8.576915497516,17.355653413922,
    62.51935512762));
#5103 = CARTESIAN_POINT('',(80.232261531445,-1.25,17.635485893343));
#5104 = CARTESIAN_POINT('',(76.311716981162,4.276430330367,
    20.587765495271));
#5105 = CARTESIAN_POINT('',(71.844201563061,9.3109160925,23.617546024649
    ));
#5106 = CARTESIAN_POINT('',(66.874171493285,13.758625240467,
    26.729229897559));
#5107 = CARTESIAN_POINT('',(61.468214788556,17.521444034431,
    29.927150978439));
#5108 = CARTESIAN_POINT('',(55.719186501332,20.502087953418,
    33.215253979961));
#5109 = CARTESIAN_POINT('',(44.590807119866,24.443611305038,
    39.525906189144));
#5110 = CARTESIAN_POINT('',(33.288028824187,25.170212389456,
    46.159529069467));
#5111 = CARTESIAN_POINT('',(28.109483795128,24.779501556689,
    49.308528663162));
#5112 = CARTESIAN_POINT('',(23.124113871728,23.644213877118,
    52.525144481742));
#5113 = CARTESIAN_POINT('',(18.473668760875,21.775675734459,
    55.805093086089));
#5114 = CARTESIAN_POINT('',(14.304671002246,19.230248595445,
    59.140267685889));
#5115 = CARTESIAN_POINT('',(10.741979006977,16.105653413922,
    62.51935512762));
#5116 = DEFINITIONAL_REPRESENTATION('',(#5117),#5121);
#5117 = LINE('',#5118,#5119);
#5118 = CARTESIAN_POINT('',(2.,0.));
#5119 = VECTOR('',#5120,1.);
#5120 = DIRECTION('',(0.,1.));
#5121 = ( GEOMETRIC_REPRESENTATION_CONTEXT(2) 
PARAMETRIC_REPRESENTATION_CONTEXT() REPRESENTATION_CONTEXT('2D SPACE',''
  ) );
#5122 = ORIENTED_EDGE('',*,*,#5123,.F.);
#5123 = EDGE_CURVE('',#4090,#5064,#5124,.T.);
#5124 = SURFACE_CURVE('',#5125,(#5128,#5135),.PCURVE_S1.);
#5125 = B_SPLINE_CURVE_WITH_KNOTS('',1,(#5126,#5127),.UNSPECIFIED.,.F.,
  .F.,(2,2),(1.,2.),.PIECEWISE_BEZIER_KNOTS.);
#5126 = CARTESIAN_POINT('',(4.342377030516,11.821217642473,
    58.488386923428));
#5127 = CARTESIAN_POINT('',(8.576915497516,17.355653413922,
    62.51935512762));
#5128 = PCURVE('',#1368,#5129);
#5129 = DEFINITIONAL_REPRESENTATION('',(#5130),#5134);
#5130 = LINE('',#5131,#5132);
#5131 = CARTESIAN_POINT('',(0.,1.));
#5132 = VECTOR('',#5133,1.);
#5133 = DIRECTION('',(1.,0.));
#5134 = ( GEOMETRIC_REPRESENTATION_CONTEXT(2) 
PARAMETRIC_REPRESENTATION_CONTEXT() REPRESENTATION_CONTEXT('2D SPACE',''
  ) );
#5135 = PCURVE('',#3325,#5136);
#5136 = DEFINITIONAL_REPRESENTATION('',(#5137),#5140);
#5137 = B_SPLINE_CURVE_WITH_KNOTS('',1,(#5138,#5139),.UNSPECIFIED.,.F.,
  .F.,(2,2),(1.,2.),.PIECEWISE_BEZIER_KNOTS.);
#5138 = CARTESIAN_POINT('',(1.681904753483,3.957422949371));
#5139 = CARTESIAN_POINT('',(8.69252552484,0.));
#5140 = ( GEOMETRIC_REPRESENTATION_CONTEXT(2) 
PARAMETRIC_REPRESENTATION_CONTEXT() REPRESENTATION_CONTEXT('2D SPACE',''
  ) );
#5141 = ORIENTED_EDGE('',*,*,#4116,.F.);
#5142 = ORIENTED_EDGE('',*,*,#1346,.T.);
#5143 = ADVANCED_FACE('',(#5144),#2407,.F.);
#5144 = FACE_BOUND('',#5145,.F.);
#5145 = EDGE_LOOP('',(#5146,#5179,#5198,#5199));
#5146 = ORIENTED_EDGE('',*,*,#5147,.F.);
#5147 = EDGE_CURVE('',#5148,#2334,#5150,.T.);
#5148 = VERTEX_POINT('',#5149);
#5149 = CARTESIAN_POINT('',(47.408663297305,-2.15,-1.511613076572));
#5150 = SURFACE_CURVE('',#5151,(#5165,#5172),.PCURVE_S1.);
#5151 = ( BOUNDED_CURVE() B_SPLINE_CURVE(7,(#5152,#5153,#5154,#5155,
    #5156,#5157,#5158,#5159,#5160,#5161,#5162,#5163,#5164),
.UNSPECIFIED.,.F.,.F.) B_SPLINE_CURVE_WITH_KNOTS((8,5,8),(0.,
0.535767911908,1.),.UNSPECIFIED.) CURVE() GEOMETRIC_REPRESENTATION_ITEM(
) RATIONAL_B_SPLINE_CURVE((1.,1.,1.,1.,1.,1.,1.,1.,1.,1.,1.,1.,1.)) 
REPRESENTATION_ITEM('') );
#5152 = CARTESIAN_POINT('',(47.408663297305,-2.15,-1.511613076572));
#5153 = CARTESIAN_POINT('',(45.254591999401,1.115527847549,
    2.434944542848));
#5154 = CARTESIAN_POINT('',(42.781585422665,4.108681330091,6.48510409603
    ));
#5155 = CARTESIAN_POINT('',(40.013887388027,6.775158108983,
    10.644750658572));
#5156 = CARTESIAN_POINT('',(36.988263445896,9.058605478138,
    14.919677667475));
#5157 = CARTESIAN_POINT('',(33.756379202079,10.902914810312,
    19.315158348094));
#5158 = CARTESIAN_POINT('',(27.474904342679,13.431485354362,
    27.751131872904));
#5159 = CARTESIAN_POINT('',(21.048281329232,14.142383860183,
    36.618847148106));
#5160 = CARTESIAN_POINT('',(18.093329439192,14.059697240191,
    40.828376737371));
#5161 = CARTESIAN_POINT('',(15.23726147701,13.553696060822,
    45.128294556537));
#5162 = CARTESIAN_POINT('',(12.560420565369,12.629398191032,
    49.512874576472));
#5163 = CARTESIAN_POINT('',(10.146246494552,11.317240866308,
    53.971279776409));
#5164 = CARTESIAN_POINT('',(8.066286266789,9.671217642473,
    58.488386923428));
#5165 = PCURVE('',#2407,#5166);
#5166 = DEFINITIONAL_REPRESENTATION('',(#5167),#5171);
#5167 = LINE('',#5168,#5169);
#5168 = CARTESIAN_POINT('',(0.,0.));
#5169 = VECTOR('',#5170,1.);
#5170 = DIRECTION('',(0.,1.));
#5171 = ( GEOMETRIC_REPRESENTATION_CONTEXT(2) 
PARAMETRIC_REPRESENTATION_CONTEXT() REPRESENTATION_CONTEXT('2D SPACE',''
  ) );
#5172 = PCURVE('',#2353,#5173);
#5173 = DEFINITIONAL_REPRESENTATION('',(#5174),#5178);
#5174 = LINE('',#5175,#5176);
#5175 = CARTESIAN_POINT('',(4.,0.));
#5176 = VECTOR('',#5177,1.);
#5177 = DIRECTION('',(0.,1.));
#5178 = ( GEOMETRIC_REPRESENTATION_CONTEXT(2) 
PARAMETRIC_REPRESENTATION_CONTEXT() REPRESENTATION_CONTEXT('2D SPACE',''
  ) );
#5179 = ORIENTED_EDGE('',*,*,#5180,.T.);
#5180 = EDGE_CURVE('',#5148,#5005,#5181,.T.);
#5181 = SURFACE_CURVE('',#5182,(#5185,#5192),.PCURVE_S1.);
#5182 = B_SPLINE_CURVE_WITH_KNOTS('',1,(#5183,#5184),.UNSPECIFIED.,.F.,
  .F.,(2,2),(0.,1.),.PIECEWISE_BEZIER_KNOTS.);
#5183 = CARTESIAN_POINT('',(47.408663297305,-2.15,-1.511613076572));
#5184 = CARTESIAN_POINT('',(47.408663297305,2.15,-1.511613076572));
#5185 = PCURVE('',#2407,#5186);
#5186 = DEFINITIONAL_REPRESENTATION('',(#5187),#5191);
#5187 = LINE('',#5188,#5189);
#5188 = CARTESIAN_POINT('',(0.,0.));
#5189 = VECTOR('',#5190,1.);
#5190 = DIRECTION('',(1.,0.));
#5191 = ( GEOMETRIC_REPRESENTATION_CONTEXT(2) 
PARAMETRIC_REPRESENTATION_CONTEXT() REPRESENTATION_CONTEXT('2D SPACE',''
  ) );
#5192 = PCURVE('',#5052,#5193);
#5193 = DEFINITIONAL_REPRESENTATION('',(#5194),#5197);
#5194 = B_SPLINE_CURVE_WITH_KNOTS('',1,(#5195,#5196),.UNSPECIFIED.,.F.,
  .F.,(2,2),(0.,1.),.PIECEWISE_BEZIER_KNOTS.);
#5195 = CARTESIAN_POINT('',(0.,0.));
#5196 = CARTESIAN_POINT('',(0.383206014205,4.282890746993));
#5197 = ( GEOMETRIC_REPRESENTATION_CONTEXT(2) 
PARAMETRIC_REPRESENTATION_CONTEXT() REPRESENTATION_CONTEXT('2D SPACE',''
  ) );
#5198 = ORIENTED_EDGE('',*,*,#5004,.T.);
#5199 = ORIENTED_EDGE('',*,*,#2389,.T.);
#5200 = ADVANCED_FACE('',(#5201),#2353,.F.);
#5201 = FACE_BOUND('',#5202,.F.);
#5202 = EDGE_LOOP('',(#5203,#5238,#5257,#5258,#5259,#5260));
#5203 = ORIENTED_EDGE('',*,*,#5204,.F.);
#5204 = EDGE_CURVE('',#5205,#5207,#5209,.T.);
#5205 = VERTEX_POINT('',#5206);
#5206 = CARTESIAN_POINT('',(80.232261531445,-1.25,17.635485893343));
#5207 = VERTEX_POINT('',#5208);
#5208 = CARTESIAN_POINT('',(10.741979006977,16.105653413922,
    62.51935512762));
#5209 = SURFACE_CURVE('',#5210,(#5224,#5231),.PCURVE_S1.);
#5210 = ( BOUNDED_CURVE() B_SPLINE_CURVE(7,(#5211,#5212,#5213,#5214,
    #5215,#5216,#5217,#5218,#5219,#5220,#5221,#5222,#5223),
.UNSPECIFIED.,.F.,.F.) B_SPLINE_CURVE_WITH_KNOTS((8,5,8),(0.,
0.535767911908,1.),.UNSPECIFIED.) CURVE() GEOMETRIC_REPRESENTATION_ITEM(
) RATIONAL_B_SPLINE_CURVE((1.,1.,1.,1.,1.,1.,1.,1.,1.,1.,1.,1.,1.)) 
REPRESENTATION_ITEM('') );
#5211 = CARTESIAN_POINT('',(80.232261531445,-1.25,17.635485893343));
#5212 = CARTESIAN_POINT('',(76.311716981162,4.276430330367,
    20.587765495271));
#5213 = CARTESIAN_POINT('',(71.844201563061,9.3109160925,23.617546024649
    ));
#5214 = CARTESIAN_POINT('',(66.874171493285,13.758625240467,
    26.729229897559));
#5215 = CARTESIAN_POINT('',(61.468214788556,17.521444034431,
    29.927150978439));
#5216 = CARTESIAN_POINT('',(55.719186501332,20.502087953418,
    33.215253979961));
#5217 = CARTESIAN_POINT('',(44.590807119866,24.443611305038,
    39.525906189144));
#5218 = CARTESIAN_POINT('',(33.288028824187,25.170212389456,
    46.159529069467));
#5219 = CARTESIAN_POINT('',(28.109483795128,24.779501556689,
    49.308528663162));
#5220 = CARTESIAN_POINT('',(23.124113871728,23.644213877118,
    52.525144481742));
#5221 = CARTESIAN_POINT('',(18.473668760875,21.775675734459,
    55.805093086089));
#5222 = CARTESIAN_POINT('',(14.304671002246,19.230248595445,
    59.140267685889));
#5223 = CARTESIAN_POINT('',(10.741979006977,16.105653413922,
    62.51935512762));
#5224 = PCURVE('',#2353,#5225);
#5225 = DEFINITIONAL_REPRESENTATION('',(#5226),#5230);
#5226 = LINE('',#5227,#5228);
#5227 = CARTESIAN_POINT('',(3.,0.));
#5228 = VECTOR('',#5229,1.);
#5229 = DIRECTION('',(0.,1.));
#5230 = ( GEOMETRIC_REPRESENTATION_CONTEXT(2) 
PARAMETRIC_REPRESENTATION_CONTEXT() REPRESENTATION_CONTEXT('2D SPACE',''
  ) );
#5231 = PCURVE('',#5089,#5232);
#5232 = DEFINITIONAL_REPRESENTATION('',(#5233),#5237);
#5233 = LINE('',#5234,#5235);
#5234 = CARTESIAN_POINT('',(3.,0.));
#5235 = VECTOR('',#5236,1.);
#5236 = DIRECTION('',(0.,1.));
#5237 = ( GEOMETRIC_REPRESENTATION_CONTEXT(2) 
PARAMETRIC_REPRESENTATION_CONTEXT() REPRESENTATION_CONTEXT('2D SPACE',''
  ) );
#5238 = ORIENTED_EDGE('',*,*,#5239,.T.);
#5239 = EDGE_CURVE('',#5205,#5148,#5240,.T.);
#5240 = SURFACE_CURVE('',#5241,(#5244,#5251),.PCURVE_S1.);
#5241 = B_SPLINE_CURVE_WITH_KNOTS('',1,(#5242,#5243),.UNSPECIFIED.,.F.,
  .F.,(2,2),(3.,4.),.PIECEWISE_BEZIER_KNOTS.);
#5242 = CARTESIAN_POINT('',(80.232261531445,-1.25,17.635485893343));
#5243 = CARTESIAN_POINT('',(47.408663297305,-2.15,-1.511613076572));
#5244 = PCURVE('',#2353,#5245);
#5245 = DEFINITIONAL_REPRESENTATION('',(#5246),#5250);
#5246 = LINE('',#5247,#5248);
#5247 = CARTESIAN_POINT('',(0.,0.));
#5248 = VECTOR('',#5249,1.);
#5249 = DIRECTION('',(1.,0.));
#5250 = ( GEOMETRIC_REPRESENTATION_CONTEXT(2) 
PARAMETRIC_REPRESENTATION_CONTEXT() REPRESENTATION_CONTEXT('2D SPACE',''
  ) );
#5251 = PCURVE('',#5052,#5252);
#5252 = DEFINITIONAL_REPRESENTATION('',(#5253),#5256);
#5253 = B_SPLINE_CURVE_WITH_KNOTS('',1,(#5254,#5255),.UNSPECIFIED.,.F.,
  .F.,(2,2),(3.,4.),.PIECEWISE_BEZIER_KNOTS.);
#5254 = CARTESIAN_POINT('',(37.92900786012,-2.49005275988));
#5255 = CARTESIAN_POINT('',(-7.105427357601E-15,0.));
#5256 = ( GEOMETRIC_REPRESENTATION_CONTEXT(2) 
PARAMETRIC_REPRESENTATION_CONTEXT() REPRESENTATION_CONTEXT('2D SPACE',''
  ) );
#5257 = ORIENTED_EDGE('',*,*,#5147,.T.);
#5258 = ORIENTED_EDGE('',*,*,#2333,.F.);
#5259 = ORIENTED_EDGE('',*,*,#3105,.T.);
#5260 = ORIENTED_EDGE('',*,*,#5261,.F.);
#5261 = EDGE_CURVE('',#5207,#3106,#5262,.T.);
#5262 = SURFACE_CURVE('',#5263,(#5266,#5273),.PCURVE_S1.);
#5263 = B_SPLINE_CURVE_WITH_KNOTS('',1,(#5264,#5265),.UNSPECIFIED.,.F.,
  .F.,(2,2),(3.,4.),.PIECEWISE_BEZIER_KNOTS.);
#5264 = CARTESIAN_POINT('',(10.741979006977,16.105653413922,
    62.51935512762));
#5265 = CARTESIAN_POINT('',(8.066286266789,9.671217642473,
    58.488386923428));
#5266 = PCURVE('',#2353,#5267);
#5267 = DEFINITIONAL_REPRESENTATION('',(#5268),#5272);
#5268 = LINE('',#5269,#5270);
#5269 = CARTESIAN_POINT('',(0.,1.));
#5270 = VECTOR('',#5271,1.);
#5271 = DIRECTION('',(1.,0.));
#5272 = ( GEOMETRIC_REPRESENTATION_CONTEXT(2) 
PARAMETRIC_REPRESENTATION_CONTEXT() REPRESENTATION_CONTEXT('2D SPACE',''
  ) );
#5273 = PCURVE('',#3325,#5274);
#5274 = DEFINITIONAL_REPRESENTATION('',(#5275),#5278);
#5275 = B_SPLINE_CURVE_WITH_KNOTS('',1,(#5276,#5277),.UNSPECIFIED.,.F.,
  .F.,(2,2),(3.,4.),.PIECEWISE_BEZIER_KNOTS.);
#5276 = CARTESIAN_POINT('',(7.714673923978,-2.300827296146));
#5277 = CARTESIAN_POINT('',(0.,0.));
#5278 = ( GEOMETRIC_REPRESENTATION_CONTEXT(2) 
PARAMETRIC_REPRESENTATION_CONTEXT() REPRESENTATION_CONTEXT('2D SPACE',''
  ) );
#5279 = ADVANCED_FACE('',(#5280),#2134,.F.);
#5280 = FACE_BOUND('',#5281,.F.);
#5281 = EDGE_LOOP('',(#5282,#5315,#5341,#5401,#5420,#5421));
#5282 = ORIENTED_EDGE('',*,*,#5283,.F.);
#5283 = EDGE_CURVE('',#5284,#2059,#5286,.T.);
#5284 = VERTEX_POINT('',#5285);
#5285 = CARTESIAN_POINT('',(-41.78087966063,-22.50693116399,
    -1.511613076572));
#5286 = SURFACE_CURVE('',#5287,(#5301,#5308),.PCURVE_S1.);
#5287 = ( BOUNDED_CURVE() B_SPLINE_CURVE(7,(#5288,#5289,#5290,#5291,
    #5292,#5293,#5294,#5295,#5296,#5297,#5298,#5299,#5300),
.UNSPECIFIED.,.F.,.F.) B_SPLINE_CURVE_WITH_KNOTS((8,5,8),(0.,
0.535767911908,1.),.UNSPECIFIED.) CURVE() GEOMETRIC_REPRESENTATION_ITEM(
) RATIONAL_B_SPLINE_CURVE((1.,1.,1.,1.,1.,1.,1.,1.,1.,1.,1.,1.,1.)) 
REPRESENTATION_ITEM('') );
#5288 = CARTESIAN_POINT('',(-41.78087966063,-22.50693116399,
    -1.511613076572));
#5289 = CARTESIAN_POINT('',(-38.15641463511,-24.38594322814,
    2.434944542849));
#5290 = CARTESIAN_POINT('',(-34.36610069159,-25.85635634724,
    6.485104096029));
#5291 = CARTESIAN_POINT('',(-30.45798339766,-26.87853939053,
    10.644750658571));
#5292 = CARTESIAN_POINT('',(-26.49279851117,-27.4166725218,
    14.919677667477));
#5293 = CARTESIAN_POINT('',(-22.54515752399,-27.44199140154,
    19.315158348092));
#5294 = CARTESIAN_POINT('',(-15.38109168697,-26.50633968963,
    27.751131872907));
#5295 = CARTESIAN_POINT('',(-8.951492257725,-23.77859194019,
    36.618847148102));
#5296 = CARTESIAN_POINT('',(-6.190990720116,-22.13396021516,
    40.828376737385));
#5297 = CARTESIAN_POINT('',(-3.726095883455,-20.13354487965,
    45.128294556517));
#5298 = CARTESIAN_POINT('',(-1.630311998324,-17.81918694097,
    49.512874576487));
#5299 = CARTESIAN_POINT('',(3.155664894842E-02,-15.25816967396,
    53.971279776403));
#5300 = CARTESIAN_POINT('',(1.21668759445,-12.53463585922,
    58.488386923428));
#5301 = PCURVE('',#2134,#5302);
#5302 = DEFINITIONAL_REPRESENTATION('',(#5303),#5307);
#5303 = LINE('',#5304,#5305);
#5304 = CARTESIAN_POINT('',(1.,0.));
#5305 = VECTOR('',#5306,1.);
#5306 = DIRECTION('',(0.,1.));
#5307 = ( GEOMETRIC_REPRESENTATION_CONTEXT(2) 
PARAMETRIC_REPRESENTATION_CONTEXT() REPRESENTATION_CONTEXT('2D SPACE',''
  ) );
#5308 = PCURVE('',#2078,#5309);
#5309 = DEFINITIONAL_REPRESENTATION('',(#5310),#5314);
#5310 = LINE('',#5311,#5312);
#5311 = CARTESIAN_POINT('',(1.,0.));
#5312 = VECTOR('',#5313,1.);
#5313 = DIRECTION('',(0.,1.));
#5314 = ( GEOMETRIC_REPRESENTATION_CONTEXT(2) 
PARAMETRIC_REPRESENTATION_CONTEXT() REPRESENTATION_CONTEXT('2D SPACE',''
  ) );
#5315 = ORIENTED_EDGE('',*,*,#5316,.T.);
#5316 = EDGE_CURVE('',#5284,#5317,#5319,.T.);
#5317 = VERTEX_POINT('',#5318);
#5318 = CARTESIAN_POINT('',(-71.74441516734,-35.93768471599,
    17.635485893343));
#5319 = SURFACE_CURVE('',#5320,(#5323,#5330),.PCURVE_S1.);
#5320 = B_SPLINE_CURVE_WITH_KNOTS('',1,(#5321,#5322),.UNSPECIFIED.,.F.,
  .F.,(2,2),(1.,2.),.PIECEWISE_BEZIER_KNOTS.);
#5321 = CARTESIAN_POINT('',(-41.78087966063,-22.50693116399,
    -1.511613076572));
#5322 = CARTESIAN_POINT('',(-71.74441516734,-35.93768471599,
    17.635485893343));
#5323 = PCURVE('',#2134,#5324);
#5324 = DEFINITIONAL_REPRESENTATION('',(#5325),#5329);
#5325 = LINE('',#5326,#5327);
#5326 = CARTESIAN_POINT('',(0.,0.));
#5327 = VECTOR('',#5328,1.);
#5328 = DIRECTION('',(1.,0.));
#5329 = ( GEOMETRIC_REPRESENTATION_CONTEXT(2) 
PARAMETRIC_REPRESENTATION_CONTEXT() REPRESENTATION_CONTEXT('2D SPACE',''
  ) );
#5330 = PCURVE('',#5331,#5336);
#5331 = PLANE('',#5332);
#5332 = AXIS2_PLACEMENT_3D('',#5333,#5334,#5335);
#5333 = CARTESIAN_POINT('',(-43.64657973884,-18.63276503201,
    -1.511613076572));
#5334 = DIRECTION('',(0.453972107435,0.218621444587,0.863778900898));
#5335 = DIRECTION('',(-0.73647465953,-0.453580663354,0.501866175092));
#5336 = DEFINITIONAL_REPRESENTATION('',(#5337),#5340);
#5337 = B_SPLINE_CURVE_WITH_KNOTS('',1,(#5338,#5339),.UNSPECIFIED.,.F.,
  .F.,(2,2),(1.,2.),.PIECEWISE_BEZIER_KNOTS.);
#5338 = CARTESIAN_POINT('',(0.383206014205,4.282890746993));
#5339 = CARTESIAN_POINT('',(38.151802054425,0.));
#5340 = ( GEOMETRIC_REPRESENTATION_CONTEXT(2) 
PARAMETRIC_REPRESENTATION_CONTEXT() REPRESENTATION_CONTEXT('2D SPACE',''
  ) );
#5341 = ORIENTED_EDGE('',*,*,#5342,.T.);
#5342 = EDGE_CURVE('',#5317,#5343,#5345,.T.);
#5343 = VERTEX_POINT('',#5344);
#5344 = CARTESIAN_POINT('',(-0.19719804783,-19.3582875742,62.51935512762
    ));
#5345 = SURFACE_CURVE('',#5346,(#5360,#5367),.PCURVE_S1.);
#5346 = ( BOUNDED_CURVE() B_SPLINE_CURVE(7,(#5347,#5348,#5349,#5350,
    #5351,#5352,#5353,#5354,#5355,#5356,#5357,#5358,#5359),
.UNSPECIFIED.,.F.,.F.) B_SPLINE_CURVE_WITH_KNOTS((8,5,8),(0.,
0.535767911908,1.),.UNSPECIFIED.) CURVE() GEOMETRIC_REPRESENTATION_ITEM(
) RATIONAL_B_SPLINE_CURVE((1.,1.,1.,1.,1.,1.,1.,1.,1.,1.,1.,1.,1.)) 
REPRESENTATION_ITEM('') );
#5347 = CARTESIAN_POINT('',(-71.74441516734,-35.93768471599,
    17.635485893343));
#5348 = CARTESIAN_POINT('',(-65.65915041138,-39.14105054294,
    20.587765495269));
#5349 = CARTESIAN_POINT('',(-59.29646067539,-41.6494392066,
    23.617546024656));
#5350 = CARTESIAN_POINT('',(-52.73908160313,-43.39598636532,
    26.729229897546));
#5351 = CARTESIAN_POINT('',(-46.09141444961,-44.32060478599,
    29.927150978453));
#5352 = CARTESIAN_POINT('',(-39.48149039172,-44.37556669746,
    33.215253979954));
#5353 = CARTESIAN_POINT('',(-27.50805825596,-42.81438875836,
    39.525906189152));
#5354 = CARTESIAN_POINT('',(-16.81692506138,-38.22782691916,
    46.15952906946));
#5355 = CARTESIAN_POINT('',(-12.24279943826,-35.46146395622,
    49.308528663181));
#5356 = CARTESIAN_POINT('',(-8.179060948882,-32.09802103016,
    52.525144481718));
#5357 = CARTESIAN_POINT('',(-4.750422896207,-28.21063626979,
    55.805093086106));
#5358 = CARTESIAN_POINT('',(-2.06609079303,-23.91578957328,
    59.140267685884));
#5359 = CARTESIAN_POINT('',(-0.19719804783,-19.3582875742,62.51935512762
    ));
#5360 = PCURVE('',#2134,#5361);
#5361 = DEFINITIONAL_REPRESENTATION('',(#5362),#5366);
#5362 = LINE('',#5363,#5364);
#5363 = CARTESIAN_POINT('',(2.,0.));
#5364 = VECTOR('',#5365,1.);
#5365 = DIRECTION('',(0.,1.));
#5366 = ( GEOMETRIC_REPRESENTATION_CONTEXT(2) 
PARAMETRIC_REPRESENTATION_CONTEXT() REPRESENTATION_CONTEXT('2D SPACE',''
  ) );
#5367 = PCURVE('',#5368,#5395);
#5368 = ( BOUNDED_SURFACE() B_SPLINE_SURFACE(1,7,(
    (#5369,#5370,#5371,#5372,#5373,#5374,#5375,#5376,#5377,#5378,#5379
      ,#5380,#5381)
    ,(#5382,#5383,#5384,#5385,#5386,#5387,#5388,#5389,#5390,#5391,#5392
      ,#5393,#5394
)),.UNSPECIFIED.,.F.,.F.,.F.) B_SPLINE_SURFACE_WITH_KNOTS((2,2),(8,5,8),
  (2.,3.),(0.,0.535767911908,1.),.UNSPECIFIED.) 
GEOMETRIC_REPRESENTATION_ITEM() RATIONAL_B_SPLINE_SURFACE((
    (1.,1.,1.,1.,1.,1.,1.,1.,1.,1.,1.,1.,1.)
,(1.,1.,1.,1.,1.,1.,1.,1.,1.,1.,1.,1.,1.
))) REPRESENTATION_ITEM('') SURFACE() );
#5369 = CARTESIAN_POINT('',(-71.74441516734,-35.93768471599,
    17.635485893343));
#5370 = CARTESIAN_POINT('',(-65.65915041138,-39.14105054294,
    20.587765495269));
#5371 = CARTESIAN_POINT('',(-59.29646067539,-41.6494392066,
    23.617546024656));
#5372 = CARTESIAN_POINT('',(-52.73908160313,-43.39598636532,
    26.729229897546));
#5373 = CARTESIAN_POINT('',(-46.09141444961,-44.32060478599,
    29.927150978453));
#5374 = CARTESIAN_POINT('',(-39.48149039172,-44.37556669746,
    33.215253979954));
#5375 = CARTESIAN_POINT('',(-27.50805825596,-42.81438875836,
    39.525906189152));
#5376 = CARTESIAN_POINT('',(-16.81692506138,-38.22782691916,
    46.15952906946));
#5377 = CARTESIAN_POINT('',(-12.24279943826,-35.46146395622,
    49.308528663181));
#5378 = CARTESIAN_POINT('',(-8.179060948882,-32.09802103016,
    52.525144481718));
#5379 = CARTESIAN_POINT('',(-4.750422896207,-28.21063626979,
    55.805093086106));
#5380 = CARTESIAN_POINT('',(-2.06609079303,-23.91578957328,
    59.140267685884));
#5381 = CARTESIAN_POINT('',(-0.19719804783,-19.3582875742,62.51935512762
    ));
#5382 = CARTESIAN_POINT('',(-72.82912451513,-33.68526254624,
    17.635485893343));
#5383 = CARTESIAN_POINT('',(-66.89900767439,-36.96334369567,
    20.587765495269));
#5384 = CARTESIAN_POINT('',(-60.6895338588,-39.5608763391,
    23.617546024656));
#5385 = CARTESIAN_POINT('',(-54.28190281776,-41.41170858467,
    26.729229897546));
#5386 = CARTESIAN_POINT('',(-47.77867823762,-42.45633446507,
    29.927150978453));
#5387 = CARTESIAN_POINT('',(-41.3057298016,-42.6473919528,
    33.215253979954));
#5388 = CARTESIAN_POINT('',(-29.56924353907,-41.37015892839,
    39.525906189152));
#5389 = CARTESIAN_POINT('',(-19.07053177851,-37.12071217547,
    46.15952906946));
#5390 = CARTESIAN_POINT('',(-14.57434700332,-34.52180739842,
    49.308528663181));
#5391 = CARTESIAN_POINT('',(-10.57526677077,-31.33587759974,
    52.525144481718));
#5392 = CARTESIAN_POINT('',(-7.196088820001,-27.63463039148,
    55.805093086106));
#5393 = CARTESIAN_POINT('',(-4.544371073862,-23.53241944781,
    59.140267685884));
#5394 = CARTESIAN_POINT('',(-2.690207540783,-19.17146234023,
    62.51935512762));
#5395 = DEFINITIONAL_REPRESENTATION('',(#5396),#5400);
#5396 = LINE('',#5397,#5398);
#5397 = CARTESIAN_POINT('',(2.,0.));
#5398 = VECTOR('',#5399,1.);
#5399 = DIRECTION('',(0.,1.));
#5400 = ( GEOMETRIC_REPRESENTATION_CONTEXT(2) 
PARAMETRIC_REPRESENTATION_CONTEXT() REPRESENTATION_CONTEXT('2D SPACE',''
  ) );
#5401 = ORIENTED_EDGE('',*,*,#5402,.F.);
#5402 = EDGE_CURVE('',#2614,#5343,#5403,.T.);
#5403 = SURFACE_CURVE('',#5404,(#5407,#5414),.PCURVE_S1.);
#5404 = B_SPLINE_CURVE_WITH_KNOTS('',1,(#5405,#5406),.UNSPECIFIED.,.F.,
  .F.,(2,2),(1.,2.),.PIECEWISE_BEZIER_KNOTS.);
#5405 = CARTESIAN_POINT('',(1.21668759445,-12.53463585922,
    58.488386923428));
#5406 = CARTESIAN_POINT('',(-0.19719804783,-19.3582875742,62.51935512762
    ));
#5407 = PCURVE('',#2134,#5408);
#5408 = DEFINITIONAL_REPRESENTATION('',(#5409),#5413);
#5409 = LINE('',#5410,#5411);
#5410 = CARTESIAN_POINT('',(0.,1.));
#5411 = VECTOR('',#5412,1.);
#5412 = DIRECTION('',(1.,0.));
#5413 = ( GEOMETRIC_REPRESENTATION_CONTEXT(2) 
PARAMETRIC_REPRESENTATION_CONTEXT() REPRESENTATION_CONTEXT('2D SPACE',''
  ) );
#5414 = PCURVE('',#2633,#5415);
#5415 = DEFINITIONAL_REPRESENTATION('',(#5416),#5419);
#5416 = B_SPLINE_CURVE_WITH_KNOTS('',1,(#5417,#5418),.UNSPECIFIED.,.F.,
  .F.,(2,2),(1.,2.),.PIECEWISE_BEZIER_KNOTS.);
#5417 = CARTESIAN_POINT('',(1.681904753483,3.957422949371));
#5418 = CARTESIAN_POINT('',(8.69252552484,0.));
#5419 = ( GEOMETRIC_REPRESENTATION_CONTEXT(2) 
PARAMETRIC_REPRESENTATION_CONTEXT() REPRESENTATION_CONTEXT('2D SPACE',''
  ) );
#5420 = ORIENTED_EDGE('',*,*,#2645,.F.);
#5421 = ORIENTED_EDGE('',*,*,#2114,.T.);
#5422 = ADVANCED_FACE('',(#5423),#2078,.F.);
#5423 = FACE_BOUND('',#5424,.F.);
#5424 = EDGE_LOOP('',(#5425,#5458,#5477,#5478));
#5425 = ORIENTED_EDGE('',*,*,#5426,.F.);
#5426 = EDGE_CURVE('',#5427,#2003,#5429,.T.);
#5427 = VERTEX_POINT('',#5428);
#5428 = CARTESIAN_POINT('',(-43.64657973884,-18.63276503201,
    -1.511613076572));
#5429 = SURFACE_CURVE('',#5430,(#5444,#5451),.PCURVE_S1.);
#5430 = ( BOUNDED_CURVE() B_SPLINE_CURVE(7,(#5431,#5432,#5433,#5434,
    #5435,#5436,#5437,#5438,#5439,#5440,#5441,#5442,#5443),
.UNSPECIFIED.,.F.,.F.) B_SPLINE_CURVE_WITH_KNOTS((8,5,8),(0.,
0.535767911908,1.),.UNSPECIFIED.) CURVE() GEOMETRIC_REPRESENTATION_ITEM(
) RATIONAL_B_SPLINE_CURVE((1.,1.,1.,1.,1.,1.,1.,1.,1.,1.,1.,1.,1.)) 
REPRESENTATION_ITEM('') );
#5431 = CARTESIAN_POINT('',(-43.64657973884,-18.63276503201,
    -1.511613076572));
#5432 = CARTESIAN_POINT('',(-40.28896912749,-20.64028745085,
    2.434944542849));
#5433 = CARTESIAN_POINT('',(-36.762186567,-22.26402821511,6.485104096029
    ));
#5434 = CARTESIAN_POINT('',(-33.1116358869,-23.46558160785,
    10.644750658571));
#5435 = CARTESIAN_POINT('',(-29.39489222649,-24.21012756978,
    14.919677667477));
#5436 = CARTESIAN_POINT('',(-25.68284930899,-24.46953084074,
    19.315158348092));
#5437 = CARTESIAN_POINT('',(-18.9263303739,-24.02226438206,
    27.751131872907));
#5438 = CARTESIAN_POINT('',(-12.82769581119,-21.87435458107,
    36.618847148102));
#5439 = CARTESIAN_POINT('',(-10.20125253198,-20.51775093571,
    40.828376737385));
#5440 = CARTESIAN_POINT('',(-7.847569897133,-18.82265817936,
    45.128294556517));
#5441 = CARTESIAN_POINT('',(-5.836857387234,-16.82845683025,
    49.512874576487));
#5442 = CARTESIAN_POINT('',(-4.231085434087,-14.59877305816,
    53.971279776403));
#5443 = CARTESIAN_POINT('',(-3.07128873343,-12.2132964568,
    58.488386923428));
#5444 = PCURVE('',#2078,#5445);
#5445 = DEFINITIONAL_REPRESENTATION('',(#5446),#5450);
#5446 = LINE('',#5447,#5448);
#5447 = CARTESIAN_POINT('',(0.,0.));
#5448 = VECTOR('',#5449,1.);
#5449 = DIRECTION('',(0.,1.));
#5450 = ( GEOMETRIC_REPRESENTATION_CONTEXT(2) 
PARAMETRIC_REPRESENTATION_CONTEXT() REPRESENTATION_CONTEXT('2D SPACE',''
  ) );
#5451 = PCURVE('',#2022,#5452);
#5452 = DEFINITIONAL_REPRESENTATION('',(#5453),#5457);
#5453 = LINE('',#5454,#5455);
#5454 = CARTESIAN_POINT('',(4.,0.));
#5455 = VECTOR('',#5456,1.);
#5456 = DIRECTION('',(0.,1.));
#5457 = ( GEOMETRIC_REPRESENTATION_CONTEXT(2) 
PARAMETRIC_REPRESENTATION_CONTEXT() REPRESENTATION_CONTEXT('2D SPACE',''
  ) );
#5458 = ORIENTED_EDGE('',*,*,#5459,.T.);
#5459 = EDGE_CURVE('',#5427,#5284,#5460,.T.);
#5460 = SURFACE_CURVE('',#5461,(#5464,#5471),.PCURVE_S1.);
#5461 = B_SPLINE_CURVE_WITH_KNOTS('',1,(#5462,#5463),.UNSPECIFIED.,.F.,
  .F.,(2,2),(0.,1.),.PIECEWISE_BEZIER_KNOTS.);
#5462 = CARTESIAN_POINT('',(-43.64657973884,-18.63276503201,
    -1.511613076572));
#5463 = CARTESIAN_POINT('',(-41.78087966063,-22.50693116399,
    -1.511613076572));
#5464 = PCURVE('',#2078,#5465);
#5465 = DEFINITIONAL_REPRESENTATION('',(#5466),#5470);
#5466 = LINE('',#5467,#5468);
#5467 = CARTESIAN_POINT('',(0.,0.));
#5468 = VECTOR('',#5469,1.);
#5469 = DIRECTION('',(1.,0.));
#5470 = ( GEOMETRIC_REPRESENTATION_CONTEXT(2) 
PARAMETRIC_REPRESENTATION_CONTEXT() REPRESENTATION_CONTEXT('2D SPACE',''
  ) );
#5471 = PCURVE('',#5331,#5472);
#5472 = DEFINITIONAL_REPRESENTATION('',(#5473),#5476);
#5473 = B_SPLINE_CURVE_WITH_KNOTS('',1,(#5474,#5475),.UNSPECIFIED.,.F.,
  .F.,(2,2),(0.,1.),.PIECEWISE_BEZIER_KNOTS.);
#5474 = CARTESIAN_POINT('',(0.,0.));
#5475 = CARTESIAN_POINT('',(0.383206014205,4.282890746993));
#5476 = ( GEOMETRIC_REPRESENTATION_CONTEXT(2) 
PARAMETRIC_REPRESENTATION_CONTEXT() REPRESENTATION_CONTEXT('2D SPACE',''
  ) );
#5477 = ORIENTED_EDGE('',*,*,#5283,.T.);
#5478 = ORIENTED_EDGE('',*,*,#2058,.T.);
#5479 = ADVANCED_FACE('',(#5480),#2022,.F.);
#5480 = FACE_BOUND('',#5481,.F.);
#5481 = EDGE_LOOP('',(#5482,#5517,#5536,#5537,#5538,#5539));
#5482 = ORIENTED_EDGE('',*,*,#5483,.F.);
#5483 = EDGE_CURVE('',#5484,#5486,#5488,.T.);
#5484 = VERTEX_POINT('',#5485);
#5485 = CARTESIAN_POINT('',(-72.82912451513,-33.68526254624,
    17.635485893343));
#5486 = VERTEX_POINT('',#5487);
#5487 = CARTESIAN_POINT('',(-2.690207540783,-19.17146234023,
    62.51935512762));
#5488 = SURFACE_CURVE('',#5489,(#5503,#5510),.PCURVE_S1.);
#5489 = ( BOUNDED_CURVE() B_SPLINE_CURVE(7,(#5490,#5491,#5492,#5493,
    #5494,#5495,#5496,#5497,#5498,#5499,#5500,#5501,#5502),
.UNSPECIFIED.,.F.,.F.) B_SPLINE_CURVE_WITH_KNOTS((8,5,8),(0.,
0.535767911908,1.),.UNSPECIFIED.) CURVE() GEOMETRIC_REPRESENTATION_ITEM(
) RATIONAL_B_SPLINE_CURVE((1.,1.,1.,1.,1.,1.,1.,1.,1.,1.,1.,1.,1.)) 
REPRESENTATION_ITEM('') );
#5490 = CARTESIAN_POINT('',(-72.82912451513,-33.68526254624,
    17.635485893343));
#5491 = CARTESIAN_POINT('',(-66.89900767439,-36.96334369567,
    20.587765495269));
#5492 = CARTESIAN_POINT('',(-60.6895338588,-39.5608763391,
    23.617546024656));
#5493 = CARTESIAN_POINT('',(-54.28190281776,-41.41170858467,
    26.729229897546));
#5494 = CARTESIAN_POINT('',(-47.77867823762,-42.45633446507,
    29.927150978453));
#5495 = CARTESIAN_POINT('',(-41.3057298016,-42.6473919528,
    33.215253979954));
#5496 = CARTESIAN_POINT('',(-29.56924353907,-41.37015892839,
    39.525906189152));
#5497 = CARTESIAN_POINT('',(-19.07053177851,-37.12071217547,
    46.15952906946));
#5498 = CARTESIAN_POINT('',(-14.57434700332,-34.52180739842,
    49.308528663181));
#5499 = CARTESIAN_POINT('',(-10.57526677077,-31.33587759974,
    52.525144481718));
#5500 = CARTESIAN_POINT('',(-7.196088820001,-27.63463039148,
    55.805093086106));
#5501 = CARTESIAN_POINT('',(-4.544371073862,-23.53241944781,
    59.140267685884));
#5502 = CARTESIAN_POINT('',(-2.690207540783,-19.17146234023,
    62.51935512762));
#5503 = PCURVE('',#2022,#5504);
#5504 = DEFINITIONAL_REPRESENTATION('',(#5505),#5509);
#5505 = LINE('',#5506,#5507);
#5506 = CARTESIAN_POINT('',(3.,0.));
#5507 = VECTOR('',#5508,1.);
#5508 = DIRECTION('',(0.,1.));
#5509 = ( GEOMETRIC_REPRESENTATION_CONTEXT(2) 
PARAMETRIC_REPRESENTATION_CONTEXT() REPRESENTATION_CONTEXT('2D SPACE',''
  ) );
#5510 = PCURVE('',#5368,#5511);
#5511 = DEFINITIONAL_REPRESENTATION('',(#5512),#5516);
#5512 = LINE('',#5513,#5514);
#5513 = CARTESIAN_POINT('',(3.,0.));
#5514 = VECTOR('',#5515,1.);
#5515 = DIRECTION('',(0.,1.));
#5516 = ( GEOMETRIC_REPRESENTATION_CONTEXT(2) 
PARAMETRIC_REPRESENTATION_CONTEXT() REPRESENTATION_CONTEXT('2D SPACE',''
  ) );
#5517 = ORIENTED_EDGE('',*,*,#5518,.T.);
#5518 = EDGE_CURVE('',#5484,#5427,#5519,.T.);
#5519 = SURFACE_CURVE('',#5520,(#5523,#5530),.PCURVE_S1.);
#5520 = B_SPLINE_CURVE_WITH_KNOTS('',1,(#5521,#5522),.UNSPECIFIED.,.F.,
  .F.,(2,2),(3.,4.),.PIECEWISE_BEZIER_KNOTS.);
#5521 = CARTESIAN_POINT('',(-72.82912451513,-33.68526254624,
    17.635485893343));
#5522 = CARTESIAN_POINT('',(-43.64657973884,-18.63276503201,
    -1.511613076572));
#5523 = PCURVE('',#2022,#5524);
#5524 = DEFINITIONAL_REPRESENTATION('',(#5525),#5529);
#5525 = LINE('',#5526,#5527);
#5526 = CARTESIAN_POINT('',(0.,0.));
#5527 = VECTOR('',#5528,1.);
#5528 = DIRECTION('',(1.,0.));
#5529 = ( GEOMETRIC_REPRESENTATION_CONTEXT(2) 
PARAMETRIC_REPRESENTATION_CONTEXT() REPRESENTATION_CONTEXT('2D SPACE',''
  ) );
#5530 = PCURVE('',#5331,#5531);
#5531 = DEFINITIONAL_REPRESENTATION('',(#5532),#5535);
#5532 = B_SPLINE_CURVE_WITH_KNOTS('',1,(#5533,#5534),.UNSPECIFIED.,.F.,
  .F.,(2,2),(3.,4.),.PIECEWISE_BEZIER_KNOTS.);
#5533 = CARTESIAN_POINT('',(37.92900786012,-2.49005275988));
#5534 = CARTESIAN_POINT('',(0.,0.));
#5535 = ( GEOMETRIC_REPRESENTATION_CONTEXT(2) 
PARAMETRIC_REPRESENTATION_CONTEXT() REPRESENTATION_CONTEXT('2D SPACE',''
  ) );
#5536 = ORIENTED_EDGE('',*,*,#5426,.T.);
#5537 = ORIENTED_EDGE('',*,*,#2002,.F.);
#5538 = ORIENTED_EDGE('',*,*,#3526,.T.);
#5539 = ORIENTED_EDGE('',*,*,#5540,.F.);
#5540 = EDGE_CURVE('',#5486,#3343,#5541,.T.);
#5541 = SURFACE_CURVE('',#5542,(#5545,#5552),.PCURVE_S1.);
#5542 = B_SPLINE_CURVE_WITH_KNOTS('',1,(#5543,#5544),.UNSPECIFIED.,.F.,
  .F.,(2,2),(3.,4.),.PIECEWISE_BEZIER_KNOTS.);
#5543 = CARTESIAN_POINT('',(-2.690207540783,-19.17146234023,
    62.51935512762));
#5544 = CARTESIAN_POINT('',(-3.07128873343,-12.2132964568,
    58.488386923428));
#5545 = PCURVE('',#2022,#5546);
#5546 = DEFINITIONAL_REPRESENTATION('',(#5547),#5551);
#5547 = LINE('',#5548,#5549);
#5548 = CARTESIAN_POINT('',(0.,1.));
#5549 = VECTOR('',#5550,1.);
#5550 = DIRECTION('',(1.,0.));
#5551 = ( GEOMETRIC_REPRESENTATION_CONTEXT(2) 
PARAMETRIC_REPRESENTATION_CONTEXT() REPRESENTATION_CONTEXT('2D SPACE',''
  ) );
#5552 = PCURVE('',#2633,#5553);
#5553 = DEFINITIONAL_REPRESENTATION('',(#5554),#5557);
#5554 = B_SPLINE_CURVE_WITH_KNOTS('',1,(#5555,#5556),.UNSPECIFIED.,.F.,
  .F.,(2,2),(3.,4.),.PIECEWISE_BEZIER_KNOTS.);
#5555 = CARTESIAN_POINT('',(7.714673923978,-2.300827296146));
#5556 = CARTESIAN_POINT('',(0.,0.));
#5557 = ( GEOMETRIC_REPRESENTATION_CONTEXT(2) 
PARAMETRIC_REPRESENTATION_CONTEXT() REPRESENTATION_CONTEXT('2D SPACE',''
  ) );
#5558 = ADVANCED_FACE('',(#5559),#1943,.F.);
#5559 = FACE_BOUND('',#5560,.F.);
#5560 = EDGE_LOOP('',(#5561,#5594,#5620,#5680,#5699,#5700));
#5561 = ORIENTED_EDGE('',*,*,#5562,.F.);
#5562 = EDGE_CURVE('',#5563,#1868,#5565,.T.);
#5563 = VERTEX_POINT('',#5564);
#5564 = CARTESIAN_POINT('',(-43.64657973884,18.63276503201,
    -1.511613076572));
#5565 = SURFACE_CURVE('',#5566,(#5580,#5587),.PCURVE_S1.);
#5566 = ( BOUNDED_CURVE() B_SPLINE_CURVE(7,(#5567,#5568,#5569,#5570,
    #5571,#5572,#5573,#5574,#5575,#5576,#5577,#5578,#5579),
.UNSPECIFIED.,.F.,.F.) B_SPLINE_CURVE_WITH_KNOTS((8,5,8),(0.,
0.535767911908,1.),.UNSPECIFIED.) CURVE() GEOMETRIC_REPRESENTATION_ITEM(
) RATIONAL_B_SPLINE_CURVE((1.,1.,1.,1.,1.,1.,1.,1.,1.,1.,1.,1.,1.)) 
REPRESENTATION_ITEM('') );
#5567 = CARTESIAN_POINT('',(-43.64657973884,18.63276503201,
    -1.511613076572));
#5568 = CARTESIAN_POINT('',(-42.85583354592,14.627499308378,
    2.434944542846));
#5569 = CARTESIAN_POINT('',(-41.64222672505,10.747324954623,
    6.485104096036));
#5570 = CARTESIAN_POINT('',(-40.00473033189,7.054515113926,
    10.644750658563));
#5571 = CARTESIAN_POINT('',(-37.95320741647,3.618888216472,
    14.919677667483));
#5572 = CARTESIAN_POINT('',(-35.51168861685,0.516712147897,
    19.31515834809));
#5573 = CARTESIAN_POINT('',(-30.31344466263,-4.501010765487,
    27.751131872909));
#5574 = CARTESIAN_POINT('',(-24.17201592171,-7.827151115115,
    36.6188471481));
#5575 = CARTESIAN_POINT('',(-21.1650465053,-8.959987016248,
    40.828376737388));
#5576 = CARTESIAN_POINT('',(-18.06422202467,-9.639880839353,
    45.128294556514));
#5577 = CARTESIAN_POINT('',(-14.94808424724,-9.835452088575,
    49.512874576489));
#5578 = CARTESIAN_POINT('',(-11.90964216714,-9.537985168374,
    53.971279776403));
#5579 = CARTESIAN_POINT('',(-9.041380628828,-8.766462293909,
    58.488386923428));
#5580 = PCURVE('',#1943,#5581);
#5581 = DEFINITIONAL_REPRESENTATION('',(#5582),#5586);
#5582 = LINE('',#5583,#5584);
#5583 = CARTESIAN_POINT('',(1.,0.));
#5584 = VECTOR('',#5585,1.);
#5585 = DIRECTION('',(0.,1.));
#5586 = ( GEOMETRIC_REPRESENTATION_CONTEXT(2) 
PARAMETRIC_REPRESENTATION_CONTEXT() REPRESENTATION_CONTEXT('2D SPACE',''
  ) );
#5587 = PCURVE('',#1887,#5588);
#5588 = DEFINITIONAL_REPRESENTATION('',(#5589),#5593);
#5589 = LINE('',#5590,#5591);
#5590 = CARTESIAN_POINT('',(1.,0.));
#5591 = VECTOR('',#5592,1.);
#5592 = DIRECTION('',(0.,1.));
#5593 = ( GEOMETRIC_REPRESENTATION_CONTEXT(2) 
PARAMETRIC_REPRESENTATION_CONTEXT() REPRESENTATION_CONTEXT('2D SPACE',''
  ) );
#5594 = ORIENTED_EDGE('',*,*,#5595,.T.);
#5595 = EDGE_CURVE('',#5563,#5596,#5598,.T.);
#5596 = VERTEX_POINT('',#5597);
#5597 = CARTESIAN_POINT('',(-72.82912451513,33.685262546243,
    17.635485893343));
#5598 = SURFACE_CURVE('',#5599,(#5602,#5609),.PCURVE_S1.);
#5599 = B_SPLINE_CURVE_WITH_KNOTS('',1,(#5600,#5601),.UNSPECIFIED.,.F.,
  .F.,(2,2),(1.,2.),.PIECEWISE_BEZIER_KNOTS.);
#5600 = CARTESIAN_POINT('',(-43.64657973884,18.63276503201,
    -1.511613076572));
#5601 = CARTESIAN_POINT('',(-72.82912451513,33.685262546243,
    17.635485893343));
#5602 = PCURVE('',#1943,#5603);
#5603 = DEFINITIONAL_REPRESENTATION('',(#5604),#5608);
#5604 = LINE('',#5605,#5606);
#5605 = CARTESIAN_POINT('',(0.,0.));
#5606 = VECTOR('',#5607,1.);
#5607 = DIRECTION('',(1.,0.));
#5608 = ( GEOMETRIC_REPRESENTATION_CONTEXT(2) 
PARAMETRIC_REPRESENTATION_CONTEXT() REPRESENTATION_CONTEXT('2D SPACE',''
  ) );
#5609 = PCURVE('',#5610,#5615);
#5610 = PLANE('',#5611);
#5611 = AXIS2_PLACEMENT_3D('',#5612,#5613,#5614);
#5612 = CARTESIAN_POINT('',(-41.78087966063,22.50693116399,
    -1.511613076572));
#5613 = DIRECTION('',(0.453972107435,-0.218621444587,0.863778900898));
#5614 = DIRECTION('',(-0.813808081993,0.292996156939,0.501866175092));
#5615 = DEFINITIONAL_REPRESENTATION('',(#5616),#5619);
#5616 = B_SPLINE_CURVE_WITH_KNOTS('',1,(#5617,#5618),.UNSPECIFIED.,.F.,
  .F.,(2,2),(1.,2.),.PIECEWISE_BEZIER_KNOTS.);
#5617 = CARTESIAN_POINT('',(0.383206014205,4.282890746993));
#5618 = CARTESIAN_POINT('',(38.151802054425,0.));
#5619 = ( GEOMETRIC_REPRESENTATION_CONTEXT(2) 
PARAMETRIC_REPRESENTATION_CONTEXT() REPRESENTATION_CONTEXT('2D SPACE',''
  ) );
#5620 = ORIENTED_EDGE('',*,*,#5621,.T.);
#5621 = EDGE_CURVE('',#5596,#5622,#5624,.T.);
#5622 = VERTEX_POINT('',#5623);
#5623 = CARTESIAN_POINT('',(-15.25786964395,-11.91551924189,
    62.51935512762));
#5624 = SURFACE_CURVE('',#5625,(#5639,#5646),.PCURVE_S1.);
#5625 = ( BOUNDED_CURVE() B_SPLINE_CURVE(7,(#5626,#5627,#5628,#5629,
    #5630,#5631,#5632,#5633,#5634,#5635,#5636,#5637,#5638),
.UNSPECIFIED.,.F.,.F.) B_SPLINE_CURVE_WITH_KNOTS((8,5,8),(0.,
0.535767911908,1.),.UNSPECIFIED.) CURVE() GEOMETRIC_REPRESENTATION_ITEM(
) RATIONAL_B_SPLINE_CURVE((1.,1.,1.,1.,1.,1.,1.,1.,1.,1.,1.,1.,1.)) 
REPRESENTATION_ITEM('') );
#5626 = CARTESIAN_POINT('',(-72.82912451513,33.685262546243,
    17.635485893343));
#5627 = CARTESIAN_POINT('',(-71.53951625155,26.930345056159,
    20.587765495267));
#5628 = CARTESIAN_POINT('',(-69.53358131629,20.391839156509,
    23.617546024661));
#5629 = CARTESIAN_POINT('',(-66.8106278921,14.17611941338,
    26.729229897539));
#5630 = CARTESIAN_POINT('',(-63.38877100629,8.402273791929,
    29.927150978457));
#5631 = CARTESIAN_POINT('',(-59.31052171786,3.200158875436,
    33.215253979953));
#5632 = CARTESIAN_POINT('',(-50.62463082544,-5.187668797574,
    39.525906189154));
#5633 = CARTESIAN_POINT('',(-40.37289986613,-10.68665878002,
    46.159529069459));
#5634 = CARTESIAN_POINT('',(-35.35814953134,-12.5380551013,
    49.308528663185));
#5635 = CARTESIAN_POINT('',(-30.19480445671,-13.6181414253,
    52.525144481713));
#5636 = CARTESIAN_POINT('',(-25.01780380647,-13.87501384286,
    55.805093086109));
#5637 = CARTESIAN_POINT('',(-19.98630375564,-13.29591607471,
    59.140267685883));
#5638 = CARTESIAN_POINT('',(-15.25786964395,-11.91551924189,
    62.51935512762));
#5639 = PCURVE('',#1943,#5640);
#5640 = DEFINITIONAL_REPRESENTATION('',(#5641),#5645);
#5641 = LINE('',#5642,#5643);
#5642 = CARTESIAN_POINT('',(2.,0.));
#5643 = VECTOR('',#5644,1.);
#5644 = DIRECTION('',(0.,1.));
#5645 = ( GEOMETRIC_REPRESENTATION_CONTEXT(2) 
PARAMETRIC_REPRESENTATION_CONTEXT() REPRESENTATION_CONTEXT('2D SPACE',''
  ) );
#5646 = PCURVE('',#5647,#5674);
#5647 = ( BOUNDED_SURFACE() B_SPLINE_SURFACE(1,7,(
    (#5648,#5649,#5650,#5651,#5652,#5653,#5654,#5655,#5656,#5657,#5658
      ,#5659,#5660)
    ,(#5661,#5662,#5663,#5664,#5665,#5666,#5667,#5668,#5669,#5670,#5671
      ,#5672,#5673
)),.UNSPECIFIED.,.F.,.F.,.F.) B_SPLINE_SURFACE_WITH_KNOTS((2,2),(8,5,8),
  (2.,3.),(0.,0.535767911908,1.),.UNSPECIFIED.) 
GEOMETRIC_REPRESENTATION_ITEM() RATIONAL_B_SPLINE_SURFACE((
    (1.,1.,1.,1.,1.,1.,1.,1.,1.,1.,1.,1.,1.)
,(1.,1.,1.,1.,1.,1.,1.,1.,1.,1.,1.,1.,1.
))) REPRESENTATION_ITEM('') SURFACE() );
#5648 = CARTESIAN_POINT('',(-72.82912451513,33.685262546243,
    17.635485893343));
#5649 = CARTESIAN_POINT('',(-71.53951625155,26.930345056159,
    20.587765495267));
#5650 = CARTESIAN_POINT('',(-69.53358131629,20.391839156509,
    23.617546024661));
#5651 = CARTESIAN_POINT('',(-66.8106278921,14.17611941338,
    26.729229897539));
#5652 = CARTESIAN_POINT('',(-63.38877100629,8.402273791929,
    29.927150978457));
#5653 = CARTESIAN_POINT('',(-59.31052171786,3.200158875436,
    33.215253979953));
#5654 = CARTESIAN_POINT('',(-50.62463082544,-5.187668797574,
    39.525906189154));
#5655 = CARTESIAN_POINT('',(-40.37289986613,-10.68665878002,
    46.159529069459));
#5656 = CARTESIAN_POINT('',(-35.35814953134,-12.5380551013,
    49.308528663185));
#5657 = CARTESIAN_POINT('',(-30.19480445671,-13.6181414253,
    52.525144481713));
#5658 = CARTESIAN_POINT('',(-25.01780380647,-13.87501384286,
    55.805093086109));
#5659 = CARTESIAN_POINT('',(-19.98630375564,-13.29591607471,
    59.140267685883));
#5660 = CARTESIAN_POINT('',(-15.25786964395,-11.91551924189,
    62.51935512762));
#5661 = CARTESIAN_POINT('',(-71.74441516734,35.937684715999,
    17.635485893343));
#5662 = CARTESIAN_POINT('',(-70.60995483801,29.257482508853,
    20.587765495267));
#5663 = CARTESIAN_POINT('',(-68.76924403646,22.7831852771,
    23.617546024661));
#5664 = CARTESIAN_POINT('',(-66.22119034664,16.619522571103,
    26.729229897539));
#5665 = CARTESIAN_POINT('',(-62.98321754244,10.883783273618,
    29.927150978457));
#5666 = CARTESIAN_POINT('',(-59.09677496349,5.703906006762,
    33.215253979953));
#5667 = CARTESIAN_POINT('',(-50.78061448021,-2.675706681513,
    39.525906189154));
#5668 = CARTESIAN_POINT('',(-40.91242351034,-8.234443347297,
    46.159529069459));
#5669 = CARTESIAN_POINT('',(-36.07719258111,-10.12931153103,
    49.308528663185));
#5670 = CARTESIAN_POINT('',(-31.09294662175,-11.26952361885,
    52.525144481713));
#5671 = CARTESIAN_POINT('',(-26.09231203897,-11.6037814371,
    55.805093086109));
#5672 = CARTESIAN_POINT('',(-21.23175540336,-11.11929116521,
    59.140267685883));
#5673 = CARTESIAN_POINT('',(-16.66616978911,-9.849922306101,
    62.51935512762));
#5674 = DEFINITIONAL_REPRESENTATION('',(#5675),#5679);
#5675 = LINE('',#5676,#5677);
#5676 = CARTESIAN_POINT('',(2.,0.));
#5677 = VECTOR('',#5678,1.);
#5678 = DIRECTION('',(0.,1.));
#5679 = ( GEOMETRIC_REPRESENTATION_CONTEXT(2) 
PARAMETRIC_REPRESENTATION_CONTEXT() REPRESENTATION_CONTEXT('2D SPACE',''
  ) );
#5680 = ORIENTED_EDGE('',*,*,#5681,.F.);
#5681 = EDGE_CURVE('',#3371,#5622,#5682,.T.);
#5682 = SURFACE_CURVE('',#5683,(#5686,#5693),.PCURVE_S1.);
#5683 = B_SPLINE_CURVE_WITH_KNOTS('',1,(#5684,#5685),.UNSPECIFIED.,.F.,
  .F.,(2,2),(1.,2.),.PIECEWISE_BEZIER_KNOTS.);
#5684 = CARTESIAN_POINT('',(-9.041380628828,-8.766462293909,
    58.488386923428));
#5685 = CARTESIAN_POINT('',(-15.25786964395,-11.91551924189,
    62.51935512762));
#5686 = PCURVE('',#1943,#5687);
#5687 = DEFINITIONAL_REPRESENTATION('',(#5688),#5692);
#5688 = LINE('',#5689,#5690);
#5689 = CARTESIAN_POINT('',(0.,1.));
#5690 = VECTOR('',#5691,1.);
#5691 = DIRECTION('',(1.,0.));
#5692 = ( GEOMETRIC_REPRESENTATION_CONTEXT(2) 
PARAMETRIC_REPRESENTATION_CONTEXT() REPRESENTATION_CONTEXT('2D SPACE',''
  ) );
#5693 = PCURVE('',#3390,#5694);
#5694 = DEFINITIONAL_REPRESENTATION('',(#5695),#5698);
#5695 = B_SPLINE_CURVE_WITH_KNOTS('',1,(#5696,#5697),.UNSPECIFIED.,.F.,
  .F.,(2,2),(1.,2.),.PIECEWISE_BEZIER_KNOTS.);
#5696 = CARTESIAN_POINT('',(1.681904753483,3.957422949371));
#5697 = CARTESIAN_POINT('',(8.69252552484,0.));
#5698 = ( GEOMETRIC_REPRESENTATION_CONTEXT(2) 
PARAMETRIC_REPRESENTATION_CONTEXT() REPRESENTATION_CONTEXT('2D SPACE',''
  ) );
#5699 = ORIENTED_EDGE('',*,*,#3402,.F.);
#5700 = ORIENTED_EDGE('',*,*,#1923,.T.);
#5701 = ADVANCED_FACE('',(#5702),#1887,.F.);
#5702 = FACE_BOUND('',#5703,.F.);
#5703 = EDGE_LOOP('',(#5704,#5737,#5756,#5757));
#5704 = ORIENTED_EDGE('',*,*,#5705,.F.);
#5705 = EDGE_CURVE('',#5706,#1812,#5708,.T.);
#5706 = VERTEX_POINT('',#5707);
#5707 = CARTESIAN_POINT('',(-41.78087966063,22.50693116399,
    -1.511613076572));
#5708 = SURFACE_CURVE('',#5709,(#5723,#5730),.PCURVE_S1.);
#5709 = ( BOUNDED_CURVE() B_SPLINE_CURVE(7,(#5710,#5711,#5712,#5713,
    #5714,#5715,#5716,#5717,#5718,#5719,#5720,#5721,#5722),
.UNSPECIFIED.,.F.,.F.) B_SPLINE_CURVE_WITH_KNOTS((8,5,8),(0.,
0.535767911908,1.),.UNSPECIFIED.) CURVE() GEOMETRIC_REPRESENTATION_ITEM(
) RATIONAL_B_SPLINE_CURVE((1.,1.,1.,1.,1.,1.,1.,1.,1.,1.,1.,1.,1.)) 
REPRESENTATION_ITEM('') );
#5710 = CARTESIAN_POINT('',(-41.78087966063,22.50693116399,
    -1.511613076572));
#5711 = CARTESIAN_POINT('',(-41.25698791466,18.630175727016,
    2.434944542846));
#5712 = CARTESIAN_POINT('',(-40.32756660369,14.860440282031,
    6.485104096036));
#5713 = CARTESIAN_POINT('',(-38.99089775377,11.257168545221,
    10.644750658563));
#5714 = CARTESIAN_POINT('',(-37.25565545859,7.887084524968,
    14.919677667483));
#5715 = CARTESIAN_POINT('',(-35.14404419935,4.823157213781,
    19.31515834809));
#5716 = CARTESIAN_POINT('',(-30.58173654881,-0.180435925866,
    27.751131872909));
#5717 = CARTESIAN_POINT('',(-25.09999658977,-3.609340570827,
    36.6188471481));
#5718 = CARTESIAN_POINT('',(-22.40180055086,-4.816948075379,
    40.828376737388));
#5719 = CARTESIAN_POINT('',(-19.60902654859,-5.60025821226,
    45.128294556514));
#5720 = CARTESIAN_POINT('',(-16.79623840709,-5.928932350669,
    49.512874576489));
#5721 = CARTESIAN_POINT('',(-14.05181900122,-5.794190324032,
    53.971279776403));
#5722 = CARTESIAN_POINT('',(-11.4636568785,-5.21363556435,
    58.488386923428));
#5723 = PCURVE('',#1887,#5724);
#5724 = DEFINITIONAL_REPRESENTATION('',(#5725),#5729);
#5725 = LINE('',#5726,#5727);
#5726 = CARTESIAN_POINT('',(0.,0.));
#5727 = VECTOR('',#5728,1.);
#5728 = DIRECTION('',(0.,1.));
#5729 = ( GEOMETRIC_REPRESENTATION_CONTEXT(2) 
PARAMETRIC_REPRESENTATION_CONTEXT() REPRESENTATION_CONTEXT('2D SPACE',''
  ) );
#5730 = PCURVE('',#1831,#5731);
#5731 = DEFINITIONAL_REPRESENTATION('',(#5732),#5736);
#5732 = LINE('',#5733,#5734);
#5733 = CARTESIAN_POINT('',(4.,0.));
#5734 = VECTOR('',#5735,1.);
#5735 = DIRECTION('',(0.,1.));
#5736 = ( GEOMETRIC_REPRESENTATION_CONTEXT(2) 
PARAMETRIC_REPRESENTATION_CONTEXT() REPRESENTATION_CONTEXT('2D SPACE',''
  ) );
#5737 = ORIENTED_EDGE('',*,*,#5738,.T.);
#5738 = EDGE_CURVE('',#5706,#5563,#5739,.T.);
#5739 = SURFACE_CURVE('',#5740,(#5743,#5750),.PCURVE_S1.);
#5740 = B_SPLINE_CURVE_WITH_KNOTS('',1,(#5741,#5742),.UNSPECIFIED.,.F.,
  .F.,(2,2),(0.,1.),.PIECEWISE_BEZIER_KNOTS.);
#5741 = CARTESIAN_POINT('',(-41.78087966063,22.50693116399,
    -1.511613076572));
#5742 = CARTESIAN_POINT('',(-43.64657973884,18.63276503201,
    -1.511613076572));
#5743 = PCURVE('',#1887,#5744);
#5744 = DEFINITIONAL_REPRESENTATION('',(#5745),#5749);
#5745 = LINE('',#5746,#5747);
#5746 = CARTESIAN_POINT('',(0.,0.));
#5747 = VECTOR('',#5748,1.);
#5748 = DIRECTION('',(1.,0.));
#5749 = ( GEOMETRIC_REPRESENTATION_CONTEXT(2) 
PARAMETRIC_REPRESENTATION_CONTEXT() REPRESENTATION_CONTEXT('2D SPACE',''
  ) );
#5750 = PCURVE('',#5610,#5751);
#5751 = DEFINITIONAL_REPRESENTATION('',(#5752),#5755);
#5752 = B_SPLINE_CURVE_WITH_KNOTS('',1,(#5753,#5754),.UNSPECIFIED.,.F.,
  .F.,(2,2),(0.,1.),.PIECEWISE_BEZIER_KNOTS.);
#5753 = CARTESIAN_POINT('',(0.,0.));
#5754 = CARTESIAN_POINT('',(0.383206014205,4.282890746993));
#5755 = ( GEOMETRIC_REPRESENTATION_CONTEXT(2) 
PARAMETRIC_REPRESENTATION_CONTEXT() REPRESENTATION_CONTEXT('2D SPACE',''
  ) );
#5756 = ORIENTED_EDGE('',*,*,#5562,.T.);
#5757 = ORIENTED_EDGE('',*,*,#1867,.T.);
#5758 = ADVANCED_FACE('',(#5759),#1831,.F.);
#5759 = FACE_BOUND('',#5760,.F.);
#5760 = EDGE_LOOP('',(#5761,#5796,#5815,#5816,#5817,#5818));
#5761 = ORIENTED_EDGE('',*,*,#5762,.F.);
#5762 = EDGE_CURVE('',#5763,#5765,#5767,.T.);
#5763 = VERTEX_POINT('',#5764);
#5764 = CARTESIAN_POINT('',(-71.74441516734,35.937684715999,
    17.635485893343));
#5765 = VERTEX_POINT('',#5766);
#5766 = CARTESIAN_POINT('',(-16.66616978911,-9.849922306101,
    62.51935512762));
#5767 = SURFACE_CURVE('',#5768,(#5782,#5789),.PCURVE_S1.);
#5768 = ( BOUNDED_CURVE() B_SPLINE_CURVE(7,(#5769,#5770,#5771,#5772,
    #5773,#5774,#5775,#5776,#5777,#5778,#5779,#5780,#5781),
.UNSPECIFIED.,.F.,.F.) B_SPLINE_CURVE_WITH_KNOTS((8,5,8),(0.,
0.535767911908,1.),.UNSPECIFIED.) CURVE() GEOMETRIC_REPRESENTATION_ITEM(
) RATIONAL_B_SPLINE_CURVE((1.,1.,1.,1.,1.,1.,1.,1.,1.,1.,1.,1.,1.)) 
REPRESENTATION_ITEM('') );
#5769 = CARTESIAN_POINT('',(-71.74441516734,35.937684715999,
    17.635485893343));
#5770 = CARTESIAN_POINT('',(-70.60995483801,29.257482508853,
    20.587765495267));
#5771 = CARTESIAN_POINT('',(-68.76924403646,22.7831852771,
    23.617546024661));
#5772 = CARTESIAN_POINT('',(-66.22119034664,16.619522571103,
    26.729229897539));
#5773 = CARTESIAN_POINT('',(-62.98321754244,10.883783273618,
    29.927150978457));
#5774 = CARTESIAN_POINT('',(-59.09677496349,5.703906006762,
    33.215253979953));
#5775 = CARTESIAN_POINT('',(-50.78061448021,-2.675706681513,
    39.525906189154));
#5776 = CARTESIAN_POINT('',(-40.91242351034,-8.234443347297,
    46.159529069459));
#5777 = CARTESIAN_POINT('',(-36.07719258111,-10.12931153103,
    49.308528663185));
#5778 = CARTESIAN_POINT('',(-31.09294662175,-11.26952361885,
    52.525144481713));
#5779 = CARTESIAN_POINT('',(-26.09231203897,-11.6037814371,
    55.805093086109));
#5780 = CARTESIAN_POINT('',(-21.23175540336,-11.11929116521,
    59.140267685883));
#5781 = CARTESIAN_POINT('',(-16.66616978911,-9.849922306101,
    62.51935512762));
#5782 = PCURVE('',#1831,#5783);
#5783 = DEFINITIONAL_REPRESENTATION('',(#5784),#5788);
#5784 = LINE('',#5785,#5786);
#5785 = CARTESIAN_POINT('',(3.,0.));
#5786 = VECTOR('',#5787,1.);
#5787 = DIRECTION('',(0.,1.));
#5788 = ( GEOMETRIC_REPRESENTATION_CONTEXT(2) 
PARAMETRIC_REPRESENTATION_CONTEXT() REPRESENTATION_CONTEXT('2D SPACE',''
  ) );
#5789 = PCURVE('',#5647,#5790);
#5790 = DEFINITIONAL_REPRESENTATION('',(#5791),#5795);
#5791 = LINE('',#5792,#5793);
#5792 = CARTESIAN_POINT('',(3.,0.));
#5793 = VECTOR('',#5794,1.);
#5794 = DIRECTION('',(0.,1.));
#5795 = ( GEOMETRIC_REPRESENTATION_CONTEXT(2) 
PARAMETRIC_REPRESENTATION_CONTEXT() REPRESENTATION_CONTEXT('2D SPACE',''
  ) );
#5796 = ORIENTED_EDGE('',*,*,#5797,.T.);
#5797 = EDGE_CURVE('',#5763,#5706,#5798,.T.);
#5798 = SURFACE_CURVE('',#5799,(#5802,#5809),.PCURVE_S1.);
#5799 = B_SPLINE_CURVE_WITH_KNOTS('',1,(#5800,#5801),.UNSPECIFIED.,.F.,
  .F.,(2,2),(3.,4.),.PIECEWISE_BEZIER_KNOTS.);
#5800 = CARTESIAN_POINT('',(-71.74441516734,35.937684715999,
    17.635485893343));
#5801 = CARTESIAN_POINT('',(-41.78087966063,22.50693116399,
    -1.511613076572));
#5802 = PCURVE('',#1831,#5803);
#5803 = DEFINITIONAL_REPRESENTATION('',(#5804),#5808);
#5804 = LINE('',#5805,#5806);
#5805 = CARTESIAN_POINT('',(0.,0.));
#5806 = VECTOR('',#5807,1.);
#5807 = DIRECTION('',(1.,0.));
#5808 = ( GEOMETRIC_REPRESENTATION_CONTEXT(2) 
PARAMETRIC_REPRESENTATION_CONTEXT() REPRESENTATION_CONTEXT('2D SPACE',''
  ) );
#5809 = PCURVE('',#5610,#5810);
#5810 = DEFINITIONAL_REPRESENTATION('',(#5811),#5814);
#5811 = B_SPLINE_CURVE_WITH_KNOTS('',1,(#5812,#5813),.UNSPECIFIED.,.F.,
  .F.,(2,2),(3.,4.),.PIECEWISE_BEZIER_KNOTS.);
#5812 = CARTESIAN_POINT('',(37.92900786012,-2.49005275988));
#5813 = CARTESIAN_POINT('',(-7.105427357601E-15,0.));
#5814 = ( GEOMETRIC_REPRESENTATION_CONTEXT(2) 
PARAMETRIC_REPRESENTATION_CONTEXT() REPRESENTATION_CONTEXT('2D SPACE',''
  ) );
#5815 = ORIENTED_EDGE('',*,*,#5705,.T.);
#5816 = ORIENTED_EDGE('',*,*,#1811,.F.);
#5817 = ORIENTED_EDGE('',*,*,#3899,.T.);
#5818 = ORIENTED_EDGE('',*,*,#5819,.F.);
#5819 = EDGE_CURVE('',#5765,#3716,#5820,.T.);
#5820 = SURFACE_CURVE('',#5821,(#5824,#5831),.PCURVE_S1.);
#5821 = B_SPLINE_CURVE_WITH_KNOTS('',1,(#5822,#5823),.UNSPECIFIED.,.F.,
  .F.,(2,2),(3.,4.),.PIECEWISE_BEZIER_KNOTS.);
#5822 = CARTESIAN_POINT('',(-16.66616978911,-9.849922306101,
    62.51935512762));
#5823 = CARTESIAN_POINT('',(-11.4636568785,-5.21363556435,
    58.488386923428));
#5824 = PCURVE('',#1831,#5825);
#5825 = DEFINITIONAL_REPRESENTATION('',(#5826),#5830);
#5826 = LINE('',#5827,#5828);
#5827 = CARTESIAN_POINT('',(0.,1.));
#5828 = VECTOR('',#5829,1.);
#5829 = DIRECTION('',(1.,0.));
#5830 = ( GEOMETRIC_REPRESENTATION_CONTEXT(2) 
PARAMETRIC_REPRESENTATION_CONTEXT() REPRESENTATION_CONTEXT('2D SPACE',''
  ) );
#5831 = PCURVE('',#3390,#5832);
#5832 = DEFINITIONAL_REPRESENTATION('',(#5833),#5836);
#5833 = B_SPLINE_CURVE_WITH_KNOTS('',1,(#5834,#5835),.UNSPECIFIED.,.F.,
  .F.,(2,2),(3.,4.),.PIECEWISE_BEZIER_KNOTS.);
#5834 = CARTESIAN_POINT('',(7.714673923978,-2.300827296146));
#5835 = CARTESIAN_POINT('',(0.,0.));
#5836 = ( GEOMETRIC_REPRESENTATION_CONTEXT(2) 
PARAMETRIC_REPRESENTATION_CONTEXT() REPRESENTATION_CONTEXT('2D SPACE',''
  ) );
#5837 = ADVANCED_FACE('',(#5838),#1752,.F.);
#5838 = FACE_BOUND('',#5839,.F.);
#5839 = EDGE_LOOP('',(#5840,#5873,#5899,#5959,#5978,#5979));
#5840 = ORIENTED_EDGE('',*,*,#5841,.F.);
#5841 = EDGE_CURVE('',#5842,#1677,#5844,.T.);
#5842 = VERTEX_POINT('',#5843);
#5843 = CARTESIAN_POINT('',(-12.64551504572,45.741609119766,
    -1.511613076572));
#5844 = SURFACE_CURVE('',#5845,(#5859,#5866),.PCURVE_S1.);
#5845 = ( BOUNDED_CURVE() B_SPLINE_CURVE(7,(#5846,#5847,#5848,#5849,
    #5850,#5851,#5852,#5853,#5854,#5855,#5856,#5857,#5858),
.UNSPECIFIED.,.F.,.F.) B_SPLINE_CURVE_WITH_KNOTS((8,5,8),(0.,
0.535767911908,1.),.UNSPECIFIED.) CURVE() GEOMETRIC_REPRESENTATION_ITEM(
) RATIONAL_B_SPLINE_CURVE((1.,1.,1.,1.,1.,1.,1.,1.,1.,1.,1.,1.,1.)) 
REPRESENTATION_ITEM('') );
#5846 = CARTESIAN_POINT('',(-12.64551504572,45.741609119766,
    -1.511613076572));
#5847 = CARTESIAN_POINT('',(-15.28393569697,42.626136519083,
    2.434944542845));
#5848 = CARTESIAN_POINT('',(-17.56090668791,39.258051360189,
    6.48510409604));
#5849 = CARTESIAN_POINT('',(-19.42709937844,35.675375851706,
    10.644750658555));
#5850 = CARTESIAN_POINT('',(-20.83407703282,31.92935231588,
    14.91967766749));
#5851 = CARTESIAN_POINT('',(-21.73719387479,28.086320910967,
    19.315158348087));
#5852 = CARTESIAN_POINT('',(-22.41915552574,20.893671068964,
    27.751131872911));
#5853 = CARTESIAN_POINT('',(-21.19051857739,14.018294144435,
    36.618847148098));
#5854 = CARTESIAN_POINT('',(-20.20139058372,10.961039156331,
    40.828376737391));
#5855 = CARTESIAN_POINT('',(-18.79962053835,8.112810090717,
    45.128294556511));
#5856 = CARTESIAN_POINT('',(-17.00964417262,5.55457879318,
    49.512874576491));
#5857 = CARTESIAN_POINT('',(-14.88263751894,3.364496708438,
    53.971279776402));
#5858 = CARTESIAN_POINT('',(-12.49110482804,1.603036181963,
    58.488386923428));
#5859 = PCURVE('',#1752,#5860);
#5860 = DEFINITIONAL_REPRESENTATION('',(#5861),#5865);
#5861 = LINE('',#5862,#5863);
#5862 = CARTESIAN_POINT('',(1.,0.));
#5863 = VECTOR('',#5864,1.);
#5864 = DIRECTION('',(0.,1.));
#5865 = ( GEOMETRIC_REPRESENTATION_CONTEXT(2) 
PARAMETRIC_REPRESENTATION_CONTEXT() REPRESENTATION_CONTEXT('2D SPACE',''
  ) );
#5866 = PCURVE('',#1696,#5867);
#5867 = DEFINITIONAL_REPRESENTATION('',(#5868),#5872);
#5868 = LINE('',#5869,#5870);
#5869 = CARTESIAN_POINT('',(1.,0.));
#5870 = VECTOR('',#5871,1.);
#5871 = DIRECTION('',(0.,1.));
#5872 = ( GEOMETRIC_REPRESENTATION_CONTEXT(2) 
PARAMETRIC_REPRESENTATION_CONTEXT() REPRESENTATION_CONTEXT('2D SPACE',''
  ) );
#5873 = ORIENTED_EDGE('',*,*,#5874,.T.);
#5874 = EDGE_CURVE('',#5842,#5875,#5877,.T.);
#5875 = VERTEX_POINT('',#5876);
#5876 = CARTESIAN_POINT('',(-19.07201765963,77.942520057032,
    17.635485893343));
#5877 = SURFACE_CURVE('',#5878,(#5881,#5888),.PCURVE_S1.);
#5878 = B_SPLINE_CURVE_WITH_KNOTS('',1,(#5879,#5880),.UNSPECIFIED.,.F.,
  .F.,(2,2),(1.,2.),.PIECEWISE_BEZIER_KNOTS.);
#5879 = CARTESIAN_POINT('',(-12.64551504572,45.741609119766,
    -1.511613076572));
#5880 = CARTESIAN_POINT('',(-19.07201765963,77.942520057032,
    17.635485893343));
#5881 = PCURVE('',#1752,#5882);
#5882 = DEFINITIONAL_REPRESENTATION('',(#5883),#5887);
#5883 = LINE('',#5884,#5885);
#5884 = CARTESIAN_POINT('',(0.,0.));
#5885 = VECTOR('',#5886,1.);
#5886 = DIRECTION('',(1.,0.));
#5887 = ( GEOMETRIC_REPRESENTATION_CONTEXT(2) 
PARAMETRIC_REPRESENTATION_CONTEXT() REPRESENTATION_CONTEXT('2D SPACE',''
  ) );
#5888 = PCURVE('',#5889,#5894);
#5889 = PLANE('',#5890);
#5890 = AXIS2_PLACEMENT_3D('',#5891,#5892,#5893);
#5891 = CARTESIAN_POINT('',(-8.453325023346,46.698449135778,
    -1.511613076572));
#5892 = DIRECTION('',(0.112121851193,-0.491237926923,0.863778900898));
#5893 = DIRECTION('',(-0.278327420056,0.818940895025,0.501866175092));
#5894 = DEFINITIONAL_REPRESENTATION('',(#5895),#5898);
#5895 = B_SPLINE_CURVE_WITH_KNOTS('',1,(#5896,#5897),.UNSPECIFIED.,.F.,
  .F.,(2,2),(1.,2.),.PIECEWISE_BEZIER_KNOTS.);
#5896 = CARTESIAN_POINT('',(0.383206014205,4.282890746993));
#5897 = CARTESIAN_POINT('',(38.151802054425,-8.881784197001E-16));
#5898 = ( GEOMETRIC_REPRESENTATION_CONTEXT(2) 
PARAMETRIC_REPRESENTATION_CONTEXT() REPRESENTATION_CONTEXT('2D SPACE',''
  ) );
#5899 = ORIENTED_EDGE('',*,*,#5900,.T.);
#5900 = EDGE_CURVE('',#5875,#5901,#5903,.T.);
#5901 = VERTEX_POINT('',#5902);
#5902 = CARTESIAN_POINT('',(-18.82905419435,4.499878111865,
    62.51935512762));
#5903 = SURFACE_CURVE('',#5904,(#5918,#5925),.PCURVE_S1.);
#5904 = ( BOUNDED_CURVE() B_SPLINE_CURVE(7,(#5905,#5906,#5907,#5908,
    #5909,#5910,#5911,#5912,#5913,#5914,#5915,#5916,#5917),
.UNSPECIFIED.,.F.,.F.) B_SPLINE_CURVE_WITH_KNOTS((8,5,8),(0.,
0.535767911908,1.),.UNSPECIFIED.) CURVE() GEOMETRIC_REPRESENTATION_ITEM(
) RATIONAL_B_SPLINE_CURVE((1.,1.,1.,1.,1.,1.,1.,1.,1.,1.,1.,1.,1.)) 
REPRESENTATION_ITEM('') );
#5905 = CARTESIAN_POINT('',(-19.07201765963,77.942520057032,
    17.635485893343));
#5906 = CARTESIAN_POINT('',(-23.54916721411,72.722641549034,
    20.58776549527));
#5907 = CARTESIAN_POINT('',(-27.41049699944,67.077646717099,
    23.617546024653));
#5908 = CARTESIAN_POINT('',(-30.57240868988,61.073318133622,
    26.72922989755));
#5909 = CARTESIAN_POINT('',(-32.95309009994,54.798068829415,
    29.927150978449));
#5910 = CARTESIAN_POINT('',(-34.47752047628,48.366099543776,
    33.215253979956));
#5911 = CARTESIAN_POINT('',(-35.61982382909,36.345471576962,
    39.525906189151));
#5912 = CARTESIAN_POINT('',(-33.52725761461,24.901781388578,
    46.159529069461));
#5913 = CARTESIAN_POINT('',(-31.84809185251,19.826764974634,
    49.308528663182));
#5914 = CARTESIAN_POINT('',(-29.47324434687,15.116476432254,
    52.525144481715));
#5915 = CARTESIAN_POINT('',(-26.44626818028,10.908777006454,
    55.805093086109));
#5916 = CARTESIAN_POINT('',(-22.85642234396,7.336053415372,
    59.140267685883));
#5917 = CARTESIAN_POINT('',(-18.82905419435,4.499878111865,
    62.51935512762));
#5918 = PCURVE('',#1752,#5919);
#5919 = DEFINITIONAL_REPRESENTATION('',(#5920),#5924);
#5920 = LINE('',#5921,#5922);
#5921 = CARTESIAN_POINT('',(2.,0.));
#5922 = VECTOR('',#5923,1.);
#5923 = DIRECTION('',(0.,1.));
#5924 = ( GEOMETRIC_REPRESENTATION_CONTEXT(2) 
PARAMETRIC_REPRESENTATION_CONTEXT() REPRESENTATION_CONTEXT('2D SPACE',''
  ) );
#5925 = PCURVE('',#5926,#5953);
#5926 = ( BOUNDED_SURFACE() B_SPLINE_SURFACE(1,7,(
    (#5927,#5928,#5929,#5930,#5931,#5932,#5933,#5934,#5935,#5936,#5937
      ,#5938,#5939)
    ,(#5940,#5941,#5942,#5943,#5944,#5945,#5946,#5947,#5948,#5949,#5950
      ,#5951,#5952
)),.UNSPECIFIED.,.F.,.F.,.F.) B_SPLINE_SURFACE_WITH_KNOTS((2,2),(8,5,8),
  (2.,3.),(0.,0.535767911908,1.),.UNSPECIFIED.) 
GEOMETRIC_REPRESENTATION_ITEM() RATIONAL_B_SPLINE_SURFACE((
    (1.,1.,1.,1.,1.,1.,1.,1.,1.,1.,1.,1.,1.)
,(1.,1.,1.,1.,1.,1.,1.,1.,1.,1.,1.,1.,1.
))) REPRESENTATION_ITEM('') SURFACE() );
#5927 = CARTESIAN_POINT('',(-19.07201765963,77.942520057032,
    17.635485893343));
#5928 = CARTESIAN_POINT('',(-23.54916721411,72.722641549034,
    20.58776549527));
#5929 = CARTESIAN_POINT('',(-27.41049699944,67.077646717099,
    23.617546024653));
#5930 = CARTESIAN_POINT('',(-30.57240868988,61.073318133622,
    26.72922989755));
#5931 = CARTESIAN_POINT('',(-32.95309009994,54.798068829415,
    29.927150978449));
#5932 = CARTESIAN_POINT('',(-34.47752047628,48.366099543776,
    33.215253979956));
#5933 = CARTESIAN_POINT('',(-35.61982382909,36.345471576962,
    39.525906189151));
#5934 = CARTESIAN_POINT('',(-33.52725761461,24.901781388578,
    46.159529069461));
#5935 = CARTESIAN_POINT('',(-31.84809185251,19.826764974634,
    49.308528663182));
#5936 = CARTESIAN_POINT('',(-29.47324434687,15.116476432254,
    52.525144481715));
#5937 = CARTESIAN_POINT('',(-26.44626818028,10.908777006454,
    55.805093086109));
#5938 = CARTESIAN_POINT('',(-22.85642234396,7.336053415372,
    59.140267685883));
#5939 = CARTESIAN_POINT('',(-18.82905419435,4.499878111865,
    62.51935512762));
#5940 = CARTESIAN_POINT('',(-16.63469787917,78.498822391923,
    17.635485893343));
#5941 = CARTESIAN_POINT('',(-21.15016582802,73.446827640339,
    20.58776549527));
#5942 = CARTESIAN_POINT('',(-25.06431081773,67.971043687361,
    23.617546024653));
#5943 = CARTESIAN_POINT('',(-28.29457087839,62.135914254365,
    26.72922989755));
#5944 = CARTESIAN_POINT('',(-30.76010941429,56.028190218551,
    29.927150978449));
#5945 = CARTESIAN_POINT('',(-32.38674322334,49.760046404764,
    33.215253979956));
#5946 = CARTESIAN_POINT('',(-33.75314698199,38.03360727101,
    39.525906189151));
#5947 = CARTESIAN_POINT('',(-31.94642587754,26.852529273434,
    46.159529069461));
#5948 = CARTESIAN_POINT('',(-30.4131763047,21.890762519523,
    49.308528663182));
#5949 = CARTESIAN_POINT('',(-28.19700348603,17.283011503426,
    52.525144481715));
#5950 = CARTESIAN_POINT('',(-25.34049210642,13.164951613412,
    55.805093086109));
#5951 = CARTESIAN_POINT('',(-21.93119486524,9.666890156999,
    59.140267685883));
#5952 = CARTESIAN_POINT('',(-18.09216625833,6.88881012633,62.51935512762
    ));
#5953 = DEFINITIONAL_REPRESENTATION('',(#5954),#5958);
#5954 = LINE('',#5955,#5956);
#5955 = CARTESIAN_POINT('',(2.,0.));
#5956 = VECTOR('',#5957,1.);
#5957 = DIRECTION('',(0.,1.));
#5958 = ( GEOMETRIC_REPRESENTATION_CONTEXT(2) 
PARAMETRIC_REPRESENTATION_CONTEXT() REPRESENTATION_CONTEXT('2D SPACE',''
  ) );
#5959 = ORIENTED_EDGE('',*,*,#5960,.F.);
#5960 = EDGE_CURVE('',#3744,#5901,#5961,.T.);
#5961 = SURFACE_CURVE('',#5962,(#5965,#5972),.PCURVE_S1.);
#5962 = B_SPLINE_CURVE_WITH_KNOTS('',1,(#5963,#5964),.UNSPECIFIED.,.F.,
  .F.,(2,2),(1.,2.),.PIECEWISE_BEZIER_KNOTS.);
#5963 = CARTESIAN_POINT('',(-12.49110482804,1.603036181963,
    58.488386923428));
#5964 = CARTESIAN_POINT('',(-18.82905419435,4.499878111865,
    62.51935512762));
#5965 = PCURVE('',#1752,#5966);
#5966 = DEFINITIONAL_REPRESENTATION('',(#5967),#5971);
#5967 = LINE('',#5968,#5969);
#5968 = CARTESIAN_POINT('',(0.,1.));
#5969 = VECTOR('',#5970,1.);
#5970 = DIRECTION('',(1.,0.));
#5971 = ( GEOMETRIC_REPRESENTATION_CONTEXT(2) 
PARAMETRIC_REPRESENTATION_CONTEXT() REPRESENTATION_CONTEXT('2D SPACE',''
  ) );
#5972 = PCURVE('',#3763,#5973);
#5973 = DEFINITIONAL_REPRESENTATION('',(#5974),#5977);
#5974 = B_SPLINE_CURVE_WITH_KNOTS('',1,(#5975,#5976),.UNSPECIFIED.,.F.,
  .F.,(2,2),(1.,2.),.PIECEWISE_BEZIER_KNOTS.);
#5975 = CARTESIAN_POINT('',(1.681904753483,3.957422949371));
#5976 = CARTESIAN_POINT('',(8.69252552484,0.));
#5977 = ( GEOMETRIC_REPRESENTATION_CONTEXT(2) 
PARAMETRIC_REPRESENTATION_CONTEXT() REPRESENTATION_CONTEXT('2D SPACE',''
  ) );
#5978 = ORIENTED_EDGE('',*,*,#3775,.F.);
#5979 = ORIENTED_EDGE('',*,*,#1732,.T.);
#5980 = ADVANCED_FACE('',(#5981),#1696,.F.);
#5981 = FACE_BOUND('',#5982,.F.);
#5982 = EDGE_LOOP('',(#5983,#6016,#6035,#6036));
#5983 = ORIENTED_EDGE('',*,*,#5984,.F.);
#5984 = EDGE_CURVE('',#5985,#1621,#5987,.T.);
#5985 = VERTEX_POINT('',#5986);
#5986 = CARTESIAN_POINT('',(-8.453325023346,46.698449135778,
    -1.511613076572));
#5987 = SURFACE_CURVE('',#5988,(#6002,#6009),.PCURVE_S1.);
#5988 = ( BOUNDED_CURVE() B_SPLINE_CURVE(7,(#5989,#5990,#5991,#5992,
    #5993,#5994,#5995,#5996,#5997,#5998,#5999,#6000,#6001),
.UNSPECIFIED.,.F.,.F.) B_SPLINE_CURVE_WITH_KNOTS((8,5,8),(0.,
0.535767911908,1.),.UNSPECIFIED.) CURVE() GEOMETRIC_REPRESENTATION_ITEM(
) RATIONAL_B_SPLINE_CURVE((1.,1.,1.,1.,1.,1.,1.,1.,1.,1.,1.,1.,1.)) 
REPRESENTATION_ITEM('') );
#5989 = CARTESIAN_POINT('',(-8.453325023346,46.698449135778,
    -1.511613076572));
#5990 = CARTESIAN_POINT('',(-11.1576533129,43.871736596118,
    2.434944542845));
#5991 = CARTESIAN_POINT('',(-13.52546645535,40.794694149065,
    6.48510409604));
#5992 = CARTESIAN_POINT('',(-15.50921834269,37.50304117935,
    10.644750658555));
#5993 = CARTESIAN_POINT('',(-17.06215025348,34.04516110522,
    14.91967766749));
#5994 = CARTESIAN_POINT('',(-18.14105699974,30.483909511857,
    19.315158348087));
#5995 = CARTESIAN_POINT('',(-19.20847134872,23.797264462737,
    27.751131872911));
#5996 = CARTESIAN_POINT('',(-18.47148798963,17.373580506382,
    36.618847148098));
#5997 = CARTESIAN_POINT('',(-17.73333584148,14.51111493355,
    40.828376737391));
#5998 = CARTESIAN_POINT('',(-16.60448625771,11.839250413123,
    45.128294556511));
#5999 = CARTESIAN_POINT('',(-15.10770932559,9.435199117154,
    49.512874576491));
#6000 = CARTESIAN_POINT('',(-13.29124625556,7.373535904035,
    53.971279776402));
#6001 = CARTESIAN_POINT('',(-11.22365757807,5.711999246843,
    58.488386923428));
#6002 = PCURVE('',#1696,#6003);
#6003 = DEFINITIONAL_REPRESENTATION('',(#6004),#6008);
#6004 = LINE('',#6005,#6006);
#6005 = CARTESIAN_POINT('',(0.,0.));
#6006 = VECTOR('',#6007,1.);
#6007 = DIRECTION('',(0.,1.));
#6008 = ( GEOMETRIC_REPRESENTATION_CONTEXT(2) 
PARAMETRIC_REPRESENTATION_CONTEXT() REPRESENTATION_CONTEXT('2D SPACE',''
  ) );
#6009 = PCURVE('',#1640,#6010);
#6010 = DEFINITIONAL_REPRESENTATION('',(#6011),#6015);
#6011 = LINE('',#6012,#6013);
#6012 = CARTESIAN_POINT('',(4.,0.));
#6013 = VECTOR('',#6014,1.);
#6014 = DIRECTION('',(0.,1.));
#6015 = ( GEOMETRIC_REPRESENTATION_CONTEXT(2) 
PARAMETRIC_REPRESENTATION_CONTEXT() REPRESENTATION_CONTEXT('2D SPACE',''
  ) );
#6016 = ORIENTED_EDGE('',*,*,#6017,.T.);
#6017 = EDGE_CURVE('',#5985,#5842,#6018,.T.);
#6018 = SURFACE_CURVE('',#6019,(#6022,#6029),.PCURVE_S1.);
#6019 = B_SPLINE_CURVE_WITH_KNOTS('',1,(#6020,#6021),.UNSPECIFIED.,.F.,
  .F.,(2,2),(0.,1.),.PIECEWISE_BEZIER_KNOTS.);
#6020 = CARTESIAN_POINT('',(-8.453325023346,46.698449135778,
    -1.511613076572));
#6021 = CARTESIAN_POINT('',(-12.64551504572,45.741609119766,
    -1.511613076572));
#6022 = PCURVE('',#1696,#6023);
#6023 = DEFINITIONAL_REPRESENTATION('',(#6024),#6028);
#6024 = LINE('',#6025,#6026);
#6025 = CARTESIAN_POINT('',(0.,0.));
#6026 = VECTOR('',#6027,1.);
#6027 = DIRECTION('',(1.,0.));
#6028 = ( GEOMETRIC_REPRESENTATION_CONTEXT(2) 
PARAMETRIC_REPRESENTATION_CONTEXT() REPRESENTATION_CONTEXT('2D SPACE',''
  ) );
#6029 = PCURVE('',#5889,#6030);
#6030 = DEFINITIONAL_REPRESENTATION('',(#6031),#6034);
#6031 = B_SPLINE_CURVE_WITH_KNOTS('',1,(#6032,#6033),.UNSPECIFIED.,.F.,
  .F.,(2,2),(0.,1.),.PIECEWISE_BEZIER_KNOTS.);
#6032 = CARTESIAN_POINT('',(0.,0.));
#6033 = CARTESIAN_POINT('',(0.383206014205,4.282890746993));
#6034 = ( GEOMETRIC_REPRESENTATION_CONTEXT(2) 
PARAMETRIC_REPRESENTATION_CONTEXT() REPRESENTATION_CONTEXT('2D SPACE',''
  ) );
#6035 = ORIENTED_EDGE('',*,*,#5841,.T.);
#6036 = ORIENTED_EDGE('',*,*,#1676,.T.);
#6037 = ADVANCED_FACE('',(#6038),#1640,.F.);
#6038 = FACE_BOUND('',#6039,.F.);
#6039 = EDGE_LOOP('',(#6040,#6075,#6094,#6095,#6096,#6097));
#6040 = ORIENTED_EDGE('',*,*,#6041,.F.);
#6041 = EDGE_CURVE('',#6042,#6044,#6046,.T.);
#6042 = VERTEX_POINT('',#6043);
#6043 = CARTESIAN_POINT('',(-16.63469787917,78.498822391923,
    17.635485893343));
#6044 = VERTEX_POINT('',#6045);
#6045 = CARTESIAN_POINT('',(-18.09216625833,6.88881012633,62.51935512762
    ));
#6046 = SURFACE_CURVE('',#6047,(#6061,#6068),.PCURVE_S1.);
#6047 = ( BOUNDED_CURVE() B_SPLINE_CURVE(7,(#6048,#6049,#6050,#6051,
    #6052,#6053,#6054,#6055,#6056,#6057,#6058,#6059,#6060),
.UNSPECIFIED.,.F.,.F.) B_SPLINE_CURVE_WITH_KNOTS((8,5,8),(0.,
0.535767911908,1.),.UNSPECIFIED.) CURVE() GEOMETRIC_REPRESENTATION_ITEM(
) RATIONAL_B_SPLINE_CURVE((1.,1.,1.,1.,1.,1.,1.,1.,1.,1.,1.,1.,1.)) 
REPRESENTATION_ITEM('') );
#6048 = CARTESIAN_POINT('',(-16.63469787917,78.498822391923,
    17.635485893343));
#6049 = CARTESIAN_POINT('',(-21.15016582802,73.446827640339,
    20.58776549527));
#6050 = CARTESIAN_POINT('',(-25.06431081773,67.971043687361,
    23.617546024653));
#6051 = CARTESIAN_POINT('',(-28.29457087839,62.135914254365,
    26.72922989755));
#6052 = CARTESIAN_POINT('',(-30.76010941429,56.028190218551,
    29.927150978449));
#6053 = CARTESIAN_POINT('',(-32.38674322334,49.760046404764,
    33.215253979956));
#6054 = CARTESIAN_POINT('',(-33.75314698199,38.03360727101,
    39.525906189151));
#6055 = CARTESIAN_POINT('',(-31.94642587754,26.852529273434,
    46.159529069461));
#6056 = CARTESIAN_POINT('',(-30.4131763047,21.890762519523,
    49.308528663182));
#6057 = CARTESIAN_POINT('',(-28.19700348603,17.283011503426,
    52.525144481715));
#6058 = CARTESIAN_POINT('',(-25.34049210642,13.164951613412,
    55.805093086109));
#6059 = CARTESIAN_POINT('',(-21.93119486524,9.666890156999,
    59.140267685883));
#6060 = CARTESIAN_POINT('',(-18.09216625833,6.88881012633,62.51935512762
    ));
#6061 = PCURVE('',#1640,#6062);
#6062 = DEFINITIONAL_REPRESENTATION('',(#6063),#6067);
#6063 = LINE('',#6064,#6065);
#6064 = CARTESIAN_POINT('',(3.,0.));
#6065 = VECTOR('',#6066,1.);
#6066 = DIRECTION('',(0.,1.));
#6067 = ( GEOMETRIC_REPRESENTATION_CONTEXT(2) 
PARAMETRIC_REPRESENTATION_CONTEXT() REPRESENTATION_CONTEXT('2D SPACE',''
  ) );
#6068 = PCURVE('',#5926,#6069);
#6069 = DEFINITIONAL_REPRESENTATION('',(#6070),#6074);
#6070 = LINE('',#6071,#6072);
#6071 = CARTESIAN_POINT('',(3.,0.));
#6072 = VECTOR('',#6073,1.);
#6073 = DIRECTION('',(0.,1.));
#6074 = ( GEOMETRIC_REPRESENTATION_CONTEXT(2) 
PARAMETRIC_REPRESENTATION_CONTEXT() REPRESENTATION_CONTEXT('2D SPACE',''
  ) );
#6075 = ORIENTED_EDGE('',*,*,#6076,.T.);
#6076 = EDGE_CURVE('',#6042,#5985,#6077,.T.);
#6077 = SURFACE_CURVE('',#6078,(#6081,#6088),.PCURVE_S1.);
#6078 = B_SPLINE_CURVE_WITH_KNOTS('',1,(#6079,#6080),.UNSPECIFIED.,.F.,
  .F.,(2,2),(3.,4.),.PIECEWISE_BEZIER_KNOTS.);
#6079 = CARTESIAN_POINT('',(-16.63469787917,78.498822391923,
    17.635485893343));
#6080 = CARTESIAN_POINT('',(-8.453325023346,46.698449135778,
    -1.511613076572));
#6081 = PCURVE('',#1640,#6082);
#6082 = DEFINITIONAL_REPRESENTATION('',(#6083),#6087);
#6083 = LINE('',#6084,#6085);
#6084 = CARTESIAN_POINT('',(0.,0.));
#6085 = VECTOR('',#6086,1.);
#6086 = DIRECTION('',(1.,0.));
#6087 = ( GEOMETRIC_REPRESENTATION_CONTEXT(2) 
PARAMETRIC_REPRESENTATION_CONTEXT() REPRESENTATION_CONTEXT('2D SPACE',''
  ) );
#6088 = PCURVE('',#5889,#6089);
#6089 = DEFINITIONAL_REPRESENTATION('',(#6090),#6093);
#6090 = B_SPLINE_CURVE_WITH_KNOTS('',1,(#6091,#6092),.UNSPECIFIED.,.F.,
  .F.,(2,2),(3.,4.),.PIECEWISE_BEZIER_KNOTS.);
#6091 = CARTESIAN_POINT('',(37.92900786012,-2.49005275988));
#6092 = CARTESIAN_POINT('',(-7.105427357601E-15,0.));
#6093 = ( GEOMETRIC_REPRESENTATION_CONTEXT(2) 
PARAMETRIC_REPRESENTATION_CONTEXT() REPRESENTATION_CONTEXT('2D SPACE',''
  ) );
#6094 = ORIENTED_EDGE('',*,*,#5984,.T.);
#6095 = ORIENTED_EDGE('',*,*,#1620,.F.);
#6096 = ORIENTED_EDGE('',*,*,#4613,.T.);
#6097 = ORIENTED_EDGE('',*,*,#6098,.F.);
#6098 = EDGE_CURVE('',#6044,#4614,#6099,.T.);
#6099 = SURFACE_CURVE('',#6100,(#6103,#6110),.PCURVE_S1.);
#6100 = B_SPLINE_CURVE_WITH_KNOTS('',1,(#6101,#6102),.UNSPECIFIED.,.F.,
  .F.,(2,2),(3.,4.),.PIECEWISE_BEZIER_KNOTS.);
#6101 = CARTESIAN_POINT('',(-18.09216625833,6.88881012633,62.51935512762
    ));
#6102 = CARTESIAN_POINT('',(-11.22365757807,5.711999246843,
    58.488386923428));
#6103 = PCURVE('',#1640,#6104);
#6104 = DEFINITIONAL_REPRESENTATION('',(#6105),#6109);
#6105 = LINE('',#6106,#6107);
#6106 = CARTESIAN_POINT('',(0.,1.));
#6107 = VECTOR('',#6108,1.);
#6108 = DIRECTION('',(1.,0.));
#6109 = ( GEOMETRIC_REPRESENTATION_CONTEXT(2) 
PARAMETRIC_REPRESENTATION_CONTEXT() REPRESENTATION_CONTEXT('2D SPACE',''
  ) );
#6110 = PCURVE('',#3763,#6111);
#6111 = DEFINITIONAL_REPRESENTATION('',(#6112),#6115);
#6112 = B_SPLINE_CURVE_WITH_KNOTS('',1,(#6113,#6114),.UNSPECIFIED.,.F.,
  .F.,(2,2),(3.,4.),.PIECEWISE_BEZIER_KNOTS.);
#6113 = CARTESIAN_POINT('',(7.714673923978,-2.300827296146));
#6114 = CARTESIAN_POINT('',(0.,0.));
#6115 = ( GEOMETRIC_REPRESENTATION_CONTEXT(2) 
PARAMETRIC_REPRESENTATION_CONTEXT() REPRESENTATION_CONTEXT('2D SPACE',''
  ) );
#6116 = ADVANCED_FACE('',(#6117),#1560,.F.);
#6117 = FACE_BOUND('',#6118,.F.);
#6118 = EDGE_LOOP('',(#6119,#6152,#6178,#6238,#6257,#6258));
#6119 = ORIENTED_EDGE('',*,*,#6120,.F.);
#6120 = EDGE_CURVE('',#6121,#1485,#6123,.T.);
#6121 = VERTEX_POINT('',#6122);
#6122 = CARTESIAN_POINT('',(27.877880398318,38.406088581556,
    -1.511613076572));
#6123 = SURFACE_CURVE('',#6124,(#6138,#6145),.PCURVE_S1.);
#6124 = ( BOUNDED_CURVE() B_SPLINE_CURVE(7,(#6125,#6126,#6127,#6128,
    #6129,#6130,#6131,#6132,#6133,#6134,#6135,#6136,#6137),
.UNSPECIFIED.,.F.,.F.) B_SPLINE_CURVE_WITH_KNOTS((8,5,8),(0.,
0.535767911908,1.),.UNSPECIFIED.) CURVE() GEOMETRIC_REPRESENTATION_ITEM(
) RATIONAL_B_SPLINE_CURVE((1.,1.,1.,1.,1.,1.,1.,1.,1.,1.,1.,1.,1.)) 
REPRESENTATION_ITEM('') );
#6125 = CARTESIAN_POINT('',(27.877880398318,38.406088581556,
    -1.511613076572));
#6126 = CARTESIAN_POINT('',(23.797077467279,38.526423516197,
    2.434944542849));
#6127 = CARTESIAN_POINT('',(19.744134262417,38.206664373217,
    6.485104096028));
#6128 = CARTESIAN_POINT('',(15.779533647614,37.431950928114,
    10.644750658575));
#6129 = CARTESIAN_POINT('',(11.973538294246,36.196362881335,
    14.919677667472));
#6130 = CARTESIAN_POINT('',(8.40585121294,34.506357171543,
    19.315158348094));
#6131 = CARTESIAN_POINT('',(2.357214989456,30.554992435266,
    27.751131872903));
#6132 = CARTESIAN_POINT('',(-2.252128536482,25.307677992137,
    36.618847148106));
#6133 = CARTESIAN_POINT('',(-4.025675519342,22.628179279742,
    40.828376737373));
#6134 = CARTESIAN_POINT('',(-5.378521344261,19.756389551311,
    45.128294556533));
#6135 = CARTESIAN_POINT('',(-6.262595102528,16.761898550912,
    49.512874576475));
#6136 = CARTESIAN_POINT('',(-6.648703268505,13.733443940571,
    53.971279776408));
#6137 = CARTESIAN_POINT('',(-6.53477231964,10.765415716838,
    58.488386923428));
#6138 = PCURVE('',#1560,#6139);
#6139 = DEFINITIONAL_REPRESENTATION('',(#6140),#6144);
#6140 = LINE('',#6141,#6142);
#6141 = CARTESIAN_POINT('',(1.,0.));
#6142 = VECTOR('',#6143,1.);
#6143 = DIRECTION('',(0.,1.));
#6144 = ( GEOMETRIC_REPRESENTATION_CONTEXT(2) 
PARAMETRIC_REPRESENTATION_CONTEXT() REPRESENTATION_CONTEXT('2D SPACE',''
  ) );
#6145 = PCURVE('',#1504,#6146);
#6146 = DEFINITIONAL_REPRESENTATION('',(#6147),#6151);
#6147 = LINE('',#6148,#6149);
#6148 = CARTESIAN_POINT('',(1.,0.));
#6149 = VECTOR('',#6150,1.);
#6150 = DIRECTION('',(0.,1.));
#6151 = ( GEOMETRIC_REPRESENTATION_CONTEXT(2) 
PARAMETRIC_REPRESENTATION_CONTEXT() REPRESENTATION_CONTEXT('2D SPACE',''
  ) );
#6152 = ORIENTED_EDGE('',*,*,#6153,.T.);
#6153 = EDGE_CURVE('',#6121,#6154,#6156,.T.);
#6154 = VERTEX_POINT('',#6155);
#6155 = CARTESIAN_POINT('',(49.046707491834,63.507470227216,
    17.635485893343));
#6156 = SURFACE_CURVE('',#6157,(#6160,#6167),.PCURVE_S1.);
#6157 = B_SPLINE_CURVE_WITH_KNOTS('',1,(#6158,#6159),.UNSPECIFIED.,.F.,
  .F.,(2,2),(1.,2.),.PIECEWISE_BEZIER_KNOTS.);
#6158 = CARTESIAN_POINT('',(27.877880398318,38.406088581556,
    -1.511613076572));
#6159 = CARTESIAN_POINT('',(49.046707491834,63.507470227216,
    17.635485893343));
#6160 = PCURVE('',#1560,#6161);
#6161 = DEFINITIONAL_REPRESENTATION('',(#6162),#6166);
#6162 = LINE('',#6163,#6164);
#6163 = CARTESIAN_POINT('',(0.,0.));
#6164 = VECTOR('',#6165,1.);
#6165 = DIRECTION('',(1.,0.));
#6166 = ( GEOMETRIC_REPRESENTATION_CONTEXT(2) 
PARAMETRIC_REPRESENTATION_CONTEXT() REPRESENTATION_CONTEXT('2D SPACE',''
  ) );
#6167 = PCURVE('',#6168,#6173);
#6168 = PLANE('',#6169);
#6169 = AXIS2_PLACEMENT_3D('',#6170,#6171,#6172);
#6170 = CARTESIAN_POINT('',(31.23975577293,35.725082433563,
    -1.511613076572));
#6171 = DIRECTION('',(-0.314158445866,-0.393942230858,0.863778900898));
#6172 = DIRECTION('',(0.466739466028,0.728206435807,0.501866175092));
#6173 = DEFINITIONAL_REPRESENTATION('',(#6174),#6177);
#6174 = B_SPLINE_CURVE_WITH_KNOTS('',1,(#6175,#6176),.UNSPECIFIED.,.F.,
  .F.,(2,2),(1.,2.),.PIECEWISE_BEZIER_KNOTS.);
#6175 = CARTESIAN_POINT('',(0.383206014205,4.282890746993));
#6176 = CARTESIAN_POINT('',(38.151802054425,-1.7763568394E-15));
#6177 = ( GEOMETRIC_REPRESENTATION_CONTEXT(2) 
PARAMETRIC_REPRESENTATION_CONTEXT() REPRESENTATION_CONTEXT('2D SPACE',''
  ) );
#6178 = ORIENTED_EDGE('',*,*,#6179,.T.);
#6179 = EDGE_CURVE('',#6154,#6180,#6182,.T.);
#6180 = VERTEX_POINT('',#6181);
#6181 = CARTESIAN_POINT('',(-8.221576893703,17.526775466601,
    62.51935512762));
#6182 = SURFACE_CURVE('',#6183,(#6197,#6204),.PCURVE_S1.);
#6183 = ( BOUNDED_CURVE() B_SPLINE_CURVE(7,(#6184,#6185,#6186,#6187,
    #6188,#6189,#6190,#6191,#6192,#6193,#6194,#6195,#6196),
.UNSPECIFIED.,.F.,.F.) B_SPLINE_CURVE_WITH_KNOTS((8,5,8),(0.,
0.535767911908,1.),.UNSPECIFIED.) CURVE() GEOMETRIC_REPRESENTATION_ITEM(
) RATIONAL_B_SPLINE_CURVE((1.,1.,1.,1.,1.,1.,1.,1.,1.,1.,1.,1.,1.)) 
REPRESENTATION_ITEM('') );
#6184 = CARTESIAN_POINT('',(49.046707491834,63.507470227216,
    17.635485893343));
#6185 = CARTESIAN_POINT('',(42.174185051016,63.753305683962,
    20.587765495268));
#6186 = CARTESIAN_POINT('',(35.353250630231,63.252618165025,
    23.617546024657));
#6187 = CARTESIAN_POINT('',(28.687457819284,61.981062630664,
    26.729229897545));
#6188 = CARTESIAN_POINT('',(22.296939772213,59.92980036141,
    29.927150978452));
#6189 = CARTESIAN_POINT('',(16.317756897172,57.111380767036,
    33.215253979956));
#6190 = CARTESIAN_POINT('',(6.207437022566,50.509730541525,
    39.52590618915));
#6191 = CARTESIAN_POINT('',(-1.434906547871,41.738672267816,
    46.159529069462));
#6192 = CARTESIAN_POINT('',(-4.355771426047,37.26162663236,
    49.308528663177));
#6193 = CARTESIAN_POINT('',(-6.557730099237,32.46807921641,
    52.525144481723));
#6194 = CARTESIAN_POINT('',(-7.960153208761,27.478036271409,
    55.805093086102));
#6195 = CARTESIAN_POINT('',(-8.515188721229,22.44382505547,
    59.140267685885));
#6196 = CARTESIAN_POINT('',(-8.221576893703,17.526775466601,
    62.51935512762));
#6197 = PCURVE('',#1560,#6198);
#6198 = DEFINITIONAL_REPRESENTATION('',(#6199),#6203);
#6199 = LINE('',#6200,#6201);
#6200 = CARTESIAN_POINT('',(2.,0.));
#6201 = VECTOR('',#6202,1.);
#6202 = DIRECTION('',(0.,1.));
#6203 = ( GEOMETRIC_REPRESENTATION_CONTEXT(2) 
PARAMETRIC_REPRESENTATION_CONTEXT() REPRESENTATION_CONTEXT('2D SPACE',''
  ) );
#6204 = PCURVE('',#6205,#6232);
#6205 = ( BOUNDED_SURFACE() B_SPLINE_SURFACE(1,7,(
    (#6206,#6207,#6208,#6209,#6210,#6211,#6212,#6213,#6214,#6215,#6216
      ,#6217,#6218)
    ,(#6219,#6220,#6221,#6222,#6223,#6224,#6225,#6226,#6227,#6228,#6229
      ,#6230,#6231
)),.UNSPECIFIED.,.F.,.F.,.F.) B_SPLINE_SURFACE_WITH_KNOTS((2,2),(8,5,8),
  (2.,3.),(0.,0.535767911908,1.),.UNSPECIFIED.) 
GEOMETRIC_REPRESENTATION_ITEM() RATIONAL_B_SPLINE_SURFACE((
    (1.,1.,1.,1.,1.,1.,1.,1.,1.,1.,1.,1.,1.)
,(1.,1.,1.,1.,1.,1.,1.,1.,1.,1.,1.,1.,1.
))) REPRESENTATION_ITEM('') SURFACE() );
#6206 = CARTESIAN_POINT('',(49.046707491834,63.507470227216,
    17.635485893343));
#6207 = CARTESIAN_POINT('',(42.174185051016,63.753305683962,
    20.587765495268));
#6208 = CARTESIAN_POINT('',(35.353250630231,63.252618165025,
    23.617546024657));
#6209 = CARTESIAN_POINT('',(28.687457819284,61.981062630664,
    26.729229897545));
#6210 = CARTESIAN_POINT('',(22.296939772213,59.92980036141,
    29.927150978452));
#6211 = CARTESIAN_POINT('',(16.317756897172,57.111380767036,
    33.215253979956));
#6212 = CARTESIAN_POINT('',(6.207437022566,50.509730541525,
    39.52590618915));
#6213 = CARTESIAN_POINT('',(-1.434906547871,41.738672267816,
    46.159529069462));
#6214 = CARTESIAN_POINT('',(-4.355771426047,37.26162663236,
    49.308528663177));
#6215 = CARTESIAN_POINT('',(-6.557730099237,32.46807921641,
    52.525144481723));
#6216 = CARTESIAN_POINT('',(-7.960153208761,27.478036271409,
    55.805093086102));
#6217 = CARTESIAN_POINT('',(-8.515188721229,22.44382505547,
    59.140267685885));
#6218 = CARTESIAN_POINT('',(-8.221576893703,17.526775466601,
    62.51935512762));
#6219 = CARTESIAN_POINT('',(51.001286198004,61.948745722569,
    17.635485893343));
#6220 = CARTESIAN_POINT('',(44.236129435228,62.329213516409,
    20.587765495268));
#6221 = CARTESIAN_POINT('',(37.5145596655,61.97531984441,23.617546024657
    ));
#6222 = CARTESIAN_POINT('',(30.938437565361,60.862695162449,
    26.729229897545));
#6223 = CARTESIAN_POINT('',(24.625988494691,58.982227162107,
    29.927150978452));
#6224 = CARTESIAN_POINT('',(18.71116673314,56.345856940014,
    33.215253979956));
#6225 = CARTESIAN_POINT('',(8.691128632391,50.102839204264,
    39.52590618915));
#6226 = CARTESIAN_POINT('',(1.075882029381,41.718999659494,
    46.159529069462));
#6227 = CARTESIAN_POINT('',(-1.847417955118,37.426645902702,
    49.308528663177));
#6228 = CARTESIAN_POINT('',(-4.068141611285,32.821086454435,
    52.525144481723));
#6229 = CARTESIAN_POINT('',(-5.506764765901,28.020207582961,
    55.805093086102));
#6230 = CARTESIAN_POINT('',(-6.115997278758,23.17370602237,
    59.140267685885));
#6231 = CARTESIAN_POINT('',(-5.894392522092,18.440128027517,
    62.51935512762));
#6232 = DEFINITIONAL_REPRESENTATION('',(#6233),#6237);
#6233 = LINE('',#6234,#6235);
#6234 = CARTESIAN_POINT('',(2.,0.));
#6235 = VECTOR('',#6236,1.);
#6236 = DIRECTION('',(0.,1.));
#6237 = ( GEOMETRIC_REPRESENTATION_CONTEXT(2) 
PARAMETRIC_REPRESENTATION_CONTEXT() REPRESENTATION_CONTEXT('2D SPACE',''
  ) );
#6238 = ORIENTED_EDGE('',*,*,#6239,.F.);
#6239 = EDGE_CURVE('',#4463,#6180,#6240,.T.);
#6240 = SURFACE_CURVE('',#6241,(#6244,#6251),.PCURVE_S1.);
#6241 = B_SPLINE_CURVE_WITH_KNOTS('',1,(#6242,#6243),.UNSPECIFIED.,.F.,
  .F.,(2,2),(1.,2.),.PIECEWISE_BEZIER_KNOTS.);
#6242 = CARTESIAN_POINT('',(-6.53477231964,10.765415716838,
    58.488386923428));
#6243 = CARTESIAN_POINT('',(-8.221576893703,17.526775466601,
    62.51935512762));
#6244 = PCURVE('',#1560,#6245);
#6245 = DEFINITIONAL_REPRESENTATION('',(#6246),#6250);
#6246 = LINE('',#6247,#6248);
#6247 = CARTESIAN_POINT('',(0.,1.));
#6248 = VECTOR('',#6249,1.);
#6249 = DIRECTION('',(1.,0.));
#6250 = ( GEOMETRIC_REPRESENTATION_CONTEXT(2) 
PARAMETRIC_REPRESENTATION_CONTEXT() REPRESENTATION_CONTEXT('2D SPACE',''
  ) );
#6251 = PCURVE('',#4446,#6252);
#6252 = DEFINITIONAL_REPRESENTATION('',(#6253),#6256);
#6253 = B_SPLINE_CURVE_WITH_KNOTS('',1,(#6254,#6255),.UNSPECIFIED.,.F.,
  .F.,(2,2),(1.,2.),.PIECEWISE_BEZIER_KNOTS.);
#6254 = CARTESIAN_POINT('',(1.681904753483,3.957422949371));
#6255 = CARTESIAN_POINT('',(8.69252552484,0.));
#6256 = ( GEOMETRIC_REPRESENTATION_CONTEXT(2) 
PARAMETRIC_REPRESENTATION_CONTEXT() REPRESENTATION_CONTEXT('2D SPACE',''
  ) );
#6257 = ORIENTED_EDGE('',*,*,#4489,.F.);
#6258 = ORIENTED_EDGE('',*,*,#1540,.T.);
#6259 = ADVANCED_FACE('',(#6260),#1504,.F.);
#6260 = FACE_BOUND('',#6261,.F.);
#6261 = EDGE_LOOP('',(#6262,#6295,#6314,#6315));
#6262 = ORIENTED_EDGE('',*,*,#6263,.F.);
#6263 = EDGE_CURVE('',#6264,#1429,#6266,.T.);
#6264 = VERTEX_POINT('',#6265);
#6265 = CARTESIAN_POINT('',(31.23975577293,35.725082433563,
    -1.511613076572));
#6266 = SURFACE_CURVE('',#6267,(#6281,#6288),.PCURVE_S1.);
#6267 = ( BOUNDED_CURVE() B_SPLINE_CURVE(7,(#6268,#6269,#6270,#6271,
    #6272,#6273,#6274,#6275,#6276,#6277,#6278,#6279,#6280),
.UNSPECIFIED.,.F.,.F.) B_SPLINE_CURVE_WITH_KNOTS((8,5,8),(0.,
0.535767911908,1.),.UNSPECIFIED.) CURVE() GEOMETRIC_REPRESENTATION_ITEM(
) RATIONAL_B_SPLINE_CURVE((1.,1.,1.,1.,1.,1.,1.,1.,1.,1.,1.,1.,1.)) 
REPRESENTATION_ITEM('') );
#6268 = CARTESIAN_POINT('',(31.23975577293,35.725082433563,
    -1.511613076572));
#6269 = CARTESIAN_POINT('',(27.343621808119,36.076984988014,
    2.434944542849));
#6270 = CARTESIAN_POINT('',(23.461585803093,36.009711261732,
    6.485104096028));
#6271 = CARTESIAN_POINT('',(19.651218810847,35.508358882823,
    10.644750658575));
#6272 = CARTESIAN_POINT('',(15.979502096922,34.566536978503,
    14.919677667472));
#6273 = CARTESIAN_POINT('',(12.5225161308,33.189656189078,
    19.315158348094));
#6274 = CARTESIAN_POINT('',(6.629164558359,29.855139335164,
    27.751131872903));
#6275 = CARTESIAN_POINT('',(2.066427816388,25.273841105833,
    36.618847148106));
#6276 = CARTESIAN_POINT('',(0.288692450662,22.912012424709,
    40.828376737373));
#6277 = CARTESIAN_POINT('',(-1.09642914499,20.363562000735,
    45.128294556533));
#6278 = CARTESIAN_POINT('',(-2.042766980805,17.694433206769,
    49.512874576475));
#6279 = CARTESIAN_POINT('',(-2.522093987456,14.988839203643,
    53.971279776408));
#6280 = CARTESIAN_POINT('',(-2.53201520047,12.336382121614,
    58.488386923428));
#6281 = PCURVE('',#1504,#6282);
#6282 = DEFINITIONAL_REPRESENTATION('',(#6283),#6287);
#6283 = LINE('',#6284,#6285);
#6284 = CARTESIAN_POINT('',(0.,0.));
#6285 = VECTOR('',#6286,1.);
#6286 = DIRECTION('',(0.,1.));
#6287 = ( GEOMETRIC_REPRESENTATION_CONTEXT(2) 
PARAMETRIC_REPRESENTATION_CONTEXT() REPRESENTATION_CONTEXT('2D SPACE',''
  ) );
#6288 = PCURVE('',#1448,#6289);
#6289 = DEFINITIONAL_REPRESENTATION('',(#6290),#6294);
#6290 = LINE('',#6291,#6292);
#6291 = CARTESIAN_POINT('',(4.,0.));
#6292 = VECTOR('',#6293,1.);
#6293 = DIRECTION('',(0.,1.));
#6294 = ( GEOMETRIC_REPRESENTATION_CONTEXT(2) 
PARAMETRIC_REPRESENTATION_CONTEXT() REPRESENTATION_CONTEXT('2D SPACE',''
  ) );
#6295 = ORIENTED_EDGE('',*,*,#6296,.T.);
#6296 = EDGE_CURVE('',#6264,#6121,#6297,.T.);
#6297 = SURFACE_CURVE('',#6298,(#6301,#6308),.PCURVE_S1.);
#6298 = B_SPLINE_CURVE_WITH_KNOTS('',1,(#6299,#6300),.UNSPECIFIED.,.F.,
  .F.,(2,2),(0.,1.),.PIECEWISE_BEZIER_KNOTS.);
#6299 = CARTESIAN_POINT('',(31.23975577293,35.725082433563,
    -1.511613076572));
#6300 = CARTESIAN_POINT('',(27.877880398318,38.406088581556,
    -1.511613076572));
#6301 = PCURVE('',#1504,#6302);
#6302 = DEFINITIONAL_REPRESENTATION('',(#6303),#6307);
#6303 = LINE('',#6304,#6305);
#6304 = CARTESIAN_POINT('',(0.,0.));
#6305 = VECTOR('',#6306,1.);
#6306 = DIRECTION('',(1.,0.));
#6307 = ( GEOMETRIC_REPRESENTATION_CONTEXT(2) 
PARAMETRIC_REPRESENTATION_CONTEXT() REPRESENTATION_CONTEXT('2D SPACE',''
  ) );
#6308 = PCURVE('',#6168,#6309);
#6309 = DEFINITIONAL_REPRESENTATION('',(#6310),#6313);
#6310 = B_SPLINE_CURVE_WITH_KNOTS('',1,(#6311,#6312),.UNSPECIFIED.,.F.,
  .F.,(2,2),(0.,1.),.PIECEWISE_BEZIER_KNOTS.);
#6311 = CARTESIAN_POINT('',(0.,0.));
#6312 = CARTESIAN_POINT('',(0.383206014205,4.282890746993));
#6313 = ( GEOMETRIC_REPRESENTATION_CONTEXT(2) 
PARAMETRIC_REPRESENTATION_CONTEXT() REPRESENTATION_CONTEXT('2D SPACE',''
  ) );
#6314 = ORIENTED_EDGE('',*,*,#6120,.T.);
#6315 = ORIENTED_EDGE('',*,*,#1484,.T.);
#6316 = ADVANCED_FACE('',(#6317),#1448,.F.);
#6317 = FACE_BOUND('',#6318,.F.);
#6318 = EDGE_LOOP('',(#6319,#6354,#6373,#6374,#6375,#6376));
#6319 = ORIENTED_EDGE('',*,*,#6320,.F.);
#6320 = EDGE_CURVE('',#6321,#6323,#6325,.T.);
#6321 = VERTEX_POINT('',#6322);
#6322 = CARTESIAN_POINT('',(51.001286198004,61.948745722569,
    17.635485893343));
#6323 = VERTEX_POINT('',#6324);
#6324 = CARTESIAN_POINT('',(-5.894392522092,18.440128027517,
    62.51935512762));
#6325 = SURFACE_CURVE('',#6326,(#6340,#6347),.PCURVE_S1.);
#6326 = ( BOUNDED_CURVE() B_SPLINE_CURVE(7,(#6327,#6328,#6329,#6330,
    #6331,#6332,#6333,#6334,#6335,#6336,#6337,#6338,#6339),
.UNSPECIFIED.,.F.,.F.) B_SPLINE_CURVE_WITH_KNOTS((8,5,8),(0.,
0.535767911908,1.),.UNSPECIFIED.) CURVE() GEOMETRIC_REPRESENTATION_ITEM(
) RATIONAL_B_SPLINE_CURVE((1.,1.,1.,1.,1.,1.,1.,1.,1.,1.,1.,1.,1.)) 
REPRESENTATION_ITEM('') );
#6327 = CARTESIAN_POINT('',(51.001286198004,61.948745722569,
    17.635485893343));
#6328 = CARTESIAN_POINT('',(44.236129435228,62.329213516409,
    20.587765495268));
#6329 = CARTESIAN_POINT('',(37.5145596655,61.97531984441,23.617546024657
    ));
#6330 = CARTESIAN_POINT('',(30.938437565361,60.862695162449,
    26.729229897545));
#6331 = CARTESIAN_POINT('',(24.625988494691,58.982227162107,
    29.927150978452));
#6332 = CARTESIAN_POINT('',(18.71116673314,56.345856940014,
    33.215253979956));
#6333 = CARTESIAN_POINT('',(8.691128632391,50.102839204264,
    39.52590618915));
#6334 = CARTESIAN_POINT('',(1.075882029381,41.718999659494,
    46.159529069462));
#6335 = CARTESIAN_POINT('',(-1.847417955118,37.426645902702,
    49.308528663177));
#6336 = CARTESIAN_POINT('',(-4.068141611285,32.821086454435,
    52.525144481723));
#6337 = CARTESIAN_POINT('',(-5.506764765901,28.020207582961,
    55.805093086102));
#6338 = CARTESIAN_POINT('',(-6.115997278758,23.17370602237,
    59.140267685885));
#6339 = CARTESIAN_POINT('',(-5.894392522092,18.440128027517,
    62.51935512762));
#6340 = PCURVE('',#1448,#6341);
#6341 = DEFINITIONAL_REPRESENTATION('',(#6342),#6346);
#6342 = LINE('',#6343,#6344);
#6343 = CARTESIAN_POINT('',(3.,0.));
#6344 = VECTOR('',#6345,1.);
#6345 = DIRECTION('',(0.,1.));
#6346 = ( GEOMETRIC_REPRESENTATION_CONTEXT(2) 
PARAMETRIC_REPRESENTATION_CONTEXT() REPRESENTATION_CONTEXT('2D SPACE',''
  ) );
#6347 = PCURVE('',#6205,#6348);
#6348 = DEFINITIONAL_REPRESENTATION('',(#6349),#6353);
#6349 = LINE('',#6350,#6351);
#6350 = CARTESIAN_POINT('',(3.,0.));
#6351 = VECTOR('',#6352,1.);
#6352 = DIRECTION('',(0.,1.));
#6353 = ( GEOMETRIC_REPRESENTATION_CONTEXT(2) 
PARAMETRIC_REPRESENTATION_CONTEXT() REPRESENTATION_CONTEXT('2D SPACE',''
  ) );
#6354 = ORIENTED_EDGE('',*,*,#6355,.T.);
#6355 = EDGE_CURVE('',#6321,#6264,#6356,.T.);
#6356 = SURFACE_CURVE('',#6357,(#6360,#6367),.PCURVE_S1.);
#6357 = B_SPLINE_CURVE_WITH_KNOTS('',1,(#6358,#6359),.UNSPECIFIED.,.F.,
  .F.,(2,2),(3.,4.),.PIECEWISE_BEZIER_KNOTS.);
#6358 = CARTESIAN_POINT('',(51.001286198004,61.948745722569,
    17.635485893343));
#6359 = CARTESIAN_POINT('',(31.23975577293,35.725082433563,
    -1.511613076572));
#6360 = PCURVE('',#1448,#6361);
#6361 = DEFINITIONAL_REPRESENTATION('',(#6362),#6366);
#6362 = LINE('',#6363,#6364);
#6363 = CARTESIAN_POINT('',(0.,0.));
#6364 = VECTOR('',#6365,1.);
#6365 = DIRECTION('',(1.,0.));
#6366 = ( GEOMETRIC_REPRESENTATION_CONTEXT(2) 
PARAMETRIC_REPRESENTATION_CONTEXT() REPRESENTATION_CONTEXT('2D SPACE',''
  ) );
#6367 = PCURVE('',#6168,#6368);
#6368 = DEFINITIONAL_REPRESENTATION('',(#6369),#6372);
#6369 = B_SPLINE_CURVE_WITH_KNOTS('',1,(#6370,#6371),.UNSPECIFIED.,.F.,
  .F.,(2,2),(3.,4.),.PIECEWISE_BEZIER_KNOTS.);
#6370 = CARTESIAN_POINT('',(37.92900786012,-2.49005275988));
#6371 = CARTESIAN_POINT('',(0.,0.));
#6372 = ( GEOMETRIC_REPRESENTATION_CONTEXT(2) 
PARAMETRIC_REPRESENTATION_CONTEXT() REPRESENTATION_CONTEXT('2D SPACE',''
  ) );
#6373 = ORIENTED_EDGE('',*,*,#6263,.T.);
#6374 = ORIENTED_EDGE('',*,*,#1428,.F.);
#6375 = ORIENTED_EDGE('',*,*,#4240,.T.);
#6376 = ORIENTED_EDGE('',*,*,#6377,.F.);
#6377 = EDGE_CURVE('',#6323,#4241,#6378,.T.);
#6378 = SURFACE_CURVE('',#6379,(#6382,#6389),.PCURVE_S1.);
#6379 = B_SPLINE_CURVE_WITH_KNOTS('',1,(#6380,#6381),.UNSPECIFIED.,.F.,
  .F.,(2,2),(3.,4.),.PIECEWISE_BEZIER_KNOTS.);
#6380 = CARTESIAN_POINT('',(-5.894392522092,18.440128027517,
    62.51935512762));
#6381 = CARTESIAN_POINT('',(-2.53201520047,12.336382121614,
    58.488386923428));
#6382 = PCURVE('',#1448,#6383);
#6383 = DEFINITIONAL_REPRESENTATION('',(#6384),#6388);
#6384 = LINE('',#6385,#6386);
#6385 = CARTESIAN_POINT('',(0.,1.));
#6386 = VECTOR('',#6387,1.);
#6387 = DIRECTION('',(1.,0.));
#6388 = ( GEOMETRIC_REPRESENTATION_CONTEXT(2) 
PARAMETRIC_REPRESENTATION_CONTEXT() REPRESENTATION_CONTEXT('2D SPACE',''
  ) );
#6389 = PCURVE('',#4446,#6390);
#6390 = DEFINITIONAL_REPRESENTATION('',(#6391),#6394);
#6391 = B_SPLINE_CURVE_WITH_KNOTS('',1,(#6392,#6393),.UNSPECIFIED.,.F.,
  .F.,(2,2),(3.,4.),.PIECEWISE_BEZIER_KNOTS.);
#6392 = CARTESIAN_POINT('',(7.714673923978,-2.300827296146));
#6393 = CARTESIAN_POINT('',(0.,0.));
#6394 = ( GEOMETRIC_REPRESENTATION_CONTEXT(2) 
PARAMETRIC_REPRESENTATION_CONTEXT() REPRESENTATION_CONTEXT('2D SPACE',''
  ) );
#6395 = ADVANCED_FACE('',(#6396),#2633,.T.);
#6396 = FACE_BOUND('',#6397,.T.);
#6397 = EDGE_LOOP('',(#6398,#6399,#6400,#6419,#6420));
#6398 = ORIENTED_EDGE('',*,*,#3342,.F.);
#6399 = ORIENTED_EDGE('',*,*,#5540,.F.);
#6400 = ORIENTED_EDGE('',*,*,#6401,.F.);
#6401 = EDGE_CURVE('',#5343,#5486,#6402,.T.);
#6402 = SURFACE_CURVE('',#6403,(#6406,#6412),.PCURVE_S1.);
#6403 = B_SPLINE_CURVE_WITH_KNOTS('',1,(#6404,#6405),.UNSPECIFIED.,.F.,
  .F.,(2,2),(2.,3.),.PIECEWISE_BEZIER_KNOTS.);
#6404 = CARTESIAN_POINT('',(-0.19719804783,-19.3582875742,62.51935512762
    ));
#6405 = CARTESIAN_POINT('',(-2.690207540783,-19.17146234023,
    62.51935512762));
#6406 = PCURVE('',#2633,#6407);
#6407 = DEFINITIONAL_REPRESENTATION('',(#6408),#6411);
#6408 = B_SPLINE_CURVE_WITH_KNOTS('',1,(#6409,#6410),.UNSPECIFIED.,.F.,
  .F.,(2,2),(2.,3.),.PIECEWISE_BEZIER_KNOTS.);
#6409 = CARTESIAN_POINT('',(8.69252552484,0.));
#6410 = CARTESIAN_POINT('',(7.714673923978,-2.300827296146));
#6411 = ( GEOMETRIC_REPRESENTATION_CONTEXT(2) 
PARAMETRIC_REPRESENTATION_CONTEXT() REPRESENTATION_CONTEXT('2D SPACE',''
  ) );
#6412 = PCURVE('',#5368,#6413);
#6413 = DEFINITIONAL_REPRESENTATION('',(#6414),#6418);
#6414 = LINE('',#6415,#6416);
#6415 = CARTESIAN_POINT('',(0.,1.));
#6416 = VECTOR('',#6417,1.);
#6417 = DIRECTION('',(1.,0.));
#6418 = ( GEOMETRIC_REPRESENTATION_CONTEXT(2) 
PARAMETRIC_REPRESENTATION_CONTEXT() REPRESENTATION_CONTEXT('2D SPACE',''
  ) );
#6419 = ORIENTED_EDGE('',*,*,#5402,.F.);
#6420 = ORIENTED_EDGE('',*,*,#2613,.F.);
#6421 = ADVANCED_FACE('',(#6422),#3325,.T.);
#6422 = FACE_BOUND('',#6423,.T.);
#6423 = EDGE_LOOP('',(#6424,#6425,#6426,#6445,#6446));
#6424 = ORIENTED_EDGE('',*,*,#3307,.F.);
#6425 = ORIENTED_EDGE('',*,*,#5261,.F.);
#6426 = ORIENTED_EDGE('',*,*,#6427,.F.);
#6427 = EDGE_CURVE('',#5064,#5207,#6428,.T.);
#6428 = SURFACE_CURVE('',#6429,(#6432,#6438),.PCURVE_S1.);
#6429 = B_SPLINE_CURVE_WITH_KNOTS('',1,(#6430,#6431),.UNSPECIFIED.,.F.,
  .F.,(2,2),(2.,3.),.PIECEWISE_BEZIER_KNOTS.);
#6430 = CARTESIAN_POINT('',(8.576915497516,17.355653413922,
    62.51935512762));
#6431 = CARTESIAN_POINT('',(10.741979006977,16.105653413922,
    62.51935512762));
#6432 = PCURVE('',#3325,#6433);
#6433 = DEFINITIONAL_REPRESENTATION('',(#6434),#6437);
#6434 = B_SPLINE_CURVE_WITH_KNOTS('',1,(#6435,#6436),.UNSPECIFIED.,.F.,
  .F.,(2,2),(2.,3.),.PIECEWISE_BEZIER_KNOTS.);
#6435 = CARTESIAN_POINT('',(8.69252552484,0.));
#6436 = CARTESIAN_POINT('',(7.714673923978,-2.300827296146));
#6437 = ( GEOMETRIC_REPRESENTATION_CONTEXT(2) 
PARAMETRIC_REPRESENTATION_CONTEXT() REPRESENTATION_CONTEXT('2D SPACE',''
  ) );
#6438 = PCURVE('',#5089,#6439);
#6439 = DEFINITIONAL_REPRESENTATION('',(#6440),#6444);
#6440 = LINE('',#6441,#6442);
#6441 = CARTESIAN_POINT('',(0.,1.));
#6442 = VECTOR('',#6443,1.);
#6443 = DIRECTION('',(1.,0.));
#6444 = ( GEOMETRIC_REPRESENTATION_CONTEXT(2) 
PARAMETRIC_REPRESENTATION_CONTEXT() REPRESENTATION_CONTEXT('2D SPACE',''
  ) );
#6445 = ORIENTED_EDGE('',*,*,#5123,.F.);
#6446 = ORIENTED_EDGE('',*,*,#4089,.F.);
#6447 = ADVANCED_FACE('',(#6448),#3390,.T.);
#6448 = FACE_BOUND('',#6449,.T.);
#6449 = EDGE_LOOP('',(#6450,#6451,#6452,#6471,#6472));
#6450 = ORIENTED_EDGE('',*,*,#3715,.F.);
#6451 = ORIENTED_EDGE('',*,*,#5819,.F.);
#6452 = ORIENTED_EDGE('',*,*,#6453,.F.);
#6453 = EDGE_CURVE('',#5622,#5765,#6454,.T.);
#6454 = SURFACE_CURVE('',#6455,(#6458,#6464),.PCURVE_S1.);
#6455 = B_SPLINE_CURVE_WITH_KNOTS('',1,(#6456,#6457),.UNSPECIFIED.,.F.,
  .F.,(2,2),(2.,3.),.PIECEWISE_BEZIER_KNOTS.);
#6456 = CARTESIAN_POINT('',(-15.25786964395,-11.91551924189,
    62.51935512762));
#6457 = CARTESIAN_POINT('',(-16.66616978911,-9.849922306101,
    62.51935512762));
#6458 = PCURVE('',#3390,#6459);
#6459 = DEFINITIONAL_REPRESENTATION('',(#6460),#6463);
#6460 = B_SPLINE_CURVE_WITH_KNOTS('',1,(#6461,#6462),.UNSPECIFIED.,.F.,
  .F.,(2,2),(2.,3.),.PIECEWISE_BEZIER_KNOTS.);
#6461 = CARTESIAN_POINT('',(8.69252552484,0.));
#6462 = CARTESIAN_POINT('',(7.714673923978,-2.300827296146));
#6463 = ( GEOMETRIC_REPRESENTATION_CONTEXT(2) 
PARAMETRIC_REPRESENTATION_CONTEXT() REPRESENTATION_CONTEXT('2D SPACE',''
  ) );
#6464 = PCURVE('',#5647,#6465);
#6465 = DEFINITIONAL_REPRESENTATION('',(#6466),#6470);
#6466 = LINE('',#6467,#6468);
#6467 = CARTESIAN_POINT('',(0.,1.));
#6468 = VECTOR('',#6469,1.);
#6469 = DIRECTION('',(1.,0.));
#6470 = ( GEOMETRIC_REPRESENTATION_CONTEXT(2) 
PARAMETRIC_REPRESENTATION_CONTEXT() REPRESENTATION_CONTEXT('2D SPACE',''
  ) );
#6471 = ORIENTED_EDGE('',*,*,#5681,.F.);
#6472 = ORIENTED_EDGE('',*,*,#3370,.F.);
#6473 = ADVANCED_FACE('',(#6474),#3763,.T.);
#6474 = FACE_BOUND('',#6475,.T.);
#6475 = EDGE_LOOP('',(#6476,#6477,#6478,#6497,#6498));
#6476 = ORIENTED_EDGE('',*,*,#4801,.F.);
#6477 = ORIENTED_EDGE('',*,*,#6098,.F.);
#6478 = ORIENTED_EDGE('',*,*,#6479,.F.);
#6479 = EDGE_CURVE('',#5901,#6044,#6480,.T.);
#6480 = SURFACE_CURVE('',#6481,(#6484,#6490),.PCURVE_S1.);
#6481 = B_SPLINE_CURVE_WITH_KNOTS('',1,(#6482,#6483),.UNSPECIFIED.,.F.,
  .F.,(2,2),(2.,3.),.PIECEWISE_BEZIER_KNOTS.);
#6482 = CARTESIAN_POINT('',(-18.82905419435,4.499878111865,
    62.51935512762));
#6483 = CARTESIAN_POINT('',(-18.09216625833,6.88881012633,62.51935512762
    ));
#6484 = PCURVE('',#3763,#6485);
#6485 = DEFINITIONAL_REPRESENTATION('',(#6486),#6489);
#6486 = B_SPLINE_CURVE_WITH_KNOTS('',1,(#6487,#6488),.UNSPECIFIED.,.F.,
  .F.,(2,2),(2.,3.),.PIECEWISE_BEZIER_KNOTS.);
#6487 = CARTESIAN_POINT('',(8.69252552484,0.));
#6488 = CARTESIAN_POINT('',(7.714673923978,-2.300827296146));
#6489 = ( GEOMETRIC_REPRESENTATION_CONTEXT(2) 
PARAMETRIC_REPRESENTATION_CONTEXT() REPRESENTATION_CONTEXT('2D SPACE',''
  ) );
#6490 = PCURVE('',#5926,#6491);
#6491 = DEFINITIONAL_REPRESENTATION('',(#6492),#6496);
#6492 = LINE('',#6493,#6494);
#6493 = CARTESIAN_POINT('',(0.,1.));
#6494 = VECTOR('',#6495,1.);
#6495 = DIRECTION('',(1.,0.));
#6496 = ( GEOMETRIC_REPRESENTATION_CONTEXT(2) 
PARAMETRIC_REPRESENTATION_CONTEXT() REPRESENTATION_CONTEXT('2D SPACE',''
  ) );
#6497 = ORIENTED_EDGE('',*,*,#5960,.F.);
#6498 = ORIENTED_EDGE('',*,*,#3743,.F.);
#6499 = ADVANCED_FACE('',(#6500),#4446,.T.);
#6500 = FACE_BOUND('',#6501,.T.);
#6501 = EDGE_LOOP('',(#6502,#6503,#6504,#6523,#6524));
#6502 = ORIENTED_EDGE('',*,*,#4428,.F.);
#6503 = ORIENTED_EDGE('',*,*,#6377,.F.);
#6504 = ORIENTED_EDGE('',*,*,#6505,.F.);
#6505 = EDGE_CURVE('',#6180,#6323,#6506,.T.);
#6506 = SURFACE_CURVE('',#6507,(#6510,#6516),.PCURVE_S1.);
#6507 = B_SPLINE_CURVE_WITH_KNOTS('',1,(#6508,#6509),.UNSPECIFIED.,.F.,
  .F.,(2,2),(2.,3.),.PIECEWISE_BEZIER_KNOTS.);
#6508 = CARTESIAN_POINT('',(-8.221576893703,17.526775466601,
    62.51935512762));
#6509 = CARTESIAN_POINT('',(-5.894392522092,18.440128027517,
    62.51935512762));
#6510 = PCURVE('',#4446,#6511);
#6511 = DEFINITIONAL_REPRESENTATION('',(#6512),#6515);
#6512 = B_SPLINE_CURVE_WITH_KNOTS('',1,(#6513,#6514),.UNSPECIFIED.,.F.,
  .F.,(2,2),(2.,3.),.PIECEWISE_BEZIER_KNOTS.);
#6513 = CARTESIAN_POINT('',(8.69252552484,0.));
#6514 = CARTESIAN_POINT('',(7.714673923978,-2.300827296146));
#6515 = ( GEOMETRIC_REPRESENTATION_CONTEXT(2) 
PARAMETRIC_REPRESENTATION_CONTEXT() REPRESENTATION_CONTEXT('2D SPACE',''
  ) );
#6516 = PCURVE('',#6205,#6517);
#6517 = DEFINITIONAL_REPRESENTATION('',(#6518),#6522);
#6518 = LINE('',#6519,#6520);
#6519 = CARTESIAN_POINT('',(0.,1.));
#6520 = VECTOR('',#6521,1.);
#6521 = DIRECTION('',(1.,0.));
#6522 = ( GEOMETRIC_REPRESENTATION_CONTEXT(2) 
PARAMETRIC_REPRESENTATION_CONTEXT() REPRESENTATION_CONTEXT('2D SPACE',''
  ) );
#6523 = ORIENTED_EDGE('',*,*,#6239,.F.);
#6524 = ORIENTED_EDGE('',*,*,#4462,.F.);
#6525 = ADVANCED_FACE('',(#6526),#5089,.F.);
#6526 = FACE_BOUND('',#6527,.F.);
#6527 = EDGE_LOOP('',(#6528,#6547,#6548,#6549));
#6528 = ORIENTED_EDGE('',*,*,#6529,.T.);
#6529 = EDGE_CURVE('',#5038,#5205,#6530,.T.);
#6530 = SURFACE_CURVE('',#6531,(#6534,#6541),.PCURVE_S1.);
#6531 = B_SPLINE_CURVE_WITH_KNOTS('',1,(#6532,#6533),.UNSPECIFIED.,.F.,
  .F.,(2,2),(2.,3.),.PIECEWISE_BEZIER_KNOTS.);
#6532 = CARTESIAN_POINT('',(80.232261531445,1.25,17.635485893343));
#6533 = CARTESIAN_POINT('',(80.232261531445,-1.25,17.635485893343));
#6534 = PCURVE('',#5089,#6535);
#6535 = DEFINITIONAL_REPRESENTATION('',(#6536),#6540);
#6536 = LINE('',#6537,#6538);
#6537 = CARTESIAN_POINT('',(0.,0.));
#6538 = VECTOR('',#6539,1.);
#6539 = DIRECTION('',(1.,0.));
#6540 = ( GEOMETRIC_REPRESENTATION_CONTEXT(2) 
PARAMETRIC_REPRESENTATION_CONTEXT() REPRESENTATION_CONTEXT('2D SPACE',''
  ) );
#6541 = PCURVE('',#5052,#6542);
#6542 = DEFINITIONAL_REPRESENTATION('',(#6543),#6546);
#6543 = B_SPLINE_CURVE_WITH_KNOTS('',1,(#6544,#6545),.UNSPECIFIED.,.F.,
  .F.,(2,2),(2.,3.),.PIECEWISE_BEZIER_KNOTS.);
#6544 = CARTESIAN_POINT('',(38.151802054425,-8.881784197001E-16));
#6545 = CARTESIAN_POINT('',(37.92900786012,-2.49005275988));
#6546 = ( GEOMETRIC_REPRESENTATION_CONTEXT(2) 
PARAMETRIC_REPRESENTATION_CONTEXT() REPRESENTATION_CONTEXT('2D SPACE',''
  ) );
#6547 = ORIENTED_EDGE('',*,*,#5204,.T.);
#6548 = ORIENTED_EDGE('',*,*,#6427,.F.);
#6549 = ORIENTED_EDGE('',*,*,#5063,.F.);
#6550 = ADVANCED_FACE('',(#6551),#5052,.F.);
#6551 = FACE_BOUND('',#6552,.F.);
#6552 = EDGE_LOOP('',(#6553,#6554,#6555,#6556));
#6553 = ORIENTED_EDGE('',*,*,#5180,.F.);
#6554 = ORIENTED_EDGE('',*,*,#5239,.F.);
#6555 = ORIENTED_EDGE('',*,*,#6529,.F.);
#6556 = ORIENTED_EDGE('',*,*,#5037,.F.);
#6557 = ADVANCED_FACE('',(#6558),#5368,.F.);
#6558 = FACE_BOUND('',#6559,.F.);
#6559 = EDGE_LOOP('',(#6560,#6579,#6580,#6581));
#6560 = ORIENTED_EDGE('',*,*,#6561,.T.);
#6561 = EDGE_CURVE('',#5317,#5484,#6562,.T.);
#6562 = SURFACE_CURVE('',#6563,(#6566,#6573),.PCURVE_S1.);
#6563 = B_SPLINE_CURVE_WITH_KNOTS('',1,(#6564,#6565),.UNSPECIFIED.,.F.,
  .F.,(2,2),(2.,3.),.PIECEWISE_BEZIER_KNOTS.);
#6564 = CARTESIAN_POINT('',(-71.74441516734,-35.93768471599,
    17.635485893343));
#6565 = CARTESIAN_POINT('',(-72.82912451513,-33.68526254624,
    17.635485893343));
#6566 = PCURVE('',#5368,#6567);
#6567 = DEFINITIONAL_REPRESENTATION('',(#6568),#6572);
#6568 = LINE('',#6569,#6570);
#6569 = CARTESIAN_POINT('',(0.,0.));
#6570 = VECTOR('',#6571,1.);
#6571 = DIRECTION('',(1.,0.));
#6572 = ( GEOMETRIC_REPRESENTATION_CONTEXT(2) 
PARAMETRIC_REPRESENTATION_CONTEXT() REPRESENTATION_CONTEXT('2D SPACE',''
  ) );
#6573 = PCURVE('',#5331,#6574);
#6574 = DEFINITIONAL_REPRESENTATION('',(#6575),#6578);
#6575 = B_SPLINE_CURVE_WITH_KNOTS('',1,(#6576,#6577),.UNSPECIFIED.,.F.,
  .F.,(2,2),(2.,3.),.PIECEWISE_BEZIER_KNOTS.);
#6576 = CARTESIAN_POINT('',(38.151802054425,0.));
#6577 = CARTESIAN_POINT('',(37.92900786012,-2.49005275988));
#6578 = ( GEOMETRIC_REPRESENTATION_CONTEXT(2) 
PARAMETRIC_REPRESENTATION_CONTEXT() REPRESENTATION_CONTEXT('2D SPACE',''
  ) );
#6579 = ORIENTED_EDGE('',*,*,#5483,.T.);
#6580 = ORIENTED_EDGE('',*,*,#6401,.F.);
#6581 = ORIENTED_EDGE('',*,*,#5342,.F.);
#6582 = ADVANCED_FACE('',(#6583),#5331,.F.);
#6583 = FACE_BOUND('',#6584,.F.);
#6584 = EDGE_LOOP('',(#6585,#6586,#6587,#6588));
#6585 = ORIENTED_EDGE('',*,*,#5459,.F.);
#6586 = ORIENTED_EDGE('',*,*,#5518,.F.);
#6587 = ORIENTED_EDGE('',*,*,#6561,.F.);
#6588 = ORIENTED_EDGE('',*,*,#5316,.F.);
#6589 = ADVANCED_FACE('',(#6590),#5647,.F.);
#6590 = FACE_BOUND('',#6591,.F.);
#6591 = EDGE_LOOP('',(#6592,#6611,#6612,#6613));
#6592 = ORIENTED_EDGE('',*,*,#6593,.T.);
#6593 = EDGE_CURVE('',#5596,#5763,#6594,.T.);
#6594 = SURFACE_CURVE('',#6595,(#6598,#6605),.PCURVE_S1.);
#6595 = B_SPLINE_CURVE_WITH_KNOTS('',1,(#6596,#6597),.UNSPECIFIED.,.F.,
  .F.,(2,2),(2.,3.),.PIECEWISE_BEZIER_KNOTS.);
#6596 = CARTESIAN_POINT('',(-72.82912451513,33.685262546243,
    17.635485893343));
#6597 = CARTESIAN_POINT('',(-71.74441516734,35.937684715999,
    17.635485893343));
#6598 = PCURVE('',#5647,#6599);
#6599 = DEFINITIONAL_REPRESENTATION('',(#6600),#6604);
#6600 = LINE('',#6601,#6602);
#6601 = CARTESIAN_POINT('',(0.,0.));
#6602 = VECTOR('',#6603,1.);
#6603 = DIRECTION('',(1.,0.));
#6604 = ( GEOMETRIC_REPRESENTATION_CONTEXT(2) 
PARAMETRIC_REPRESENTATION_CONTEXT() REPRESENTATION_CONTEXT('2D SPACE',''
  ) );
#6605 = PCURVE('',#5610,#6606);
#6606 = DEFINITIONAL_REPRESENTATION('',(#6607),#6610);
#6607 = B_SPLINE_CURVE_WITH_KNOTS('',1,(#6608,#6609),.UNSPECIFIED.,.F.,
  .F.,(2,2),(2.,3.),.PIECEWISE_BEZIER_KNOTS.);
#6608 = CARTESIAN_POINT('',(38.151802054425,0.));
#6609 = CARTESIAN_POINT('',(37.92900786012,-2.49005275988));
#6610 = ( GEOMETRIC_REPRESENTATION_CONTEXT(2) 
PARAMETRIC_REPRESENTATION_CONTEXT() REPRESENTATION_CONTEXT('2D SPACE',''
  ) );
#6611 = ORIENTED_EDGE('',*,*,#5762,.T.);
#6612 = ORIENTED_EDGE('',*,*,#6453,.F.);
#6613 = ORIENTED_EDGE('',*,*,#5621,.F.);
#6614 = ADVANCED_FACE('',(#6615),#5610,.F.);
#6615 = FACE_BOUND('',#6616,.F.);
#6616 = EDGE_LOOP('',(#6617,#6618,#6619,#6620));
#6617 = ORIENTED_EDGE('',*,*,#5738,.F.);
#6618 = ORIENTED_EDGE('',*,*,#5797,.F.);
#6619 = ORIENTED_EDGE('',*,*,#6593,.F.);
#6620 = ORIENTED_EDGE('',*,*,#5595,.F.);
#6621 = ADVANCED_FACE('',(#6622),#5926,.F.);
#6622 = FACE_BOUND('',#6623,.F.);
#6623 = EDGE_LOOP('',(#6624,#6643,#6644,#6645));
#6624 = ORIENTED_EDGE('',*,*,#6625,.T.);
#6625 = EDGE_CURVE('',#5875,#6042,#6626,.T.);
#6626 = SURFACE_CURVE('',#6627,(#6630,#6637),.PCURVE_S1.);
#6627 = B_SPLINE_CURVE_WITH_KNOTS('',1,(#6628,#6629),.UNSPECIFIED.,.F.,
  .F.,(2,2),(2.,3.),.PIECEWISE_BEZIER_KNOTS.);
#6628 = CARTESIAN_POINT('',(-19.07201765963,77.942520057032,
    17.635485893343));
#6629 = CARTESIAN_POINT('',(-16.63469787917,78.498822391923,
    17.635485893343));
#6630 = PCURVE('',#5926,#6631);
#6631 = DEFINITIONAL_REPRESENTATION('',(#6632),#6636);
#6632 = LINE('',#6633,#6634);
#6633 = CARTESIAN_POINT('',(0.,0.));
#6634 = VECTOR('',#6635,1.);
#6635 = DIRECTION('',(1.,0.));
#6636 = ( GEOMETRIC_REPRESENTATION_CONTEXT(2) 
PARAMETRIC_REPRESENTATION_CONTEXT() REPRESENTATION_CONTEXT('2D SPACE',''
  ) );
#6637 = PCURVE('',#5889,#6638);
#6638 = DEFINITIONAL_REPRESENTATION('',(#6639),#6642);
#6639 = B_SPLINE_CURVE_WITH_KNOTS('',1,(#6640,#6641),.UNSPECIFIED.,.F.,
  .F.,(2,2),(2.,3.),.PIECEWISE_BEZIER_KNOTS.);
#6640 = CARTESIAN_POINT('',(38.151802054425,-8.881784197001E-16));
#6641 = CARTESIAN_POINT('',(37.92900786012,-2.49005275988));
#6642 = ( GEOMETRIC_REPRESENTATION_CONTEXT(2) 
PARAMETRIC_REPRESENTATION_CONTEXT() REPRESENTATION_CONTEXT('2D SPACE',''
  ) );
#6643 = ORIENTED_EDGE('',*,*,#6041,.T.);
#6644 = ORIENTED_EDGE('',*,*,#6479,.F.);
#6645 = ORIENTED_EDGE('',*,*,#5900,.F.);
#6646 = ADVANCED_FACE('',(#6647),#5889,.F.);
#6647 = FACE_BOUND('',#6648,.F.);
#6648 = EDGE_LOOP('',(#6649,#6650,#6651,#6652));
#6649 = ORIENTED_EDGE('',*,*,#6017,.F.);
#6650 = ORIENTED_EDGE('',*,*,#6076,.F.);
#6651 = ORIENTED_EDGE('',*,*,#6625,.F.);
#6652 = ORIENTED_EDGE('',*,*,#5874,.F.);
#6653 = ADVANCED_FACE('',(#6654),#6205,.F.);
#6654 = FACE_BOUND('',#6655,.F.);
#6655 = EDGE_LOOP('',(#6656,#6675,#6676,#6677));
#6656 = ORIENTED_EDGE('',*,*,#6657,.T.);
#6657 = EDGE_CURVE('',#6154,#6321,#6658,.T.);
#6658 = SURFACE_CURVE('',#6659,(#6662,#6669),.PCURVE_S1.);
#6659 = B_SPLINE_CURVE_WITH_KNOTS('',1,(#6660,#6661),.UNSPECIFIED.,.F.,
  .F.,(2,2),(2.,3.),.PIECEWISE_BEZIER_KNOTS.);
#6660 = CARTESIAN_POINT('',(49.046707491834,63.507470227216,
    17.635485893343));
#6661 = CARTESIAN_POINT('',(51.001286198004,61.948745722569,
    17.635485893343));
#6662 = PCURVE('',#6205,#6663);
#6663 = DEFINITIONAL_REPRESENTATION('',(#6664),#6668);
#6664 = LINE('',#6665,#6666);
#6665 = CARTESIAN_POINT('',(0.,0.));
#6666 = VECTOR('',#6667,1.);
#6667 = DIRECTION('',(1.,0.));
#6668 = ( GEOMETRIC_REPRESENTATION_CONTEXT(2) 
PARAMETRIC_REPRESENTATION_CONTEXT() REPRESENTATION_CONTEXT('2D SPACE',''
  ) );
#6669 = PCURVE('',#6168,#6670);
#6670 = DEFINITIONAL_REPRESENTATION('',(#6671),#6674);
#6671 = B_SPLINE_CURVE_WITH_KNOTS('',1,(#6672,#6673),.UNSPECIFIED.,.F.,
  .F.,(2,2),(2.,3.),.PIECEWISE_BEZIER_KNOTS.);
#6672 = CARTESIAN_POINT('',(38.151802054425,-1.7763568394E-15));
#6673 = CARTESIAN_POINT('',(37.92900786012,-2.49005275988));
#6674 = ( GEOMETRIC_REPRESENTATION_CONTEXT(2) 
PARAMETRIC_REPRESENTATION_CONTEXT() REPRESENTATION_CONTEXT('2D SPACE',''
  ) );
#6675 = ORIENTED_EDGE('',*,*,#6320,.T.);
#6676 = ORIENTED_EDGE('',*,*,#6505,.F.);
#6677 = ORIENTED_EDGE('',*,*,#6179,.F.);
#6678 = ADVANCED_FACE('',(#6679),#6168,.F.);
#6679 = FACE_BOUND('',#6680,.F.);
#6680 = EDGE_LOOP('',(#6681,#6682,#6683,#6684));
#6681 = ORIENTED_EDGE('',*,*,#6296,.F.);
#6682 = ORIENTED_EDGE('',*,*,#6355,.F.);
#6683 = ORIENTED_EDGE('',*,*,#6657,.F.);
#6684 = ORIENTED_EDGE('',*,*,#6153,.F.);
#6685 = ( GEOMETRIC_REPRESENTATION_CONTEXT(3) 
GLOBAL_UNCERTAINTY_ASSIGNED_CONTEXT((#6689)) 
GLOBAL_UNIT_ASSIGNED_CONTEXT((#6686,#6687,#6688)) REPRESENTATION_CONTEXT
('Context #1','3D Context with UNIT and UNCERTAINTY') );
#6686 = ( LENGTH_UNIT() NAMED_UNIT(*) SI_UNIT(.MILLI.,.METRE.) );
#6687 = ( NAMED_UNIT(*) PLANE_ANGLE_UNIT() SI_UNIT($,.RADIAN.) );
#6688 = ( NAMED_UNIT(*) SI_UNIT($,.STERADIAN.) SOLID_ANGLE_UNIT() );
#6689 = UNCERTAINTY_MEASURE_WITH_UNIT(LENGTH_MEASURE(2.E-06),#6686,
  'distance_accuracy_value','confusion accuracy');
#6690 = PRODUCT_RELATED_PRODUCT_CATEGORY('part',$,(#7));
ENDSEC;
END-ISO-10303-21;
