ISO-10303-21;
HEADER;
FILE_DESCRIPTION(('Open CASCADE Model'),'2;1');
FILE_NAME('Open CASCADE Shape Model','2026-05-26T18:21:44',('Author'),(
    'Open CASCADE'),'Open CASCADE STEP processor 7.8','Open CASCADE 7.8'
  ,'Unknown');
FILE_SCHEMA(('AUTOMOTIVE_DESIGN { 1 0 10303 214 1 1 1 1 }'));
ENDSEC;
DATA;
#1 = APPLICATION_PROTOCOL_DEFINITION('international standard',
  'automotive_design',2000,#2);
#2 = APPLICATION_CONTEXT(
  'core data for automotive mechanical design processes');
#3 = SHAPE_DEFINITION_REPRESENTATION(#4,#10);
#4 = PRODUCT_DEFINITION_SHAPE('','',#5);
#5 = PRODUCT_DEFINITION('design','',#6,#9);
#6 = PRODUCT_DEFINITION_FORMATION('','',#7);
#7 = PRODUCT('Open CASCADE STEP translator 7.8 5',
  'Open CASCADE STEP translator 7.8 5','',(#8));
#8 = PRODUCT_CONTEXT('',#2,'mechanical');
#9 = PRODUCT_DEFINITION_CONTEXT('part definition',#2,'design');
#10 = ADVANCED_BREP_SHAPE_REPRESENTATION('',(#11,#15),#3925);
#11 = AXIS2_PLACEMENT_3D('',#12,#13,#14);
#12 = CARTESIAN_POINT('',(0.,0.,0.));
#13 = DIRECTION('',(0.,0.,1.));
#14 = DIRECTION('',(1.,0.,-0.));
#15 = MANIFOLD_SOLID_BREP('',#16);
#16 = CLOSED_SHELL('',(#17,#1267,#1420,#1477,#1639,#1796,#2051,#2108,
    #2165,#2281,#2399,#2456,#2513,#2629,#2747,#2804,#2861,#2977,#3095,
    #3152,#3209,#3325,#3444,#3501,#3558,#3674,#3702,#3752,#3844,#3881,
    #3918));
#17 = ADVANCED_FACE('',(#18,#1236),#31,.T.);
#18 = FACE_BOUND('',#19,.T.);
#19 = EDGE_LOOP('',(#20,#75,#104,#152,#200,#248,#277,#325,#373,#421,#450
    ,#498,#546,#594,#623,#671,#719,#767,#796,#844,#892,#940,#969,#1017,
    #1065,#1113,#1142,#1190));
#20 = ORIENTED_EDGE('',*,*,#21,.F.);
#21 = EDGE_CURVE('',#22,#24,#26,.T.);
#22 = VERTEX_POINT('',#23);
#23 = CARTESIAN_POINT('',(5.700983566091,13.874393189584,60.));
#24 = VERTEX_POINT('',#25);
#25 = CARTESIAN_POINT('',(8.267949192431,18.320508075689,60.));
#26 = SURFACE_CURVE('',#27,(#30,#41),.PCURVE_S1.);
#27 = B_SPLINE_CURVE_WITH_KNOTS('',1,(#28,#29),.UNSPECIFIED.,.F.,.F.,(2,
    2),(1.,2.),.PIECEWISE_BEZIER_KNOTS.);
#28 = CARTESIAN_POINT('',(3.767949192431,10.526279441629,60.));
#29 = CARTESIAN_POINT('',(8.267949192431,18.320508075689,60.));
#30 = PCURVE('',#31,#36);
#31 = PLANE('',#32);
#32 = AXIS2_PLACEMENT_3D('',#33,#34,#35);
#33 = CARTESIAN_POINT('',(0.,0.,60.));
#34 = DIRECTION('',(0.,0.,1.));
#35 = DIRECTION('',(1.,0.,0.));
#36 = DEFINITIONAL_REPRESENTATION('',(#37),#40);
#37 = B_SPLINE_CURVE_WITH_KNOTS('',1,(#38,#39),.UNSPECIFIED.,.F.,.F.,(2,
    2),(1.,2.),.PIECEWISE_BEZIER_KNOTS.);
#38 = CARTESIAN_POINT('',(3.767949192431,10.526279441629));
#39 = CARTESIAN_POINT('',(8.267949192431,18.320508075689));
#40 = ( GEOMETRIC_REPRESENTATION_CONTEXT(2) 
PARAMETRIC_REPRESENTATION_CONTEXT() REPRESENTATION_CONTEXT('2D SPACE',''
  ) );
#41 = PCURVE('',#42,#69);
#42 = ( BOUNDED_SURFACE() B_SPLINE_SURFACE(1,7,(
    (#43,#44,#45,#46,#47,#48,#49,#50,#51,#52,#53,#54,#55)
    ,(#56,#57,#58,#59,#60,#61,#62,#63,#64,#65,#66,#67,#68
)),.UNSPECIFIED.,.F.,.F.,.F.) B_SPLINE_SURFACE_WITH_KNOTS((2,2),(8,5,8),
  (1.,2.),(0.,0.528295033397,1.),.UNSPECIFIED.) 
GEOMETRIC_REPRESENTATION_ITEM() RATIONAL_B_SPLINE_SURFACE((
    (1.,1.,1.,1.,1.,1.,1.,1.,1.,1.,1.,1.,1.)
,(1.,1.,1.,1.,1.,1.,1.,1.,1.,1.,1.,1.,1.
))) REPRESENTATION_ITEM('') SURFACE() );
#43 = CARTESIAN_POINT('',(46.,2.,0.));
#44 = CARTESIAN_POINT('',(43.521019786836,5.219220761173,4.009735946893)
  );
#45 = CARTESIAN_POINT('',(40.725088725218,8.115357586259,8.107010349122)
  );
#46 = CARTESIAN_POINT('',(37.64675426649,10.634313100918,12.295077687986
    ));
#47 = CARTESIAN_POINT('',(34.333399972772,12.723097961241,
    16.576756995778));
#48 = CARTESIAN_POINT('',(30.847096395335,14.332840021725,
    20.954091505759));
#49 = CARTESIAN_POINT('',(24.070615206832,16.40071346955,29.421887460285
    ));
#50 = CARTESIAN_POINT('',(17.288289712098,16.547129721767,
    38.226846193522));
#51 = CARTESIAN_POINT('',(14.153273339542,16.175128157154,
    42.453746762775));
#52 = CARTESIAN_POINT('',(11.156057068734,15.360771667122,
    46.751113780913));
#53 = CARTESIAN_POINT('',(8.376067397395,14.119486415962,51.113702778626
    ));
#54 = CARTESIAN_POINT('',(5.891276580264,12.488958102093,55.53346234352)
  );
#55 = CARTESIAN_POINT('',(3.767949192431,10.526279441629,60.));
#56 = CARTESIAN_POINT('',(65.,2.,0.));
#57 = CARTESIAN_POINT('',(61.852729993313,6.548899176819,4.009735946893)
  );
#58 = CARTESIAN_POINT('',(58.265358096708,10.694618099436,8.107010349122
    ));
#59 = CARTESIAN_POINT('',(54.27938279817,14.36491517971,12.295077687986)
  );
#60 = CARTESIAN_POINT('',(49.952898072042,17.48826347634,16.576756995778
    ));
#61 = CARTESIAN_POINT('',(45.363135933027,19.997614293713,
    20.954091505759));
#62 = CARTESIAN_POINT('',(36.366107270616,23.482374258685,
    29.421887460285));
#63 = CARTESIAN_POINT('',(27.204897055238,24.463580048179,
    38.226846193522));
#64 = CARTESIAN_POINT('',(22.930641159327,24.347720176249,
    42.453746762775));
#65 = CARTESIAN_POINT('',(18.798205229696,23.646771945067,
    46.751113780913));
#66 = CARTESIAN_POINT('',(14.910797695936,22.375449293358,
    51.113702778626));
#67 = CARTESIAN_POINT('',(11.371094074972,20.577074707318,55.53346234352
    ));
#68 = CARTESIAN_POINT('',(8.267949192431,18.320508075689,60.));
#69 = DEFINITIONAL_REPRESENTATION('',(#70),#74);
#70 = LINE('',#71,#72);
#71 = CARTESIAN_POINT('',(0.,1.));
#72 = VECTOR('',#73,1.);
#73 = DIRECTION('',(1.,0.));
#74 = ( GEOMETRIC_REPRESENTATION_CONTEXT(2) 
PARAMETRIC_REPRESENTATION_CONTEXT() REPRESENTATION_CONTEXT('2D SPACE',''
  ) );
#75 = ORIENTED_EDGE('',*,*,#76,.T.);
#76 = EDGE_CURVE('',#22,#77,#79,.T.);
#77 = VERTEX_POINT('',#78);
#78 = CARTESIAN_POINT('',(-3.569437287158,14.569115191151,60.));
#79 = SURFACE_CURVE('',#80,(#85,#92),.PCURVE_S1.);
#80 = CIRCLE('',#81,15.);
#81 = AXIS2_PLACEMENT_3D('',#82,#83,#84);
#82 = CARTESIAN_POINT('',(0.,0.,60.));
#83 = DIRECTION('',(0.,0.,1.));
#84 = DIRECTION('',(1.,0.,0.));
#85 = PCURVE('',#31,#86);
#86 = DEFINITIONAL_REPRESENTATION('',(#87),#91);
#87 = CIRCLE('',#88,15.);
#88 = AXIS2_PLACEMENT_2D('',#89,#90);
#89 = CARTESIAN_POINT('',(0.,0.));
#90 = DIRECTION('',(1.,0.));
#91 = ( GEOMETRIC_REPRESENTATION_CONTEXT(2) 
PARAMETRIC_REPRESENTATION_CONTEXT() REPRESENTATION_CONTEXT('2D SPACE',''
  ) );
#92 = PCURVE('',#93,#98);
#93 = CONICAL_SURFACE('',#94,50.,0.528074448426);
#94 = AXIS2_PLACEMENT_3D('',#95,#96,#97);
#95 = CARTESIAN_POINT('',(0.,0.,0.));
#96 = DIRECTION('',(-0.,-0.,-1.));
#97 = DIRECTION('',(1.,0.,0.));
#98 = DEFINITIONAL_REPRESENTATION('',(#99),#103);
#99 = LINE('',#100,#101);
#100 = CARTESIAN_POINT('',(-0.,-60.));
#101 = VECTOR('',#102,1.);
#102 = DIRECTION('',(-1.,-0.));
#103 = ( GEOMETRIC_REPRESENTATION_CONTEXT(2) 
PARAMETRIC_REPRESENTATION_CONTEXT() REPRESENTATION_CONTEXT('2D SPACE',''
  ) );
#104 = ORIENTED_EDGE('',*,*,#105,.F.);
#105 = EDGE_CURVE('',#106,#77,#108,.T.);
#106 = VERTEX_POINT('',#107);
#107 = CARTESIAN_POINT('',(-5.445072990039,19.348157021617,60.));
#108 = SURFACE_CURVE('',#109,(#112,#118),.PCURVE_S1.);
#109 = B_SPLINE_CURVE_WITH_KNOTS('',1,(#110,#111),.UNSPECIFIED.,.F.,.F.,
  (2,2),(3.,4.),.PIECEWISE_BEZIER_KNOTS.);
#110 = CARTESIAN_POINT('',(-5.445072990039,19.348157021617,60.));
#111 = CARTESIAN_POINT('',(-2.157003770742,10.970293283819,60.));
#112 = PCURVE('',#31,#113);
#113 = DEFINITIONAL_REPRESENTATION('',(#114),#117);
#114 = B_SPLINE_CURVE_WITH_KNOTS('',1,(#115,#116),.UNSPECIFIED.,.F.,.F.,
  (2,2),(3.,4.),.PIECEWISE_BEZIER_KNOTS.);
#115 = CARTESIAN_POINT('',(-5.445072990039,19.348157021617));
#116 = CARTESIAN_POINT('',(-2.157003770742,10.970293283819));
#117 = ( GEOMETRIC_REPRESENTATION_CONTEXT(2) 
PARAMETRIC_REPRESENTATION_CONTEXT() REPRESENTATION_CONTEXT('2D SPACE',''
  ) );
#118 = PCURVE('',#119,#146);
#119 = ( BOUNDED_SURFACE() B_SPLINE_SURFACE(1,7,(
    (#120,#121,#122,#123,#124,#125,#126,#127,#128,#129,#130,#131,#132)
    ,(#133,#134,#135,#136,#137,#138,#139,#140,#141,#142,#143,#144,#145
)),.UNSPECIFIED.,.F.,.F.,.F.) B_SPLINE_SURFACE_WITH_KNOTS((2,2),(8,5,8),
  (3.,4.),(0.,0.528295033397,1.),.UNSPECIFIED.) 
GEOMETRIC_REPRESENTATION_ITEM() RATIONAL_B_SPLINE_SURFACE((
    (1.,1.,1.,1.,1.,1.,1.,1.,1.,1.,1.,1.,1.)
,(1.,1.,1.,1.,1.,1.,1.,1.,1.,1.,1.,1.,1.
))) REPRESENTATION_ITEM('') SURFACE() );
#120 = CARTESIAN_POINT('',(42.090500085754,49.572066756704,0.));
#121 = CARTESIAN_POINT('',(36.746271714652,50.166484242687,
    4.009735946893));
#122 = CARTESIAN_POINT('',(31.428804522691,50.18446529373,8.107010349121
    ));
#123 = CARTESIAN_POINT('',(26.21779380342,49.612961461521,
    12.295077687986));
#124 = CARTESIAN_POINT('',(21.202512812921,48.451906006775,
    16.576756995778));
#125 = CARTESIAN_POINT('',(16.480509368847,46.718427983736,
    20.954091505759));
#126 = CARTESIAN_POINT('',(8.290126745228,42.433161824479,
    29.421887460287));
#127 = CARTESIAN_POINT('',(1.853171448458,36.497714666358,
    38.226846193521));
#128 = CARTESIAN_POINT('',(-0.725854542998,33.380478342355,
    42.453746762782));
#129 = CARTESIAN_POINT('',(-2.785220010766,30.013093077898,
    46.751113780904));
#130 = CARTESIAN_POINT('',(-4.273354018059,26.482102983122,
    51.113702778632));
#131 = CARTESIAN_POINT('',(-5.160626916711,22.890971599117,
    55.533462343518));
#132 = CARTESIAN_POINT('',(-5.445072990039,19.348157021617,60.));
#133 = CARTESIAN_POINT('',(30.244193850438,34.717268589812,0.));
#134 = CARTESIAN_POINT('',(26.35622179719,35.005135143873,4.009735946893
    ));
#135 = CARTESIAN_POINT('',(22.50917251841,34.862787861837,8.107010349121
    ));
#136 = CARTESIAN_POINT('',(18.764221689558,34.283056488322,
    12.295077687986));
#137 = CARTESIAN_POINT('',(15.189471456762,33.269058549595,
    16.576756995778));
#138 = CARTESIAN_POINT('',(11.858805620629,31.837402283998,
    20.954091505759));
#139 = CARTESIAN_POINT('',(6.160678187732,28.404815754331,
    29.421887460287));
#140 = CARTESIAN_POINT('',(1.859597995554,23.808772800775,
    38.226846193521));
#141 = CARTESIAN_POINT('',(0.191135868104,21.422528068991,
    42.453746762782));
#142 = CARTESIAN_POINT('',(-1.071765572387,18.871984380472,
    46.751113780904));
#143 = CARTESIAN_POINT('',(-1.892920021459,16.225536447705,
    51.113702778632));
#144 = CARTESIAN_POINT('',(-2.253693044872,13.563819543973,
    55.533462343518));
#145 = CARTESIAN_POINT('',(-2.157003770742,10.970293283819,60.));
#146 = DEFINITIONAL_REPRESENTATION('',(#147),#151);
#147 = LINE('',#148,#149);
#148 = CARTESIAN_POINT('',(0.,1.));
#149 = VECTOR('',#150,1.);
#150 = DIRECTION('',(1.,0.));
#151 = ( GEOMETRIC_REPRESENTATION_CONTEXT(2) 
PARAMETRIC_REPRESENTATION_CONTEXT() REPRESENTATION_CONTEXT('2D SPACE',''
  ) );
#152 = ORIENTED_EDGE('',*,*,#153,.F.);
#153 = EDGE_CURVE('',#154,#106,#156,.T.);
#154 = VERTEX_POINT('',#155);
#155 = CARTESIAN_POINT('',(-9.168567984616,17.886792924151,60.));
#156 = SURFACE_CURVE('',#157,(#160,#166),.PCURVE_S1.);
#157 = B_SPLINE_CURVE_WITH_KNOTS('',1,(#158,#159),.UNSPECIFIED.,.F.,.F.,
  (2,2),(2.,3.),.PIECEWISE_BEZIER_KNOTS.);
#158 = CARTESIAN_POINT('',(-9.168567984616,17.886792924151,60.));
#159 = CARTESIAN_POINT('',(-5.445072990039,19.348157021617,60.));
#160 = PCURVE('',#31,#161);
#161 = DEFINITIONAL_REPRESENTATION('',(#162),#165);
#162 = B_SPLINE_CURVE_WITH_KNOTS('',1,(#163,#164),.UNSPECIFIED.,.F.,.F.,
  (2,2),(2.,3.),.PIECEWISE_BEZIER_KNOTS.);
#163 = CARTESIAN_POINT('',(-9.168567984616,17.886792924151));
#164 = CARTESIAN_POINT('',(-5.445072990039,19.348157021617));
#165 = ( GEOMETRIC_REPRESENTATION_CONTEXT(2) 
PARAMETRIC_REPRESENTATION_CONTEXT() REPRESENTATION_CONTEXT('2D SPACE',''
  ) );
#166 = PCURVE('',#167,#194);
#167 = ( BOUNDED_SURFACE() B_SPLINE_SURFACE(1,7,(
    (#168,#169,#170,#171,#172,#173,#174,#175,#176,#177,#178,#179,#180)
    ,(#181,#182,#183,#184,#185,#186,#187,#188,#189,#190,#191,#192,#193
)),.UNSPECIFIED.,.F.,.F.,.F.) B_SPLINE_SURFACE_WITH_KNOTS((2,2),(8,5,8),
  (2.,3.),(0.,0.528295033397,1.),.UNSPECIFIED.) 
GEOMETRIC_REPRESENTATION_ITEM() RATIONAL_B_SPLINE_SURFACE((
    (1.,1.,1.,1.,1.,1.,1.,1.,1.,1.,1.,1.,1.)
,(1.,1.,1.,1.,1.,1.,1.,1.,1.,1.,1.,1.,1.
))) REPRESENTATION_ITEM('') SURFACE() );
#168 = CARTESIAN_POINT('',(38.963174155882,52.066025964139,0.));
#169 = CARTESIAN_POINT('',(33.444410816006,52.44158343551,4.009735946893
    ));
#170 = CARTESIAN_POINT('',(27.966467451835,52.221676617066,
    8.107010349121));
#171 = CARTESIAN_POINT('',(22.611698695362,51.393708439637,
    12.295077687986));
#172 = CARTESIAN_POINT('',(17.472247561711,49.958502282974,
    16.576756995778));
#173 = CARTESIAN_POINT('',(12.648688205495,47.934636389544,
    20.954091505759));
#174 = CARTESIAN_POINT('',(4.314637537994,43.073188432705,
    29.421887460287));
#175 = CARTESIAN_POINT('',(-2.164421180986,36.522437672076,
    38.226846193521));
#176 = CARTESIAN_POINT('',(-4.73879324719,33.108452399954,
    42.453746762782));
#177 = CARTESIAN_POINT('',(-6.767301511433,29.440549817085,
    46.751113780904));
#178 = CARTESIAN_POINT('',(-8.197100390919,25.60859551382,
    51.113702778632));
#179 = CARTESIAN_POINT('',(-8.998043631556,21.719875570014,
    55.533462343518));
#180 = CARTESIAN_POINT('',(-9.168567984616,17.886792924151,60.));
#181 = CARTESIAN_POINT('',(42.090500085754,49.572066756704,0.));
#182 = CARTESIAN_POINT('',(36.746271714652,50.166484242687,
    4.009735946893));
#183 = CARTESIAN_POINT('',(31.428804522691,50.18446529373,8.107010349121
    ));
#184 = CARTESIAN_POINT('',(26.21779380342,49.612961461521,
    12.295077687986));
#185 = CARTESIAN_POINT('',(21.202512812921,48.451906006775,
    16.576756995778));
#186 = CARTESIAN_POINT('',(16.480509368847,46.718427983736,
    20.954091505759));
#187 = CARTESIAN_POINT('',(8.290126745228,42.433161824479,
    29.421887460287));
#188 = CARTESIAN_POINT('',(1.853171448458,36.497714666358,
    38.226846193521));
#189 = CARTESIAN_POINT('',(-0.725854542998,33.380478342355,
    42.453746762782));
#190 = CARTESIAN_POINT('',(-2.785220010766,30.013093077898,
    46.751113780904));
#191 = CARTESIAN_POINT('',(-4.273354018059,26.482102983122,
    51.113702778632));
#192 = CARTESIAN_POINT('',(-5.160626916711,22.890971599117,
    55.533462343518));
#193 = CARTESIAN_POINT('',(-5.445072990039,19.348157021617,60.));
#194 = DEFINITIONAL_REPRESENTATION('',(#195),#199);
#195 = LINE('',#196,#197);
#196 = CARTESIAN_POINT('',(0.,1.));
#197 = VECTOR('',#198,1.);
#198 = DIRECTION('',(1.,0.));
#199 = ( GEOMETRIC_REPRESENTATION_CONTEXT(2) 
PARAMETRIC_REPRESENTATION_CONTEXT() REPRESENTATION_CONTEXT('2D SPACE',''
  ) );
#200 = ORIENTED_EDGE('',*,*,#201,.F.);
#201 = EDGE_CURVE('',#202,#154,#204,.T.);
#202 = VERTEX_POINT('',#203);
#203 = CARTESIAN_POINT('',(-7.292932281735,13.107751093686,60.));
#204 = SURFACE_CURVE('',#205,(#208,#214),.PCURVE_S1.);
#205 = B_SPLINE_CURVE_WITH_KNOTS('',1,(#206,#207),.UNSPECIFIED.,.F.,.F.,
  (2,2),(1.,2.),.PIECEWISE_BEZIER_KNOTS.);
#206 = CARTESIAN_POINT('',(-5.880498765319,9.508929186353,60.));
#207 = CARTESIAN_POINT('',(-9.168567984616,17.886792924151,60.));
#208 = PCURVE('',#31,#209);
#209 = DEFINITIONAL_REPRESENTATION('',(#210),#213);
#210 = B_SPLINE_CURVE_WITH_KNOTS('',1,(#211,#212),.UNSPECIFIED.,.F.,.F.,
  (2,2),(1.,2.),.PIECEWISE_BEZIER_KNOTS.);
#211 = CARTESIAN_POINT('',(-5.880498765319,9.508929186353));
#212 = CARTESIAN_POINT('',(-9.168567984616,17.886792924151));
#213 = ( GEOMETRIC_REPRESENTATION_CONTEXT(2) 
PARAMETRIC_REPRESENTATION_CONTEXT() REPRESENTATION_CONTEXT('2D SPACE',''
  ) );
#214 = PCURVE('',#215,#242);
#215 = ( BOUNDED_SURFACE() B_SPLINE_SURFACE(1,7,(
    (#216,#217,#218,#219,#220,#221,#222,#223,#224,#225,#226,#227,#228)
    ,(#229,#230,#231,#232,#233,#234,#235,#236,#237,#238,#239,#240,#241
)),.UNSPECIFIED.,.F.,.F.,.F.) B_SPLINE_SURFACE_WITH_KNOTS((2,2),(8,5,8),
  (1.,2.),(0.,0.528295033397,1.),.UNSPECIFIED.) 
GEOMETRIC_REPRESENTATION_ITEM() RATIONAL_B_SPLINE_SURFACE((
    (1.,1.,1.,1.,1.,1.,1.,1.,1.,1.,1.,1.,1.)
,(1.,1.,1.,1.,1.,1.,1.,1.,1.,1.,1.,1.,1.
))) REPRESENTATION_ITEM('') SURFACE() );
#216 = CARTESIAN_POINT('',(27.116867920566,37.211227797247,0.));
#217 = CARTESIAN_POINT('',(23.054360898546,37.280234336705,
    4.009735946893));
#218 = CARTESIAN_POINT('',(19.046835447551,36.899999185144,
    8.107010349121));
#219 = CARTESIAN_POINT('',(15.158126581506,36.06380346648,
    12.295077687986));
#220 = CARTESIAN_POINT('',(11.459206205547,34.77565482576,
    16.576756995778));
#221 = CARTESIAN_POINT('',(8.026984457279,33.053610689817,
    20.954091505759));
#222 = CARTESIAN_POINT('',(2.185188980497,29.044842362547,
    29.421887460287));
#223 = CARTESIAN_POINT('',(-2.15799463389,23.833495806501,
    38.226846193521));
#224 = CARTESIAN_POINT('',(-3.821802836091,21.150502126575,
    42.453746762782));
#225 = CARTESIAN_POINT('',(-5.053847073052,18.299441119675,
    46.751113780904));
#226 = CARTESIAN_POINT('',(-5.816666394321,15.352028978394,
    51.113702778632));
#227 = CARTESIAN_POINT('',(-6.091109759717,12.392723514873,
    55.533462343518));
#228 = CARTESIAN_POINT('',(-5.880498765319,9.508929186353,60.));
#229 = CARTESIAN_POINT('',(38.963174155882,52.066025964139,0.));
#230 = CARTESIAN_POINT('',(33.444410816006,52.44158343551,4.009735946893
    ));
#231 = CARTESIAN_POINT('',(27.966467451835,52.221676617066,
    8.107010349121));
#232 = CARTESIAN_POINT('',(22.611698695362,51.393708439637,
    12.295077687986));
#233 = CARTESIAN_POINT('',(17.472247561711,49.958502282974,
    16.576756995778));
#234 = CARTESIAN_POINT('',(12.648688205495,47.934636389544,
    20.954091505759));
#235 = CARTESIAN_POINT('',(4.314637537994,43.073188432705,
    29.421887460287));
#236 = CARTESIAN_POINT('',(-2.164421180986,36.522437672076,
    38.226846193521));
#237 = CARTESIAN_POINT('',(-4.73879324719,33.108452399954,
    42.453746762782));
#238 = CARTESIAN_POINT('',(-6.767301511433,29.440549817085,
    46.751113780904));
#239 = CARTESIAN_POINT('',(-8.197100390919,25.60859551382,
    51.113702778632));
#240 = CARTESIAN_POINT('',(-8.998043631556,21.719875570014,
    55.533462343518));
#241 = CARTESIAN_POINT('',(-9.168567984616,17.886792924151,60.));
#242 = DEFINITIONAL_REPRESENTATION('',(#243),#247);
#243 = LINE('',#244,#245);
#244 = CARTESIAN_POINT('',(0.,1.));
#245 = VECTOR('',#246,1.);
#246 = DIRECTION('',(1.,0.));
#247 = ( GEOMETRIC_REPRESENTATION_CONTEXT(2) 
PARAMETRIC_REPRESENTATION_CONTEXT() REPRESENTATION_CONTEXT('2D SPACE',''
  ) );
#248 = ORIENTED_EDGE('',*,*,#249,.T.);
#249 = EDGE_CURVE('',#202,#250,#252,.T.);
#250 = VERTEX_POINT('',#251);
#251 = CARTESIAN_POINT('',(-13.61610067506,6.292996297993,60.));
#252 = SURFACE_CURVE('',#253,(#258,#265),.PCURVE_S1.);
#253 = CIRCLE('',#254,15.);
#254 = AXIS2_PLACEMENT_3D('',#255,#256,#257);
#255 = CARTESIAN_POINT('',(0.,0.,60.));
#256 = DIRECTION('',(0.,0.,1.));
#257 = DIRECTION('',(1.,0.,0.));
#258 = PCURVE('',#31,#259);
#259 = DEFINITIONAL_REPRESENTATION('',(#260),#264);
#260 = CIRCLE('',#261,15.);
#261 = AXIS2_PLACEMENT_2D('',#262,#263);
#262 = CARTESIAN_POINT('',(0.,0.));
#263 = DIRECTION('',(1.,0.));
#264 = ( GEOMETRIC_REPRESENTATION_CONTEXT(2) 
PARAMETRIC_REPRESENTATION_CONTEXT() REPRESENTATION_CONTEXT('2D SPACE',''
  ) );
#265 = PCURVE('',#266,#271);
#266 = CONICAL_SURFACE('',#267,50.,0.528074448426);
#267 = AXIS2_PLACEMENT_3D('',#268,#269,#270);
#268 = CARTESIAN_POINT('',(0.,0.,0.));
#269 = DIRECTION('',(-0.,-0.,-1.));
#270 = DIRECTION('',(1.,0.,0.));
#271 = DEFINITIONAL_REPRESENTATION('',(#272),#276);
#272 = LINE('',#273,#274);
#273 = CARTESIAN_POINT('',(-0.,-60.));
#274 = VECTOR('',#275,1.);
#275 = DIRECTION('',(-1.,-0.));
#276 = ( GEOMETRIC_REPRESENTATION_CONTEXT(2) 
PARAMETRIC_REPRESENTATION_CONTEXT() REPRESENTATION_CONTEXT('2D SPACE',''
  ) );
#277 = ORIENTED_EDGE('',*,*,#278,.F.);
#278 = EDGE_CURVE('',#279,#250,#281,.T.);
#279 = VERTEX_POINT('',#280);
#280 = CARTESIAN_POINT('',(-18.5219457669,7.80624909979,60.));
#281 = SURFACE_CURVE('',#282,(#285,#291),.PCURVE_S1.);
#282 = B_SPLINE_CURVE_WITH_KNOTS('',1,(#283,#284),.UNSPECIFIED.,.F.,.F.,
  (2,2),(3.,4.),.PIECEWISE_BEZIER_KNOTS.);
#283 = CARTESIAN_POINT('',(-18.5219457669,7.80624909979,60.));
#284 = CARTESIAN_POINT('',(-9.921790514826,5.153452530092,60.));
#285 = PCURVE('',#31,#286);
#286 = DEFINITIONAL_REPRESENTATION('',(#287),#290);
#287 = B_SPLINE_CURVE_WITH_KNOTS('',1,(#288,#289),.UNSPECIFIED.,.F.,.F.,
  (2,2),(3.,4.),.PIECEWISE_BEZIER_KNOTS.);
#288 = CARTESIAN_POINT('',(-18.5219457669,7.80624909979));
#289 = CARTESIAN_POINT('',(-9.921790514826,5.153452530092));
#290 = ( GEOMETRIC_REPRESENTATION_CONTEXT(2) 
PARAMETRIC_REPRESENTATION_CONTEXT() REPRESENTATION_CONTEXT('2D SPACE',''
  ) );
#291 = PCURVE('',#292,#319);
#292 = ( BOUNDED_SURFACE() B_SPLINE_SURFACE(1,7,(
    (#293,#294,#295,#296,#297,#298,#299,#300,#301,#302,#303,#304,#305)
    ,(#306,#307,#308,#309,#310,#311,#312,#313,#314,#315,#316,#317,#318
)),.UNSPECIFIED.,.F.,.F.,.F.) B_SPLINE_SURFACE_WITH_KNOTS((2,2),(8,5,8),
  (3.,4.),(0.,0.528295033397,1.),.UNSPECIFIED.) 
GEOMETRIC_REPRESENTATION_ITEM() RATIONAL_B_SPLINE_SURFACE((
    (1.,1.,1.,1.,1.,1.,1.,1.,1.,1.,1.,1.,1.)
,(1.,1.,1.,1.,1.,1.,1.,1.,1.,1.,1.,1.,1.
))) REPRESENTATION_ITEM('') SURFACE() );
#293 = CARTESIAN_POINT('',(-12.51400488279,63.815356159731,0.));
#294 = CARTESIAN_POINT('',(-16.31081107525,60.007683410262,
    4.009735946892));
#295 = CARTESIAN_POINT('',(-19.64025579295,55.861531154547,
    8.107010349125));
#296 = CARTESIAN_POINT('',(-22.44244814542,51.431072107638,
    12.295077687981));
#297 = CARTESIAN_POINT('',(-24.66167498903,46.786061300415,
    16.576756995782));
#298 = CARTESIAN_POINT('',(-26.25050828819,42.013444478406,
    20.954091505758));
#299 = CARTESIAN_POINT('',(-28.00677233327,32.938125741252,
    29.421887460287));
#300 = CARTESIAN_POINT('',(-27.37962886508,24.20482066644,
    38.226846193522));
#301 = CARTESIAN_POINT('',(-26.55047177308,20.244891894215,
    42.453746762775));
#302 = CARTESIAN_POINT('',(-25.20173732719,16.535284766291,
    46.751113780915));
#303 = CARTESIAN_POINT('',(-23.36893448415,13.170278434699,
    51.113702778624));
#304 = CARTESIAN_POINT('',(-21.11448051423,10.237546753931,
    55.533462343521));
#305 = CARTESIAN_POINT('',(-18.5219457669,7.80624909979,60.));
#306 = CARTESIAN_POINT('',(-8.286107137627,45.291725828277,0.));
#307 = CARTESIAN_POINT('',(-10.93528119745,42.431468734845,
    4.009735946892));
#308 = CARTESIAN_POINT('',(-13.22258560347,39.334972415419,
    8.107010349125));
#309 = CARTESIAN_POINT('',(-15.10427201455,36.045595357917,
    12.295077687981));
#310 = CARTESIAN_POINT('',(-16.54031681722,32.618525710064,
    16.576756995782));
#311 = CARTESIAN_POINT('',(-17.49763905894,29.121883220422,
    20.954091505758));
#312 = CARTESIAN_POINT('',(-18.36665918785,22.526725107026,
    29.421887460287));
#313 = CARTESIAN_POINT('',(-17.45500774879,16.298419293713,
    38.226846193522));
#314 = CARTESIAN_POINT('',(-16.62963561385,13.506163820161,
    42.453746762775));
#315 = CARTESIAN_POINT('',(-15.42294642967,10.928549735744,
    46.751113780915));
#316 = CARTESIAN_POINT('',(-13.86585154385,8.63651203826,51.113702778624
    ));
#317 = CARTESIAN_POINT('',(-12.00977577199,6.694894985619,
    55.533462343521));
#318 = CARTESIAN_POINT('',(-9.921790514826,5.153452530092,60.));
#319 = DEFINITIONAL_REPRESENTATION('',(#320),#324);
#320 = LINE('',#321,#322);
#321 = CARTESIAN_POINT('',(0.,1.));
#322 = VECTOR('',#323,1.);
#323 = DIRECTION('',(1.,0.));
#324 = ( GEOMETRIC_REPRESENTATION_CONTEXT(2) 
PARAMETRIC_REPRESENTATION_CONTEXT() REPRESENTATION_CONTEXT('2D SPACE',''
  ) );
#325 = ORIENTED_EDGE('',*,*,#326,.F.);
#326 = EDGE_CURVE('',#327,#279,#329,.T.);
#327 = VERTEX_POINT('',#328);
#328 = CARTESIAN_POINT('',(-19.70096646454,3.983957876646,60.));
#329 = SURFACE_CURVE('',#330,(#333,#339),.PCURVE_S1.);
#330 = B_SPLINE_CURVE_WITH_KNOTS('',1,(#331,#332),.UNSPECIFIED.,.F.,.F.,
  (2,2),(2.,3.),.PIECEWISE_BEZIER_KNOTS.);
#331 = CARTESIAN_POINT('',(-19.70096646454,3.983957876646,60.));
#332 = CARTESIAN_POINT('',(-18.5219457669,7.80624909979,60.));
#333 = PCURVE('',#31,#334);
#334 = DEFINITIONAL_REPRESENTATION('',(#335),#338);
#335 = B_SPLINE_CURVE_WITH_KNOTS('',1,(#336,#337),.UNSPECIFIED.,.F.,.F.,
  (2,2),(2.,3.),.PIECEWISE_BEZIER_KNOTS.);
#336 = CARTESIAN_POINT('',(-19.70096646454,3.983957876646));
#337 = CARTESIAN_POINT('',(-18.5219457669,7.80624909979));
#338 = ( GEOMETRIC_REPRESENTATION_CONTEXT(2) 
PARAMETRIC_REPRESENTATION_CONTEXT() REPRESENTATION_CONTEXT('2D SPACE',''
  ) );
#339 = PCURVE('',#340,#367);
#340 = ( BOUNDED_SURFACE() B_SPLINE_SURFACE(1,7,(
    (#341,#342,#343,#344,#345,#346,#347,#348,#349,#350,#351,#352,#353)
    ,(#354,#355,#356,#357,#358,#359,#360,#361,#362,#363,#364,#365,#366
)),.UNSPECIFIED.,.F.,.F.,.F.) B_SPLINE_SURFACE_WITH_KNOTS((2,2),(8,5,8),
  (2.,3.),(0.,0.528295033397,1.),.UNSPECIFIED.) 
GEOMETRIC_REPRESENTATION_ITEM() RATIONAL_B_SPLINE_SURFACE((
    (1.,1.,1.,1.,1.,1.,1.,1.,1.,1.,1.,1.,1.)
,(1.,1.,1.,1.,1.,1.,1.,1.,1.,1.,1.,1.,1.
))) REPRESENTATION_ITEM('') SURFACE() );
#341 = CARTESIAN_POINT('',(-16.41371653152,62.925272423906,0.));
#342 = CARTESIAN_POINT('',(-20.1482318474,58.844685753918,4.009735946892
    ));
#343 = CARTESIAN_POINT('',(-23.39174359623,54.42474751395,8.107010349125
    ));
#344 = CARTESIAN_POINT('',(-26.08305571965,49.721991003957,
    12.295077687981));
#345 = CARTESIAN_POINT('',(-28.16536173148,44.808969902769,
    16.576756995782));
#346 = CARTESIAN_POINT('',(-29.59047972699,39.775899595674,
    20.954091505758));
#347 = CARTESIAN_POINT('',(-30.9858422633,30.229013183964,
    29.421887460287));
#348 = CARTESIAN_POINT('',(-29.90388612178,21.079154806952,
    38.226846193522));
#349 = CARTESIAN_POINT('',(-28.8398196848,16.937844677123,
    42.453746762775));
#350 = CARTESIAN_POINT('',(-27.23689218665,13.064993199089,
    46.751113780915));
#351 = CARTESIAN_POINT('',(-25.13241469303,9.557946992213,
    51.113702778624));
#352 = CARTESIAN_POINT('',(-22.59147095688,6.507167123775,
    55.533462343521));
#353 = CARTESIAN_POINT('',(-19.70096646454,3.983957876646,60.));
#354 = CARTESIAN_POINT('',(-12.51400488279,63.815356159731,0.));
#355 = CARTESIAN_POINT('',(-16.31081107525,60.007683410262,
    4.009735946892));
#356 = CARTESIAN_POINT('',(-19.64025579295,55.861531154547,
    8.107010349125));
#357 = CARTESIAN_POINT('',(-22.44244814542,51.431072107638,
    12.295077687981));
#358 = CARTESIAN_POINT('',(-24.66167498903,46.786061300415,
    16.576756995782));
#359 = CARTESIAN_POINT('',(-26.25050828819,42.013444478406,
    20.954091505758));
#360 = CARTESIAN_POINT('',(-28.00677233327,32.938125741252,
    29.421887460287));
#361 = CARTESIAN_POINT('',(-27.37962886508,24.20482066644,
    38.226846193522));
#362 = CARTESIAN_POINT('',(-26.55047177308,20.244891894215,
    42.453746762775));
#363 = CARTESIAN_POINT('',(-25.20173732719,16.535284766291,
    46.751113780915));
#364 = CARTESIAN_POINT('',(-23.36893448415,13.170278434699,
    51.113702778624));
#365 = CARTESIAN_POINT('',(-21.11448051423,10.237546753931,
    55.533462343521));
#366 = CARTESIAN_POINT('',(-18.5219457669,7.80624909979,60.));
#367 = DEFINITIONAL_REPRESENTATION('',(#368),#372);
#368 = LINE('',#369,#370);
#369 = CARTESIAN_POINT('',(0.,1.));
#370 = VECTOR('',#371,1.);
#371 = DIRECTION('',(1.,0.));
#372 = ( GEOMETRIC_REPRESENTATION_CONTEXT(2) 
PARAMETRIC_REPRESENTATION_CONTEXT() REPRESENTATION_CONTEXT('2D SPACE',''
  ) );
#373 = ORIENTED_EDGE('',*,*,#374,.F.);
#374 = EDGE_CURVE('',#375,#327,#377,.T.);
#375 = VERTEX_POINT('',#376);
#376 = CARTESIAN_POINT('',(-14.7951213727,2.470705074848,60.));
#377 = SURFACE_CURVE('',#378,(#381,#387),.PCURVE_S1.);
#378 = B_SPLINE_CURVE_WITH_KNOTS('',1,(#379,#380),.UNSPECIFIED.,.F.,.F.,
  (2,2),(1.,2.),.PIECEWISE_BEZIER_KNOTS.);
#379 = CARTESIAN_POINT('',(-11.10081121246,1.331161306948,60.));
#380 = CARTESIAN_POINT('',(-19.70096646454,3.983957876646,60.));
#381 = PCURVE('',#31,#382);
#382 = DEFINITIONAL_REPRESENTATION('',(#383),#386);
#383 = B_SPLINE_CURVE_WITH_KNOTS('',1,(#384,#385),.UNSPECIFIED.,.F.,.F.,
  (2,2),(1.,2.),.PIECEWISE_BEZIER_KNOTS.);
#384 = CARTESIAN_POINT('',(-11.10081121246,1.331161306948));
#385 = CARTESIAN_POINT('',(-19.70096646454,3.983957876646));
#386 = ( GEOMETRIC_REPRESENTATION_CONTEXT(2) 
PARAMETRIC_REPRESENTATION_CONTEXT() REPRESENTATION_CONTEXT('2D SPACE',''
  ) );
#387 = PCURVE('',#388,#415);
#388 = ( BOUNDED_SURFACE() B_SPLINE_SURFACE(1,7,(
    (#389,#390,#391,#392,#393,#394,#395,#396,#397,#398,#399,#400,#401)
    ,(#402,#403,#404,#405,#406,#407,#408,#409,#410,#411,#412,#413,#414
)),.UNSPECIFIED.,.F.,.F.,.F.) B_SPLINE_SURFACE_WITH_KNOTS((2,2),(8,5,8),
  (1.,2.),(0.,0.528295033397,1.),.UNSPECIFIED.) 
GEOMETRIC_REPRESENTATION_ITEM() RATIONAL_B_SPLINE_SURFACE((
    (1.,1.,1.,1.,1.,1.,1.,1.,1.,1.,1.,1.,1.)
,(1.,1.,1.,1.,1.,1.,1.,1.,1.,1.,1.,1.,1.
))) REPRESENTATION_ITEM('') SURFACE() );
#389 = CARTESIAN_POINT('',(-12.18581878635,44.401642092451,0.));
#390 = CARTESIAN_POINT('',(-14.7727019696,41.2684710785,4.009735946892)
  );
#391 = CARTESIAN_POINT('',(-16.97407340677,37.898188774824,
    8.107010349125));
#392 = CARTESIAN_POINT('',(-18.74487958876,34.336514254231,
    12.295077687981));
#393 = CARTESIAN_POINT('',(-20.04400355967,30.641434312423,
    16.576756995782));
#394 = CARTESIAN_POINT('',(-20.83761049774,26.884338337688,
    20.954091505758));
#395 = CARTESIAN_POINT('',(-21.34572911788,19.817612549742,
    29.421887460287));
#396 = CARTESIAN_POINT('',(-19.97926500548,13.172753434221,
    38.226846193522));
#397 = CARTESIAN_POINT('',(-18.91898352558,10.199116603078,
    42.453746762775));
#398 = CARTESIAN_POINT('',(-17.45810128913,7.458258168531,
    46.751113780915));
#399 = CARTESIAN_POINT('',(-15.62933175274,5.02418059578,51.113702778624
    ));
#400 = CARTESIAN_POINT('',(-13.48676621463,2.964515355462,
    55.533462343521));
#401 = CARTESIAN_POINT('',(-11.10081121246,1.331161306948,60.));
#402 = CARTESIAN_POINT('',(-16.41371653152,62.925272423906,0.));
#403 = CARTESIAN_POINT('',(-20.1482318474,58.844685753918,4.009735946892
    ));
#404 = CARTESIAN_POINT('',(-23.39174359623,54.42474751395,8.107010349125
    ));
#405 = CARTESIAN_POINT('',(-26.08305571965,49.721991003957,
    12.295077687981));
#406 = CARTESIAN_POINT('',(-28.16536173148,44.808969902769,
    16.576756995782));
#407 = CARTESIAN_POINT('',(-29.59047972699,39.775899595674,
    20.954091505758));
#408 = CARTESIAN_POINT('',(-30.9858422633,30.229013183964,
    29.421887460287));
#409 = CARTESIAN_POINT('',(-29.90388612178,21.079154806952,
    38.226846193522));
#410 = CARTESIAN_POINT('',(-28.8398196848,16.937844677123,
    42.453746762775));
#411 = CARTESIAN_POINT('',(-27.23689218665,13.064993199089,
    46.751113780915));
#412 = CARTESIAN_POINT('',(-25.13241469303,9.557946992213,
    51.113702778624));
#413 = CARTESIAN_POINT('',(-22.59147095688,6.507167123775,
    55.533462343521));
#414 = CARTESIAN_POINT('',(-19.70096646454,3.983957876646,60.));
#415 = DEFINITIONAL_REPRESENTATION('',(#416),#420);
#416 = LINE('',#417,#418);
#417 = CARTESIAN_POINT('',(0.,1.));
#418 = VECTOR('',#419,1.);
#419 = DIRECTION('',(1.,0.));
#420 = ( GEOMETRIC_REPRESENTATION_CONTEXT(2) 
PARAMETRIC_REPRESENTATION_CONTEXT() REPRESENTATION_CONTEXT('2D SPACE',''
  ) );
#421 = ORIENTED_EDGE('',*,*,#422,.T.);
#422 = EDGE_CURVE('',#375,#423,#425,.T.);
#423 = VERTEX_POINT('',#424);
#424 = CARTESIAN_POINT('',(-13.4095625368,-6.721877161285,60.));
#425 = SURFACE_CURVE('',#426,(#431,#438),.PCURVE_S1.);
#426 = CIRCLE('',#427,15.);
#427 = AXIS2_PLACEMENT_3D('',#428,#429,#430);
#428 = CARTESIAN_POINT('',(0.,0.,60.));
#429 = DIRECTION('',(0.,0.,1.));
#430 = DIRECTION('',(-0.986341424847,0.164713671657,0.));
#431 = PCURVE('',#31,#432);
#432 = DEFINITIONAL_REPRESENTATION('',(#433),#437);
#433 = CIRCLE('',#434,15.);
#434 = AXIS2_PLACEMENT_2D('',#435,#436);
#435 = CARTESIAN_POINT('',(0.,0.));
#436 = DIRECTION('',(-0.986341424847,0.164713671657));
#437 = ( GEOMETRIC_REPRESENTATION_CONTEXT(2) 
PARAMETRIC_REPRESENTATION_CONTEXT() REPRESENTATION_CONTEXT('2D SPACE',''
  ) );
#438 = PCURVE('',#439,#444);
#439 = CONICAL_SURFACE('',#440,50.,0.528074448426);
#440 = AXIS2_PLACEMENT_3D('',#441,#442,#443);
#441 = CARTESIAN_POINT('',(0.,0.,0.));
#442 = DIRECTION('',(-0.,-0.,-1.));
#443 = DIRECTION('',(1.,0.,0.));
#444 = DEFINITIONAL_REPRESENTATION('',(#445),#449);
#445 = LINE('',#446,#447);
#446 = CARTESIAN_POINT('',(-2.976124942658,-60.));
#447 = VECTOR('',#448,1.);
#448 = DIRECTION('',(-1.,-0.));
#449 = ( GEOMETRIC_REPRESENTATION_CONTEXT(2) 
PARAMETRIC_REPRESENTATION_CONTEXT() REPRESENTATION_CONTEXT('2D SPACE',''
  ) );
#450 = ORIENTED_EDGE('',*,*,#451,.F.);
#451 = EDGE_CURVE('',#452,#423,#454,.T.);
#452 = VERTEX_POINT('',#453);
#453 = CARTESIAN_POINT('',(-17.65141560244,-9.61392361264,60.));
#454 = SURFACE_CURVE('',#455,(#458,#464),.PCURVE_S1.);
#455 = B_SPLINE_CURVE_WITH_KNOTS('',1,(#456,#457),.UNSPECIFIED.,.F.,.F.,
  (2,2),(3.,4.),.PIECEWISE_BEZIER_KNOTS.);
#456 = CARTESIAN_POINT('',(-17.65141560244,-9.61392361264,60.));
#457 = CARTESIAN_POINT('',(-10.2152666336,-4.544043090068,60.));
#458 = PCURVE('',#31,#459);
#459 = DEFINITIONAL_REPRESENTATION('',(#460),#463);
#460 = B_SPLINE_CURVE_WITH_KNOTS('',1,(#461,#462),.UNSPECIFIED.,.F.,.F.,
  (2,2),(3.,4.),.PIECEWISE_BEZIER_KNOTS.);
#461 = CARTESIAN_POINT('',(-17.65141560244,-9.61392361264));
#462 = CARTESIAN_POINT('',(-10.2152666336,-4.544043090068));
#463 = ( GEOMETRIC_REPRESENTATION_CONTEXT(2) 
PARAMETRIC_REPRESENTATION_CONTEXT() REPRESENTATION_CONTEXT('2D SPACE',''
  ) );
#464 = PCURVE('',#465,#492);
#465 = ( BOUNDED_SURFACE() B_SPLINE_SURFACE(1,7,(
    (#466,#467,#468,#469,#470,#471,#472,#473,#474,#475,#476,#477,#478)
    ,(#479,#480,#481,#482,#483,#484,#485,#486,#487,#488,#489,#490,#491
)),.UNSPECIFIED.,.F.,.F.,.F.) B_SPLINE_SURFACE_WITH_KNOTS((2,2),(8,5,8),
  (3.,4.),(0.,0.528295033397,1.),.UNSPECIFIED.) 
GEOMETRIC_REPRESENTATION_ITEM() RATIONAL_B_SPLINE_SURFACE((
    (1.,1.,1.,1.,1.,1.,1.,1.,1.,1.,1.,1.,1.)
,(1.,1.,1.,1.,1.,1.,1.,1.,1.,1.,1.,1.,1.
))) REPRESENTATION_ITEM('') SURFACE() );
#466 = CARTESIAN_POINT('',(-57.69520893542,30.004380778446,0.));
#467 = CARTESIAN_POINT('',(-57.08552044557,24.661873036243,
    4.009735946892));
#468 = CARTESIAN_POINT('',(-55.9198029083,19.473724688421,8.107010349125
    ));
#469 = CARTESIAN_POINT('',(-54.20306889823,14.520536454023,
    12.29507768798));
#470 = CARTESIAN_POINT('',(-51.95511851777,9.889358173121,
    16.576756995783));
#471 = CARTESIAN_POINT('',(-49.21435779142,5.67148036275,20.954091505756
    ));
#472 = CARTESIAN_POINT('',(-43.21400061078,-1.359990840454,
    29.421887460289));
#473 = CARTESIAN_POINT('',(-35.99501020057,-6.314796983669,
    38.226846193518));
#474 = CARTESIAN_POINT('',(-32.38204222712,-8.135511070801,
    42.453746762787));
#475 = CARTESIAN_POINT('',(-28.64083241447,-9.393930232675,
    46.751113780897));
#476 = CARTESIAN_POINT('',(-24.86723064429,-10.05903439977,
    51.113702778636));
#477 = CARTESIAN_POINT('',(-21.16869962763,-10.12495960486,
    55.533462343517));
#478 = CARTESIAN_POINT('',(-17.65141560244,-9.61392361264,60.));
#479 = CARTESIAN_POINT('',(-40.57680044527,21.760589735213,0.));
#480 = CARTESIAN_POINT('',(-39.99229441133,17.906040924256,
    4.009735946892));
#481 = CARTESIAN_POINT('',(-38.99746707435,14.18712045297,8.107010349125
    ));
#482 = CARTESIAN_POINT('',(-37.59894082069,10.665065726869,
    12.29507768798));
#483 = CARTESIAN_POINT('',(-35.81490916687,7.405577714175,
    16.576756995783));
#484 = CARTESIAN_POINT('',(-33.67800464033,4.476992113715,
    20.954091505756));
#485 = CARTESIAN_POINT('',(-29.06352758341,-0.314449007324,
    29.421887460289));
#486 = CARTESIAN_POINT('',(-23.62563664102,-3.484976368677,
    38.226846193518));
#487 = CARTESIAN_POINT('',(-20.92795229584,-4.580617260788,
    42.453746762787));
#488 = CARTESIAN_POINT('',(-18.16033405462,-5.244305761783,
    46.751113780897));
#489 = CARTESIAN_POINT('',(-15.39751404191,-5.455982088737,
    51.113702778636));
#490 = CARTESIAN_POINT('',(-12.72225238802,-5.215422047875,
    55.533462343517));
#491 = CARTESIAN_POINT('',(-10.2152666336,-4.544043090068,60.));
#492 = DEFINITIONAL_REPRESENTATION('',(#493),#497);
#493 = LINE('',#494,#495);
#494 = CARTESIAN_POINT('',(0.,1.));
#495 = VECTOR('',#496,1.);
#496 = DIRECTION('',(1.,0.));
#497 = ( GEOMETRIC_REPRESENTATION_CONTEXT(2) 
PARAMETRIC_REPRESENTATION_CONTEXT() REPRESENTATION_CONTEXT('2D SPACE',''
  ) );
#498 = ORIENTED_EDGE('',*,*,#499,.F.);
#499 = EDGE_CURVE('',#500,#452,#502,.T.);
#500 = VERTEX_POINT('',#501);
#501 = CARTESIAN_POINT('',(-15.39813537019,-12.9188787099,60.));
#502 = SURFACE_CURVE('',#503,(#506,#512),.PCURVE_S1.);
#503 = B_SPLINE_CURVE_WITH_KNOTS('',1,(#504,#505),.UNSPECIFIED.,.F.,.F.,
  (2,2),(2.,3.),.PIECEWISE_BEZIER_KNOTS.);
#504 = CARTESIAN_POINT('',(-15.39813537019,-12.9188787099,60.));
#505 = CARTESIAN_POINT('',(-17.65141560244,-9.61392361264,60.));
#506 = PCURVE('',#31,#507);
#507 = DEFINITIONAL_REPRESENTATION('',(#508),#511);
#508 = B_SPLINE_CURVE_WITH_KNOTS('',1,(#509,#510),.UNSPECIFIED.,.F.,.F.,
  (2,2),(2.,3.),.PIECEWISE_BEZIER_KNOTS.);
#509 = CARTESIAN_POINT('',(-15.39813537019,-12.9188787099));
#510 = CARTESIAN_POINT('',(-17.65141560244,-9.61392361264));
#511 = ( GEOMETRIC_REPRESENTATION_CONTEXT(2) 
PARAMETRIC_REPRESENTATION_CONTEXT() REPRESENTATION_CONTEXT('2D SPACE',''
  ) );
#512 = PCURVE('',#513,#540);
#513 = ( BOUNDED_SURFACE() B_SPLINE_SURFACE(1,7,(
    (#514,#515,#516,#517,#518,#519,#520,#521,#522,#523,#524,#525,#526)
    ,(#527,#528,#529,#530,#531,#532,#533,#534,#535,#536,#537,#538,#539
)),.UNSPECIFIED.,.F.,.F.,.F.) B_SPLINE_SURFACE_WITH_KNOTS((2,2),(8,5,8),
  (2.,3.),(0.,0.528295033397,1.),.UNSPECIFIED.) 
GEOMETRIC_REPRESENTATION_ITEM() RATIONAL_B_SPLINE_SURFACE((
    (1.,1.,1.,1.,1.,1.,1.,1.,1.,1.,1.,1.,1.)
,(1.,1.,1.,1.,1.,1.,1.,1.,1.,1.,1.,1.,1.
))) REPRESENTATION_ITEM('') SURFACE() );
#514 = CARTESIAN_POINT('',(-59.43074389189,26.400505306836,0.));
#515 = CARTESIAN_POINT('',(-58.56884498069,20.936539486782,
    4.009735946892));
#516 = CARTESIAN_POINT('',(-57.13549461173,15.644873470326,
    8.107010349125));
#517 = CARTESIAN_POINT('',(-55.13673718038,10.608600198485,
    12.29507768798));
#518 = CARTESIAN_POINT('',(-52.5938791722,5.917369249399,16.576756995783
    ));
#519 = CARTESIAN_POINT('',(-49.54741288926,1.665099125764,
    20.954091505756));
#520 = CARTESIAN_POINT('',(-42.95335084434,-5.378225551784,
    29.421887460289));
#521 = CARTESIAN_POINT('',(-35.12511488476,-10.23716156421,
    38.226846193518));
#522 = CARTESIAN_POINT('',(-31.22387367466,-11.98730555663,
    42.453746762787));
#523 = CARTESIAN_POINT('',(-27.19654751397,-13.14876977513,
    46.751113780897));
#524 = CARTESIAN_POINT('',(-23.14250812347,-13.6900305611,
    51.113702778636));
#525 = CARTESIAN_POINT('',(-19.17305986965,-13.60557088868,
    55.533462343517));
#526 = CARTESIAN_POINT('',(-15.39813537019,-12.9188787099,60.));
#527 = CARTESIAN_POINT('',(-57.69520893542,30.004380778446,0.));
#528 = CARTESIAN_POINT('',(-57.08552044557,24.661873036243,
    4.009735946892));
#529 = CARTESIAN_POINT('',(-55.9198029083,19.473724688421,8.107010349125
    ));
#530 = CARTESIAN_POINT('',(-54.20306889823,14.520536454023,
    12.29507768798));
#531 = CARTESIAN_POINT('',(-51.95511851777,9.889358173121,
    16.576756995783));
#532 = CARTESIAN_POINT('',(-49.21435779142,5.67148036275,20.954091505756
    ));
#533 = CARTESIAN_POINT('',(-43.21400061078,-1.359990840454,
    29.421887460289));
#534 = CARTESIAN_POINT('',(-35.99501020057,-6.314796983669,
    38.226846193518));
#535 = CARTESIAN_POINT('',(-32.38204222712,-8.135511070801,
    42.453746762787));
#536 = CARTESIAN_POINT('',(-28.64083241447,-9.393930232675,
    46.751113780897));
#537 = CARTESIAN_POINT('',(-24.86723064429,-10.05903439977,
    51.113702778636));
#538 = CARTESIAN_POINT('',(-21.16869962763,-10.12495960486,
    55.533462343517));
#539 = CARTESIAN_POINT('',(-17.65141560244,-9.61392361264,60.));
#540 = DEFINITIONAL_REPRESENTATION('',(#541),#545);
#541 = LINE('',#542,#543);
#542 = CARTESIAN_POINT('',(0.,1.));
#543 = VECTOR('',#544,1.);
#544 = DIRECTION('',(1.,0.));
#545 = ( GEOMETRIC_REPRESENTATION_CONTEXT(2) 
PARAMETRIC_REPRESENTATION_CONTEXT() REPRESENTATION_CONTEXT('2D SPACE',''
  ) );
#546 = ORIENTED_EDGE('',*,*,#547,.F.);
#547 = EDGE_CURVE('',#548,#500,#550,.T.);
#548 = VERTEX_POINT('',#549);
#549 = CARTESIAN_POINT('',(-11.15628230455,-10.02683225854,60.));
#550 = SURFACE_CURVE('',#551,(#554,#560),.PCURVE_S1.);
#551 = B_SPLINE_CURVE_WITH_KNOTS('',1,(#552,#553),.UNSPECIFIED.,.F.,.F.,
  (2,2),(1.,2.),.PIECEWISE_BEZIER_KNOTS.);
#552 = CARTESIAN_POINT('',(-7.961986401349,-7.848998187332,60.));
#553 = CARTESIAN_POINT('',(-15.39813537019,-12.9188787099,60.));
#554 = PCURVE('',#31,#555);
#555 = DEFINITIONAL_REPRESENTATION('',(#556),#559);
#556 = B_SPLINE_CURVE_WITH_KNOTS('',1,(#557,#558),.UNSPECIFIED.,.F.,.F.,
  (2,2),(1.,2.),.PIECEWISE_BEZIER_KNOTS.);
#557 = CARTESIAN_POINT('',(-7.961986401349,-7.848998187332));
#558 = CARTESIAN_POINT('',(-15.39813537019,-12.9188787099));
#559 = ( GEOMETRIC_REPRESENTATION_CONTEXT(2) 
PARAMETRIC_REPRESENTATION_CONTEXT() REPRESENTATION_CONTEXT('2D SPACE',''
  ) );
#560 = PCURVE('',#561,#588);
#561 = ( BOUNDED_SURFACE() B_SPLINE_SURFACE(1,7,(
    (#562,#563,#564,#565,#566,#567,#568,#569,#570,#571,#572,#573,#574)
    ,(#575,#576,#577,#578,#579,#580,#581,#582,#583,#584,#585,#586,#587
)),.UNSPECIFIED.,.F.,.F.,.F.) B_SPLINE_SURFACE_WITH_KNOTS((2,2),(8,5,8),
  (1.,2.),(0.,0.528295033397,1.),.UNSPECIFIED.) 
GEOMETRIC_REPRESENTATION_ITEM() RATIONAL_B_SPLINE_SURFACE((
    (1.,1.,1.,1.,1.,1.,1.,1.,1.,1.,1.,1.,1.)
,(1.,1.,1.,1.,1.,1.,1.,1.,1.,1.,1.,1.,1.
))) REPRESENTATION_ITEM('') SURFACE() );
#562 = CARTESIAN_POINT('',(-42.31233540174,18.156714263603,0.));
#563 = CARTESIAN_POINT('',(-41.47561894644,14.180707374794,
    4.009735946892));
#564 = CARTESIAN_POINT('',(-40.21315877779,10.358269234879,
    8.107010349125));
#565 = CARTESIAN_POINT('',(-38.53260910283,6.753129471327,12.29507768798
    ));
#566 = CARTESIAN_POINT('',(-36.4536698213,3.433588790457,16.576756995783
    ));
#567 = CARTESIAN_POINT('',(-34.01105973817,0.470610876727,
    20.954091505756));
#568 = CARTESIAN_POINT('',(-28.80287781698,-4.332683718652,
    29.421887460289));
#569 = CARTESIAN_POINT('',(-22.75574132521,-7.407340949222,
    38.226846193518));
#570 = CARTESIAN_POINT('',(-19.76978374338,-8.432411746616,
    42.453746762787));
#571 = CARTESIAN_POINT('',(-16.71604915412,-8.999145304241,
    46.751113780897));
#572 = CARTESIAN_POINT('',(-13.67279152108,-9.086978250073,
    51.113702778636));
#573 = CARTESIAN_POINT('',(-10.72661263003,-8.696033331702,
    55.533462343517));
#574 = CARTESIAN_POINT('',(-7.961986401349,-7.848998187332,60.));
#575 = CARTESIAN_POINT('',(-59.43074389189,26.400505306836,0.));
#576 = CARTESIAN_POINT('',(-58.56884498069,20.936539486782,
    4.009735946892));
#577 = CARTESIAN_POINT('',(-57.13549461173,15.644873470326,
    8.107010349125));
#578 = CARTESIAN_POINT('',(-55.13673718038,10.608600198485,
    12.29507768798));
#579 = CARTESIAN_POINT('',(-52.5938791722,5.917369249399,16.576756995783
    ));
#580 = CARTESIAN_POINT('',(-49.54741288926,1.665099125764,
    20.954091505756));
#581 = CARTESIAN_POINT('',(-42.95335084434,-5.378225551784,
    29.421887460289));
#582 = CARTESIAN_POINT('',(-35.12511488476,-10.23716156421,
    38.226846193518));
#583 = CARTESIAN_POINT('',(-31.22387367466,-11.98730555663,
    42.453746762787));
#584 = CARTESIAN_POINT('',(-27.19654751397,-13.14876977513,
    46.751113780897));
#585 = CARTESIAN_POINT('',(-23.14250812347,-13.6900305611,
    51.113702778636));
#586 = CARTESIAN_POINT('',(-19.17305986965,-13.60557088868,
    55.533462343517));
#587 = CARTESIAN_POINT('',(-15.39813537019,-12.9188787099,60.));
#588 = DEFINITIONAL_REPRESENTATION('',(#589),#593);
#589 = LINE('',#590,#591);
#590 = CARTESIAN_POINT('',(0.,1.));
#591 = VECTOR('',#592,1.);
#592 = DIRECTION('',(1.,0.));
#593 = ( GEOMETRIC_REPRESENTATION_CONTEXT(2) 
PARAMETRIC_REPRESENTATION_CONTEXT() REPRESENTATION_CONTEXT('2D SPACE',''
  ) );
#594 = ORIENTED_EDGE('',*,*,#595,.T.);
#595 = EDGE_CURVE('',#548,#596,#598,.T.);
#596 = VERTEX_POINT('',#597);
#597 = CARTESIAN_POINT('',(-3.105350303112,-14.6750400168,60.));
#598 = SURFACE_CURVE('',#599,(#604,#611),.PCURVE_S1.);
#599 = CIRCLE('',#600,15.);
#600 = AXIS2_PLACEMENT_3D('',#601,#602,#603);
#601 = CARTESIAN_POINT('',(0.,0.,60.));
#602 = DIRECTION('',(0.,0.,1.));
#603 = DIRECTION('',(-0.986341424847,0.164713671657,0.));
#604 = PCURVE('',#31,#605);
#605 = DEFINITIONAL_REPRESENTATION('',(#606),#610);
#606 = CIRCLE('',#607,15.);
#607 = AXIS2_PLACEMENT_2D('',#608,#609);
#608 = CARTESIAN_POINT('',(0.,0.));
#609 = DIRECTION('',(-0.986341424847,0.164713671657));
#610 = ( GEOMETRIC_REPRESENTATION_CONTEXT(2) 
PARAMETRIC_REPRESENTATION_CONTEXT() REPRESENTATION_CONTEXT('2D SPACE',''
  ) );
#611 = PCURVE('',#612,#617);
#612 = CONICAL_SURFACE('',#613,50.,0.528074448426);
#613 = AXIS2_PLACEMENT_3D('',#614,#615,#616);
#614 = CARTESIAN_POINT('',(0.,0.,0.));
#615 = DIRECTION('',(-0.,-0.,-1.));
#616 = DIRECTION('',(1.,0.,0.));
#617 = DEFINITIONAL_REPRESENTATION('',(#618),#622);
#618 = LINE('',#619,#620);
#619 = CARTESIAN_POINT('',(-2.976124942658,-60.));
#620 = VECTOR('',#621,1.);
#621 = DIRECTION('',(-1.,-0.));
#622 = ( GEOMETRIC_REPRESENTATION_CONTEXT(2) 
PARAMETRIC_REPRESENTATION_CONTEXT() REPRESENTATION_CONTEXT('2D SPACE',''
  ) );
#623 = ORIENTED_EDGE('',*,*,#624,.F.);
#624 = EDGE_CURVE('',#625,#596,#627,.T.);
#625 = VERTEX_POINT('',#626);
#626 = CARTESIAN_POINT('',(-3.489009466091,-19.79461575645,60.));
#627 = SURFACE_CURVE('',#628,(#631,#637),.PCURVE_S1.);
#628 = B_SPLINE_CURVE_WITH_KNOTS('',1,(#629,#630),.UNSPECIFIED.,.F.,.F.,
  (2,2),(3.,4.),.PIECEWISE_BEZIER_KNOTS.);
#629 = CARTESIAN_POINT('',(-3.489009466091,-19.79461575645,60.));
#630 = CARTESIAN_POINT('',(-2.816438623813,-10.81978158182,60.));
#631 = PCURVE('',#31,#632);
#632 = DEFINITIONAL_REPRESENTATION('',(#633),#636);
#633 = B_SPLINE_CURVE_WITH_KNOTS('',1,(#634,#635),.UNSPECIFIED.,.F.,.F.,
  (2,2),(3.,4.),.PIECEWISE_BEZIER_KNOTS.);
#634 = CARTESIAN_POINT('',(-3.489009466091,-19.79461575645));
#635 = CARTESIAN_POINT('',(-2.816438623813,-10.81978158182));
#636 = ( GEOMETRIC_REPRESENTATION_CONTEXT(2) 
PARAMETRIC_REPRESENTATION_CONTEXT() REPRESENTATION_CONTEXT('2D SPACE',''
  ) );
#637 = PCURVE('',#638,#665);
#638 = ( BOUNDED_SURFACE() B_SPLINE_SURFACE(1,7,(
    (#639,#640,#641,#642,#643,#644,#645,#646,#647,#648,#649,#650,#651)
    ,(#652,#653,#654,#655,#656,#657,#658,#659,#660,#661,#662,#663,#664
)),.UNSPECIFIED.,.F.,.F.,.F.) B_SPLINE_SURFACE_WITH_KNOTS((2,2),(8,5,8),
  (3.,4.),(0.,0.528295033397,1.),.UNSPECIFIED.) 
GEOMETRIC_REPRESENTATION_ITEM() RATIONAL_B_SPLINE_SURFACE((
    (1.,1.,1.,1.,1.,1.,1.,1.,1.,1.,1.,1.,1.)
,(1.,1.,1.,1.,1.,1.,1.,1.,1.,1.,1.,1.,1.
))) REPRESENTATION_ITEM('') SURFACE() );
#639 = CARTESIAN_POINT('',(-59.43074389189,-26.40050530683,0.));
#640 = CARTESIAN_POINT('',(-54.87366858798,-29.25483074459,
    4.009735946892));
#641 = CARTESIAN_POINT('',(-50.09059787759,-31.57819365969,
    8.107010349125));
#642 = CARTESIAN_POINT('',(-45.14767322959,-33.32425931441,
    12.295077687981));
#643 = CARTESIAN_POINT('',(-40.12529811133,-34.45423336469,
    16.576756995783));
#644 = CARTESIAN_POINT('',(-35.11879208778,-34.94122414316,
    20.954091505756));
#645 = CARTESIAN_POINT('',(-25.8802050234,-34.63400658055,29.42188746029
    ));
#646 = CARTESIAN_POINT('',(-17.50541469063,-32.07924370668,
    38.226846193516));
#647 = CARTESIAN_POINT('',(-13.82927441084,-30.38970826533,
    42.453746762794));
#648 = CARTESIAN_POINT('',(-10.51279652716,-28.24932416516,
    46.751113780887));
#649 = CARTESIAN_POINT('',(-7.639994930215,-25.71368916431,
    51.113702778644));
#650 = CARTESIAN_POINT('',(-5.282456158643,-22.86316486965,
    55.533462343515));
#651 = CARTESIAN_POINT('',(-3.489009466091,-19.79461575645,60.));
#652 = CARTESIAN_POINT('',(-42.31233540174,-18.1567142636,0.));
#653 = CARTESIAN_POINT('',(-38.93429423934,-20.10300091897,
    4.009735946892));
#654 = CARTESIAN_POINT('',(-35.40646043488,-21.64392257507,
    8.107010349125));
#655 = CARTESIAN_POINT('',(-31.78084031024,-22.74647592422,
    12.295077687981));
#656 = CARTESIAN_POINT('',(-28.12014442285,-23.38392134672,
    16.576756995783));
#657 = CARTESIAN_POINT('',(-24.49814582146,-23.53916536862,
    20.954091505756));
#658 = CARTESIAN_POINT('',(-17.87496692074,-22.91883660556,
    29.42188746029));
#659 = CARTESIAN_POINT('',(-12.0056792674,-20.64411374489,
    38.226846193516));
#660 = CARTESIAN_POINT('',(-9.467094046629,-19.21810011679,
    42.453746762794));
#661 = CARTESIAN_POINT('',(-7.222619733154,-17.46809205634,
    46.751113780887));
#662 = CARTESIAN_POINT('',(-5.334534414356,-15.44001042116,
    51.113702778644));
#663 = CARTESIAN_POINT('',(-3.854613469216,-13.19841990409,
    55.533462343515));
#664 = CARTESIAN_POINT('',(-2.816438623813,-10.81978158182,60.));
#665 = DEFINITIONAL_REPRESENTATION('',(#666),#670);
#666 = LINE('',#667,#668);
#667 = CARTESIAN_POINT('',(0.,1.));
#668 = VECTOR('',#669,1.);
#669 = DIRECTION('',(1.,0.));
#670 = ( GEOMETRIC_REPRESENTATION_CONTEXT(2) 
PARAMETRIC_REPRESENTATION_CONTEXT() REPRESENTATION_CONTEXT('2D SPACE',''
  ) );
#671 = ORIENTED_EDGE('',*,*,#672,.F.);
#672 = EDGE_CURVE('',#673,#625,#675,.T.);
#673 = VERTEX_POINT('',#674);
#674 = CARTESIAN_POINT('',(0.499805722634,-20.09353613079,60.));
#675 = SURFACE_CURVE('',#676,(#679,#685),.PCURVE_S1.);
#676 = B_SPLINE_CURVE_WITH_KNOTS('',1,(#677,#678),.UNSPECIFIED.,.F.,.F.,
  (2,2),(2.,3.),.PIECEWISE_BEZIER_KNOTS.);
#677 = CARTESIAN_POINT('',(0.499805722634,-20.09353613079,60.));
#678 = CARTESIAN_POINT('',(-3.489009466091,-19.79461575645,60.));
#679 = PCURVE('',#31,#680);
#680 = DEFINITIONAL_REPRESENTATION('',(#681),#684);
#681 = B_SPLINE_CURVE_WITH_KNOTS('',1,(#682,#683),.UNSPECIFIED.,.F.,.F.,
  (2,2),(2.,3.),.PIECEWISE_BEZIER_KNOTS.);
#682 = CARTESIAN_POINT('',(0.499805722634,-20.09353613079));
#683 = CARTESIAN_POINT('',(-3.489009466091,-19.79461575645));
#684 = ( GEOMETRIC_REPRESENTATION_CONTEXT(2) 
PARAMETRIC_REPRESENTATION_CONTEXT() REPRESENTATION_CONTEXT('2D SPACE',''
  ) );
#685 = PCURVE('',#686,#713);
#686 = ( BOUNDED_SURFACE() B_SPLINE_SURFACE(1,7,(
    (#687,#688,#689,#690,#691,#692,#693,#694,#695,#696,#697,#698,#699)
    ,(#700,#701,#702,#703,#704,#705,#706,#707,#708,#709,#710,#711,#712
)),.UNSPECIFIED.,.F.,.F.,.F.) B_SPLINE_SURFACE_WITH_KNOTS((2,2),(8,5,8),
  (2.,3.),(0.,0.528295033397,1.),.UNSPECIFIED.) 
GEOMETRIC_REPRESENTATION_ITEM() RATIONAL_B_SPLINE_SURFACE((
    (1.,1.,1.,1.,1.,1.,1.,1.,1.,1.,1.,1.,1.)
,(1.,1.,1.,1.,1.,1.,1.,1.,1.,1.,1.,1.,1.
))) REPRESENTATION_ITEM('') SURFACE() );
#687 = CARTESIAN_POINT('',(-57.69520893542,-30.00438077844,0.));
#688 = CARTESIAN_POINT('',(-52.88592325681,-32.73724804147,
    4.009735946892));
#689 = CARTESIAN_POINT('',(-47.85505283289,-34.91590939372,
    8.107010349125));
#690 = CARTESIAN_POINT('',(-42.67133095983,-36.49328293244,
    12.295077687981));
#691 = CARTESIAN_POINT('',(-37.41813287662,-37.43013114111,
    16.576756995783));
#692 = CARTESIAN_POINT('',(-32.19413356289,-37.69955494767,
    20.954091505756));
#693 = CARTESIAN_POINT('',(-22.5761101509,-36.93555075123,29.42188746029
    ));
#694 = CARTESIAN_POINT('',(-13.89641571775,-33.84468647748,
    38.226846193516));
#695 = CARTESIAN_POINT('',(-10.09571393653,-31.88577020978,
    42.453746762794));
#696 = CARTESIAN_POINT('',(-6.676647854808,-29.46124092264,
    46.751113780887));
#697 = CARTESIAN_POINT('',(-3.725820915794,-26.62913587618,
    51.113702778644));
#698 = CARTESIAN_POINT('',(-1.316943641427,-23.4730365189,
    55.533462343515));
#699 = CARTESIAN_POINT('',(0.499805722634,-20.09353613079,60.));
#700 = CARTESIAN_POINT('',(-59.43074389189,-26.40050530683,0.));
#701 = CARTESIAN_POINT('',(-54.87366858798,-29.25483074459,
    4.009735946892));
#702 = CARTESIAN_POINT('',(-50.09059787759,-31.57819365969,
    8.107010349125));
#703 = CARTESIAN_POINT('',(-45.14767322959,-33.32425931441,
    12.295077687981));
#704 = CARTESIAN_POINT('',(-40.12529811133,-34.45423336469,
    16.576756995783));
#705 = CARTESIAN_POINT('',(-35.11879208778,-34.94122414316,
    20.954091505756));
#706 = CARTESIAN_POINT('',(-25.8802050234,-34.63400658055,29.42188746029
    ));
#707 = CARTESIAN_POINT('',(-17.50541469063,-32.07924370668,
    38.226846193516));
#708 = CARTESIAN_POINT('',(-13.82927441084,-30.38970826533,
    42.453746762794));
#709 = CARTESIAN_POINT('',(-10.51279652716,-28.24932416516,
    46.751113780887));
#710 = CARTESIAN_POINT('',(-7.639994930215,-25.71368916431,
    51.113702778644));
#711 = CARTESIAN_POINT('',(-5.282456158643,-22.86316486965,
    55.533462343515));
#712 = CARTESIAN_POINT('',(-3.489009466091,-19.79461575645,60.));
#713 = DEFINITIONAL_REPRESENTATION('',(#714),#718);
#714 = LINE('',#715,#716);
#715 = CARTESIAN_POINT('',(0.,1.));
#716 = VECTOR('',#717,1.);
#717 = DIRECTION('',(1.,0.));
#718 = ( GEOMETRIC_REPRESENTATION_CONTEXT(2) 
PARAMETRIC_REPRESENTATION_CONTEXT() REPRESENTATION_CONTEXT('2D SPACE',''
  ) );
#719 = ORIENTED_EDGE('',*,*,#720,.F.);
#720 = EDGE_CURVE('',#721,#673,#723,.T.);
#721 = VERTEX_POINT('',#722);
#722 = CARTESIAN_POINT('',(0.883464885613,-14.97396039115,60.));
#723 = SURFACE_CURVE('',#724,(#727,#733),.PCURVE_S1.);
#724 = B_SPLINE_CURVE_WITH_KNOTS('',1,(#725,#726),.UNSPECIFIED.,.F.,.F.,
  (2,2),(1.,2.),.PIECEWISE_BEZIER_KNOTS.);
#725 = CARTESIAN_POINT('',(1.172376564912,-11.11870195616,60.));
#726 = CARTESIAN_POINT('',(0.499805722634,-20.09353613079,60.));
#727 = PCURVE('',#31,#728);
#728 = DEFINITIONAL_REPRESENTATION('',(#729),#732);
#729 = B_SPLINE_CURVE_WITH_KNOTS('',1,(#730,#731),.UNSPECIFIED.,.F.,.F.,
  (2,2),(1.,2.),.PIECEWISE_BEZIER_KNOTS.);
#730 = CARTESIAN_POINT('',(1.172376564912,-11.11870195616));
#731 = CARTESIAN_POINT('',(0.499805722634,-20.09353613079));
#732 = ( GEOMETRIC_REPRESENTATION_CONTEXT(2) 
PARAMETRIC_REPRESENTATION_CONTEXT() REPRESENTATION_CONTEXT('2D SPACE',''
  ) );
#733 = PCURVE('',#734,#761);
#734 = ( BOUNDED_SURFACE() B_SPLINE_SURFACE(1,7,(
    (#735,#736,#737,#738,#739,#740,#741,#742,#743,#744,#745,#746,#747)
    ,(#748,#749,#750,#751,#752,#753,#754,#755,#756,#757,#758,#759,#760
)),.UNSPECIFIED.,.F.,.F.,.F.) B_SPLINE_SURFACE_WITH_KNOTS((2,2),(8,5,8),
  (1.,2.),(0.,0.528295033397,1.),.UNSPECIFIED.) 
GEOMETRIC_REPRESENTATION_ITEM() RATIONAL_B_SPLINE_SURFACE((
    (1.,1.,1.,1.,1.,1.,1.,1.,1.,1.,1.,1.,1.)
,(1.,1.,1.,1.,1.,1.,1.,1.,1.,1.,1.,1.,1.
))) REPRESENTATION_ITEM('') SURFACE() );
#735 = CARTESIAN_POINT('',(-40.57680044527,-21.76058973521,0.));
#736 = CARTESIAN_POINT('',(-36.94654890816,-23.58541821584,
    4.009735946892));
#737 = CARTESIAN_POINT('',(-33.17091539019,-24.98163830911,
    8.107010349125));
#738 = CARTESIAN_POINT('',(-29.30449804048,-25.91549954223,
    12.295077687981));
#739 = CARTESIAN_POINT('',(-25.41297918814,-26.35981912316,
    16.576756995783));
#740 = CARTESIAN_POINT('',(-21.57348729657,-26.29749617312,
    20.954091505756));
#741 = CARTESIAN_POINT('',(-14.57087204825,-25.22038077625,
    29.42188746029));
#742 = CARTESIAN_POINT('',(-8.396680294529,-22.40955651568,
    38.226846193516));
#743 = CARTESIAN_POINT('',(-5.733533572319,-20.71416206124,
    42.453746762794));
#744 = CARTESIAN_POINT('',(-3.386471060801,-18.68000881381,
    46.751113780887));
#745 = CARTESIAN_POINT('',(-1.420360399932,-16.35545713304,
    51.113702778644));
#746 = CARTESIAN_POINT('',(0.110899047999,-13.80829155334,
    55.533462343515));
#747 = CARTESIAN_POINT('',(1.172376564912,-11.11870195616,60.));
#748 = CARTESIAN_POINT('',(-57.69520893542,-30.00438077844,0.));
#749 = CARTESIAN_POINT('',(-52.88592325681,-32.73724804147,
    4.009735946892));
#750 = CARTESIAN_POINT('',(-47.85505283289,-34.91590939372,
    8.107010349125));
#751 = CARTESIAN_POINT('',(-42.67133095983,-36.49328293244,
    12.295077687981));
#752 = CARTESIAN_POINT('',(-37.41813287662,-37.43013114111,
    16.576756995783));
#753 = CARTESIAN_POINT('',(-32.19413356289,-37.69955494767,
    20.954091505756));
#754 = CARTESIAN_POINT('',(-22.5761101509,-36.93555075123,29.42188746029
    ));
#755 = CARTESIAN_POINT('',(-13.89641571775,-33.84468647748,
    38.226846193516));
#756 = CARTESIAN_POINT('',(-10.09571393653,-31.88577020978,
    42.453746762794));
#757 = CARTESIAN_POINT('',(-6.676647854808,-29.46124092264,
    46.751113780887));
#758 = CARTESIAN_POINT('',(-3.725820915794,-26.62913587618,
    51.113702778644));
#759 = CARTESIAN_POINT('',(-1.316943641427,-23.4730365189,
    55.533462343515));
#760 = CARTESIAN_POINT('',(0.499805722634,-20.09353613079,60.));
#761 = DEFINITIONAL_REPRESENTATION('',(#762),#766);
#762 = LINE('',#763,#764);
#763 = CARTESIAN_POINT('',(0.,1.));
#764 = VECTOR('',#765,1.);
#765 = DIRECTION('',(1.,0.));
#766 = ( GEOMETRIC_REPRESENTATION_CONTEXT(2) 
PARAMETRIC_REPRESENTATION_CONTEXT() REPRESENTATION_CONTEXT('2D SPACE',''
  ) );
#767 = ORIENTED_EDGE('',*,*,#768,.T.);
#768 = EDGE_CURVE('',#721,#769,#771,.T.);
#769 = VERTEX_POINT('',#770);
#770 = CARTESIAN_POINT('',(9.537254046431,-11.57759842341,60.));
#771 = SURFACE_CURVE('',#772,(#777,#784),.PCURVE_S1.);
#772 = CIRCLE('',#773,15.);
#773 = AXIS2_PLACEMENT_3D('',#774,#775,#776);
#774 = CARTESIAN_POINT('',(0.,0.,60.));
#775 = DIRECTION('',(0.,0.,1.));
#776 = DIRECTION('',(-0.986341424847,0.164713671657,0.));
#777 = PCURVE('',#31,#778);
#778 = DEFINITIONAL_REPRESENTATION('',(#779),#783);
#779 = CIRCLE('',#780,15.);
#780 = AXIS2_PLACEMENT_2D('',#781,#782);
#781 = CARTESIAN_POINT('',(0.,0.));
#782 = DIRECTION('',(-0.986341424847,0.164713671657));
#783 = ( GEOMETRIC_REPRESENTATION_CONTEXT(2) 
PARAMETRIC_REPRESENTATION_CONTEXT() REPRESENTATION_CONTEXT('2D SPACE',''
  ) );
#784 = PCURVE('',#785,#790);
#785 = CONICAL_SURFACE('',#786,50.,0.528074448426);
#786 = AXIS2_PLACEMENT_3D('',#787,#788,#789);
#787 = CARTESIAN_POINT('',(0.,0.,0.));
#788 = DIRECTION('',(-0.,-0.,-1.));
#789 = DIRECTION('',(1.,0.,0.));
#790 = DEFINITIONAL_REPRESENTATION('',(#791),#795);
#791 = LINE('',#792,#793);
#792 = CARTESIAN_POINT('',(-2.976124942658,-60.));
#793 = VECTOR('',#794,1.);
#794 = DIRECTION('',(-1.,-0.));
#795 = ( GEOMETRIC_REPRESENTATION_CONTEXT(2) 
PARAMETRIC_REPRESENTATION_CONTEXT() REPRESENTATION_CONTEXT('2D SPACE',''
  ) );
#796 = ORIENTED_EDGE('',*,*,#797,.F.);
#797 = EDGE_CURVE('',#798,#769,#800,.T.);
#798 = VERTEX_POINT('',#799);
#799 = CARTESIAN_POINT('',(13.300691961055,-15.06955849907,60.));
#800 = SURFACE_CURVE('',#801,(#804,#810),.PCURVE_S1.);
#801 = B_SPLINE_CURVE_WITH_KNOTS('',1,(#802,#803),.UNSPECIFIED.,.F.,.F.,
  (2,2),(3.,4.),.PIECEWISE_BEZIER_KNOTS.);
#802 = CARTESIAN_POINT('',(13.300691961055,-15.06955849907,60.));
#803 = CARTESIAN_POINT('',(6.703225114586,-8.94800385914,60.));
#804 = PCURVE('',#31,#805);
#805 = DEFINITIONAL_REPRESENTATION('',(#806),#809);
#806 = B_SPLINE_CURVE_WITH_KNOTS('',1,(#807,#808),.UNSPECIFIED.,.F.,.F.,
  (2,2),(3.,4.),.PIECEWISE_BEZIER_KNOTS.);
#807 = CARTESIAN_POINT('',(13.300691961055,-15.06955849907));
#808 = CARTESIAN_POINT('',(6.703225114586,-8.94800385914));
#809 = ( GEOMETRIC_REPRESENTATION_CONTEXT(2) 
PARAMETRIC_REPRESENTATION_CONTEXT() REPRESENTATION_CONTEXT('2D SPACE',''
  ) );
#810 = PCURVE('',#811,#838);
#811 = ( BOUNDED_SURFACE() B_SPLINE_SURFACE(1,7,(
    (#812,#813,#814,#815,#816,#817,#818,#819,#820,#821,#822,#823,#824)
    ,(#825,#826,#827,#828,#829,#830,#831,#832,#833,#834,#835,#836,#837
)),.UNSPECIFIED.,.F.,.F.,.F.) B_SPLINE_SURFACE_WITH_KNOTS((2,2),(8,5,8),
  (3.,4.),(0.,0.528295033397,1.),.UNSPECIFIED.) 
GEOMETRIC_REPRESENTATION_ITEM() RATIONAL_B_SPLINE_SURFACE((
    (1.,1.,1.,1.,1.,1.,1.,1.,1.,1.,1.,1.,1.)
,(1.,1.,1.,1.,1.,1.,1.,1.,1.,1.,1.,1.,1.
))) REPRESENTATION_ITEM('') SURFACE() );
#812 = CARTESIAN_POINT('',(-16.41371653152,-62.9252724239,0.));
#813 = CARTESIAN_POINT('',(-11.34082506478,-61.14205028495,
    4.009735946894));
#814 = CARTESIAN_POINT('',(-6.542150983075,-58.85108810428,
    8.107010349118));
#815 = CARTESIAN_POINT('',(-2.095158774348,-56.0752081281,
    12.295077687992));
#816 = CARTESIAN_POINT('',(1.919690179849,-52.8530844406,16.576756995772
    ));
#817 = CARTESIAN_POINT('',(5.421940350773,-49.2424741982,20.954091505762
    ));
#818 = CARTESIAN_POINT('',(10.94191280657,-41.8279089605,29.421887460282
    ));
#819 = CARTESIAN_POINT('',(14.166115126739,-33.68736562125,
    38.226846193525));
#820 = CARTESIAN_POINT('',(15.137219102578,-29.75983529898,
    42.453746762768));
#821 = CARTESIAN_POINT('',(15.531589567083,-25.8324008201,
    46.751113780922));
#822 = CARTESIAN_POINT('',(15.340312793808,-22.00541152445,
    51.113702778619));
#823 = CARTESIAN_POINT('',(14.581584540275,-18.38494066402,
    55.533462343523));
#824 = CARTESIAN_POINT('',(13.300691961055,-15.06955849907,60.));
#825 = CARTESIAN_POINT('',(-12.18581878635,-44.40164209245,0.));
#826 = CARTESIAN_POINT('',(-8.557976390262,-42.97407304372,
    4.009735946894));
#827 = CARTESIAN_POINT('',(-5.153666927772,-41.17665044852,
    8.107010349118));
#828 = CARTESIAN_POINT('',(-2.031118835186,-39.02945726082,
    12.295077687992));
#829 = CARTESIAN_POINT('',(0.749662617989,-36.56485068847,
    16.576756995772));
#830 = CARTESIAN_POINT('',(3.129316472076,-33.82985121691,
    20.954091505762));
#831 = CARTESIAN_POINT('',(6.773808416124,-28.26487278074,
    29.421887460282));
#832 = CARTESIAN_POINT('',(8.654799465792,-22.25781240802,
    38.226846193525));
#833 = CARTESIAN_POINT('',(9.122679113225,-19.38396160705,
    42.453746762768));
#834 = CARTESIAN_POINT('',(9.153874561976,-16.53804874834,
    46.751113780922));
#835 = CARTESIAN_POINT('',(8.745458431883,-13.79739598763,
    51.113702778619));
#836 = CARTESIAN_POINT('',(7.915628011693,-11.24273837383,
    55.533462343523));
#837 = CARTESIAN_POINT('',(6.703225114586,-8.94800385914,60.));
#838 = DEFINITIONAL_REPRESENTATION('',(#839),#843);
#839 = LINE('',#840,#841);
#840 = CARTESIAN_POINT('',(0.,1.));
#841 = VECTOR('',#842,1.);
#842 = DIRECTION('',(1.,0.));
#843 = ( GEOMETRIC_REPRESENTATION_CONTEXT(2) 
PARAMETRIC_REPRESENTATION_CONTEXT() REPRESENTATION_CONTEXT('2D SPACE',''
  ) );
#844 = ORIENTED_EDGE('',*,*,#845,.F.);
#845 = EDGE_CURVE('',#846,#798,#848,.T.);
#846 = VERTEX_POINT('',#847);
#847 = CARTESIAN_POINT('',(16.021382912138,-12.13735101175,60.));
#848 = SURFACE_CURVE('',#849,(#852,#858),.PCURVE_S1.);
#849 = B_SPLINE_CURVE_WITH_KNOTS('',1,(#850,#851),.UNSPECIFIED.,.F.,.F.,
  (2,2),(2.,3.),.PIECEWISE_BEZIER_KNOTS.);
#850 = CARTESIAN_POINT('',(16.021382912138,-12.13735101175,60.));
#851 = CARTESIAN_POINT('',(13.300691961055,-15.06955849907,60.));
#852 = PCURVE('',#31,#853);
#853 = DEFINITIONAL_REPRESENTATION('',(#854),#857);
#854 = B_SPLINE_CURVE_WITH_KNOTS('',1,(#855,#856),.UNSPECIFIED.,.F.,.F.,
  (2,2),(2.,3.),.PIECEWISE_BEZIER_KNOTS.);
#855 = CARTESIAN_POINT('',(16.021382912138,-12.13735101175));
#856 = CARTESIAN_POINT('',(13.300691961055,-15.06955849907));
#857 = ( GEOMETRIC_REPRESENTATION_CONTEXT(2) 
PARAMETRIC_REPRESENTATION_CONTEXT() REPRESENTATION_CONTEXT('2D SPACE',''
  ) );
#858 = PCURVE('',#859,#886);
#859 = ( BOUNDED_SURFACE() B_SPLINE_SURFACE(1,7,(
    (#860,#861,#862,#863,#864,#865,#866,#867,#868,#869,#870,#871,#872)
    ,(#873,#874,#875,#876,#877,#878,#879,#880,#881,#882,#883,#884,#885
)),.UNSPECIFIED.,.F.,.F.,.F.) B_SPLINE_SURFACE_WITH_KNOTS((2,2),(8,5,8),
  (2.,3.),(0.,0.528295033397,1.),.UNSPECIFIED.) 
GEOMETRIC_REPRESENTATION_ITEM() RATIONAL_B_SPLINE_SURFACE((
    (1.,1.,1.,1.,1.,1.,1.,1.,1.,1.,1.,1.,1.)
,(1.,1.,1.,1.,1.,1.,1.,1.,1.,1.,1.,1.,1.
))) REPRESENTATION_ITEM('') SURFACE() );
#860 = CARTESIAN_POINT('',(-12.51400488279,-63.81535615973,0.));
#861 = CARTESIAN_POINT('',(-7.378822644315,-61.75922007634,
    4.009735946894));
#862 = CARTESIAN_POINT('',(-2.538780205711,-59.18430032953,
    8.107010349118));
#863 = CARTESIAN_POINT('',(1.92645781,-56.11497968794,12.295077687992));
#864 = CARTESIAN_POINT('',(5.934230665861,-52.59197934682,
    16.576756995772));
#865 = CARTESIAN_POINT('',(9.401984976982,-48.67567521474,
    20.954091505762));
#866 = CARTESIAN_POINT('',(14.80140195488,-40.67965288707,
    29.421887460282));
#867 = CARTESIAN_POINT('',(17.796567919946,-31.96647216742,
    38.226846193525));
#868 = CARTESIAN_POINT('',(18.634724310829,-27.77359954378,
    42.453746762768));
#869 = CARTESIAN_POINT('',(18.870903817827,-23.58879675562,
    46.751113780922));
#870 = CARTESIAN_POINT('',(18.496485434371,-19.51595874111,
    51.113702778619));
#871 = CARTESIAN_POINT('',(17.530858009546,-15.66482688769,
    55.533462343523));
#872 = CARTESIAN_POINT('',(16.021382912138,-12.13735101175,60.));
#873 = CARTESIAN_POINT('',(-16.41371653152,-62.9252724239,0.));
#874 = CARTESIAN_POINT('',(-11.34082506478,-61.14205028495,
    4.009735946894));
#875 = CARTESIAN_POINT('',(-6.542150983075,-58.85108810428,
    8.107010349118));
#876 = CARTESIAN_POINT('',(-2.095158774348,-56.0752081281,
    12.295077687992));
#877 = CARTESIAN_POINT('',(1.919690179849,-52.8530844406,16.576756995772
    ));
#878 = CARTESIAN_POINT('',(5.421940350773,-49.2424741982,20.954091505762
    ));
#879 = CARTESIAN_POINT('',(10.94191280657,-41.8279089605,29.421887460282
    ));
#880 = CARTESIAN_POINT('',(14.166115126739,-33.68736562125,
    38.226846193525));
#881 = CARTESIAN_POINT('',(15.137219102578,-29.75983529898,
    42.453746762768));
#882 = CARTESIAN_POINT('',(15.531589567083,-25.8324008201,
    46.751113780922));
#883 = CARTESIAN_POINT('',(15.340312793808,-22.00541152445,
    51.113702778619));
#884 = CARTESIAN_POINT('',(14.581584540275,-18.38494066402,
    55.533462343523));
#885 = CARTESIAN_POINT('',(13.300691961055,-15.06955849907,60.));
#886 = DEFINITIONAL_REPRESENTATION('',(#887),#891);
#887 = LINE('',#888,#889);
#888 = CARTESIAN_POINT('',(0.,1.));
#889 = VECTOR('',#890,1.);
#890 = DIRECTION('',(1.,0.));
#891 = ( GEOMETRIC_REPRESENTATION_CONTEXT(2) 
PARAMETRIC_REPRESENTATION_CONTEXT() REPRESENTATION_CONTEXT('2D SPACE',''
  ) );
#892 = ORIENTED_EDGE('',*,*,#893,.F.);
#893 = EDGE_CURVE('',#894,#846,#896,.T.);
#894 = VERTEX_POINT('',#895);
#895 = CARTESIAN_POINT('',(12.257944997515,-8.645390936095,60.));
#896 = SURFACE_CURVE('',#897,(#900,#906),.PCURVE_S1.);
#897 = B_SPLINE_CURVE_WITH_KNOTS('',1,(#898,#899),.UNSPECIFIED.,.F.,.F.,
  (2,2),(1.,2.),.PIECEWISE_BEZIER_KNOTS.);
#898 = CARTESIAN_POINT('',(9.42391606567,-6.01579637182,60.));
#899 = CARTESIAN_POINT('',(16.021382912138,-12.13735101175,60.));
#900 = PCURVE('',#31,#901);
#901 = DEFINITIONAL_REPRESENTATION('',(#902),#905);
#902 = B_SPLINE_CURVE_WITH_KNOTS('',1,(#903,#904),.UNSPECIFIED.,.F.,.F.,
  (2,2),(1.,2.),.PIECEWISE_BEZIER_KNOTS.);
#903 = CARTESIAN_POINT('',(9.42391606567,-6.01579637182));
#904 = CARTESIAN_POINT('',(16.021382912138,-12.13735101175));
#905 = ( GEOMETRIC_REPRESENTATION_CONTEXT(2) 
PARAMETRIC_REPRESENTATION_CONTEXT() REPRESENTATION_CONTEXT('2D SPACE',''
  ) );
#906 = PCURVE('',#907,#934);
#907 = ( BOUNDED_SURFACE() B_SPLINE_SURFACE(1,7,(
    (#908,#909,#910,#911,#912,#913,#914,#915,#916,#917,#918,#919,#920)
    ,(#921,#922,#923,#924,#925,#926,#927,#928,#929,#930,#931,#932,#933
)),.UNSPECIFIED.,.F.,.F.,.F.) B_SPLINE_SURFACE_WITH_KNOTS((2,2),(8,5,8),
  (1.,2.),(0.,0.528295033397,1.),.UNSPECIFIED.) 
GEOMETRIC_REPRESENTATION_ITEM() RATIONAL_B_SPLINE_SURFACE((
    (1.,1.,1.,1.,1.,1.,1.,1.,1.,1.,1.,1.,1.)
,(1.,1.,1.,1.,1.,1.,1.,1.,1.,1.,1.,1.,1.
))) REPRESENTATION_ITEM('') SURFACE() );
#908 = CARTESIAN_POINT('',(-8.286107137627,-45.29172582827,0.));
#909 = CARTESIAN_POINT('',(-4.595973969791,-43.5912428351,4.009735946894
    ));
#910 = CARTESIAN_POINT('',(-1.15029615041,-41.50986267379,8.107010349118
    ));
#911 = CARTESIAN_POINT('',(1.990497749166,-39.06922882062,
    12.295077687992));
#912 = CARTESIAN_POINT('',(4.764203103997,-36.30374559473,
    16.576756995772));
#913 = CARTESIAN_POINT('',(7.109361098287,-33.26305223344,
    20.954091505762));
#914 = CARTESIAN_POINT('',(10.633297564433,-27.11661670733,
    29.421887460282));
#915 = CARTESIAN_POINT('',(12.285252259002,-20.53691895418,
    38.226846193525));
#916 = CARTESIAN_POINT('',(12.620184321472,-17.39772585186,
    42.453746762768));
#917 = CARTESIAN_POINT('',(12.493188812726,-14.29444468384,
    46.751113780922));
#918 = CARTESIAN_POINT('',(11.901631072443,-11.3079432043,
    51.113702778619));
#919 = CARTESIAN_POINT('',(10.864901480965,-8.522624597499,
    55.533462343523));
#920 = CARTESIAN_POINT('',(9.42391606567,-6.01579637182,60.));
#921 = CARTESIAN_POINT('',(-12.51400488279,-63.81535615973,0.));
#922 = CARTESIAN_POINT('',(-7.378822644315,-61.75922007634,
    4.009735946894));
#923 = CARTESIAN_POINT('',(-2.538780205711,-59.18430032953,
    8.107010349118));
#924 = CARTESIAN_POINT('',(1.92645781,-56.11497968794,12.295077687992));
#925 = CARTESIAN_POINT('',(5.934230665861,-52.59197934682,
    16.576756995772));
#926 = CARTESIAN_POINT('',(9.401984976982,-48.67567521474,
    20.954091505762));
#927 = CARTESIAN_POINT('',(14.80140195488,-40.67965288707,
    29.421887460282));
#928 = CARTESIAN_POINT('',(17.796567919946,-31.96647216742,
    38.226846193525));
#929 = CARTESIAN_POINT('',(18.634724310829,-27.77359954378,
    42.453746762768));
#930 = CARTESIAN_POINT('',(18.870903817827,-23.58879675562,
    46.751113780922));
#931 = CARTESIAN_POINT('',(18.496485434371,-19.51595874111,
    51.113702778619));
#932 = CARTESIAN_POINT('',(17.530858009546,-15.66482688769,
    55.533462343523));
#933 = CARTESIAN_POINT('',(16.021382912138,-12.13735101175,60.));
#934 = DEFINITIONAL_REPRESENTATION('',(#935),#939);
#935 = LINE('',#936,#937);
#936 = CARTESIAN_POINT('',(0.,1.));
#937 = VECTOR('',#938,1.);
#938 = DIRECTION('',(1.,0.));
#939 = ( GEOMETRIC_REPRESENTATION_CONTEXT(2) 
PARAMETRIC_REPRESENTATION_CONTEXT() REPRESENTATION_CONTEXT('2D SPACE',''
  ) );
#940 = ORIENTED_EDGE('',*,*,#941,.T.);
#941 = EDGE_CURVE('',#894,#942,#944,.T.);
#942 = VERTEX_POINT('',#943);
#943 = CARTESIAN_POINT('',(14.998111574483,0.238010922781,60.));
#944 = SURFACE_CURVE('',#945,(#950,#957),.PCURVE_S1.);
#945 = CIRCLE('',#946,15.);
#946 = AXIS2_PLACEMENT_3D('',#947,#948,#949);
#947 = CARTESIAN_POINT('',(0.,0.,60.));
#948 = DIRECTION('',(0.,0.,1.));
#949 = DIRECTION('',(-0.986341424847,0.164713671657,0.));
#950 = PCURVE('',#31,#951);
#951 = DEFINITIONAL_REPRESENTATION('',(#952),#956);
#952 = CIRCLE('',#953,15.);
#953 = AXIS2_PLACEMENT_2D('',#954,#955);
#954 = CARTESIAN_POINT('',(0.,0.));
#955 = DIRECTION('',(-0.986341424847,0.164713671657));
#956 = ( GEOMETRIC_REPRESENTATION_CONTEXT(2) 
PARAMETRIC_REPRESENTATION_CONTEXT() REPRESENTATION_CONTEXT('2D SPACE',''
  ) );
#957 = PCURVE('',#958,#963);
#958 = CONICAL_SURFACE('',#959,50.,0.528074448426);
#959 = AXIS2_PLACEMENT_3D('',#960,#961,#962);
#960 = CARTESIAN_POINT('',(0.,0.,0.));
#961 = DIRECTION('',(-0.,-0.,-1.));
#962 = DIRECTION('',(1.,0.,0.));
#963 = DEFINITIONAL_REPRESENTATION('',(#964),#968);
#964 = LINE('',#965,#966);
#965 = CARTESIAN_POINT('',(-2.976124942658,-60.));
#966 = VECTOR('',#967,1.);
#967 = DIRECTION('',(-1.,-0.));
#968 = ( GEOMETRIC_REPRESENTATION_CONTEXT(2) 
PARAMETRIC_REPRESENTATION_CONTEXT() REPRESENTATION_CONTEXT('2D SPACE',''
  ) );
#969 = ORIENTED_EDGE('',*,*,#970,.F.);
#970 = EDGE_CURVE('',#971,#942,#973,.T.);
#971 = VERTEX_POINT('',#972);
#972 = CARTESIAN_POINT('',(20.074701056855,1.003183671073,60.));
#973 = SURFACE_CURVE('',#974,(#977,#983),.PCURVE_S1.);
#974 = B_SPLINE_CURVE_WITH_KNOTS('',1,(#975,#976),.UNSPECIFIED.,.F.,.F.,
  (2,2),(3.,4.),.PIECEWISE_BEZIER_KNOTS.);
#975 = CARTESIAN_POINT('',(20.074701056855,1.003183671073,60.));
#976 = CARTESIAN_POINT('',(11.175223620829,-0.338196724512,60.));
#977 = PCURVE('',#31,#978);
#978 = DEFINITIONAL_REPRESENTATION('',(#979),#982);
#979 = B_SPLINE_CURVE_WITH_KNOTS('',1,(#980,#981),.UNSPECIFIED.,.F.,.F.,
  (2,2),(3.,4.),.PIECEWISE_BEZIER_KNOTS.);
#980 = CARTESIAN_POINT('',(20.074701056855,1.003183671073));
#981 = CARTESIAN_POINT('',(11.175223620829,-0.338196724512));
#982 = ( GEOMETRIC_REPRESENTATION_CONTEXT(2) 
PARAMETRIC_REPRESENTATION_CONTEXT() REPRESENTATION_CONTEXT('2D SPACE',''
  ) );
#983 = PCURVE('',#984,#1011);
#984 = ( BOUNDED_SURFACE() B_SPLINE_SURFACE(1,7,(
    (#985,#986,#987,#988,#989,#990,#991,#992,#993,#994,#995,#996,#997)
    ,(#998,#999,#1000,#1001,#1002,#1003,#1004,#1005,#1006,#1007,#1008
      ,#1009,#1010
)),.UNSPECIFIED.,.F.,.F.,.F.) B_SPLINE_SURFACE_WITH_KNOTS((2,2),(8,5,8),
  (3.,4.),(0.,0.528295033397,1.),.UNSPECIFIED.) 
GEOMETRIC_REPRESENTATION_ITEM() RATIONAL_B_SPLINE_SURFACE((
    (1.,1.,1.,1.,1.,1.,1.,1.,1.,1.,1.,1.,1.)
,(1.,1.,1.,1.,1.,1.,1.,1.,1.,1.,1.,1.,1.
))) REPRESENTATION_ITEM('') SURFACE() );
#985 = CARTESIAN_POINT('',(38.963174155882,-52.06602596413,0.));
#986 = CARTESIAN_POINT('',(40.731891042869,-46.98805889022,
    4.009735946893));
#987 = CARTESIAN_POINT('',(41.932669037257,-41.80791286293,
    8.107010349123));
#988 = CARTESIAN_POINT('',(42.53505297143,-36.60038149554,
    12.295077687984));
#989 = CARTESIAN_POINT('',(42.519112611059,-31.45248492629,
    16.57675699578));
#990 = CARTESIAN_POINT('',(41.879841117773,-26.46313681857,
    20.954091505759));
#991 = CARTESIAN_POINT('',(39.524547118845,-17.52454275934,
    29.421887460286));
#992 = CARTESIAN_POINT('',(35.170271317591,-9.928214125992,
    38.226846193521));
#993 = CARTESIAN_POINT('',(32.705077888759,-6.720199362492,
    42.453746762779));
#994 = CARTESIAN_POINT('',(29.880371930632,-3.963152772554,
    46.751113780907));
#995 = CARTESIAN_POINT('',(26.769052098738,-1.726610178089,
    51.113702778629));
#996 = CARTESIAN_POINT('',(23.465394670249,-6.248115394546E-02,
    55.533462343519));
#997 = CARTESIAN_POINT('',(20.074701056855,1.003183671073,60.));
#998 = CARTESIAN_POINT('',(27.116867920566,-37.21122779724,0.));
#999 = CARTESIAN_POINT('',(28.262672231589,-33.48479165521,
    4.009735946893));
#1000 = CARTESIAN_POINT('',(28.979942891597,-29.70252068364,
    8.107010349123));
#1001 = CARTESIAN_POINT('',(29.24807655005,-25.92246122418,
    12.295077687984));
#1002 = CARTESIAN_POINT('',(29.054958417147,-22.21170167478,
    16.57675699578));
#1003 = CARTESIAN_POINT('',(28.400339635723,-18.64596909567,
    20.954091505759));
#1004 = CARTESIAN_POINT('',(26.32176785514,-12.32688325369,
    29.421887460286));
#1005 = CARTESIAN_POINT('',(22.798037675519,-7.110924351286,
    38.226846193521));
#1006 = CARTESIAN_POINT('',(20.842888832071,-4.953304646448,
    42.453746762779));
#1007 = CARTESIAN_POINT('',(18.637314606936,-3.154517418119,
    46.751113780907));
#1008 = CARTESIAN_POINT('',(16.239942704068,-1.765060959835,
    51.113702778629));
#1009 = CARTESIAN_POINT('',(13.725240150413,-0.821045538004,
    55.533462343519));
#1010 = CARTESIAN_POINT('',(11.175223620829,-0.338196724512,60.));
#1011 = DEFINITIONAL_REPRESENTATION('',(#1012),#1016);
#1012 = LINE('',#1013,#1014);
#1013 = CARTESIAN_POINT('',(0.,1.));
#1014 = VECTOR('',#1015,1.);
#1015 = DIRECTION('',(1.,0.));
#1016 = ( GEOMETRIC_REPRESENTATION_CONTEXT(2) 
PARAMETRIC_REPRESENTATION_CONTEXT() REPRESENTATION_CONTEXT('2D SPACE',''
  ) );
#1017 = ORIENTED_EDGE('',*,*,#1018,.F.);
#1018 = EDGE_CURVE('',#1019,#971,#1021,.T.);
#1019 = VERTEX_POINT('',#1020);
#1020 = CARTESIAN_POINT('',(19.47853199215,4.958506975974,60.));
#1021 = SURFACE_CURVE('',#1022,(#1025,#1031),.PCURVE_S1.);
#1022 = B_SPLINE_CURVE_WITH_KNOTS('',1,(#1023,#1024),.UNSPECIFIED.,.F.,
  .F.,(2,2),(2.,3.),.PIECEWISE_BEZIER_KNOTS.);
#1023 = CARTESIAN_POINT('',(19.47853199215,4.958506975974,60.));
#1024 = CARTESIAN_POINT('',(20.074701056855,1.003183671073,60.));
#1025 = PCURVE('',#31,#1026);
#1026 = DEFINITIONAL_REPRESENTATION('',(#1027),#1030);
#1027 = B_SPLINE_CURVE_WITH_KNOTS('',1,(#1028,#1029),.UNSPECIFIED.,.F.,
  .F.,(2,2),(2.,3.),.PIECEWISE_BEZIER_KNOTS.);
#1028 = CARTESIAN_POINT('',(19.47853199215,4.958506975974));
#1029 = CARTESIAN_POINT('',(20.074701056855,1.003183671073));
#1030 = ( GEOMETRIC_REPRESENTATION_CONTEXT(2) 
PARAMETRIC_REPRESENTATION_CONTEXT() REPRESENTATION_CONTEXT('2D SPACE',''
  ) );
#1031 = PCURVE('',#1032,#1059);
#1032 = ( BOUNDED_SURFACE() B_SPLINE_SURFACE(1,7,(
    (#1033,#1034,#1035,#1036,#1037,#1038,#1039,#1040,#1041,#1042,#1043
      ,#1044,#1045)
    ,(#1046,#1047,#1048,#1049,#1050,#1051,#1052,#1053,#1054,#1055,#1056
      ,#1057,#1058
)),.UNSPECIFIED.,.F.,.F.,.F.) B_SPLINE_SURFACE_WITH_KNOTS((2,2),(8,5,8),
  (2.,3.),(0.,0.528295033397,1.),.UNSPECIFIED.) 
GEOMETRIC_REPRESENTATION_ITEM() RATIONAL_B_SPLINE_SURFACE((
    (1.,1.,1.,1.,1.,1.,1.,1.,1.,1.,1.,1.,1.)
,(1.,1.,1.,1.,1.,1.,1.,1.,1.,1.,1.,1.,1.
))) REPRESENTATION_ITEM('') SURFACE() );
#1033 = CARTESIAN_POINT('',(42.090500085754,-49.5720667567,0.));
#1034 = CARTESIAN_POINT('',(43.684681919901,-44.27523973521,
    4.009735946893));
#1035 = CARTESIAN_POINT('',(44.689245698049,-38.88570597751,
    8.107010349123));
#1036 = CARTESIAN_POINT('',(45.073584556335,-33.48095220142,
    12.295077687984));
#1037 = CARTESIAN_POINT('',(44.817997480699,-28.15099442352,
    16.57675699578));
#1038 = CARTESIAN_POINT('',(43.918217063654,-22.99801924228,
    20.954091505759));
#1039 = CARTESIAN_POINT('',(41.033156495064,-13.79114668525,
    29.421887460286));
#1040 = CARTESIAN_POINT('',(36.088372930104,-6.016852318093,
    38.226846193521));
#1041 = CARTESIAN_POINT('',(33.33283507303,-2.747341943138,
    42.453746762779));
#1042 = CARTESIAN_POINT('',(30.208280019365,4.649249215772E-02,
    46.751113780907));
#1043 = CARTESIAN_POINT('',(26.790560992905,2.293133379021,
    51.113702778629));
#1044 = CARTESIAN_POINT('',(23.177566015,3.939316894179,55.533462343519)
  );
#1045 = CARTESIAN_POINT('',(19.47853199215,4.958506975974,60.));
#1046 = CARTESIAN_POINT('',(38.963174155882,-52.06602596413,0.));
#1047 = CARTESIAN_POINT('',(40.731891042869,-46.98805889022,
    4.009735946893));
#1048 = CARTESIAN_POINT('',(41.932669037257,-41.80791286293,
    8.107010349123));
#1049 = CARTESIAN_POINT('',(42.53505297143,-36.60038149554,
    12.295077687984));
#1050 = CARTESIAN_POINT('',(42.519112611059,-31.45248492629,
    16.57675699578));
#1051 = CARTESIAN_POINT('',(41.879841117773,-26.46313681857,
    20.954091505759));
#1052 = CARTESIAN_POINT('',(39.524547118845,-17.52454275934,
    29.421887460286));
#1053 = CARTESIAN_POINT('',(35.170271317591,-9.928214125992,
    38.226846193521));
#1054 = CARTESIAN_POINT('',(32.705077888759,-6.720199362492,
    42.453746762779));
#1055 = CARTESIAN_POINT('',(29.880371930632,-3.963152772554,
    46.751113780907));
#1056 = CARTESIAN_POINT('',(26.769052098738,-1.726610178089,
    51.113702778629));
#1057 = CARTESIAN_POINT('',(23.465394670249,-6.248115394546E-02,
    55.533462343519));
#1058 = CARTESIAN_POINT('',(20.074701056855,1.003183671073,60.));
#1059 = DEFINITIONAL_REPRESENTATION('',(#1060),#1064);
#1060 = LINE('',#1061,#1062);
#1061 = CARTESIAN_POINT('',(0.,1.));
#1062 = VECTOR('',#1063,1.);
#1063 = DIRECTION('',(1.,0.));
#1064 = ( GEOMETRIC_REPRESENTATION_CONTEXT(2) 
PARAMETRIC_REPRESENTATION_CONTEXT() REPRESENTATION_CONTEXT('2D SPACE',''
  ) );
#1065 = ORIENTED_EDGE('',*,*,#1066,.F.);
#1066 = EDGE_CURVE('',#1067,#1019,#1069,.T.);
#1067 = VERTEX_POINT('',#1068);
#1068 = CARTESIAN_POINT('',(14.401942509778,4.193334227681,60.));
#1069 = SURFACE_CURVE('',#1070,(#1073,#1079),.PCURVE_S1.);
#1070 = B_SPLINE_CURVE_WITH_KNOTS('',1,(#1071,#1072),.UNSPECIFIED.,.F.,
  .F.,(2,2),(1.,2.),.PIECEWISE_BEZIER_KNOTS.);
#1071 = CARTESIAN_POINT('',(10.579054556124,3.617126580388,60.));
#1072 = CARTESIAN_POINT('',(19.47853199215,4.958506975974,60.));
#1073 = PCURVE('',#31,#1074);
#1074 = DEFINITIONAL_REPRESENTATION('',(#1075),#1078);
#1075 = B_SPLINE_CURVE_WITH_KNOTS('',1,(#1076,#1077),.UNSPECIFIED.,.F.,
  .F.,(2,2),(1.,2.),.PIECEWISE_BEZIER_KNOTS.);
#1076 = CARTESIAN_POINT('',(10.579054556124,3.617126580388));
#1077 = CARTESIAN_POINT('',(19.47853199215,4.958506975974));
#1078 = ( GEOMETRIC_REPRESENTATION_CONTEXT(2) 
PARAMETRIC_REPRESENTATION_CONTEXT() REPRESENTATION_CONTEXT('2D SPACE',''
  ) );
#1079 = PCURVE('',#1080,#1107);
#1080 = ( BOUNDED_SURFACE() B_SPLINE_SURFACE(1,7,(
    (#1081,#1082,#1083,#1084,#1085,#1086,#1087,#1088,#1089,#1090,#1091
      ,#1092,#1093)
    ,(#1094,#1095,#1096,#1097,#1098,#1099,#1100,#1101,#1102,#1103,#1104
      ,#1105,#1106
)),.UNSPECIFIED.,.F.,.F.,.F.) B_SPLINE_SURFACE_WITH_KNOTS((2,2),(8,5,8),
  (1.,2.),(0.,0.528295033397,1.),.UNSPECIFIED.) 
GEOMETRIC_REPRESENTATION_ITEM() RATIONAL_B_SPLINE_SURFACE((
    (1.,1.,1.,1.,1.,1.,1.,1.,1.,1.,1.,1.,1.)
,(1.,1.,1.,1.,1.,1.,1.,1.,1.,1.,1.,1.,1.
))) REPRESENTATION_ITEM('') SURFACE() );
#1081 = CARTESIAN_POINT('',(30.244193850438,-34.71726858981,0.));
#1082 = CARTESIAN_POINT('',(31.215463108618,-30.77197250021,
    4.009735946893));
#1083 = CARTESIAN_POINT('',(31.736519552396,-26.78031379821,
    8.107010349123));
#1084 = CARTESIAN_POINT('',(31.786608134946,-22.80303193007,
    12.295077687984));
#1085 = CARTESIAN_POINT('',(31.353843286794,-18.910211172,16.57675699578
    ));
#1086 = CARTESIAN_POINT('',(30.438715581602,-15.18085151937,
    20.954091505759));
#1087 = CARTESIAN_POINT('',(27.830377231362,-8.593487179606,
    29.421887460286));
#1088 = CARTESIAN_POINT('',(23.716139288029,-3.199562543389,
    38.226846193521));
#1089 = CARTESIAN_POINT('',(21.470646016348,-0.980447227089,
    42.453746762779));
#1090 = CARTESIAN_POINT('',(18.965222695663,0.855127846588,
    46.751113780907));
#1091 = CARTESIAN_POINT('',(16.261451598239,2.254682597277,
    51.113702778629));
#1092 = CARTESIAN_POINT('',(13.437411495164,3.180752510119,
    55.533462343519));
#1093 = CARTESIAN_POINT('',(10.579054556124,3.617126580388,60.));
#1094 = CARTESIAN_POINT('',(42.090500085754,-49.5720667567,0.));
#1095 = CARTESIAN_POINT('',(43.684681919901,-44.27523973521,
    4.009735946893));
#1096 = CARTESIAN_POINT('',(44.689245698049,-38.88570597751,
    8.107010349123));
#1097 = CARTESIAN_POINT('',(45.073584556335,-33.48095220142,
    12.295077687984));
#1098 = CARTESIAN_POINT('',(44.817997480699,-28.15099442352,
    16.57675699578));
#1099 = CARTESIAN_POINT('',(43.918217063654,-22.99801924228,
    20.954091505759));
#1100 = CARTESIAN_POINT('',(41.033156495064,-13.79114668525,
    29.421887460286));
#1101 = CARTESIAN_POINT('',(36.088372930104,-6.016852318093,
    38.226846193521));
#1102 = CARTESIAN_POINT('',(33.33283507303,-2.747341943138,
    42.453746762779));
#1103 = CARTESIAN_POINT('',(30.208280019365,4.649249215772E-02,
    46.751113780907));
#1104 = CARTESIAN_POINT('',(26.790560992905,2.293133379021,
    51.113702778629));
#1105 = CARTESIAN_POINT('',(23.177566015,3.939316894179,55.533462343519)
  );
#1106 = CARTESIAN_POINT('',(19.47853199215,4.958506975974,60.));
#1107 = DEFINITIONAL_REPRESENTATION('',(#1108),#1112);
#1108 = LINE('',#1109,#1110);
#1109 = CARTESIAN_POINT('',(0.,1.));
#1110 = VECTOR('',#1111,1.);
#1111 = DIRECTION('',(1.,0.));
#1112 = ( GEOMETRIC_REPRESENTATION_CONTEXT(2) 
PARAMETRIC_REPRESENTATION_CONTEXT() REPRESENTATION_CONTEXT('2D SPACE',''
  ) );
#1113 = ORIENTED_EDGE('',*,*,#1114,.T.);
#1114 = EDGE_CURVE('',#1067,#1115,#1117,.T.);
#1115 = VERTEX_POINT('',#1116);
#1116 = CARTESIAN_POINT('',(9.165085181228,11.874393189583,60.));
#1117 = SURFACE_CURVE('',#1118,(#1123,#1130),.PCURVE_S1.);
#1118 = CIRCLE('',#1119,15.);
#1119 = AXIS2_PLACEMENT_3D('',#1120,#1121,#1122);
#1120 = CARTESIAN_POINT('',(0.,0.,60.));
#1121 = DIRECTION('',(0.,0.,1.));
#1122 = DIRECTION('',(-0.986341424847,0.164713671657,0.));
#1123 = PCURVE('',#31,#1124);
#1124 = DEFINITIONAL_REPRESENTATION('',(#1125),#1129);
#1125 = CIRCLE('',#1126,15.);
#1126 = AXIS2_PLACEMENT_2D('',#1127,#1128);
#1127 = CARTESIAN_POINT('',(0.,0.));
#1128 = DIRECTION('',(-0.986341424847,0.164713671657));
#1129 = ( GEOMETRIC_REPRESENTATION_CONTEXT(2) 
PARAMETRIC_REPRESENTATION_CONTEXT() REPRESENTATION_CONTEXT('2D SPACE',''
  ) );
#1130 = PCURVE('',#1131,#1136);
#1131 = CONICAL_SURFACE('',#1132,50.,0.528074448426);
#1132 = AXIS2_PLACEMENT_3D('',#1133,#1134,#1135);
#1133 = CARTESIAN_POINT('',(0.,0.,0.));
#1134 = DIRECTION('',(-0.,-0.,-1.));
#1135 = DIRECTION('',(1.,0.,0.));
#1136 = DEFINITIONAL_REPRESENTATION('',(#1137),#1141);
#1137 = LINE('',#1138,#1139);
#1138 = CARTESIAN_POINT('',(-2.976124942658,-60.));
#1139 = VECTOR('',#1140,1.);
#1140 = DIRECTION('',(-1.,-0.));
#1141 = ( GEOMETRIC_REPRESENTATION_CONTEXT(2) 
PARAMETRIC_REPRESENTATION_CONTEXT() REPRESENTATION_CONTEXT('2D SPACE',''
  ) );
#1142 = ORIENTED_EDGE('',*,*,#1143,.F.);
#1143 = EDGE_CURVE('',#1144,#1115,#1146,.T.);
#1144 = VERTEX_POINT('',#1145);
#1145 = CARTESIAN_POINT('',(11.732050807569,16.320508075689,60.));
#1146 = SURFACE_CURVE('',#1147,(#1150,#1156),.PCURVE_S1.);
#1147 = B_SPLINE_CURVE_WITH_KNOTS('',1,(#1148,#1149),.UNSPECIFIED.,.F.,
  .F.,(2,2),(3.,4.),.PIECEWISE_BEZIER_KNOTS.);
#1148 = CARTESIAN_POINT('',(11.732050807569,16.320508075689,60.));
#1149 = CARTESIAN_POINT('',(7.232050807569,8.526279441629,60.));
#1150 = PCURVE('',#31,#1151);
#1151 = DEFINITIONAL_REPRESENTATION('',(#1152),#1155);
#1152 = B_SPLINE_CURVE_WITH_KNOTS('',1,(#1153,#1154),.UNSPECIFIED.,.F.,
  .F.,(2,2),(3.,4.),.PIECEWISE_BEZIER_KNOTS.);
#1153 = CARTESIAN_POINT('',(11.732050807569,16.320508075689));
#1154 = CARTESIAN_POINT('',(7.232050807569,8.526279441629));
#1155 = ( GEOMETRIC_REPRESENTATION_CONTEXT(2) 
PARAMETRIC_REPRESENTATION_CONTEXT() REPRESENTATION_CONTEXT('2D SPACE',''
  ) );
#1156 = PCURVE('',#1157,#1184);
#1157 = ( BOUNDED_SURFACE() B_SPLINE_SURFACE(1,7,(
    (#1158,#1159,#1160,#1161,#1162,#1163,#1164,#1165,#1166,#1167,#1168
      ,#1169,#1170)
    ,(#1171,#1172,#1173,#1174,#1175,#1176,#1177,#1178,#1179,#1180,#1181
      ,#1182,#1183
)),.UNSPECIFIED.,.F.,.F.,.F.) B_SPLINE_SURFACE_WITH_KNOTS((2,2),(8,5,8),
  (3.,4.),(0.,0.528295033397,1.),.UNSPECIFIED.) 
GEOMETRIC_REPRESENTATION_ITEM() RATIONAL_B_SPLINE_SURFACE((
    (1.,1.,1.,1.,1.,1.,1.,1.,1.,1.,1.,1.,1.)
,(1.,1.,1.,1.,1.,1.,1.,1.,1.,1.,1.,1.,1.
))) REPRESENTATION_ITEM('') SURFACE() );
#1158 = CARTESIAN_POINT('',(65.,-2.,0.));
#1159 = CARTESIAN_POINT('',(62.132662416085,2.548899230583,
    4.009735946893));
#1160 = CARTESIAN_POINT('',(58.83133400197,6.717473490202,8.107010349122
    ));
#1161 = CARTESIAN_POINT('',(55.135502272759,10.435278914899,
    12.295077687986));
#1162 = CARTESIAN_POINT('',(51.100776014313,13.632477251268,
    16.576756995778));
#1163 = CARTESIAN_POINT('',(46.801367330015,16.243482335058,
    20.954091505759));
#1164 = CARTESIAN_POINT('',(38.344391296803,19.975161575114,
    29.421887460285));
#1165 = CARTESIAN_POINT('',(29.690495863504,21.30708510481,
    38.226846193522));
#1166 = CARTESIAN_POINT('',(25.6453459627,21.379883761028,
    42.453746762775));
#1167 = CARTESIAN_POINT('',(21.728624781902,20.890430146329,
    46.751113780913));
#1168 = CARTESIAN_POINT('',(18.040149184171,19.852363848794,
    51.113702778626));
#1169 = CARTESIAN_POINT('',(14.679284006705,18.307027939445,
    55.53346234352));
#1170 = CARTESIAN_POINT('',(11.732050807569,16.320508075689,60.));
#1171 = CARTESIAN_POINT('',(46.,-2.,0.));
#1172 = CARTESIAN_POINT('',(43.800952209607,1.219220814938,
    4.009735946893));
#1173 = CARTESIAN_POINT('',(41.291064630485,4.138212977025,
    8.107010349122));
#1174 = CARTESIAN_POINT('',(38.50287374107,6.704676836107,
    12.295077687986));
#1175 = CARTESIAN_POINT('',(35.481277915051,8.867311736169,
    16.576756995778));
#1176 = CARTESIAN_POINT('',(32.28532779232,10.578708063069,
    20.954091505759));
#1177 = CARTESIAN_POINT('',(26.048899233022,12.893500785979,
    29.421887460285));
#1178 = CARTESIAN_POINT('',(19.773888520361,13.390634778397,
    38.226846193522));
#1179 = CARTESIAN_POINT('',(16.867978142919,13.207291741934,
    42.453746762775));
#1180 = CARTESIAN_POINT('',(14.086476620937,12.604429868381,
    46.751113780913));
#1181 = CARTESIAN_POINT('',(11.505418885631,11.596400971401,
    51.113702778626));
#1182 = CARTESIAN_POINT('',(9.199466511996,10.21891133422,55.53346234352
    ));
#1183 = CARTESIAN_POINT('',(7.232050807569,8.526279441629,60.));
#1184 = DEFINITIONAL_REPRESENTATION('',(#1185),#1189);
#1185 = LINE('',#1186,#1187);
#1186 = CARTESIAN_POINT('',(0.,1.));
#1187 = VECTOR('',#1188,1.);
#1188 = DIRECTION('',(1.,0.));
#1189 = ( GEOMETRIC_REPRESENTATION_CONTEXT(2) 
PARAMETRIC_REPRESENTATION_CONTEXT() REPRESENTATION_CONTEXT('2D SPACE',''
  ) );
#1190 = ORIENTED_EDGE('',*,*,#1191,.F.);
#1191 = EDGE_CURVE('',#24,#1144,#1192,.T.);
#1192 = SURFACE_CURVE('',#1193,(#1196,#1202),.PCURVE_S1.);
#1193 = B_SPLINE_CURVE_WITH_KNOTS('',1,(#1194,#1195),.UNSPECIFIED.,.F.,
  .F.,(2,2),(2.,3.),.PIECEWISE_BEZIER_KNOTS.);
#1194 = CARTESIAN_POINT('',(8.267949192431,18.320508075689,60.));
#1195 = CARTESIAN_POINT('',(11.732050807569,16.320508075689,60.));
#1196 = PCURVE('',#31,#1197);
#1197 = DEFINITIONAL_REPRESENTATION('',(#1198),#1201);
#1198 = B_SPLINE_CURVE_WITH_KNOTS('',1,(#1199,#1200),.UNSPECIFIED.,.F.,
  .F.,(2,2),(2.,3.),.PIECEWISE_BEZIER_KNOTS.);
#1199 = CARTESIAN_POINT('',(8.267949192431,18.320508075689));
#1200 = CARTESIAN_POINT('',(11.732050807569,16.320508075689));
#1201 = ( GEOMETRIC_REPRESENTATION_CONTEXT(2) 
PARAMETRIC_REPRESENTATION_CONTEXT() REPRESENTATION_CONTEXT('2D SPACE',''
  ) );
#1202 = PCURVE('',#1203,#1230);
#1203 = ( BOUNDED_SURFACE() B_SPLINE_SURFACE(1,7,(
    (#1204,#1205,#1206,#1207,#1208,#1209,#1210,#1211,#1212,#1213,#1214
      ,#1215,#1216)
    ,(#1217,#1218,#1219,#1220,#1221,#1222,#1223,#1224,#1225,#1226,#1227
      ,#1228,#1229
)),.UNSPECIFIED.,.F.,.F.,.F.) B_SPLINE_SURFACE_WITH_KNOTS((2,2),(8,5,8),
  (2.,3.),(0.,0.528295033397,1.),.UNSPECIFIED.) 
GEOMETRIC_REPRESENTATION_ITEM() RATIONAL_B_SPLINE_SURFACE((
    (1.,1.,1.,1.,1.,1.,1.,1.,1.,1.,1.,1.,1.)
,(1.,1.,1.,1.,1.,1.,1.,1.,1.,1.,1.,1.,1.
))) REPRESENTATION_ITEM('') SURFACE() );
#1204 = CARTESIAN_POINT('',(65.,2.,0.));
#1205 = CARTESIAN_POINT('',(61.852729993313,6.548899176819,
    4.009735946893));
#1206 = CARTESIAN_POINT('',(58.265358096708,10.694618099436,
    8.107010349122));
#1207 = CARTESIAN_POINT('',(54.27938279817,14.36491517971,
    12.295077687986));
#1208 = CARTESIAN_POINT('',(49.952898072042,17.48826347634,
    16.576756995778));
#1209 = CARTESIAN_POINT('',(45.363135933027,19.997614293713,
    20.954091505759));
#1210 = CARTESIAN_POINT('',(36.366107270616,23.482374258685,
    29.421887460285));
#1211 = CARTESIAN_POINT('',(27.204897055238,24.463580048179,
    38.226846193522));
#1212 = CARTESIAN_POINT('',(22.930641159327,24.347720176249,
    42.453746762775));
#1213 = CARTESIAN_POINT('',(18.798205229696,23.646771945067,
    46.751113780913));
#1214 = CARTESIAN_POINT('',(14.910797695936,22.375449293358,
    51.113702778626));
#1215 = CARTESIAN_POINT('',(11.371094074972,20.577074707318,
    55.53346234352));
#1216 = CARTESIAN_POINT('',(8.267949192431,18.320508075689,60.));
#1217 = CARTESIAN_POINT('',(65.,-2.,0.));
#1218 = CARTESIAN_POINT('',(62.132662416085,2.548899230583,
    4.009735946893));
#1219 = CARTESIAN_POINT('',(58.83133400197,6.717473490202,8.107010349122
    ));
#1220 = CARTESIAN_POINT('',(55.135502272759,10.435278914899,
    12.295077687986));
#1221 = CARTESIAN_POINT('',(51.100776014313,13.632477251268,
    16.576756995778));
#1222 = CARTESIAN_POINT('',(46.801367330015,16.243482335058,
    20.954091505759));
#1223 = CARTESIAN_POINT('',(38.344391296803,19.975161575114,
    29.421887460285));
#1224 = CARTESIAN_POINT('',(29.690495863504,21.30708510481,
    38.226846193522));
#1225 = CARTESIAN_POINT('',(25.6453459627,21.379883761028,
    42.453746762775));
#1226 = CARTESIAN_POINT('',(21.728624781902,20.890430146329,
    46.751113780913));
#1227 = CARTESIAN_POINT('',(18.040149184171,19.852363848794,
    51.113702778626));
#1228 = CARTESIAN_POINT('',(14.679284006705,18.307027939445,
    55.53346234352));
#1229 = CARTESIAN_POINT('',(11.732050807569,16.320508075689,60.));
#1230 = DEFINITIONAL_REPRESENTATION('',(#1231),#1235);
#1231 = LINE('',#1232,#1233);
#1232 = CARTESIAN_POINT('',(0.,1.));
#1233 = VECTOR('',#1234,1.);
#1234 = DIRECTION('',(1.,0.));
#1235 = ( GEOMETRIC_REPRESENTATION_CONTEXT(2) 
PARAMETRIC_REPRESENTATION_CONTEXT() REPRESENTATION_CONTEXT('2D SPACE',''
  ) );
#1236 = FACE_BOUND('',#1237,.T.);
#1237 = EDGE_LOOP('',(#1238));
#1238 = ORIENTED_EDGE('',*,*,#1239,.F.);
#1239 = EDGE_CURVE('',#1240,#1240,#1242,.T.);
#1240 = VERTEX_POINT('',#1241);
#1241 = CARTESIAN_POINT('',(7.5,0.,60.));
#1242 = SURFACE_CURVE('',#1243,(#1248,#1255),.PCURVE_S1.);
#1243 = CIRCLE('',#1244,7.5);
#1244 = AXIS2_PLACEMENT_3D('',#1245,#1246,#1247);
#1245 = CARTESIAN_POINT('',(0.,0.,60.));
#1246 = DIRECTION('',(0.,0.,1.));
#1247 = DIRECTION('',(1.,0.,0.));
#1248 = PCURVE('',#31,#1249);
#1249 = DEFINITIONAL_REPRESENTATION('',(#1250),#1254);
#1250 = CIRCLE('',#1251,7.5);
#1251 = AXIS2_PLACEMENT_2D('',#1252,#1253);
#1252 = CARTESIAN_POINT('',(0.,0.));
#1253 = DIRECTION('',(1.,0.));
#1254 = ( GEOMETRIC_REPRESENTATION_CONTEXT(2) 
PARAMETRIC_REPRESENTATION_CONTEXT() REPRESENTATION_CONTEXT('2D SPACE',''
  ) );
#1255 = PCURVE('',#1256,#1261);
#1256 = CYLINDRICAL_SURFACE('',#1257,7.5);
#1257 = AXIS2_PLACEMENT_3D('',#1258,#1259,#1260);
#1258 = CARTESIAN_POINT('',(0.,0.,0.));
#1259 = DIRECTION('',(-0.,-0.,-1.));
#1260 = DIRECTION('',(1.,0.,0.));
#1261 = DEFINITIONAL_REPRESENTATION('',(#1262),#1266);
#1262 = LINE('',#1263,#1264);
#1263 = CARTESIAN_POINT('',(-0.,-60.));
#1264 = VECTOR('',#1265,1.);
#1265 = DIRECTION('',(-1.,0.));
#1266 = ( GEOMETRIC_REPRESENTATION_CONTEXT(2) 
PARAMETRIC_REPRESENTATION_CONTEXT() REPRESENTATION_CONTEXT('2D SPACE',''
  ) );
#1267 = ADVANCED_FACE('',(#1268),#42,.F.);
#1268 = FACE_BOUND('',#1269,.F.);
#1269 = EDGE_LOOP('',(#1270,#1362,#1388,#1419));
#1270 = ORIENTED_EDGE('',*,*,#1271,.F.);
#1271 = EDGE_CURVE('',#1272,#22,#1274,.T.);
#1272 = VERTEX_POINT('',#1273);
#1273 = CARTESIAN_POINT('',(49.959983987187,2.,0.));
#1274 = SURFACE_CURVE('',#1275,(#1302,#1332),.PCURVE_S1.);
#1275 = B_SPLINE_CURVE_WITH_KNOTS('',7,(#1276,#1277,#1278,#1279,#1280,
    #1281,#1282,#1283,#1284,#1285,#1286,#1287,#1288,#1289,#1290,#1291,
    #1292,#1293,#1294,#1295,#1296,#1297,#1298,#1299,#1300,#1301),
  .UNSPECIFIED.,.F.,.F.,(8,6,6,6,8),(0.,0.229432314751,0.465540906057,
    0.730107600858,1.),.UNSPECIFIED.);
#1276 = CARTESIAN_POINT('',(49.959983987187,2.,-8.881784197001E-16));
#1277 = CARTESIAN_POINT('',(48.817208414223,3.610553960486,
    1.847037990902));
#1278 = CARTESIAN_POINT('',(47.607531706242,5.146433860883,
    3.704234378213));
#1279 = CARTESIAN_POINT('',(46.335389168193,6.603187273478,
    5.571526616492));
#1280 = CARTESIAN_POINT('',(45.005645388914,7.976659498184,
    7.448857683835));
#1281 = CARTESIAN_POINT('',(43.62358380427,9.26302657195,9.336163009054)
  );
#1282 = CARTESIAN_POINT('',(42.194893801831,10.458844919227,
    11.233351257344));
#1283 = CARTESIAN_POINT('',(39.213663399026,12.695465524912,
    15.102696594192));
#1284 = CARTESIAN_POINT('',(37.658703292228,13.730763392095,
    17.075461587895));
#1285 = CARTESIAN_POINT('',(36.067406655426,14.663732875284,
    19.058408279557));
#1286 = CARTESIAN_POINT('',(34.446790053588,15.491638225901,
    21.051378799788));
#1287 = CARTESIAN_POINT('',(32.804218489588,16.212329298832,
    23.054202869666));
#1288 = CARTESIAN_POINT('',(31.147357050215,16.824296886715,
    25.066671324631));
#1289 = CARTESIAN_POINT('',(27.620393760226,17.889743304761,
    29.354026292897));
#1290 = CARTESIAN_POINT('',(25.748608324351,18.315244657558,
    31.631368220639));
#1291 = CARTESIAN_POINT('',(23.879897697245,18.602099453967,
    33.920108020861));
#1292 = CARTESIAN_POINT('',(22.025668232854,18.750317870756,
    36.219845404154));
#1293 = CARTESIAN_POINT('',(20.197469431253,18.761114555177,
    38.530157035464));
#1294 = CARTESIAN_POINT('',(18.406840702218,18.63695041281,
    40.850542457558));
#1295 = CARTESIAN_POINT('',(14.888348333454,18.121042539838,
    45.557076231655));
#1296 = CARTESIAN_POINT('',(13.162420362668,17.723955736506,
    47.943679102692));
#1297 = CARTESIAN_POINT('',(11.49938752917,17.194258824231,
    50.339482782399));
#1298 = CARTESIAN_POINT('',(9.910956764142,16.537294336343,
    52.743819332444));
#1299 = CARTESIAN_POINT('',(8.408291818955,15.759644367083,
    55.155956716674));
#1300 = CARTESIAN_POINT('',(7.001839400767,14.869179987734,
    57.57506046712));
#1301 = CARTESIAN_POINT('',(5.70098356609,13.874393189584,60.));
#1302 = PCURVE('',#42,#1303);
#1303 = DEFINITIONAL_REPRESENTATION('',(#1304),#1331);
#1304 = B_SPLINE_CURVE_WITH_KNOTS('',7,(#1305,#1306,#1307,#1308,#1309,
    #1310,#1311,#1312,#1313,#1314,#1315,#1316,#1317,#1318,#1319,#1320,
    #1321,#1322,#1323,#1324,#1325,#1326,#1327,#1328,#1329,#1330),
  .UNSPECIFIED.,.F.,.F.,(8,6,6,6,8),(0.,0.229432314751,0.465540906057,
    0.730107600858,1.),.UNSPECIFIED.);
#1305 = CARTESIAN_POINT('',(1.208420209862,9.999916920742E-11));
#1306 = CARTESIAN_POINT('',(1.211751669663,3.47647045946E-02));
#1307 = CARTESIAN_POINT('',(1.215225007912,6.937100039743E-02));
#1308 = CARTESIAN_POINT('',(1.218850940254,0.103817459301));
#1309 = CARTESIAN_POINT('',(1.22264126889,0.138103415577));
#1310 = CARTESIAN_POINT('',(1.22660935319,0.172228746701));
#1311 = CARTESIAN_POINT('',(1.230770504379,0.206193610402));
#1312 = CARTESIAN_POINT('',(1.239641319766,0.274786347362));
#1313 = CARTESIAN_POINT('',(1.244363498411,0.309405335825));
#1314 = CARTESIAN_POINT('',(1.249328006746,0.343855059919));
#1315 = CARTESIAN_POINT('',(1.254556743148,0.378136633575));
#1316 = CARTESIAN_POINT('',(1.260074894813,0.412252012744));
#1317 = CARTESIAN_POINT('',(1.265911804816,0.446203637349));
#1318 = CARTESIAN_POINT('',(1.279038614367,0.517857170576));
#1319 = CARTESIAN_POINT('',(1.286419063572,0.555518909474));
#1320 = CARTESIAN_POINT('',(1.294292112942,0.592982327014));
#1321 = CARTESIAN_POINT('',(1.302715260911,0.630252885318));
#1322 = CARTESIAN_POINT('',(1.311757124525,0.66733773479));
#1323 = CARTESIAN_POINT('',(1.321500840705,0.704244918573));
#1324 = CARTESIAN_POINT('',(1.342808750601,0.778459556353));
#1325 = CARTESIAN_POINT('',(1.354406110101,0.815761231219));
#1326 = CARTESIAN_POINT('',(1.366948265838,0.852895930428));
#1327 = CARTESIAN_POINT('',(1.380568559166,0.889874771293));
#1328 = CARTESIAN_POINT('',(1.39541540979,0.926710148854));
#1329 = CARTESIAN_POINT('',(1.41168903016,0.963415062041));
#1330 = CARTESIAN_POINT('',(1.429563194147,1.));
#1331 = ( GEOMETRIC_REPRESENTATION_CONTEXT(2) 
PARAMETRIC_REPRESENTATION_CONTEXT() REPRESENTATION_CONTEXT('2D SPACE',''
  ) );
#1332 = PCURVE('',#93,#1333);
#1333 = DEFINITIONAL_REPRESENTATION('',(#1334),#1361);
#1334 = B_SPLINE_CURVE_WITH_KNOTS('',7,(#1335,#1336,#1337,#1338,#1339,
    #1340,#1341,#1342,#1343,#1344,#1345,#1346,#1347,#1348,#1349,#1350,
    #1351,#1352,#1353,#1354,#1355,#1356,#1357,#1358,#1359,#1360),
  .UNSPECIFIED.,.F.,.F.,(8,6,6,6,8),(0.,0.229432314751,0.465540906057,
    0.730107600858,1.),.UNSPECIFIED.);
#1335 = CARTESIAN_POINT('',(-4.001067435399E-02,0.));
#1336 = CARTESIAN_POINT('',(-7.311019484292E-02,-1.847037990936));
#1337 = CARTESIAN_POINT('',(-0.106435210044,-3.704234378164));
#1338 = CARTESIAN_POINT('',(-0.139989308265,-5.5715266165));
#1339 = CARTESIAN_POINT('',(-0.173777089599,-7.448857683867));
#1340 = CARTESIAN_POINT('',(-0.2078039879,-9.336163009034));
#1341 = CARTESIAN_POINT('',(-0.242076259657,-11.23335125734));
#1342 = CARTESIAN_POINT('',(-0.312130663214,-15.10269659419));
#1343 = CARTESIAN_POINT('',(-0.347928311198,-17.07546158789));
#1344 = CARTESIAN_POINT('',(-0.38400176705,-19.05840827955));
#1345 = CARTESIAN_POINT('',(-0.420361122401,-21.05137879978));
#1346 = CARTESIAN_POINT('',(-0.457018969783,-23.05420286966));
#1347 = CARTESIAN_POINT('',(-0.493991310311,-25.06667132463));
#1348 = CARTESIAN_POINT('',(-0.573103961491,-29.35402629289));
#1349 = CARTESIAN_POINT('',(-0.615331332248,-31.63136822063));
#1350 = CARTESIAN_POINT('',(-0.658010124504,-33.92010802086));
#1351 = CARTESIAN_POINT('',(-0.701181747025,-36.21984540415));
#1352 = CARTESIAN_POINT('',(-0.74489984264,-38.53015703546));
#1353 = CARTESIAN_POINT('',(-0.789242187362,-40.85054245755));
#1354 = CARTESIAN_POINT('',(-0.880335380666,-45.55707623165));
#1355 = CARTESIAN_POINT('',(-0.927117534775,-47.9436791027));
#1356 = CARTESIAN_POINT('',(-0.974821665849,-50.33948278237));
#1357 = CARTESIAN_POINT('',(-1.023623880292,-52.74381933246));
#1358 = CARTESIAN_POINT('',(-1.073857075685,-55.15595671666));
#1359 = CARTESIAN_POINT('',(-1.125918819961,-57.57506046712));
#1360 = CARTESIAN_POINT('',(-1.180929140607,-60.));
#1361 = ( GEOMETRIC_REPRESENTATION_CONTEXT(2) 
PARAMETRIC_REPRESENTATION_CONTEXT() REPRESENTATION_CONTEXT('2D SPACE',''
  ) );
#1362 = ORIENTED_EDGE('',*,*,#1363,.T.);
#1363 = EDGE_CURVE('',#1272,#1364,#1366,.T.);
#1364 = VERTEX_POINT('',#1365);
#1365 = CARTESIAN_POINT('',(65.,2.,0.));
#1366 = SURFACE_CURVE('',#1367,(#1370,#1377),.PCURVE_S1.);
#1367 = B_SPLINE_CURVE_WITH_KNOTS('',1,(#1368,#1369),.UNSPECIFIED.,.F.,
  .F.,(2,2),(1.,2.),.PIECEWISE_BEZIER_KNOTS.);
#1368 = CARTESIAN_POINT('',(46.,2.,0.));
#1369 = CARTESIAN_POINT('',(65.,2.,0.));
#1370 = PCURVE('',#42,#1371);
#1371 = DEFINITIONAL_REPRESENTATION('',(#1372),#1376);
#1372 = LINE('',#1373,#1374);
#1373 = CARTESIAN_POINT('',(0.,0.));
#1374 = VECTOR('',#1375,1.);
#1375 = DIRECTION('',(1.,0.));
#1376 = ( GEOMETRIC_REPRESENTATION_CONTEXT(2) 
PARAMETRIC_REPRESENTATION_CONTEXT() REPRESENTATION_CONTEXT('2D SPACE',''
  ) );
#1377 = PCURVE('',#1378,#1383);
#1378 = PLANE('',#1379);
#1379 = AXIS2_PLACEMENT_3D('',#1380,#1381,#1382);
#1380 = CARTESIAN_POINT('',(0.,0.,0.));
#1381 = DIRECTION('',(0.,0.,1.));
#1382 = DIRECTION('',(1.,0.,0.));
#1383 = DEFINITIONAL_REPRESENTATION('',(#1384),#1387);
#1384 = B_SPLINE_CURVE_WITH_KNOTS('',1,(#1385,#1386),.UNSPECIFIED.,.F.,
  .F.,(2,2),(1.,2.),.PIECEWISE_BEZIER_KNOTS.);
#1385 = CARTESIAN_POINT('',(46.,2.));
#1386 = CARTESIAN_POINT('',(65.,2.));
#1387 = ( GEOMETRIC_REPRESENTATION_CONTEXT(2) 
PARAMETRIC_REPRESENTATION_CONTEXT() REPRESENTATION_CONTEXT('2D SPACE',''
  ) );
#1388 = ORIENTED_EDGE('',*,*,#1389,.T.);
#1389 = EDGE_CURVE('',#1364,#24,#1390,.T.);
#1390 = SURFACE_CURVE('',#1391,(#1405,#1412),.PCURVE_S1.);
#1391 = ( BOUNDED_CURVE() B_SPLINE_CURVE(7,(#1392,#1393,#1394,#1395,
    #1396,#1397,#1398,#1399,#1400,#1401,#1402,#1403,#1404),
.UNSPECIFIED.,.F.,.F.) B_SPLINE_CURVE_WITH_KNOTS((8,5,8),(0.,
0.528295033397,1.),.UNSPECIFIED.) CURVE() GEOMETRIC_REPRESENTATION_ITEM(
) RATIONAL_B_SPLINE_CURVE((1.,1.,1.,1.,1.,1.,1.,1.,1.,1.,1.,1.,1.)) 
REPRESENTATION_ITEM('') );
#1392 = CARTESIAN_POINT('',(65.,2.,0.));
#1393 = CARTESIAN_POINT('',(61.852729993313,6.548899176819,
    4.009735946893));
#1394 = CARTESIAN_POINT('',(58.265358096708,10.694618099436,
    8.107010349122));
#1395 = CARTESIAN_POINT('',(54.27938279817,14.36491517971,
    12.295077687986));
#1396 = CARTESIAN_POINT('',(49.952898072042,17.48826347634,
    16.576756995778));
#1397 = CARTESIAN_POINT('',(45.363135933027,19.997614293713,
    20.954091505759));
#1398 = CARTESIAN_POINT('',(36.366107270616,23.482374258685,
    29.421887460285));
#1399 = CARTESIAN_POINT('',(27.204897055238,24.463580048179,
    38.226846193522));
#1400 = CARTESIAN_POINT('',(22.930641159327,24.347720176249,
    42.453746762775));
#1401 = CARTESIAN_POINT('',(18.798205229696,23.646771945067,
    46.751113780913));
#1402 = CARTESIAN_POINT('',(14.910797695936,22.375449293358,
    51.113702778626));
#1403 = CARTESIAN_POINT('',(11.371094074972,20.577074707318,
    55.53346234352));
#1404 = CARTESIAN_POINT('',(8.267949192431,18.320508075689,60.));
#1405 = PCURVE('',#42,#1406);
#1406 = DEFINITIONAL_REPRESENTATION('',(#1407),#1411);
#1407 = LINE('',#1408,#1409);
#1408 = CARTESIAN_POINT('',(2.,0.));
#1409 = VECTOR('',#1410,1.);
#1410 = DIRECTION('',(0.,1.));
#1411 = ( GEOMETRIC_REPRESENTATION_CONTEXT(2) 
PARAMETRIC_REPRESENTATION_CONTEXT() REPRESENTATION_CONTEXT('2D SPACE',''
  ) );
#1412 = PCURVE('',#1203,#1413);
#1413 = DEFINITIONAL_REPRESENTATION('',(#1414),#1418);
#1414 = LINE('',#1415,#1416);
#1415 = CARTESIAN_POINT('',(2.,0.));
#1416 = VECTOR('',#1417,1.);
#1417 = DIRECTION('',(0.,1.));
#1418 = ( GEOMETRIC_REPRESENTATION_CONTEXT(2) 
PARAMETRIC_REPRESENTATION_CONTEXT() REPRESENTATION_CONTEXT('2D SPACE',''
  ) );
#1419 = ORIENTED_EDGE('',*,*,#21,.F.);
#1420 = ADVANCED_FACE('',(#1421),#1203,.F.);
#1421 = FACE_BOUND('',#1422,.F.);
#1422 = EDGE_LOOP('',(#1423,#1444,#1475,#1476));
#1423 = ORIENTED_EDGE('',*,*,#1424,.T.);
#1424 = EDGE_CURVE('',#1364,#1425,#1427,.T.);
#1425 = VERTEX_POINT('',#1426);
#1426 = CARTESIAN_POINT('',(65.,-2.,0.));
#1427 = SURFACE_CURVE('',#1428,(#1431,#1438),.PCURVE_S1.);
#1428 = B_SPLINE_CURVE_WITH_KNOTS('',1,(#1429,#1430),.UNSPECIFIED.,.F.,
  .F.,(2,2),(2.,3.),.PIECEWISE_BEZIER_KNOTS.);
#1429 = CARTESIAN_POINT('',(65.,2.,0.));
#1430 = CARTESIAN_POINT('',(65.,-2.,0.));
#1431 = PCURVE('',#1203,#1432);
#1432 = DEFINITIONAL_REPRESENTATION('',(#1433),#1437);
#1433 = LINE('',#1434,#1435);
#1434 = CARTESIAN_POINT('',(0.,0.));
#1435 = VECTOR('',#1436,1.);
#1436 = DIRECTION('',(1.,0.));
#1437 = ( GEOMETRIC_REPRESENTATION_CONTEXT(2) 
PARAMETRIC_REPRESENTATION_CONTEXT() REPRESENTATION_CONTEXT('2D SPACE',''
  ) );
#1438 = PCURVE('',#1378,#1439);
#1439 = DEFINITIONAL_REPRESENTATION('',(#1440),#1443);
#1440 = B_SPLINE_CURVE_WITH_KNOTS('',1,(#1441,#1442),.UNSPECIFIED.,.F.,
  .F.,(2,2),(2.,3.),.PIECEWISE_BEZIER_KNOTS.);
#1441 = CARTESIAN_POINT('',(65.,2.));
#1442 = CARTESIAN_POINT('',(65.,-2.));
#1443 = ( GEOMETRIC_REPRESENTATION_CONTEXT(2) 
PARAMETRIC_REPRESENTATION_CONTEXT() REPRESENTATION_CONTEXT('2D SPACE',''
  ) );
#1444 = ORIENTED_EDGE('',*,*,#1445,.T.);
#1445 = EDGE_CURVE('',#1425,#1144,#1446,.T.);
#1446 = SURFACE_CURVE('',#1447,(#1461,#1468),.PCURVE_S1.);
#1447 = ( BOUNDED_CURVE() B_SPLINE_CURVE(7,(#1448,#1449,#1450,#1451,
    #1452,#1453,#1454,#1455,#1456,#1457,#1458,#1459,#1460),
.UNSPECIFIED.,.F.,.F.) B_SPLINE_CURVE_WITH_KNOTS((8,5,8),(0.,
0.528295033397,1.),.UNSPECIFIED.) CURVE() GEOMETRIC_REPRESENTATION_ITEM(
) RATIONAL_B_SPLINE_CURVE((1.,1.,1.,1.,1.,1.,1.,1.,1.,1.,1.,1.,1.)) 
REPRESENTATION_ITEM('') );
#1448 = CARTESIAN_POINT('',(65.,-2.,0.));
#1449 = CARTESIAN_POINT('',(62.132662416085,2.548899230583,
    4.009735946893));
#1450 = CARTESIAN_POINT('',(58.83133400197,6.717473490202,8.107010349122
    ));
#1451 = CARTESIAN_POINT('',(55.135502272759,10.435278914899,
    12.295077687986));
#1452 = CARTESIAN_POINT('',(51.100776014313,13.632477251268,
    16.576756995778));
#1453 = CARTESIAN_POINT('',(46.801367330015,16.243482335058,
    20.954091505759));
#1454 = CARTESIAN_POINT('',(38.344391296803,19.975161575114,
    29.421887460285));
#1455 = CARTESIAN_POINT('',(29.690495863504,21.30708510481,
    38.226846193522));
#1456 = CARTESIAN_POINT('',(25.6453459627,21.379883761028,
    42.453746762775));
#1457 = CARTESIAN_POINT('',(21.728624781902,20.890430146329,
    46.751113780913));
#1458 = CARTESIAN_POINT('',(18.040149184171,19.852363848794,
    51.113702778626));
#1459 = CARTESIAN_POINT('',(14.679284006705,18.307027939445,
    55.53346234352));
#1460 = CARTESIAN_POINT('',(11.732050807569,16.320508075689,60.));
#1461 = PCURVE('',#1203,#1462);
#1462 = DEFINITIONAL_REPRESENTATION('',(#1463),#1467);
#1463 = LINE('',#1464,#1465);
#1464 = CARTESIAN_POINT('',(3.,0.));
#1465 = VECTOR('',#1466,1.);
#1466 = DIRECTION('',(0.,1.));
#1467 = ( GEOMETRIC_REPRESENTATION_CONTEXT(2) 
PARAMETRIC_REPRESENTATION_CONTEXT() REPRESENTATION_CONTEXT('2D SPACE',''
  ) );
#1468 = PCURVE('',#1157,#1469);
#1469 = DEFINITIONAL_REPRESENTATION('',(#1470),#1474);
#1470 = LINE('',#1471,#1472);
#1471 = CARTESIAN_POINT('',(3.,0.));
#1472 = VECTOR('',#1473,1.);
#1473 = DIRECTION('',(0.,1.));
#1474 = ( GEOMETRIC_REPRESENTATION_CONTEXT(2) 
PARAMETRIC_REPRESENTATION_CONTEXT() REPRESENTATION_CONTEXT('2D SPACE',''
  ) );
#1475 = ORIENTED_EDGE('',*,*,#1191,.F.);
#1476 = ORIENTED_EDGE('',*,*,#1389,.F.);
#1477 = ADVANCED_FACE('',(#1478),#1157,.F.);
#1478 = FACE_BOUND('',#1479,.F.);
#1479 = EDGE_LOOP('',(#1480,#1481,#1502,#1638));
#1480 = ORIENTED_EDGE('',*,*,#1445,.F.);
#1481 = ORIENTED_EDGE('',*,*,#1482,.T.);
#1482 = EDGE_CURVE('',#1425,#1483,#1485,.T.);
#1483 = VERTEX_POINT('',#1484);
#1484 = CARTESIAN_POINT('',(49.959983987187,-2.,0.));
#1485 = SURFACE_CURVE('',#1486,(#1489,#1496),.PCURVE_S1.);
#1486 = B_SPLINE_CURVE_WITH_KNOTS('',1,(#1487,#1488),.UNSPECIFIED.,.F.,
  .F.,(2,2),(3.,4.),.PIECEWISE_BEZIER_KNOTS.);
#1487 = CARTESIAN_POINT('',(65.,-2.,0.));
#1488 = CARTESIAN_POINT('',(46.,-2.,0.));
#1489 = PCURVE('',#1157,#1490);
#1490 = DEFINITIONAL_REPRESENTATION('',(#1491),#1495);
#1491 = LINE('',#1492,#1493);
#1492 = CARTESIAN_POINT('',(0.,0.));
#1493 = VECTOR('',#1494,1.);
#1494 = DIRECTION('',(1.,0.));
#1495 = ( GEOMETRIC_REPRESENTATION_CONTEXT(2) 
PARAMETRIC_REPRESENTATION_CONTEXT() REPRESENTATION_CONTEXT('2D SPACE',''
  ) );
#1496 = PCURVE('',#1378,#1497);
#1497 = DEFINITIONAL_REPRESENTATION('',(#1498),#1501);
#1498 = B_SPLINE_CURVE_WITH_KNOTS('',1,(#1499,#1500),.UNSPECIFIED.,.F.,
  .F.,(2,2),(3.,4.),.PIECEWISE_BEZIER_KNOTS.);
#1499 = CARTESIAN_POINT('',(65.,-2.));
#1500 = CARTESIAN_POINT('',(46.,-2.));
#1501 = ( GEOMETRIC_REPRESENTATION_CONTEXT(2) 
PARAMETRIC_REPRESENTATION_CONTEXT() REPRESENTATION_CONTEXT('2D SPACE',''
  ) );
#1502 = ORIENTED_EDGE('',*,*,#1503,.F.);
#1503 = EDGE_CURVE('',#1115,#1483,#1504,.T.);
#1504 = SURFACE_CURVE('',#1505,(#1536,#1587),.PCURVE_S1.);
#1505 = B_SPLINE_CURVE_WITH_KNOTS('',7,(#1506,#1507,#1508,#1509,#1510,
    #1511,#1512,#1513,#1514,#1515,#1516,#1517,#1518,#1519,#1520,#1521,
    #1522,#1523,#1524,#1525,#1526,#1527,#1528,#1529,#1530,#1531,#1532,
    #1533,#1534,#1535),.UNSPECIFIED.,.F.,.F.,(8,6,6,6,4,8),(0.,
    0.262014493467,0.519761347726,0.763254845148,1.,1.043593233692),
  .UNSPECIFIED.);
#1506 = CARTESIAN_POINT('',(9.165085181228,11.874393189584,60.));
#1507 = CARTESIAN_POINT('',(10.298147914458,12.664582164599,
    57.740842165814));
#1508 = CARTESIAN_POINT('',(11.516626511456,13.368069087868,
    55.487009072914));
#1509 = CARTESIAN_POINT('',(12.813191224609,13.978403258174,
    53.239388927521));
#1510 = CARTESIAN_POINT('',(14.179739396545,14.489550055301,
    50.998673702532));
#1511 = CARTESIAN_POINT('',(15.607632908586,14.896387564026,
    48.765474153528));
#1512 = CARTESIAN_POINT('',(17.087828110611,15.194691587548,
    46.540350411176));
#1513 = CARTESIAN_POINT('',(20.109403909478,15.564753351959,
    42.143477401824));
#1514 = CARTESIAN_POINT('',(21.649425523783,15.640125404507,
    39.971405083304));
#1515 = CARTESIAN_POINT('',(23.222229528598,15.604279583561,
    37.808181024691));
#1516 = CARTESIAN_POINT('',(24.818784576005,15.455077793526,
    35.654236564488));
#1517 = CARTESIAN_POINT('',(26.430022404637,15.191305764951,
    33.509944010504));
#1518 = CARTESIAN_POINT('',(28.046951355157,14.81265061252,
    31.375653199218));
#1519 = CARTESIAN_POINT('',(31.185296168479,13.853955639723,
    27.245240060183));
#1520 = CARTESIAN_POINT('',(32.707079766419,13.28620080949,
    25.247964314239));
#1521 = CARTESIAN_POINT('',(34.218663661885,12.616868286769,
    23.260182666679));
#1522 = CARTESIAN_POINT('',(35.712807717088,11.847093763616,
    21.282115743826));
#1523 = CARTESIAN_POINT('',(37.182527295948,10.978628038532,
    19.31394528286));
#1524 = CARTESIAN_POINT('',(38.621143867334,10.01378670758,
    17.355838704423));
#1525 = CARTESIAN_POINT('',(41.384668363751,7.926365212092,
    13.514081755164));
#1526 = CARTESIAN_POINT('',(42.711643482724,6.808882225267,
    11.629843226796));
#1527 = CARTESIAN_POINT('',(43.997429750973,5.605561474812,
    9.755402723587));
#1528 = CARTESIAN_POINT('',(45.236557293666,4.319439793851,
    7.890859877205));
#1529 = CARTESIAN_POINT('',(46.642561303694,2.702490705888,
    5.694793886597));
#1530 = CARTESIAN_POINT('',(47.969371318813,0.979473147001,
    3.512799840966));
#1531 = CARTESIAN_POINT('',(49.209817722568,-0.842926721517,
    1.344977852267));
#1532 = CARTESIAN_POINT('',(49.400595475362,-1.128692301803,
    1.008219009438));
#1533 = CARTESIAN_POINT('',(49.589232694047,-1.416810382733,
    0.671802944531));
#1534 = CARTESIAN_POINT('',(49.775703875488,-1.707255025545,
    0.335729875814));
#1535 = CARTESIAN_POINT('',(49.959983987187,-2.,-8.881784197001E-16));
#1536 = PCURVE('',#1157,#1537);
#1537 = DEFINITIONAL_REPRESENTATION('',(#1538),#1586);
#1538 = B_SPLINE_CURVE_WITH_KNOTS('',3,(#1539,#1540,#1541,#1542,#1543,
    #1544,#1545,#1546,#1547,#1548,#1549,#1550,#1551,#1552,#1553,#1554,
    #1555,#1556,#1557,#1558,#1559,#1560,#1561,#1562,#1563,#1564,#1565,
    #1566,#1567,#1568,#1569,#1570,#1571,#1572,#1573,#1574,#1575,#1576,
    #1577,#1578,#1579,#1580,#1581,#1582,#1583,#1584,#1585),
  .UNSPECIFIED.,.F.,.F.,(4,1,1,1,1,1,1,1,1,1,1,1,1,1,1,1,1,1,1,1,1,1,1,1
    ,1,1,1,1,1,1,1,1,1,1,1,1,1,1,1,1,1,1,1,1,4),(0.,2.371802803847E-02,
    4.743605607693E-02,7.11540841154E-02,9.487211215386E-02,
    0.118590140192,0.142308168231,0.166026196269,0.189744224308,
    0.213462252346,0.237180280385,0.260898308423,0.284616336462,
    0.3083343645,0.332052392539,0.355770420577,0.379488448615,
    0.403206476654,0.426924504692,0.450642532731,0.474360560769,
    0.498078588808,0.521796616846,0.545514644885,0.569232672923,
    0.592950700962,0.616668729,0.640386757039,0.664104785077,
    0.687822813116,0.711540841154,0.735258869192,0.758976897231,
    0.782694925269,0.806412953308,0.830130981346,0.853849009385,
    0.877567037423,0.901285065462,0.9250030935,0.948721121539,
    0.972439149577,0.996157177616,1.019875205654,1.043593233692),
  .QUASI_UNIFORM_KNOTS.);
#1539 = CARTESIAN_POINT('',(3.570436805853,1.));
#1540 = CARTESIAN_POINT('',(3.573954072963,0.992800898648));
#1541 = CARTESIAN_POINT('',(3.58082890966,0.978391216347));
#1542 = CARTESIAN_POINT('',(3.590684837974,0.956740788566));
#1543 = CARTESIAN_POINT('',(3.600107235948,0.935053005565));
#1544 = CARTESIAN_POINT('',(3.609118793005,0.913326365179));
#1545 = CARTESIAN_POINT('',(3.6177415691,0.891559358605));
#1546 = CARTESIAN_POINT('',(3.625996776559,0.869750482418));
#1547 = CARTESIAN_POINT('',(3.63390462939,0.847898257035));
#1548 = CARTESIAN_POINT('',(3.641484281032,0.82600123997));
#1549 = CARTESIAN_POINT('',(3.648753807854,0.804058043262));
#1550 = CARTESIAN_POINT('',(3.655730226816,0.782067331521));
#1551 = CARTESIAN_POINT('',(3.662429503597,0.760027888748));
#1552 = CARTESIAN_POINT('',(3.668866629208,0.73793842903));
#1553 = CARTESIAN_POINT('',(3.675055689161,0.715797674385));
#1554 = CARTESIAN_POINT('',(3.681009814028,0.693604583294));
#1555 = CARTESIAN_POINT('',(3.686741325028,0.671358080147));
#1556 = CARTESIAN_POINT('',(3.692261766142,0.649057139745));
#1557 = CARTESIAN_POINT('',(3.697581959872,0.626700776663));
#1558 = CARTESIAN_POINT('',(3.702712051457,0.604288060332));
#1559 = CARTESIAN_POINT('',(3.70766155256,0.581818120932));
#1560 = CARTESIAN_POINT('',(3.712439380501,0.559290164707));
#1561 = CARTESIAN_POINT('',(3.717053900977,0.536703458867));
#1562 = CARTESIAN_POINT('',(3.721512947937,0.514057426313));
#1563 = CARTESIAN_POINT('',(3.725823918781,0.491351323692));
#1564 = CARTESIAN_POINT('',(3.729993769246,0.468584510078));
#1565 = CARTESIAN_POINT('',(3.734029024544,0.445756509604));
#1566 = CARTESIAN_POINT('',(3.737935839424,0.422866832377));
#1567 = CARTESIAN_POINT('',(3.741720013006,0.399915032356));
#1568 = CARTESIAN_POINT('',(3.745387013502,0.376900701499));
#1569 = CARTESIAN_POINT('',(3.74894199843,0.353823480156));
#1570 = CARTESIAN_POINT('',(3.752389834217,0.330683064831));
#1571 = CARTESIAN_POINT('',(3.755735115765,0.307479209186));
#1572 = CARTESIAN_POINT('',(3.758982181718,0.284211753999));
#1573 = CARTESIAN_POINT('',(3.762135144192,0.260880547588));
#1574 = CARTESIAN_POINT('',(3.765197915184,0.23748532013));
#1575 = CARTESIAN_POINT('',(3.7681741736,0.214026050628));
#1576 = CARTESIAN_POINT('',(3.771067415641,0.190502672328));
#1577 = CARTESIAN_POINT('',(3.773880956868,0.166915154791));
#1578 = CARTESIAN_POINT('',(3.776617944632,0.143263489981));
#1579 = CARTESIAN_POINT('',(3.779281366608,0.119547703538));
#1580 = CARTESIAN_POINT('',(3.781874059614,9.576785792029E-02));
#1581 = CARTESIAN_POINT('',(3.784398719135,7.192405871134E-02));
#1582 = CARTESIAN_POINT('',(3.78685790599,4.801645135831E-02));
#1583 = CARTESIAN_POINT('',(3.789254065827,2.404524704223E-02));
#1584 = CARTESIAN_POINT('',(3.790811032656,8.022120687363E-03));
#1585 = CARTESIAN_POINT('',(3.791579790148,0.));
#1586 = ( GEOMETRIC_REPRESENTATION_CONTEXT(2) 
PARAMETRIC_REPRESENTATION_CONTEXT() REPRESENTATION_CONTEXT('2D SPACE',''
  ) );
#1587 = PCURVE('',#1131,#1588);
#1588 = DEFINITIONAL_REPRESENTATION('',(#1589),#1637);
#1589 = B_SPLINE_CURVE_WITH_KNOTS('',3,(#1590,#1591,#1592,#1593,#1594,
    #1595,#1596,#1597,#1598,#1599,#1600,#1601,#1602,#1603,#1604,#1605,
    #1606,#1607,#1608,#1609,#1610,#1611,#1612,#1613,#1614,#1615,#1616,
    #1617,#1618,#1619,#1620,#1621,#1622,#1623,#1624,#1625,#1626,#1627,
    #1628,#1629,#1630,#1631,#1632,#1633,#1634,#1635,#1636),
  .UNSPECIFIED.,.F.,.F.,(4,1,1,1,1,1,1,1,1,1,1,1,1,1,1,1,1,1,1,1,1,1,1,1
    ,1,1,1,1,1,1,1,1,1,1,1,1,1,1,1,1,1,1,1,1,4),(0.,2.371802803847E-02,
    4.743605607693E-02,7.11540841154E-02,9.487211215386E-02,
    0.118590140192,0.142308168231,0.166026196269,0.189744224308,
    0.213462252346,0.237180280385,0.260898308423,0.284616336462,
    0.3083343645,0.332052392539,0.355770420577,0.379488448615,
    0.403206476654,0.426924504692,0.450642532731,0.474360560769,
    0.498078588808,0.521796616846,0.545514644885,0.569232672923,
    0.592950700962,0.616668729,0.640386757039,0.664104785077,
    0.687822813116,0.711540841154,0.735258869192,0.758976897231,
    0.782694925269,0.806412953308,0.830130981346,0.853849009385,
    0.877567037423,0.901285065462,0.9250030935,0.948721121539,
    0.972439149577,0.996157177616,1.019875205654,1.043593233692),
  .QUASI_UNIFORM_KNOTS.);
#1590 = CARTESIAN_POINT('',(-7.196651268966,-60.));
#1591 = CARTESIAN_POINT('',(-7.190817524153,-59.5228253938));
#1592 = CARTESIAN_POINT('',(-7.178884828834,-58.56908997686));
#1593 = CARTESIAN_POINT('',(-7.160295398406,-57.14045119352));
#1594 = CARTESIAN_POINT('',(-7.141128857097,-55.71390295963));
#1595 = CARTESIAN_POINT('',(-7.121470317168,-54.28956010194));
#1596 = CARTESIAN_POINT('',(-7.101392193664,-52.86753168557));
#1597 = CARTESIAN_POINT('',(-7.080954361585,-51.44792091318));
#1598 = CARTESIAN_POINT('',(-7.060207366415,-50.03082640917));
#1599 = CARTESIAN_POINT('',(-7.039194051824,-48.61634294871));
#1600 = CARTESIAN_POINT('',(-7.017951053825,-47.20456255059));
#1601 = CARTESIAN_POINT('',(-6.996509896009,-45.79557430877));
#1602 = CARTESIAN_POINT('',(-6.9748979418,-44.38946856383));
#1603 = CARTESIAN_POINT('',(-6.953138916096,-42.98632460743));
#1604 = CARTESIAN_POINT('',(-6.931253533353,-41.58621610033));
#1605 = CARTESIAN_POINT('',(-6.909260192246,-40.18922520172));
#1606 = CARTESIAN_POINT('',(-6.887175079363,-38.79542546982));
#1607 = CARTESIAN_POINT('',(-6.86501255898,-37.40488732226));
#1608 = CARTESIAN_POINT('',(-6.842785417071,-36.01767741257));
#1609 = CARTESIAN_POINT('',(-6.820505088961,-34.63385962243));
#1610 = CARTESIAN_POINT('',(-6.798181843913,-33.25349546563));
#1611 = CARTESIAN_POINT('',(-6.775824951508,-31.87664506787));
#1612 = CARTESIAN_POINT('',(-6.7534427943,-30.50336631081));
#1613 = CARTESIAN_POINT('',(-6.731043073506,-29.13372065921));
#1614 = CARTESIAN_POINT('',(-6.708632573767,-27.76775368742));
#1615 = CARTESIAN_POINT('',(-6.686217507137,-26.40551168207));
#1616 = CARTESIAN_POINT('',(-6.663803654613,-25.04704526887));
#1617 = CARTESIAN_POINT('',(-6.641396243812,-23.69239880118));
#1618 = CARTESIAN_POINT('',(-6.619000058917,-22.34161399112));
#1619 = CARTESIAN_POINT('',(-6.596619479663,-20.99472968805));
#1620 = CARTESIAN_POINT('',(-6.57425853136,-19.65178262086));
#1621 = CARTESIAN_POINT('',(-6.551920927521,-18.31280796165));
#1622 = CARTESIAN_POINT('',(-6.529610102053,-16.97783949086));
#1623 = CARTESIAN_POINT('',(-6.507329265744,-15.64691141231));
#1624 = CARTESIAN_POINT('',(-6.485081354623,-14.32005386995));
#1625 = CARTESIAN_POINT('',(-6.462868933277,-12.99728609476));
#1626 = CARTESIAN_POINT('',(-6.440694564692,-11.67863734093));
#1627 = CARTESIAN_POINT('',(-6.41856054644,-10.36413021757));
#1628 = CARTESIAN_POINT('',(-6.396469005622,-9.053785548555));
#1629 = CARTESIAN_POINT('',(-6.374421900064,-7.747621720492));
#1630 = CARTESIAN_POINT('',(-6.352421042295,-6.445655454466));
#1631 = CARTESIAN_POINT('',(-6.330468114289,-5.147902089196));
#1632 = CARTESIAN_POINT('',(-6.308564685612,-3.854376049908));
#1633 = CARTESIAN_POINT('',(-6.286712217366,-2.565090676321));
#1634 = CARTESIAN_POINT('',(-6.264912110681,-1.280059997196));
#1635 = CARTESIAN_POINT('',(-6.250414378031,-0.42621255748));
#1636 = CARTESIAN_POINT('',(-6.243174632826,-2.429835262185E-15));
#1637 = ( GEOMETRIC_REPRESENTATION_CONTEXT(2) 
PARAMETRIC_REPRESENTATION_CONTEXT() REPRESENTATION_CONTEXT('2D SPACE',''
  ) );
#1638 = ORIENTED_EDGE('',*,*,#1143,.F.);
#1639 = ADVANCED_FACE('',(#1640),#1131,.T.);
#1640 = FACE_BOUND('',#1641,.T.);
#1641 = EDGE_LOOP('',(#1642,#1643,#1644,#1775));
#1642 = ORIENTED_EDGE('',*,*,#1503,.F.);
#1643 = ORIENTED_EDGE('',*,*,#1114,.F.);
#1644 = ORIENTED_EDGE('',*,*,#1645,.T.);
#1645 = EDGE_CURVE('',#1067,#1646,#1648,.T.);
#1646 = VERTEX_POINT('',#1647);
#1647 = CARTESIAN_POINT('',(32.713203481973,-37.81330874106,0.));
#1648 = SURFACE_CURVE('',#1649,(#1673,#1724),.PCURVE_S1.);
#1649 = B_SPLINE_CURVE_WITH_KNOTS('',8,(#1650,#1651,#1652,#1653,#1654,
    #1655,#1656,#1657,#1658,#1659,#1660,#1661,#1662,#1663,#1664,#1665,
    #1666,#1667,#1668,#1669,#1670,#1671,#1672),.UNSPECIFIED.,.F.,.F.,(9,
    7,7,9),(0.,1.,2.841848608211,4.599379432167),.UNSPECIFIED.);
#1650 = CARTESIAN_POINT('',(14.401942509778,4.193334227681,60.));
#1651 = CARTESIAN_POINT('',(15.521881556668,3.913628511398,
    58.290697346972));
#1652 = CARTESIAN_POINT('',(16.634160560817,3.562082721674,
    56.584244902544));
#1653 = CARTESIAN_POINT('',(17.734705284553,3.139364924187,
    54.881004003392));
#1654 = CARTESIAN_POINT('',(18.819398509934,2.646396286577,
    53.181276407911));
#1655 = CARTESIAN_POINT('',(19.88418033107,2.084374773833,
    51.485330222504));
#1656 = CARTESIAN_POINT('',(20.925093505414,1.454771814459,
    49.793413089944));
#1657 = CARTESIAN_POINT('',(21.938306508804,0.75931876494,
    48.105760270622));
#1658 = CARTESIAN_POINT('',(24.728548368786,-1.398550210393,
    43.322488510652));
#1659 = CARTESIAN_POINT('',(26.430640974247,-3.013851079969,
    40.237424541489));
#1660 = CARTESIAN_POINT('',(28.003320789793,-4.833464677483,
    37.169091177722));
#1661 = CARTESIAN_POINT('',(29.425603047009,-6.842161362823,
    34.118649865359));
#1662 = CARTESIAN_POINT('',(30.679008352291,-9.022522386359,
    31.087005190202));
#1663 = CARTESIAN_POINT('',(31.747713710543,-11.35533247153,
    28.074939173202));
#1664 = CARTESIAN_POINT('',(32.618654429321,-13.82002513751,
    25.083273133205));
#1665 = CARTESIAN_POINT('',(33.914381477843,-18.85206166412,
    19.278657407361));
#1666 = CARTESIAN_POINT('',(34.357842871615,-21.40983759739,
    16.463454870968));
#1667 = CARTESIAN_POINT('',(34.603219256903,-24.04968078364,
    13.668096703044));
#1668 = CARTESIAN_POINT('',(34.644115030458,-26.75250264982,
    10.892999183113));
#1669 = CARTESIAN_POINT('',(34.476453277951,-29.4991178778,
    8.138418391391));
#1670 = CARTESIAN_POINT('',(34.098321974282,-32.27049622382,
    5.404556977377));
#1671 = CARTESIAN_POINT('',(33.509856512375,-35.04795070248,
    2.69164335767));
#1672 = CARTESIAN_POINT('',(32.713203481973,-37.81330874106,
    -7.223855091715E-16));
#1673 = PCURVE('',#1131,#1674);
#1674 = DEFINITIONAL_REPRESENTATION('',(#1675),#1723);
#1675 = B_SPLINE_CURVE_WITH_KNOTS('',3,(#1676,#1677,#1678,#1679,#1680,
    #1681,#1682,#1683,#1684,#1685,#1686,#1687,#1688,#1689,#1690,#1691,
    #1692,#1693,#1694,#1695,#1696,#1697,#1698,#1699,#1700,#1701,#1702,
    #1703,#1704,#1705,#1706,#1707,#1708,#1709,#1710,#1711,#1712,#1713,
    #1714,#1715,#1716,#1717,#1718,#1719,#1720,#1721,#1722),
  .UNSPECIFIED.,.F.,.F.,(4,1,1,1,1,1,1,1,1,1,1,1,1,1,1,1,1,1,1,1,1,1,1,1
    ,1,1,1,1,1,1,1,1,1,1,1,1,1,1,1,1,1,1,1,1,4),(0.,0.104531350731,
    0.209062701462,0.313594052193,0.418125402924,0.522656753655,
    0.627188104386,0.731719455118,0.836250805849,0.94078215658,
    1.045313507311,1.149844858042,1.254376208773,1.358907559504,
    1.463438910235,1.567970260966,1.672501611697,1.777032962428,
    1.881564313159,1.98609566389,2.090627014622,2.195158365353,
    2.299689716084,2.404221066815,2.508752417546,2.613283768277,
    2.717815119008,2.822346469739,2.92687782047,3.031409171201,
    3.135940521932,3.240471872663,3.345003223394,3.449534574126,
    3.554065924857,3.658597275588,3.763128626319,3.86765997705,
    3.972191327781,4.076722678512,4.181254029243,4.285785379974,
    4.390316730705,4.494848081436,4.599379432167),
  .QUASI_UNIFORM_KNOTS.);
#1676 = CARTESIAN_POINT('',(-6.56651654676,-60.));
#1677 = CARTESIAN_POINT('',(-6.555709710156,-59.52353062048));
#1678 = CARTESIAN_POINT('',(-6.534381269002,-58.57117630881));
#1679 = CARTESIAN_POINT('',(-6.503143791363,-57.14452055607));
#1680 = CARTESIAN_POINT('',(-6.472553082747,-55.71986625197));
#1681 = CARTESIAN_POINT('',(-6.442528388542,-54.29732736603));
#1682 = CARTESIAN_POINT('',(-6.413001380319,-52.87701209099));
#1683 = CARTESIAN_POINT('',(-6.383916003634,-51.4590228959));
#1684 = CARTESIAN_POINT('',(-6.355225326264,-50.04345779214));
#1685 = CARTESIAN_POINT('',(-6.326889958781,-48.63041179699));
#1686 = CARTESIAN_POINT('',(-6.29887656093,-47.21997576625));
#1687 = CARTESIAN_POINT('',(-6.271156921805,-45.81224501891));
#1688 = CARTESIAN_POINT('',(-6.243706138948,-44.40727103415));
#1689 = CARTESIAN_POINT('',(-6.216503701051,-43.0051525671));
#1690 = CARTESIAN_POINT('',(-6.1895317579,-41.60597605977));
#1691 = CARTESIAN_POINT('',(-6.16277479638,-40.20982248841));
#1692 = CARTESIAN_POINT('',(-6.136219253464,-38.81676659851));
#1693 = CARTESIAN_POINT('',(-6.109853234441,-37.42687810514));
#1694 = CARTESIAN_POINT('',(-6.083666272725,-36.04022230837));
#1695 = CARTESIAN_POINT('',(-6.057649133973,-34.65686081913));
#1696 = CARTESIAN_POINT('',(-6.031793652756,-33.27685221804));
#1697 = CARTESIAN_POINT('',(-6.006092596329,-31.90025269936));
#1698 = CARTESIAN_POINT('',(-5.98053955038,-30.52711669427));
#1699 = CARTESIAN_POINT('',(-5.955128822662,-29.15749746181));
#1700 = CARTESIAN_POINT('',(-5.92985536261,-27.79144770952));
#1701 = CARTESIAN_POINT('',(-5.904714690376,-26.42902001333));
#1702 = CARTESIAN_POINT('',(-5.879702849269,-25.07026789986));
#1703 = CARTESIAN_POINT('',(-5.8548163211,-23.71524437247));
#1704 = CARTESIAN_POINT('',(-5.8300521238,-22.36400989581));
#1705 = CARTESIAN_POINT('',(-5.805407267564,-21.01660500584));
#1706 = CARTESIAN_POINT('',(-5.78087807566,-19.67301532961));
#1707 = CARTESIAN_POINT('',(-5.756462494647,-18.33329951365));
#1708 = CARTESIAN_POINT('',(-5.732158275542,-16.9974916891));
#1709 = CARTESIAN_POINT('',(-5.707963410959,-15.66562658648));
#1710 = CARTESIAN_POINT('',(-5.683876004504,-14.33773361924));
#1711 = CARTESIAN_POINT('',(-5.65989429429,-13.01383924022));
#1712 = CARTESIAN_POINT('',(-5.636016636928,-11.69396704168));
#1713 = CARTESIAN_POINT('',(-5.612241503722,-10.37813842277));
#1714 = CARTESIAN_POINT('',(-5.588567475047,-9.066373069665));
#1715 = CARTESIAN_POINT('',(-5.564993236599,-7.75868945334));
#1716 = CARTESIAN_POINT('',(-5.541517576323,-6.45510529059));
#1717 = CARTESIAN_POINT('',(-5.518139382676,-5.155637990683));
#1718 = CARTESIAN_POINT('',(-5.494857642587,-3.860305062811));
#1719 = CARTESIAN_POINT('',(-5.471671444751,-2.569124571895));
#1720 = CARTESIAN_POINT('',(-5.448579967238,-1.28211532826));
#1721 = CARTESIAN_POINT('',(-5.433248340974,-0.426903771534));
#1722 = CARTESIAN_POINT('',(-5.425598080508,3.631499540721E-15));
#1723 = ( GEOMETRIC_REPRESENTATION_CONTEXT(2) 
PARAMETRIC_REPRESENTATION_CONTEXT() REPRESENTATION_CONTEXT('2D SPACE',''
  ) );
#1724 = PCURVE('',#1080,#1725);
#1725 = DEFINITIONAL_REPRESENTATION('',(#1726),#1774);
#1726 = B_SPLINE_CURVE_WITH_KNOTS('',3,(#1727,#1728,#1729,#1730,#1731,
    #1732,#1733,#1734,#1735,#1736,#1737,#1738,#1739,#1740,#1741,#1742,
    #1743,#1744,#1745,#1746,#1747,#1748,#1749,#1750,#1751,#1752,#1753,
    #1754,#1755,#1756,#1757,#1758,#1759,#1760,#1761,#1762,#1763,#1764,
    #1765,#1766,#1767,#1768,#1769,#1770,#1771,#1772,#1773),
  .UNSPECIFIED.,.F.,.F.,(4,1,1,1,1,1,1,1,1,1,1,1,1,1,1,1,1,1,1,1,1,1,1,1
    ,1,1,1,1,1,1,1,1,1,1,1,1,1,1,1,1,1,1,1,1,4),(0.,0.104531350731,
    0.209062701462,0.313594052193,0.418125402924,0.522656753655,
    0.627188104386,0.731719455118,0.836250805849,0.94078215658,
    1.045313507311,1.149844858042,1.254376208773,1.358907559504,
    1.463438910235,1.567970260966,1.672501611697,1.777032962428,
    1.881564313159,1.98609566389,2.090627014622,2.195158365353,
    2.299689716084,2.404221066815,2.508752417546,2.613283768277,
    2.717815119008,2.822346469739,2.92687782047,3.031409171201,
    3.135940521932,3.240471872663,3.345003223394,3.449534574126,
    3.554065924857,3.658597275588,3.763128626319,3.86765997705,
    3.972191327781,4.076722678512,4.181254029243,4.285785379974,
    4.390316730705,4.494848081436,4.599379432167),
  .QUASI_UNIFORM_KNOTS.);
#1727 = CARTESIAN_POINT('',(1.429563194147,1.));
#1728 = CARTESIAN_POINT('',(1.426051129627,0.992811538144));
#1729 = CARTESIAN_POINT('',(1.419186018619,0.978422753875));
#1730 = CARTESIAN_POINT('',(1.409342819521,0.956802523151));
#1731 = CARTESIAN_POINT('',(1.399931481888,0.935143782576));
#1732 = CARTESIAN_POINT('',(1.390929467224,0.913445016709));
#1733 = CARTESIAN_POINT('',(1.382314861225,0.891704702057));
#1734 = CARTESIAN_POINT('',(1.374066587529,0.869921321094));
#1735 = CARTESIAN_POINT('',(1.366164555868,0.848093380143));
#1736 = CARTESIAN_POINT('',(1.358589724909,0.826219433929));
#1737 = CARTESIAN_POINT('',(1.351324109067,0.804298067485));
#1738 = CARTESIAN_POINT('',(1.344350819173,0.782328034433));
#1739 = CARTESIAN_POINT('',(1.337653799178,0.760307499626));
#1740 = CARTESIAN_POINT('',(1.331218218173,0.738235461482));
#1741 = CARTESIAN_POINT('',(1.32503013273,0.716110830019));
#1742 = CARTESIAN_POINT('',(1.319076465436,0.693932529631));
#1743 = CARTESIAN_POINT('',(1.313344949609,0.671699486359));
#1744 = CARTESIAN_POINT('',(1.307824083576,0.649410645438));
#1745 = CARTESIAN_POINT('',(1.302503083225,0.627064980152));
#1746 = CARTESIAN_POINT('',(1.297371836411,0.604661502446));
#1747 = CARTESIAN_POINT('',(1.292420859013,0.582199272525));
#1748 = CARTESIAN_POINT('',(1.287641253607,0.559677408036));
#1749 = CARTESIAN_POINT('',(1.283024671592,0.537095093024));
#1750 = CARTESIAN_POINT('',(1.278563279566,0.514451585041));
#1751 = CARTESIAN_POINT('',(1.274249732089,0.491746227461));
#1752 = CARTESIAN_POINT('',(1.270077120339,0.468978455574));
#1753 = CARTESIAN_POINT('',(1.266038946669,0.44614781219));
#1754 = CARTESIAN_POINT('',(1.262129096453,0.423253923202));
#1755 = CARTESIAN_POINT('',(1.258341835417,0.400296633259));
#1756 = CARTESIAN_POINT('',(1.254671706437,0.37727554231));
#1757 = CARTESIAN_POINT('',(1.251113426389,0.354189385775));
#1758 = CARTESIAN_POINT('',(1.247662206739,0.331038226905));
#1759 = CARTESIAN_POINT('',(1.244313462123,0.307821793419));
#1760 = CARTESIAN_POINT('',(1.241062863972,0.284539901815));
#1761 = CARTESIAN_POINT('',(1.237906308039,0.261192353749));
#1762 = CARTESIAN_POINT('',(1.234839906213,0.237778973386));
#1763 = CARTESIAN_POINT('',(1.231859973023,0.214299606586));
#1764 = CARTESIAN_POINT('',(1.22896301469,0.190754129978));
#1765 = CARTESIAN_POINT('',(1.226145718487,0.167142457138));
#1766 = CARTESIAN_POINT('',(1.223404942845,0.143464545359));
#1767 = CARTESIAN_POINT('',(1.220737707745,0.119720402072));
#1768 = CARTESIAN_POINT('',(1.218141185614,9.591009150708E-02));
#1769 = CARTESIAN_POINT('',(1.215612690966,7.203374029845E-02));
#1770 = CARTESIAN_POINT('',(1.21314967404,4.809154678008E-02));
#1771 = CARTESIAN_POINT('',(1.210749697515,2.408377630169E-02));
#1772 = CARTESIAN_POINT('',(1.209190214509,8.035131043527E-03));
#1773 = CARTESIAN_POINT('',(1.208420209852,0.));
#1774 = ( GEOMETRIC_REPRESENTATION_CONTEXT(2) 
PARAMETRIC_REPRESENTATION_CONTEXT() REPRESENTATION_CONTEXT('2D SPACE',''
  ) );
#1775 = ORIENTED_EDGE('',*,*,#1776,.T.);
#1776 = EDGE_CURVE('',#1646,#1483,#1777,.T.);
#1777 = SURFACE_CURVE('',#1778,(#1783,#1789),.PCURVE_S1.);
#1778 = CIRCLE('',#1779,50.);
#1779 = AXIS2_PLACEMENT_3D('',#1780,#1781,#1782);
#1780 = CARTESIAN_POINT('',(0.,0.,0.));
#1781 = DIRECTION('',(0.,0.,1.));
#1782 = DIRECTION('',(1.,0.,0.));
#1783 = PCURVE('',#1131,#1784);
#1784 = DEFINITIONAL_REPRESENTATION('',(#1785),#1788);
#1785 = B_SPLINE_CURVE_WITH_KNOTS('',1,(#1786,#1787),.UNSPECIFIED.,.F.,
  .F.,(2,2),(1.835206476405,6.243174632826),.PIECEWISE_BEZIER_KNOTS.);
#1786 = CARTESIAN_POINT('',(-1.835206476405,0.));
#1787 = CARTESIAN_POINT('',(-6.243174632826,0.));
#1788 = ( GEOMETRIC_REPRESENTATION_CONTEXT(2) 
PARAMETRIC_REPRESENTATION_CONTEXT() REPRESENTATION_CONTEXT('2D SPACE',''
  ) );
#1789 = PCURVE('',#1378,#1790);
#1790 = DEFINITIONAL_REPRESENTATION('',(#1791),#1795);
#1791 = CIRCLE('',#1792,50.);
#1792 = AXIS2_PLACEMENT_2D('',#1793,#1794);
#1793 = CARTESIAN_POINT('',(0.,0.));
#1794 = DIRECTION('',(1.,0.));
#1795 = ( GEOMETRIC_REPRESENTATION_CONTEXT(2) 
PARAMETRIC_REPRESENTATION_CONTEXT() REPRESENTATION_CONTEXT('2D SPACE',''
  ) );
#1796 = ADVANCED_FACE('',(#1797),#958,.T.);
#1797 = FACE_BOUND('',#1798,.T.);
#1798 = EDGE_LOOP('',(#1799,#1937,#1938,#2030));
#1799 = ORIENTED_EDGE('',*,*,#1800,.T.);
#1800 = EDGE_CURVE('',#1801,#942,#1803,.T.);
#1801 = VERTEX_POINT('',#1802);
#1802 = CARTESIAN_POINT('',(29.585877552101,-40.30726794849,0.));
#1803 = SURFACE_CURVE('',#1804,(#1835,#1886),.PCURVE_S1.);
#1804 = B_SPLINE_CURVE_WITH_KNOTS('',7,(#1805,#1806,#1807,#1808,#1809,
    #1810,#1811,#1812,#1813,#1814,#1815,#1816,#1817,#1818,#1819,#1820,
    #1821,#1822,#1823,#1824,#1825,#1826,#1827,#1828,#1829,#1830,#1831,
    #1832,#1833,#1834),.UNSPECIFIED.,.F.,.F.,(8,6,6,6,4,8),(0.,
    0.228520293046,0.463333463409,0.727660166882,1.,1.02063110697),
  .UNSPECIFIED.);
#1805 = CARTESIAN_POINT('',(29.585877552101,-40.30726794849,
    -7.223855091715E-16));
#1806 = CARTESIAN_POINT('',(30.196817019646,-38.55668270143,
    1.799524400162));
#1807 = CARTESIAN_POINT('',(30.716842319968,-36.79807460548,
    3.608921693295));
#1808 = CARTESIAN_POINT('',(31.145191209124,-35.03699435909,
    5.428141284658));
#1809 = CARTESIAN_POINT('',(31.481535514992,-33.27913601576,
    7.257135912509));
#1810 = CARTESIAN_POINT('',(31.725999050088,-31.53031201549,
    9.095850307802));
#1811 = CARTESIAN_POINT('',(31.879184861466,-29.79641800738,
    10.944204767435));
#1812 = CARTESIAN_POINT('',(32.006974378735,-26.3231843428,
    14.711103576706));
#1813 = CARTESIAN_POINT('',(31.976545050916,-24.58498409691,
    16.630206608298));
#1814 = CARTESIAN_POINT('',(31.852132274618,-22.87523278582,
    18.55923894552));
#1815 = CARTESIAN_POINT('',(31.635522213785,-21.20036484529,
    20.498060982562));
#1816 = CARTESIAN_POINT('',(31.329090880534,-19.56675460983,
    22.446520058588));
#1817 = CARTESIAN_POINT('',(30.93581717757,-17.98065407539,
    24.404428215689));
#1818 = CARTESIAN_POINT('',(29.922882972882,-14.72295600702,
    28.58588621412));
#1819 = CARTESIAN_POINT('',(29.280967782147,-13.06562845971,
    30.811946253768));
#1820 = CARTESIAN_POINT('',(28.53867878555,-11.48479124509,
    33.049335520702));
#1821 = CARTESIAN_POINT('',(27.702106102132,-9.988691472135,
    35.297687222992));
#1822 = CARTESIAN_POINT('',(26.778278643545,-8.585049224861,
    37.556609520749));
#1823 = CARTESIAN_POINT('',(25.775113999902,-7.280925210397,
    39.825639874978));
#1824 = CARTESIAN_POINT('',(23.595018413627,-4.847892858609,
    44.451818092703));
#1825 = CARTESIAN_POINT('',(22.413712234464,-3.725461037658,
    46.809614951001));
#1826 = CARTESIAN_POINT('',(21.166962864668,-2.722131189415,
    49.176935197668));
#1827 = CARTESIAN_POINT('',(19.865167324945,-1.84375782791,
    51.553140817545));
#1828 = CARTESIAN_POINT('',(18.417430317658,-1.03839751075,
    54.118169212553));
#1829 = CARTESIAN_POINT('',(16.932230152348,-0.387258255542,
    56.691759317856));
#1830 = CARTESIAN_POINT('',(15.42399626607,0.1066893299,59.272654068303)
  );
#1831 = CARTESIAN_POINT('',(15.317676545248,0.140692818469,
    59.454437639563));
#1832 = CARTESIAN_POINT('',(15.211252517675,0.17391485923,
    59.636256776521));
#1833 = CARTESIAN_POINT('',(15.1047291928,0.206354524456,59.8181110438)
  );
#1834 = CARTESIAN_POINT('',(14.998111574483,0.238010922781,60.));
#1835 = PCURVE('',#958,#1836);
#1836 = DEFINITIONAL_REPRESENTATION('',(#1837),#1885);
#1837 = B_SPLINE_CURVE_WITH_KNOTS('',3,(#1838,#1839,#1840,#1841,#1842,
    #1843,#1844,#1845,#1846,#1847,#1848,#1849,#1850,#1851,#1852,#1853,
    #1854,#1855,#1856,#1857,#1858,#1859,#1860,#1861,#1862,#1863,#1864,
    #1865,#1866,#1867,#1868,#1869,#1870,#1871,#1872,#1873,#1874,#1875,
    #1876,#1877,#1878,#1879,#1880,#1881,#1882,#1883,#1884),
  .UNSPECIFIED.,.F.,.F.,(4,1,1,1,1,1,1,1,1,1,1,1,1,1,1,1,1,1,1,1,1,1,1,1
    ,1,1,1,1,1,1,1,1,1,1,1,1,1,1,1,1,1,1,1,1,4),(0.,2.319616152205E-02,
    4.639232304409E-02,6.958848456614E-02,9.278464608819E-02,
    0.11598080761,0.139176969132,0.162373130654,0.185569292176,
    0.208765453698,0.23196161522,0.255157776743,0.278353938265,
    0.301550099787,0.324746261309,0.347942422831,0.371138584353,
    0.394334745875,0.417530907397,0.440727068919,0.463923230441,
    0.487119391963,0.510315553485,0.533511715007,0.556707876529,
    0.579904038051,0.603100199573,0.626296361095,0.649492522617,
    0.672688684139,0.695884845661,0.719081007183,0.742277168705,
    0.765473330228,0.78866949175,0.811865653272,0.835061814794,
    0.858257976316,0.881454137838,0.90465029936,0.927846460882,
    0.951042622404,0.974238783926,0.997434945448,1.02063110697),
  .QUASI_UNIFORM_KNOTS.);
#1838 = CARTESIAN_POINT('',(-5.3455767318,-5.64605327853E-15));
#1839 = CARTESIAN_POINT('',(-5.352816470731,-0.426212193501));
#1840 = CARTESIAN_POINT('',(-5.367314222283,-1.280060748519));
#1841 = CARTESIAN_POINT('',(-5.389114389404,-2.565094984732));
#1842 = CARTESIAN_POINT('',(-5.410966844354,-3.854379640407));
#1843 = CARTESIAN_POINT('',(-5.432870232576,-5.147903324829));
#1844 = CARTESIAN_POINT('',(-5.454823113472,-6.445653902003));
#1845 = CARTESIAN_POINT('',(-5.476823936066,-7.747618054329));
#1846 = CARTESIAN_POINT('',(-5.49887102628,-9.053780932145));
#1847 = CARTESIAN_POINT('',(-5.520962564447,-10.36412541178));
#1848 = CARTESIAN_POINT('',(-5.543096585,-11.67863266319));
#1849 = CARTESIAN_POINT('',(-5.565270890661,-12.99727767568));
#1850 = CARTESIAN_POINT('',(-5.587483290789,-14.32004416298));
#1851 = CARTESIAN_POINT('',(-5.609731285091,-15.64690665343));
#1852 = CARTESIAN_POINT('',(-5.632012127451,-16.97783510221));
#1853 = CARTESIAN_POINT('',(-5.654322894334,-18.31280005659));
#1854 = CARTESIAN_POINT('',(-5.676660431285,-19.65177067668));
#1855 = CARTESIAN_POINT('',(-5.699021328167,-20.99471462151));
#1856 = CARTESIAN_POINT('',(-5.721401884554,-22.34159752185));
#1857 = CARTESIAN_POINT('',(-5.743798066399,-23.69238212194));
#1858 = CARTESIAN_POINT('',(-5.766205484795,-25.04702901659));
#1859 = CARTESIAN_POINT('',(-5.788619268484,-26.40549117225));
#1860 = CARTESIAN_POINT('',(-5.811034308383,-27.76773156051));
#1861 = CARTESIAN_POINT('',(-5.833444934672,-29.13370608448));
#1862 = CARTESIAN_POINT('',(-5.855844770389,-30.50335873395));
#1863 = CARTESIAN_POINT('',(-5.878226907604,-31.87663633607));
#1864 = CARTESIAN_POINT('',(-5.900583754622,-33.25348389922));
#1865 = CARTESIAN_POINT('',(-5.922906954385,-34.63384514821));
#1866 = CARTESIAN_POINT('',(-5.945187263704,-36.01766165555));
#1867 = CARTESIAN_POINT('',(-5.96741441899,-37.40487233291));
#1868 = CARTESIAN_POINT('',(-5.989576976628,-38.79541279954));
#1869 = CARTESIAN_POINT('',(-6.011662125489,-40.18921477063));
#1870 = CARTESIAN_POINT('',(-6.033655462937,-41.58620534705));
#1871 = CARTESIAN_POINT('',(-6.055540732956,-42.98630650265));
#1872 = CARTESIAN_POINT('',(-6.077299858431,-44.38945664242));
#1873 = CARTESIAN_POINT('',(-6.098911897583,-45.79556802703));
#1874 = CARTESIAN_POINT('',(-6.120353067677,-47.20455698743));
#1875 = CARTESIAN_POINT('',(-6.141596065211,-48.61633715058));
#1876 = CARTESIAN_POINT('',(-6.162609379079,-50.03082039684));
#1877 = CARTESIAN_POINT('',(-6.183356387488,-51.4479156998));
#1878 = CARTESIAN_POINT('',(-6.203794250434,-52.86752849079));
#1879 = CARTESIAN_POINT('',(-6.223872418278,-54.28955985983));
#1880 = CARTESIAN_POINT('',(-6.243531001109,-55.71390570159));
#1881 = CARTESIAN_POINT('',(-6.262697566288,-57.14045599233));
#1882 = CARTESIAN_POINT('',(-6.281286966698,-58.56909317378));
#1883 = CARTESIAN_POINT('',(-6.293219634939,-59.52282653734));
#1884 = CARTESIAN_POINT('',(-6.299053367941,-60.));
#1885 = ( GEOMETRIC_REPRESENTATION_CONTEXT(2) 
PARAMETRIC_REPRESENTATION_CONTEXT() REPRESENTATION_CONTEXT('2D SPACE',''
  ) );
#1886 = PCURVE('',#984,#1887);
#1887 = DEFINITIONAL_REPRESENTATION('',(#1888),#1936);
#1888 = B_SPLINE_CURVE_WITH_KNOTS('',3,(#1889,#1890,#1891,#1892,#1893,
    #1894,#1895,#1896,#1897,#1898,#1899,#1900,#1901,#1902,#1903,#1904,
    #1905,#1906,#1907,#1908,#1909,#1910,#1911,#1912,#1913,#1914,#1915,
    #1916,#1917,#1918,#1919,#1920,#1921,#1922,#1923,#1924,#1925,#1926,
    #1927,#1928,#1929,#1930,#1931,#1932,#1933,#1934,#1935),
  .UNSPECIFIED.,.F.,.F.,(4,1,1,1,1,1,1,1,1,1,1,1,1,1,1,1,1,1,1,1,1,1,1,1
    ,1,1,1,1,1,1,1,1,1,1,1,1,1,1,1,1,1,1,1,1,4),(0.,2.319616152205E-02,
    4.639232304409E-02,6.958848456614E-02,9.278464608819E-02,
    0.11598080761,0.139176969132,0.162373130654,0.185569292176,
    0.208765453698,0.23196161522,0.255157776743,0.278353938265,
    0.301550099787,0.324746261309,0.347942422831,0.371138584353,
    0.394334745875,0.417530907397,0.440727068919,0.463923230441,
    0.487119391963,0.510315553485,0.533511715007,0.556707876529,
    0.579904038051,0.603100199573,0.626296361095,0.649492522617,
    0.672688684139,0.695884845661,0.719081007183,0.742277168705,
    0.765473330228,0.78866949175,0.811865653272,0.835061814794,
    0.858257976316,0.881454137838,0.90465029936,0.927846460882,
    0.951042622404,0.974238783926,0.997434945448,1.02063110697),
  .QUASI_UNIFORM_KNOTS.);
#1889 = CARTESIAN_POINT('',(3.791579790148,0.));
#1890 = CARTESIAN_POINT('',(3.790811033705,8.022113923362E-03));
#1891 = CARTESIAN_POINT('',(3.78925406495,2.404526106712E-02));
#1892 = CARTESIAN_POINT('',(3.78685789811,4.801653154856E-02));
#1893 = CARTESIAN_POINT('',(3.784398713789,7.192412448624E-02));
#1894 = CARTESIAN_POINT('',(3.781874060076,9.576787971543E-02));
#1895 = CARTESIAN_POINT('',(3.779281373109,0.119547674256));
#1896 = CARTESIAN_POINT('',(3.776617954843,0.143263422768));
#1897 = CARTESIAN_POINT('',(3.773880967662,0.166915071198));
#1898 = CARTESIAN_POINT('',(3.771067425608,0.190502586139));
#1899 = CARTESIAN_POINT('',(3.768174183541,0.214025967157));
#1900 = CARTESIAN_POINT('',(3.765197934759,0.237485170593));
#1901 = CARTESIAN_POINT('',(3.762135167733,0.260880376455));
#1902 = CARTESIAN_POINT('',(3.758982193527,0.284211670689));
#1903 = CARTESIAN_POINT('',(3.755735125742,0.30747913264));
#1904 = CARTESIAN_POINT('',(3.75238985357,0.33068292771));
#1905 = CARTESIAN_POINT('',(3.748942029853,0.353823274188));
#1906 = CARTESIAN_POINT('',(3.745387054655,0.376900443234));
#1907 = CARTESIAN_POINT('',(3.741720058658,0.399914751702));
#1908 = CARTESIAN_POINT('',(3.737935886059,0.422866549817));
#1909 = CARTESIAN_POINT('',(3.734029071477,0.445756235681));
#1910 = CARTESIAN_POINT('',(3.729993830917,0.468584166302));
#1911 = CARTESIAN_POINT('',(3.725823990104,0.491350954642));
#1912 = CARTESIAN_POINT('',(3.721512995908,0.514057185038));
#1913 = CARTESIAN_POINT('',(3.717053924355,0.536703334265));
#1914 = CARTESIAN_POINT('',(3.712439408034,0.559290021423));
#1915 = CARTESIAN_POINT('',(3.707661593052,0.581817931986));
#1916 = CARTESIAN_POINT('',(3.702712105793,0.604287825142));
#1917 = CARTESIAN_POINT('',(3.697582020892,0.626700522078));
#1918 = CARTESIAN_POINT('',(3.692261824409,0.649056898905));
#1919 = CARTESIAN_POINT('',(3.686741374185,0.671357877596));
#1920 = CARTESIAN_POINT('',(3.681009856016,0.693604417257));
#1921 = CARTESIAN_POINT('',(3.675055737884,0.715797503594));
#1922 = CARTESIAN_POINT('',(3.668866711739,0.737938143257));
#1923 = CARTESIAN_POINT('',(3.662429555747,0.760027702078));
#1924 = CARTESIAN_POINT('',(3.655730261751,0.78206723292));
#1925 = CARTESIAN_POINT('',(3.648753838861,0.804057956357));
#1926 = CARTESIAN_POINT('',(3.641484308999,0.826001150271));
#1927 = CARTESIAN_POINT('',(3.633904657631,0.847898164596));
#1928 = CARTESIAN_POINT('',(3.625996803996,0.869750402504));
#1929 = CARTESIAN_POINT('',(3.617741587741,0.891559309872));
#1930 = CARTESIAN_POINT('',(3.609118790746,0.913326362034));
#1931 = CARTESIAN_POINT('',(3.600107207715,0.935053048313));
#1932 = CARTESIAN_POINT('',(3.590684795469,0.956740862166));
#1933 = CARTESIAN_POINT('',(3.580828891526,0.978391264377));
#1934 = CARTESIAN_POINT('',(3.573954069562,0.992800915524));
#1935 = CARTESIAN_POINT('',(3.570436805853,1.));
#1936 = ( GEOMETRIC_REPRESENTATION_CONTEXT(2) 
PARAMETRIC_REPRESENTATION_CONTEXT() REPRESENTATION_CONTEXT('2D SPACE',''
  ) );
#1937 = ORIENTED_EDGE('',*,*,#941,.F.);
#1938 = ORIENTED_EDGE('',*,*,#1939,.F.);
#1939 = EDGE_CURVE('',#1940,#894,#1942,.T.);
#1940 = VERTEX_POINT('',#1941);
#1941 = CARTESIAN_POINT('',(-9.167286472908,-49.15242474917,0.));
#1942 = SURFACE_CURVE('',#1943,(#1970,#2000),.PCURVE_S1.);
#1943 = B_SPLINE_CURVE_WITH_KNOTS('',7,(#1944,#1945,#1946,#1947,#1948,
    #1949,#1950,#1951,#1952,#1953,#1954,#1955,#1956,#1957,#1958,#1959,
    #1960,#1961,#1962,#1963,#1964,#1965,#1966,#1967,#1968,#1969),
  .UNSPECIFIED.,.F.,.F.,(8,6,6,6,8),(0.,0.229432314751,0.465540906057,
    0.730107600858,1.),.UNSPECIFIED.);
#1944 = CARTESIAN_POINT('',(-9.167286472908,-49.15242474917,
    8.881784197001E-16));
#1945 = CARTESIAN_POINT('',(-7.342820974957,-48.39668291721,
    1.847037990902));
#1946 = CARTESIAN_POINT('',(-5.576270399454,-47.55910075976,
    3.704234378213));
#1947 = CARTESIAN_POINT('',(-3.872962490658,-46.64301162106,
    5.571526616492));
#1948 = CARTESIAN_POINT('',(-2.238030254498,-45.65223361679,
    7.448857683835));
#1949 = CARTESIAN_POINT('',(-0.676377454371,-44.59106680423,
    9.336163009055));
#1950 = CARTESIAN_POINT('',(0.807372663965,-43.46429165848,
    11.233351257344));
#1951 = CARTESIAN_POINT('',(3.651302694978,-41.05550183222,
    15.10269659419));
#1952 = CARTESIAN_POINT('',(5.00665465835,-39.7699032701,17.075461587898
    ));
#1953 = CARTESIAN_POINT('',(6.270329462545,-38.42610900308,
    19.058408279557));
#1954 = CARTESIAN_POINT('',(7.438098617331,-37.03035091485,
    21.051378799786));
#1955 = CARTESIAN_POINT('',(8.506227018906,-35.58933089999,
    23.054202869668));
#1956 = CARTESIAN_POINT('',(9.471537656607,-34.11018603533,
    25.066671324631));
#1957 = CARTESIAN_POINT('',(11.295094273813,-30.90873521071,
    29.354026292897));
#1958 = CARTESIAN_POINT('',(12.126438862682,-29.17856230208,
    31.631368220639));
#1959 = CARTESIAN_POINT('',(12.821928844482,-27.42053534913,
    33.920108020861));
#1960 = CARTESIAN_POINT('',(13.379035988295,-25.64577698924,
    36.219845404154));
#1961 = CARTESIAN_POINT('',(13.796374482087,-23.86581743684,
    38.530157035465));
#1962 = CARTESIAN_POINT('',(14.073775771154,-22.09245438763,
    40.850542457557));
#1963 = CARTESIAN_POINT('',(14.353740993696,-18.54737766679,
    45.55707623166));
#1964 = CARTESIAN_POINT('',(14.350665089561,-16.77636218734,
    47.943679102668));
#1965 = CARTESIAN_POINT('',(14.20430840413,-15.03715640738,
    50.339482782441));
#1966 = CARTESIAN_POINT('',(13.917274484873,-13.34236256668,
    52.743819332407));
#1967 = CARTESIAN_POINT('',(13.493496231026,-11.7043291714,
    55.155956716695));
#1968 = CARTESIAN_POINT('',(12.938322758417,-10.13499248647,
    57.575060467113));
#1969 = CARTESIAN_POINT('',(12.257944997515,-8.645390936095,60.));
#1970 = PCURVE('',#958,#1971);
#1971 = DEFINITIONAL_REPRESENTATION('',(#1972),#1999);
#1972 = B_SPLINE_CURVE_WITH_KNOTS('',7,(#1973,#1974,#1975,#1976,#1977,
    #1978,#1979,#1980,#1981,#1982,#1983,#1984,#1985,#1986,#1987,#1988,
    #1989,#1990,#1991,#1992,#1993,#1994,#1995,#1996,#1997,#1998),
  .UNSPECIFIED.,.F.,.F.,(8,6,6,6,8),(0.,0.229432314751,0.465540906057,
    0.730107600858,1.),.UNSPECIFIED.);
#1973 = CARTESIAN_POINT('',(-4.528000179482,0.));
#1974 = CARTESIAN_POINT('',(-4.561099699971,-1.847037990936));
#1975 = CARTESIAN_POINT('',(-4.594424715172,-3.704234378164));
#1976 = CARTESIAN_POINT('',(-4.627978813393,-5.5715266165));
#1977 = CARTESIAN_POINT('',(-4.661766594727,-7.448857683867));
#1978 = CARTESIAN_POINT('',(-4.695793493028,-9.336163009034));
#1979 = CARTESIAN_POINT('',(-4.730065764785,-11.23335125734));
#1980 = CARTESIAN_POINT('',(-4.800120168342,-15.10269659419));
#1981 = CARTESIAN_POINT('',(-4.835917816327,-17.07546158789));
#1982 = CARTESIAN_POINT('',(-4.871991272179,-19.05840827955));
#1983 = CARTESIAN_POINT('',(-4.90835062753,-21.05137879978));
#1984 = CARTESIAN_POINT('',(-4.945008474911,-23.05420286966));
#1985 = CARTESIAN_POINT('',(-4.98198081544,-25.06667132463));
#1986 = CARTESIAN_POINT('',(-5.061093466619,-29.35402629289));
#1987 = CARTESIAN_POINT('',(-5.103320837376,-31.63136822063));
#1988 = CARTESIAN_POINT('',(-5.145999629632,-33.92010802086));
#1989 = CARTESIAN_POINT('',(-5.189171252154,-36.21984540415));
#1990 = CARTESIAN_POINT('',(-5.232889347768,-38.53015703546));
#1991 = CARTESIAN_POINT('',(-5.27723169249,-40.85054245755));
#1992 = CARTESIAN_POINT('',(-5.368324885795,-45.55707623166));
#1993 = CARTESIAN_POINT('',(-5.415107039903,-47.94367910267));
#1994 = CARTESIAN_POINT('',(-5.462811170981,-50.33948278243));
#1995 = CARTESIAN_POINT('',(-5.511613385416,-52.74381933241));
#1996 = CARTESIAN_POINT('',(-5.561846580816,-55.15595671669));
#1997 = CARTESIAN_POINT('',(-5.613908325088,-57.57506046711));
#1998 = CARTESIAN_POINT('',(-5.668918645735,-60.));
#1999 = ( GEOMETRIC_REPRESENTATION_CONTEXT(2) 
PARAMETRIC_REPRESENTATION_CONTEXT() REPRESENTATION_CONTEXT('2D SPACE',''
  ) );
#2000 = PCURVE('',#907,#2001);
#2001 = DEFINITIONAL_REPRESENTATION('',(#2002),#2029);
#2002 = B_SPLINE_CURVE_WITH_KNOTS('',7,(#2003,#2004,#2005,#2006,#2007,
    #2008,#2009,#2010,#2011,#2012,#2013,#2014,#2015,#2016,#2017,#2018,
    #2019,#2020,#2021,#2022,#2023,#2024,#2025,#2026,#2027,#2028),
  .UNSPECIFIED.,.F.,.F.,(8,6,6,6,8),(0.,0.229432314751,0.465540906057,
    0.730107600858,1.),.UNSPECIFIED.);
#2003 = CARTESIAN_POINT('',(1.208420209862,9.999911103203E-11));
#2004 = CARTESIAN_POINT('',(1.211751669663,3.476470459459E-02));
#2005 = CARTESIAN_POINT('',(1.215225007912,6.937100039743E-02));
#2006 = CARTESIAN_POINT('',(1.218850940254,0.103817459301));
#2007 = CARTESIAN_POINT('',(1.22264126889,0.138103415577));
#2008 = CARTESIAN_POINT('',(1.22660935319,0.172228746701));
#2009 = CARTESIAN_POINT('',(1.230770504379,0.206193610402));
#2010 = CARTESIAN_POINT('',(1.239641319766,0.274786347362));
#2011 = CARTESIAN_POINT('',(1.244363498411,0.309405335825));
#2012 = CARTESIAN_POINT('',(1.249328006746,0.343855059919));
#2013 = CARTESIAN_POINT('',(1.254556743148,0.378136633574));
#2014 = CARTESIAN_POINT('',(1.260074894813,0.412252012744));
#2015 = CARTESIAN_POINT('',(1.265911804816,0.446203637349));
#2016 = CARTESIAN_POINT('',(1.279038614367,0.517857170576));
#2017 = CARTESIAN_POINT('',(1.286419063572,0.555518909474));
#2018 = CARTESIAN_POINT('',(1.294292112942,0.592982327014));
#2019 = CARTESIAN_POINT('',(1.302715260911,0.630252885318));
#2020 = CARTESIAN_POINT('',(1.311757124525,0.66733773479));
#2021 = CARTESIAN_POINT('',(1.321500840705,0.704244918573));
#2022 = CARTESIAN_POINT('',(1.342808750601,0.778459556353));
#2023 = CARTESIAN_POINT('',(1.354406110096,0.81576123121));
#2024 = CARTESIAN_POINT('',(1.366948265851,0.852895930458));
#2025 = CARTESIAN_POINT('',(1.380568559147,0.889874771251));
#2026 = CARTESIAN_POINT('',(1.395415409803,0.926710148883));
#2027 = CARTESIAN_POINT('',(1.411689030158,0.963415062036));
#2028 = CARTESIAN_POINT('',(1.429563194144,0.999999999995));
#2029 = ( GEOMETRIC_REPRESENTATION_CONTEXT(2) 
PARAMETRIC_REPRESENTATION_CONTEXT() REPRESENTATION_CONTEXT('2D SPACE',''
  ) );
#2030 = ORIENTED_EDGE('',*,*,#2031,.T.);
#2031 = EDGE_CURVE('',#1940,#1801,#2032,.T.);
#2032 = SURFACE_CURVE('',#2033,(#2038,#2044),.PCURVE_S1.);
#2033 = CIRCLE('',#2034,50.);
#2034 = AXIS2_PLACEMENT_3D('',#2035,#2036,#2037);
#2035 = CARTESIAN_POINT('',(0.,0.,0.));
#2036 = DIRECTION('',(0.,0.,1.));
#2037 = DIRECTION('',(1.,0.,0.));
#2038 = PCURVE('',#958,#2039);
#2039 = DEFINITIONAL_REPRESENTATION('',(#2040),#2043);
#2040 = B_SPLINE_CURVE_WITH_KNOTS('',1,(#2041,#2042),.UNSPECIFIED.,.F.,
  .F.,(2,2),(1.835206476405,6.243174632826),.PIECEWISE_BEZIER_KNOTS.);
#2041 = CARTESIAN_POINT('',(-1.835206476405,0.));
#2042 = CARTESIAN_POINT('',(-6.243174632826,0.));
#2043 = ( GEOMETRIC_REPRESENTATION_CONTEXT(2) 
PARAMETRIC_REPRESENTATION_CONTEXT() REPRESENTATION_CONTEXT('2D SPACE',''
  ) );
#2044 = PCURVE('',#1378,#2045);
#2045 = DEFINITIONAL_REPRESENTATION('',(#2046),#2050);
#2046 = CIRCLE('',#2047,50.);
#2047 = AXIS2_PLACEMENT_2D('',#2048,#2049);
#2048 = CARTESIAN_POINT('',(0.,0.));
#2049 = DIRECTION('',(1.,0.));
#2050 = ( GEOMETRIC_REPRESENTATION_CONTEXT(2) 
PARAMETRIC_REPRESENTATION_CONTEXT() REPRESENTATION_CONTEXT('2D SPACE',''
  ) );
#2051 = ADVANCED_FACE('',(#2052),#907,.F.);
#2052 = FACE_BOUND('',#2053,.F.);
#2053 = EDGE_LOOP('',(#2054,#2055,#2076,#2107));
#2054 = ORIENTED_EDGE('',*,*,#1939,.F.);
#2055 = ORIENTED_EDGE('',*,*,#2056,.T.);
#2056 = EDGE_CURVE('',#1940,#2057,#2059,.T.);
#2057 = VERTEX_POINT('',#2058);
#2058 = CARTESIAN_POINT('',(-12.51400488279,-63.81535615973,0.));
#2059 = SURFACE_CURVE('',#2060,(#2063,#2070),.PCURVE_S1.);
#2060 = B_SPLINE_CURVE_WITH_KNOTS('',1,(#2061,#2062),.UNSPECIFIED.,.F.,
  .F.,(2,2),(1.,2.),.PIECEWISE_BEZIER_KNOTS.);
#2061 = CARTESIAN_POINT('',(-8.286107137627,-45.29172582827,0.));
#2062 = CARTESIAN_POINT('',(-12.51400488279,-63.81535615973,0.));
#2063 = PCURVE('',#907,#2064);
#2064 = DEFINITIONAL_REPRESENTATION('',(#2065),#2069);
#2065 = LINE('',#2066,#2067);
#2066 = CARTESIAN_POINT('',(0.,0.));
#2067 = VECTOR('',#2068,1.);
#2068 = DIRECTION('',(1.,0.));
#2069 = ( GEOMETRIC_REPRESENTATION_CONTEXT(2) 
PARAMETRIC_REPRESENTATION_CONTEXT() REPRESENTATION_CONTEXT('2D SPACE',''
  ) );
#2070 = PCURVE('',#1378,#2071);
#2071 = DEFINITIONAL_REPRESENTATION('',(#2072),#2075);
#2072 = B_SPLINE_CURVE_WITH_KNOTS('',1,(#2073,#2074),.UNSPECIFIED.,.F.,
  .F.,(2,2),(1.,2.),.PIECEWISE_BEZIER_KNOTS.);
#2073 = CARTESIAN_POINT('',(-8.286107137627,-45.29172582827));
#2074 = CARTESIAN_POINT('',(-12.51400488279,-63.81535615973));
#2075 = ( GEOMETRIC_REPRESENTATION_CONTEXT(2) 
PARAMETRIC_REPRESENTATION_CONTEXT() REPRESENTATION_CONTEXT('2D SPACE',''
  ) );
#2076 = ORIENTED_EDGE('',*,*,#2077,.T.);
#2077 = EDGE_CURVE('',#2057,#846,#2078,.T.);
#2078 = SURFACE_CURVE('',#2079,(#2093,#2100),.PCURVE_S1.);
#2079 = ( BOUNDED_CURVE() B_SPLINE_CURVE(7,(#2080,#2081,#2082,#2083,
    #2084,#2085,#2086,#2087,#2088,#2089,#2090,#2091,#2092),
.UNSPECIFIED.,.F.,.F.) B_SPLINE_CURVE_WITH_KNOTS((8,5,8),(0.,
0.528295033397,1.),.UNSPECIFIED.) CURVE() GEOMETRIC_REPRESENTATION_ITEM(
) RATIONAL_B_SPLINE_CURVE((1.,1.,1.,1.,1.,1.,1.,1.,1.,1.,1.,1.,1.)) 
REPRESENTATION_ITEM('') );
#2080 = CARTESIAN_POINT('',(-12.51400488279,-63.81535615973,0.));
#2081 = CARTESIAN_POINT('',(-7.378822644315,-61.75922007634,
    4.009735946894));
#2082 = CARTESIAN_POINT('',(-2.538780205711,-59.18430032953,
    8.107010349118));
#2083 = CARTESIAN_POINT('',(1.92645781,-56.11497968794,12.295077687992)
  );
#2084 = CARTESIAN_POINT('',(5.934230665861,-52.59197934682,
    16.576756995772));
#2085 = CARTESIAN_POINT('',(9.401984976982,-48.67567521474,
    20.954091505762));
#2086 = CARTESIAN_POINT('',(14.80140195488,-40.67965288707,
    29.421887460282));
#2087 = CARTESIAN_POINT('',(17.796567919946,-31.96647216742,
    38.226846193525));
#2088 = CARTESIAN_POINT('',(18.634724310829,-27.77359954378,
    42.453746762768));
#2089 = CARTESIAN_POINT('',(18.870903817827,-23.58879675562,
    46.751113780922));
#2090 = CARTESIAN_POINT('',(18.496485434371,-19.51595874111,
    51.113702778619));
#2091 = CARTESIAN_POINT('',(17.530858009546,-15.66482688769,
    55.533462343523));
#2092 = CARTESIAN_POINT('',(16.021382912138,-12.13735101175,60.));
#2093 = PCURVE('',#907,#2094);
#2094 = DEFINITIONAL_REPRESENTATION('',(#2095),#2099);
#2095 = LINE('',#2096,#2097);
#2096 = CARTESIAN_POINT('',(2.,0.));
#2097 = VECTOR('',#2098,1.);
#2098 = DIRECTION('',(0.,1.));
#2099 = ( GEOMETRIC_REPRESENTATION_CONTEXT(2) 
PARAMETRIC_REPRESENTATION_CONTEXT() REPRESENTATION_CONTEXT('2D SPACE',''
  ) );
#2100 = PCURVE('',#859,#2101);
#2101 = DEFINITIONAL_REPRESENTATION('',(#2102),#2106);
#2102 = LINE('',#2103,#2104);
#2103 = CARTESIAN_POINT('',(2.,0.));
#2104 = VECTOR('',#2105,1.);
#2105 = DIRECTION('',(0.,1.));
#2106 = ( GEOMETRIC_REPRESENTATION_CONTEXT(2) 
PARAMETRIC_REPRESENTATION_CONTEXT() REPRESENTATION_CONTEXT('2D SPACE',''
  ) );
#2107 = ORIENTED_EDGE('',*,*,#893,.F.);
#2108 = ADVANCED_FACE('',(#2109),#859,.F.);
#2109 = FACE_BOUND('',#2110,.F.);
#2110 = EDGE_LOOP('',(#2111,#2132,#2163,#2164));
#2111 = ORIENTED_EDGE('',*,*,#2112,.T.);
#2112 = EDGE_CURVE('',#2057,#2113,#2115,.T.);
#2113 = VERTEX_POINT('',#2114);
#2114 = CARTESIAN_POINT('',(-16.41371653152,-62.9252724239,0.));
#2115 = SURFACE_CURVE('',#2116,(#2119,#2126),.PCURVE_S1.);
#2116 = B_SPLINE_CURVE_WITH_KNOTS('',1,(#2117,#2118),.UNSPECIFIED.,.F.,
  .F.,(2,2),(2.,3.),.PIECEWISE_BEZIER_KNOTS.);
#2117 = CARTESIAN_POINT('',(-12.51400488279,-63.81535615973,0.));
#2118 = CARTESIAN_POINT('',(-16.41371653152,-62.9252724239,0.));
#2119 = PCURVE('',#859,#2120);
#2120 = DEFINITIONAL_REPRESENTATION('',(#2121),#2125);
#2121 = LINE('',#2122,#2123);
#2122 = CARTESIAN_POINT('',(0.,0.));
#2123 = VECTOR('',#2124,1.);
#2124 = DIRECTION('',(1.,0.));
#2125 = ( GEOMETRIC_REPRESENTATION_CONTEXT(2) 
PARAMETRIC_REPRESENTATION_CONTEXT() REPRESENTATION_CONTEXT('2D SPACE',''
  ) );
#2126 = PCURVE('',#1378,#2127);
#2127 = DEFINITIONAL_REPRESENTATION('',(#2128),#2131);
#2128 = B_SPLINE_CURVE_WITH_KNOTS('',1,(#2129,#2130),.UNSPECIFIED.,.F.,
  .F.,(2,2),(2.,3.),.PIECEWISE_BEZIER_KNOTS.);
#2129 = CARTESIAN_POINT('',(-12.51400488279,-63.81535615973));
#2130 = CARTESIAN_POINT('',(-16.41371653152,-62.9252724239));
#2131 = ( GEOMETRIC_REPRESENTATION_CONTEXT(2) 
PARAMETRIC_REPRESENTATION_CONTEXT() REPRESENTATION_CONTEXT('2D SPACE',''
  ) );
#2132 = ORIENTED_EDGE('',*,*,#2133,.T.);
#2133 = EDGE_CURVE('',#2113,#798,#2134,.T.);
#2134 = SURFACE_CURVE('',#2135,(#2149,#2156),.PCURVE_S1.);
#2135 = ( BOUNDED_CURVE() B_SPLINE_CURVE(7,(#2136,#2137,#2138,#2139,
    #2140,#2141,#2142,#2143,#2144,#2145,#2146,#2147,#2148),
.UNSPECIFIED.,.F.,.F.) B_SPLINE_CURVE_WITH_KNOTS((8,5,8),(0.,
0.528295033397,1.),.UNSPECIFIED.) CURVE() GEOMETRIC_REPRESENTATION_ITEM(
) RATIONAL_B_SPLINE_CURVE((1.,1.,1.,1.,1.,1.,1.,1.,1.,1.,1.,1.,1.)) 
REPRESENTATION_ITEM('') );
#2136 = CARTESIAN_POINT('',(-16.41371653152,-62.9252724239,0.));
#2137 = CARTESIAN_POINT('',(-11.34082506478,-61.14205028495,
    4.009735946894));
#2138 = CARTESIAN_POINT('',(-6.542150983075,-58.85108810428,
    8.107010349118));
#2139 = CARTESIAN_POINT('',(-2.095158774348,-56.0752081281,
    12.295077687992));
#2140 = CARTESIAN_POINT('',(1.919690179849,-52.8530844406,
    16.576756995772));
#2141 = CARTESIAN_POINT('',(5.421940350773,-49.2424741982,
    20.954091505762));
#2142 = CARTESIAN_POINT('',(10.94191280657,-41.8279089605,
    29.421887460282));
#2143 = CARTESIAN_POINT('',(14.166115126739,-33.68736562125,
    38.226846193525));
#2144 = CARTESIAN_POINT('',(15.137219102578,-29.75983529898,
    42.453746762768));
#2145 = CARTESIAN_POINT('',(15.531589567083,-25.8324008201,
    46.751113780922));
#2146 = CARTESIAN_POINT('',(15.340312793808,-22.00541152445,
    51.113702778619));
#2147 = CARTESIAN_POINT('',(14.581584540275,-18.38494066402,
    55.533462343523));
#2148 = CARTESIAN_POINT('',(13.300691961055,-15.06955849907,60.));
#2149 = PCURVE('',#859,#2150);
#2150 = DEFINITIONAL_REPRESENTATION('',(#2151),#2155);
#2151 = LINE('',#2152,#2153);
#2152 = CARTESIAN_POINT('',(3.,0.));
#2153 = VECTOR('',#2154,1.);
#2154 = DIRECTION('',(0.,1.));
#2155 = ( GEOMETRIC_REPRESENTATION_CONTEXT(2) 
PARAMETRIC_REPRESENTATION_CONTEXT() REPRESENTATION_CONTEXT('2D SPACE',''
  ) );
#2156 = PCURVE('',#811,#2157);
#2157 = DEFINITIONAL_REPRESENTATION('',(#2158),#2162);
#2158 = LINE('',#2159,#2160);
#2159 = CARTESIAN_POINT('',(3.,0.));
#2160 = VECTOR('',#2161,1.);
#2161 = DIRECTION('',(0.,1.));
#2162 = ( GEOMETRIC_REPRESENTATION_CONTEXT(2) 
PARAMETRIC_REPRESENTATION_CONTEXT() REPRESENTATION_CONTEXT('2D SPACE',''
  ) );
#2163 = ORIENTED_EDGE('',*,*,#845,.F.);
#2164 = ORIENTED_EDGE('',*,*,#2077,.F.);
#2165 = ADVANCED_FACE('',(#2166),#811,.F.);
#2166 = FACE_BOUND('',#2167,.F.);
#2167 = EDGE_LOOP('',(#2168,#2169,#2190,#2280));
#2168 = ORIENTED_EDGE('',*,*,#2133,.F.);
#2169 = ORIENTED_EDGE('',*,*,#2170,.T.);
#2170 = EDGE_CURVE('',#2113,#2171,#2173,.T.);
#2171 = VERTEX_POINT('',#2172);
#2172 = CARTESIAN_POINT('',(-13.06699812163,-48.26234101335,0.));
#2173 = SURFACE_CURVE('',#2174,(#2177,#2184),.PCURVE_S1.);
#2174 = B_SPLINE_CURVE_WITH_KNOTS('',1,(#2175,#2176),.UNSPECIFIED.,.F.,
  .F.,(2,2),(3.,4.),.PIECEWISE_BEZIER_KNOTS.);
#2175 = CARTESIAN_POINT('',(-16.41371653152,-62.9252724239,0.));
#2176 = CARTESIAN_POINT('',(-12.18581878635,-44.40164209245,0.));
#2177 = PCURVE('',#811,#2178);
#2178 = DEFINITIONAL_REPRESENTATION('',(#2179),#2183);
#2179 = LINE('',#2180,#2181);
#2180 = CARTESIAN_POINT('',(0.,0.));
#2181 = VECTOR('',#2182,1.);
#2182 = DIRECTION('',(1.,0.));
#2183 = ( GEOMETRIC_REPRESENTATION_CONTEXT(2) 
PARAMETRIC_REPRESENTATION_CONTEXT() REPRESENTATION_CONTEXT('2D SPACE',''
  ) );
#2184 = PCURVE('',#1378,#2185);
#2185 = DEFINITIONAL_REPRESENTATION('',(#2186),#2189);
#2186 = B_SPLINE_CURVE_WITH_KNOTS('',1,(#2187,#2188),.UNSPECIFIED.,.F.,
  .F.,(2,2),(3.,4.),.PIECEWISE_BEZIER_KNOTS.);
#2187 = CARTESIAN_POINT('',(-16.41371653152,-62.9252724239));
#2188 = CARTESIAN_POINT('',(-12.18581878635,-44.40164209245));
#2189 = ( GEOMETRIC_REPRESENTATION_CONTEXT(2) 
PARAMETRIC_REPRESENTATION_CONTEXT() REPRESENTATION_CONTEXT('2D SPACE',''
  ) );
#2190 = ORIENTED_EDGE('',*,*,#2191,.T.);
#2191 = EDGE_CURVE('',#2171,#769,#2192,.T.);
#2192 = SURFACE_CURVE('',#2193,(#2220,#2250),.PCURVE_S1.);
#2193 = B_SPLINE_CURVE_WITH_KNOTS('',7,(#2194,#2195,#2196,#2197,#2198,
    #2199,#2200,#2201,#2202,#2203,#2204,#2205,#2206,#2207,#2208,#2209,
    #2210,#2211,#2212,#2213,#2214,#2215,#2216,#2217,#2218,#2219),
  .UNSPECIFIED.,.F.,.F.,(8,6,6,6,8),(0.,0.233603822794,0.472928540183,
    0.733494791967,1.),.UNSPECIFIED.);
#2194 = CARTESIAN_POINT('',(-13.06699812163,-48.26234101335,
    8.881784197001E-16));
#2195 = CARTESIAN_POINT('',(-11.24160317763,-47.62192082932,
    1.877506615357));
#2196 = CARTESIAN_POINT('',(-9.471081593376,-46.89868133573,
    3.765762412411));
#2197 = CARTESIAN_POINT('',(-7.760904185513,-46.09587672252,
    5.664707751194));
#2198 = CARTESIAN_POINT('',(-6.116352422613,-45.21726922267,
    7.574288049143));
#2199 = CARTESIAN_POINT('',(-4.542480593619,-44.26712693784,
    9.494439857108));
#2200 = CARTESIAN_POINT('',(-3.044060464808,-43.25022252591,
    11.425070445653));
#2201 = CARTESIAN_POINT('',(-0.17221642896,-41.06703350077,
    15.354524955489));
#2202 = CARTESIAN_POINT('',(1.197272449972,-39.8976814934,
    17.353894812787));
#2203 = CARTESIAN_POINT('',(2.478196478845,-38.66945234597,
    19.363971069989));
#2204 = CARTESIAN_POINT('',(3.666238669224,-37.38853769845,
    21.38459048303));
#2205 = CARTESIAN_POINT('',(4.757581339009,-36.06161830882,
    23.415575069597));
#2206 = CARTESIAN_POINT('',(5.748975060816,-34.69582658758,
    25.456704782727));
#2207 = CARTESIAN_POINT('',(7.605559541743,-31.77756688718,
    29.740699673541));
#2208 = CARTESIAN_POINT('',(8.45176371298,-30.21925080484,
    31.985446862638));
#2209 = CARTESIAN_POINT('',(9.173062484067,-28.63348782705,
    34.241523312693));
#2210 = CARTESIAN_POINT('',(9.76705486364,-27.03049722261,36.50853997335
    ));
#2211 = CARTESIAN_POINT('',(10.232383608702,-25.42088169803,
    38.786081758787));
#2212 = CARTESIAN_POINT('',(10.568803791764,-23.81549596041,
    41.073660138375));
#2213 = CARTESIAN_POINT('',(10.990441598461,-20.59882343541,
    45.720008796165));
#2214 = CARTESIAN_POINT('',(11.069765133928,-18.98819396098,
    48.079274138986));
#2215 = CARTESIAN_POINT('',(11.016197741874,-17.40509990167,
    50.447790948004));
#2216 = CARTESIAN_POINT('',(10.832038597469,-15.8612457796,
    52.82490391558));
#2217 = CARTESIAN_POINT('',(10.52081565623,-14.36811453415,
    55.20989624944));
#2218 = CARTESIAN_POINT('',(10.087362478326,-12.93680964262,
    57.601951367233));
#2219 = CARTESIAN_POINT('',(9.537254046431,-11.57759842341,60.));
#2220 = PCURVE('',#811,#2221);
#2221 = DEFINITIONAL_REPRESENTATION('',(#2222),#2249);
#2222 = B_SPLINE_CURVE_WITH_KNOTS('',7,(#2223,#2224,#2225,#2226,#2227,
    #2228,#2229,#2230,#2231,#2232,#2233,#2234,#2235,#2236,#2237,#2238,
    #2239,#2240,#2241,#2242,#2243,#2244,#2245,#2246,#2247,#2248),
  .UNSPECIFIED.,.F.,.F.,(8,6,6,6,8),(0.,0.233603822794,0.472928540183,
    0.733494791967,1.),.UNSPECIFIED.);
#2223 = CARTESIAN_POINT('',(3.791579790138,9.999940209136E-11));
#2224 = CARTESIAN_POINT('',(3.788193379118,3.533818100967E-02));
#2225 = CARTESIAN_POINT('',(3.784659901743,7.051744352998E-02));
#2226 = CARTESIAN_POINT('',(3.780968053123,0.105536226364));
#2227 = CARTESIAN_POINT('',(3.777105323391,0.140393764943));
#2228 = CARTESIAN_POINT('',(3.773057520404,0.175089862035));
#2229 = CARTESIAN_POINT('',(3.76880834314,0.209624614126));
#2230 = CARTESIAN_POINT('',(3.759760215584,0.279213370225));
#2231 = CARTESIAN_POINT('',(3.754950270729,0.314259976952));
#2232 = CARTESIAN_POINT('',(3.74988896675,0.34913780503));
#2233 = CARTESIAN_POINT('',(3.74455317228,0.383847936558));
#2234 = CARTESIAN_POINT('',(3.738916219119,0.418392326255));
#2235 = CARTESIAN_POINT('',(3.732946948645,0.45277343996));
#2236 = CARTESIAN_POINT('',(3.719707296784,0.524251530592));
#2237 = CARTESIAN_POINT('',(3.712368257128,0.56131964965));
#2238 = CARTESIAN_POINT('',(3.704543778481,0.598201159408));
#2239 = CARTESIAN_POINT('',(3.696177726216,0.634901165011));
#2240 = CARTESIAN_POINT('',(3.687203259341,0.671426323151));
#2241 = CARTESIAN_POINT('',(3.677539598342,0.707784152915));
#2242 = CARTESIAN_POINT('',(3.656397475122,0.781005409669));
#2243 = CARTESIAN_POINT('',(3.644882261583,0.817862430798));
#2244 = CARTESIAN_POINT('',(3.632436860939,0.854561405537));
#2245 = CARTESIAN_POINT('',(3.61893150747,0.891112847874));
#2246 = CARTESIAN_POINT('',(3.604221293865,0.927528519857));
#2247 = CARTESIAN_POINT('',(3.588112798703,0.963820763662));
#2248 = CARTESIAN_POINT('',(3.570436805856,0.999999999995));
#2249 = ( GEOMETRIC_REPRESENTATION_CONTEXT(2) 
PARAMETRIC_REPRESENTATION_CONTEXT() REPRESENTATION_CONTEXT('2D SPACE',''
  ) );
#2250 = PCURVE('',#785,#2251);
#2251 = DEFINITIONAL_REPRESENTATION('',(#2252),#2279);
#2252 = B_SPLINE_CURVE_WITH_KNOTS('',7,(#2253,#2254,#2255,#2256,#2257,
    #2258,#2259,#2260,#2261,#2262,#2263,#2264,#2265,#2266,#2267,#2268,
    #2269,#2270,#2271,#2272,#2273,#2274,#2275,#2276,#2277,#2278),
  .UNSPECIFIED.,.F.,.F.,(8,6,6,6,8),(0.,0.233603822794,0.472928540183,
    0.733494791967,1.),.UNSPECIFIED.);
#2253 = CARTESIAN_POINT('',(-4.447978830774,0.));
#2254 = CARTESIAN_POINT('',(-4.479870616346,-1.877506615389));
#2255 = CARTESIAN_POINT('',(-4.511900179465,-3.765762412366));
#2256 = CARTESIAN_POINT('',(-4.544061378644,-5.664707751201));
#2257 = CARTESIAN_POINT('',(-4.576347404857,-7.574288049171));
#2258 = CARTESIAN_POINT('',(-4.608750227831,-9.49443985709));
#2259 = CARTESIAN_POINT('',(-4.64125982136,-11.42507044565));
#2260 = CARTESIAN_POINT('',(-4.707264961071,-15.35452495548));
#2261 = CARTESIAN_POINT('',(-4.740765714378,-17.35389481278));
#2262 = CARTESIAN_POINT('',(-4.774351283794,-19.36397106998));
#2263 = CARTESIAN_POINT('',(-4.80800521691,-21.38459048303));
#2264 = CARTESIAN_POINT('',(-4.841707864034,-23.41557506959));
#2265 = CARTESIAN_POINT('',(-4.875434372043,-25.45670478272));
#2266 = CARTESIAN_POINT('',(-4.945861356416,-29.74069967354));
#2267 = CARTESIAN_POINT('',(-4.982560915147,-31.98544686263));
#2268 = CARTESIAN_POINT('',(-5.019207606863,-34.24152331269));
#2269 = CARTESIAN_POINT('',(-5.055746900108,-36.50853997335));
#2270 = CARTESIAN_POINT('',(-5.092111490633,-38.78608175878));
#2271 = CARTESIAN_POINT('',(-5.128208015751,-41.07366013837));
#2272 = CARTESIAN_POINT('',(-5.200388005654,-45.72000879616));
#2273 = CARTESIAN_POINT('',(-5.23645391683,-48.07927413898));
#2274 = CARTESIAN_POINT('',(-5.271927948776,-50.44779094801));
#2275 = CARTESIAN_POINT('',(-5.306612973279,-52.82490391556));
#2276 = CARTESIAN_POINT('',(-5.340160134794,-55.20989624944));
#2277 = CARTESIAN_POINT('',(-5.372147874975,-57.60195136723));
#2278 = CARTESIAN_POINT('',(-5.401455466915,-60.));
#2279 = ( GEOMETRIC_REPRESENTATION_CONTEXT(2) 
PARAMETRIC_REPRESENTATION_CONTEXT() REPRESENTATION_CONTEXT('2D SPACE',''
  ) );
#2280 = ORIENTED_EDGE('',*,*,#797,.F.);
#2281 = ADVANCED_FACE('',(#2282),#785,.T.);
#2282 = FACE_BOUND('',#2283,.T.);
#2283 = EDGE_LOOP('',(#2284,#2285,#2286,#2378));
#2284 = ORIENTED_EDGE('',*,*,#2191,.T.);
#2285 = ORIENTED_EDGE('',*,*,#768,.F.);
#2286 = ORIENTED_EDGE('',*,*,#2287,.F.);
#2287 = EDGE_CURVE('',#2288,#721,#2290,.T.);
#2288 = VERTEX_POINT('',#2289);
#2289 = CARTESIAN_POINT('',(-44.14462273512,-23.47876239441,0.));
#2290 = SURFACE_CURVE('',#2291,(#2318,#2348),.PCURVE_S1.);
#2291 = B_SPLINE_CURVE_WITH_KNOTS('',7,(#2292,#2293,#2294,#2295,#2296,
    #2297,#2298,#2299,#2300,#2301,#2302,#2303,#2304,#2305,#2306,#2307,
    #2308,#2309,#2310,#2311,#2312,#2313,#2314,#2315,#2316,#2317),
  .UNSPECIFIED.,.F.,.F.,(8,6,6,6,8),(0.,0.229432314751,0.465540906057,
    0.730107600858,1.),.UNSPECIFIED.);
#2292 = CARTESIAN_POINT('',(-44.14462273512,-23.47876239441,0.));
#2293 = CARTESIAN_POINT('',(-42.41622434645,-24.43398963432,
    1.847037990902));
#2294 = CARTESIAN_POINT('',(-40.65994997831,-25.29291055623,
    3.704234378214));
#2295 = CARTESIAN_POINT('',(-38.88172753837,-26.05343806809,
    5.571526616492));
#2296 = CARTESIAN_POINT('',(-37.08774252652,-26.71393958046,
    7.448857683835));
#2297 = CARTESIAN_POINT('',(-35.28441430939,-27.27326221858,
    9.336163009055));
#2298 = CARTESIAN_POINT('',(-33.47836295949,-27.73077196085,
    11.233351257344));
#2299 = CARTESIAN_POINT('',(-29.82193386714,-28.45239010154,
    15.102696594192));
#2300 = CARTESIAN_POINT('',(-27.97176431037,-28.71048934356,
    17.075461587893));
#2301 = CARTESIAN_POINT('',(-26.13325529316,-28.86062806779,
    19.058408279559));
#2302 = CARTESIAN_POINT('',(-24.31391551894,-28.90338582339,
    21.051378799789));
#2303 = CARTESIAN_POINT('',(-22.521313539,-28.84002095152,
    23.054202869663));
#2304 = CARTESIAN_POINT('',(-20.76301017845,-28.67249945985,
    25.066671324632));
#2305 = CARTESIAN_POINT('',(-17.12304618025,-28.10214149294,
    29.354026292894));
#2306 = CARTESIAN_POINT('',(-15.25200765717,-27.67336770131,
    31.631368220646));
#2307 = CARTESIAN_POINT('',(-13.44389592739,-27.12101178827,
    33.920108020858));
#2308 = CARTESIAN_POINT('',(-11.70898334514,-26.45003195426,
    36.219845404149));
#2309 = CARTESIAN_POINT('',(-10.05714863475,-25.6665336989,
    38.530157035469));
#2310 = CARTESIAN_POINT('',(-8.497720698281,-24.7777409838,
    40.850542457556));
#2311 = CARTESIAN_POINT('',(-5.551512649033,-22.78630742653,
    45.557076231658));
#2312 = CARTESIAN_POINT('',(-4.168794786123,-21.67969249747,
    47.943679102681));
#2313 = CARTESIAN_POINT('',(-2.900280853653,-20.48088916599,
    50.339482782415));
#2314 = CARTESIAN_POINT('',(-1.754200394157,-19.19979033545,
    52.743819332432));
#2315 = CARTESIAN_POINT('',(-0.73775573591,-17.84717003795,
    55.155956716684));
#2316 = CARTESIAN_POINT('',(0.143056092528,-16.43465252009,
    57.575060467115));
#2317 = CARTESIAN_POINT('',(0.883464885613,-14.97396039115,60.));
#2318 = PCURVE('',#785,#2319);
#2319 = DEFINITIONAL_REPRESENTATION('',(#2320),#2347);
#2320 = B_SPLINE_CURVE_WITH_KNOTS('',7,(#2321,#2322,#2323,#2324,#2325,
    #2326,#2327,#2328,#2329,#2330,#2331,#2332,#2333,#2334,#2335,#2336,
    #2337,#2338,#2339,#2340,#2341,#2342,#2343,#2344,#2345,#2346),
  .UNSPECIFIED.,.F.,.F.,(8,6,6,6,8),(0.,0.229432314751,0.465540906057,
    0.730107600858,1.),.UNSPECIFIED.);
#2321 = CARTESIAN_POINT('',(-3.630402278457,0.));
#2322 = CARTESIAN_POINT('',(-3.663501798946,-1.847037990936));
#2323 = CARTESIAN_POINT('',(-3.696826814147,-3.704234378165));
#2324 = CARTESIAN_POINT('',(-3.730380912368,-5.5715266165));
#2325 = CARTESIAN_POINT('',(-3.764168693701,-7.448857683867));
#2326 = CARTESIAN_POINT('',(-3.798195592002,-9.336163009034));
#2327 = CARTESIAN_POINT('',(-3.83246786376,-11.23335125734));
#2328 = CARTESIAN_POINT('',(-3.902522267316,-15.10269659419));
#2329 = CARTESIAN_POINT('',(-3.938319915301,-17.07546158789));
#2330 = CARTESIAN_POINT('',(-3.974393371153,-19.05840827955));
#2331 = CARTESIAN_POINT('',(-4.010752726504,-21.05137879978));
#2332 = CARTESIAN_POINT('',(-4.047410573885,-23.05420286966));
#2333 = CARTESIAN_POINT('',(-4.084382914414,-25.06667132463));
#2334 = CARTESIAN_POINT('',(-4.163495565594,-29.35402629289));
#2335 = CARTESIAN_POINT('',(-4.205722936351,-31.63136822064));
#2336 = CARTESIAN_POINT('',(-4.248401728607,-33.92010802085));
#2337 = CARTESIAN_POINT('',(-4.291573351128,-36.21984540415));
#2338 = CARTESIAN_POINT('',(-4.335291446742,-38.53015703546));
#2339 = CARTESIAN_POINT('',(-4.379633791464,-40.85054245755));
#2340 = CARTESIAN_POINT('',(-4.470726984769,-45.55707623165));
#2341 = CARTESIAN_POINT('',(-4.517509138877,-47.94367910267));
#2342 = CARTESIAN_POINT('',(-4.565213269955,-50.33948278241));
#2343 = CARTESIAN_POINT('',(-4.61401548439,-52.74381933243));
#2344 = CARTESIAN_POINT('',(-4.664248679791,-55.15595671668));
#2345 = CARTESIAN_POINT('',(-4.716310424062,-57.57506046711));
#2346 = CARTESIAN_POINT('',(-4.771320744709,-60.));
#2347 = ( GEOMETRIC_REPRESENTATION_CONTEXT(2) 
PARAMETRIC_REPRESENTATION_CONTEXT() REPRESENTATION_CONTEXT('2D SPACE',''
  ) );
#2348 = PCURVE('',#734,#2349);
#2349 = DEFINITIONAL_REPRESENTATION('',(#2350),#2377);
#2350 = B_SPLINE_CURVE_WITH_KNOTS('',7,(#2351,#2352,#2353,#2354,#2355,
    #2356,#2357,#2358,#2359,#2360,#2361,#2362,#2363,#2364,#2365,#2366,
    #2367,#2368,#2369,#2370,#2371,#2372,#2373,#2374,#2375,#2376),
  .UNSPECIFIED.,.F.,.F.,(8,6,6,6,8),(0.,0.229432314751,0.465540906057,
    0.730107600858,1.),.UNSPECIFIED.);
#2351 = CARTESIAN_POINT('',(1.208420209862,9.999940213097E-11));
#2352 = CARTESIAN_POINT('',(1.211751669663,3.47647045946E-02));
#2353 = CARTESIAN_POINT('',(1.215225007912,6.937100039743E-02));
#2354 = CARTESIAN_POINT('',(1.218850940254,0.103817459301));
#2355 = CARTESIAN_POINT('',(1.22264126889,0.138103415577));
#2356 = CARTESIAN_POINT('',(1.22660935319,0.172228746701));
#2357 = CARTESIAN_POINT('',(1.230770504379,0.206193610402));
#2358 = CARTESIAN_POINT('',(1.239641319766,0.274786347362));
#2359 = CARTESIAN_POINT('',(1.244363498411,0.309405335825));
#2360 = CARTESIAN_POINT('',(1.249328006746,0.343855059919));
#2361 = CARTESIAN_POINT('',(1.254556743148,0.378136633575));
#2362 = CARTESIAN_POINT('',(1.260074894813,0.412252012744));
#2363 = CARTESIAN_POINT('',(1.265911804816,0.446203637349));
#2364 = CARTESIAN_POINT('',(1.279038614367,0.517857170575));
#2365 = CARTESIAN_POINT('',(1.286419063572,0.555518909474));
#2366 = CARTESIAN_POINT('',(1.294292112942,0.592982327014));
#2367 = CARTESIAN_POINT('',(1.302715260911,0.630252885318));
#2368 = CARTESIAN_POINT('',(1.311757124525,0.66733773479));
#2369 = CARTESIAN_POINT('',(1.321500840705,0.704244918573));
#2370 = CARTESIAN_POINT('',(1.342808750601,0.778459556353));
#2371 = CARTESIAN_POINT('',(1.354406110096,0.81576123121));
#2372 = CARTESIAN_POINT('',(1.366948265851,0.852895930458));
#2373 = CARTESIAN_POINT('',(1.380568559147,0.88987477125));
#2374 = CARTESIAN_POINT('',(1.395415409802,0.926710148883));
#2375 = CARTESIAN_POINT('',(1.411689030158,0.963415062036));
#2376 = CARTESIAN_POINT('',(1.429563194144,0.999999999995));
#2377 = ( GEOMETRIC_REPRESENTATION_CONTEXT(2) 
PARAMETRIC_REPRESENTATION_CONTEXT() REPRESENTATION_CONTEXT('2D SPACE',''
  ) );
#2378 = ORIENTED_EDGE('',*,*,#2379,.T.);
#2379 = EDGE_CURVE('',#2288,#2171,#2380,.T.);
#2380 = SURFACE_CURVE('',#2381,(#2386,#2392),.PCURVE_S1.);
#2381 = CIRCLE('',#2382,50.);
#2382 = AXIS2_PLACEMENT_3D('',#2383,#2384,#2385);
#2383 = CARTESIAN_POINT('',(0.,0.,0.));
#2384 = DIRECTION('',(0.,0.,1.));
#2385 = DIRECTION('',(1.,0.,0.));
#2386 = PCURVE('',#785,#2387);
#2387 = DEFINITIONAL_REPRESENTATION('',(#2388),#2391);
#2388 = B_SPLINE_CURVE_WITH_KNOTS('',1,(#2389,#2390),.UNSPECIFIED.,.F.,
  .F.,(2,2),(1.835206476405,6.243174632826),.PIECEWISE_BEZIER_KNOTS.);
#2389 = CARTESIAN_POINT('',(-1.835206476405,0.));
#2390 = CARTESIAN_POINT('',(-6.243174632826,0.));
#2391 = ( GEOMETRIC_REPRESENTATION_CONTEXT(2) 
PARAMETRIC_REPRESENTATION_CONTEXT() REPRESENTATION_CONTEXT('2D SPACE',''
  ) );
#2392 = PCURVE('',#1378,#2393);
#2393 = DEFINITIONAL_REPRESENTATION('',(#2394),#2398);
#2394 = CIRCLE('',#2395,50.);
#2395 = AXIS2_PLACEMENT_2D('',#2396,#2397);
#2396 = CARTESIAN_POINT('',(0.,0.));
#2397 = DIRECTION('',(1.,0.));
#2398 = ( GEOMETRIC_REPRESENTATION_CONTEXT(2) 
PARAMETRIC_REPRESENTATION_CONTEXT() REPRESENTATION_CONTEXT('2D SPACE',''
  ) );
#2399 = ADVANCED_FACE('',(#2400),#734,.F.);
#2400 = FACE_BOUND('',#2401,.F.);
#2401 = EDGE_LOOP('',(#2402,#2403,#2424,#2455));
#2402 = ORIENTED_EDGE('',*,*,#2287,.F.);
#2403 = ORIENTED_EDGE('',*,*,#2404,.T.);
#2404 = EDGE_CURVE('',#2288,#2405,#2407,.T.);
#2405 = VERTEX_POINT('',#2406);
#2406 = CARTESIAN_POINT('',(-57.69520893542,-30.00438077844,0.));
#2407 = SURFACE_CURVE('',#2408,(#2411,#2418),.PCURVE_S1.);
#2408 = B_SPLINE_CURVE_WITH_KNOTS('',1,(#2409,#2410),.UNSPECIFIED.,.F.,
  .F.,(2,2),(1.,2.),.PIECEWISE_BEZIER_KNOTS.);
#2409 = CARTESIAN_POINT('',(-40.57680044527,-21.76058973521,0.));
#2410 = CARTESIAN_POINT('',(-57.69520893542,-30.00438077844,0.));
#2411 = PCURVE('',#734,#2412);
#2412 = DEFINITIONAL_REPRESENTATION('',(#2413),#2417);
#2413 = LINE('',#2414,#2415);
#2414 = CARTESIAN_POINT('',(0.,0.));
#2415 = VECTOR('',#2416,1.);
#2416 = DIRECTION('',(1.,0.));
#2417 = ( GEOMETRIC_REPRESENTATION_CONTEXT(2) 
PARAMETRIC_REPRESENTATION_CONTEXT() REPRESENTATION_CONTEXT('2D SPACE',''
  ) );
#2418 = PCURVE('',#1378,#2419);
#2419 = DEFINITIONAL_REPRESENTATION('',(#2420),#2423);
#2420 = B_SPLINE_CURVE_WITH_KNOTS('',1,(#2421,#2422),.UNSPECIFIED.,.F.,
  .F.,(2,2),(1.,2.),.PIECEWISE_BEZIER_KNOTS.);
#2421 = CARTESIAN_POINT('',(-40.57680044527,-21.76058973521));
#2422 = CARTESIAN_POINT('',(-57.69520893542,-30.00438077844));
#2423 = ( GEOMETRIC_REPRESENTATION_CONTEXT(2) 
PARAMETRIC_REPRESENTATION_CONTEXT() REPRESENTATION_CONTEXT('2D SPACE',''
  ) );
#2424 = ORIENTED_EDGE('',*,*,#2425,.T.);
#2425 = EDGE_CURVE('',#2405,#673,#2426,.T.);
#2426 = SURFACE_CURVE('',#2427,(#2441,#2448),.PCURVE_S1.);
#2427 = ( BOUNDED_CURVE() B_SPLINE_CURVE(7,(#2428,#2429,#2430,#2431,
    #2432,#2433,#2434,#2435,#2436,#2437,#2438,#2439,#2440),
.UNSPECIFIED.,.F.,.F.) B_SPLINE_CURVE_WITH_KNOTS((8,5,8),(0.,
0.528295033397,1.),.UNSPECIFIED.) CURVE() GEOMETRIC_REPRESENTATION_ITEM(
) RATIONAL_B_SPLINE_CURVE((1.,1.,1.,1.,1.,1.,1.,1.,1.,1.,1.,1.,1.)) 
REPRESENTATION_ITEM('') );
#2428 = CARTESIAN_POINT('',(-57.69520893542,-30.00438077844,0.));
#2429 = CARTESIAN_POINT('',(-52.88592325681,-32.73724804147,
    4.009735946892));
#2430 = CARTESIAN_POINT('',(-47.85505283289,-34.91590939372,
    8.107010349125));
#2431 = CARTESIAN_POINT('',(-42.67133095983,-36.49328293244,
    12.295077687981));
#2432 = CARTESIAN_POINT('',(-37.41813287662,-37.43013114111,
    16.576756995783));
#2433 = CARTESIAN_POINT('',(-32.19413356289,-37.69955494767,
    20.954091505756));
#2434 = CARTESIAN_POINT('',(-22.5761101509,-36.93555075123,
    29.42188746029));
#2435 = CARTESIAN_POINT('',(-13.89641571775,-33.84468647748,
    38.226846193516));
#2436 = CARTESIAN_POINT('',(-10.09571393653,-31.88577020978,
    42.453746762794));
#2437 = CARTESIAN_POINT('',(-6.676647854808,-29.46124092264,
    46.751113780887));
#2438 = CARTESIAN_POINT('',(-3.725820915794,-26.62913587618,
    51.113702778644));
#2439 = CARTESIAN_POINT('',(-1.316943641427,-23.4730365189,
    55.533462343515));
#2440 = CARTESIAN_POINT('',(0.499805722634,-20.09353613079,60.));
#2441 = PCURVE('',#734,#2442);
#2442 = DEFINITIONAL_REPRESENTATION('',(#2443),#2447);
#2443 = LINE('',#2444,#2445);
#2444 = CARTESIAN_POINT('',(2.,0.));
#2445 = VECTOR('',#2446,1.);
#2446 = DIRECTION('',(0.,1.));
#2447 = ( GEOMETRIC_REPRESENTATION_CONTEXT(2) 
PARAMETRIC_REPRESENTATION_CONTEXT() REPRESENTATION_CONTEXT('2D SPACE',''
  ) );
#2448 = PCURVE('',#686,#2449);
#2449 = DEFINITIONAL_REPRESENTATION('',(#2450),#2454);
#2450 = LINE('',#2451,#2452);
#2451 = CARTESIAN_POINT('',(2.,0.));
#2452 = VECTOR('',#2453,1.);
#2453 = DIRECTION('',(0.,1.));
#2454 = ( GEOMETRIC_REPRESENTATION_CONTEXT(2) 
PARAMETRIC_REPRESENTATION_CONTEXT() REPRESENTATION_CONTEXT('2D SPACE',''
  ) );
#2455 = ORIENTED_EDGE('',*,*,#720,.F.);
#2456 = ADVANCED_FACE('',(#2457),#686,.F.);
#2457 = FACE_BOUND('',#2458,.F.);
#2458 = EDGE_LOOP('',(#2459,#2480,#2511,#2512));
#2459 = ORIENTED_EDGE('',*,*,#2460,.T.);
#2460 = EDGE_CURVE('',#2405,#2461,#2463,.T.);
#2461 = VERTEX_POINT('',#2462);
#2462 = CARTESIAN_POINT('',(-59.43074389189,-26.40050530683,0.));
#2463 = SURFACE_CURVE('',#2464,(#2467,#2474),.PCURVE_S1.);
#2464 = B_SPLINE_CURVE_WITH_KNOTS('',1,(#2465,#2466),.UNSPECIFIED.,.F.,
  .F.,(2,2),(2.,3.),.PIECEWISE_BEZIER_KNOTS.);
#2465 = CARTESIAN_POINT('',(-57.69520893542,-30.00438077844,0.));
#2466 = CARTESIAN_POINT('',(-59.43074389189,-26.40050530683,0.));
#2467 = PCURVE('',#686,#2468);
#2468 = DEFINITIONAL_REPRESENTATION('',(#2469),#2473);
#2469 = LINE('',#2470,#2471);
#2470 = CARTESIAN_POINT('',(0.,0.));
#2471 = VECTOR('',#2472,1.);
#2472 = DIRECTION('',(1.,0.));
#2473 = ( GEOMETRIC_REPRESENTATION_CONTEXT(2) 
PARAMETRIC_REPRESENTATION_CONTEXT() REPRESENTATION_CONTEXT('2D SPACE',''
  ) );
#2474 = PCURVE('',#1378,#2475);
#2475 = DEFINITIONAL_REPRESENTATION('',(#2476),#2479);
#2476 = B_SPLINE_CURVE_WITH_KNOTS('',1,(#2477,#2478),.UNSPECIFIED.,.F.,
  .F.,(2,2),(2.,3.),.PIECEWISE_BEZIER_KNOTS.);
#2477 = CARTESIAN_POINT('',(-57.69520893542,-30.00438077844));
#2478 = CARTESIAN_POINT('',(-59.43074389189,-26.40050530683));
#2479 = ( GEOMETRIC_REPRESENTATION_CONTEXT(2) 
PARAMETRIC_REPRESENTATION_CONTEXT() REPRESENTATION_CONTEXT('2D SPACE',''
  ) );
#2480 = ORIENTED_EDGE('',*,*,#2481,.T.);
#2481 = EDGE_CURVE('',#2461,#625,#2482,.T.);
#2482 = SURFACE_CURVE('',#2483,(#2497,#2504),.PCURVE_S1.);
#2483 = ( BOUNDED_CURVE() B_SPLINE_CURVE(7,(#2484,#2485,#2486,#2487,
    #2488,#2489,#2490,#2491,#2492,#2493,#2494,#2495,#2496),
.UNSPECIFIED.,.F.,.F.) B_SPLINE_CURVE_WITH_KNOTS((8,5,8),(0.,
0.528295033397,1.),.UNSPECIFIED.) CURVE() GEOMETRIC_REPRESENTATION_ITEM(
) RATIONAL_B_SPLINE_CURVE((1.,1.,1.,1.,1.,1.,1.,1.,1.,1.,1.,1.,1.)) 
REPRESENTATION_ITEM('') );
#2484 = CARTESIAN_POINT('',(-59.43074389189,-26.40050530683,0.));
#2485 = CARTESIAN_POINT('',(-54.87366858798,-29.25483074459,
    4.009735946892));
#2486 = CARTESIAN_POINT('',(-50.09059787759,-31.57819365969,
    8.107010349125));
#2487 = CARTESIAN_POINT('',(-45.14767322959,-33.32425931441,
    12.295077687981));
#2488 = CARTESIAN_POINT('',(-40.12529811133,-34.45423336469,
    16.576756995783));
#2489 = CARTESIAN_POINT('',(-35.11879208778,-34.94122414316,
    20.954091505756));
#2490 = CARTESIAN_POINT('',(-25.8802050234,-34.63400658055,
    29.42188746029));
#2491 = CARTESIAN_POINT('',(-17.50541469063,-32.07924370668,
    38.226846193516));
#2492 = CARTESIAN_POINT('',(-13.82927441084,-30.38970826533,
    42.453746762794));
#2493 = CARTESIAN_POINT('',(-10.51279652716,-28.24932416516,
    46.751113780887));
#2494 = CARTESIAN_POINT('',(-7.639994930215,-25.71368916431,
    51.113702778644));
#2495 = CARTESIAN_POINT('',(-5.282456158643,-22.86316486965,
    55.533462343515));
#2496 = CARTESIAN_POINT('',(-3.489009466091,-19.79461575645,60.));
#2497 = PCURVE('',#686,#2498);
#2498 = DEFINITIONAL_REPRESENTATION('',(#2499),#2503);
#2499 = LINE('',#2500,#2501);
#2500 = CARTESIAN_POINT('',(3.,0.));
#2501 = VECTOR('',#2502,1.);
#2502 = DIRECTION('',(0.,1.));
#2503 = ( GEOMETRIC_REPRESENTATION_CONTEXT(2) 
PARAMETRIC_REPRESENTATION_CONTEXT() REPRESENTATION_CONTEXT('2D SPACE',''
  ) );
#2504 = PCURVE('',#638,#2505);
#2505 = DEFINITIONAL_REPRESENTATION('',(#2506),#2510);
#2506 = LINE('',#2507,#2508);
#2507 = CARTESIAN_POINT('',(3.,0.));
#2508 = VECTOR('',#2509,1.);
#2509 = DIRECTION('',(0.,1.));
#2510 = ( GEOMETRIC_REPRESENTATION_CONTEXT(2) 
PARAMETRIC_REPRESENTATION_CONTEXT() REPRESENTATION_CONTEXT('2D SPACE',''
  ) );
#2511 = ORIENTED_EDGE('',*,*,#672,.F.);
#2512 = ORIENTED_EDGE('',*,*,#2425,.F.);
#2513 = ADVANCED_FACE('',(#2514),#638,.F.);
#2514 = FACE_BOUND('',#2515,.F.);
#2515 = EDGE_LOOP('',(#2516,#2517,#2538,#2628));
#2516 = ORIENTED_EDGE('',*,*,#2481,.F.);
#2517 = ORIENTED_EDGE('',*,*,#2518,.T.);
#2518 = EDGE_CURVE('',#2461,#2519,#2521,.T.);
#2519 = VERTEX_POINT('',#2520);
#2520 = CARTESIAN_POINT('',(-45.88015769159,-19.8748869228,0.));
#2521 = SURFACE_CURVE('',#2522,(#2525,#2532),.PCURVE_S1.);
#2522 = B_SPLINE_CURVE_WITH_KNOTS('',1,(#2523,#2524),.UNSPECIFIED.,.F.,
  .F.,(2,2),(3.,4.),.PIECEWISE_BEZIER_KNOTS.);
#2523 = CARTESIAN_POINT('',(-59.43074389189,-26.40050530683,0.));
#2524 = CARTESIAN_POINT('',(-42.31233540174,-18.1567142636,0.));
#2525 = PCURVE('',#638,#2526);
#2526 = DEFINITIONAL_REPRESENTATION('',(#2527),#2531);
#2527 = LINE('',#2528,#2529);
#2528 = CARTESIAN_POINT('',(0.,0.));
#2529 = VECTOR('',#2530,1.);
#2530 = DIRECTION('',(1.,0.));
#2531 = ( GEOMETRIC_REPRESENTATION_CONTEXT(2) 
PARAMETRIC_REPRESENTATION_CONTEXT() REPRESENTATION_CONTEXT('2D SPACE',''
  ) );
#2532 = PCURVE('',#1378,#2533);
#2533 = DEFINITIONAL_REPRESENTATION('',(#2534),#2537);
#2534 = B_SPLINE_CURVE_WITH_KNOTS('',1,(#2535,#2536),.UNSPECIFIED.,.F.,
  .F.,(2,2),(3.,4.),.PIECEWISE_BEZIER_KNOTS.);
#2535 = CARTESIAN_POINT('',(-59.43074389189,-26.40050530683));
#2536 = CARTESIAN_POINT('',(-42.31233540174,-18.1567142636));
#2537 = ( GEOMETRIC_REPRESENTATION_CONTEXT(2) 
PARAMETRIC_REPRESENTATION_CONTEXT() REPRESENTATION_CONTEXT('2D SPACE',''
  ) );
#2538 = ORIENTED_EDGE('',*,*,#2539,.T.);
#2539 = EDGE_CURVE('',#2519,#596,#2540,.T.);
#2540 = SURFACE_CURVE('',#2541,(#2568,#2598),.PCURVE_S1.);
#2541 = B_SPLINE_CURVE_WITH_KNOTS('',7,(#2542,#2543,#2544,#2545,#2546,
    #2547,#2548,#2549,#2550,#2551,#2552,#2553,#2554,#2555,#2556,#2557,
    #2558,#2559,#2560,#2561,#2562,#2563,#2564,#2565,#2566,#2567),
  .UNSPECIFIED.,.F.,.F.,(8,6,6,6,8),(0.,0.233603822794,0.472928540184,
    0.733494791967,1.),.UNSPECIFIED.);
#2542 = CARTESIAN_POINT('',(-45.88015769159,-19.8748869228,0.));
#2543 = CARTESIAN_POINT('',(-44.24134189775,-20.90274270432,
    1.877506615357));
#2544 = CARTESIAN_POINT('',(-42.57198834055,-21.83605977072,
    3.76576241241));
#2545 = CARTESIAN_POINT('',(-40.8780522465,-22.67258981957,
    5.664707751195));
#2546 = CARTESIAN_POINT('',(-39.16576798959,-23.41054934636,
    7.574288049143));
#2547 = CARTESIAN_POINT('',(-37.44162380367,-24.04864786673,
    9.494439857107));
#2548 = CARTESIAN_POINT('',(-35.71232625055,-24.5861303671,
    11.425070445654));
#2549 = CARTESIAN_POINT('',(-32.21487486964,-25.47023235436,
    15.354524955489));
#2550 = CARTESIAN_POINT('',(-30.44677630642,-25.81186282342,
    17.353894812788));
#2551 = CARTESIAN_POINT('',(-28.68786502231,-26.04754120807,
    19.363971069989));
#2552 = CARTESIAN_POINT('',(-26.94567343465,-26.17775277523,
    21.384590483029));
#2553 = CARTESIAN_POINT('',(-25.2278050562,-26.20367812531,
    23.415575069598));
#2554 = CARTESIAN_POINT('',(-23.54186221486,-26.12722373888,
    25.456704782727));
#2555 = CARTESIAN_POINT('',(-20.10271341692,-25.75925477356,
    29.740699673542));
#2556 = CARTESIAN_POINT('',(-18.35677317306,-25.44924964982,
    31.985446862638));
#2557 = CARTESIAN_POINT('',(-16.66725132542,-25.0244766925,
    34.241523312691));
#2558 = CARTESIAN_POINT('',(-15.04363461373,-24.48943034086,
    36.50853997335));
#2559 = CARTESIAN_POINT('',(-13.49505879488,-23.84966013895,
    38.786081758789));
#2560 = CARTESIAN_POINT('',(-12.03016313043,-23.11174239395,
    41.073660138373));
#2561 = CARTESIAN_POINT('',(-9.252380409046,-21.43582959017,
    45.720008796156));
#2562 = CARTESIAN_POINT('',(-7.943682163914,-20.4936361756,
    48.079274139014));
#2563 = CARTESIAN_POINT('',(-6.739368111334,-19.46471250073,
    50.447790947961));
#2564 = CARTESIAN_POINT('',(-5.647155702781,-18.35815378314,
    52.82490391562));
#2565 = CARTESIAN_POINT('',(-4.673823017625,-17.18387778528,
    55.209896249418));
#2566 = CARTESIAN_POINT('',(-3.825037428409,-15.95258644138,
    57.601951367239));
#2567 = CARTESIAN_POINT('',(-3.105350303112,-14.67504001681,60.));
#2568 = PCURVE('',#638,#2569);
#2569 = DEFINITIONAL_REPRESENTATION('',(#2570),#2597);
#2570 = B_SPLINE_CURVE_WITH_KNOTS('',7,(#2571,#2572,#2573,#2574,#2575,
    #2576,#2577,#2578,#2579,#2580,#2581,#2582,#2583,#2584,#2585,#2586,
    #2587,#2588,#2589,#2590,#2591,#2592,#2593,#2594,#2595,#2596),
  .UNSPECIFIED.,.F.,.F.,(8,6,6,6,8),(0.,0.233603822794,0.472928540184,
    0.733494791967,1.),.UNSPECIFIED.);
#2571 = CARTESIAN_POINT('',(3.791579790138,9.999940209136E-11));
#2572 = CARTESIAN_POINT('',(3.788193379118,3.533818100969E-02));
#2573 = CARTESIAN_POINT('',(3.784659901743,7.051744352997E-02));
#2574 = CARTESIAN_POINT('',(3.780968053123,0.105536226364));
#2575 = CARTESIAN_POINT('',(3.777105323391,0.140393764943));
#2576 = CARTESIAN_POINT('',(3.773057520404,0.175089862035));
#2577 = CARTESIAN_POINT('',(3.76880834314,0.209624614126));
#2578 = CARTESIAN_POINT('',(3.759760215584,0.279213370225));
#2579 = CARTESIAN_POINT('',(3.754950270729,0.314259976952));
#2580 = CARTESIAN_POINT('',(3.74988896675,0.34913780503));
#2581 = CARTESIAN_POINT('',(3.74455317228,0.383847936558));
#2582 = CARTESIAN_POINT('',(3.738916219119,0.418392326255));
#2583 = CARTESIAN_POINT('',(3.732946948645,0.45277343996));
#2584 = CARTESIAN_POINT('',(3.719707296784,0.524251530592));
#2585 = CARTESIAN_POINT('',(3.712368257128,0.56131964965));
#2586 = CARTESIAN_POINT('',(3.704543778481,0.598201159408));
#2587 = CARTESIAN_POINT('',(3.696177726216,0.634901165011));
#2588 = CARTESIAN_POINT('',(3.687203259341,0.671426323151));
#2589 = CARTESIAN_POINT('',(3.677539598342,0.707784152915));
#2590 = CARTESIAN_POINT('',(3.656397475122,0.781005409669));
#2591 = CARTESIAN_POINT('',(3.644882261582,0.817862430798));
#2592 = CARTESIAN_POINT('',(3.632436860939,0.854561405536));
#2593 = CARTESIAN_POINT('',(3.61893150747,0.891112847875));
#2594 = CARTESIAN_POINT('',(3.604221293865,0.927528519857));
#2595 = CARTESIAN_POINT('',(3.588112798702,0.963820763663));
#2596 = CARTESIAN_POINT('',(3.570436805856,0.999999999995));
#2597 = ( GEOMETRIC_REPRESENTATION_CONTEXT(2) 
PARAMETRIC_REPRESENTATION_CONTEXT() REPRESENTATION_CONTEXT('2D SPACE',''
  ) );
#2598 = PCURVE('',#612,#2599);
#2599 = DEFINITIONAL_REPRESENTATION('',(#2600),#2627);
#2600 = B_SPLINE_CURVE_WITH_KNOTS('',7,(#2601,#2602,#2603,#2604,#2605,
    #2606,#2607,#2608,#2609,#2610,#2611,#2612,#2613,#2614,#2615,#2616,
    #2617,#2618,#2619,#2620,#2621,#2622,#2623,#2624,#2625,#2626),
  .UNSPECIFIED.,.F.,.F.,(8,6,6,6,8),(0.,0.233603822794,0.472928540184,
    0.733494791967,1.),.UNSPECIFIED.);
#2601 = CARTESIAN_POINT('',(-3.550380929749,0.));
#2602 = CARTESIAN_POINT('',(-3.582272715321,-1.877506615388));
#2603 = CARTESIAN_POINT('',(-3.61430227844,-3.765762412366));
#2604 = CARTESIAN_POINT('',(-3.646463477619,-5.664707751202));
#2605 = CARTESIAN_POINT('',(-3.678749503832,-7.574288049171));
#2606 = CARTESIAN_POINT('',(-3.711152326806,-9.494439857089));
#2607 = CARTESIAN_POINT('',(-3.743661920334,-11.42507044565));
#2608 = CARTESIAN_POINT('',(-3.809667060045,-15.35452495548));
#2609 = CARTESIAN_POINT('',(-3.843167813353,-17.35389481278));
#2610 = CARTESIAN_POINT('',(-3.876753382769,-19.36397106998));
#2611 = CARTESIAN_POINT('',(-3.910407315884,-21.38459048302));
#2612 = CARTESIAN_POINT('',(-3.944109963008,-23.41557506959));
#2613 = CARTESIAN_POINT('',(-3.977836471018,-25.45670478272));
#2614 = CARTESIAN_POINT('',(-4.048263455391,-29.74069967354));
#2615 = CARTESIAN_POINT('',(-4.084963014121,-31.98544686263));
#2616 = CARTESIAN_POINT('',(-4.121609705838,-34.24152331269));
#2617 = CARTESIAN_POINT('',(-4.158148999083,-36.50853997335));
#2618 = CARTESIAN_POINT('',(-4.194513589607,-38.78608175879));
#2619 = CARTESIAN_POINT('',(-4.230610114725,-41.07366013837));
#2620 = CARTESIAN_POINT('',(-4.302790104628,-45.72000879615));
#2621 = CARTESIAN_POINT('',(-4.338856015804,-48.07927413901));
#2622 = CARTESIAN_POINT('',(-4.37433004775,-50.44779094796));
#2623 = CARTESIAN_POINT('',(-4.409015072253,-52.82490391561));
#2624 = CARTESIAN_POINT('',(-4.442562233768,-55.20989624941));
#2625 = CARTESIAN_POINT('',(-4.474549973949,-57.60195136724));
#2626 = CARTESIAN_POINT('',(-4.503857565889,-60.));
#2627 = ( GEOMETRIC_REPRESENTATION_CONTEXT(2) 
PARAMETRIC_REPRESENTATION_CONTEXT() REPRESENTATION_CONTEXT('2D SPACE',''
  ) );
#2628 = ORIENTED_EDGE('',*,*,#624,.F.);
#2629 = ADVANCED_FACE('',(#2630),#612,.T.);
#2630 = FACE_BOUND('',#2631,.T.);
#2631 = EDGE_LOOP('',(#2632,#2633,#2634,#2726));
#2632 = ORIENTED_EDGE('',*,*,#2539,.T.);
#2633 = ORIENTED_EDGE('',*,*,#595,.F.);
#2634 = ORIENTED_EDGE('',*,*,#2635,.F.);
#2635 = EDGE_CURVE('',#2636,#548,#2638,.T.);
#2636 = VERTEX_POINT('',#2637);
#2637 = CARTESIAN_POINT('',(-45.88015769159,19.874886922809,0.));
#2638 = SURFACE_CURVE('',#2639,(#2666,#2696),.PCURVE_S1.);
#2639 = B_SPLINE_CURVE_WITH_KNOTS('',7,(#2640,#2641,#2642,#2643,#2644,
    #2645,#2646,#2647,#2648,#2649,#2650,#2651,#2652,#2653,#2654,#2655,
    #2656,#2657,#2658,#2659,#2660,#2661,#2662,#2663,#2664,#2665),
  .UNSPECIFIED.,.F.,.F.,(8,6,6,6,8),(0.,0.229432314751,0.465540906057,
    0.730107600858,1.),.UNSPECIFIED.);
#2640 = CARTESIAN_POINT('',(-45.88015769159,19.874886922809,0.));
#2641 = CARTESIAN_POINT('',(-45.54934565178,17.927996205765,
    1.847037990901));
#2642 = CARTESIAN_POINT('',(-45.12585791168,16.019357177485,
    3.704234378215));
#2643 = CARTESIAN_POINT('',(-44.61175870699,14.154905743432,
    5.571526616491));
#2644 = CARTESIAN_POINT('',(-44.009628224,12.340495825021,7.448857683834
    ));
#2645 = CARTESIAN_POINT('',(-43.32256751856,10.581865090822,
    9.336163009056));
#2646 = CARTESIAN_POINT('',(-42.5542084403,8.884584627964,
    11.233351257343));
#2647 = CARTESIAN_POINT('',(-40.83864597071,5.575951698592,
    15.102696594192));
#2648 = CARTESIAN_POINT('',(-39.88687423337,3.968508645939,
    17.075461587894));
#2649 = CARTESIAN_POINT('',(-38.85796579186,2.437494452061,
    19.058408279558));
#2650 = CARTESIAN_POINT('',(-37.75705535596,0.988418314704,
    21.051378799789));
#2651 = CARTESIAN_POINT('',(-36.58984565097,-0.373586997338,
    23.054202869665));
#2652 = CARTESIAN_POINT('',(-35.36258786091,-1.643835978701,
    25.066671324631));
#2653 = CARTESIAN_POINT('',(-32.64718361409,-4.134062051768,
    29.354026292895));
#2654 = CARTESIAN_POINT('',(-31.14538132692,-5.329562787634,
    31.631368220643));
#2655 = CARTESIAN_POINT('',(-29.58619286043,-6.398813183023,
    33.920108020859));
#2656 = CARTESIAN_POINT('',(-27.97989939995,-7.336873375391,
    36.219845404151));
#2657 = CARTESIAN_POINT('',(-26.33743370118,-8.139826583822,
    38.530157035467));
#2658 = CARTESIAN_POINT('',(-24.67026015999,-8.804883245363,
    40.850542457557));
#2659 = CARTESIAN_POINT('',(-21.27636403682,-9.866682938126,
    45.557076231653));
#2660 = CARTESIAN_POINT('',(-19.54906715992,-10.25777217187,
    47.943679102701));
#2661 = CARTESIAN_POINT('',(-17.82089947372,-10.5020946486,
    50.339482782381));
#2662 = CARTESIAN_POINT('',(-16.10472659718,-10.59938437727,
    52.743819332463));
#2663 = CARTESIAN_POINT('',(-14.41346258624,-10.55072784999,
    55.15595671667));
#2664 = CARTESIAN_POINT('',(-12.75993472884,-10.35868400026,
    57.575060467117));
#2665 = CARTESIAN_POINT('',(-11.15628230455,-10.02683225854,60.));
#2666 = PCURVE('',#612,#2667);
#2667 = DEFINITIONAL_REPRESENTATION('',(#2668),#2695);
#2668 = B_SPLINE_CURVE_WITH_KNOTS('',7,(#2669,#2670,#2671,#2672,#2673,
    #2674,#2675,#2676,#2677,#2678,#2679,#2680,#2681,#2682,#2683,#2684,
    #2685,#2686,#2687,#2688,#2689,#2690,#2691,#2692,#2693,#2694),
  .UNSPECIFIED.,.F.,.F.,(8,6,6,6,8),(0.,0.229432314751,0.465540906057,
    0.730107600858,1.),.UNSPECIFIED.);
#2669 = CARTESIAN_POINT('',(-2.732804377431,0.));
#2670 = CARTESIAN_POINT('',(-2.76590389792,-1.847037990936));
#2671 = CARTESIAN_POINT('',(-2.799228913121,-3.704234378166));
#2672 = CARTESIAN_POINT('',(-2.832783011342,-5.571526616499));
#2673 = CARTESIAN_POINT('',(-2.866570792676,-7.448857683866));
#2674 = CARTESIAN_POINT('',(-2.900597690977,-9.336163009036));
#2675 = CARTESIAN_POINT('',(-2.934869962734,-11.23335125734));
#2676 = CARTESIAN_POINT('',(-3.004924366291,-15.10269659419));
#2677 = CARTESIAN_POINT('',(-3.040722014275,-17.07546158789));
#2678 = CARTESIAN_POINT('',(-3.076795470127,-19.05840827955));
#2679 = CARTESIAN_POINT('',(-3.113154825478,-21.05137879978));
#2680 = CARTESIAN_POINT('',(-3.14981267286,-23.05420286966));
#2681 = CARTESIAN_POINT('',(-3.186785013388,-25.06667132463));
#2682 = CARTESIAN_POINT('',(-3.265897664568,-29.35402629289));
#2683 = CARTESIAN_POINT('',(-3.308125035325,-31.63136822064));
#2684 = CARTESIAN_POINT('',(-3.350803827581,-33.92010802085));
#2685 = CARTESIAN_POINT('',(-3.393975450102,-36.21984540415));
#2686 = CARTESIAN_POINT('',(-3.437693545717,-38.53015703546));
#2687 = CARTESIAN_POINT('',(-3.482035890438,-40.85054245755));
#2688 = CARTESIAN_POINT('',(-3.573129083743,-45.55707623165));
#2689 = CARTESIAN_POINT('',(-3.619911237852,-47.94367910269));
#2690 = CARTESIAN_POINT('',(-3.667615368929,-50.33948278238));
#2691 = CARTESIAN_POINT('',(-3.716417583365,-52.74381933245));
#2692 = CARTESIAN_POINT('',(-3.766650778765,-55.15595671667));
#2693 = CARTESIAN_POINT('',(-3.818712523037,-57.57506046711));
#2694 = CARTESIAN_POINT('',(-3.873722843684,-60.));
#2695 = ( GEOMETRIC_REPRESENTATION_CONTEXT(2) 
PARAMETRIC_REPRESENTATION_CONTEXT() REPRESENTATION_CONTEXT('2D SPACE',''
  ) );
#2696 = PCURVE('',#561,#2697);
#2697 = DEFINITIONAL_REPRESENTATION('',(#2698),#2725);
#2698 = B_SPLINE_CURVE_WITH_KNOTS('',7,(#2699,#2700,#2701,#2702,#2703,
    #2704,#2705,#2706,#2707,#2708,#2709,#2710,#2711,#2712,#2713,#2714,
    #2715,#2716,#2717,#2718,#2719,#2720,#2721,#2722,#2723,#2724),
  .UNSPECIFIED.,.F.,.F.,(8,6,6,6,8),(0.,0.229432314751,0.465540906057,
    0.730107600858,1.),.UNSPECIFIED.);
#2699 = CARTESIAN_POINT('',(1.208420209862,9.999946030637E-11));
#2700 = CARTESIAN_POINT('',(1.211751669663,3.476470459459E-02));
#2701 = CARTESIAN_POINT('',(1.215225007912,6.937100039745E-02));
#2702 = CARTESIAN_POINT('',(1.218850940254,0.103817459301));
#2703 = CARTESIAN_POINT('',(1.22264126889,0.138103415577));
#2704 = CARTESIAN_POINT('',(1.22660935319,0.172228746701));
#2705 = CARTESIAN_POINT('',(1.230770504379,0.206193610402));
#2706 = CARTESIAN_POINT('',(1.239641319766,0.274786347363));
#2707 = CARTESIAN_POINT('',(1.244363498411,0.309405335825));
#2708 = CARTESIAN_POINT('',(1.249328006746,0.343855059919));
#2709 = CARTESIAN_POINT('',(1.254556743148,0.378136633575));
#2710 = CARTESIAN_POINT('',(1.260074894813,0.412252012744));
#2711 = CARTESIAN_POINT('',(1.265911804816,0.446203637349));
#2712 = CARTESIAN_POINT('',(1.279038614367,0.517857170576));
#2713 = CARTESIAN_POINT('',(1.286419063572,0.555518909474));
#2714 = CARTESIAN_POINT('',(1.294292112942,0.592982327014));
#2715 = CARTESIAN_POINT('',(1.302715260911,0.630252885318));
#2716 = CARTESIAN_POINT('',(1.311757124525,0.66733773479));
#2717 = CARTESIAN_POINT('',(1.321500840705,0.704244918573));
#2718 = CARTESIAN_POINT('',(1.342808750601,0.778459556353));
#2719 = CARTESIAN_POINT('',(1.354406110096,0.81576123121));
#2720 = CARTESIAN_POINT('',(1.366948265851,0.852895930457));
#2721 = CARTESIAN_POINT('',(1.380568559147,0.889874771251));
#2722 = CARTESIAN_POINT('',(1.395415409802,0.926710148882));
#2723 = CARTESIAN_POINT('',(1.411689030158,0.963415062036));
#2724 = CARTESIAN_POINT('',(1.429563194144,0.999999999995));
#2725 = ( GEOMETRIC_REPRESENTATION_CONTEXT(2) 
PARAMETRIC_REPRESENTATION_CONTEXT() REPRESENTATION_CONTEXT('2D SPACE',''
  ) );
#2726 = ORIENTED_EDGE('',*,*,#2727,.T.);
#2727 = EDGE_CURVE('',#2636,#2519,#2728,.T.);
#2728 = SURFACE_CURVE('',#2729,(#2734,#2740),.PCURVE_S1.);
#2729 = CIRCLE('',#2730,50.);
#2730 = AXIS2_PLACEMENT_3D('',#2731,#2732,#2733);
#2731 = CARTESIAN_POINT('',(0.,0.,0.));
#2732 = DIRECTION('',(0.,0.,1.));
#2733 = DIRECTION('',(1.,0.,0.));
#2734 = PCURVE('',#612,#2735);
#2735 = DEFINITIONAL_REPRESENTATION('',(#2736),#2739);
#2736 = B_SPLINE_CURVE_WITH_KNOTS('',1,(#2737,#2738),.UNSPECIFIED.,.F.,
  .F.,(2,2),(1.835206476405,6.243174632826),.PIECEWISE_BEZIER_KNOTS.);
#2737 = CARTESIAN_POINT('',(-1.835206476405,0.));
#2738 = CARTESIAN_POINT('',(-6.243174632826,0.));
#2739 = ( GEOMETRIC_REPRESENTATION_CONTEXT(2) 
PARAMETRIC_REPRESENTATION_CONTEXT() REPRESENTATION_CONTEXT('2D SPACE',''
  ) );
#2740 = PCURVE('',#1378,#2741);
#2741 = DEFINITIONAL_REPRESENTATION('',(#2742),#2746);
#2742 = CIRCLE('',#2743,50.);
#2743 = AXIS2_PLACEMENT_2D('',#2744,#2745);
#2744 = CARTESIAN_POINT('',(0.,0.));
#2745 = DIRECTION('',(1.,0.));
#2746 = ( GEOMETRIC_REPRESENTATION_CONTEXT(2) 
PARAMETRIC_REPRESENTATION_CONTEXT() REPRESENTATION_CONTEXT('2D SPACE',''
  ) );
#2747 = ADVANCED_FACE('',(#2748),#561,.F.);
#2748 = FACE_BOUND('',#2749,.F.);
#2749 = EDGE_LOOP('',(#2750,#2751,#2772,#2803));
#2750 = ORIENTED_EDGE('',*,*,#2635,.F.);
#2751 = ORIENTED_EDGE('',*,*,#2752,.T.);
#2752 = EDGE_CURVE('',#2636,#2753,#2755,.T.);
#2753 = VERTEX_POINT('',#2754);
#2754 = CARTESIAN_POINT('',(-59.43074389189,26.400505306836,0.));
#2755 = SURFACE_CURVE('',#2756,(#2759,#2766),.PCURVE_S1.);
#2756 = B_SPLINE_CURVE_WITH_KNOTS('',1,(#2757,#2758),.UNSPECIFIED.,.F.,
  .F.,(2,2),(1.,2.),.PIECEWISE_BEZIER_KNOTS.);
#2757 = CARTESIAN_POINT('',(-42.31233540174,18.156714263603,0.));
#2758 = CARTESIAN_POINT('',(-59.43074389189,26.400505306836,0.));
#2759 = PCURVE('',#561,#2760);
#2760 = DEFINITIONAL_REPRESENTATION('',(#2761),#2765);
#2761 = LINE('',#2762,#2763);
#2762 = CARTESIAN_POINT('',(0.,0.));
#2763 = VECTOR('',#2764,1.);
#2764 = DIRECTION('',(1.,0.));
#2765 = ( GEOMETRIC_REPRESENTATION_CONTEXT(2) 
PARAMETRIC_REPRESENTATION_CONTEXT() REPRESENTATION_CONTEXT('2D SPACE',''
  ) );
#2766 = PCURVE('',#1378,#2767);
#2767 = DEFINITIONAL_REPRESENTATION('',(#2768),#2771);
#2768 = B_SPLINE_CURVE_WITH_KNOTS('',1,(#2769,#2770),.UNSPECIFIED.,.F.,
  .F.,(2,2),(1.,2.),.PIECEWISE_BEZIER_KNOTS.);
#2769 = CARTESIAN_POINT('',(-42.31233540174,18.156714263603));
#2770 = CARTESIAN_POINT('',(-59.43074389189,26.400505306836));
#2771 = ( GEOMETRIC_REPRESENTATION_CONTEXT(2) 
PARAMETRIC_REPRESENTATION_CONTEXT() REPRESENTATION_CONTEXT('2D SPACE',''
  ) );
#2772 = ORIENTED_EDGE('',*,*,#2773,.T.);
#2773 = EDGE_CURVE('',#2753,#500,#2774,.T.);
#2774 = SURFACE_CURVE('',#2775,(#2789,#2796),.PCURVE_S1.);
#2775 = ( BOUNDED_CURVE() B_SPLINE_CURVE(7,(#2776,#2777,#2778,#2779,
    #2780,#2781,#2782,#2783,#2784,#2785,#2786,#2787,#2788),
.UNSPECIFIED.,.F.,.F.) B_SPLINE_CURVE_WITH_KNOTS((8,5,8),(0.,
0.528295033397,1.),.UNSPECIFIED.) CURVE() GEOMETRIC_REPRESENTATION_ITEM(
) RATIONAL_B_SPLINE_CURVE((1.,1.,1.,1.,1.,1.,1.,1.,1.,1.,1.,1.,1.)) 
REPRESENTATION_ITEM('') );
#2776 = CARTESIAN_POINT('',(-59.43074389189,26.400505306836,0.));
#2777 = CARTESIAN_POINT('',(-58.56884498069,20.936539486782,
    4.009735946892));
#2778 = CARTESIAN_POINT('',(-57.13549461173,15.644873470326,
    8.107010349125));
#2779 = CARTESIAN_POINT('',(-55.13673718038,10.608600198485,
    12.29507768798));
#2780 = CARTESIAN_POINT('',(-52.5938791722,5.917369249399,
    16.576756995783));
#2781 = CARTESIAN_POINT('',(-49.54741288926,1.665099125764,
    20.954091505756));
#2782 = CARTESIAN_POINT('',(-42.95335084434,-5.378225551784,
    29.421887460289));
#2783 = CARTESIAN_POINT('',(-35.12511488476,-10.23716156421,
    38.226846193518));
#2784 = CARTESIAN_POINT('',(-31.22387367466,-11.98730555663,
    42.453746762787));
#2785 = CARTESIAN_POINT('',(-27.19654751397,-13.14876977513,
    46.751113780897));
#2786 = CARTESIAN_POINT('',(-23.14250812347,-13.6900305611,
    51.113702778636));
#2787 = CARTESIAN_POINT('',(-19.17305986965,-13.60557088868,
    55.533462343517));
#2788 = CARTESIAN_POINT('',(-15.39813537019,-12.9188787099,60.));
#2789 = PCURVE('',#561,#2790);
#2790 = DEFINITIONAL_REPRESENTATION('',(#2791),#2795);
#2791 = LINE('',#2792,#2793);
#2792 = CARTESIAN_POINT('',(2.,0.));
#2793 = VECTOR('',#2794,1.);
#2794 = DIRECTION('',(0.,1.));
#2795 = ( GEOMETRIC_REPRESENTATION_CONTEXT(2) 
PARAMETRIC_REPRESENTATION_CONTEXT() REPRESENTATION_CONTEXT('2D SPACE',''
  ) );
#2796 = PCURVE('',#513,#2797);
#2797 = DEFINITIONAL_REPRESENTATION('',(#2798),#2802);
#2798 = LINE('',#2799,#2800);
#2799 = CARTESIAN_POINT('',(2.,0.));
#2800 = VECTOR('',#2801,1.);
#2801 = DIRECTION('',(0.,1.));
#2802 = ( GEOMETRIC_REPRESENTATION_CONTEXT(2) 
PARAMETRIC_REPRESENTATION_CONTEXT() REPRESENTATION_CONTEXT('2D SPACE',''
  ) );
#2803 = ORIENTED_EDGE('',*,*,#547,.F.);
#2804 = ADVANCED_FACE('',(#2805),#513,.F.);
#2805 = FACE_BOUND('',#2806,.F.);
#2806 = EDGE_LOOP('',(#2807,#2828,#2859,#2860));
#2807 = ORIENTED_EDGE('',*,*,#2808,.T.);
#2808 = EDGE_CURVE('',#2753,#2809,#2811,.T.);
#2809 = VERTEX_POINT('',#2810);
#2810 = CARTESIAN_POINT('',(-57.69520893542,30.004380778446,0.));
#2811 = SURFACE_CURVE('',#2812,(#2815,#2822),.PCURVE_S1.);
#2812 = B_SPLINE_CURVE_WITH_KNOTS('',1,(#2813,#2814),.UNSPECIFIED.,.F.,
  .F.,(2,2),(2.,3.),.PIECEWISE_BEZIER_KNOTS.);
#2813 = CARTESIAN_POINT('',(-59.43074389189,26.400505306836,0.));
#2814 = CARTESIAN_POINT('',(-57.69520893542,30.004380778446,0.));
#2815 = PCURVE('',#513,#2816);
#2816 = DEFINITIONAL_REPRESENTATION('',(#2817),#2821);
#2817 = LINE('',#2818,#2819);
#2818 = CARTESIAN_POINT('',(0.,0.));
#2819 = VECTOR('',#2820,1.);
#2820 = DIRECTION('',(1.,0.));
#2821 = ( GEOMETRIC_REPRESENTATION_CONTEXT(2) 
PARAMETRIC_REPRESENTATION_CONTEXT() REPRESENTATION_CONTEXT('2D SPACE',''
  ) );
#2822 = PCURVE('',#1378,#2823);
#2823 = DEFINITIONAL_REPRESENTATION('',(#2824),#2827);
#2824 = B_SPLINE_CURVE_WITH_KNOTS('',1,(#2825,#2826),.UNSPECIFIED.,.F.,
  .F.,(2,2),(2.,3.),.PIECEWISE_BEZIER_KNOTS.);
#2825 = CARTESIAN_POINT('',(-59.43074389189,26.400505306836));
#2826 = CARTESIAN_POINT('',(-57.69520893542,30.004380778446));
#2827 = ( GEOMETRIC_REPRESENTATION_CONTEXT(2) 
PARAMETRIC_REPRESENTATION_CONTEXT() REPRESENTATION_CONTEXT('2D SPACE',''
  ) );
#2828 = ORIENTED_EDGE('',*,*,#2829,.T.);
#2829 = EDGE_CURVE('',#2809,#452,#2830,.T.);
#2830 = SURFACE_CURVE('',#2831,(#2845,#2852),.PCURVE_S1.);
#2831 = ( BOUNDED_CURVE() B_SPLINE_CURVE(7,(#2832,#2833,#2834,#2835,
    #2836,#2837,#2838,#2839,#2840,#2841,#2842,#2843,#2844),
.UNSPECIFIED.,.F.,.F.) B_SPLINE_CURVE_WITH_KNOTS((8,5,8),(0.,
0.528295033397,1.),.UNSPECIFIED.) CURVE() GEOMETRIC_REPRESENTATION_ITEM(
) RATIONAL_B_SPLINE_CURVE((1.,1.,1.,1.,1.,1.,1.,1.,1.,1.,1.,1.,1.)) 
REPRESENTATION_ITEM('') );
#2832 = CARTESIAN_POINT('',(-57.69520893542,30.004380778446,0.));
#2833 = CARTESIAN_POINT('',(-57.08552044557,24.661873036243,
    4.009735946892));
#2834 = CARTESIAN_POINT('',(-55.9198029083,19.473724688421,
    8.107010349125));
#2835 = CARTESIAN_POINT('',(-54.20306889823,14.520536454023,
    12.29507768798));
#2836 = CARTESIAN_POINT('',(-51.95511851777,9.889358173121,
    16.576756995783));
#2837 = CARTESIAN_POINT('',(-49.21435779142,5.67148036275,
    20.954091505756));
#2838 = CARTESIAN_POINT('',(-43.21400061078,-1.359990840454,
    29.421887460289));
#2839 = CARTESIAN_POINT('',(-35.99501020057,-6.314796983669,
    38.226846193518));
#2840 = CARTESIAN_POINT('',(-32.38204222712,-8.135511070801,
    42.453746762787));
#2841 = CARTESIAN_POINT('',(-28.64083241447,-9.393930232675,
    46.751113780897));
#2842 = CARTESIAN_POINT('',(-24.86723064429,-10.05903439977,
    51.113702778636));
#2843 = CARTESIAN_POINT('',(-21.16869962763,-10.12495960486,
    55.533462343517));
#2844 = CARTESIAN_POINT('',(-17.65141560244,-9.61392361264,60.));
#2845 = PCURVE('',#513,#2846);
#2846 = DEFINITIONAL_REPRESENTATION('',(#2847),#2851);
#2847 = LINE('',#2848,#2849);
#2848 = CARTESIAN_POINT('',(3.,0.));
#2849 = VECTOR('',#2850,1.);
#2850 = DIRECTION('',(0.,1.));
#2851 = ( GEOMETRIC_REPRESENTATION_CONTEXT(2) 
PARAMETRIC_REPRESENTATION_CONTEXT() REPRESENTATION_CONTEXT('2D SPACE',''
  ) );
#2852 = PCURVE('',#465,#2853);
#2853 = DEFINITIONAL_REPRESENTATION('',(#2854),#2858);
#2854 = LINE('',#2855,#2856);
#2855 = CARTESIAN_POINT('',(3.,0.));
#2856 = VECTOR('',#2857,1.);
#2857 = DIRECTION('',(0.,1.));
#2858 = ( GEOMETRIC_REPRESENTATION_CONTEXT(2) 
PARAMETRIC_REPRESENTATION_CONTEXT() REPRESENTATION_CONTEXT('2D SPACE',''
  ) );
#2859 = ORIENTED_EDGE('',*,*,#499,.F.);
#2860 = ORIENTED_EDGE('',*,*,#2773,.F.);
#2861 = ADVANCED_FACE('',(#2862),#465,.F.);
#2862 = FACE_BOUND('',#2863,.F.);
#2863 = EDGE_LOOP('',(#2864,#2865,#2886,#2976));
#2864 = ORIENTED_EDGE('',*,*,#2829,.F.);
#2865 = ORIENTED_EDGE('',*,*,#2866,.T.);
#2866 = EDGE_CURVE('',#2809,#2867,#2869,.T.);
#2867 = VERTEX_POINT('',#2868);
#2868 = CARTESIAN_POINT('',(-44.14462273512,23.478762394419,0.));
#2869 = SURFACE_CURVE('',#2870,(#2873,#2880),.PCURVE_S1.);
#2870 = B_SPLINE_CURVE_WITH_KNOTS('',1,(#2871,#2872),.UNSPECIFIED.,.F.,
  .F.,(2,2),(3.,4.),.PIECEWISE_BEZIER_KNOTS.);
#2871 = CARTESIAN_POINT('',(-57.69520893542,30.004380778446,0.));
#2872 = CARTESIAN_POINT('',(-40.57680044527,21.760589735213,0.));
#2873 = PCURVE('',#465,#2874);
#2874 = DEFINITIONAL_REPRESENTATION('',(#2875),#2879);
#2875 = LINE('',#2876,#2877);
#2876 = CARTESIAN_POINT('',(0.,0.));
#2877 = VECTOR('',#2878,1.);
#2878 = DIRECTION('',(1.,0.));
#2879 = ( GEOMETRIC_REPRESENTATION_CONTEXT(2) 
PARAMETRIC_REPRESENTATION_CONTEXT() REPRESENTATION_CONTEXT('2D SPACE',''
  ) );
#2880 = PCURVE('',#1378,#2881);
#2881 = DEFINITIONAL_REPRESENTATION('',(#2882),#2885);
#2882 = B_SPLINE_CURVE_WITH_KNOTS('',1,(#2883,#2884),.UNSPECIFIED.,.F.,
  .F.,(2,2),(3.,4.),.PIECEWISE_BEZIER_KNOTS.);
#2883 = CARTESIAN_POINT('',(-57.69520893542,30.004380778446));
#2884 = CARTESIAN_POINT('',(-40.57680044527,21.760589735213));
#2885 = ( GEOMETRIC_REPRESENTATION_CONTEXT(2) 
PARAMETRIC_REPRESENTATION_CONTEXT() REPRESENTATION_CONTEXT('2D SPACE',''
  ) );
#2886 = ORIENTED_EDGE('',*,*,#2887,.T.);
#2887 = EDGE_CURVE('',#2867,#423,#2888,.T.);
#2888 = SURFACE_CURVE('',#2889,(#2916,#2946),.PCURVE_S1.);
#2889 = B_SPLINE_CURVE_WITH_KNOTS('',7,(#2890,#2891,#2892,#2893,#2894,
    #2895,#2896,#2897,#2898,#2899,#2900,#2901,#2902,#2903,#2904,#2905,
    #2906,#2907,#2908,#2909,#2910,#2911,#2912,#2913,#2914,#2915),
  .UNSPECIFIED.,.F.,.F.,(8,6,6,6,8),(0.,0.233603822794,0.472928540184,
    0.733494791967,1.),.UNSPECIFIED.);
#2890 = CARTESIAN_POINT('',(-44.14462273512,23.478762394419,0.));
#2891 = CARTESIAN_POINT('',(-43.92644780996,21.556627015278,
    1.877506615357));
#2892 = CARTESIAN_POINT('',(-43.61531955699,19.669560176083,
    3.76576241241));
#2893 = CARTESIAN_POINT('',(-43.21319320557,17.823619654055,
    5.664707751195));
#2894 = CARTESIAN_POINT('',(-42.72256142433,16.024791675929,
    7.574288049143));
#2895 = CARTESIAN_POINT('',(-42.14646061962,14.278953551036,
    9.494439857107));
#2896 = CARTESIAN_POINT('',(-41.48848197093,12.591819423794,
    11.425070445654));
#2897 = CARTESIAN_POINT('',(-39.99907546979,9.306173252938,
    15.354524955488));
#2898 = CARTESIAN_POINT('',(-39.16378150302,7.710815018639,
    17.353894812789));
#2899 = CARTESIAN_POINT('',(-38.25137903587,6.188699732508,
    19.363971069989));
#2900 = CARTESIAN_POINT('',(-37.26694385067,4.745413916575,
    21.384590483029));
#2901 = CARTESIAN_POINT('',(-36.21613969065,3.386166144181,
    23.415575069598));
#2902 = CARTESIAN_POINT('',(-35.10519707627,2.115711483429,
    25.456704782727));
#2903 = CARTESIAN_POINT('',(-32.67323315202,-0.343698422412,
    29.740699673542));
#2904 = CARTESIAN_POINT('',(-31.34228544985,-1.515444438394,
    31.985446862636));
#2905 = CARTESIAN_POINT('',(-29.9567849369,-2.571524202203,
    34.241523312694));
#2906 = CARTESIAN_POINT('',(-28.52616039274,-3.507322919095,
    36.508539973352));
#2907 = CARTESIAN_POINT('',(-27.06044667689,-4.319158050834,
    38.786081758786));
#2908 = CARTESIAN_POINT('',(-25.5701718448,-5.00437541122,
    41.073660138375));
#2909 = CARTESIAN_POINT('',(-22.52797125437,-6.131218852293,
    45.72000879616));
#2910 = CARTESIAN_POINT('',(-20.97537477074,-6.566952356024,
    48.079274139002));
#2911 = CARTESIAN_POINT('',(-19.42005231865,-6.866999578945,
    50.447790947977));
#2912 = CARTESIAN_POINT('',(-17.87392657784,-7.03099754991,
    52.824903915611));
#2913 = CARTESIAN_POINT('',(-16.34897763059,-7.059830576848,
    55.209896249419));
#2914 = CARTESIAN_POINT('',(-14.857106135,-6.955740276324,57.60195136724
    ));
#2915 = CARTESIAN_POINT('',(-13.4095625368,-6.721877161285,60.));
#2916 = PCURVE('',#465,#2917);
#2917 = DEFINITIONAL_REPRESENTATION('',(#2918),#2945);
#2918 = B_SPLINE_CURVE_WITH_KNOTS('',7,(#2919,#2920,#2921,#2922,#2923,
    #2924,#2925,#2926,#2927,#2928,#2929,#2930,#2931,#2932,#2933,#2934,
    #2935,#2936,#2937,#2938,#2939,#2940,#2941,#2942,#2943,#2944),
  .UNSPECIFIED.,.F.,.F.,(8,6,6,6,8),(0.,0.233603822794,0.472928540184,
    0.733494791967,1.),.UNSPECIFIED.);
#2919 = CARTESIAN_POINT('',(3.791579790138,9.999922734318E-11));
#2920 = CARTESIAN_POINT('',(3.788193379118,3.533818100969E-02));
#2921 = CARTESIAN_POINT('',(3.784659901743,7.051744352996E-02));
#2922 = CARTESIAN_POINT('',(3.780968053123,0.105536226364));
#2923 = CARTESIAN_POINT('',(3.777105323391,0.140393764943));
#2924 = CARTESIAN_POINT('',(3.773057520404,0.175089862035));
#2925 = CARTESIAN_POINT('',(3.76880834314,0.209624614126));
#2926 = CARTESIAN_POINT('',(3.759760215584,0.279213370225));
#2927 = CARTESIAN_POINT('',(3.754950270729,0.314259976952));
#2928 = CARTESIAN_POINT('',(3.74988896675,0.34913780503));
#2929 = CARTESIAN_POINT('',(3.74455317228,0.383847936558));
#2930 = CARTESIAN_POINT('',(3.738916219119,0.418392326255));
#2931 = CARTESIAN_POINT('',(3.732946948644,0.45277343996));
#2932 = CARTESIAN_POINT('',(3.719707296784,0.524251530592));
#2933 = CARTESIAN_POINT('',(3.712368257128,0.561319649649));
#2934 = CARTESIAN_POINT('',(3.704543778481,0.598201159408));
#2935 = CARTESIAN_POINT('',(3.696177726216,0.634901165011));
#2936 = CARTESIAN_POINT('',(3.687203259341,0.671426323151));
#2937 = CARTESIAN_POINT('',(3.677539598342,0.707784152915));
#2938 = CARTESIAN_POINT('',(3.656397475122,0.781005409669));
#2939 = CARTESIAN_POINT('',(3.644882261582,0.817862430798));
#2940 = CARTESIAN_POINT('',(3.632436860939,0.854561405537));
#2941 = CARTESIAN_POINT('',(3.61893150747,0.891112847875));
#2942 = CARTESIAN_POINT('',(3.604221293865,0.927528519857));
#2943 = CARTESIAN_POINT('',(3.588112798702,0.963820763663));
#2944 = CARTESIAN_POINT('',(3.570436805856,0.999999999995));
#2945 = ( GEOMETRIC_REPRESENTATION_CONTEXT(2) 
PARAMETRIC_REPRESENTATION_CONTEXT() REPRESENTATION_CONTEXT('2D SPACE',''
  ) );
#2946 = PCURVE('',#439,#2947);
#2947 = DEFINITIONAL_REPRESENTATION('',(#2948),#2975);
#2948 = B_SPLINE_CURVE_WITH_KNOTS('',7,(#2949,#2950,#2951,#2952,#2953,
    #2954,#2955,#2956,#2957,#2958,#2959,#2960,#2961,#2962,#2963,#2964,
    #2965,#2966,#2967,#2968,#2969,#2970,#2971,#2972,#2973,#2974),
  .UNSPECIFIED.,.F.,.F.,(8,6,6,6,8),(0.,0.233603822794,0.472928540184,
    0.733494791967,1.),.UNSPECIFIED.);
#2949 = CARTESIAN_POINT('',(-2.652783028723,0.));
#2950 = CARTESIAN_POINT('',(-2.684674814295,-1.877506615389));
#2951 = CARTESIAN_POINT('',(-2.716704377414,-3.765762412365));
#2952 = CARTESIAN_POINT('',(-2.748865576593,-5.664707751202));
#2953 = CARTESIAN_POINT('',(-2.781151602806,-7.574288049172));
#2954 = CARTESIAN_POINT('',(-2.81355442578,-9.494439857088));
#2955 = CARTESIAN_POINT('',(-2.846064019308,-11.42507044565));
#2956 = CARTESIAN_POINT('',(-2.912069159019,-15.35452495548));
#2957 = CARTESIAN_POINT('',(-2.945569912327,-17.35389481278));
#2958 = CARTESIAN_POINT('',(-2.979155481743,-19.36397106998));
#2959 = CARTESIAN_POINT('',(-3.012809414859,-21.38459048302));
#2960 = CARTESIAN_POINT('',(-3.046512061982,-23.41557506959));
#2961 = CARTESIAN_POINT('',(-3.080238569992,-25.45670478272));
#2962 = CARTESIAN_POINT('',(-3.150665554365,-29.74069967354));
#2963 = CARTESIAN_POINT('',(-3.187365113095,-31.98544686263));
#2964 = CARTESIAN_POINT('',(-3.224011804812,-34.24152331269));
#2965 = CARTESIAN_POINT('',(-3.260551098057,-36.50853997335));
#2966 = CARTESIAN_POINT('',(-3.296915688581,-38.78608175878));
#2967 = CARTESIAN_POINT('',(-3.333012213699,-41.07366013837));
#2968 = CARTESIAN_POINT('',(-3.405192203603,-45.72000879616));
#2969 = CARTESIAN_POINT('',(-3.441258114779,-48.079274139));
#2970 = CARTESIAN_POINT('',(-3.476732146725,-50.44779094798));
#2971 = CARTESIAN_POINT('',(-3.511417171228,-52.8249039156));
#2972 = CARTESIAN_POINT('',(-3.544964332743,-55.20989624941));
#2973 = CARTESIAN_POINT('',(-3.576952072923,-57.60195136724));
#2974 = CARTESIAN_POINT('',(-3.606259664864,-60.));
#2975 = ( GEOMETRIC_REPRESENTATION_CONTEXT(2) 
PARAMETRIC_REPRESENTATION_CONTEXT() REPRESENTATION_CONTEXT('2D SPACE',''
  ) );
#2976 = ORIENTED_EDGE('',*,*,#451,.F.);
#2977 = ADVANCED_FACE('',(#2978),#439,.T.);
#2978 = FACE_BOUND('',#2979,.T.);
#2979 = EDGE_LOOP('',(#2980,#2981,#2982,#3074));
#2980 = ORIENTED_EDGE('',*,*,#2887,.T.);
#2981 = ORIENTED_EDGE('',*,*,#422,.F.);
#2982 = ORIENTED_EDGE('',*,*,#2983,.F.);
#2983 = EDGE_CURVE('',#2984,#375,#2986,.T.);
#2984 = VERTEX_POINT('',#2985);
#2985 = CARTESIAN_POINT('',(-13.06699812163,48.262341013353,0.));
#2986 = SURFACE_CURVE('',#2987,(#3014,#3044),.PCURVE_S1.);
#2987 = B_SPLINE_CURVE_WITH_KNOTS('',7,(#2988,#2989,#2990,#2991,#2992,
    #2993,#2994,#2995,#2996,#2997,#2998,#2999,#3000,#3001,#3002,#3003,
    #3004,#3005,#3006,#3007,#3008,#3009,#3010,#3011,#3012,#3013),
  .UNSPECIFIED.,.F.,.F.,(8,6,6,6,8),(0.,0.229432314751,0.465540906057,
    0.730107600858,1.),.UNSPECIFIED.);
#2988 = CARTESIAN_POINT('',(-13.06699812163,48.262341013353,
    -8.881784197001E-16));
#2989 = CARTESIAN_POINT('',(-14.38288064399,46.789835238436,
    1.847037990902));
#2990 = CARTESIAN_POINT('',(-15.6110744378,45.268722221229,
    3.704234378212));
#2991 = CARTESIAN_POINT('',(-16.74822565521,43.704316822695,
    5.571526616493));
#2992 = CARTESIAN_POINT('',(-17.79136623599,42.102286174022,
    7.448857683836));
#2993 = CARTESIAN_POINT('',(-18.73794376692,40.468632156134,
    9.336163009054));
#2994 = CARTESIAN_POINT('',(-19.5858670179,38.809667779422,
    11.233351257344));
#2995 = CARTESIAN_POINT('',(-21.10302470177,35.405488140999,
    15.102696594192));
#2996 = CARTESIAN_POINT('',(-21.76635431468,33.659138682226,
    17.075461587895));
#2997 = CARTESIAN_POINT('',(-22.32183549124,31.900133933692,
    19.058408279558));
#2998 = CARTESIAN_POINT('',(-22.76836240637,30.135923301768,
    21.051378799789));
#2999 = CARTESIAN_POINT('',(-23.10547769092,28.374165585628,
    23.054202869665));
#3000 = CARTESIAN_POINT('',(-23.33341561877,26.622669522557,
    25.066671324632));
#3001 = CARTESIAN_POINT('',(-23.58732590534,22.947050433883,
    29.354026292897));
#3002 = CARTESIAN_POINT('',(-23.5856476075,21.027511608409,
    31.63136822064));
#3003 = CARTESIAN_POINT('',(-23.44948312122,19.141822261046,
    33.920108020861));
#3004 = CARTESIAN_POINT('',(-23.18138052066,17.301100500087,
    36.219845404154));
#3005 = CARTESIAN_POINT('',(-22.78509400488,15.516335971088,
    38.530157035464));
#3006 = CARTESIAN_POINT('',(-22.26559053964,13.798231163722,
    40.850542457558));
#3007 = CARTESIAN_POINT('',(-20.97967934615,10.482755046344,
    45.557076231654));
#3008 = CARTESIAN_POINT('',(-20.20849323401,8.888459819554,
    47.943679102705));
#3009 = CARTESIAN_POINT('',(-19.32201730996,7.384991342903,
    50.339482782366));
#3010 = CARTESIAN_POINT('',(-18.32806519599,5.982574204997,
    52.743819332485));
#3011 = CARTESIAN_POINT('',(-17.23553812808,4.690627604651,
    55.155956716653));
#3012 = CARTESIAN_POINT('',(-16.05443444416,3.517584850402,
    57.575060467123));
#3013 = CARTESIAN_POINT('',(-14.7951213727,2.470705074848,60.));
#3014 = PCURVE('',#439,#3015);
#3015 = DEFINITIONAL_REPRESENTATION('',(#3016),#3043);
#3016 = B_SPLINE_CURVE_WITH_KNOTS('',7,(#3017,#3018,#3019,#3020,#3021,
    #3022,#3023,#3024,#3025,#3026,#3027,#3028,#3029,#3030,#3031,#3032,
    #3033,#3034,#3035,#3036,#3037,#3038,#3039,#3040,#3041,#3042),
  .UNSPECIFIED.,.F.,.F.,(8,6,6,6,8),(0.,0.229432314751,0.465540906057,
    0.730107600858,1.),.UNSPECIFIED.);
#3017 = CARTESIAN_POINT('',(-1.835206476405,0.));
#3018 = CARTESIAN_POINT('',(-1.868305996894,-1.847037990937));
#3019 = CARTESIAN_POINT('',(-1.901631012095,-3.704234378163));
#3020 = CARTESIAN_POINT('',(-1.935185110316,-5.5715266165));
#3021 = CARTESIAN_POINT('',(-1.96897289165,-7.448857683867));
#3022 = CARTESIAN_POINT('',(-2.002999789951,-9.336163009033));
#3023 = CARTESIAN_POINT('',(-2.037272061708,-11.23335125734));
#3024 = CARTESIAN_POINT('',(-2.107326465265,-15.10269659419));
#3025 = CARTESIAN_POINT('',(-2.14312411325,-17.07546158789));
#3026 = CARTESIAN_POINT('',(-2.179197569102,-19.05840827955));
#3027 = CARTESIAN_POINT('',(-2.215556924453,-21.05137879978));
#3028 = CARTESIAN_POINT('',(-2.252214771834,-23.05420286966));
#3029 = CARTESIAN_POINT('',(-2.289187112363,-25.06667132463));
#3030 = CARTESIAN_POINT('',(-2.368299763542,-29.35402629289));
#3031 = CARTESIAN_POINT('',(-2.410527134299,-31.63136822063));
#3032 = CARTESIAN_POINT('',(-2.453205926556,-33.92010802086));
#3033 = CARTESIAN_POINT('',(-2.496377549077,-36.21984540415));
#3034 = CARTESIAN_POINT('',(-2.540095644691,-38.53015703546));
#3035 = CARTESIAN_POINT('',(-2.584437989413,-40.85054245755));
#3036 = CARTESIAN_POINT('',(-2.675531182718,-45.55707623165));
#3037 = CARTESIAN_POINT('',(-2.722313336826,-47.94367910271));
#3038 = CARTESIAN_POINT('',(-2.770017467903,-50.33948278235));
#3039 = CARTESIAN_POINT('',(-2.81881968234,-52.7438193325));
#3040 = CARTESIAN_POINT('',(-2.869052877739,-55.15595671664));
#3041 = CARTESIAN_POINT('',(-2.921114622011,-57.57506046712));
#3042 = CARTESIAN_POINT('',(-2.976124942658,-60.));
#3043 = ( GEOMETRIC_REPRESENTATION_CONTEXT(2) 
PARAMETRIC_REPRESENTATION_CONTEXT() REPRESENTATION_CONTEXT('2D SPACE',''
  ) );
#3044 = PCURVE('',#388,#3045);
#3045 = DEFINITIONAL_REPRESENTATION('',(#3046),#3073);
#3046 = B_SPLINE_CURVE_WITH_KNOTS('',7,(#3047,#3048,#3049,#3050,#3051,
    #3052,#3053,#3054,#3055,#3056,#3057,#3058,#3059,#3060,#3061,#3062,
    #3063,#3064,#3065,#3066,#3067,#3068,#3069,#3070,#3071,#3072),
  .UNSPECIFIED.,.F.,.F.,(8,6,6,6,8),(0.,0.229432314751,0.465540906057,
    0.730107600858,1.),.UNSPECIFIED.);
#3047 = CARTESIAN_POINT('',(1.208420209862,9.999946030635E-11));
#3048 = CARTESIAN_POINT('',(1.211751669663,3.476470459461E-02));
#3049 = CARTESIAN_POINT('',(1.215225007912,6.93710003974E-02));
#3050 = CARTESIAN_POINT('',(1.218850940254,0.103817459301));
#3051 = CARTESIAN_POINT('',(1.22264126889,0.138103415577));
#3052 = CARTESIAN_POINT('',(1.22660935319,0.172228746701));
#3053 = CARTESIAN_POINT('',(1.230770504379,0.206193610402));
#3054 = CARTESIAN_POINT('',(1.239641319766,0.274786347362));
#3055 = CARTESIAN_POINT('',(1.244363498411,0.309405335825));
#3056 = CARTESIAN_POINT('',(1.249328006746,0.343855059919));
#3057 = CARTESIAN_POINT('',(1.254556743148,0.378136633575));
#3058 = CARTESIAN_POINT('',(1.260074894813,0.412252012744));
#3059 = CARTESIAN_POINT('',(1.265911804816,0.446203637349));
#3060 = CARTESIAN_POINT('',(1.279038614367,0.517857170576));
#3061 = CARTESIAN_POINT('',(1.286419063572,0.555518909474));
#3062 = CARTESIAN_POINT('',(1.294292112942,0.592982327014));
#3063 = CARTESIAN_POINT('',(1.302715260911,0.630252885318));
#3064 = CARTESIAN_POINT('',(1.311757124525,0.66733773479));
#3065 = CARTESIAN_POINT('',(1.321500840705,0.704244918573));
#3066 = CARTESIAN_POINT('',(1.342808750601,0.778459556353));
#3067 = CARTESIAN_POINT('',(1.354406110096,0.81576123121));
#3068 = CARTESIAN_POINT('',(1.366948265851,0.852895930457));
#3069 = CARTESIAN_POINT('',(1.380568559148,0.889874771252));
#3070 = CARTESIAN_POINT('',(1.395415409802,0.926710148882));
#3071 = CARTESIAN_POINT('',(1.411689030158,0.963415062036));
#3072 = CARTESIAN_POINT('',(1.429563194144,0.999999999995));
#3073 = ( GEOMETRIC_REPRESENTATION_CONTEXT(2) 
PARAMETRIC_REPRESENTATION_CONTEXT() REPRESENTATION_CONTEXT('2D SPACE',''
  ) );
#3074 = ORIENTED_EDGE('',*,*,#3075,.T.);
#3075 = EDGE_CURVE('',#2984,#2867,#3076,.T.);
#3076 = SURFACE_CURVE('',#3077,(#3082,#3088),.PCURVE_S1.);
#3077 = CIRCLE('',#3078,50.);
#3078 = AXIS2_PLACEMENT_3D('',#3079,#3080,#3081);
#3079 = CARTESIAN_POINT('',(0.,0.,0.));
#3080 = DIRECTION('',(0.,0.,1.));
#3081 = DIRECTION('',(1.,0.,0.));
#3082 = PCURVE('',#439,#3083);
#3083 = DEFINITIONAL_REPRESENTATION('',(#3084),#3087);
#3084 = B_SPLINE_CURVE_WITH_KNOTS('',1,(#3085,#3086),.UNSPECIFIED.,.F.,
  .F.,(2,2),(1.835206476405,6.243174632826),.PIECEWISE_BEZIER_KNOTS.);
#3085 = CARTESIAN_POINT('',(-1.835206476405,0.));
#3086 = CARTESIAN_POINT('',(-6.243174632826,0.));
#3087 = ( GEOMETRIC_REPRESENTATION_CONTEXT(2) 
PARAMETRIC_REPRESENTATION_CONTEXT() REPRESENTATION_CONTEXT('2D SPACE',''
  ) );
#3088 = PCURVE('',#1378,#3089);
#3089 = DEFINITIONAL_REPRESENTATION('',(#3090),#3094);
#3090 = CIRCLE('',#3091,50.);
#3091 = AXIS2_PLACEMENT_2D('',#3092,#3093);
#3092 = CARTESIAN_POINT('',(0.,0.));
#3093 = DIRECTION('',(1.,0.));
#3094 = ( GEOMETRIC_REPRESENTATION_CONTEXT(2) 
PARAMETRIC_REPRESENTATION_CONTEXT() REPRESENTATION_CONTEXT('2D SPACE',''
  ) );
#3095 = ADVANCED_FACE('',(#3096),#388,.F.);
#3096 = FACE_BOUND('',#3097,.F.);
#3097 = EDGE_LOOP('',(#3098,#3099,#3120,#3151));
#3098 = ORIENTED_EDGE('',*,*,#2983,.F.);
#3099 = ORIENTED_EDGE('',*,*,#3100,.T.);
#3100 = EDGE_CURVE('',#2984,#3101,#3103,.T.);
#3101 = VERTEX_POINT('',#3102);
#3102 = CARTESIAN_POINT('',(-16.41371653152,62.925272423906,0.));
#3103 = SURFACE_CURVE('',#3104,(#3107,#3114),.PCURVE_S1.);
#3104 = B_SPLINE_CURVE_WITH_KNOTS('',1,(#3105,#3106),.UNSPECIFIED.,.F.,
  .F.,(2,2),(1.,2.),.PIECEWISE_BEZIER_KNOTS.);
#3105 = CARTESIAN_POINT('',(-12.18581878635,44.401642092451,0.));
#3106 = CARTESIAN_POINT('',(-16.41371653152,62.925272423906,0.));
#3107 = PCURVE('',#388,#3108);
#3108 = DEFINITIONAL_REPRESENTATION('',(#3109),#3113);
#3109 = LINE('',#3110,#3111);
#3110 = CARTESIAN_POINT('',(0.,0.));
#3111 = VECTOR('',#3112,1.);
#3112 = DIRECTION('',(1.,0.));
#3113 = ( GEOMETRIC_REPRESENTATION_CONTEXT(2) 
PARAMETRIC_REPRESENTATION_CONTEXT() REPRESENTATION_CONTEXT('2D SPACE',''
  ) );
#3114 = PCURVE('',#1378,#3115);
#3115 = DEFINITIONAL_REPRESENTATION('',(#3116),#3119);
#3116 = B_SPLINE_CURVE_WITH_KNOTS('',1,(#3117,#3118),.UNSPECIFIED.,.F.,
  .F.,(2,2),(1.,2.),.PIECEWISE_BEZIER_KNOTS.);
#3117 = CARTESIAN_POINT('',(-12.18581878635,44.401642092451));
#3118 = CARTESIAN_POINT('',(-16.41371653152,62.925272423906));
#3119 = ( GEOMETRIC_REPRESENTATION_CONTEXT(2) 
PARAMETRIC_REPRESENTATION_CONTEXT() REPRESENTATION_CONTEXT('2D SPACE',''
  ) );
#3120 = ORIENTED_EDGE('',*,*,#3121,.T.);
#3121 = EDGE_CURVE('',#3101,#327,#3122,.T.);
#3122 = SURFACE_CURVE('',#3123,(#3137,#3144),.PCURVE_S1.);
#3123 = ( BOUNDED_CURVE() B_SPLINE_CURVE(7,(#3124,#3125,#3126,#3127,
    #3128,#3129,#3130,#3131,#3132,#3133,#3134,#3135,#3136),
.UNSPECIFIED.,.F.,.F.) B_SPLINE_CURVE_WITH_KNOTS((8,5,8),(0.,
0.528295033397,1.),.UNSPECIFIED.) CURVE() GEOMETRIC_REPRESENTATION_ITEM(
) RATIONAL_B_SPLINE_CURVE((1.,1.,1.,1.,1.,1.,1.,1.,1.,1.,1.,1.,1.)) 
REPRESENTATION_ITEM('') );
#3124 = CARTESIAN_POINT('',(-16.41371653152,62.925272423906,0.));
#3125 = CARTESIAN_POINT('',(-20.1482318474,58.844685753918,
    4.009735946892));
#3126 = CARTESIAN_POINT('',(-23.39174359623,54.42474751395,
    8.107010349125));
#3127 = CARTESIAN_POINT('',(-26.08305571965,49.721991003957,
    12.295077687981));
#3128 = CARTESIAN_POINT('',(-28.16536173148,44.808969902769,
    16.576756995782));
#3129 = CARTESIAN_POINT('',(-29.59047972699,39.775899595674,
    20.954091505758));
#3130 = CARTESIAN_POINT('',(-30.9858422633,30.229013183964,
    29.421887460287));
#3131 = CARTESIAN_POINT('',(-29.90388612178,21.079154806952,
    38.226846193522));
#3132 = CARTESIAN_POINT('',(-28.8398196848,16.937844677123,
    42.453746762775));
#3133 = CARTESIAN_POINT('',(-27.23689218665,13.064993199089,
    46.751113780915));
#3134 = CARTESIAN_POINT('',(-25.13241469303,9.557946992213,
    51.113702778624));
#3135 = CARTESIAN_POINT('',(-22.59147095688,6.507167123775,
    55.533462343521));
#3136 = CARTESIAN_POINT('',(-19.70096646454,3.983957876646,60.));
#3137 = PCURVE('',#388,#3138);
#3138 = DEFINITIONAL_REPRESENTATION('',(#3139),#3143);
#3139 = LINE('',#3140,#3141);
#3140 = CARTESIAN_POINT('',(2.,0.));
#3141 = VECTOR('',#3142,1.);
#3142 = DIRECTION('',(0.,1.));
#3143 = ( GEOMETRIC_REPRESENTATION_CONTEXT(2) 
PARAMETRIC_REPRESENTATION_CONTEXT() REPRESENTATION_CONTEXT('2D SPACE',''
  ) );
#3144 = PCURVE('',#340,#3145);
#3145 = DEFINITIONAL_REPRESENTATION('',(#3146),#3150);
#3146 = LINE('',#3147,#3148);
#3147 = CARTESIAN_POINT('',(2.,0.));
#3148 = VECTOR('',#3149,1.);
#3149 = DIRECTION('',(0.,1.));
#3150 = ( GEOMETRIC_REPRESENTATION_CONTEXT(2) 
PARAMETRIC_REPRESENTATION_CONTEXT() REPRESENTATION_CONTEXT('2D SPACE',''
  ) );
#3151 = ORIENTED_EDGE('',*,*,#374,.F.);
#3152 = ADVANCED_FACE('',(#3153),#340,.F.);
#3153 = FACE_BOUND('',#3154,.F.);
#3154 = EDGE_LOOP('',(#3155,#3176,#3207,#3208));
#3155 = ORIENTED_EDGE('',*,*,#3156,.T.);
#3156 = EDGE_CURVE('',#3101,#3157,#3159,.T.);
#3157 = VERTEX_POINT('',#3158);
#3158 = CARTESIAN_POINT('',(-12.51400488279,63.815356159731,0.));
#3159 = SURFACE_CURVE('',#3160,(#3163,#3170),.PCURVE_S1.);
#3160 = B_SPLINE_CURVE_WITH_KNOTS('',1,(#3161,#3162),.UNSPECIFIED.,.F.,
  .F.,(2,2),(2.,3.),.PIECEWISE_BEZIER_KNOTS.);
#3161 = CARTESIAN_POINT('',(-16.41371653152,62.925272423906,0.));
#3162 = CARTESIAN_POINT('',(-12.51400488279,63.815356159731,0.));
#3163 = PCURVE('',#340,#3164);
#3164 = DEFINITIONAL_REPRESENTATION('',(#3165),#3169);
#3165 = LINE('',#3166,#3167);
#3166 = CARTESIAN_POINT('',(0.,0.));
#3167 = VECTOR('',#3168,1.);
#3168 = DIRECTION('',(1.,0.));
#3169 = ( GEOMETRIC_REPRESENTATION_CONTEXT(2) 
PARAMETRIC_REPRESENTATION_CONTEXT() REPRESENTATION_CONTEXT('2D SPACE',''
  ) );
#3170 = PCURVE('',#1378,#3171);
#3171 = DEFINITIONAL_REPRESENTATION('',(#3172),#3175);
#3172 = B_SPLINE_CURVE_WITH_KNOTS('',1,(#3173,#3174),.UNSPECIFIED.,.F.,
  .F.,(2,2),(2.,3.),.PIECEWISE_BEZIER_KNOTS.);
#3173 = CARTESIAN_POINT('',(-16.41371653152,62.925272423906));
#3174 = CARTESIAN_POINT('',(-12.51400488279,63.815356159731));
#3175 = ( GEOMETRIC_REPRESENTATION_CONTEXT(2) 
PARAMETRIC_REPRESENTATION_CONTEXT() REPRESENTATION_CONTEXT('2D SPACE',''
  ) );
#3176 = ORIENTED_EDGE('',*,*,#3177,.T.);
#3177 = EDGE_CURVE('',#3157,#279,#3178,.T.);
#3178 = SURFACE_CURVE('',#3179,(#3193,#3200),.PCURVE_S1.);
#3179 = ( BOUNDED_CURVE() B_SPLINE_CURVE(7,(#3180,#3181,#3182,#3183,
    #3184,#3185,#3186,#3187,#3188,#3189,#3190,#3191,#3192),
.UNSPECIFIED.,.F.,.F.) B_SPLINE_CURVE_WITH_KNOTS((8,5,8),(0.,
0.528295033397,1.),.UNSPECIFIED.) CURVE() GEOMETRIC_REPRESENTATION_ITEM(
) RATIONAL_B_SPLINE_CURVE((1.,1.,1.,1.,1.,1.,1.,1.,1.,1.,1.,1.,1.)) 
REPRESENTATION_ITEM('') );
#3180 = CARTESIAN_POINT('',(-12.51400488279,63.815356159731,0.));
#3181 = CARTESIAN_POINT('',(-16.31081107525,60.007683410262,
    4.009735946892));
#3182 = CARTESIAN_POINT('',(-19.64025579295,55.861531154547,
    8.107010349125));
#3183 = CARTESIAN_POINT('',(-22.44244814542,51.431072107638,
    12.295077687981));
#3184 = CARTESIAN_POINT('',(-24.66167498903,46.786061300415,
    16.576756995782));
#3185 = CARTESIAN_POINT('',(-26.25050828819,42.013444478406,
    20.954091505758));
#3186 = CARTESIAN_POINT('',(-28.00677233327,32.938125741252,
    29.421887460287));
#3187 = CARTESIAN_POINT('',(-27.37962886508,24.20482066644,
    38.226846193522));
#3188 = CARTESIAN_POINT('',(-26.55047177308,20.244891894215,
    42.453746762775));
#3189 = CARTESIAN_POINT('',(-25.20173732719,16.535284766291,
    46.751113780915));
#3190 = CARTESIAN_POINT('',(-23.36893448415,13.170278434699,
    51.113702778624));
#3191 = CARTESIAN_POINT('',(-21.11448051423,10.237546753931,
    55.533462343521));
#3192 = CARTESIAN_POINT('',(-18.5219457669,7.80624909979,60.));
#3193 = PCURVE('',#340,#3194);
#3194 = DEFINITIONAL_REPRESENTATION('',(#3195),#3199);
#3195 = LINE('',#3196,#3197);
#3196 = CARTESIAN_POINT('',(3.,0.));
#3197 = VECTOR('',#3198,1.);
#3198 = DIRECTION('',(0.,1.));
#3199 = ( GEOMETRIC_REPRESENTATION_CONTEXT(2) 
PARAMETRIC_REPRESENTATION_CONTEXT() REPRESENTATION_CONTEXT('2D SPACE',''
  ) );
#3200 = PCURVE('',#292,#3201);
#3201 = DEFINITIONAL_REPRESENTATION('',(#3202),#3206);
#3202 = LINE('',#3203,#3204);
#3203 = CARTESIAN_POINT('',(3.,0.));
#3204 = VECTOR('',#3205,1.);
#3205 = DIRECTION('',(0.,1.));
#3206 = ( GEOMETRIC_REPRESENTATION_CONTEXT(2) 
PARAMETRIC_REPRESENTATION_CONTEXT() REPRESENTATION_CONTEXT('2D SPACE',''
  ) );
#3207 = ORIENTED_EDGE('',*,*,#326,.F.);
#3208 = ORIENTED_EDGE('',*,*,#3121,.F.);
#3209 = ADVANCED_FACE('',(#3210),#292,.F.);
#3210 = FACE_BOUND('',#3211,.F.);
#3211 = EDGE_LOOP('',(#3212,#3213,#3234,#3324));
#3212 = ORIENTED_EDGE('',*,*,#3177,.F.);
#3213 = ORIENTED_EDGE('',*,*,#3214,.T.);
#3214 = EDGE_CURVE('',#3157,#3215,#3217,.T.);
#3215 = VERTEX_POINT('',#3216);
#3216 = CARTESIAN_POINT('',(-9.167286472908,49.152424749178,0.));
#3217 = SURFACE_CURVE('',#3218,(#3221,#3228),.PCURVE_S1.);
#3218 = B_SPLINE_CURVE_WITH_KNOTS('',1,(#3219,#3220),.UNSPECIFIED.,.F.,
  .F.,(2,2),(3.,4.),.PIECEWISE_BEZIER_KNOTS.);
#3219 = CARTESIAN_POINT('',(-12.51400488279,63.815356159731,0.));
#3220 = CARTESIAN_POINT('',(-8.286107137627,45.291725828277,0.));
#3221 = PCURVE('',#292,#3222);
#3222 = DEFINITIONAL_REPRESENTATION('',(#3223),#3227);
#3223 = LINE('',#3224,#3225);
#3224 = CARTESIAN_POINT('',(0.,0.));
#3225 = VECTOR('',#3226,1.);
#3226 = DIRECTION('',(1.,0.));
#3227 = ( GEOMETRIC_REPRESENTATION_CONTEXT(2) 
PARAMETRIC_REPRESENTATION_CONTEXT() REPRESENTATION_CONTEXT('2D SPACE',''
  ) );
#3228 = PCURVE('',#1378,#3229);
#3229 = DEFINITIONAL_REPRESENTATION('',(#3230),#3233);
#3230 = B_SPLINE_CURVE_WITH_KNOTS('',1,(#3231,#3232),.UNSPECIFIED.,.F.,
  .F.,(2,2),(3.,4.),.PIECEWISE_BEZIER_KNOTS.);
#3231 = CARTESIAN_POINT('',(-12.51400488279,63.815356159731));
#3232 = CARTESIAN_POINT('',(-8.286107137627,45.291725828277));
#3233 = ( GEOMETRIC_REPRESENTATION_CONTEXT(2) 
PARAMETRIC_REPRESENTATION_CONTEXT() REPRESENTATION_CONTEXT('2D SPACE',''
  ) );
#3234 = ORIENTED_EDGE('',*,*,#3235,.T.);
#3235 = EDGE_CURVE('',#3215,#250,#3236,.T.);
#3236 = SURFACE_CURVE('',#3237,(#3264,#3294),.PCURVE_S1.);
#3237 = B_SPLINE_CURVE_WITH_KNOTS('',7,(#3238,#3239,#3240,#3241,#3242,
    #3243,#3244,#3245,#3246,#3247,#3248,#3249,#3250,#3251,#3252,#3253,
    #3254,#3255,#3256,#3257,#3258,#3259,#3260,#3261,#3262,#3263),
  .UNSPECIFIED.,.F.,.F.,(8,6,6,6,8),(0.,0.233603822794,0.472928540183,
    0.733494791966,1.),.UNSPECIFIED.);
#3238 = CARTESIAN_POINT('',(-9.167286472908,49.152424749178,
    -8.881784197001E-16));
#3239 = CARTESIAN_POINT('',(-10.53404258502,47.783416917318,
    1.877506615357));
#3240 = CARTESIAN_POINT('',(-11.81542555663,46.363600124396,
    3.765762412411));
#3241 = CARTESIAN_POINT('',(-13.00791829234,44.898279992602,
    5.664707751194));
#3242 = CARTESIAN_POINT('',(-14.10839472512,43.393137720075,
    7.574288049142));
#3243 = CARTESIAN_POINT('',(-15.11415295788,41.854211707308,
    9.494439857108));
#3244 = CARTESIAN_POINT('',(-16.0229645564,40.287872362269,
    11.425070445653));
#3245 = CARTESIAN_POINT('',(-17.66315640874,37.074840589438,
    15.35452495549));
#3246 = CARTESIAN_POINT('',(-18.3896604323,35.427091879709,
    17.353894812786));
#3247 = CARTESIAN_POINT('',(-19.01082444948,33.764723548046,
    19.363971069991));
#3248 = CARTESIAN_POINT('',(-19.52544544001,32.095187140404,
    21.384590483031));
#3249 = CARTESIAN_POINT('',(-19.93298246342,30.426158241911,
    23.415575069594));
#3250 = CARTESIAN_POINT('',(-20.23360252373,28.765472806071,
    25.456704782728));
#3251 = CARTESIAN_POINT('',(-20.64014191115,25.330669850984,
    29.740699673543));
#3252 = CARTESIAN_POINT('',(-20.72641751679,23.559521344577,
    31.985446862635));
#3253 = CARTESIAN_POINT('',(-20.68824848384,21.817838461891,
    34.241523312693));
#3254 = CARTESIAN_POINT('',(-20.52790556839,20.115870197097,
    36.508539973352));
#3255 = CARTESIAN_POINT('',(-20.24876627868,18.463758144335,
    38.786081758785));
#3256 = CARTESIAN_POINT('',(-19.85531962359,16.871388326817,
    41.073660138375));
#3257 = CARTESIAN_POINT('',(-18.83954025829,13.790324735431,
    45.720008796165));
#3258 = CARTESIAN_POINT('',(-18.21218235554,12.304780529079,
    48.079274138973));
#3259 = CARTESIAN_POINT('',(-17.47704103313,10.901704087029,
    50.447790948035));
#3260 = CARTESIAN_POINT('',(-16.64126617815,9.590643244647,
    52.824903915548));
#3261 = CARTESIAN_POINT('',(-15.71301862935,8.380413050236,
    55.209896249458));
#3262 = CARTESIAN_POINT('',(-14.70147089221,7.278920188056,
    57.601951367229));
#3263 = CARTESIAN_POINT('',(-13.61610067506,6.292996297993,60.));
#3264 = PCURVE('',#292,#3265);
#3265 = DEFINITIONAL_REPRESENTATION('',(#3266),#3293);
#3266 = B_SPLINE_CURVE_WITH_KNOTS('',7,(#3267,#3268,#3269,#3270,#3271,
    #3272,#3273,#3274,#3275,#3276,#3277,#3278,#3279,#3280,#3281,#3282,
    #3283,#3284,#3285,#3286,#3287,#3288,#3289,#3290,#3291,#3292),
  .UNSPECIFIED.,.F.,.F.,(8,6,6,6,8),(0.,0.233603822794,0.472928540183,
    0.733494791966,1.),.UNSPECIFIED.);
#3267 = CARTESIAN_POINT('',(3.791579790138,9.999946026674E-11));
#3268 = CARTESIAN_POINT('',(3.788193379118,3.533818100968E-02));
#3269 = CARTESIAN_POINT('',(3.784659901743,7.051744352998E-02));
#3270 = CARTESIAN_POINT('',(3.780968053123,0.105536226364));
#3271 = CARTESIAN_POINT('',(3.777105323391,0.140393764943));
#3272 = CARTESIAN_POINT('',(3.773057520404,0.175089862035));
#3273 = CARTESIAN_POINT('',(3.76880834314,0.209624614126));
#3274 = CARTESIAN_POINT('',(3.759760215584,0.279213370225));
#3275 = CARTESIAN_POINT('',(3.754950270729,0.314259976952));
#3276 = CARTESIAN_POINT('',(3.74988896675,0.34913780503));
#3277 = CARTESIAN_POINT('',(3.74455317228,0.383847936558));
#3278 = CARTESIAN_POINT('',(3.738916219119,0.418392326255));
#3279 = CARTESIAN_POINT('',(3.732946948644,0.45277343996));
#3280 = CARTESIAN_POINT('',(3.719707296784,0.524251530592));
#3281 = CARTESIAN_POINT('',(3.712368257128,0.561319649649));
#3282 = CARTESIAN_POINT('',(3.704543778481,0.598201159408));
#3283 = CARTESIAN_POINT('',(3.696177726216,0.634901165011));
#3284 = CARTESIAN_POINT('',(3.687203259341,0.671426323151));
#3285 = CARTESIAN_POINT('',(3.677539598342,0.707784152915));
#3286 = CARTESIAN_POINT('',(3.656397475122,0.781005409669));
#3287 = CARTESIAN_POINT('',(3.644882261583,0.817862430798));
#3288 = CARTESIAN_POINT('',(3.632436860939,0.854561405538));
#3289 = CARTESIAN_POINT('',(3.61893150747,0.891112847874));
#3290 = CARTESIAN_POINT('',(3.604221293865,0.927528519858));
#3291 = CARTESIAN_POINT('',(3.588112798703,0.963820763662));
#3292 = CARTESIAN_POINT('',(3.570436805856,0.999999999995));
#3293 = ( GEOMETRIC_REPRESENTATION_CONTEXT(2) 
PARAMETRIC_REPRESENTATION_CONTEXT() REPRESENTATION_CONTEXT('2D SPACE',''
  ) );
#3294 = PCURVE('',#266,#3295);
#3295 = DEFINITIONAL_REPRESENTATION('',(#3296),#3323);
#3296 = B_SPLINE_CURVE_WITH_KNOTS('',7,(#3297,#3298,#3299,#3300,#3301,
    #3302,#3303,#3304,#3305,#3306,#3307,#3308,#3309,#3310,#3311,#3312,
    #3313,#3314,#3315,#3316,#3317,#3318,#3319,#3320,#3321,#3322),
  .UNSPECIFIED.,.F.,.F.,(8,6,6,6,8),(0.,0.233603822794,0.472928540183,
    0.733494791966,1.),.UNSPECIFIED.);
#3297 = CARTESIAN_POINT('',(-1.755185127697,0.));
#3298 = CARTESIAN_POINT('',(-1.787076913269,-1.877506615388));
#3299 = CARTESIAN_POINT('',(-1.819106476388,-3.765762412367));
#3300 = CARTESIAN_POINT('',(-1.851267675567,-5.664707751201));
#3301 = CARTESIAN_POINT('',(-1.88355370178,-7.574288049171));
#3302 = CARTESIAN_POINT('',(-1.915956524754,-9.49443985709));
#3303 = CARTESIAN_POINT('',(-1.948466118283,-11.42507044565));
#3304 = CARTESIAN_POINT('',(-2.014471257994,-15.35452495549));
#3305 = CARTESIAN_POINT('',(-2.047972011301,-17.35389481278));
#3306 = CARTESIAN_POINT('',(-2.081557580717,-19.36397106999));
#3307 = CARTESIAN_POINT('',(-2.115211513833,-21.38459048303));
#3308 = CARTESIAN_POINT('',(-2.148914160957,-23.41557506959));
#3309 = CARTESIAN_POINT('',(-2.182640668966,-25.45670478272));
#3310 = CARTESIAN_POINT('',(-2.253067653339,-29.74069967354));
#3311 = CARTESIAN_POINT('',(-2.28976721207,-31.98544686263));
#3312 = CARTESIAN_POINT('',(-2.326413903786,-34.24152331269));
#3313 = CARTESIAN_POINT('',(-2.362953197032,-36.50853997335));
#3314 = CARTESIAN_POINT('',(-2.399317787556,-38.78608175878));
#3315 = CARTESIAN_POINT('',(-2.435414312674,-41.07366013837));
#3316 = CARTESIAN_POINT('',(-2.507594302577,-45.72000879616));
#3317 = CARTESIAN_POINT('',(-2.543660213753,-48.07927413897));
#3318 = CARTESIAN_POINT('',(-2.5791342457,-50.44779094803));
#3319 = CARTESIAN_POINT('',(-2.613819270201,-52.82490391555));
#3320 = CARTESIAN_POINT('',(-2.647366431718,-55.20989624945));
#3321 = CARTESIAN_POINT('',(-2.679354171898,-57.60195136722));
#3322 = CARTESIAN_POINT('',(-2.708661763838,-60.));
#3323 = ( GEOMETRIC_REPRESENTATION_CONTEXT(2) 
PARAMETRIC_REPRESENTATION_CONTEXT() REPRESENTATION_CONTEXT('2D SPACE',''
  ) );
#3324 = ORIENTED_EDGE('',*,*,#278,.F.);
#3325 = ADVANCED_FACE('',(#3326),#266,.T.);
#3326 = FACE_BOUND('',#3327,.T.);
#3327 = EDGE_LOOP('',(#3328,#3420,#3442,#3443));
#3328 = ORIENTED_EDGE('',*,*,#3329,.F.);
#3329 = EDGE_CURVE('',#3330,#202,#3332,.T.);
#3330 = VERTEX_POINT('',#3331);
#3331 = CARTESIAN_POINT('',(29.585877552101,40.307267948499,0.));
#3332 = SURFACE_CURVE('',#3333,(#3360,#3390),.PCURVE_S1.);
#3333 = B_SPLINE_CURVE_WITH_KNOTS('',7,(#3334,#3335,#3336,#3337,#3338,
    #3339,#3340,#3341,#3342,#3343,#3344,#3345,#3346,#3347,#3348,#3349,
    #3350,#3351,#3352,#3353,#3354,#3355,#3356,#3357,#3358,#3359),
  .UNSPECIFIED.,.F.,.F.,(8,6,6,6,8),(0.,0.22943231475,0.465540906057,
    0.730107600857,1.),.UNSPECIFIED.);
#3334 = CARTESIAN_POINT('',(29.585877552101,40.307267948499,
    -8.881784197001E-16));
#3335 = CARTESIAN_POINT('',(27.614186846021,40.417973997867,
    1.847037990903));
#3336 = CARTESIAN_POINT('',(25.659166495632,40.429816118736,
    3.704234378211));
#3337 = CARTESIAN_POINT('',(23.727062916487,40.343485928878,
    5.571526616493));
#3338 = CARTESIAN_POINT('',(21.82415740545,40.160196303863,
    7.448857683837));
#3339 = CARTESIAN_POINT('',(19.956733825604,39.881693798218,
    9.336163009054));
#3340 = CARTESIAN_POINT('',(18.131031747851,39.510279520027,
    11.233351257344));
#3341 = CARTESIAN_POINT('',(14.52360459085,38.573969872895,
    15.102696594192));
#3342 = CARTESIAN_POINT('',(12.744674355669,38.003750769493,
    17.075461587895));
#3343 = CARTESIAN_POINT('',(11.023092216751,37.341321919109,
    19.058408279558));
#3344 = CARTESIAN_POINT('',(9.365371825166,36.590463381795,
    21.051378799789));
#3345 = CARTESIAN_POINT('',(7.777786236238,35.755592755117,
    23.054202869665));
#3346 = CARTESIAN_POINT('',(6.266294499239,34.841761869841,
    25.066671324631));
#3347 = CARTESIAN_POINT('',(3.23426930389,32.748565908297,
    29.354026292898));
#3348 = CARTESIAN_POINT('',(1.734559819905,31.550440880251,
    31.631368220638));
#3349 = CARTESIAN_POINT('',(0.345165690549,30.268275120531,
    33.920108020862));
#3350 = CARTESIAN_POINT('',(-0.926809295332,28.910992820866,
    36.219845404155));
#3351 = CARTESIAN_POINT('',(-2.075113791686,27.488381064197,
    38.530157035462));
#3352 = CARTESIAN_POINT('',(-3.094477107659,26.010996073902,
    40.850542457559));
#3353 = CARTESIAN_POINT('',(-4.884868200362,22.938464671678,
    45.557076231661));
#3354 = CARTESIAN_POINT('',(-5.65051172475,21.341500275339,
    47.94367910267));
#3355 = CARTESIAN_POINT('',(-6.273262014476,19.711028226793,
    50.339482782434));
#3356 = CARTESIAN_POINT('',(-6.749996877825,18.059532388676,
    52.743819332414));
#3357 = CARTESIAN_POINT('',(-7.07890191856,16.399844801605,
    55.155956716694));
#3358 = CARTESIAN_POINT('',(-7.259617572247,14.745040563071,
    57.575060467112));
#3359 = CARTESIAN_POINT('',(-7.292932281735,13.107751093686,60.));
#3360 = PCURVE('',#266,#3361);
#3361 = DEFINITIONAL_REPRESENTATION('',(#3362),#3389);
#3362 = B_SPLINE_CURVE_WITH_KNOTS('',7,(#3363,#3364,#3365,#3366,#3367,
    #3368,#3369,#3370,#3371,#3372,#3373,#3374,#3375,#3376,#3377,#3378,
    #3379,#3380,#3381,#3382,#3383,#3384,#3385,#3386,#3387,#3388),
  .UNSPECIFIED.,.F.,.F.,(8,6,6,6,8),(0.,0.22943231475,0.465540906057,
    0.730107600857,1.),.UNSPECIFIED.);
#3363 = CARTESIAN_POINT('',(-0.93760857538,0.));
#3364 = CARTESIAN_POINT('',(-0.970708095869,-1.847037990937));
#3365 = CARTESIAN_POINT('',(-1.00403311107,-3.704234378163));
#3366 = CARTESIAN_POINT('',(-1.037587209291,-5.5715266165));
#3367 = CARTESIAN_POINT('',(-1.071374990625,-7.448857683868));
#3368 = CARTESIAN_POINT('',(-1.105401888925,-9.336163009033));
#3369 = CARTESIAN_POINT('',(-1.139674160683,-11.23335125734));
#3370 = CARTESIAN_POINT('',(-1.20972856424,-15.10269659419));
#3371 = CARTESIAN_POINT('',(-1.245526212224,-17.07546158789));
#3372 = CARTESIAN_POINT('',(-1.281599668076,-19.05840827955));
#3373 = CARTESIAN_POINT('',(-1.317959023427,-21.05137879978));
#3374 = CARTESIAN_POINT('',(-1.354616870808,-23.05420286966));
#3375 = CARTESIAN_POINT('',(-1.391589211337,-25.06667132463));
#3376 = CARTESIAN_POINT('',(-1.470701862517,-29.35402629289));
#3377 = CARTESIAN_POINT('',(-1.512929233273,-31.63136822063));
#3378 = CARTESIAN_POINT('',(-1.55560802553,-33.92010802086));
#3379 = CARTESIAN_POINT('',(-1.598779648051,-36.21984540415));
#3380 = CARTESIAN_POINT('',(-1.642497743665,-38.53015703546));
#3381 = CARTESIAN_POINT('',(-1.686840088387,-40.85054245755));
#3382 = CARTESIAN_POINT('',(-1.777933281692,-45.55707623166));
#3383 = CARTESIAN_POINT('',(-1.8247154358,-47.94367910266));
#3384 = CARTESIAN_POINT('',(-1.872419566878,-50.33948278243));
#3385 = CARTESIAN_POINT('',(-1.921221781313,-52.74381933241));
#3386 = CARTESIAN_POINT('',(-1.971454976714,-55.15595671669));
#3387 = CARTESIAN_POINT('',(-2.023516720985,-57.57506046711));
#3388 = CARTESIAN_POINT('',(-2.078527041632,-60.));
#3389 = ( GEOMETRIC_REPRESENTATION_CONTEXT(2) 
PARAMETRIC_REPRESENTATION_CONTEXT() REPRESENTATION_CONTEXT('2D SPACE',''
  ) );
#3390 = PCURVE('',#215,#3391);
#3391 = DEFINITIONAL_REPRESENTATION('',(#3392),#3419);
#3392 = B_SPLINE_CURVE_WITH_KNOTS('',7,(#3393,#3394,#3395,#3396,#3397,
    #3398,#3399,#3400,#3401,#3402,#3403,#3404,#3405,#3406,#3407,#3408,
    #3409,#3410,#3411,#3412,#3413,#3414,#3415,#3416,#3417,#3418),
  .UNSPECIFIED.,.F.,.F.,(8,6,6,6,8),(0.,0.22943231475,0.465540906057,
    0.730107600857,1.),.UNSPECIFIED.);
#3393 = CARTESIAN_POINT('',(1.208420209862,9.999911103203E-11));
#3394 = CARTESIAN_POINT('',(1.211751669663,3.476470459461E-02));
#3395 = CARTESIAN_POINT('',(1.215225007912,6.937100039739E-02));
#3396 = CARTESIAN_POINT('',(1.218850940254,0.103817459301));
#3397 = CARTESIAN_POINT('',(1.22264126889,0.138103415577));
#3398 = CARTESIAN_POINT('',(1.22660935319,0.172228746701));
#3399 = CARTESIAN_POINT('',(1.230770504379,0.206193610402));
#3400 = CARTESIAN_POINT('',(1.239641319766,0.274786347362));
#3401 = CARTESIAN_POINT('',(1.244363498411,0.309405335825));
#3402 = CARTESIAN_POINT('',(1.249328006746,0.343855059919));
#3403 = CARTESIAN_POINT('',(1.254556743148,0.378136633575));
#3404 = CARTESIAN_POINT('',(1.260074894813,0.412252012744));
#3405 = CARTESIAN_POINT('',(1.265911804816,0.446203637349));
#3406 = CARTESIAN_POINT('',(1.279038614367,0.517857170576));
#3407 = CARTESIAN_POINT('',(1.286419063572,0.555518909474));
#3408 = CARTESIAN_POINT('',(1.294292112942,0.592982327014));
#3409 = CARTESIAN_POINT('',(1.302715260911,0.630252885318));
#3410 = CARTESIAN_POINT('',(1.311757124525,0.66733773479));
#3411 = CARTESIAN_POINT('',(1.321500840705,0.704244918573));
#3412 = CARTESIAN_POINT('',(1.342808750601,0.778459556353));
#3413 = CARTESIAN_POINT('',(1.354406110096,0.81576123121));
#3414 = CARTESIAN_POINT('',(1.366948265851,0.852895930458));
#3415 = CARTESIAN_POINT('',(1.380568559147,0.889874771251));
#3416 = CARTESIAN_POINT('',(1.395415409803,0.926710148882));
#3417 = CARTESIAN_POINT('',(1.411689030158,0.963415062036));
#3418 = CARTESIAN_POINT('',(1.429563194144,0.999999999995));
#3419 = ( GEOMETRIC_REPRESENTATION_CONTEXT(2) 
PARAMETRIC_REPRESENTATION_CONTEXT() REPRESENTATION_CONTEXT('2D SPACE',''
  ) );
#3420 = ORIENTED_EDGE('',*,*,#3421,.T.);
#3421 = EDGE_CURVE('',#3330,#3215,#3422,.T.);
#3422 = SURFACE_CURVE('',#3423,(#3428,#3435),.PCURVE_S1.);
#3423 = CIRCLE('',#3424,50.);
#3424 = AXIS2_PLACEMENT_3D('',#3425,#3426,#3427);
#3425 = CARTESIAN_POINT('',(0.,0.,0.));
#3426 = DIRECTION('',(0.,0.,1.));
#3427 = DIRECTION('',(1.,0.,0.));
#3428 = PCURVE('',#266,#3429);
#3429 = DEFINITIONAL_REPRESENTATION('',(#3430),#3434);
#3430 = LINE('',#3431,#3432);
#3431 = CARTESIAN_POINT('',(-0.,-0.));
#3432 = VECTOR('',#3433,1.);
#3433 = DIRECTION('',(-1.,-0.));
#3434 = ( GEOMETRIC_REPRESENTATION_CONTEXT(2) 
PARAMETRIC_REPRESENTATION_CONTEXT() REPRESENTATION_CONTEXT('2D SPACE',''
  ) );
#3435 = PCURVE('',#1378,#3436);
#3436 = DEFINITIONAL_REPRESENTATION('',(#3437),#3441);
#3437 = CIRCLE('',#3438,50.);
#3438 = AXIS2_PLACEMENT_2D('',#3439,#3440);
#3439 = CARTESIAN_POINT('',(0.,0.));
#3440 = DIRECTION('',(1.,0.));
#3441 = ( GEOMETRIC_REPRESENTATION_CONTEXT(2) 
PARAMETRIC_REPRESENTATION_CONTEXT() REPRESENTATION_CONTEXT('2D SPACE',''
  ) );
#3442 = ORIENTED_EDGE('',*,*,#3235,.T.);
#3443 = ORIENTED_EDGE('',*,*,#249,.F.);
#3444 = ADVANCED_FACE('',(#3445),#215,.F.);
#3445 = FACE_BOUND('',#3446,.F.);
#3446 = EDGE_LOOP('',(#3447,#3448,#3469,#3500));
#3447 = ORIENTED_EDGE('',*,*,#3329,.F.);
#3448 = ORIENTED_EDGE('',*,*,#3449,.T.);
#3449 = EDGE_CURVE('',#3330,#3450,#3452,.T.);
#3450 = VERTEX_POINT('',#3451);
#3451 = CARTESIAN_POINT('',(38.963174155882,52.066025964139,0.));
#3452 = SURFACE_CURVE('',#3453,(#3456,#3463),.PCURVE_S1.);
#3453 = B_SPLINE_CURVE_WITH_KNOTS('',1,(#3454,#3455),.UNSPECIFIED.,.F.,
  .F.,(2,2),(1.,2.),.PIECEWISE_BEZIER_KNOTS.);
#3454 = CARTESIAN_POINT('',(27.116867920566,37.211227797247,0.));
#3455 = CARTESIAN_POINT('',(38.963174155882,52.066025964139,0.));
#3456 = PCURVE('',#215,#3457);
#3457 = DEFINITIONAL_REPRESENTATION('',(#3458),#3462);
#3458 = LINE('',#3459,#3460);
#3459 = CARTESIAN_POINT('',(0.,0.));
#3460 = VECTOR('',#3461,1.);
#3461 = DIRECTION('',(1.,0.));
#3462 = ( GEOMETRIC_REPRESENTATION_CONTEXT(2) 
PARAMETRIC_REPRESENTATION_CONTEXT() REPRESENTATION_CONTEXT('2D SPACE',''
  ) );
#3463 = PCURVE('',#1378,#3464);
#3464 = DEFINITIONAL_REPRESENTATION('',(#3465),#3468);
#3465 = B_SPLINE_CURVE_WITH_KNOTS('',1,(#3466,#3467),.UNSPECIFIED.,.F.,
  .F.,(2,2),(1.,2.),.PIECEWISE_BEZIER_KNOTS.);
#3466 = CARTESIAN_POINT('',(27.116867920566,37.211227797247));
#3467 = CARTESIAN_POINT('',(38.963174155882,52.066025964139));
#3468 = ( GEOMETRIC_REPRESENTATION_CONTEXT(2) 
PARAMETRIC_REPRESENTATION_CONTEXT() REPRESENTATION_CONTEXT('2D SPACE',''
  ) );
#3469 = ORIENTED_EDGE('',*,*,#3470,.T.);
#3470 = EDGE_CURVE('',#3450,#154,#3471,.T.);
#3471 = SURFACE_CURVE('',#3472,(#3486,#3493),.PCURVE_S1.);
#3472 = ( BOUNDED_CURVE() B_SPLINE_CURVE(7,(#3473,#3474,#3475,#3476,
    #3477,#3478,#3479,#3480,#3481,#3482,#3483,#3484,#3485),
.UNSPECIFIED.,.F.,.F.) B_SPLINE_CURVE_WITH_KNOTS((8,5,8),(0.,
0.528295033397,1.),.UNSPECIFIED.) CURVE() GEOMETRIC_REPRESENTATION_ITEM(
) RATIONAL_B_SPLINE_CURVE((1.,1.,1.,1.,1.,1.,1.,1.,1.,1.,1.,1.,1.)) 
REPRESENTATION_ITEM('') );
#3473 = CARTESIAN_POINT('',(38.963174155882,52.066025964139,0.));
#3474 = CARTESIAN_POINT('',(33.444410816006,52.44158343551,
    4.009735946893));
#3475 = CARTESIAN_POINT('',(27.966467451835,52.221676617066,
    8.107010349121));
#3476 = CARTESIAN_POINT('',(22.611698695362,51.393708439637,
    12.295077687986));
#3477 = CARTESIAN_POINT('',(17.472247561711,49.958502282974,
    16.576756995778));
#3478 = CARTESIAN_POINT('',(12.648688205495,47.934636389544,
    20.954091505759));
#3479 = CARTESIAN_POINT('',(4.314637537994,43.073188432705,
    29.421887460287));
#3480 = CARTESIAN_POINT('',(-2.164421180986,36.522437672076,
    38.226846193521));
#3481 = CARTESIAN_POINT('',(-4.73879324719,33.108452399954,
    42.453746762782));
#3482 = CARTESIAN_POINT('',(-6.767301511433,29.440549817085,
    46.751113780904));
#3483 = CARTESIAN_POINT('',(-8.197100390919,25.60859551382,
    51.113702778632));
#3484 = CARTESIAN_POINT('',(-8.998043631556,21.719875570014,
    55.533462343518));
#3485 = CARTESIAN_POINT('',(-9.168567984616,17.886792924151,60.));
#3486 = PCURVE('',#215,#3487);
#3487 = DEFINITIONAL_REPRESENTATION('',(#3488),#3492);
#3488 = LINE('',#3489,#3490);
#3489 = CARTESIAN_POINT('',(2.,0.));
#3490 = VECTOR('',#3491,1.);
#3491 = DIRECTION('',(0.,1.));
#3492 = ( GEOMETRIC_REPRESENTATION_CONTEXT(2) 
PARAMETRIC_REPRESENTATION_CONTEXT() REPRESENTATION_CONTEXT('2D SPACE',''
  ) );
#3493 = PCURVE('',#167,#3494);
#3494 = DEFINITIONAL_REPRESENTATION('',(#3495),#3499);
#3495 = LINE('',#3496,#3497);
#3496 = CARTESIAN_POINT('',(2.,0.));
#3497 = VECTOR('',#3498,1.);
#3498 = DIRECTION('',(0.,1.));
#3499 = ( GEOMETRIC_REPRESENTATION_CONTEXT(2) 
PARAMETRIC_REPRESENTATION_CONTEXT() REPRESENTATION_CONTEXT('2D SPACE',''
  ) );
#3500 = ORIENTED_EDGE('',*,*,#201,.F.);
#3501 = ADVANCED_FACE('',(#3502),#167,.F.);
#3502 = FACE_BOUND('',#3503,.F.);
#3503 = EDGE_LOOP('',(#3504,#3525,#3556,#3557));
#3504 = ORIENTED_EDGE('',*,*,#3505,.T.);
#3505 = EDGE_CURVE('',#3450,#3506,#3508,.T.);
#3506 = VERTEX_POINT('',#3507);
#3507 = CARTESIAN_POINT('',(42.090500085754,49.572066756704,0.));
#3508 = SURFACE_CURVE('',#3509,(#3512,#3519),.PCURVE_S1.);
#3509 = B_SPLINE_CURVE_WITH_KNOTS('',1,(#3510,#3511),.UNSPECIFIED.,.F.,
  .F.,(2,2),(2.,3.),.PIECEWISE_BEZIER_KNOTS.);
#3510 = CARTESIAN_POINT('',(38.963174155882,52.066025964139,0.));
#3511 = CARTESIAN_POINT('',(42.090500085754,49.572066756704,0.));
#3512 = PCURVE('',#167,#3513);
#3513 = DEFINITIONAL_REPRESENTATION('',(#3514),#3518);
#3514 = LINE('',#3515,#3516);
#3515 = CARTESIAN_POINT('',(0.,0.));
#3516 = VECTOR('',#3517,1.);
#3517 = DIRECTION('',(1.,0.));
#3518 = ( GEOMETRIC_REPRESENTATION_CONTEXT(2) 
PARAMETRIC_REPRESENTATION_CONTEXT() REPRESENTATION_CONTEXT('2D SPACE',''
  ) );
#3519 = PCURVE('',#1378,#3520);
#3520 = DEFINITIONAL_REPRESENTATION('',(#3521),#3524);
#3521 = B_SPLINE_CURVE_WITH_KNOTS('',1,(#3522,#3523),.UNSPECIFIED.,.F.,
  .F.,(2,2),(2.,3.),.PIECEWISE_BEZIER_KNOTS.);
#3522 = CARTESIAN_POINT('',(38.963174155882,52.066025964139));
#3523 = CARTESIAN_POINT('',(42.090500085754,49.572066756704));
#3524 = ( GEOMETRIC_REPRESENTATION_CONTEXT(2) 
PARAMETRIC_REPRESENTATION_CONTEXT() REPRESENTATION_CONTEXT('2D SPACE',''
  ) );
#3525 = ORIENTED_EDGE('',*,*,#3526,.T.);
#3526 = EDGE_CURVE('',#3506,#106,#3527,.T.);
#3527 = SURFACE_CURVE('',#3528,(#3542,#3549),.PCURVE_S1.);
#3528 = ( BOUNDED_CURVE() B_SPLINE_CURVE(7,(#3529,#3530,#3531,#3532,
    #3533,#3534,#3535,#3536,#3537,#3538,#3539,#3540,#3541),
.UNSPECIFIED.,.F.,.F.) B_SPLINE_CURVE_WITH_KNOTS((8,5,8),(0.,
0.528295033397,1.),.UNSPECIFIED.) CURVE() GEOMETRIC_REPRESENTATION_ITEM(
) RATIONAL_B_SPLINE_CURVE((1.,1.,1.,1.,1.,1.,1.,1.,1.,1.,1.,1.,1.)) 
REPRESENTATION_ITEM('') );
#3529 = CARTESIAN_POINT('',(42.090500085754,49.572066756704,0.));
#3530 = CARTESIAN_POINT('',(36.746271714652,50.166484242687,
    4.009735946893));
#3531 = CARTESIAN_POINT('',(31.428804522691,50.18446529373,
    8.107010349121));
#3532 = CARTESIAN_POINT('',(26.21779380342,49.612961461521,
    12.295077687986));
#3533 = CARTESIAN_POINT('',(21.202512812921,48.451906006775,
    16.576756995778));
#3534 = CARTESIAN_POINT('',(16.480509368847,46.718427983736,
    20.954091505759));
#3535 = CARTESIAN_POINT('',(8.290126745228,42.433161824479,
    29.421887460287));
#3536 = CARTESIAN_POINT('',(1.853171448458,36.497714666358,
    38.226846193521));
#3537 = CARTESIAN_POINT('',(-0.725854542998,33.380478342355,
    42.453746762782));
#3538 = CARTESIAN_POINT('',(-2.785220010766,30.013093077898,
    46.751113780904));
#3539 = CARTESIAN_POINT('',(-4.273354018059,26.482102983122,
    51.113702778632));
#3540 = CARTESIAN_POINT('',(-5.160626916711,22.890971599117,
    55.533462343518));
#3541 = CARTESIAN_POINT('',(-5.445072990039,19.348157021617,60.));
#3542 = PCURVE('',#167,#3543);
#3543 = DEFINITIONAL_REPRESENTATION('',(#3544),#3548);
#3544 = LINE('',#3545,#3546);
#3545 = CARTESIAN_POINT('',(3.,0.));
#3546 = VECTOR('',#3547,1.);
#3547 = DIRECTION('',(0.,1.));
#3548 = ( GEOMETRIC_REPRESENTATION_CONTEXT(2) 
PARAMETRIC_REPRESENTATION_CONTEXT() REPRESENTATION_CONTEXT('2D SPACE',''
  ) );
#3549 = PCURVE('',#119,#3550);
#3550 = DEFINITIONAL_REPRESENTATION('',(#3551),#3555);
#3551 = LINE('',#3552,#3553);
#3552 = CARTESIAN_POINT('',(3.,0.));
#3553 = VECTOR('',#3554,1.);
#3554 = DIRECTION('',(0.,1.));
#3555 = ( GEOMETRIC_REPRESENTATION_CONTEXT(2) 
PARAMETRIC_REPRESENTATION_CONTEXT() REPRESENTATION_CONTEXT('2D SPACE',''
  ) );
#3556 = ORIENTED_EDGE('',*,*,#153,.F.);
#3557 = ORIENTED_EDGE('',*,*,#3470,.F.);
#3558 = ADVANCED_FACE('',(#3559),#119,.F.);
#3559 = FACE_BOUND('',#3560,.F.);
#3560 = EDGE_LOOP('',(#3561,#3562,#3583,#3673));
#3561 = ORIENTED_EDGE('',*,*,#3526,.F.);
#3562 = ORIENTED_EDGE('',*,*,#3563,.T.);
#3563 = EDGE_CURVE('',#3506,#3564,#3566,.T.);
#3564 = VERTEX_POINT('',#3565);
#3565 = CARTESIAN_POINT('',(32.713203481973,37.813308741064,0.));
#3566 = SURFACE_CURVE('',#3567,(#3570,#3577),.PCURVE_S1.);
#3567 = B_SPLINE_CURVE_WITH_KNOTS('',1,(#3568,#3569),.UNSPECIFIED.,.F.,
  .F.,(2,2),(3.,4.),.PIECEWISE_BEZIER_KNOTS.);
#3568 = CARTESIAN_POINT('',(42.090500085754,49.572066756704,0.));
#3569 = CARTESIAN_POINT('',(30.244193850438,34.717268589812,0.));
#3570 = PCURVE('',#119,#3571);
#3571 = DEFINITIONAL_REPRESENTATION('',(#3572),#3576);
#3572 = LINE('',#3573,#3574);
#3573 = CARTESIAN_POINT('',(0.,0.));
#3574 = VECTOR('',#3575,1.);
#3575 = DIRECTION('',(1.,0.));
#3576 = ( GEOMETRIC_REPRESENTATION_CONTEXT(2) 
PARAMETRIC_REPRESENTATION_CONTEXT() REPRESENTATION_CONTEXT('2D SPACE',''
  ) );
#3577 = PCURVE('',#1378,#3578);
#3578 = DEFINITIONAL_REPRESENTATION('',(#3579),#3582);
#3579 = B_SPLINE_CURVE_WITH_KNOTS('',1,(#3580,#3581),.UNSPECIFIED.,.F.,
  .F.,(2,2),(3.,4.),.PIECEWISE_BEZIER_KNOTS.);
#3580 = CARTESIAN_POINT('',(42.090500085754,49.572066756704));
#3581 = CARTESIAN_POINT('',(30.244193850438,34.717268589812));
#3582 = ( GEOMETRIC_REPRESENTATION_CONTEXT(2) 
PARAMETRIC_REPRESENTATION_CONTEXT() REPRESENTATION_CONTEXT('2D SPACE',''
  ) );
#3583 = ORIENTED_EDGE('',*,*,#3584,.T.);
#3584 = EDGE_CURVE('',#3564,#77,#3585,.T.);
#3585 = SURFACE_CURVE('',#3586,(#3613,#3643),.PCURVE_S1.);
#3586 = B_SPLINE_CURVE_WITH_KNOTS('',7,(#3587,#3588,#3589,#3590,#3591,
    #3592,#3593,#3594,#3595,#3596,#3597,#3598,#3599,#3600,#3601,#3602,
    #3603,#3604,#3605,#3606,#3607,#3608,#3609,#3610,#3611,#3612),
  .UNSPECIFIED.,.F.,.F.,(8,6,6,6,8),(0.,0.233603822794,0.472928540184,
    0.733494791967,1.),.UNSPECIFIED.);
#3587 = CARTESIAN_POINT('',(32.713203481973,37.813308741064,
    7.223855091715E-16));
#3588 = CARTESIAN_POINT('',(30.790711561744,38.028319276545,
    1.877506615357));
#3589 = CARTESIAN_POINT('',(28.881724878628,38.144903533953,
    3.76576241241));
#3590 = CARTESIAN_POINT('',(26.99258440819,38.163619738714,
    5.664707751195));
#3591 = CARTESIAN_POINT('',(25.129680960913,38.085566002307,
    7.574288049143));
#3592 = CARTESIAN_POINT('',(23.299420153685,37.912394777651,
    9.494439857108));
#3593 = CARTESIAN_POINT('',(21.508171978013,37.646335689126,
    11.425070445654));
#3594 = CARTESIAN_POINT('',(17.973479690816,36.925396773169,
    15.35452495549));
#3595 = CARTESIAN_POINT('',(16.23225002466,36.46604597438,
    17.353894812786));
#3596 = CARTESIAN_POINT('',(14.545268697513,35.915221857065,
    19.363971069991));
#3597 = CARTESIAN_POINT('',(12.919111633472,35.276629825005,
    21.384590483031));
#3598 = CARTESIAN_POINT('',(11.360117117506,34.554632602959,
    23.415575069595));
#3599 = CARTESIAN_POINT('',(9.874307419451,33.754246397033,
    25.456704782728));
#3600 = CARTESIAN_POINT('',(6.935397170981,31.930527075092,
    29.74069967354));
#3601 = CARTESIAN_POINT('',(5.496865548272,30.893687028423,
    31.985446862643));
#3602 = CARTESIAN_POINT('',(4.158961040912,29.777923761387,
    34.241523312689));
#3603 = CARTESIAN_POINT('',(2.928280841922,28.591402765905,
    36.508539973348));
#3604 = CARTESIAN_POINT('',(1.810648126932,27.343087864788,
    38.786081758793));
#3605 = CARTESIAN_POINT('',(0.810993248896,26.042652541159,
    41.073660138372));
#3606 = CARTESIAN_POINT('',(-0.964551191133,23.32747252602,
    45.720008796162));
#3607 = CARTESIAN_POINT('',(-1.734845165782,21.910762703993,
    48.079274138986));
#3608 = CARTESIAN_POINT('',(-2.373461383033,20.461202221252,
    50.447790948014));
#3609 = CARTESIAN_POINT('',(-2.877392926316,18.9903340625,52.82490391557
    ));
#3610 = CARTESIAN_POINT('',(-3.244836113054,17.51003472123,
    55.209896249441));
#3611 = CARTESIAN_POINT('',(-3.475328212225,16.032405287914,
    57.601951367236));
#3612 = CARTESIAN_POINT('',(-3.569437287158,14.569115191152,60.));
#3613 = PCURVE('',#119,#3614);
#3614 = DEFINITIONAL_REPRESENTATION('',(#3615),#3642);
#3615 = B_SPLINE_CURVE_WITH_KNOTS('',7,(#3616,#3617,#3618,#3619,#3620,
    #3621,#3622,#3623,#3624,#3625,#3626,#3627,#3628,#3629,#3630,#3631,
    #3632,#3633,#3634,#3635,#3636,#3637,#3638,#3639,#3640,#3641),
  .UNSPECIFIED.,.F.,.F.,(8,6,6,6,8),(0.,0.233603822794,0.472928540184,
    0.733494791967,1.),.UNSPECIFIED.);
#3616 = CARTESIAN_POINT('',(3.791579790138,9.999940209137E-11));
#3617 = CARTESIAN_POINT('',(3.788193379118,3.533818100968E-02));
#3618 = CARTESIAN_POINT('',(3.784659901743,7.051744352997E-02));
#3619 = CARTESIAN_POINT('',(3.780968053123,0.105536226364));
#3620 = CARTESIAN_POINT('',(3.777105323391,0.140393764943));
#3621 = CARTESIAN_POINT('',(3.773057520404,0.175089862035));
#3622 = CARTESIAN_POINT('',(3.76880834314,0.209624614126));
#3623 = CARTESIAN_POINT('',(3.759760215584,0.279213370225));
#3624 = CARTESIAN_POINT('',(3.754950270729,0.314259976952));
#3625 = CARTESIAN_POINT('',(3.74988896675,0.34913780503));
#3626 = CARTESIAN_POINT('',(3.74455317228,0.383847936558));
#3627 = CARTESIAN_POINT('',(3.738916219119,0.418392326255));
#3628 = CARTESIAN_POINT('',(3.732946948645,0.45277343996));
#3629 = CARTESIAN_POINT('',(3.719707296784,0.524251530592));
#3630 = CARTESIAN_POINT('',(3.712368257128,0.56131964965));
#3631 = CARTESIAN_POINT('',(3.704543778481,0.598201159408));
#3632 = CARTESIAN_POINT('',(3.696177726216,0.634901165011));
#3633 = CARTESIAN_POINT('',(3.687203259341,0.671426323151));
#3634 = CARTESIAN_POINT('',(3.677539598342,0.707784152915));
#3635 = CARTESIAN_POINT('',(3.656397475122,0.781005409669));
#3636 = CARTESIAN_POINT('',(3.644882261583,0.817862430798));
#3637 = CARTESIAN_POINT('',(3.632436860939,0.854561405537));
#3638 = CARTESIAN_POINT('',(3.61893150747,0.891112847875));
#3639 = CARTESIAN_POINT('',(3.604221293865,0.927528519857));
#3640 = CARTESIAN_POINT('',(3.588112798703,0.963820763662));
#3641 = CARTESIAN_POINT('',(3.570436805856,0.999999999995));
#3642 = ( GEOMETRIC_REPRESENTATION_CONTEXT(2) 
PARAMETRIC_REPRESENTATION_CONTEXT() REPRESENTATION_CONTEXT('2D SPACE',''
  ) );
#3643 = PCURVE('',#93,#3644);
#3644 = DEFINITIONAL_REPRESENTATION('',(#3645),#3672);
#3645 = B_SPLINE_CURVE_WITH_KNOTS('',7,(#3646,#3647,#3648,#3649,#3650,
    #3651,#3652,#3653,#3654,#3655,#3656,#3657,#3658,#3659,#3660,#3661,
    #3662,#3663,#3664,#3665,#3666,#3667,#3668,#3669,#3670,#3671),
  .UNSPECIFIED.,.F.,.F.,(8,6,6,6,8),(0.,0.233603822794,0.472928540184,
    0.733494791967,1.),.UNSPECIFIED.);
#3646 = CARTESIAN_POINT('',(-0.857587226672,0.));
#3647 = CARTESIAN_POINT('',(-0.889479012244,-1.877506615388));
#3648 = CARTESIAN_POINT('',(-0.921508575363,-3.765762412366));
#3649 = CARTESIAN_POINT('',(-0.953669774542,-5.664707751202));
#3650 = CARTESIAN_POINT('',(-0.985955800755,-7.574288049171));
#3651 = CARTESIAN_POINT('',(-1.018358623729,-9.494439857089));
#3652 = CARTESIAN_POINT('',(-1.050868217257,-11.42507044565));
#3653 = CARTESIAN_POINT('',(-1.116873356968,-15.35452495549));
#3654 = CARTESIAN_POINT('',(-1.150374110276,-17.35389481278));
#3655 = CARTESIAN_POINT('',(-1.183959679692,-19.36397106999));
#3656 = CARTESIAN_POINT('',(-1.217613612807,-21.38459048303));
#3657 = CARTESIAN_POINT('',(-1.251316259931,-23.41557506959));
#3658 = CARTESIAN_POINT('',(-1.285042767941,-25.45670478272));
#3659 = CARTESIAN_POINT('',(-1.355469752314,-29.74069967354));
#3660 = CARTESIAN_POINT('',(-1.392169311044,-31.98544686264));
#3661 = CARTESIAN_POINT('',(-1.428816002761,-34.24152331268));
#3662 = CARTESIAN_POINT('',(-1.465355296006,-36.50853997334));
#3663 = CARTESIAN_POINT('',(-1.50171988653,-38.78608175879));
#3664 = CARTESIAN_POINT('',(-1.537816411648,-41.07366013837));
#3665 = CARTESIAN_POINT('',(-1.609996401552,-45.72000879616));
#3666 = CARTESIAN_POINT('',(-1.646062312727,-48.07927413899));
#3667 = CARTESIAN_POINT('',(-1.681536344674,-50.44779094799));
#3668 = CARTESIAN_POINT('',(-1.716221369176,-52.82490391558));
#3669 = CARTESIAN_POINT('',(-1.749768530692,-55.20989624943));
#3670 = CARTESIAN_POINT('',(-1.781756270872,-57.60195136723));
#3671 = CARTESIAN_POINT('',(-1.811063862812,-60.));
#3672 = ( GEOMETRIC_REPRESENTATION_CONTEXT(2) 
PARAMETRIC_REPRESENTATION_CONTEXT() REPRESENTATION_CONTEXT('2D SPACE',''
  ) );
#3673 = ORIENTED_EDGE('',*,*,#105,.F.);
#3674 = ADVANCED_FACE('',(#3675),#93,.T.);
#3675 = FACE_BOUND('',#3676,.T.);
#3676 = EDGE_LOOP('',(#3677,#3678,#3700,#3701));
#3677 = ORIENTED_EDGE('',*,*,#1271,.F.);
#3678 = ORIENTED_EDGE('',*,*,#3679,.T.);
#3679 = EDGE_CURVE('',#1272,#3564,#3680,.T.);
#3680 = SURFACE_CURVE('',#3681,(#3686,#3693),.PCURVE_S1.);
#3681 = CIRCLE('',#3682,50.);
#3682 = AXIS2_PLACEMENT_3D('',#3683,#3684,#3685);
#3683 = CARTESIAN_POINT('',(0.,0.,0.));
#3684 = DIRECTION('',(0.,0.,1.));
#3685 = DIRECTION('',(1.,0.,0.));
#3686 = PCURVE('',#93,#3687);
#3687 = DEFINITIONAL_REPRESENTATION('',(#3688),#3692);
#3688 = LINE('',#3689,#3690);
#3689 = CARTESIAN_POINT('',(-0.,-0.));
#3690 = VECTOR('',#3691,1.);
#3691 = DIRECTION('',(-1.,-0.));
#3692 = ( GEOMETRIC_REPRESENTATION_CONTEXT(2) 
PARAMETRIC_REPRESENTATION_CONTEXT() REPRESENTATION_CONTEXT('2D SPACE',''
  ) );
#3693 = PCURVE('',#1378,#3694);
#3694 = DEFINITIONAL_REPRESENTATION('',(#3695),#3699);
#3695 = CIRCLE('',#3696,50.);
#3696 = AXIS2_PLACEMENT_2D('',#3697,#3698);
#3697 = CARTESIAN_POINT('',(0.,0.));
#3698 = DIRECTION('',(1.,0.));
#3699 = ( GEOMETRIC_REPRESENTATION_CONTEXT(2) 
PARAMETRIC_REPRESENTATION_CONTEXT() REPRESENTATION_CONTEXT('2D SPACE',''
  ) );
#3700 = ORIENTED_EDGE('',*,*,#3584,.T.);
#3701 = ORIENTED_EDGE('',*,*,#76,.F.);
#3702 = ADVANCED_FACE('',(#3703),#1256,.F.);
#3703 = FACE_BOUND('',#3704,.T.);
#3704 = EDGE_LOOP('',(#3705,#3728,#3729,#3730));
#3705 = ORIENTED_EDGE('',*,*,#3706,.T.);
#3706 = EDGE_CURVE('',#3707,#1240,#3709,.T.);
#3707 = VERTEX_POINT('',#3708);
#3708 = CARTESIAN_POINT('',(7.5,0.,0.));
#3709 = SEAM_CURVE('',#3710,(#3714,#3721),.PCURVE_S1.);
#3710 = LINE('',#3711,#3712);
#3711 = CARTESIAN_POINT('',(7.5,0.,0.));
#3712 = VECTOR('',#3713,1.);
#3713 = DIRECTION('',(0.,0.,1.));
#3714 = PCURVE('',#1256,#3715);
#3715 = DEFINITIONAL_REPRESENTATION('',(#3716),#3720);
#3716 = LINE('',#3717,#3718);
#3717 = CARTESIAN_POINT('',(-0.,0.));
#3718 = VECTOR('',#3719,1.);
#3719 = DIRECTION('',(-0.,-1.));
#3720 = ( GEOMETRIC_REPRESENTATION_CONTEXT(2) 
PARAMETRIC_REPRESENTATION_CONTEXT() REPRESENTATION_CONTEXT('2D SPACE',''
  ) );
#3721 = PCURVE('',#1256,#3722);
#3722 = DEFINITIONAL_REPRESENTATION('',(#3723),#3727);
#3723 = LINE('',#3724,#3725);
#3724 = CARTESIAN_POINT('',(-6.28318530718,0.));
#3725 = VECTOR('',#3726,1.);
#3726 = DIRECTION('',(-0.,-1.));
#3727 = ( GEOMETRIC_REPRESENTATION_CONTEXT(2) 
PARAMETRIC_REPRESENTATION_CONTEXT() REPRESENTATION_CONTEXT('2D SPACE',''
  ) );
#3728 = ORIENTED_EDGE('',*,*,#1239,.T.);
#3729 = ORIENTED_EDGE('',*,*,#3706,.F.);
#3730 = ORIENTED_EDGE('',*,*,#3731,.F.);
#3731 = EDGE_CURVE('',#3707,#3707,#3732,.T.);
#3732 = SURFACE_CURVE('',#3733,(#3738,#3745),.PCURVE_S1.);
#3733 = CIRCLE('',#3734,7.5);
#3734 = AXIS2_PLACEMENT_3D('',#3735,#3736,#3737);
#3735 = CARTESIAN_POINT('',(0.,0.,0.));
#3736 = DIRECTION('',(0.,0.,1.));
#3737 = DIRECTION('',(1.,0.,0.));
#3738 = PCURVE('',#1256,#3739);
#3739 = DEFINITIONAL_REPRESENTATION('',(#3740),#3744);
#3740 = LINE('',#3741,#3742);
#3741 = CARTESIAN_POINT('',(-0.,0.));
#3742 = VECTOR('',#3743,1.);
#3743 = DIRECTION('',(-1.,0.));
#3744 = ( GEOMETRIC_REPRESENTATION_CONTEXT(2) 
PARAMETRIC_REPRESENTATION_CONTEXT() REPRESENTATION_CONTEXT('2D SPACE',''
  ) );
#3745 = PCURVE('',#1378,#3746);
#3746 = DEFINITIONAL_REPRESENTATION('',(#3747),#3751);
#3747 = CIRCLE('',#3748,7.5);
#3748 = AXIS2_PLACEMENT_2D('',#3749,#3750);
#3749 = CARTESIAN_POINT('',(0.,0.));
#3750 = DIRECTION('',(1.,0.));
#3751 = ( GEOMETRIC_REPRESENTATION_CONTEXT(2) 
PARAMETRIC_REPRESENTATION_CONTEXT() REPRESENTATION_CONTEXT('2D SPACE',''
  ) );
#3752 = ADVANCED_FACE('',(#3753,#3841),#1378,.F.);
#3753 = FACE_BOUND('',#3754,.F.);
#3754 = EDGE_LOOP('',(#3755,#3756,#3757,#3758,#3759,#3760,#3761,#3762,
    #3763,#3764,#3765,#3766,#3767,#3768,#3769,#3770,#3771,#3772,#3773,
    #3774,#3775,#3776,#3777,#3798,#3819,#3838,#3839,#3840));
#3755 = ORIENTED_EDGE('',*,*,#1363,.F.);
#3756 = ORIENTED_EDGE('',*,*,#3679,.T.);
#3757 = ORIENTED_EDGE('',*,*,#3563,.F.);
#3758 = ORIENTED_EDGE('',*,*,#3505,.F.);
#3759 = ORIENTED_EDGE('',*,*,#3449,.F.);
#3760 = ORIENTED_EDGE('',*,*,#3421,.T.);
#3761 = ORIENTED_EDGE('',*,*,#3214,.F.);
#3762 = ORIENTED_EDGE('',*,*,#3156,.F.);
#3763 = ORIENTED_EDGE('',*,*,#3100,.F.);
#3764 = ORIENTED_EDGE('',*,*,#3075,.T.);
#3765 = ORIENTED_EDGE('',*,*,#2866,.F.);
#3766 = ORIENTED_EDGE('',*,*,#2808,.F.);
#3767 = ORIENTED_EDGE('',*,*,#2752,.F.);
#3768 = ORIENTED_EDGE('',*,*,#2727,.T.);
#3769 = ORIENTED_EDGE('',*,*,#2518,.F.);
#3770 = ORIENTED_EDGE('',*,*,#2460,.F.);
#3771 = ORIENTED_EDGE('',*,*,#2404,.F.);
#3772 = ORIENTED_EDGE('',*,*,#2379,.T.);
#3773 = ORIENTED_EDGE('',*,*,#2170,.F.);
#3774 = ORIENTED_EDGE('',*,*,#2112,.F.);
#3775 = ORIENTED_EDGE('',*,*,#2056,.F.);
#3776 = ORIENTED_EDGE('',*,*,#2031,.T.);
#3777 = ORIENTED_EDGE('',*,*,#3778,.F.);
#3778 = EDGE_CURVE('',#3779,#1801,#3781,.T.);
#3779 = VERTEX_POINT('',#3780);
#3780 = CARTESIAN_POINT('',(38.963174155882,-52.06602596413,0.));
#3781 = SURFACE_CURVE('',#3782,(#3785,#3791),.PCURVE_S1.);
#3782 = B_SPLINE_CURVE_WITH_KNOTS('',1,(#3783,#3784),.UNSPECIFIED.,.F.,
  .F.,(2,2),(3.,4.),.PIECEWISE_BEZIER_KNOTS.);
#3783 = CARTESIAN_POINT('',(38.963174155882,-52.06602596413,0.));
#3784 = CARTESIAN_POINT('',(27.116867920566,-37.21122779724,0.));
#3785 = PCURVE('',#1378,#3786);
#3786 = DEFINITIONAL_REPRESENTATION('',(#3787),#3790);
#3787 = B_SPLINE_CURVE_WITH_KNOTS('',1,(#3788,#3789),.UNSPECIFIED.,.F.,
  .F.,(2,2),(3.,4.),.PIECEWISE_BEZIER_KNOTS.);
#3788 = CARTESIAN_POINT('',(38.963174155882,-52.06602596413));
#3789 = CARTESIAN_POINT('',(27.116867920566,-37.21122779724));
#3790 = ( GEOMETRIC_REPRESENTATION_CONTEXT(2) 
PARAMETRIC_REPRESENTATION_CONTEXT() REPRESENTATION_CONTEXT('2D SPACE',''
  ) );
#3791 = PCURVE('',#984,#3792);
#3792 = DEFINITIONAL_REPRESENTATION('',(#3793),#3797);
#3793 = LINE('',#3794,#3795);
#3794 = CARTESIAN_POINT('',(0.,0.));
#3795 = VECTOR('',#3796,1.);
#3796 = DIRECTION('',(1.,0.));
#3797 = ( GEOMETRIC_REPRESENTATION_CONTEXT(2) 
PARAMETRIC_REPRESENTATION_CONTEXT() REPRESENTATION_CONTEXT('2D SPACE',''
  ) );
#3798 = ORIENTED_EDGE('',*,*,#3799,.F.);
#3799 = EDGE_CURVE('',#3800,#3779,#3802,.T.);
#3800 = VERTEX_POINT('',#3801);
#3801 = CARTESIAN_POINT('',(42.090500085754,-49.5720667567,0.));
#3802 = SURFACE_CURVE('',#3803,(#3806,#3812),.PCURVE_S1.);
#3803 = B_SPLINE_CURVE_WITH_KNOTS('',1,(#3804,#3805),.UNSPECIFIED.,.F.,
  .F.,(2,2),(2.,3.),.PIECEWISE_BEZIER_KNOTS.);
#3804 = CARTESIAN_POINT('',(42.090500085754,-49.5720667567,0.));
#3805 = CARTESIAN_POINT('',(38.963174155882,-52.06602596413,0.));
#3806 = PCURVE('',#1378,#3807);
#3807 = DEFINITIONAL_REPRESENTATION('',(#3808),#3811);
#3808 = B_SPLINE_CURVE_WITH_KNOTS('',1,(#3809,#3810),.UNSPECIFIED.,.F.,
  .F.,(2,2),(2.,3.),.PIECEWISE_BEZIER_KNOTS.);
#3809 = CARTESIAN_POINT('',(42.090500085754,-49.5720667567));
#3810 = CARTESIAN_POINT('',(38.963174155882,-52.06602596413));
#3811 = ( GEOMETRIC_REPRESENTATION_CONTEXT(2) 
PARAMETRIC_REPRESENTATION_CONTEXT() REPRESENTATION_CONTEXT('2D SPACE',''
  ) );
#3812 = PCURVE('',#1032,#3813);
#3813 = DEFINITIONAL_REPRESENTATION('',(#3814),#3818);
#3814 = LINE('',#3815,#3816);
#3815 = CARTESIAN_POINT('',(0.,0.));
#3816 = VECTOR('',#3817,1.);
#3817 = DIRECTION('',(1.,0.));
#3818 = ( GEOMETRIC_REPRESENTATION_CONTEXT(2) 
PARAMETRIC_REPRESENTATION_CONTEXT() REPRESENTATION_CONTEXT('2D SPACE',''
  ) );
#3819 = ORIENTED_EDGE('',*,*,#3820,.F.);
#3820 = EDGE_CURVE('',#1646,#3800,#3821,.T.);
#3821 = SURFACE_CURVE('',#3822,(#3825,#3831),.PCURVE_S1.);
#3822 = B_SPLINE_CURVE_WITH_KNOTS('',1,(#3823,#3824),.UNSPECIFIED.,.F.,
  .F.,(2,2),(1.,2.),.PIECEWISE_BEZIER_KNOTS.);
#3823 = CARTESIAN_POINT('',(30.244193850438,-34.71726858981,0.));
#3824 = CARTESIAN_POINT('',(42.090500085754,-49.5720667567,0.));
#3825 = PCURVE('',#1378,#3826);
#3826 = DEFINITIONAL_REPRESENTATION('',(#3827),#3830);
#3827 = B_SPLINE_CURVE_WITH_KNOTS('',1,(#3828,#3829),.UNSPECIFIED.,.F.,
  .F.,(2,2),(1.,2.),.PIECEWISE_BEZIER_KNOTS.);
#3828 = CARTESIAN_POINT('',(30.244193850438,-34.71726858981));
#3829 = CARTESIAN_POINT('',(42.090500085754,-49.5720667567));
#3830 = ( GEOMETRIC_REPRESENTATION_CONTEXT(2) 
PARAMETRIC_REPRESENTATION_CONTEXT() REPRESENTATION_CONTEXT('2D SPACE',''
  ) );
#3831 = PCURVE('',#1080,#3832);
#3832 = DEFINITIONAL_REPRESENTATION('',(#3833),#3837);
#3833 = LINE('',#3834,#3835);
#3834 = CARTESIAN_POINT('',(0.,0.));
#3835 = VECTOR('',#3836,1.);
#3836 = DIRECTION('',(1.,0.));
#3837 = ( GEOMETRIC_REPRESENTATION_CONTEXT(2) 
PARAMETRIC_REPRESENTATION_CONTEXT() REPRESENTATION_CONTEXT('2D SPACE',''
  ) );
#3838 = ORIENTED_EDGE('',*,*,#1776,.T.);
#3839 = ORIENTED_EDGE('',*,*,#1482,.F.);
#3840 = ORIENTED_EDGE('',*,*,#1424,.F.);
#3841 = FACE_BOUND('',#3842,.F.);
#3842 = EDGE_LOOP('',(#3843));
#3843 = ORIENTED_EDGE('',*,*,#3731,.F.);
#3844 = ADVANCED_FACE('',(#3845),#1080,.F.);
#3845 = FACE_BOUND('',#3846,.F.);
#3846 = EDGE_LOOP('',(#3847,#3848,#3849,#3880));
#3847 = ORIENTED_EDGE('',*,*,#1645,.T.);
#3848 = ORIENTED_EDGE('',*,*,#3820,.T.);
#3849 = ORIENTED_EDGE('',*,*,#3850,.T.);
#3850 = EDGE_CURVE('',#3800,#1019,#3851,.T.);
#3851 = SURFACE_CURVE('',#3852,(#3866,#3873),.PCURVE_S1.);
#3852 = ( BOUNDED_CURVE() B_SPLINE_CURVE(7,(#3853,#3854,#3855,#3856,
    #3857,#3858,#3859,#3860,#3861,#3862,#3863,#3864,#3865),
.UNSPECIFIED.,.F.,.F.) B_SPLINE_CURVE_WITH_KNOTS((8,5,8),(0.,
0.528295033397,1.),.UNSPECIFIED.) CURVE() GEOMETRIC_REPRESENTATION_ITEM(
) RATIONAL_B_SPLINE_CURVE((1.,1.,1.,1.,1.,1.,1.,1.,1.,1.,1.,1.,1.)) 
REPRESENTATION_ITEM('') );
#3853 = CARTESIAN_POINT('',(42.090500085754,-49.5720667567,0.));
#3854 = CARTESIAN_POINT('',(43.684681919901,-44.27523973521,
    4.009735946893));
#3855 = CARTESIAN_POINT('',(44.689245698049,-38.88570597751,
    8.107010349123));
#3856 = CARTESIAN_POINT('',(45.073584556335,-33.48095220142,
    12.295077687984));
#3857 = CARTESIAN_POINT('',(44.817997480699,-28.15099442352,
    16.57675699578));
#3858 = CARTESIAN_POINT('',(43.918217063654,-22.99801924228,
    20.954091505759));
#3859 = CARTESIAN_POINT('',(41.033156495064,-13.79114668525,
    29.421887460286));
#3860 = CARTESIAN_POINT('',(36.088372930104,-6.016852318093,
    38.226846193521));
#3861 = CARTESIAN_POINT('',(33.33283507303,-2.747341943138,
    42.453746762779));
#3862 = CARTESIAN_POINT('',(30.208280019365,4.649249215772E-02,
    46.751113780907));
#3863 = CARTESIAN_POINT('',(26.790560992905,2.293133379021,
    51.113702778629));
#3864 = CARTESIAN_POINT('',(23.177566015,3.939316894179,55.533462343519)
  );
#3865 = CARTESIAN_POINT('',(19.47853199215,4.958506975974,60.));
#3866 = PCURVE('',#1080,#3867);
#3867 = DEFINITIONAL_REPRESENTATION('',(#3868),#3872);
#3868 = LINE('',#3869,#3870);
#3869 = CARTESIAN_POINT('',(2.,0.));
#3870 = VECTOR('',#3871,1.);
#3871 = DIRECTION('',(0.,1.));
#3872 = ( GEOMETRIC_REPRESENTATION_CONTEXT(2) 
PARAMETRIC_REPRESENTATION_CONTEXT() REPRESENTATION_CONTEXT('2D SPACE',''
  ) );
#3873 = PCURVE('',#1032,#3874);
#3874 = DEFINITIONAL_REPRESENTATION('',(#3875),#3879);
#3875 = LINE('',#3876,#3877);
#3876 = CARTESIAN_POINT('',(2.,0.));
#3877 = VECTOR('',#3878,1.);
#3878 = DIRECTION('',(0.,1.));
#3879 = ( GEOMETRIC_REPRESENTATION_CONTEXT(2) 
PARAMETRIC_REPRESENTATION_CONTEXT() REPRESENTATION_CONTEXT('2D SPACE',''
  ) );
#3880 = ORIENTED_EDGE('',*,*,#1066,.F.);
#3881 = ADVANCED_FACE('',(#3882),#984,.F.);
#3882 = FACE_BOUND('',#3883,.F.);
#3883 = EDGE_LOOP('',(#3884,#3915,#3916,#3917));
#3884 = ORIENTED_EDGE('',*,*,#3885,.F.);
#3885 = EDGE_CURVE('',#3779,#971,#3886,.T.);
#3886 = SURFACE_CURVE('',#3887,(#3901,#3908),.PCURVE_S1.);
#3887 = ( BOUNDED_CURVE() B_SPLINE_CURVE(7,(#3888,#3889,#3890,#3891,
    #3892,#3893,#3894,#3895,#3896,#3897,#3898,#3899,#3900),
.UNSPECIFIED.,.F.,.F.) B_SPLINE_CURVE_WITH_KNOTS((8,5,8),(0.,
0.528295033397,1.),.UNSPECIFIED.) CURVE() GEOMETRIC_REPRESENTATION_ITEM(
) RATIONAL_B_SPLINE_CURVE((1.,1.,1.,1.,1.,1.,1.,1.,1.,1.,1.,1.,1.)) 
REPRESENTATION_ITEM('') );
#3888 = CARTESIAN_POINT('',(38.963174155882,-52.06602596413,0.));
#3889 = CARTESIAN_POINT('',(40.731891042869,-46.98805889022,
    4.009735946893));
#3890 = CARTESIAN_POINT('',(41.932669037257,-41.80791286293,
    8.107010349123));
#3891 = CARTESIAN_POINT('',(42.53505297143,-36.60038149554,
    12.295077687984));
#3892 = CARTESIAN_POINT('',(42.519112611059,-31.45248492629,
    16.57675699578));
#3893 = CARTESIAN_POINT('',(41.879841117773,-26.46313681857,
    20.954091505759));
#3894 = CARTESIAN_POINT('',(39.524547118845,-17.52454275934,
    29.421887460286));
#3895 = CARTESIAN_POINT('',(35.170271317591,-9.928214125992,
    38.226846193521));
#3896 = CARTESIAN_POINT('',(32.705077888759,-6.720199362492,
    42.453746762779));
#3897 = CARTESIAN_POINT('',(29.880371930632,-3.963152772554,
    46.751113780907));
#3898 = CARTESIAN_POINT('',(26.769052098738,-1.726610178089,
    51.113702778629));
#3899 = CARTESIAN_POINT('',(23.465394670249,-6.248115394546E-02,
    55.533462343519));
#3900 = CARTESIAN_POINT('',(20.074701056855,1.003183671073,60.));
#3901 = PCURVE('',#984,#3902);
#3902 = DEFINITIONAL_REPRESENTATION('',(#3903),#3907);
#3903 = LINE('',#3904,#3905);
#3904 = CARTESIAN_POINT('',(3.,0.));
#3905 = VECTOR('',#3906,1.);
#3906 = DIRECTION('',(0.,1.));
#3907 = ( GEOMETRIC_REPRESENTATION_CONTEXT(2) 
PARAMETRIC_REPRESENTATION_CONTEXT() REPRESENTATION_CONTEXT('2D SPACE',''
  ) );
#3908 = PCURVE('',#1032,#3909);
#3909 = DEFINITIONAL_REPRESENTATION('',(#3910),#3914);
#3910 = LINE('',#3911,#3912);
#3911 = CARTESIAN_POINT('',(3.,0.));
#3912 = VECTOR('',#3913,1.);
#3913 = DIRECTION('',(0.,1.));
#3914 = ( GEOMETRIC_REPRESENTATION_CONTEXT(2) 
PARAMETRIC_REPRESENTATION_CONTEXT() REPRESENTATION_CONTEXT('2D SPACE',''
  ) );
#3915 = ORIENTED_EDGE('',*,*,#3778,.T.);
#3916 = ORIENTED_EDGE('',*,*,#1800,.T.);
#3917 = ORIENTED_EDGE('',*,*,#970,.F.);
#3918 = ADVANCED_FACE('',(#3919),#1032,.F.);
#3919 = FACE_BOUND('',#3920,.F.);
#3920 = EDGE_LOOP('',(#3921,#3922,#3923,#3924));
#3921 = ORIENTED_EDGE('',*,*,#3799,.T.);
#3922 = ORIENTED_EDGE('',*,*,#3885,.T.);
#3923 = ORIENTED_EDGE('',*,*,#1018,.F.);
#3924 = ORIENTED_EDGE('',*,*,#3850,.F.);
#3925 = ( GEOMETRIC_REPRESENTATION_CONTEXT(3) 
GLOBAL_UNCERTAINTY_ASSIGNED_CONTEXT((#3929)) 
GLOBAL_UNIT_ASSIGNED_CONTEXT((#3926,#3927,#3928)) REPRESENTATION_CONTEXT
('Context #1','3D Context with UNIT and UNCERTAINTY') );
#3926 = ( LENGTH_UNIT() NAMED_UNIT(*) SI_UNIT(.MILLI.,.METRE.) );
#3927 = ( NAMED_UNIT(*) PLANE_ANGLE_UNIT() SI_UNIT($,.RADIAN.) );
#3928 = ( NAMED_UNIT(*) SI_UNIT($,.STERADIAN.) SOLID_ANGLE_UNIT() );
#3929 = UNCERTAINTY_MEASURE_WITH_UNIT(LENGTH_MEASURE(2.E-06),#3926,
  'distance_accuracy_value','confusion accuracy');
#3930 = PRODUCT_RELATED_PRODUCT_CATEGORY('part',$,(#7));
ENDSEC;
END-ISO-10303-21;
