ISO-10303-21;
HEADER;
FILE_DESCRIPTION(('Open CASCADE Model'),'2;1');
FILE_NAME('Open CASCADE Shape Model','2026-05-26T19:48:49',('Author'),(
    'Open CASCADE'),'Open CASCADE STEP processor 7.8','Open CASCADE 7.8'
  ,'Unknown');
FILE_SCHEMA(('AUTOMOTIVE_DESIGN { 1 0 10303 214 1 1 1 1 }'));
ENDSEC;
DATA;
#1 = APPLICATION_PROTOCOL_DEFINITION('international standard',
  'automotive_design',2000,#2);
#2 = APPLICATION_CONTEXT(
  'core data for automotive mechanical design processes');
#3 = SHAPE_DEFINITION_REPRESENTATION(#4,#10);
#4 = PRODUCT_DEFINITION_SHAPE('','',#5);
#5 = PRODUCT_DEFINITION('design','',#6,#9);
#6 = PRODUCT_DEFINITION_FORMATION('','',#7);
#7 = PRODUCT('Open CASCADE STEP translator 7.8 1',
  'Open CASCADE STEP translator 7.8 1','',(#8));
#8 = PRODUCT_CONTEXT('',#2,'mechanical');
#9 = PRODUCT_DEFINITION_CONTEXT('part definition',#2,'design');
#10 = ADVANCED_BREP_SHAPE_REPRESENTATION('',(#11,#15),#6176);
#11 = AXIS2_PLACEMENT_3D('',#12,#13,#14);
#12 = CARTESIAN_POINT('',(0.,0.,0.));
#13 = DIRECTION('',(0.,0.,1.));
#14 = DIRECTION('',(1.,0.,-0.));
#15 = MANIFOLD_SOLID_BREP('',#16);
#16 = CLOSED_SHELL('',(#17,#1654,#1987,#2079,#2308,#2437,#2580,#2765,
    #2822,#3034,#3192,#3354,#3497,#3640,#3697,#3754,#3906,#4058,#4216,
    #4378,#4521,#4664,#4721,#4778,#4930,#5082,#5244,#5399,#5542,#5653,
    #5678,#5732,#5757,#5782,#5807,#5815,#5828,#5854,#5879,#5886,#5912,
    #5938,#5963,#5970,#5995,#6002,#6028,#6054,#6079,#6086,#6111,#6118,
    #6144,#6169));
#17 = ADVANCED_FACE('',(#18,#1619),#34,.F.);
#18 = FACE_BOUND('',#19,.F.);
#19 = EDGE_LOOP('',(#20,#83,#197,#235,#410,#439,#495,#551,#607,#636,#692
    ,#748,#804,#833,#889,#945,#1001,#1030,#1086,#1142,#1198,#1227,#1283,
    #1339,#1395,#1424,#1480,#1536,#1592));
#20 = ORIENTED_EDGE('',*,*,#21,.T.);
#21 = EDGE_CURVE('',#22,#24,#26,.T.);
#22 = VERTEX_POINT('',#23);
#23 = CARTESIAN_POINT('',(47.089680874455,-0.99620225299,0.));
#24 = VERTEX_POINT('',#25);
#25 = CARTESIAN_POINT('',(47.007703152545,-0.964896564413,0.));
#26 = SURFACE_CURVE('',#27,(#33,#47),.PCURVE_S1.);
#27 = B_SPLINE_CURVE_WITH_KNOTS('',4,(#28,#29,#30,#31,#32),
  .UNSPECIFIED.,.F.,.F.,(5,5),(0.,1.),.PIECEWISE_BEZIER_KNOTS.);
#28 = CARTESIAN_POINT('',(47.099606048834,-1.,0.));
#29 = CARTESIAN_POINT('',(46.870091263029,-0.91216018511,0.));
#30 = CARTESIAN_POINT('',(46.64019205898,-0.825331328102,0.));
#31 = CARTESIAN_POINT('',(46.409914263062,-0.739518260553,0.));
#32 = CARTESIAN_POINT('',(46.179263832507,-0.654725743873,0.));
#33 = PCURVE('',#34,#39);
#34 = PLANE('',#35);
#35 = AXIS2_PLACEMENT_3D('',#36,#37,#38);
#36 = CARTESIAN_POINT('',(-2.900393951166,3.552713678801E-15,0.));
#37 = DIRECTION('',(0.,0.,1.));
#38 = DIRECTION('',(1.,0.,0.));
#39 = DEFINITIONAL_REPRESENTATION('',(#40),#46);
#40 = B_SPLINE_CURVE_WITH_KNOTS('',4,(#41,#42,#43,#44,#45),
  .UNSPECIFIED.,.F.,.F.,(5,5),(0.,1.),.PIECEWISE_BEZIER_KNOTS.);
#41 = CARTESIAN_POINT('',(50.,-1.));
#42 = CARTESIAN_POINT('',(49.770485214194,-0.91216018511));
#43 = CARTESIAN_POINT('',(49.540586010145,-0.825331328102));
#44 = CARTESIAN_POINT('',(49.310308214227,-0.739518260553));
#45 = CARTESIAN_POINT('',(49.079657783673,-0.654725743873));
#46 = ( GEOMETRIC_REPRESENTATION_CONTEXT(2) 
PARAMETRIC_REPRESENTATION_CONTEXT() REPRESENTATION_CONTEXT('2D SPACE',''
  ) );
#47 = PCURVE('',#48,#75);
#48 = ( BOUNDED_SURFACE() B_SPLINE_SURFACE(1,7,(
    (#49,#50,#51,#52,#53,#54,#55,#56,#57,#58,#59,#60,#61)
    ,(#62,#63,#64,#65,#66,#67,#68,#69,#70,#71,#72,#73,#74
)),.UNSPECIFIED.,.F.,.F.,.F.) B_SPLINE_SURFACE_WITH_KNOTS((2,2),(8,5,8),
  (3.,4.),(0.,0.52965543135,1.),.UNSPECIFIED.) 
GEOMETRIC_REPRESENTATION_ITEM() RATIONAL_B_SPLINE_SURFACE((
    (1.,1.,1.,1.,1.,1.,1.,1.,1.,1.,1.,1.,1.)
,(1.,1.,1.,1.,1.,1.,1.,1.,1.,1.,1.,1.,1.
))) REPRESENTATION_ITEM('') SURFACE() );
#49 = CARTESIAN_POINT('',(60.056289562311,-1.,7.558065382861));
#50 = CARTESIAN_POINT('',(57.215064555742,3.398068652271,11.224539269075
    ));
#51 = CARTESIAN_POINT('',(53.952200939452,7.425153023196,14.972569487364
    ));
#52 = CARTESIAN_POINT('',(50.305391044546,11.012657830872,18.80552625476
    ));
#53 = CARTESIAN_POINT('',(46.327898045434,14.092191330452,
    22.726485637263));
#54 = CARTESIAN_POINT('',(42.091059211111,16.59901163084,26.73793096809)
  );
#55 = CARTESIAN_POINT('',(33.778189273033,20.149215665946,
    34.484786889817));
#56 = CARTESIAN_POINT('',(25.268737716093,21.35384783109,42.554838512827
    ));
#57 = CARTESIAN_POINT('',(21.30060055941,21.379395116849,46.421309378502
    ));
#58 = CARTESIAN_POINT('',(17.455335480345,20.855535762555,
    50.356390900401));
#59 = CARTESIAN_POINT('',(13.830526064384,19.793220186981,
    54.355998006193));
#60 = CARTESIAN_POINT('',(10.524868472895,18.230491286204,
    58.413376321633));
#61 = CARTESIAN_POINT('',(7.625078704865,16.230653413922,62.51935512762)
  );
#62 = CARTESIAN_POINT('',(46.408582928116,-1.,-0.403096820419));
#63 = CARTESIAN_POINT('',(44.14358618047,2.44465831008,3.599509999661));
#64 = CARTESIAN_POINT('',(41.547470608217,5.591050354584,7.691150027432)
  );
#65 = CARTESIAN_POINT('',(38.650911174705,8.384832911624,11.875502452771
    ));
#66 = CARTESIAN_POINT('',(35.497021547057,10.771961760903,
    16.155925347564));
#67 = CARTESIAN_POINT('',(32.143325047549,12.70146946849,20.535129710615
    ));
#68 = CARTESIAN_POINT('',(25.575688569555,15.401197737803,
    28.992197538944));
#69 = CARTESIAN_POINT('',(18.879732970631,16.234223072697,
    37.802090822544));
#70 = CARTESIAN_POINT('',(15.764200068438,16.196173558835,42.02302983286
    ));
#71 = CARTESIAN_POINT('',(12.753389926446,15.722489813227,46.31886954859
    ));
#72 = CARTESIAN_POINT('',(9.925119688289,14.822921802599,50.685150388478
    ));
#73 = CARTESIAN_POINT('',(7.357828969276,13.52889813113,55.114498754514)
  );
#74 = CARTESIAN_POINT('',(5.12011989226,11.891937479622,59.596903179581)
  );
#75 = DEFINITIONAL_REPRESENTATION('',(#76),#82);
#76 = B_SPLINE_CURVE_WITH_KNOTS('',4,(#77,#78,#79,#80,#81),
  .UNSPECIFIED.,.F.,.F.,(5,5),(0.,1.),.PIECEWISE_BEZIER_KNOTS.);
#77 = CARTESIAN_POINT('',(3.949367088608,0.));
#78 = CARTESIAN_POINT('',(3.961956838944,1.902815321906E-03));
#79 = CARTESIAN_POINT('',(3.974592036876,3.80589545899E-03));
#80 = CARTESIAN_POINT('',(3.987272987609,5.709230775994E-03));
#81 = CARTESIAN_POINT('',(4.,7.61281139779E-03));
#82 = ( GEOMETRIC_REPRESENTATION_CONTEXT(2) 
PARAMETRIC_REPRESENTATION_CONTEXT() REPRESENTATION_CONTEXT('2D SPACE',''
  ) );
#83 = ORIENTED_EDGE('',*,*,#84,.T.);
#84 = EDGE_CURVE('',#24,#85,#87,.T.);
#85 = VERTEX_POINT('',#86);
#86 = CARTESIAN_POINT('',(45.713919834119,-1.698025401865,
    1.387778780781E-17));
#87 = SURFACE_CURVE('',#88,(#92,#99),.PCURVE_S1.);
#88 = LINE('',#89,#90);
#89 = CARTESIAN_POINT('',(47.007703152545,-0.964896564413,0.));
#90 = VECTOR('',#91,1.);
#91 = DIRECTION('',(-0.870026524852,-0.493004914837,0.));
#92 = PCURVE('',#34,#93);
#93 = DEFINITIONAL_REPRESENTATION('',(#94),#98);
#94 = LINE('',#95,#96);
#95 = CARTESIAN_POINT('',(49.90809710371,-0.964896564413));
#96 = VECTOR('',#97,1.);
#97 = DIRECTION('',(-0.870026524852,-0.493004914837));
#98 = ( GEOMETRIC_REPRESENTATION_CONTEXT(2) 
PARAMETRIC_REPRESENTATION_CONTEXT() REPRESENTATION_CONTEXT('2D SPACE',''
  ) );
#99 = PCURVE('',#100,#182);
#100 = B_SPLINE_SURFACE_WITH_KNOTS('',8,8,(
    (#101,#102,#103,#104,#105,#106,#107,#108,#109)
    ,(#110,#111,#112,#113,#114,#115,#116,#117,#118)
    ,(#119,#120,#121,#122,#123,#124,#125,#126,#127)
    ,(#128,#129,#130,#131,#132,#133,#134,#135,#136)
    ,(#137,#138,#139,#140,#141,#142,#143,#144,#145)
    ,(#146,#147,#148,#149,#150,#151,#152,#153,#154)
    ,(#155,#156,#157,#158,#159,#160,#161,#162,#163)
    ,(#164,#165,#166,#167,#168,#169,#170,#171,#172)
    ,(#173,#174,#175,#176,#177,#178,#179,#180,#181
  )),.UNSPECIFIED.,.F.,.F.,.F.,(9,9),(9,9),(-2.369060531996,
    10.767183978753),(-0.855667803258,0.774996217833),
  .PIECEWISE_BEZIER_KNOTS.);
#101 = CARTESIAN_POINT('',(45.84702673039,-2.033474484405,
    -6.920802910667E-02));
#102 = CARTESIAN_POINT('',(46.049552537301,-1.969372899856,
    -5.427406478607E-03));
#103 = CARTESIAN_POINT('',(46.70330206221,-2.576365967821,0.906653784929
    ));
#104 = CARTESIAN_POINT('',(45.104744203818,0.166497091292,
    -2.415615534529));
#105 = CARTESIAN_POINT('',(47.462213021162,-2.97446630111,1.699474493946
    ));
#106 = CARTESIAN_POINT('',(46.829476268256,-1.668117218743,
    0.192966494369));
#107 = CARTESIAN_POINT('',(45.951511309998,2.792607763454E-03,
    -1.774531515115));
#108 = CARTESIAN_POINT('',(46.690118261357,-0.73031975346,
    -0.702939844197));
#109 = CARTESIAN_POINT('',(47.280694764053,-1.243253262254,
    9.035086518375E-02));
#110 = CARTESIAN_POINT('',(44.681103625045,-0.30990670045,0.127623732887
    ));
#111 = CARTESIAN_POINT('',(44.926879724796,-0.310117800936,
    0.272711867785));
#112 = CARTESIAN_POINT('',(45.667887327114,-1.046882004758,
    1.348836888831));
#113 = CARTESIAN_POINT('',(44.16583290775,1.552514120368,-1.792021078954
    ));
#114 = CARTESIAN_POINT('',(45.932247625848,-0.709477225958,
    1.211910055534));
#115 = CARTESIAN_POINT('',(46.644766152568,-1.403678369007,2.2344270339)
  );
#116 = CARTESIAN_POINT('',(45.135759219702,1.205673569827,
    -0.919405739992));
#117 = CARTESIAN_POINT('',(46.058318224,0.199004348268,0.498007658992));
#118 = CARTESIAN_POINT('',(46.686820221129,-0.370324429112,
    1.362595791649));
#119 = CARTESIAN_POINT('',(43.605919447816,1.278730942342,0.495038930253
    ));
#120 = CARTESIAN_POINT('',(43.879124322327,1.237734037691,0.691691128445
    ));
#121 = CARTESIAN_POINT('',(43.802801021063,1.716618427868,0.23122171795)
  );
#122 = CARTESIAN_POINT('',(44.985630024692,0.32267259532,2.137987097395)
  );
#123 = CARTESIAN_POINT('',(44.019375815916,2.125211982402,
    4.430497588351E-03));
#124 = CARTESIAN_POINT('',(45.205098802729,0.727022389716,1.916618278971
    ));
#125 = CARTESIAN_POINT('',(45.447510321204,0.731802706294,2.055386882829
    ));
#126 = CARTESIAN_POINT('',(45.526511384198,0.97963023204,1.886939604041)
  );
#127 = CARTESIAN_POINT('',(46.168652149468,0.390023379882,2.777166302409
    ));
#128 = CARTESIAN_POINT('',(42.631301254553,2.71783476194,1.051509467068)
  );
#129 = CARTESIAN_POINT('',(42.897858964302,2.686731480397,1.235663153345
    ));
#130 = CARTESIAN_POINT('',(43.404925558091,2.297925846139,1.871972486482
    ));
#131 = CARTESIAN_POINT('',(42.890459599467,3.428442980923,0.587798630296
    ));
#132 = CARTESIAN_POINT('',(44.883594472482,0.829595112453,4.017873722883
    ));
#133 = CARTESIAN_POINT('',(43.476837831591,3.286882232072,1.05627475744)
  );
#134 = CARTESIAN_POINT('',(44.169569325483,2.622015964298,2.041615908743
    ));
#135 = CARTESIAN_POINT('',(44.910427450505,1.885585544683,3.117431768286
    ));
#136 = CARTESIAN_POINT('',(45.635329565118,1.172905731386,4.163247182758
    ));
#137 = CARTESIAN_POINT('',(41.834384357093,3.892689864485,1.942047814936
    ));
#138 = CARTESIAN_POINT('',(42.171068746756,3.757296974181,2.258037586119
    ));
#139 = CARTESIAN_POINT('',(42.449590548272,3.708416212379,2.464680521583
    ));
#140 = CARTESIAN_POINT('',(43.140628389024,3.046039174927,3.446842446854
    ));
#141 = CARTESIAN_POINT('',(42.437794035884,4.456536759352,1.808581737845
    ));
#142 = CARTESIAN_POINT('',(44.222226718006,2.168209805965,4.846266605058
    ));
#143 = CARTESIAN_POINT('',(43.994975141139,2.87144580287,4.102083480174)
  );
#144 = CARTESIAN_POINT('',(44.550900397339,2.410038405494,4.83023380661)
  );
#145 = CARTESIAN_POINT('',(45.326409967072,1.62210710379,5.971186709469)
  );
#146 = CARTESIAN_POINT('',(41.184453774649,4.848974968677,3.108911122906
    ));
#147 = CARTESIAN_POINT('',(41.533374891974,4.69539050782,3.447904000644)
  );
#148 = CARTESIAN_POINT('',(41.922838078448,4.481524027121,3.863110992644
    ));
#149 = CARTESIAN_POINT('',(42.16559969534,4.48580824549,4.002531188243)
  );
#150 = CARTESIAN_POINT('',(43.141885963763,3.399299770176,5.520931237058
    ));
#151 = CARTESIAN_POINT('',(42.791777133466,4.285202032818,4.545791930347
    ));
#152 = CARTESIAN_POINT('',(43.668191337148,3.347196531378,5.876445901705
    ));
#153 = CARTESIAN_POINT('',(44.311802878712,2.75540059486,6.769438728128)
  );
#154 = CARTESIAN_POINT('',(45.135369351107,1.896008027097,8.000736127206
    ));
#155 = CARTESIAN_POINT('',(40.691241909112,5.57221815939,4.570395218792)
  );
#156 = CARTESIAN_POINT('',(41.086796002611,5.349286414314,4.997056152142
    ));
#157 = CARTESIAN_POINT('',(41.498454020381,5.102408012485,5.453991787924
    ));
#158 = CARTESIAN_POINT('',(41.965906167119,4.772575090897,6.015811244227
    ));
#159 = CARTESIAN_POINT('',(42.323242267897,4.606469997061,6.370626541598
    ));
#160 = CARTESIAN_POINT('',(42.993510978689,3.975022843999,7.313734993382
    ));
#161 = CARTESIAN_POINT('',(43.472326666785,3.628284629935,7.896921751424
    ));
#162 = CARTESIAN_POINT('',(44.211647201355,2.89416378753,8.969842952962)
  );
#163 = CARTESIAN_POINT('',(45.096316818181,1.943909843236,
    10.316010170572));
#164 = CARTESIAN_POINT('',(40.343265797393,6.079493593293,6.304913059903
    ));
#165 = CARTESIAN_POINT('',(40.780867595357,5.794035740857,6.810621153584
    ));
#166 = CARTESIAN_POINT('',(41.244842066835,5.469363485137,7.365907505573
    ));
#167 = CARTESIAN_POINT('',(41.706087866916,5.148749641546,7.916064357639
    ));
#168 = CARTESIAN_POINT('',(42.27031286205,4.675004095488,8.659812806153)
  );
#169 = CARTESIAN_POINT('',(42.805205774422,4.244866382047,9.348424839883
    ));
#170 = CARTESIAN_POINT('',(43.472258059923,3.618212169234,10.2854847888)
  );
#171 = CARTESIAN_POINT('',(44.262986608572,2.807648471696,
    11.455049293322));
#172 = CARTESIAN_POINT('',(45.201860458353,1.776792371309,
    12.903116920184));
#173 = CARTESIAN_POINT('',(40.132354482103,6.382951899374,8.297103866933
    ));
#174 = CARTESIAN_POINT('',(40.615064853457,6.030416104678,8.88761344517)
  );
#175 = CARTESIAN_POINT('',(41.126376004765,5.635352448279,9.531890049616
    ));
#176 = CARTESIAN_POINT('',(41.647787266008,5.225270131347,
    10.195154482321));
#177 = CARTESIAN_POINT('',(42.250433503073,4.694390781998,
    11.011133367465));
#178 = CARTESIAN_POINT('',(42.868494097487,4.140583762352,
    11.856094137777));
#179 = CARTESIAN_POINT('',(43.600236608732,3.417733916551,
    12.914767847885));
#180 = CARTESIAN_POINT('',(44.45456829217,2.512591961258,14.203901919163
    ));
#181 = CARTESIAN_POINT('',(45.44885280957,1.399339657295,15.756137950771
    ));
#182 = DEFINITIONAL_REPRESENTATION('',(#183),#196);
#183 = B_SPLINE_CURVE_WITH_KNOTS('',11,(#184,#185,#186,#187,#188,#189,
    #190,#191,#192,#193,#194,#195),.UNSPECIFIED.,.F.,.F.,(12,12),(0.,
    1.487061924514),.PIECEWISE_BEZIER_KNOTS.);
#184 = CARTESIAN_POINT('',(-2.153691392724,0.704542016212));
#185 = CARTESIAN_POINT('',(-2.152202264887,0.679275447184));
#186 = CARTESIAN_POINT('',(-2.117569877443,9.165523989649E-02));
#187 = CARTESIAN_POINT('',(-2.197428846667,1.446651170357));
#188 = CARTESIAN_POINT('',(-2.007979717116,-1.767800532021));
#189 = CARTESIAN_POINT('',(-2.253369088472,2.395809426853));
#190 = CARTESIAN_POINT('',(-1.977533911622,-2.284385493534));
#191 = CARTESIAN_POINT('',(-2.184886570256,1.233841843326));
#192 = CARTESIAN_POINT('',(-2.051125217204,-1.035735272421));
#193 = CARTESIAN_POINT('',(-2.093956084461,-0.309008501535));
#194 = CARTESIAN_POINT('',(-2.071338565186,-0.692768107659));
#195 = CARTESIAN_POINT('',(-2.066322362882,-0.777879821144));
#196 = ( GEOMETRIC_REPRESENTATION_CONTEXT(2) 
PARAMETRIC_REPRESENTATION_CONTEXT() REPRESENTATION_CONTEXT('2D SPACE',''
  ) );
#197 = ORIENTED_EDGE('',*,*,#198,.F.);
#198 = EDGE_CURVE('',#199,#85,#201,.T.);
#199 = VERTEX_POINT('',#200);
#200 = CARTESIAN_POINT('',(45.713625743844,1.507051571088,
    1.101932993512E-17));
#201 = SURFACE_CURVE('',#202,(#207,#215),.PCURVE_S1.);
#202 = ( BOUNDED_CURVE() B_SPLINE_CURVE(3,(#203,#204,#205,#206),
.UNSPECIFIED.,.F.,.F.) B_SPLINE_CURVE_WITH_KNOTS((4,4),(-1.039999999238,
3.039999997772),.PIECEWISE_BEZIER_KNOTS.) CURVE() 
GEOMETRIC_REPRESENTATION_ITEM() RATIONAL_B_SPLINE_CURVE((1.,1.,1.,1.)) 
REPRESENTATION_ITEM('') );
#203 = CARTESIAN_POINT('',(45.713271781616,2.382071010522,0.));
#204 = CARTESIAN_POINT('',(45.713910342875,1.022041845857,
    2.775557561563E-17));
#205 = CARTESIAN_POINT('',(45.714139514831,-0.337990199057,0.));
#206 = CARTESIAN_POINT('',(45.713919834119,-1.698025401865,0.));
#207 = PCURVE('',#34,#208);
#208 = DEFINITIONAL_REPRESENTATION('',(#209),#214);
#209 = ( BOUNDED_CURVE() B_SPLINE_CURVE(3,(#210,#211,#212,#213),
.UNSPECIFIED.,.F.,.F.) B_SPLINE_CURVE_WITH_KNOTS((4,4),(-1.039999999238,
3.039999997772),.PIECEWISE_BEZIER_KNOTS.) CURVE() 
GEOMETRIC_REPRESENTATION_ITEM() RATIONAL_B_SPLINE_CURVE((1.,1.,1.,1.)) 
REPRESENTATION_ITEM('') );
#210 = CARTESIAN_POINT('',(48.613665732781,2.382071010522));
#211 = CARTESIAN_POINT('',(48.61430429404,1.022041845857));
#212 = CARTESIAN_POINT('',(48.614533465996,-0.337990199057));
#213 = CARTESIAN_POINT('',(48.614313785285,-1.698025401865));
#214 = ( GEOMETRIC_REPRESENTATION_CONTEXT(2) 
PARAMETRIC_REPRESENTATION_CONTEXT() REPRESENTATION_CONTEXT('2D SPACE',''
  ) );
#215 = PCURVE('',#216,#229);
#216 = ( BOUNDED_SURFACE() B_SPLINE_SURFACE(2,3,(
    (#217,#218,#219,#220)
    ,(#221,#222,#223,#224)
    ,(#225,#226,#227,#228
)),.UNSPECIFIED.,.F.,.F.,.F.) B_SPLINE_SURFACE_WITH_KNOTS((3,3),(4,4),(
    0.,4.07999999701),(-1.039999999238,3.039999997772),
.PIECEWISE_BEZIER_KNOTS.) GEOMETRIC_REPRESENTATION_ITEM() 
RATIONAL_B_SPLINE_SURFACE((
    (1.,1.,1.,1.)
    ,(0.874573003907,0.870463441335,0.866130365008,0.861556889212)
,(1.,1.,1.,1.))) REPRESENTATION_ITEM('') SURFACE() );
#217 = CARTESIAN_POINT('',(45.713271781616,2.382071010522,0.));
#218 = CARTESIAN_POINT('',(45.713910342875,1.022041845857,
    2.775557561563E-17));
#219 = CARTESIAN_POINT('',(45.714139514831,-0.337990199057,0.));
#220 = CARTESIAN_POINT('',(45.713919834119,-1.698025401865,0.));
#221 = CARTESIAN_POINT('',(46.15680878829,2.385191507926,
    1.110223024625E-16));
#222 = CARTESIAN_POINT('',(46.166356340736,1.018804139898,
    1.110223024625E-16));
#223 = CARTESIAN_POINT('',(46.175858197384,-0.341923245279,
    7.49400541622E-16));
#224 = CARTESIAN_POINT('',(46.185297618132,-1.694709031125,
    7.771561172376E-16));
#225 = CARTESIAN_POINT('',(46.391775124831,2.386844609769,-0.37619529734
    ));
#226 = CARTESIAN_POINT('',(46.399597150203,1.026865984249,
    -0.387696457285));
#227 = CARTESIAN_POINT('',(46.406943963735,-0.333115984613,
    -0.399742571987));
#228 = CARTESIAN_POINT('',(46.413708694854,-1.693102048706,
    -0.412351562643));
#229 = DEFINITIONAL_REPRESENTATION('',(#230),#234);
#230 = LINE('',#231,#232);
#231 = CARTESIAN_POINT('',(0.,0.));
#232 = VECTOR('',#233,1.);
#233 = DIRECTION('',(0.,1.));
#234 = ( GEOMETRIC_REPRESENTATION_CONTEXT(2) 
PARAMETRIC_REPRESENTATION_CONTEXT() REPRESENTATION_CONTEXT('2D SPACE',''
  ) );
#235 = ORIENTED_EDGE('',*,*,#236,.F.);
#236 = EDGE_CURVE('',#237,#199,#239,.T.);
#237 = VERTEX_POINT('',#238);
#238 = CARTESIAN_POINT('',(47.0895289343,1.003797741188,0.));
#239 = SURFACE_CURVE('',#240,(#246,#255),.PCURVE_S1.);
#240 = B_SPLINE_CURVE_WITH_KNOTS('',4,(#241,#242,#243,#244,#245),
  .UNSPECIFIED.,.F.,.F.,(5,5),(1.081042106184E-02,1.481546636212),
  .PIECEWISE_BEZIER_KNOTS.);
#241 = CARTESIAN_POINT('',(47.0895289343,1.003797741188,0.));
#242 = CARTESIAN_POINT('',(46.74677698433,1.13294216663,0.));
#243 = CARTESIAN_POINT('',(46.403198317105,1.259878036663,
    -1.124687706395E-15));
#244 = CARTESIAN_POINT('',(46.0588159846,1.384595500688,
    -2.723033780012E-16));
#245 = CARTESIAN_POINT('',(45.713625743844,1.507051571088,
    8.227133778061E-16));
#246 = PCURVE('',#34,#247);
#247 = DEFINITIONAL_REPRESENTATION('',(#248),#254);
#248 = B_SPLINE_CURVE_WITH_KNOTS('',4,(#249,#250,#251,#252,#253),
  .UNSPECIFIED.,.F.,.F.,(5,5),(1.081042106184E-02,1.481546636212),
  .PIECEWISE_BEZIER_KNOTS.);
#249 = CARTESIAN_POINT('',(49.989922885466,1.003797741188));
#250 = CARTESIAN_POINT('',(49.647170935495,1.13294216663));
#251 = CARTESIAN_POINT('',(49.303592268271,1.259878036663));
#252 = CARTESIAN_POINT('',(48.959209935766,1.384595500688));
#253 = CARTESIAN_POINT('',(48.61401969501,1.507051571088));
#254 = ( GEOMETRIC_REPRESENTATION_CONTEXT(2) 
PARAMETRIC_REPRESENTATION_CONTEXT() REPRESENTATION_CONTEXT('2D SPACE',''
  ) );
#255 = PCURVE('',#256,#382);
#256 = B_SPLINE_SURFACE_WITH_KNOTS('',2,7,(
    (#257,#258,#259,#260,#261,#262,#263,#264,#265,#266,#267,#268,#269
      ,#270,#271,#272,#273,#274,#275,#276,#277,#278,#279,#280,#281)
    ,(#282,#283,#284,#285,#286,#287,#288,#289,#290,#291,#292,#293,#294
      ,#295,#296,#297,#298,#299,#300,#301,#302,#303,#304,#305,#306)
    ,(#307,#308,#309,#310,#311,#312,#313,#314,#315,#316,#317,#318,#319
      ,#320,#321,#322,#323,#324,#325,#326,#327,#328,#329,#330,#331)
    ,(#332,#333,#334,#335,#336,#337,#338,#339,#340,#341,#342,#343,#344
      ,#345,#346,#347,#348,#349,#350,#351,#352,#353,#354,#355,#356)
    ,(#357,#358,#359,#360,#361,#362,#363,#364,#365,#366,#367,#368,#369
      ,#370,#371,#372,#373,#374,#375,#376,#377,#378,#379,#380,#381
  )),.UNSPECIFIED.,.F.,.F.,.F.,(3,1,1,3),(8,6,5,6,8),(-1.952478829182,1.
    ,2.,6.846704391438),(-0.558968726743,0.,0.52965543135,1.,
    1.934955618766),.UNSPECIFIED.);
#257 = CARTESIAN_POINT('',(25.958013208273,-22.68974140455,
    -104.8679380924));
#258 = CARTESIAN_POINT('',(16.251110216379,-14.83582531912,
    -91.22685933129));
#259 = CARTESIAN_POINT('',(7.383059594615,-8.441326257916,
    -78.68212416534));
#260 = CARTESIAN_POINT('',(-0.519759219795,-3.551238262937,
    -67.3918723518));
#261 = CARTESIAN_POINT('',(-7.323157620784,-0.187531238304,
    -57.55464015302));
#262 = CARTESIAN_POINT('',(-12.88951014742,1.657048690609,
    -49.39529232714));
#263 = CARTESIAN_POINT('',(-17.07743179037,2.024660157505,
    -43.14111558458));
#264 = CARTESIAN_POINT('',(-22.01164198245,-0.370395442442,
    -34.90953906527));
#265 = CARTESIAN_POINT('',(-24.24577617724,-2.106428646281,
    -30.76280301769));
#266 = CARTESIAN_POINT('',(-26.39488948885,-4.220226557048,
    -26.54804216018));
#267 = CARTESIAN_POINT('',(-28.40931094436,-6.714836795539,
    -22.26508710516));
#268 = CARTESIAN_POINT('',(-30.23730629771,-9.580550814192,
    -17.91355626548));
#269 = CARTESIAN_POINT('',(-32.75447134532,-16.03705972841,
    -9.405251977572));
#270 = CARTESIAN_POINT('',(-34.04427540229,-23.60067258013,
    -0.643755211831));
#271 = CARTESIAN_POINT('',(-33.95107368345,-27.59302172686,
    3.605491214564));
#272 = CARTESIAN_POINT('',(-33.45507893348,-31.74491847527,
    7.897606974797));
#273 = CARTESIAN_POINT('',(-32.5530712061,-35.98494720089,
    12.228401740945));
#274 = CARTESIAN_POINT('',(-31.2731405858,-40.22961650265,
    16.598056037191));
#275 = CARTESIAN_POINT('',(-21.97872554504,-53.80767003032,
    30.535660971399));
#276 = CARTESIAN_POINT('',(-3.903122139535,-63.81294146419,
    45.678773166112));
#277 = CARTESIAN_POINT('',(27.134781867176,-63.34437140616,
    74.549129143621));
#278 = CARTESIAN_POINT('',(47.245262404546,-43.04552346132,
    110.55964365263));
#279 = CARTESIAN_POINT('',(47.008354619549,-24.92604836671,
    136.14675548574));
#280 = CARTESIAN_POINT('',(40.27084593918,-15.99302148984,
    153.90399406156));
#281 = CARTESIAN_POINT('',(32.479692336017,-12.57366012312,
    168.37608396286));
#282 = CARTESIAN_POINT('',(52.051246921591,-33.57508274102,
    -79.04745561085));
#283 = CARTESIAN_POINT('',(46.322762243299,-25.84643080657,
    -64.68332177852));
#284 = CARTESIAN_POINT('',(41.275679769883,-19.04756367213,
    -51.92190982554));
#285 = CARTESIAN_POINT('',(36.909999501342,-13.17848133769,
    -40.76321975191));
#286 = CARTESIAN_POINT('',(33.225721437677,-8.239183803267,
    -31.20725155762));
#287 = CARTESIAN_POINT('',(30.222845578889,-4.22967106884,
    -23.25400524268));
#288 = CARTESIAN_POINT('',(27.901371924976,-1.149943134418,
    -16.90348080709));
#289 = CARTESIAN_POINT('',(24.707237235504,3.037196364943,-7.65685874526
    ));
#290 = CARTESIAN_POINT('',(22.952576358873,4.872088582953,
    -3.057968373492));
#291 = CARTESIAN_POINT('',(21.018618096967,6.470460469282,1.64512817222)
  );
#292 = CARTESIAN_POINT('',(18.934714054323,7.798580633374,6.456205271964
    ));
#293 = CARTESIAN_POINT('',(16.7394848007,8.825049993746,11.378310013453)
  );
#294 = CARTESIAN_POINT('',(12.478500514188,10.14604821585,
    20.883820651026));
#295 = CARTESIAN_POINT('',(8.205852835156,10.255117357006,
    30.785897354538));
#296 = CARTESIAN_POINT('',(6.234527907218,10.029053631708,
    35.530116211206));
#297 = CARTESIAN_POINT('',(4.347681453147,9.523808236177,40.358521391776
    ));
#298 = CARTESIAN_POINT('',(2.595660811052,8.747833240937,45.266100450262
    ));
#299 = CARTESIAN_POINT('',(1.028702385112,7.723724033458,50.244565666018
    ));
#300 = CARTESIAN_POINT('',(-2.970637305824,4.028490233732,
    65.297447328583));
#301 = CARTESIAN_POINT('',(-5.742107273293,1.485317628027,
    75.526451397312));
#302 = CARTESIAN_POINT('',(-8.624259748812,-1.142563808422,
    85.969676632823));
#303 = CARTESIAN_POINT('',(-11.61709473238,-3.855154075615,
    96.627123035115));
#304 = CARTESIAN_POINT('',(-14.720612224,-6.652453173553,107.49879060418
    ));
#305 = CARTESIAN_POINT('',(-17.93481222367,-9.534461102235,
    118.58467934004));
#306 = CARTESIAN_POINT('',(-21.25969473139,-12.50117786166,
    129.88478924268));
#307 = CARTESIAN_POINT('',(86.982218421685,-48.14727230444,
    -44.48161576159));
#308 = CARTESIAN_POINT('',(80.181283867435,-38.24358223869,
    -34.79720380247));
#309 = CARTESIAN_POINT('',(74.040195013341,-29.30077589464,
    -26.0524005896));
#310 = CARTESIAN_POINT('',(68.558951859403,-21.3188532723,
    -18.24720612296));
#311 = CARTESIAN_POINT('',(63.737554405622,-14.29781437167,
    -11.38162040256));
#312 = CARTESIAN_POINT('',(59.576002651996,-8.237659192741,
    -5.455643428396));
#313 = CARTESIAN_POINT('',(56.074296598527,-3.138387735518,
    -0.469275200469));
#314 = CARTESIAN_POINT('',(50.539608007683,4.921363461459,7.412024634368
    ));
#315 = CARTESIAN_POINT('',(47.467293366864,8.496714567073,
    11.331859757399));
#316 = CARTESIAN_POINT('',(44.050660572264,11.663671649342,
    15.340514353762));
#317 = CARTESIAN_POINT('',(40.339119085018,14.360149174211,
    19.441205492418));
#318 = CARTESIAN_POINT('',(36.398589140598,16.52752643501,
    23.636530339349));
#319 = CARTESIAN_POINT('',(28.688605702621,19.529268386635,
    31.738492214386));
#320 = CARTESIAN_POINT('',(20.832055833144,20.372721592457,
    40.17846466768));
#321 = CARTESIAN_POINT('',(17.175780772445,20.272340369223,
    44.222169605697));
#322 = CARTESIAN_POINT('',(13.639851582021,19.667935958141,
    48.337630224474));
#323 = CARTESIAN_POINT('',(10.31367882149,18.570332810436,52.52057419735
    ));
#324 = CARTESIAN_POINT('',(7.28753067973,17.015197737886,56.763937538069
    ));
#325 = CARTESIAN_POINT('',(-0.621149070939,11.177309009253,
    69.594166022325));
#326 = CARTESIAN_POINT('',(-5.905195543765,7.276218242029,
    78.173458233305));
#327 = CARTESIAN_POINT('',(-11.21159092748,3.358023145101,
    86.796005786541));
#328 = CARTESIAN_POINT('',(-16.54033522209,-0.577276281531,
    95.461808682032));
#329 = CARTESIAN_POINT('',(-21.8914284276,-4.529680037868,
    104.17086691977));
#330 = CARTESIAN_POINT('',(-27.26487054399,-8.499188123909,
    112.92318049978));
#331 = CARTESIAN_POINT('',(-32.66066157128,-12.48580053965,
    121.71874942203));
#332 = CARTESIAN_POINT('',(132.55244521491,-59.41779033596,
    1.166131075747));
#333 = CARTESIAN_POINT('',(125.90835016906,-49.23535897932,
    5.494856494849));
#334 = CARTESIAN_POINT('',(119.60166986162,-39.57003377318,9.60375126058
    ));
#335 = CARTESIAN_POINT('',(113.63240429261,-30.42181471754,
    13.492815372939));
#336 = CARTESIAN_POINT('',(108.00055346203,-21.79070181241,
    17.162048831927));
#337 = CARTESIAN_POINT('',(102.70611736986,-13.67669505777,
    20.611451637542));
#338 = CARTESIAN_POINT('',(97.749096016132,-6.079794453637,
    23.841023789785));
#339 = CARTESIAN_POINT('',(88.752143017314,7.708517678724,
    29.702670691531));
#340 = CARTESIAN_POINT('',(83.730689018027,13.858442630538,
    32.618013323546));
#341 = CARTESIAN_POINT('',(78.120809889665,19.345729396988,
    35.599414651687));
#342 = CARTESIAN_POINT('',(72.00158567816,24.066349576649,38.64926734242
    ));
#343 = CARTESIAN_POINT('',(65.479319650062,27.921414873218,
    41.769503014995));
#344 = CARTESIAN_POINT('',(52.667404144533,33.409397022191,
    47.795265353444));
#345 = CARTESIAN_POINT('',(39.509366884242,35.339187871158,
    54.072420063764));
#346 = CARTESIAN_POINT('',(33.360629304118,35.424722491755,
    57.079889772841));
#347 = CARTESIAN_POINT('',(27.385294441157,34.673637104827,
    60.140727133547));
#348 = CARTESIAN_POINT('',(21.730557126226,33.100265505805,
    63.251754640749));
#349 = CARTESIAN_POINT('',(16.545902566562,30.759610411147,
    66.407718517315));
#350 = CARTESIAN_POINT('',(2.854331450071,21.752199333732,
    75.950087240674));
#351 = CARTESIAN_POINT('',(-6.146443871302,15.842408097439,
    82.089043151282));
#352 = CARTESIAN_POINT('',(-15.0389006281,10.015516491031,
    88.018353204608));
#353 = CARTESIAN_POINT('',(-23.82303882035,4.271524514509,
    93.738017400654));
#354 = CARTESIAN_POINT('',(-32.49885844802,-1.389567832129,
    99.248035739419));
#355 = CARTESIAN_POINT('',(-41.06635951114,-6.967760548883,
    104.5484082209));
#356 = CARTESIAN_POINT('',(-49.52554200968,-12.46305363575,
    109.6391348451));
#357 = CARTESIAN_POINT('',(149.19105810637,-67.06109937054,
    19.621758647622));
#358 = CARTESIAN_POINT('',(145.90700541108,-57.33808517475,
    23.410573868598));
#359 = CARTESIAN_POINT('',(142.62295271579,-47.61507097896,
    27.199389089573));
#360 = CARTESIAN_POINT('',(139.33890002049,-37.89205678317,
    30.988204310549));
#361 = CARTESIAN_POINT('',(136.0548473252,-28.16904258737,
    34.777019531525));
#362 = CARTESIAN_POINT('',(132.77079462991,-18.44602839158,
    38.565834752501));
#363 = CARTESIAN_POINT('',(129.48674193461,-8.723014195793,
    42.354649973477));
#364 = CARTESIAN_POINT('',(123.09085799782,10.21312236536,
    49.733588334013));
#365 = CARTESIAN_POINT('',(119.18036291097,19.099857780428,
    53.426522532497));
#366 = CARTESIAN_POINT('',(114.49621063338,27.547569855733,
    57.229070867713));
#367 = CARTESIAN_POINT('',(109.0875491144,35.435135143962,
    61.147498090006));
#368 = CARTESIAN_POINT('',(103.03448457891,42.635603684211,
    65.186616944186));
#369 = CARTESIAN_POINT('',(90.131682750563,55.095596501689,
    72.882236406343));
#370 = CARTESIAN_POINT('',(75.708387068586,64.34611576505,81.00068454719
    ));
#371 = CARTESIAN_POINT('',(68.302635228341,68.137702465307,
    84.838847996831));
#372 = CARTESIAN_POINT('',(60.734782097528,71.080790391561,
    88.777653474151));
#373 = CARTESIAN_POINT('',(53.180428849087,73.125612821767,
    92.812746653755));
#374 = CARTESIAN_POINT('',(45.848201945267,74.260011978424,
    96.929819038947));
#375 = CARTESIAN_POINT('',(20.736427403167,76.162288048834,
    108.65267107325));
#376 = CARTESIAN_POINT('',(-7.907268947996,78.365377948256,
    110.66814330049));
#377 = CARTESIAN_POINT('',(-49.55796372214,70.060417696369,
    99.042882429461));
#378 = CARTESIAN_POINT('',(-80.32593284873,41.890970898266,
    80.36397371143));
#379 = CARTESIAN_POINT('',(-90.79121147475,15.866688290975,
    72.194978353809));
#380 = CARTESIAN_POINT('',(-94.80058702717,-1.005354757978,
    71.942366937995));
#381 = CARTESIAN_POINT('',(-97.80101547859,-12.39794095618,
    75.061414881219));
#382 = DEFINITIONAL_REPRESENTATION('',(#383),#409);
#383 = B_SPLINE_CURVE_WITH_KNOTS('',3,(#384,#385,#386,#387,#388,#389,
    #390,#391,#392,#393,#394,#395,#396,#397,#398,#399,#400,#401,#402,
    #403,#404,#405,#406,#407,#408),.UNSPECIFIED.,.F.,.F.,(4,1,1,1,1,1,1,
    1,1,1,1,1,1,1,1,1,1,1,1,1,1,1,4),(1.081042106184E-02,
    7.766206720502E-02,0.144513713348,0.211365359491,0.278217005635,
    0.345068651778,0.411920297921,0.478771944064,0.545623590207,
    0.612475236351,0.679326882494,0.746178528637,0.81303017478,
    0.879881820923,0.946733467066,1.01358511321,1.080436759353,
    1.147288405496,1.214140051639,1.280991697782,1.347843343926,
    1.414694990069,1.481546636212),.QUASI_UNIFORM_KNOTS.);
#384 = CARTESIAN_POINT('',(1.050088461119,8.228360277442E-05));
#385 = CARTESIAN_POINT('',(1.04896610224,2.518978674027E-04));
#386 = CARTESIAN_POINT('',(1.046720576607,5.9113044384E-04));
#387 = CARTESIAN_POINT('',(1.043349862651,1.099991403758E-03));
#388 = CARTESIAN_POINT('',(1.039976721367,1.608864417364E-03));
#389 = CARTESIAN_POINT('',(1.03660115072,2.117749426606E-03));
#390 = CARTESIAN_POINT('',(1.033223148526,2.626646362903E-03));
#391 = CARTESIAN_POINT('',(1.029842712449,3.135555145825E-03));
#392 = CARTESIAN_POINT('',(1.026459839955,3.644475683687E-03));
#393 = CARTESIAN_POINT('',(1.023074528495,4.153407873809E-03));
#394 = CARTESIAN_POINT('',(1.01968677481,4.662351602181E-03));
#395 = CARTESIAN_POINT('',(1.016296577534,5.171306745837E-03));
#396 = CARTESIAN_POINT('',(1.012903927464,5.680273165012E-03));
#397 = CARTESIAN_POINT('',(1.009508843882,6.18925073345E-03));
#398 = CARTESIAN_POINT('',(1.006111238982,6.698239226338E-03));
#399 = CARTESIAN_POINT('',(1.002711423853,7.207238739596E-03));
#400 = CARTESIAN_POINT('',(0.999308220103,7.716248126097E-03));
#401 = CARTESIAN_POINT('',(0.995906634703,8.225271352633E-03));
#402 = CARTESIAN_POINT('',(0.99250790452,8.734309239893E-03));
#403 = CARTESIAN_POINT('',(0.989111692036,9.243361297404E-03));
#404 = CARTESIAN_POINT('',(0.985718081399,9.752427375985E-03));
#405 = CARTESIAN_POINT('',(0.982327043576,1.026150722503E-02));
#406 = CARTESIAN_POINT('',(0.978938579695,1.077060061223E-02));
#407 = CARTESIAN_POINT('',(0.976681314914,1.111000506317E-02));
#408 = CARTESIAN_POINT('',(0.975553109502,1.127970946282E-02));
#409 = ( GEOMETRIC_REPRESENTATION_CONTEXT(2) 
PARAMETRIC_REPRESENTATION_CONTEXT() REPRESENTATION_CONTEXT('2D SPACE',''
  ) );
#410 = ORIENTED_EDGE('',*,*,#411,.T.);
#411 = EDGE_CURVE('',#237,#412,#414,.T.);
#412 = VERTEX_POINT('',#413);
#413 = CARTESIAN_POINT('',(29.046770181057,38.462692364274,0.));
#414 = SURFACE_CURVE('',#415,(#420,#427),.PCURVE_S1.);
#415 = CIRCLE('',#416,50.);
#416 = AXIS2_PLACEMENT_3D('',#417,#418,#419);
#417 = CARTESIAN_POINT('',(-2.900393951166,3.552713678801E-15,0.));
#418 = DIRECTION('',(0.,0.,1.));
#419 = DIRECTION('',(1.,0.,0.));
#420 = PCURVE('',#34,#421);
#421 = DEFINITIONAL_REPRESENTATION('',(#422),#426);
#422 = CIRCLE('',#423,50.);
#423 = AXIS2_PLACEMENT_2D('',#424,#425);
#424 = CARTESIAN_POINT('',(0.,0.));
#425 = DIRECTION('',(1.,0.));
#426 = ( GEOMETRIC_REPRESENTATION_CONTEXT(2) 
PARAMETRIC_REPRESENTATION_CONTEXT() REPRESENTATION_CONTEXT('2D SPACE',''
  ) );
#427 = PCURVE('',#428,#433);
#428 = CONICAL_SURFACE('',#429,50.,0.528074448426);
#429 = AXIS2_PLACEMENT_3D('',#430,#431,#432);
#430 = CARTESIAN_POINT('',(-2.900393951166,3.552713678801E-15,0.));
#431 = DIRECTION('',(-0.,-0.,-1.));
#432 = DIRECTION('',(1.,0.,0.));
#433 = DEFINITIONAL_REPRESENTATION('',(#434),#438);
#434 = LINE('',#435,#436);
#435 = CARTESIAN_POINT('',(-0.,-0.));
#436 = VECTOR('',#437,1.);
#437 = DIRECTION('',(-1.,-0.));
#438 = ( GEOMETRIC_REPRESENTATION_CONTEXT(2) 
PARAMETRIC_REPRESENTATION_CONTEXT() REPRESENTATION_CONTEXT('2D SPACE',''
  ) );
#439 = ORIENTED_EDGE('',*,*,#440,.T.);
#440 = EDGE_CURVE('',#412,#441,#443,.T.);
#441 = VERTEX_POINT('',#442);
#442 = CARTESIAN_POINT('',(28.212157354613,37.963806779713,
    1.120141634979E-15));
#443 = SURFACE_CURVE('',#444,(#450,#459),.PCURVE_S1.);
#444 = B_SPLINE_CURVE_WITH_KNOTS('',4,(#445,#446,#447,#448,#449),
  .UNSPECIFIED.,.F.,.F.,(5,5),(0.,1.),.PIECEWISE_BEZIER_KNOTS.);
#445 = CARTESIAN_POINT('',(29.055927624239,38.468084321543,0.));
#446 = CARTESIAN_POINT('',(28.844151563218,38.343409665089,0.));
#447 = CARTESIAN_POINT('',(28.632926220043,38.217804136421,0.));
#448 = CARTESIAN_POINT('',(28.422259004876,38.091269278342,0.));
#449 = CARTESIAN_POINT('',(28.212157354613,37.963806779713,0.));
#450 = PCURVE('',#34,#451);
#451 = DEFINITIONAL_REPRESENTATION('',(#452),#458);
#452 = B_SPLINE_CURVE_WITH_KNOTS('',4,(#453,#454,#455,#456,#457),
  .UNSPECIFIED.,.F.,.F.,(5,5),(0.,1.),.PIECEWISE_BEZIER_KNOTS.);
#453 = CARTESIAN_POINT('',(31.956321575405,38.468084321543));
#454 = CARTESIAN_POINT('',(31.744545514384,38.343409665089));
#455 = CARTESIAN_POINT('',(31.533320171209,38.217804136421));
#456 = CARTESIAN_POINT('',(31.322652956042,38.091269278342));
#457 = CARTESIAN_POINT('',(31.112551305779,37.963806779713));
#458 = ( GEOMETRIC_REPRESENTATION_CONTEXT(2) 
PARAMETRIC_REPRESENTATION_CONTEXT() REPRESENTATION_CONTEXT('2D SPACE',''
  ) );
#459 = PCURVE('',#460,#487);
#460 = ( BOUNDED_SURFACE() B_SPLINE_SURFACE(1,7,(
    (#461,#462,#463,#464,#465,#466,#467,#468,#469,#470,#471,#472,#473)
    ,(#474,#475,#476,#477,#478,#479,#480,#481,#482,#483,#484,#485,#486
)),.UNSPECIFIED.,.F.,.F.,.F.) B_SPLINE_SURFACE_WITH_KNOTS((2,2),(8,5,8),
  (3.,4.),(0.,0.52965543135,1.),.UNSPECIFIED.) 
GEOMETRIC_REPRESENTATION_ITEM() RATIONAL_B_SPLINE_SURFACE((
    (1.,1.,1.,1.,1.,1.,1.,1.,1.,1.,1.,1.,1.)
,(1.,1.,1.,1.,1.,1.,1.,1.,1.,1.,1.,1.,1.
))) REPRESENTATION_ITEM('') SURFACE() );
#461 = CARTESIAN_POINT('',(37.134287660803,48.598027400753,
    7.558065382861));
#462 = CARTESIAN_POINT('',(31.92426431002,49.118819194408,
    11.224539269075));
#463 = CARTESIAN_POINT('',(26.741400776663,49.078655732689,
    14.972569487364));
#464 = CARTESIAN_POINT('',(21.662827795725,48.464237607981,
    18.80552625476));
#465 = CARTESIAN_POINT('',(16.775225232528,47.274566091449,
    22.726485637263));
#466 = CARTESIAN_POINT('',(12.173688395475,45.525048997017,
    26.73793096809));
#467 = CARTESIAN_POINT('',(4.215037481075,41.239301580172,
    34.484786889817));
#468 = CARTESIAN_POINT('',(-2.032338135592,35.337420324378,
    42.554838512827));
#469 = CARTESIAN_POINT('',(-4.526404857459,32.250934240668,
    46.421309378502));
#470 = CARTESIAN_POINT('',(-6.514318684127,28.91796397841,
    50.356390900401));
#471 = CARTESIAN_POINT('',(-7.943798627359,25.421630931338,
    54.355998006193));
#472 = CARTESIAN_POINT('',(-8.7830517709,21.862818223348,58.413376321633
    ));
#473 = CARTESIAN_POINT('',(-9.027504910419,18.348792771425,
    62.51935512762));
#474 = CARTESIAN_POINT('',(28.625081755622,37.927820690652,
    -0.403096820419));
#475 = CARTESIAN_POINT('',(24.519737069056,38.304684252878,
    3.599509999661));
#476 = CARTESIAN_POINT('',(20.44113712873,38.236702718762,7.691150027432
    ));
#477 = CARTESIAN_POINT('',(16.450894703193,37.713976295727,
    11.875502452771));
#478 = CARTESIAN_POINT('',(12.618144197092,36.736516585852,
    16.155925347564));
#479 = CARTESIAN_POINT('',(9.018598759664,35.317519458181,
    20.535129710615));
#480 = CARTESIAN_POINT('',(2.813011838262,31.865987537987,
    28.992197538944));
#481 = CARTESIAN_POINT('',(-2.01313362388,27.150261446537,
    37.802090822544));
#482 = CARTESIAN_POINT('',(-3.925888307923,24.690716255078,
    42.02302983286));
#483 = CARTESIAN_POINT('',(-5.432756861738,22.041433113641,
    46.31886954859));
#484 = CARTESIAN_POINT('',(-6.492843920799,19.269330919819,
    50.685150388478));
#485 = CARTESIAN_POINT('',(-7.081815057097,16.455331648522,
    55.114498754514));
#486 = CARTESIAN_POINT('',(-7.197176473233,13.685191971246,
    59.596903179581));
#487 = DEFINITIONAL_REPRESENTATION('',(#488),#494);
#488 = B_SPLINE_CURVE_WITH_KNOTS('',4,(#489,#490,#491,#492,#493),
  .UNSPECIFIED.,.F.,.F.,(5,5),(0.,1.),.PIECEWISE_BEZIER_KNOTS.);
#489 = CARTESIAN_POINT('',(3.949367088608,0.));
#490 = CARTESIAN_POINT('',(3.961956838944,1.902815321906E-03));
#491 = CARTESIAN_POINT('',(3.974592036876,3.80589545899E-03));
#492 = CARTESIAN_POINT('',(3.987272987609,5.709230775994E-03));
#493 = CARTESIAN_POINT('',(4.,7.61281139779E-03));
#494 = ( GEOMETRIC_REPRESENTATION_CONTEXT(2) 
PARAMETRIC_REPRESENTATION_CONTEXT() REPRESENTATION_CONTEXT('2D SPACE',''
  ) );
#495 = ORIENTED_EDGE('',*,*,#496,.F.);
#496 = EDGE_CURVE('',#497,#441,#499,.T.);
#497 = VERTEX_POINT('',#498);
#498 = CARTESIAN_POINT('',(26.639760200888,39.199754669026,
    1.120141634979E-15));
#499 = SURFACE_CURVE('',#500,(#506,#515),.PCURVE_S1.);
#500 = B_SPLINE_CURVE_WITH_KNOTS('',4,(#501,#502,#503,#504,#505),
  .UNSPECIFIED.,.F.,.F.,(5,5),(0.,1.),.PIECEWISE_BEZIER_KNOTS.);
#501 = CARTESIAN_POINT('',(26.639760200888,39.199754669026,0.));
#502 = CARTESIAN_POINT('',(27.032859489319,38.890767696698,0.));
#503 = CARTESIAN_POINT('',(27.425958777751,38.58178072437,0.));
#504 = CARTESIAN_POINT('',(27.819058066182,38.272793752041,0.));
#505 = CARTESIAN_POINT('',(28.212157354613,37.963806779713,0.));
#506 = PCURVE('',#34,#507);
#507 = DEFINITIONAL_REPRESENTATION('',(#508),#514);
#508 = B_SPLINE_CURVE_WITH_KNOTS('',4,(#509,#510,#511,#512,#513),
  .UNSPECIFIED.,.F.,.F.,(5,5),(0.,1.),.PIECEWISE_BEZIER_KNOTS.);
#509 = CARTESIAN_POINT('',(29.540154152054,39.199754669026));
#510 = CARTESIAN_POINT('',(29.933253440485,38.890767696698));
#511 = CARTESIAN_POINT('',(30.326352728916,38.58178072437));
#512 = CARTESIAN_POINT('',(30.719452017347,38.272793752041));
#513 = CARTESIAN_POINT('',(31.112551305779,37.963806779713));
#514 = ( GEOMETRIC_REPRESENTATION_CONTEXT(2) 
PARAMETRIC_REPRESENTATION_CONTEXT() REPRESENTATION_CONTEXT('2D SPACE',''
  ) );
#515 = PCURVE('',#516,#543);
#516 = ( BOUNDED_SURFACE() B_SPLINE_SURFACE(1,7,(
    (#517,#518,#519,#520,#521,#522,#523,#524,#525,#526,#527,#528,#529)
    ,(#530,#531,#532,#533,#534,#535,#536,#537,#538,#539,#540,#541,#542
)),.UNSPECIFIED.,.F.,.F.,.F.) B_SPLINE_SURFACE_WITH_KNOTS((2,2),(8,5,8),
  (0.,1.),(0.,0.52965543135,1.),.UNSPECIFIED.) 
GEOMETRIC_REPRESENTATION_ITEM() RATIONAL_B_SPLINE_SURFACE((
    (1.,1.,1.,1.,1.,1.,1.,1.,1.,1.,1.,1.,1.)
,(1.,1.,1.,1.,1.,1.,1.,1.,1.,1.,1.,1.,1.
))) REPRESENTATION_ITEM('') SURFACE() );
#517 = CARTESIAN_POINT('',(28.625081755622,37.927820690652,
    -0.403096820419));
#518 = CARTESIAN_POINT('',(24.519737069056,38.304684252878,
    3.599509999661));
#519 = CARTESIAN_POINT('',(20.44113712873,38.236702718762,7.691150027432
    ));
#520 = CARTESIAN_POINT('',(16.450894703193,37.713976295727,
    11.875502452771));
#521 = CARTESIAN_POINT('',(12.618144197092,36.736516585852,
    16.155925347564));
#522 = CARTESIAN_POINT('',(9.018598759664,35.317519458181,
    20.535129710615));
#523 = CARTESIAN_POINT('',(2.813011838262,31.865987537987,
    28.992197538944));
#524 = CARTESIAN_POINT('',(-2.01313362388,27.150261446537,
    37.802090822544));
#525 = CARTESIAN_POINT('',(-3.925888307923,24.690716255078,
    42.02302983286));
#526 = CARTESIAN_POINT('',(-5.432756861738,22.041433113641,
    46.31886954859));
#527 = CARTESIAN_POINT('',(-6.492843920799,19.269330919819,
    50.685150388478));
#528 = CARTESIAN_POINT('',(-7.081815057097,16.455331648522,
    55.114498754514));
#529 = CARTESIAN_POINT('',(-7.197176473233,13.685191971246,
    59.596903179581));
#530 = CARTESIAN_POINT('',(27.061418790686,39.174800294369,
    -0.403096820419));
#531 = CARTESIAN_POINT('',(22.868961770171,39.442428413279,
    3.599509999661));
#532 = CARTESIAN_POINT('',(18.710214664779,39.255682019241,
    7.691150027432));
#533 = CARTESIAN_POINT('',(14.648117487825,38.604862230975,
    11.875502452771));
#534 = CARTESIAN_POINT('',(10.753244229172,37.490394388751,
    16.155925347564));
#535 = CARTESIAN_POINT('',(7.102835917851,35.926161622888,
    20.535129710615));
#536 = CARTESIAN_POINT('',(0.825415508243,32.186917084732,
    28.992197538944));
#537 = CARTESIAN_POINT('',(-4.021886406207,27.163381107553,
    37.802090822544));
#538 = CARTESIAN_POINT('',(-5.932399399857,24.555673933661,
    42.02302983286));
#539 = CARTESIAN_POINT('',(-7.423950157032,21.756176746735,
    46.31886954859));
#540 = CARTESIAN_POINT('',(-8.454947814222,18.833441223949,
    50.685150388478));
#541 = CARTESIAN_POINT('',(-9.000725756694,15.870299196216,
    55.114498754514));
#542 = CARTESIAN_POINT('',(-9.058923970521,12.954509922513,
    59.596903179581));
#543 = DEFINITIONAL_REPRESENTATION('',(#544),#550);
#544 = B_SPLINE_CURVE_WITH_KNOTS('',4,(#545,#546,#547,#548,#549),
  .UNSPECIFIED.,.F.,.F.,(5,5),(0.,1.),.PIECEWISE_BEZIER_KNOTS.);
#545 = CARTESIAN_POINT('',(1.,7.61281139779E-03));
#546 = CARTESIAN_POINT('',(0.75,7.61281139779E-03));
#547 = CARTESIAN_POINT('',(0.5,7.61281139779E-03));
#548 = CARTESIAN_POINT('',(0.25,7.61281139779E-03));
#549 = CARTESIAN_POINT('',(0.,7.61281139779E-03));
#550 = ( GEOMETRIC_REPRESENTATION_CONTEXT(2) 
PARAMETRIC_REPRESENTATION_CONTEXT() REPRESENTATION_CONTEXT('2D SPACE',''
  ) );
#551 = ORIENTED_EDGE('',*,*,#552,.F.);
#552 = EDGE_CURVE('',#553,#497,#555,.T.);
#553 = VERTEX_POINT('',#554);
#554 = CARTESIAN_POINT('',(27.483012487536,39.709553172765,0.));
#555 = SURFACE_CURVE('',#556,(#562,#571),.PCURVE_S1.);
#556 = B_SPLINE_CURVE_WITH_KNOTS('',4,(#557,#558,#559,#560,#561),
  .UNSPECIFIED.,.F.,.F.,(5,5),(0.,1.),.PIECEWISE_BEZIER_KNOTS.);
#557 = CARTESIAN_POINT('',(27.492264659303,39.71506392526,0.));
#558 = CARTESIAN_POINT('',(27.278291394461,39.587638350609,0.));
#559 = CARTESIAN_POINT('',(27.064877964172,39.459277169497,0.));
#560 = CARTESIAN_POINT('',(26.852031760924,39.329982015949,0.));
#561 = CARTESIAN_POINT('',(26.639760200888,39.199754669026,0.));
#562 = PCURVE('',#34,#563);
#563 = DEFINITIONAL_REPRESENTATION('',(#564),#570);
#564 = B_SPLINE_CURVE_WITH_KNOTS('',4,(#565,#566,#567,#568,#569),
  .UNSPECIFIED.,.F.,.F.,(5,5),(0.,1.),.PIECEWISE_BEZIER_KNOTS.);
#565 = CARTESIAN_POINT('',(30.392658610469,39.71506392526));
#566 = CARTESIAN_POINT('',(30.178685345627,39.587638350609));
#567 = CARTESIAN_POINT('',(29.965271915337,39.459277169497));
#568 = CARTESIAN_POINT('',(29.752425712089,39.329982015949));
#569 = CARTESIAN_POINT('',(29.540154152054,39.199754669026));
#570 = ( GEOMETRIC_REPRESENTATION_CONTEXT(2) 
PARAMETRIC_REPRESENTATION_CONTEXT() REPRESENTATION_CONTEXT('2D SPACE',''
  ) );
#571 = PCURVE('',#572,#599);
#572 = ( BOUNDED_SURFACE() B_SPLINE_SURFACE(1,7,(
    (#573,#574,#575,#576,#577,#578,#579,#580,#581,#582,#583,#584,#585)
    ,(#586,#587,#588,#589,#590,#591,#592,#593,#594,#595,#596,#597,#598
)),.UNSPECIFIED.,.F.,.F.,.F.) B_SPLINE_SURFACE_WITH_KNOTS((2,2),(8,5,8),
  (1.,2.),(0.,0.52965543135,1.),.UNSPECIFIED.) 
GEOMETRIC_REPRESENTATION_ITEM() RATIONAL_B_SPLINE_SURFACE((
    (1.,1.,1.,1.,1.,1.,1.,1.,1.,1.,1.,1.,1.)
,(1.,1.,1.,1.,1.,1.,1.,1.,1.,1.,1.,1.,1.
))) REPRESENTATION_ITEM('') SURFACE() );
#573 = CARTESIAN_POINT('',(27.061418790686,39.174800294369,
    -0.403096820419));
#574 = CARTESIAN_POINT('',(22.868961770171,39.442428413279,
    3.599509999661));
#575 = CARTESIAN_POINT('',(18.710214664779,39.255682019241,
    7.691150027432));
#576 = CARTESIAN_POINT('',(14.648117487825,38.604862230975,
    11.875502452771));
#577 = CARTESIAN_POINT('',(10.753244229172,37.490394388751,
    16.155925347564));
#578 = CARTESIAN_POINT('',(7.102835917851,35.926161622888,
    20.535129710615));
#579 = CARTESIAN_POINT('',(0.825415508243,32.186917084732,
    28.992197538944));
#580 = CARTESIAN_POINT('',(-4.021886406207,27.163381107553,
    37.802090822544));
#581 = CARTESIAN_POINT('',(-5.932399399857,24.555673933661,
    42.02302983286));
#582 = CARTESIAN_POINT('',(-7.423950157032,21.756176746735,
    46.31886954859));
#583 = CARTESIAN_POINT('',(-8.454947814222,18.833441223949,
    50.685150388478));
#584 = CARTESIAN_POINT('',(-9.000725756694,15.870299196216,
    55.114498754514));
#585 = CARTESIAN_POINT('',(-9.058923970521,12.954509922513,
    59.596903179581));
#586 = CARTESIAN_POINT('',(35.570624695867,49.845007004471,
    7.558065382861));
#587 = CARTESIAN_POINT('',(30.273489011132,50.256563354805,
    11.224539269075));
#588 = CARTESIAN_POINT('',(25.01047831272,50.097635033179,
    14.972569487364));
#589 = CARTESIAN_POINT('',(19.860050580345,49.355123543213,
    18.80552625476));
#590 = CARTESIAN_POINT('',(14.910325264615,48.028443894361,
    22.726485637263));
#591 = CARTESIAN_POINT('',(10.257925553661,46.13369116172,26.73793096809
    ));
#592 = CARTESIAN_POINT('',(2.227441151056,41.56023112692,34.484786889817
    ));
#593 = CARTESIAN_POINT('',(-4.041090917919,35.350539985392,
    42.554838512827));
#594 = CARTESIAN_POINT('',(-6.532915949394,32.115891919253,
    46.421309378502));
#595 = CARTESIAN_POINT('',(-8.50551197942,28.632707611502,
    50.356390900401));
#596 = CARTESIAN_POINT('',(-9.905902520783,24.985741235469,
    54.355998006193));
#597 = CARTESIAN_POINT('',(-10.70196247049,21.277785771042,
    58.413376321633));
#598 = CARTESIAN_POINT('',(-10.8892524077,17.618110722692,62.51935512762
    ));
#599 = DEFINITIONAL_REPRESENTATION('',(#600),#606);
#600 = B_SPLINE_CURVE_WITH_KNOTS('',4,(#601,#602,#603,#604,#605),
  .UNSPECIFIED.,.F.,.F.,(5,5),(0.,1.),.PIECEWISE_BEZIER_KNOTS.);
#601 = CARTESIAN_POINT('',(1.050632911392,0.));
#602 = CARTESIAN_POINT('',(1.038042777776,1.902873250775E-03));
#603 = CARTESIAN_POINT('',(1.025407449964,3.805972615971E-03));
#604 = CARTESIAN_POINT('',(1.012726625928,5.709288579259E-03));
#605 = CARTESIAN_POINT('',(1.,7.61281139779E-03));
#606 = ( GEOMETRIC_REPRESENTATION_CONTEXT(2) 
PARAMETRIC_REPRESENTATION_CONTEXT() REPRESENTATION_CONTEXT('2D SPACE',''
  ) );
#607 = ORIENTED_EDGE('',*,*,#608,.T.);
#608 = EDGE_CURVE('',#553,#609,#611,.T.);
#609 = VERTEX_POINT('',#610);
#610 = CARTESIAN_POINT('',(-13.05300670729,48.9583951353,0.));
#611 = SURFACE_CURVE('',#612,(#617,#624),.PCURVE_S1.);
#612 = CIRCLE('',#613,50.);
#613 = AXIS2_PLACEMENT_3D('',#614,#615,#616);
#614 = CARTESIAN_POINT('',(-2.900393951166,3.552713678801E-15,0.));
#615 = DIRECTION('',(0.,0.,1.));
#616 = DIRECTION('',(1.,0.,0.));
#617 = PCURVE('',#34,#618);
#618 = DEFINITIONAL_REPRESENTATION('',(#619),#623);
#619 = CIRCLE('',#620,50.);
#620 = AXIS2_PLACEMENT_2D('',#621,#622);
#621 = CARTESIAN_POINT('',(0.,0.));
#622 = DIRECTION('',(1.,0.));
#623 = ( GEOMETRIC_REPRESENTATION_CONTEXT(2) 
PARAMETRIC_REPRESENTATION_CONTEXT() REPRESENTATION_CONTEXT('2D SPACE',''
  ) );
#624 = PCURVE('',#625,#630);
#625 = CONICAL_SURFACE('',#626,50.,0.528074448426);
#626 = AXIS2_PLACEMENT_3D('',#627,#628,#629);
#627 = CARTESIAN_POINT('',(-2.900393951166,3.552713678801E-15,0.));
#628 = DIRECTION('',(-0.,-0.,-1.));
#629 = DIRECTION('',(1.,0.,0.));
#630 = DEFINITIONAL_REPRESENTATION('',(#631),#635);
#631 = LINE('',#632,#633);
#632 = CARTESIAN_POINT('',(-0.,-0.));
#633 = VECTOR('',#634,1.);
#634 = DIRECTION('',(-1.,-0.));
#635 = ( GEOMETRIC_REPRESENTATION_CONTEXT(2) 
PARAMETRIC_REPRESENTATION_CONTEXT() REPRESENTATION_CONTEXT('2D SPACE',''
  ) );
#636 = ORIENTED_EDGE('',*,*,#637,.T.);
#637 = EDGE_CURVE('',#609,#638,#640,.T.);
#638 = VERTEX_POINT('',#639);
#639 = CARTESIAN_POINT('',(-13.18333483691,47.994818477646,
    1.120141634979E-15));
#640 = SURFACE_CURVE('',#641,(#647,#656),.PCURVE_S1.);
#641 = B_SPLINE_CURVE_WITH_KNOTS('',4,(#642,#643,#644,#645,#646),
  .UNSPECIFIED.,.F.,.F.,(5,5),(0.,1.),.PIECEWISE_BEZIER_KNOTS.);
#642 = CARTESIAN_POINT('',(-13.05151273679,48.968916543047,0.));
#643 = CARTESIAN_POINT('',(-13.08607837964,48.725609974459,0.));
#644 = CARTESIAN_POINT('',(-13.11957287032,48.482153585088,0.));
#645 = CARTESIAN_POINT('',(-13.15199279488,48.238554130355,0.));
#646 = CARTESIAN_POINT('',(-13.18333483691,47.994818477646,0.));
#647 = PCURVE('',#34,#648);
#648 = DEFINITIONAL_REPRESENTATION('',(#649),#655);
#649 = B_SPLINE_CURVE_WITH_KNOTS('',4,(#650,#651,#652,#653,#654),
  .UNSPECIFIED.,.F.,.F.,(5,5),(0.,1.),.PIECEWISE_BEZIER_KNOTS.);
#650 = CARTESIAN_POINT('',(-10.15111878563,48.968916543047));
#651 = CARTESIAN_POINT('',(-10.18568442847,48.725609974459));
#652 = CARTESIAN_POINT('',(-10.21917891915,48.482153585088));
#653 = CARTESIAN_POINT('',(-10.25159884372,48.238554130355));
#654 = CARTESIAN_POINT('',(-10.28294088575,47.994818477646));
#655 = ( GEOMETRIC_REPRESENTATION_CONTEXT(2) 
PARAMETRIC_REPRESENTATION_CONTEXT() REPRESENTATION_CONTEXT('2D SPACE',''
  ) );
#656 = PCURVE('',#657,#684);
#657 = ( BOUNDED_SURFACE() B_SPLINE_SURFACE(1,7,(
    (#658,#659,#660,#661,#662,#663,#664,#665,#666,#667,#668,#669,#670)
    ,(#671,#672,#673,#674,#675,#676,#677,#678,#679,#680,#681,#682,#683
)),.UNSPECIFIED.,.F.,.F.,.F.) B_SPLINE_SURFACE_WITH_KNOTS((2,2),(8,5,8),
  (3.,4.),(0.,0.52965543135,1.),.UNSPECIFIED.) 
GEOMETRIC_REPRESENTATION_ITEM() RATIONAL_B_SPLINE_SURFACE((
    (1.,1.,1.,1.,1.,1.,1.,1.,1.,1.,1.,1.,1.)
,(1.,1.,1.,1.,1.,1.,1.,1.,1.,1.,1.,1.,1.
))) REPRESENTATION_ITEM('') SURFACE() );
#658 = CARTESIAN_POINT('',(-15.93464605319,61.600748949642,
    7.558065382861));
#659 = CARTESIAN_POINT('',(-19.59021389994,57.852097041841,
    11.224539269075));
#660 = CARTESIAN_POINT('',(-22.7902753986,53.774929653339,
    14.972569487364));
#661 = CARTESIAN_POINT('',(-25.47634242691,49.421257975997,
    18.80552625476));
#662 = CARTESIAN_POINT('',(-27.59359013518,44.858228360179,
    22.726485637263));
#663 = CARTESIAN_POINT('',(-29.09477388242,40.169795926679,
    26.73793096809));
#664 = CARTESIAN_POINT('',(-30.70617930771,31.275352276082,
    34.484786889817));
#665 = CARTESIAN_POINT('',(-29.98707772151,22.7111945614,42.554838512827
    ));
#666 = CARTESIAN_POINT('',(-29.12899089731,18.836862082097,
    46.421309378502));
#667 = CARTESIAN_POINT('',(-27.76261381404,15.204575499558,
    50.356390900401));
#668 = CARTESIAN_POINT('',(-25.92033673122,11.907035077631,
    54.355998006193));
#669 = CARTESIAN_POINT('',(-23.66121069208,9.031997118093,
    58.413376321633));
#670 = CARTESIAN_POINT('',(-21.06624900309,6.649916924884,62.51935512762
    ));
#671 = CARTESIAN_POINT('',(-12.89774562659,48.295218814696,
    -0.403096820419));
#672 = CARTESIAN_POINT('',(-15.75202996932,45.320501680096,
    3.599509999661));
#673 = CARTESIAN_POINT('',(-18.24184533438,42.089338049121,
    7.691150027432));
#674 = CARTESIAN_POINT('',(-20.3210368194,38.643726304232,
    11.875502452771));
#675 = CARTESIAN_POINT('',(-21.94650889899,35.037725133282,
    16.155925347564));
#676 = CARTESIAN_POINT('',(-23.08137214261,31.338756949757,
    20.535129710615));
#677 = CARTESIAN_POINT('',(-24.2519759847,24.335038774382,
    28.992197538944));
#678 = CARTESIAN_POINT('',(-23.57412534164,17.621599186731,
    37.802090822544));
#679 = CARTESIAN_POINT('',(-22.84375851737,14.592646012423,
    42.02302983286));
#680 = CARTESIAN_POINT('',(-21.71198272747,11.762727716187,
    46.31886954859));
#681 = CARTESIAN_POINT('',(-20.20561943012,9.205540831697,
    50.685150388478));
#682 = CARTESIAN_POINT('',(-18.37276370525,6.990564806983,
    55.114498754514));
#683 = CARTESIAN_POINT('',(-16.27890796121,5.17321778148,59.596903179581
    ));
#684 = DEFINITIONAL_REPRESENTATION('',(#685),#691);
#685 = B_SPLINE_CURVE_WITH_KNOTS('',4,(#686,#687,#688,#689,#690),
  .UNSPECIFIED.,.F.,.F.,(5,5),(0.,1.),.PIECEWISE_BEZIER_KNOTS.);
#686 = CARTESIAN_POINT('',(3.949367088608,0.));
#687 = CARTESIAN_POINT('',(3.961956838944,1.902815321906E-03));
#688 = CARTESIAN_POINT('',(3.974592036876,3.80589545899E-03));
#689 = CARTESIAN_POINT('',(3.987272987609,5.709230775994E-03));
#690 = CARTESIAN_POINT('',(4.,7.61281139779E-03));
#691 = ( GEOMETRIC_REPRESENTATION_CONTEXT(2) 
PARAMETRIC_REPRESENTATION_CONTEXT() REPRESENTATION_CONTEXT('2D SPACE',''
  ) );
#692 = ORIENTED_EDGE('',*,*,#693,.F.);
#693 = EDGE_CURVE('',#694,#638,#696,.T.);
#694 = VERTEX_POINT('',#695);
#695 = CARTESIAN_POINT('',(-15.13001139729,47.536069784536,
    1.120141634979E-15));
#696 = SURFACE_CURVE('',#697,(#703,#712),.PCURVE_S1.);
#697 = B_SPLINE_CURVE_WITH_KNOTS('',4,(#698,#699,#700,#701,#702),
  .UNSPECIFIED.,.F.,.F.,(5,5),(0.,1.),.PIECEWISE_BEZIER_KNOTS.);
#698 = CARTESIAN_POINT('',(-15.13001139729,47.536069784536,0.));
#699 = CARTESIAN_POINT('',(-14.64334225719,47.650756957814,0.));
#700 = CARTESIAN_POINT('',(-14.1566731171,47.765444131091,0.));
#701 = CARTESIAN_POINT('',(-13.67000397701,47.880131304369,0.));
#702 = CARTESIAN_POINT('',(-13.18333483691,47.994818477646,0.));
#703 = PCURVE('',#34,#704);
#704 = DEFINITIONAL_REPRESENTATION('',(#705),#711);
#705 = B_SPLINE_CURVE_WITH_KNOTS('',4,(#706,#707,#708,#709,#710),
  .UNSPECIFIED.,.F.,.F.,(5,5),(0.,1.),.PIECEWISE_BEZIER_KNOTS.);
#706 = CARTESIAN_POINT('',(-12.22961744612,47.536069784536));
#707 = CARTESIAN_POINT('',(-11.74294830603,47.650756957814));
#708 = CARTESIAN_POINT('',(-11.25627916594,47.765444131091));
#709 = CARTESIAN_POINT('',(-10.76961002584,47.880131304369));
#710 = CARTESIAN_POINT('',(-10.28294088575,47.994818477646));
#711 = ( GEOMETRIC_REPRESENTATION_CONTEXT(2) 
PARAMETRIC_REPRESENTATION_CONTEXT() REPRESENTATION_CONTEXT('2D SPACE',''
  ) );
#712 = PCURVE('',#713,#740);
#713 = ( BOUNDED_SURFACE() B_SPLINE_SURFACE(1,7,(
    (#714,#715,#716,#717,#718,#719,#720,#721,#722,#723,#724,#725,#726)
    ,(#727,#728,#729,#730,#731,#732,#733,#734,#735,#736,#737,#738,#739
)),.UNSPECIFIED.,.F.,.F.,.F.) B_SPLINE_SURFACE_WITH_KNOTS((2,2),(8,5,8),
  (0.,1.),(0.,0.52965543135,1.),.UNSPECIFIED.) 
GEOMETRIC_REPRESENTATION_ITEM() RATIONAL_B_SPLINE_SURFACE((
    (1.,1.,1.,1.,1.,1.,1.,1.,1.,1.,1.,1.,1.)
,(1.,1.,1.,1.,1.,1.,1.,1.,1.,1.,1.,1.,1.
))) REPRESENTATION_ITEM('') SURFACE() );
#714 = CARTESIAN_POINT('',(-12.89774562659,48.295218814696,
    -0.403096820419));
#715 = CARTESIAN_POINT('',(-15.75202996932,45.320501680096,
    3.599509999661));
#716 = CARTESIAN_POINT('',(-18.24184533438,42.089338049121,
    7.691150027432));
#717 = CARTESIAN_POINT('',(-20.3210368194,38.643726304232,
    11.875502452771));
#718 = CARTESIAN_POINT('',(-21.94650889899,35.037725133282,
    16.155925347564));
#719 = CARTESIAN_POINT('',(-23.08137214261,31.338756949757,
    20.535129710615));
#720 = CARTESIAN_POINT('',(-24.2519759847,24.335038774382,
    28.992197538944));
#721 = CARTESIAN_POINT('',(-23.57412534164,17.621599186731,
    37.802090822544));
#722 = CARTESIAN_POINT('',(-22.84375851737,14.592646012423,
    42.02302983286));
#723 = CARTESIAN_POINT('',(-21.71198272747,11.762727716187,
    46.31886954859));
#724 = CARTESIAN_POINT('',(-20.20561943012,9.205540831697,
    50.685150388478));
#725 = CARTESIAN_POINT('',(-18.37276370525,6.990564806983,
    55.114498754514));
#726 = CARTESIAN_POINT('',(-16.27890796121,5.17321778148,59.596903179581
    ));
#727 = CARTESIAN_POINT('',(-14.84760145095,47.850176946783,
    -0.403096820419));
#728 = CARTESIAN_POINT('',(-17.67079573693,44.739245462081,
    3.599509999661));
#729 = CARTESIAN_POINT('',(-20.11772793556,41.371371575246,
    7.691150027432));
#730 = CARTESIAN_POINT('',(-22.14157269967,37.789716616628,
    11.875502452771));
#731 = CARTESIAN_POINT('',(-23.69866041072,34.049722748664,
    16.155925347564));
#732 = CARTESIAN_POINT('',(-24.75168634319,30.220435429761,
    20.535129710615));
#733 = CARTESIAN_POINT('',(-25.74213484998,22.981169688645,
    28.992197538944));
#734 = CARTESIAN_POINT('',(-24.8368195799,16.05927299586,37.802090822544
    ));
#735 = CARTESIAN_POINT('',(-23.98921738216,12.939694960605,
    42.02302983286));
#736 = CARTESIAN_POINT('',(-22.73044903239,10.028095674565,
    46.31886954859));
#737 = CARTESIAN_POINT('',(-21.08817891075,7.399733455836,
    50.685150388478));
#738 = CARTESIAN_POINT('',(-19.11178816765,5.125538242224,
    55.114498754514));
#739 = CARTESIAN_POINT('',(-16.86841831004,3.262072169908,
    59.596903179581));
#740 = DEFINITIONAL_REPRESENTATION('',(#741),#747);
#741 = B_SPLINE_CURVE_WITH_KNOTS('',4,(#742,#743,#744,#745,#746),
  .UNSPECIFIED.,.F.,.F.,(5,5),(0.,1.),.PIECEWISE_BEZIER_KNOTS.);
#742 = CARTESIAN_POINT('',(1.,7.61281139779E-03));
#743 = CARTESIAN_POINT('',(0.75,7.61281139779E-03));
#744 = CARTESIAN_POINT('',(0.5,7.61281139779E-03));
#745 = CARTESIAN_POINT('',(0.25,7.61281139779E-03));
#746 = CARTESIAN_POINT('',(0.,7.61281139779E-03));
#747 = ( GEOMETRIC_REPRESENTATION_CONTEXT(2) 
PARAMETRIC_REPRESENTATION_CONTEXT() REPRESENTATION_CONTEXT('2D SPACE',''
  ) );
#748 = ORIENTED_EDGE('',*,*,#749,.F.);
#749 = EDGE_CURVE('',#750,#694,#752,.T.);
#750 = VERTEX_POINT('',#751);
#751 = CARTESIAN_POINT('',(-15.00282871611,48.513205137985,0.));
#752 = SURFACE_CURVE('',#753,(#759,#768),.PCURVE_S1.);
#753 = B_SPLINE_CURVE_WITH_KNOTS('',4,(#754,#755,#756,#757,#758),
  .UNSPECIFIED.,.F.,.F.,(5,5),(0.,1.),.PIECEWISE_BEZIER_KNOTS.);
#754 = CARTESIAN_POINT('',(-15.00136856116,48.523874675135,0.));
#755 = CARTESIAN_POINT('',(-15.03515338372,48.277135093984,0.));
#756 = CARTESIAN_POINT('',(-15.06785766857,48.030249868024,0.));
#757 = CARTESIAN_POINT('',(-15.09947808408,47.783225795734,0.));
#758 = CARTESIAN_POINT('',(-15.13001139729,47.536069784536,0.));
#759 = PCURVE('',#34,#760);
#760 = DEFINITIONAL_REPRESENTATION('',(#761),#767);
#761 = B_SPLINE_CURVE_WITH_KNOTS('',4,(#762,#763,#764,#765,#766),
  .UNSPECIFIED.,.F.,.F.,(5,5),(0.,1.),.PIECEWISE_BEZIER_KNOTS.);
#762 = CARTESIAN_POINT('',(-12.10097460999,48.523874675135));
#763 = CARTESIAN_POINT('',(-12.13475943256,48.277135093984));
#764 = CARTESIAN_POINT('',(-12.1674637174,48.030249868024));
#765 = CARTESIAN_POINT('',(-12.19908413292,47.783225795734));
#766 = CARTESIAN_POINT('',(-12.22961744612,47.536069784536));
#767 = ( GEOMETRIC_REPRESENTATION_CONTEXT(2) 
PARAMETRIC_REPRESENTATION_CONTEXT() REPRESENTATION_CONTEXT('2D SPACE',''
  ) );
#768 = PCURVE('',#769,#796);
#769 = ( BOUNDED_SURFACE() B_SPLINE_SURFACE(1,7,(
    (#770,#771,#772,#773,#774,#775,#776,#777,#778,#779,#780,#781,#782)
    ,(#783,#784,#785,#786,#787,#788,#789,#790,#791,#792,#793,#794,#795
)),.UNSPECIFIED.,.F.,.F.,.F.) B_SPLINE_SURFACE_WITH_KNOTS((2,2),(8,5,8),
  (1.,2.),(0.,0.52965543135,1.),.UNSPECIFIED.) 
GEOMETRIC_REPRESENTATION_ITEM() RATIONAL_B_SPLINE_SURFACE((
    (1.,1.,1.,1.,1.,1.,1.,1.,1.,1.,1.,1.,1.)
,(1.,1.,1.,1.,1.,1.,1.,1.,1.,1.,1.,1.,1.
))) REPRESENTATION_ITEM('') SURFACE() );
#770 = CARTESIAN_POINT('',(-14.84760145095,47.850176946783,
    -0.403096820419));
#771 = CARTESIAN_POINT('',(-17.67079573693,44.739245462081,
    3.599509999661));
#772 = CARTESIAN_POINT('',(-20.11772793556,41.371371575246,
    7.691150027432));
#773 = CARTESIAN_POINT('',(-22.14157269967,37.789716616628,
    11.875502452771));
#774 = CARTESIAN_POINT('',(-23.69866041072,34.049722748664,
    16.155925347564));
#775 = CARTESIAN_POINT('',(-24.75168634319,30.220435429761,
    20.535129710615));
#776 = CARTESIAN_POINT('',(-25.74213484998,22.981169688645,
    28.992197538944));
#777 = CARTESIAN_POINT('',(-24.8368195799,16.05927299586,37.802090822544
    ));
#778 = CARTESIAN_POINT('',(-23.98921738216,12.939694960605,
    42.02302983286));
#779 = CARTESIAN_POINT('',(-22.73044903239,10.028095674565,
    46.31886954859));
#780 = CARTESIAN_POINT('',(-21.08817891075,7.399733455836,
    50.685150388478));
#781 = CARTESIAN_POINT('',(-19.11178816765,5.125538242224,
    55.114498754514));
#782 = CARTESIAN_POINT('',(-16.86841831004,3.262072169908,
    59.596903179581));
#783 = CARTESIAN_POINT('',(-17.88450187755,61.155707081729,
    7.558065382861));
#784 = CARTESIAN_POINT('',(-21.50897966755,57.270840823823,
    11.224539269075));
#785 = CARTESIAN_POINT('',(-24.66615799978,53.056963179477,
    14.972569487364));
#786 = CARTESIAN_POINT('',(-27.29687830718,48.567248288374,
    18.80552625476));
#787 = CARTESIAN_POINT('',(-29.34574164691,43.870225975574,
    22.726485637263));
#788 = CARTESIAN_POINT('',(-30.76508808299,39.051474406679,
    26.73793096809));
#789 = CARTESIAN_POINT('',(-32.19633817299,29.921483190348,
    34.484786889817));
#790 = CARTESIAN_POINT('',(-31.24977195977,21.148868370528,
    42.554838512827));
#791 = CARTESIAN_POINT('',(-30.2744497621,17.183911030279,
    46.421309378502));
#792 = CARTESIAN_POINT('',(-28.78108011897,13.469943457936,
    50.356390900401));
#793 = CARTESIAN_POINT('',(-26.80289621184,10.10122770177,
    54.355998006193));
#794 = CARTESIAN_POINT('',(-24.40023515448,7.166970553335,
    58.413376321633));
#795 = CARTESIAN_POINT('',(-21.65575935192,4.738771313311,62.51935512762
    ));
#796 = DEFINITIONAL_REPRESENTATION('',(#797),#803);
#797 = B_SPLINE_CURVE_WITH_KNOTS('',4,(#798,#799,#800,#801,#802),
  .UNSPECIFIED.,.F.,.F.,(5,5),(0.,1.),.PIECEWISE_BEZIER_KNOTS.);
#798 = CARTESIAN_POINT('',(1.050632911392,0.));
#799 = CARTESIAN_POINT('',(1.038042777776,1.902873250775E-03));
#800 = CARTESIAN_POINT('',(1.025407449964,3.805972615971E-03));
#801 = CARTESIAN_POINT('',(1.012726625928,5.709288579259E-03));
#802 = CARTESIAN_POINT('',(1.,7.61281139779E-03));
#803 = ( GEOMETRIC_REPRESENTATION_CONTEXT(2) 
PARAMETRIC_REPRESENTATION_CONTEXT() REPRESENTATION_CONTEXT('2D SPACE',''
  ) );
#804 = ORIENTED_EDGE('',*,*,#805,.T.);
#805 = EDGE_CURVE('',#750,#806,#808,.T.);
#806 = VERTEX_POINT('',#807);
#807 = CARTESIAN_POINT('',(-47.50765911471,22.587427800185,0.));
#808 = SURFACE_CURVE('',#809,(#814,#821),.PCURVE_S1.);
#809 = CIRCLE('',#810,50.);
#810 = AXIS2_PLACEMENT_3D('',#811,#812,#813);
#811 = CARTESIAN_POINT('',(-2.900393951166,3.552713678801E-15,0.));
#812 = DIRECTION('',(0.,0.,1.));
#813 = DIRECTION('',(1.,0.,0.));
#814 = PCURVE('',#34,#815);
#815 = DEFINITIONAL_REPRESENTATION('',(#816),#820);
#816 = CIRCLE('',#817,50.);
#817 = AXIS2_PLACEMENT_2D('',#818,#819);
#818 = CARTESIAN_POINT('',(0.,0.));
#819 = DIRECTION('',(1.,0.));
#820 = ( GEOMETRIC_REPRESENTATION_CONTEXT(2) 
PARAMETRIC_REPRESENTATION_CONTEXT() REPRESENTATION_CONTEXT('2D SPACE',''
  ) );
#821 = PCURVE('',#822,#827);
#822 = CONICAL_SURFACE('',#823,50.,0.528074448426);
#823 = AXIS2_PLACEMENT_3D('',#824,#825,#826);
#824 = CARTESIAN_POINT('',(-2.900393951166,3.552713678801E-15,0.));
#825 = DIRECTION('',(-0.,-0.,-1.));
#826 = DIRECTION('',(1.,0.,0.));
#827 = DEFINITIONAL_REPRESENTATION('',(#828),#832);
#828 = LINE('',#829,#830);
#829 = CARTESIAN_POINT('',(-0.,-0.));
#830 = VECTOR('',#831,1.);
#831 = DIRECTION('',(-1.,-0.));
#832 = ( GEOMETRIC_REPRESENTATION_CONTEXT(2) 
PARAMETRIC_REPRESENTATION_CONTEXT() REPRESENTATION_CONTEXT('2D SPACE',''
  ) );
#833 = ORIENTED_EDGE('',*,*,#834,.T.);
#834 = EDGE_CURVE('',#806,#835,#837,.T.);
#835 = VERTEX_POINT('',#836);
#836 = CARTESIAN_POINT('',(-46.83556280771,21.884752946034,
    1.120141634979E-15));
#837 = SURFACE_CURVE('',#838,(#844,#853),.PCURVE_S1.);
#838 = B_SPLINE_CURVE_WITH_KNOTS('',4,(#839,#840,#841,#842,#843),
  .UNSPECIFIED.,.F.,.F.,(5,5),(0.,1.),.PIECEWISE_BEZIER_KNOTS.);
#839 = CARTESIAN_POINT('',(-47.51495360716,22.59515582378,0.));
#840 = CARTESIAN_POINT('',(-47.34628019776,22.416432151754,0.));
#841 = CARTESIAN_POINT('',(-47.1768218013,22.238452528482,0.));
#842 = CARTESIAN_POINT('',(-47.00658157082,22.061223835032,0.));
#843 = CARTESIAN_POINT('',(-46.83556280771,21.884752946034,0.));
#844 = PCURVE('',#34,#845);
#845 = DEFINITIONAL_REPRESENTATION('',(#846),#852);
#846 = B_SPLINE_CURVE_WITH_KNOTS('',4,(#847,#848,#849,#850,#851),
  .UNSPECIFIED.,.F.,.F.,(5,5),(0.,1.),.PIECEWISE_BEZIER_KNOTS.);
#847 = CARTESIAN_POINT('',(-44.614559656,22.59515582378));
#848 = CARTESIAN_POINT('',(-44.44588624659,22.416432151754));
#849 = CARTESIAN_POINT('',(-44.27642785013,22.238452528482));
#850 = CARTESIAN_POINT('',(-44.10618761965,22.061223835032));
#851 = CARTESIAN_POINT('',(-43.93516885654,21.884752946034));
#852 = ( GEOMETRIC_REPRESENTATION_CONTEXT(2) 
PARAMETRIC_REPRESENTATION_CONTEXT() REPRESENTATION_CONTEXT('2D SPACE',''
  ) );
#853 = PCURVE('',#854,#881);
#854 = ( BOUNDED_SURFACE() B_SPLINE_SURFACE(1,7,(
    (#855,#856,#857,#858,#859,#860,#861,#862,#863,#864,#865,#866,#867)
    ,(#868,#869,#870,#871,#872,#873,#874,#875,#876,#877,#878,#879,#880
)),.UNSPECIFIED.,.F.,.F.,.F.) B_SPLINE_SURFACE_WITH_KNOTS((2,2),(8,5,8),
  (3.,4.),(0.,0.52965543135,1.),.UNSPECIFIED.) 
GEOMETRIC_REPRESENTATION_ITEM() RATIONAL_B_SPLINE_SURFACE((
    (1.,1.,1.,1.,1.,1.,1.,1.,1.,1.,1.,1.,1.)
,(1.,1.,1.,1.,1.,1.,1.,1.,1.,1.,1.,1.,1.
))) REPRESENTATION_ITEM('') SURFACE() );
#855 = CARTESIAN_POINT('',(-59.18852208407,28.21685011317,7.558065382861
    ));
#856 = CARTESIAN_POINT('',(-58.53691727819,23.021565849052,
    11.224539269075));
#857 = CARTESIAN_POINT('',(-57.3444651643,17.977584736366,
    14.972569487364));
#858 = CARTESIAN_POINT('',(-55.61536298189,13.163063078147,
    18.80552625476));
#859 = CARTESIAN_POINT('',(-53.36792512692,8.662729732594,
    22.726485637263));
#860 = CARTESIAN_POINT('',(-50.63833380411,4.565867209044,26.73793096809
    ));
#861 = CARTESIAN_POINT('',(-44.68907258836,-2.239575192819,
    34.484786889817));
#862 = CARTESIAN_POINT('',(-37.54499196071,-7.017023930253,
    42.554838512827));
#863 = CARTESIAN_POINT('',(-33.98090847084,-8.761751426254,
    46.421309378502));
#864 = CARTESIAN_POINT('',(-30.28915029035,-9.958168447279,
    50.356390900401));
#865 = CARTESIAN_POINT('',(-26.56238840044,-10.57380104878,
    54.355998006193));
#866 = CARTESIAN_POINT('',(-22.90605116387,-10.60010203625,
    58.413376321633));
#867 = CARTESIAN_POINT('',(-19.42573372576,-10.05648199968,
    62.51935512762));
#868 = CARTESIAN_POINT('',(-46.8923632884,22.295332128346,
    -0.403096820419));
#869 = CARTESIAN_POINT('',(-46.34625296043,18.209056972445,
    3.599509999661));
#870 = CARTESIAN_POINT('',(-45.37240199735,14.247843362461,
    7.691150027432));
#871 = CARTESIAN_POINT('',(-43.97486894586,10.473962217291,
    11.875502452771));
#872 = CARTESIAN_POINT('',(-42.16904896943,6.95481201601,16.155925347564
    ));
#873 = CARTESIAN_POINT('',(-39.9846548498,3.761271264024,20.535129710615
    ));
#874 = CARTESIAN_POINT('',(-35.23878704352,-1.520690530659,
    28.992197538944));
#875 = CARTESIAN_POINT('',(-29.56737565511,-5.176486675799,
    37.802090822544));
#876 = CARTESIAN_POINT('',(-26.74386843797,-6.493984313318,
    42.02302983286));
#877 = CARTESIAN_POINT('',(-23.82569855816,-7.373551567474,
    46.31886954859));
#878 = CARTESIAN_POINT('',(-20.88720719153,-7.790209261503,
    50.685150388478));
#879 = CARTESIAN_POINT('',(-18.01270234976,-7.738239915749,
    55.114498754514));
#880 = CARTESIAN_POINT('',(-15.28634552768,-7.234294912152,
    59.596903179581));
#881 = DEFINITIONAL_REPRESENTATION('',(#882),#888);
#882 = B_SPLINE_CURVE_WITH_KNOTS('',4,(#883,#884,#885,#886,#887),
  .UNSPECIFIED.,.F.,.F.,(5,5),(0.,1.),.PIECEWISE_BEZIER_KNOTS.);
#883 = CARTESIAN_POINT('',(3.949367088608,0.));
#884 = CARTESIAN_POINT('',(3.961956838944,1.902815321906E-03));
#885 = CARTESIAN_POINT('',(3.974592036876,3.80589545899E-03));
#886 = CARTESIAN_POINT('',(3.987272987609,5.709230775994E-03));
#887 = CARTESIAN_POINT('',(4.,7.61281139779E-03));
#888 = ( GEOMETRIC_REPRESENTATION_CONTEXT(2) 
PARAMETRIC_REPRESENTATION_CONTEXT() REPRESENTATION_CONTEXT('2D SPACE',''
  ) );
#889 = ORIENTED_EDGE('',*,*,#890,.F.);
#890 = EDGE_CURVE('',#891,#835,#893,.T.);
#891 = VERTEX_POINT('',#892);
#892 = CARTESIAN_POINT('',(-47.6906316198,20.076754793181,
    1.120141634979E-15));
#893 = SURFACE_CURVE('',#894,(#900,#909),.PCURVE_S1.);
#894 = B_SPLINE_CURVE_WITH_KNOTS('',4,(#895,#896,#897,#898,#899),
  .UNSPECIFIED.,.F.,.F.,(5,5),(0.,1.),.PIECEWISE_BEZIER_KNOTS.);
#895 = CARTESIAN_POINT('',(-47.6906316198,20.076754793181,0.));
#896 = CARTESIAN_POINT('',(-47.47686441678,20.528754331394,0.));
#897 = CARTESIAN_POINT('',(-47.26309721375,20.980753869607,0.));
#898 = CARTESIAN_POINT('',(-47.04933001073,21.43275340782,0.));
#899 = CARTESIAN_POINT('',(-46.83556280771,21.884752946034,0.));
#900 = PCURVE('',#34,#901);
#901 = DEFINITIONAL_REPRESENTATION('',(#902),#908);
#902 = B_SPLINE_CURVE_WITH_KNOTS('',4,(#903,#904,#905,#906,#907),
  .UNSPECIFIED.,.F.,.F.,(5,5),(0.,1.),.PIECEWISE_BEZIER_KNOTS.);
#903 = CARTESIAN_POINT('',(-44.79023766864,20.076754793181));
#904 = CARTESIAN_POINT('',(-44.57647046561,20.528754331394));
#905 = CARTESIAN_POINT('',(-44.36270326259,20.980753869607));
#906 = CARTESIAN_POINT('',(-44.14893605957,21.43275340782));
#907 = CARTESIAN_POINT('',(-43.93516885654,21.884752946034));
#908 = ( GEOMETRIC_REPRESENTATION_CONTEXT(2) 
PARAMETRIC_REPRESENTATION_CONTEXT() REPRESENTATION_CONTEXT('2D SPACE',''
  ) );
#909 = PCURVE('',#910,#937);
#910 = ( BOUNDED_SURFACE() B_SPLINE_SURFACE(1,7,(
    (#911,#912,#913,#914,#915,#916,#917,#918,#919,#920,#921,#922,#923)
    ,(#924,#925,#926,#927,#928,#929,#930,#931,#932,#933,#934,#935,#936
)),.UNSPECIFIED.,.F.,.F.,.F.) B_SPLINE_SURFACE_WITH_KNOTS((2,2),(8,5,8),
  (0.,1.),(0.,0.52965543135,1.),.UNSPECIFIED.) 
GEOMETRIC_REPRESENTATION_ITEM() RATIONAL_B_SPLINE_SURFACE((
    (1.,1.,1.,1.,1.,1.,1.,1.,1.,1.,1.,1.,1.)
,(1.,1.,1.,1.,1.,1.,1.,1.,1.,1.,1.,1.,1.
))) REPRESENTATION_ITEM('') SURFACE() );
#911 = CARTESIAN_POINT('',(-46.8923632884,22.295332128346,
    -0.403096820419));
#912 = CARTESIAN_POINT('',(-46.34625296043,18.209056972445,
    3.599509999661));
#913 = CARTESIAN_POINT('',(-45.37240199735,14.247843362461,
    7.691150027432));
#914 = CARTESIAN_POINT('',(-43.97486894586,10.473962217291,
    11.875502452771));
#915 = CARTESIAN_POINT('',(-42.16904896943,6.95481201601,16.155925347564
    ));
#916 = CARTESIAN_POINT('',(-39.9846548498,3.761271264024,20.535129710615
    ));
#917 = CARTESIAN_POINT('',(-35.23878704352,-1.520690530659,
    28.992197538944));
#918 = CARTESIAN_POINT('',(-29.56737565511,-5.176486675799,
    37.802090822544));
#919 = CARTESIAN_POINT('',(-26.74386843797,-6.493984313318,
    42.02302983286));
#920 = CARTESIAN_POINT('',(-23.82569855816,-7.373551567474,
    46.31886954859));
#921 = CARTESIAN_POINT('',(-20.88720719153,-7.790209261503,
    50.685150388478));
#922 = CARTESIAN_POINT('',(-18.01270234976,-7.738239915749,
    55.114498754514));
#923 = CARTESIAN_POINT('',(-15.28634552768,-7.234294912152,
    59.596903179581));
#924 = CARTESIAN_POINT('',(-47.76013076663,20.493394392541,
    -0.403096820419));
#925 = CARTESIAN_POINT('',(-47.08813943806,16.346498163646,
    3.599509999661));
#926 = CARTESIAN_POINT('',(-45.98066687604,12.333574512908,
    7.691150027432));
#927 = CARTESIAN_POINT('',(-44.44226284102,8.518143620222,
    11.875502452771));
#928 = CARTESIAN_POINT('',(-42.48904619925,4.968915391067,
    16.155925347564));
#929 = CARTESIAN_POINT('',(-40.1517397479,1.758104973485,20.535129710615
    ));
#930 = CARTESIAN_POINT('',(-35.1093884248,-3.529867213421,
    28.992197538944));
#931 = CARTESIAN_POINT('',(-29.13317683363,-7.137795231185,
    37.802090822544));
#932 = CARTESIAN_POINT('',(-26.16572118732,-8.420138239462,
    42.02302983286));
#933 = CARTESIAN_POINT('',(-23.10451197218,-9.251345976425,
    46.31886954859));
#934 = CARTESIAN_POINT('',(-20.02563696951,-9.606124531575,
    50.685150388478));
#935 = CARTESIAN_POINT('',(-17.01534008142,-9.478857550088,
    55.114498754514));
#936 = CARTESIAN_POINT('',(-14.15970541155,-8.886772460784,
    59.596903179581));
#937 = DEFINITIONAL_REPRESENTATION('',(#938),#944);
#938 = B_SPLINE_CURVE_WITH_KNOTS('',4,(#939,#940,#941,#942,#943),
  .UNSPECIFIED.,.F.,.F.,(5,5),(0.,1.),.PIECEWISE_BEZIER_KNOTS.);
#939 = CARTESIAN_POINT('',(1.,7.61281139779E-03));
#940 = CARTESIAN_POINT('',(0.75,7.61281139779E-03));
#941 = CARTESIAN_POINT('',(0.5,7.61281139779E-03));
#942 = CARTESIAN_POINT('',(0.25,7.61281139779E-03));
#943 = CARTESIAN_POINT('',(0.,7.61281139779E-03));
#944 = ( GEOMETRIC_REPRESENTATION_CONTEXT(2) 
PARAMETRIC_REPRESENTATION_CONTEXT() REPRESENTATION_CONTEXT('2D SPACE',''
  ) );
#945 = ORIENTED_EDGE('',*,*,#946,.F.);
#946 = EDGE_CURVE('',#947,#891,#949,.T.);
#947 = VERTEX_POINT('',#948);
#948 = CARTESIAN_POINT('',(-48.37528969707,20.785424145263,0.));
#949 = SURFACE_CURVE('',#950,(#956,#965),.PCURVE_S1.);
#950 = B_SPLINE_CURVE_WITH_KNOTS('',4,(#951,#952,#953,#954,#955),
  .UNSPECIFIED.,.F.,.F.,(5,5),(0.,1.),.PIECEWISE_BEZIER_KNOTS.);
#951 = CARTESIAN_POINT('',(-48.3827210854,20.793218087975,0.));
#952 = CARTESIAN_POINT('',(-48.21087680521,20.612964437502,0.));
#953 = CARTESIAN_POINT('',(-48.03824495108,20.433464777383,0.));
#954 = CARTESIAN_POINT('',(-47.86482876104,20.254725951158,0.));
#955 = CARTESIAN_POINT('',(-47.6906316198,20.076754793181,0.));
#956 = PCURVE('',#34,#957);
#957 = DEFINITIONAL_REPRESENTATION('',(#958),#964);
#958 = B_SPLINE_CURVE_WITH_KNOTS('',4,(#959,#960,#961,#962,#963),
  .UNSPECIFIED.,.F.,.F.,(5,5),(0.,1.),.PIECEWISE_BEZIER_KNOTS.);
#959 = CARTESIAN_POINT('',(-45.48232713423,20.793218087975));
#960 = CARTESIAN_POINT('',(-45.31048285405,20.612964437502));
#961 = CARTESIAN_POINT('',(-45.13785099991,20.433464777383));
#962 = CARTESIAN_POINT('',(-44.96443480987,20.254725951158));
#963 = CARTESIAN_POINT('',(-44.79023766864,20.076754793181));
#964 = ( GEOMETRIC_REPRESENTATION_CONTEXT(2) 
PARAMETRIC_REPRESENTATION_CONTEXT() REPRESENTATION_CONTEXT('2D SPACE',''
  ) );
#965 = PCURVE('',#966,#993);
#966 = ( BOUNDED_SURFACE() B_SPLINE_SURFACE(1,7,(
    (#967,#968,#969,#970,#971,#972,#973,#974,#975,#976,#977,#978,#979)
    ,(#980,#981,#982,#983,#984,#985,#986,#987,#988,#989,#990,#991,#992
)),.UNSPECIFIED.,.F.,.F.,.F.) B_SPLINE_SURFACE_WITH_KNOTS((2,2),(8,5,8),
  (1.,2.),(0.,0.52965543135,1.),.UNSPECIFIED.) 
GEOMETRIC_REPRESENTATION_ITEM() RATIONAL_B_SPLINE_SURFACE((
    (1.,1.,1.,1.,1.,1.,1.,1.,1.,1.,1.,1.,1.)
,(1.,1.,1.,1.,1.,1.,1.,1.,1.,1.,1.,1.,1.
))) REPRESENTATION_ITEM('') SURFACE() );
#967 = CARTESIAN_POINT('',(-47.76013076663,20.493394392541,
    -0.403096820419));
#968 = CARTESIAN_POINT('',(-47.08813943806,16.346498163646,
    3.599509999661));
#969 = CARTESIAN_POINT('',(-45.98066687604,12.333574512908,
    7.691150027432));
#970 = CARTESIAN_POINT('',(-44.44226284102,8.518143620222,
    11.875502452771));
#971 = CARTESIAN_POINT('',(-42.48904619925,4.968915391067,
    16.155925347564));
#972 = CARTESIAN_POINT('',(-40.1517397479,1.758104973485,20.535129710615
    ));
#973 = CARTESIAN_POINT('',(-35.1093884248,-3.529867213421,
    28.992197538944));
#974 = CARTESIAN_POINT('',(-29.13317683363,-7.137795231185,
    37.802090822544));
#975 = CARTESIAN_POINT('',(-26.16572118732,-8.420138239462,
    42.02302983286));
#976 = CARTESIAN_POINT('',(-23.10451197218,-9.251345976425,
    46.31886954859));
#977 = CARTESIAN_POINT('',(-20.02563696951,-9.606124531575,
    50.685150388478));
#978 = CARTESIAN_POINT('',(-17.01534008142,-9.478857550088,
    55.114498754514));
#979 = CARTESIAN_POINT('',(-14.15970541155,-8.886772460784,
    59.596903179581));
#980 = CARTESIAN_POINT('',(-60.05628956231,26.414912377366,
    7.558065382861));
#981 = CARTESIAN_POINT('',(-59.27880375582,21.159007040251,
    11.224539269075));
#982 = CARTESIAN_POINT('',(-57.952730043,16.063315886818,14.972569487364
    ));
#983 = CARTESIAN_POINT('',(-56.08275687703,11.207244481071,
    18.80552625476));
#984 = CARTESIAN_POINT('',(-53.68792235676,6.676833107656,
    22.726485637263));
#985 = CARTESIAN_POINT('',(-50.80541870221,2.562700918504,26.73793096809
    ));
#986 = CARTESIAN_POINT('',(-44.55967396964,-4.24875187558,
    34.484786889817));
#987 = CARTESIAN_POINT('',(-37.11079313922,-8.978332485639,
    42.554838512827));
#988 = CARTESIAN_POINT('',(-33.40276122019,-10.68790535239,
    46.421309378502));
#989 = CARTESIAN_POINT('',(-29.56796370437,-11.83596285622,
    50.356390900401));
#990 = CARTESIAN_POINT('',(-25.70081817842,-12.38971631885,
    54.355998006193));
#991 = CARTESIAN_POINT('',(-21.90868889553,-12.34071967058,
    58.413376321633));
#992 = CARTESIAN_POINT('',(-18.29909360963,-11.70895954831,
    62.51935512762));
#993 = DEFINITIONAL_REPRESENTATION('',(#994),#1000);
#994 = B_SPLINE_CURVE_WITH_KNOTS('',4,(#995,#996,#997,#998,#999),
  .UNSPECIFIED.,.F.,.F.,(5,5),(0.,1.),.PIECEWISE_BEZIER_KNOTS.);
#995 = CARTESIAN_POINT('',(1.050632911392,0.));
#996 = CARTESIAN_POINT('',(1.038042777776,1.902873250775E-03));
#997 = CARTESIAN_POINT('',(1.025407449964,3.805972615971E-03));
#998 = CARTESIAN_POINT('',(1.012726625928,5.709288579259E-03));
#999 = CARTESIAN_POINT('',(1.,7.61281139779E-03));
#1000 = ( GEOMETRIC_REPRESENTATION_CONTEXT(2) 
PARAMETRIC_REPRESENTATION_CONTEXT() REPRESENTATION_CONTEXT('2D SPACE',''
  ) );
#1001 = ORIENTED_EDGE('',*,*,#1002,.T.);
#1002 = EDGE_CURVE('',#947,#1003,#1005,.T.);
#1003 = VERTEX_POINT('',#1004);
#1004 = CARTESIAN_POINT('',(-48.3721310316,-20.79233336802,0.));
#1005 = SURFACE_CURVE('',#1006,(#1011,#1018),.PCURVE_S1.);
#1006 = CIRCLE('',#1007,50.);
#1007 = AXIS2_PLACEMENT_3D('',#1008,#1009,#1010);
#1008 = CARTESIAN_POINT('',(-2.900393951166,3.552713678801E-15,0.));
#1009 = DIRECTION('',(0.,0.,1.));
#1010 = DIRECTION('',(1.,0.,0.));
#1011 = PCURVE('',#34,#1012);
#1012 = DEFINITIONAL_REPRESENTATION('',(#1013),#1017);
#1013 = CIRCLE('',#1014,50.);
#1014 = AXIS2_PLACEMENT_2D('',#1015,#1016);
#1015 = CARTESIAN_POINT('',(0.,0.));
#1016 = DIRECTION('',(1.,0.));
#1017 = ( GEOMETRIC_REPRESENTATION_CONTEXT(2) 
PARAMETRIC_REPRESENTATION_CONTEXT() REPRESENTATION_CONTEXT('2D SPACE',''
  ) );
#1018 = PCURVE('',#1019,#1024);
#1019 = CONICAL_SURFACE('',#1020,50.,0.528074448426);
#1020 = AXIS2_PLACEMENT_3D('',#1021,#1022,#1023);
#1021 = CARTESIAN_POINT('',(-2.900393951166,3.552713678801E-15,0.));
#1022 = DIRECTION('',(-0.,-0.,-1.));
#1023 = DIRECTION('',(1.,0.,0.));
#1024 = DEFINITIONAL_REPRESENTATION('',(#1025),#1029);
#1025 = LINE('',#1026,#1027);
#1026 = CARTESIAN_POINT('',(-0.,-0.));
#1027 = VECTOR('',#1028,1.);
#1028 = DIRECTION('',(-1.,-0.));
#1029 = ( GEOMETRIC_REPRESENTATION_CONTEXT(2) 
PARAMETRIC_REPRESENTATION_CONTEXT() REPRESENTATION_CONTEXT('2D SPACE',''
  ) );
#1030 = ORIENTED_EDGE('',*,*,#1031,.T.);
#1031 = EDGE_CURVE('',#1003,#1032,#1034,.T.);
#1032 = VERTEX_POINT('',#1033);
#1033 = CARTESIAN_POINT('',(-47.4037125154,-20.70497792154,
    1.120141634979E-15));
#1034 = SURFACE_CURVE('',#1035,(#1041,#1050),.PCURVE_S1.);
#1035 = B_SPLINE_CURVE_WITH_KNOTS('',4,(#1036,#1037,#1038,#1039,#1040),
  .UNSPECIFIED.,.F.,.F.,(5,5),(0.,1.),.PIECEWISE_BEZIER_KNOTS.);
#1036 = CARTESIAN_POINT('',(-48.3827210854,-20.79321808797,0.));
#1037 = CARTESIAN_POINT('',(-48.13782314134,-20.7727762931,0.));
#1038 = CARTESIAN_POINT('',(-47.89301748659,-20.75125686383,0.));
#1039 = CARTESIAN_POINT('',(-47.64831146689,-20.72865797502,0.));
#1040 = CARTESIAN_POINT('',(-47.4037125154,-20.70497792154,0.));
#1041 = PCURVE('',#34,#1042);
#1042 = DEFINITIONAL_REPRESENTATION('',(#1043),#1049);
#1043 = B_SPLINE_CURVE_WITH_KNOTS('',4,(#1044,#1045,#1046,#1047,#1048),
  .UNSPECIFIED.,.F.,.F.,(5,5),(0.,1.),.PIECEWISE_BEZIER_KNOTS.);
#1044 = CARTESIAN_POINT('',(-45.48232713423,-20.79321808797));
#1045 = CARTESIAN_POINT('',(-45.23742919017,-20.7727762931));
#1046 = CARTESIAN_POINT('',(-44.99262353543,-20.75125686383));
#1047 = CARTESIAN_POINT('',(-44.74791751572,-20.72865797502));
#1048 = CARTESIAN_POINT('',(-44.50331856424,-20.70497792154));
#1049 = ( GEOMETRIC_REPRESENTATION_CONTEXT(2) 
PARAMETRIC_REPRESENTATION_CONTEXT() REPRESENTATION_CONTEXT('2D SPACE',''
  ) );
#1050 = PCURVE('',#1051,#1078);
#1051 = ( BOUNDED_SURFACE() B_SPLINE_SURFACE(1,7,(
    (#1052,#1053,#1054,#1055,#1056,#1057,#1058,#1059,#1060,#1061,#1062
      ,#1063,#1064)
    ,(#1065,#1066,#1067,#1068,#1069,#1070,#1071,#1072,#1073,#1074,#1075
      ,#1076,#1077
)),.UNSPECIFIED.,.F.,.F.,.F.) B_SPLINE_SURFACE_WITH_KNOTS((2,2),(8,5,8),
  (3.,4.),(0.,0.52965543135,1.),.UNSPECIFIED.) 
GEOMETRIC_REPRESENTATION_ITEM() RATIONAL_B_SPLINE_SURFACE((
    (1.,1.,1.,1.,1.,1.,1.,1.,1.,1.,1.,1.,1.)
,(1.,1.,1.,1.,1.,1.,1.,1.,1.,1.,1.,1.,1.
))) REPRESENTATION_ITEM('') SURFACE() );
#1052 = CARTESIAN_POINT('',(-60.05628956231,-26.41491237736,
    7.558065382861));
#1053 = CARTESIAN_POINT('',(-55.58818381294,-29.14467398243,
    11.224539269075));
#1054 = CARTESIAN_POINT('',(-50.90115884985,-31.35724816298,
    14.972569487364));
#1055 = CARTESIAN_POINT('',(-46.05893666733,-33.0071867951,
    18.80552625476));
#1056 = CARTESIAN_POINT('',(-41.13917979329,-34.05598107111,
    22.726485637263));
#1057 = CARTESIAN_POINT('',(-36.23425134002,-34.47625264371,
    26.73793096809));
#1058 = CARTESIAN_POINT('',(-27.20423852151,-34.06805686251,
    34.484786889817));
#1059 = CARTESIAN_POINT('',(-19.0148172777,-31.46128028122,
    42.554838512827));
#1060 = CARTESIAN_POINT('',(-15.4285646841,-29.76258740347,
    46.421309378502));
#1061 = CARTESIAN_POINT('',(-12.19139461444,-27.62220844369,
    50.356390900401));
#1062 = CARTESIAN_POINT('',(-9.386475632637,-25.09234931923,
    54.355998006193));
#1063 = CARTESIAN_POINT('',(-7.086223713456,-22.25010815462,
    58.413376321633));
#1064 = CARTESIAN_POINT('',(-5.341300542654,-19.19014486363,
    62.51935512762));
#1065 = CARTESIAN_POINT('',(-47.76013076663,-20.49339439254,
    -0.403096820419));
#1066 = CARTESIAN_POINT('',(-44.22485798354,-22.61417903252,
    3.599509999661));
#1067 = CARTESIAN_POINT('',(-40.52067033047,-24.32256797917,
    7.691150027432));
#1068 = CARTESIAN_POINT('',(-36.69878363471,-25.58290904916,
    11.875502452771));
#1069 = CARTESIAN_POINT('',(-32.82149087652,-26.36521640162,
    16.155925347564));
#1070 = CARTESIAN_POINT('',(-28.96273271925,-26.64852839947,
    20.535129710615));
#1071 = CARTESIAN_POINT('',(-21.87412852078,-26.23130884968,
    28.992197538944));
#1072 = CARTESIAN_POINT('',(-15.47984483821,-24.07657249036,
    37.802090822544));
#1073 = CARTESIAN_POINT('',(-12.68935575176,-22.69051199799,
    42.02302983286));
#1074 = CARTESIAN_POINT('',(-10.18223322136,-20.95739612778,
    46.31886954859));
#1075 = CARTESIAN_POINT('',(-8.024357718813,-18.91977288948,
    50.685150388478));
#1076 = CARTESIAN_POINT('',(-6.272764535211,-16.63999215059,
    55.114498754514));
#1077 = CARTESIAN_POINT('',(-4.966908929661,-14.19423598421,
    59.596903179581));
#1078 = DEFINITIONAL_REPRESENTATION('',(#1079),#1085);
#1079 = B_SPLINE_CURVE_WITH_KNOTS('',4,(#1080,#1081,#1082,#1083,#1084),
  .UNSPECIFIED.,.F.,.F.,(5,5),(0.,1.),.PIECEWISE_BEZIER_KNOTS.);
#1080 = CARTESIAN_POINT('',(3.949367088608,0.));
#1081 = CARTESIAN_POINT('',(3.961956838944,1.902815321906E-03));
#1082 = CARTESIAN_POINT('',(3.974592036876,3.80589545899E-03));
#1083 = CARTESIAN_POINT('',(3.987272987609,5.709230775994E-03));
#1084 = CARTESIAN_POINT('',(4.,7.61281139779E-03));
#1085 = ( GEOMETRIC_REPRESENTATION_CONTEXT(2) 
PARAMETRIC_REPRESENTATION_CONTEXT() REPRESENTATION_CONTEXT('2D SPACE',''
  ) );
#1086 = ORIENTED_EDGE('',*,*,#1087,.F.);
#1087 = EDGE_CURVE('',#1088,#1032,#1090,.T.);
#1088 = VERTEX_POINT('',#1089);
#1089 = CARTESIAN_POINT('',(-46.52328932349,-22.5007660486,
    1.120141634979E-15));
#1090 = SURFACE_CURVE('',#1091,(#1097,#1106),.PCURVE_S1.);
#1091 = B_SPLINE_CURVE_WITH_KNOTS('',4,(#1092,#1093,#1094,#1095,#1096),
  .UNSPECIFIED.,.F.,.F.,(5,5),(0.,1.),.PIECEWISE_BEZIER_KNOTS.);
#1092 = CARTESIAN_POINT('',(-46.52328932349,-22.5007660486,0.));
#1093 = CARTESIAN_POINT('',(-46.74339512147,-22.05181901683,0.));
#1094 = CARTESIAN_POINT('',(-46.96350091945,-21.60287198507,0.));
#1095 = CARTESIAN_POINT('',(-47.18360671742,-21.15392495331,0.));
#1096 = CARTESIAN_POINT('',(-47.4037125154,-20.70497792154,0.));
#1097 = PCURVE('',#34,#1098);
#1098 = DEFINITIONAL_REPRESENTATION('',(#1099),#1105);
#1099 = B_SPLINE_CURVE_WITH_KNOTS('',4,(#1100,#1101,#1102,#1103,#1104),
  .UNSPECIFIED.,.F.,.F.,(5,5),(0.,1.),.PIECEWISE_BEZIER_KNOTS.);
#1100 = CARTESIAN_POINT('',(-43.62289537232,-22.5007660486));
#1101 = CARTESIAN_POINT('',(-43.8430011703,-22.05181901683));
#1102 = CARTESIAN_POINT('',(-44.06310696828,-21.60287198507));
#1103 = CARTESIAN_POINT('',(-44.28321276626,-21.15392495331));
#1104 = CARTESIAN_POINT('',(-44.50331856424,-20.70497792154));
#1105 = ( GEOMETRIC_REPRESENTATION_CONTEXT(2) 
PARAMETRIC_REPRESENTATION_CONTEXT() REPRESENTATION_CONTEXT('2D SPACE',''
  ) );
#1106 = PCURVE('',#1107,#1134);
#1107 = ( BOUNDED_SURFACE() B_SPLINE_SURFACE(1,7,(
    (#1108,#1109,#1110,#1111,#1112,#1113,#1114,#1115,#1116,#1117,#1118
      ,#1119,#1120)
    ,(#1121,#1122,#1123,#1124,#1125,#1126,#1127,#1128,#1129,#1130,#1131
      ,#1132,#1133
)),.UNSPECIFIED.,.F.,.F.,.F.) B_SPLINE_SURFACE_WITH_KNOTS((2,2),(8,5,8),
  (0.,1.),(0.,0.52965543135,1.),.UNSPECIFIED.) 
GEOMETRIC_REPRESENTATION_ITEM() RATIONAL_B_SPLINE_SURFACE((
    (1.,1.,1.,1.,1.,1.,1.,1.,1.,1.,1.,1.,1.)
,(1.,1.,1.,1.,1.,1.,1.,1.,1.,1.,1.,1.,1.
))) REPRESENTATION_ITEM('') SURFACE() );
#1108 = CARTESIAN_POINT('',(-47.76013076663,-20.49339439254,
    -0.403096820419));
#1109 = CARTESIAN_POINT('',(-44.22485798354,-22.61417903252,
    3.599509999661));
#1110 = CARTESIAN_POINT('',(-40.52067033047,-24.32256797917,
    7.691150027432));
#1111 = CARTESIAN_POINT('',(-36.69878363471,-25.58290904916,
    11.875502452771));
#1112 = CARTESIAN_POINT('',(-32.82149087652,-26.36521640162,
    16.155925347564));
#1113 = CARTESIAN_POINT('',(-28.96273271925,-26.64852839947,
    20.535129710615));
#1114 = CARTESIAN_POINT('',(-21.87412852078,-26.23130884968,
    28.992197538944));
#1115 = CARTESIAN_POINT('',(-15.47984483821,-24.07657249036,
    37.802090822544));
#1116 = CARTESIAN_POINT('',(-12.68935575176,-22.69051199799,
    42.02302983286));
#1117 = CARTESIAN_POINT('',(-10.18223322136,-20.95739612778,
    46.31886954859));
#1118 = CARTESIAN_POINT('',(-8.024357718813,-18.91977288948,
    50.685150388478));
#1119 = CARTESIAN_POINT('',(-6.272764535211,-16.63999215059,
    55.114498754514));
#1120 = CARTESIAN_POINT('',(-4.966908929661,-14.19423598421,
    59.596903179581));
#1121 = CARTESIAN_POINT('',(-46.8923632884,-22.29533212834,
    -0.403096820419));
#1122 = CARTESIAN_POINT('',(-43.23120952182,-24.35549565981,
    3.599509999661));
#1123 = CARTESIAN_POINT('',(-39.40328162667,-25.99165571672,
    7.691150027432));
#1124 = CARTESIAN_POINT('',(-35.46107840861,-27.16776526067,
    11.875502452771));
#1125 = CARTESIAN_POINT('',(-31.46836938363,-27.8535866034,
    16.155925347564));
#1126 = CARTESIAN_POINT('',(-27.5007699787,-28.02811438663,
    20.535129710615));
#1127 = CARTESIAN_POINT('',(-20.22261221721,-27.38284210761,
    28.992197538944));
#1128 = CARTESIAN_POINT('',(-13.6757135256,-24.95995806465,
    37.802090822544));
#1129 = CARTESIAN_POINT('',(-10.82295905747,-23.43943560569,
    42.02302983286));
#1130 = CARTESIAN_POINT('',(-8.264461953249,-21.5643354141,
    46.31886954859));
#1131 = CARTESIAN_POINT('',(-6.067437744163,-19.37837481748,
    50.685150388478));
#1132 = CARTESIAN_POINT('',(-4.290049666678,-16.94548027372,
    55.114498754514));
#1133 = CARTESIAN_POINT('',(-2.972501335299,-14.34369617138,
    59.596903179581));
#1134 = DEFINITIONAL_REPRESENTATION('',(#1135),#1141);
#1135 = B_SPLINE_CURVE_WITH_KNOTS('',4,(#1136,#1137,#1138,#1139,#1140),
  .UNSPECIFIED.,.F.,.F.,(5,5),(0.,1.),.PIECEWISE_BEZIER_KNOTS.);
#1136 = CARTESIAN_POINT('',(1.,7.61281139779E-03));
#1137 = CARTESIAN_POINT('',(0.75,7.61281139779E-03));
#1138 = CARTESIAN_POINT('',(0.5,7.61281139779E-03));
#1139 = CARTESIAN_POINT('',(0.25,7.61281139779E-03));
#1140 = CARTESIAN_POINT('',(0.,7.61281139779E-03));
#1141 = ( GEOMETRIC_REPRESENTATION_CONTEXT(2) 
PARAMETRIC_REPRESENTATION_CONTEXT() REPRESENTATION_CONTEXT('2D SPACE',''
  ) );
#1142 = ORIENTED_EDGE('',*,*,#1143,.F.);
#1143 = EDGE_CURVE('',#1144,#1088,#1146,.T.);
#1144 = VERTEX_POINT('',#1145);
#1145 = CARTESIAN_POINT('',(-47.50422666254,-22.59420517422,0.));
#1146 = SURFACE_CURVE('',#1147,(#1153,#1162),.PCURVE_S1.);
#1147 = B_SPLINE_CURVE_WITH_KNOTS('',4,(#1148,#1149,#1150,#1151,#1152),
  .UNSPECIFIED.,.F.,.F.,(5,5),(0.,1.),.PIECEWISE_BEZIER_KNOTS.);
#1148 = CARTESIAN_POINT('',(-47.51495360716,-22.59515582378,0.));
#1149 = CARTESIAN_POINT('',(-47.26688247219,-22.57318886826,0.));
#1150 = CARTESIAN_POINT('',(-47.01890978629,-22.55013605734,0.));
#1151 = CARTESIAN_POINT('',(-46.77104291884,-22.52599565575,0.));
#1152 = CARTESIAN_POINT('',(-46.52328932349,-22.5007660486,0.));
#1153 = PCURVE('',#34,#1154);
#1154 = DEFINITIONAL_REPRESENTATION('',(#1155),#1161);
#1155 = B_SPLINE_CURVE_WITH_KNOTS('',4,(#1156,#1157,#1158,#1159,#1160),
  .UNSPECIFIED.,.F.,.F.,(5,5),(0.,1.),.PIECEWISE_BEZIER_KNOTS.);
#1156 = CARTESIAN_POINT('',(-44.614559656,-22.59515582378));
#1157 = CARTESIAN_POINT('',(-44.36648852102,-22.57318886826));
#1158 = CARTESIAN_POINT('',(-44.11851583512,-22.55013605734));
#1159 = CARTESIAN_POINT('',(-43.87064896767,-22.52599565575));
#1160 = CARTESIAN_POINT('',(-43.62289537232,-22.5007660486));
#1161 = ( GEOMETRIC_REPRESENTATION_CONTEXT(2) 
PARAMETRIC_REPRESENTATION_CONTEXT() REPRESENTATION_CONTEXT('2D SPACE',''
  ) );
#1162 = PCURVE('',#1163,#1190);
#1163 = ( BOUNDED_SURFACE() B_SPLINE_SURFACE(1,7,(
    (#1164,#1165,#1166,#1167,#1168,#1169,#1170,#1171,#1172,#1173,#1174
      ,#1175,#1176)
    ,(#1177,#1178,#1179,#1180,#1181,#1182,#1183,#1184,#1185,#1186,#1187
      ,#1188,#1189
)),.UNSPECIFIED.,.F.,.F.,.F.) B_SPLINE_SURFACE_WITH_KNOTS((2,2),(8,5,8),
  (1.,2.),(0.,0.52965543135,1.),.UNSPECIFIED.) 
GEOMETRIC_REPRESENTATION_ITEM() RATIONAL_B_SPLINE_SURFACE((
    (1.,1.,1.,1.,1.,1.,1.,1.,1.,1.,1.,1.,1.)
,(1.,1.,1.,1.,1.,1.,1.,1.,1.,1.,1.,1.,1.
))) REPRESENTATION_ITEM('') SURFACE() );
#1164 = CARTESIAN_POINT('',(-46.8923632884,-22.29533212834,
    -0.403096820419));
#1165 = CARTESIAN_POINT('',(-43.23120952182,-24.35549565981,
    3.599509999661));
#1166 = CARTESIAN_POINT('',(-39.40328162667,-25.99165571672,
    7.691150027432));
#1167 = CARTESIAN_POINT('',(-35.46107840861,-27.16776526067,
    11.875502452771));
#1168 = CARTESIAN_POINT('',(-31.46836938363,-27.8535866034,
    16.155925347564));
#1169 = CARTESIAN_POINT('',(-27.5007699787,-28.02811438663,
    20.535129710615));
#1170 = CARTESIAN_POINT('',(-20.22261221721,-27.38284210761,
    28.992197538944));
#1171 = CARTESIAN_POINT('',(-13.6757135256,-24.95995806465,
    37.802090822544));
#1172 = CARTESIAN_POINT('',(-10.82295905747,-23.43943560569,
    42.02302983286));
#1173 = CARTESIAN_POINT('',(-8.264461953249,-21.5643354141,
    46.31886954859));
#1174 = CARTESIAN_POINT('',(-6.067437744163,-19.37837481748,
    50.685150388478));
#1175 = CARTESIAN_POINT('',(-4.290049666678,-16.94548027372,
    55.114498754514));
#1176 = CARTESIAN_POINT('',(-2.972501335299,-14.34369617138,
    59.596903179581));
#1177 = CARTESIAN_POINT('',(-59.18852208407,-28.21685011317,
    7.558065382861));
#1178 = CARTESIAN_POINT('',(-54.59453535121,-30.88599060971,
    11.224539269075));
#1179 = CARTESIAN_POINT('',(-49.78377014607,-33.02633590054,
    14.972569487364));
#1180 = CARTESIAN_POINT('',(-44.82123144121,-34.5920430066,
    18.80552625476));
#1181 = CARTESIAN_POINT('',(-39.78605830041,-35.5443512729,
    22.726485637263));
#1182 = CARTESIAN_POINT('',(-34.77228859946,-35.85583863087,
    26.73793096809));
#1183 = CARTESIAN_POINT('',(-25.55272221794,-35.21959012045,
    34.484786889817));
#1184 = CARTESIAN_POINT('',(-17.21068596509,-32.34466585551,
    42.554838512827));
#1185 = CARTESIAN_POINT('',(-13.56216798981,-30.51151101118,
    46.421309378502));
#1186 = CARTESIAN_POINT('',(-10.27362334632,-28.22914773001,
    50.356390900401));
#1187 = CARTESIAN_POINT('',(-7.429555657986,-25.55095124722,
    54.355998006193));
#1188 = CARTESIAN_POINT('',(-5.103508844923,-22.55559627775,
    58.413376321633));
#1189 = CARTESIAN_POINT('',(-3.346892948291,-19.3396050508,
    62.51935512762));
#1190 = DEFINITIONAL_REPRESENTATION('',(#1191),#1197);
#1191 = B_SPLINE_CURVE_WITH_KNOTS('',4,(#1192,#1193,#1194,#1195,#1196),
  .UNSPECIFIED.,.F.,.F.,(5,5),(0.,1.),.PIECEWISE_BEZIER_KNOTS.);
#1192 = CARTESIAN_POINT('',(1.050632911392,0.));
#1193 = CARTESIAN_POINT('',(1.038042777776,1.902873250775E-03));
#1194 = CARTESIAN_POINT('',(1.025407449964,3.805972615971E-03));
#1195 = CARTESIAN_POINT('',(1.012726625928,5.709288579259E-03));
#1196 = CARTESIAN_POINT('',(1.,7.61281139779E-03));
#1197 = ( GEOMETRIC_REPRESENTATION_CONTEXT(2) 
PARAMETRIC_REPRESENTATION_CONTEXT() REPRESENTATION_CONTEXT('2D SPACE',''
  ) );
#1198 = ORIENTED_EDGE('',*,*,#1199,.T.);
#1199 = EDGE_CURVE('',#1144,#1200,#1202,.T.);
#1200 = VERTEX_POINT('',#1201);
#1201 = CARTESIAN_POINT('',(-14.99545747252,-48.51504342381,0.));
#1202 = SURFACE_CURVE('',#1203,(#1208,#1215),.PCURVE_S1.);
#1203 = CIRCLE('',#1204,50.);
#1204 = AXIS2_PLACEMENT_3D('',#1205,#1206,#1207);
#1205 = CARTESIAN_POINT('',(-2.900393951166,3.552713678801E-15,0.));
#1206 = DIRECTION('',(0.,0.,1.));
#1207 = DIRECTION('',(1.,0.,0.));
#1208 = PCURVE('',#34,#1209);
#1209 = DEFINITIONAL_REPRESENTATION('',(#1210),#1214);
#1210 = CIRCLE('',#1211,50.);
#1211 = AXIS2_PLACEMENT_2D('',#1212,#1213);
#1212 = CARTESIAN_POINT('',(0.,0.));
#1213 = DIRECTION('',(1.,0.));
#1214 = ( GEOMETRIC_REPRESENTATION_CONTEXT(2) 
PARAMETRIC_REPRESENTATION_CONTEXT() REPRESENTATION_CONTEXT('2D SPACE',''
  ) );
#1215 = PCURVE('',#1216,#1221);
#1216 = CONICAL_SURFACE('',#1217,50.,0.528074448426);
#1217 = AXIS2_PLACEMENT_3D('',#1218,#1219,#1220);
#1218 = CARTESIAN_POINT('',(-2.900393951166,3.552713678801E-15,0.));
#1219 = DIRECTION('',(-0.,-0.,-1.));
#1220 = DIRECTION('',(1.,0.,0.));
#1221 = DEFINITIONAL_REPRESENTATION('',(#1222),#1226);
#1222 = LINE('',#1223,#1224);
#1223 = CARTESIAN_POINT('',(-0.,-0.));
#1224 = VECTOR('',#1225,1.);
#1225 = DIRECTION('',(-1.,-0.));
#1226 = ( GEOMETRIC_REPRESENTATION_CONTEXT(2) 
PARAMETRIC_REPRESENTATION_CONTEXT() REPRESENTATION_CONTEXT('2D SPACE',''
  ) );
#1227 = ORIENTED_EDGE('',*,*,#1228,.T.);
#1228 = EDGE_CURVE('',#1200,#1229,#1231,.T.);
#1229 = VERTEX_POINT('',#1230);
#1230 = CARTESIAN_POINT('',(-14.45995564197,-47.70343810962,
    1.120141634979E-15));
#1231 = SURFACE_CURVE('',#1232,(#1238,#1247),.PCURVE_S1.);
#1232 = B_SPLINE_CURVE_WITH_KNOTS('',4,(#1233,#1234,#1235,#1236,#1237),
  .UNSPECIFIED.,.F.,.F.,(5,5),(0.,1.),.PIECEWISE_BEZIER_KNOTS.);
#1233 = CARTESIAN_POINT('',(-15.00136856116,-48.52387467513,0.));
#1234 = CARTESIAN_POINT('',(-14.86465922933,-48.31966050184,0.));
#1235 = CARTESIAN_POINT('',(-14.72884996745,-48.11484658918,0.));
#1236 = CARTESIAN_POINT('',(-14.59394678245,-47.90943754232,0.));
#1237 = CARTESIAN_POINT('',(-14.45995564197,-47.70343810962,0.));
#1238 = PCURVE('',#34,#1239);
#1239 = DEFINITIONAL_REPRESENTATION('',(#1240),#1246);
#1240 = B_SPLINE_CURVE_WITH_KNOTS('',4,(#1241,#1242,#1243,#1244,#1245),
  .UNSPECIFIED.,.F.,.F.,(5,5),(0.,1.),.PIECEWISE_BEZIER_KNOTS.);
#1241 = CARTESIAN_POINT('',(-12.10097460999,-48.52387467513));
#1242 = CARTESIAN_POINT('',(-11.96426527816,-48.31966050184));
#1243 = CARTESIAN_POINT('',(-11.82845601628,-48.11484658918));
#1244 = CARTESIAN_POINT('',(-11.69355283128,-47.90943754232));
#1245 = CARTESIAN_POINT('',(-11.5595616908,-47.70343810962));
#1246 = ( GEOMETRIC_REPRESENTATION_CONTEXT(2) 
PARAMETRIC_REPRESENTATION_CONTEXT() REPRESENTATION_CONTEXT('2D SPACE',''
  ) );
#1247 = PCURVE('',#1248,#1275);
#1248 = ( BOUNDED_SURFACE() B_SPLINE_SURFACE(1,7,(
    (#1249,#1250,#1251,#1252,#1253,#1254,#1255,#1256,#1257,#1258,#1259
      ,#1260,#1261)
    ,(#1262,#1263,#1264,#1265,#1266,#1267,#1268,#1269,#1270,#1271,#1272
      ,#1273,#1274
)),.UNSPECIFIED.,.F.,.F.,.F.) B_SPLINE_SURFACE_WITH_KNOTS((2,2),(8,5,8),
  (3.,4.),(0.,0.52965543135,1.),.UNSPECIFIED.) 
GEOMETRIC_REPRESENTATION_ITEM() RATIONAL_B_SPLINE_SURFACE((
    (1.,1.,1.,1.,1.,1.,1.,1.,1.,1.,1.,1.,1.)
,(1.,1.,1.,1.,1.,1.,1.,1.,1.,1.,1.,1.,1.
))) REPRESENTATION_ITEM('') SURFACE() );
#1249 = CARTESIAN_POINT('',(-17.88450187755,-61.15570708172,
    7.558065382861));
#1250 = CARTESIAN_POINT('',(-12.96446994672,-59.36437986214,
    11.224539269075));
#1251 = CARTESIAN_POINT('',(-8.31229752953,-57.07943362431,
    14.972569487364));
#1252 = CARTESIAN_POINT('',(-4.003247413665,-54.32235178773,
    18.80552625476));
#1253 = CARTESIAN_POINT('',(-0.115848791459,-51.12984351286,
    22.726485637263));
#1254 = CARTESIAN_POINT('',(3.270905624649,-47.55705106837,
    26.73793096809));
#1255 = CARTESIAN_POINT('',(8.581886214893,-40.24259685302,
    34.484786889817));
#1256 = CARTESIAN_POINT('',(11.649846844511,-32.21455088727,
    42.554838512827));
#1257 = CARTESIAN_POINT('',(12.55774719265,-28.35158801974,
    46.421309378502));
#1258 = CARTESIAN_POINT('',(12.902674062794,-24.48616209164,
    50.356390900401));
#1259 = CARTESIAN_POINT('',(12.673588933274,-20.71584676165,
    54.355998006193));
#1260 = CARTESIAN_POINT('',(11.885618923332,-17.14532901307,
    58.413376321633));
#1261 = CARTESIAN_POINT('',(10.581185089264,-13.87323723765,
    62.51935512762));
#1262 = CARTESIAN_POINT('',(-14.84760145095,-47.85017694678,
    -0.403096820419));
#1263 = CARTESIAN_POINT('',(-10.98529872483,-46.40847698082,
    3.599509999661));
#1264 = CARTESIAN_POINT('',(-7.340103236185,-44.57758954251,
    7.691150027432));
#1265 = CARTESIAN_POINT('',(-3.971821530355,-42.37532800535,
    11.875502452771));
#1266 = CARTESIAN_POINT('',(-0.942736519679,-39.83169911643,
    16.155925347564));
#1267 = CARTESIAN_POINT('',(1.684662078494,-36.99144264724,
    20.535129710615));
#1268 = CARTESIAN_POINT('',(5.778139126522,-31.1892165837,
    28.992197538944));
#1269 = CARTESIAN_POINT('',(8.080269070668,-24.84650814711,
    37.802090822544));
#1270 = CARTESIAN_POINT('',(8.736444828726,-21.80062134608,
    42.02302983286));
#1271 = CARTESIAN_POINT('',(8.944605608347,-18.7598939509,46.31886954859
    ));
#1272 = CARTESIAN_POINT('',(8.696940980755,-15.80236163864,
    50.685150388478));
#1273 = CARTESIAN_POINT('',(8.006637112949,-13.01149090206,
    55.114498754514));
#1274 = CARTESIAN_POINT('',(6.90865559639,-10.46562785051,
    59.596903179581));
#1275 = DEFINITIONAL_REPRESENTATION('',(#1276),#1282);
#1276 = B_SPLINE_CURVE_WITH_KNOTS('',4,(#1277,#1278,#1279,#1280,#1281),
  .UNSPECIFIED.,.F.,.F.,(5,5),(0.,1.),.PIECEWISE_BEZIER_KNOTS.);
#1277 = CARTESIAN_POINT('',(3.949367088608,0.));
#1278 = CARTESIAN_POINT('',(3.961956838944,1.902815321906E-03));
#1279 = CARTESIAN_POINT('',(3.974592036876,3.80589545899E-03));
#1280 = CARTESIAN_POINT('',(3.987272987609,5.709230775994E-03));
#1281 = CARTESIAN_POINT('',(4.,7.61281139779E-03));
#1282 = ( GEOMETRIC_REPRESENTATION_CONTEXT(2) 
PARAMETRIC_REPRESENTATION_CONTEXT() REPRESENTATION_CONTEXT('2D SPACE',''
  ) );
#1283 = ORIENTED_EDGE('',*,*,#1284,.F.);
#1284 = EDGE_CURVE('',#1285,#1229,#1287,.T.);
#1285 = VERTEX_POINT('',#1286);
#1286 = CARTESIAN_POINT('',(-12.50701706691,-48.1347511238,
    1.120141634979E-15));
#1287 = SURFACE_CURVE('',#1288,(#1294,#1303),.PCURVE_S1.);
#1288 = B_SPLINE_CURVE_WITH_KNOTS('',4,(#1289,#1290,#1291,#1292,#1293),
  .UNSPECIFIED.,.F.,.F.,(5,5),(0.,1.),.PIECEWISE_BEZIER_KNOTS.);
#1289 = CARTESIAN_POINT('',(-12.50701706691,-48.1347511238,0.));
#1290 = CARTESIAN_POINT('',(-12.99525171068,-48.02692287026,0.));
#1291 = CARTESIAN_POINT('',(-13.48348635444,-47.91909461671,0.));
#1292 = CARTESIAN_POINT('',(-13.9717209982,-47.81126636316,0.));
#1293 = CARTESIAN_POINT('',(-14.45995564197,-47.70343810962,0.));
#1294 = PCURVE('',#34,#1295);
#1295 = DEFINITIONAL_REPRESENTATION('',(#1296),#1302);
#1296 = B_SPLINE_CURVE_WITH_KNOTS('',4,(#1297,#1298,#1299,#1300,#1301),
  .UNSPECIFIED.,.F.,.F.,(5,5),(0.,1.),.PIECEWISE_BEZIER_KNOTS.);
#1297 = CARTESIAN_POINT('',(-9.606623115751,-48.1347511238));
#1298 = CARTESIAN_POINT('',(-10.09485775951,-48.02692287026));
#1299 = CARTESIAN_POINT('',(-10.58309240327,-47.91909461671));
#1300 = CARTESIAN_POINT('',(-11.07132704704,-47.81126636316));
#1301 = CARTESIAN_POINT('',(-11.5595616908,-47.70343810962));
#1302 = ( GEOMETRIC_REPRESENTATION_CONTEXT(2) 
PARAMETRIC_REPRESENTATION_CONTEXT() REPRESENTATION_CONTEXT('2D SPACE',''
  ) );
#1303 = PCURVE('',#1304,#1331);
#1304 = ( BOUNDED_SURFACE() B_SPLINE_SURFACE(1,7,(
    (#1305,#1306,#1307,#1308,#1309,#1310,#1311,#1312,#1313,#1314,#1315
      ,#1316,#1317)
    ,(#1318,#1319,#1320,#1321,#1322,#1323,#1324,#1325,#1326,#1327,#1328
      ,#1329,#1330
)),.UNSPECIFIED.,.F.,.F.,.F.) B_SPLINE_SURFACE_WITH_KNOTS((2,2),(8,5,8),
  (0.,1.),(0.,0.52965543135,1.),.UNSPECIFIED.) 
GEOMETRIC_REPRESENTATION_ITEM() RATIONAL_B_SPLINE_SURFACE((
    (1.,1.,1.,1.,1.,1.,1.,1.,1.,1.,1.,1.,1.)
,(1.,1.,1.,1.,1.,1.,1.,1.,1.,1.,1.,1.,1.
))) REPRESENTATION_ITEM('') SURFACE() );
#1305 = CARTESIAN_POINT('',(-14.84760145095,-47.85017694678,
    -0.403096820419));
#1306 = CARTESIAN_POINT('',(-10.98529872483,-46.40847698082,
    3.599509999661));
#1307 = CARTESIAN_POINT('',(-7.340103236185,-44.57758954251,
    7.691150027432));
#1308 = CARTESIAN_POINT('',(-3.971821530355,-42.37532800535,
    11.875502452771));
#1309 = CARTESIAN_POINT('',(-0.942736519679,-39.83169911643,
    16.155925347564));
#1310 = CARTESIAN_POINT('',(1.684662078494,-36.99144264724,
    20.535129710615));
#1311 = CARTESIAN_POINT('',(5.778139126522,-31.1892165837,
    28.992197538944));
#1312 = CARTESIAN_POINT('',(8.080269070668,-24.84650814711,
    37.802090822544));
#1313 = CARTESIAN_POINT('',(8.736444828726,-21.80062134608,
    42.02302983286));
#1314 = CARTESIAN_POINT('',(8.944605608347,-18.7598939509,46.31886954859
    ));
#1315 = CARTESIAN_POINT('',(8.696940980755,-15.80236163864,
    50.685150388478));
#1316 = CARTESIAN_POINT('',(8.006637112949,-13.01149090206,
    55.114498754514));
#1317 = CARTESIAN_POINT('',(6.90865559639,-10.46562785051,
    59.596903179581));
#1318 = CARTESIAN_POINT('',(-12.89774562659,-48.29521881469,
    -0.403096820419));
#1319 = CARTESIAN_POINT('',(-9.004352882163,-46.71730448985,
    3.599509999661));
#1320 = CARTESIAN_POINT('',(-5.338477434437,-44.7446390585,
    7.691150027432));
#1321 = CARTESIAN_POINT('',(-1.961034462832,-42.39579277886,
    11.875502452771));
#1322 = CARTESIAN_POINT('',(1.06457561313,-39.70176977589,
    16.155925347564));
#1323 = CARTESIAN_POINT('',(3.674784695459,-36.70859194427,
    20.535129710615));
#1324 = CARTESIAN_POINT('',(7.708147653562,-30.61597838658,
    28.992197538944));
#1325 = CARTESIAN_POINT('',(9.895785198435,-23.98676338508,
    37.802090822544));
#1326 = CARTESIAN_POINT('',(10.485656188304,-20.80835988348,
    42.02302983286));
#1327 = CARTESIAN_POINT('',(10.614840678303,-17.63894045268,
    46.31886954859));
#1328 = CARTESIAN_POINT('',(10.275610053233,-14.55831361901,
    50.685150388478));
#1329 = CARTESIAN_POINT('',(9.481679845659,-11.65181072644,
    55.114498754514));
#1330 = CARTESIAN_POINT('',(8.269001071932,-8.999524106852,
    59.596903179581));
#1331 = DEFINITIONAL_REPRESENTATION('',(#1332),#1338);
#1332 = B_SPLINE_CURVE_WITH_KNOTS('',4,(#1333,#1334,#1335,#1336,#1337),
  .UNSPECIFIED.,.F.,.F.,(5,5),(0.,1.),.PIECEWISE_BEZIER_KNOTS.);
#1333 = CARTESIAN_POINT('',(1.,7.61281139779E-03));
#1334 = CARTESIAN_POINT('',(0.75,7.61281139779E-03));
#1335 = CARTESIAN_POINT('',(0.5,7.61281139779E-03));
#1336 = CARTESIAN_POINT('',(0.25,7.61281139779E-03));
#1337 = CARTESIAN_POINT('',(0.,7.61281139779E-03));
#1338 = ( GEOMETRIC_REPRESENTATION_CONTEXT(2) 
PARAMETRIC_REPRESENTATION_CONTEXT() REPRESENTATION_CONTEXT('2D SPACE',''
  ) );
#1339 = ORIENTED_EDGE('',*,*,#1340,.F.);
#1340 = EDGE_CURVE('',#1341,#1285,#1343,.T.);
#1341 = VERTEX_POINT('',#1342);
#1342 = CARTESIAN_POINT('',(-13.04556784397,-48.95993715973,0.));
#1343 = SURFACE_CURVE('',#1344,(#1350,#1359),.PCURVE_S1.);
#1344 = B_SPLINE_CURVE_WITH_KNOTS('',4,(#1345,#1346,#1347,#1348,#1349),
  .UNSPECIFIED.,.F.,.F.,(5,5),(0.,1.),.PIECEWISE_BEZIER_KNOTS.);
#1345 = CARTESIAN_POINT('',(-13.05151273679,-48.96891654304,0.));
#1346 = CARTESIAN_POINT('',(-12.9140173714,-48.76127054709,0.));
#1347 = CARTESIAN_POINT('',(-12.77743234393,-48.55302450195,0.));
#1348 = CARTESIAN_POINT('',(-12.64176360583,-48.34418308731,0.));
#1349 = CARTESIAN_POINT('',(-12.50701706691,-48.1347511238,0.));
#1350 = PCURVE('',#34,#1351);
#1351 = DEFINITIONAL_REPRESENTATION('',(#1352),#1358);
#1352 = B_SPLINE_CURVE_WITH_KNOTS('',4,(#1353,#1354,#1355,#1356,#1357),
  .UNSPECIFIED.,.F.,.F.,(5,5),(0.,1.),.PIECEWISE_BEZIER_KNOTS.);
#1353 = CARTESIAN_POINT('',(-10.15111878563,-48.96891654304));
#1354 = CARTESIAN_POINT('',(-10.01362342023,-48.76127054709));
#1355 = CARTESIAN_POINT('',(-9.877038392772,-48.55302450195));
#1356 = CARTESIAN_POINT('',(-9.741369654666,-48.34418308731));
#1357 = CARTESIAN_POINT('',(-9.606623115751,-48.1347511238));
#1358 = ( GEOMETRIC_REPRESENTATION_CONTEXT(2) 
PARAMETRIC_REPRESENTATION_CONTEXT() REPRESENTATION_CONTEXT('2D SPACE',''
  ) );
#1359 = PCURVE('',#1360,#1387);
#1360 = ( BOUNDED_SURFACE() B_SPLINE_SURFACE(1,7,(
    (#1361,#1362,#1363,#1364,#1365,#1366,#1367,#1368,#1369,#1370,#1371
      ,#1372,#1373)
    ,(#1374,#1375,#1376,#1377,#1378,#1379,#1380,#1381,#1382,#1383,#1384
      ,#1385,#1386
)),.UNSPECIFIED.,.F.,.F.,.F.) B_SPLINE_SURFACE_WITH_KNOTS((2,2),(8,5,8),
  (1.,2.),(0.,0.52965543135,1.),.UNSPECIFIED.) 
GEOMETRIC_REPRESENTATION_ITEM() RATIONAL_B_SPLINE_SURFACE((
    (1.,1.,1.,1.,1.,1.,1.,1.,1.,1.,1.,1.,1.)
,(1.,1.,1.,1.,1.,1.,1.,1.,1.,1.,1.,1.,1.
))) REPRESENTATION_ITEM('') SURFACE() );
#1361 = CARTESIAN_POINT('',(-12.89774562659,-48.29521881469,
    -0.403096820419));
#1362 = CARTESIAN_POINT('',(-9.004352882163,-46.71730448985,
    3.599509999661));
#1363 = CARTESIAN_POINT('',(-5.338477434437,-44.7446390585,
    7.691150027432));
#1364 = CARTESIAN_POINT('',(-1.961034462832,-42.39579277886,
    11.875502452771));
#1365 = CARTESIAN_POINT('',(1.06457561313,-39.70176977589,
    16.155925347564));
#1366 = CARTESIAN_POINT('',(3.674784695459,-36.70859194427,
    20.535129710615));
#1367 = CARTESIAN_POINT('',(7.708147653562,-30.61597838658,
    28.992197538944));
#1368 = CARTESIAN_POINT('',(9.895785198435,-23.98676338508,
    37.802090822544));
#1369 = CARTESIAN_POINT('',(10.485656188304,-20.80835988348,
    42.02302983286));
#1370 = CARTESIAN_POINT('',(10.614840678303,-17.63894045268,
    46.31886954859));
#1371 = CARTESIAN_POINT('',(10.275610053233,-14.55831361901,
    50.685150388478));
#1372 = CARTESIAN_POINT('',(9.481679845659,-11.65181072644,
    55.114498754514));
#1373 = CARTESIAN_POINT('',(8.269001071932,-8.999524106852,
    59.596903179581));
#1374 = CARTESIAN_POINT('',(-15.93464605319,-61.60074894964,
    7.558065382861));
#1375 = CARTESIAN_POINT('',(-10.98352410405,-59.67320737117,
    11.224539269075));
#1376 = CARTESIAN_POINT('',(-6.310671727785,-57.24648314031,
    14.972569487364));
#1377 = CARTESIAN_POINT('',(-1.992460346138,-54.34281656122,
    18.80552625476));
#1378 = CARTESIAN_POINT('',(1.891463341348,-50.99991417233,
    22.726485637263));
#1379 = CARTESIAN_POINT('',(5.261028241614,-47.27420036539,
    26.73793096809));
#1380 = CARTESIAN_POINT('',(10.511894741933,-39.66935865591,
    34.484786889817));
#1381 = CARTESIAN_POINT('',(13.465362972277,-31.35480612524,
    42.554838512827));
#1382 = CARTESIAN_POINT('',(14.30695855223,-27.35932655714,
    46.421309378502));
#1383 = CARTESIAN_POINT('',(14.572909132749,-23.36520859342,
    50.356390900401));
#1384 = CARTESIAN_POINT('',(14.252258005752,-19.47179874201,
    54.355998006193));
#1385 = CARTESIAN_POINT('',(13.360661656041,-15.78564883745,
    58.413376321633));
#1386 = CARTESIAN_POINT('',(11.941530564806,-12.40713349399,
    62.51935512762));
#1387 = DEFINITIONAL_REPRESENTATION('',(#1388),#1394);
#1388 = B_SPLINE_CURVE_WITH_KNOTS('',4,(#1389,#1390,#1391,#1392,#1393),
  .UNSPECIFIED.,.F.,.F.,(5,5),(0.,1.),.PIECEWISE_BEZIER_KNOTS.);
#1389 = CARTESIAN_POINT('',(1.050632911392,0.));
#1390 = CARTESIAN_POINT('',(1.038042777776,1.902873250775E-03));
#1391 = CARTESIAN_POINT('',(1.025407449964,3.805972615971E-03));
#1392 = CARTESIAN_POINT('',(1.012726625928,5.709288579259E-03));
#1393 = CARTESIAN_POINT('',(1.,7.61281139779E-03));
#1394 = ( GEOMETRIC_REPRESENTATION_CONTEXT(2) 
PARAMETRIC_REPRESENTATION_CONTEXT() REPRESENTATION_CONTEXT('2D SPACE',''
  ) );
#1395 = ORIENTED_EDGE('',*,*,#1396,.T.);
#1396 = EDGE_CURVE('',#1341,#1397,#1399,.T.);
#1397 = VERTEX_POINT('',#1398);
#1398 = CARTESIAN_POINT('',(27.48904561247,-39.70493625493,0.));
#1399 = SURFACE_CURVE('',#1400,(#1405,#1412),.PCURVE_S1.);
#1400 = CIRCLE('',#1401,50.);
#1401 = AXIS2_PLACEMENT_3D('',#1402,#1403,#1404);
#1402 = CARTESIAN_POINT('',(-2.900393951166,3.552713678801E-15,0.));
#1403 = DIRECTION('',(0.,0.,1.));
#1404 = DIRECTION('',(1.,0.,0.));
#1405 = PCURVE('',#34,#1406);
#1406 = DEFINITIONAL_REPRESENTATION('',(#1407),#1411);
#1407 = CIRCLE('',#1408,50.);
#1408 = AXIS2_PLACEMENT_2D('',#1409,#1410);
#1409 = CARTESIAN_POINT('',(0.,0.));
#1410 = DIRECTION('',(1.,0.));
#1411 = ( GEOMETRIC_REPRESENTATION_CONTEXT(2) 
PARAMETRIC_REPRESENTATION_CONTEXT() REPRESENTATION_CONTEXT('2D SPACE',''
  ) );
#1412 = PCURVE('',#1413,#1418);
#1413 = CONICAL_SURFACE('',#1414,50.,0.528074448426);
#1414 = AXIS2_PLACEMENT_3D('',#1415,#1416,#1417);
#1415 = CARTESIAN_POINT('',(-2.900393951166,3.552713678801E-15,0.));
#1416 = DIRECTION('',(-0.,-0.,-1.));
#1417 = DIRECTION('',(1.,0.,0.));
#1418 = DEFINITIONAL_REPRESENTATION('',(#1419),#1423);
#1419 = LINE('',#1420,#1421);
#1420 = CARTESIAN_POINT('',(-0.,-0.));
#1421 = VECTOR('',#1422,1.);
#1422 = DIRECTION('',(-1.,-0.));
#1423 = ( GEOMETRIC_REPRESENTATION_CONTEXT(2) 
PARAMETRIC_REPRESENTATION_CONTEXT() REPRESENTATION_CONTEXT('2D SPACE',''
  ) );
#1424 = ORIENTED_EDGE('',*,*,#1425,.T.);
#1425 = EDGE_CURVE('',#1397,#1426,#1428,.T.);
#1426 = VERTEX_POINT('',#1427);
#1427 = CARTESIAN_POINT('',(27.188386956729,-38.78023642835,
    1.120141634979E-15));
#1428 = SURFACE_CURVE('',#1429,(#1435,#1444),.PCURVE_S1.);
#1429 = B_SPLINE_CURVE_WITH_KNOTS('',4,(#1430,#1431,#1432,#1433,#1434),
  .UNSPECIFIED.,.F.,.F.,(5,5),(0.,1.),.PIECEWISE_BEZIER_KNOTS.);
#1430 = CARTESIAN_POINT('',(27.492264659303,-39.71506392526,0.));
#1431 = CARTESIAN_POINT('',(27.417840463672,-39.48085481124,0.));
#1432 = CARTESIAN_POINT('',(27.342386188488,-39.24697546887,0.));
#1433 = CARTESIAN_POINT('',(27.265901688956,-39.01343346582,0.));
#1434 = CARTESIAN_POINT('',(27.188386956729,-38.78023642835,0.));
#1435 = PCURVE('',#34,#1436);
#1436 = DEFINITIONAL_REPRESENTATION('',(#1437),#1443);
#1437 = B_SPLINE_CURVE_WITH_KNOTS('',4,(#1438,#1439,#1440,#1441,#1442),
  .UNSPECIFIED.,.F.,.F.,(5,5),(0.,1.),.PIECEWISE_BEZIER_KNOTS.);
#1438 = CARTESIAN_POINT('',(30.392658610469,-39.71506392526));
#1439 = CARTESIAN_POINT('',(30.318234414838,-39.48085481124));
#1440 = CARTESIAN_POINT('',(30.242780139654,-39.24697546887));
#1441 = CARTESIAN_POINT('',(30.166295640121,-39.01343346582));
#1442 = CARTESIAN_POINT('',(30.088780907894,-38.78023642835));
#1443 = ( GEOMETRIC_REPRESENTATION_CONTEXT(2) 
PARAMETRIC_REPRESENTATION_CONTEXT() REPRESENTATION_CONTEXT('2D SPACE',''
  ) );
#1444 = PCURVE('',#1445,#1472);
#1445 = ( BOUNDED_SURFACE() B_SPLINE_SURFACE(1,7,(
    (#1446,#1447,#1448,#1449,#1450,#1451,#1452,#1453,#1454,#1455,#1456
      ,#1457,#1458)
    ,(#1459,#1460,#1461,#1462,#1463,#1464,#1465,#1466,#1467,#1468,#1469
      ,#1470,#1471
)),.UNSPECIFIED.,.F.,.F.,.F.) B_SPLINE_SURFACE_WITH_KNOTS((2,2),(8,5,8),
  (3.,4.),(0.,0.52965543135,1.),.UNSPECIFIED.) 
GEOMETRIC_REPRESENTATION_ITEM() RATIONAL_B_SPLINE_SURFACE((
    (1.,1.,1.,1.,1.,1.,1.,1.,1.,1.,1.,1.,1.)
,(1.,1.,1.,1.,1.,1.,1.,1.,1.,1.,1.,1.,1.
))) REPRESENTATION_ITEM('') SURFACE() );
#1446 = CARTESIAN_POINT('',(35.570624695867,-49.84500700447,
    7.558065382861));
#1447 = CARTESIAN_POINT('',(37.237698413886,-44.88149689299,
    11.224539269075));
#1448 = CARTESIAN_POINT('',(38.351837568018,-39.81964135828,
    14.972569487364));
#1449 = CARTESIAN_POINT('',(38.882912991373,-34.73167791016,
    18.80552625476));
#1450 = CARTESIAN_POINT('',(38.810662910749,-29.70189093069,
    22.726485637263));
#1451 = CARTESIAN_POINT('',(38.128948137162,-24.82642005149,
    26.73793096809));
#1452 = CARTESIAN_POINT('',(35.721619790424,-16.11364061383,
    34.484786889817));
#1453 = CARTESIAN_POINT('',(31.357882876764,-8.709607618122,
    42.554838512827));
#1454 = CARTESIAN_POINT('',(28.903763499494,-5.59126459014,
    46.421309378502));
#1455 = CARTESIAN_POINT('',(26.096710201681,-2.911536257903,
    50.356390900401));
#1456 = CARTESIAN_POINT('',(23.006126735847,-0.739889066285,
    54.355998006193));
#1457 = CARTESIAN_POINT('',(19.723292285926,0.870232576297,
    58.413376321633));
#1458 = CARTESIAN_POINT('',(16.351766729644,1.890500990743,
    62.51935512762));
#1459 = CARTESIAN_POINT('',(27.061418790686,-39.17480029436,
    -0.403096820419));
#1460 = CARTESIAN_POINT('',(28.342358730452,-35.25624520214,
    3.599509999661));
#1461 = CARTESIAN_POINT('',(29.183655503285,-31.26477696323,
    7.691150027432));
#1462 = CARTESIAN_POINT('',(29.561947394276,-27.25826067435,
    11.875502452771));
#1463 = CARTESIAN_POINT('',(29.461861862325,-23.30409997798,
    16.155925347564));
#1464 = CARTESIAN_POINT('',(28.879416167808,-19.47904609373,
    20.535129710615));
#1465 = CARTESIAN_POINT('',(26.895294356521,-12.66100808612,
    28.992197538944));
#1466 = CARTESIAN_POINT('',(23.371719759407,-6.906516392684,
    37.802090822544));
#1467 = CARTESIAN_POINT('',(21.399468459704,-4.494418168943,
    42.02302983286));
#1468 = CARTESIAN_POINT('',(19.151918175789,-2.435808996892,
    46.31886954859));
#1469 = CARTESIAN_POINT('',(16.685209934068,-0.785449764479,
    50.685150388478));
#1470 = CARTESIAN_POINT('',(14.072821906944,0.414928381769,
    55.114498754514));
#1471 = CARTESIAN_POINT('',(11.397805744987,1.143811514525,
    59.596903179581));
#1472 = DEFINITIONAL_REPRESENTATION('',(#1473),#1479);
#1473 = B_SPLINE_CURVE_WITH_KNOTS('',4,(#1474,#1475,#1476,#1477,#1478),
  .UNSPECIFIED.,.F.,.F.,(5,5),(0.,1.),.PIECEWISE_BEZIER_KNOTS.);
#1474 = CARTESIAN_POINT('',(3.949367088608,0.));
#1475 = CARTESIAN_POINT('',(3.961956838944,1.902815321906E-03));
#1476 = CARTESIAN_POINT('',(3.974592036876,3.80589545899E-03));
#1477 = CARTESIAN_POINT('',(3.987272987609,5.709230775994E-03));
#1478 = CARTESIAN_POINT('',(4.,7.61281139779E-03));
#1479 = ( GEOMETRIC_REPRESENTATION_CONTEXT(2) 
PARAMETRIC_REPRESENTATION_CONTEXT() REPRESENTATION_CONTEXT('2D SPACE',''
  ) );
#1480 = ORIENTED_EDGE('',*,*,#1481,.F.);
#1481 = EDGE_CURVE('',#1482,#1426,#1484,.T.);
#1482 = VERTEX_POINT('',#1483);
#1483 = CARTESIAN_POINT('',(28.743238335219,-37.5222868328,
    1.120141634979E-15));
#1484 = SURFACE_CURVE('',#1485,(#1491,#1500),.PCURVE_S1.);
#1485 = B_SPLINE_CURVE_WITH_KNOTS('',4,(#1486,#1487,#1488,#1489,#1490),
  .UNSPECIFIED.,.F.,.F.,(5,5),(0.,1.),.PIECEWISE_BEZIER_KNOTS.);
#1486 = CARTESIAN_POINT('',(28.743238335219,-37.5222868328,0.));
#1487 = CARTESIAN_POINT('',(28.354525490596,-37.83677423168,0.));
#1488 = CARTESIAN_POINT('',(27.965812645974,-38.15126163057,0.));
#1489 = CARTESIAN_POINT('',(27.577099801351,-38.46574902946,0.));
#1490 = CARTESIAN_POINT('',(27.188386956729,-38.78023642835,0.));
#1491 = PCURVE('',#34,#1492);
#1492 = DEFINITIONAL_REPRESENTATION('',(#1493),#1499);
#1493 = B_SPLINE_CURVE_WITH_KNOTS('',4,(#1494,#1495,#1496,#1497,#1498),
  .UNSPECIFIED.,.F.,.F.,(5,5),(0.,1.),.PIECEWISE_BEZIER_KNOTS.);
#1494 = CARTESIAN_POINT('',(31.643632286385,-37.5222868328));
#1495 = CARTESIAN_POINT('',(31.254919441762,-37.83677423168));
#1496 = CARTESIAN_POINT('',(30.866206597139,-38.15126163057));
#1497 = CARTESIAN_POINT('',(30.477493752517,-38.46574902946));
#1498 = CARTESIAN_POINT('',(30.088780907894,-38.78023642835));
#1499 = ( GEOMETRIC_REPRESENTATION_CONTEXT(2) 
PARAMETRIC_REPRESENTATION_CONTEXT() REPRESENTATION_CONTEXT('2D SPACE',''
  ) );
#1500 = PCURVE('',#1501,#1528);
#1501 = ( BOUNDED_SURFACE() B_SPLINE_SURFACE(1,7,(
    (#1502,#1503,#1504,#1505,#1506,#1507,#1508,#1509,#1510,#1511,#1512
      ,#1513,#1514)
    ,(#1515,#1516,#1517,#1518,#1519,#1520,#1521,#1522,#1523,#1524,#1525
      ,#1526,#1527
)),.UNSPECIFIED.,.F.,.F.,.F.) B_SPLINE_SURFACE_WITH_KNOTS((2,2),(8,5,8),
  (0.,1.),(0.,0.52965543135,1.),.UNSPECIFIED.) 
GEOMETRIC_REPRESENTATION_ITEM() RATIONAL_B_SPLINE_SURFACE((
    (1.,1.,1.,1.,1.,1.,1.,1.,1.,1.,1.,1.,1.)
,(1.,1.,1.,1.,1.,1.,1.,1.,1.,1.,1.,1.,1.
))) REPRESENTATION_ITEM('') SURFACE() );
#1502 = CARTESIAN_POINT('',(27.061418790686,-39.17480029436,
    -0.403096820419));
#1503 = CARTESIAN_POINT('',(28.342358730452,-35.25624520214,
    3.599509999661));
#1504 = CARTESIAN_POINT('',(29.183655503285,-31.26477696323,
    7.691150027432));
#1505 = CARTESIAN_POINT('',(29.561947394276,-27.25826067435,
    11.875502452771));
#1506 = CARTESIAN_POINT('',(29.461861862325,-23.30409997798,
    16.155925347564));
#1507 = CARTESIAN_POINT('',(28.879416167808,-19.47904609373,
    20.535129710615));
#1508 = CARTESIAN_POINT('',(26.895294356521,-12.66100808612,
    28.992197538944));
#1509 = CARTESIAN_POINT('',(23.371719759407,-6.906516392684,
    37.802090822544));
#1510 = CARTESIAN_POINT('',(21.399468459704,-4.494418168943,
    42.02302983286));
#1511 = CARTESIAN_POINT('',(19.151918175789,-2.435808996892,
    46.31886954859));
#1512 = CARTESIAN_POINT('',(16.685209934068,-0.785449764479,
    50.685150388478));
#1513 = CARTESIAN_POINT('',(14.072821906944,0.414928381769,
    55.114498754514));
#1514 = CARTESIAN_POINT('',(11.397805744987,1.143811514525,
    59.596903179581));
#1515 = CARTESIAN_POINT('',(28.625081755622,-37.92782069065,
    -0.403096820419));
#1516 = CARTESIAN_POINT('',(29.818909330609,-33.9000301797,
    3.599509999661));
#1517 = CARTESIAN_POINT('',(30.562253348542,-29.80399656493,
    7.691150027432));
#1518 = CARTESIAN_POINT('',(30.831652628799,-25.698923618,
    11.875502452771));
#1519 = CARTESIAN_POINT('',(30.611817657342,-21.65371053861,
    16.155925347564));
#1520 = CARTESIAN_POINT('',(29.89909573951,-17.74675104906,
    20.535129710615));
#1521 = CARTESIAN_POINT('',(27.650459321171,-10.79465848831,
    28.992197538944));
#1522 = CARTESIAN_POINT('',(23.831500028341,-4.951046635743,
    37.802090822544));
#1523 = CARTESIAN_POINT('',(21.7143026534,-2.508164755828,42.02302983286
    ));
#1524 = CARTESIAN_POINT('',(19.316895973321,-0.43106356158,
    46.31886954859));
#1525 = CARTESIAN_POINT('',(16.696858093816,1.224454670046,
    50.685150388478));
#1526 = CARTESIAN_POINT('',(13.929455240711,2.415909951472,
    55.114498754514));
#1527 = CARTESIAN_POINT('',(11.099721212634,3.121473166976,
    59.596903179581));
#1528 = DEFINITIONAL_REPRESENTATION('',(#1529),#1535);
#1529 = B_SPLINE_CURVE_WITH_KNOTS('',4,(#1530,#1531,#1532,#1533,#1534),
  .UNSPECIFIED.,.F.,.F.,(5,5),(0.,1.),.PIECEWISE_BEZIER_KNOTS.);
#1530 = CARTESIAN_POINT('',(1.,7.61281139779E-03));
#1531 = CARTESIAN_POINT('',(0.75,7.61281139779E-03));
#1532 = CARTESIAN_POINT('',(0.5,7.61281139779E-03));
#1533 = CARTESIAN_POINT('',(0.25,7.61281139779E-03));
#1534 = CARTESIAN_POINT('',(0.,7.61281139779E-03));
#1535 = ( GEOMETRIC_REPRESENTATION_CONTEXT(2) 
PARAMETRIC_REPRESENTATION_CONTEXT() REPRESENTATION_CONTEXT('2D SPACE',''
  ) );
#1536 = ORIENTED_EDGE('',*,*,#1537,.F.);
#1537 = EDGE_CURVE('',#1538,#1482,#1540,.T.);
#1538 = VERTEX_POINT('',#1539);
#1539 = CARTESIAN_POINT('',(29.052613839717,-38.45783786324,0.));
#1540 = SURFACE_CURVE('',#1541,(#1547,#1556),.PCURVE_S1.);
#1541 = B_SPLINE_CURVE_WITH_KNOTS('',4,(#1542,#1543,#1544,#1545,#1546),
  .UNSPECIFIED.,.F.,.F.,(5,5),(0.,1.),.PIECEWISE_BEZIER_KNOTS.);
#1542 = CARTESIAN_POINT('',(29.055927624239,-38.46808432154,0.));
#1543 = CARTESIAN_POINT('',(28.97931040552,-38.2311209553,0.));
#1544 = CARTESIAN_POINT('',(28.90165646304,-37.99449519537,0.));
#1545 = CARTESIAN_POINT('',(28.822965744872,-37.7582146125,0.));
#1546 = CARTESIAN_POINT('',(28.743238335219,-37.5222868328,0.));
#1547 = PCURVE('',#34,#1548);
#1548 = DEFINITIONAL_REPRESENTATION('',(#1549),#1555);
#1549 = B_SPLINE_CURVE_WITH_KNOTS('',4,(#1550,#1551,#1552,#1553,#1554),
  .UNSPECIFIED.,.F.,.F.,(5,5),(0.,1.),.PIECEWISE_BEZIER_KNOTS.);
#1550 = CARTESIAN_POINT('',(31.956321575405,-38.46808432154));
#1551 = CARTESIAN_POINT('',(31.879704356686,-38.2311209553));
#1552 = CARTESIAN_POINT('',(31.802050414206,-37.99449519537));
#1553 = CARTESIAN_POINT('',(31.723359696038,-37.7582146125));
#1554 = CARTESIAN_POINT('',(31.643632286385,-37.5222868328));
#1555 = ( GEOMETRIC_REPRESENTATION_CONTEXT(2) 
PARAMETRIC_REPRESENTATION_CONTEXT() REPRESENTATION_CONTEXT('2D SPACE',''
  ) );
#1556 = PCURVE('',#1557,#1584);
#1557 = ( BOUNDED_SURFACE() B_SPLINE_SURFACE(1,7,(
    (#1558,#1559,#1560,#1561,#1562,#1563,#1564,#1565,#1566,#1567,#1568
      ,#1569,#1570)
    ,(#1571,#1572,#1573,#1574,#1575,#1576,#1577,#1578,#1579,#1580,#1581
      ,#1582,#1583
)),.UNSPECIFIED.,.F.,.F.,.F.) B_SPLINE_SURFACE_WITH_KNOTS((2,2),(8,5,8),
  (1.,2.),(0.,0.52965543135,1.),.UNSPECIFIED.) 
GEOMETRIC_REPRESENTATION_ITEM() RATIONAL_B_SPLINE_SURFACE((
    (1.,1.,1.,1.,1.,1.,1.,1.,1.,1.,1.,1.,1.)
,(1.,1.,1.,1.,1.,1.,1.,1.,1.,1.,1.,1.,1.
))) REPRESENTATION_ITEM('') SURFACE() );
#1558 = CARTESIAN_POINT('',(28.625081755622,-37.92782069065,
    -0.403096820419));
#1559 = CARTESIAN_POINT('',(29.818909330609,-33.9000301797,
    3.599509999661));
#1560 = CARTESIAN_POINT('',(30.562253348542,-29.80399656493,
    7.691150027432));
#1561 = CARTESIAN_POINT('',(30.831652628799,-25.698923618,
    11.875502452771));
#1562 = CARTESIAN_POINT('',(30.611817657342,-21.65371053861,
    16.155925347564));
#1563 = CARTESIAN_POINT('',(29.89909573951,-17.74675104906,
    20.535129710615));
#1564 = CARTESIAN_POINT('',(27.650459321171,-10.79465848831,
    28.992197538944));
#1565 = CARTESIAN_POINT('',(23.831500028341,-4.951046635743,
    37.802090822544));
#1566 = CARTESIAN_POINT('',(21.7143026534,-2.508164755828,42.02302983286
    ));
#1567 = CARTESIAN_POINT('',(19.316895973321,-0.43106356158,
    46.31886954859));
#1568 = CARTESIAN_POINT('',(16.696858093816,1.224454670046,
    50.685150388478));
#1569 = CARTESIAN_POINT('',(13.929455240711,2.415909951472,
    55.114498754514));
#1570 = CARTESIAN_POINT('',(11.099721212634,3.121473166976,
    59.596903179581));
#1571 = CARTESIAN_POINT('',(37.134287660803,-48.59802740075,
    7.558065382861));
#1572 = CARTESIAN_POINT('',(38.714249014041,-43.52528187054,
    11.224539269075));
#1573 = CARTESIAN_POINT('',(39.730435413284,-38.35886095998,
    14.972569487364));
#1574 = CARTESIAN_POINT('',(40.152618225883,-33.1723408538,
    18.80552625476));
#1575 = CARTESIAN_POINT('',(39.960618705776,-28.05150149133,
    22.726485637263));
#1576 = CARTESIAN_POINT('',(39.148627708861,-23.09412500682,
    26.73793096809));
#1577 = CARTESIAN_POINT('',(36.476784755076,-14.24729101602,
    34.484786889817));
#1578 = CARTESIAN_POINT('',(31.817663145696,-6.75413786118,
    42.554838512827));
#1579 = CARTESIAN_POINT('',(29.218597693192,-3.605011177025,
    46.421309378502));
#1580 = CARTESIAN_POINT('',(26.261687999211,-0.906790822591,
    50.356390900401));
#1581 = CARTESIAN_POINT('',(23.017774895596,1.270015368241,
    54.355998006193));
#1582 = CARTESIAN_POINT('',(19.579925619694,2.871214146,58.413376321633)
  );
#1583 = CARTESIAN_POINT('',(16.053682197291,3.868162643193,
    62.51935512762));
#1584 = DEFINITIONAL_REPRESENTATION('',(#1585),#1591);
#1585 = B_SPLINE_CURVE_WITH_KNOTS('',4,(#1586,#1587,#1588,#1589,#1590),
  .UNSPECIFIED.,.F.,.F.,(5,5),(0.,1.),.PIECEWISE_BEZIER_KNOTS.);
#1586 = CARTESIAN_POINT('',(1.050632911392,0.));
#1587 = CARTESIAN_POINT('',(1.038042777776,1.902873250775E-03));
#1588 = CARTESIAN_POINT('',(1.025407449964,3.805972615971E-03));
#1589 = CARTESIAN_POINT('',(1.012726625928,5.709288579259E-03));
#1590 = CARTESIAN_POINT('',(1.,7.61281139779E-03));
#1591 = ( GEOMETRIC_REPRESENTATION_CONTEXT(2) 
PARAMETRIC_REPRESENTATION_CONTEXT() REPRESENTATION_CONTEXT('2D SPACE',''
  ) );
#1592 = ORIENTED_EDGE('',*,*,#1593,.T.);
#1593 = EDGE_CURVE('',#1538,#22,#1594,.T.);
#1594 = SURFACE_CURVE('',#1595,(#1600,#1607),.PCURVE_S1.);
#1595 = CIRCLE('',#1596,50.);
#1596 = AXIS2_PLACEMENT_3D('',#1597,#1598,#1599);
#1597 = CARTESIAN_POINT('',(-2.900393951166,3.552713678801E-15,0.));
#1598 = DIRECTION('',(0.,0.,1.));
#1599 = DIRECTION('',(1.,0.,0.));
#1600 = PCURVE('',#34,#1601);
#1601 = DEFINITIONAL_REPRESENTATION('',(#1602),#1606);
#1602 = CIRCLE('',#1603,50.);
#1603 = AXIS2_PLACEMENT_2D('',#1604,#1605);
#1604 = CARTESIAN_POINT('',(0.,0.));
#1605 = DIRECTION('',(1.,0.));
#1606 = ( GEOMETRIC_REPRESENTATION_CONTEXT(2) 
PARAMETRIC_REPRESENTATION_CONTEXT() REPRESENTATION_CONTEXT('2D SPACE',''
  ) );
#1607 = PCURVE('',#1608,#1613);
#1608 = CONICAL_SURFACE('',#1609,50.,0.528074448426);
#1609 = AXIS2_PLACEMENT_3D('',#1610,#1611,#1612);
#1610 = CARTESIAN_POINT('',(-2.900393951166,3.552713678801E-15,0.));
#1611 = DIRECTION('',(-0.,-0.,-1.));
#1612 = DIRECTION('',(1.,0.,0.));
#1613 = DEFINITIONAL_REPRESENTATION('',(#1614),#1618);
#1614 = LINE('',#1615,#1616);
#1615 = CARTESIAN_POINT('',(-0.,-0.));
#1616 = VECTOR('',#1617,1.);
#1617 = DIRECTION('',(-1.,-0.));
#1618 = ( GEOMETRIC_REPRESENTATION_CONTEXT(2) 
PARAMETRIC_REPRESENTATION_CONTEXT() REPRESENTATION_CONTEXT('2D SPACE',''
  ) );
#1619 = FACE_BOUND('',#1620,.F.);
#1620 = EDGE_LOOP('',(#1621));
#1621 = ORIENTED_EDGE('',*,*,#1622,.T.);
#1622 = EDGE_CURVE('',#1623,#1623,#1625,.T.);
#1623 = VERTEX_POINT('',#1624);
#1624 = CARTESIAN_POINT('',(4.599606048834,3.552713678801E-15,0.));
#1625 = SURFACE_CURVE('',#1626,(#1631,#1642),.PCURVE_S1.);
#1626 = CIRCLE('',#1627,7.5);
#1627 = AXIS2_PLACEMENT_3D('',#1628,#1629,#1630);
#1628 = CARTESIAN_POINT('',(-2.900393951166,3.552713678801E-15,0.));
#1629 = DIRECTION('',(0.,0.,-1.));
#1630 = DIRECTION('',(1.,0.,0.));
#1631 = PCURVE('',#34,#1632);
#1632 = DEFINITIONAL_REPRESENTATION('',(#1633),#1641);
#1633 = ( BOUNDED_CURVE() B_SPLINE_CURVE(2,(#1634,#1635,#1636,#1637,
#1638,#1639,#1640),.UNSPECIFIED.,.T.,.F.) B_SPLINE_CURVE_WITH_KNOTS((1,2
    ,2,2,2,1),(-2.094395102393,0.,2.094395102393,4.188790204786,
6.28318530718,8.377580409573),.UNSPECIFIED.) CURVE() 
GEOMETRIC_REPRESENTATION_ITEM() RATIONAL_B_SPLINE_CURVE((1.,0.5,1.,0.5,
1.,0.5,1.)) REPRESENTATION_ITEM('') );
#1634 = CARTESIAN_POINT('',(7.5,0.));
#1635 = CARTESIAN_POINT('',(7.5,-12.99038105676));
#1636 = CARTESIAN_POINT('',(-3.75,-6.495190528383));
#1637 = CARTESIAN_POINT('',(-15.,-1.836970198721E-15));
#1638 = CARTESIAN_POINT('',(-3.75,6.495190528383));
#1639 = CARTESIAN_POINT('',(7.5,12.990381056767));
#1640 = CARTESIAN_POINT('',(7.5,0.));
#1641 = ( GEOMETRIC_REPRESENTATION_CONTEXT(2) 
PARAMETRIC_REPRESENTATION_CONTEXT() REPRESENTATION_CONTEXT('2D SPACE',''
  ) );
#1642 = PCURVE('',#1643,#1648);
#1643 = CYLINDRICAL_SURFACE('',#1644,7.5);
#1644 = AXIS2_PLACEMENT_3D('',#1645,#1646,#1647);
#1645 = CARTESIAN_POINT('',(-2.900393951166,3.552713678801E-15,-1.));
#1646 = DIRECTION('',(-0.,-0.,-1.));
#1647 = DIRECTION('',(1.,0.,0.));
#1648 = DEFINITIONAL_REPRESENTATION('',(#1649),#1653);
#1649 = LINE('',#1650,#1651);
#1650 = CARTESIAN_POINT('',(-6.28318530718,-1.));
#1651 = VECTOR('',#1652,1.);
#1652 = DIRECTION('',(1.,-0.));
#1653 = ( GEOMETRIC_REPRESENTATION_CONTEXT(2) 
PARAMETRIC_REPRESENTATION_CONTEXT() REPRESENTATION_CONTEXT('2D SPACE',''
  ) );
#1654 = ADVANCED_FACE('',(#1655),#48,.F.);
#1655 = FACE_BOUND('',#1656,.F.);
#1656 = EDGE_LOOP('',(#1657,#1719,#1742,#1743,#1877,#1903,#1963));
#1657 = ORIENTED_EDGE('',*,*,#1658,.T.);
#1658 = EDGE_CURVE('',#1659,#1661,#1663,.T.);
#1659 = VERTEX_POINT('',#1660);
#1660 = CARTESIAN_POINT('',(46.408582928116,-1.,-0.403096820419));
#1661 = VERTEX_POINT('',#1662);
#1662 = CARTESIAN_POINT('',(41.088189401971,5.589388549711,
    8.130593838502));
#1663 = SURFACE_CURVE('',#1664,(#1678,#1685),.PCURVE_S1.);
#1664 = ( BOUNDED_CURVE() B_SPLINE_CURVE(7,(#1665,#1666,#1667,#1668,
    #1669,#1670,#1671,#1672,#1673,#1674,#1675,#1676,#1677),
.UNSPECIFIED.,.F.,.F.) B_SPLINE_CURVE_WITH_KNOTS((8,5,8),(0.,
0.52965543135,1.),.UNSPECIFIED.) CURVE() GEOMETRIC_REPRESENTATION_ITEM()
 RATIONAL_B_SPLINE_CURVE((1.,1.,1.,1.,1.,1.,1.,1.,1.,1.,1.,1.,1.)) 
REPRESENTATION_ITEM('') );
#1665 = CARTESIAN_POINT('',(46.408582928116,-1.,-0.403096820419));
#1666 = CARTESIAN_POINT('',(44.14358618047,2.44465831008,3.599509999661)
  );
#1667 = CARTESIAN_POINT('',(41.547470608217,5.591050354584,
    7.691150027432));
#1668 = CARTESIAN_POINT('',(38.650911174705,8.384832911624,
    11.875502452771));
#1669 = CARTESIAN_POINT('',(35.497021547057,10.771961760903,
    16.155925347564));
#1670 = CARTESIAN_POINT('',(32.143325047549,12.70146946849,
    20.535129710615));
#1671 = CARTESIAN_POINT('',(25.575688569555,15.401197737803,
    28.992197538944));
#1672 = CARTESIAN_POINT('',(18.879732970631,16.234223072697,
    37.802090822544));
#1673 = CARTESIAN_POINT('',(15.764200068438,16.196173558835,
    42.02302983286));
#1674 = CARTESIAN_POINT('',(12.753389926446,15.722489813227,
    46.31886954859));
#1675 = CARTESIAN_POINT('',(9.925119688289,14.822921802599,
    50.685150388478));
#1676 = CARTESIAN_POINT('',(7.357828969276,13.52889813113,
    55.114498754514));
#1677 = CARTESIAN_POINT('',(5.12011989226,11.891937479622,
    59.596903179581));
#1678 = PCURVE('',#48,#1679);
#1679 = DEFINITIONAL_REPRESENTATION('',(#1680),#1684);
#1680 = LINE('',#1681,#1682);
#1681 = CARTESIAN_POINT('',(4.,0.));
#1682 = VECTOR('',#1683,1.);
#1683 = DIRECTION('',(0.,1.));
#1684 = ( GEOMETRIC_REPRESENTATION_CONTEXT(2) 
PARAMETRIC_REPRESENTATION_CONTEXT() REPRESENTATION_CONTEXT('2D SPACE',''
  ) );
#1685 = PCURVE('',#1686,#1713);
#1686 = ( BOUNDED_SURFACE() B_SPLINE_SURFACE(1,7,(
    (#1687,#1688,#1689,#1690,#1691,#1692,#1693,#1694,#1695,#1696,#1697
      ,#1698,#1699)
    ,(#1700,#1701,#1702,#1703,#1704,#1705,#1706,#1707,#1708,#1709,#1710
      ,#1711,#1712
)),.UNSPECIFIED.,.F.,.F.,.F.) B_SPLINE_SURFACE_WITH_KNOTS((2,2),(8,5,8),
  (0.,1.),(0.,0.52965543135,1.),.UNSPECIFIED.) 
GEOMETRIC_REPRESENTATION_ITEM() RATIONAL_B_SPLINE_SURFACE((
    (1.,1.,1.,1.,1.,1.,1.,1.,1.,1.,1.,1.,1.)
,(1.,1.,1.,1.,1.,1.,1.,1.,1.,1.,1.,1.,1.
))) REPRESENTATION_ITEM('') SURFACE() );
#1687 = CARTESIAN_POINT('',(46.408582928116,-1.,-0.403096820419));
#1688 = CARTESIAN_POINT('',(44.14358618047,2.44465831008,3.599509999661)
  );
#1689 = CARTESIAN_POINT('',(41.547470608217,5.591050354584,
    7.691150027432));
#1690 = CARTESIAN_POINT('',(38.650911174705,8.384832911624,
    11.875502452771));
#1691 = CARTESIAN_POINT('',(35.497021547057,10.771961760903,
    16.155925347564));
#1692 = CARTESIAN_POINT('',(32.143325047549,12.70146946849,
    20.535129710615));
#1693 = CARTESIAN_POINT('',(25.575688569555,15.401197737803,
    28.992197538944));
#1694 = CARTESIAN_POINT('',(18.879732970631,16.234223072697,
    37.802090822544));
#1695 = CARTESIAN_POINT('',(15.764200068438,16.196173558835,
    42.02302983286));
#1696 = CARTESIAN_POINT('',(12.753389926446,15.722489813227,
    46.31886954859));
#1697 = CARTESIAN_POINT('',(9.925119688289,14.822921802599,
    50.685150388478));
#1698 = CARTESIAN_POINT('',(7.357828969276,13.52889813113,
    55.114498754514));
#1699 = CARTESIAN_POINT('',(5.12011989226,11.891937479622,
    59.596903179581));
#1700 = CARTESIAN_POINT('',(46.408582928116,1.,-0.403096820419));
#1701 = CARTESIAN_POINT('',(44.003868820051,4.444658290364,
    3.599509999661));
#1702 = CARTESIAN_POINT('',(41.264928201233,7.579663232766,
    7.691150027432));
#1703 = CARTESIAN_POINT('',(38.223420637364,10.349759189722,
    11.875502452771));
#1704 = CARTESIAN_POINT('',(34.923680835812,12.700034389433,
    16.155925347564));
#1705 = CARTESIAN_POINT('',(31.424722058824,14.578755353837,
    20.535129710615));
#1706 = CARTESIAN_POINT('',(24.587355350876,17.15525942256,
    28.992197538944));
#1707 = CARTESIAN_POINT('',(17.637553460417,17.812909213263,
    37.802090822544));
#1708 = CARTESIAN_POINT('',(14.407580526951,17.680729590208,
    42.02302983286));
#1709 = CARTESIAN_POINT('',(11.288878805078,17.101412983486,
    46.31886954859));
#1710 = CARTESIAN_POINT('',(8.360975633438,16.08518361824,
    50.685150388478));
#1711 = CARTESIAN_POINT('',(5.704010927922,14.66440116035,
    55.114498754514));
#1712 = CARTESIAN_POINT('',(3.388069084691,12.891937479622,
    59.596903179581));
#1713 = DEFINITIONAL_REPRESENTATION('',(#1714),#1718);
#1714 = LINE('',#1715,#1716);
#1715 = CARTESIAN_POINT('',(0.,0.));
#1716 = VECTOR('',#1717,1.);
#1717 = DIRECTION('',(0.,1.));
#1718 = ( GEOMETRIC_REPRESENTATION_CONTEXT(2) 
PARAMETRIC_REPRESENTATION_CONTEXT() REPRESENTATION_CONTEXT('2D SPACE',''
  ) );
#1719 = ORIENTED_EDGE('',*,*,#1720,.T.);
#1720 = EDGE_CURVE('',#1661,#24,#1721,.T.);
#1721 = SURFACE_CURVE('',#1722,(#1728,#1734),.PCURVE_S1.);
#1722 = B_SPLINE_CURVE_WITH_KNOTS('',4,(#1723,#1724,#1725,#1726,#1727),
  .UNSPECIFIED.,.F.,.F.,(5,5),(0.,0.163818082536),
  .PIECEWISE_BEZIER_KNOTS.);
#1723 = CARTESIAN_POINT('',(41.088189401971,5.589388549711,
    8.130593838502));
#1724 = CARTESIAN_POINT('',(42.689126875546,4.134802056498,6.04694933823
    ));
#1725 = CARTESIAN_POINT('',(44.217007925335,2.550659584905,
    3.997912912617));
#1726 = CARTESIAN_POINT('',(45.659535862635,0.847039610736,
    1.982599350422));
#1727 = CARTESIAN_POINT('',(47.007703152545,-0.964896564416,
    -9.414691248821E-14));
#1728 = PCURVE('',#48,#1729);
#1729 = DEFINITIONAL_REPRESENTATION('',(#1730),#1733);
#1730 = B_SPLINE_CURVE_WITH_KNOTS('',1,(#1731,#1732),.UNSPECIFIED.,.F.,
  .F.,(2,2),(0.,0.163818082536),.PIECEWISE_BEZIER_KNOTS.);
#1731 = CARTESIAN_POINT('',(4.,0.158108173658));
#1732 = CARTESIAN_POINT('',(3.954409775077,7.617547056459E-04));
#1733 = ( GEOMETRIC_REPRESENTATION_CONTEXT(2) 
PARAMETRIC_REPRESENTATION_CONTEXT() REPRESENTATION_CONTEXT('2D SPACE',''
  ) );
#1734 = PCURVE('',#100,#1735);
#1735 = DEFINITIONAL_REPRESENTATION('',(#1736),#1741);
#1736 = B_SPLINE_CURVE_WITH_KNOTS('',3,(#1737,#1738,#1739,#1740),
  .UNSPECIFIED.,.F.,.F.,(4,4),(0.,0.163818082536),
  .PIECEWISE_BEZIER_KNOTS.);
#1737 = CARTESIAN_POINT('',(9.788349071593,-0.508723523076));
#1738 = CARTESIAN_POINT('',(5.841881146416,0.166669077598));
#1739 = CARTESIAN_POINT('',(1.84382382196,0.575046275514));
#1740 = CARTESIAN_POINT('',(-2.153691392725,0.704542016211));
#1741 = ( GEOMETRIC_REPRESENTATION_CONTEXT(2) 
PARAMETRIC_REPRESENTATION_CONTEXT() REPRESENTATION_CONTEXT('2D SPACE',''
  ) );
#1742 = ORIENTED_EDGE('',*,*,#21,.F.);
#1743 = ORIENTED_EDGE('',*,*,#1744,.T.);
#1744 = EDGE_CURVE('',#22,#1745,#1747,.T.);
#1745 = VERTEX_POINT('',#1746);
#1746 = CARTESIAN_POINT('',(5.453189410931,12.468830808414,
    59.985484284698));
#1747 = SURFACE_CURVE('',#1748,(#1775,#1826),.PCURVE_S1.);
#1748 = B_SPLINE_CURVE_WITH_KNOTS('',7,(#1749,#1750,#1751,#1752,#1753,
    #1754,#1755,#1756,#1757,#1758,#1759,#1760,#1761,#1762,#1763,#1764,
    #1765,#1766,#1767,#1768,#1769,#1770,#1771,#1772,#1773,#1774),
  .UNSPECIFIED.,.F.,.F.,(8,6,6,6,8),(0.,1.,19.764680759822,
    34.00437161984,48.687348332978),.UNSPECIFIED.);
#1749 = CARTESIAN_POINT('',(47.089680874455,-0.99620225299,
    -1.502925067672E-17));
#1750 = CARTESIAN_POINT('',(46.996237426096,-0.852174666278,
    0.165076305663));
#1751 = CARTESIAN_POINT('',(46.902263055824,-0.708712890313,
    0.330235137253));
#1752 = CARTESIAN_POINT('',(46.807760783347,-0.565820051354,
    0.495476470969));
#1753 = CARTESIAN_POINT('',(46.712733656118,-0.423499258781,
    0.660800281738));
#1754 = CARTESIAN_POINT('',(46.617184749343,-0.281753605096,
    0.82620654321));
#1755 = CARTESIAN_POINT('',(46.521117165972,-0.140586165921,
    0.991695227765));
#1756 = CARTESIAN_POINT('',(44.612182449253,2.638054522754,
    4.264154742139));
#1757 = CARTESIAN_POINT('',(42.61816409368,5.071633002893,7.400288857014
    ));
#1758 = CARTESIAN_POINT('',(40.463322089323,7.280173532098,
    10.56512971193));
#1759 = CARTESIAN_POINT('',(38.171848049821,9.245689716985,
    13.758330967382));
#1760 = CARTESIAN_POINT('',(35.770968487464,10.953181926765,
    16.979544837133));
#1761 = CARTESIAN_POINT('',(33.290764976183,12.391308507045,
    20.228189645305));
#1762 = CARTESIAN_POINT('',(28.845837298182,14.435110723778,
    25.988173252487));
#1763 = CARTESIAN_POINT('',(26.90091897073,15.157952111883,
    28.488546698425));
#1764 = CARTESIAN_POINT('',(24.942960040316,15.718859194859,
    31.003642359347));
#1765 = CARTESIAN_POINT('',(22.986640060695,16.116467393106,
    33.532982632252));
#1766 = CARTESIAN_POINT('',(21.047011980845,16.35108657968,
    36.076067285514));
#1767 = CARTESIAN_POINT('',(19.139285000235,16.424850013795,
    38.63228584065));
#1768 = CARTESIAN_POINT('',(15.359839939247,16.256150695003,
    43.849309661048));
#1769 = CARTESIAN_POINT('',(13.490990811063,16.003768551363,
    46.511032464821));
#1770 = CARTESIAN_POINT('',(11.688528900908,15.589041568477,
    49.185052397173));
#1771 = CARTESIAN_POINT('',(9.968626139327,15.018542310333,
    51.870498606109));
#1772 = CARTESIAN_POINT('',(8.34673467491,14.300920405834,54.56645918602
    ));
#1773 = CARTESIAN_POINT('',(6.837286419986,13.44687873753,
    57.271897944633));
#1774 = CARTESIAN_POINT('',(5.453189410931,12.468830808414,
    59.985484284698));
#1775 = PCURVE('',#48,#1776);
#1776 = DEFINITIONAL_REPRESENTATION('',(#1777),#1825);
#1777 = B_SPLINE_CURVE_WITH_KNOTS('',3,(#1778,#1779,#1780,#1781,#1782,
    #1783,#1784,#1785,#1786,#1787,#1788,#1789,#1790,#1791,#1792,#1793,
    #1794,#1795,#1796,#1797,#1798,#1799,#1800,#1801,#1802,#1803,#1804,
    #1805,#1806,#1807,#1808,#1809,#1810,#1811,#1812,#1813,#1814,#1815,
    #1816,#1817,#1818,#1819,#1820,#1821,#1822,#1823,#1824),
  .UNSPECIFIED.,.F.,.F.,(4,1,1,1,1,1,1,1,1,1,1,1,1,1,1,1,1,1,1,1,1,1,1,1
    ,1,1,1,1,1,1,1,1,1,1,1,1,1,1,1,1,1,1,1,1,4),(0.,1.106530643931,
    2.213061287863,3.319591931794,4.426122575725,5.532653219657,
    6.639183863588,7.745714507519,8.85224515145,9.958775795382,
    11.065306439313,12.171837083244,13.278367727176,14.384898371107,
    15.491429015038,16.59795965897,17.704490302901,18.811020946832,
    19.917551590764,21.024082234695,22.130612878626,23.237143522558,
    24.343674166489,25.45020481042,26.556735454351,27.663266098283,
    28.769796742214,29.876327386145,30.982858030077,32.089388674008,
    33.195919317939,34.302449961871,35.408980605802,36.515511249733,
    37.622041893665,38.728572537596,39.835103181527,40.941633825459,
    42.04816446939,43.154695113321,44.261225757252,45.367756401184,
    46.474287045115,47.580817689046,48.687348332978),
  .QUASI_UNIFORM_KNOTS.);
#1778 = CARTESIAN_POINT('',(3.949911538886,8.228360340529E-05));
#1779 = CARTESIAN_POINT('',(3.949689033281,8.139555049148E-03));
#1780 = CARTESIAN_POINT('',(3.949237386485,2.42318652292E-02));
#1781 = CARTESIAN_POINT('',(3.948539026496,4.830338996903E-02));
#1782 = CARTESIAN_POINT('',(3.94781880889,7.230784577913E-02));
#1783 = CARTESIAN_POINT('',(3.947075712599,9.624470527226E-02));
#1784 = CARTESIAN_POINT('',(3.94630865681,0.120113652833));
#1785 = CARTESIAN_POINT('',(3.945516492583,0.143914412587));
#1786 = CARTESIAN_POINT('',(3.944697995757,0.167646786296));
#1787 = CARTESIAN_POINT('',(3.943851859985,0.191310635138));
#1788 = CARTESIAN_POINT('',(3.942976689906,0.214905876645));
#1789 = CARTESIAN_POINT('',(3.942070994124,0.238432477608));
#1790 = CARTESIAN_POINT('',(3.941133177779,0.261890448086));
#1791 = CARTESIAN_POINT('',(3.940161534458,0.285279834943));
#1792 = CARTESIAN_POINT('',(3.939154237184,0.308600715728));
#1793 = CARTESIAN_POINT('',(3.938109328376,0.331853190861));
#1794 = CARTESIAN_POINT('',(3.937024708165,0.355037381151));
#1795 = CARTESIAN_POINT('',(3.935898122299,0.378153404209));
#1796 = CARTESIAN_POINT('',(3.934727144173,0.401201428207));
#1797 = CARTESIAN_POINT('',(3.93350917051,0.424181435285));
#1798 = CARTESIAN_POINT('',(3.932241355091,0.447094103276));
#1799 = CARTESIAN_POINT('',(3.93092063492,0.46993985453));
#1800 = CARTESIAN_POINT('',(3.929543707646,0.492718930972));
#1801 = CARTESIAN_POINT('',(3.928106986618,0.515431744882));
#1802 = CARTESIAN_POINT('',(3.926606580105,0.538078774875));
#1803 = CARTESIAN_POINT('',(3.925038263495,0.560660585857));
#1804 = CARTESIAN_POINT('',(3.923397423421,0.583177812871));
#1805 = CARTESIAN_POINT('',(3.921679016554,0.605631153586));
#1806 = CARTESIAN_POINT('',(3.919877527581,0.628021360448));
#1807 = CARTESIAN_POINT('',(3.917986915197,0.650349236387));
#1808 = CARTESIAN_POINT('',(3.916000551043,0.672615613099));
#1809 = CARTESIAN_POINT('',(3.913911141484,0.694821391876));
#1810 = CARTESIAN_POINT('',(3.911710666389,0.716967349051));
#1811 = CARTESIAN_POINT('',(3.909390192262,0.739054931987));
#1812 = CARTESIAN_POINT('',(3.906939879106,0.761085156428));
#1813 = CARTESIAN_POINT('',(3.904348789999,0.783059078323));
#1814 = CARTESIAN_POINT('',(3.901604736061,0.804977888612));
#1815 = CARTESIAN_POINT('',(3.898694104312,0.826842875614));
#1816 = CARTESIAN_POINT('',(3.895601649209,0.848655423014));
#1817 = CARTESIAN_POINT('',(3.892310246019,0.870416998412));
#1818 = CARTESIAN_POINT('',(3.888800604596,0.892129144469));
#1819 = CARTESIAN_POINT('',(3.88505091568,0.913793469546));
#1820 = CARTESIAN_POINT('',(3.881036497052,0.935411638375));
#1821 = CARTESIAN_POINT('',(3.876729138671,0.956985363882));
#1822 = CARTESIAN_POINT('',(3.872097204747,0.978516395403));
#1823 = CARTESIAN_POINT('',(3.868767373282,0.992843146054));
#1824 = CARTESIAN_POINT('',(3.867035930094,1.));
#1825 = ( GEOMETRIC_REPRESENTATION_CONTEXT(2) 
PARAMETRIC_REPRESENTATION_CONTEXT() REPRESENTATION_CONTEXT('2D SPACE',''
  ) );
#1826 = PCURVE('',#1608,#1827);
#1827 = DEFINITIONAL_REPRESENTATION('',(#1828),#1876);
#1828 = B_SPLINE_CURVE_WITH_KNOTS('',3,(#1829,#1830,#1831,#1832,#1833,
    #1834,#1835,#1836,#1837,#1838,#1839,#1840,#1841,#1842,#1843,#1844,
    #1845,#1846,#1847,#1848,#1849,#1850,#1851,#1852,#1853,#1854,#1855,
    #1856,#1857,#1858,#1859,#1860,#1861,#1862,#1863,#1864,#1865,#1866,
    #1867,#1868,#1869,#1870,#1871,#1872,#1873,#1874,#1875),
  .UNSPECIFIED.,.F.,.F.,(4,1,1,1,1,1,1,1,1,1,1,1,1,1,1,1,1,1,1,1,1,1,1,1
    ,1,1,1,1,1,1,1,1,1,1,1,1,1,1,1,1,1,1,1,1,4),(0.,1.106530643931,
    2.213061287863,3.319591931794,4.426122575725,5.532653219657,
    6.639183863588,7.745714507519,8.85224515145,9.958775795382,
    11.065306439313,12.171837083244,13.278367727176,14.384898371107,
    15.491429015038,16.59795965897,17.704490302901,18.811020946832,
    19.917551590764,21.024082234695,22.130612878626,23.237143522558,
    24.343674166489,25.45020481042,26.556735454351,27.663266098283,
    28.769796742214,29.876327386145,30.982858030077,32.089388674008,
    33.195919317939,34.302449961871,35.408980605802,36.515511249733,
    37.622041893665,38.728572537596,39.835103181527,40.941633825459,
    42.04816446939,43.154695113321,44.261225757252,45.367756401184,
    46.474287045115,47.580817689046,48.687348332978),
  .QUASI_UNIFORM_KNOTS.);
#1829 = CARTESIAN_POINT('',(-6.263259943684,3.103731140601E-15));
#1830 = CARTESIAN_POINT('',(-6.270599592276,-0.426208702054));
#1831 = CARTESIAN_POINT('',(-6.285300401978,-1.280046168982));
#1832 = CARTESIAN_POINT('',(-6.307415469272,-2.565054474307));
#1833 = CARTESIAN_POINT('',(-6.329593841912,-3.854314053413));
#1834 = CARTESIAN_POINT('',(-6.351834491514,-5.147798691828));
#1835 = CARTESIAN_POINT('',(-6.374136498592,-6.445490599813));
#1836 = CARTESIAN_POINT('',(-6.396498880482,-7.747370881496));
#1837 = CARTESIAN_POINT('',(-6.418920623065,-9.053421599187));
#1838 = CARTESIAN_POINT('',(-6.441400657373,-10.36362471109));
#1839 = CARTESIAN_POINT('',(-6.463937850278,-11.67796182513));
#1840 = CARTESIAN_POINT('',(-6.486530990528,-12.99641370986));
#1841 = CARTESIAN_POINT('',(-6.509178775003,-14.31895984607));
#1842 = CARTESIAN_POINT('',(-6.531879793533,-15.6455779337));
#1843 = CARTESIAN_POINT('',(-6.554632512969,-16.97624340247));
#1844 = CARTESIAN_POINT('',(-6.577435258294,-18.31092880734));
#1845 = CARTESIAN_POINT('',(-6.600286197671,-19.64960352532));
#1846 = CARTESIAN_POINT('',(-6.623183304615,-20.99223219498));
#1847 = CARTESIAN_POINT('',(-6.64612439609,-22.3387777047));
#1848 = CARTESIAN_POINT('',(-6.669106876255,-23.68918705065));
#1849 = CARTESIAN_POINT('',(-6.69212860289,-25.04344311335));
#1850 = CARTESIAN_POINT('',(-6.715186918655,-26.40150904349));
#1851 = CARTESIAN_POINT('',(-6.738278698687,-27.76333190928));
#1852 = CARTESIAN_POINT('',(-6.761400675305,-29.1288634017));
#1853 = CARTESIAN_POINT('',(-6.784549302533,-30.49805365657));
#1854 = CARTESIAN_POINT('',(-6.807720739398,-31.87085224959));
#1855 = CARTESIAN_POINT('',(-6.830910795357,-33.24720723221));
#1856 = CARTESIAN_POINT('',(-6.854114878588,-34.62706467972));
#1857 = CARTESIAN_POINT('',(-6.877327932705,-36.01036800047));
#1858 = CARTESIAN_POINT('',(-6.900544369028,-37.39705754628));
#1859 = CARTESIAN_POINT('',(-6.923757968446,-38.78706912585));
#1860 = CARTESIAN_POINT('',(-6.946961835097,-40.18033648755));
#1861 = CARTESIAN_POINT('',(-6.970148081155,-41.57677892116));
#1862 = CARTESIAN_POINT('',(-6.993308541829,-42.9763514886));
#1863 = CARTESIAN_POINT('',(-7.016433469428,-44.37897555396));
#1864 = CARTESIAN_POINT('',(-7.039511841335,-45.78456810511));
#1865 = CARTESIAN_POINT('',(-7.062531235914,-47.19304783954));
#1866 = CARTESIAN_POINT('',(-7.085477515106,-48.60433277409));
#1867 = CARTESIAN_POINT('',(-7.108334479004,-50.0183401019));
#1868 = CARTESIAN_POINT('',(-7.131083421292,-51.43498542233));
#1869 = CARTESIAN_POINT('',(-7.15370258411,-52.85418212033));
#1870 = CARTESIAN_POINT('',(-7.176166428014,-54.27584065968));
#1871 = CARTESIAN_POINT('',(-7.198444837354,-55.69986793947));
#1872 = CARTESIAN_POINT('',(-7.220501563702,-57.12616631603));
#1873 = CARTESIAN_POINT('',(-7.242294156793,-58.55463366799));
#1874 = CARTESIAN_POINT('',(-7.256609043375,-59.50831741175));
#1875 = CARTESIAN_POINT('',(-7.263704405885,-59.98548428469));
#1876 = ( GEOMETRIC_REPRESENTATION_CONTEXT(2) 
PARAMETRIC_REPRESENTATION_CONTEXT() REPRESENTATION_CONTEXT('2D SPACE',''
  ) );
#1877 = ORIENTED_EDGE('',*,*,#1878,.F.);
#1878 = EDGE_CURVE('',#1879,#1745,#1881,.T.);
#1879 = VERTEX_POINT('',#1880);
#1880 = CARTESIAN_POINT('',(7.625078704865,16.230653413922,
    62.51935512762));
#1881 = SURFACE_CURVE('',#1882,(#1885,#1892),.PCURVE_S1.);
#1882 = B_SPLINE_CURVE_WITH_KNOTS('',1,(#1883,#1884),.UNSPECIFIED.,.F.,
  .F.,(2,2),(3.,4.),.PIECEWISE_BEZIER_KNOTS.);
#1883 = CARTESIAN_POINT('',(7.625078704865,16.230653413922,
    62.51935512762));
#1884 = CARTESIAN_POINT('',(5.12011989226,11.891937479622,
    59.596903179581));
#1885 = PCURVE('',#48,#1886);
#1886 = DEFINITIONAL_REPRESENTATION('',(#1887),#1891);
#1887 = LINE('',#1888,#1889);
#1888 = CARTESIAN_POINT('',(0.,1.));
#1889 = VECTOR('',#1890,1.);
#1890 = DIRECTION('',(1.,0.));
#1891 = ( GEOMETRIC_REPRESENTATION_CONTEXT(2) 
PARAMETRIC_REPRESENTATION_CONTEXT() REPRESENTATION_CONTEXT('2D SPACE',''
  ) );
#1892 = PCURVE('',#1893,#1898);
#1893 = PLANE('',#1894);
#1894 = AXIS2_PLACEMENT_3D('',#1895,#1896,#1897);
#1895 = CARTESIAN_POINT('',(5.12011989226,11.891937479622,
    59.596903179581));
#1896 = DIRECTION('',(-0.251935512762,-0.436365108335,0.863778900898));
#1897 = DIRECTION('',(0.125980404352,0.870185827735,0.476346053755));
#1898 = DEFINITIONAL_REPRESENTATION('',(#1899),#1902);
#1899 = B_SPLINE_CURVE_WITH_KNOTS('',1,(#1900,#1901),.UNSPECIFIED.,.F.,
  .F.,(2,2),(3.,4.),.PIECEWISE_BEZIER_KNOTS.);
#1900 = CARTESIAN_POINT('',(5.483163293432,-1.890745963253));
#1901 = CARTESIAN_POINT('',(0.,0.));
#1902 = ( GEOMETRIC_REPRESENTATION_CONTEXT(2) 
PARAMETRIC_REPRESENTATION_CONTEXT() REPRESENTATION_CONTEXT('2D SPACE',''
  ) );
#1903 = ORIENTED_EDGE('',*,*,#1904,.F.);
#1904 = EDGE_CURVE('',#1905,#1879,#1907,.T.);
#1905 = VERTEX_POINT('',#1906);
#1906 = CARTESIAN_POINT('',(60.056289562311,-1.,7.558065382861));
#1907 = SURFACE_CURVE('',#1908,(#1922,#1929),.PCURVE_S1.);
#1908 = ( BOUNDED_CURVE() B_SPLINE_CURVE(7,(#1909,#1910,#1911,#1912,
    #1913,#1914,#1915,#1916,#1917,#1918,#1919,#1920,#1921),
.UNSPECIFIED.,.F.,.F.) B_SPLINE_CURVE_WITH_KNOTS((8,5,8),(0.,
0.52965543135,1.),.UNSPECIFIED.) CURVE() GEOMETRIC_REPRESENTATION_ITEM()
 RATIONAL_B_SPLINE_CURVE((1.,1.,1.,1.,1.,1.,1.,1.,1.,1.,1.,1.,1.)) 
REPRESENTATION_ITEM('') );
#1909 = CARTESIAN_POINT('',(60.056289562311,-1.,7.558065382861));
#1910 = CARTESIAN_POINT('',(57.215064555742,3.398068652271,
    11.224539269075));
#1911 = CARTESIAN_POINT('',(53.952200939452,7.425153023196,
    14.972569487364));
#1912 = CARTESIAN_POINT('',(50.305391044546,11.012657830872,
    18.80552625476));
#1913 = CARTESIAN_POINT('',(46.327898045434,14.092191330452,
    22.726485637263));
#1914 = CARTESIAN_POINT('',(42.091059211111,16.59901163084,
    26.73793096809));
#1915 = CARTESIAN_POINT('',(33.778189273033,20.149215665946,
    34.484786889817));
#1916 = CARTESIAN_POINT('',(25.268737716093,21.35384783109,
    42.554838512827));
#1917 = CARTESIAN_POINT('',(21.30060055941,21.379395116849,
    46.421309378502));
#1918 = CARTESIAN_POINT('',(17.455335480345,20.855535762555,
    50.356390900401));
#1919 = CARTESIAN_POINT('',(13.830526064384,19.793220186981,
    54.355998006193));
#1920 = CARTESIAN_POINT('',(10.524868472895,18.230491286204,
    58.413376321633));
#1921 = CARTESIAN_POINT('',(7.625078704865,16.230653413922,
    62.51935512762));
#1922 = PCURVE('',#48,#1923);
#1923 = DEFINITIONAL_REPRESENTATION('',(#1924),#1928);
#1924 = LINE('',#1925,#1926);
#1925 = CARTESIAN_POINT('',(3.,0.));
#1926 = VECTOR('',#1927,1.);
#1927 = DIRECTION('',(0.,1.));
#1928 = ( GEOMETRIC_REPRESENTATION_CONTEXT(2) 
PARAMETRIC_REPRESENTATION_CONTEXT() REPRESENTATION_CONTEXT('2D SPACE',''
  ) );
#1929 = PCURVE('',#1930,#1957);
#1930 = ( BOUNDED_SURFACE() B_SPLINE_SURFACE(1,7,(
    (#1931,#1932,#1933,#1934,#1935,#1936,#1937,#1938,#1939,#1940,#1941
      ,#1942,#1943)
    ,(#1944,#1945,#1946,#1947,#1948,#1949,#1950,#1951,#1952,#1953,#1954
      ,#1955,#1956
)),.UNSPECIFIED.,.F.,.F.,.F.) B_SPLINE_SURFACE_WITH_KNOTS((2,2),(8,5,8),
  (2.,3.),(0.,0.52965543135,1.),.UNSPECIFIED.) 
GEOMETRIC_REPRESENTATION_ITEM() RATIONAL_B_SPLINE_SURFACE((
    (1.,1.,1.,1.,1.,1.,1.,1.,1.,1.,1.,1.,1.)
,(1.,1.,1.,1.,1.,1.,1.,1.,1.,1.,1.,1.,1.
))) REPRESENTATION_ITEM('') SURFACE() );
#1931 = CARTESIAN_POINT('',(60.056289562311,1.,7.558065382861));
#1932 = CARTESIAN_POINT('',(57.075347195318,5.398068632554,
    11.224539269075));
#1933 = CARTESIAN_POINT('',(53.669658532482,9.413765901379,
    14.972569487364));
#1934 = CARTESIAN_POINT('',(49.877900507186,12.977584108969,
    18.80552625476));
#1935 = CARTESIAN_POINT('',(45.754557334203,16.020263958983,
    22.726485637263));
#1936 = CARTESIAN_POINT('',(41.372456222382,18.476297516186,
    26.73793096809));
#1937 = CARTESIAN_POINT('',(32.789856054357,21.903277350704,
    34.484786889817));
#1938 = CARTESIAN_POINT('',(24.026558205877,22.932533971655,
    42.554838512827));
#1939 = CARTESIAN_POINT('',(19.943981017925,22.863951148224,
    46.421309378502));
#1940 = CARTESIAN_POINT('',(15.990824358977,22.234458932813,
    50.356390900401));
#1941 = CARTESIAN_POINT('',(12.266382009534,21.055482002623,
    54.355998006193));
#1942 = CARTESIAN_POINT('',(8.87105043154,19.365994315424,
    58.413376321633));
#1943 = CARTESIAN_POINT('',(5.893027897296,17.230653413922,
    62.51935512762));
#1944 = CARTESIAN_POINT('',(60.056289562311,-1.,7.558065382861));
#1945 = CARTESIAN_POINT('',(57.215064555742,3.398068652271,
    11.224539269075));
#1946 = CARTESIAN_POINT('',(53.952200939452,7.425153023196,
    14.972569487364));
#1947 = CARTESIAN_POINT('',(50.305391044546,11.012657830872,
    18.80552625476));
#1948 = CARTESIAN_POINT('',(46.327898045434,14.092191330452,
    22.726485637263));
#1949 = CARTESIAN_POINT('',(42.091059211111,16.59901163084,
    26.73793096809));
#1950 = CARTESIAN_POINT('',(33.778189273033,20.149215665946,
    34.484786889817));
#1951 = CARTESIAN_POINT('',(25.268737716093,21.35384783109,
    42.554838512827));
#1952 = CARTESIAN_POINT('',(21.30060055941,21.379395116849,
    46.421309378502));
#1953 = CARTESIAN_POINT('',(17.455335480345,20.855535762555,
    50.356390900401));
#1954 = CARTESIAN_POINT('',(13.830526064384,19.793220186981,
    54.355998006193));
#1955 = CARTESIAN_POINT('',(10.524868472895,18.230491286204,
    58.413376321633));
#1956 = CARTESIAN_POINT('',(7.625078704865,16.230653413922,
    62.51935512762));
#1957 = DEFINITIONAL_REPRESENTATION('',(#1958),#1962);
#1958 = LINE('',#1959,#1960);
#1959 = CARTESIAN_POINT('',(3.,0.));
#1960 = VECTOR('',#1961,1.);
#1961 = DIRECTION('',(0.,1.));
#1962 = ( GEOMETRIC_REPRESENTATION_CONTEXT(2) 
PARAMETRIC_REPRESENTATION_CONTEXT() REPRESENTATION_CONTEXT('2D SPACE',''
  ) );
#1963 = ORIENTED_EDGE('',*,*,#1964,.T.);
#1964 = EDGE_CURVE('',#1905,#1659,#1965,.T.);
#1965 = SURFACE_CURVE('',#1966,(#1969,#1976),.PCURVE_S1.);
#1966 = B_SPLINE_CURVE_WITH_KNOTS('',1,(#1967,#1968),.UNSPECIFIED.,.F.,
  .F.,(2,2),(3.,4.),.PIECEWISE_BEZIER_KNOTS.);
#1967 = CARTESIAN_POINT('',(60.056289562311,-1.,7.558065382861));
#1968 = CARTESIAN_POINT('',(46.408582928116,-1.,-0.403096820419));
#1969 = PCURVE('',#48,#1970);
#1970 = DEFINITIONAL_REPRESENTATION('',(#1971),#1975);
#1971 = LINE('',#1972,#1973);
#1972 = CARTESIAN_POINT('',(0.,0.));
#1973 = VECTOR('',#1974,1.);
#1974 = DIRECTION('',(1.,0.));
#1975 = ( GEOMETRIC_REPRESENTATION_CONTEXT(2) 
PARAMETRIC_REPRESENTATION_CONTEXT() REPRESENTATION_CONTEXT('2D SPACE',''
  ) );
#1976 = PCURVE('',#1977,#1982);
#1977 = PLANE('',#1978);
#1978 = AXIS2_PLACEMENT_3D('',#1979,#1980,#1981);
#1979 = CARTESIAN_POINT('',(46.408582928116,-1.,-0.403096820419));
#1980 = DIRECTION('',(-0.503871025524,0.,0.863778900898));
#1981 = DIRECTION('',(0.856940771638,0.125580186416,0.499882116789));
#1982 = DEFINITIONAL_REPRESENTATION('',(#1983),#1986);
#1983 = B_SPLINE_CURVE_WITH_KNOTS('',1,(#1984,#1985),.UNSPECIFIED.,.F.,
  .F.,(2,2),(3.,4.),.PIECEWISE_BEZIER_KNOTS.);
#1984 = CARTESIAN_POINT('',(15.674918868462,-1.984166945375));
#1985 = CARTESIAN_POINT('',(0.,0.));
#1986 = ( GEOMETRIC_REPRESENTATION_CONTEXT(2) 
PARAMETRIC_REPRESENTATION_CONTEXT() REPRESENTATION_CONTEXT('2D SPACE',''
  ) );
#1987 = ADVANCED_FACE('',(#1988),#100,.T.);
#1988 = FACE_BOUND('',#1989,.T.);
#1989 = EDGE_LOOP('',(#1990,#1991,#1992));
#1990 = ORIENTED_EDGE('',*,*,#1720,.T.);
#1991 = ORIENTED_EDGE('',*,*,#84,.T.);
#1992 = ORIENTED_EDGE('',*,*,#1993,.T.);
#1993 = EDGE_CURVE('',#85,#1994,#1996,.T.);
#1994 = VERTEX_POINT('',#1995);
#1995 = CARTESIAN_POINT('',(46.408582971505,-0.683783654114,
    -0.403096820757));
#1996 = SURFACE_CURVE('',#1997,(#2004,#2073),.PCURVE_S1.);
#1997 = B_SPLINE_CURVE_WITH_KNOTS('',5,(#1998,#1999,#2000,#2001,#2002,
    #2003),.UNSPECIFIED.,.F.,.F.,(6,6),(0.,4.202992501612),
  .PIECEWISE_BEZIER_KNOTS.);
#1998 = CARTESIAN_POINT('',(45.713919834119,-1.698025401865,0.));
#1999 = CARTESIAN_POINT('',(45.876399952399,-1.495011384326,
    4.039447059793E-16));
#2000 = CARTESIAN_POINT('',(46.049501617337,-1.291922622849,
    -4.054499311327E-02));
#2001 = CARTESIAN_POINT('',(46.211948587658,-1.088909784239,
    -0.136632403634));
#2002 = CARTESIAN_POINT('',(46.329943447571,-0.886208767819,
    -0.265470667014));
#2003 = CARTESIAN_POINT('',(46.408582971505,-0.683783654114,
    -0.403096820757));
#2004 = PCURVE('',#100,#2005);
#2005 = DEFINITIONAL_REPRESENTATION('',(#2006),#2072);
#2006 = B_SPLINE_CURVE_WITH_KNOTS('',10,(#2007,#2008,#2009,#2010,#2011,
    #2012,#2013,#2014,#2015,#2016,#2017,#2018,#2019,#2020,#2021,#2022,
    #2023,#2024,#2025,#2026,#2027,#2028,#2029,#2030,#2031,#2032,#2033,
    #2034,#2035,#2036,#2037,#2038,#2039,#2040,#2041,#2042,#2043,#2044,
    #2045,#2046,#2047,#2048,#2049,#2050,#2051,#2052,#2053,#2054,#2055,
    #2056,#2057,#2058,#2059,#2060,#2061,#2062,#2063,#2064,#2065,#2066,
    #2067,#2068,#2069,#2070,#2071),.UNSPECIFIED.,.F.,.F.,(11,9,9,9,9,9,9
    ,11),(0.,0.131343515675,0.262687031351,0.525374062702,1.050748125403
    ,2.101496250806,3.152244376209,4.202992501612),.UNSPECIFIED.);
#2007 = CARTESIAN_POINT('',(-2.066322362882,-0.777879821144));
#2008 = CARTESIAN_POINT('',(-2.065695672774,-0.775073508327));
#2009 = CARTESIAN_POINT('',(-2.040295140659,-0.659854721741));
#2010 = CARTESIAN_POINT('',(-2.113437442389,-0.990683146308));
#2011 = CARTESIAN_POINT('',(-1.982938335166,-0.400367620893));
#2012 = CARTESIAN_POINT('',(-2.131882643541,-1.073213795548));
#2013 = CARTESIAN_POINT('',(-2.011510119058,-0.529076829667));
#2014 = CARTESIAN_POINT('',(-2.074394929505,-0.812686459169));
#2015 = CARTESIAN_POINT('',(-2.052171637312,-0.711898713228));
#2016 = CARTESIAN_POINT('',(-2.054581745199,-0.722286144628));
#2017 = CARTESIAN_POINT('',(-2.052675020742,-0.712603131492));
#2018 = CARTESIAN_POINT('',(-2.05174307556,-0.70781385556));
#2019 = CARTESIAN_POINT('',(-2.050832072983,-0.703076450823));
#2020 = CARTESIAN_POINT('',(-2.049941538571,-0.698390557839));
#2021 = CARTESIAN_POINT('',(-2.049070997881,-0.693755817166));
#2022 = CARTESIAN_POINT('',(-2.048219976477,-0.689171869362));
#2023 = CARTESIAN_POINT('',(-2.047387999914,-0.684638354986));
#2024 = CARTESIAN_POINT('',(-2.046574593754,-0.680154914595));
#2025 = CARTESIAN_POINT('',(-2.045779283556,-0.675721188748));
#2026 = CARTESIAN_POINT('',(-2.043446217523,-0.662568076511));
#2027 = CARTESIAN_POINT('',(-2.041959185715,-0.653991206964));
#2028 = CARTESIAN_POINT('',(-2.040536662053,-0.645594746621));
#2029 = CARTESIAN_POINT('',(-2.03917480914,-0.637367232739));
#2030 = CARTESIAN_POINT('',(-2.037869789571,-0.629297202579));
#2031 = CARTESIAN_POINT('',(-2.036617765951,-0.621373193399));
#2032 = CARTESIAN_POINT('',(-2.035414900877,-0.613583742458));
#2033 = CARTESIAN_POINT('',(-2.03425735695,-0.605917387016));
#2034 = CARTESIAN_POINT('',(-2.03314129677,-0.598362664331));
#2035 = CARTESIAN_POINT('',(-2.029906055271,-0.575999006325));
#2036 = CARTESIAN_POINT('',(-2.027893724431,-0.561479567762));
#2037 = CARTESIAN_POINT('',(-2.026014669363,-0.547288512959));
#2038 = CARTESIAN_POINT('',(-2.024257669013,-0.533364558897));
#2039 = CARTESIAN_POINT('',(-2.022611502328,-0.519646422561));
#2040 = CARTESIAN_POINT('',(-2.021064948252,-0.506072820935));
#2041 = CARTESIAN_POINT('',(-2.019606785733,-0.492582471001));
#2042 = CARTESIAN_POINT('',(-2.018225793716,-0.479114089744));
#2043 = CARTESIAN_POINT('',(-2.016910751148,-0.465606394147));
#2044 = CARTESIAN_POINT('',(-2.013129808628,-0.424781515286));
#2045 = CARTESIAN_POINT('',(-2.010837475494,-0.399371466888));
#2046 = CARTESIAN_POINT('',(-2.008744511618,-0.372782593552));
#2047 = CARTESIAN_POINT('',(-2.006847833518,-0.342874572185));
#2048 = CARTESIAN_POINT('',(-2.00517020018,-0.308352119051));
#2049 = CARTESIAN_POINT('',(-2.003760213068,-0.268764989771));
#2050 = CARTESIAN_POINT('',(-2.002692316112,-0.224507979322));
#2051 = CARTESIAN_POINT('',(-2.002066795717,-0.176820922036));
#2052 = CARTESIAN_POINT('',(-2.002009780758,-0.127788691603));
#2053 = CARTESIAN_POINT('',(-2.003336704409,-3.289371053454E-02));
#2054 = CARTESIAN_POINT('',(-2.004202826864,8.648975294441E-03));
#2055 = CARTESIAN_POINT('',(-2.005228185991,4.497934791794E-02));
#2056 = CARTESIAN_POINT('',(-2.006369357829,7.678989883551E-02));
#2057 = CARTESIAN_POINT('',(-2.007582918426,0.104773119547));
#2058 = CARTESIAN_POINT('',(-2.008825443816,0.129621501552));
#2059 = CARTESIAN_POINT('',(-2.010053510047,0.152027536349));
#2060 = CARTESIAN_POINT('',(-2.011223693157,0.17268371544));
#2061 = CARTESIAN_POINT('',(-2.012292569191,0.192282530323));
#2062 = CARTESIAN_POINT('',(-2.014140859186,0.230750414672));
#2063 = CARTESIAN_POINT('',(-2.01482260336,0.242364379958));
#2064 = CARTESIAN_POINT('',(-2.016704334581,0.295266634546));
#2065 = CARTESIAN_POINT('',(-2.015119536796,0.233191994587));
#2066 = CARTESIAN_POINT('',(-2.0184718,0.335103856227));
#2067 = CARTESIAN_POINT('',(-2.0191465788,0.35242942539));
#2068 = CARTESIAN_POINT('',(-2.015903705208,0.240035332578));
#2069 = CARTESIAN_POINT('',(-2.0223382578,0.444150771863));
#2070 = CARTESIAN_POINT('',(-2.019186330948,0.345999933717));
#2071 = CARTESIAN_POINT('',(-2.019790535297,0.364714808414));
#2072 = ( GEOMETRIC_REPRESENTATION_CONTEXT(2) 
PARAMETRIC_REPRESENTATION_CONTEXT() REPRESENTATION_CONTEXT('2D SPACE',''
  ) );
#2073 = PCURVE('',#216,#2074);
#2074 = DEFINITIONAL_REPRESENTATION('',(#2075),#2078);
#2075 = B_SPLINE_CURVE_WITH_KNOTS('',1,(#2076,#2077),.UNSPECIFIED.,.F.,
  .F.,(2,2),(0.,4.202992501612),.PIECEWISE_BEZIER_KNOTS.);
#2076 = CARTESIAN_POINT('',(-4.59188242985E-13,3.039999997772));
#2077 = CARTESIAN_POINT('',(4.07999999701,2.030670520839));
#2078 = ( GEOMETRIC_REPRESENTATION_CONTEXT(2) 
PARAMETRIC_REPRESENTATION_CONTEXT() REPRESENTATION_CONTEXT('2D SPACE',''
  ) );
#2079 = ADVANCED_FACE('',(#2080),#1608,.T.);
#2080 = FACE_BOUND('',#2081,.T.);
#2081 = EDGE_LOOP('',(#2082,#2216,#2217,#2218,#2245,#2278));
#2082 = ORIENTED_EDGE('',*,*,#2083,.T.);
#2083 = EDGE_CURVE('',#2084,#1538,#2086,.T.);
#2084 = VERTEX_POINT('',#2085);
#2085 = CARTESIAN_POINT('',(11.758420027312,3.22075603869,
    59.985484284698));
#2086 = SURFACE_CURVE('',#2087,(#2114,#2165),.PCURVE_S1.);
#2087 = B_SPLINE_CURVE_WITH_KNOTS('',7,(#2088,#2089,#2090,#2091,#2092,
    #2093,#2094,#2095,#2096,#2097,#2098,#2099,#2100,#2101,#2102,#2103,
    #2104,#2105,#2106,#2107,#2108,#2109,#2110,#2111,#2112,#2113),
  .UNSPECIFIED.,.F.,.F.,(8,6,6,6,8),(0.,1.,2.188275049031,3.344783684749
    ,5.572961191971),.UNSPECIFIED.);
#2088 = CARTESIAN_POINT('',(11.758420027312,3.22075603869,
    59.985484284698));
#2089 = CARTESIAN_POINT('',(12.781891144087,2.948321630165,
    58.372060440037));
#2090 = CARTESIAN_POINT('',(13.798911973498,2.612055166684,
    56.761480552895));
#2091 = CARTESIAN_POINT('',(14.80567956002,2.212443188823,
    55.154007019331));
#2092 = CARTESIAN_POINT('',(15.79843469676,1.750256725443,
    53.549872443353));
#2093 = CARTESIAN_POINT('',(16.77350360927,1.226540951296,
    51.949292405094));
#2094 = CARTESIAN_POINT('',(17.727328802019,0.642603295374,
    50.352475280255));
#2095 = CARTESIAN_POINT('',(19.760587027589,-0.763589462319,
    46.866889750706));
#2096 = CARTESIAN_POINT('',(20.829870834604,-1.610023227367,
    44.979736091016));
#2097 = CARTESIAN_POINT('',(21.858596379976,-2.53669132677,
    43.098522715511));
#2098 = CARTESIAN_POINT('',(22.841327147313,-3.540506642468,
    41.223551651232));
#2099 = CARTESIAN_POINT('',(23.772977164884,-4.617957832288,
    39.355094299531));
#2100 = CARTESIAN_POINT('',(24.648845596725,-5.765157811291,
    37.493410327645));
#2101 = CARTESIAN_POINT('',(26.258631460797,-8.158197594305,
    33.833697387302));
#2102 = CARTESIAN_POINT('',(26.99572838037,-9.400595998301,
    32.035273423601));
#2103 = CARTESIAN_POINT('',(27.671978522973,-10.70120064522,
    30.243729920977));
#2104 = CARTESIAN_POINT('',(28.283818091163,-12.05586033121,
    28.459262047911));
#2105 = CARTESIAN_POINT('',(28.82808075595,-13.46021017791,
    26.682040248141));
#2106 = CARTESIAN_POINT('',(29.30200360907,-14.9097152608,24.9122251701)
  );
#2107 = CARTESIAN_POINT('',(30.476258215497,-19.27037427913,
    19.754762808158));
#2108 = CARTESIAN_POINT('',(30.97949587741,-22.29149090952,
    16.387435196903));
#2109 = CARTESIAN_POINT('',(31.196003711481,-25.42948582486,
    13.049385200482));
#2110 = CARTESIAN_POINT('',(31.114739631998,-28.64954687699,
    9.741230000204));
#2111 = CARTESIAN_POINT('',(30.730092205059,-31.91686118964,
    6.463325047033));
#2112 = CARTESIAN_POINT('',(30.041353673029,-35.19726795637,3.2160431048
    ));
#2113 = CARTESIAN_POINT('',(29.052613839717,-38.45783786324,
    -3.638841222487E-15));
#2114 = PCURVE('',#1608,#2115);
#2115 = DEFINITIONAL_REPRESENTATION('',(#2116),#2164);
#2116 = B_SPLINE_CURVE_WITH_KNOTS('',3,(#2117,#2118,#2119,#2120,#2121,
    #2122,#2123,#2124,#2125,#2126,#2127,#2128,#2129,#2130,#2131,#2132,
    #2133,#2134,#2135,#2136,#2137,#2138,#2139,#2140,#2141,#2142,#2143,
    #2144,#2145,#2146,#2147,#2148,#2149,#2150,#2151,#2152,#2153,#2154,
    #2155,#2156,#2157,#2158,#2159,#2160,#2161,#2162,#2163),
  .UNSPECIFIED.,.F.,.F.,(4,1,1,1,1,1,1,1,1,1,1,1,1,1,1,1,1,1,1,1,1,1,1,1
    ,1,1,1,1,1,1,1,1,1,1,1,1,1,1,1,1,1,1,1,1,4),(0.,0.126658208908,
    0.253316417817,0.379974626725,0.506632835634,0.633291044542,
    0.759949253451,0.886607462359,1.013265671268,1.139923880176,
    1.266582089084,1.393240297993,1.519898506901,1.64655671581,
    1.773214924718,1.899873133627,2.026531342535,2.153189551444,
    2.279847760352,2.40650596926,2.533164178169,2.659822387077,
    2.786480595986,2.913138804894,3.039797013803,3.166455222711,
    3.29311343162,3.419771640528,3.546429849436,3.673088058345,
    3.799746267253,3.926404476162,4.05306268507,4.179720893979,
    4.306379102887,4.433037311796,4.559695520704,4.686353729612,
    4.813011938521,4.939670147429,5.066328356338,5.192986565246,
    5.319644774155,5.446302983063,5.572961191971),
  .QUASI_UNIFORM_KNOTS.);
#2117 = CARTESIAN_POINT('',(-6.499463409842,-59.98548428469));
#2118 = CARTESIAN_POINT('',(-6.489899923526,-59.50865930351));
#2119 = CARTESIAN_POINT('',(-6.470920496066,-58.55564976204));
#2120 = CARTESIAN_POINT('',(-6.442845121426,-57.12815981176));
#2121 = CARTESIAN_POINT('',(-6.415110767497,-55.70279914989));
#2122 = CARTESIAN_POINT('',(-6.387678257481,-54.27966630765));
#2123 = CARTESIAN_POINT('',(-6.360514523465,-52.85885674297));
#2124 = CARTESIAN_POINT('',(-6.333592540953,-51.44046322359));
#2125 = CARTESIAN_POINT('',(-6.306889773044,-50.02457585468));
#2126 = CARTESIAN_POINT('',(-6.280387457377,-48.61128614077));
#2127 = CARTESIAN_POINT('',(-6.254069656028,-47.20067477088));
#2128 = CARTESIAN_POINT('',(-6.227922967304,-45.79282468293));
#2129 = CARTESIAN_POINT('',(-6.201936050367,-44.38781888244));
#2130 = CARTESIAN_POINT('',(-6.17609917957,-42.98573489855));
#2131 = CARTESIAN_POINT('',(-6.150404011582,-41.58664717952));
#2132 = CARTESIAN_POINT('',(-6.124843364035,-40.19062730672));
#2133 = CARTESIAN_POINT('',(-6.099411045902,-38.79774480492));
#2134 = CARTESIAN_POINT('',(-6.074101713704,-37.40806759678));
#2135 = CARTESIAN_POINT('',(-6.048910766027,-36.0216631655));
#2136 = CARTESIAN_POINT('',(-6.02383421292,-34.63859715133));
#2137 = CARTESIAN_POINT('',(-5.998868376781,-33.25892171263));
#2138 = CARTESIAN_POINT('',(-5.974010254324,-31.8826993102));
#2139 = CARTESIAN_POINT('',(-5.949257137341,-30.50998511121));
#2140 = CARTESIAN_POINT('',(-5.924606643155,-29.14083183822));
#2141 = CARTESIAN_POINT('',(-5.900056659478,-27.77528928308));
#2142 = CARTESIAN_POINT('',(-5.87560532154,-26.41340520029));
#2143 = CARTESIAN_POINT('',(-5.851250988846,-25.05522580125));
#2144 = CARTESIAN_POINT('',(-5.826992227803,-23.7007962929));
#2145 = CARTESIAN_POINT('',(-5.802827802296,-22.35016150769));
#2146 = CARTESIAN_POINT('',(-5.778756145139,-21.00333805359));
#2147 = CARTESIAN_POINT('',(-5.754776489959,-19.66037832254));
#2148 = CARTESIAN_POINT('',(-5.730887977871,-18.32132175658));
#2149 = CARTESIAN_POINT('',(-5.707089824703,-16.9862048489));
#2150 = CARTESIAN_POINT('',(-5.68338127575,-15.65505929702));
#2151 = CARTESIAN_POINT('',(-5.659761617982,-14.32791328788));
#2152 = CARTESIAN_POINT('',(-5.636230177343,-13.00479190355));
#2153 = CARTESIAN_POINT('',(-5.612786320519,-11.68571772454));
#2154 = CARTESIAN_POINT('',(-5.589429455961,-10.37071134454));
#2155 = CARTESIAN_POINT('',(-5.566159035563,-9.059791875282));
#2156 = CARTESIAN_POINT('',(-5.542974556654,-7.752977422794));
#2157 = CARTESIAN_POINT('',(-5.519875564335,-6.450285540701));
#2158 = CARTESIAN_POINT('',(-5.49686165444,-5.151733667173));
#2159 = CARTESIAN_POINT('',(-5.473932476131,-3.85733952273));
#2160 = CARTESIAN_POINT('',(-5.451087737999,-2.567121563931));
#2161 = CARTESIAN_POINT('',(-5.428327203322,-1.281099146191));
#2162 = CARTESIAN_POINT('',(-5.413209553284,-0.426562181272));
#2163 = CARTESIAN_POINT('',(-5.405664709804,-3.775272642504E-16));
#2164 = ( GEOMETRIC_REPRESENTATION_CONTEXT(2) 
PARAMETRIC_REPRESENTATION_CONTEXT() REPRESENTATION_CONTEXT('2D SPACE',''
  ) );
#2165 = PCURVE('',#1557,#2166);
#2166 = DEFINITIONAL_REPRESENTATION('',(#2167),#2215);
#2167 = B_SPLINE_CURVE_WITH_KNOTS('',3,(#2168,#2169,#2170,#2171,#2172,
    #2173,#2174,#2175,#2176,#2177,#2178,#2179,#2180,#2181,#2182,#2183,
    #2184,#2185,#2186,#2187,#2188,#2189,#2190,#2191,#2192,#2193,#2194,
    #2195,#2196,#2197,#2198,#2199,#2200,#2201,#2202,#2203,#2204,#2205,
    #2206,#2207,#2208,#2209,#2210,#2211,#2212,#2213,#2214),
  .UNSPECIFIED.,.F.,.F.,(4,1,1,1,1,1,1,1,1,1,1,1,1,1,1,1,1,1,1,1,1,1,1,1
    ,1,1,1,1,1,1,1,1,1,1,1,1,1,1,1,1,1,1,1,1,4),(0.,0.126658208908,
    0.253316417817,0.379974626725,0.506632835634,0.633291044542,
    0.759949253451,0.886607462359,1.013265671268,1.139923880176,
    1.266582089084,1.393240297993,1.519898506901,1.64655671581,
    1.773214924718,1.899873133627,2.026531342535,2.153189551444,
    2.279847760352,2.40650596926,2.533164178169,2.659822387077,
    2.786480595986,2.913138804894,3.039797013803,3.166455222711,
    3.29311343162,3.419771640528,3.546429849436,3.673088058345,
    3.799746267253,3.926404476162,4.05306268507,4.179720893979,
    4.306379102887,4.433037311796,4.559695520704,4.686353729612,
    4.813011938521,4.939670147429,5.066328356338,5.192986565246,
    5.319644774155,5.446302983063,5.572961191971),
  .QUASI_UNIFORM_KNOTS.);
#2168 = CARTESIAN_POINT('',(1.132964069906,1.));
#2169 = CARTESIAN_POINT('',(1.131233870026,0.992848273636));
#2170 = CARTESIAN_POINT('',(1.127906299257,0.978531667875));
#2171 = CARTESIAN_POINT('',(1.123277165209,0.957015446264));
#2172 = CARTESIAN_POINT('',(1.118972110791,0.935456037766));
#2173 = CARTESIAN_POINT('',(1.114959565133,0.913851638641));
#2174 = CARTESIAN_POINT('',(1.111211376029,0.892200501588));
#2175 = CARTESIAN_POINT('',(1.107702916945,0.870500954576));
#2176 = CARTESIAN_POINT('',(1.104412434173,0.848751394887));
#2177 = CARTESIAN_POINT('',(1.101320689496,0.826950351758));
#2178 = CARTESIAN_POINT('',(1.098410576352,0.805096296416));
#2179 = CARTESIAN_POINT('',(1.095666876367,0.783187842033));
#2180 = CARTESIAN_POINT('',(1.093076003506,0.761223710685));
#2181 = CARTESIAN_POINT('',(1.090625786578,0.739202646097));
#2182 = CARTESIAN_POINT('',(1.088305294766,0.717123449502));
#2183 = CARTESIAN_POINT('',(1.086104687359,0.694984982011));
#2184 = CARTESIAN_POINT('',(1.084015085201,0.672786176479));
#2185 = CARTESIAN_POINT('',(1.082028458269,0.650526044046));
#2186 = CARTESIAN_POINT('',(1.080137527447,0.628203692067));
#2187 = CARTESIAN_POINT('',(1.078335673326,0.605818301541));
#2188 = CARTESIAN_POINT('',(1.076616852627,0.583368935292));
#2189 = CARTESIAN_POINT('',(1.074975563397,0.560854922514));
#2190 = CARTESIAN_POINT('',(1.073406770371,0.538275573372));
#2191 = CARTESIAN_POINT('',(1.071905865017,0.515630252655));
#2192 = CARTESIAN_POINT('',(1.070468625091,0.492918371576));
#2193 = CARTESIAN_POINT('',(1.069091159997,0.470139401947));
#2194 = CARTESIAN_POINT('',(1.067769884805,0.447292881136));
#2195 = CARTESIAN_POINT('',(1.066501494696,0.424378419697));
#2196 = CARTESIAN_POINT('',(1.065282934975,0.401395712944));
#2197 = CARTESIAN_POINT('',(1.064111361447,0.378344057592));
#2198 = CARTESIAN_POINT('',(1.062984172544,0.355223443691));
#2199 = CARTESIAN_POINT('',(1.061898945188,0.332033725744));
#2200 = CARTESIAN_POINT('',(1.06085342735,0.308774788534));
#2201 = CARTESIAN_POINT('',(1.059845521068,0.285446512804));
#2202 = CARTESIAN_POINT('',(1.058873270171,0.262048794063));
#2203 = CARTESIAN_POINT('',(1.057934848719,0.238581546724));
#2204 = CARTESIAN_POINT('',(1.057028550991,0.2150447118));
#2205 = CARTESIAN_POINT('',(1.056152782545,0.191438263347));
#2206 = CARTESIAN_POINT('',(1.055306052203,0.167762215025));
#2207 = CARTESIAN_POINT('',(1.054486964699,0.144016626493));
#2208 = CARTESIAN_POINT('',(1.053694213709,0.12020160972));
#2209 = CARTESIAN_POINT('',(1.052926575141,9.631733558487E-02));
#2210 = CARTESIAN_POINT('',(1.052182899811,7.23640394978E-02));
#2211 = CARTESIAN_POINT('',(1.051462107541,4.834203104751E-02));
#2212 = CARTESIAN_POINT('',(1.050763173693,2.425168919953E-02));
#2213 = CARTESIAN_POINT('',(1.050311151559,8.146237814852E-03));
#2214 = CARTESIAN_POINT('',(1.050088461119,8.228360277422E-05));
#2215 = ( GEOMETRIC_REPRESENTATION_CONTEXT(2) 
PARAMETRIC_REPRESENTATION_CONTEXT() REPRESENTATION_CONTEXT('2D SPACE',''
  ) );
#2216 = ORIENTED_EDGE('',*,*,#1593,.T.);
#2217 = ORIENTED_EDGE('',*,*,#1744,.T.);
#2218 = ORIENTED_EDGE('',*,*,#2219,.T.);
#2219 = EDGE_CURVE('',#1745,#2220,#2222,.T.);
#2220 = VERTEX_POINT('',#2221);
#2221 = CARTESIAN_POINT('',(4.599606048834,12.990381056767,60.));
#2222 = SURFACE_CURVE('',#2223,(#2228,#2238),.PCURVE_S1.);
#2223 = ELLIPSE('',#2224,26.322525453694,21.380020186097);
#2224 = AXIS2_PLACEMENT_3D('',#2225,#2226,#2227);
#2225 = CARTESIAN_POINT('',(-6.768815003797,-6.700301808227,
    46.736842105263));
#2226 = DIRECTION('',(-0.251935512762,-0.436365108335,0.863778900898));
#2227 = DIRECTION('',(-0.431889450449,-0.748054471431,-0.503871025524));
#2228 = PCURVE('',#1608,#2229);
#2229 = DEFINITIONAL_REPRESENTATION('',(#2230),#2237);
#2230 = B_SPLINE_CURVE_WITH_KNOTS('',5,(#2231,#2232,#2233,#2234,#2235,
    #2236),.UNSPECIFIED.,.F.,.F.,(6,6),(2.990021417568,3.141592653562),
  .PIECEWISE_BEZIER_KNOTS.);
#2231 = CARTESIAN_POINT('',(-7.114767789641,-59.84793862322));
#2232 = CARTESIAN_POINT('',(-7.157721729407,-59.90864668152));
#2233 = CARTESIAN_POINT('',(-7.200801683859,-59.95429413328));
#2234 = CARTESIAN_POINT('',(-7.243966962009,-59.98476472176));
#2235 = CARTESIAN_POINT('',(-7.287174910535,-59.99999999998));
#2236 = CARTESIAN_POINT('',(-7.330382858337,-60.));
#2237 = ( GEOMETRIC_REPRESENTATION_CONTEXT(2) 
PARAMETRIC_REPRESENTATION_CONTEXT() REPRESENTATION_CONTEXT('2D SPACE',''
  ) );
#2238 = PCURVE('',#1893,#2239);
#2239 = DEFINITIONAL_REPRESENTATION('',(#2240),#2244);
#2240 = ELLIPSE('',#2241,26.322525453694,21.380020186097);
#2241 = AXIS2_PLACEMENT_2D('',#2242,#2243);
#2242 = CARTESIAN_POINT('',(-23.80231530347,9.265478494313));
#2243 = DIRECTION('',(-0.945372981626,0.325990683319));
#2244 = ( GEOMETRIC_REPRESENTATION_CONTEXT(2) 
PARAMETRIC_REPRESENTATION_CONTEXT() REPRESENTATION_CONTEXT('2D SPACE',''
  ) );
#2245 = ORIENTED_EDGE('',*,*,#2246,.T.);
#2246 = EDGE_CURVE('',#2220,#2247,#2249,.T.);
#2247 = VERTEX_POINT('',#2248);
#2248 = CARTESIAN_POINT('',(11.932068442211,2.235633992643,60.));
#2249 = SURFACE_CURVE('',#2250,(#2255,#2262),.PCURVE_S1.);
#2250 = CIRCLE('',#2251,15.);
#2251 = AXIS2_PLACEMENT_3D('',#2252,#2253,#2254);
#2252 = CARTESIAN_POINT('',(-2.900393951166,3.552713678801E-15,60.));
#2253 = DIRECTION('',(0.,0.,-1.));
#2254 = DIRECTION('',(0.5,0.866025403784,0.));
#2255 = PCURVE('',#1608,#2256);
#2256 = DEFINITIONAL_REPRESENTATION('',(#2257),#2261);
#2257 = LINE('',#2258,#2259);
#2258 = CARTESIAN_POINT('',(-7.330382858376,-60.));
#2259 = VECTOR('',#2260,1.);
#2260 = DIRECTION('',(1.,-0.));
#2261 = ( GEOMETRIC_REPRESENTATION_CONTEXT(2) 
PARAMETRIC_REPRESENTATION_CONTEXT() REPRESENTATION_CONTEXT('2D SPACE',''
  ) );
#2262 = PCURVE('',#2263,#2268);
#2263 = PLANE('',#2264);
#2264 = AXIS2_PLACEMENT_3D('',#2265,#2266,#2267);
#2265 = CARTESIAN_POINT('',(-2.900393951166,3.552713678801E-15,60.));
#2266 = DIRECTION('',(0.,0.,1.));
#2267 = DIRECTION('',(1.,0.,0.));
#2268 = DEFINITIONAL_REPRESENTATION('',(#2269),#2277);
#2269 = ( BOUNDED_CURVE() B_SPLINE_CURVE(2,(#2270,#2271,#2272,#2273,
#2274,#2275,#2276),.UNSPECIFIED.,.T.,.F.) B_SPLINE_CURVE_WITH_KNOTS((1,2
    ,2,2,2,1),(-2.094395102393,0.,2.094395102393,4.188790204786,
6.28318530718,8.377580409573),.UNSPECIFIED.) CURVE() 
GEOMETRIC_REPRESENTATION_ITEM() RATIONAL_B_SPLINE_CURVE((1.,0.5,1.,0.5,
1.,0.5,1.)) REPRESENTATION_ITEM('') );
#2270 = CARTESIAN_POINT('',(7.5,12.990381056767));
#2271 = CARTESIAN_POINT('',(30.,9.087886716558E-15));
#2272 = CARTESIAN_POINT('',(7.5,-12.99038105676));
#2273 = CARTESIAN_POINT('',(-15.,-25.98076211353));
#2274 = CARTESIAN_POINT('',(-15.,-1.069742395471E-14));
#2275 = CARTESIAN_POINT('',(-15.,25.980762113533));
#2276 = CARTESIAN_POINT('',(7.5,12.990381056767));
#2277 = ( GEOMETRIC_REPRESENTATION_CONTEXT(2) 
PARAMETRIC_REPRESENTATION_CONTEXT() REPRESENTATION_CONTEXT('2D SPACE',''
  ) );
#2278 = ORIENTED_EDGE('',*,*,#2279,.T.);
#2279 = EDGE_CURVE('',#2247,#2084,#2280,.T.);
#2280 = SURFACE_CURVE('',#2281,(#2286,#2296),.PCURVE_S1.);
#2281 = ELLIPSE('',#2282,26.322525453694,21.380020186097);
#2282 = AXIS2_PLACEMENT_3D('',#2283,#2284,#2285);
#2283 = CARTESIAN_POINT('',(-10.55082192248,-1.153116480416,
    46.736842105263));
#2284 = DIRECTION('',(-0.49824320248,-7.509807950462E-02,0.863778900898)
  );
#2285 = DIRECTION('',(-0.854131204251,-0.128739564865,-0.503871025524));
#2286 = PCURVE('',#1608,#2287);
#2287 = DEFINITIONAL_REPRESENTATION('',(#2288),#2295);
#2288 = B_SPLINE_CURVE_WITH_KNOTS('',5,(#2289,#2290,#2291,#2292,#2293,
    #2294),.UNSPECIFIED.,.F.,.F.,(6,6),(3.141592653546,3.218789428938),
  .PIECEWISE_BEZIER_KNOTS.);
#2289 = CARTESIAN_POINT('',(-6.432784957288,-60.));
#2290 = CARTESIAN_POINT('',(-6.454791205503,-60.));
#2291 = CARTESIAN_POINT('',(-6.476797453726,-59.99604801532));
#2292 = CARTESIAN_POINT('',(-6.498798065076,-59.98814404537));
#2293 = CARTESIAN_POINT('',(-6.520787402837,-59.97629201733));
#2294 = CARTESIAN_POINT('',(-6.542759898665,-59.96049977435));
#2295 = ( GEOMETRIC_REPRESENTATION_CONTEXT(2) 
PARAMETRIC_REPRESENTATION_CONTEXT() REPRESENTATION_CONTEXT('2D SPACE',''
  ) );
#2296 = PCURVE('',#2297,#2302);
#2297 = PLANE('',#2298);
#2298 = AXIS2_PLACEMENT_3D('',#2299,#2300,#2301);
#2299 = CARTESIAN_POINT('',(11.397805744987,1.143811514525,
    59.596903179581));
#2300 = DIRECTION('',(-0.49824320248,-7.509807950462E-02,0.863778900898)
  );
#2301 = DIRECTION('',(0.758886173069,0.444056543018,0.476346053755));
#2302 = DEFINITIONAL_REPRESENTATION('',(#2303),#2307);
#2303 = ELLIPSE('',#2304,26.322525453694,21.380020186097);
#2304 = AXIS2_PLACEMENT_2D('',#2305,#2306);
#2305 = CARTESIAN_POINT('',(-23.80231530347,9.265478494313));
#2306 = DIRECTION('',(-0.945372981626,0.325990683319));
#2307 = ( GEOMETRIC_REPRESENTATION_CONTEXT(2) 
PARAMETRIC_REPRESENTATION_CONTEXT() REPRESENTATION_CONTEXT('2D SPACE',''
  ) );
#2308 = ADVANCED_FACE('',(#2309),#216,.T.);
#2309 = FACE_BOUND('',#2310,.T.);
#2310 = EDGE_LOOP('',(#2311,#2412,#2435,#2436));
#2311 = ORIENTED_EDGE('',*,*,#2312,.T.);
#2312 = EDGE_CURVE('',#199,#2313,#2315,.T.);
#2313 = VERTEX_POINT('',#2314);
#2314 = CARTESIAN_POINT('',(46.399511063498,1.012990282114,
    -0.387999700521));
#2315 = SURFACE_CURVE('',#2316,(#2346,#2379),.PCURVE_S1.);
#2316 = B_SPLINE_CURVE_WITH_KNOTS('',4,(#2317,#2318,#2319,#2320,#2321,
    #2322,#2323,#2324,#2325,#2326,#2327,#2328,#2329,#2330,#2331,#2332,
    #2333,#2334,#2335,#2336,#2337,#2338,#2339,#2340,#2341,#2342,#2343,
    #2344,#2345),.UNSPECIFIED.,.F.,.F.,(5,3,3,3,3,3,3,3,3,5),(0.,
    9.6063643586E-02,0.207235856546,0.318385042755,0.430850700381,
    0.545207527086,0.659069680828,0.772810752884,0.886452116479,1.),
  .UNSPECIFIED.);
#2317 = CARTESIAN_POINT('',(45.713625743844,1.507051571088,
    8.326672684689E-16));
#2318 = CARTESIAN_POINT('',(45.732668668557,1.500296085458,
    8.326672684689E-16));
#2319 = CARTESIAN_POINT('',(45.751856854941,1.493102999914,
    -6.042454590494E-04));
#2320 = CARTESIAN_POINT('',(45.771149355516,1.485472507241,
    -1.83360716557E-03));
#2321 = CARTESIAN_POINT('',(45.812895095084,1.46808234119,
    -5.862840872378E-03));
#2322 = CARTESIAN_POINT('',(45.835368342712,1.458176549739,
    -8.879245042995E-03));
#2323 = CARTESIAN_POINT('',(45.857849255633,1.447704464732,
    -1.277110090691E-02));
#2324 = CARTESIAN_POINT('',(45.902670318194,1.425675093625,
    -2.231398720167E-02));
#2325 = CARTESIAN_POINT('',(45.92501065517,1.414118004763,
    -2.796461925622E-02));
#2326 = CARTESIAN_POINT('',(45.94720741245,1.402039996147,
    -3.44994456945E-02));
#2327 = CARTESIAN_POINT('',(45.991422447419,1.376761121786,
    -4.940033031334E-02));
#2328 = CARTESIAN_POINT('',(46.013435662984,1.363548585562,
    -5.778717998557E-02));
#2329 = CARTESIAN_POINT('',(46.03514589953,1.349872561035,
    -6.705356545376E-02));
#2330 = CARTESIAN_POINT('',(46.078171751659,1.321446721947,
    -8.74550038733E-02));
#2331 = CARTESIAN_POINT('',(46.099474749147,1.306682618615,
    -9.861893193278E-02));
#2332 = CARTESIAN_POINT('',(46.12031102853,1.291533303436,
    -0.110629101014));
#2333 = CARTESIAN_POINT('',(46.160827248029,1.260641315199,
    -0.136190188929));
#2334 = CARTESIAN_POINT('',(46.180511920187,1.244901376841,
    -0.14973433043));
#2335 = CARTESIAN_POINT('',(46.199600499098,1.228888371409,
    -0.164022162692));
#2336 = CARTESIAN_POINT('',(46.236459284043,1.196450200372,
    -0.19394886561));
#2337 = CARTESIAN_POINT('',(46.254230944263,1.180025374817,
    -0.209586417469));
#2338 = CARTESIAN_POINT('',(46.271301663506,1.163444343149,
    -0.22584607825));
#2339 = CARTESIAN_POINT('',(46.303951769108,1.130101750997,
    -0.259457782956));
#2340 = CARTESIAN_POINT('',(46.319532478708,1.113340253938,
    -0.27680899843));
#2341 = CARTESIAN_POINT('',(46.334338635895,1.096539691747,
    -0.294644577139));
#2342 = CARTESIAN_POINT('',(46.362348151179,1.062985542454,
    -0.331124365201));
#2343 = CARTESIAN_POINT('',(46.375552806288,1.046231836631,
    -0.34976803476));
#2344 = CARTESIAN_POINT('',(46.387942176825,1.029550063177,
    -0.36875064404));
#2345 = CARTESIAN_POINT('',(46.399511218492,1.012990126161,
    -0.38799985496));
#2346 = PCURVE('',#216,#2347);
#2347 = DEFINITIONAL_REPRESENTATION('',(#2348),#2378);
#2348 = B_SPLINE_CURVE_WITH_KNOTS('',4,(#2349,#2350,#2351,#2352,#2353,
    #2354,#2355,#2356,#2357,#2358,#2359,#2360,#2361,#2362,#2363,#2364,
    #2365,#2366,#2367,#2368,#2369,#2370,#2371,#2372,#2373,#2374,#2375,
    #2376,#2377),.UNSPECIFIED.,.F.,.F.,(5,3,3,3,3,3,3,3,3,5),(0.,
    9.6063643586E-02,0.207235856546,0.318385042755,0.430850700381,
    0.545207527086,0.659069680828,0.772810752884,0.886452116479,1.),
  .UNSPECIFIED.);
#2349 = CARTESIAN_POINT('',(0.,-0.164999724638));
#2350 = CARTESIAN_POINT('',(9.915445801661E-02,-0.158110528359));
#2351 = CARTESIAN_POINT('',(0.198220858366,-0.15078271927));
#2352 = CARTESIAN_POINT('',(0.297195264054,-0.14301677794));
#2353 = CARTESIAN_POINT('',(0.51050712697,-0.125333539409));
#2354 = CARTESIAN_POINT('',(0.624812667724,-0.115269986131));
#2355 = CARTESIAN_POINT('',(0.738988529607,-0.104640095286));
#2356 = CARTESIAN_POINT('',(0.967058696802,-8.229611937728E-02));
#2357 = CARTESIAN_POINT('',(1.080953109322,-7.058223023184E-02));
#2358 = CARTESIAN_POINT('',(1.194719418225,-5.834843817002E-02));
#2359 = CARTESIAN_POINT('',(1.423353450211,-3.275926623943E-02));
#2360 = CARTESIAN_POINT('',(1.538218283011,-1.939225162071E-02));
#2361 = CARTESIAN_POINT('',(1.652964006086,-5.563882707073E-03));
#2362 = CARTESIAN_POINT('',(1.884167846256,2.31638625103E-02));
#2363 = CARTESIAN_POINT('',(2.000622297871,3.807743880724E-02));
#2364 = CARTESIAN_POINT('',(2.116977568415,5.33729462917E-02));
#2365 = CARTESIAN_POINT('',(2.349020838059,8.454919693127E-02));
#2366 = CARTESIAN_POINT('',(2.464709495922,0.100427238618));
#2367 = CARTESIAN_POINT('',(2.580333536816,0.116574162037));
#2368 = CARTESIAN_POINT('',(2.811369545243,0.149270916024));
#2369 = CARTESIAN_POINT('',(2.926781534419,0.165820416742));
#2370 = CARTESIAN_POINT('',(3.042168973767,0.182521205584));
#2371 = CARTESIAN_POINT('',(3.27283568131,0.216092851017));
#2372 = CARTESIAN_POINT('',(3.388114877206,0.232963653461));
#2373 = CARTESIAN_POINT('',(3.503411477697,0.249868089068));
#2374 = CARTESIAN_POINT('',(3.733984297187,0.283618746224));
#2375 = CARTESIAN_POINT('',(3.849260387796,0.300465095586));
#2376 = CARTESIAN_POINT('',(3.96459336206,0.317233796503));
#2377 = CARTESIAN_POINT('',(4.07999999701,0.333874909897));
#2378 = ( GEOMETRIC_REPRESENTATION_CONTEXT(2) 
PARAMETRIC_REPRESENTATION_CONTEXT() REPRESENTATION_CONTEXT('2D SPACE',''
  ) );
#2379 = PCURVE('',#256,#2380);
#2380 = DEFINITIONAL_REPRESENTATION('',(#2381),#2411);
#2381 = B_SPLINE_CURVE_WITH_KNOTS('',4,(#2382,#2383,#2384,#2385,#2386,
    #2387,#2388,#2389,#2390,#2391,#2392,#2393,#2394,#2395,#2396,#2397,
    #2398,#2399,#2400,#2401,#2402,#2403,#2404,#2405,#2406,#2407,#2408,
    #2409,#2410),.UNSPECIFIED.,.F.,.F.,(5,3,3,3,3,3,3,3,3,5),(0.,
    9.6063643586E-02,0.207235856546,0.318385042755,0.430850700381,
    0.545207527086,0.659069680828,0.772810752884,0.886452116479,1.),
  .UNSPECIFIED.);
#2382 = CARTESIAN_POINT('',(0.975553109503,1.127970946264E-02));
#2383 = CARTESIAN_POINT('',(0.976580054689,1.112523647089E-02));
#2384 = CARTESIAN_POINT('',(0.977595570106,1.096116479456E-02));
#2385 = CARTESIAN_POINT('',(0.978596728151,1.078753116544E-02));
#2386 = CARTESIAN_POINT('',(0.980719181944,1.039271628714E-02));
#2387 = CARTESIAN_POINT('',(0.98183461658,1.016835185514E-02));
#2388 = CARTESIAN_POINT('',(0.982922320359,9.931703206407E-03));
#2389 = CARTESIAN_POINT('',(0.985033424669,9.434968867444E-03));
#2390 = CARTESIAN_POINT('',(0.986056848531,9.174887259286E-03));
#2391 = CARTESIAN_POINT('',(0.987043946942,8.903606943672E-03));
#2392 = CARTESIAN_POINT('',(0.988949204876,8.33686959541E-03));
#2393 = CARTESIAN_POINT('',(0.989866418068,8.041162702577E-03));
#2394 = CARTESIAN_POINT('',(0.990738724696,7.735594022845E-03));
#2395 = CARTESIAN_POINT('',(0.992401302984,7.10146731903E-03));
#2396 = CARTESIAN_POINT('',(0.99318995484,6.772606880102E-03));
#2397 = CARTESIAN_POINT('',(0.993925847588,6.435656580175E-03));
#2398 = CARTESIAN_POINT('',(0.995284965965,5.749488866005E-03));
#2399 = CARTESIAN_POINT('',(0.995908668067,5.400328314067E-03));
#2400 = CARTESIAN_POINT('',(0.996475919902,5.045544552198E-03));
#2401 = CARTESIAN_POINT('',(0.997495158962,4.327649851758E-03));
#2402 = CARTESIAN_POINT('',(0.997947267618,3.964545715661E-03));
#2403 = CARTESIAN_POINT('',(0.998341235644,3.598358093701E-03));
#2404 = CARTESIAN_POINT('',(0.999013063799,2.862661182645E-03));
#2405 = CARTESIAN_POINT('',(0.999291022109,2.493152871987E-03));
#2406 = CARTESIAN_POINT('',(0.999511411017,2.123080686299E-03));
#2407 = CARTESIAN_POINT('',(0.999839456269,1.384486805316E-03));
#2408 = CARTESIAN_POINT('',(0.999947199786,1.015962240072E-03));
#2409 = CARTESIAN_POINT('',(1.000000003239,6.492413351933E-04));
#2410 = CARTESIAN_POINT('',(1.000000003374,2.853814453518E-04));
#2411 = ( GEOMETRIC_REPRESENTATION_CONTEXT(2) 
PARAMETRIC_REPRESENTATION_CONTEXT() REPRESENTATION_CONTEXT('2D SPACE',''
  ) );
#2412 = ORIENTED_EDGE('',*,*,#2413,.T.);
#2413 = EDGE_CURVE('',#2313,#1994,#2414,.T.);
#2414 = SURFACE_CURVE('',#2415,(#2420,#2427),.PCURVE_S1.);
#2415 = ( BOUNDED_CURVE() B_SPLINE_CURVE(3,(#2416,#2417,#2418,#2419),
.UNSPECIFIED.,.F.,.F.) B_SPLINE_CURVE_WITH_KNOTS((4,4),(-1.039999999238,
3.039999997772),.PIECEWISE_BEZIER_KNOTS.) CURVE() 
GEOMETRIC_REPRESENTATION_ITEM() RATIONAL_B_SPLINE_CURVE((1.,1.,1.,1.)) 
REPRESENTATION_ITEM('') );
#2416 = CARTESIAN_POINT('',(46.391775124831,2.386844609769,
    -0.37619529734));
#2417 = CARTESIAN_POINT('',(46.399597150203,1.026865984249,
    -0.387696457285));
#2418 = CARTESIAN_POINT('',(46.406943963735,-0.333115984613,
    -0.399742571987));
#2419 = CARTESIAN_POINT('',(46.413708694854,-1.693102048706,
    -0.412351562643));
#2420 = PCURVE('',#216,#2421);
#2421 = DEFINITIONAL_REPRESENTATION('',(#2422),#2426);
#2422 = LINE('',#2423,#2424);
#2423 = CARTESIAN_POINT('',(4.07999999701,0.));
#2424 = VECTOR('',#2425,1.);
#2425 = DIRECTION('',(0.,1.));
#2426 = ( GEOMETRIC_REPRESENTATION_CONTEXT(2) 
PARAMETRIC_REPRESENTATION_CONTEXT() REPRESENTATION_CONTEXT('2D SPACE',''
  ) );
#2427 = PCURVE('',#1686,#2428);
#2428 = DEFINITIONAL_REPRESENTATION('',(#2429),#2434);
#2429 = B_SPLINE_CURVE_WITH_KNOTS('',3,(#2430,#2431,#2432,#2433),
  .UNSPECIFIED.,.F.,.F.,(4,4),(-1.039999999238,3.039999997772),
  .PIECEWISE_BEZIER_KNOTS.);
#2430 = CARTESIAN_POINT('',(1.681850344215,5.085123477692E-04));
#2431 = CARTESIAN_POINT('',(1.006806665575,2.911229037389E-04));
#2432 = CARTESIAN_POINT('',(0.331997944111,6.341518180078E-05));
#2433 = CARTESIAN_POINT('',(-0.342568266574,-1.749549999978E-04));
#2434 = ( GEOMETRIC_REPRESENTATION_CONTEXT(2) 
PARAMETRIC_REPRESENTATION_CONTEXT() REPRESENTATION_CONTEXT('2D SPACE',''
  ) );
#2435 = ORIENTED_EDGE('',*,*,#1993,.F.);
#2436 = ORIENTED_EDGE('',*,*,#198,.F.);
#2437 = ADVANCED_FACE('',(#2438),#1557,.F.);
#2438 = FACE_BOUND('',#2439,.F.);
#2439 = EDGE_LOOP('',(#2440,#2473,#2499,#2559,#2578,#2579));
#2440 = ORIENTED_EDGE('',*,*,#2441,.F.);
#2441 = EDGE_CURVE('',#2442,#1482,#2444,.T.);
#2442 = VERTEX_POINT('',#2443);
#2443 = CARTESIAN_POINT('',(28.625081755622,-37.92782069065,
    -0.403096820419));
#2444 = SURFACE_CURVE('',#2445,(#2459,#2466),.PCURVE_S1.);
#2445 = ( BOUNDED_CURVE() B_SPLINE_CURVE(7,(#2446,#2447,#2448,#2449,
    #2450,#2451,#2452,#2453,#2454,#2455,#2456,#2457,#2458),
.UNSPECIFIED.,.F.,.F.) B_SPLINE_CURVE_WITH_KNOTS((8,5,8),(0.,
0.52965543135,1.),.UNSPECIFIED.) CURVE() GEOMETRIC_REPRESENTATION_ITEM()
 RATIONAL_B_SPLINE_CURVE((1.,1.,1.,1.,1.,1.,1.,1.,1.,1.,1.,1.,1.)) 
REPRESENTATION_ITEM('') );
#2446 = CARTESIAN_POINT('',(28.625081755622,-37.92782069065,
    -0.403096820419));
#2447 = CARTESIAN_POINT('',(29.818909330609,-33.9000301797,
    3.599509999661));
#2448 = CARTESIAN_POINT('',(30.562253348542,-29.80399656493,
    7.691150027432));
#2449 = CARTESIAN_POINT('',(30.831652628799,-25.698923618,
    11.875502452771));
#2450 = CARTESIAN_POINT('',(30.611817657342,-21.65371053861,
    16.155925347564));
#2451 = CARTESIAN_POINT('',(29.89909573951,-17.74675104906,
    20.535129710615));
#2452 = CARTESIAN_POINT('',(27.650459321171,-10.79465848831,
    28.992197538944));
#2453 = CARTESIAN_POINT('',(23.831500028341,-4.951046635743,
    37.802090822544));
#2454 = CARTESIAN_POINT('',(21.7143026534,-2.508164755828,42.02302983286
    ));
#2455 = CARTESIAN_POINT('',(19.316895973321,-0.43106356158,
    46.31886954859));
#2456 = CARTESIAN_POINT('',(16.696858093816,1.224454670046,
    50.685150388478));
#2457 = CARTESIAN_POINT('',(13.929455240711,2.415909951472,
    55.114498754514));
#2458 = CARTESIAN_POINT('',(11.099721212634,3.121473166976,
    59.596903179581));
#2459 = PCURVE('',#1557,#2460);
#2460 = DEFINITIONAL_REPRESENTATION('',(#2461),#2465);
#2461 = LINE('',#2462,#2463);
#2462 = CARTESIAN_POINT('',(1.,0.));
#2463 = VECTOR('',#2464,1.);
#2464 = DIRECTION('',(0.,1.));
#2465 = ( GEOMETRIC_REPRESENTATION_CONTEXT(2) 
PARAMETRIC_REPRESENTATION_CONTEXT() REPRESENTATION_CONTEXT('2D SPACE',''
  ) );
#2466 = PCURVE('',#1501,#2467);
#2467 = DEFINITIONAL_REPRESENTATION('',(#2468),#2472);
#2468 = LINE('',#2469,#2470);
#2469 = CARTESIAN_POINT('',(1.,0.));
#2470 = VECTOR('',#2471,1.);
#2471 = DIRECTION('',(0.,1.));
#2472 = ( GEOMETRIC_REPRESENTATION_CONTEXT(2) 
PARAMETRIC_REPRESENTATION_CONTEXT() REPRESENTATION_CONTEXT('2D SPACE',''
  ) );
#2473 = ORIENTED_EDGE('',*,*,#2474,.T.);
#2474 = EDGE_CURVE('',#2442,#2475,#2477,.T.);
#2475 = VERTEX_POINT('',#2476);
#2476 = CARTESIAN_POINT('',(37.134287660803,-48.59802740075,
    7.558065382861));
#2477 = SURFACE_CURVE('',#2478,(#2481,#2488),.PCURVE_S1.);
#2478 = B_SPLINE_CURVE_WITH_KNOTS('',1,(#2479,#2480),.UNSPECIFIED.,.F.,
  .F.,(2,2),(1.,2.),.PIECEWISE_BEZIER_KNOTS.);
#2479 = CARTESIAN_POINT('',(28.625081755622,-37.92782069065,
    -0.403096820419));
#2480 = CARTESIAN_POINT('',(37.134287660803,-48.59802740075,
    7.558065382861));
#2481 = PCURVE('',#1557,#2482);
#2482 = DEFINITIONAL_REPRESENTATION('',(#2483),#2487);
#2483 = LINE('',#2484,#2485);
#2484 = CARTESIAN_POINT('',(0.,0.));
#2485 = VECTOR('',#2486,1.);
#2486 = DIRECTION('',(1.,0.));
#2487 = ( GEOMETRIC_REPRESENTATION_CONTEXT(2) 
PARAMETRIC_REPRESENTATION_CONTEXT() REPRESENTATION_CONTEXT('2D SPACE',''
  ) );
#2488 = PCURVE('',#2489,#2494);
#2489 = PLANE('',#2490);
#2490 = AXIS2_PLACEMENT_3D('',#2491,#2492,#2493);
#2491 = CARTESIAN_POINT('',(27.061418790686,-39.17480029436,
    -0.403096820419));
#2492 = DIRECTION('',(-0.314158445866,0.393942230858,0.863778900898));
#2493 = DIRECTION('',(0.632476375227,-0.591685308331,0.499882116789));
#2494 = DEFINITIONAL_REPRESENTATION('',(#2495),#2498);
#2495 = B_SPLINE_CURVE_WITH_KNOTS('',1,(#2496,#2497),.UNSPECIFIED.,.F.,
  .F.,(2,2),(1.,2.),.PIECEWISE_BEZIER_KNOTS.);
#2496 = CARTESIAN_POINT('',(0.251160372832,1.984166945375));
#2497 = CARTESIAN_POINT('',(15.926079241295,-5.329070518201E-15));
#2498 = ( GEOMETRIC_REPRESENTATION_CONTEXT(2) 
PARAMETRIC_REPRESENTATION_CONTEXT() REPRESENTATION_CONTEXT('2D SPACE',''
  ) );
#2499 = ORIENTED_EDGE('',*,*,#2500,.T.);
#2500 = EDGE_CURVE('',#2475,#2501,#2503,.T.);
#2501 = VERTEX_POINT('',#2502);
#2502 = CARTESIAN_POINT('',(16.053682197291,3.868162643193,
    62.51935512762));
#2503 = SURFACE_CURVE('',#2504,(#2518,#2525),.PCURVE_S1.);
#2504 = ( BOUNDED_CURVE() B_SPLINE_CURVE(7,(#2505,#2506,#2507,#2508,
    #2509,#2510,#2511,#2512,#2513,#2514,#2515,#2516,#2517),
.UNSPECIFIED.,.F.,.F.) B_SPLINE_CURVE_WITH_KNOTS((8,5,8),(0.,
0.52965543135,1.),.UNSPECIFIED.) CURVE() GEOMETRIC_REPRESENTATION_ITEM()
 RATIONAL_B_SPLINE_CURVE((1.,1.,1.,1.,1.,1.,1.,1.,1.,1.,1.,1.,1.)) 
REPRESENTATION_ITEM('') );
#2505 = CARTESIAN_POINT('',(37.134287660803,-48.59802740075,
    7.558065382861));
#2506 = CARTESIAN_POINT('',(38.714249014041,-43.52528187054,
    11.224539269075));
#2507 = CARTESIAN_POINT('',(39.730435413284,-38.35886095998,
    14.972569487364));
#2508 = CARTESIAN_POINT('',(40.152618225883,-33.1723408538,
    18.80552625476));
#2509 = CARTESIAN_POINT('',(39.960618705776,-28.05150149133,
    22.726485637263));
#2510 = CARTESIAN_POINT('',(39.148627708861,-23.09412500682,
    26.73793096809));
#2511 = CARTESIAN_POINT('',(36.476784755076,-14.24729101602,
    34.484786889817));
#2512 = CARTESIAN_POINT('',(31.817663145696,-6.75413786118,
    42.554838512827));
#2513 = CARTESIAN_POINT('',(29.218597693192,-3.605011177025,
    46.421309378502));
#2514 = CARTESIAN_POINT('',(26.261687999211,-0.906790822591,
    50.356390900401));
#2515 = CARTESIAN_POINT('',(23.017774895596,1.270015368241,
    54.355998006193));
#2516 = CARTESIAN_POINT('',(19.579925619694,2.871214146,58.413376321633)
  );
#2517 = CARTESIAN_POINT('',(16.053682197291,3.868162643193,
    62.51935512762));
#2518 = PCURVE('',#1557,#2519);
#2519 = DEFINITIONAL_REPRESENTATION('',(#2520),#2524);
#2520 = LINE('',#2521,#2522);
#2521 = CARTESIAN_POINT('',(2.,0.));
#2522 = VECTOR('',#2523,1.);
#2523 = DIRECTION('',(0.,1.));
#2524 = ( GEOMETRIC_REPRESENTATION_CONTEXT(2) 
PARAMETRIC_REPRESENTATION_CONTEXT() REPRESENTATION_CONTEXT('2D SPACE',''
  ) );
#2525 = PCURVE('',#2526,#2553);
#2526 = ( BOUNDED_SURFACE() B_SPLINE_SURFACE(1,7,(
    (#2527,#2528,#2529,#2530,#2531,#2532,#2533,#2534,#2535,#2536,#2537
      ,#2538,#2539)
    ,(#2540,#2541,#2542,#2543,#2544,#2545,#2546,#2547,#2548,#2549,#2550
      ,#2551,#2552
)),.UNSPECIFIED.,.F.,.F.,.F.) B_SPLINE_SURFACE_WITH_KNOTS((2,2),(8,5,8),
  (2.,3.),(0.,0.52965543135,1.),.UNSPECIFIED.) 
GEOMETRIC_REPRESENTATION_ITEM() RATIONAL_B_SPLINE_SURFACE((
    (1.,1.,1.,1.,1.,1.,1.,1.,1.,1.,1.,1.,1.)
,(1.,1.,1.,1.,1.,1.,1.,1.,1.,1.,1.,1.,1.
))) REPRESENTATION_ITEM('') SURFACE() );
#2527 = CARTESIAN_POINT('',(37.134287660803,-48.59802740075,
    7.558065382861));
#2528 = CARTESIAN_POINT('',(38.714249014041,-43.52528187054,
    11.224539269075));
#2529 = CARTESIAN_POINT('',(39.730435413284,-38.35886095998,
    14.972569487364));
#2530 = CARTESIAN_POINT('',(40.152618225883,-33.1723408538,
    18.80552625476));
#2531 = CARTESIAN_POINT('',(39.960618705776,-28.05150149133,
    22.726485637263));
#2532 = CARTESIAN_POINT('',(39.148627708861,-23.09412500682,
    26.73793096809));
#2533 = CARTESIAN_POINT('',(36.476784755076,-14.24729101602,
    34.484786889817));
#2534 = CARTESIAN_POINT('',(31.817663145696,-6.75413786118,
    42.554838512827));
#2535 = CARTESIAN_POINT('',(29.218597693192,-3.605011177025,
    46.421309378502));
#2536 = CARTESIAN_POINT('',(26.261687999211,-0.906790822591,
    50.356390900401));
#2537 = CARTESIAN_POINT('',(23.017774895596,1.270015368241,
    54.355998006193));
#2538 = CARTESIAN_POINT('',(19.579925619694,2.871214146,58.413376321633)
  );
#2539 = CARTESIAN_POINT('',(16.053682197291,3.868162643193,
    62.51935512762));
#2540 = CARTESIAN_POINT('',(35.570624695867,-49.84500700447,
    7.558065382861));
#2541 = CARTESIAN_POINT('',(37.237698413886,-44.88149689299,
    11.224539269075));
#2542 = CARTESIAN_POINT('',(38.351837568018,-39.81964135828,
    14.972569487364));
#2543 = CARTESIAN_POINT('',(38.882912991373,-34.73167791016,
    18.80552625476));
#2544 = CARTESIAN_POINT('',(38.810662910749,-29.70189093069,
    22.726485637263));
#2545 = CARTESIAN_POINT('',(38.128948137162,-24.82642005149,
    26.73793096809));
#2546 = CARTESIAN_POINT('',(35.721619790424,-16.11364061383,
    34.484786889817));
#2547 = CARTESIAN_POINT('',(31.357882876764,-8.709607618122,
    42.554838512827));
#2548 = CARTESIAN_POINT('',(28.903763499494,-5.59126459014,
    46.421309378502));
#2549 = CARTESIAN_POINT('',(26.096710201681,-2.911536257903,
    50.356390900401));
#2550 = CARTESIAN_POINT('',(23.006126735847,-0.739889066285,
    54.355998006193));
#2551 = CARTESIAN_POINT('',(19.723292285926,0.870232576297,
    58.413376321633));
#2552 = CARTESIAN_POINT('',(16.351766729644,1.890500990743,
    62.51935512762));
#2553 = DEFINITIONAL_REPRESENTATION('',(#2554),#2558);
#2554 = LINE('',#2555,#2556);
#2555 = CARTESIAN_POINT('',(2.,0.));
#2556 = VECTOR('',#2557,1.);
#2557 = DIRECTION('',(0.,1.));
#2558 = ( GEOMETRIC_REPRESENTATION_CONTEXT(2) 
PARAMETRIC_REPRESENTATION_CONTEXT() REPRESENTATION_CONTEXT('2D SPACE',''
  ) );
#2559 = ORIENTED_EDGE('',*,*,#2560,.F.);
#2560 = EDGE_CURVE('',#2084,#2501,#2561,.T.);
#2561 = SURFACE_CURVE('',#2562,(#2565,#2572),.PCURVE_S1.);
#2562 = B_SPLINE_CURVE_WITH_KNOTS('',1,(#2563,#2564),.UNSPECIFIED.,.F.,
  .F.,(2,2),(1.,2.),.PIECEWISE_BEZIER_KNOTS.);
#2563 = CARTESIAN_POINT('',(11.099721212634,3.121473166976,
    59.596903179581));
#2564 = CARTESIAN_POINT('',(16.053682197291,3.868162643193,
    62.51935512762));
#2565 = PCURVE('',#1557,#2566);
#2566 = DEFINITIONAL_REPRESENTATION('',(#2567),#2571);
#2567 = LINE('',#2568,#2569);
#2568 = CARTESIAN_POINT('',(0.,1.));
#2569 = VECTOR('',#2570,1.);
#2570 = DIRECTION('',(1.,0.));
#2571 = ( GEOMETRIC_REPRESENTATION_CONTEXT(2) 
PARAMETRIC_REPRESENTATION_CONTEXT() REPRESENTATION_CONTEXT('2D SPACE',''
  ) );
#2572 = PCURVE('',#2297,#2573);
#2573 = DEFINITIONAL_REPRESENTATION('',(#2574),#2577);
#2574 = B_SPLINE_CURVE_WITH_KNOTS('',1,(#2575,#2576),.UNSPECIFIED.,.F.,
  .F.,(2,2),(1.,2.),.PIECEWISE_BEZIER_KNOTS.);
#2575 = CARTESIAN_POINT('',(0.651981366639,1.890745963253));
#2576 = CARTESIAN_POINT('',(6.135144660071,-1.7763568394E-15));
#2577 = ( GEOMETRIC_REPRESENTATION_CONTEXT(2) 
PARAMETRIC_REPRESENTATION_CONTEXT() REPRESENTATION_CONTEXT('2D SPACE',''
  ) );
#2578 = ORIENTED_EDGE('',*,*,#2083,.T.);
#2579 = ORIENTED_EDGE('',*,*,#1537,.T.);
#2580 = ADVANCED_FACE('',(#2581),#256,.F.);
#2581 = FACE_BOUND('',#2582,.F.);
#2582 = EDGE_LOOP('',(#2583,#2616,#2637,#2670,#2691,#2763,#2764));
#2583 = ORIENTED_EDGE('',*,*,#2584,.F.);
#2584 = EDGE_CURVE('',#2585,#2313,#2587,.T.);
#2585 = VERTEX_POINT('',#2586);
#2586 = CARTESIAN_POINT('',(46.408582928116,1.,-0.403096820419));
#2587 = SURFACE_CURVE('',#2588,(#2602,#2609),.PCURVE_S1.);
#2588 = ( BOUNDED_CURVE() B_SPLINE_CURVE(7,(#2589,#2590,#2591,#2592,
    #2593,#2594,#2595,#2596,#2597,#2598,#2599,#2600,#2601),
.UNSPECIFIED.,.F.,.F.) B_SPLINE_CURVE_WITH_KNOTS((8,5,8),(0.,
0.52965543135,1.),.UNSPECIFIED.) CURVE() GEOMETRIC_REPRESENTATION_ITEM()
 RATIONAL_B_SPLINE_CURVE((1.,1.,1.,1.,1.,1.,1.,1.,1.,1.,1.,1.,1.)) 
REPRESENTATION_ITEM('') );
#2589 = CARTESIAN_POINT('',(46.408582928116,1.,-0.403096820419));
#2590 = CARTESIAN_POINT('',(44.003868820051,4.444658290364,
    3.599509999661));
#2591 = CARTESIAN_POINT('',(41.264928201233,7.579663232766,
    7.691150027432));
#2592 = CARTESIAN_POINT('',(38.223420637364,10.349759189722,
    11.875502452771));
#2593 = CARTESIAN_POINT('',(34.923680835812,12.700034389433,
    16.155925347564));
#2594 = CARTESIAN_POINT('',(31.424722058824,14.578755353837,
    20.535129710615));
#2595 = CARTESIAN_POINT('',(24.587355350876,17.15525942256,
    28.992197538944));
#2596 = CARTESIAN_POINT('',(17.637553460417,17.812909213263,
    37.802090822544));
#2597 = CARTESIAN_POINT('',(14.407580526951,17.680729590208,
    42.02302983286));
#2598 = CARTESIAN_POINT('',(11.288878805078,17.101412983486,
    46.31886954859));
#2599 = CARTESIAN_POINT('',(8.360975633438,16.08518361824,
    50.685150388478));
#2600 = CARTESIAN_POINT('',(5.704010927922,14.66440116035,
    55.114498754514));
#2601 = CARTESIAN_POINT('',(3.388069084691,12.891937479622,
    59.596903179581));
#2602 = PCURVE('',#256,#2603);
#2603 = DEFINITIONAL_REPRESENTATION('',(#2604),#2608);
#2604 = LINE('',#2605,#2606);
#2605 = CARTESIAN_POINT('',(1.,0.));
#2606 = VECTOR('',#2607,1.);
#2607 = DIRECTION('',(0.,1.));
#2608 = ( GEOMETRIC_REPRESENTATION_CONTEXT(2) 
PARAMETRIC_REPRESENTATION_CONTEXT() REPRESENTATION_CONTEXT('2D SPACE',''
  ) );
#2609 = PCURVE('',#1686,#2610);
#2610 = DEFINITIONAL_REPRESENTATION('',(#2611),#2615);
#2611 = LINE('',#2612,#2613);
#2612 = CARTESIAN_POINT('',(1.,0.));
#2613 = VECTOR('',#2614,1.);
#2614 = DIRECTION('',(0.,1.));
#2615 = ( GEOMETRIC_REPRESENTATION_CONTEXT(2) 
PARAMETRIC_REPRESENTATION_CONTEXT() REPRESENTATION_CONTEXT('2D SPACE',''
  ) );
#2616 = ORIENTED_EDGE('',*,*,#2617,.T.);
#2617 = EDGE_CURVE('',#2585,#2618,#2620,.T.);
#2618 = VERTEX_POINT('',#2619);
#2619 = CARTESIAN_POINT('',(60.056289562311,1.,7.558065382861));
#2620 = SURFACE_CURVE('',#2621,(#2624,#2631),.PCURVE_S1.);
#2621 = B_SPLINE_CURVE_WITH_KNOTS('',1,(#2622,#2623),.UNSPECIFIED.,.F.,
  .F.,(2,2),(1.,2.),.PIECEWISE_BEZIER_KNOTS.);
#2622 = CARTESIAN_POINT('',(46.408582928116,1.,-0.403096820419));
#2623 = CARTESIAN_POINT('',(60.056289562311,1.,7.558065382861));
#2624 = PCURVE('',#256,#2625);
#2625 = DEFINITIONAL_REPRESENTATION('',(#2626),#2630);
#2626 = LINE('',#2627,#2628);
#2627 = CARTESIAN_POINT('',(0.,0.));
#2628 = VECTOR('',#2629,1.);
#2629 = DIRECTION('',(1.,0.));
#2630 = ( GEOMETRIC_REPRESENTATION_CONTEXT(2) 
PARAMETRIC_REPRESENTATION_CONTEXT() REPRESENTATION_CONTEXT('2D SPACE',''
  ) );
#2631 = PCURVE('',#1977,#2632);
#2632 = DEFINITIONAL_REPRESENTATION('',(#2633),#2636);
#2633 = B_SPLINE_CURVE_WITH_KNOTS('',1,(#2634,#2635),.UNSPECIFIED.,.F.,
  .F.,(2,2),(1.,2.),.PIECEWISE_BEZIER_KNOTS.);
#2634 = CARTESIAN_POINT('',(0.251160372832,1.984166945375));
#2635 = CARTESIAN_POINT('',(15.926079241295,1.7763568394E-15));
#2636 = ( GEOMETRIC_REPRESENTATION_CONTEXT(2) 
PARAMETRIC_REPRESENTATION_CONTEXT() REPRESENTATION_CONTEXT('2D SPACE',''
  ) );
#2637 = ORIENTED_EDGE('',*,*,#2638,.T.);
#2638 = EDGE_CURVE('',#2618,#2639,#2641,.T.);
#2639 = VERTEX_POINT('',#2640);
#2640 = CARTESIAN_POINT('',(5.893027897296,17.230653413922,
    62.51935512762));
#2641 = SURFACE_CURVE('',#2642,(#2656,#2663),.PCURVE_S1.);
#2642 = ( BOUNDED_CURVE() B_SPLINE_CURVE(7,(#2643,#2644,#2645,#2646,
    #2647,#2648,#2649,#2650,#2651,#2652,#2653,#2654,#2655),
.UNSPECIFIED.,.F.,.F.) B_SPLINE_CURVE_WITH_KNOTS((8,5,8),(0.,
0.52965543135,1.),.UNSPECIFIED.) CURVE() GEOMETRIC_REPRESENTATION_ITEM()
 RATIONAL_B_SPLINE_CURVE((1.,1.,1.,1.,1.,1.,1.,1.,1.,1.,1.,1.,1.)) 
REPRESENTATION_ITEM('') );
#2643 = CARTESIAN_POINT('',(60.056289562311,1.,7.558065382861));
#2644 = CARTESIAN_POINT('',(57.075347195318,5.398068632554,
    11.224539269075));
#2645 = CARTESIAN_POINT('',(53.669658532482,9.413765901379,
    14.972569487364));
#2646 = CARTESIAN_POINT('',(49.877900507186,12.977584108969,
    18.80552625476));
#2647 = CARTESIAN_POINT('',(45.754557334203,16.020263958983,
    22.726485637263));
#2648 = CARTESIAN_POINT('',(41.372456222382,18.476297516186,
    26.73793096809));
#2649 = CARTESIAN_POINT('',(32.789856054357,21.903277350704,
    34.484786889817));
#2650 = CARTESIAN_POINT('',(24.026558205877,22.932533971655,
    42.554838512827));
#2651 = CARTESIAN_POINT('',(19.943981017925,22.863951148224,
    46.421309378502));
#2652 = CARTESIAN_POINT('',(15.990824358977,22.234458932813,
    50.356390900401));
#2653 = CARTESIAN_POINT('',(12.266382009534,21.055482002623,
    54.355998006193));
#2654 = CARTESIAN_POINT('',(8.87105043154,19.365994315424,
    58.413376321633));
#2655 = CARTESIAN_POINT('',(5.893027897296,17.230653413922,
    62.51935512762));
#2656 = PCURVE('',#256,#2657);
#2657 = DEFINITIONAL_REPRESENTATION('',(#2658),#2662);
#2658 = LINE('',#2659,#2660);
#2659 = CARTESIAN_POINT('',(2.,0.));
#2660 = VECTOR('',#2661,1.);
#2661 = DIRECTION('',(0.,1.));
#2662 = ( GEOMETRIC_REPRESENTATION_CONTEXT(2) 
PARAMETRIC_REPRESENTATION_CONTEXT() REPRESENTATION_CONTEXT('2D SPACE',''
  ) );
#2663 = PCURVE('',#1930,#2664);
#2664 = DEFINITIONAL_REPRESENTATION('',(#2665),#2669);
#2665 = LINE('',#2666,#2667);
#2666 = CARTESIAN_POINT('',(2.,0.));
#2667 = VECTOR('',#2668,1.);
#2668 = DIRECTION('',(0.,1.));
#2669 = ( GEOMETRIC_REPRESENTATION_CONTEXT(2) 
PARAMETRIC_REPRESENTATION_CONTEXT() REPRESENTATION_CONTEXT('2D SPACE',''
  ) );
#2670 = ORIENTED_EDGE('',*,*,#2671,.F.);
#2671 = EDGE_CURVE('',#2672,#2639,#2674,.T.);
#2672 = VERTEX_POINT('',#2673);
#2673 = CARTESIAN_POINT('',(3.721138603362,13.468830808414,
    59.985484284698));
#2674 = SURFACE_CURVE('',#2675,(#2678,#2685),.PCURVE_S1.);
#2675 = B_SPLINE_CURVE_WITH_KNOTS('',1,(#2676,#2677),.UNSPECIFIED.,.F.,
  .F.,(2,2),(1.,2.),.PIECEWISE_BEZIER_KNOTS.);
#2676 = CARTESIAN_POINT('',(3.388069084691,12.891937479622,
    59.596903179581));
#2677 = CARTESIAN_POINT('',(5.893027897296,17.230653413922,
    62.51935512762));
#2678 = PCURVE('',#256,#2679);
#2679 = DEFINITIONAL_REPRESENTATION('',(#2680),#2684);
#2680 = LINE('',#2681,#2682);
#2681 = CARTESIAN_POINT('',(0.,1.));
#2682 = VECTOR('',#2683,1.);
#2683 = DIRECTION('',(1.,0.));
#2684 = ( GEOMETRIC_REPRESENTATION_CONTEXT(2) 
PARAMETRIC_REPRESENTATION_CONTEXT() REPRESENTATION_CONTEXT('2D SPACE',''
  ) );
#2685 = PCURVE('',#1893,#2686);
#2686 = DEFINITIONAL_REPRESENTATION('',(#2687),#2690);
#2687 = B_SPLINE_CURVE_WITH_KNOTS('',1,(#2688,#2689),.UNSPECIFIED.,.F.,
  .F.,(2,2),(1.,2.),.PIECEWISE_BEZIER_KNOTS.);
#2688 = CARTESIAN_POINT('',(0.651981366639,1.890745963253));
#2689 = CARTESIAN_POINT('',(6.135144660071,1.7763568394E-15));
#2690 = ( GEOMETRIC_REPRESENTATION_CONTEXT(2) 
PARAMETRIC_REPRESENTATION_CONTEXT() REPRESENTATION_CONTEXT('2D SPACE',''
  ) );
#2691 = ORIENTED_EDGE('',*,*,#2692,.F.);
#2692 = EDGE_CURVE('',#237,#2672,#2693,.T.);
#2693 = SURFACE_CURVE('',#2694,(#2715,#2739),.PCURVE_S1.);
#2694 = B_SPLINE_CURVE_WITH_KNOTS('',7,(#2695,#2696,#2697,#2698,#2699,
    #2700,#2701,#2702,#2703,#2704,#2705,#2706,#2707,#2708,#2709,#2710,
    #2711,#2712,#2713,#2714),.UNSPECIFIED.,.F.,.F.,(8,6,6,8),(0.,
    0.402789912558,0.697235872448,1.),.UNSPECIFIED.);
#2695 = CARTESIAN_POINT('',(47.0895289343,1.003797741188,
    5.64502273194E-16));
#2696 = CARTESIAN_POINT('',(45.142436629957,3.830584251648,
    3.239913333633));
#2697 = CARTESIAN_POINT('',(42.989765178309,6.431884195314,
    6.511538126456));
#2698 = CARTESIAN_POINT('',(40.655232929572,8.783428513566,
    9.814237531284));
#2699 = CARTESIAN_POINT('',(38.166631915966,10.864026420396,
    13.147628806767));
#2700 = CARTESIAN_POINT('',(35.555422910746,12.656025959211,
    16.511348467427));
#2701 = CARTESIAN_POINT('',(32.856546262544,14.146161731007,
    19.904763670937));
#2702 = CARTESIAN_POINT('',(28.098262823425,16.189767455942,
    25.827742483921));
#2703 = CARTESIAN_POINT('',(26.061986776872,16.887427790629,
    28.344310889862));
#2704 = CARTESIAN_POINT('',(24.013580564681,17.416689821618,
    30.875618982594));
#2705 = CARTESIAN_POINT('',(21.968314339368,17.776207763803,
    33.42118256219));
#2706 = CARTESIAN_POINT('',(19.941837000538,17.966380349239,
    35.980497463369));
#2707 = CARTESIAN_POINT('',(17.949950893814,17.989504692031,
    38.552947730477));
#2708 = CARTESIAN_POINT('',(14.011805950291,17.706276031773,
    43.795469862471));
#2709 = CARTESIAN_POINT('',(12.068315528884,17.390589667959,
    46.466393125544));
#2710 = CARTESIAN_POINT('',(10.194881909086,16.907427709752,
    49.149524334807));
#2711 = CARTESIAN_POINT('',(8.408143691006,16.263655283733,
    51.843991849405));
#2712 = CARTESIAN_POINT('',(6.723983590743,15.468267200426,
    54.548883839284));
#2713 = CARTESIAN_POINT('',(5.157230435541,14.532368710324,
    57.263164933826));
#2714 = CARTESIAN_POINT('',(3.721138603362,13.468830808414,
    59.985484284698));
#2715 = PCURVE('',#256,#2716);
#2716 = DEFINITIONAL_REPRESENTATION('',(#2717),#2738);
#2717 = B_SPLINE_CURVE_WITH_KNOTS('',7,(#2718,#2719,#2720,#2721,#2722,
    #2723,#2724,#2725,#2726,#2727,#2728,#2729,#2730,#2731,#2732,#2733,
    #2734,#2735,#2736,#2737),.UNSPECIFIED.,.F.,.F.,(8,6,6,8),(0.,
    0.402789912558,0.697235872448,1.),.UNSPECIFIED.);
#2718 = CARTESIAN_POINT('',(1.050088461119,8.228360277422E-05));
#2719 = CARTESIAN_POINT('',(1.051779859191,6.133126002733E-02));
#2720 = CARTESIAN_POINT('',(1.053620557442,0.122077198049));
#2721 = CARTESIAN_POINT('',(1.055634763135,0.182303690446));
#2722 = CARTESIAN_POINT('',(1.05785019159,0.242006182034));
#2723 = CARTESIAN_POINT('',(1.060306391122,0.301186560172));
#2724 = CARTESIAN_POINT('',(1.063053306655,0.359850214312));
#2725 = CARTESIAN_POINT('',(1.068442849894,0.460507527157));
#2726 = CARTESIAN_POINT('',(1.070914891635,0.502743488964));
#2727 = CARTESIAN_POINT('',(1.073612842139,0.544708690065));
#2728 = CARTESIAN_POINT('',(1.076573537464,0.586408284254));
#2729 = CARTESIAN_POINT('',(1.079845126875,0.627850076237));
#2730 = CARTESIAN_POINT('',(1.083490902674,0.669043388243));
#2731 = CARTESIAN_POINT('',(1.091833640942,0.752108940367));
#2732 = CARTESIAN_POINT('',(1.096557587676,0.793969804088));
#2733 = CARTESIAN_POINT('',(1.101878130851,0.835589890819));
#2734 = CARTESIAN_POINT('',(1.107929896156,0.876983970465));
#2735 = CARTESIAN_POINT('',(1.11490759014,0.918170278196));
#2736 = CARTESIAN_POINT('',(1.123083384932,0.959168851835));
#2737 = CARTESIAN_POINT('',(1.132964069906,1.));
#2738 = ( GEOMETRIC_REPRESENTATION_CONTEXT(2) 
PARAMETRIC_REPRESENTATION_CONTEXT() REPRESENTATION_CONTEXT('2D SPACE',''
  ) );
#2739 = PCURVE('',#428,#2740);
#2740 = DEFINITIONAL_REPRESENTATION('',(#2741),#2762);
#2741 = B_SPLINE_CURVE_WITH_KNOTS('',7,(#2742,#2743,#2744,#2745,#2746,
    #2747,#2748,#2749,#2750,#2751,#2752,#2753,#2754,#2755,#2756,#2757,
    #2758,#2759,#2760,#2761),.UNSPECIFIED.,.F.,.F.,(8,6,6,8),(0.,
    0.402789912558,0.697235872448,1.),.UNSPECIFIED.);
#2742 = CARTESIAN_POINT('',(-2.007730365047E-02,0.));
#2743 = CARTESIAN_POINT('',(-7.738343426189E-02,-3.239913333633));
#2744 = CARTESIAN_POINT('',(-0.135317548756,-6.511538126455));
#2745 = CARTESIAN_POINT('',(-0.193880986747,-9.814237531286));
#2746 = CARTESIAN_POINT('',(-0.253084187074,-13.14762880676));
#2747 = CARTESIAN_POINT('',(-0.312942676735,-16.51134846742));
#2748 = CARTESIAN_POINT('',(-0.373476055437,-19.90476367093));
#2749 = CARTESIAN_POINT('',(-0.479471136933,-25.82774248392));
#2750 = CARTESIAN_POINT('',(-0.524610094438,-28.34431088986));
#2751 = CARTESIAN_POINT('',(-0.570136053276,-30.87561898259));
#2752 = CARTESIAN_POINT('',(-0.616065829705,-33.42118256218));
#2753 = CARTESIAN_POINT('',(-0.662424664796,-35.98049746337));
#2754 = CARTESIAN_POINT('',(-0.709248518062,-38.55294773047));
#2755 = CARTESIAN_POINT('',(-0.80529117088,-43.79546986247));
#2756 = CARTESIAN_POINT('',(-0.854542266148,-46.46639312554));
#2757 = CARTESIAN_POINT('',(-0.904428094077,-49.14952433479));
#2758 = CARTESIAN_POINT('',(-0.955038263708,-51.84399184941));
#2759 = CARTESIAN_POINT('',(-1.006579512094,-54.54888383928));
#2760 = CARTESIAN_POINT('',(-1.059269995399,-57.26316493382));
#2761 = CARTESIAN_POINT('',(-1.113876003688,-59.98548428469));
#2762 = ( GEOMETRIC_REPRESENTATION_CONTEXT(2) 
PARAMETRIC_REPRESENTATION_CONTEXT() REPRESENTATION_CONTEXT('2D SPACE',''
  ) );
#2763 = ORIENTED_EDGE('',*,*,#236,.T.);
#2764 = ORIENTED_EDGE('',*,*,#2312,.T.);
#2765 = ADVANCED_FACE('',(#2766),#1501,.F.);
#2766 = FACE_BOUND('',#2767,.F.);
#2767 = EDGE_LOOP('',(#2768,#2801,#2820,#2821));
#2768 = ORIENTED_EDGE('',*,*,#2769,.F.);
#2769 = EDGE_CURVE('',#2770,#1426,#2772,.T.);
#2770 = VERTEX_POINT('',#2771);
#2771 = CARTESIAN_POINT('',(27.061418790686,-39.17480029436,
    -0.403096820419));
#2772 = SURFACE_CURVE('',#2773,(#2787,#2794),.PCURVE_S1.);
#2773 = ( BOUNDED_CURVE() B_SPLINE_CURVE(7,(#2774,#2775,#2776,#2777,
    #2778,#2779,#2780,#2781,#2782,#2783,#2784,#2785,#2786),
.UNSPECIFIED.,.F.,.F.) B_SPLINE_CURVE_WITH_KNOTS((8,5,8),(0.,
0.52965543135,1.),.UNSPECIFIED.) CURVE() GEOMETRIC_REPRESENTATION_ITEM()
 RATIONAL_B_SPLINE_CURVE((1.,1.,1.,1.,1.,1.,1.,1.,1.,1.,1.,1.,1.)) 
REPRESENTATION_ITEM('') );
#2774 = CARTESIAN_POINT('',(27.061418790686,-39.17480029436,
    -0.403096820419));
#2775 = CARTESIAN_POINT('',(28.342358730452,-35.25624520214,
    3.599509999661));
#2776 = CARTESIAN_POINT('',(29.183655503285,-31.26477696323,
    7.691150027432));
#2777 = CARTESIAN_POINT('',(29.561947394276,-27.25826067435,
    11.875502452771));
#2778 = CARTESIAN_POINT('',(29.461861862325,-23.30409997798,
    16.155925347564));
#2779 = CARTESIAN_POINT('',(28.879416167808,-19.47904609373,
    20.535129710615));
#2780 = CARTESIAN_POINT('',(26.895294356521,-12.66100808612,
    28.992197538944));
#2781 = CARTESIAN_POINT('',(23.371719759407,-6.906516392684,
    37.802090822544));
#2782 = CARTESIAN_POINT('',(21.399468459704,-4.494418168943,
    42.02302983286));
#2783 = CARTESIAN_POINT('',(19.151918175789,-2.435808996892,
    46.31886954859));
#2784 = CARTESIAN_POINT('',(16.685209934068,-0.785449764479,
    50.685150388478));
#2785 = CARTESIAN_POINT('',(14.072821906944,0.414928381769,
    55.114498754514));
#2786 = CARTESIAN_POINT('',(11.397805744987,1.143811514525,
    59.596903179581));
#2787 = PCURVE('',#1501,#2788);
#2788 = DEFINITIONAL_REPRESENTATION('',(#2789),#2793);
#2789 = LINE('',#2790,#2791);
#2790 = CARTESIAN_POINT('',(0.,0.));
#2791 = VECTOR('',#2792,1.);
#2792 = DIRECTION('',(0.,1.));
#2793 = ( GEOMETRIC_REPRESENTATION_CONTEXT(2) 
PARAMETRIC_REPRESENTATION_CONTEXT() REPRESENTATION_CONTEXT('2D SPACE',''
  ) );
#2794 = PCURVE('',#1445,#2795);
#2795 = DEFINITIONAL_REPRESENTATION('',(#2796),#2800);
#2796 = LINE('',#2797,#2798);
#2797 = CARTESIAN_POINT('',(4.,0.));
#2798 = VECTOR('',#2799,1.);
#2799 = DIRECTION('',(0.,1.));
#2800 = ( GEOMETRIC_REPRESENTATION_CONTEXT(2) 
PARAMETRIC_REPRESENTATION_CONTEXT() REPRESENTATION_CONTEXT('2D SPACE',''
  ) );
#2801 = ORIENTED_EDGE('',*,*,#2802,.T.);
#2802 = EDGE_CURVE('',#2770,#2442,#2803,.T.);
#2803 = SURFACE_CURVE('',#2804,(#2807,#2814),.PCURVE_S1.);
#2804 = B_SPLINE_CURVE_WITH_KNOTS('',1,(#2805,#2806),.UNSPECIFIED.,.F.,
  .F.,(2,2),(0.,1.),.PIECEWISE_BEZIER_KNOTS.);
#2805 = CARTESIAN_POINT('',(27.061418790686,-39.17480029436,
    -0.403096820419));
#2806 = CARTESIAN_POINT('',(28.625081755622,-37.92782069065,
    -0.403096820419));
#2807 = PCURVE('',#1501,#2808);
#2808 = DEFINITIONAL_REPRESENTATION('',(#2809),#2813);
#2809 = LINE('',#2810,#2811);
#2810 = CARTESIAN_POINT('',(0.,0.));
#2811 = VECTOR('',#2812,1.);
#2812 = DIRECTION('',(1.,0.));
#2813 = ( GEOMETRIC_REPRESENTATION_CONTEXT(2) 
PARAMETRIC_REPRESENTATION_CONTEXT() REPRESENTATION_CONTEXT('2D SPACE',''
  ) );
#2814 = PCURVE('',#2489,#2815);
#2815 = DEFINITIONAL_REPRESENTATION('',(#2816),#2819);
#2816 = B_SPLINE_CURVE_WITH_KNOTS('',1,(#2817,#2818),.UNSPECIFIED.,.F.,
  .F.,(2,2),(0.,1.),.PIECEWISE_BEZIER_KNOTS.);
#2817 = CARTESIAN_POINT('',(0.,0.));
#2818 = CARTESIAN_POINT('',(0.251160372832,1.984166945375));
#2819 = ( GEOMETRIC_REPRESENTATION_CONTEXT(2) 
PARAMETRIC_REPRESENTATION_CONTEXT() REPRESENTATION_CONTEXT('2D SPACE',''
  ) );
#2820 = ORIENTED_EDGE('',*,*,#2441,.T.);
#2821 = ORIENTED_EDGE('',*,*,#1481,.T.);
#2822 = ADVANCED_FACE('',(#2823),#1445,.F.);
#2823 = FACE_BOUND('',#2824,.F.);
#2824 = EDGE_LOOP('',(#2825,#2860,#2879,#2880,#2881,#3015));
#2825 = ORIENTED_EDGE('',*,*,#2826,.F.);
#2826 = EDGE_CURVE('',#2827,#2829,#2831,.T.);
#2827 = VERTEX_POINT('',#2828);
#2828 = CARTESIAN_POINT('',(35.570624695867,-49.84500700447,
    7.558065382861));
#2829 = VERTEX_POINT('',#2830);
#2830 = CARTESIAN_POINT('',(16.351766729644,1.890500990743,
    62.51935512762));
#2831 = SURFACE_CURVE('',#2832,(#2846,#2853),.PCURVE_S1.);
#2832 = ( BOUNDED_CURVE() B_SPLINE_CURVE(7,(#2833,#2834,#2835,#2836,
    #2837,#2838,#2839,#2840,#2841,#2842,#2843,#2844,#2845),
.UNSPECIFIED.,.F.,.F.) B_SPLINE_CURVE_WITH_KNOTS((8,5,8),(0.,
0.52965543135,1.),.UNSPECIFIED.) CURVE() GEOMETRIC_REPRESENTATION_ITEM()
 RATIONAL_B_SPLINE_CURVE((1.,1.,1.,1.,1.,1.,1.,1.,1.,1.,1.,1.,1.)) 
REPRESENTATION_ITEM('') );
#2833 = CARTESIAN_POINT('',(35.570624695867,-49.84500700447,
    7.558065382861));
#2834 = CARTESIAN_POINT('',(37.237698413886,-44.88149689299,
    11.224539269075));
#2835 = CARTESIAN_POINT('',(38.351837568018,-39.81964135828,
    14.972569487364));
#2836 = CARTESIAN_POINT('',(38.882912991373,-34.73167791016,
    18.80552625476));
#2837 = CARTESIAN_POINT('',(38.810662910749,-29.70189093069,
    22.726485637263));
#2838 = CARTESIAN_POINT('',(38.128948137162,-24.82642005149,
    26.73793096809));
#2839 = CARTESIAN_POINT('',(35.721619790424,-16.11364061383,
    34.484786889817));
#2840 = CARTESIAN_POINT('',(31.357882876764,-8.709607618122,
    42.554838512827));
#2841 = CARTESIAN_POINT('',(28.903763499494,-5.59126459014,
    46.421309378502));
#2842 = CARTESIAN_POINT('',(26.096710201681,-2.911536257903,
    50.356390900401));
#2843 = CARTESIAN_POINT('',(23.006126735847,-0.739889066285,
    54.355998006193));
#2844 = CARTESIAN_POINT('',(19.723292285926,0.870232576297,
    58.413376321633));
#2845 = CARTESIAN_POINT('',(16.351766729644,1.890500990743,
    62.51935512762));
#2846 = PCURVE('',#1445,#2847);
#2847 = DEFINITIONAL_REPRESENTATION('',(#2848),#2852);
#2848 = LINE('',#2849,#2850);
#2849 = CARTESIAN_POINT('',(3.,0.));
#2850 = VECTOR('',#2851,1.);
#2851 = DIRECTION('',(0.,1.));
#2852 = ( GEOMETRIC_REPRESENTATION_CONTEXT(2) 
PARAMETRIC_REPRESENTATION_CONTEXT() REPRESENTATION_CONTEXT('2D SPACE',''
  ) );
#2853 = PCURVE('',#2526,#2854);
#2854 = DEFINITIONAL_REPRESENTATION('',(#2855),#2859);
#2855 = LINE('',#2856,#2857);
#2856 = CARTESIAN_POINT('',(3.,0.));
#2857 = VECTOR('',#2858,1.);
#2858 = DIRECTION('',(0.,1.));
#2859 = ( GEOMETRIC_REPRESENTATION_CONTEXT(2) 
PARAMETRIC_REPRESENTATION_CONTEXT() REPRESENTATION_CONTEXT('2D SPACE',''
  ) );
#2860 = ORIENTED_EDGE('',*,*,#2861,.T.);
#2861 = EDGE_CURVE('',#2827,#2770,#2862,.T.);
#2862 = SURFACE_CURVE('',#2863,(#2866,#2873),.PCURVE_S1.);
#2863 = B_SPLINE_CURVE_WITH_KNOTS('',1,(#2864,#2865),.UNSPECIFIED.,.F.,
  .F.,(2,2),(3.,4.),.PIECEWISE_BEZIER_KNOTS.);
#2864 = CARTESIAN_POINT('',(35.570624695867,-49.84500700447,
    7.558065382861));
#2865 = CARTESIAN_POINT('',(27.061418790686,-39.17480029436,
    -0.403096820419));
#2866 = PCURVE('',#1445,#2867);
#2867 = DEFINITIONAL_REPRESENTATION('',(#2868),#2872);
#2868 = LINE('',#2869,#2870);
#2869 = CARTESIAN_POINT('',(0.,0.));
#2870 = VECTOR('',#2871,1.);
#2871 = DIRECTION('',(1.,0.));
#2872 = ( GEOMETRIC_REPRESENTATION_CONTEXT(2) 
PARAMETRIC_REPRESENTATION_CONTEXT() REPRESENTATION_CONTEXT('2D SPACE',''
  ) );
#2873 = PCURVE('',#2489,#2874);
#2874 = DEFINITIONAL_REPRESENTATION('',(#2875),#2878);
#2875 = B_SPLINE_CURVE_WITH_KNOTS('',1,(#2876,#2877),.UNSPECIFIED.,.F.,
  .F.,(2,2),(3.,4.),.PIECEWISE_BEZIER_KNOTS.);
#2876 = CARTESIAN_POINT('',(15.674918868462,-1.984166945375));
#2877 = CARTESIAN_POINT('',(0.,0.));
#2878 = ( GEOMETRIC_REPRESENTATION_CONTEXT(2) 
PARAMETRIC_REPRESENTATION_CONTEXT() REPRESENTATION_CONTEXT('2D SPACE',''
  ) );
#2879 = ORIENTED_EDGE('',*,*,#2769,.T.);
#2880 = ORIENTED_EDGE('',*,*,#1425,.F.);
#2881 = ORIENTED_EDGE('',*,*,#2882,.T.);
#2882 = EDGE_CURVE('',#1397,#2883,#2885,.T.);
#2883 = VERTEX_POINT('',#2884);
#2884 = CARTESIAN_POINT('',(12.056504559664,1.24309438624,
    59.985484284698));
#2885 = SURFACE_CURVE('',#2886,(#2913,#2964),.PCURVE_S1.);
#2886 = B_SPLINE_CURVE_WITH_KNOTS('',7,(#2887,#2888,#2889,#2890,#2891,
    #2892,#2893,#2894,#2895,#2896,#2897,#2898,#2899,#2900,#2901,#2902,
    #2903,#2904,#2905,#2906,#2907,#2908,#2909,#2910,#2911,#2912),
  .UNSPECIFIED.,.F.,.F.,(8,6,6,6,8),(0.,0.398854753462,0.69488429588,1.,
    1.094312171961),.UNSPECIFIED.);
#2887 = CARTESIAN_POINT('',(27.48904561247,-39.70493625493,
    -2.215618857458E-15));
#2888 = CARTESIAN_POINT('',(28.453421966768,-36.814931007,2.929392590055
    ));
#2889 = CARTESIAN_POINT('',(29.17430552636,-33.90513402204,
    5.884944265352));
#2890 = CARTESIAN_POINT('',(29.648424618853,-30.99988274242,
    8.866265653967));
#2891 = CARTESIAN_POINT('',(29.875713086776,-28.12441788743,
    11.873099342464));
#2892 = CARTESIAN_POINT('',(29.859402734974,-25.30453756251,
    14.90518389111));
#2893 = CARTESIAN_POINT('',(29.606370568562,-22.56618676193,
    17.962074358113));
#2894 = CARTESIAN_POINT('',(28.771993785493,-17.98167086835,
    23.329384126551));
#2895 = CARTESIAN_POINT('',(28.292089644081,-16.08740667749,
    25.629180652722));
#2896 = CARTESIAN_POINT('',(27.692143387034,-14.26230808529,
    27.941871799648));
#2897 = CARTESIAN_POINT('',(26.977731759755,-12.51642164708,
    30.267118424927));
#2898 = CARTESIAN_POINT('',(26.155588464007,-10.85934981774,
    32.604560680046));
#2899 = CARTESIAN_POINT('',(25.233582682203,-9.300087588991,
    34.953763130055));
#2900 = CARTESIAN_POINT('',(23.176706146214,-6.348943950469,
    39.746977680461));
#2901 = CARTESIAN_POINT('',(22.036130086726,-4.963611674962,
    42.191779902516));
#2902 = CARTESIAN_POINT('',(20.80878248651,-3.699814314345,
    44.647894214531));
#2903 = CARTESIAN_POINT('',(19.505650942261,-2.565504359967,
    47.114696605302));
#2904 = CARTESIAN_POINT('',(18.138746942569,-1.567434518275,
    49.59153426361));
#2905 = CARTESIAN_POINT('',(16.720970343591,-0.710986949322,
    52.077661208989));
#2906 = CARTESIAN_POINT('',(14.816073004633,0.21976818145,
    55.343199504345));
#2907 = CARTESIAN_POINT('',(14.362721882326,0.425639684565,
    56.11505554756));
#2908 = CARTESIAN_POINT('',(13.906198633643,0.617501501475,
    56.88768959801));
#2909 = CARTESIAN_POINT('',(13.446906488432,0.795254857816,
    57.661076125929));
#2910 = CARTESIAN_POINT('',(12.985252773095,0.958815425294,
    58.435188974858));
#2911 = CARTESIAN_POINT('',(12.521647933798,1.108113534254,
    59.210001096353));
#2912 = CARTESIAN_POINT('',(12.056504559664,1.24309438624,
    59.985484284698));
#2913 = PCURVE('',#1445,#2914);
#2914 = DEFINITIONAL_REPRESENTATION('',(#2915),#2963);
#2915 = B_SPLINE_CURVE_WITH_KNOTS('',3,(#2916,#2917,#2918,#2919,#2920,
    #2921,#2922,#2923,#2924,#2925,#2926,#2927,#2928,#2929,#2930,#2931,
    #2932,#2933,#2934,#2935,#2936,#2937,#2938,#2939,#2940,#2941,#2942,
    #2943,#2944,#2945,#2946,#2947,#2948,#2949,#2950,#2951,#2952,#2953,
    #2954,#2955,#2956,#2957,#2958,#2959,#2960,#2961,#2962),
  .UNSPECIFIED.,.F.,.F.,(4,1,1,1,1,1,1,1,1,1,1,1,1,1,1,1,1,1,1,1,1,1,1,1
    ,1,1,1,1,1,1,1,1,1,1,1,1,1,1,1,1,1,1,1,1,4),(0.,2.487073118092E-02,
    4.974146236184E-02,7.461219354276E-02,9.948292472368E-02,
    0.124353655905,0.149224387086,0.174095118266,0.198965849447,
    0.223836580628,0.248707311809,0.27357804299,0.298448774171,
    0.323319505352,0.348190236533,0.373060967714,0.397931698895,
    0.422802430076,0.447673161257,0.472543892437,0.497414623618,
    0.522285354799,0.54715608598,0.572026817161,0.596897548342,
    0.621768279523,0.646639010704,0.671509741885,0.696380473066,
    0.721251204247,0.746121935428,0.770992666609,0.795863397789,
    0.82073412897,0.845604860151,0.870475591332,0.895346322513,
    0.920217053694,0.945087784875,0.969958516056,0.994829247237,
    1.019699978418,1.044570709599,1.06944144078,1.094312171961),
  .QUASI_UNIFORM_KNOTS.);
#2916 = CARTESIAN_POINT('',(3.949911538886,8.228360340541E-05));
#2917 = CARTESIAN_POINT('',(3.949689030292,8.139665635892E-03));
#2918 = CARTESIAN_POINT('',(3.949237375387,2.423226006248E-02));
#2919 = CARTESIAN_POINT('',(3.948539002167,4.830422386044E-02));
#2920 = CARTESIAN_POINT('',(3.947818779609,7.230881054777E-02));
#2921 = CARTESIAN_POINT('',(3.94707568192,9.624567705273E-02));
#2922 = CARTESIAN_POINT('',(3.94630862763,0.120114541556));
#2923 = CARTESIAN_POINT('',(3.945516466197,0.143915187365));
#2924 = CARTESIAN_POINT('',(3.944697972241,0.167647453874));
#2925 = CARTESIAN_POINT('',(3.943851838301,0.191311231093));
#2926 = CARTESIAN_POINT('',(3.942976668194,0.214906453293));
#2927 = CARTESIAN_POINT('',(3.942070970067,0.238433092831));
#2928 = CARTESIAN_POINT('',(3.941133149057,0.261891154032));
#2929 = CARTESIAN_POINT('',(3.940161499275,0.285280666175));
#2930 = CARTESIAN_POINT('',(3.939154194801,0.308601679214));
#2931 = CARTESIAN_POINT('',(3.938109279973,0.331854248267));
#2932 = CARTESIAN_POINT('',(3.937024656886,0.355038458767));
#2933 = CARTESIAN_POINT('',(3.935898077218,0.378154298396));
#2934 = CARTESIAN_POINT('',(3.934727111173,0.401202099112));
#2935 = CARTESIAN_POINT('',(3.933509123916,0.424182343824));
#2936 = CARTESIAN_POINT('',(3.932241295949,0.447095153358));
#2937 = CARTESIAN_POINT('',(3.930920573869,0.469940858444));
#2938 = CARTESIAN_POINT('',(3.929543649882,0.492719837032));
#2939 = CARTESIAN_POINT('',(3.928106934502,0.515432548256));
#2940 = CARTESIAN_POINT('',(3.926606531604,0.538079513775));
#2941 = CARTESIAN_POINT('',(3.925038213408,0.560661314405));
#2942 = CARTESIAN_POINT('',(3.923397365776,0.583178582694));
#2943 = CARTESIAN_POINT('',(3.921678948974,0.605631984093));
#2944 = CARTESIAN_POINT('',(3.919877452676,0.628022245478));
#2945 = CARTESIAN_POINT('',(3.917986847994,0.650350015704));
#2946 = CARTESIAN_POINT('',(3.916000482475,0.67261635037));
#2947 = CARTESIAN_POINT('',(3.913911061088,0.694822224329));
#2948 = CARTESIAN_POINT('',(3.911710552277,0.716968470263));
#2949 = CARTESIAN_POINT('',(3.909390068843,0.739056097571));
#2950 = CARTESIAN_POINT('',(3.906939760865,0.761086195163));
#2951 = CARTESIAN_POINT('',(3.904348682654,0.783059945773));
#2952 = CARTESIAN_POINT('',(3.901604640602,0.804978610451));
#2953 = CARTESIAN_POINT('',(3.898694015643,0.826843520968));
#2954 = CARTESIAN_POINT('',(3.895601556704,0.848656070397));
#2955 = CARTESIAN_POINT('',(3.892310137893,0.870417702954));
#2956 = CARTESIAN_POINT('',(3.888800475912,0.892129908347));
#2957 = CARTESIAN_POINT('',(3.885050782305,0.913794198316));
#2958 = CARTESIAN_POINT('',(3.88103639502,0.93541214914));
#2959 = CARTESIAN_POINT('',(3.876729080973,0.956985653441));
#2960 = CARTESIAN_POINT('',(3.872097191772,0.978516464141));
#2961 = CARTESIAN_POINT('',(3.868767373996,0.992843146371));
#2962 = CARTESIAN_POINT('',(3.867035930094,1.));
#2963 = ( GEOMETRIC_REPRESENTATION_CONTEXT(2) 
PARAMETRIC_REPRESENTATION_CONTEXT() REPRESENTATION_CONTEXT('2D SPACE',''
  ) );
#2964 = PCURVE('',#1413,#2965);
#2965 = DEFINITIONAL_REPRESENTATION('',(#2966),#3014);
#2966 = B_SPLINE_CURVE_WITH_KNOTS('',3,(#2967,#2968,#2969,#2970,#2971,
    #2972,#2973,#2974,#2975,#2976,#2977,#2978,#2979,#2980,#2981,#2982,
    #2983,#2984,#2985,#2986,#2987,#2988,#2989,#2990,#2991,#2992,#2993,
    #2994,#2995,#2996,#2997,#2998,#2999,#3000,#3001,#3002,#3003,#3004,
    #3005,#3006,#3007,#3008,#3009,#3010,#3011,#3012,#3013),
  .UNSPECIFIED.,.F.,.F.,(4,1,1,1,1,1,1,1,1,1,1,1,1,1,1,1,1,1,1,1,1,1,1,1
    ,1,1,1,1,1,1,1,1,1,1,1,1,1,1,1,1,1,1,1,1,4),(0.,2.487073118092E-02,
    4.974146236184E-02,7.461219354276E-02,9.948292472368E-02,
    0.124353655905,0.149224387086,0.174095118266,0.198965849447,
    0.223836580628,0.248707311809,0.27357804299,0.298448774171,
    0.323319505352,0.348190236533,0.373060967714,0.397931698895,
    0.422802430076,0.447673161257,0.472543892437,0.497414623618,
    0.522285354799,0.54715608598,0.572026817161,0.596897548342,
    0.621768279523,0.646639010704,0.671509741885,0.696380473066,
    0.721251204247,0.746121935428,0.770992666609,0.795863397789,
    0.82073412897,0.845604860151,0.870475591332,0.895346322513,
    0.920217053694,0.945087784875,0.969958516056,0.994829247237,
    1.019699978418,1.044570709599,1.06944144078,1.094312171961),
  .QUASI_UNIFORM_KNOTS.);
#2967 = CARTESIAN_POINT('',(-5.365662042659,1.653104225254E-15));
#2968 = CARTESIAN_POINT('',(-5.373001791496,-0.426214532586));
#2969 = CARTESIAN_POINT('',(-5.387702861812,-1.280067145723));
#2970 = CARTESIAN_POINT('',(-5.409818335983,-2.565099089865));
#2971 = CARTESIAN_POINT('',(-5.431996834969,-3.854366017058));
#2972 = CARTESIAN_POINT('',(-5.454237496202,-5.147851362655));
#2973 = CARTESIAN_POINT('',(-5.476539430447,-6.445539076607));
#2974 = CARTESIAN_POINT('',(-5.49890170944,-7.747413407679));
#2975 = CARTESIAN_POINT('',(-5.521323354431,-9.053458465086));
#2976 = CARTESIAN_POINT('',(-5.543803324034,-10.36365781461));
#2977 = CARTESIAN_POINT('',(-5.566340501642,-11.67799403932));
#2978 = CARTESIAN_POINT('',(-5.588933682044,-12.99644827783));
#2979 = CARTESIAN_POINT('',(-5.611581557365,-14.31899974922));
#2980 = CARTESIAN_POINT('',(-5.634282701119,-15.64562520675));
#2981 = CARTESIAN_POINT('',(-5.657035553862,-16.97629853515));
#2982 = CARTESIAN_POINT('',(-5.679838396321,-18.31098968193));
#2983 = CARTESIAN_POINT('',(-5.702689361529,-19.64966593909));
#2984 = CARTESIAN_POINT('',(-5.725586292284,-20.99228431066));
#2985 = CARTESIAN_POINT('',(-5.74852716519,-22.33881700032));
#2986 = CARTESIAN_POINT('',(-5.771509886547,-23.68924054752));
#2987 = CARTESIAN_POINT('',(-5.7945317591,-25.0435053577));
#2988 = CARTESIAN_POINT('',(-5.817590032598,-26.4015689112));
#2989 = CARTESIAN_POINT('',(-5.840681717964,-27.76338624659));
#2990 = CARTESIAN_POINT('',(-5.863803594117,-29.12891184417));
#2991 = CARTESIAN_POINT('',(-5.886952158716,-30.49809845131));
#2992 = CARTESIAN_POINT('',(-5.910123587614,-31.87089665467));
#2993 = CARTESIAN_POINT('',(-5.933313688523,-33.24725440846));
#2994 = CARTESIAN_POINT('',(-5.956517836911,-34.62711584839));
#2995 = CARTESIAN_POINT('',(-5.979730950024,-36.01042283314));
#2996 = CARTESIAN_POINT('',(-6.002947279204,-37.39710608584));
#2997 = CARTESIAN_POINT('',(-6.026160838295,-38.78711525499));
#2998 = CARTESIAN_POINT('',(-6.049364805342,-40.18038881936));
#2999 = CARTESIAN_POINT('',(-6.072551354748,-41.57684977375));
#3000 = CARTESIAN_POINT('',(-6.095711863354,-42.9764255337));
#3001 = CARTESIAN_POINT('',(-6.118836658951,-44.37904186168));
#3002 = CARTESIAN_POINT('',(-6.141914851667,-45.78462373528));
#3003 = CARTESIAN_POINT('',(-6.164934093102,-47.19309433733));
#3004 = CARTESIAN_POINT('',(-6.187880290964,-48.6043745228));
#3005 = CARTESIAN_POINT('',(-6.210737255388,-50.01838215591));
#3006 = CARTESIAN_POINT('',(-6.233486255412,-51.43503137652));
#3007 = CARTESIAN_POINT('',(-6.256105477312,-52.85423214683));
#3008 = CARTESIAN_POINT('',(-6.278569280596,-54.27588858542));
#3009 = CARTESIAN_POINT('',(-6.300847460546,-55.69990166461));
#3010 = CARTESIAN_POINT('',(-6.32290395605,-57.12618551307));
#3011 = CARTESIAN_POINT('',(-6.344696323903,-58.5546382477));
#3012 = CARTESIAN_POINT('',(-6.359011141959,-59.50831743987));
#3013 = CARTESIAN_POINT('',(-6.366106504859,-59.98548428469));
#3014 = ( GEOMETRIC_REPRESENTATION_CONTEXT(2) 
PARAMETRIC_REPRESENTATION_CONTEXT() REPRESENTATION_CONTEXT('2D SPACE',''
  ) );
#3015 = ORIENTED_EDGE('',*,*,#3016,.F.);
#3016 = EDGE_CURVE('',#2829,#2883,#3017,.T.);
#3017 = SURFACE_CURVE('',#3018,(#3021,#3028),.PCURVE_S1.);
#3018 = B_SPLINE_CURVE_WITH_KNOTS('',1,(#3019,#3020),.UNSPECIFIED.,.F.,
  .F.,(2,2),(3.,4.),.PIECEWISE_BEZIER_KNOTS.);
#3019 = CARTESIAN_POINT('',(16.351766729644,1.890500990743,
    62.51935512762));
#3020 = CARTESIAN_POINT('',(11.397805744987,1.143811514525,
    59.596903179581));
#3021 = PCURVE('',#1445,#3022);
#3022 = DEFINITIONAL_REPRESENTATION('',(#3023),#3027);
#3023 = LINE('',#3024,#3025);
#3024 = CARTESIAN_POINT('',(0.,1.));
#3025 = VECTOR('',#3026,1.);
#3026 = DIRECTION('',(1.,0.));
#3027 = ( GEOMETRIC_REPRESENTATION_CONTEXT(2) 
PARAMETRIC_REPRESENTATION_CONTEXT() REPRESENTATION_CONTEXT('2D SPACE',''
  ) );
#3028 = PCURVE('',#2297,#3029);
#3029 = DEFINITIONAL_REPRESENTATION('',(#3030),#3033);
#3030 = B_SPLINE_CURVE_WITH_KNOTS('',1,(#3031,#3032),.UNSPECIFIED.,.F.,
  .F.,(2,2),(3.,4.),.PIECEWISE_BEZIER_KNOTS.);
#3031 = CARTESIAN_POINT('',(5.483163293432,-1.890745963253));
#3032 = CARTESIAN_POINT('',(0.,0.));
#3033 = ( GEOMETRIC_REPRESENTATION_CONTEXT(2) 
PARAMETRIC_REPRESENTATION_CONTEXT() REPRESENTATION_CONTEXT('2D SPACE',''
  ) );
#3034 = ADVANCED_FACE('',(#3035),#428,.T.);
#3035 = FACE_BOUND('',#3036,.T.);
#3036 = EDGE_LOOP('',(#3037,#3061,#3086,#3087,#3088,#3162));
#3037 = ORIENTED_EDGE('',*,*,#3038,.F.);
#3038 = EDGE_CURVE('',#2220,#3039,#3041,.T.);
#3039 = VERTEX_POINT('',#3040);
#3040 = CARTESIAN_POINT('',(-8.380509316661,13.963106229663,60.));
#3041 = SURFACE_CURVE('',#3042,(#3047,#3054),.PCURVE_S1.);
#3042 = CIRCLE('',#3043,15.);
#3043 = AXIS2_PLACEMENT_3D('',#3044,#3045,#3046);
#3044 = CARTESIAN_POINT('',(-2.900393951166,3.552713678801E-15,60.));
#3045 = DIRECTION('',(0.,0.,1.));
#3046 = DIRECTION('',(1.,0.,0.));
#3047 = PCURVE('',#428,#3048);
#3048 = DEFINITIONAL_REPRESENTATION('',(#3049),#3053);
#3049 = LINE('',#3050,#3051);
#3050 = CARTESIAN_POINT('',(-0.,-60.));
#3051 = VECTOR('',#3052,1.);
#3052 = DIRECTION('',(-1.,-0.));
#3053 = ( GEOMETRIC_REPRESENTATION_CONTEXT(2) 
PARAMETRIC_REPRESENTATION_CONTEXT() REPRESENTATION_CONTEXT('2D SPACE',''
  ) );
#3054 = PCURVE('',#2263,#3055);
#3055 = DEFINITIONAL_REPRESENTATION('',(#3056),#3060);
#3056 = CIRCLE('',#3057,15.);
#3057 = AXIS2_PLACEMENT_2D('',#3058,#3059);
#3058 = CARTESIAN_POINT('',(0.,0.));
#3059 = DIRECTION('',(1.,0.));
#3060 = ( GEOMETRIC_REPRESENTATION_CONTEXT(2) 
PARAMETRIC_REPRESENTATION_CONTEXT() REPRESENTATION_CONTEXT('2D SPACE',''
  ) );
#3061 = ORIENTED_EDGE('',*,*,#3062,.T.);
#3062 = EDGE_CURVE('',#2220,#2672,#3063,.T.);
#3063 = SURFACE_CURVE('',#3064,(#3069,#3079),.PCURVE_S1.);
#3064 = ELLIPSE('',#3065,26.322525453694,21.380020186097);
#3065 = AXIS2_PLACEMENT_3D('',#3066,#3067,#3068);
#3066 = CARTESIAN_POINT('',(-6.768815003797,-6.700301808227,
    46.736842105263));
#3067 = DIRECTION('',(-0.251935512762,-0.436365108335,0.863778900898));
#3068 = DIRECTION('',(-0.431889450449,-0.748054471431,-0.503871025524));
#3069 = PCURVE('',#428,#3070);
#3070 = DEFINITIONAL_REPRESENTATION('',(#3071),#3078);
#3071 = B_SPLINE_CURVE_WITH_KNOTS('',5,(#3072,#3073,#3074,#3075,#3076,
    #3077),.UNSPECIFIED.,.F.,.F.,(6,6),(3.141592653562,3.218789428938),
  .PIECEWISE_BEZIER_KNOTS.);
#3072 = CARTESIAN_POINT('',(-1.047197551158,-60.));
#3073 = CARTESIAN_POINT('',(-1.069203799369,-60.));
#3074 = CARTESIAN_POINT('',(-1.091210047586,-59.99604801531));
#3075 = CARTESIAN_POINT('',(-1.113210658932,-59.98814404537));
#3076 = CARTESIAN_POINT('',(-1.135199996688,-59.97629201732));
#3077 = CARTESIAN_POINT('',(-1.157172492511,-59.96049977435));
#3078 = ( GEOMETRIC_REPRESENTATION_CONTEXT(2) 
PARAMETRIC_REPRESENTATION_CONTEXT() REPRESENTATION_CONTEXT('2D SPACE',''
  ) );
#3079 = PCURVE('',#1893,#3080);
#3080 = DEFINITIONAL_REPRESENTATION('',(#3081),#3085);
#3081 = ELLIPSE('',#3082,26.322525453694,21.380020186097);
#3082 = AXIS2_PLACEMENT_2D('',#3083,#3084);
#3083 = CARTESIAN_POINT('',(-23.80231530347,9.265478494313));
#3084 = DIRECTION('',(-0.945372981626,0.325990683319));
#3085 = ( GEOMETRIC_REPRESENTATION_CONTEXT(2) 
PARAMETRIC_REPRESENTATION_CONTEXT() REPRESENTATION_CONTEXT('2D SPACE',''
  ) );
#3086 = ORIENTED_EDGE('',*,*,#2692,.F.);
#3087 = ORIENTED_EDGE('',*,*,#411,.T.);
#3088 = ORIENTED_EDGE('',*,*,#3089,.T.);
#3089 = EDGE_CURVE('',#412,#3090,#3092,.T.);
#3090 = VERTEX_POINT('',#3091);
#3091 = CARTESIAN_POINT('',(-7.440544391507,14.305283314057,
    59.985484284698));
#3092 = SURFACE_CURVE('',#3093,(#3114,#3138),.PCURVE_S1.);
#3093 = B_SPLINE_CURVE_WITH_KNOTS('',7,(#3094,#3095,#3096,#3097,#3098,
    #3099,#3100,#3101,#3102,#3103,#3104,#3105,#3106,#3107,#3108,#3109,
    #3110,#3111,#3112,#3113),.UNSPECIFIED.,.F.,.F.,(8,6,6,8),(0.,
    0.393091082693,0.69226429578,1.),.UNSPECIFIED.);
#3094 = CARTESIAN_POINT('',(29.046770181057,38.462692364274,
    -2.283689664548E-16));
#3095 = CARTESIAN_POINT('',(25.776645212623,38.783122516967,
    3.159312435847));
#3096 = CARTESIAN_POINT('',(22.547040060815,38.822321638187,
    6.349107736921));
#3097 = CARTESIAN_POINT('',(19.388696238274,38.583058436696,
    9.568838941567));
#3098 = CARTESIAN_POINT('',(16.332549979347,38.072635260549,
    12.818168664088));
#3099 = CARTESIAN_POINT('',(13.409195926313,37.302884223249,
    16.096767024886));
#3100 = CARTESIAN_POINT('',(10.648196555773,36.29051423424,19.4040558266
    ));
#3101 = CARTESIAN_POINT('',(6.119938587511,34.118686576434,
    25.276721575577));
#3102 = CARTESIAN_POINT('',(4.272735034136,33.052100827428,
    27.830728568412));
#3103 = CARTESIAN_POINT('',(2.547356598068,31.867071798237,
    30.400233300197));
#3104 = CARTESIAN_POINT('',(0.954905012315,30.574744634502,
    32.984737693488));
#3105 = CARTESIAN_POINT('',(-0.49466052216,29.187740375808,
    35.583718743613));
#3106 = CARTESIAN_POINT('',(-1.792808193896,27.720075835536,
    38.196535361486));
#3107 = CARTESIAN_POINT('',(-4.105245981179,24.609974580532,
    43.523240740414));
#3108 = CARTESIAN_POINT('',(-5.110416024037,22.96364863016,
    46.238035835919));
#3109 = CARTESIAN_POINT('',(-5.940749170244,21.264551521431,
    48.965706966597));
#3110 = CARTESIAN_POINT('',(-6.590858011854,19.530419424733,
    51.705335451843));
#3111 = CARTESIAN_POINT('',(-7.057593684787,17.779797629019,
    54.455959353772));
#3112 = CARTESIAN_POINT('',(-7.340235203686,16.031768865658,
    57.216482112245));
#3113 = CARTESIAN_POINT('',(-7.440544391507,14.305283314057,
    59.985484284698));
#3114 = PCURVE('',#428,#3115);
#3115 = DEFINITIONAL_REPRESENTATION('',(#3116),#3137);
#3116 = B_SPLINE_CURVE_WITH_KNOTS('',7,(#3117,#3118,#3119,#3120,#3121,
    #3122,#3123,#3124,#3125,#3126,#3127,#3128,#3129,#3130,#3131,#3132,
    #3133,#3134,#3135,#3136),.UNSPECIFIED.,.F.,.F.,(8,6,6,8),(0.,
    0.393091082693,0.69226429578,1.),.UNSPECIFIED.);
#3117 = CARTESIAN_POINT('',(-0.87767253753,0.));
#3118 = CARTESIAN_POINT('',(-0.932078395664,-3.159312435847));
#3119 = CARTESIAN_POINT('',(-0.986946140259,-6.349107736922));
#3120 = CARTESIAN_POINT('',(-1.042253947659,-9.568838941565));
#3121 = CARTESIAN_POINT('',(-1.097981383616,-12.81816866408));
#3122 = CARTESIAN_POINT('',(-1.154101699609,-16.09676702488));
#3123 = CARTESIAN_POINT('',(-1.210577645415,-19.4040558266));
#3124 = CARTESIAN_POINT('',(-1.310545222185,-25.27672157557));
#3125 = CARTESIAN_POINT('',(-1.353918044809,-27.83072856841));
#3126 = CARTESIAN_POINT('',(-1.397431901437,-30.4002333002));
#3127 = CARTESIAN_POINT('',(-1.441053358672,-32.98473769348));
#3128 = CARTESIAN_POINT('',(-1.4847381821,-35.58371874361));
#3129 = CARTESIAN_POINT('',(-1.528428825509,-38.19653536148));
#3130 = CARTESIAN_POINT('',(-1.616880194159,-43.52324074041));
#3131 = CARTESIAN_POINT('',(-1.661639058288,-46.23803583591));
#3132 = CARTESIAN_POINT('',(-1.706198074483,-48.9657069666));
#3133 = CARTESIAN_POINT('',(-1.75043498602,-51.70533545183));
#3134 = CARTESIAN_POINT('',(-1.794105071329,-54.45595935377));
#3135 = CARTESIAN_POINT('',(-1.836948134776,-57.21648211224));
#3136 = CARTESIAN_POINT('',(-1.878116999731,-59.98548428469));
#3137 = ( GEOMETRIC_REPRESENTATION_CONTEXT(2) 
PARAMETRIC_REPRESENTATION_CONTEXT() REPRESENTATION_CONTEXT('2D SPACE',''
  ) );
#3138 = PCURVE('',#460,#3139);
#3139 = DEFINITIONAL_REPRESENTATION('',(#3140),#3161);
#3140 = B_SPLINE_CURVE_WITH_KNOTS('',7,(#3141,#3142,#3143,#3144,#3145,
    #3146,#3147,#3148,#3149,#3150,#3151,#3152,#3153,#3154,#3155,#3156,
    #3157,#3158,#3159,#3160),.UNSPECIFIED.,.F.,.F.,(8,6,6,8),(0.,
    0.393091082693,0.69226429578,1.),.UNSPECIFIED.);
#3141 = CARTESIAN_POINT('',(3.949911538886,8.228360340536E-05));
#3142 = CARTESIAN_POINT('',(3.948262221567,5.980753994655E-02));
#3143 = CARTESIAN_POINT('',(3.946470754539,0.119060704187));
#3144 = CARTESIAN_POINT('',(3.944514661042,0.177826995925));
#3145 = CARTESIAN_POINT('',(3.942368187721,0.236101897769));
#3146 = CARTESIAN_POINT('',(3.939995120194,0.293886559616));
#3147 = CARTESIAN_POINT('',(3.937349707961,0.351185186654));
#3148 = CARTESIAN_POINT('',(3.932091047745,0.451239659601));
#3149 = CARTESIAN_POINT('',(3.929621006289,0.494202063657));
#3150 = CARTESIAN_POINT('',(3.926923272642,0.536887727977));
#3151 = CARTESIAN_POINT('',(3.923960095254,0.579301655815));
#3152 = CARTESIAN_POINT('',(3.920682726788,0.621451667709));
#3153 = CARTESIAN_POINT('',(3.917026243866,0.663347168011));
#3154 = CARTESIAN_POINT('',(3.908645273496,0.747840376113));
#3155 = CARTESIAN_POINT('',(3.903893011248,0.790426299078));
#3156 = CARTESIAN_POINT('',(3.898532972411,0.832765239186));
#3157 = CARTESIAN_POINT('',(3.892426649672,0.874872368588));
#3158 = CARTESIAN_POINT('',(3.885371657813,0.916766570432));
#3159 = CARTESIAN_POINT('',(3.87708608048,0.95846867328));
#3160 = CARTESIAN_POINT('',(3.867035930094,1.));
#3161 = ( GEOMETRIC_REPRESENTATION_CONTEXT(2) 
PARAMETRIC_REPRESENTATION_CONTEXT() REPRESENTATION_CONTEXT('2D SPACE',''
  ) );
#3162 = ORIENTED_EDGE('',*,*,#3163,.T.);
#3163 = EDGE_CURVE('',#3090,#3039,#3164,.T.);
#3164 = SURFACE_CURVE('',#3165,(#3170,#3180),.PCURVE_S1.);
#3165 = ELLIPSE('',#3166,26.322525453694,21.380020186097);
#3166 = AXIS2_PLACEMENT_3D('',#3167,#3168,#3169);
#3167 = CARTESIAN_POINT('',(-7.380813106767E-02,-7.202023213195,
    46.736842105263));
#3168 = DIRECTION('',(0.184084756614,-0.469040310363,0.863778900898));
#3169 = DIRECTION('',(0.31557386848,-0.804069103479,-0.503871025524));
#3170 = PCURVE('',#428,#3171);
#3171 = DEFINITIONAL_REPRESENTATION('',(#3172),#3179);
#3172 = B_SPLINE_CURVE_WITH_KNOTS('',5,(#3173,#3174,#3175,#3176,#3177,
    #3178),.UNSPECIFIED.,.F.,.F.,(6,6),(2.990021417568,3.141592653628),
  .PIECEWISE_BEZIER_KNOTS.);
#3173 = CARTESIAN_POINT('',(-1.729180383487,-59.84793862322));
#3174 = CARTESIAN_POINT('',(-1.772134323272,-59.90864668154));
#3175 = CARTESIAN_POINT('',(-1.815214277742,-59.95429413332));
#3176 = CARTESIAN_POINT('',(-1.858379555911,-59.9847647218));
#3177 = CARTESIAN_POINT('',(-1.901587504455,-60.00000000001));
#3178 = CARTESIAN_POINT('',(-1.944795452276,-60.));
#3179 = ( GEOMETRIC_REPRESENTATION_CONTEXT(2) 
PARAMETRIC_REPRESENTATION_CONTEXT() REPRESENTATION_CONTEXT('2D SPACE',''
  ) );
#3180 = PCURVE('',#3181,#3186);
#3181 = PLANE('',#3182);
#3182 = AXIS2_PLACEMENT_3D('',#3183,#3184,#3185);
#3183 = CARTESIAN_POINT('',(-7.197176473233,13.685191971246,
    59.596903179581));
#3184 = DIRECTION('',(0.184084756614,-0.469040310363,0.863778900898));
#3185 = DIRECTION('',(-0.601791178373,0.641047435612,0.476346053755));
#3186 = DEFINITIONAL_REPRESENTATION('',(#3187),#3191);
#3187 = ELLIPSE('',#3188,26.322525453694,21.380020186097);
#3188 = AXIS2_PLACEMENT_2D('',#3189,#3190);
#3189 = CARTESIAN_POINT('',(-23.80231530347,9.265478494313));
#3190 = DIRECTION('',(-0.945372981626,0.325990683319));
#3191 = ( GEOMETRIC_REPRESENTATION_CONTEXT(2) 
PARAMETRIC_REPRESENTATION_CONTEXT() REPRESENTATION_CONTEXT('2D SPACE',''
  ) );
#3192 = ADVANCED_FACE('',(#3193),#1413,.T.);
#3193 = FACE_BOUND('',#3194,.T.);
#3194 = EDGE_LOOP('',(#3195,#3269,#3270,#3271,#3296,#3324));
#3195 = ORIENTED_EDGE('',*,*,#3196,.F.);
#3196 = EDGE_CURVE('',#1341,#3197,#3199,.T.);
#3197 = VERTEX_POINT('',#3198);
#3198 = CARTESIAN_POINT('',(8.757315540156,-9.452613719618,
    59.985484284698));
#3199 = SURFACE_CURVE('',#3200,(#3221,#3245),.PCURVE_S1.);
#3200 = B_SPLINE_CURVE_WITH_KNOTS('',7,(#3201,#3202,#3203,#3204,#3205,
    #3206,#3207,#3208,#3209,#3210,#3211,#3212,#3213,#3214,#3215,#3216,
    #3217,#3218,#3219,#3220),.UNSPECIFIED.,.F.,.F.,(8,6,6,8),(0.,
    0.40278991256,0.697235872448,1.),.UNSPECIFIED.);
#3201 = CARTESIAN_POINT('',(-13.04556784397,-48.95993715973,
    -4.078096465509E-15));
#3202 = CARTESIAN_POINT('',(-9.856385975086,-47.69068169903,
    3.239913333633));
#3203 = CARTESIAN_POINT('',(-6.841291590129,-46.17082590803,
    6.511538126455));
#3204 = CARTESIAN_POINT('',(-4.029223101188,-44.41809309478,
    9.814237531285));
#3205 = CARTESIAN_POINT('',(-1.447024306006,-42.45486309375,
    13.147628806766));
#3206 = CARTESIAN_POINT('',(0.881094729603,-40.30787996104,
    16.511348467428));
#3207 = CARTESIAN_POINT('',(2.934426238857,-38.00825618884,
    19.904763670937));
#3208 = CARTESIAN_POINT('',(5.985612176484,-33.82401790453,
    25.827742483906));
#3209 = CARTESIAN_POINT('',(7.118894757696,-31.99403957905,
    28.344310889912));
#3210 = CARTESIAN_POINT('',(8.090700347965,-30.11476306883,
    30.875618982512));
#3211 = CARTESIAN_POINT('',(8.896318975441,-28.20077620609,
    33.421182562267));
#3212 = CARTESIAN_POINT('',(9.532657167153,-26.26742426647,
    35.980497463328));
#3213 = CARTESIAN_POINT('',(9.998438091207,-24.33062455346,
    38.552947730487));
#3214 = CARTESIAN_POINT('',(10.598630255677,-20.42819281981,
    43.795469862463));
#3215 = CARTESIAN_POINT('',(10.723326111809,-18.46318293639,
    46.466393125568));
#3216 = CARTESIAN_POINT('',(10.669156231429,-16.52920655867,
    49.149524334765));
#3217 = CARTESIAN_POINT('',(10.439111181231,-14.64401275657,
    51.843991849445));
#3218 = CARTESIAN_POINT('',(10.038426016245,-12.82508756711,
    54.548883839264));
#3219 = CARTESIAN_POINT('',(9.474627830647,-11.08935917849,
    57.263164933829));
#3220 = CARTESIAN_POINT('',(8.757315540156,-9.452613719618,
    59.985484284698));
#3221 = PCURVE('',#1413,#3222);
#3222 = DEFINITIONAL_REPRESENTATION('',(#3223),#3244);
#3223 = B_SPLINE_CURVE_WITH_KNOTS('',7,(#3224,#3225,#3226,#3227,#3228,
    #3229,#3230,#3231,#3232,#3233,#3234,#3235,#3236,#3237,#3238,#3239,
    #3240,#3241,#3242,#3243),.UNSPECIFIED.,.F.,.F.,(8,6,6,8),(0.,
    0.40278991256,0.697235872448,1.),.UNSPECIFIED.);
#3224 = CARTESIAN_POINT('',(-4.508066808779,3.103731140601E-15));
#3225 = CARTESIAN_POINT('',(-4.56537293939,-3.239913333633));
#3226 = CARTESIAN_POINT('',(-4.623307053884,-6.511538126454));
#3227 = CARTESIAN_POINT('',(-4.681870491875,-9.814237531287));
#3228 = CARTESIAN_POINT('',(-4.741073692202,-13.14762880676));
#3229 = CARTESIAN_POINT('',(-4.800932181863,-16.51134846742));
#3230 = CARTESIAN_POINT('',(-4.861465560565,-19.90476367093));
#3231 = CARTESIAN_POINT('',(-4.967460642061,-25.8277424839));
#3232 = CARTESIAN_POINT('',(-5.012599599567,-28.34431088991));
#3233 = CARTESIAN_POINT('',(-5.058125558403,-30.8756189825));
#3234 = CARTESIAN_POINT('',(-5.104055334834,-33.42118256227));
#3235 = CARTESIAN_POINT('',(-5.150414169923,-35.98049746332));
#3236 = CARTESIAN_POINT('',(-5.197238023191,-38.55294773048));
#3237 = CARTESIAN_POINT('',(-5.293280676008,-43.79546986246));
#3238 = CARTESIAN_POINT('',(-5.342531771276,-46.46639312556));
#3239 = CARTESIAN_POINT('',(-5.392417599205,-49.14952433477));
#3240 = CARTESIAN_POINT('',(-5.443027768837,-51.84399184943));
#3241 = CARTESIAN_POINT('',(-5.494569017222,-54.54888383926));
#3242 = CARTESIAN_POINT('',(-5.547259500527,-57.26316493382));
#3243 = CARTESIAN_POINT('',(-5.601865508817,-59.98548428469));
#3244 = ( GEOMETRIC_REPRESENTATION_CONTEXT(2) 
PARAMETRIC_REPRESENTATION_CONTEXT() REPRESENTATION_CONTEXT('2D SPACE',''
  ) );
#3245 = PCURVE('',#1360,#3246);
#3246 = DEFINITIONAL_REPRESENTATION('',(#3247),#3268);
#3247 = B_SPLINE_CURVE_WITH_KNOTS('',7,(#3248,#3249,#3250,#3251,#3252,
    #3253,#3254,#3255,#3256,#3257,#3258,#3259,#3260,#3261,#3262,#3263,
    #3264,#3265,#3266,#3267),.UNSPECIFIED.,.F.,.F.,(8,6,6,8),(0.,
    0.40278991256,0.697235872448,1.),.UNSPECIFIED.);
#3248 = CARTESIAN_POINT('',(1.050088461119,8.228360277409E-05));
#3249 = CARTESIAN_POINT('',(1.051779859191,6.133126002734E-02));
#3250 = CARTESIAN_POINT('',(1.053620557442,0.122077198049));
#3251 = CARTESIAN_POINT('',(1.055634763135,0.182303690446));
#3252 = CARTESIAN_POINT('',(1.05785019159,0.242006182034));
#3253 = CARTESIAN_POINT('',(1.060306391122,0.301186560172));
#3254 = CARTESIAN_POINT('',(1.063053306655,0.359850214312));
#3255 = CARTESIAN_POINT('',(1.068442849894,0.460507527157));
#3256 = CARTESIAN_POINT('',(1.070914891635,0.502743488965));
#3257 = CARTESIAN_POINT('',(1.073612842139,0.544708690064));
#3258 = CARTESIAN_POINT('',(1.076573537464,0.586408284255));
#3259 = CARTESIAN_POINT('',(1.079845126875,0.627850076237));
#3260 = CARTESIAN_POINT('',(1.083490902674,0.669043388243));
#3261 = CARTESIAN_POINT('',(1.091833640942,0.752108940367));
#3262 = CARTESIAN_POINT('',(1.096557587676,0.793969804089));
#3263 = CARTESIAN_POINT('',(1.101878130851,0.835589890819));
#3264 = CARTESIAN_POINT('',(1.107929896156,0.876983970466));
#3265 = CARTESIAN_POINT('',(1.11490759014,0.918170278196));
#3266 = CARTESIAN_POINT('',(1.123083384932,0.959168851835));
#3267 = CARTESIAN_POINT('',(1.132964069906,1.));
#3268 = ( GEOMETRIC_REPRESENTATION_CONTEXT(2) 
PARAMETRIC_REPRESENTATION_CONTEXT() REPRESENTATION_CONTEXT('2D SPACE',''
  ) );
#3269 = ORIENTED_EDGE('',*,*,#1396,.T.);
#3270 = ORIENTED_EDGE('',*,*,#2882,.T.);
#3271 = ORIENTED_EDGE('',*,*,#3272,.T.);
#3272 = EDGE_CURVE('',#2883,#2247,#3273,.T.);
#3273 = SURFACE_CURVE('',#3274,(#3279,#3289),.PCURVE_S1.);
#3274 = ELLIPSE('',#3275,26.322525453694,21.380020186097);
#3275 = AXIS2_PLACEMENT_3D('',#3276,#3277,#3278);
#3276 = CARTESIAN_POINT('',(-10.55082192248,-1.153116480416,
    46.736842105263));
#3277 = DIRECTION('',(-0.49824320248,-7.509807950462E-02,0.863778900898)
  );
#3278 = DIRECTION('',(-0.854131204251,-0.128739564865,-0.503871025524));
#3279 = PCURVE('',#1413,#3280);
#3280 = DEFINITIONAL_REPRESENTATION('',(#3281),#3288);
#3281 = B_SPLINE_CURVE_WITH_KNOTS('',5,(#3282,#3283,#3284,#3285,#3286,
    #3287),.UNSPECIFIED.,.F.,.F.,(6,6),(2.990021417568,3.141592653546),
  .PIECEWISE_BEZIER_KNOTS.);
#3282 = CARTESIAN_POINT('',(-6.217169888615,-59.84793862322));
#3283 = CARTESIAN_POINT('',(-6.260123828377,-59.90864668151));
#3284 = CARTESIAN_POINT('',(-6.303203782824,-59.95429413327));
#3285 = CARTESIAN_POINT('',(-6.346369060969,-59.98476472175));
#3286 = CARTESIAN_POINT('',(-6.38957700949,-59.99999999998));
#3287 = CARTESIAN_POINT('',(-6.432784957288,-60.));
#3288 = ( GEOMETRIC_REPRESENTATION_CONTEXT(2) 
PARAMETRIC_REPRESENTATION_CONTEXT() REPRESENTATION_CONTEXT('2D SPACE',''
  ) );
#3289 = PCURVE('',#2297,#3290);
#3290 = DEFINITIONAL_REPRESENTATION('',(#3291),#3295);
#3291 = ELLIPSE('',#3292,26.322525453694,21.380020186097);
#3292 = AXIS2_PLACEMENT_2D('',#3293,#3294);
#3293 = CARTESIAN_POINT('',(-23.80231530347,9.265478494313));
#3294 = DIRECTION('',(-0.945372981626,0.325990683319));
#3295 = ( GEOMETRIC_REPRESENTATION_CONTEXT(2) 
PARAMETRIC_REPRESENTATION_CONTEXT() REPRESENTATION_CONTEXT('2D SPACE',''
  ) );
#3296 = ORIENTED_EDGE('',*,*,#3297,.T.);
#3297 = EDGE_CURVE('',#2247,#3298,#3300,.T.);
#3298 = VERTEX_POINT('',#3299);
#3299 = CARTESIAN_POINT('',(8.095384126282,-10.20259106656,60.));
#3300 = SURFACE_CURVE('',#3301,(#3306,#3313),.PCURVE_S1.);
#3301 = CIRCLE('',#3302,15.);
#3302 = AXIS2_PLACEMENT_3D('',#3303,#3304,#3305);
#3303 = CARTESIAN_POINT('',(-2.900393951166,3.552713678801E-15,60.));
#3304 = DIRECTION('',(0.,0.,-1.));
#3305 = DIRECTION('',(0.5,0.866025403784,0.));
#3306 = PCURVE('',#1413,#3307);
#3307 = DEFINITIONAL_REPRESENTATION('',(#3308),#3312);
#3308 = LINE('',#3309,#3310);
#3309 = CARTESIAN_POINT('',(-7.330382858376,-60.));
#3310 = VECTOR('',#3311,1.);
#3311 = DIRECTION('',(1.,-0.));
#3312 = ( GEOMETRIC_REPRESENTATION_CONTEXT(2) 
PARAMETRIC_REPRESENTATION_CONTEXT() REPRESENTATION_CONTEXT('2D SPACE',''
  ) );
#3313 = PCURVE('',#2263,#3314);
#3314 = DEFINITIONAL_REPRESENTATION('',(#3315),#3323);
#3315 = ( BOUNDED_CURVE() B_SPLINE_CURVE(2,(#3316,#3317,#3318,#3319,
#3320,#3321,#3322),.UNSPECIFIED.,.T.,.F.) B_SPLINE_CURVE_WITH_KNOTS((1,2
    ,2,2,2,1),(-2.094395102393,0.,2.094395102393,4.188790204786,
6.28318530718,8.377580409573),.UNSPECIFIED.) CURVE() 
GEOMETRIC_REPRESENTATION_ITEM() RATIONAL_B_SPLINE_CURVE((1.,0.5,1.,0.5,
1.,0.5,1.)) REPRESENTATION_ITEM('') );
#3316 = CARTESIAN_POINT('',(7.5,12.990381056767));
#3317 = CARTESIAN_POINT('',(30.,9.087886716558E-15));
#3318 = CARTESIAN_POINT('',(7.5,-12.99038105676));
#3319 = CARTESIAN_POINT('',(-15.,-25.98076211353));
#3320 = CARTESIAN_POINT('',(-15.,-1.069742395471E-14));
#3321 = CARTESIAN_POINT('',(-15.,25.980762113533));
#3322 = CARTESIAN_POINT('',(7.5,12.990381056767));
#3323 = ( GEOMETRIC_REPRESENTATION_CONTEXT(2) 
PARAMETRIC_REPRESENTATION_CONTEXT() REPRESENTATION_CONTEXT('2D SPACE',''
  ) );
#3324 = ORIENTED_EDGE('',*,*,#3325,.T.);
#3325 = EDGE_CURVE('',#3298,#3197,#3326,.T.);
#3326 = SURFACE_CURVE('',#3327,(#3332,#3342),.PCURVE_S1.);
#3327 = ELLIPSE('',#3328,26.322525453694,21.380020186097);
#3328 = AXIS2_PLACEMENT_3D('',#3329,#3330,#3331);
#3329 = CARTESIAN_POINT('',(-8.571900538481,5.262389076438,
    46.736842105263));
#3330 = DIRECTION('',(-0.369363598421,0.342719334914,0.863778900898));
#3331 = DIRECTION('',(-0.633194740151,0.587518859853,-0.503871025524));
#3332 = PCURVE('',#1413,#3333);
#3333 = DEFINITIONAL_REPRESENTATION('',(#3334),#3341);
#3334 = B_SPLINE_CURVE_WITH_KNOTS('',5,(#3335,#3336,#3337,#3338,#3339,
    #3340),.UNSPECIFIED.,.F.,.F.,(6,6),(3.141592653547,3.218789428938),
  .PIECEWISE_BEZIER_KNOTS.);
#3335 = CARTESIAN_POINT('',(-5.535187056264,-60.));
#3336 = CARTESIAN_POINT('',(-5.557193304479,-60.));
#3337 = CARTESIAN_POINT('',(-5.579199552701,-59.99604801532));
#3338 = CARTESIAN_POINT('',(-5.601200164051,-59.98814404537));
#3339 = CARTESIAN_POINT('',(-5.623189501812,-59.97629201733));
#3340 = CARTESIAN_POINT('',(-5.645161997639,-59.96049977435));
#3341 = ( GEOMETRIC_REPRESENTATION_CONTEXT(2) 
PARAMETRIC_REPRESENTATION_CONTEXT() REPRESENTATION_CONTEXT('2D SPACE',''
  ) );
#3342 = PCURVE('',#3343,#3348);
#3343 = PLANE('',#3344);
#3344 = AXIS2_PLACEMENT_3D('',#3345,#3346,#3347);
#3345 = CARTESIAN_POINT('',(6.90865559639,-10.46562785051,
    59.596903179581));
#3346 = DIRECTION('',(-0.369363598421,0.342719334914,0.863778900898));
#3347 = DIRECTION('',(0.820335175008,-0.316456375694,0.476346053755));
#3348 = DEFINITIONAL_REPRESENTATION('',(#3349),#3353);
#3349 = ELLIPSE('',#3350,26.322525453694,21.380020186097);
#3350 = AXIS2_PLACEMENT_2D('',#3351,#3352);
#3351 = CARTESIAN_POINT('',(-23.80231530347,9.265478494313));
#3352 = DIRECTION('',(-0.945372981626,0.325990683319));
#3353 = ( GEOMETRIC_REPRESENTATION_CONTEXT(2) 
PARAMETRIC_REPRESENTATION_CONTEXT() REPRESENTATION_CONTEXT('2D SPACE',''
  ) );
#3354 = ADVANCED_FACE('',(#3355),#460,.F.);
#3355 = FACE_BOUND('',#3356,.F.);
#3356 = EDGE_LOOP('',(#3357,#3419,#3445,#3476,#3477,#3478));
#3357 = ORIENTED_EDGE('',*,*,#3358,.F.);
#3358 = EDGE_CURVE('',#3359,#3361,#3363,.T.);
#3359 = VERTEX_POINT('',#3360);
#3360 = CARTESIAN_POINT('',(37.134287660803,48.598027400753,
    7.558065382861));
#3361 = VERTEX_POINT('',#3362);
#3362 = CARTESIAN_POINT('',(-9.027504910419,18.348792771425,
    62.51935512762));
#3363 = SURFACE_CURVE('',#3364,(#3378,#3385),.PCURVE_S1.);
#3364 = ( BOUNDED_CURVE() B_SPLINE_CURVE(7,(#3365,#3366,#3367,#3368,
    #3369,#3370,#3371,#3372,#3373,#3374,#3375,#3376,#3377),
.UNSPECIFIED.,.F.,.F.) B_SPLINE_CURVE_WITH_KNOTS((8,5,8),(0.,
0.52965543135,1.),.UNSPECIFIED.) CURVE() GEOMETRIC_REPRESENTATION_ITEM()
 RATIONAL_B_SPLINE_CURVE((1.,1.,1.,1.,1.,1.,1.,1.,1.,1.,1.,1.,1.)) 
REPRESENTATION_ITEM('') );
#3365 = CARTESIAN_POINT('',(37.134287660803,48.598027400753,
    7.558065382861));
#3366 = CARTESIAN_POINT('',(31.92426431002,49.118819194408,
    11.224539269075));
#3367 = CARTESIAN_POINT('',(26.741400776663,49.078655732689,
    14.972569487364));
#3368 = CARTESIAN_POINT('',(21.662827795725,48.464237607981,
    18.80552625476));
#3369 = CARTESIAN_POINT('',(16.775225232528,47.274566091449,
    22.726485637263));
#3370 = CARTESIAN_POINT('',(12.173688395475,45.525048997017,
    26.73793096809));
#3371 = CARTESIAN_POINT('',(4.215037481075,41.239301580172,
    34.484786889817));
#3372 = CARTESIAN_POINT('',(-2.032338135592,35.337420324378,
    42.554838512827));
#3373 = CARTESIAN_POINT('',(-4.526404857459,32.250934240668,
    46.421309378502));
#3374 = CARTESIAN_POINT('',(-6.514318684127,28.91796397841,
    50.356390900401));
#3375 = CARTESIAN_POINT('',(-7.943798627359,25.421630931338,
    54.355998006193));
#3376 = CARTESIAN_POINT('',(-8.7830517709,21.862818223348,
    58.413376321633));
#3377 = CARTESIAN_POINT('',(-9.027504910419,18.348792771425,
    62.51935512762));
#3378 = PCURVE('',#460,#3379);
#3379 = DEFINITIONAL_REPRESENTATION('',(#3380),#3384);
#3380 = LINE('',#3381,#3382);
#3381 = CARTESIAN_POINT('',(3.,0.));
#3382 = VECTOR('',#3383,1.);
#3383 = DIRECTION('',(0.,1.));
#3384 = ( GEOMETRIC_REPRESENTATION_CONTEXT(2) 
PARAMETRIC_REPRESENTATION_CONTEXT() REPRESENTATION_CONTEXT('2D SPACE',''
  ) );
#3385 = PCURVE('',#3386,#3413);
#3386 = ( BOUNDED_SURFACE() B_SPLINE_SURFACE(1,7,(
    (#3387,#3388,#3389,#3390,#3391,#3392,#3393,#3394,#3395,#3396,#3397
      ,#3398,#3399)
    ,(#3400,#3401,#3402,#3403,#3404,#3405,#3406,#3407,#3408,#3409,#3410
      ,#3411,#3412
)),.UNSPECIFIED.,.F.,.F.,.F.) B_SPLINE_SURFACE_WITH_KNOTS((2,2),(8,5,8),
  (2.,3.),(0.,0.52965543135,1.),.UNSPECIFIED.) 
GEOMETRIC_REPRESENTATION_ITEM() RATIONAL_B_SPLINE_SURFACE((
    (1.,1.,1.,1.,1.,1.,1.,1.,1.,1.,1.,1.,1.)
,(1.,1.,1.,1.,1.,1.,1.,1.,1.,1.,1.,1.,1.
))) REPRESENTATION_ITEM('') SURFACE() );
#3387 = CARTESIAN_POINT('',(35.570624695867,49.845007004471,
    7.558065382861));
#3388 = CARTESIAN_POINT('',(30.273489011132,50.256563354805,
    11.224539269075));
#3389 = CARTESIAN_POINT('',(25.01047831272,50.097635033179,
    14.972569487364));
#3390 = CARTESIAN_POINT('',(19.860050580345,49.355123543213,
    18.80552625476));
#3391 = CARTESIAN_POINT('',(14.910325264615,48.028443894361,
    22.726485637263));
#3392 = CARTESIAN_POINT('',(10.257925553661,46.13369116172,
    26.73793096809));
#3393 = CARTESIAN_POINT('',(2.227441151056,41.56023112692,
    34.484786889817));
#3394 = CARTESIAN_POINT('',(-4.041090917919,35.350539985392,
    42.554838512827));
#3395 = CARTESIAN_POINT('',(-6.532915949394,32.115891919253,
    46.421309378502));
#3396 = CARTESIAN_POINT('',(-8.50551197942,28.632707611502,
    50.356390900401));
#3397 = CARTESIAN_POINT('',(-9.905902520783,24.985741235469,
    54.355998006193));
#3398 = CARTESIAN_POINT('',(-10.70196247049,21.277785771042,
    58.413376321633));
#3399 = CARTESIAN_POINT('',(-10.8892524077,17.618110722692,
    62.51935512762));
#3400 = CARTESIAN_POINT('',(37.134287660803,48.598027400753,
    7.558065382861));
#3401 = CARTESIAN_POINT('',(31.92426431002,49.118819194408,
    11.224539269075));
#3402 = CARTESIAN_POINT('',(26.741400776663,49.078655732689,
    14.972569487364));
#3403 = CARTESIAN_POINT('',(21.662827795725,48.464237607981,
    18.80552625476));
#3404 = CARTESIAN_POINT('',(16.775225232528,47.274566091449,
    22.726485637263));
#3405 = CARTESIAN_POINT('',(12.173688395475,45.525048997017,
    26.73793096809));
#3406 = CARTESIAN_POINT('',(4.215037481075,41.239301580172,
    34.484786889817));
#3407 = CARTESIAN_POINT('',(-2.032338135592,35.337420324378,
    42.554838512827));
#3408 = CARTESIAN_POINT('',(-4.526404857459,32.250934240668,
    46.421309378502));
#3409 = CARTESIAN_POINT('',(-6.514318684127,28.91796397841,
    50.356390900401));
#3410 = CARTESIAN_POINT('',(-7.943798627359,25.421630931338,
    54.355998006193));
#3411 = CARTESIAN_POINT('',(-8.7830517709,21.862818223348,
    58.413376321633));
#3412 = CARTESIAN_POINT('',(-9.027504910419,18.348792771425,
    62.51935512762));
#3413 = DEFINITIONAL_REPRESENTATION('',(#3414),#3418);
#3414 = LINE('',#3415,#3416);
#3415 = CARTESIAN_POINT('',(3.,0.));
#3416 = VECTOR('',#3417,1.);
#3417 = DIRECTION('',(0.,1.));
#3418 = ( GEOMETRIC_REPRESENTATION_CONTEXT(2) 
PARAMETRIC_REPRESENTATION_CONTEXT() REPRESENTATION_CONTEXT('2D SPACE',''
  ) );
#3419 = ORIENTED_EDGE('',*,*,#3420,.T.);
#3420 = EDGE_CURVE('',#3359,#3421,#3423,.T.);
#3421 = VERTEX_POINT('',#3422);
#3422 = CARTESIAN_POINT('',(28.625081755622,37.927820690652,
    -0.403096820419));
#3423 = SURFACE_CURVE('',#3424,(#3427,#3434),.PCURVE_S1.);
#3424 = B_SPLINE_CURVE_WITH_KNOTS('',1,(#3425,#3426),.UNSPECIFIED.,.F.,
  .F.,(2,2),(3.,4.),.PIECEWISE_BEZIER_KNOTS.);
#3425 = CARTESIAN_POINT('',(37.134287660803,48.598027400753,
    7.558065382861));
#3426 = CARTESIAN_POINT('',(28.625081755622,37.927820690652,
    -0.403096820419));
#3427 = PCURVE('',#460,#3428);
#3428 = DEFINITIONAL_REPRESENTATION('',(#3429),#3433);
#3429 = LINE('',#3430,#3431);
#3430 = CARTESIAN_POINT('',(0.,0.));
#3431 = VECTOR('',#3432,1.);
#3432 = DIRECTION('',(1.,0.));
#3433 = ( GEOMETRIC_REPRESENTATION_CONTEXT(2) 
PARAMETRIC_REPRESENTATION_CONTEXT() REPRESENTATION_CONTEXT('2D SPACE',''
  ) );
#3434 = PCURVE('',#3435,#3440);
#3435 = PLANE('',#3436);
#3436 = AXIS2_PLACEMENT_3D('',#3437,#3438,#3439);
#3437 = CARTESIAN_POINT('',(28.625081755622,37.927820690652,
    -0.403096820419));
#3438 = DIRECTION('',(-0.314158445866,-0.393942230858,0.863778900898));
#3439 = DIRECTION('',(0.436111288599,0.748281239423,0.499882116789));
#3440 = DEFINITIONAL_REPRESENTATION('',(#3441),#3444);
#3441 = B_SPLINE_CURVE_WITH_KNOTS('',1,(#3442,#3443),.UNSPECIFIED.,.F.,
  .F.,(2,2),(3.,4.),.PIECEWISE_BEZIER_KNOTS.);
#3442 = CARTESIAN_POINT('',(15.674918868462,-1.984166945375));
#3443 = CARTESIAN_POINT('',(0.,0.));
#3444 = ( GEOMETRIC_REPRESENTATION_CONTEXT(2) 
PARAMETRIC_REPRESENTATION_CONTEXT() REPRESENTATION_CONTEXT('2D SPACE',''
  ) );
#3445 = ORIENTED_EDGE('',*,*,#3446,.T.);
#3446 = EDGE_CURVE('',#3421,#441,#3447,.T.);
#3447 = SURFACE_CURVE('',#3448,(#3462,#3469),.PCURVE_S1.);
#3448 = ( BOUNDED_CURVE() B_SPLINE_CURVE(7,(#3449,#3450,#3451,#3452,
    #3453,#3454,#3455,#3456,#3457,#3458,#3459,#3460,#3461),
.UNSPECIFIED.,.F.,.F.) B_SPLINE_CURVE_WITH_KNOTS((8,5,8),(0.,
0.52965543135,1.),.UNSPECIFIED.) CURVE() GEOMETRIC_REPRESENTATION_ITEM()
 RATIONAL_B_SPLINE_CURVE((1.,1.,1.,1.,1.,1.,1.,1.,1.,1.,1.,1.,1.)) 
REPRESENTATION_ITEM('') );
#3449 = CARTESIAN_POINT('',(28.625081755622,37.927820690652,
    -0.403096820419));
#3450 = CARTESIAN_POINT('',(24.519737069056,38.304684252878,
    3.599509999661));
#3451 = CARTESIAN_POINT('',(20.44113712873,38.236702718762,
    7.691150027432));
#3452 = CARTESIAN_POINT('',(16.450894703193,37.713976295727,
    11.875502452771));
#3453 = CARTESIAN_POINT('',(12.618144197092,36.736516585852,
    16.155925347564));
#3454 = CARTESIAN_POINT('',(9.018598759664,35.317519458181,
    20.535129710615));
#3455 = CARTESIAN_POINT('',(2.813011838262,31.865987537987,
    28.992197538944));
#3456 = CARTESIAN_POINT('',(-2.01313362388,27.150261446537,
    37.802090822544));
#3457 = CARTESIAN_POINT('',(-3.925888307923,24.690716255078,
    42.02302983286));
#3458 = CARTESIAN_POINT('',(-5.432756861738,22.041433113641,
    46.31886954859));
#3459 = CARTESIAN_POINT('',(-6.492843920799,19.269330919819,
    50.685150388478));
#3460 = CARTESIAN_POINT('',(-7.081815057097,16.455331648522,
    55.114498754514));
#3461 = CARTESIAN_POINT('',(-7.197176473233,13.685191971246,
    59.596903179581));
#3462 = PCURVE('',#460,#3463);
#3463 = DEFINITIONAL_REPRESENTATION('',(#3464),#3468);
#3464 = LINE('',#3465,#3466);
#3465 = CARTESIAN_POINT('',(4.,0.));
#3466 = VECTOR('',#3467,1.);
#3467 = DIRECTION('',(0.,1.));
#3468 = ( GEOMETRIC_REPRESENTATION_CONTEXT(2) 
PARAMETRIC_REPRESENTATION_CONTEXT() REPRESENTATION_CONTEXT('2D SPACE',''
  ) );
#3469 = PCURVE('',#516,#3470);
#3470 = DEFINITIONAL_REPRESENTATION('',(#3471),#3475);
#3471 = LINE('',#3472,#3473);
#3472 = CARTESIAN_POINT('',(0.,0.));
#3473 = VECTOR('',#3474,1.);
#3474 = DIRECTION('',(0.,1.));
#3475 = ( GEOMETRIC_REPRESENTATION_CONTEXT(2) 
PARAMETRIC_REPRESENTATION_CONTEXT() REPRESENTATION_CONTEXT('2D SPACE',''
  ) );
#3476 = ORIENTED_EDGE('',*,*,#440,.F.);
#3477 = ORIENTED_EDGE('',*,*,#3089,.T.);
#3478 = ORIENTED_EDGE('',*,*,#3479,.F.);
#3479 = EDGE_CURVE('',#3361,#3090,#3480,.T.);
#3480 = SURFACE_CURVE('',#3481,(#3484,#3491),.PCURVE_S1.);
#3481 = B_SPLINE_CURVE_WITH_KNOTS('',1,(#3482,#3483),.UNSPECIFIED.,.F.,
  .F.,(2,2),(3.,4.),.PIECEWISE_BEZIER_KNOTS.);
#3482 = CARTESIAN_POINT('',(-9.027504910419,18.348792771425,
    62.51935512762));
#3483 = CARTESIAN_POINT('',(-7.197176473233,13.685191971246,
    59.596903179581));
#3484 = PCURVE('',#460,#3485);
#3485 = DEFINITIONAL_REPRESENTATION('',(#3486),#3490);
#3486 = LINE('',#3487,#3488);
#3487 = CARTESIAN_POINT('',(0.,1.));
#3488 = VECTOR('',#3489,1.);
#3489 = DIRECTION('',(1.,0.));
#3490 = ( GEOMETRIC_REPRESENTATION_CONTEXT(2) 
PARAMETRIC_REPRESENTATION_CONTEXT() REPRESENTATION_CONTEXT('2D SPACE',''
  ) );
#3491 = PCURVE('',#3181,#3492);
#3492 = DEFINITIONAL_REPRESENTATION('',(#3493),#3496);
#3493 = B_SPLINE_CURVE_WITH_KNOTS('',1,(#3494,#3495),.UNSPECIFIED.,.F.,
  .F.,(2,2),(3.,4.),.PIECEWISE_BEZIER_KNOTS.);
#3494 = CARTESIAN_POINT('',(5.483163293432,-1.890745963253));
#3495 = CARTESIAN_POINT('',(0.,0.));
#3496 = ( GEOMETRIC_REPRESENTATION_CONTEXT(2) 
PARAMETRIC_REPRESENTATION_CONTEXT() REPRESENTATION_CONTEXT('2D SPACE',''
  ) );
#3497 = ADVANCED_FACE('',(#3498),#1360,.F.);
#3498 = FACE_BOUND('',#3499,.F.);
#3499 = EDGE_LOOP('',(#3500,#3533,#3559,#3619,#3638,#3639));
#3500 = ORIENTED_EDGE('',*,*,#3501,.F.);
#3501 = EDGE_CURVE('',#3502,#1285,#3504,.T.);
#3502 = VERTEX_POINT('',#3503);
#3503 = CARTESIAN_POINT('',(-12.89774562659,-48.29521881469,
    -0.403096820419));
#3504 = SURFACE_CURVE('',#3505,(#3519,#3526),.PCURVE_S1.);
#3505 = ( BOUNDED_CURVE() B_SPLINE_CURVE(7,(#3506,#3507,#3508,#3509,
    #3510,#3511,#3512,#3513,#3514,#3515,#3516,#3517,#3518),
.UNSPECIFIED.,.F.,.F.) B_SPLINE_CURVE_WITH_KNOTS((8,5,8),(0.,
0.52965543135,1.),.UNSPECIFIED.) CURVE() GEOMETRIC_REPRESENTATION_ITEM()
 RATIONAL_B_SPLINE_CURVE((1.,1.,1.,1.,1.,1.,1.,1.,1.,1.,1.,1.,1.)) 
REPRESENTATION_ITEM('') );
#3506 = CARTESIAN_POINT('',(-12.89774562659,-48.29521881469,
    -0.403096820419));
#3507 = CARTESIAN_POINT('',(-9.004352882163,-46.71730448985,
    3.599509999661));
#3508 = CARTESIAN_POINT('',(-5.338477434437,-44.7446390585,
    7.691150027432));
#3509 = CARTESIAN_POINT('',(-1.961034462832,-42.39579277886,
    11.875502452771));
#3510 = CARTESIAN_POINT('',(1.06457561313,-39.70176977589,
    16.155925347564));
#3511 = CARTESIAN_POINT('',(3.674784695459,-36.70859194427,
    20.535129710615));
#3512 = CARTESIAN_POINT('',(7.708147653562,-30.61597838658,
    28.992197538944));
#3513 = CARTESIAN_POINT('',(9.895785198435,-23.98676338508,
    37.802090822544));
#3514 = CARTESIAN_POINT('',(10.485656188304,-20.80835988348,
    42.02302983286));
#3515 = CARTESIAN_POINT('',(10.614840678303,-17.63894045268,
    46.31886954859));
#3516 = CARTESIAN_POINT('',(10.275610053233,-14.55831361901,
    50.685150388478));
#3517 = CARTESIAN_POINT('',(9.481679845659,-11.65181072644,
    55.114498754514));
#3518 = CARTESIAN_POINT('',(8.269001071932,-8.999524106852,
    59.596903179581));
#3519 = PCURVE('',#1360,#3520);
#3520 = DEFINITIONAL_REPRESENTATION('',(#3521),#3525);
#3521 = LINE('',#3522,#3523);
#3522 = CARTESIAN_POINT('',(1.,0.));
#3523 = VECTOR('',#3524,1.);
#3524 = DIRECTION('',(0.,1.));
#3525 = ( GEOMETRIC_REPRESENTATION_CONTEXT(2) 
PARAMETRIC_REPRESENTATION_CONTEXT() REPRESENTATION_CONTEXT('2D SPACE',''
  ) );
#3526 = PCURVE('',#1304,#3527);
#3527 = DEFINITIONAL_REPRESENTATION('',(#3528),#3532);
#3528 = LINE('',#3529,#3530);
#3529 = CARTESIAN_POINT('',(1.,0.));
#3530 = VECTOR('',#3531,1.);
#3531 = DIRECTION('',(0.,1.));
#3532 = ( GEOMETRIC_REPRESENTATION_CONTEXT(2) 
PARAMETRIC_REPRESENTATION_CONTEXT() REPRESENTATION_CONTEXT('2D SPACE',''
  ) );
#3533 = ORIENTED_EDGE('',*,*,#3534,.T.);
#3534 = EDGE_CURVE('',#3502,#3535,#3537,.T.);
#3535 = VERTEX_POINT('',#3536);
#3536 = CARTESIAN_POINT('',(-15.93464605319,-61.60074894964,
    7.558065382861));
#3537 = SURFACE_CURVE('',#3538,(#3541,#3548),.PCURVE_S1.);
#3538 = B_SPLINE_CURVE_WITH_KNOTS('',1,(#3539,#3540),.UNSPECIFIED.,.F.,
  .F.,(2,2),(1.,2.),.PIECEWISE_BEZIER_KNOTS.);
#3539 = CARTESIAN_POINT('',(-12.89774562659,-48.29521881469,
    -0.403096820419));
#3540 = CARTESIAN_POINT('',(-15.93464605319,-61.60074894964,
    7.558065382861));
#3541 = PCURVE('',#1360,#3542);
#3542 = DEFINITIONAL_REPRESENTATION('',(#3543),#3547);
#3543 = LINE('',#3544,#3545);
#3544 = CARTESIAN_POINT('',(0.,0.));
#3545 = VECTOR('',#3546,1.);
#3546 = DIRECTION('',(1.,0.));
#3547 = ( GEOMETRIC_REPRESENTATION_CONTEXT(2) 
PARAMETRIC_REPRESENTATION_CONTEXT() REPRESENTATION_CONTEXT('2D SPACE',''
  ) );
#3548 = PCURVE('',#3549,#3554);
#3549 = PLANE('',#3550);
#3550 = AXIS2_PLACEMENT_3D('',#3551,#3552,#3553);
#3551 = CARTESIAN_POINT('',(-14.84760145095,-47.85017694678,
    -0.403096820419));
#3552 = DIRECTION('',(0.112121851193,0.491237926923,0.863778900898));
#3553 = DIRECTION('',(-6.825563189593E-02,-0.863399697724,0.499882116789
    ));
#3554 = DEFINITIONAL_REPRESENTATION('',(#3555),#3558);
#3555 = B_SPLINE_CURVE_WITH_KNOTS('',1,(#3556,#3557),.UNSPECIFIED.,.F.,
  .F.,(2,2),(1.,2.),.PIECEWISE_BEZIER_KNOTS.);
#3556 = CARTESIAN_POINT('',(0.251160372832,1.984166945375));
#3557 = CARTESIAN_POINT('',(15.926079241295,-3.552713678801E-15));
#3558 = ( GEOMETRIC_REPRESENTATION_CONTEXT(2) 
PARAMETRIC_REPRESENTATION_CONTEXT() REPRESENTATION_CONTEXT('2D SPACE',''
  ) );
#3559 = ORIENTED_EDGE('',*,*,#3560,.T.);
#3560 = EDGE_CURVE('',#3535,#3561,#3563,.T.);
#3561 = VERTEX_POINT('',#3562);
#3562 = CARTESIAN_POINT('',(11.941530564806,-12.40713349399,
    62.51935512762));
#3563 = SURFACE_CURVE('',#3564,(#3578,#3585),.PCURVE_S1.);
#3564 = ( BOUNDED_CURVE() B_SPLINE_CURVE(7,(#3565,#3566,#3567,#3568,
    #3569,#3570,#3571,#3572,#3573,#3574,#3575,#3576,#3577),
.UNSPECIFIED.,.F.,.F.) B_SPLINE_CURVE_WITH_KNOTS((8,5,8),(0.,
0.52965543135,1.),.UNSPECIFIED.) CURVE() GEOMETRIC_REPRESENTATION_ITEM()
 RATIONAL_B_SPLINE_CURVE((1.,1.,1.,1.,1.,1.,1.,1.,1.,1.,1.,1.,1.)) 
REPRESENTATION_ITEM('') );
#3565 = CARTESIAN_POINT('',(-15.93464605319,-61.60074894964,
    7.558065382861));
#3566 = CARTESIAN_POINT('',(-10.98352410405,-59.67320737117,
    11.224539269075));
#3567 = CARTESIAN_POINT('',(-6.310671727785,-57.24648314031,
    14.972569487364));
#3568 = CARTESIAN_POINT('',(-1.992460346138,-54.34281656122,
    18.80552625476));
#3569 = CARTESIAN_POINT('',(1.891463341348,-50.99991417233,
    22.726485637263));
#3570 = CARTESIAN_POINT('',(5.261028241614,-47.27420036539,
    26.73793096809));
#3571 = CARTESIAN_POINT('',(10.511894741933,-39.66935865591,
    34.484786889817));
#3572 = CARTESIAN_POINT('',(13.465362972277,-31.35480612524,
    42.554838512827));
#3573 = CARTESIAN_POINT('',(14.30695855223,-27.35932655714,
    46.421309378502));
#3574 = CARTESIAN_POINT('',(14.572909132749,-23.36520859342,
    50.356390900401));
#3575 = CARTESIAN_POINT('',(14.252258005752,-19.47179874201,
    54.355998006193));
#3576 = CARTESIAN_POINT('',(13.360661656041,-15.78564883745,
    58.413376321633));
#3577 = CARTESIAN_POINT('',(11.941530564806,-12.40713349399,
    62.51935512762));
#3578 = PCURVE('',#1360,#3579);
#3579 = DEFINITIONAL_REPRESENTATION('',(#3580),#3584);
#3580 = LINE('',#3581,#3582);
#3581 = CARTESIAN_POINT('',(2.,0.));
#3582 = VECTOR('',#3583,1.);
#3583 = DIRECTION('',(0.,1.));
#3584 = ( GEOMETRIC_REPRESENTATION_CONTEXT(2) 
PARAMETRIC_REPRESENTATION_CONTEXT() REPRESENTATION_CONTEXT('2D SPACE',''
  ) );
#3585 = PCURVE('',#3586,#3613);
#3586 = ( BOUNDED_SURFACE() B_SPLINE_SURFACE(1,7,(
    (#3587,#3588,#3589,#3590,#3591,#3592,#3593,#3594,#3595,#3596,#3597
      ,#3598,#3599)
    ,(#3600,#3601,#3602,#3603,#3604,#3605,#3606,#3607,#3608,#3609,#3610
      ,#3611,#3612
)),.UNSPECIFIED.,.F.,.F.,.F.) B_SPLINE_SURFACE_WITH_KNOTS((2,2),(8,5,8),
  (2.,3.),(0.,0.52965543135,1.),.UNSPECIFIED.) 
GEOMETRIC_REPRESENTATION_ITEM() RATIONAL_B_SPLINE_SURFACE((
    (1.,1.,1.,1.,1.,1.,1.,1.,1.,1.,1.,1.,1.)
,(1.,1.,1.,1.,1.,1.,1.,1.,1.,1.,1.,1.,1.
))) REPRESENTATION_ITEM('') SURFACE() );
#3587 = CARTESIAN_POINT('',(-15.93464605319,-61.60074894964,
    7.558065382861));
#3588 = CARTESIAN_POINT('',(-10.98352410405,-59.67320737117,
    11.224539269075));
#3589 = CARTESIAN_POINT('',(-6.310671727785,-57.24648314031,
    14.972569487364));
#3590 = CARTESIAN_POINT('',(-1.992460346138,-54.34281656122,
    18.80552625476));
#3591 = CARTESIAN_POINT('',(1.891463341348,-50.99991417233,
    22.726485637263));
#3592 = CARTESIAN_POINT('',(5.261028241614,-47.27420036539,
    26.73793096809));
#3593 = CARTESIAN_POINT('',(10.511894741933,-39.66935865591,
    34.484786889817));
#3594 = CARTESIAN_POINT('',(13.465362972277,-31.35480612524,
    42.554838512827));
#3595 = CARTESIAN_POINT('',(14.30695855223,-27.35932655714,
    46.421309378502));
#3596 = CARTESIAN_POINT('',(14.572909132749,-23.36520859342,
    50.356390900401));
#3597 = CARTESIAN_POINT('',(14.252258005752,-19.47179874201,
    54.355998006193));
#3598 = CARTESIAN_POINT('',(13.360661656041,-15.78564883745,
    58.413376321633));
#3599 = CARTESIAN_POINT('',(11.941530564806,-12.40713349399,
    62.51935512762));
#3600 = CARTESIAN_POINT('',(-17.88450187755,-61.15570708172,
    7.558065382861));
#3601 = CARTESIAN_POINT('',(-12.96446994672,-59.36437986214,
    11.224539269075));
#3602 = CARTESIAN_POINT('',(-8.31229752953,-57.07943362431,
    14.972569487364));
#3603 = CARTESIAN_POINT('',(-4.003247413665,-54.32235178773,
    18.80552625476));
#3604 = CARTESIAN_POINT('',(-0.115848791459,-51.12984351286,
    22.726485637263));
#3605 = CARTESIAN_POINT('',(3.270905624649,-47.55705106837,
    26.73793096809));
#3606 = CARTESIAN_POINT('',(8.581886214893,-40.24259685302,
    34.484786889817));
#3607 = CARTESIAN_POINT('',(11.649846844511,-32.21455088727,
    42.554838512827));
#3608 = CARTESIAN_POINT('',(12.55774719265,-28.35158801974,
    46.421309378502));
#3609 = CARTESIAN_POINT('',(12.902674062794,-24.48616209164,
    50.356390900401));
#3610 = CARTESIAN_POINT('',(12.673588933274,-20.71584676165,
    54.355998006193));
#3611 = CARTESIAN_POINT('',(11.885618923332,-17.14532901307,
    58.413376321633));
#3612 = CARTESIAN_POINT('',(10.581185089264,-13.87323723765,
    62.51935512762));
#3613 = DEFINITIONAL_REPRESENTATION('',(#3614),#3618);
#3614 = LINE('',#3615,#3616);
#3615 = CARTESIAN_POINT('',(2.,0.));
#3616 = VECTOR('',#3617,1.);
#3617 = DIRECTION('',(0.,1.));
#3618 = ( GEOMETRIC_REPRESENTATION_CONTEXT(2) 
PARAMETRIC_REPRESENTATION_CONTEXT() REPRESENTATION_CONTEXT('2D SPACE',''
  ) );
#3619 = ORIENTED_EDGE('',*,*,#3620,.F.);
#3620 = EDGE_CURVE('',#3197,#3561,#3621,.T.);
#3621 = SURFACE_CURVE('',#3622,(#3625,#3632),.PCURVE_S1.);
#3622 = B_SPLINE_CURVE_WITH_KNOTS('',1,(#3623,#3624),.UNSPECIFIED.,.F.,
  .F.,(2,2),(1.,2.),.PIECEWISE_BEZIER_KNOTS.);
#3623 = CARTESIAN_POINT('',(8.269001071932,-8.999524106852,
    59.596903179581));
#3624 = CARTESIAN_POINT('',(11.941530564806,-12.40713349399,
    62.51935512762));
#3625 = PCURVE('',#1360,#3626);
#3626 = DEFINITIONAL_REPRESENTATION('',(#3627),#3631);
#3627 = LINE('',#3628,#3629);
#3628 = CARTESIAN_POINT('',(0.,1.));
#3629 = VECTOR('',#3630,1.);
#3630 = DIRECTION('',(1.,0.));
#3631 = ( GEOMETRIC_REPRESENTATION_CONTEXT(2) 
PARAMETRIC_REPRESENTATION_CONTEXT() REPRESENTATION_CONTEXT('2D SPACE',''
  ) );
#3632 = PCURVE('',#3343,#3633);
#3633 = DEFINITIONAL_REPRESENTATION('',(#3634),#3637);
#3634 = B_SPLINE_CURVE_WITH_KNOTS('',1,(#3635,#3636),.UNSPECIFIED.,.F.,
  .F.,(2,2),(1.,2.),.PIECEWISE_BEZIER_KNOTS.);
#3635 = CARTESIAN_POINT('',(0.651981366639,1.890745963253));
#3636 = CARTESIAN_POINT('',(6.135144660071,0.));
#3637 = ( GEOMETRIC_REPRESENTATION_CONTEXT(2) 
PARAMETRIC_REPRESENTATION_CONTEXT() REPRESENTATION_CONTEXT('2D SPACE',''
  ) );
#3638 = ORIENTED_EDGE('',*,*,#3196,.F.);
#3639 = ORIENTED_EDGE('',*,*,#1340,.T.);
#3640 = ADVANCED_FACE('',(#3641),#516,.F.);
#3641 = FACE_BOUND('',#3642,.F.);
#3642 = EDGE_LOOP('',(#3643,#3644,#3665,#3696));
#3643 = ORIENTED_EDGE('',*,*,#3446,.F.);
#3644 = ORIENTED_EDGE('',*,*,#3645,.T.);
#3645 = EDGE_CURVE('',#3421,#3646,#3648,.T.);
#3646 = VERTEX_POINT('',#3647);
#3647 = CARTESIAN_POINT('',(27.061418790686,39.174800294369,
    -0.403096820419));
#3648 = SURFACE_CURVE('',#3649,(#3652,#3659),.PCURVE_S1.);
#3649 = B_SPLINE_CURVE_WITH_KNOTS('',1,(#3650,#3651),.UNSPECIFIED.,.F.,
  .F.,(2,2),(0.,1.),.PIECEWISE_BEZIER_KNOTS.);
#3650 = CARTESIAN_POINT('',(28.625081755622,37.927820690652,
    -0.403096820419));
#3651 = CARTESIAN_POINT('',(27.061418790686,39.174800294369,
    -0.403096820419));
#3652 = PCURVE('',#516,#3653);
#3653 = DEFINITIONAL_REPRESENTATION('',(#3654),#3658);
#3654 = LINE('',#3655,#3656);
#3655 = CARTESIAN_POINT('',(0.,0.));
#3656 = VECTOR('',#3657,1.);
#3657 = DIRECTION('',(1.,0.));
#3658 = ( GEOMETRIC_REPRESENTATION_CONTEXT(2) 
PARAMETRIC_REPRESENTATION_CONTEXT() REPRESENTATION_CONTEXT('2D SPACE',''
  ) );
#3659 = PCURVE('',#3435,#3660);
#3660 = DEFINITIONAL_REPRESENTATION('',(#3661),#3664);
#3661 = B_SPLINE_CURVE_WITH_KNOTS('',1,(#3662,#3663),.UNSPECIFIED.,.F.,
  .F.,(2,2),(0.,1.),.PIECEWISE_BEZIER_KNOTS.);
#3662 = CARTESIAN_POINT('',(0.,0.));
#3663 = CARTESIAN_POINT('',(0.251160372832,1.984166945375));
#3664 = ( GEOMETRIC_REPRESENTATION_CONTEXT(2) 
PARAMETRIC_REPRESENTATION_CONTEXT() REPRESENTATION_CONTEXT('2D SPACE',''
  ) );
#3665 = ORIENTED_EDGE('',*,*,#3666,.T.);
#3666 = EDGE_CURVE('',#3646,#497,#3667,.T.);
#3667 = SURFACE_CURVE('',#3668,(#3682,#3689),.PCURVE_S1.);
#3668 = ( BOUNDED_CURVE() B_SPLINE_CURVE(7,(#3669,#3670,#3671,#3672,
    #3673,#3674,#3675,#3676,#3677,#3678,#3679,#3680,#3681),
.UNSPECIFIED.,.F.,.F.) B_SPLINE_CURVE_WITH_KNOTS((8,5,8),(0.,
0.52965543135,1.),.UNSPECIFIED.) CURVE() GEOMETRIC_REPRESENTATION_ITEM()
 RATIONAL_B_SPLINE_CURVE((1.,1.,1.,1.,1.,1.,1.,1.,1.,1.,1.,1.,1.)) 
REPRESENTATION_ITEM('') );
#3669 = CARTESIAN_POINT('',(27.061418790686,39.174800294369,
    -0.403096820419));
#3670 = CARTESIAN_POINT('',(22.868961770171,39.442428413279,
    3.599509999661));
#3671 = CARTESIAN_POINT('',(18.710214664779,39.255682019241,
    7.691150027432));
#3672 = CARTESIAN_POINT('',(14.648117487825,38.604862230975,
    11.875502452771));
#3673 = CARTESIAN_POINT('',(10.753244229172,37.490394388751,
    16.155925347564));
#3674 = CARTESIAN_POINT('',(7.102835917851,35.926161622888,
    20.535129710615));
#3675 = CARTESIAN_POINT('',(0.825415508243,32.186917084732,
    28.992197538944));
#3676 = CARTESIAN_POINT('',(-4.021886406207,27.163381107553,
    37.802090822544));
#3677 = CARTESIAN_POINT('',(-5.932399399857,24.555673933661,
    42.02302983286));
#3678 = CARTESIAN_POINT('',(-7.423950157032,21.756176746735,
    46.31886954859));
#3679 = CARTESIAN_POINT('',(-8.454947814222,18.833441223949,
    50.685150388478));
#3680 = CARTESIAN_POINT('',(-9.000725756694,15.870299196216,
    55.114498754514));
#3681 = CARTESIAN_POINT('',(-9.058923970521,12.954509922513,
    59.596903179581));
#3682 = PCURVE('',#516,#3683);
#3683 = DEFINITIONAL_REPRESENTATION('',(#3684),#3688);
#3684 = LINE('',#3685,#3686);
#3685 = CARTESIAN_POINT('',(1.,0.));
#3686 = VECTOR('',#3687,1.);
#3687 = DIRECTION('',(0.,1.));
#3688 = ( GEOMETRIC_REPRESENTATION_CONTEXT(2) 
PARAMETRIC_REPRESENTATION_CONTEXT() REPRESENTATION_CONTEXT('2D SPACE',''
  ) );
#3689 = PCURVE('',#572,#3690);
#3690 = DEFINITIONAL_REPRESENTATION('',(#3691),#3695);
#3691 = LINE('',#3692,#3693);
#3692 = CARTESIAN_POINT('',(1.,0.));
#3693 = VECTOR('',#3694,1.);
#3694 = DIRECTION('',(0.,1.));
#3695 = ( GEOMETRIC_REPRESENTATION_CONTEXT(2) 
PARAMETRIC_REPRESENTATION_CONTEXT() REPRESENTATION_CONTEXT('2D SPACE',''
  ) );
#3696 = ORIENTED_EDGE('',*,*,#496,.T.);
#3697 = ADVANCED_FACE('',(#3698),#1304,.F.);
#3698 = FACE_BOUND('',#3699,.F.);
#3699 = EDGE_LOOP('',(#3700,#3733,#3752,#3753));
#3700 = ORIENTED_EDGE('',*,*,#3701,.F.);
#3701 = EDGE_CURVE('',#3702,#1229,#3704,.T.);
#3702 = VERTEX_POINT('',#3703);
#3703 = CARTESIAN_POINT('',(-14.84760145095,-47.85017694678,
    -0.403096820419));
#3704 = SURFACE_CURVE('',#3705,(#3719,#3726),.PCURVE_S1.);
#3705 = ( BOUNDED_CURVE() B_SPLINE_CURVE(7,(#3706,#3707,#3708,#3709,
    #3710,#3711,#3712,#3713,#3714,#3715,#3716,#3717,#3718),
.UNSPECIFIED.,.F.,.F.) B_SPLINE_CURVE_WITH_KNOTS((8,5,8),(0.,
0.52965543135,1.),.UNSPECIFIED.) CURVE() GEOMETRIC_REPRESENTATION_ITEM()
 RATIONAL_B_SPLINE_CURVE((1.,1.,1.,1.,1.,1.,1.,1.,1.,1.,1.,1.,1.)) 
REPRESENTATION_ITEM('') );
#3706 = CARTESIAN_POINT('',(-14.84760145095,-47.85017694678,
    -0.403096820419));
#3707 = CARTESIAN_POINT('',(-10.98529872483,-46.40847698082,
    3.599509999661));
#3708 = CARTESIAN_POINT('',(-7.340103236185,-44.57758954251,
    7.691150027432));
#3709 = CARTESIAN_POINT('',(-3.971821530355,-42.37532800535,
    11.875502452771));
#3710 = CARTESIAN_POINT('',(-0.942736519679,-39.83169911643,
    16.155925347564));
#3711 = CARTESIAN_POINT('',(1.684662078494,-36.99144264724,
    20.535129710615));
#3712 = CARTESIAN_POINT('',(5.778139126522,-31.1892165837,
    28.992197538944));
#3713 = CARTESIAN_POINT('',(8.080269070668,-24.84650814711,
    37.802090822544));
#3714 = CARTESIAN_POINT('',(8.736444828726,-21.80062134608,
    42.02302983286));
#3715 = CARTESIAN_POINT('',(8.944605608347,-18.7598939509,46.31886954859
    ));
#3716 = CARTESIAN_POINT('',(8.696940980755,-15.80236163864,
    50.685150388478));
#3717 = CARTESIAN_POINT('',(8.006637112949,-13.01149090206,
    55.114498754514));
#3718 = CARTESIAN_POINT('',(6.90865559639,-10.46562785051,
    59.596903179581));
#3719 = PCURVE('',#1304,#3720);
#3720 = DEFINITIONAL_REPRESENTATION('',(#3721),#3725);
#3721 = LINE('',#3722,#3723);
#3722 = CARTESIAN_POINT('',(0.,0.));
#3723 = VECTOR('',#3724,1.);
#3724 = DIRECTION('',(0.,1.));
#3725 = ( GEOMETRIC_REPRESENTATION_CONTEXT(2) 
PARAMETRIC_REPRESENTATION_CONTEXT() REPRESENTATION_CONTEXT('2D SPACE',''
  ) );
#3726 = PCURVE('',#1248,#3727);
#3727 = DEFINITIONAL_REPRESENTATION('',(#3728),#3732);
#3728 = LINE('',#3729,#3730);
#3729 = CARTESIAN_POINT('',(4.,0.));
#3730 = VECTOR('',#3731,1.);
#3731 = DIRECTION('',(0.,1.));
#3732 = ( GEOMETRIC_REPRESENTATION_CONTEXT(2) 
PARAMETRIC_REPRESENTATION_CONTEXT() REPRESENTATION_CONTEXT('2D SPACE',''
  ) );
#3733 = ORIENTED_EDGE('',*,*,#3734,.T.);
#3734 = EDGE_CURVE('',#3702,#3502,#3735,.T.);
#3735 = SURFACE_CURVE('',#3736,(#3739,#3746),.PCURVE_S1.);
#3736 = B_SPLINE_CURVE_WITH_KNOTS('',1,(#3737,#3738),.UNSPECIFIED.,.F.,
  .F.,(2,2),(0.,1.),.PIECEWISE_BEZIER_KNOTS.);
#3737 = CARTESIAN_POINT('',(-14.84760145095,-47.85017694678,
    -0.403096820419));
#3738 = CARTESIAN_POINT('',(-12.89774562659,-48.29521881469,
    -0.403096820419));
#3739 = PCURVE('',#1304,#3740);
#3740 = DEFINITIONAL_REPRESENTATION('',(#3741),#3745);
#3741 = LINE('',#3742,#3743);
#3742 = CARTESIAN_POINT('',(0.,0.));
#3743 = VECTOR('',#3744,1.);
#3744 = DIRECTION('',(1.,0.));
#3745 = ( GEOMETRIC_REPRESENTATION_CONTEXT(2) 
PARAMETRIC_REPRESENTATION_CONTEXT() REPRESENTATION_CONTEXT('2D SPACE',''
  ) );
#3746 = PCURVE('',#3549,#3747);
#3747 = DEFINITIONAL_REPRESENTATION('',(#3748),#3751);
#3748 = B_SPLINE_CURVE_WITH_KNOTS('',1,(#3749,#3750),.UNSPECIFIED.,.F.,
  .F.,(2,2),(0.,1.),.PIECEWISE_BEZIER_KNOTS.);
#3749 = CARTESIAN_POINT('',(0.,0.));
#3750 = CARTESIAN_POINT('',(0.251160372832,1.984166945375));
#3751 = ( GEOMETRIC_REPRESENTATION_CONTEXT(2) 
PARAMETRIC_REPRESENTATION_CONTEXT() REPRESENTATION_CONTEXT('2D SPACE',''
  ) );
#3752 = ORIENTED_EDGE('',*,*,#3501,.T.);
#3753 = ORIENTED_EDGE('',*,*,#1284,.T.);
#3754 = ADVANCED_FACE('',(#3755),#572,.F.);
#3755 = FACE_BOUND('',#3756,.F.);
#3756 = EDGE_LOOP('',(#3757,#3758,#3779,#3812,#3833,#3905));
#3757 = ORIENTED_EDGE('',*,*,#3666,.F.);
#3758 = ORIENTED_EDGE('',*,*,#3759,.T.);
#3759 = EDGE_CURVE('',#3646,#3760,#3762,.T.);
#3760 = VERTEX_POINT('',#3761);
#3761 = CARTESIAN_POINT('',(35.570624695867,49.845007004471,
    7.558065382861));
#3762 = SURFACE_CURVE('',#3763,(#3766,#3773),.PCURVE_S1.);
#3763 = B_SPLINE_CURVE_WITH_KNOTS('',1,(#3764,#3765),.UNSPECIFIED.,.F.,
  .F.,(2,2),(1.,2.),.PIECEWISE_BEZIER_KNOTS.);
#3764 = CARTESIAN_POINT('',(27.061418790686,39.174800294369,
    -0.403096820419));
#3765 = CARTESIAN_POINT('',(35.570624695867,49.845007004471,
    7.558065382861));
#3766 = PCURVE('',#572,#3767);
#3767 = DEFINITIONAL_REPRESENTATION('',(#3768),#3772);
#3768 = LINE('',#3769,#3770);
#3769 = CARTESIAN_POINT('',(0.,0.));
#3770 = VECTOR('',#3771,1.);
#3771 = DIRECTION('',(1.,0.));
#3772 = ( GEOMETRIC_REPRESENTATION_CONTEXT(2) 
PARAMETRIC_REPRESENTATION_CONTEXT() REPRESENTATION_CONTEXT('2D SPACE',''
  ) );
#3773 = PCURVE('',#3435,#3774);
#3774 = DEFINITIONAL_REPRESENTATION('',(#3775),#3778);
#3775 = B_SPLINE_CURVE_WITH_KNOTS('',1,(#3776,#3777),.UNSPECIFIED.,.F.,
  .F.,(2,2),(1.,2.),.PIECEWISE_BEZIER_KNOTS.);
#3776 = CARTESIAN_POINT('',(0.251160372832,1.984166945375));
#3777 = CARTESIAN_POINT('',(15.926079241295,3.552713678801E-15));
#3778 = ( GEOMETRIC_REPRESENTATION_CONTEXT(2) 
PARAMETRIC_REPRESENTATION_CONTEXT() REPRESENTATION_CONTEXT('2D SPACE',''
  ) );
#3779 = ORIENTED_EDGE('',*,*,#3780,.T.);
#3780 = EDGE_CURVE('',#3760,#3781,#3783,.T.);
#3781 = VERTEX_POINT('',#3782);
#3782 = CARTESIAN_POINT('',(-10.8892524077,17.618110722692,
    62.51935512762));
#3783 = SURFACE_CURVE('',#3784,(#3798,#3805),.PCURVE_S1.);
#3784 = ( BOUNDED_CURVE() B_SPLINE_CURVE(7,(#3785,#3786,#3787,#3788,
    #3789,#3790,#3791,#3792,#3793,#3794,#3795,#3796,#3797),
.UNSPECIFIED.,.F.,.F.) B_SPLINE_CURVE_WITH_KNOTS((8,5,8),(0.,
0.52965543135,1.),.UNSPECIFIED.) CURVE() GEOMETRIC_REPRESENTATION_ITEM()
 RATIONAL_B_SPLINE_CURVE((1.,1.,1.,1.,1.,1.,1.,1.,1.,1.,1.,1.,1.)) 
REPRESENTATION_ITEM('') );
#3785 = CARTESIAN_POINT('',(35.570624695867,49.845007004471,
    7.558065382861));
#3786 = CARTESIAN_POINT('',(30.273489011132,50.256563354805,
    11.224539269075));
#3787 = CARTESIAN_POINT('',(25.01047831272,50.097635033179,
    14.972569487364));
#3788 = CARTESIAN_POINT('',(19.860050580345,49.355123543213,
    18.80552625476));
#3789 = CARTESIAN_POINT('',(14.910325264615,48.028443894361,
    22.726485637263));
#3790 = CARTESIAN_POINT('',(10.257925553661,46.13369116172,
    26.73793096809));
#3791 = CARTESIAN_POINT('',(2.227441151056,41.56023112692,
    34.484786889817));
#3792 = CARTESIAN_POINT('',(-4.041090917919,35.350539985392,
    42.554838512827));
#3793 = CARTESIAN_POINT('',(-6.532915949394,32.115891919253,
    46.421309378502));
#3794 = CARTESIAN_POINT('',(-8.50551197942,28.632707611502,
    50.356390900401));
#3795 = CARTESIAN_POINT('',(-9.905902520783,24.985741235469,
    54.355998006193));
#3796 = CARTESIAN_POINT('',(-10.70196247049,21.277785771042,
    58.413376321633));
#3797 = CARTESIAN_POINT('',(-10.8892524077,17.618110722692,
    62.51935512762));
#3798 = PCURVE('',#572,#3799);
#3799 = DEFINITIONAL_REPRESENTATION('',(#3800),#3804);
#3800 = LINE('',#3801,#3802);
#3801 = CARTESIAN_POINT('',(2.,0.));
#3802 = VECTOR('',#3803,1.);
#3803 = DIRECTION('',(0.,1.));
#3804 = ( GEOMETRIC_REPRESENTATION_CONTEXT(2) 
PARAMETRIC_REPRESENTATION_CONTEXT() REPRESENTATION_CONTEXT('2D SPACE',''
  ) );
#3805 = PCURVE('',#3386,#3806);
#3806 = DEFINITIONAL_REPRESENTATION('',(#3807),#3811);
#3807 = LINE('',#3808,#3809);
#3808 = CARTESIAN_POINT('',(2.,0.));
#3809 = VECTOR('',#3810,1.);
#3810 = DIRECTION('',(0.,1.));
#3811 = ( GEOMETRIC_REPRESENTATION_CONTEXT(2) 
PARAMETRIC_REPRESENTATION_CONTEXT() REPRESENTATION_CONTEXT('2D SPACE',''
  ) );
#3812 = ORIENTED_EDGE('',*,*,#3813,.F.);
#3813 = EDGE_CURVE('',#3814,#3781,#3816,.T.);
#3814 = VERTEX_POINT('',#3815);
#3815 = CARTESIAN_POINT('',(-9.302291888795,13.574601265324,
    59.985484284698));
#3816 = SURFACE_CURVE('',#3817,(#3820,#3827),.PCURVE_S1.);
#3817 = B_SPLINE_CURVE_WITH_KNOTS('',1,(#3818,#3819),.UNSPECIFIED.,.F.,
  .F.,(2,2),(1.,2.),.PIECEWISE_BEZIER_KNOTS.);
#3818 = CARTESIAN_POINT('',(-9.058923970521,12.954509922513,
    59.596903179581));
#3819 = CARTESIAN_POINT('',(-10.8892524077,17.618110722692,
    62.51935512762));
#3820 = PCURVE('',#572,#3821);
#3821 = DEFINITIONAL_REPRESENTATION('',(#3822),#3826);
#3822 = LINE('',#3823,#3824);
#3823 = CARTESIAN_POINT('',(0.,1.));
#3824 = VECTOR('',#3825,1.);
#3825 = DIRECTION('',(1.,0.));
#3826 = ( GEOMETRIC_REPRESENTATION_CONTEXT(2) 
PARAMETRIC_REPRESENTATION_CONTEXT() REPRESENTATION_CONTEXT('2D SPACE',''
  ) );
#3827 = PCURVE('',#3181,#3828);
#3828 = DEFINITIONAL_REPRESENTATION('',(#3829),#3832);
#3829 = B_SPLINE_CURVE_WITH_KNOTS('',1,(#3830,#3831),.UNSPECIFIED.,.F.,
  .F.,(2,2),(1.,2.),.PIECEWISE_BEZIER_KNOTS.);
#3830 = CARTESIAN_POINT('',(0.651981366639,1.890745963253));
#3831 = CARTESIAN_POINT('',(6.135144660071,-1.7763568394E-15));
#3832 = ( GEOMETRIC_REPRESENTATION_CONTEXT(2) 
PARAMETRIC_REPRESENTATION_CONTEXT() REPRESENTATION_CONTEXT('2D SPACE',''
  ) );
#3833 = ORIENTED_EDGE('',*,*,#3834,.F.);
#3834 = EDGE_CURVE('',#553,#3814,#3835,.T.);
#3835 = SURFACE_CURVE('',#3836,(#3857,#3881),.PCURVE_S1.);
#3836 = B_SPLINE_CURVE_WITH_KNOTS('',7,(#3837,#3838,#3839,#3840,#3841,
    #3842,#3843,#3844,#3845,#3846,#3847,#3848,#3849,#3850,#3851,#3852,
    #3853,#3854,#3855,#3856),.UNSPECIFIED.,.F.,.F.,(8,6,6,8),(0.,
    0.402789912559,0.697235872448,1.),.UNSPECIFIED.);
#3837 = CARTESIAN_POINT('',(27.483012487536,39.709553172765,
    -1.873635936408E-15));
#3838 = CARTESIAN_POINT('',(24.058949604406,39.949727671263,
    3.239913333634));
#3839 = CARTESIAN_POINT('',(20.683002716256,39.888585345402,
    6.511538126453));
#3840 = CARTESIAN_POINT('',(17.388934286619,39.529538437563,
    9.814237531287));
#3841 = CARTESIAN_POINT('',(14.210639987835,38.881103394485,
    13.147628806767));
#3842 = CARTESIAN_POINT('',(11.181536146539,37.956871424298,
    16.511348467426));
#3843 = CARTESIAN_POINT('',(8.333779020368,36.775889150532,
    19.904763670937));
#3844 = CARTESIAN_POINT('',(3.769282528221,34.329880683841,
    25.827742483918));
#3845 = CARTESIAN_POINT('',(1.954232365689,33.172840067483,
    28.34431088987));
#3846 = CARTESIAN_POINT('',(0.263278264041,31.901321080757,
    30.875618982581));
#3847 = CARTESIAN_POINT('',(-1.293006815263,30.526423326296,
    33.421182562203));
#3848 = CARTESIAN_POINT('',(-2.705177684102,29.060630211918,
    35.980497463362));
#3849 = CARTESIAN_POINT('',(-3.96517769732,27.51772873609,
    38.552947730479));
#3850 = CARTESIAN_POINT('',(-6.199133824519,24.262172855459,
    43.795469862467));
#3851 = CARTESIAN_POINT('',(-7.164066744464,22.545863629696,
    46.466393125549));
#3852 = CARTESIAN_POINT('',(-7.954382270807,20.779907691854,
    49.1495243348));
#3853 = CARTESIAN_POINT('',(-8.565073778166,18.981593959667,
    51.843991849413));
#3854 = CARTESIAN_POINT('',(-8.993270981068,17.168948213319,
    54.548883839279));
#3855 = CARTESIAN_POINT('',(-9.23841069141,15.360488107165,
    57.263164933828));
#3856 = CARTESIAN_POINT('',(-9.302291888795,13.574601265324,
    59.985484284698));
#3857 = PCURVE('',#572,#3858);
#3858 = DEFINITIONAL_REPRESENTATION('',(#3859),#3880);
#3859 = B_SPLINE_CURVE_WITH_KNOTS('',7,(#3860,#3861,#3862,#3863,#3864,
    #3865,#3866,#3867,#3868,#3869,#3870,#3871,#3872,#3873,#3874,#3875,
    #3876,#3877,#3878,#3879),.UNSPECIFIED.,.F.,.F.,(8,6,6,8),(0.,
    0.402789912559,0.697235872448,1.),.UNSPECIFIED.);
#3860 = CARTESIAN_POINT('',(1.050088461119,8.22836027742E-05));
#3861 = CARTESIAN_POINT('',(1.051779859191,6.133126002735E-02));
#3862 = CARTESIAN_POINT('',(1.053620557442,0.122077198049));
#3863 = CARTESIAN_POINT('',(1.055634763135,0.182303690446));
#3864 = CARTESIAN_POINT('',(1.05785019159,0.242006182034));
#3865 = CARTESIAN_POINT('',(1.060306391122,0.301186560172));
#3866 = CARTESIAN_POINT('',(1.063053306655,0.359850214312));
#3867 = CARTESIAN_POINT('',(1.068442849894,0.460507527157));
#3868 = CARTESIAN_POINT('',(1.070914891635,0.502743488964));
#3869 = CARTESIAN_POINT('',(1.073612842139,0.544708690065));
#3870 = CARTESIAN_POINT('',(1.076573537464,0.586408284254));
#3871 = CARTESIAN_POINT('',(1.079845126875,0.627850076237));
#3872 = CARTESIAN_POINT('',(1.083490902674,0.669043388243));
#3873 = CARTESIAN_POINT('',(1.091833640942,0.752108940367));
#3874 = CARTESIAN_POINT('',(1.096557587676,0.793969804088));
#3875 = CARTESIAN_POINT('',(1.101878130851,0.835589890819));
#3876 = CARTESIAN_POINT('',(1.107929896156,0.876983970466));
#3877 = CARTESIAN_POINT('',(1.11490759014,0.918170278196));
#3878 = CARTESIAN_POINT('',(1.123083384932,0.959168851835));
#3879 = CARTESIAN_POINT('',(1.132964069906,1.));
#3880 = ( GEOMETRIC_REPRESENTATION_CONTEXT(2) 
PARAMETRIC_REPRESENTATION_CONTEXT() REPRESENTATION_CONTEXT('2D SPACE',''
  ) );
#3881 = PCURVE('',#625,#3882);
#3882 = DEFINITIONAL_REPRESENTATION('',(#3883),#3904);
#3883 = B_SPLINE_CURVE_WITH_KNOTS('',7,(#3884,#3885,#3886,#3887,#3888,
    #3889,#3890,#3891,#3892,#3893,#3894,#3895,#3896,#3897,#3898,#3899,
    #3900,#3901,#3902,#3903),.UNSPECIFIED.,.F.,.F.,(8,6,6,8),(0.,
    0.402789912559,0.697235872448,1.),.UNSPECIFIED.);
#3884 = CARTESIAN_POINT('',(-0.917675204676,0.));
#3885 = CARTESIAN_POINT('',(-0.974981335288,-3.239913333634));
#3886 = CARTESIAN_POINT('',(-1.032915449782,-6.511538126452));
#3887 = CARTESIAN_POINT('',(-1.091478887772,-9.81423753129));
#3888 = CARTESIAN_POINT('',(-1.150682088099,-13.14762880676));
#3889 = CARTESIAN_POINT('',(-1.21054057776,-16.51134846742));
#3890 = CARTESIAN_POINT('',(-1.271073956463,-19.90476367093));
#3891 = CARTESIAN_POINT('',(-1.377069037959,-25.82774248391));
#3892 = CARTESIAN_POINT('',(-1.422207995463,-28.34431088986));
#3893 = CARTESIAN_POINT('',(-1.467733954302,-30.87561898258));
#3894 = CARTESIAN_POINT('',(-1.51366373073,-33.4211825622));
#3895 = CARTESIAN_POINT('',(-1.560022565821,-35.98049746336));
#3896 = CARTESIAN_POINT('',(-1.606846419088,-38.55294773047));
#3897 = CARTESIAN_POINT('',(-1.702889071906,-43.79546986246));
#3898 = CARTESIAN_POINT('',(-1.752140167174,-46.46639312556));
#3899 = CARTESIAN_POINT('',(-1.802025995103,-49.14952433476));
#3900 = CARTESIAN_POINT('',(-1.852636164734,-51.84399184944));
#3901 = CARTESIAN_POINT('',(-1.90417741312,-54.54888383926));
#3902 = CARTESIAN_POINT('',(-1.956867896425,-57.26316493382));
#3903 = CARTESIAN_POINT('',(-2.011473904714,-59.98548428469));
#3904 = ( GEOMETRIC_REPRESENTATION_CONTEXT(2) 
PARAMETRIC_REPRESENTATION_CONTEXT() REPRESENTATION_CONTEXT('2D SPACE',''
  ) );
#3905 = ORIENTED_EDGE('',*,*,#552,.T.);
#3906 = ADVANCED_FACE('',(#3907),#1248,.F.);
#3907 = FACE_BOUND('',#3908,.F.);
#3908 = EDGE_LOOP('',(#3909,#3944,#3963,#3964,#3965,#4039));
#3909 = ORIENTED_EDGE('',*,*,#3910,.F.);
#3910 = EDGE_CURVE('',#3911,#3913,#3915,.T.);
#3911 = VERTEX_POINT('',#3912);
#3912 = CARTESIAN_POINT('',(-17.88450187755,-61.15570708172,
    7.558065382861));
#3913 = VERTEX_POINT('',#3914);
#3914 = CARTESIAN_POINT('',(10.581185089264,-13.87323723765,
    62.51935512762));
#3915 = SURFACE_CURVE('',#3916,(#3930,#3937),.PCURVE_S1.);
#3916 = ( BOUNDED_CURVE() B_SPLINE_CURVE(7,(#3917,#3918,#3919,#3920,
    #3921,#3922,#3923,#3924,#3925,#3926,#3927,#3928,#3929),
.UNSPECIFIED.,.F.,.F.) B_SPLINE_CURVE_WITH_KNOTS((8,5,8),(0.,
0.52965543135,1.),.UNSPECIFIED.) CURVE() GEOMETRIC_REPRESENTATION_ITEM()
 RATIONAL_B_SPLINE_CURVE((1.,1.,1.,1.,1.,1.,1.,1.,1.,1.,1.,1.,1.)) 
REPRESENTATION_ITEM('') );
#3917 = CARTESIAN_POINT('',(-17.88450187755,-61.15570708172,
    7.558065382861));
#3918 = CARTESIAN_POINT('',(-12.96446994672,-59.36437986214,
    11.224539269075));
#3919 = CARTESIAN_POINT('',(-8.31229752953,-57.07943362431,
    14.972569487364));
#3920 = CARTESIAN_POINT('',(-4.003247413665,-54.32235178773,
    18.80552625476));
#3921 = CARTESIAN_POINT('',(-0.115848791459,-51.12984351286,
    22.726485637263));
#3922 = CARTESIAN_POINT('',(3.270905624649,-47.55705106837,
    26.73793096809));
#3923 = CARTESIAN_POINT('',(8.581886214893,-40.24259685302,
    34.484786889817));
#3924 = CARTESIAN_POINT('',(11.649846844511,-32.21455088727,
    42.554838512827));
#3925 = CARTESIAN_POINT('',(12.55774719265,-28.35158801974,
    46.421309378502));
#3926 = CARTESIAN_POINT('',(12.902674062794,-24.48616209164,
    50.356390900401));
#3927 = CARTESIAN_POINT('',(12.673588933274,-20.71584676165,
    54.355998006193));
#3928 = CARTESIAN_POINT('',(11.885618923332,-17.14532901307,
    58.413376321633));
#3929 = CARTESIAN_POINT('',(10.581185089264,-13.87323723765,
    62.51935512762));
#3930 = PCURVE('',#1248,#3931);
#3931 = DEFINITIONAL_REPRESENTATION('',(#3932),#3936);
#3932 = LINE('',#3933,#3934);
#3933 = CARTESIAN_POINT('',(3.,0.));
#3934 = VECTOR('',#3935,1.);
#3935 = DIRECTION('',(0.,1.));
#3936 = ( GEOMETRIC_REPRESENTATION_CONTEXT(2) 
PARAMETRIC_REPRESENTATION_CONTEXT() REPRESENTATION_CONTEXT('2D SPACE',''
  ) );
#3937 = PCURVE('',#3586,#3938);
#3938 = DEFINITIONAL_REPRESENTATION('',(#3939),#3943);
#3939 = LINE('',#3940,#3941);
#3940 = CARTESIAN_POINT('',(3.,0.));
#3941 = VECTOR('',#3942,1.);
#3942 = DIRECTION('',(0.,1.));
#3943 = ( GEOMETRIC_REPRESENTATION_CONTEXT(2) 
PARAMETRIC_REPRESENTATION_CONTEXT() REPRESENTATION_CONTEXT('2D SPACE',''
  ) );
#3944 = ORIENTED_EDGE('',*,*,#3945,.T.);
#3945 = EDGE_CURVE('',#3911,#3702,#3946,.T.);
#3946 = SURFACE_CURVE('',#3947,(#3950,#3957),.PCURVE_S1.);
#3947 = B_SPLINE_CURVE_WITH_KNOTS('',1,(#3948,#3949),.UNSPECIFIED.,.F.,
  .F.,(2,2),(3.,4.),.PIECEWISE_BEZIER_KNOTS.);
#3948 = CARTESIAN_POINT('',(-17.88450187755,-61.15570708172,
    7.558065382861));
#3949 = CARTESIAN_POINT('',(-14.84760145095,-47.85017694678,
    -0.403096820419));
#3950 = PCURVE('',#1248,#3951);
#3951 = DEFINITIONAL_REPRESENTATION('',(#3952),#3956);
#3952 = LINE('',#3953,#3954);
#3953 = CARTESIAN_POINT('',(0.,0.));
#3954 = VECTOR('',#3955,1.);
#3955 = DIRECTION('',(1.,0.));
#3956 = ( GEOMETRIC_REPRESENTATION_CONTEXT(2) 
PARAMETRIC_REPRESENTATION_CONTEXT() REPRESENTATION_CONTEXT('2D SPACE',''
  ) );
#3957 = PCURVE('',#3549,#3958);
#3958 = DEFINITIONAL_REPRESENTATION('',(#3959),#3962);
#3959 = B_SPLINE_CURVE_WITH_KNOTS('',1,(#3960,#3961),.UNSPECIFIED.,.F.,
  .F.,(2,2),(3.,4.),.PIECEWISE_BEZIER_KNOTS.);
#3960 = CARTESIAN_POINT('',(15.674918868462,-1.984166945375));
#3961 = CARTESIAN_POINT('',(0.,0.));
#3962 = ( GEOMETRIC_REPRESENTATION_CONTEXT(2) 
PARAMETRIC_REPRESENTATION_CONTEXT() REPRESENTATION_CONTEXT('2D SPACE',''
  ) );
#3963 = ORIENTED_EDGE('',*,*,#3701,.T.);
#3964 = ORIENTED_EDGE('',*,*,#1228,.F.);
#3965 = ORIENTED_EDGE('',*,*,#3966,.T.);
#3966 = EDGE_CURVE('',#1200,#3967,#3969,.T.);
#3967 = VERTEX_POINT('',#3968);
#3968 = CARTESIAN_POINT('',(7.396970064614,-10.91871746327,
    59.985484284698));
#3969 = SURFACE_CURVE('',#3970,(#3991,#4015),.PCURVE_S1.);
#3970 = B_SPLINE_CURVE_WITH_KNOTS('',7,(#3971,#3972,#3973,#3974,#3975,
    #3976,#3977,#3978,#3979,#3980,#3981,#3982,#3983,#3984,#3985,#3986,
    #3987,#3988,#3989,#3990),.UNSPECIFIED.,.F.,.F.,(8,6,6,8),(0.,
    0.393091082694,0.69226429578,1.),.UNSPECIFIED.);
#3971 = CARTESIAN_POINT('',(-14.99545747252,-48.51504342381,
    -3.983270807712E-15));
#3972 = CARTESIAN_POINT('',(-11.91014724904,-47.38488696703,
    3.159312435849));
#3973 = CARTESIAN_POINT('',(-8.983365690365,-46.01893099577,
    6.349107736914));
#3974 = CARTESIAN_POINT('',(-6.241608644606,-44.43300827283,
    9.568838941585));
#3975 = CARTESIAN_POINT('',(-3.709580325776,-42.64712071558,
    12.818168664065));
#3976 = CARTESIAN_POINT('',(-1.40971179237,-40.68520320762,
    16.096767024901));
#3977 = CARTESIAN_POINT('',(0.638611808573,-38.57513663414,
    19.404055826596));
#3978 = CARTESIAN_POINT('',(3.77611055892,-34.65365002905,
    25.276721575572));
#3979 = CARTESIAN_POINT('',(4.977609240332,-32.89121788958,
    27.830728568425));
#3980 = CARTESIAN_POINT('',(6.017956670411,-31.07492997951,
    30.400233300185));
#3981 = CARTESIAN_POINT('',(6.891986230873,-29.21964458943,
    32.984737693494));
#3982 = CARTESIAN_POINT('',(7.596201055473,-27.34105401852,
    35.583718743611));
#3983 = CARTESIAN_POINT('',(8.128995915147,-25.45548879346,
    38.196535361487));
#3984 = CARTESIAN_POINT('',(8.863008008895,-21.65005523306,
    43.523240740415));
#3985 = CARTESIAN_POINT('',(9.054320865306,-19.73063986872,
    46.238035835907));
#3986 = CARTESIAN_POINT('',(9.065214573359,-17.83953822,48.965706966626)
  );
#3987 = CARTESIAN_POINT('',(8.898530682172,-15.99506753304,
    51.70533545181));
#3988 = CARTESIAN_POINT('',(8.559478662508,-14.21530277666,
    54.45595935379));
#3989 = CARTESIAN_POINT('',(8.055688615885,-12.51774972163,
    57.216482112241));
#3990 = CARTESIAN_POINT('',(7.396970064614,-10.91871746327,
    59.985484284698));
#3991 = PCURVE('',#1248,#3992);
#3992 = DEFINITIONAL_REPRESENTATION('',(#3993),#4014);
#3993 = B_SPLINE_CURVE_WITH_KNOTS('',7,(#3994,#3995,#3996,#3997,#3998,
    #3999,#4000,#4001,#4002,#4003,#4004,#4005,#4006,#4007,#4008,#4009,
    #4010,#4011,#4012,#4013),.UNSPECIFIED.,.F.,.F.,(8,6,6,8),(0.,
    0.393091082694,0.69226429578,1.),.UNSPECIFIED.);
#3994 = CARTESIAN_POINT('',(3.949911538886,8.228360340542E-05));
#3995 = CARTESIAN_POINT('',(3.948262221567,5.980753994658E-02));
#3996 = CARTESIAN_POINT('',(3.946470754539,0.119060704187));
#3997 = CARTESIAN_POINT('',(3.944514661042,0.177826995925));
#3998 = CARTESIAN_POINT('',(3.942368187721,0.236101897769));
#3999 = CARTESIAN_POINT('',(3.939995120194,0.293886559617));
#4000 = CARTESIAN_POINT('',(3.937349707961,0.351185186654));
#4001 = CARTESIAN_POINT('',(3.932091047745,0.451239659601));
#4002 = CARTESIAN_POINT('',(3.929621006289,0.494202063657));
#4003 = CARTESIAN_POINT('',(3.926923272642,0.536887727977));
#4004 = CARTESIAN_POINT('',(3.923960095254,0.579301655815));
#4005 = CARTESIAN_POINT('',(3.920682726788,0.621451667709));
#4006 = CARTESIAN_POINT('',(3.917026243866,0.663347168011));
#4007 = CARTESIAN_POINT('',(3.908645273496,0.747840376113));
#4008 = CARTESIAN_POINT('',(3.903893011248,0.790426299078));
#4009 = CARTESIAN_POINT('',(3.898532972411,0.832765239186));
#4010 = CARTESIAN_POINT('',(3.892426649672,0.874872368587));
#4011 = CARTESIAN_POINT('',(3.885371657813,0.916766570432));
#4012 = CARTESIAN_POINT('',(3.87708608048,0.95846867328));
#4013 = CARTESIAN_POINT('',(3.867035930094,1.));
#4014 = ( GEOMETRIC_REPRESENTATION_CONTEXT(2) 
PARAMETRIC_REPRESENTATION_CONTEXT() REPRESENTATION_CONTEXT('2D SPACE',''
  ) );
#4015 = PCURVE('',#1216,#4016);
#4016 = DEFINITIONAL_REPRESENTATION('',(#4017),#4038);
#4017 = B_SPLINE_CURVE_WITH_KNOTS('',7,(#4018,#4019,#4020,#4021,#4022,
    #4023,#4024,#4025,#4026,#4027,#4028,#4029,#4030,#4031,#4032,#4033,
    #4034,#4035,#4036,#4037),.UNSPECIFIED.,.F.,.F.,(8,6,6,8),(0.,
    0.393091082694,0.69226429578,1.),.UNSPECIFIED.);
#4018 = CARTESIAN_POINT('',(-4.468064141633,3.103731140601E-15));
#4019 = CARTESIAN_POINT('',(-4.522469999767,-3.159312435849));
#4020 = CARTESIAN_POINT('',(-4.577337744362,-6.349107736914));
#4021 = CARTESIAN_POINT('',(-4.632645551762,-9.568838941584));
#4022 = CARTESIAN_POINT('',(-4.688372987718,-12.81816866406));
#4023 = CARTESIAN_POINT('',(-4.744493303712,-16.0967670249));
#4024 = CARTESIAN_POINT('',(-4.800969249518,-19.40405582659));
#4025 = CARTESIAN_POINT('',(-4.900936826287,-25.27672157557));
#4026 = CARTESIAN_POINT('',(-4.944309648912,-27.83072856843));
#4027 = CARTESIAN_POINT('',(-4.987823505539,-30.40023330017));
#4028 = CARTESIAN_POINT('',(-5.031444962775,-32.9847376935));
#4029 = CARTESIAN_POINT('',(-5.075129786203,-35.5837187436));
#4030 = CARTESIAN_POINT('',(-5.118820429612,-38.19653536148));
#4031 = CARTESIAN_POINT('',(-5.207271798262,-43.52324074041));
#4032 = CARTESIAN_POINT('',(-5.25203066239,-46.2380358359));
#4033 = CARTESIAN_POINT('',(-5.296589678586,-48.96570696662));
#4034 = CARTESIAN_POINT('',(-5.340826590122,-51.70533545181));
#4035 = CARTESIAN_POINT('',(-5.384496675431,-54.45595935378));
#4036 = CARTESIAN_POINT('',(-5.427339738879,-57.21648211224));
#4037 = CARTESIAN_POINT('',(-5.468508603833,-59.98548428469));
#4038 = ( GEOMETRIC_REPRESENTATION_CONTEXT(2) 
PARAMETRIC_REPRESENTATION_CONTEXT() REPRESENTATION_CONTEXT('2D SPACE',''
  ) );
#4039 = ORIENTED_EDGE('',*,*,#4040,.F.);
#4040 = EDGE_CURVE('',#3913,#3967,#4041,.T.);
#4041 = SURFACE_CURVE('',#4042,(#4045,#4052),.PCURVE_S1.);
#4042 = B_SPLINE_CURVE_WITH_KNOTS('',1,(#4043,#4044),.UNSPECIFIED.,.F.,
  .F.,(2,2),(3.,4.),.PIECEWISE_BEZIER_KNOTS.);
#4043 = CARTESIAN_POINT('',(10.581185089264,-13.87323723765,
    62.51935512762));
#4044 = CARTESIAN_POINT('',(6.90865559639,-10.46562785051,
    59.596903179581));
#4045 = PCURVE('',#1248,#4046);
#4046 = DEFINITIONAL_REPRESENTATION('',(#4047),#4051);
#4047 = LINE('',#4048,#4049);
#4048 = CARTESIAN_POINT('',(0.,1.));
#4049 = VECTOR('',#4050,1.);
#4050 = DIRECTION('',(1.,0.));
#4051 = ( GEOMETRIC_REPRESENTATION_CONTEXT(2) 
PARAMETRIC_REPRESENTATION_CONTEXT() REPRESENTATION_CONTEXT('2D SPACE',''
  ) );
#4052 = PCURVE('',#3343,#4053);
#4053 = DEFINITIONAL_REPRESENTATION('',(#4054),#4057);
#4054 = B_SPLINE_CURVE_WITH_KNOTS('',1,(#4055,#4056),.UNSPECIFIED.,.F.,
  .F.,(2,2),(3.,4.),.PIECEWISE_BEZIER_KNOTS.);
#4055 = CARTESIAN_POINT('',(5.483163293432,-1.890745963253));
#4056 = CARTESIAN_POINT('',(0.,0.));
#4057 = ( GEOMETRIC_REPRESENTATION_CONTEXT(2) 
PARAMETRIC_REPRESENTATION_CONTEXT() REPRESENTATION_CONTEXT('2D SPACE',''
  ) );
#4058 = ADVANCED_FACE('',(#4059),#625,.T.);
#4059 = FACE_BOUND('',#4060,.T.);
#4060 = EDGE_LOOP('',(#4061,#4085,#4110,#4111,#4112,#4186));
#4061 = ORIENTED_EDGE('',*,*,#4062,.F.);
#4062 = EDGE_CURVE('',#3039,#4063,#4065,.T.);
#4063 = VERTEX_POINT('',#4064);
#4064 = CARTESIAN_POINT('',(-17.23398603795,4.421327616164,60.));
#4065 = SURFACE_CURVE('',#4066,(#4071,#4078),.PCURVE_S1.);
#4066 = CIRCLE('',#4067,15.);
#4067 = AXIS2_PLACEMENT_3D('',#4068,#4069,#4070);
#4068 = CARTESIAN_POINT('',(-2.900393951166,3.552713678801E-15,60.));
#4069 = DIRECTION('',(0.,0.,1.));
#4070 = DIRECTION('',(1.,0.,0.));
#4071 = PCURVE('',#625,#4072);
#4072 = DEFINITIONAL_REPRESENTATION('',(#4073),#4077);
#4073 = LINE('',#4074,#4075);
#4074 = CARTESIAN_POINT('',(-0.,-60.));
#4075 = VECTOR('',#4076,1.);
#4076 = DIRECTION('',(-1.,-0.));
#4077 = ( GEOMETRIC_REPRESENTATION_CONTEXT(2) 
PARAMETRIC_REPRESENTATION_CONTEXT() REPRESENTATION_CONTEXT('2D SPACE',''
  ) );
#4078 = PCURVE('',#2263,#4079);
#4079 = DEFINITIONAL_REPRESENTATION('',(#4080),#4084);
#4080 = CIRCLE('',#4081,15.);
#4081 = AXIS2_PLACEMENT_2D('',#4082,#4083);
#4082 = CARTESIAN_POINT('',(0.,0.));
#4083 = DIRECTION('',(1.,0.));
#4084 = ( GEOMETRIC_REPRESENTATION_CONTEXT(2) 
PARAMETRIC_REPRESENTATION_CONTEXT() REPRESENTATION_CONTEXT('2D SPACE',''
  ) );
#4085 = ORIENTED_EDGE('',*,*,#4086,.T.);
#4086 = EDGE_CURVE('',#3039,#3814,#4087,.T.);
#4087 = SURFACE_CURVE('',#4088,(#4093,#4103),.PCURVE_S1.);
#4088 = ELLIPSE('',#4089,26.322525453694,21.380020186097);
#4089 = AXIS2_PLACEMENT_3D('',#4090,#4091,#4092);
#4090 = CARTESIAN_POINT('',(-7.380813106767E-02,-7.202023213195,
    46.736842105263));
#4091 = DIRECTION('',(0.184084756614,-0.469040310363,0.863778900898));
#4092 = DIRECTION('',(0.31557386848,-0.804069103479,-0.503871025524));
#4093 = PCURVE('',#625,#4094);
#4094 = DEFINITIONAL_REPRESENTATION('',(#4095),#4102);
#4095 = B_SPLINE_CURVE_WITH_KNOTS('',5,(#4096,#4097,#4098,#4099,#4100,
    #4101),.UNSPECIFIED.,.F.,.F.,(6,6),(3.141592653628,3.218789428938),
  .PIECEWISE_BEZIER_KNOTS.);
#4096 = CARTESIAN_POINT('',(-1.944795452276,-60.));
#4097 = CARTESIAN_POINT('',(-1.966801700469,-59.99999999999));
#4098 = CARTESIAN_POINT('',(-1.988807948667,-59.99604801529));
#4099 = CARTESIAN_POINT('',(-2.010808559995,-59.98814404535));
#4100 = CARTESIAN_POINT('',(-2.032797897732,-59.97629201731));
#4101 = CARTESIAN_POINT('',(-2.054770393537,-59.96049977435));
#4102 = ( GEOMETRIC_REPRESENTATION_CONTEXT(2) 
PARAMETRIC_REPRESENTATION_CONTEXT() REPRESENTATION_CONTEXT('2D SPACE',''
  ) );
#4103 = PCURVE('',#3181,#4104);
#4104 = DEFINITIONAL_REPRESENTATION('',(#4105),#4109);
#4105 = ELLIPSE('',#4106,26.322525453694,21.380020186097);
#4106 = AXIS2_PLACEMENT_2D('',#4107,#4108);
#4107 = CARTESIAN_POINT('',(-23.80231530347,9.265478494313));
#4108 = DIRECTION('',(-0.945372981626,0.325990683319));
#4109 = ( GEOMETRIC_REPRESENTATION_CONTEXT(2) 
PARAMETRIC_REPRESENTATION_CONTEXT() REPRESENTATION_CONTEXT('2D SPACE',''
  ) );
#4110 = ORIENTED_EDGE('',*,*,#3834,.F.);
#4111 = ORIENTED_EDGE('',*,*,#608,.T.);
#4112 = ORIENTED_EDGE('',*,*,#4113,.T.);
#4113 = EDGE_CURVE('',#609,#4114,#4116,.T.);
#4114 = VERTEX_POINT('',#4115);
#4115 = CARTESIAN_POINT('',(-16.91545231017,5.369565709614,
    59.985484284698));
#4116 = SURFACE_CURVE('',#4117,(#4138,#4162),.PCURVE_S1.);
#4117 = B_SPLINE_CURVE_WITH_KNOTS('',7,(#4118,#4119,#4120,#4121,#4122,
    #4123,#4124,#4125,#4126,#4127,#4128,#4129,#4130,#4131,#4132,#4133,
    #4134,#4135,#4136,#4137),.UNSPECIFIED.,.F.,.F.,(8,6,6,8),(0.,
    0.393091082694,0.69226429578,1.),.UNSPECIFIED.);
#4118 = CARTESIAN_POINT('',(-13.05300670729,48.9583951353,
    -6.637532871579E-16));
#4119 = CARTESIAN_POINT('',(-15.34241865721,46.601493415785,
    3.159312435847));
#4120 = CARTESIAN_POINT('',(-17.38669164045,44.100926684487,
    6.349107736919));
#4121 = CARTESIAN_POINT('',(-19.16882330105,41.482455885461,
    9.568838941576));
#4122 = CARTESIAN_POINT('',(-20.67523441799,38.774820880272,
    12.818168664074));
#4123 = CARTESIAN_POINT('',(-21.89610026265,36.009318725458,
    16.096767024896));
#4124 = CARTESIAN_POINT('',(-22.82605248381,33.219480130652,
    19.404055826597));
#4125 = CARTESIAN_POINT('',(-23.95137190984,28.32503309429,
    25.276721575576));
#4126 = CARTESIAN_POINT('',(-24.26919417,26.215825864418,27.830728568414
    ));
#4127 = CARTESIAN_POINT('',(-24.41845702657,24.128017169326,
    30.400233300199));
#4128 = CARTESIAN_POINT('',(-24.40095228799,22.077235578024,
    32.984737693481));
#4129 = CARTESIAN_POINT('',(-24.22033802009,20.079136596836,
    35.583718743619));
#4130 = CARTESIAN_POINT('',(-23.88225351144,18.149130004775,
    38.196535361484));
#4131 = CARTESIAN_POINT('',(-22.89245981442,14.402076926185,
    43.523240740413));
#4132 = CARTESIAN_POINT('',(-22.23202362687,12.589735900854,
    46.238035835917));
#4133 = CARTESIAN_POINT('',(-21.4213202643,10.881185586542,
    48.965706966609));
#4134 = CARTESIAN_POINT('',(-20.4708574292,9.291696349793,
    51.705335451822));
#4135 = CARTESIAN_POINT('',(-19.39317112763,7.835292870145,
    54.455959353788));
#4136 = CARTESIAN_POINT('',(-18.2027313128,6.524436725115,57.21648211224
    ));
#4137 = CARTESIAN_POINT('',(-16.91545231017,5.369565709614,
    59.985484284698));
#4138 = PCURVE('',#625,#4139);
#4139 = DEFINITIONAL_REPRESENTATION('',(#4140),#4161);
#4140 = B_SPLINE_CURVE_WITH_KNOTS('',7,(#4141,#4142,#4143,#4144,#4145,
    #4146,#4147,#4148,#4149,#4150,#4151,#4152,#4153,#4154,#4155,#4156,
    #4157,#4158,#4159,#4160),.UNSPECIFIED.,.F.,.F.,(8,6,6,8),(0.,
    0.393091082694,0.69226429578,1.),.UNSPECIFIED.);
#4141 = CARTESIAN_POINT('',(-1.775270438556,0.));
#4142 = CARTESIAN_POINT('',(-1.82967629669,-3.159312435847));
#4143 = CARTESIAN_POINT('',(-1.884544041285,-6.349107736919));
#4144 = CARTESIAN_POINT('',(-1.939851848685,-9.568838941574));
#4145 = CARTESIAN_POINT('',(-1.995579284641,-12.81816866407));
#4146 = CARTESIAN_POINT('',(-2.051699600635,-16.09676702489));
#4147 = CARTESIAN_POINT('',(-2.108175546441,-19.40405582659));
#4148 = CARTESIAN_POINT('',(-2.20814312321,-25.27672157557));
#4149 = CARTESIAN_POINT('',(-2.251515945835,-27.83072856841));
#4150 = CARTESIAN_POINT('',(-2.295029802462,-30.40023330019));
#4151 = CARTESIAN_POINT('',(-2.338651259697,-32.98473769348));
#4152 = CARTESIAN_POINT('',(-2.382336083126,-35.58371874361));
#4153 = CARTESIAN_POINT('',(-2.426026726535,-38.19653536148));
#4154 = CARTESIAN_POINT('',(-2.514478095185,-43.52324074041));
#4155 = CARTESIAN_POINT('',(-2.559236959313,-46.23803583591));
#4156 = CARTESIAN_POINT('',(-2.603795975508,-48.9657069666));
#4157 = CARTESIAN_POINT('',(-2.648032887046,-51.70533545182));
#4158 = CARTESIAN_POINT('',(-2.691702972354,-54.45595935378));
#4159 = CARTESIAN_POINT('',(-2.734546035802,-57.21648211224));
#4160 = CARTESIAN_POINT('',(-2.775714900756,-59.98548428469));
#4161 = ( GEOMETRIC_REPRESENTATION_CONTEXT(2) 
PARAMETRIC_REPRESENTATION_CONTEXT() REPRESENTATION_CONTEXT('2D SPACE',''
  ) );
#4162 = PCURVE('',#657,#4163);
#4163 = DEFINITIONAL_REPRESENTATION('',(#4164),#4185);
#4164 = B_SPLINE_CURVE_WITH_KNOTS('',7,(#4165,#4166,#4167,#4168,#4169,
    #4170,#4171,#4172,#4173,#4174,#4175,#4176,#4177,#4178,#4179,#4180,
    #4181,#4182,#4183,#4184),.UNSPECIFIED.,.F.,.F.,(8,6,6,8),(0.,
    0.393091082694,0.69226429578,1.),.UNSPECIFIED.);
#4165 = CARTESIAN_POINT('',(3.949911538886,8.22836034054E-05));
#4166 = CARTESIAN_POINT('',(3.948262221567,5.980753994655E-02));
#4167 = CARTESIAN_POINT('',(3.946470754539,0.119060704187));
#4168 = CARTESIAN_POINT('',(3.944514661042,0.177826995925));
#4169 = CARTESIAN_POINT('',(3.942368187721,0.236101897769));
#4170 = CARTESIAN_POINT('',(3.939995120194,0.293886559617));
#4171 = CARTESIAN_POINT('',(3.937349707961,0.351185186654));
#4172 = CARTESIAN_POINT('',(3.932091047745,0.451239659601));
#4173 = CARTESIAN_POINT('',(3.929621006289,0.494202063657));
#4174 = CARTESIAN_POINT('',(3.926923272642,0.536887727977));
#4175 = CARTESIAN_POINT('',(3.923960095254,0.579301655815));
#4176 = CARTESIAN_POINT('',(3.920682726788,0.621451667709));
#4177 = CARTESIAN_POINT('',(3.917026243866,0.663347168011));
#4178 = CARTESIAN_POINT('',(3.908645273496,0.747840376113));
#4179 = CARTESIAN_POINT('',(3.903893011248,0.790426299078));
#4180 = CARTESIAN_POINT('',(3.898532972411,0.832765239186));
#4181 = CARTESIAN_POINT('',(3.892426649672,0.874872368587));
#4182 = CARTESIAN_POINT('',(3.885371657813,0.916766570432));
#4183 = CARTESIAN_POINT('',(3.87708608048,0.95846867328));
#4184 = CARTESIAN_POINT('',(3.867035930094,1.));
#4185 = ( GEOMETRIC_REPRESENTATION_CONTEXT(2) 
PARAMETRIC_REPRESENTATION_CONTEXT() REPRESENTATION_CONTEXT('2D SPACE',''
  ) );
#4186 = ORIENTED_EDGE('',*,*,#4187,.T.);
#4187 = EDGE_CURVE('',#4114,#4063,#4188,.T.);
#4188 = SURFACE_CURVE('',#4189,(#4194,#4204),.PCURVE_S1.);
#4189 = ELLIPSE('',#4190,26.322525453694,21.380020186097);
#4190 = AXIS2_PLACEMENT_3D('',#4191,#4192,#4193);
#4191 = CARTESIAN_POINT('',(4.492721967285,-2.280474244126,
    46.736842105263));
#4192 = DIRECTION('',(0.481485449614,-0.148518592009,0.863778900898));
#4193 = DIRECTION('',(0.82540362791,-0.254603300587,-0.503871025524));
#4194 = PCURVE('',#625,#4195);
#4195 = DEFINITIONAL_REPRESENTATION('',(#4196),#4203);
#4196 = B_SPLINE_CURVE_WITH_KNOTS('',5,(#4197,#4198,#4199,#4200,#4201,
    #4202),.UNSPECIFIED.,.F.,.F.,(6,6),(2.990021417568,3.141592653629),
  .PIECEWISE_BEZIER_KNOTS.);
#4197 = CARTESIAN_POINT('',(-2.626778284512,-59.84793862322));
#4198 = CARTESIAN_POINT('',(-2.669732224298,-59.90864668154));
#4199 = CARTESIAN_POINT('',(-2.712812178768,-59.95429413332));
#4200 = CARTESIAN_POINT('',(-2.755977456938,-59.9847647218));
#4201 = CARTESIAN_POINT('',(-2.799185405482,-60.00000000001));
#4202 = CARTESIAN_POINT('',(-2.842393353304,-60.));
#4203 = ( GEOMETRIC_REPRESENTATION_CONTEXT(2) 
PARAMETRIC_REPRESENTATION_CONTEXT() REPRESENTATION_CONTEXT('2D SPACE',''
  ) );
#4204 = PCURVE('',#4205,#4210);
#4205 = PLANE('',#4206);
#4206 = AXIS2_PLACEMENT_3D('',#4207,#4208,#4209);
#4207 = CARTESIAN_POINT('',(-16.27890796121,5.17321778148,
    59.596903179581));
#4208 = DIRECTION('',(0.481485449614,-0.148518592009,0.863778900898));
#4209 = DIRECTION('',(-0.876401729481,-7.081275051205E-02,0.476346053755
    ));
#4210 = DEFINITIONAL_REPRESENTATION('',(#4211),#4215);
#4211 = ELLIPSE('',#4212,26.322525453694,21.380020186097);
#4212 = AXIS2_PLACEMENT_2D('',#4213,#4214);
#4213 = CARTESIAN_POINT('',(-23.80231530347,9.265478494313));
#4214 = DIRECTION('',(-0.945372981626,0.325990683319));
#4215 = ( GEOMETRIC_REPRESENTATION_CONTEXT(2) 
PARAMETRIC_REPRESENTATION_CONTEXT() REPRESENTATION_CONTEXT('2D SPACE',''
  ) );
#4216 = ADVANCED_FACE('',(#4217),#1216,.T.);
#4217 = FACE_BOUND('',#4218,.T.);
#4218 = EDGE_LOOP('',(#4219,#4244,#4272,#4304,#4376,#4377));
#4219 = ORIENTED_EDGE('',*,*,#4220,.T.);
#4220 = EDGE_CURVE('',#3967,#3298,#4221,.T.);
#4221 = SURFACE_CURVE('',#4222,(#4227,#4237),.PCURVE_S1.);
#4222 = ELLIPSE('',#4223,26.322525453694,21.380020186097);
#4223 = AXIS2_PLACEMENT_3D('',#4224,#4225,#4226);
#4224 = CARTESIAN_POINT('',(-8.571900538481,5.262389076438,
    46.736842105263));
#4225 = DIRECTION('',(-0.369363598421,0.342719334914,0.863778900898));
#4226 = DIRECTION('',(-0.633194740151,0.587518859853,-0.503871025524));
#4227 = PCURVE('',#1216,#4228);
#4228 = DEFINITIONAL_REPRESENTATION('',(#4229),#4236);
#4229 = B_SPLINE_CURVE_WITH_KNOTS('',5,(#4230,#4231,#4232,#4233,#4234,
    #4235),.UNSPECIFIED.,.F.,.F.,(6,6),(2.990021417568,3.141592653547),
  .PIECEWISE_BEZIER_KNOTS.);
#4230 = CARTESIAN_POINT('',(-5.319571987589,-59.84793862322));
#4231 = CARTESIAN_POINT('',(-5.362525927351,-59.90864668151));
#4232 = CARTESIAN_POINT('',(-5.405605881799,-59.95429413327));
#4233 = CARTESIAN_POINT('',(-5.448771159945,-59.98476472175));
#4234 = CARTESIAN_POINT('',(-5.491979108466,-59.99999999998));
#4235 = CARTESIAN_POINT('',(-5.535187056264,-60.));
#4236 = ( GEOMETRIC_REPRESENTATION_CONTEXT(2) 
PARAMETRIC_REPRESENTATION_CONTEXT() REPRESENTATION_CONTEXT('2D SPACE',''
  ) );
#4237 = PCURVE('',#3343,#4238);
#4238 = DEFINITIONAL_REPRESENTATION('',(#4239),#4243);
#4239 = ELLIPSE('',#4240,26.322525453694,21.380020186097);
#4240 = AXIS2_PLACEMENT_2D('',#4241,#4242);
#4241 = CARTESIAN_POINT('',(-23.80231530347,9.265478494313));
#4242 = DIRECTION('',(-0.945372981626,0.325990683319));
#4243 = ( GEOMETRIC_REPRESENTATION_CONTEXT(2) 
PARAMETRIC_REPRESENTATION_CONTEXT() REPRESENTATION_CONTEXT('2D SPACE',''
  ) );
#4244 = ORIENTED_EDGE('',*,*,#4245,.T.);
#4245 = EDGE_CURVE('',#3298,#4246,#4248,.T.);
#4246 = VERTEX_POINT('',#4247);
#4247 = CARTESIAN_POINT('',(-4.021345354962,-14.95805695771,60.));
#4248 = SURFACE_CURVE('',#4249,(#4254,#4261),.PCURVE_S1.);
#4249 = CIRCLE('',#4250,15.);
#4250 = AXIS2_PLACEMENT_3D('',#4251,#4252,#4253);
#4251 = CARTESIAN_POINT('',(-2.900393951166,3.552713678801E-15,60.));
#4252 = DIRECTION('',(0.,0.,-1.));
#4253 = DIRECTION('',(0.5,0.866025403784,0.));
#4254 = PCURVE('',#1216,#4255);
#4255 = DEFINITIONAL_REPRESENTATION('',(#4256),#4260);
#4256 = LINE('',#4257,#4258);
#4257 = CARTESIAN_POINT('',(-7.330382858376,-60.));
#4258 = VECTOR('',#4259,1.);
#4259 = DIRECTION('',(1.,-0.));
#4260 = ( GEOMETRIC_REPRESENTATION_CONTEXT(2) 
PARAMETRIC_REPRESENTATION_CONTEXT() REPRESENTATION_CONTEXT('2D SPACE',''
  ) );
#4261 = PCURVE('',#2263,#4262);
#4262 = DEFINITIONAL_REPRESENTATION('',(#4263),#4271);
#4263 = ( BOUNDED_CURVE() B_SPLINE_CURVE(2,(#4264,#4265,#4266,#4267,
#4268,#4269,#4270),.UNSPECIFIED.,.T.,.F.) B_SPLINE_CURVE_WITH_KNOTS((1,2
    ,2,2,2,1),(-2.094395102393,0.,2.094395102393,4.188790204786,
6.28318530718,8.377580409573),.UNSPECIFIED.) CURVE() 
GEOMETRIC_REPRESENTATION_ITEM() RATIONAL_B_SPLINE_CURVE((1.,0.5,1.,0.5,
1.,0.5,1.)) REPRESENTATION_ITEM('') );
#4264 = CARTESIAN_POINT('',(7.5,12.990381056767));
#4265 = CARTESIAN_POINT('',(30.,9.087886716558E-15));
#4266 = CARTESIAN_POINT('',(7.5,-12.99038105676));
#4267 = CARTESIAN_POINT('',(-15.,-25.98076211353));
#4268 = CARTESIAN_POINT('',(-15.,-1.069742395471E-14));
#4269 = CARTESIAN_POINT('',(-15.,25.980762113533));
#4270 = CARTESIAN_POINT('',(7.5,12.990381056767));
#4271 = ( GEOMETRIC_REPRESENTATION_CONTEXT(2) 
PARAMETRIC_REPRESENTATION_CONTEXT() REPRESENTATION_CONTEXT('2D SPACE',''
  ) );
#4272 = ORIENTED_EDGE('',*,*,#4273,.T.);
#4273 = EDGE_CURVE('',#4246,#4274,#4276,.T.);
#4274 = VERTEX_POINT('',#4275);
#4275 = CARTESIAN_POINT('',(-3.022281967901,-15.00797254887,
    59.985484284698));
#4276 = SURFACE_CURVE('',#4277,(#4282,#4292),.PCURVE_S1.);
#4277 = ELLIPSE('',#4278,26.322525453694,21.380020186097);
#4278 = AXIS2_PLACEMENT_3D('',#4279,#4280,#4281);
#4279 = CARTESIAN_POINT('',(-2.322219016576,7.71520832556,
    46.736842105263));
#4280 = DIRECTION('',(3.76543288929E-02,0.502462099942,0.863778900898));
#4281 = DIRECTION('',(6.455027810212E-02,0.861363599901,-0.503871025524)
  );
#4282 = PCURVE('',#1216,#4283);
#4283 = DEFINITIONAL_REPRESENTATION('',(#4284),#4291);
#4284 = B_SPLINE_CURVE_WITH_KNOTS('',5,(#4285,#4286,#4287,#4288,#4289,
    #4290),.UNSPECIFIED.,.F.,.F.,(6,6),(3.14159265359,3.218789428938),
  .PIECEWISE_BEZIER_KNOTS.);
#4285 = CARTESIAN_POINT('',(-4.637589155299,-60.));
#4286 = CARTESIAN_POINT('',(-4.659595403502,-60.));
#4287 = CARTESIAN_POINT('',(-4.681601651712,-59.9960480153));
#4288 = CARTESIAN_POINT('',(-4.70360226305,-59.98814404536));
#4289 = CARTESIAN_POINT('',(-4.725591600798,-59.97629201732));
#4290 = CARTESIAN_POINT('',(-4.747564096614,-59.96049977435));
#4291 = ( GEOMETRIC_REPRESENTATION_CONTEXT(2) 
PARAMETRIC_REPRESENTATION_CONTEXT() REPRESENTATION_CONTEXT('2D SPACE',''
  ) );
#4292 = PCURVE('',#4293,#4298);
#4293 = PLANE('',#4294);
#4294 = AXIS2_PLACEMENT_3D('',#4295,#4296,#4297);
#4295 = CARTESIAN_POINT('',(-4.966908929661,-14.19423598421,
    59.596903179581));
#4296 = DIRECTION('',(3.76543288929E-02,0.502462099942,0.863778900898));
#4297 = DIRECTION('',(0.264055058378,-0.838671188975,0.476346053755));
#4298 = DEFINITIONAL_REPRESENTATION('',(#4299),#4303);
#4299 = ELLIPSE('',#4300,26.322525453694,21.380020186097);
#4300 = AXIS2_PLACEMENT_2D('',#4301,#4302);
#4301 = CARTESIAN_POINT('',(-23.80231530347,9.265478494313));
#4302 = DIRECTION('',(-0.945372981626,0.325990683319));
#4303 = ( GEOMETRIC_REPRESENTATION_CONTEXT(2) 
PARAMETRIC_REPRESENTATION_CONTEXT() REPRESENTATION_CONTEXT('2D SPACE',''
  ) );
#4304 = ORIENTED_EDGE('',*,*,#4305,.F.);
#4305 = EDGE_CURVE('',#1144,#4274,#4306,.T.);
#4306 = SURFACE_CURVE('',#4307,(#4328,#4352),.PCURVE_S1.);
#4307 = B_SPLINE_CURVE_WITH_KNOTS('',7,(#4308,#4309,#4310,#4311,#4312,
    #4313,#4314,#4315,#4316,#4317,#4318,#4319,#4320,#4321,#4322,#4323,
    #4324,#4325,#4326,#4327),.UNSPECIFIED.,.F.,.F.,(8,6,6,8),(0.,
    0.402789912559,0.697235872449,1.),.UNSPECIFIED.);
#4308 = CARTESIAN_POINT('',(-47.50422666254,-22.59420517422,
    -3.425501506709E-15));
#4309 = CARTESIAN_POINT('',(-44.52346041255,-24.29624012694,
    3.239913333632));
#4310 = CARTESIAN_POINT('',(-41.45530870567,-25.70592125372,
    6.511538126459));
#4311 = CARTESIAN_POINT('',(-38.33167098694,-26.81167389479,
    9.814237531276));
#4312 = CARTESIAN_POINT('',(-35.18678134964,-27.60646432251,
    13.147628806776));
#4313 = CARTESIAN_POINT('',(-32.05664386795,-28.08803899148,
    16.511348467422));
#4314 = CARTESIAN_POINT('',(-28.97849434915,-28.25960623927,
    19.904763670938));
#4315 = CARTESIAN_POINT('',(-23.80474181264,-28.03628956536,
    25.827742483916));
#4316 = CARTESIAN_POINT('',(-21.66741701357,-27.78135274233,
    28.344310889876));
#4317 = CARTESIAN_POINT('',(-19.59222859864,-27.36943120864,
    30.875618982573));
#4318 = CARTESIAN_POINT('',(-17.59351841396,-26.80593792466,
    33.421182562209));
#4319 = CARTESIAN_POINT('',(-15.68521262776,-26.09802193867,
    35.980497463359));
#4320 = CARTESIAN_POINT('',(-13.88055198086,-25.25460925973,
    38.552947730479));
#4321 = CARTESIAN_POINT('',(-10.45529429961,-23.29073200106,
    43.795469862458));
#4322 = CARTESIAN_POINT('',(-8.841241114748,-22.16305952424,
    46.46639312559));
#4323 = CARTESIAN_POINT('',(-7.362971864316,-20.91489325785,
    49.149524334724));
#4324 = CARTESIAN_POINT('',(-6.03249874201,-19.55963768504,
    51.843991849484));
#4325 = CARTESIAN_POINT('',(-4.860228878787,-18.11228810255,
    54.548883839245));
#4326 = CARTESIAN_POINT('',(-3.854704198567,-16.58928398218,
    57.263164933833));
#4327 = CARTESIAN_POINT('',(-3.022281967901,-15.00797254887,
    59.985484284698));
#4328 = PCURVE('',#1216,#4329);
#4329 = DEFINITIONAL_REPRESENTATION('',(#4330),#4351);
#4330 = B_SPLINE_CURVE_WITH_KNOTS('',7,(#4331,#4332,#4333,#4334,#4335,
    #4336,#4337,#4338,#4339,#4340,#4341,#4342,#4343,#4344,#4345,#4346,
    #4347,#4348,#4349,#4350),.UNSPECIFIED.,.F.,.F.,(8,6,6,8),(0.,
    0.402789912559,0.697235872449,1.),.UNSPECIFIED.);
#4331 = CARTESIAN_POINT('',(-3.610468907753,3.103731140601E-15));
#4332 = CARTESIAN_POINT('',(-3.667775038365,-3.239913333632));
#4333 = CARTESIAN_POINT('',(-3.725709152859,-6.511538126458));
#4334 = CARTESIAN_POINT('',(-3.784272590849,-9.814237531279));
#4335 = CARTESIAN_POINT('',(-3.843475791176,-13.14762880677));
#4336 = CARTESIAN_POINT('',(-3.903334280837,-16.51134846742));
#4337 = CARTESIAN_POINT('',(-3.96386765954,-19.90476367093));
#4338 = CARTESIAN_POINT('',(-4.069862741036,-25.82774248391));
#4339 = CARTESIAN_POINT('',(-4.115001698541,-28.34431088988));
#4340 = CARTESIAN_POINT('',(-4.160527657378,-30.87561898256));
#4341 = CARTESIAN_POINT('',(-4.206457433808,-33.42118256222));
#4342 = CARTESIAN_POINT('',(-4.252816268898,-35.98049746335));
#4343 = CARTESIAN_POINT('',(-4.299640122165,-38.55294773047));
#4344 = CARTESIAN_POINT('',(-4.395682774983,-43.79546986245));
#4345 = CARTESIAN_POINT('',(-4.444933870251,-46.46639312558));
#4346 = CARTESIAN_POINT('',(-4.494819698179,-49.14952433473));
#4347 = CARTESIAN_POINT('',(-4.545429867812,-51.84399184946));
#4348 = CARTESIAN_POINT('',(-4.596971116196,-54.54888383925));
#4349 = CARTESIAN_POINT('',(-4.649661599502,-57.26316493383));
#4350 = CARTESIAN_POINT('',(-4.704267607791,-59.98548428469));
#4351 = ( GEOMETRIC_REPRESENTATION_CONTEXT(2) 
PARAMETRIC_REPRESENTATION_CONTEXT() REPRESENTATION_CONTEXT('2D SPACE',''
  ) );
#4352 = PCURVE('',#1163,#4353);
#4353 = DEFINITIONAL_REPRESENTATION('',(#4354),#4375);
#4354 = B_SPLINE_CURVE_WITH_KNOTS('',7,(#4355,#4356,#4357,#4358,#4359,
    #4360,#4361,#4362,#4363,#4364,#4365,#4366,#4367,#4368,#4369,#4370,
    #4371,#4372,#4373,#4374),.UNSPECIFIED.,.F.,.F.,(8,6,6,8),(0.,
    0.402789912559,0.697235872449,1.),.UNSPECIFIED.);
#4355 = CARTESIAN_POINT('',(1.050088461119,8.228360277418E-05));
#4356 = CARTESIAN_POINT('',(1.051779859191,6.133126002733E-02));
#4357 = CARTESIAN_POINT('',(1.053620557442,0.12207719805));
#4358 = CARTESIAN_POINT('',(1.055634763135,0.182303690446));
#4359 = CARTESIAN_POINT('',(1.05785019159,0.242006182034));
#4360 = CARTESIAN_POINT('',(1.060306391122,0.301186560172));
#4361 = CARTESIAN_POINT('',(1.063053306655,0.359850214312));
#4362 = CARTESIAN_POINT('',(1.068442849894,0.460507527157));
#4363 = CARTESIAN_POINT('',(1.070914891635,0.502743488964));
#4364 = CARTESIAN_POINT('',(1.073612842139,0.544708690065));
#4365 = CARTESIAN_POINT('',(1.076573537464,0.586408284254));
#4366 = CARTESIAN_POINT('',(1.079845126875,0.627850076237));
#4367 = CARTESIAN_POINT('',(1.083490902674,0.669043388243));
#4368 = CARTESIAN_POINT('',(1.091833640942,0.752108940367));
#4369 = CARTESIAN_POINT('',(1.096557587676,0.793969804089));
#4370 = CARTESIAN_POINT('',(1.101878130851,0.835589890818));
#4371 = CARTESIAN_POINT('',(1.107929896156,0.876983970466));
#4372 = CARTESIAN_POINT('',(1.11490759014,0.918170278196));
#4373 = CARTESIAN_POINT('',(1.123083384932,0.959168851835));
#4374 = CARTESIAN_POINT('',(1.132964069906,1.));
#4375 = ( GEOMETRIC_REPRESENTATION_CONTEXT(2) 
PARAMETRIC_REPRESENTATION_CONTEXT() REPRESENTATION_CONTEXT('2D SPACE',''
  ) );
#4376 = ORIENTED_EDGE('',*,*,#1199,.T.);
#4377 = ORIENTED_EDGE('',*,*,#3966,.T.);
#4378 = ADVANCED_FACE('',(#4379),#657,.F.);
#4379 = FACE_BOUND('',#4380,.F.);
#4380 = EDGE_LOOP('',(#4381,#4443,#4469,#4500,#4501,#4502));
#4381 = ORIENTED_EDGE('',*,*,#4382,.F.);
#4382 = EDGE_CURVE('',#4383,#4385,#4387,.T.);
#4383 = VERTEX_POINT('',#4384);
#4384 = CARTESIAN_POINT('',(-15.93464605319,61.600748949642,
    7.558065382861));
#4385 = VERTEX_POINT('',#4386);
#4386 = CARTESIAN_POINT('',(-21.06624900309,6.649916924884,
    62.51935512762));
#4387 = SURFACE_CURVE('',#4388,(#4402,#4409),.PCURVE_S1.);
#4388 = ( BOUNDED_CURVE() B_SPLINE_CURVE(7,(#4389,#4390,#4391,#4392,
    #4393,#4394,#4395,#4396,#4397,#4398,#4399,#4400,#4401),
.UNSPECIFIED.,.F.,.F.) B_SPLINE_CURVE_WITH_KNOTS((8,5,8),(0.,
0.52965543135,1.),.UNSPECIFIED.) CURVE() GEOMETRIC_REPRESENTATION_ITEM()
 RATIONAL_B_SPLINE_CURVE((1.,1.,1.,1.,1.,1.,1.,1.,1.,1.,1.,1.,1.)) 
REPRESENTATION_ITEM('') );
#4389 = CARTESIAN_POINT('',(-15.93464605319,61.600748949642,
    7.558065382861));
#4390 = CARTESIAN_POINT('',(-19.59021389994,57.852097041841,
    11.224539269075));
#4391 = CARTESIAN_POINT('',(-22.7902753986,53.774929653339,
    14.972569487364));
#4392 = CARTESIAN_POINT('',(-25.47634242691,49.421257975997,
    18.80552625476));
#4393 = CARTESIAN_POINT('',(-27.59359013518,44.858228360179,
    22.726485637263));
#4394 = CARTESIAN_POINT('',(-29.09477388242,40.169795926679,
    26.73793096809));
#4395 = CARTESIAN_POINT('',(-30.70617930771,31.275352276082,
    34.484786889817));
#4396 = CARTESIAN_POINT('',(-29.98707772151,22.7111945614,
    42.554838512827));
#4397 = CARTESIAN_POINT('',(-29.12899089731,18.836862082097,
    46.421309378502));
#4398 = CARTESIAN_POINT('',(-27.76261381404,15.204575499558,
    50.356390900401));
#4399 = CARTESIAN_POINT('',(-25.92033673122,11.907035077631,
    54.355998006193));
#4400 = CARTESIAN_POINT('',(-23.66121069208,9.031997118093,
    58.413376321633));
#4401 = CARTESIAN_POINT('',(-21.06624900309,6.649916924884,
    62.51935512762));
#4402 = PCURVE('',#657,#4403);
#4403 = DEFINITIONAL_REPRESENTATION('',(#4404),#4408);
#4404 = LINE('',#4405,#4406);
#4405 = CARTESIAN_POINT('',(3.,0.));
#4406 = VECTOR('',#4407,1.);
#4407 = DIRECTION('',(0.,1.));
#4408 = ( GEOMETRIC_REPRESENTATION_CONTEXT(2) 
PARAMETRIC_REPRESENTATION_CONTEXT() REPRESENTATION_CONTEXT('2D SPACE',''
  ) );
#4409 = PCURVE('',#4410,#4437);
#4410 = ( BOUNDED_SURFACE() B_SPLINE_SURFACE(1,7,(
    (#4411,#4412,#4413,#4414,#4415,#4416,#4417,#4418,#4419,#4420,#4421
      ,#4422,#4423)
    ,(#4424,#4425,#4426,#4427,#4428,#4429,#4430,#4431,#4432,#4433,#4434
      ,#4435,#4436
)),.UNSPECIFIED.,.F.,.F.,.F.) B_SPLINE_SURFACE_WITH_KNOTS((2,2),(8,5,8),
  (2.,3.),(0.,0.52965543135,1.),.UNSPECIFIED.) 
GEOMETRIC_REPRESENTATION_ITEM() RATIONAL_B_SPLINE_SURFACE((
    (1.,1.,1.,1.,1.,1.,1.,1.,1.,1.,1.,1.,1.)
,(1.,1.,1.,1.,1.,1.,1.,1.,1.,1.,1.,1.,1.
))) REPRESENTATION_ITEM('') SURFACE() );
#4411 = CARTESIAN_POINT('',(-17.88450187755,61.155707081729,
    7.558065382861));
#4412 = CARTESIAN_POINT('',(-21.50897966755,57.270840823823,
    11.224539269075));
#4413 = CARTESIAN_POINT('',(-24.66615799978,53.056963179477,
    14.972569487364));
#4414 = CARTESIAN_POINT('',(-27.29687830718,48.567248288374,
    18.80552625476));
#4415 = CARTESIAN_POINT('',(-29.34574164691,43.870225975574,
    22.726485637263));
#4416 = CARTESIAN_POINT('',(-30.76508808299,39.051474406679,
    26.73793096809));
#4417 = CARTESIAN_POINT('',(-32.19633817299,29.921483190348,
    34.484786889817));
#4418 = CARTESIAN_POINT('',(-31.24977195977,21.148868370528,
    42.554838512827));
#4419 = CARTESIAN_POINT('',(-30.2744497621,17.183911030279,
    46.421309378502));
#4420 = CARTESIAN_POINT('',(-28.78108011897,13.469943457936,
    50.356390900401));
#4421 = CARTESIAN_POINT('',(-26.80289621184,10.10122770177,
    54.355998006193));
#4422 = CARTESIAN_POINT('',(-24.40023515448,7.166970553335,
    58.413376321633));
#4423 = CARTESIAN_POINT('',(-21.65575935192,4.738771313311,
    62.51935512762));
#4424 = CARTESIAN_POINT('',(-15.93464605319,61.600748949642,
    7.558065382861));
#4425 = CARTESIAN_POINT('',(-19.59021389994,57.852097041841,
    11.224539269075));
#4426 = CARTESIAN_POINT('',(-22.7902753986,53.774929653339,
    14.972569487364));
#4427 = CARTESIAN_POINT('',(-25.47634242691,49.421257975997,
    18.80552625476));
#4428 = CARTESIAN_POINT('',(-27.59359013518,44.858228360179,
    22.726485637263));
#4429 = CARTESIAN_POINT('',(-29.09477388242,40.169795926679,
    26.73793096809));
#4430 = CARTESIAN_POINT('',(-30.70617930771,31.275352276082,
    34.484786889817));
#4431 = CARTESIAN_POINT('',(-29.98707772151,22.7111945614,
    42.554838512827));
#4432 = CARTESIAN_POINT('',(-29.12899089731,18.836862082097,
    46.421309378502));
#4433 = CARTESIAN_POINT('',(-27.76261381404,15.204575499558,
    50.356390900401));
#4434 = CARTESIAN_POINT('',(-25.92033673122,11.907035077631,
    54.355998006193));
#4435 = CARTESIAN_POINT('',(-23.66121069208,9.031997118093,
    58.413376321633));
#4436 = CARTESIAN_POINT('',(-21.06624900309,6.649916924884,
    62.51935512762));
#4437 = DEFINITIONAL_REPRESENTATION('',(#4438),#4442);
#4438 = LINE('',#4439,#4440);
#4439 = CARTESIAN_POINT('',(3.,0.));
#4440 = VECTOR('',#4441,1.);
#4441 = DIRECTION('',(0.,1.));
#4442 = ( GEOMETRIC_REPRESENTATION_CONTEXT(2) 
PARAMETRIC_REPRESENTATION_CONTEXT() REPRESENTATION_CONTEXT('2D SPACE',''
  ) );
#4443 = ORIENTED_EDGE('',*,*,#4444,.T.);
#4444 = EDGE_CURVE('',#4383,#4445,#4447,.T.);
#4445 = VERTEX_POINT('',#4446);
#4446 = CARTESIAN_POINT('',(-12.89774562659,48.295218814696,
    -0.403096820419));
#4447 = SURFACE_CURVE('',#4448,(#4451,#4458),.PCURVE_S1.);
#4448 = B_SPLINE_CURVE_WITH_KNOTS('',1,(#4449,#4450),.UNSPECIFIED.,.F.,
  .F.,(2,2),(3.,4.),.PIECEWISE_BEZIER_KNOTS.);
#4449 = CARTESIAN_POINT('',(-15.93464605319,61.600748949642,
    7.558065382861));
#4450 = CARTESIAN_POINT('',(-12.89774562659,48.295218814696,
    -0.403096820419));
#4451 = PCURVE('',#657,#4452);
#4452 = DEFINITIONAL_REPRESENTATION('',(#4453),#4457);
#4453 = LINE('',#4454,#4455);
#4454 = CARTESIAN_POINT('',(0.,0.));
#4455 = VECTOR('',#4456,1.);
#4456 = DIRECTION('',(1.,0.));
#4457 = ( GEOMETRIC_REPRESENTATION_CONTEXT(2) 
PARAMETRIC_REPRESENTATION_CONTEXT() REPRESENTATION_CONTEXT('2D SPACE',''
  ) );
#4458 = PCURVE('',#4459,#4464);
#4459 = PLANE('',#4460);
#4460 = AXIS2_PLACEMENT_3D('',#4461,#4462,#4463);
#4461 = CARTESIAN_POINT('',(-12.89774562659,48.295218814696,
    -0.403096820419));
#4462 = DIRECTION('',(0.112121851193,-0.491237926923,0.863778900898));
#4463 = DIRECTION('',(-0.313118889804,0.807511256988,0.499882116789));
#4464 = DEFINITIONAL_REPRESENTATION('',(#4465),#4468);
#4465 = B_SPLINE_CURVE_WITH_KNOTS('',1,(#4466,#4467),.UNSPECIFIED.,.F.,
  .F.,(2,2),(3.,4.),.PIECEWISE_BEZIER_KNOTS.);
#4466 = CARTESIAN_POINT('',(15.674918868462,-1.984166945375));
#4467 = CARTESIAN_POINT('',(0.,0.));
#4468 = ( GEOMETRIC_REPRESENTATION_CONTEXT(2) 
PARAMETRIC_REPRESENTATION_CONTEXT() REPRESENTATION_CONTEXT('2D SPACE',''
  ) );
#4469 = ORIENTED_EDGE('',*,*,#4470,.T.);
#4470 = EDGE_CURVE('',#4445,#638,#4471,.T.);
#4471 = SURFACE_CURVE('',#4472,(#4486,#4493),.PCURVE_S1.);
#4472 = ( BOUNDED_CURVE() B_SPLINE_CURVE(7,(#4473,#4474,#4475,#4476,
    #4477,#4478,#4479,#4480,#4481,#4482,#4483,#4484,#4485),
.UNSPECIFIED.,.F.,.F.) B_SPLINE_CURVE_WITH_KNOTS((8,5,8),(0.,
0.52965543135,1.),.UNSPECIFIED.) CURVE() GEOMETRIC_REPRESENTATION_ITEM()
 RATIONAL_B_SPLINE_CURVE((1.,1.,1.,1.,1.,1.,1.,1.,1.,1.,1.,1.,1.)) 
REPRESENTATION_ITEM('') );
#4473 = CARTESIAN_POINT('',(-12.89774562659,48.295218814696,
    -0.403096820419));
#4474 = CARTESIAN_POINT('',(-15.75202996932,45.320501680096,
    3.599509999661));
#4475 = CARTESIAN_POINT('',(-18.24184533438,42.089338049121,
    7.691150027432));
#4476 = CARTESIAN_POINT('',(-20.3210368194,38.643726304232,
    11.875502452771));
#4477 = CARTESIAN_POINT('',(-21.94650889899,35.037725133282,
    16.155925347564));
#4478 = CARTESIAN_POINT('',(-23.08137214261,31.338756949757,
    20.535129710615));
#4479 = CARTESIAN_POINT('',(-24.2519759847,24.335038774382,
    28.992197538944));
#4480 = CARTESIAN_POINT('',(-23.57412534164,17.621599186731,
    37.802090822544));
#4481 = CARTESIAN_POINT('',(-22.84375851737,14.592646012423,
    42.02302983286));
#4482 = CARTESIAN_POINT('',(-21.71198272747,11.762727716187,
    46.31886954859));
#4483 = CARTESIAN_POINT('',(-20.20561943012,9.205540831697,
    50.685150388478));
#4484 = CARTESIAN_POINT('',(-18.37276370525,6.990564806983,
    55.114498754514));
#4485 = CARTESIAN_POINT('',(-16.27890796121,5.17321778148,
    59.596903179581));
#4486 = PCURVE('',#657,#4487);
#4487 = DEFINITIONAL_REPRESENTATION('',(#4488),#4492);
#4488 = LINE('',#4489,#4490);
#4489 = CARTESIAN_POINT('',(4.,0.));
#4490 = VECTOR('',#4491,1.);
#4491 = DIRECTION('',(0.,1.));
#4492 = ( GEOMETRIC_REPRESENTATION_CONTEXT(2) 
PARAMETRIC_REPRESENTATION_CONTEXT() REPRESENTATION_CONTEXT('2D SPACE',''
  ) );
#4493 = PCURVE('',#713,#4494);
#4494 = DEFINITIONAL_REPRESENTATION('',(#4495),#4499);
#4495 = LINE('',#4496,#4497);
#4496 = CARTESIAN_POINT('',(0.,0.));
#4497 = VECTOR('',#4498,1.);
#4498 = DIRECTION('',(0.,1.));
#4499 = ( GEOMETRIC_REPRESENTATION_CONTEXT(2) 
PARAMETRIC_REPRESENTATION_CONTEXT() REPRESENTATION_CONTEXT('2D SPACE',''
  ) );
#4500 = ORIENTED_EDGE('',*,*,#637,.F.);
#4501 = ORIENTED_EDGE('',*,*,#4113,.T.);
#4502 = ORIENTED_EDGE('',*,*,#4503,.F.);
#4503 = EDGE_CURVE('',#4385,#4114,#4504,.T.);
#4504 = SURFACE_CURVE('',#4505,(#4508,#4515),.PCURVE_S1.);
#4505 = B_SPLINE_CURVE_WITH_KNOTS('',1,(#4506,#4507),.UNSPECIFIED.,.F.,
  .F.,(2,2),(3.,4.),.PIECEWISE_BEZIER_KNOTS.);
#4506 = CARTESIAN_POINT('',(-21.06624900309,6.649916924884,
    62.51935512762));
#4507 = CARTESIAN_POINT('',(-16.27890796121,5.17321778148,
    59.596903179581));
#4508 = PCURVE('',#657,#4509);
#4509 = DEFINITIONAL_REPRESENTATION('',(#4510),#4514);
#4510 = LINE('',#4511,#4512);
#4511 = CARTESIAN_POINT('',(0.,1.));
#4512 = VECTOR('',#4513,1.);
#4513 = DIRECTION('',(1.,0.));
#4514 = ( GEOMETRIC_REPRESENTATION_CONTEXT(2) 
PARAMETRIC_REPRESENTATION_CONTEXT() REPRESENTATION_CONTEXT('2D SPACE',''
  ) );
#4515 = PCURVE('',#4205,#4516);
#4516 = DEFINITIONAL_REPRESENTATION('',(#4517),#4520);
#4517 = B_SPLINE_CURVE_WITH_KNOTS('',1,(#4518,#4519),.UNSPECIFIED.,.F.,
  .F.,(2,2),(3.,4.),.PIECEWISE_BEZIER_KNOTS.);
#4518 = CARTESIAN_POINT('',(5.483163293432,-1.890745963253));
#4519 = CARTESIAN_POINT('',(0.,0.));
#4520 = ( GEOMETRIC_REPRESENTATION_CONTEXT(2) 
PARAMETRIC_REPRESENTATION_CONTEXT() REPRESENTATION_CONTEXT('2D SPACE',''
  ) );
#4521 = ADVANCED_FACE('',(#4522),#1163,.F.);
#4522 = FACE_BOUND('',#4523,.F.);
#4523 = EDGE_LOOP('',(#4524,#4557,#4583,#4643,#4662,#4663));
#4524 = ORIENTED_EDGE('',*,*,#4525,.F.);
#4525 = EDGE_CURVE('',#4526,#1088,#4528,.T.);
#4526 = VERTEX_POINT('',#4527);
#4527 = CARTESIAN_POINT('',(-46.8923632884,-22.29533212834,
    -0.403096820419));
#4528 = SURFACE_CURVE('',#4529,(#4543,#4550),.PCURVE_S1.);
#4529 = ( BOUNDED_CURVE() B_SPLINE_CURVE(7,(#4530,#4531,#4532,#4533,
    #4534,#4535,#4536,#4537,#4538,#4539,#4540,#4541,#4542),
.UNSPECIFIED.,.F.,.F.) B_SPLINE_CURVE_WITH_KNOTS((8,5,8),(0.,
0.52965543135,1.),.UNSPECIFIED.) CURVE() GEOMETRIC_REPRESENTATION_ITEM()
 RATIONAL_B_SPLINE_CURVE((1.,1.,1.,1.,1.,1.,1.,1.,1.,1.,1.,1.,1.)) 
REPRESENTATION_ITEM('') );
#4530 = CARTESIAN_POINT('',(-46.8923632884,-22.29533212834,
    -0.403096820419));
#4531 = CARTESIAN_POINT('',(-43.23120952182,-24.35549565981,
    3.599509999661));
#4532 = CARTESIAN_POINT('',(-39.40328162667,-25.99165571672,
    7.691150027432));
#4533 = CARTESIAN_POINT('',(-35.46107840861,-27.16776526067,
    11.875502452771));
#4534 = CARTESIAN_POINT('',(-31.46836938363,-27.8535866034,
    16.155925347564));
#4535 = CARTESIAN_POINT('',(-27.5007699787,-28.02811438663,
    20.535129710615));
#4536 = CARTESIAN_POINT('',(-20.22261221721,-27.38284210761,
    28.992197538944));
#4537 = CARTESIAN_POINT('',(-13.6757135256,-24.95995806465,
    37.802090822544));
#4538 = CARTESIAN_POINT('',(-10.82295905747,-23.43943560569,
    42.02302983286));
#4539 = CARTESIAN_POINT('',(-8.264461953249,-21.5643354141,
    46.31886954859));
#4540 = CARTESIAN_POINT('',(-6.067437744163,-19.37837481748,
    50.685150388478));
#4541 = CARTESIAN_POINT('',(-4.290049666678,-16.94548027372,
    55.114498754514));
#4542 = CARTESIAN_POINT('',(-2.972501335299,-14.34369617138,
    59.596903179581));
#4543 = PCURVE('',#1163,#4544);
#4544 = DEFINITIONAL_REPRESENTATION('',(#4545),#4549);
#4545 = LINE('',#4546,#4547);
#4546 = CARTESIAN_POINT('',(1.,0.));
#4547 = VECTOR('',#4548,1.);
#4548 = DIRECTION('',(0.,1.));
#4549 = ( GEOMETRIC_REPRESENTATION_CONTEXT(2) 
PARAMETRIC_REPRESENTATION_CONTEXT() REPRESENTATION_CONTEXT('2D SPACE',''
  ) );
#4550 = PCURVE('',#1107,#4551);
#4551 = DEFINITIONAL_REPRESENTATION('',(#4552),#4556);
#4552 = LINE('',#4553,#4554);
#4553 = CARTESIAN_POINT('',(1.,0.));
#4554 = VECTOR('',#4555,1.);
#4555 = DIRECTION('',(0.,1.));
#4556 = ( GEOMETRIC_REPRESENTATION_CONTEXT(2) 
PARAMETRIC_REPRESENTATION_CONTEXT() REPRESENTATION_CONTEXT('2D SPACE',''
  ) );
#4557 = ORIENTED_EDGE('',*,*,#4558,.T.);
#4558 = EDGE_CURVE('',#4526,#4559,#4561,.T.);
#4559 = VERTEX_POINT('',#4560);
#4560 = CARTESIAN_POINT('',(-59.18852208407,-28.21685011317,
    7.558065382861));
#4561 = SURFACE_CURVE('',#4562,(#4565,#4572),.PCURVE_S1.);
#4562 = B_SPLINE_CURVE_WITH_KNOTS('',1,(#4563,#4564),.UNSPECIFIED.,.F.,
  .F.,(2,2),(1.,2.),.PIECEWISE_BEZIER_KNOTS.);
#4563 = CARTESIAN_POINT('',(-46.8923632884,-22.29533212834,
    -0.403096820419));
#4564 = CARTESIAN_POINT('',(-59.18852208407,-28.21685011317,
    7.558065382861));
#4565 = PCURVE('',#1163,#4566);
#4566 = DEFINITIONAL_REPRESENTATION('',(#4567),#4571);
#4567 = LINE('',#4568,#4569);
#4568 = CARTESIAN_POINT('',(0.,0.));
#4569 = VECTOR('',#4570,1.);
#4570 = DIRECTION('',(1.,0.));
#4571 = ( GEOMETRIC_REPRESENTATION_CONTEXT(2) 
PARAMETRIC_REPRESENTATION_CONTEXT() REPRESENTATION_CONTEXT('2D SPACE',''
  ) );
#4572 = PCURVE('',#4573,#4578);
#4573 = PLANE('',#4574);
#4574 = AXIS2_PLACEMENT_3D('',#4575,#4576,#4577);
#4575 = CARTESIAN_POINT('',(-47.76013076663,-20.49339439254,
    -0.403096820419));
#4576 = DIRECTION('',(0.453972107435,0.218621444587,0.863778900898));
#4577 = DIRECTION('',(-0.71758975604,-0.484956504587,0.499882116789));
#4578 = DEFINITIONAL_REPRESENTATION('',(#4579),#4582);
#4579 = B_SPLINE_CURVE_WITH_KNOTS('',1,(#4580,#4581),.UNSPECIFIED.,.F.,
  .F.,(2,2),(1.,2.),.PIECEWISE_BEZIER_KNOTS.);
#4580 = CARTESIAN_POINT('',(0.251160372832,1.984166945375));
#4581 = CARTESIAN_POINT('',(15.926079241295,-1.7763568394E-15));
#4582 = ( GEOMETRIC_REPRESENTATION_CONTEXT(2) 
PARAMETRIC_REPRESENTATION_CONTEXT() REPRESENTATION_CONTEXT('2D SPACE',''
  ) );
#4583 = ORIENTED_EDGE('',*,*,#4584,.T.);
#4584 = EDGE_CURVE('',#4559,#4585,#4587,.T.);
#4585 = VERTEX_POINT('',#4586);
#4586 = CARTESIAN_POINT('',(-3.346892948291,-19.3396050508,
    62.51935512762));
#4587 = SURFACE_CURVE('',#4588,(#4602,#4609),.PCURVE_S1.);
#4588 = ( BOUNDED_CURVE() B_SPLINE_CURVE(7,(#4589,#4590,#4591,#4592,
    #4593,#4594,#4595,#4596,#4597,#4598,#4599,#4600,#4601),
.UNSPECIFIED.,.F.,.F.) B_SPLINE_CURVE_WITH_KNOTS((8,5,8),(0.,
0.52965543135,1.),.UNSPECIFIED.) CURVE() GEOMETRIC_REPRESENTATION_ITEM()
 RATIONAL_B_SPLINE_CURVE((1.,1.,1.,1.,1.,1.,1.,1.,1.,1.,1.,1.,1.)) 
REPRESENTATION_ITEM('') );
#4589 = CARTESIAN_POINT('',(-59.18852208407,-28.21685011317,
    7.558065382861));
#4590 = CARTESIAN_POINT('',(-54.59453535121,-30.88599060971,
    11.224539269075));
#4591 = CARTESIAN_POINT('',(-49.78377014607,-33.02633590054,
    14.972569487364));
#4592 = CARTESIAN_POINT('',(-44.82123144121,-34.5920430066,
    18.80552625476));
#4593 = CARTESIAN_POINT('',(-39.78605830041,-35.5443512729,
    22.726485637263));
#4594 = CARTESIAN_POINT('',(-34.77228859946,-35.85583863087,
    26.73793096809));
#4595 = CARTESIAN_POINT('',(-25.55272221794,-35.21959012045,
    34.484786889817));
#4596 = CARTESIAN_POINT('',(-17.21068596509,-32.34466585551,
    42.554838512827));
#4597 = CARTESIAN_POINT('',(-13.56216798981,-30.51151101118,
    46.421309378502));
#4598 = CARTESIAN_POINT('',(-10.27362334632,-28.22914773001,
    50.356390900401));
#4599 = CARTESIAN_POINT('',(-7.429555657986,-25.55095124722,
    54.355998006193));
#4600 = CARTESIAN_POINT('',(-5.103508844923,-22.55559627775,
    58.413376321633));
#4601 = CARTESIAN_POINT('',(-3.346892948291,-19.3396050508,
    62.51935512762));
#4602 = PCURVE('',#1163,#4603);
#4603 = DEFINITIONAL_REPRESENTATION('',(#4604),#4608);
#4604 = LINE('',#4605,#4606);
#4605 = CARTESIAN_POINT('',(2.,0.));
#4606 = VECTOR('',#4607,1.);
#4607 = DIRECTION('',(0.,1.));
#4608 = ( GEOMETRIC_REPRESENTATION_CONTEXT(2) 
PARAMETRIC_REPRESENTATION_CONTEXT() REPRESENTATION_CONTEXT('2D SPACE',''
  ) );
#4609 = PCURVE('',#4610,#4637);
#4610 = ( BOUNDED_SURFACE() B_SPLINE_SURFACE(1,7,(
    (#4611,#4612,#4613,#4614,#4615,#4616,#4617,#4618,#4619,#4620,#4621
      ,#4622,#4623)
    ,(#4624,#4625,#4626,#4627,#4628,#4629,#4630,#4631,#4632,#4633,#4634
      ,#4635,#4636
)),.UNSPECIFIED.,.F.,.F.,.F.) B_SPLINE_SURFACE_WITH_KNOTS((2,2),(8,5,8),
  (2.,3.),(0.,0.52965543135,1.),.UNSPECIFIED.) 
GEOMETRIC_REPRESENTATION_ITEM() RATIONAL_B_SPLINE_SURFACE((
    (1.,1.,1.,1.,1.,1.,1.,1.,1.,1.,1.,1.,1.)
,(1.,1.,1.,1.,1.,1.,1.,1.,1.,1.,1.,1.,1.
))) REPRESENTATION_ITEM('') SURFACE() );
#4611 = CARTESIAN_POINT('',(-59.18852208407,-28.21685011317,
    7.558065382861));
#4612 = CARTESIAN_POINT('',(-54.59453535121,-30.88599060971,
    11.224539269075));
#4613 = CARTESIAN_POINT('',(-49.78377014607,-33.02633590054,
    14.972569487364));
#4614 = CARTESIAN_POINT('',(-44.82123144121,-34.5920430066,
    18.80552625476));
#4615 = CARTESIAN_POINT('',(-39.78605830041,-35.5443512729,
    22.726485637263));
#4616 = CARTESIAN_POINT('',(-34.77228859946,-35.85583863087,
    26.73793096809));
#4617 = CARTESIAN_POINT('',(-25.55272221794,-35.21959012045,
    34.484786889817));
#4618 = CARTESIAN_POINT('',(-17.21068596509,-32.34466585551,
    42.554838512827));
#4619 = CARTESIAN_POINT('',(-13.56216798981,-30.51151101118,
    46.421309378502));
#4620 = CARTESIAN_POINT('',(-10.27362334632,-28.22914773001,
    50.356390900401));
#4621 = CARTESIAN_POINT('',(-7.429555657986,-25.55095124722,
    54.355998006193));
#4622 = CARTESIAN_POINT('',(-5.103508844923,-22.55559627775,
    58.413376321633));
#4623 = CARTESIAN_POINT('',(-3.346892948291,-19.3396050508,
    62.51935512762));
#4624 = CARTESIAN_POINT('',(-60.05628956231,-26.41491237736,
    7.558065382861));
#4625 = CARTESIAN_POINT('',(-55.58818381294,-29.14467398243,
    11.224539269075));
#4626 = CARTESIAN_POINT('',(-50.90115884985,-31.35724816298,
    14.972569487364));
#4627 = CARTESIAN_POINT('',(-46.05893666733,-33.0071867951,
    18.80552625476));
#4628 = CARTESIAN_POINT('',(-41.13917979329,-34.05598107111,
    22.726485637263));
#4629 = CARTESIAN_POINT('',(-36.23425134002,-34.47625264371,
    26.73793096809));
#4630 = CARTESIAN_POINT('',(-27.20423852151,-34.06805686251,
    34.484786889817));
#4631 = CARTESIAN_POINT('',(-19.0148172777,-31.46128028122,
    42.554838512827));
#4632 = CARTESIAN_POINT('',(-15.4285646841,-29.76258740347,
    46.421309378502));
#4633 = CARTESIAN_POINT('',(-12.19139461444,-27.62220844369,
    50.356390900401));
#4634 = CARTESIAN_POINT('',(-9.386475632637,-25.09234931923,
    54.355998006193));
#4635 = CARTESIAN_POINT('',(-7.086223713456,-22.25010815462,
    58.413376321633));
#4636 = CARTESIAN_POINT('',(-5.341300542654,-19.19014486363,
    62.51935512762));
#4637 = DEFINITIONAL_REPRESENTATION('',(#4638),#4642);
#4638 = LINE('',#4639,#4640);
#4639 = CARTESIAN_POINT('',(2.,0.));
#4640 = VECTOR('',#4641,1.);
#4641 = DIRECTION('',(0.,1.));
#4642 = ( GEOMETRIC_REPRESENTATION_CONTEXT(2) 
PARAMETRIC_REPRESENTATION_CONTEXT() REPRESENTATION_CONTEXT('2D SPACE',''
  ) );
#4643 = ORIENTED_EDGE('',*,*,#4644,.F.);
#4644 = EDGE_CURVE('',#4274,#4585,#4645,.T.);
#4645 = SURFACE_CURVE('',#4646,(#4649,#4656),.PCURVE_S1.);
#4646 = B_SPLINE_CURVE_WITH_KNOTS('',1,(#4647,#4648),.UNSPECIFIED.,.F.,
  .F.,(2,2),(1.,2.),.PIECEWISE_BEZIER_KNOTS.);
#4647 = CARTESIAN_POINT('',(-2.972501335299,-14.34369617138,
    59.596903179581));
#4648 = CARTESIAN_POINT('',(-3.346892948291,-19.3396050508,
    62.51935512762));
#4649 = PCURVE('',#1163,#4650);
#4650 = DEFINITIONAL_REPRESENTATION('',(#4651),#4655);
#4651 = LINE('',#4652,#4653);
#4652 = CARTESIAN_POINT('',(0.,1.));
#4653 = VECTOR('',#4654,1.);
#4654 = DIRECTION('',(1.,0.));
#4655 = ( GEOMETRIC_REPRESENTATION_CONTEXT(2) 
PARAMETRIC_REPRESENTATION_CONTEXT() REPRESENTATION_CONTEXT('2D SPACE',''
  ) );
#4656 = PCURVE('',#4293,#4657);
#4657 = DEFINITIONAL_REPRESENTATION('',(#4658),#4661);
#4658 = B_SPLINE_CURVE_WITH_KNOTS('',1,(#4659,#4660),.UNSPECIFIED.,.F.,
  .F.,(2,2),(1.,2.),.PIECEWISE_BEZIER_KNOTS.);
#4659 = CARTESIAN_POINT('',(0.651981366639,1.890745963253));
#4660 = CARTESIAN_POINT('',(6.135144660071,0.));
#4661 = ( GEOMETRIC_REPRESENTATION_CONTEXT(2) 
PARAMETRIC_REPRESENTATION_CONTEXT() REPRESENTATION_CONTEXT('2D SPACE',''
  ) );
#4662 = ORIENTED_EDGE('',*,*,#4305,.F.);
#4663 = ORIENTED_EDGE('',*,*,#1143,.T.);
#4664 = ADVANCED_FACE('',(#4665),#713,.F.);
#4665 = FACE_BOUND('',#4666,.F.);
#4666 = EDGE_LOOP('',(#4667,#4668,#4689,#4720));
#4667 = ORIENTED_EDGE('',*,*,#4470,.F.);
#4668 = ORIENTED_EDGE('',*,*,#4669,.T.);
#4669 = EDGE_CURVE('',#4445,#4670,#4672,.T.);
#4670 = VERTEX_POINT('',#4671);
#4671 = CARTESIAN_POINT('',(-14.84760145095,47.850176946783,
    -0.403096820419));
#4672 = SURFACE_CURVE('',#4673,(#4676,#4683),.PCURVE_S1.);
#4673 = B_SPLINE_CURVE_WITH_KNOTS('',1,(#4674,#4675),.UNSPECIFIED.,.F.,
  .F.,(2,2),(0.,1.),.PIECEWISE_BEZIER_KNOTS.);
#4674 = CARTESIAN_POINT('',(-12.89774562659,48.295218814696,
    -0.403096820419));
#4675 = CARTESIAN_POINT('',(-14.84760145095,47.850176946783,
    -0.403096820419));
#4676 = PCURVE('',#713,#4677);
#4677 = DEFINITIONAL_REPRESENTATION('',(#4678),#4682);
#4678 = LINE('',#4679,#4680);
#4679 = CARTESIAN_POINT('',(0.,0.));
#4680 = VECTOR('',#4681,1.);
#4681 = DIRECTION('',(1.,0.));
#4682 = ( GEOMETRIC_REPRESENTATION_CONTEXT(2) 
PARAMETRIC_REPRESENTATION_CONTEXT() REPRESENTATION_CONTEXT('2D SPACE',''
  ) );
#4683 = PCURVE('',#4459,#4684);
#4684 = DEFINITIONAL_REPRESENTATION('',(#4685),#4688);
#4685 = B_SPLINE_CURVE_WITH_KNOTS('',1,(#4686,#4687),.UNSPECIFIED.,.F.,
  .F.,(2,2),(0.,1.),.PIECEWISE_BEZIER_KNOTS.);
#4686 = CARTESIAN_POINT('',(0.,0.));
#4687 = CARTESIAN_POINT('',(0.251160372832,1.984166945375));
#4688 = ( GEOMETRIC_REPRESENTATION_CONTEXT(2) 
PARAMETRIC_REPRESENTATION_CONTEXT() REPRESENTATION_CONTEXT('2D SPACE',''
  ) );
#4689 = ORIENTED_EDGE('',*,*,#4690,.T.);
#4690 = EDGE_CURVE('',#4670,#694,#4691,.T.);
#4691 = SURFACE_CURVE('',#4692,(#4706,#4713),.PCURVE_S1.);
#4692 = ( BOUNDED_CURVE() B_SPLINE_CURVE(7,(#4693,#4694,#4695,#4696,
    #4697,#4698,#4699,#4700,#4701,#4702,#4703,#4704,#4705),
.UNSPECIFIED.,.F.,.F.) B_SPLINE_CURVE_WITH_KNOTS((8,5,8),(0.,
0.52965543135,1.),.UNSPECIFIED.) CURVE() GEOMETRIC_REPRESENTATION_ITEM()
 RATIONAL_B_SPLINE_CURVE((1.,1.,1.,1.,1.,1.,1.,1.,1.,1.,1.,1.,1.)) 
REPRESENTATION_ITEM('') );
#4693 = CARTESIAN_POINT('',(-14.84760145095,47.850176946783,
    -0.403096820419));
#4694 = CARTESIAN_POINT('',(-17.67079573693,44.739245462081,
    3.599509999661));
#4695 = CARTESIAN_POINT('',(-20.11772793556,41.371371575246,
    7.691150027432));
#4696 = CARTESIAN_POINT('',(-22.14157269967,37.789716616628,
    11.875502452771));
#4697 = CARTESIAN_POINT('',(-23.69866041072,34.049722748664,
    16.155925347564));
#4698 = CARTESIAN_POINT('',(-24.75168634319,30.220435429761,
    20.535129710615));
#4699 = CARTESIAN_POINT('',(-25.74213484998,22.981169688645,
    28.992197538944));
#4700 = CARTESIAN_POINT('',(-24.8368195799,16.05927299586,
    37.802090822544));
#4701 = CARTESIAN_POINT('',(-23.98921738216,12.939694960605,
    42.02302983286));
#4702 = CARTESIAN_POINT('',(-22.73044903239,10.028095674565,
    46.31886954859));
#4703 = CARTESIAN_POINT('',(-21.08817891075,7.399733455836,
    50.685150388478));
#4704 = CARTESIAN_POINT('',(-19.11178816765,5.125538242224,
    55.114498754514));
#4705 = CARTESIAN_POINT('',(-16.86841831004,3.262072169908,
    59.596903179581));
#4706 = PCURVE('',#713,#4707);
#4707 = DEFINITIONAL_REPRESENTATION('',(#4708),#4712);
#4708 = LINE('',#4709,#4710);
#4709 = CARTESIAN_POINT('',(1.,0.));
#4710 = VECTOR('',#4711,1.);
#4711 = DIRECTION('',(0.,1.));
#4712 = ( GEOMETRIC_REPRESENTATION_CONTEXT(2) 
PARAMETRIC_REPRESENTATION_CONTEXT() REPRESENTATION_CONTEXT('2D SPACE',''
  ) );
#4713 = PCURVE('',#769,#4714);
#4714 = DEFINITIONAL_REPRESENTATION('',(#4715),#4719);
#4715 = LINE('',#4716,#4717);
#4716 = CARTESIAN_POINT('',(1.,0.));
#4717 = VECTOR('',#4718,1.);
#4718 = DIRECTION('',(0.,1.));
#4719 = ( GEOMETRIC_REPRESENTATION_CONTEXT(2) 
PARAMETRIC_REPRESENTATION_CONTEXT() REPRESENTATION_CONTEXT('2D SPACE',''
  ) );
#4720 = ORIENTED_EDGE('',*,*,#693,.T.);
#4721 = ADVANCED_FACE('',(#4722),#1107,.F.);
#4722 = FACE_BOUND('',#4723,.F.);
#4723 = EDGE_LOOP('',(#4724,#4757,#4776,#4777));
#4724 = ORIENTED_EDGE('',*,*,#4725,.F.);
#4725 = EDGE_CURVE('',#4726,#1032,#4728,.T.);
#4726 = VERTEX_POINT('',#4727);
#4727 = CARTESIAN_POINT('',(-47.76013076663,-20.49339439254,
    -0.403096820419));
#4728 = SURFACE_CURVE('',#4729,(#4743,#4750),.PCURVE_S1.);
#4729 = ( BOUNDED_CURVE() B_SPLINE_CURVE(7,(#4730,#4731,#4732,#4733,
    #4734,#4735,#4736,#4737,#4738,#4739,#4740,#4741,#4742),
.UNSPECIFIED.,.F.,.F.) B_SPLINE_CURVE_WITH_KNOTS((8,5,8),(0.,
0.52965543135,1.),.UNSPECIFIED.) CURVE() GEOMETRIC_REPRESENTATION_ITEM()
 RATIONAL_B_SPLINE_CURVE((1.,1.,1.,1.,1.,1.,1.,1.,1.,1.,1.,1.,1.)) 
REPRESENTATION_ITEM('') );
#4730 = CARTESIAN_POINT('',(-47.76013076663,-20.49339439254,
    -0.403096820419));
#4731 = CARTESIAN_POINT('',(-44.22485798354,-22.61417903252,
    3.599509999661));
#4732 = CARTESIAN_POINT('',(-40.52067033047,-24.32256797917,
    7.691150027432));
#4733 = CARTESIAN_POINT('',(-36.69878363471,-25.58290904916,
    11.875502452771));
#4734 = CARTESIAN_POINT('',(-32.82149087652,-26.36521640162,
    16.155925347564));
#4735 = CARTESIAN_POINT('',(-28.96273271925,-26.64852839947,
    20.535129710615));
#4736 = CARTESIAN_POINT('',(-21.87412852078,-26.23130884968,
    28.992197538944));
#4737 = CARTESIAN_POINT('',(-15.47984483821,-24.07657249036,
    37.802090822544));
#4738 = CARTESIAN_POINT('',(-12.68935575176,-22.69051199799,
    42.02302983286));
#4739 = CARTESIAN_POINT('',(-10.18223322136,-20.95739612778,
    46.31886954859));
#4740 = CARTESIAN_POINT('',(-8.024357718813,-18.91977288948,
    50.685150388478));
#4741 = CARTESIAN_POINT('',(-6.272764535211,-16.63999215059,
    55.114498754514));
#4742 = CARTESIAN_POINT('',(-4.966908929661,-14.19423598421,
    59.596903179581));
#4743 = PCURVE('',#1107,#4744);
#4744 = DEFINITIONAL_REPRESENTATION('',(#4745),#4749);
#4745 = LINE('',#4746,#4747);
#4746 = CARTESIAN_POINT('',(0.,0.));
#4747 = VECTOR('',#4748,1.);
#4748 = DIRECTION('',(0.,1.));
#4749 = ( GEOMETRIC_REPRESENTATION_CONTEXT(2) 
PARAMETRIC_REPRESENTATION_CONTEXT() REPRESENTATION_CONTEXT('2D SPACE',''
  ) );
#4750 = PCURVE('',#1051,#4751);
#4751 = DEFINITIONAL_REPRESENTATION('',(#4752),#4756);
#4752 = LINE('',#4753,#4754);
#4753 = CARTESIAN_POINT('',(4.,0.));
#4754 = VECTOR('',#4755,1.);
#4755 = DIRECTION('',(0.,1.));
#4756 = ( GEOMETRIC_REPRESENTATION_CONTEXT(2) 
PARAMETRIC_REPRESENTATION_CONTEXT() REPRESENTATION_CONTEXT('2D SPACE',''
  ) );
#4757 = ORIENTED_EDGE('',*,*,#4758,.T.);
#4758 = EDGE_CURVE('',#4726,#4526,#4759,.T.);
#4759 = SURFACE_CURVE('',#4760,(#4763,#4770),.PCURVE_S1.);
#4760 = B_SPLINE_CURVE_WITH_KNOTS('',1,(#4761,#4762),.UNSPECIFIED.,.F.,
  .F.,(2,2),(0.,1.),.PIECEWISE_BEZIER_KNOTS.);
#4761 = CARTESIAN_POINT('',(-47.76013076663,-20.49339439254,
    -0.403096820419));
#4762 = CARTESIAN_POINT('',(-46.8923632884,-22.29533212834,
    -0.403096820419));
#4763 = PCURVE('',#1107,#4764);
#4764 = DEFINITIONAL_REPRESENTATION('',(#4765),#4769);
#4765 = LINE('',#4766,#4767);
#4766 = CARTESIAN_POINT('',(0.,0.));
#4767 = VECTOR('',#4768,1.);
#4768 = DIRECTION('',(1.,0.));
#4769 = ( GEOMETRIC_REPRESENTATION_CONTEXT(2) 
PARAMETRIC_REPRESENTATION_CONTEXT() REPRESENTATION_CONTEXT('2D SPACE',''
  ) );
#4770 = PCURVE('',#4573,#4771);
#4771 = DEFINITIONAL_REPRESENTATION('',(#4772),#4775);
#4772 = B_SPLINE_CURVE_WITH_KNOTS('',1,(#4773,#4774),.UNSPECIFIED.,.F.,
  .F.,(2,2),(0.,1.),.PIECEWISE_BEZIER_KNOTS.);
#4773 = CARTESIAN_POINT('',(0.,0.));
#4774 = CARTESIAN_POINT('',(0.251160372832,1.984166945375));
#4775 = ( GEOMETRIC_REPRESENTATION_CONTEXT(2) 
PARAMETRIC_REPRESENTATION_CONTEXT() REPRESENTATION_CONTEXT('2D SPACE',''
  ) );
#4776 = ORIENTED_EDGE('',*,*,#4525,.T.);
#4777 = ORIENTED_EDGE('',*,*,#1087,.T.);
#4778 = ADVANCED_FACE('',(#4779),#769,.F.);
#4779 = FACE_BOUND('',#4780,.F.);
#4780 = EDGE_LOOP('',(#4781,#4782,#4803,#4836,#4857,#4929));
#4781 = ORIENTED_EDGE('',*,*,#4690,.F.);
#4782 = ORIENTED_EDGE('',*,*,#4783,.T.);
#4783 = EDGE_CURVE('',#4670,#4784,#4786,.T.);
#4784 = VERTEX_POINT('',#4785);
#4785 = CARTESIAN_POINT('',(-17.88450187755,61.155707081729,
    7.558065382861));
#4786 = SURFACE_CURVE('',#4787,(#4790,#4797),.PCURVE_S1.);
#4787 = B_SPLINE_CURVE_WITH_KNOTS('',1,(#4788,#4789),.UNSPECIFIED.,.F.,
  .F.,(2,2),(1.,2.),.PIECEWISE_BEZIER_KNOTS.);
#4788 = CARTESIAN_POINT('',(-14.84760145095,47.850176946783,
    -0.403096820419));
#4789 = CARTESIAN_POINT('',(-17.88450187755,61.155707081729,
    7.558065382861));
#4790 = PCURVE('',#769,#4791);
#4791 = DEFINITIONAL_REPRESENTATION('',(#4792),#4796);
#4792 = LINE('',#4793,#4794);
#4793 = CARTESIAN_POINT('',(0.,0.));
#4794 = VECTOR('',#4795,1.);
#4795 = DIRECTION('',(1.,0.));
#4796 = ( GEOMETRIC_REPRESENTATION_CONTEXT(2) 
PARAMETRIC_REPRESENTATION_CONTEXT() REPRESENTATION_CONTEXT('2D SPACE',''
  ) );
#4797 = PCURVE('',#4459,#4798);
#4798 = DEFINITIONAL_REPRESENTATION('',(#4799),#4802);
#4799 = B_SPLINE_CURVE_WITH_KNOTS('',1,(#4800,#4801),.UNSPECIFIED.,.F.,
  .F.,(2,2),(1.,2.),.PIECEWISE_BEZIER_KNOTS.);
#4800 = CARTESIAN_POINT('',(0.251160372832,1.984166945375));
#4801 = CARTESIAN_POINT('',(15.926079241295,-8.881784197001E-16));
#4802 = ( GEOMETRIC_REPRESENTATION_CONTEXT(2) 
PARAMETRIC_REPRESENTATION_CONTEXT() REPRESENTATION_CONTEXT('2D SPACE',''
  ) );
#4803 = ORIENTED_EDGE('',*,*,#4804,.T.);
#4804 = EDGE_CURVE('',#4784,#4805,#4807,.T.);
#4805 = VERTEX_POINT('',#4806);
#4806 = CARTESIAN_POINT('',(-21.65575935192,4.738771313311,
    62.51935512762));
#4807 = SURFACE_CURVE('',#4808,(#4822,#4829),.PCURVE_S1.);
#4808 = ( BOUNDED_CURVE() B_SPLINE_CURVE(7,(#4809,#4810,#4811,#4812,
    #4813,#4814,#4815,#4816,#4817,#4818,#4819,#4820,#4821),
.UNSPECIFIED.,.F.,.F.) B_SPLINE_CURVE_WITH_KNOTS((8,5,8),(0.,
0.52965543135,1.),.UNSPECIFIED.) CURVE() GEOMETRIC_REPRESENTATION_ITEM()
 RATIONAL_B_SPLINE_CURVE((1.,1.,1.,1.,1.,1.,1.,1.,1.,1.,1.,1.,1.)) 
REPRESENTATION_ITEM('') );
#4809 = CARTESIAN_POINT('',(-17.88450187755,61.155707081729,
    7.558065382861));
#4810 = CARTESIAN_POINT('',(-21.50897966755,57.270840823823,
    11.224539269075));
#4811 = CARTESIAN_POINT('',(-24.66615799978,53.056963179477,
    14.972569487364));
#4812 = CARTESIAN_POINT('',(-27.29687830718,48.567248288374,
    18.80552625476));
#4813 = CARTESIAN_POINT('',(-29.34574164691,43.870225975574,
    22.726485637263));
#4814 = CARTESIAN_POINT('',(-30.76508808299,39.051474406679,
    26.73793096809));
#4815 = CARTESIAN_POINT('',(-32.19633817299,29.921483190348,
    34.484786889817));
#4816 = CARTESIAN_POINT('',(-31.24977195977,21.148868370528,
    42.554838512827));
#4817 = CARTESIAN_POINT('',(-30.2744497621,17.183911030279,
    46.421309378502));
#4818 = CARTESIAN_POINT('',(-28.78108011897,13.469943457936,
    50.356390900401));
#4819 = CARTESIAN_POINT('',(-26.80289621184,10.10122770177,
    54.355998006193));
#4820 = CARTESIAN_POINT('',(-24.40023515448,7.166970553335,
    58.413376321633));
#4821 = CARTESIAN_POINT('',(-21.65575935192,4.738771313311,
    62.51935512762));
#4822 = PCURVE('',#769,#4823);
#4823 = DEFINITIONAL_REPRESENTATION('',(#4824),#4828);
#4824 = LINE('',#4825,#4826);
#4825 = CARTESIAN_POINT('',(2.,0.));
#4826 = VECTOR('',#4827,1.);
#4827 = DIRECTION('',(0.,1.));
#4828 = ( GEOMETRIC_REPRESENTATION_CONTEXT(2) 
PARAMETRIC_REPRESENTATION_CONTEXT() REPRESENTATION_CONTEXT('2D SPACE',''
  ) );
#4829 = PCURVE('',#4410,#4830);
#4830 = DEFINITIONAL_REPRESENTATION('',(#4831),#4835);
#4831 = LINE('',#4832,#4833);
#4832 = CARTESIAN_POINT('',(2.,0.));
#4833 = VECTOR('',#4834,1.);
#4834 = DIRECTION('',(0.,1.));
#4835 = ( GEOMETRIC_REPRESENTATION_CONTEXT(2) 
PARAMETRIC_REPRESENTATION_CONTEXT() REPRESENTATION_CONTEXT('2D SPACE',''
  ) );
#4836 = ORIENTED_EDGE('',*,*,#4837,.F.);
#4837 = EDGE_CURVE('',#4838,#4805,#4840,.T.);
#4838 = VERTEX_POINT('',#4839);
#4839 = CARTESIAN_POINT('',(-17.50496265899,3.458420098042,
    59.985484284698));
#4840 = SURFACE_CURVE('',#4841,(#4844,#4851),.PCURVE_S1.);
#4841 = B_SPLINE_CURVE_WITH_KNOTS('',1,(#4842,#4843),.UNSPECIFIED.,.F.,
  .F.,(2,2),(1.,2.),.PIECEWISE_BEZIER_KNOTS.);
#4842 = CARTESIAN_POINT('',(-16.86841831004,3.262072169908,
    59.596903179581));
#4843 = CARTESIAN_POINT('',(-21.65575935192,4.738771313311,
    62.51935512762));
#4844 = PCURVE('',#769,#4845);
#4845 = DEFINITIONAL_REPRESENTATION('',(#4846),#4850);
#4846 = LINE('',#4847,#4848);
#4847 = CARTESIAN_POINT('',(0.,1.));
#4848 = VECTOR('',#4849,1.);
#4849 = DIRECTION('',(1.,0.));
#4850 = ( GEOMETRIC_REPRESENTATION_CONTEXT(2) 
PARAMETRIC_REPRESENTATION_CONTEXT() REPRESENTATION_CONTEXT('2D SPACE',''
  ) );
#4851 = PCURVE('',#4205,#4852);
#4852 = DEFINITIONAL_REPRESENTATION('',(#4853),#4856);
#4853 = B_SPLINE_CURVE_WITH_KNOTS('',1,(#4854,#4855),.UNSPECIFIED.,.F.,
  .F.,(2,2),(1.,2.),.PIECEWISE_BEZIER_KNOTS.);
#4854 = CARTESIAN_POINT('',(0.651981366639,1.890745963253));
#4855 = CARTESIAN_POINT('',(6.135144660071,-1.7763568394E-15));
#4856 = ( GEOMETRIC_REPRESENTATION_CONTEXT(2) 
PARAMETRIC_REPRESENTATION_CONTEXT() REPRESENTATION_CONTEXT('2D SPACE',''
  ) );
#4857 = ORIENTED_EDGE('',*,*,#4858,.F.);
#4858 = EDGE_CURVE('',#750,#4838,#4859,.T.);
#4859 = SURFACE_CURVE('',#4860,(#4881,#4905),.PCURVE_S1.);
#4860 = B_SPLINE_CURVE_WITH_KNOTS('',7,(#4861,#4862,#4863,#4864,#4865,
    #4866,#4867,#4868,#4869,#4870,#4871,#4872,#4873,#4874,#4875,#4876,
    #4877,#4878,#4879,#4880),.UNSPECIFIED.,.F.,.F.,(8,6,6,8),(0.,
    0.402789912559,0.697235872448,1.),.UNSPECIFIED.);
#4861 = CARTESIAN_POINT('',(-15.00282871611,48.513205137985,
    3.376237014408E-16));
#4862 = CARTESIAN_POINT('',(-17.32547298887,45.985911328488,
    3.239913333627));
#4863 = CARTESIAN_POINT('',(-19.38253845,43.308368151537,6.511538126473)
  );
#4864 = CARTESIAN_POINT('',(-21.15564234623,40.50909966245,
    9.814237531257));
#4865 = CARTESIAN_POINT('',(-22.63030949786,37.619916482553,
    13.14762880679));
#4866 = CARTESIAN_POINT('',(-23.79633120026,34.675418527818,
    16.511348467416));
#4867 = CARTESIAN_POINT('',(-24.64854960473,31.712621948279,
    19.904763670939));
#4868 = CARTESIAN_POINT('',(-25.58210019256,26.618893554869,
    25.827742483911));
#4869 = CARTESIAN_POINT('',(-25.80915467841,24.478427170881,
    28.344310889895));
#4870 = CARTESIAN_POINT('',(-25.86933374181,22.363606897762,
    30.87561898254));
#4871 = CARTESIAN_POINT('',(-25.76472326793,20.289619498502,
    33.421182562243));
#4872 = CARTESIAN_POINT('',(-25.49919419953,18.271632796214,
    35.980497463341));
#4873 = CARTESIAN_POINT('',(-25.07850240996,16.324541782499,
    38.552947730484));
#4874 = CARTESIAN_POINT('',(-23.92605519266,12.548158660854,
    43.795469862465));
#4875 = CARTESIAN_POINT('',(-23.18581644137,10.723642426464,
    46.46639312557));
#4876 = CARTESIAN_POINT('',(-22.29789016345,9.004693349126,
    49.149524334754));
#4877 = CARTESIAN_POINT('',(-21.27267179917,7.406005230015,
    51.843991849459));
#4878 = CARTESIAN_POINT('',(-20.12246487733,5.941061038866,
    54.548883839257));
#4879 = CARTESIAN_POINT('',(-18.86139594097,4.621846662456,
    57.26316493383));
#4880 = CARTESIAN_POINT('',(-17.50496265899,3.458420098042,
    59.985484284698));
#4881 = PCURVE('',#769,#4882);
#4882 = DEFINITIONAL_REPRESENTATION('',(#4883),#4904);
#4883 = B_SPLINE_CURVE_WITH_KNOTS('',7,(#4884,#4885,#4886,#4887,#4888,
    #4889,#4890,#4891,#4892,#4893,#4894,#4895,#4896,#4897,#4898,#4899,
    #4900,#4901,#4902,#4903),.UNSPECIFIED.,.F.,.F.,(8,6,6,8),(0.,
    0.402789912559,0.697235872448,1.),.UNSPECIFIED.);
#4884 = CARTESIAN_POINT('',(1.050088461119,8.228360277436E-05));
#4885 = CARTESIAN_POINT('',(1.051779859191,6.133126002723E-02));
#4886 = CARTESIAN_POINT('',(1.053620557442,0.12207719805));
#4887 = CARTESIAN_POINT('',(1.055634763135,0.182303690445));
#4888 = CARTESIAN_POINT('',(1.05785019159,0.242006182034));
#4889 = CARTESIAN_POINT('',(1.060306391122,0.301186560172));
#4890 = CARTESIAN_POINT('',(1.063053306655,0.359850214312));
#4891 = CARTESIAN_POINT('',(1.068442849894,0.460507527157));
#4892 = CARTESIAN_POINT('',(1.070914891635,0.502743488964));
#4893 = CARTESIAN_POINT('',(1.073612842139,0.544708690065));
#4894 = CARTESIAN_POINT('',(1.076573537464,0.586408284254));
#4895 = CARTESIAN_POINT('',(1.079845126875,0.627850076237));
#4896 = CARTESIAN_POINT('',(1.083490902674,0.669043388243));
#4897 = CARTESIAN_POINT('',(1.091833640942,0.752108940367));
#4898 = CARTESIAN_POINT('',(1.096557587676,0.793969804089));
#4899 = CARTESIAN_POINT('',(1.101878130851,0.835589890818));
#4900 = CARTESIAN_POINT('',(1.107929896156,0.876983970466));
#4901 = CARTESIAN_POINT('',(1.11490759014,0.918170278196));
#4902 = CARTESIAN_POINT('',(1.123083384932,0.959168851835));
#4903 = CARTESIAN_POINT('',(1.132964069906,1.));
#4904 = ( GEOMETRIC_REPRESENTATION_CONTEXT(2) 
PARAMETRIC_REPRESENTATION_CONTEXT() REPRESENTATION_CONTEXT('2D SPACE',''
  ) );
#4905 = PCURVE('',#822,#4906);
#4906 = DEFINITIONAL_REPRESENTATION('',(#4907),#4928);
#4907 = B_SPLINE_CURVE_WITH_KNOTS('',7,(#4908,#4909,#4910,#4911,#4912,
    #4913,#4914,#4915,#4916,#4917,#4918,#4919,#4920,#4921,#4922,#4923,
    #4924,#4925,#4926,#4927),.UNSPECIFIED.,.F.,.F.,(8,6,6,8),(0.,
    0.402789912559,0.697235872448,1.),.UNSPECIFIED.);
#4908 = CARTESIAN_POINT('',(-1.815273105702,0.));
#4909 = CARTESIAN_POINT('',(-1.872579236313,-3.239913333627));
#4910 = CARTESIAN_POINT('',(-1.930513350808,-6.511538126474));
#4911 = CARTESIAN_POINT('',(-1.989076788797,-9.814237531256));
#4912 = CARTESIAN_POINT('',(-2.048279989125,-13.14762880679));
#4913 = CARTESIAN_POINT('',(-2.108138478786,-16.51134846741));
#4914 = CARTESIAN_POINT('',(-2.168671857488,-19.90476367093));
#4915 = CARTESIAN_POINT('',(-2.274666938984,-25.82774248391));
#4916 = CARTESIAN_POINT('',(-2.31980589649,-28.34431088989));
#4917 = CARTESIAN_POINT('',(-2.365331855327,-30.87561898253));
#4918 = CARTESIAN_POINT('',(-2.411261631757,-33.42118256224));
#4919 = CARTESIAN_POINT('',(-2.457620466847,-35.98049746333));
#4920 = CARTESIAN_POINT('',(-2.504444320114,-38.55294773048));
#4921 = CARTESIAN_POINT('',(-2.600486972931,-43.79546986246));
#4922 = CARTESIAN_POINT('',(-2.649738068199,-46.46639312556));
#4923 = CARTESIAN_POINT('',(-2.699623896128,-49.14952433476));
#4924 = CARTESIAN_POINT('',(-2.75023406576,-51.84399184945));
#4925 = CARTESIAN_POINT('',(-2.801775314145,-54.54888383926));
#4926 = CARTESIAN_POINT('',(-2.85446579745,-57.26316493383));
#4927 = CARTESIAN_POINT('',(-2.90907180574,-59.98548428469));
#4928 = ( GEOMETRIC_REPRESENTATION_CONTEXT(2) 
PARAMETRIC_REPRESENTATION_CONTEXT() REPRESENTATION_CONTEXT('2D SPACE',''
  ) );
#4929 = ORIENTED_EDGE('',*,*,#749,.T.);
#4930 = ADVANCED_FACE('',(#4931),#1051,.F.);
#4931 = FACE_BOUND('',#4932,.F.);
#4932 = EDGE_LOOP('',(#4933,#4968,#4987,#4988,#4989,#5063));
#4933 = ORIENTED_EDGE('',*,*,#4934,.F.);
#4934 = EDGE_CURVE('',#4935,#4937,#4939,.T.);
#4935 = VERTEX_POINT('',#4936);
#4936 = CARTESIAN_POINT('',(-60.05628956231,-26.41491237736,
    7.558065382861));
#4937 = VERTEX_POINT('',#4938);
#4938 = CARTESIAN_POINT('',(-5.341300542654,-19.19014486363,
    62.51935512762));
#4939 = SURFACE_CURVE('',#4940,(#4954,#4961),.PCURVE_S1.);
#4940 = ( BOUNDED_CURVE() B_SPLINE_CURVE(7,(#4941,#4942,#4943,#4944,
    #4945,#4946,#4947,#4948,#4949,#4950,#4951,#4952,#4953),
.UNSPECIFIED.,.F.,.F.) B_SPLINE_CURVE_WITH_KNOTS((8,5,8),(0.,
0.52965543135,1.),.UNSPECIFIED.) CURVE() GEOMETRIC_REPRESENTATION_ITEM()
 RATIONAL_B_SPLINE_CURVE((1.,1.,1.,1.,1.,1.,1.,1.,1.,1.,1.,1.,1.)) 
REPRESENTATION_ITEM('') );
#4941 = CARTESIAN_POINT('',(-60.05628956231,-26.41491237736,
    7.558065382861));
#4942 = CARTESIAN_POINT('',(-55.58818381294,-29.14467398243,
    11.224539269075));
#4943 = CARTESIAN_POINT('',(-50.90115884985,-31.35724816298,
    14.972569487364));
#4944 = CARTESIAN_POINT('',(-46.05893666733,-33.0071867951,
    18.80552625476));
#4945 = CARTESIAN_POINT('',(-41.13917979329,-34.05598107111,
    22.726485637263));
#4946 = CARTESIAN_POINT('',(-36.23425134002,-34.47625264371,
    26.73793096809));
#4947 = CARTESIAN_POINT('',(-27.20423852151,-34.06805686251,
    34.484786889817));
#4948 = CARTESIAN_POINT('',(-19.0148172777,-31.46128028122,
    42.554838512827));
#4949 = CARTESIAN_POINT('',(-15.4285646841,-29.76258740347,
    46.421309378502));
#4950 = CARTESIAN_POINT('',(-12.19139461444,-27.62220844369,
    50.356390900401));
#4951 = CARTESIAN_POINT('',(-9.386475632637,-25.09234931923,
    54.355998006193));
#4952 = CARTESIAN_POINT('',(-7.086223713456,-22.25010815462,
    58.413376321633));
#4953 = CARTESIAN_POINT('',(-5.341300542654,-19.19014486363,
    62.51935512762));
#4954 = PCURVE('',#1051,#4955);
#4955 = DEFINITIONAL_REPRESENTATION('',(#4956),#4960);
#4956 = LINE('',#4957,#4958);
#4957 = CARTESIAN_POINT('',(3.,0.));
#4958 = VECTOR('',#4959,1.);
#4959 = DIRECTION('',(0.,1.));
#4960 = ( GEOMETRIC_REPRESENTATION_CONTEXT(2) 
PARAMETRIC_REPRESENTATION_CONTEXT() REPRESENTATION_CONTEXT('2D SPACE',''
  ) );
#4961 = PCURVE('',#4610,#4962);
#4962 = DEFINITIONAL_REPRESENTATION('',(#4963),#4967);
#4963 = LINE('',#4964,#4965);
#4964 = CARTESIAN_POINT('',(3.,0.));
#4965 = VECTOR('',#4966,1.);
#4966 = DIRECTION('',(0.,1.));
#4967 = ( GEOMETRIC_REPRESENTATION_CONTEXT(2) 
PARAMETRIC_REPRESENTATION_CONTEXT() REPRESENTATION_CONTEXT('2D SPACE',''
  ) );
#4968 = ORIENTED_EDGE('',*,*,#4969,.T.);
#4969 = EDGE_CURVE('',#4935,#4726,#4970,.T.);
#4970 = SURFACE_CURVE('',#4971,(#4974,#4981),.PCURVE_S1.);
#4971 = B_SPLINE_CURVE_WITH_KNOTS('',1,(#4972,#4973),.UNSPECIFIED.,.F.,
  .F.,(2,2),(3.,4.),.PIECEWISE_BEZIER_KNOTS.);
#4972 = CARTESIAN_POINT('',(-60.05628956231,-26.41491237736,
    7.558065382861));
#4973 = CARTESIAN_POINT('',(-47.76013076663,-20.49339439254,
    -0.403096820419));
#4974 = PCURVE('',#1051,#4975);
#4975 = DEFINITIONAL_REPRESENTATION('',(#4976),#4980);
#4976 = LINE('',#4977,#4978);
#4977 = CARTESIAN_POINT('',(0.,0.));
#4978 = VECTOR('',#4979,1.);
#4979 = DIRECTION('',(1.,0.));
#4980 = ( GEOMETRIC_REPRESENTATION_CONTEXT(2) 
PARAMETRIC_REPRESENTATION_CONTEXT() REPRESENTATION_CONTEXT('2D SPACE',''
  ) );
#4981 = PCURVE('',#4573,#4982);
#4982 = DEFINITIONAL_REPRESENTATION('',(#4983),#4986);
#4983 = B_SPLINE_CURVE_WITH_KNOTS('',1,(#4984,#4985),.UNSPECIFIED.,.F.,
  .F.,(2,2),(3.,4.),.PIECEWISE_BEZIER_KNOTS.);
#4984 = CARTESIAN_POINT('',(15.674918868462,-1.984166945375));
#4985 = CARTESIAN_POINT('',(0.,0.));
#4986 = ( GEOMETRIC_REPRESENTATION_CONTEXT(2) 
PARAMETRIC_REPRESENTATION_CONTEXT() REPRESENTATION_CONTEXT('2D SPACE',''
  ) );
#4987 = ORIENTED_EDGE('',*,*,#4725,.T.);
#4988 = ORIENTED_EDGE('',*,*,#1031,.F.);
#4989 = ORIENTED_EDGE('',*,*,#4990,.T.);
#4990 = EDGE_CURVE('',#1003,#4991,#4993,.T.);
#4991 = VERTEX_POINT('',#4992);
#4992 = CARTESIAN_POINT('',(-5.016689562264,-14.8585123617,
    59.985484284698));
#4993 = SURFACE_CURVE('',#4994,(#5015,#5039),.PCURVE_S1.);
#4994 = B_SPLINE_CURVE_WITH_KNOTS('',7,(#4995,#4996,#4997,#4998,#4999,
    #5000,#5001,#5002,#5003,#5004,#5005,#5006,#5007,#5008,#5009,#5010,
    #5011,#5012,#5013,#5014),.UNSPECIFIED.,.F.,.F.,(8,6,6,8),(0.,
    0.393091082694,0.69226429578,1.),.UNSPECIFIED.);
#4995 = CARTESIAN_POINT('',(-48.3721310316,-20.79233336802,
    -2.215618857458E-15));
#4996 = CARTESIAN_POINT('',(-45.56487967367,-22.49988500862,
    3.159312435849));
#4997 = CARTESIAN_POINT('',(-42.67211383757,-23.93647535563,
    6.349107736914));
#4998 = CARTESIAN_POINT('',(-39.7227319668,-25.09126068699,
    9.568838941586));
#4999 = CARTESIAN_POINT('',(-36.74777501559,-25.95739746195,
    12.818168664064));
#5000 = CARTESIAN_POINT('',(-33.77994156566,-26.5322715286,
    16.096767024902));
#5001 = CARTESIAN_POINT('',(-30.85311621233,-26.81811041629,
    19.404055826595));
#5002 = CARTESIAN_POINT('',(-25.8309760522,-26.82609880912,
    25.276721575576));
#5003 = CARTESIAN_POINT('',(-23.70392894506,-26.66660983897,
    27.830728568412));
#5004 = CARTESIAN_POINT('',(-21.63525186266,-26.34754922333,
    30.400233300204));
#5005 = CARTESIAN_POINT('',(-19.6397828183,-25.87414153006,
    32.984737693479));
#5006 = CARTESIAN_POINT('',(-17.73197080581,-25.25343678752,
    35.583718743618));
#5007 = CARTESIAN_POINT('',(-15.92558438914,-24.49436189395,
    38.196535361485));
#5008 = CARTESIAN_POINT('',(-12.49272757228,-22.69558664079,
    43.523240740416));
#5009 = CARTESIAN_POINT('',(-10.87278659757,-21.64842514973,
    46.238035835906));
#5010 = CARTESIAN_POINT('',(-9.387471676179,-20.4778596014,
    48.965706966623));
#5011 = CARTESIAN_POINT('',(-8.049332130917,-19.19753222449,
    51.705335451817));
#5012 = CARTESIAN_POINT('',(-6.86925148955,-17.82278550602,
    54.455959353785));
#5013 = CARTESIAN_POINT('',(-5.856159024316,-16.37049956909,
    57.216482112242));
#5014 = CARTESIAN_POINT('',(-5.016689562264,-14.8585123617,
    59.985484284698));
#5015 = PCURVE('',#1051,#5016);
#5016 = DEFINITIONAL_REPRESENTATION('',(#5017),#5038);
#5017 = B_SPLINE_CURVE_WITH_KNOTS('',7,(#5018,#5019,#5020,#5021,#5022,
    #5023,#5024,#5025,#5026,#5027,#5028,#5029,#5030,#5031,#5032,#5033,
    #5034,#5035,#5036,#5037),.UNSPECIFIED.,.F.,.F.,(8,6,6,8),(0.,
    0.393091082694,0.69226429578,1.),.UNSPECIFIED.);
#5018 = CARTESIAN_POINT('',(3.949911538886,8.228360340539E-05));
#5019 = CARTESIAN_POINT('',(3.948262221567,5.980753994658E-02));
#5020 = CARTESIAN_POINT('',(3.946470754539,0.119060704187));
#5021 = CARTESIAN_POINT('',(3.944514661042,0.177826995926));
#5022 = CARTESIAN_POINT('',(3.942368187721,0.236101897769));
#5023 = CARTESIAN_POINT('',(3.939995120194,0.293886559617));
#5024 = CARTESIAN_POINT('',(3.937349707961,0.351185186654));
#5025 = CARTESIAN_POINT('',(3.932091047745,0.451239659601));
#5026 = CARTESIAN_POINT('',(3.929621006289,0.494202063657));
#5027 = CARTESIAN_POINT('',(3.926923272642,0.536887727977));
#5028 = CARTESIAN_POINT('',(3.923960095254,0.579301655815));
#5029 = CARTESIAN_POINT('',(3.920682726788,0.621451667709));
#5030 = CARTESIAN_POINT('',(3.917026243866,0.663347168011));
#5031 = CARTESIAN_POINT('',(3.908645273496,0.747840376113));
#5032 = CARTESIAN_POINT('',(3.903893011248,0.790426299078));
#5033 = CARTESIAN_POINT('',(3.898532972411,0.832765239186));
#5034 = CARTESIAN_POINT('',(3.892426649672,0.874872368587));
#5035 = CARTESIAN_POINT('',(3.885371657813,0.916766570432));
#5036 = CARTESIAN_POINT('',(3.87708608048,0.95846867328));
#5037 = CARTESIAN_POINT('',(3.867035930094,1.));
#5038 = ( GEOMETRIC_REPRESENTATION_CONTEXT(2) 
PARAMETRIC_REPRESENTATION_CONTEXT() REPRESENTATION_CONTEXT('2D SPACE',''
  ) );
#5039 = PCURVE('',#1019,#5040);
#5040 = DEFINITIONAL_REPRESENTATION('',(#5041),#5062);
#5041 = B_SPLINE_CURVE_WITH_KNOTS('',7,(#5042,#5043,#5044,#5045,#5046,
    #5047,#5048,#5049,#5050,#5051,#5052,#5053,#5054,#5055,#5056,#5057,
    #5058,#5059,#5060,#5061),.UNSPECIFIED.,.F.,.F.,(8,6,6,8),(0.,
    0.393091082694,0.69226429578,1.),.UNSPECIFIED.);
#5042 = CARTESIAN_POINT('',(-3.570466240607,3.103731140601E-15));
#5043 = CARTESIAN_POINT('',(-3.624872098741,-3.159312435849));
#5044 = CARTESIAN_POINT('',(-3.679739843336,-6.349107736913));
#5045 = CARTESIAN_POINT('',(-3.735047650736,-9.568838941586));
#5046 = CARTESIAN_POINT('',(-3.790775086693,-12.81816866406));
#5047 = CARTESIAN_POINT('',(-3.846895402687,-16.0967670249));
#5048 = CARTESIAN_POINT('',(-3.903371348492,-19.40405582659));
#5049 = CARTESIAN_POINT('',(-4.003338925262,-25.27672157557));
#5050 = CARTESIAN_POINT('',(-4.046711747886,-27.83072856841));
#5051 = CARTESIAN_POINT('',(-4.090225604514,-30.40023330019));
#5052 = CARTESIAN_POINT('',(-4.133847061749,-32.98473769349));
#5053 = CARTESIAN_POINT('',(-4.177531885177,-35.58371874361));
#5054 = CARTESIAN_POINT('',(-4.221222528586,-38.19653536148));
#5055 = CARTESIAN_POINT('',(-4.309673897236,-43.52324074041));
#5056 = CARTESIAN_POINT('',(-4.354432761364,-46.2380358359));
#5057 = CARTESIAN_POINT('',(-4.39899177756,-48.96570696661));
#5058 = CARTESIAN_POINT('',(-4.443228689097,-51.70533545182));
#5059 = CARTESIAN_POINT('',(-4.486898774406,-54.45595935378));
#5060 = CARTESIAN_POINT('',(-4.529741837853,-57.21648211224));
#5061 = CARTESIAN_POINT('',(-4.570910702808,-59.98548428469));
#5062 = ( GEOMETRIC_REPRESENTATION_CONTEXT(2) 
PARAMETRIC_REPRESENTATION_CONTEXT() REPRESENTATION_CONTEXT('2D SPACE',''
  ) );
#5063 = ORIENTED_EDGE('',*,*,#5064,.F.);
#5064 = EDGE_CURVE('',#4937,#4991,#5065,.T.);
#5065 = SURFACE_CURVE('',#5066,(#5069,#5076),.PCURVE_S1.);
#5066 = B_SPLINE_CURVE_WITH_KNOTS('',1,(#5067,#5068),.UNSPECIFIED.,.F.,
  .F.,(2,2),(3.,4.),.PIECEWISE_BEZIER_KNOTS.);
#5067 = CARTESIAN_POINT('',(-5.341300542654,-19.19014486363,
    62.51935512762));
#5068 = CARTESIAN_POINT('',(-4.966908929661,-14.19423598421,
    59.596903179581));
#5069 = PCURVE('',#1051,#5070);
#5070 = DEFINITIONAL_REPRESENTATION('',(#5071),#5075);
#5071 = LINE('',#5072,#5073);
#5072 = CARTESIAN_POINT('',(0.,1.));
#5073 = VECTOR('',#5074,1.);
#5074 = DIRECTION('',(1.,0.));
#5075 = ( GEOMETRIC_REPRESENTATION_CONTEXT(2) 
PARAMETRIC_REPRESENTATION_CONTEXT() REPRESENTATION_CONTEXT('2D SPACE',''
  ) );
#5076 = PCURVE('',#4293,#5077);
#5077 = DEFINITIONAL_REPRESENTATION('',(#5078),#5081);
#5078 = B_SPLINE_CURVE_WITH_KNOTS('',1,(#5079,#5080),.UNSPECIFIED.,.F.,
  .F.,(2,2),(3.,4.),.PIECEWISE_BEZIER_KNOTS.);
#5079 = CARTESIAN_POINT('',(5.483163293432,-1.890745963253));
#5080 = CARTESIAN_POINT('',(0.,0.));
#5081 = ( GEOMETRIC_REPRESENTATION_CONTEXT(2) 
PARAMETRIC_REPRESENTATION_CONTEXT() REPRESENTATION_CONTEXT('2D SPACE',''
  ) );
#5082 = ADVANCED_FACE('',(#5083),#822,.T.);
#5083 = FACE_BOUND('',#5084,.T.);
#5084 = EDGE_LOOP('',(#5085,#5119,#5145,#5170,#5171,#5172));
#5085 = ORIENTED_EDGE('',*,*,#5086,.T.);
#5086 = EDGE_CURVE('',#5087,#5089,#5091,.T.);
#5087 = VERTEX_POINT('',#5088);
#5088 = CARTESIAN_POINT('',(-15.83673542942,-7.609544393347,
    59.985484284698));
#5089 = VERTEX_POINT('',#5090);
#5090 = CARTESIAN_POINT('',(-15.2939755659,-8.449800870954,60.));
#5091 = SURFACE_CURVE('',#5092,(#5097,#5107),.PCURVE_S1.);
#5092 = ELLIPSE('',#5093,26.322525453694,21.380020186097);
#5093 = AXIS2_PLACEMENT_3D('',#5094,#5095,#5096);
#5094 = CARTESIAN_POINT('',(3.492084986963,4.358318343966,
    46.736842105263));
#5095 = DIRECTION('',(0.416317778542,0.283840655355,0.863778900898));
#5096 = DIRECTION('',(0.713687620358,0.486583980608,-0.503871025524));
#5097 = PCURVE('',#822,#5098);
#5098 = DEFINITIONAL_REPRESENTATION('',(#5099),#5106);
#5099 = B_SPLINE_CURVE_WITH_KNOTS('',5,(#5100,#5101,#5102,#5103,#5104,
    #5105),.UNSPECIFIED.,.F.,.F.,(6,6),(2.990021417568,3.14159265359),
  .PIECEWISE_BEZIER_KNOTS.);
#5100 = CARTESIAN_POINT('',(-3.524376185538,-59.84793862322));
#5101 = CARTESIAN_POINT('',(-3.567330125312,-59.90864668153));
#5102 = CARTESIAN_POINT('',(-3.610410079772,-59.9542941333));
#5103 = CARTESIAN_POINT('',(-3.65357535793,-59.98476472178));
#5104 = CARTESIAN_POINT('',(-3.696783306463,-60.));
#5105 = CARTESIAN_POINT('',(-3.739991254274,-60.));
#5106 = ( GEOMETRIC_REPRESENTATION_CONTEXT(2) 
PARAMETRIC_REPRESENTATION_CONTEXT() REPRESENTATION_CONTEXT('2D SPACE',''
  ) );
#5107 = PCURVE('',#5108,#5113);
#5108 = PLANE('',#5109);
#5109 = AXIS2_PLACEMENT_3D('',#5110,#5111,#5112);
#5110 = CARTESIAN_POINT('',(-15.28634552768,-7.234294912152,
    59.596903179581));
#5111 = DIRECTION('',(0.416317778542,0.283840655355,0.863778900898));
#5112 = DIRECTION('',(-0.491063902952,-0.729349491183,0.476346053755));
#5113 = DEFINITIONAL_REPRESENTATION('',(#5114),#5118);
#5114 = ELLIPSE('',#5115,26.322525453694,21.380020186097);
#5115 = AXIS2_PLACEMENT_2D('',#5116,#5117);
#5116 = CARTESIAN_POINT('',(-23.80231530347,9.265478494313));
#5117 = DIRECTION('',(-0.945372981626,0.325990683319));
#5118 = ( GEOMETRIC_REPRESENTATION_CONTEXT(2) 
PARAMETRIC_REPRESENTATION_CONTEXT() REPRESENTATION_CONTEXT('2D SPACE',''
  ) );
#5119 = ORIENTED_EDGE('',*,*,#5120,.T.);
#5120 = EDGE_CURVE('',#5089,#4063,#5121,.T.);
#5121 = SURFACE_CURVE('',#5122,(#5127,#5134),.PCURVE_S1.);
#5122 = CIRCLE('',#5123,15.);
#5123 = AXIS2_PLACEMENT_3D('',#5124,#5125,#5126);
#5124 = CARTESIAN_POINT('',(-2.900393951166,3.552713678801E-15,60.));
#5125 = DIRECTION('',(0.,0.,-1.));
#5126 = DIRECTION('',(0.5,0.866025403784,0.));
#5127 = PCURVE('',#822,#5128);
#5128 = DEFINITIONAL_REPRESENTATION('',(#5129),#5133);
#5129 = LINE('',#5130,#5131);
#5130 = CARTESIAN_POINT('',(-7.330382858376,-60.));
#5131 = VECTOR('',#5132,1.);
#5132 = DIRECTION('',(1.,-0.));
#5133 = ( GEOMETRIC_REPRESENTATION_CONTEXT(2) 
PARAMETRIC_REPRESENTATION_CONTEXT() REPRESENTATION_CONTEXT('2D SPACE',''
  ) );
#5134 = PCURVE('',#2263,#5135);
#5135 = DEFINITIONAL_REPRESENTATION('',(#5136),#5144);
#5136 = ( BOUNDED_CURVE() B_SPLINE_CURVE(2,(#5137,#5138,#5139,#5140,
#5141,#5142,#5143),.UNSPECIFIED.,.T.,.F.) B_SPLINE_CURVE_WITH_KNOTS((1,2
    ,2,2,2,1),(-2.094395102393,0.,2.094395102393,4.188790204786,
6.28318530718,8.377580409573),.UNSPECIFIED.) CURVE() 
GEOMETRIC_REPRESENTATION_ITEM() RATIONAL_B_SPLINE_CURVE((1.,0.5,1.,0.5,
1.,0.5,1.)) REPRESENTATION_ITEM('') );
#5137 = CARTESIAN_POINT('',(7.5,12.990381056767));
#5138 = CARTESIAN_POINT('',(30.,9.087886716558E-15));
#5139 = CARTESIAN_POINT('',(7.5,-12.99038105676));
#5140 = CARTESIAN_POINT('',(-15.,-25.98076211353));
#5141 = CARTESIAN_POINT('',(-15.,-1.069742395471E-14));
#5142 = CARTESIAN_POINT('',(-15.,25.980762113533));
#5143 = CARTESIAN_POINT('',(7.5,12.990381056767));
#5144 = ( GEOMETRIC_REPRESENTATION_CONTEXT(2) 
PARAMETRIC_REPRESENTATION_CONTEXT() REPRESENTATION_CONTEXT('2D SPACE',''
  ) );
#5145 = ORIENTED_EDGE('',*,*,#5146,.T.);
#5146 = EDGE_CURVE('',#4063,#4838,#5147,.T.);
#5147 = SURFACE_CURVE('',#5148,(#5153,#5163),.PCURVE_S1.);
#5148 = ELLIPSE('',#5149,26.322525453694,21.380020186097);
#5149 = AXIS2_PLACEMENT_3D('',#5150,#5151,#5152);
#5150 = CARTESIAN_POINT('',(4.492721967285,-2.280474244126,
    46.736842105263));
#5151 = DIRECTION('',(0.481485449614,-0.148518592009,0.863778900898));
#5152 = DIRECTION('',(0.82540362791,-0.254603300587,-0.503871025524));
#5153 = PCURVE('',#822,#5154);
#5154 = DEFINITIONAL_REPRESENTATION('',(#5155),#5162);
#5155 = B_SPLINE_CURVE_WITH_KNOTS('',5,(#5156,#5157,#5158,#5159,#5160,
    #5161),.UNSPECIFIED.,.F.,.F.,(6,6),(3.141592653629,3.218789428938),
  .PIECEWISE_BEZIER_KNOTS.);
#5156 = CARTESIAN_POINT('',(-2.842393353304,-60.));
#5157 = CARTESIAN_POINT('',(-2.864399601496,-59.99999999999));
#5158 = CARTESIAN_POINT('',(-2.886405849694,-59.99604801529));
#5159 = CARTESIAN_POINT('',(-2.908406461021,-59.98814404535));
#5160 = CARTESIAN_POINT('',(-2.930395798758,-59.97629201731));
#5161 = CARTESIAN_POINT('',(-2.952368294562,-59.96049977435));
#5162 = ( GEOMETRIC_REPRESENTATION_CONTEXT(2) 
PARAMETRIC_REPRESENTATION_CONTEXT() REPRESENTATION_CONTEXT('2D SPACE',''
  ) );
#5163 = PCURVE('',#4205,#5164);
#5164 = DEFINITIONAL_REPRESENTATION('',(#5165),#5169);
#5165 = ELLIPSE('',#5166,26.322525453694,21.380020186097);
#5166 = AXIS2_PLACEMENT_2D('',#5167,#5168);
#5167 = CARTESIAN_POINT('',(-23.80231530347,9.265478494313));
#5168 = DIRECTION('',(-0.945372981626,0.325990683319));
#5169 = ( GEOMETRIC_REPRESENTATION_CONTEXT(2) 
PARAMETRIC_REPRESENTATION_CONTEXT() REPRESENTATION_CONTEXT('2D SPACE',''
  ) );
#5170 = ORIENTED_EDGE('',*,*,#4858,.F.);
#5171 = ORIENTED_EDGE('',*,*,#805,.T.);
#5172 = ORIENTED_EDGE('',*,*,#5173,.T.);
#5173 = EDGE_CURVE('',#806,#5087,#5174,.T.);
#5174 = SURFACE_CURVE('',#5175,(#5196,#5220),.PCURVE_S1.);
#5175 = B_SPLINE_CURVE_WITH_KNOTS('',7,(#5176,#5177,#5178,#5179,#5180,
    #5181,#5182,#5183,#5184,#5185,#5186,#5187,#5188,#5189,#5190,#5191,
    #5192,#5193,#5194,#5195),.UNSPECIFIED.,.F.,.F.,(8,6,6,8),(0.,
    0.393091082694,0.69226429578,1.),.UNSPECIFIED.);
#5176 = CARTESIAN_POINT('',(-47.50765911471,22.587427800185,
    -3.983270807712E-15));
#5177 = CARTESIAN_POINT('',(-47.09238415235,19.32798927529,
    3.159312435848));
#5178 = CARTESIAN_POINT('',(-46.41194571507,16.170634442409,
    6.349107736916));
#5179 = CARTESIAN_POINT('',(-45.47588372442,13.144717964586,
    9.568838941579));
#5180 = CARTESIAN_POINT('',(-44.29820140315,10.278775514942,
    12.818168664073));
#5181 = CARTESIAN_POINT('',(-42.89724215727,7.600001771163,
    16.096767024896));
#5182 = CARTESIAN_POINT('',(-41.29587423895,5.13349993478,
    19.404055826597));
#5183 = CARTESIAN_POINT('',(-38.17086664261,1.202051966769,
    25.276721575574));
#5184 = CARTESIAN_POINT('',(-36.71998096526,-0.361500679892,
    27.83072856842));
#5185 = CARTESIAN_POINT('',(-35.18073026694,-1.779926509937,
    30.400233300187));
#5186 = CARTESIAN_POINT('',(-33.5664506292,-3.044882162248,
    32.984737693497));
#5187 = CARTESIAN_POINT('',(-31.89166278653,-4.14946657929,
    35.583718743606));
#5188 = CARTESIAN_POINT('',(-30.17193062816,-5.088480894367,
    38.196535361488));
#5189 = CARTESIAN_POINT('',(-26.62524028881,-6.650878402409,
    43.523240740412));
#5190 = CARTESIAN_POINT('',(-24.79651979052,-7.264504745609,
    46.23803583592));
#5191 = CARTESIAN_POINT('',(-22.95525608652,-7.695935030736,
    48.965706966604));
#5192 = CARTESIAN_POINT('',(-21.11993947544,-7.943863592621,
    51.705335451828));
#5193 = CARTESIAN_POINT('',(-19.30935096526,-8.009347230785,
    54.455959353785));
#5194 = CARTESIAN_POINT('',(-17.54225527781,-7.895929343697,
    57.216482112241));
#5195 = CARTESIAN_POINT('',(-15.83673542942,-7.609544393347,
    59.985484284698));
#5196 = PCURVE('',#822,#5197);
#5197 = DEFINITIONAL_REPRESENTATION('',(#5198),#5219);
#5198 = B_SPLINE_CURVE_WITH_KNOTS('',7,(#5199,#5200,#5201,#5202,#5203,
    #5204,#5205,#5206,#5207,#5208,#5209,#5210,#5211,#5212,#5213,#5214,
    #5215,#5216,#5217,#5218),.UNSPECIFIED.,.F.,.F.,(8,6,6,8),(0.,
    0.393091082694,0.69226429578,1.),.UNSPECIFIED.);
#5199 = CARTESIAN_POINT('',(-2.672868339582,3.103731140601E-15));
#5200 = CARTESIAN_POINT('',(-2.727274197716,-3.159312435848));
#5201 = CARTESIAN_POINT('',(-2.782141942311,-6.349107736915));
#5202 = CARTESIAN_POINT('',(-2.837449749711,-9.568838941581));
#5203 = CARTESIAN_POINT('',(-2.893177185667,-12.81816866407));
#5204 = CARTESIAN_POINT('',(-2.949297501661,-16.09676702489));
#5205 = CARTESIAN_POINT('',(-3.005773447466,-19.40405582659));
#5206 = CARTESIAN_POINT('',(-3.105741024236,-25.27672157557));
#5207 = CARTESIAN_POINT('',(-3.149113846861,-27.83072856842));
#5208 = CARTESIAN_POINT('',(-3.192627703488,-30.40023330018));
#5209 = CARTESIAN_POINT('',(-3.236249160723,-32.9847376935));
#5210 = CARTESIAN_POINT('',(-3.279933984152,-35.5837187436));
#5211 = CARTESIAN_POINT('',(-3.32362462756,-38.19653536148));
#5212 = CARTESIAN_POINT('',(-3.412075996211,-43.52324074041));
#5213 = CARTESIAN_POINT('',(-3.456834860339,-46.23803583592));
#5214 = CARTESIAN_POINT('',(-3.501393876534,-48.9657069666));
#5215 = CARTESIAN_POINT('',(-3.545630788072,-51.70533545182));
#5216 = CARTESIAN_POINT('',(-3.58930087338,-54.45595935378));
#5217 = CARTESIAN_POINT('',(-3.632143936828,-57.21648211224));
#5218 = CARTESIAN_POINT('',(-3.673312801782,-59.98548428469));
#5219 = ( GEOMETRIC_REPRESENTATION_CONTEXT(2) 
PARAMETRIC_REPRESENTATION_CONTEXT() REPRESENTATION_CONTEXT('2D SPACE',''
  ) );
#5220 = PCURVE('',#854,#5221);
#5221 = DEFINITIONAL_REPRESENTATION('',(#5222),#5243);
#5222 = B_SPLINE_CURVE_WITH_KNOTS('',7,(#5223,#5224,#5225,#5226,#5227,
    #5228,#5229,#5230,#5231,#5232,#5233,#5234,#5235,#5236,#5237,#5238,
    #5239,#5240,#5241,#5242),.UNSPECIFIED.,.F.,.F.,(8,6,6,8),(0.,
    0.393091082694,0.69226429578,1.),.UNSPECIFIED.);
#5223 = CARTESIAN_POINT('',(3.949911538886,8.22836034054E-05));
#5224 = CARTESIAN_POINT('',(3.948262221567,5.980753994658E-02));
#5225 = CARTESIAN_POINT('',(3.946470754539,0.119060704187));
#5226 = CARTESIAN_POINT('',(3.944514661042,0.177826995925));
#5227 = CARTESIAN_POINT('',(3.942368187721,0.236101897769));
#5228 = CARTESIAN_POINT('',(3.939995120194,0.293886559617));
#5229 = CARTESIAN_POINT('',(3.937349707961,0.351185186654));
#5230 = CARTESIAN_POINT('',(3.932091047745,0.451239659601));
#5231 = CARTESIAN_POINT('',(3.929621006289,0.494202063657));
#5232 = CARTESIAN_POINT('',(3.926923272642,0.536887727977));
#5233 = CARTESIAN_POINT('',(3.923960095254,0.579301655815));
#5234 = CARTESIAN_POINT('',(3.920682726788,0.621451667709));
#5235 = CARTESIAN_POINT('',(3.917026243866,0.663347168011));
#5236 = CARTESIAN_POINT('',(3.908645273496,0.747840376113));
#5237 = CARTESIAN_POINT('',(3.903893011248,0.790426299078));
#5238 = CARTESIAN_POINT('',(3.898532972411,0.832765239185));
#5239 = CARTESIAN_POINT('',(3.892426649672,0.874872368588));
#5240 = CARTESIAN_POINT('',(3.885371657813,0.916766570432));
#5241 = CARTESIAN_POINT('',(3.87708608048,0.95846867328));
#5242 = CARTESIAN_POINT('',(3.867035930094,1.));
#5243 = ( GEOMETRIC_REPRESENTATION_CONTEXT(2) 
PARAMETRIC_REPRESENTATION_CONTEXT() REPRESENTATION_CONTEXT('2D SPACE',''
  ) );
#5244 = ADVANCED_FACE('',(#5245),#1019,.T.);
#5245 = FACE_BOUND('',#5246,.T.);
#5246 = EDGE_LOOP('',(#5247,#5272,#5298,#5325,#5397,#5398));
#5247 = ORIENTED_EDGE('',*,*,#5248,.T.);
#5248 = EDGE_CURVE('',#4991,#4246,#5249,.T.);
#5249 = SURFACE_CURVE('',#5250,(#5255,#5265),.PCURVE_S1.);
#5250 = ELLIPSE('',#5251,26.322525453694,21.380020186097);
#5251 = AXIS2_PLACEMENT_3D('',#5252,#5253,#5254);
#5252 = CARTESIAN_POINT('',(-2.322219016576,7.71520832556,
    46.736842105263));
#5253 = DIRECTION('',(3.76543288929E-02,0.502462099942,0.863778900898));
#5254 = DIRECTION('',(6.455027810212E-02,0.861363599901,-0.503871025524)
  );
#5255 = PCURVE('',#1019,#5256);
#5256 = DEFINITIONAL_REPRESENTATION('',(#5257),#5264);
#5257 = B_SPLINE_CURVE_WITH_KNOTS('',5,(#5258,#5259,#5260,#5261,#5262,
    #5263),.UNSPECIFIED.,.F.,.F.,(6,6),(2.990021417568,3.14159265359),
  .PIECEWISE_BEZIER_KNOTS.);
#5258 = CARTESIAN_POINT('',(-4.421974086564,-59.84793862322));
#5259 = CARTESIAN_POINT('',(-4.464928026338,-59.90864668153));
#5260 = CARTESIAN_POINT('',(-4.508007980798,-59.9542941333));
#5261 = CARTESIAN_POINT('',(-4.551173258956,-59.98476472178));
#5262 = CARTESIAN_POINT('',(-4.594381207489,-60.));
#5263 = CARTESIAN_POINT('',(-4.637589155299,-60.));
#5264 = ( GEOMETRIC_REPRESENTATION_CONTEXT(2) 
PARAMETRIC_REPRESENTATION_CONTEXT() REPRESENTATION_CONTEXT('2D SPACE',''
  ) );
#5265 = PCURVE('',#4293,#5266);
#5266 = DEFINITIONAL_REPRESENTATION('',(#5267),#5271);
#5267 = ELLIPSE('',#5268,26.322525453694,21.380020186097);
#5268 = AXIS2_PLACEMENT_2D('',#5269,#5270);
#5269 = CARTESIAN_POINT('',(-23.80231530347,9.265478494313));
#5270 = DIRECTION('',(-0.945372981626,0.325990683319));
#5271 = ( GEOMETRIC_REPRESENTATION_CONTEXT(2) 
PARAMETRIC_REPRESENTATION_CONTEXT() REPRESENTATION_CONTEXT('2D SPACE',''
  ) );
#5272 = ORIENTED_EDGE('',*,*,#5273,.T.);
#5273 = EDGE_CURVE('',#4246,#5089,#5274,.T.);
#5274 = SURFACE_CURVE('',#5275,(#5280,#5287),.PCURVE_S1.);
#5275 = CIRCLE('',#5276,15.);
#5276 = AXIS2_PLACEMENT_3D('',#5277,#5278,#5279);
#5277 = CARTESIAN_POINT('',(-2.900393951166,3.552713678801E-15,60.));
#5278 = DIRECTION('',(0.,0.,-1.));
#5279 = DIRECTION('',(0.5,0.866025403784,0.));
#5280 = PCURVE('',#1019,#5281);
#5281 = DEFINITIONAL_REPRESENTATION('',(#5282),#5286);
#5282 = LINE('',#5283,#5284);
#5283 = CARTESIAN_POINT('',(-7.330382858376,-60.));
#5284 = VECTOR('',#5285,1.);
#5285 = DIRECTION('',(1.,-0.));
#5286 = ( GEOMETRIC_REPRESENTATION_CONTEXT(2) 
PARAMETRIC_REPRESENTATION_CONTEXT() REPRESENTATION_CONTEXT('2D SPACE',''
  ) );
#5287 = PCURVE('',#2263,#5288);
#5288 = DEFINITIONAL_REPRESENTATION('',(#5289),#5297);
#5289 = ( BOUNDED_CURVE() B_SPLINE_CURVE(2,(#5290,#5291,#5292,#5293,
#5294,#5295,#5296),.UNSPECIFIED.,.T.,.F.) B_SPLINE_CURVE_WITH_KNOTS((1,2
    ,2,2,2,1),(-2.094395102393,0.,2.094395102393,4.188790204786,
6.28318530718,8.377580409573),.UNSPECIFIED.) CURVE() 
GEOMETRIC_REPRESENTATION_ITEM() RATIONAL_B_SPLINE_CURVE((1.,0.5,1.,0.5,
1.,0.5,1.)) REPRESENTATION_ITEM('') );
#5290 = CARTESIAN_POINT('',(7.5,12.990381056767));
#5291 = CARTESIAN_POINT('',(30.,9.087886716558E-15));
#5292 = CARTESIAN_POINT('',(7.5,-12.99038105676));
#5293 = CARTESIAN_POINT('',(-15.,-25.98076211353));
#5294 = CARTESIAN_POINT('',(-15.,-1.069742395471E-14));
#5295 = CARTESIAN_POINT('',(-15.,25.980762113533));
#5296 = CARTESIAN_POINT('',(7.5,12.990381056767));
#5297 = ( GEOMETRIC_REPRESENTATION_CONTEXT(2) 
PARAMETRIC_REPRESENTATION_CONTEXT() REPRESENTATION_CONTEXT('2D SPACE',''
  ) );
#5298 = ORIENTED_EDGE('',*,*,#5299,.T.);
#5299 = EDGE_CURVE('',#5089,#5300,#5302,.T.);
#5300 = VERTEX_POINT('',#5301);
#5301 = CARTESIAN_POINT('',(-14.71009531329,-9.262021941979,
    59.985484284698));
#5302 = SURFACE_CURVE('',#5303,(#5308,#5318),.PCURVE_S1.);
#5303 = ELLIPSE('',#5304,26.322525453694,21.380020186097);
#5304 = AXIS2_PLACEMENT_3D('',#5305,#5306,#5307);
#5305 = CARTESIAN_POINT('',(3.492084986963,4.358318343966,
    46.736842105263));
#5306 = DIRECTION('',(0.416317778542,0.283840655355,0.863778900898));
#5307 = DIRECTION('',(0.713687620358,0.486583980608,-0.503871025524));
#5308 = PCURVE('',#1019,#5309);
#5309 = DEFINITIONAL_REPRESENTATION('',(#5310),#5317);
#5310 = B_SPLINE_CURVE_WITH_KNOTS('',5,(#5311,#5312,#5313,#5314,#5315,
    #5316),.UNSPECIFIED.,.F.,.F.,(6,6),(3.14159265359,3.218789428938),
  .PIECEWISE_BEZIER_KNOTS.);
#5311 = CARTESIAN_POINT('',(-3.739991254274,-60.));
#5312 = CARTESIAN_POINT('',(-3.761997502477,-60.));
#5313 = CARTESIAN_POINT('',(-3.784003750686,-59.9960480153));
#5314 = CARTESIAN_POINT('',(-3.806004362024,-59.98814404536));
#5315 = CARTESIAN_POINT('',(-3.827993699773,-59.97629201732));
#5316 = CARTESIAN_POINT('',(-3.849966195588,-59.96049977435));
#5317 = ( GEOMETRIC_REPRESENTATION_CONTEXT(2) 
PARAMETRIC_REPRESENTATION_CONTEXT() REPRESENTATION_CONTEXT('2D SPACE',''
  ) );
#5318 = PCURVE('',#5108,#5319);
#5319 = DEFINITIONAL_REPRESENTATION('',(#5320),#5324);
#5320 = ELLIPSE('',#5321,26.322525453694,21.380020186097);
#5321 = AXIS2_PLACEMENT_2D('',#5322,#5323);
#5322 = CARTESIAN_POINT('',(-23.80231530347,9.265478494313));
#5323 = DIRECTION('',(-0.945372981626,0.325990683319));
#5324 = ( GEOMETRIC_REPRESENTATION_CONTEXT(2) 
PARAMETRIC_REPRESENTATION_CONTEXT() REPRESENTATION_CONTEXT('2D SPACE',''
  ) );
#5325 = ORIENTED_EDGE('',*,*,#5326,.F.);
#5326 = EDGE_CURVE('',#947,#5300,#5327,.T.);
#5327 = SURFACE_CURVE('',#5328,(#5349,#5373),.PCURVE_S1.);
#5328 = B_SPLINE_CURVE_WITH_KNOTS('',7,(#5329,#5330,#5331,#5332,#5333,
    #5334,#5335,#5336,#5337,#5338,#5339,#5340,#5341,#5342,#5343,#5344,
    #5345,#5346,#5347,#5348),.UNSPECIFIED.,.F.,.F.,(8,6,6,8),(0.,
    0.40278991256,0.697235872449,1.),.UNSPECIFIED.);
#5329 = CARTESIAN_POINT('',(-48.37528969707,20.785424145263,
    -3.652380078462E-15));
#5330 = CARTESIAN_POINT('',(-47.84751684877,17.393765813718,
    3.239913333632));
#5331 = CARTESIAN_POINT('',(-47.03668863414,14.116066409865,
    6.511538126457));
#5332 = CARTESIAN_POINT('',(-45.95364459841,10.984482606451,
    9.814237531285));
#5333 = CARTESIAN_POINT('',(-44.61423015995,8.030165152829,
    13.147628806763));
#5334 = CARTESIAN_POINT('',(-43.03913159905,5.282668230248,
    16.511348467432));
#5335 = CARTESIAN_POINT('',(-41.25407344117,2.769103599378,
    19.904763670935));
#5336 = CARTESIAN_POINT('',(-37.85369549109,-1.136663347398,
    25.827742483915));
#5337 = CARTESIAN_POINT('',(-36.32177764132,-2.648740654294,
    28.344310889888));
#5338 = CARTESIAN_POINT('',(-34.70586560434,-4.014359413717,
    30.875618982544));
#5339 = CARTESIAN_POINT('',(-33.01913339774,-5.225681644453,
    33.421182562243));
#5340 = CARTESIAN_POINT('',(-31.27585319644,-6.276276788436,
    35.980497463339));
#5341 = CARTESIAN_POINT('',(-29.49125910216,-7.161358093277,
    38.552947730484));
#5342 = CARTESIAN_POINT('',(-25.82022480064,-8.614874941162,
    43.795469862455));
#5343 = CARTESIAN_POINT('',(-23.93222925592,-9.173700246337,
    46.466393125606));
#5344 = CARTESIAN_POINT('',(-22.03468777147,-9.551238747768,
    49.14952433469));
#5345 = CARTESIAN_POINT('',(-20.14556987442,-9.746456492803,
    51.843991849522));
#5346 = CARTESIAN_POINT('',(-18.28308809998,-9.76056627342,
    54.548883839222));
#5347 = CARTESIAN_POINT('',(-16.4654211471,-9.59713958757,
    57.263164933839));
#5348 = CARTESIAN_POINT('',(-14.71009531329,-9.262021941979,
    59.985484284698));
#5349 = PCURVE('',#1019,#5350);
#5350 = DEFINITIONAL_REPRESENTATION('',(#5351),#5372);
#5351 = B_SPLINE_CURVE_WITH_KNOTS('',7,(#5352,#5353,#5354,#5355,#5356,
    #5357,#5358,#5359,#5360,#5361,#5362,#5363,#5364,#5365,#5366,#5367,
    #5368,#5369,#5370,#5371),.UNSPECIFIED.,.F.,.F.,(8,6,6,8),(0.,
    0.40278991256,0.697235872449,1.),.UNSPECIFIED.);
#5352 = CARTESIAN_POINT('',(-2.712871006727,3.103731140601E-15));
#5353 = CARTESIAN_POINT('',(-2.770177137339,-3.239913333632));
#5354 = CARTESIAN_POINT('',(-2.828111251833,-6.511538126457));
#5355 = CARTESIAN_POINT('',(-2.886674689824,-9.814237531284));
#5356 = CARTESIAN_POINT('',(-2.94587789015,-13.14762880676));
#5357 = CARTESIAN_POINT('',(-3.005736379812,-16.51134846743));
#5358 = CARTESIAN_POINT('',(-3.066269758514,-19.90476367093));
#5359 = CARTESIAN_POINT('',(-3.17226484001,-25.82774248391));
#5360 = CARTESIAN_POINT('',(-3.217403797515,-28.34431088988));
#5361 = CARTESIAN_POINT('',(-3.262929756352,-30.87561898254));
#5362 = CARTESIAN_POINT('',(-3.308859532782,-33.42118256223));
#5363 = CARTESIAN_POINT('',(-3.355218367872,-35.98049746334));
#5364 = CARTESIAN_POINT('',(-3.402042221139,-38.55294773048));
#5365 = CARTESIAN_POINT('',(-3.498084873957,-43.79546986245));
#5366 = CARTESIAN_POINT('',(-3.547335969226,-46.4663931256));
#5367 = CARTESIAN_POINT('',(-3.597221797153,-49.1495243347));
#5368 = CARTESIAN_POINT('',(-3.647831966787,-51.84399184951));
#5369 = CARTESIAN_POINT('',(-3.69937321517,-54.54888383922));
#5370 = CARTESIAN_POINT('',(-3.752063698476,-57.26316493383));
#5371 = CARTESIAN_POINT('',(-3.806669706765,-59.98548428469));
#5372 = ( GEOMETRIC_REPRESENTATION_CONTEXT(2) 
PARAMETRIC_REPRESENTATION_CONTEXT() REPRESENTATION_CONTEXT('2D SPACE',''
  ) );
#5373 = PCURVE('',#966,#5374);
#5374 = DEFINITIONAL_REPRESENTATION('',(#5375),#5396);
#5375 = B_SPLINE_CURVE_WITH_KNOTS('',7,(#5376,#5377,#5378,#5379,#5380,
    #5381,#5382,#5383,#5384,#5385,#5386,#5387,#5388,#5389,#5390,#5391,
    #5392,#5393,#5394,#5395),.UNSPECIFIED.,.F.,.F.,(8,6,6,8),(0.,
    0.40278991256,0.697235872449,1.),.UNSPECIFIED.);
#5376 = CARTESIAN_POINT('',(1.050088461119,8.228360277429E-05));
#5377 = CARTESIAN_POINT('',(1.051779859191,6.133126002732E-02));
#5378 = CARTESIAN_POINT('',(1.053620557442,0.12207719805));
#5379 = CARTESIAN_POINT('',(1.055634763135,0.182303690446));
#5380 = CARTESIAN_POINT('',(1.05785019159,0.242006182034));
#5381 = CARTESIAN_POINT('',(1.060306391122,0.301186560172));
#5382 = CARTESIAN_POINT('',(1.063053306655,0.359850214312));
#5383 = CARTESIAN_POINT('',(1.068442849894,0.460507527157));
#5384 = CARTESIAN_POINT('',(1.070914891635,0.502743488964));
#5385 = CARTESIAN_POINT('',(1.073612842139,0.544708690065));
#5386 = CARTESIAN_POINT('',(1.076573537464,0.586408284254));
#5387 = CARTESIAN_POINT('',(1.079845126875,0.627850076237));
#5388 = CARTESIAN_POINT('',(1.083490902674,0.669043388243));
#5389 = CARTESIAN_POINT('',(1.091833640942,0.752108940367));
#5390 = CARTESIAN_POINT('',(1.096557587676,0.793969804089));
#5391 = CARTESIAN_POINT('',(1.101878130851,0.835589890817));
#5392 = CARTESIAN_POINT('',(1.107929896157,0.876983970467));
#5393 = CARTESIAN_POINT('',(1.11490759014,0.918170278196));
#5394 = CARTESIAN_POINT('',(1.123083384932,0.959168851835));
#5395 = CARTESIAN_POINT('',(1.132964069906,1.));
#5396 = ( GEOMETRIC_REPRESENTATION_CONTEXT(2) 
PARAMETRIC_REPRESENTATION_CONTEXT() REPRESENTATION_CONTEXT('2D SPACE',''
  ) );
#5397 = ORIENTED_EDGE('',*,*,#1002,.T.);
#5398 = ORIENTED_EDGE('',*,*,#4990,.T.);
#5399 = ADVANCED_FACE('',(#5400),#854,.F.);
#5400 = FACE_BOUND('',#5401,.F.);
#5401 = EDGE_LOOP('',(#5402,#5464,#5490,#5521,#5522,#5523));
#5402 = ORIENTED_EDGE('',*,*,#5403,.F.);
#5403 = EDGE_CURVE('',#5404,#5406,#5408,.T.);
#5404 = VERTEX_POINT('',#5405);
#5405 = CARTESIAN_POINT('',(-59.18852208407,28.21685011317,
    7.558065382861));
#5406 = VERTEX_POINT('',#5407);
#5407 = CARTESIAN_POINT('',(-19.42573372576,-10.05648199968,
    62.51935512762));
#5408 = SURFACE_CURVE('',#5409,(#5423,#5430),.PCURVE_S1.);
#5409 = ( BOUNDED_CURVE() B_SPLINE_CURVE(7,(#5410,#5411,#5412,#5413,
    #5414,#5415,#5416,#5417,#5418,#5419,#5420,#5421,#5422),
.UNSPECIFIED.,.F.,.F.) B_SPLINE_CURVE_WITH_KNOTS((8,5,8),(0.,
0.52965543135,1.),.UNSPECIFIED.) CURVE() GEOMETRIC_REPRESENTATION_ITEM()
 RATIONAL_B_SPLINE_CURVE((1.,1.,1.,1.,1.,1.,1.,1.,1.,1.,1.,1.,1.)) 
REPRESENTATION_ITEM('') );
#5410 = CARTESIAN_POINT('',(-59.18852208407,28.21685011317,
    7.558065382861));
#5411 = CARTESIAN_POINT('',(-58.53691727819,23.021565849052,
    11.224539269075));
#5412 = CARTESIAN_POINT('',(-57.3444651643,17.977584736366,
    14.972569487364));
#5413 = CARTESIAN_POINT('',(-55.61536298189,13.163063078147,
    18.80552625476));
#5414 = CARTESIAN_POINT('',(-53.36792512692,8.662729732594,
    22.726485637263));
#5415 = CARTESIAN_POINT('',(-50.63833380411,4.565867209044,
    26.73793096809));
#5416 = CARTESIAN_POINT('',(-44.68907258836,-2.239575192819,
    34.484786889817));
#5417 = CARTESIAN_POINT('',(-37.54499196071,-7.017023930253,
    42.554838512827));
#5418 = CARTESIAN_POINT('',(-33.98090847084,-8.761751426254,
    46.421309378502));
#5419 = CARTESIAN_POINT('',(-30.28915029035,-9.958168447279,
    50.356390900401));
#5420 = CARTESIAN_POINT('',(-26.56238840044,-10.57380104878,
    54.355998006193));
#5421 = CARTESIAN_POINT('',(-22.90605116387,-10.60010203625,
    58.413376321633));
#5422 = CARTESIAN_POINT('',(-19.42573372576,-10.05648199968,
    62.51935512762));
#5423 = PCURVE('',#854,#5424);
#5424 = DEFINITIONAL_REPRESENTATION('',(#5425),#5429);
#5425 = LINE('',#5426,#5427);
#5426 = CARTESIAN_POINT('',(3.,0.));
#5427 = VECTOR('',#5428,1.);
#5428 = DIRECTION('',(0.,1.));
#5429 = ( GEOMETRIC_REPRESENTATION_CONTEXT(2) 
PARAMETRIC_REPRESENTATION_CONTEXT() REPRESENTATION_CONTEXT('2D SPACE',''
  ) );
#5430 = PCURVE('',#5431,#5458);
#5431 = ( BOUNDED_SURFACE() B_SPLINE_SURFACE(1,7,(
    (#5432,#5433,#5434,#5435,#5436,#5437,#5438,#5439,#5440,#5441,#5442
      ,#5443,#5444)
    ,(#5445,#5446,#5447,#5448,#5449,#5450,#5451,#5452,#5453,#5454,#5455
      ,#5456,#5457
)),.UNSPECIFIED.,.F.,.F.,.F.) B_SPLINE_SURFACE_WITH_KNOTS((2,2),(8,5,8),
  (2.,3.),(0.,0.52965543135,1.),.UNSPECIFIED.) 
GEOMETRIC_REPRESENTATION_ITEM() RATIONAL_B_SPLINE_SURFACE((
    (1.,1.,1.,1.,1.,1.,1.,1.,1.,1.,1.,1.,1.)
,(1.,1.,1.,1.,1.,1.,1.,1.,1.,1.,1.,1.,1.
))) REPRESENTATION_ITEM('') SURFACE() );
#5432 = CARTESIAN_POINT('',(-60.05628956231,26.414912377366,
    7.558065382861));
#5433 = CARTESIAN_POINT('',(-59.27880375582,21.159007040251,
    11.224539269075));
#5434 = CARTESIAN_POINT('',(-57.952730043,16.063315886818,
    14.972569487364));
#5435 = CARTESIAN_POINT('',(-56.08275687703,11.207244481071,
    18.80552625476));
#5436 = CARTESIAN_POINT('',(-53.68792235676,6.676833107656,
    22.726485637263));
#5437 = CARTESIAN_POINT('',(-50.80541870221,2.562700918504,
    26.73793096809));
#5438 = CARTESIAN_POINT('',(-44.55967396964,-4.24875187558,
    34.484786889817));
#5439 = CARTESIAN_POINT('',(-37.11079313922,-8.978332485639,
    42.554838512827));
#5440 = CARTESIAN_POINT('',(-33.40276122019,-10.68790535239,
    46.421309378502));
#5441 = CARTESIAN_POINT('',(-29.56796370437,-11.83596285622,
    50.356390900401));
#5442 = CARTESIAN_POINT('',(-25.70081817842,-12.38971631885,
    54.355998006193));
#5443 = CARTESIAN_POINT('',(-21.90868889553,-12.34071967058,
    58.413376321633));
#5444 = CARTESIAN_POINT('',(-18.29909360963,-11.70895954831,
    62.51935512762));
#5445 = CARTESIAN_POINT('',(-59.18852208407,28.21685011317,
    7.558065382861));
#5446 = CARTESIAN_POINT('',(-58.53691727819,23.021565849052,
    11.224539269075));
#5447 = CARTESIAN_POINT('',(-57.3444651643,17.977584736366,
    14.972569487364));
#5448 = CARTESIAN_POINT('',(-55.61536298189,13.163063078147,
    18.80552625476));
#5449 = CARTESIAN_POINT('',(-53.36792512692,8.662729732594,
    22.726485637263));
#5450 = CARTESIAN_POINT('',(-50.63833380411,4.565867209044,
    26.73793096809));
#5451 = CARTESIAN_POINT('',(-44.68907258836,-2.239575192819,
    34.484786889817));
#5452 = CARTESIAN_POINT('',(-37.54499196071,-7.017023930253,
    42.554838512827));
#5453 = CARTESIAN_POINT('',(-33.98090847084,-8.761751426254,
    46.421309378502));
#5454 = CARTESIAN_POINT('',(-30.28915029035,-9.958168447279,
    50.356390900401));
#5455 = CARTESIAN_POINT('',(-26.56238840044,-10.57380104878,
    54.355998006193));
#5456 = CARTESIAN_POINT('',(-22.90605116387,-10.60010203625,
    58.413376321633));
#5457 = CARTESIAN_POINT('',(-19.42573372576,-10.05648199968,
    62.51935512762));
#5458 = DEFINITIONAL_REPRESENTATION('',(#5459),#5463);
#5459 = LINE('',#5460,#5461);
#5460 = CARTESIAN_POINT('',(3.,0.));
#5461 = VECTOR('',#5462,1.);
#5462 = DIRECTION('',(0.,1.));
#5463 = ( GEOMETRIC_REPRESENTATION_CONTEXT(2) 
PARAMETRIC_REPRESENTATION_CONTEXT() REPRESENTATION_CONTEXT('2D SPACE',''
  ) );
#5464 = ORIENTED_EDGE('',*,*,#5465,.T.);
#5465 = EDGE_CURVE('',#5404,#5466,#5468,.T.);
#5466 = VERTEX_POINT('',#5467);
#5467 = CARTESIAN_POINT('',(-46.8923632884,22.295332128346,
    -0.403096820419));
#5468 = SURFACE_CURVE('',#5469,(#5472,#5479),.PCURVE_S1.);
#5469 = B_SPLINE_CURVE_WITH_KNOTS('',1,(#5470,#5471),.UNSPECIFIED.,.F.,
  .F.,(2,2),(3.,4.),.PIECEWISE_BEZIER_KNOTS.);
#5470 = CARTESIAN_POINT('',(-59.18852208407,28.21685011317,
    7.558065382861));
#5471 = CARTESIAN_POINT('',(-46.8923632884,22.295332128346,
    -0.403096820419));
#5472 = PCURVE('',#854,#5473);
#5473 = DEFINITIONAL_REPRESENTATION('',(#5474),#5478);
#5474 = LINE('',#5475,#5476);
#5475 = CARTESIAN_POINT('',(0.,0.));
#5476 = VECTOR('',#5477,1.);
#5477 = DIRECTION('',(1.,0.));
#5478 = ( GEOMETRIC_REPRESENTATION_CONTEXT(2) 
PARAMETRIC_REPRESENTATION_CONTEXT() REPRESENTATION_CONTEXT('2D SPACE',''
  ) );
#5479 = PCURVE('',#5480,#5485);
#5480 = PLANE('',#5481);
#5481 = AXIS2_PLACEMENT_3D('',#5482,#5483,#5484);
#5482 = CARTESIAN_POINT('',(-46.8923632884,22.295332128346,
    -0.403096820419));
#5483 = DIRECTION('',(0.453972107435,-0.218621444587,0.863778900898));
#5484 = DIRECTION('',(-0.826564157723,0.258668827814,0.499882116789));
#5485 = DEFINITIONAL_REPRESENTATION('',(#5486),#5489);
#5486 = B_SPLINE_CURVE_WITH_KNOTS('',1,(#5487,#5488),.UNSPECIFIED.,.F.,
  .F.,(2,2),(3.,4.),.PIECEWISE_BEZIER_KNOTS.);
#5487 = CARTESIAN_POINT('',(15.674918868462,-1.984166945375));
#5488 = CARTESIAN_POINT('',(0.,0.));
#5489 = ( GEOMETRIC_REPRESENTATION_CONTEXT(2) 
PARAMETRIC_REPRESENTATION_CONTEXT() REPRESENTATION_CONTEXT('2D SPACE',''
  ) );
#5490 = ORIENTED_EDGE('',*,*,#5491,.T.);
#5491 = EDGE_CURVE('',#5466,#835,#5492,.T.);
#5492 = SURFACE_CURVE('',#5493,(#5507,#5514),.PCURVE_S1.);
#5493 = ( BOUNDED_CURVE() B_SPLINE_CURVE(7,(#5494,#5495,#5496,#5497,
    #5498,#5499,#5500,#5501,#5502,#5503,#5504,#5505,#5506),
.UNSPECIFIED.,.F.,.F.) B_SPLINE_CURVE_WITH_KNOTS((8,5,8),(0.,
0.52965543135,1.),.UNSPECIFIED.) CURVE() GEOMETRIC_REPRESENTATION_ITEM()
 RATIONAL_B_SPLINE_CURVE((1.,1.,1.,1.,1.,1.,1.,1.,1.,1.,1.,1.,1.)) 
REPRESENTATION_ITEM('') );
#5494 = CARTESIAN_POINT('',(-46.8923632884,22.295332128346,
    -0.403096820419));
#5495 = CARTESIAN_POINT('',(-46.34625296043,18.209056972445,
    3.599509999661));
#5496 = CARTESIAN_POINT('',(-45.37240199735,14.247843362461,
    7.691150027432));
#5497 = CARTESIAN_POINT('',(-43.97486894586,10.473962217291,
    11.875502452771));
#5498 = CARTESIAN_POINT('',(-42.16904896943,6.95481201601,
    16.155925347564));
#5499 = CARTESIAN_POINT('',(-39.9846548498,3.761271264024,
    20.535129710615));
#5500 = CARTESIAN_POINT('',(-35.23878704352,-1.520690530659,
    28.992197538944));
#5501 = CARTESIAN_POINT('',(-29.56737565511,-5.176486675799,
    37.802090822544));
#5502 = CARTESIAN_POINT('',(-26.74386843797,-6.493984313318,
    42.02302983286));
#5503 = CARTESIAN_POINT('',(-23.82569855816,-7.373551567474,
    46.31886954859));
#5504 = CARTESIAN_POINT('',(-20.88720719153,-7.790209261503,
    50.685150388478));
#5505 = CARTESIAN_POINT('',(-18.01270234976,-7.738239915749,
    55.114498754514));
#5506 = CARTESIAN_POINT('',(-15.28634552768,-7.234294912152,
    59.596903179581));
#5507 = PCURVE('',#854,#5508);
#5508 = DEFINITIONAL_REPRESENTATION('',(#5509),#5513);
#5509 = LINE('',#5510,#5511);
#5510 = CARTESIAN_POINT('',(4.,0.));
#5511 = VECTOR('',#5512,1.);
#5512 = DIRECTION('',(0.,1.));
#5513 = ( GEOMETRIC_REPRESENTATION_CONTEXT(2) 
PARAMETRIC_REPRESENTATION_CONTEXT() REPRESENTATION_CONTEXT('2D SPACE',''
  ) );
#5514 = PCURVE('',#910,#5515);
#5515 = DEFINITIONAL_REPRESENTATION('',(#5516),#5520);
#5516 = LINE('',#5517,#5518);
#5517 = CARTESIAN_POINT('',(0.,0.));
#5518 = VECTOR('',#5519,1.);
#5519 = DIRECTION('',(0.,1.));
#5520 = ( GEOMETRIC_REPRESENTATION_CONTEXT(2) 
PARAMETRIC_REPRESENTATION_CONTEXT() REPRESENTATION_CONTEXT('2D SPACE',''
  ) );
#5521 = ORIENTED_EDGE('',*,*,#834,.F.);
#5522 = ORIENTED_EDGE('',*,*,#5173,.T.);
#5523 = ORIENTED_EDGE('',*,*,#5524,.F.);
#5524 = EDGE_CURVE('',#5406,#5087,#5525,.T.);
#5525 = SURFACE_CURVE('',#5526,(#5529,#5536),.PCURVE_S1.);
#5526 = B_SPLINE_CURVE_WITH_KNOTS('',1,(#5527,#5528),.UNSPECIFIED.,.F.,
  .F.,(2,2),(3.,4.),.PIECEWISE_BEZIER_KNOTS.);
#5527 = CARTESIAN_POINT('',(-19.42573372576,-10.05648199968,
    62.51935512762));
#5528 = CARTESIAN_POINT('',(-15.28634552768,-7.234294912152,
    59.596903179581));
#5529 = PCURVE('',#854,#5530);
#5530 = DEFINITIONAL_REPRESENTATION('',(#5531),#5535);
#5531 = LINE('',#5532,#5533);
#5532 = CARTESIAN_POINT('',(0.,1.));
#5533 = VECTOR('',#5534,1.);
#5534 = DIRECTION('',(1.,0.));
#5535 = ( GEOMETRIC_REPRESENTATION_CONTEXT(2) 
PARAMETRIC_REPRESENTATION_CONTEXT() REPRESENTATION_CONTEXT('2D SPACE',''
  ) );
#5536 = PCURVE('',#5108,#5537);
#5537 = DEFINITIONAL_REPRESENTATION('',(#5538),#5541);
#5538 = B_SPLINE_CURVE_WITH_KNOTS('',1,(#5539,#5540),.UNSPECIFIED.,.F.,
  .F.,(2,2),(3.,4.),.PIECEWISE_BEZIER_KNOTS.);
#5539 = CARTESIAN_POINT('',(5.483163293432,-1.890745963253));
#5540 = CARTESIAN_POINT('',(0.,0.));
#5541 = ( GEOMETRIC_REPRESENTATION_CONTEXT(2) 
PARAMETRIC_REPRESENTATION_CONTEXT() REPRESENTATION_CONTEXT('2D SPACE',''
  ) );
#5542 = ADVANCED_FACE('',(#5543),#966,.F.);
#5543 = FACE_BOUND('',#5544,.F.);
#5544 = EDGE_LOOP('',(#5545,#5578,#5599,#5632,#5651,#5652));
#5545 = ORIENTED_EDGE('',*,*,#5546,.F.);
#5546 = EDGE_CURVE('',#5547,#891,#5549,.T.);
#5547 = VERTEX_POINT('',#5548);
#5548 = CARTESIAN_POINT('',(-47.76013076663,20.493394392541,
    -0.403096820419));
#5549 = SURFACE_CURVE('',#5550,(#5564,#5571),.PCURVE_S1.);
#5550 = ( BOUNDED_CURVE() B_SPLINE_CURVE(7,(#5551,#5552,#5553,#5554,
    #5555,#5556,#5557,#5558,#5559,#5560,#5561,#5562,#5563),
.UNSPECIFIED.,.F.,.F.) B_SPLINE_CURVE_WITH_KNOTS((8,5,8),(0.,
0.52965543135,1.),.UNSPECIFIED.) CURVE() GEOMETRIC_REPRESENTATION_ITEM()
 RATIONAL_B_SPLINE_CURVE((1.,1.,1.,1.,1.,1.,1.,1.,1.,1.,1.,1.,1.)) 
REPRESENTATION_ITEM('') );
#5551 = CARTESIAN_POINT('',(-47.76013076663,20.493394392541,
    -0.403096820419));
#5552 = CARTESIAN_POINT('',(-47.08813943806,16.346498163646,
    3.599509999661));
#5553 = CARTESIAN_POINT('',(-45.98066687604,12.333574512908,
    7.691150027432));
#5554 = CARTESIAN_POINT('',(-44.44226284102,8.518143620222,
    11.875502452771));
#5555 = CARTESIAN_POINT('',(-42.48904619925,4.968915391067,
    16.155925347564));
#5556 = CARTESIAN_POINT('',(-40.1517397479,1.758104973485,
    20.535129710615));
#5557 = CARTESIAN_POINT('',(-35.1093884248,-3.529867213421,
    28.992197538944));
#5558 = CARTESIAN_POINT('',(-29.13317683363,-7.137795231185,
    37.802090822544));
#5559 = CARTESIAN_POINT('',(-26.16572118732,-8.420138239462,
    42.02302983286));
#5560 = CARTESIAN_POINT('',(-23.10451197218,-9.251345976425,
    46.31886954859));
#5561 = CARTESIAN_POINT('',(-20.02563696951,-9.606124531575,
    50.685150388478));
#5562 = CARTESIAN_POINT('',(-17.01534008142,-9.478857550088,
    55.114498754514));
#5563 = CARTESIAN_POINT('',(-14.15970541155,-8.886772460784,
    59.596903179581));
#5564 = PCURVE('',#966,#5565);
#5565 = DEFINITIONAL_REPRESENTATION('',(#5566),#5570);
#5566 = LINE('',#5567,#5568);
#5567 = CARTESIAN_POINT('',(1.,0.));
#5568 = VECTOR('',#5569,1.);
#5569 = DIRECTION('',(0.,1.));
#5570 = ( GEOMETRIC_REPRESENTATION_CONTEXT(2) 
PARAMETRIC_REPRESENTATION_CONTEXT() REPRESENTATION_CONTEXT('2D SPACE',''
  ) );
#5571 = PCURVE('',#910,#5572);
#5572 = DEFINITIONAL_REPRESENTATION('',(#5573),#5577);
#5573 = LINE('',#5574,#5575);
#5574 = CARTESIAN_POINT('',(1.,0.));
#5575 = VECTOR('',#5576,1.);
#5576 = DIRECTION('',(0.,1.));
#5577 = ( GEOMETRIC_REPRESENTATION_CONTEXT(2) 
PARAMETRIC_REPRESENTATION_CONTEXT() REPRESENTATION_CONTEXT('2D SPACE',''
  ) );
#5578 = ORIENTED_EDGE('',*,*,#5579,.T.);
#5579 = EDGE_CURVE('',#5547,#5580,#5582,.T.);
#5580 = VERTEX_POINT('',#5581);
#5581 = CARTESIAN_POINT('',(-60.05628956231,26.414912377366,
    7.558065382861));
#5582 = SURFACE_CURVE('',#5583,(#5586,#5593),.PCURVE_S1.);
#5583 = B_SPLINE_CURVE_WITH_KNOTS('',1,(#5584,#5585),.UNSPECIFIED.,.F.,
  .F.,(2,2),(1.,2.),.PIECEWISE_BEZIER_KNOTS.);
#5584 = CARTESIAN_POINT('',(-47.76013076663,20.493394392541,
    -0.403096820419));
#5585 = CARTESIAN_POINT('',(-60.05628956231,26.414912377366,
    7.558065382861));
#5586 = PCURVE('',#966,#5587);
#5587 = DEFINITIONAL_REPRESENTATION('',(#5588),#5592);
#5588 = LINE('',#5589,#5590);
#5589 = CARTESIAN_POINT('',(0.,0.));
#5590 = VECTOR('',#5591,1.);
#5591 = DIRECTION('',(1.,0.));
#5592 = ( GEOMETRIC_REPRESENTATION_CONTEXT(2) 
PARAMETRIC_REPRESENTATION_CONTEXT() REPRESENTATION_CONTEXT('2D SPACE',''
  ) );
#5593 = PCURVE('',#5480,#5594);
#5594 = DEFINITIONAL_REPRESENTATION('',(#5595),#5598);
#5595 = B_SPLINE_CURVE_WITH_KNOTS('',1,(#5596,#5597),.UNSPECIFIED.,.F.,
  .F.,(2,2),(1.,2.),.PIECEWISE_BEZIER_KNOTS.);
#5596 = CARTESIAN_POINT('',(0.251160372832,1.984166945375));
#5597 = CARTESIAN_POINT('',(15.926079241295,-1.7763568394E-15));
#5598 = ( GEOMETRIC_REPRESENTATION_CONTEXT(2) 
PARAMETRIC_REPRESENTATION_CONTEXT() REPRESENTATION_CONTEXT('2D SPACE',''
  ) );
#5599 = ORIENTED_EDGE('',*,*,#5600,.T.);
#5600 = EDGE_CURVE('',#5580,#5601,#5603,.T.);
#5601 = VERTEX_POINT('',#5602);
#5602 = CARTESIAN_POINT('',(-18.29909360963,-11.70895954831,
    62.51935512762));
#5603 = SURFACE_CURVE('',#5604,(#5618,#5625),.PCURVE_S1.);
#5604 = ( BOUNDED_CURVE() B_SPLINE_CURVE(7,(#5605,#5606,#5607,#5608,
    #5609,#5610,#5611,#5612,#5613,#5614,#5615,#5616,#5617),
.UNSPECIFIED.,.F.,.F.) B_SPLINE_CURVE_WITH_KNOTS((8,5,8),(0.,
0.52965543135,1.),.UNSPECIFIED.) CURVE() GEOMETRIC_REPRESENTATION_ITEM()
 RATIONAL_B_SPLINE_CURVE((1.,1.,1.,1.,1.,1.,1.,1.,1.,1.,1.,1.,1.)) 
REPRESENTATION_ITEM('') );
#5605 = CARTESIAN_POINT('',(-60.05628956231,26.414912377366,
    7.558065382861));
#5606 = CARTESIAN_POINT('',(-59.27880375582,21.159007040251,
    11.224539269075));
#5607 = CARTESIAN_POINT('',(-57.952730043,16.063315886818,
    14.972569487364));
#5608 = CARTESIAN_POINT('',(-56.08275687703,11.207244481071,
    18.80552625476));
#5609 = CARTESIAN_POINT('',(-53.68792235676,6.676833107656,
    22.726485637263));
#5610 = CARTESIAN_POINT('',(-50.80541870221,2.562700918504,
    26.73793096809));
#5611 = CARTESIAN_POINT('',(-44.55967396964,-4.24875187558,
    34.484786889817));
#5612 = CARTESIAN_POINT('',(-37.11079313922,-8.978332485639,
    42.554838512827));
#5613 = CARTESIAN_POINT('',(-33.40276122019,-10.68790535239,
    46.421309378502));
#5614 = CARTESIAN_POINT('',(-29.56796370437,-11.83596285622,
    50.356390900401));
#5615 = CARTESIAN_POINT('',(-25.70081817842,-12.38971631885,
    54.355998006193));
#5616 = CARTESIAN_POINT('',(-21.90868889553,-12.34071967058,
    58.413376321633));
#5617 = CARTESIAN_POINT('',(-18.29909360963,-11.70895954831,
    62.51935512762));
#5618 = PCURVE('',#966,#5619);
#5619 = DEFINITIONAL_REPRESENTATION('',(#5620),#5624);
#5620 = LINE('',#5621,#5622);
#5621 = CARTESIAN_POINT('',(2.,0.));
#5622 = VECTOR('',#5623,1.);
#5623 = DIRECTION('',(0.,1.));
#5624 = ( GEOMETRIC_REPRESENTATION_CONTEXT(2) 
PARAMETRIC_REPRESENTATION_CONTEXT() REPRESENTATION_CONTEXT('2D SPACE',''
  ) );
#5625 = PCURVE('',#5431,#5626);
#5626 = DEFINITIONAL_REPRESENTATION('',(#5627),#5631);
#5627 = LINE('',#5628,#5629);
#5628 = CARTESIAN_POINT('',(2.,0.));
#5629 = VECTOR('',#5630,1.);
#5630 = DIRECTION('',(0.,1.));
#5631 = ( GEOMETRIC_REPRESENTATION_CONTEXT(2) 
PARAMETRIC_REPRESENTATION_CONTEXT() REPRESENTATION_CONTEXT('2D SPACE',''
  ) );
#5632 = ORIENTED_EDGE('',*,*,#5633,.F.);
#5633 = EDGE_CURVE('',#5300,#5601,#5634,.T.);
#5634 = SURFACE_CURVE('',#5635,(#5638,#5645),.PCURVE_S1.);
#5635 = B_SPLINE_CURVE_WITH_KNOTS('',1,(#5636,#5637),.UNSPECIFIED.,.F.,
  .F.,(2,2),(1.,2.),.PIECEWISE_BEZIER_KNOTS.);
#5636 = CARTESIAN_POINT('',(-14.15970541155,-8.886772460784,
    59.596903179581));
#5637 = CARTESIAN_POINT('',(-18.29909360963,-11.70895954831,
    62.51935512762));
#5638 = PCURVE('',#966,#5639);
#5639 = DEFINITIONAL_REPRESENTATION('',(#5640),#5644);
#5640 = LINE('',#5641,#5642);
#5641 = CARTESIAN_POINT('',(0.,1.));
#5642 = VECTOR('',#5643,1.);
#5643 = DIRECTION('',(1.,0.));
#5644 = ( GEOMETRIC_REPRESENTATION_CONTEXT(2) 
PARAMETRIC_REPRESENTATION_CONTEXT() REPRESENTATION_CONTEXT('2D SPACE',''
  ) );
#5645 = PCURVE('',#5108,#5646);
#5646 = DEFINITIONAL_REPRESENTATION('',(#5647),#5650);
#5647 = B_SPLINE_CURVE_WITH_KNOTS('',1,(#5648,#5649),.UNSPECIFIED.,.F.,
  .F.,(2,2),(1.,2.),.PIECEWISE_BEZIER_KNOTS.);
#5648 = CARTESIAN_POINT('',(0.651981366639,1.890745963253));
#5649 = CARTESIAN_POINT('',(6.135144660071,0.));
#5650 = ( GEOMETRIC_REPRESENTATION_CONTEXT(2) 
PARAMETRIC_REPRESENTATION_CONTEXT() REPRESENTATION_CONTEXT('2D SPACE',''
  ) );
#5651 = ORIENTED_EDGE('',*,*,#5326,.F.);
#5652 = ORIENTED_EDGE('',*,*,#946,.T.);
#5653 = ADVANCED_FACE('',(#5654),#910,.F.);
#5654 = FACE_BOUND('',#5655,.F.);
#5655 = EDGE_LOOP('',(#5656,#5657,#5676,#5677));
#5656 = ORIENTED_EDGE('',*,*,#5491,.F.);
#5657 = ORIENTED_EDGE('',*,*,#5658,.T.);
#5658 = EDGE_CURVE('',#5466,#5547,#5659,.T.);
#5659 = SURFACE_CURVE('',#5660,(#5663,#5670),.PCURVE_S1.);
#5660 = B_SPLINE_CURVE_WITH_KNOTS('',1,(#5661,#5662),.UNSPECIFIED.,.F.,
  .F.,(2,2),(0.,1.),.PIECEWISE_BEZIER_KNOTS.);
#5661 = CARTESIAN_POINT('',(-46.8923632884,22.295332128346,
    -0.403096820419));
#5662 = CARTESIAN_POINT('',(-47.76013076663,20.493394392541,
    -0.403096820419));
#5663 = PCURVE('',#910,#5664);
#5664 = DEFINITIONAL_REPRESENTATION('',(#5665),#5669);
#5665 = LINE('',#5666,#5667);
#5666 = CARTESIAN_POINT('',(0.,0.));
#5667 = VECTOR('',#5668,1.);
#5668 = DIRECTION('',(1.,0.));
#5669 = ( GEOMETRIC_REPRESENTATION_CONTEXT(2) 
PARAMETRIC_REPRESENTATION_CONTEXT() REPRESENTATION_CONTEXT('2D SPACE',''
  ) );
#5670 = PCURVE('',#5480,#5671);
#5671 = DEFINITIONAL_REPRESENTATION('',(#5672),#5675);
#5672 = B_SPLINE_CURVE_WITH_KNOTS('',1,(#5673,#5674),.UNSPECIFIED.,.F.,
  .F.,(2,2),(0.,1.),.PIECEWISE_BEZIER_KNOTS.);
#5673 = CARTESIAN_POINT('',(0.,0.));
#5674 = CARTESIAN_POINT('',(0.251160372832,1.984166945375));
#5675 = ( GEOMETRIC_REPRESENTATION_CONTEXT(2) 
PARAMETRIC_REPRESENTATION_CONTEXT() REPRESENTATION_CONTEXT('2D SPACE',''
  ) );
#5676 = ORIENTED_EDGE('',*,*,#5546,.T.);
#5677 = ORIENTED_EDGE('',*,*,#890,.T.);
#5678 = ADVANCED_FACE('',(#5679),#1643,.F.);
#5679 = FACE_BOUND('',#5680,.T.);
#5680 = EDGE_LOOP('',(#5681,#5682,#5705,#5731));
#5681 = ORIENTED_EDGE('',*,*,#1622,.T.);
#5682 = ORIENTED_EDGE('',*,*,#5683,.T.);
#5683 = EDGE_CURVE('',#1623,#5684,#5686,.T.);
#5684 = VERTEX_POINT('',#5685);
#5685 = CARTESIAN_POINT('',(4.599606048834,3.552713678801E-15,60.));
#5686 = SEAM_CURVE('',#5687,(#5691,#5698),.PCURVE_S1.);
#5687 = LINE('',#5688,#5689);
#5688 = CARTESIAN_POINT('',(4.599606048834,3.552713678801E-15,-1.));
#5689 = VECTOR('',#5690,1.);
#5690 = DIRECTION('',(0.,0.,1.));
#5691 = PCURVE('',#1643,#5692);
#5692 = DEFINITIONAL_REPRESENTATION('',(#5693),#5697);
#5693 = LINE('',#5694,#5695);
#5694 = CARTESIAN_POINT('',(-6.28318530718,0.));
#5695 = VECTOR('',#5696,1.);
#5696 = DIRECTION('',(-0.,-1.));
#5697 = ( GEOMETRIC_REPRESENTATION_CONTEXT(2) 
PARAMETRIC_REPRESENTATION_CONTEXT() REPRESENTATION_CONTEXT('2D SPACE',''
  ) );
#5698 = PCURVE('',#1643,#5699);
#5699 = DEFINITIONAL_REPRESENTATION('',(#5700),#5704);
#5700 = LINE('',#5701,#5702);
#5701 = CARTESIAN_POINT('',(-0.,0.));
#5702 = VECTOR('',#5703,1.);
#5703 = DIRECTION('',(-0.,-1.));
#5704 = ( GEOMETRIC_REPRESENTATION_CONTEXT(2) 
PARAMETRIC_REPRESENTATION_CONTEXT() REPRESENTATION_CONTEXT('2D SPACE',''
  ) );
#5705 = ORIENTED_EDGE('',*,*,#5706,.F.);
#5706 = EDGE_CURVE('',#5684,#5684,#5707,.T.);
#5707 = SURFACE_CURVE('',#5708,(#5713,#5720),.PCURVE_S1.);
#5708 = CIRCLE('',#5709,7.5);
#5709 = AXIS2_PLACEMENT_3D('',#5710,#5711,#5712);
#5710 = CARTESIAN_POINT('',(-2.900393951166,3.552713678801E-15,60.));
#5711 = DIRECTION('',(0.,0.,-1.));
#5712 = DIRECTION('',(1.,0.,0.));
#5713 = PCURVE('',#1643,#5714);
#5714 = DEFINITIONAL_REPRESENTATION('',(#5715),#5719);
#5715 = LINE('',#5716,#5717);
#5716 = CARTESIAN_POINT('',(-6.28318530718,-61.));
#5717 = VECTOR('',#5718,1.);
#5718 = DIRECTION('',(1.,-0.));
#5719 = ( GEOMETRIC_REPRESENTATION_CONTEXT(2) 
PARAMETRIC_REPRESENTATION_CONTEXT() REPRESENTATION_CONTEXT('2D SPACE',''
  ) );
#5720 = PCURVE('',#2263,#5721);
#5721 = DEFINITIONAL_REPRESENTATION('',(#5722),#5730);
#5722 = ( BOUNDED_CURVE() B_SPLINE_CURVE(2,(#5723,#5724,#5725,#5726,
#5727,#5728,#5729),.UNSPECIFIED.,.T.,.F.) B_SPLINE_CURVE_WITH_KNOTS((1,2
    ,2,2,2,1),(-2.094395102393,0.,2.094395102393,4.188790204786,
6.28318530718,8.377580409573),.UNSPECIFIED.) CURVE() 
GEOMETRIC_REPRESENTATION_ITEM() RATIONAL_B_SPLINE_CURVE((1.,0.5,1.,0.5,
1.,0.5,1.)) REPRESENTATION_ITEM('') );
#5723 = CARTESIAN_POINT('',(7.5,0.));
#5724 = CARTESIAN_POINT('',(7.5,-12.99038105676));
#5725 = CARTESIAN_POINT('',(-3.75,-6.495190528383));
#5726 = CARTESIAN_POINT('',(-15.,-1.836970198721E-15));
#5727 = CARTESIAN_POINT('',(-3.75,6.495190528383));
#5728 = CARTESIAN_POINT('',(7.5,12.990381056767));
#5729 = CARTESIAN_POINT('',(7.5,0.));
#5730 = ( GEOMETRIC_REPRESENTATION_CONTEXT(2) 
PARAMETRIC_REPRESENTATION_CONTEXT() REPRESENTATION_CONTEXT('2D SPACE',''
  ) );
#5731 = ORIENTED_EDGE('',*,*,#5683,.F.);
#5732 = ADVANCED_FACE('',(#5733),#1686,.F.);
#5733 = FACE_BOUND('',#5734,.F.);
#5734 = EDGE_LOOP('',(#5735,#5736,#5755,#5756));
#5735 = ORIENTED_EDGE('',*,*,#1658,.F.);
#5736 = ORIENTED_EDGE('',*,*,#5737,.T.);
#5737 = EDGE_CURVE('',#1659,#2585,#5738,.T.);
#5738 = SURFACE_CURVE('',#5739,(#5742,#5749),.PCURVE_S1.);
#5739 = B_SPLINE_CURVE_WITH_KNOTS('',1,(#5740,#5741),.UNSPECIFIED.,.F.,
  .F.,(2,2),(0.,1.),.PIECEWISE_BEZIER_KNOTS.);
#5740 = CARTESIAN_POINT('',(46.408582928116,-1.,-0.403096820419));
#5741 = CARTESIAN_POINT('',(46.408582928116,1.,-0.403096820419));
#5742 = PCURVE('',#1686,#5743);
#5743 = DEFINITIONAL_REPRESENTATION('',(#5744),#5748);
#5744 = LINE('',#5745,#5746);
#5745 = CARTESIAN_POINT('',(0.,0.));
#5746 = VECTOR('',#5747,1.);
#5747 = DIRECTION('',(1.,0.));
#5748 = ( GEOMETRIC_REPRESENTATION_CONTEXT(2) 
PARAMETRIC_REPRESENTATION_CONTEXT() REPRESENTATION_CONTEXT('2D SPACE',''
  ) );
#5749 = PCURVE('',#1977,#5750);
#5750 = DEFINITIONAL_REPRESENTATION('',(#5751),#5754);
#5751 = B_SPLINE_CURVE_WITH_KNOTS('',1,(#5752,#5753),.UNSPECIFIED.,.F.,
  .F.,(2,2),(0.,1.),.PIECEWISE_BEZIER_KNOTS.);
#5752 = CARTESIAN_POINT('',(0.,0.));
#5753 = CARTESIAN_POINT('',(0.251160372832,1.984166945375));
#5754 = ( GEOMETRIC_REPRESENTATION_CONTEXT(2) 
PARAMETRIC_REPRESENTATION_CONTEXT() REPRESENTATION_CONTEXT('2D SPACE',''
  ) );
#5755 = ORIENTED_EDGE('',*,*,#2584,.T.);
#5756 = ORIENTED_EDGE('',*,*,#2413,.T.);
#5757 = ADVANCED_FACE('',(#5758),#1977,.F.);
#5758 = FACE_BOUND('',#5759,.F.);
#5759 = EDGE_LOOP('',(#5760,#5761,#5762,#5781));
#5760 = ORIENTED_EDGE('',*,*,#5737,.F.);
#5761 = ORIENTED_EDGE('',*,*,#1964,.F.);
#5762 = ORIENTED_EDGE('',*,*,#5763,.F.);
#5763 = EDGE_CURVE('',#2618,#1905,#5764,.T.);
#5764 = SURFACE_CURVE('',#5765,(#5768,#5774),.PCURVE_S1.);
#5765 = B_SPLINE_CURVE_WITH_KNOTS('',1,(#5766,#5767),.UNSPECIFIED.,.F.,
  .F.,(2,2),(2.,3.),.PIECEWISE_BEZIER_KNOTS.);
#5766 = CARTESIAN_POINT('',(60.056289562311,1.,7.558065382861));
#5767 = CARTESIAN_POINT('',(60.056289562311,-1.,7.558065382861));
#5768 = PCURVE('',#1977,#5769);
#5769 = DEFINITIONAL_REPRESENTATION('',(#5770),#5773);
#5770 = B_SPLINE_CURVE_WITH_KNOTS('',1,(#5771,#5772),.UNSPECIFIED.,.F.,
  .F.,(2,2),(2.,3.),.PIECEWISE_BEZIER_KNOTS.);
#5771 = CARTESIAN_POINT('',(15.926079241295,1.7763568394E-15));
#5772 = CARTESIAN_POINT('',(15.674918868462,-1.984166945375));
#5773 = ( GEOMETRIC_REPRESENTATION_CONTEXT(2) 
PARAMETRIC_REPRESENTATION_CONTEXT() REPRESENTATION_CONTEXT('2D SPACE',''
  ) );
#5774 = PCURVE('',#1930,#5775);
#5775 = DEFINITIONAL_REPRESENTATION('',(#5776),#5780);
#5776 = LINE('',#5777,#5778);
#5777 = CARTESIAN_POINT('',(0.,0.));
#5778 = VECTOR('',#5779,1.);
#5779 = DIRECTION('',(1.,0.));
#5780 = ( GEOMETRIC_REPRESENTATION_CONTEXT(2) 
PARAMETRIC_REPRESENTATION_CONTEXT() REPRESENTATION_CONTEXT('2D SPACE',''
  ) );
#5781 = ORIENTED_EDGE('',*,*,#2617,.F.);
#5782 = ADVANCED_FACE('',(#5783),#1930,.F.);
#5783 = FACE_BOUND('',#5784,.F.);
#5784 = EDGE_LOOP('',(#5785,#5786,#5787,#5806));
#5785 = ORIENTED_EDGE('',*,*,#5763,.T.);
#5786 = ORIENTED_EDGE('',*,*,#1904,.T.);
#5787 = ORIENTED_EDGE('',*,*,#5788,.F.);
#5788 = EDGE_CURVE('',#2639,#1879,#5789,.T.);
#5789 = SURFACE_CURVE('',#5790,(#5793,#5800),.PCURVE_S1.);
#5790 = B_SPLINE_CURVE_WITH_KNOTS('',1,(#5791,#5792),.UNSPECIFIED.,.F.,
  .F.,(2,2),(2.,3.),.PIECEWISE_BEZIER_KNOTS.);
#5791 = CARTESIAN_POINT('',(5.893027897296,17.230653413922,
    62.51935512762));
#5792 = CARTESIAN_POINT('',(7.625078704865,16.230653413922,
    62.51935512762));
#5793 = PCURVE('',#1930,#5794);
#5794 = DEFINITIONAL_REPRESENTATION('',(#5795),#5799);
#5795 = LINE('',#5796,#5797);
#5796 = CARTESIAN_POINT('',(0.,1.));
#5797 = VECTOR('',#5798,1.);
#5798 = DIRECTION('',(1.,0.));
#5799 = ( GEOMETRIC_REPRESENTATION_CONTEXT(2) 
PARAMETRIC_REPRESENTATION_CONTEXT() REPRESENTATION_CONTEXT('2D SPACE',''
  ) );
#5800 = PCURVE('',#1893,#5801);
#5801 = DEFINITIONAL_REPRESENTATION('',(#5802),#5805);
#5802 = B_SPLINE_CURVE_WITH_KNOTS('',1,(#5803,#5804),.UNSPECIFIED.,.F.,
  .F.,(2,2),(2.,3.),.PIECEWISE_BEZIER_KNOTS.);
#5803 = CARTESIAN_POINT('',(6.135144660071,1.7763568394E-15));
#5804 = CARTESIAN_POINT('',(5.483163293432,-1.890745963253));
#5805 = ( GEOMETRIC_REPRESENTATION_CONTEXT(2) 
PARAMETRIC_REPRESENTATION_CONTEXT() REPRESENTATION_CONTEXT('2D SPACE',''
  ) );
#5806 = ORIENTED_EDGE('',*,*,#2638,.F.);
#5807 = ADVANCED_FACE('',(#5808),#1893,.T.);
#5808 = FACE_BOUND('',#5809,.T.);
#5809 = EDGE_LOOP('',(#5810,#5811,#5812,#5813,#5814));
#5810 = ORIENTED_EDGE('',*,*,#2219,.F.);
#5811 = ORIENTED_EDGE('',*,*,#1878,.F.);
#5812 = ORIENTED_EDGE('',*,*,#5788,.F.);
#5813 = ORIENTED_EDGE('',*,*,#2671,.F.);
#5814 = ORIENTED_EDGE('',*,*,#3062,.F.);
#5815 = ADVANCED_FACE('',(#5816,#5825),#2263,.T.);
#5816 = FACE_BOUND('',#5817,.T.);
#5817 = EDGE_LOOP('',(#5818,#5819,#5820,#5821,#5822,#5823,#5824));
#5818 = ORIENTED_EDGE('',*,*,#2246,.F.);
#5819 = ORIENTED_EDGE('',*,*,#3038,.T.);
#5820 = ORIENTED_EDGE('',*,*,#4062,.T.);
#5821 = ORIENTED_EDGE('',*,*,#5120,.F.);
#5822 = ORIENTED_EDGE('',*,*,#5273,.F.);
#5823 = ORIENTED_EDGE('',*,*,#4245,.F.);
#5824 = ORIENTED_EDGE('',*,*,#3297,.F.);
#5825 = FACE_BOUND('',#5826,.T.);
#5826 = EDGE_LOOP('',(#5827));
#5827 = ORIENTED_EDGE('',*,*,#5706,.T.);
#5828 = ADVANCED_FACE('',(#5829),#2297,.T.);
#5829 = FACE_BOUND('',#5830,.T.);
#5830 = EDGE_LOOP('',(#5831,#5832,#5833,#5852,#5853));
#5831 = ORIENTED_EDGE('',*,*,#3272,.F.);
#5832 = ORIENTED_EDGE('',*,*,#3016,.F.);
#5833 = ORIENTED_EDGE('',*,*,#5834,.F.);
#5834 = EDGE_CURVE('',#2501,#2829,#5835,.T.);
#5835 = SURFACE_CURVE('',#5836,(#5839,#5845),.PCURVE_S1.);
#5836 = B_SPLINE_CURVE_WITH_KNOTS('',1,(#5837,#5838),.UNSPECIFIED.,.F.,
  .F.,(2,2),(2.,3.),.PIECEWISE_BEZIER_KNOTS.);
#5837 = CARTESIAN_POINT('',(16.053682197291,3.868162643193,
    62.51935512762));
#5838 = CARTESIAN_POINT('',(16.351766729644,1.890500990743,
    62.51935512762));
#5839 = PCURVE('',#2297,#5840);
#5840 = DEFINITIONAL_REPRESENTATION('',(#5841),#5844);
#5841 = B_SPLINE_CURVE_WITH_KNOTS('',1,(#5842,#5843),.UNSPECIFIED.,.F.,
  .F.,(2,2),(2.,3.),.PIECEWISE_BEZIER_KNOTS.);
#5842 = CARTESIAN_POINT('',(6.135144660071,-1.7763568394E-15));
#5843 = CARTESIAN_POINT('',(5.483163293432,-1.890745963253));
#5844 = ( GEOMETRIC_REPRESENTATION_CONTEXT(2) 
PARAMETRIC_REPRESENTATION_CONTEXT() REPRESENTATION_CONTEXT('2D SPACE',''
  ) );
#5845 = PCURVE('',#2526,#5846);
#5846 = DEFINITIONAL_REPRESENTATION('',(#5847),#5851);
#5847 = LINE('',#5848,#5849);
#5848 = CARTESIAN_POINT('',(0.,1.));
#5849 = VECTOR('',#5850,1.);
#5850 = DIRECTION('',(1.,0.));
#5851 = ( GEOMETRIC_REPRESENTATION_CONTEXT(2) 
PARAMETRIC_REPRESENTATION_CONTEXT() REPRESENTATION_CONTEXT('2D SPACE',''
  ) );
#5852 = ORIENTED_EDGE('',*,*,#2560,.F.);
#5853 = ORIENTED_EDGE('',*,*,#2279,.F.);
#5854 = ADVANCED_FACE('',(#5855),#2489,.F.);
#5855 = FACE_BOUND('',#5856,.F.);
#5856 = EDGE_LOOP('',(#5857,#5858,#5859,#5878));
#5857 = ORIENTED_EDGE('',*,*,#2802,.F.);
#5858 = ORIENTED_EDGE('',*,*,#2861,.F.);
#5859 = ORIENTED_EDGE('',*,*,#5860,.F.);
#5860 = EDGE_CURVE('',#2475,#2827,#5861,.T.);
#5861 = SURFACE_CURVE('',#5862,(#5865,#5871),.PCURVE_S1.);
#5862 = B_SPLINE_CURVE_WITH_KNOTS('',1,(#5863,#5864),.UNSPECIFIED.,.F.,
  .F.,(2,2),(2.,3.),.PIECEWISE_BEZIER_KNOTS.);
#5863 = CARTESIAN_POINT('',(37.134287660803,-48.59802740075,
    7.558065382861));
#5864 = CARTESIAN_POINT('',(35.570624695867,-49.84500700447,
    7.558065382861));
#5865 = PCURVE('',#2489,#5866);
#5866 = DEFINITIONAL_REPRESENTATION('',(#5867),#5870);
#5867 = B_SPLINE_CURVE_WITH_KNOTS('',1,(#5868,#5869),.UNSPECIFIED.,.F.,
  .F.,(2,2),(2.,3.),.PIECEWISE_BEZIER_KNOTS.);
#5868 = CARTESIAN_POINT('',(15.926079241295,-5.329070518201E-15));
#5869 = CARTESIAN_POINT('',(15.674918868462,-1.984166945375));
#5870 = ( GEOMETRIC_REPRESENTATION_CONTEXT(2) 
PARAMETRIC_REPRESENTATION_CONTEXT() REPRESENTATION_CONTEXT('2D SPACE',''
  ) );
#5871 = PCURVE('',#2526,#5872);
#5872 = DEFINITIONAL_REPRESENTATION('',(#5873),#5877);
#5873 = LINE('',#5874,#5875);
#5874 = CARTESIAN_POINT('',(0.,0.));
#5875 = VECTOR('',#5876,1.);
#5876 = DIRECTION('',(1.,0.));
#5877 = ( GEOMETRIC_REPRESENTATION_CONTEXT(2) 
PARAMETRIC_REPRESENTATION_CONTEXT() REPRESENTATION_CONTEXT('2D SPACE',''
  ) );
#5878 = ORIENTED_EDGE('',*,*,#2474,.F.);
#5879 = ADVANCED_FACE('',(#5880),#2526,.F.);
#5880 = FACE_BOUND('',#5881,.F.);
#5881 = EDGE_LOOP('',(#5882,#5883,#5884,#5885));
#5882 = ORIENTED_EDGE('',*,*,#5860,.T.);
#5883 = ORIENTED_EDGE('',*,*,#2826,.T.);
#5884 = ORIENTED_EDGE('',*,*,#5834,.F.);
#5885 = ORIENTED_EDGE('',*,*,#2500,.F.);
#5886 = ADVANCED_FACE('',(#5887),#3181,.T.);
#5887 = FACE_BOUND('',#5888,.T.);
#5888 = EDGE_LOOP('',(#5889,#5890,#5891,#5910,#5911));
#5889 = ORIENTED_EDGE('',*,*,#3163,.F.);
#5890 = ORIENTED_EDGE('',*,*,#3479,.F.);
#5891 = ORIENTED_EDGE('',*,*,#5892,.F.);
#5892 = EDGE_CURVE('',#3781,#3361,#5893,.T.);
#5893 = SURFACE_CURVE('',#5894,(#5897,#5903),.PCURVE_S1.);
#5894 = B_SPLINE_CURVE_WITH_KNOTS('',1,(#5895,#5896),.UNSPECIFIED.,.F.,
  .F.,(2,2),(2.,3.),.PIECEWISE_BEZIER_KNOTS.);
#5895 = CARTESIAN_POINT('',(-10.8892524077,17.618110722692,
    62.51935512762));
#5896 = CARTESIAN_POINT('',(-9.027504910419,18.348792771425,
    62.51935512762));
#5897 = PCURVE('',#3181,#5898);
#5898 = DEFINITIONAL_REPRESENTATION('',(#5899),#5902);
#5899 = B_SPLINE_CURVE_WITH_KNOTS('',1,(#5900,#5901),.UNSPECIFIED.,.F.,
  .F.,(2,2),(2.,3.),.PIECEWISE_BEZIER_KNOTS.);
#5900 = CARTESIAN_POINT('',(6.135144660071,-1.7763568394E-15));
#5901 = CARTESIAN_POINT('',(5.483163293432,-1.890745963253));
#5902 = ( GEOMETRIC_REPRESENTATION_CONTEXT(2) 
PARAMETRIC_REPRESENTATION_CONTEXT() REPRESENTATION_CONTEXT('2D SPACE',''
  ) );
#5903 = PCURVE('',#3386,#5904);
#5904 = DEFINITIONAL_REPRESENTATION('',(#5905),#5909);
#5905 = LINE('',#5906,#5907);
#5906 = CARTESIAN_POINT('',(0.,1.));
#5907 = VECTOR('',#5908,1.);
#5908 = DIRECTION('',(1.,0.));
#5909 = ( GEOMETRIC_REPRESENTATION_CONTEXT(2) 
PARAMETRIC_REPRESENTATION_CONTEXT() REPRESENTATION_CONTEXT('2D SPACE',''
  ) );
#5910 = ORIENTED_EDGE('',*,*,#3813,.F.);
#5911 = ORIENTED_EDGE('',*,*,#4086,.F.);
#5912 = ADVANCED_FACE('',(#5913),#3343,.T.);
#5913 = FACE_BOUND('',#5914,.T.);
#5914 = EDGE_LOOP('',(#5915,#5916,#5917,#5936,#5937));
#5915 = ORIENTED_EDGE('',*,*,#4220,.F.);
#5916 = ORIENTED_EDGE('',*,*,#4040,.F.);
#5917 = ORIENTED_EDGE('',*,*,#5918,.F.);
#5918 = EDGE_CURVE('',#3561,#3913,#5919,.T.);
#5919 = SURFACE_CURVE('',#5920,(#5923,#5929),.PCURVE_S1.);
#5920 = B_SPLINE_CURVE_WITH_KNOTS('',1,(#5921,#5922),.UNSPECIFIED.,.F.,
  .F.,(2,2),(2.,3.),.PIECEWISE_BEZIER_KNOTS.);
#5921 = CARTESIAN_POINT('',(11.941530564806,-12.40713349399,
    62.51935512762));
#5922 = CARTESIAN_POINT('',(10.581185089264,-13.87323723765,
    62.51935512762));
#5923 = PCURVE('',#3343,#5924);
#5924 = DEFINITIONAL_REPRESENTATION('',(#5925),#5928);
#5925 = B_SPLINE_CURVE_WITH_KNOTS('',1,(#5926,#5927),.UNSPECIFIED.,.F.,
  .F.,(2,2),(2.,3.),.PIECEWISE_BEZIER_KNOTS.);
#5926 = CARTESIAN_POINT('',(6.135144660071,0.));
#5927 = CARTESIAN_POINT('',(5.483163293432,-1.890745963253));
#5928 = ( GEOMETRIC_REPRESENTATION_CONTEXT(2) 
PARAMETRIC_REPRESENTATION_CONTEXT() REPRESENTATION_CONTEXT('2D SPACE',''
  ) );
#5929 = PCURVE('',#3586,#5930);
#5930 = DEFINITIONAL_REPRESENTATION('',(#5931),#5935);
#5931 = LINE('',#5932,#5933);
#5932 = CARTESIAN_POINT('',(0.,1.));
#5933 = VECTOR('',#5934,1.);
#5934 = DIRECTION('',(1.,0.));
#5935 = ( GEOMETRIC_REPRESENTATION_CONTEXT(2) 
PARAMETRIC_REPRESENTATION_CONTEXT() REPRESENTATION_CONTEXT('2D SPACE',''
  ) );
#5936 = ORIENTED_EDGE('',*,*,#3620,.F.);
#5937 = ORIENTED_EDGE('',*,*,#3325,.F.);
#5938 = ADVANCED_FACE('',(#5939),#3386,.F.);
#5939 = FACE_BOUND('',#5940,.F.);
#5940 = EDGE_LOOP('',(#5941,#5960,#5961,#5962));
#5941 = ORIENTED_EDGE('',*,*,#5942,.T.);
#5942 = EDGE_CURVE('',#3760,#3359,#5943,.T.);
#5943 = SURFACE_CURVE('',#5944,(#5947,#5954),.PCURVE_S1.);
#5944 = B_SPLINE_CURVE_WITH_KNOTS('',1,(#5945,#5946),.UNSPECIFIED.,.F.,
  .F.,(2,2),(2.,3.),.PIECEWISE_BEZIER_KNOTS.);
#5945 = CARTESIAN_POINT('',(35.570624695867,49.845007004471,
    7.558065382861));
#5946 = CARTESIAN_POINT('',(37.134287660803,48.598027400753,
    7.558065382861));
#5947 = PCURVE('',#3386,#5948);
#5948 = DEFINITIONAL_REPRESENTATION('',(#5949),#5953);
#5949 = LINE('',#5950,#5951);
#5950 = CARTESIAN_POINT('',(0.,0.));
#5951 = VECTOR('',#5952,1.);
#5952 = DIRECTION('',(1.,0.));
#5953 = ( GEOMETRIC_REPRESENTATION_CONTEXT(2) 
PARAMETRIC_REPRESENTATION_CONTEXT() REPRESENTATION_CONTEXT('2D SPACE',''
  ) );
#5954 = PCURVE('',#3435,#5955);
#5955 = DEFINITIONAL_REPRESENTATION('',(#5956),#5959);
#5956 = B_SPLINE_CURVE_WITH_KNOTS('',1,(#5957,#5958),.UNSPECIFIED.,.F.,
  .F.,(2,2),(2.,3.),.PIECEWISE_BEZIER_KNOTS.);
#5957 = CARTESIAN_POINT('',(15.926079241295,3.552713678801E-15));
#5958 = CARTESIAN_POINT('',(15.674918868462,-1.984166945375));
#5959 = ( GEOMETRIC_REPRESENTATION_CONTEXT(2) 
PARAMETRIC_REPRESENTATION_CONTEXT() REPRESENTATION_CONTEXT('2D SPACE',''
  ) );
#5960 = ORIENTED_EDGE('',*,*,#3358,.T.);
#5961 = ORIENTED_EDGE('',*,*,#5892,.F.);
#5962 = ORIENTED_EDGE('',*,*,#3780,.F.);
#5963 = ADVANCED_FACE('',(#5964),#3435,.F.);
#5964 = FACE_BOUND('',#5965,.F.);
#5965 = EDGE_LOOP('',(#5966,#5967,#5968,#5969));
#5966 = ORIENTED_EDGE('',*,*,#3645,.F.);
#5967 = ORIENTED_EDGE('',*,*,#3420,.F.);
#5968 = ORIENTED_EDGE('',*,*,#5942,.F.);
#5969 = ORIENTED_EDGE('',*,*,#3759,.F.);
#5970 = ADVANCED_FACE('',(#5971),#3586,.F.);
#5971 = FACE_BOUND('',#5972,.F.);
#5972 = EDGE_LOOP('',(#5973,#5992,#5993,#5994));
#5973 = ORIENTED_EDGE('',*,*,#5974,.T.);
#5974 = EDGE_CURVE('',#3535,#3911,#5975,.T.);
#5975 = SURFACE_CURVE('',#5976,(#5979,#5986),.PCURVE_S1.);
#5976 = B_SPLINE_CURVE_WITH_KNOTS('',1,(#5977,#5978),.UNSPECIFIED.,.F.,
  .F.,(2,2),(2.,3.),.PIECEWISE_BEZIER_KNOTS.);
#5977 = CARTESIAN_POINT('',(-15.93464605319,-61.60074894964,
    7.558065382861));
#5978 = CARTESIAN_POINT('',(-17.88450187755,-61.15570708172,
    7.558065382861));
#5979 = PCURVE('',#3586,#5980);
#5980 = DEFINITIONAL_REPRESENTATION('',(#5981),#5985);
#5981 = LINE('',#5982,#5983);
#5982 = CARTESIAN_POINT('',(0.,0.));
#5983 = VECTOR('',#5984,1.);
#5984 = DIRECTION('',(1.,0.));
#5985 = ( GEOMETRIC_REPRESENTATION_CONTEXT(2) 
PARAMETRIC_REPRESENTATION_CONTEXT() REPRESENTATION_CONTEXT('2D SPACE',''
  ) );
#5986 = PCURVE('',#3549,#5987);
#5987 = DEFINITIONAL_REPRESENTATION('',(#5988),#5991);
#5988 = B_SPLINE_CURVE_WITH_KNOTS('',1,(#5989,#5990),.UNSPECIFIED.,.F.,
  .F.,(2,2),(2.,3.),.PIECEWISE_BEZIER_KNOTS.);
#5989 = CARTESIAN_POINT('',(15.926079241295,-3.552713678801E-15));
#5990 = CARTESIAN_POINT('',(15.674918868462,-1.984166945375));
#5991 = ( GEOMETRIC_REPRESENTATION_CONTEXT(2) 
PARAMETRIC_REPRESENTATION_CONTEXT() REPRESENTATION_CONTEXT('2D SPACE',''
  ) );
#5992 = ORIENTED_EDGE('',*,*,#3910,.T.);
#5993 = ORIENTED_EDGE('',*,*,#5918,.F.);
#5994 = ORIENTED_EDGE('',*,*,#3560,.F.);
#5995 = ADVANCED_FACE('',(#5996),#3549,.F.);
#5996 = FACE_BOUND('',#5997,.F.);
#5997 = EDGE_LOOP('',(#5998,#5999,#6000,#6001));
#5998 = ORIENTED_EDGE('',*,*,#3734,.F.);
#5999 = ORIENTED_EDGE('',*,*,#3945,.F.);
#6000 = ORIENTED_EDGE('',*,*,#5974,.F.);
#6001 = ORIENTED_EDGE('',*,*,#3534,.F.);
#6002 = ADVANCED_FACE('',(#6003),#4205,.T.);
#6003 = FACE_BOUND('',#6004,.T.);
#6004 = EDGE_LOOP('',(#6005,#6006,#6007,#6026,#6027));
#6005 = ORIENTED_EDGE('',*,*,#4187,.F.);
#6006 = ORIENTED_EDGE('',*,*,#4503,.F.);
#6007 = ORIENTED_EDGE('',*,*,#6008,.F.);
#6008 = EDGE_CURVE('',#4805,#4385,#6009,.T.);
#6009 = SURFACE_CURVE('',#6010,(#6013,#6019),.PCURVE_S1.);
#6010 = B_SPLINE_CURVE_WITH_KNOTS('',1,(#6011,#6012),.UNSPECIFIED.,.F.,
  .F.,(2,2),(2.,3.),.PIECEWISE_BEZIER_KNOTS.);
#6011 = CARTESIAN_POINT('',(-21.65575935192,4.738771313311,
    62.51935512762));
#6012 = CARTESIAN_POINT('',(-21.06624900309,6.649916924884,
    62.51935512762));
#6013 = PCURVE('',#4205,#6014);
#6014 = DEFINITIONAL_REPRESENTATION('',(#6015),#6018);
#6015 = B_SPLINE_CURVE_WITH_KNOTS('',1,(#6016,#6017),.UNSPECIFIED.,.F.,
  .F.,(2,2),(2.,3.),.PIECEWISE_BEZIER_KNOTS.);
#6016 = CARTESIAN_POINT('',(6.135144660071,-1.7763568394E-15));
#6017 = CARTESIAN_POINT('',(5.483163293432,-1.890745963253));
#6018 = ( GEOMETRIC_REPRESENTATION_CONTEXT(2) 
PARAMETRIC_REPRESENTATION_CONTEXT() REPRESENTATION_CONTEXT('2D SPACE',''
  ) );
#6019 = PCURVE('',#4410,#6020);
#6020 = DEFINITIONAL_REPRESENTATION('',(#6021),#6025);
#6021 = LINE('',#6022,#6023);
#6022 = CARTESIAN_POINT('',(0.,1.));
#6023 = VECTOR('',#6024,1.);
#6024 = DIRECTION('',(1.,0.));
#6025 = ( GEOMETRIC_REPRESENTATION_CONTEXT(2) 
PARAMETRIC_REPRESENTATION_CONTEXT() REPRESENTATION_CONTEXT('2D SPACE',''
  ) );
#6026 = ORIENTED_EDGE('',*,*,#4837,.F.);
#6027 = ORIENTED_EDGE('',*,*,#5146,.F.);
#6028 = ADVANCED_FACE('',(#6029),#4293,.T.);
#6029 = FACE_BOUND('',#6030,.T.);
#6030 = EDGE_LOOP('',(#6031,#6032,#6033,#6052,#6053));
#6031 = ORIENTED_EDGE('',*,*,#5248,.F.);
#6032 = ORIENTED_EDGE('',*,*,#5064,.F.);
#6033 = ORIENTED_EDGE('',*,*,#6034,.F.);
#6034 = EDGE_CURVE('',#4585,#4937,#6035,.T.);
#6035 = SURFACE_CURVE('',#6036,(#6039,#6045),.PCURVE_S1.);
#6036 = B_SPLINE_CURVE_WITH_KNOTS('',1,(#6037,#6038),.UNSPECIFIED.,.F.,
  .F.,(2,2),(2.,3.),.PIECEWISE_BEZIER_KNOTS.);
#6037 = CARTESIAN_POINT('',(-3.346892948291,-19.3396050508,
    62.51935512762));
#6038 = CARTESIAN_POINT('',(-5.341300542654,-19.19014486363,
    62.51935512762));
#6039 = PCURVE('',#4293,#6040);
#6040 = DEFINITIONAL_REPRESENTATION('',(#6041),#6044);
#6041 = B_SPLINE_CURVE_WITH_KNOTS('',1,(#6042,#6043),.UNSPECIFIED.,.F.,
  .F.,(2,2),(2.,3.),.PIECEWISE_BEZIER_KNOTS.);
#6042 = CARTESIAN_POINT('',(6.135144660071,0.));
#6043 = CARTESIAN_POINT('',(5.483163293432,-1.890745963253));
#6044 = ( GEOMETRIC_REPRESENTATION_CONTEXT(2) 
PARAMETRIC_REPRESENTATION_CONTEXT() REPRESENTATION_CONTEXT('2D SPACE',''
  ) );
#6045 = PCURVE('',#4610,#6046);
#6046 = DEFINITIONAL_REPRESENTATION('',(#6047),#6051);
#6047 = LINE('',#6048,#6049);
#6048 = CARTESIAN_POINT('',(0.,1.));
#6049 = VECTOR('',#6050,1.);
#6050 = DIRECTION('',(1.,0.));
#6051 = ( GEOMETRIC_REPRESENTATION_CONTEXT(2) 
PARAMETRIC_REPRESENTATION_CONTEXT() REPRESENTATION_CONTEXT('2D SPACE',''
  ) );
#6052 = ORIENTED_EDGE('',*,*,#4644,.F.);
#6053 = ORIENTED_EDGE('',*,*,#4273,.F.);
#6054 = ADVANCED_FACE('',(#6055),#4410,.F.);
#6055 = FACE_BOUND('',#6056,.F.);
#6056 = EDGE_LOOP('',(#6057,#6076,#6077,#6078));
#6057 = ORIENTED_EDGE('',*,*,#6058,.T.);
#6058 = EDGE_CURVE('',#4784,#4383,#6059,.T.);
#6059 = SURFACE_CURVE('',#6060,(#6063,#6070),.PCURVE_S1.);
#6060 = B_SPLINE_CURVE_WITH_KNOTS('',1,(#6061,#6062),.UNSPECIFIED.,.F.,
  .F.,(2,2),(2.,3.),.PIECEWISE_BEZIER_KNOTS.);
#6061 = CARTESIAN_POINT('',(-17.88450187755,61.155707081729,
    7.558065382861));
#6062 = CARTESIAN_POINT('',(-15.93464605319,61.600748949642,
    7.558065382861));
#6063 = PCURVE('',#4410,#6064);
#6064 = DEFINITIONAL_REPRESENTATION('',(#6065),#6069);
#6065 = LINE('',#6066,#6067);
#6066 = CARTESIAN_POINT('',(0.,0.));
#6067 = VECTOR('',#6068,1.);
#6068 = DIRECTION('',(1.,0.));
#6069 = ( GEOMETRIC_REPRESENTATION_CONTEXT(2) 
PARAMETRIC_REPRESENTATION_CONTEXT() REPRESENTATION_CONTEXT('2D SPACE',''
  ) );
#6070 = PCURVE('',#4459,#6071);
#6071 = DEFINITIONAL_REPRESENTATION('',(#6072),#6075);
#6072 = B_SPLINE_CURVE_WITH_KNOTS('',1,(#6073,#6074),.UNSPECIFIED.,.F.,
  .F.,(2,2),(2.,3.),.PIECEWISE_BEZIER_KNOTS.);
#6073 = CARTESIAN_POINT('',(15.926079241295,-8.881784197001E-16));
#6074 = CARTESIAN_POINT('',(15.674918868462,-1.984166945375));
#6075 = ( GEOMETRIC_REPRESENTATION_CONTEXT(2) 
PARAMETRIC_REPRESENTATION_CONTEXT() REPRESENTATION_CONTEXT('2D SPACE',''
  ) );
#6076 = ORIENTED_EDGE('',*,*,#4382,.T.);
#6077 = ORIENTED_EDGE('',*,*,#6008,.F.);
#6078 = ORIENTED_EDGE('',*,*,#4804,.F.);
#6079 = ADVANCED_FACE('',(#6080),#4459,.F.);
#6080 = FACE_BOUND('',#6081,.F.);
#6081 = EDGE_LOOP('',(#6082,#6083,#6084,#6085));
#6082 = ORIENTED_EDGE('',*,*,#4669,.F.);
#6083 = ORIENTED_EDGE('',*,*,#4444,.F.);
#6084 = ORIENTED_EDGE('',*,*,#6058,.F.);
#6085 = ORIENTED_EDGE('',*,*,#4783,.F.);
#6086 = ADVANCED_FACE('',(#6087),#4610,.F.);
#6087 = FACE_BOUND('',#6088,.F.);
#6088 = EDGE_LOOP('',(#6089,#6108,#6109,#6110));
#6089 = ORIENTED_EDGE('',*,*,#6090,.T.);
#6090 = EDGE_CURVE('',#4559,#4935,#6091,.T.);
#6091 = SURFACE_CURVE('',#6092,(#6095,#6102),.PCURVE_S1.);
#6092 = B_SPLINE_CURVE_WITH_KNOTS('',1,(#6093,#6094),.UNSPECIFIED.,.F.,
  .F.,(2,2),(2.,3.),.PIECEWISE_BEZIER_KNOTS.);
#6093 = CARTESIAN_POINT('',(-59.18852208407,-28.21685011317,
    7.558065382861));
#6094 = CARTESIAN_POINT('',(-60.05628956231,-26.41491237736,
    7.558065382861));
#6095 = PCURVE('',#4610,#6096);
#6096 = DEFINITIONAL_REPRESENTATION('',(#6097),#6101);
#6097 = LINE('',#6098,#6099);
#6098 = CARTESIAN_POINT('',(0.,0.));
#6099 = VECTOR('',#6100,1.);
#6100 = DIRECTION('',(1.,0.));
#6101 = ( GEOMETRIC_REPRESENTATION_CONTEXT(2) 
PARAMETRIC_REPRESENTATION_CONTEXT() REPRESENTATION_CONTEXT('2D SPACE',''
  ) );
#6102 = PCURVE('',#4573,#6103);
#6103 = DEFINITIONAL_REPRESENTATION('',(#6104),#6107);
#6104 = B_SPLINE_CURVE_WITH_KNOTS('',1,(#6105,#6106),.UNSPECIFIED.,.F.,
  .F.,(2,2),(2.,3.),.PIECEWISE_BEZIER_KNOTS.);
#6105 = CARTESIAN_POINT('',(15.926079241295,-1.7763568394E-15));
#6106 = CARTESIAN_POINT('',(15.674918868462,-1.984166945375));
#6107 = ( GEOMETRIC_REPRESENTATION_CONTEXT(2) 
PARAMETRIC_REPRESENTATION_CONTEXT() REPRESENTATION_CONTEXT('2D SPACE',''
  ) );
#6108 = ORIENTED_EDGE('',*,*,#4934,.T.);
#6109 = ORIENTED_EDGE('',*,*,#6034,.F.);
#6110 = ORIENTED_EDGE('',*,*,#4584,.F.);
#6111 = ADVANCED_FACE('',(#6112),#4573,.F.);
#6112 = FACE_BOUND('',#6113,.F.);
#6113 = EDGE_LOOP('',(#6114,#6115,#6116,#6117));
#6114 = ORIENTED_EDGE('',*,*,#4758,.F.);
#6115 = ORIENTED_EDGE('',*,*,#4969,.F.);
#6116 = ORIENTED_EDGE('',*,*,#6090,.F.);
#6117 = ORIENTED_EDGE('',*,*,#4558,.F.);
#6118 = ADVANCED_FACE('',(#6119),#5108,.T.);
#6119 = FACE_BOUND('',#6120,.T.);
#6120 = EDGE_LOOP('',(#6121,#6122,#6123,#6142,#6143));
#6121 = ORIENTED_EDGE('',*,*,#5086,.F.);
#6122 = ORIENTED_EDGE('',*,*,#5524,.F.);
#6123 = ORIENTED_EDGE('',*,*,#6124,.F.);
#6124 = EDGE_CURVE('',#5601,#5406,#6125,.T.);
#6125 = SURFACE_CURVE('',#6126,(#6129,#6135),.PCURVE_S1.);
#6126 = B_SPLINE_CURVE_WITH_KNOTS('',1,(#6127,#6128),.UNSPECIFIED.,.F.,
  .F.,(2,2),(2.,3.),.PIECEWISE_BEZIER_KNOTS.);
#6127 = CARTESIAN_POINT('',(-18.29909360963,-11.70895954831,
    62.51935512762));
#6128 = CARTESIAN_POINT('',(-19.42573372576,-10.05648199968,
    62.51935512762));
#6129 = PCURVE('',#5108,#6130);
#6130 = DEFINITIONAL_REPRESENTATION('',(#6131),#6134);
#6131 = B_SPLINE_CURVE_WITH_KNOTS('',1,(#6132,#6133),.UNSPECIFIED.,.F.,
  .F.,(2,2),(2.,3.),.PIECEWISE_BEZIER_KNOTS.);
#6132 = CARTESIAN_POINT('',(6.135144660071,0.));
#6133 = CARTESIAN_POINT('',(5.483163293432,-1.890745963253));
#6134 = ( GEOMETRIC_REPRESENTATION_CONTEXT(2) 
PARAMETRIC_REPRESENTATION_CONTEXT() REPRESENTATION_CONTEXT('2D SPACE',''
  ) );
#6135 = PCURVE('',#5431,#6136);
#6136 = DEFINITIONAL_REPRESENTATION('',(#6137),#6141);
#6137 = LINE('',#6138,#6139);
#6138 = CARTESIAN_POINT('',(0.,1.));
#6139 = VECTOR('',#6140,1.);
#6140 = DIRECTION('',(1.,0.));
#6141 = ( GEOMETRIC_REPRESENTATION_CONTEXT(2) 
PARAMETRIC_REPRESENTATION_CONTEXT() REPRESENTATION_CONTEXT('2D SPACE',''
  ) );
#6142 = ORIENTED_EDGE('',*,*,#5633,.F.);
#6143 = ORIENTED_EDGE('',*,*,#5299,.F.);
#6144 = ADVANCED_FACE('',(#6145),#5431,.F.);
#6145 = FACE_BOUND('',#6146,.F.);
#6146 = EDGE_LOOP('',(#6147,#6166,#6167,#6168));
#6147 = ORIENTED_EDGE('',*,*,#6148,.T.);
#6148 = EDGE_CURVE('',#5580,#5404,#6149,.T.);
#6149 = SURFACE_CURVE('',#6150,(#6153,#6160),.PCURVE_S1.);
#6150 = B_SPLINE_CURVE_WITH_KNOTS('',1,(#6151,#6152),.UNSPECIFIED.,.F.,
  .F.,(2,2),(2.,3.),.PIECEWISE_BEZIER_KNOTS.);
#6151 = CARTESIAN_POINT('',(-60.05628956231,26.414912377366,
    7.558065382861));
#6152 = CARTESIAN_POINT('',(-59.18852208407,28.21685011317,
    7.558065382861));
#6153 = PCURVE('',#5431,#6154);
#6154 = DEFINITIONAL_REPRESENTATION('',(#6155),#6159);
#6155 = LINE('',#6156,#6157);
#6156 = CARTESIAN_POINT('',(0.,0.));
#6157 = VECTOR('',#6158,1.);
#6158 = DIRECTION('',(1.,0.));
#6159 = ( GEOMETRIC_REPRESENTATION_CONTEXT(2) 
PARAMETRIC_REPRESENTATION_CONTEXT() REPRESENTATION_CONTEXT('2D SPACE',''
  ) );
#6160 = PCURVE('',#5480,#6161);
#6161 = DEFINITIONAL_REPRESENTATION('',(#6162),#6165);
#6162 = B_SPLINE_CURVE_WITH_KNOTS('',1,(#6163,#6164),.UNSPECIFIED.,.F.,
  .F.,(2,2),(2.,3.),.PIECEWISE_BEZIER_KNOTS.);
#6163 = CARTESIAN_POINT('',(15.926079241295,-1.7763568394E-15));
#6164 = CARTESIAN_POINT('',(15.674918868462,-1.984166945375));
#6165 = ( GEOMETRIC_REPRESENTATION_CONTEXT(2) 
PARAMETRIC_REPRESENTATION_CONTEXT() REPRESENTATION_CONTEXT('2D SPACE',''
  ) );
#6166 = ORIENTED_EDGE('',*,*,#5403,.T.);
#6167 = ORIENTED_EDGE('',*,*,#6124,.F.);
#6168 = ORIENTED_EDGE('',*,*,#5600,.F.);
#6169 = ADVANCED_FACE('',(#6170),#5480,.F.);
#6170 = FACE_BOUND('',#6171,.F.);
#6171 = EDGE_LOOP('',(#6172,#6173,#6174,#6175));
#6172 = ORIENTED_EDGE('',*,*,#5658,.F.);
#6173 = ORIENTED_EDGE('',*,*,#5465,.F.);
#6174 = ORIENTED_EDGE('',*,*,#6148,.F.);
#6175 = ORIENTED_EDGE('',*,*,#5579,.F.);
#6176 = ( GEOMETRIC_REPRESENTATION_CONTEXT(3) 
GLOBAL_UNCERTAINTY_ASSIGNED_CONTEXT((#6180)) 
GLOBAL_UNIT_ASSIGNED_CONTEXT((#6177,#6178,#6179)) REPRESENTATION_CONTEXT
('Context #1','3D Context with UNIT and UNCERTAINTY') );
#6177 = ( LENGTH_UNIT() NAMED_UNIT(*) SI_UNIT(.MILLI.,.METRE.) );
#6178 = ( NAMED_UNIT(*) PLANE_ANGLE_UNIT() SI_UNIT($,.RADIAN.) );
#6179 = ( NAMED_UNIT(*) SI_UNIT($,.STERADIAN.) SOLID_ANGLE_UNIT() );
#6180 = UNCERTAINTY_MEASURE_WITH_UNIT(LENGTH_MEASURE(2.E-02),#6177,
  'distance_accuracy_value','confusion accuracy');
#6181 = PRODUCT_RELATED_PRODUCT_CATEGORY('part',$,(#7));
ENDSEC;
END-ISO-10303-21;
