ISO-10303-21;
HEADER;
FILE_DESCRIPTION(('Open CASCADE Model'),'2;1');
FILE_NAME('Open CASCADE Shape Model','2026-05-26T19:50:29',('Author'),(
    'Open CASCADE'),'Open CASCADE STEP processor 7.8','Open CASCADE 7.8'
  ,'Unknown');
FILE_SCHEMA(('AUTOMOTIVE_DESIGN { 1 0 10303 214 1 1 1 1 }'));
ENDSEC;
DATA;
#1 = APPLICATION_PROTOCOL_DEFINITION('international standard',
  'automotive_design',2000,#2);
#2 = APPLICATION_CONTEXT(
  'core data for automotive mechanical design processes');
#3 = SHAPE_DEFINITION_REPRESENTATION(#4,#10);
#4 = PRODUCT_DEFINITION_SHAPE('','',#5);
#5 = PRODUCT_DEFINITION('design','',#6,#9);
#6 = PRODUCT_DEFINITION_FORMATION('','',#7);
#7 = PRODUCT('Open CASCADE STEP translator 7.8 2',
  'Open CASCADE STEP translator 7.8 2','',(#8));
#8 = PRODUCT_CONTEXT('',#2,'mechanical');
#9 = PRODUCT_DEFINITION_CONTEXT('part definition',#2,'design');
#10 = ADVANCED_BREP_SHAPE_REPRESENTATION('',(#11,#15),#5665);
#11 = AXIS2_PLACEMENT_3D('',#12,#13,#14);
#12 = CARTESIAN_POINT('',(0.,0.,0.));
#13 = DIRECTION('',(0.,0.,1.));
#14 = DIRECTION('',(1.,0.,-0.));
#15 = MANIFOLD_SOLID_BREP('',#16);
#16 = CLOSED_SHELL('',(#17,#170,#405,#551,#781,#942,#1138,#1425,#1712,
    #1999,#2286,#2568,#2622,#2815,#2840,#3577,#3602,#3609,#3752,#3798,
    #3831,#3924,#4021,#4112,#4205,#4301,#4394,#4490,#4581,#4674,#4770,
    #4861,#4954,#5050,#5141,#5232,#5323,#5348,#5373,#5398,#5423,#5448,
    #5473,#5498,#5505,#5530,#5537,#5562,#5569,#5594,#5601,#5626,#5633,
    #5658));
#17 = ADVANCED_FACE('',(#18),#33,.T.);
#18 = FACE_BOUND('',#19,.T.);
#19 = EDGE_LOOP('',(#20,#56,#81,#140));
#20 = ORIENTED_EDGE('',*,*,#21,.F.);
#21 = EDGE_CURVE('',#22,#24,#26,.T.);
#22 = VERTEX_POINT('',#23);
#23 = CARTESIAN_POINT('',(12.12130023579,3.552713678801E-15,60.));
#24 = VERTEX_POINT('',#25);
#25 = CARTESIAN_POINT('',(11.953762629167,2.235633992643,60.));
#26 = SURFACE_CURVE('',#27,(#32,#44),.PCURVE_S1.);
#27 = CIRCLE('',#28,15.);
#28 = AXIS2_PLACEMENT_3D('',#29,#30,#31);
#29 = CARTESIAN_POINT('',(-2.87869976421,3.552713678801E-15,60.));
#30 = DIRECTION('',(0.,0.,1.));
#31 = DIRECTION('',(1.,0.,0.));
#32 = PCURVE('',#33,#38);
#33 = CONICAL_SURFACE('',#34,50.,0.528074448426);
#34 = AXIS2_PLACEMENT_3D('',#35,#36,#37);
#35 = CARTESIAN_POINT('',(-2.87869976421,3.552713678801E-15,0.));
#36 = DIRECTION('',(-0.,-0.,-1.));
#37 = DIRECTION('',(1.,0.,0.));
#38 = DEFINITIONAL_REPRESENTATION('',(#39),#43);
#39 = LINE('',#40,#41);
#40 = CARTESIAN_POINT('',(-0.,-60.));
#41 = VECTOR('',#42,1.);
#42 = DIRECTION('',(-1.,-0.));
#43 = ( GEOMETRIC_REPRESENTATION_CONTEXT(2) 
PARAMETRIC_REPRESENTATION_CONTEXT() REPRESENTATION_CONTEXT('2D SPACE',''
  ) );
#44 = PCURVE('',#45,#50);
#45 = PLANE('',#46);
#46 = AXIS2_PLACEMENT_3D('',#47,#48,#49);
#47 = CARTESIAN_POINT('',(-2.87869976421,3.552713678801E-15,60.));
#48 = DIRECTION('',(0.,0.,1.));
#49 = DIRECTION('',(1.,0.,0.));
#50 = DEFINITIONAL_REPRESENTATION('',(#51),#55);
#51 = CIRCLE('',#52,15.);
#52 = AXIS2_PLACEMENT_2D('',#53,#54);
#53 = CARTESIAN_POINT('',(0.,0.));
#54 = DIRECTION('',(1.,0.));
#55 = ( GEOMETRIC_REPRESENTATION_CONTEXT(2) 
PARAMETRIC_REPRESENTATION_CONTEXT() REPRESENTATION_CONTEXT('2D SPACE',''
  ) );
#56 = ORIENTED_EDGE('',*,*,#57,.F.);
#57 = EDGE_CURVE('',#58,#22,#60,.T.);
#58 = VERTEX_POINT('',#59);
#59 = CARTESIAN_POINT('',(15.081572452831,3.552713678801E-15,
    54.925247627931));
#60 = SURFACE_CURVE('',#61,(#64,#70),.PCURVE_S1.);
#61 = B_SPLINE_CURVE_WITH_KNOTS('',1,(#62,#63),.UNSPECIFIED.,.F.,.F.,(2,
    2),(0.,1.),.PIECEWISE_BEZIER_KNOTS.);
#62 = CARTESIAN_POINT('',(47.12130023579,3.552713678801E-15,0.));
#63 = CARTESIAN_POINT('',(12.12130023579,3.552713678801E-15,60.));
#64 = PCURVE('',#33,#65);
#65 = DEFINITIONAL_REPRESENTATION('',(#66),#69);
#66 = B_SPLINE_CURVE_WITH_KNOTS('',1,(#67,#68),.UNSPECIFIED.,.F.,.F.,(2,
    2),(0.,1.),.PIECEWISE_BEZIER_KNOTS.);
#67 = CARTESIAN_POINT('',(0.,0.));
#68 = CARTESIAN_POINT('',(0.,-60.));
#69 = ( GEOMETRIC_REPRESENTATION_CONTEXT(2) 
PARAMETRIC_REPRESENTATION_CONTEXT() REPRESENTATION_CONTEXT('2D SPACE',''
  ) );
#70 = PCURVE('',#71,#76);
#71 = CONICAL_SURFACE('',#72,50.,0.528074448426);
#72 = AXIS2_PLACEMENT_3D('',#73,#74,#75);
#73 = CARTESIAN_POINT('',(-2.87869976421,3.552713678801E-15,0.));
#74 = DIRECTION('',(-0.,-0.,-1.));
#75 = DIRECTION('',(1.,0.,0.));
#76 = DEFINITIONAL_REPRESENTATION('',(#77),#80);
#77 = B_SPLINE_CURVE_WITH_KNOTS('',1,(#78,#79),.UNSPECIFIED.,.F.,.F.,(2,
    2),(0.,1.),.PIECEWISE_BEZIER_KNOTS.);
#78 = CARTESIAN_POINT('',(-6.28318530718,0.));
#79 = CARTESIAN_POINT('',(-6.28318530718,-60.));
#80 = ( GEOMETRIC_REPRESENTATION_CONTEXT(2) 
PARAMETRIC_REPRESENTATION_CONTEXT() REPRESENTATION_CONTEXT('2D SPACE',''
  ) );
#81 = ORIENTED_EDGE('',*,*,#82,.T.);
#82 = EDGE_CURVE('',#58,#83,#85,.T.);
#83 = VERTEX_POINT('',#84);
#84 = CARTESIAN_POINT('',(12.087932256021,1.143431943396,59.98243396342)
  );
#85 = SURFACE_CURVE('',#86,(#93,#103),.PCURVE_S1.);
#86 = B_SPLINE_CURVE_WITH_KNOTS('',5,(#87,#88,#89,#90,#91,#92),
  .UNSPECIFIED.,.F.,.F.,(6,6),(0.,1.),.PIECEWISE_BEZIER_KNOTS.);
#87 = CARTESIAN_POINT('',(15.081572452831,3.126653679018E-15,
    54.925247627931));
#88 = CARTESIAN_POINT('',(14.49317667084,0.2802324045,55.933926111344));
#89 = CARTESIAN_POINT('',(13.898467308822,0.534966672821,56.94405841333)
  );
#90 = CARTESIAN_POINT('',(13.298580621726,0.763889818795,57.955571678616
    ));
#91 = CARTESIAN_POINT('',(12.694678417385,0.966764564835,58.968390748567
    ));
#92 = CARTESIAN_POINT('',(12.087932256021,1.143431943396,59.98243396342)
  );
#93 = PCURVE('',#33,#94);
#94 = DEFINITIONAL_REPRESENTATION('',(#95),#102);
#95 = B_SPLINE_CURVE_WITH_KNOTS('',5,(#96,#97,#98,#99,#100,#101),
  .UNSPECIFIED.,.F.,.F.,(6,6),(0.,1.),.PIECEWISE_BEZIER_KNOTS.);
#96 = CARTESIAN_POINT('',(0.,-54.92524762793));
#97 = CARTESIAN_POINT('',(-1.560290407145E-02,-55.93392611134));
#98 = CARTESIAN_POINT('',(-3.106407615479E-02,-56.94405841333));
#99 = CARTESIAN_POINT('',(-4.635415726895E-02,-57.95557167861));
#100 = CARTESIAN_POINT('',(-6.143581269033E-02,-58.96839074856));
#101 = CARTESIAN_POINT('',(-7.625062546718E-02,-59.98243396342));
#102 = ( GEOMETRIC_REPRESENTATION_CONTEXT(2) 
PARAMETRIC_REPRESENTATION_CONTEXT() REPRESENTATION_CONTEXT('2D SPACE',''
  ) );
#103 = PCURVE('',#104,#131);
#104 = ( BOUNDED_SURFACE() B_SPLINE_SURFACE(1,7,(
    (#105,#106,#107,#108,#109,#110,#111,#112,#113,#114,#115,#116,#117)
    ,(#118,#119,#120,#121,#122,#123,#124,#125,#126,#127,#128,#129,#130
)),.UNSPECIFIED.,.F.,.F.,.F.) B_SPLINE_SURFACE_WITH_KNOTS((2,2),(8,5,8),
  (3.,4.),(0.,0.529117254068,1.),.UNSPECIFIED.) 
GEOMETRIC_REPRESENTATION_ITEM() RATIONAL_B_SPLINE_SURFACE((
    (1.,1.,1.,1.,1.,1.,1.,1.,1.,1.,1.,1.,1.)
,(1.,1.,1.,1.,1.,1.,1.,1.,1.,1.,1.,1.,1.
))) REPRESENTATION_ITEM('') SURFACE() );
#105 = CARTESIAN_POINT('',(35.514135734576,-49.90735598465,
    7.558065382861));
#106 = CARTESIAN_POINT('',(37.186241756187,-44.94729819454,
    11.226025253761));
#107 = CARTESIAN_POINT('',(38.305368586048,-39.88900301225,
    14.97529571994));
#108 = CARTESIAN_POINT('',(38.841458630355,-34.80492498392,
    18.809104747687));
#109 = CARTESIAN_POINT('',(38.774474372614,-29.77957890882,
    22.730333161279));
#110 = CARTESIAN_POINT('',(38.098648046854,-24.90930435203,
    26.741206832894));
#111 = CARTESIAN_POINT('',(35.702413778006,-16.19887539239,
    34.492599061876));
#112 = CARTESIAN_POINT('',(31.35272848002,-8.80075935766,42.562013145477
    ));
#113 = CARTESIAN_POINT('',(28.903216131896,-5.682816086803,
    46.431231576503));
#114 = CARTESIAN_POINT('',(26.101938406131,-3.004948032001,
    50.367393192205));
#115 = CARTESIAN_POINT('',(23.019210278844,-0.836018338065,
    54.365981883726));
#116 = CARTESIAN_POINT('',(19.746888683829,0.771782248884,
    58.419805090494));
#117 = CARTESIAN_POINT('',(16.388365143217,1.79161790812,62.51935512762)
  );
#118 = CARTESIAN_POINT('',(25.820103690699,-37.7514242896,
    -1.511613076572));
#119 = CARTESIAN_POINT('',(27.002086744456,-33.91954899514,
    2.492615959465));
#120 = CARTESIAN_POINT('',(27.748955708368,-30.02510168707,
    6.585609937868));
#121 = CARTESIAN_POINT('',(28.038684528136,-26.12619320684,
    10.77089275662));
#122 = CARTESIAN_POINT('',(27.857504247547,-22.29030311445,
    15.051609346563));
#123 = CARTESIAN_POINT('',(27.203287345838,-18.59399251639,
    19.430189642164));
#124 = CARTESIAN_POINT('',(25.103238661318,-12.03075345399,
    27.892209654769));
#125 = CARTESIAN_POINT('',(21.509231377386,-6.562529621177,
    36.701406950988));
#126 = CARTESIAN_POINT('',(19.512884769438,-4.288949290649,
    40.925345416398));
#127 = CARTESIAN_POINT('',(17.253942792842,-2.374471635476,
    45.222364246177));
#128 = CARTESIAN_POINT('',(14.790219238864,-0.871965146784,
    49.587533306173));
#129 = CARTESIAN_POINT('',(12.196297195116,0.179570966762,
    54.013000640283));
#130 = CARTESIAN_POINT('',(9.555315509207,0.7617013892,58.488386923428)
  );
#131 = DEFINITIONAL_REPRESENTATION('',(#132),#139);
#132 = B_SPLINE_CURVE_WITH_KNOTS('',5,(#133,#134,#135,#136,#137,#138),
  .UNSPECIFIED.,.F.,.F.,(6,6),(0.,1.),.PIECEWISE_BEZIER_KNOTS.);
#133 = CARTESIAN_POINT('',(3.6640552288,0.923504312178));
#134 = CARTESIAN_POINT('',(3.657773927112,0.93885307928));
#135 = CARTESIAN_POINT('',(3.651193544577,0.954175644491));
#136 = CARTESIAN_POINT('',(3.644286661763,0.969473340114));
#137 = CARTESIAN_POINT('',(3.637021125782,0.984747614361));
#138 = CARTESIAN_POINT('',(3.629357771059,1.));
#139 = ( GEOMETRIC_REPRESENTATION_CONTEXT(2) 
PARAMETRIC_REPRESENTATION_CONTEXT() REPRESENTATION_CONTEXT('2D SPACE',''
  ) );
#140 = ORIENTED_EDGE('',*,*,#141,.T.);
#141 = EDGE_CURVE('',#83,#24,#142,.T.);
#142 = SURFACE_CURVE('',#143,(#148,#158),.PCURVE_S1.);
#143 = ELLIPSE('',#144,26.322525453694,21.380020186097);
#144 = AXIS2_PLACEMENT_3D('',#145,#146,#147);
#145 = CARTESIAN_POINT('',(-10.52912773553,-1.153116480416,
    46.736842105263));
#146 = DIRECTION('',(-0.49824320248,-7.509807950462E-02,0.863778900898)
  );
#147 = DIRECTION('',(-0.854131204251,-0.128739564865,-0.503871025524));
#148 = PCURVE('',#33,#149);
#149 = DEFINITIONAL_REPRESENTATION('',(#150),#157);
#150 = B_SPLINE_CURVE_WITH_KNOTS('',5,(#151,#152,#153,#154,#155,#156),
  .UNSPECIFIED.,.F.,.F.,(6,6),(3.036535640872,3.14159265359),
  .PIECEWISE_BEZIER_KNOTS.);
#151 = CARTESIAN_POINT('',(0.,-59.9268747168));
#152 = CARTESIAN_POINT('',(-2.986335645255E-02,-59.95609792239));
#153 = CARTESIAN_POINT('',(-5.976901559884E-02,-59.97804222491));
#154 = CARTESIAN_POINT('',(-8.970308871216E-02,-59.99268074282));
#155 = CARTESIAN_POINT('',(-0.11965136947,-60.));
#156 = CARTESIAN_POINT('',(-0.149599650171,-60.));
#157 = ( GEOMETRIC_REPRESENTATION_CONTEXT(2) 
PARAMETRIC_REPRESENTATION_CONTEXT() REPRESENTATION_CONTEXT('2D SPACE',''
  ) );
#158 = PCURVE('',#159,#164);
#159 = PLANE('',#160);
#160 = AXIS2_PLACEMENT_3D('',#161,#162,#163);
#161 = CARTESIAN_POINT('',(9.555315509207,0.7617013892,58.488386923428)
  );
#162 = DIRECTION('',(-0.49824320248,-7.509807950462E-02,0.863778900898)
  );
#163 = DIRECTION('',(0.78403839018,0.386326286895,0.485835160088));
#164 = DEFINITIONAL_REPRESENTATION('',(#165),#169);
#165 = ELLIPSE('',#166,26.322525453694,21.380020186097);
#166 = AXIS2_PLACEMENT_2D('',#167,#168);
#167 = CARTESIAN_POINT('',(-22.19603268493,7.244744756555));
#168 = DIRECTION('',(-0.964205392804,0.265156483021));
#169 = ( GEOMETRIC_REPRESENTATION_CONTEXT(2) 
PARAMETRIC_REPRESENTATION_CONTEXT() REPRESENTATION_CONTEXT('2D SPACE',''
  ) );
#170 = ADVANCED_FACE('',(#171,#370),#45,.T.);
#171 = FACE_BOUND('',#172,.T.);
#172 = EDGE_LOOP('',(#173,#174,#203,#232,#261,#290,#319,#348));
#173 = ORIENTED_EDGE('',*,*,#21,.T.);
#174 = ORIENTED_EDGE('',*,*,#175,.T.);
#175 = EDGE_CURVE('',#24,#176,#178,.T.);
#176 = VERTEX_POINT('',#177);
#177 = CARTESIAN_POINT('',(4.62130023579,12.990381056767,60.));
#178 = SURFACE_CURVE('',#179,(#184,#191),.PCURVE_S1.);
#179 = CIRCLE('',#180,15.);
#180 = AXIS2_PLACEMENT_3D('',#181,#182,#183);
#181 = CARTESIAN_POINT('',(-2.87869976421,3.552713678801E-15,60.));
#182 = DIRECTION('',(0.,0.,1.));
#183 = DIRECTION('',(1.,0.,0.));
#184 = PCURVE('',#45,#185);
#185 = DEFINITIONAL_REPRESENTATION('',(#186),#190);
#186 = CIRCLE('',#187,15.);
#187 = AXIS2_PLACEMENT_2D('',#188,#189);
#188 = CARTESIAN_POINT('',(0.,0.));
#189 = DIRECTION('',(1.,0.));
#190 = ( GEOMETRIC_REPRESENTATION_CONTEXT(2) 
PARAMETRIC_REPRESENTATION_CONTEXT() REPRESENTATION_CONTEXT('2D SPACE',''
  ) );
#191 = PCURVE('',#192,#197);
#192 = CONICAL_SURFACE('',#193,50.,0.528074448426);
#193 = AXIS2_PLACEMENT_3D('',#194,#195,#196);
#194 = CARTESIAN_POINT('',(-2.87869976421,3.552713678801E-15,0.));
#195 = DIRECTION('',(-0.,-0.,-1.));
#196 = DIRECTION('',(1.,0.,0.));
#197 = DEFINITIONAL_REPRESENTATION('',(#198),#202);
#198 = LINE('',#199,#200);
#199 = CARTESIAN_POINT('',(-0.,-60.));
#200 = VECTOR('',#201,1.);
#201 = DIRECTION('',(-1.,-0.));
#202 = ( GEOMETRIC_REPRESENTATION_CONTEXT(2) 
PARAMETRIC_REPRESENTATION_CONTEXT() REPRESENTATION_CONTEXT('2D SPACE',''
  ) );
#203 = ORIENTED_EDGE('',*,*,#204,.T.);
#204 = EDGE_CURVE('',#176,#205,#207,.T.);
#205 = VERTEX_POINT('',#206);
#206 = CARTESIAN_POINT('',(-8.358815129706,13.963106229663,60.));
#207 = SURFACE_CURVE('',#208,(#213,#220),.PCURVE_S1.);
#208 = CIRCLE('',#209,15.);
#209 = AXIS2_PLACEMENT_3D('',#210,#211,#212);
#210 = CARTESIAN_POINT('',(-2.87869976421,3.552713678801E-15,60.));
#211 = DIRECTION('',(0.,0.,1.));
#212 = DIRECTION('',(1.,0.,0.));
#213 = PCURVE('',#45,#214);
#214 = DEFINITIONAL_REPRESENTATION('',(#215),#219);
#215 = CIRCLE('',#216,15.);
#216 = AXIS2_PLACEMENT_2D('',#217,#218);
#217 = CARTESIAN_POINT('',(0.,0.));
#218 = DIRECTION('',(1.,0.));
#219 = ( GEOMETRIC_REPRESENTATION_CONTEXT(2) 
PARAMETRIC_REPRESENTATION_CONTEXT() REPRESENTATION_CONTEXT('2D SPACE',''
  ) );
#220 = PCURVE('',#221,#226);
#221 = CONICAL_SURFACE('',#222,50.,0.528074448426);
#222 = AXIS2_PLACEMENT_3D('',#223,#224,#225);
#223 = CARTESIAN_POINT('',(-2.87869976421,3.552713678801E-15,0.));
#224 = DIRECTION('',(-0.,-0.,-1.));
#225 = DIRECTION('',(1.,0.,0.));
#226 = DEFINITIONAL_REPRESENTATION('',(#227),#231);
#227 = LINE('',#228,#229);
#228 = CARTESIAN_POINT('',(-0.,-60.));
#229 = VECTOR('',#230,1.);
#230 = DIRECTION('',(-1.,-0.));
#231 = ( GEOMETRIC_REPRESENTATION_CONTEXT(2) 
PARAMETRIC_REPRESENTATION_CONTEXT() REPRESENTATION_CONTEXT('2D SPACE',''
  ) );
#232 = ORIENTED_EDGE('',*,*,#233,.T.);
#233 = EDGE_CURVE('',#205,#234,#236,.T.);
#234 = VERTEX_POINT('',#235);
#235 = CARTESIAN_POINT('',(-17.212291851,4.421327616164,60.));
#236 = SURFACE_CURVE('',#237,(#242,#249),.PCURVE_S1.);
#237 = CIRCLE('',#238,15.);
#238 = AXIS2_PLACEMENT_3D('',#239,#240,#241);
#239 = CARTESIAN_POINT('',(-2.87869976421,3.552713678801E-15,60.));
#240 = DIRECTION('',(0.,0.,1.));
#241 = DIRECTION('',(1.,0.,0.));
#242 = PCURVE('',#45,#243);
#243 = DEFINITIONAL_REPRESENTATION('',(#244),#248);
#244 = CIRCLE('',#245,15.);
#245 = AXIS2_PLACEMENT_2D('',#246,#247);
#246 = CARTESIAN_POINT('',(0.,0.));
#247 = DIRECTION('',(1.,0.));
#248 = ( GEOMETRIC_REPRESENTATION_CONTEXT(2) 
PARAMETRIC_REPRESENTATION_CONTEXT() REPRESENTATION_CONTEXT('2D SPACE',''
  ) );
#249 = PCURVE('',#250,#255);
#250 = CONICAL_SURFACE('',#251,50.,0.528074448426);
#251 = AXIS2_PLACEMENT_3D('',#252,#253,#254);
#252 = CARTESIAN_POINT('',(-2.87869976421,3.552713678801E-15,0.));
#253 = DIRECTION('',(-0.,-0.,-1.));
#254 = DIRECTION('',(1.,0.,0.));
#255 = DEFINITIONAL_REPRESENTATION('',(#256),#260);
#256 = LINE('',#257,#258);
#257 = CARTESIAN_POINT('',(-0.,-60.));
#258 = VECTOR('',#259,1.);
#259 = DIRECTION('',(-1.,-0.));
#260 = ( GEOMETRIC_REPRESENTATION_CONTEXT(2) 
PARAMETRIC_REPRESENTATION_CONTEXT() REPRESENTATION_CONTEXT('2D SPACE',''
  ) );
#261 = ORIENTED_EDGE('',*,*,#262,.T.);
#262 = EDGE_CURVE('',#234,#263,#265,.T.);
#263 = VERTEX_POINT('',#264);
#264 = CARTESIAN_POINT('',(-15.27228137895,-8.449800870954,60.));
#265 = SURFACE_CURVE('',#266,(#271,#278),.PCURVE_S1.);
#266 = CIRCLE('',#267,15.);
#267 = AXIS2_PLACEMENT_3D('',#268,#269,#270);
#268 = CARTESIAN_POINT('',(-2.87869976421,3.552713678801E-15,60.));
#269 = DIRECTION('',(0.,0.,1.));
#270 = DIRECTION('',(1.,0.,0.));
#271 = PCURVE('',#45,#272);
#272 = DEFINITIONAL_REPRESENTATION('',(#273),#277);
#273 = CIRCLE('',#274,15.);
#274 = AXIS2_PLACEMENT_2D('',#275,#276);
#275 = CARTESIAN_POINT('',(0.,0.));
#276 = DIRECTION('',(1.,0.));
#277 = ( GEOMETRIC_REPRESENTATION_CONTEXT(2) 
PARAMETRIC_REPRESENTATION_CONTEXT() REPRESENTATION_CONTEXT('2D SPACE',''
  ) );
#278 = PCURVE('',#279,#284);
#279 = CONICAL_SURFACE('',#280,50.,0.528074448426);
#280 = AXIS2_PLACEMENT_3D('',#281,#282,#283);
#281 = CARTESIAN_POINT('',(-2.87869976421,3.552713678801E-15,0.));
#282 = DIRECTION('',(-0.,-0.,-1.));
#283 = DIRECTION('',(1.,0.,0.));
#284 = DEFINITIONAL_REPRESENTATION('',(#285),#289);
#285 = LINE('',#286,#287);
#286 = CARTESIAN_POINT('',(-0.,-60.));
#287 = VECTOR('',#288,1.);
#288 = DIRECTION('',(-1.,-0.));
#289 = ( GEOMETRIC_REPRESENTATION_CONTEXT(2) 
PARAMETRIC_REPRESENTATION_CONTEXT() REPRESENTATION_CONTEXT('2D SPACE',''
  ) );
#290 = ORIENTED_EDGE('',*,*,#291,.T.);
#291 = EDGE_CURVE('',#263,#292,#294,.T.);
#292 = VERTEX_POINT('',#293);
#293 = CARTESIAN_POINT('',(-3.999651168006,-14.95805695771,60.));
#294 = SURFACE_CURVE('',#295,(#300,#307),.PCURVE_S1.);
#295 = CIRCLE('',#296,15.);
#296 = AXIS2_PLACEMENT_3D('',#297,#298,#299);
#297 = CARTESIAN_POINT('',(-2.87869976421,3.552713678801E-15,60.));
#298 = DIRECTION('',(0.,0.,1.));
#299 = DIRECTION('',(1.,0.,0.));
#300 = PCURVE('',#45,#301);
#301 = DEFINITIONAL_REPRESENTATION('',(#302),#306);
#302 = CIRCLE('',#303,15.);
#303 = AXIS2_PLACEMENT_2D('',#304,#305);
#304 = CARTESIAN_POINT('',(0.,0.));
#305 = DIRECTION('',(1.,0.));
#306 = ( GEOMETRIC_REPRESENTATION_CONTEXT(2) 
PARAMETRIC_REPRESENTATION_CONTEXT() REPRESENTATION_CONTEXT('2D SPACE',''
  ) );
#307 = PCURVE('',#308,#313);
#308 = CONICAL_SURFACE('',#309,50.,0.528074448426);
#309 = AXIS2_PLACEMENT_3D('',#310,#311,#312);
#310 = CARTESIAN_POINT('',(-2.87869976421,3.552713678801E-15,0.));
#311 = DIRECTION('',(-0.,-0.,-1.));
#312 = DIRECTION('',(1.,0.,0.));
#313 = DEFINITIONAL_REPRESENTATION('',(#314),#318);
#314 = LINE('',#315,#316);
#315 = CARTESIAN_POINT('',(-0.,-60.));
#316 = VECTOR('',#317,1.);
#317 = DIRECTION('',(-1.,-0.));
#318 = ( GEOMETRIC_REPRESENTATION_CONTEXT(2) 
PARAMETRIC_REPRESENTATION_CONTEXT() REPRESENTATION_CONTEXT('2D SPACE',''
  ) );
#319 = ORIENTED_EDGE('',*,*,#320,.T.);
#320 = EDGE_CURVE('',#292,#321,#323,.T.);
#321 = VERTEX_POINT('',#322);
#322 = CARTESIAN_POINT('',(8.117078313238,-10.20259106656,60.));
#323 = SURFACE_CURVE('',#324,(#329,#336),.PCURVE_S1.);
#324 = CIRCLE('',#325,15.);
#325 = AXIS2_PLACEMENT_3D('',#326,#327,#328);
#326 = CARTESIAN_POINT('',(-2.87869976421,3.552713678801E-15,60.));
#327 = DIRECTION('',(0.,0.,1.));
#328 = DIRECTION('',(1.,0.,0.));
#329 = PCURVE('',#45,#330);
#330 = DEFINITIONAL_REPRESENTATION('',(#331),#335);
#331 = CIRCLE('',#332,15.);
#332 = AXIS2_PLACEMENT_2D('',#333,#334);
#333 = CARTESIAN_POINT('',(0.,0.));
#334 = DIRECTION('',(1.,0.));
#335 = ( GEOMETRIC_REPRESENTATION_CONTEXT(2) 
PARAMETRIC_REPRESENTATION_CONTEXT() REPRESENTATION_CONTEXT('2D SPACE',''
  ) );
#336 = PCURVE('',#337,#342);
#337 = CONICAL_SURFACE('',#338,50.,0.528074448426);
#338 = AXIS2_PLACEMENT_3D('',#339,#340,#341);
#339 = CARTESIAN_POINT('',(-2.87869976421,3.552713678801E-15,0.));
#340 = DIRECTION('',(-0.,-0.,-1.));
#341 = DIRECTION('',(1.,0.,0.));
#342 = DEFINITIONAL_REPRESENTATION('',(#343),#347);
#343 = LINE('',#344,#345);
#344 = CARTESIAN_POINT('',(-0.,-60.));
#345 = VECTOR('',#346,1.);
#346 = DIRECTION('',(-1.,-0.));
#347 = ( GEOMETRIC_REPRESENTATION_CONTEXT(2) 
PARAMETRIC_REPRESENTATION_CONTEXT() REPRESENTATION_CONTEXT('2D SPACE',''
  ) );
#348 = ORIENTED_EDGE('',*,*,#349,.T.);
#349 = EDGE_CURVE('',#321,#22,#350,.T.);
#350 = SURFACE_CURVE('',#351,(#356,#363),.PCURVE_S1.);
#351 = CIRCLE('',#352,15.);
#352 = AXIS2_PLACEMENT_3D('',#353,#354,#355);
#353 = CARTESIAN_POINT('',(-2.87869976421,3.552713678801E-15,60.));
#354 = DIRECTION('',(0.,0.,1.));
#355 = DIRECTION('',(1.,0.,0.));
#356 = PCURVE('',#45,#357);
#357 = DEFINITIONAL_REPRESENTATION('',(#358),#362);
#358 = CIRCLE('',#359,15.);
#359 = AXIS2_PLACEMENT_2D('',#360,#361);
#360 = CARTESIAN_POINT('',(0.,0.));
#361 = DIRECTION('',(1.,0.));
#362 = ( GEOMETRIC_REPRESENTATION_CONTEXT(2) 
PARAMETRIC_REPRESENTATION_CONTEXT() REPRESENTATION_CONTEXT('2D SPACE',''
  ) );
#363 = PCURVE('',#71,#364);
#364 = DEFINITIONAL_REPRESENTATION('',(#365),#369);
#365 = LINE('',#366,#367);
#366 = CARTESIAN_POINT('',(-0.,-60.));
#367 = VECTOR('',#368,1.);
#368 = DIRECTION('',(-1.,-0.));
#369 = ( GEOMETRIC_REPRESENTATION_CONTEXT(2) 
PARAMETRIC_REPRESENTATION_CONTEXT() REPRESENTATION_CONTEXT('2D SPACE',''
  ) );
#370 = FACE_BOUND('',#371,.T.);
#371 = EDGE_LOOP('',(#372));
#372 = ORIENTED_EDGE('',*,*,#373,.T.);
#373 = EDGE_CURVE('',#374,#374,#376,.T.);
#374 = VERTEX_POINT('',#375);
#375 = CARTESIAN_POINT('',(4.62130023579,3.552713678801E-15,60.));
#376 = SURFACE_CURVE('',#377,(#382,#393),.PCURVE_S1.);
#377 = CIRCLE('',#378,7.5);
#378 = AXIS2_PLACEMENT_3D('',#379,#380,#381);
#379 = CARTESIAN_POINT('',(-2.87869976421,3.552713678801E-15,60.));
#380 = DIRECTION('',(0.,0.,-1.));
#381 = DIRECTION('',(1.,0.,0.));
#382 = PCURVE('',#45,#383);
#383 = DEFINITIONAL_REPRESENTATION('',(#384),#392);
#384 = ( BOUNDED_CURVE() B_SPLINE_CURVE(2,(#385,#386,#387,#388,#389,#390
,#391),.UNSPECIFIED.,.T.,.F.) B_SPLINE_CURVE_WITH_KNOTS((1,2,2,2,2,1),(
    -2.094395102393,0.,2.094395102393,4.188790204786,6.28318530718,
8.377580409573),.UNSPECIFIED.) CURVE() GEOMETRIC_REPRESENTATION_ITEM() 
RATIONAL_B_SPLINE_CURVE((1.,0.5,1.,0.5,1.,0.5,1.)) REPRESENTATION_ITEM(
  '') );
#385 = CARTESIAN_POINT('',(7.5,0.));
#386 = CARTESIAN_POINT('',(7.5,-12.99038105676));
#387 = CARTESIAN_POINT('',(-3.75,-6.495190528383));
#388 = CARTESIAN_POINT('',(-15.,-1.836970198721E-15));
#389 = CARTESIAN_POINT('',(-3.75,6.495190528383));
#390 = CARTESIAN_POINT('',(7.5,12.990381056767));
#391 = CARTESIAN_POINT('',(7.5,0.));
#392 = ( GEOMETRIC_REPRESENTATION_CONTEXT(2) 
PARAMETRIC_REPRESENTATION_CONTEXT() REPRESENTATION_CONTEXT('2D SPACE',''
  ) );
#393 = PCURVE('',#394,#399);
#394 = CYLINDRICAL_SURFACE('',#395,7.5);
#395 = AXIS2_PLACEMENT_3D('',#396,#397,#398);
#396 = CARTESIAN_POINT('',(-2.87869976421,3.552713678801E-15,-2.));
#397 = DIRECTION('',(-0.,-0.,-1.));
#398 = DIRECTION('',(1.,0.,0.));
#399 = DEFINITIONAL_REPRESENTATION('',(#400),#404);
#400 = LINE('',#401,#402);
#401 = CARTESIAN_POINT('',(-6.28318530718,-62.));
#402 = VECTOR('',#403,1.);
#403 = DIRECTION('',(1.,-0.));
#404 = ( GEOMETRIC_REPRESENTATION_CONTEXT(2) 
PARAMETRIC_REPRESENTATION_CONTEXT() REPRESENTATION_CONTEXT('2D SPACE',''
  ) );
#405 = ADVANCED_FACE('',(#406),#159,.T.);
#406 = FACE_BOUND('',#407,.T.);
#407 = EDGE_LOOP('',(#408,#409,#430,#478,#526));
#408 = ORIENTED_EDGE('',*,*,#141,.F.);
#409 = ORIENTED_EDGE('',*,*,#410,.F.);
#410 = EDGE_CURVE('',#411,#83,#413,.T.);
#411 = VERTEX_POINT('',#412);
#412 = CARTESIAN_POINT('',(16.388365143217,1.79161790812,62.51935512762)
  );
#413 = SURFACE_CURVE('',#414,(#417,#423),.PCURVE_S1.);
#414 = B_SPLINE_CURVE_WITH_KNOTS('',1,(#415,#416),.UNSPECIFIED.,.F.,.F.,
  (2,2),(3.,4.),.PIECEWISE_BEZIER_KNOTS.);
#415 = CARTESIAN_POINT('',(16.388365143217,1.79161790812,62.51935512762)
  );
#416 = CARTESIAN_POINT('',(9.555315509207,0.7617013892,58.488386923428)
  );
#417 = PCURVE('',#159,#418);
#418 = DEFINITIONAL_REPRESENTATION('',(#419),#422);
#419 = B_SPLINE_CURVE_WITH_KNOTS('',1,(#420,#421),.UNSPECIFIED.,.F.,.F.,
  (2,2),(3.,4.),.PIECEWISE_BEZIER_KNOTS.);
#420 = CARTESIAN_POINT('',(7.71364314243,-2.121251864168));
#421 = CARTESIAN_POINT('',(0.,0.));
#422 = ( GEOMETRIC_REPRESENTATION_CONTEXT(2) 
PARAMETRIC_REPRESENTATION_CONTEXT() REPRESENTATION_CONTEXT('2D SPACE',''
  ) );
#423 = PCURVE('',#104,#424);
#424 = DEFINITIONAL_REPRESENTATION('',(#425),#429);
#425 = LINE('',#426,#427);
#426 = CARTESIAN_POINT('',(0.,1.));
#427 = VECTOR('',#428,1.);
#428 = DIRECTION('',(1.,0.));
#429 = ( GEOMETRIC_REPRESENTATION_CONTEXT(2) 
PARAMETRIC_REPRESENTATION_CONTEXT() REPRESENTATION_CONTEXT('2D SPACE',''
  ) );
#430 = ORIENTED_EDGE('',*,*,#431,.F.);
#431 = EDGE_CURVE('',#432,#411,#434,.T.);
#432 = VERTEX_POINT('',#433);
#433 = CARTESIAN_POINT('',(16.06047215763,3.967045725816,62.51935512762)
  );
#434 = SURFACE_CURVE('',#435,(#438,#444),.PCURVE_S1.);
#435 = B_SPLINE_CURVE_WITH_KNOTS('',1,(#436,#437),.UNSPECIFIED.,.F.,.F.,
  (2,2),(2.,3.),.PIECEWISE_BEZIER_KNOTS.);
#436 = CARTESIAN_POINT('',(16.06047215763,3.967045725816,62.51935512762)
  );
#437 = CARTESIAN_POINT('',(16.388365143217,1.79161790812,62.51935512762)
  );
#438 = PCURVE('',#159,#439);
#439 = DEFINITIONAL_REPRESENTATION('',(#440),#443);
#440 = B_SPLINE_CURVE_WITH_KNOTS('',1,(#441,#442),.UNSPECIFIED.,.F.,.F.,
  (2,2),(2.,3.),.PIECEWISE_BEZIER_KNOTS.);
#441 = CARTESIAN_POINT('',(8.296987405077,0.));
#442 = CARTESIAN_POINT('',(7.71364314243,-2.121251864168));
#443 = ( GEOMETRIC_REPRESENTATION_CONTEXT(2) 
PARAMETRIC_REPRESENTATION_CONTEXT() REPRESENTATION_CONTEXT('2D SPACE',''
  ) );
#444 = PCURVE('',#445,#472);
#445 = ( BOUNDED_SURFACE() B_SPLINE_SURFACE(1,7,(
    (#446,#447,#448,#449,#450,#451,#452,#453,#454,#455,#456,#457,#458)
    ,(#459,#460,#461,#462,#463,#464,#465,#466,#467,#468,#469,#470,#471
)),.UNSPECIFIED.,.F.,.F.,.F.) B_SPLINE_SURFACE_WITH_KNOTS((2,2),(8,5,8),
  (2.,3.),(0.,0.529117254068,1.),.UNSPECIFIED.) 
GEOMETRIC_REPRESENTATION_ITEM() RATIONAL_B_SPLINE_SURFACE((
    (1.,1.,1.,1.,1.,1.,1.,1.,1.,1.,1.,1.,1.)
,(1.,1.,1.,1.,1.,1.,1.,1.,1.,1.,1.,1.,1.
))) REPRESENTATION_ITEM('') SURFACE() );
#446 = CARTESIAN_POINT('',(37.234164996006,-48.53567842056,
    7.558065382861));
#447 = CARTESIAN_POINT('',(38.810408569127,-43.45541297177,
    11.226025253761));
#448 = CARTESIAN_POINT('',(39.821747054017,-38.28206155201,
    14.97529571994));
#449 = CARTESIAN_POINT('',(40.238019980613,-33.08955550287,
    18.809104747687));
#450 = CARTESIAN_POINT('',(40.039291767256,-27.96405799843,
    22.730333161279));
#451 = CARTESIAN_POINT('',(39.220172326701,-23.00371635155,
    26.741206832894));
#452 = CARTESIAN_POINT('',(36.532793469577,-14.14576485141,
    34.492599061876));
#453 = CARTESIAN_POINT('',(31.858197800281,-6.649654451718,
    42.562013145477));
#454 = CARTESIAN_POINT('',(29.249122188468,-3.497857860889,
    46.431231576503));
#455 = CARTESIAN_POINT('',(26.282950056308,-0.799689895444,
    50.367393192205));
#456 = CARTESIAN_POINT('',(23.031602072218,1.374862787252,
    54.365981883726));
#457 = CARTESIAN_POINT('',(19.588918893521,2.972821803244,
    58.419805090494));
#458 = CARTESIAN_POINT('',(16.06047215763,3.967045725816,62.51935512762)
  );
#459 = CARTESIAN_POINT('',(35.514135734576,-49.90735598465,
    7.558065382861));
#460 = CARTESIAN_POINT('',(37.186241756187,-44.94729819454,
    11.226025253761));
#461 = CARTESIAN_POINT('',(38.305368586048,-39.88900301225,
    14.97529571994));
#462 = CARTESIAN_POINT('',(38.841458630355,-34.80492498392,
    18.809104747687));
#463 = CARTESIAN_POINT('',(38.774474372614,-29.77957890882,
    22.730333161279));
#464 = CARTESIAN_POINT('',(38.098648046854,-24.90930435203,
    26.741206832894));
#465 = CARTESIAN_POINT('',(35.702413778006,-16.19887539239,
    34.492599061876));
#466 = CARTESIAN_POINT('',(31.35272848002,-8.80075935766,42.562013145477
    ));
#467 = CARTESIAN_POINT('',(28.903216131896,-5.682816086803,
    46.431231576503));
#468 = CARTESIAN_POINT('',(26.101938406131,-3.004948032001,
    50.367393192205));
#469 = CARTESIAN_POINT('',(23.019210278844,-0.836018338065,
    54.365981883726));
#470 = CARTESIAN_POINT('',(19.746888683829,0.771782248884,
    58.419805090494));
#471 = CARTESIAN_POINT('',(16.388365143217,1.79161790812,62.51935512762)
  );
#472 = DEFINITIONAL_REPRESENTATION('',(#473),#477);
#473 = LINE('',#474,#475);
#474 = CARTESIAN_POINT('',(0.,1.));
#475 = VECTOR('',#476,1.);
#476 = DIRECTION('',(1.,0.));
#477 = ( GEOMETRIC_REPRESENTATION_CONTEXT(2) 
PARAMETRIC_REPRESENTATION_CONTEXT() REPRESENTATION_CONTEXT('2D SPACE',''
  ) );
#478 = ORIENTED_EDGE('',*,*,#479,.F.);
#479 = EDGE_CURVE('',#480,#432,#482,.T.);
#480 = VERTEX_POINT('',#481);
#481 = CARTESIAN_POINT('',(11.760039270434,3.318859761091,59.98243396342
    ));
#482 = SURFACE_CURVE('',#483,(#486,#492),.PCURVE_S1.);
#483 = B_SPLINE_CURVE_WITH_KNOTS('',1,(#484,#485),.UNSPECIFIED.,.F.,.F.,
  (2,2),(1.,2.),.PIECEWISE_BEZIER_KNOTS.);
#484 = CARTESIAN_POINT('',(9.22742252362,2.937129206895,58.488386923428)
  );
#485 = CARTESIAN_POINT('',(16.06047215763,3.967045725816,62.51935512762)
  );
#486 = PCURVE('',#159,#487);
#487 = DEFINITIONAL_REPRESENTATION('',(#488),#491);
#488 = B_SPLINE_CURVE_WITH_KNOTS('',1,(#489,#490),.UNSPECIFIED.,.F.,.F.,
  (2,2),(1.,2.),.PIECEWISE_BEZIER_KNOTS.);
#489 = CARTESIAN_POINT('',(0.583344262646,2.121251864168));
#490 = CARTESIAN_POINT('',(8.296987405077,0.));
#491 = ( GEOMETRIC_REPRESENTATION_CONTEXT(2) 
PARAMETRIC_REPRESENTATION_CONTEXT() REPRESENTATION_CONTEXT('2D SPACE',''
  ) );
#492 = PCURVE('',#493,#520);
#493 = ( BOUNDED_SURFACE() B_SPLINE_SURFACE(1,7,(
    (#494,#495,#496,#497,#498,#499,#500,#501,#502,#503,#504,#505,#506)
    ,(#507,#508,#509,#510,#511,#512,#513,#514,#515,#516,#517,#518,#519
)),.UNSPECIFIED.,.F.,.F.,.F.) B_SPLINE_SURFACE_WITH_KNOTS((2,2),(8,5,8),
  (1.,2.),(0.,0.529117254068,1.),.UNSPECIFIED.) 
GEOMETRIC_REPRESENTATION_ITEM() RATIONAL_B_SPLINE_SURFACE((
    (1.,1.,1.,1.,1.,1.,1.,1.,1.,1.,1.,1.,1.)
,(1.,1.,1.,1.,1.,1.,1.,1.,1.,1.,1.,1.,1.
))) REPRESENTATION_ITEM('') SURFACE() );
#494 = CARTESIAN_POINT('',(27.540132952129,-36.37974672551,
    -1.511613076572));
#495 = CARTESIAN_POINT('',(28.626253557397,-32.42766377238,
    2.492615959466));
#496 = CARTESIAN_POINT('',(29.265334176331,-28.41816022683,
    6.585609937866));
#497 = CARTESIAN_POINT('',(29.435245878402,-24.4108237258,
    10.770892756623));
#498 = CARTESIAN_POINT('',(29.122321642182,-20.47478220405,
    15.051609346561));
#499 = CARTESIAN_POINT('',(28.324811625689,-16.68840451591,
    19.430189642165));
#500 = CARTESIAN_POINT('',(25.933618352885,-9.977642913009,
    27.892209654768));
#501 = CARTESIAN_POINT('',(22.014700697651,-4.411424715235,
    36.701406950989));
#502 = CARTESIAN_POINT('',(19.858790826002,-2.103991064736,
    40.925345416396));
#503 = CARTESIAN_POINT('',(17.434954443028,-0.169213498918,
    45.22236424618));
#504 = CARTESIAN_POINT('',(14.802611032232,1.338915978532,
    49.587533306171));
#505 = CARTESIAN_POINT('',(12.03832740481,2.380610521123,54.013000640284
    ));
#506 = CARTESIAN_POINT('',(9.22742252362,2.937129206895,58.488386923428)
  );
#507 = CARTESIAN_POINT('',(37.234164996006,-48.53567842056,
    7.558065382861));
#508 = CARTESIAN_POINT('',(38.810408569127,-43.45541297177,
    11.226025253761));
#509 = CARTESIAN_POINT('',(39.821747054017,-38.28206155201,
    14.97529571994));
#510 = CARTESIAN_POINT('',(40.238019980613,-33.08955550287,
    18.809104747687));
#511 = CARTESIAN_POINT('',(40.039291767256,-27.96405799843,
    22.730333161279));
#512 = CARTESIAN_POINT('',(39.220172326701,-23.00371635155,
    26.741206832894));
#513 = CARTESIAN_POINT('',(36.532793469577,-14.14576485141,
    34.492599061876));
#514 = CARTESIAN_POINT('',(31.858197800281,-6.649654451718,
    42.562013145477));
#515 = CARTESIAN_POINT('',(29.249122188468,-3.497857860889,
    46.431231576503));
#516 = CARTESIAN_POINT('',(26.282950056308,-0.799689895444,
    50.367393192205));
#517 = CARTESIAN_POINT('',(23.031602072218,1.374862787252,
    54.365981883726));
#518 = CARTESIAN_POINT('',(19.588918893521,2.972821803244,
    58.419805090494));
#519 = CARTESIAN_POINT('',(16.06047215763,3.967045725816,62.51935512762)
  );
#520 = DEFINITIONAL_REPRESENTATION('',(#521),#525);
#521 = LINE('',#522,#523);
#522 = CARTESIAN_POINT('',(0.,1.));
#523 = VECTOR('',#524,1.);
#524 = DIRECTION('',(1.,0.));
#525 = ( GEOMETRIC_REPRESENTATION_CONTEXT(2) 
PARAMETRIC_REPRESENTATION_CONTEXT() REPRESENTATION_CONTEXT('2D SPACE',''
  ) );
#526 = ORIENTED_EDGE('',*,*,#527,.F.);
#527 = EDGE_CURVE('',#24,#480,#528,.T.);
#528 = SURFACE_CURVE('',#529,(#534,#541),.PCURVE_S1.);
#529 = ELLIPSE('',#530,26.322525453694,21.380020186097);
#530 = AXIS2_PLACEMENT_3D('',#531,#532,#533);
#531 = CARTESIAN_POINT('',(-10.52912773553,-1.153116480416,
    46.736842105263));
#532 = DIRECTION('',(-0.49824320248,-7.509807950462E-02,0.863778900898)
  );
#533 = DIRECTION('',(-0.854131204251,-0.128739564865,-0.503871025524));
#534 = PCURVE('',#159,#535);
#535 = DEFINITIONAL_REPRESENTATION('',(#536),#540);
#536 = ELLIPSE('',#537,26.322525453694,21.380020186097);
#537 = AXIS2_PLACEMENT_2D('',#538,#539);
#538 = CARTESIAN_POINT('',(-22.19603268493,7.244744756555));
#539 = DIRECTION('',(-0.964205392804,0.265156483021));
#540 = ( GEOMETRIC_REPRESENTATION_CONTEXT(2) 
PARAMETRIC_REPRESENTATION_CONTEXT() REPRESENTATION_CONTEXT('2D SPACE',''
  ) );
#541 = PCURVE('',#192,#542);
#542 = DEFINITIONAL_REPRESENTATION('',(#543),#550);
#543 = B_SPLINE_CURVE_WITH_KNOTS('',5,(#544,#545,#546,#547,#548,#549),
  .UNSPECIFIED.,.F.,.F.,(6,6),(3.14159265359,3.250421637592),
  .PIECEWISE_BEZIER_KNOTS.);
#544 = CARTESIAN_POINT('',(-0.149599650171,-60.));
#545 = CARTESIAN_POINT('',(-0.180623195168,-60.));
#546 = CARTESIAN_POINT('',(-0.211646740237,-59.99214572583));
#547 = CARTESIAN_POINT('',(-0.242654491675,-59.97643717312));
#548 = CARTESIAN_POINT('',(-0.273630657542,-59.95288986114));
#549 = CARTESIAN_POINT('',(-0.304559824452,-59.92153474114));
#550 = ( GEOMETRIC_REPRESENTATION_CONTEXT(2) 
PARAMETRIC_REPRESENTATION_CONTEXT() REPRESENTATION_CONTEXT('2D SPACE',''
  ) );
#551 = ADVANCED_FACE('',(#552),#104,.F.);
#552 = FACE_BOUND('',#553,.F.);
#553 = EDGE_LOOP('',(#554,#587,#613,#673,#707,#779,#780));
#554 = ORIENTED_EDGE('',*,*,#555,.F.);
#555 = EDGE_CURVE('',#556,#411,#558,.T.);
#556 = VERTEX_POINT('',#557);
#557 = CARTESIAN_POINT('',(35.514135734576,-49.90735598465,
    7.558065382861));
#558 = SURFACE_CURVE('',#559,(#573,#580),.PCURVE_S1.);
#559 = ( BOUNDED_CURVE() B_SPLINE_CURVE(7,(#560,#561,#562,#563,#564,#565
    ,#566,#567,#568,#569,#570,#571,#572),.UNSPECIFIED.,.F.,.F.) 
B_SPLINE_CURVE_WITH_KNOTS((8,5,8),(0.,0.529117254068,1.),.UNSPECIFIED.) 
CURVE() GEOMETRIC_REPRESENTATION_ITEM() RATIONAL_B_SPLINE_CURVE((1.,1.,
1.,1.,1.,1.,1.,1.,1.,1.,1.,1.,1.)) REPRESENTATION_ITEM('') );
#560 = CARTESIAN_POINT('',(35.514135734576,-49.90735598465,
    7.558065382861));
#561 = CARTESIAN_POINT('',(37.186241756187,-44.94729819454,
    11.226025253761));
#562 = CARTESIAN_POINT('',(38.305368586048,-39.88900301225,
    14.97529571994));
#563 = CARTESIAN_POINT('',(38.841458630355,-34.80492498392,
    18.809104747687));
#564 = CARTESIAN_POINT('',(38.774474372614,-29.77957890882,
    22.730333161279));
#565 = CARTESIAN_POINT('',(38.098648046854,-24.90930435203,
    26.741206832894));
#566 = CARTESIAN_POINT('',(35.702413778006,-16.19887539239,
    34.492599061876));
#567 = CARTESIAN_POINT('',(31.35272848002,-8.80075935766,42.562013145477
    ));
#568 = CARTESIAN_POINT('',(28.903216131896,-5.682816086803,
    46.431231576503));
#569 = CARTESIAN_POINT('',(26.101938406131,-3.004948032001,
    50.367393192205));
#570 = CARTESIAN_POINT('',(23.019210278844,-0.836018338065,
    54.365981883726));
#571 = CARTESIAN_POINT('',(19.746888683829,0.771782248884,
    58.419805090494));
#572 = CARTESIAN_POINT('',(16.388365143217,1.79161790812,62.51935512762)
  );
#573 = PCURVE('',#104,#574);
#574 = DEFINITIONAL_REPRESENTATION('',(#575),#579);
#575 = LINE('',#576,#577);
#576 = CARTESIAN_POINT('',(3.,0.));
#577 = VECTOR('',#578,1.);
#578 = DIRECTION('',(0.,1.));
#579 = ( GEOMETRIC_REPRESENTATION_CONTEXT(2) 
PARAMETRIC_REPRESENTATION_CONTEXT() REPRESENTATION_CONTEXT('2D SPACE',''
  ) );
#580 = PCURVE('',#445,#581);
#581 = DEFINITIONAL_REPRESENTATION('',(#582),#586);
#582 = LINE('',#583,#584);
#583 = CARTESIAN_POINT('',(3.,0.));
#584 = VECTOR('',#585,1.);
#585 = DIRECTION('',(0.,1.));
#586 = ( GEOMETRIC_REPRESENTATION_CONTEXT(2) 
PARAMETRIC_REPRESENTATION_CONTEXT() REPRESENTATION_CONTEXT('2D SPACE',''
  ) );
#587 = ORIENTED_EDGE('',*,*,#588,.T.);
#588 = EDGE_CURVE('',#556,#589,#591,.T.);
#589 = VERTEX_POINT('',#590);
#590 = CARTESIAN_POINT('',(25.820103690699,-37.7514242896,
    -1.511613076572));
#591 = SURFACE_CURVE('',#592,(#595,#602),.PCURVE_S1.);
#592 = B_SPLINE_CURVE_WITH_KNOTS('',1,(#593,#594),.UNSPECIFIED.,.F.,.F.,
  (2,2),(3.,4.),.PIECEWISE_BEZIER_KNOTS.);
#593 = CARTESIAN_POINT('',(35.514135734576,-49.90735598465,
    7.558065382861));
#594 = CARTESIAN_POINT('',(25.820103690699,-37.7514242896,
    -1.511613076572));
#595 = PCURVE('',#104,#596);
#596 = DEFINITIONAL_REPRESENTATION('',(#597),#601);
#597 = LINE('',#598,#599);
#598 = CARTESIAN_POINT('',(0.,0.));
#599 = VECTOR('',#600,1.);
#600 = DIRECTION('',(1.,0.));
#601 = ( GEOMETRIC_REPRESENTATION_CONTEXT(2) 
PARAMETRIC_REPRESENTATION_CONTEXT() REPRESENTATION_CONTEXT('2D SPACE',''
  ) );
#602 = PCURVE('',#603,#608);
#603 = PLANE('',#604);
#604 = AXIS2_PLACEMENT_3D('',#605,#606,#607);
#605 = CARTESIAN_POINT('',(25.820103690699,-37.7514242896,
    -1.511613076572));
#606 = DIRECTION('',(-0.314158445866,0.393942230858,0.863778900898));
#607 = DIRECTION('',(0.629430641431,-0.594699801713,0.500149191212));
#608 = DEFINITIONAL_REPRESENTATION('',(#609),#612);
#609 = B_SPLINE_CURVE_WITH_KNOTS('',1,(#610,#611),.UNSPECIFIED.,.F.,.F.,
  (2,2),(3.,4.),.PIECEWISE_BEZIER_KNOTS.);
#610 = CARTESIAN_POINT('',(17.867043322156,-2.183749739375));
#611 = CARTESIAN_POINT('',(0.,0.));
#612 = ( GEOMETRIC_REPRESENTATION_CONTEXT(2) 
PARAMETRIC_REPRESENTATION_CONTEXT() REPRESENTATION_CONTEXT('2D SPACE',''
  ) );
#613 = ORIENTED_EDGE('',*,*,#614,.T.);
#614 = EDGE_CURVE('',#589,#615,#617,.T.);
#615 = VERTEX_POINT('',#616);
#616 = CARTESIAN_POINT('',(26.238210322975,-36.30656864438,
    -2.34016311857E-15));
#617 = SURFACE_CURVE('',#618,(#632,#639),.PCURVE_S1.);
#618 = ( BOUNDED_CURVE() B_SPLINE_CURVE(7,(#619,#620,#621,#622,#623,#624
    ,#625,#626,#627,#628,#629,#630,#631),.UNSPECIFIED.,.F.,.F.) 
B_SPLINE_CURVE_WITH_KNOTS((8,5,8),(0.,0.529117254068,1.),.UNSPECIFIED.) 
CURVE() GEOMETRIC_REPRESENTATION_ITEM() RATIONAL_B_SPLINE_CURVE((1.,1.,
1.,1.,1.,1.,1.,1.,1.,1.,1.,1.,1.)) REPRESENTATION_ITEM('') );
#619 = CARTESIAN_POINT('',(25.820103690699,-37.7514242896,
    -1.511613076572));
#620 = CARTESIAN_POINT('',(27.002086744456,-33.91954899514,
    2.492615959466));
#621 = CARTESIAN_POINT('',(27.748955708368,-30.02510168707,
    6.585609937866));
#622 = CARTESIAN_POINT('',(28.038684528136,-26.12619320684,
    10.770892756623));
#623 = CARTESIAN_POINT('',(27.857504247547,-22.29030311445,
    15.051609346561));
#624 = CARTESIAN_POINT('',(27.203287345838,-18.59399251639,
    19.430189642165));
#625 = CARTESIAN_POINT('',(25.103238661318,-12.03075345399,
    27.892209654768));
#626 = CARTESIAN_POINT('',(21.509231377386,-6.562529621177,
    36.701406950989));
#627 = CARTESIAN_POINT('',(19.512884769438,-4.288949290649,
    40.925345416396));
#628 = CARTESIAN_POINT('',(17.253942792842,-2.374471635476,
    45.22236424618));
#629 = CARTESIAN_POINT('',(14.790219238864,-0.871965146784,
    49.587533306171));
#630 = CARTESIAN_POINT('',(12.196297195116,0.179570966762,
    54.013000640284));
#631 = CARTESIAN_POINT('',(9.555315509207,0.7617013892,58.488386923428)
  );
#632 = PCURVE('',#104,#633);
#633 = DEFINITIONAL_REPRESENTATION('',(#634),#638);
#634 = LINE('',#635,#636);
#635 = CARTESIAN_POINT('',(4.,0.));
#636 = VECTOR('',#637,1.);
#637 = DIRECTION('',(0.,1.));
#638 = ( GEOMETRIC_REPRESENTATION_CONTEXT(2) 
PARAMETRIC_REPRESENTATION_CONTEXT() REPRESENTATION_CONTEXT('2D SPACE',''
  ) );
#639 = PCURVE('',#640,#667);
#640 = ( BOUNDED_SURFACE() B_SPLINE_SURFACE(1,7,(
    (#641,#642,#643,#644,#645,#646,#647,#648,#649,#650,#651,#652,#653)
    ,(#654,#655,#656,#657,#658,#659,#660,#661,#662,#663,#664,#665,#666
)),.UNSPECIFIED.,.F.,.F.,.F.) B_SPLINE_SURFACE_WITH_KNOTS((2,2),(8,5,8),
  (0.,1.),(0.,0.529117254068,1.),.UNSPECIFIED.) 
GEOMETRIC_REPRESENTATION_ITEM() RATIONAL_B_SPLINE_SURFACE((
    (1.,1.,1.,1.,1.,1.,1.,1.,1.,1.,1.,1.,1.)
,(1.,1.,1.,1.,1.,1.,1.,1.,1.,1.,1.,1.,1.
))) REPRESENTATION_ITEM('') SURFACE() );
#641 = CARTESIAN_POINT('',(25.820103690699,-37.7514242896,
    -1.511613076572));
#642 = CARTESIAN_POINT('',(27.002086744456,-33.91954899514,
    2.492615959466));
#643 = CARTESIAN_POINT('',(27.748955708368,-30.02510168707,
    6.585609937866));
#644 = CARTESIAN_POINT('',(28.038684528136,-26.12619320684,
    10.770892756623));
#645 = CARTESIAN_POINT('',(27.857504247547,-22.29030311445,
    15.051609346561));
#646 = CARTESIAN_POINT('',(27.203287345838,-18.59399251639,
    19.430189642165));
#647 = CARTESIAN_POINT('',(25.103238661318,-12.03075345399,
    27.892209654768));
#648 = CARTESIAN_POINT('',(21.509231377386,-6.562529621177,
    36.701406950989));
#649 = CARTESIAN_POINT('',(19.512884769438,-4.288949290649,
    40.925345416396));
#650 = CARTESIAN_POINT('',(17.253942792842,-2.374471635476,
    45.22236424618));
#651 = CARTESIAN_POINT('',(14.790219238864,-0.871965146784,
    49.587533306171));
#652 = CARTESIAN_POINT('',(12.196297195116,0.179570966762,
    54.013000640284));
#653 = CARTESIAN_POINT('',(9.555315509207,0.7617013892,58.488386923428)
  );
#654 = CARTESIAN_POINT('',(27.540132952129,-36.37974672551,
    -1.511613076572));
#655 = CARTESIAN_POINT('',(28.626253557397,-32.42766377238,
    2.492615959466));
#656 = CARTESIAN_POINT('',(29.265334176331,-28.41816022683,
    6.585609937866));
#657 = CARTESIAN_POINT('',(29.435245878402,-24.4108237258,
    10.770892756623));
#658 = CARTESIAN_POINT('',(29.122321642182,-20.47478220405,
    15.051609346561));
#659 = CARTESIAN_POINT('',(28.324811625689,-16.68840451591,
    19.430189642165));
#660 = CARTESIAN_POINT('',(25.933618352885,-9.977642913009,
    27.892209654768));
#661 = CARTESIAN_POINT('',(22.014700697651,-4.411424715235,
    36.701406950989));
#662 = CARTESIAN_POINT('',(19.858790826002,-2.103991064736,
    40.925345416396));
#663 = CARTESIAN_POINT('',(17.434954443028,-0.169213498918,
    45.22236424618));
#664 = CARTESIAN_POINT('',(14.802611032232,1.338915978532,
    49.587533306171));
#665 = CARTESIAN_POINT('',(12.03832740481,2.380610521123,54.013000640284
    ));
#666 = CARTESIAN_POINT('',(9.22742252362,2.937129206895,58.488386923428)
  );
#667 = DEFINITIONAL_REPRESENTATION('',(#668),#672);
#668 = LINE('',#669,#670);
#669 = CARTESIAN_POINT('',(0.,0.));
#670 = VECTOR('',#671,1.);
#671 = DIRECTION('',(0.,1.));
#672 = ( GEOMETRIC_REPRESENTATION_CONTEXT(2) 
PARAMETRIC_REPRESENTATION_CONTEXT() REPRESENTATION_CONTEXT('2D SPACE',''
  ) );
#673 = ORIENTED_EDGE('',*,*,#674,.F.);
#674 = EDGE_CURVE('',#675,#615,#677,.T.);
#675 = VERTEX_POINT('',#676);
#676 = CARTESIAN_POINT('',(27.431886127382,-39.7651654455,0.));
#677 = SURFACE_CURVE('',#678,(#684,#693),.PCURVE_S1.);
#678 = B_SPLINE_CURVE_WITH_KNOTS('',4,(#679,#680,#681,#682,#683),
  .UNSPECIFIED.,.F.,.F.,(5,5),(0.,1.),.PIECEWISE_BEZIER_KNOTS.);
#679 = CARTESIAN_POINT('',(27.435775698012,-39.77741290544,0.));
#680 = CARTESIAN_POINT('',(27.157975394544,-38.90241474382,0.));
#681 = CARTESIAN_POINT('',(26.865782463591,-38.03200940047,0.));
#682 = CARTESIAN_POINT('',(26.559187978594,-37.16659208423,0.));
#683 = CARTESIAN_POINT('',(26.238210322975,-36.30656864438,0.));
#684 = PCURVE('',#104,#685);
#685 = DEFINITIONAL_REPRESENTATION('',(#686),#692);
#686 = B_SPLINE_CURVE_WITH_KNOTS('',4,(#687,#688,#689,#690,#691),
  .UNSPECIFIED.,.F.,.F.,(5,5),(0.,1.),.PIECEWISE_BEZIER_KNOTS.);
#687 = CARTESIAN_POINT('',(3.833333333333,0.));
#688 = CARTESIAN_POINT('',(3.874239510977,7.102925685972E-03));
#689 = CARTESIAN_POINT('',(3.91564539142,1.420971888378E-02));
#690 = CARTESIAN_POINT('',(3.957561830799,2.131988470163E-02));
#691 = CARTESIAN_POINT('',(4.,2.843288280643E-02));
#692 = ( GEOMETRIC_REPRESENTATION_CONTEXT(2) 
PARAMETRIC_REPRESENTATION_CONTEXT() REPRESENTATION_CONTEXT('2D SPACE',''
  ) );
#693 = PCURVE('',#694,#699);
#694 = PLANE('',#695);
#695 = AXIS2_PLACEMENT_3D('',#696,#697,#698);
#696 = CARTESIAN_POINT('',(-2.87869976421,3.552713678801E-15,0.));
#697 = DIRECTION('',(0.,0.,1.));
#698 = DIRECTION('',(1.,0.,0.));
#699 = DEFINITIONAL_REPRESENTATION('',(#700),#706);
#700 = B_SPLINE_CURVE_WITH_KNOTS('',4,(#701,#702,#703,#704,#705),
  .UNSPECIFIED.,.F.,.F.,(5,5),(0.,1.),.PIECEWISE_BEZIER_KNOTS.);
#701 = CARTESIAN_POINT('',(30.314475462222,-39.77741290544));
#702 = CARTESIAN_POINT('',(30.036675158753,-38.90241474382));
#703 = CARTESIAN_POINT('',(29.744482227801,-38.03200940047));
#704 = CARTESIAN_POINT('',(29.437887742804,-37.16659208423));
#705 = CARTESIAN_POINT('',(29.116910087184,-36.30656864438));
#706 = ( GEOMETRIC_REPRESENTATION_CONTEXT(2) 
PARAMETRIC_REPRESENTATION_CONTEXT() REPRESENTATION_CONTEXT('2D SPACE',''
  ) );
#707 = ORIENTED_EDGE('',*,*,#708,.T.);
#708 = EDGE_CURVE('',#675,#58,#709,.T.);
#709 = SURFACE_CURVE('',#710,(#731,#755),.PCURVE_S1.);
#710 = B_SPLINE_CURVE_WITH_KNOTS('',7,(#711,#712,#713,#714,#715,#716,
    #717,#718,#719,#720,#721,#722,#723,#724,#725,#726,#727,#728,#729,
    #730),.UNSPECIFIED.,.F.,.F.,(8,6,6,8),(0.,0.402212236038,
    0.696683098129,1.),.UNSPECIFIED.);
#711 = CARTESIAN_POINT('',(27.431886127382,-39.7651654455,
    1.213330587511E-15));
#712 = CARTESIAN_POINT('',(28.413429946916,-36.8369751312,2.972187567631
    ));
#713 = CARTESIAN_POINT('',(29.144588570278,-33.88823584693,
    5.971326483255));
#714 = CARTESIAN_POINT('',(29.621924552903,-30.94435289829,8.99700316304
    ));
#715 = CARTESIAN_POINT('',(29.845406463981,-28.0316842044,
    12.048945797352));
#716 = CARTESIAN_POINT('',(29.8184935892,-25.17717151769,15.126881257221
    ));
#717 = CARTESIAN_POINT('',(29.548516555583,-22.40789585834,
    18.230340876094));
#718 = CARTESIAN_POINT('',(28.679828912584,-17.80458561132,
    23.648429784424));
#719 = CARTESIAN_POINT('',(28.188532481441,-15.91864756986,
    25.951778656194));
#720 = CARTESIAN_POINT('',(27.577613286272,-14.10284616015,
    28.268017908756));
#721 = CARTESIAN_POINT('',(26.852745516409,-12.36721741556,
    30.59680266591));
#722 = CARTESIAN_POINT('',(26.020762516314,-10.72134074142,
    32.937766983917));
#723 = CARTESIAN_POINT('',(25.089632898263,-9.174174459151,
    35.290468640194));
#724 = CARTESIAN_POINT('',(23.01654381157,-6.250260061213,
    40.089182679853));
#725 = CARTESIAN_POINT('',(21.869050739351,-4.879971162775,42.5359678473
    ));
#726 = CARTESIAN_POINT('',(20.635855303767,-3.631903646522,
    44.994010180071));
#727 = CARTESIAN_POINT('',(19.32802324154,-2.513924067566,
    47.462678041662));
#728 = CARTESIAN_POINT('',(17.957631469456,-1.53268787357,
    49.941309359743));
#729 = CARTESIAN_POINT('',(16.537630835257,-0.693469861763,
    52.429147543771));
#730 = CARTESIAN_POINT('',(15.081572452831,-3.552713678801E-15,
    54.925247627931));
#731 = PCURVE('',#104,#732);
#732 = DEFINITIONAL_REPRESENTATION('',(#733),#754);
#733 = B_SPLINE_CURVE_WITH_KNOTS('',7,(#734,#735,#736,#737,#738,#739,
    #740,#741,#742,#743,#744,#745,#746,#747,#748,#749,#750,#751,#752,
    #753),.UNSPECIFIED.,.F.,.F.,(8,6,6,8),(0.,0.402212236038,
    0.696683098129,1.),.UNSPECIFIED.);
#734 = CARTESIAN_POINT('',(3.833905954772,9.94235731894E-05));
#735 = CARTESIAN_POINT('',(3.829354579694,5.620770145215E-02));
#736 = CARTESIAN_POINT('',(3.824471520827,0.111901817617));
#737 = CARTESIAN_POINT('',(3.819213801822,0.167171220099));
#738 = CARTESIAN_POINT('',(3.813530936233,0.222013063181));
#739 = CARTESIAN_POINT('',(3.807358483451,0.276428902987));
#740 = CARTESIAN_POINT('',(3.800615953594,0.330422702203));
#741 = CARTESIAN_POINT('',(3.787762282639,0.423220050856));
#742 = CARTESIAN_POINT('',(3.781965568893,0.462220079944));
#743 = CARTESIAN_POINT('',(3.775762606233,0.500998240117));
#744 = CARTESIAN_POINT('',(3.769102272688,0.539558258782));
#745 = CARTESIAN_POINT('',(3.761922981365,0.577905686169));
#746 = CARTESIAN_POINT('',(3.75414791458,0.61604714596));
#747 = CARTESIAN_POINT('',(3.73695222777,0.693071609782));
#748 = CARTESIAN_POINT('',(3.727488871569,0.731943961878));
#749 = CARTESIAN_POINT('',(3.717178118984,0.770613584514));
#750 = CARTESIAN_POINT('',(3.705884384568,0.809090966755));
#751 = CARTESIAN_POINT('',(3.693433836289,0.847388975758));
#752 = CARTESIAN_POINT('',(3.679599089337,0.885521883202));
#753 = CARTESIAN_POINT('',(3.6640552288,0.923504312178));
#754 = ( GEOMETRIC_REPRESENTATION_CONTEXT(2) 
PARAMETRIC_REPRESENTATION_CONTEXT() REPRESENTATION_CONTEXT('2D SPACE',''
  ) );
#755 = PCURVE('',#71,#756);
#756 = DEFINITIONAL_REPRESENTATION('',(#757),#778);
#757 = B_SPLINE_CURVE_WITH_KNOTS('',7,(#758,#759,#760,#761,#762,#763,
    #764,#765,#766,#767,#768,#769,#770,#771,#772,#773,#774,#775,#776,
    #777),.UNSPECIFIED.,.F.,.F.,(8,6,6,8),(0.,0.402212236038,
    0.696683098129,1.),.UNSPECIFIED.);
#758 = CARTESIAN_POINT('',(-5.363677556809,0.));
#759 = CARTESIAN_POINT('',(-5.41479212337,-2.972187567631));
#760 = CARTESIAN_POINT('',(-5.466308847682,-5.971326483255));
#761 = CARTESIAN_POINT('',(-5.518209201657,-8.99700316304));
#762 = CARTESIAN_POINT('',(-5.570475295263,-12.04894579735));
#763 = CARTESIAN_POINT('',(-5.623083785099,-15.12688125722));
#764 = CARTESIAN_POINT('',(-5.676002644283,-18.23034087609));
#765 = CARTESIAN_POINT('',(-5.768108528172,-23.64842978442));
#766 = CARTESIAN_POINT('',(-5.807178463053,-25.95177865619));
#767 = CARTESIAN_POINT('',(-5.846366635468,-28.26801790875));
#768 = CARTESIAN_POINT('',(-5.885648365728,-30.59680266591));
#769 = CARTESIAN_POINT('',(-5.924993773384,-32.93776698391));
#770 = CARTESIAN_POINT('',(-5.964362787533,-35.29046864019));
#771 = CARTESIAN_POINT('',(-6.044211789412,-40.08918267985));
#772 = CARTESIAN_POINT('',(-6.084691245962,-42.5359678473));
#773 = CARTESIAN_POINT('',(-6.125068803233,-44.99401018006));
#774 = CARTESIAN_POINT('',(-6.165263486945,-47.46267804166));
#775 = CARTESIAN_POINT('',(-6.205151760429,-49.94130935974));
#776 = CARTESIAN_POINT('',(-6.244573984735,-52.42914754377));
#777 = CARTESIAN_POINT('',(-6.28318530718,-54.92524762793));
#778 = ( GEOMETRIC_REPRESENTATION_CONTEXT(2) 
PARAMETRIC_REPRESENTATION_CONTEXT() REPRESENTATION_CONTEXT('2D SPACE',''
  ) );
#779 = ORIENTED_EDGE('',*,*,#82,.T.);
#780 = ORIENTED_EDGE('',*,*,#410,.F.);
#781 = ADVANCED_FACE('',(#782),#71,.T.);
#782 = FACE_BOUND('',#783,.T.);
#783 = EDGE_LOOP('',(#784,#785,#817,#918,#940,#941));
#784 = ORIENTED_EDGE('',*,*,#349,.F.);
#785 = ORIENTED_EDGE('',*,*,#786,.T.);
#786 = EDGE_CURVE('',#321,#787,#789,.T.);
#787 = VERTEX_POINT('',#788);
#788 = CARTESIAN_POINT('',(8.843193783079,-9.375751826078,59.98243396342
    ));
#789 = SURFACE_CURVE('',#790,(#795,#805),.PCURVE_S1.);
#790 = ELLIPSE('',#791,26.322525453694,21.380020186097);
#791 = AXIS2_PLACEMENT_3D('',#792,#793,#794);
#792 = CARTESIAN_POINT('',(-8.550206351525,5.262389076438,
    46.736842105263));
#793 = DIRECTION('',(-0.369363598421,0.342719334914,0.863778900898));
#794 = DIRECTION('',(-0.633194740151,0.587518859853,-0.503871025524));
#795 = PCURVE('',#71,#796);
#796 = DEFINITIONAL_REPRESENTATION('',(#797),#804);
#797 = B_SPLINE_CURVE_WITH_KNOTS('',5,(#798,#799,#800,#801,#802,#803),
  .UNSPECIFIED.,.F.,.F.,(6,6),(3.141592653632,3.250421637592),
  .PIECEWISE_BEZIER_KNOTS.);
#798 = CARTESIAN_POINT('',(-5.535187056386,-60.));
#799 = CARTESIAN_POINT('',(-5.566210601371,-59.99999999998));
#800 = CARTESIAN_POINT('',(-5.597234146428,-59.99214572582));
#801 = CARTESIAN_POINT('',(-5.628241897853,-59.9764371731));
#802 = CARTESIAN_POINT('',(-5.659218063708,-59.95288986113));
#803 = CARTESIAN_POINT('',(-5.690147230606,-59.92153474114));
#804 = ( GEOMETRIC_REPRESENTATION_CONTEXT(2) 
PARAMETRIC_REPRESENTATION_CONTEXT() REPRESENTATION_CONTEXT('2D SPACE',''
  ) );
#805 = PCURVE('',#806,#811);
#806 = PLANE('',#807);
#807 = AXIS2_PLACEMENT_3D('',#808,#809,#810);
#808 = CARTESIAN_POINT('',(5.469304081238,-9.246391546018,
    58.488386923428));
#809 = DIRECTION('',(-0.369363598421,0.342719334914,0.863778900898));
#810 = DIRECTION('',(0.790881994142,-0.372115396838,0.485835160088));
#811 = DEFINITIONAL_REPRESENTATION('',(#812),#816);
#812 = ELLIPSE('',#813,26.322525453694,21.380020186097);
#813 = AXIS2_PLACEMENT_2D('',#814,#815);
#814 = CARTESIAN_POINT('',(-22.19603268493,7.244744756555));
#815 = DIRECTION('',(-0.964205392804,0.265156483021));
#816 = ( GEOMETRIC_REPRESENTATION_CONTEXT(2) 
PARAMETRIC_REPRESENTATION_CONTEXT() REPRESENTATION_CONTEXT('2D SPACE',''
  ) );
#817 = ORIENTED_EDGE('',*,*,#818,.F.);
#818 = EDGE_CURVE('',#819,#787,#821,.T.);
#819 = VERTEX_POINT('',#820);
#820 = CARTESIAN_POINT('',(-12.92513042377,-48.98029431314,0.));
#821 = SURFACE_CURVE('',#822,(#843,#867),.PCURVE_S1.);
#822 = B_SPLINE_CURVE_WITH_KNOTS('',7,(#823,#824,#825,#826,#827,#828,
    #829,#830,#831,#832,#833,#834,#835,#836,#837,#838,#839,#840,#841,
    #842),.UNSPECIFIED.,.F.,.F.,(8,6,6,8),(0.,0.408175635211,
    0.699749375934,1.),.UNSPECIFIED.);
#823 = CARTESIAN_POINT('',(-12.92513042377,-48.98029431314,
    6.334315508577E-17));
#824 = CARTESIAN_POINT('',(-9.692104829201,-47.68832297007,
    3.283251568603));
#825 = CARTESIAN_POINT('',(-6.63823616471,-46.13886131821,6.599060901654
    ));
#826 = CARTESIAN_POINT('',(-3.793679050358,-44.35038756852,
    9.946751643264));
#827 = CARTESIAN_POINT('',(-1.186354662648,-42.34630103092,
    13.325919674749));
#828 = CARTESIAN_POINT('',(1.158606685433,-40.15459381191,
    16.736186612757));
#829 = CARTESIAN_POINT('',(3.219804921,-37.80786010831,20.176888891199)
  );
#830 = CARTESIAN_POINT('',(6.239042688149,-33.58195193279,
    26.124974324779));
#831 = CARTESIAN_POINT('',(7.344095855311,-31.76060166111,28.61835847669
    ));
#832 = CARTESIAN_POINT('',(8.290189779577,-29.89211057833,
    31.126144524431));
#833 = CARTESIAN_POINT('',(9.072849114549,-27.99070868051,
    33.647856879823));
#834 = CARTESIAN_POINT('',(9.689163311372,-26.07134314305,
    36.183000198465));
#835 = CARTESIAN_POINT('',(10.137974416972,-24.14950018956,
    38.730970809545));
#836 = CARTESIAN_POINT('',(10.710458350003,-20.27557365075,
    43.927122739551));
#837 = CARTESIAN_POINT('',(10.824074176714,-18.32418848992,
    46.576168843262));
#838 = CARTESIAN_POINT('',(10.76163576022,-16.40401009523,
    49.237172038542));
#839 = CARTESIAN_POINT('',(10.526113541424,-14.53235527867,
    51.909277822401));
#840 = CARTESIAN_POINT('',(10.122640544985,-12.72627588251,
    54.591588552484));
#841 = CARTESIAN_POINT('',(9.5585651177,-11.00228039527,57.283085399795)
  );
#842 = CARTESIAN_POINT('',(8.843193783079,-9.375751826078,59.98243396342
    ));
#843 = PCURVE('',#71,#844);
#844 = DEFINITIONAL_REPRESENTATION('',(#845),#866);
#845 = B_SPLINE_CURVE_WITH_KNOTS('',7,(#846,#847,#848,#849,#850,#851,
    #852,#853,#854,#855,#856,#857,#858,#859,#860,#861,#862,#863,#864,
    #865),.UNSPECIFIED.,.F.,.F.,(8,6,6,8),(0.,0.408175635211,
    0.699749375934,1.),.UNSPECIFIED.);
#846 = CARTESIAN_POINT('',(-4.510083205888,0.));
#847 = CARTESIAN_POINT('',(-4.56823314374,-3.283251568603));
#848 = CARTESIAN_POINT('',(-4.62703556096,-6.599060901653));
#849 = CARTESIAN_POINT('',(-4.686492849508,-9.946751643266));
#850 = CARTESIAN_POINT('',(-4.746617671965,-13.32591967474));
#851 = CARTESIAN_POINT('',(-4.80742862833,-16.73618661275));
#852 = CARTESIAN_POINT('',(-4.868949589871,-20.17688889119));
#853 = CARTESIAN_POINT('',(-4.975688313484,-26.12497432477));
#854 = CARTESIAN_POINT('',(-5.020545842458,-28.61835847669));
#855 = CARTESIAN_POINT('',(-5.065796949876,-31.12614452442));
#856 = CARTESIAN_POINT('',(-5.111460850422,-33.64785687983));
#857 = CARTESIAN_POINT('',(-5.157566036395,-36.18300019846));
#858 = CARTESIAN_POINT('',(-5.204152754049,-38.73097080954));
#859 = CARTESIAN_POINT('',(-5.299833158929,-43.92712273955));
#860 = CARTESIAN_POINT('',(-5.348962040639,-46.57616884326));
#861 = CARTESIAN_POINT('',(-5.398760246992,-49.23717203853));
#862 = CARTESIAN_POINT('',(-5.449327435256,-51.9092778224));
#863 = CARTESIAN_POINT('',(-5.500888311628,-54.59158855248));
#864 = CARTESIAN_POINT('',(-5.55368282466,-57.28308539979));
#865 = CARTESIAN_POINT('',(-5.608536081029,-59.98243396342));
#866 = ( GEOMETRIC_REPRESENTATION_CONTEXT(2) 
PARAMETRIC_REPRESENTATION_CONTEXT() REPRESENTATION_CONTEXT('2D SPACE',''
  ) );
#867 = PCURVE('',#868,#895);
#868 = ( BOUNDED_SURFACE() B_SPLINE_SURFACE(1,7,(
    (#869,#870,#871,#872,#873,#874,#875,#876,#877,#878,#879,#880,#881)
    ,(#882,#883,#884,#885,#886,#887,#888,#889,#890,#891,#892,#893,#894
)),.UNSPECIFIED.,.F.,.F.,.F.) B_SPLINE_SURFACE_WITH_KNOTS((2,2),(8,5,8),
  (1.,2.),(0.,0.529117254068,1.),.UNSPECIFIED.) 
GEOMETRIC_REPRESENTATION_ITEM() RATIONAL_B_SPLINE_SURFACE((
    (1.,1.,1.,1.,1.,1.,1.,1.,1.,1.,1.,1.,1.)
,(1.,1.,1.,1.,1.,1.,1.,1.,1.,1.,1.,1.,1.
))) REPRESENTATION_ITEM('') SURFACE() );
#869 = CARTESIAN_POINT('',(-12.35569909534,-46.46480215512,
    -1.511613076572));
#870 = CARTESIAN_POINT('',(-8.588651100287,-44.8498820207,2.492615959466
    ));
#871 = CARTESIAN_POINT('',(-5.055434750839,-42.84965079725,
    6.585609937866));
#872 = CARTESIAN_POINT('',(-1.816434700033,-40.48395967416,
    10.770892756623));
#873 = CARTESIAN_POINT('',(1.065781407929,-37.78522390616,
    15.051609346561));
#874 = CARTESIAN_POINT('',(3.528851326875,-34.80093759313,
    19.430189642165));
#875 = CARTESIAN_POINT('',(7.284651399494,-28.74733598967,
    27.892209654768));
#876 = CARTESIAN_POINT('',(9.193090832437,-22.21292250838,
    36.701406950989));
#877 = CARTESIAN_POINT('',(9.652927285404,-19.08870294781,
    40.925345416396));
#878 = CARTESIAN_POINT('',(9.654360031775,-15.9873572741,45.22236424618)
  );
#879 = CARTESIAN_POINT('',(9.192223865262,-12.9890049738,49.587533306171
    ));
#880 = CARTESIAN_POINT('',(8.283150802633,-10.17831508345,
    54.013000640284));
#881 = CARTESIAN_POINT('',(6.965684104334,-7.633677427992,
    58.488386923428));
#882 = CARTESIAN_POINT('',(-15.81545907502,-61.62300104303,
    7.558065382861));
#883 = CARTESIAN_POINT('',(-10.86077581477,-59.68786419448,
    11.226025253761));
#884 = CARTESIAN_POINT('',(-6.185527573376,-57.25302860974,
    14.97529571994));
#885 = CARTESIAN_POINT('',(-1.866320946732,-54.34100932133,
    18.809104747687));
#886 = CARTESIAN_POINT('',(2.017049351177,-50.9899419242,22.730333161279
    ));
#887 = CARTESIAN_POINT('',(5.384487996821,-47.25680612711,
    26.741206832894));
#888 = CARTESIAN_POINT('',(10.634360038658,-39.63288630559,
    34.492599061876));
#889 = CARTESIAN_POINT('',(13.580492417576,-31.30439185571,
    42.562013145477));
#890 = CARTESIAN_POINT('',(14.417934182377,-27.29942137034,
    46.431231576503));
#891 = CARTESIAN_POINT('',(14.678068767789,-23.29809440484,
    50.367393192205));
#892 = CARTESIAN_POINT('',(14.351020205032,-19.40027676916,
    54.365981883726));
#893 = CARTESIAN_POINT('',(13.45387701848,-15.71236752563,
    58.419805090494));
#894 = CARTESIAN_POINT('',(12.031242025539,-12.33382830681,
    62.51935512762));
#895 = DEFINITIONAL_REPRESENTATION('',(#896),#917);
#896 = B_SPLINE_CURVE_WITH_KNOTS('',7,(#897,#898,#899,#900,#901,#902,
    #903,#904,#905,#906,#907,#908,#909,#910,#911,#912,#913,#914,#915,
    #916),.UNSPECIFIED.,.F.,.F.,(8,6,6,8),(0.,0.408175635211,
    0.699749375934,1.),.UNSPECIFIED.);
#897 = CARTESIAN_POINT('',(1.166094045235,9.942357203367E-05));
#898 = CARTESIAN_POINT('',(1.171121763478,6.207989587804E-02));
#899 = CARTESIAN_POINT('',(1.176553702967,0.123548748083));
#900 = CARTESIAN_POINT('',(1.182447528531,0.184489921977));
#901 = CARTESIAN_POINT('',(1.188871973303,0.244900189457));
#902 = CARTESIAN_POINT('',(1.195917554617,0.304783360635));
#903 = CARTESIAN_POINT('',(1.203699262722,0.364147184285));
#904 = CARTESIAN_POINT('',(1.218579499744,0.465034152428));
#905 = CARTESIAN_POINT('',(1.225238533745,0.506812140449));
#906 = CARTESIAN_POINT('',(1.232415677216,0.548332409429));
#907 = CARTESIAN_POINT('',(1.240182679185,0.589600861669));
#908 = CARTESIAN_POINT('',(1.248629215554,0.630625983143));
#909 = CARTESIAN_POINT('',(1.257868737444,0.671417761324));
#910 = CARTESIAN_POINT('',(1.278543752322,0.7537622111));
#911 = CARTESIAN_POINT('',(1.290036997047,0.795303601965));
#912 = CARTESIAN_POINT('',(1.302702046126,0.836621001627));
#913 = CARTESIAN_POINT('',(1.316753321396,0.877729840787));
#914 = CARTESIAN_POINT('',(1.332472231684,0.918648897435));
#915 = CARTESIAN_POINT('',(1.350242667387,0.959398666199));
#916 = CARTESIAN_POINT('',(1.370642228941,1.));
#917 = ( GEOMETRIC_REPRESENTATION_CONTEXT(2) 
PARAMETRIC_REPRESENTATION_CONTEXT() REPRESENTATION_CONTEXT('2D SPACE',''
  ) );
#918 = ORIENTED_EDGE('',*,*,#919,.T.);
#919 = EDGE_CURVE('',#819,#675,#920,.T.);
#920 = SURFACE_CURVE('',#921,(#926,#933),.PCURVE_S1.);
#921 = CIRCLE('',#922,50.);
#922 = AXIS2_PLACEMENT_3D('',#923,#924,#925);
#923 = CARTESIAN_POINT('',(-2.87869976421,3.552713678801E-15,0.));
#924 = DIRECTION('',(0.,0.,1.));
#925 = DIRECTION('',(1.,0.,0.));
#926 = PCURVE('',#71,#927);
#927 = DEFINITIONAL_REPRESENTATION('',(#928),#932);
#928 = LINE('',#929,#930);
#929 = CARTESIAN_POINT('',(-0.,-0.));
#930 = VECTOR('',#931,1.);
#931 = DIRECTION('',(-1.,-0.));
#932 = ( GEOMETRIC_REPRESENTATION_CONTEXT(2) 
PARAMETRIC_REPRESENTATION_CONTEXT() REPRESENTATION_CONTEXT('2D SPACE',''
  ) );
#933 = PCURVE('',#694,#934);
#934 = DEFINITIONAL_REPRESENTATION('',(#935),#939);
#935 = CIRCLE('',#936,50.);
#936 = AXIS2_PLACEMENT_2D('',#937,#938);
#937 = CARTESIAN_POINT('',(0.,0.));
#938 = DIRECTION('',(1.,0.));
#939 = ( GEOMETRIC_REPRESENTATION_CONTEXT(2) 
PARAMETRIC_REPRESENTATION_CONTEXT() REPRESENTATION_CONTEXT('2D SPACE',''
  ) );
#940 = ORIENTED_EDGE('',*,*,#708,.T.);
#941 = ORIENTED_EDGE('',*,*,#57,.T.);
#942 = ADVANCED_FACE('',(#943),#192,.T.);
#943 = FACE_BOUND('',#944,.T.);
#944 = EDGE_LOOP('',(#945,#972,#1073,#1103,#1104,#1105));
#945 = ORIENTED_EDGE('',*,*,#946,.F.);
#946 = EDGE_CURVE('',#947,#949,#951,.T.);
#947 = VERTEX_POINT('',#948);
#948 = CARTESIAN_POINT('',(46.37796451692,3.552713678801E-15,
    1.274289803777));
#949 = VERTEX_POINT('',#950);
#950 = CARTESIAN_POINT('',(18.823191086922,3.552713678801E-15,
    48.511044255202));
#951 = SURFACE_CURVE('',#952,(#955,#961),.PCURVE_S1.);
#952 = B_SPLINE_CURVE_WITH_KNOTS('',1,(#953,#954),.UNSPECIFIED.,.F.,.F.,
  (2,2),(0.,1.),.PIECEWISE_BEZIER_KNOTS.);
#953 = CARTESIAN_POINT('',(47.12130023579,3.552713678801E-15,0.));
#954 = CARTESIAN_POINT('',(12.12130023579,3.552713678801E-15,60.));
#955 = PCURVE('',#192,#956);
#956 = DEFINITIONAL_REPRESENTATION('',(#957),#960);
#957 = B_SPLINE_CURVE_WITH_KNOTS('',1,(#958,#959),.UNSPECIFIED.,.F.,.F.,
  (2,2),(0.,1.),.PIECEWISE_BEZIER_KNOTS.);
#958 = CARTESIAN_POINT('',(0.,0.));
#959 = CARTESIAN_POINT('',(0.,-60.));
#960 = ( GEOMETRIC_REPRESENTATION_CONTEXT(2) 
PARAMETRIC_REPRESENTATION_CONTEXT() REPRESENTATION_CONTEXT('2D SPACE',''
  ) );
#961 = PCURVE('',#962,#967);
#962 = CONICAL_SURFACE('',#963,50.,0.528074448426);
#963 = AXIS2_PLACEMENT_3D('',#964,#965,#966);
#964 = CARTESIAN_POINT('',(-2.87869976421,3.552713678801E-15,0.));
#965 = DIRECTION('',(-0.,-0.,-1.));
#966 = DIRECTION('',(1.,0.,0.));
#967 = DEFINITIONAL_REPRESENTATION('',(#968),#971);
#968 = B_SPLINE_CURVE_WITH_KNOTS('',1,(#969,#970),.UNSPECIFIED.,.F.,.F.,
  (2,2),(0.,1.),.PIECEWISE_BEZIER_KNOTS.);
#969 = CARTESIAN_POINT('',(-6.28318530718,0.));
#970 = CARTESIAN_POINT('',(-6.28318530718,-60.));
#971 = ( GEOMETRIC_REPRESENTATION_CONTEXT(2) 
PARAMETRIC_REPRESENTATION_CONTEXT() REPRESENTATION_CONTEXT('2D SPACE',''
  ) );
#972 = ORIENTED_EDGE('',*,*,#973,.T.);
#973 = EDGE_CURVE('',#947,#974,#976,.T.);
#974 = VERTEX_POINT('',#975);
#975 = CARTESIAN_POINT('',(5.55887157717,12.414302255757,59.98243396342)
  );
#976 = SURFACE_CURVE('',#977,(#998,#1022),.PCURVE_S1.);
#977 = B_SPLINE_CURVE_WITH_KNOTS('',7,(#978,#979,#980,#981,#982,#983,
    #984,#985,#986,#987,#988,#989,#990,#991,#992,#993,#994,#995,#996,
    #997),.UNSPECIFIED.,.F.,.F.,(8,6,6,8),(0.,0.399769814296,
    0.69613286879,1.),.UNSPECIFIED.);
#978 = CARTESIAN_POINT('',(46.37796451692,2.075846028003E-15,
    1.274289803777));
#979 = CARTESIAN_POINT('',(44.54019329494,2.66754650062,4.424754755743)
  );
#980 = CARTESIAN_POINT('',(42.51633702009,5.124772485613,7.605295148138)
  );
#981 = CARTESIAN_POINT('',(40.328158625101,7.350298739664,
    10.815335969223));
#982 = CARTESIAN_POINT('',(38.000954575519,9.325487709751,
    14.054509557324));
#983 = CARTESIAN_POINT('',(35.563210517765,11.034874612674,
    17.322449595711));
#984 = CARTESIAN_POINT('',(33.046406115741,12.466891426944,
    20.618541000424));
#985 = CARTESIAN_POINT('',(28.585056322,14.465883575615,26.404880440295)
  );
#986 = CARTESIAN_POINT('',(26.660768718048,15.160852909999,
    28.883183692324));
#987 = CARTESIAN_POINT('',(24.725274540973,15.697018151626,
    31.375880078153));
#988 = CARTESIAN_POINT('',(22.79285827869,16.073193581867,
    33.882498207801));
#989 = CARTESIAN_POINT('',(20.87814600272,16.289813595789,
    36.402543992332));
#990 = CARTESIAN_POINT('',(18.995898058882,16.349068375732,
    38.935416256531));
#991 = CARTESIAN_POINT('',(15.279074525533,16.158500717713,
    44.089647955359));
#992 = CARTESIAN_POINT('',(13.446820468844,15.900810351754,
    46.711751912693));
#993 = CARTESIAN_POINT('',(11.679729752878,15.48620865984,
    49.345730958491));
#994 = CARTESIAN_POINT('',(9.993204710904,14.921042990882,
    51.990746341518));
#995 = CARTESIAN_POINT('',(8.401960116308,14.213601886872,
    54.645916320266));
#996 = CARTESIAN_POINT('',(6.91974592057,13.374097890971,57.310240261734
    ));
#997 = CARTESIAN_POINT('',(5.55887157717,12.414302255757,59.98243396342)
  );
#998 = PCURVE('',#192,#999);
#999 = DEFINITIONAL_REPRESENTATION('',(#1000),#1021);
#1000 = B_SPLINE_CURVE_WITH_KNOTS('',7,(#1001,#1002,#1003,#1004,#1005,
    #1006,#1007,#1008,#1009,#1010,#1011,#1012,#1013,#1014,#1015,#1016,
    #1017,#1018,#1019,#1020),.UNSPECIFIED.,.F.,.F.,(8,6,6,8),(0.,
    0.399769814296,0.69613286879,1.),.UNSPECIFIED.);
#1001 = CARTESIAN_POINT('',(0.,-1.274289803777));
#1002 = CARTESIAN_POINT('',(-5.415605257788E-02,-4.424754755743));
#1003 = CARTESIAN_POINT('',(-0.108756880643,-7.605295148139));
#1004 = CARTESIAN_POINT('',(-0.163778536862,-10.81533596922));
#1005 = CARTESIAN_POINT('',(-0.219197546212,-14.05450955732));
#1006 = CARTESIAN_POINT('',(-0.274983357287,-17.32244959571));
#1007 = CARTESIAN_POINT('',(-0.331093655934,-20.61854100042));
#1008 = CARTESIAN_POINT('',(-0.429235490611,-26.40488044029));
#1009 = CARTESIAN_POINT('',(-0.471156985539,-28.88318369232));
#1010 = CARTESIAN_POINT('',(-0.51318818911,-31.37588007815));
#1011 = CARTESIAN_POINT('',(-0.5552940115,-33.8824982078));
#1012 = CARTESIAN_POINT('',(-0.597428255301,-36.40254399233));
#1013 = CARTESIAN_POINT('',(-0.639530632414,-38.93541625653));
#1014 = CARTESIAN_POINT('',(-0.724537828537,-44.08964795535));
#1015 = CARTESIAN_POINT('',(-0.767438755308,-46.71175191269));
#1016 = CARTESIAN_POINT('',(-0.810094392554,-49.34573095849));
#1017 = CARTESIAN_POINT('',(-0.852376658451,-51.99074634151));
#1018 = CARTESIAN_POINT('',(-0.894039154778,-54.64591632026));
#1019 = CARTESIAN_POINT('',(-0.934808721469,-57.31024026173));
#1020 = CARTESIAN_POINT('',(-0.973848526493,-59.98243396342));
#1021 = ( GEOMETRIC_REPRESENTATION_CONTEXT(2) 
PARAMETRIC_REPRESENTATION_CONTEXT() REPRESENTATION_CONTEXT('2D SPACE',''
  ) );
#1022 = PCURVE('',#1023,#1050);
#1023 = ( BOUNDED_SURFACE() B_SPLINE_SURFACE(1,7,(
    (#1024,#1025,#1026,#1027,#1028,#1029,#1030,#1031,#1032,#1033,#1034
      ,#1035,#1036)
    ,(#1037,#1038,#1039,#1040,#1041,#1042,#1043,#1044,#1045,#1046,#1047
      ,#1048,#1049
)),.UNSPECIFIED.,.F.,.F.,.F.) B_SPLINE_SURFACE_WITH_KNOTS((2,2),(8,5,8),
  (3.,4.),(0.,0.529117254068,1.),.UNSPECIFIED.) 
GEOMETRIC_REPRESENTATION_ITEM() RATIONAL_B_SPLINE_SURFACE((
    (1.,1.,1.,1.,1.,1.,1.,1.,1.,1.,1.,1.,1.)
,(1.,1.,1.,1.,1.,1.,1.,1.,1.,1.,1.,1.,1.
))) REPRESENTATION_ITEM('') SURFACE() );
#1024 = CARTESIAN_POINT('',(60.077983749267,-1.1,7.558065382861));
#1025 = CARTESIAN_POINT('',(57.2425954662,3.299850578483,11.226025253761
    ));
#1026 = CARTESIAN_POINT('',(53.98562521047,7.328614627895,14.97529571994
    ));
#1027 = CARTESIAN_POINT('',(50.344979624101,10.917617504489,
    18.809104747687));
#1028 = CARTESIAN_POINT('',(46.374241850709,13.99849913159,
    22.730333161279));
#1029 = CARTESIAN_POINT('',(42.145137052005,16.506683351843,
    26.741206832894));
#1030 = CARTESIAN_POINT('',(33.841021836065,20.064095587241,
    34.492599061876));
#1031 = CARTESIAN_POINT('',(25.34495738457,21.27602458307,
    42.562013145477));
#1032 = CARTESIAN_POINT('',(21.380005206282,21.304924544767,
    46.431231576503));
#1033 = CARTESIAN_POINT('',(17.539795560954,20.784420850519,
    50.367393192205));
#1034 = CARTESIAN_POINT('',(13.922008493708,19.726552493834,
    54.365981883726));
#1035 = CARTESIAN_POINT('',(10.624720234408,18.170595719476,
    58.419805090494));
#1036 = CARTESIAN_POINT('',(7.733375432199,16.180653413922,
    62.51935512762));
#1037 = CARTESIAN_POINT('',(44.529963533095,-1.1,-1.511613076572));
#1038 = CARTESIAN_POINT('',(42.271037170985,2.213246731258,
    2.492615959465));
#1039 = CARTESIAN_POINT('',(39.691900841042,5.225320580984,
    6.585609937868));
#1040 = CARTESIAN_POINT('',(36.824254408371,7.882769369457,
    10.77089275662));
#1041 = CARTESIAN_POINT('',(33.712270713602,10.132755275753,
    15.051609346563));
#1042 = CARTESIAN_POINT('',(30.414481152641,11.925879868025,
    19.430189642164));
#1043 = CARTESIAN_POINT('',(23.973775288488,14.376108314319,
    27.892209654769));
#1044 = CARTESIAN_POINT('',(17.457718853473,14.975582065562,
    36.701406950988));
#1045 = CARTESIAN_POINT('',(14.435460422116,14.832329587341,
    40.925345416398));
#1046 = CARTESIAN_POINT('',(11.530234233421,14.259874926857,
    45.222364246177));
#1047 = CARTESIAN_POINT('',(8.819420847445,13.270455761185,
    49.587533306173));
#1048 = CARTESIAN_POINT('',(6.380012867829,11.898067887397,
    54.013000640283));
#1049 = CARTESIAN_POINT('',(4.278259828606,10.196217642473,
    58.488386923428));
#1050 = DEFINITIONAL_REPRESENTATION('',(#1051),#1072);
#1051 = B_SPLINE_CURVE_WITH_KNOTS('',7,(#1052,#1053,#1054,#1055,#1056,
    #1057,#1058,#1059,#1060,#1061,#1062,#1063,#1064,#1065,#1066,#1067,
    #1068,#1069,#1070,#1071),.UNSPECIFIED.,.F.,.F.,(8,6,6,8),(0.,
    0.399769814296,0.69613286879,1.),.UNSPECIFIED.);
#1052 = CARTESIAN_POINT('',(3.831931452165,2.40826888313E-02));
#1053 = CARTESIAN_POINT('',(3.826991892544,8.319857535704E-02));
#1054 = CARTESIAN_POINT('',(3.821666927004,0.141851339921));
#1055 = CARTESIAN_POINT('',(3.815903707458,0.200028207099));
#1056 = CARTESIAN_POINT('',(3.809638516613,0.257726658126));
#1057 = CARTESIAN_POINT('',(3.802789079541,0.314950063268));
#1058 = CARTESIAN_POINT('',(3.795251230616,0.371705070348));
#1059 = CARTESIAN_POINT('',(3.780674747307,0.469726689418));
#1060 = CARTESIAN_POINT('',(3.774010993284,0.511204733589));
#1061 = CARTESIAN_POINT('',(3.76682985106,0.552432482933));
#1062 = CARTESIAN_POINT('',(3.759059884302,0.593415670552));
#1063 = CARTESIAN_POINT('',(3.750611736241,0.63416250988));
#1064 = CARTESIAN_POINT('',(3.741372555741,0.674682697473));
#1065 = CARTESIAN_POINT('',(3.720749145091,0.756310135903));
#1066 = CARTESIAN_POINT('',(3.709315989413,0.797408295275));
#1067 = CARTESIAN_POINT('',(3.696725737371,0.838290820478));
#1068 = CARTESIAN_POINT('',(3.682768407973,0.878972514885));
#1069 = CARTESIAN_POINT('',(3.667168591881,0.91947138253));
#1070 = CARTESIAN_POINT('',(3.649552145346,0.959807108569));
#1071 = CARTESIAN_POINT('',(3.629357771059,1.));
#1072 = ( GEOMETRIC_REPRESENTATION_CONTEXT(2) 
PARAMETRIC_REPRESENTATION_CONTEXT() REPRESENTATION_CONTEXT('2D SPACE',''
  ) );
#1073 = ORIENTED_EDGE('',*,*,#1074,.T.);
#1074 = EDGE_CURVE('',#974,#176,#1075,.T.);
#1075 = SURFACE_CURVE('',#1076,(#1081,#1091),.PCURVE_S1.);
#1076 = ELLIPSE('',#1077,26.322525453694,21.380020186097);
#1077 = AXIS2_PLACEMENT_3D('',#1078,#1079,#1080);
#1078 = CARTESIAN_POINT('',(-6.747120816841,-6.700301808227,
    46.736842105263));
#1079 = DIRECTION('',(-0.251935512762,-0.436365108335,0.863778900898));
#1080 = DIRECTION('',(-0.431889450449,-0.748054471431,-0.503871025524));
#1081 = PCURVE('',#192,#1082);
#1082 = DEFINITIONAL_REPRESENTATION('',(#1083),#1090);
#1083 = B_SPLINE_CURVE_WITH_KNOTS('',5,(#1084,#1085,#1086,#1087,#1088,
    #1089),.UNSPECIFIED.,.F.,.F.,(6,6),(3.001474161949,3.14159265359),
  .PIECEWISE_BEZIER_KNOTS.);
#1084 = CARTESIAN_POINT('',(-0.847817530554,-59.87001381848));
#1085 = CARTESIAN_POINT('',(-0.887559781815,-59.92192319512));
#1086 = CARTESIAN_POINT('',(-0.927401812668,-59.9609402709));
#1087 = CARTESIAN_POINT('',(-0.967311252652,-59.98698009697));
#1088 = CARTESIAN_POINT('',(-1.007254402134,-60.));
#1089 = CARTESIAN_POINT('',(-1.047197551197,-60.));
#1090 = ( GEOMETRIC_REPRESENTATION_CONTEXT(2) 
PARAMETRIC_REPRESENTATION_CONTEXT() REPRESENTATION_CONTEXT('2D SPACE',''
  ) );
#1091 = PCURVE('',#1092,#1097);
#1092 = PLANE('',#1093);
#1093 = AXIS2_PLACEMENT_3D('',#1094,#1095,#1096);
#1094 = CARTESIAN_POINT('',(4.278259828606,10.196217642473,
    58.488386923428));
#1095 = DIRECTION('',(-0.251935512762,-0.436365108335,0.863778900898));
#1096 = DIRECTION('',(0.186797886944,0.853856396975,0.485835160088));
#1097 = DEFINITIONAL_REPRESENTATION('',(#1098),#1102);
#1098 = ELLIPSE('',#1099,26.322525453694,21.380020186097);
#1099 = AXIS2_PLACEMENT_2D('',#1100,#1101);
#1100 = CARTESIAN_POINT('',(-22.19603268493,7.244744756555));
#1101 = DIRECTION('',(-0.964205392804,0.265156483021));
#1102 = ( GEOMETRIC_REPRESENTATION_CONTEXT(2) 
PARAMETRIC_REPRESENTATION_CONTEXT() REPRESENTATION_CONTEXT('2D SPACE',''
  ) );
#1103 = ORIENTED_EDGE('',*,*,#175,.F.);
#1104 = ORIENTED_EDGE('',*,*,#527,.T.);
#1105 = ORIENTED_EDGE('',*,*,#1106,.F.);
#1106 = EDGE_CURVE('',#949,#480,#1107,.T.);
#1107 = SURFACE_CURVE('',#1108,(#1116,#1127),.PCURVE_S1.);
#1108 = B_SPLINE_CURVE_WITH_KNOTS('',6,(#1109,#1110,#1111,#1112,#1113,
    #1114,#1115),.UNSPECIFIED.,.F.,.F.,(7,7),(0.,1.),
  .PIECEWISE_BEZIER_KNOTS.);
#1109 = CARTESIAN_POINT('',(18.823191086922,2.796234131738E-15,
    48.511044255202));
#1110 = CARTESIAN_POINT('',(17.715638681805,0.775600408282,
    50.409705521118));
#1111 = CARTESIAN_POINT('',(16.57142391943,1.465505585613,
    52.314194090209));
#1112 = CARTESIAN_POINT('',(15.396918073394,2.066762781029,
    54.224120974913));
#1113 = CARTESIAN_POINT('',(14.198840865753,2.577048580488,
    56.139095648764));
#1114 = CARTESIAN_POINT('',(12.984184442258,2.994721997301,
    58.058699662714));
#1115 = CARTESIAN_POINT('',(11.760039270434,3.318859761091,
    59.98243396342));
#1116 = PCURVE('',#192,#1117);
#1117 = DEFINITIONAL_REPRESENTATION('',(#1118),#1126);
#1118 = B_SPLINE_CURVE_WITH_KNOTS('',6,(#1119,#1120,#1121,#1122,#1123,
    #1124,#1125),.UNSPECIFIED.,.F.,.F.,(7,7),(0.,1.),
  .PIECEWISE_BEZIER_KNOTS.);
#1119 = CARTESIAN_POINT('',(0.,-48.5110442552));
#1120 = CARTESIAN_POINT('',(-3.573884015926E-02,-50.40970552111));
#1121 = CARTESIAN_POINT('',(-7.190670879435E-02,-52.3141940902));
#1122 = CARTESIAN_POINT('',(-0.108571035856,-54.22412097491));
#1123 = CARTESIAN_POINT('',(-0.145840763771,-56.13909564876));
#1124 = CARTESIAN_POINT('',(-0.183856616812,-58.05869966271));
#1125 = CARTESIAN_POINT('',(-0.222948674875,-59.98243396342));
#1126 = ( GEOMETRIC_REPRESENTATION_CONTEXT(2) 
PARAMETRIC_REPRESENTATION_CONTEXT() REPRESENTATION_CONTEXT('2D SPACE',''
  ) );
#1127 = PCURVE('',#493,#1128);
#1128 = DEFINITIONAL_REPRESENTATION('',(#1129),#1137);
#1129 = B_SPLINE_CURVE_WITH_KNOTS('',6,(#1130,#1131,#1132,#1133,#1134,
    #1135,#1136),.UNSPECIFIED.,.F.,.F.,(7,7),(0.,1.),
  .PIECEWISE_BEZIER_KNOTS.);
#1130 = CARTESIAN_POINT('',(1.300208166922,0.82506469877));
#1131 = CARTESIAN_POINT('',(1.30967054309,0.854467292356));
#1132 = CARTESIAN_POINT('',(1.319872303335,0.883761721178));
#1133 = CARTESIAN_POINT('',(1.330918369497,0.912954260912));
#1134 = CARTESIAN_POINT('',(1.342939740161,0.942052495442));
#1135 = CARTESIAN_POINT('',(1.356104152307,0.971064804472));
#1136 = CARTESIAN_POINT('',(1.370642228941,1.));
#1137 = ( GEOMETRIC_REPRESENTATION_CONTEXT(2) 
PARAMETRIC_REPRESENTATION_CONTEXT() REPRESENTATION_CONTEXT('2D SPACE',''
  ) );
#1138 = ADVANCED_FACE('',(#1139),#221,.T.);
#1139 = FACE_BOUND('',#1140,.T.);
#1140 = EDGE_LOOP('',(#1141,#1244,#1268,#1369,#1399,#1400));
#1141 = ORIENTED_EDGE('',*,*,#1142,.F.);
#1142 = EDGE_CURVE('',#1143,#1145,#1147,.T.);
#1143 = VERTEX_POINT('',#1144);
#1144 = CARTESIAN_POINT('',(47.109097441852,1.104595168211,0.));
#1145 = VERTEX_POINT('',#1146);
#1146 = CARTESIAN_POINT('',(3.653615688845,13.514302255757,
    59.98243396342));
#1147 = SURFACE_CURVE('',#1148,(#1169,#1193),.PCURVE_S1.);
#1148 = B_SPLINE_CURVE_WITH_KNOTS('',7,(#1149,#1150,#1151,#1152,#1153,
    #1154,#1155,#1156,#1157,#1158,#1159,#1160,#1161,#1162,#1163,#1164,
    #1165,#1166,#1167,#1168),.UNSPECIFIED.,.F.,.F.,(8,6,6,8),(0.,
    0.408175635211,0.699749375935,1.),.UNSPECIFIED.);
#1149 = CARTESIAN_POINT('',(47.109097441852,1.104595168211,
    1.158192666533E-15));
#1150 = CARTESIAN_POINT('',(45.130102642946,3.969071391249,3.2832515686)
  );
#1151 = CARTESIAN_POINT('',(42.939939522288,6.601585538505,
    6.599060901664));
#1152 = CARTESIAN_POINT('',(40.563333037724,8.976850817929,
    9.946751643246));
#1153 = CARTESIAN_POINT('',(38.029308875917,11.07285293156,
    13.325919674768));
#1154 = CARTESIAN_POINT('',(35.37074934351,12.871320465449,
    16.736186612746));
#1155 = CARTESIAN_POINT('',(32.624193396964,14.358642782376,
    20.176888891202));
#1156 = CARTESIAN_POINT('',(27.83239395455,16.361828921051,
    26.124974324778));
#1157 = CARTESIAN_POINT('',(25.810811274002,17.033887534647,
    28.618358476692));
#1158 = CARTESIAN_POINT('',(23.778641460084,17.540482528128,
    31.126144524428));
#1159 = CARTESIAN_POINT('',(21.750753591454,17.880417233394,
    33.647856879824));
#1160 = CARTESIAN_POINT('',(19.742367744609,18.054180134552,
    36.183000198466));
#1161 = CARTESIAN_POINT('',(17.768839540041,18.064088319772,
    38.730970809544));
#1162 = CARTESIAN_POINT('',(13.864650768157,17.760189133864,
    43.927122739551));
#1163 = CARTESIAN_POINT('',(11.93690900756,17.436732326092,
    46.57616884327));
#1164 = CARTESIAN_POINT('',(10.078767348987,16.948579481317,
    49.237172038521));
#1165 = CARTESIAN_POINT('',(8.306447450422,16.302479918439,
    51.909277822422));
#1166 = CARTESIAN_POINT('',(6.635431423501,15.507232358375,
    54.591588552473));
#1167 = CARTESIAN_POINT('',(5.080178693404,14.573674393776,
    57.283085399797));
#1168 = CARTESIAN_POINT('',(3.653615688845,13.514302255757,
    59.98243396342));
#1169 = PCURVE('',#221,#1170);
#1170 = DEFINITIONAL_REPRESENTATION('',(#1171),#1192);
#1171 = B_SPLINE_CURVE_WITH_KNOTS('',7,(#1172,#1173,#1174,#1175,#1176,
    #1177,#1178,#1179,#1180,#1181,#1182,#1183,#1184,#1185,#1186,#1187,
    #1188,#1189,#1190,#1191),.UNSPECIFIED.,.F.,.F.,(8,6,6,8),(0.,
    0.408175635211,0.699749375935,1.),.UNSPECIFIED.);
#1172 = CARTESIAN_POINT('',(-2.209370075931E-02,0.));
#1173 = CARTESIAN_POINT('',(-8.024363861195E-02,-3.2832515686));
#1174 = CARTESIAN_POINT('',(-0.139046055832,-6.599060901665));
#1175 = CARTESIAN_POINT('',(-0.198503344379,-9.946751643243));
#1176 = CARTESIAN_POINT('',(-0.258628166837,-13.32591967477));
#1177 = CARTESIAN_POINT('',(-0.319439123202,-16.73618661274));
#1178 = CARTESIAN_POINT('',(-0.380960084743,-20.1768888912));
#1179 = CARTESIAN_POINT('',(-0.487698808356,-26.12497432477));
#1180 = CARTESIAN_POINT('',(-0.53255633733,-28.61835847669));
#1181 = CARTESIAN_POINT('',(-0.577807444747,-31.12614452443));
#1182 = CARTESIAN_POINT('',(-0.623471345294,-33.64785687982));
#1183 = CARTESIAN_POINT('',(-0.669576531267,-36.18300019846));
#1184 = CARTESIAN_POINT('',(-0.716163248921,-38.73097080954));
#1185 = CARTESIAN_POINT('',(-0.811843653801,-43.92712273955));
#1186 = CARTESIAN_POINT('',(-0.860972535511,-46.57616884327));
#1187 = CARTESIAN_POINT('',(-0.910770741864,-49.23717203851));
#1188 = CARTESIAN_POINT('',(-0.961337930128,-51.90927782243));
#1189 = CARTESIAN_POINT('',(-1.0128988065,-54.59158855246));
#1190 = CARTESIAN_POINT('',(-1.065693319532,-57.28308539979));
#1191 = CARTESIAN_POINT('',(-1.1205465759,-59.98243396342));
#1192 = ( GEOMETRIC_REPRESENTATION_CONTEXT(2) 
PARAMETRIC_REPRESENTATION_CONTEXT() REPRESENTATION_CONTEXT('2D SPACE',''
  ) );
#1193 = PCURVE('',#1194,#1221);
#1194 = ( BOUNDED_SURFACE() B_SPLINE_SURFACE(1,7,(
    (#1195,#1196,#1197,#1198,#1199,#1200,#1201,#1202,#1203,#1204,#1205
      ,#1206,#1207)
    ,(#1208,#1209,#1210,#1211,#1212,#1213,#1214,#1215,#1216,#1217,#1218
      ,#1219,#1220
)),.UNSPECIFIED.,.F.,.F.,.F.) B_SPLINE_SURFACE_WITH_KNOTS((2,2),(8,5,8),
  (1.,2.),(0.,0.529117254068,1.),.UNSPECIFIED.) 
GEOMETRIC_REPRESENTATION_ITEM() RATIONAL_B_SPLINE_SURFACE((
    (1.,1.,1.,1.,1.,1.,1.,1.,1.,1.,1.,1.,1.)
,(1.,1.,1.,1.,1.,1.,1.,1.,1.,1.,1.,1.,1.
))) REPRESENTATION_ITEM('') SURFACE() );
#1195 = CARTESIAN_POINT('',(44.529963533095,1.1,-1.511613076572));
#1196 = CARTESIAN_POINT('',(42.117285779982,4.413246700335,
    2.492615959466));
#1197 = CARTESIAN_POINT('',(39.380989927477,7.412784619219,
    6.585609937866));
#1198 = CARTESIAN_POINT('',(36.353866303585,10.044160378146,
    10.770892756623));
#1199 = CARTESIAN_POINT('',(33.081440055548,12.253588107141,
    15.051609346561));
#1200 = CARTESIAN_POINT('',(29.623891412275,13.990837543209,
    19.430189642165));
#1201 = CARTESIAN_POINT('',(22.886322099923,16.305418783979,
    27.892209654768));
#1202 = CARTESIAN_POINT('',(16.091072282254,16.71196586515,
    36.701406950989));
#1203 = CARTESIAN_POINT('',(12.942860191888,16.465069003683,
    40.925345416396));
#1204 = CARTESIAN_POINT('',(9.918952913201,15.776351492276,
    45.22236424618));
#1205 = CARTESIAN_POINT('',(7.098610536471,14.65860589012,
    49.587533306171));
#1206 = CARTESIAN_POINT('',(4.560678296815,13.146887847689,
    54.013000640284));
#1207 = CARTESIAN_POINT('',(2.37300394028,11.296217642473,
    58.488386923428));
#1208 = CARTESIAN_POINT('',(60.077983749267,1.1,7.558065382861));
#1209 = CARTESIAN_POINT('',(57.088844075196,5.499850547559,
    11.226025253761));
#1210 = CARTESIAN_POINT('',(53.674714296908,9.516078666134,
    14.97529571994));
#1211 = CARTESIAN_POINT('',(49.874591519309,13.079008513172,
    18.809104747687));
#1212 = CARTESIAN_POINT('',(45.74341119266,16.119331962983,
    22.730333161279));
#1213 = CARTESIAN_POINT('',(41.354547311636,18.571641027025,
    26.741206832894));
#1214 = CARTESIAN_POINT('',(32.753568647503,21.993406056904,
    34.492599061876));
#1215 = CARTESIAN_POINT('',(23.978310813349,23.012408382656,
    42.562013145477));
#1216 = CARTESIAN_POINT('',(19.887404976059,22.937663961115,
    46.431231576503));
#1217 = CARTESIAN_POINT('',(15.928514240729,22.30089741593,
    50.367393192205));
#1218 = CARTESIAN_POINT('',(12.201198182737,21.114702622775,
    54.365981883726));
#1219 = CARTESIAN_POINT('',(8.805385663393,19.419415679766,
    58.419805090494));
#1220 = CARTESIAN_POINT('',(5.828119543874,17.280653413922,
    62.51935512762));
#1221 = DEFINITIONAL_REPRESENTATION('',(#1222),#1243);
#1222 = B_SPLINE_CURVE_WITH_KNOTS('',7,(#1223,#1224,#1225,#1226,#1227,
    #1228,#1229,#1230,#1231,#1232,#1233,#1234,#1235,#1236,#1237,#1238,
    #1239,#1240,#1241,#1242),.UNSPECIFIED.,.F.,.F.,(8,6,6,8),(0.,
    0.408175635211,0.699749375935,1.),.UNSPECIFIED.);
#1223 = CARTESIAN_POINT('',(1.166094045235,9.942357203378E-05));
#1224 = CARTESIAN_POINT('',(1.171121763478,6.207989587799E-02));
#1225 = CARTESIAN_POINT('',(1.176553702967,0.123548748083));
#1226 = CARTESIAN_POINT('',(1.182447528531,0.184489921977));
#1227 = CARTESIAN_POINT('',(1.188871973303,0.244900189458));
#1228 = CARTESIAN_POINT('',(1.195917554617,0.304783360635));
#1229 = CARTESIAN_POINT('',(1.203699262722,0.364147184285));
#1230 = CARTESIAN_POINT('',(1.218579499744,0.465034152428));
#1231 = CARTESIAN_POINT('',(1.225238533745,0.506812140449));
#1232 = CARTESIAN_POINT('',(1.232415677216,0.548332409429));
#1233 = CARTESIAN_POINT('',(1.240182679185,0.589600861669));
#1234 = CARTESIAN_POINT('',(1.248629215554,0.630625983143));
#1235 = CARTESIAN_POINT('',(1.257868737444,0.671417761324));
#1236 = CARTESIAN_POINT('',(1.278543752322,0.7537622111));
#1237 = CARTESIAN_POINT('',(1.290036997047,0.795303601966));
#1238 = CARTESIAN_POINT('',(1.302702046126,0.836621001626));
#1239 = CARTESIAN_POINT('',(1.316753321396,0.877729840787));
#1240 = CARTESIAN_POINT('',(1.332472231684,0.918648897434));
#1241 = CARTESIAN_POINT('',(1.350242667387,0.959398666199));
#1242 = CARTESIAN_POINT('',(1.370642228941,1.));
#1243 = ( GEOMETRIC_REPRESENTATION_CONTEXT(2) 
PARAMETRIC_REPRESENTATION_CONTEXT() REPRESENTATION_CONTEXT('2D SPACE',''
  ) );
#1244 = ORIENTED_EDGE('',*,*,#1245,.T.);
#1245 = EDGE_CURVE('',#1143,#1246,#1248,.T.);
#1246 = VERTEX_POINT('',#1247);
#1247 = CARTESIAN_POINT('',(29.144730079782,38.399217974159,0.));
#1248 = SURFACE_CURVE('',#1249,(#1254,#1261),.PCURVE_S1.);
#1249 = CIRCLE('',#1250,50.);
#1250 = AXIS2_PLACEMENT_3D('',#1251,#1252,#1253);
#1251 = CARTESIAN_POINT('',(-2.87869976421,3.552713678801E-15,0.));
#1252 = DIRECTION('',(0.,0.,1.));
#1253 = DIRECTION('',(1.,0.,0.));
#1254 = PCURVE('',#221,#1255);
#1255 = DEFINITIONAL_REPRESENTATION('',(#1256),#1260);
#1256 = LINE('',#1257,#1258);
#1257 = CARTESIAN_POINT('',(-0.,-0.));
#1258 = VECTOR('',#1259,1.);
#1259 = DIRECTION('',(-1.,-0.));
#1260 = ( GEOMETRIC_REPRESENTATION_CONTEXT(2) 
PARAMETRIC_REPRESENTATION_CONTEXT() REPRESENTATION_CONTEXT('2D SPACE',''
  ) );
#1261 = PCURVE('',#694,#1262);
#1262 = DEFINITIONAL_REPRESENTATION('',(#1263),#1267);
#1263 = CIRCLE('',#1264,50.);
#1264 = AXIS2_PLACEMENT_2D('',#1265,#1266);
#1265 = CARTESIAN_POINT('',(0.,0.));
#1266 = DIRECTION('',(1.,0.));
#1267 = ( GEOMETRIC_REPRESENTATION_CONTEXT(2) 
PARAMETRIC_REPRESENTATION_CONTEXT() REPRESENTATION_CONTEXT('2D SPACE',''
  ) );
#1268 = ORIENTED_EDGE('',*,*,#1269,.T.);
#1269 = EDGE_CURVE('',#1246,#1270,#1272,.T.);
#1270 = VERTEX_POINT('',#1271);
#1271 = CARTESIAN_POINT('',(-7.323852416829,14.336949763918,
    59.98243396342));
#1272 = SURFACE_CURVE('',#1273,(#1294,#1318),.PCURVE_S1.);
#1273 = B_SPLINE_CURVE_WITH_KNOTS('',7,(#1274,#1275,#1276,#1277,#1278,
    #1279,#1280,#1281,#1282,#1283,#1284,#1285,#1286,#1287,#1288,#1289,
    #1290,#1291,#1292,#1293),.UNSPECIFIED.,.F.,.F.,(8,6,6,8),(0.,
    0.398483806276,0.694795322749,1.),.UNSPECIFIED.);
#1274 = CARTESIAN_POINT('',(29.144730079782,38.399217974159,
    7.538678644846E-16));
#1275 = CARTESIAN_POINT('',(25.833499245652,38.728220589925,
    3.202406576816));
#1276 = CARTESIAN_POINT('',(22.56363076734,38.768532724193,
    6.436161167141));
#1277 = CARTESIAN_POINT('',(19.367130530973,38.523008511098,
    9.700684401713));
#1278 = CARTESIAN_POINT('',(16.276201457737,37.99929890544,
    12.995620934906));
#1279 = CARTESIAN_POINT('',(13.322677908397,37.209828876291,
    16.320627496612));
#1280 = CARTESIAN_POINT('',(10.537279910835,36.172177858548,
    19.675097173716));
#1281 = CARTESIAN_POINT('',(6.023212264749,33.970125206359,
    25.572945556165));
#1282 = CARTESIAN_POINT('',(4.20658960692,32.906380617645,
    28.103920012055));
#1283 = CARTESIAN_POINT('',(2.510130200928,31.727383179301,
    30.650065436191));
#1284 = CARTESIAN_POINT('',(0.944549035486,30.44403613279,
    33.210892049046));
#1285 = CARTESIAN_POINT('',(-0.480549591754,29.06865642791,
    35.785885452808));
#1286 = CARTESIAN_POINT('',(-1.756943484826,27.614896164769,
    38.374416418314));
#1287 = CARTESIAN_POINT('',(-4.032819701698,24.534660024994,
    43.654917219903));
#1288 = CARTESIAN_POINT('',(-5.022904785623,22.904225552974,
    46.347805420954));
#1289 = CARTESIAN_POINT('',(-5.841081822084,21.222415955682,
    49.053328895655));
#1290 = CARTESIAN_POINT('',(-6.48214070928,19.506527691459,
    51.770586204737));
#1291 = CARTESIAN_POINT('',(-6.943030953102,17.774627215455,
    54.498629622118));
#1292 = CARTESIAN_POINT('',(-7.22304823953,16.045296653524,
    57.236379163581));
#1293 = CARTESIAN_POINT('',(-7.323852416829,14.336949763918,
    59.98243396342));
#1294 = PCURVE('',#221,#1295);
#1295 = DEFINITIONAL_REPRESENTATION('',(#1296),#1317);
#1296 = B_SPLINE_CURVE_WITH_KNOTS('',7,(#1297,#1298,#1299,#1300,#1301,
    #1302,#1303,#1304,#1305,#1306,#1307,#1308,#1309,#1310,#1311,#1312,
    #1313,#1314,#1315,#1316),.UNSPECIFIED.,.F.,.F.,(8,6,6,8),(0.,
    0.398483806276,0.694795322749,1.),.UNSPECIFIED.);
#1297 = CARTESIAN_POINT('',(-0.87568805168,0.));
#1298 = CARTESIAN_POINT('',(-0.930761838379,-3.202406576816));
#1299 = CARTESIAN_POINT('',(-0.986303522736,-6.436161167144));
#1300 = CARTESIAN_POINT('',(-1.042288867102,-9.700684401707));
#1301 = CARTESIAN_POINT('',(-1.098695028956,-12.99562093491));
#1302 = CARTESIAN_POINT('',(-1.15549175364,-16.32062749661));
#1303 = CARTESIAN_POINT('',(-1.212637038132,-19.67509717371));
#1304 = CARTESIAN_POINT('',(-1.312751546843,-25.57294555616));
#1305 = CARTESIAN_POINT('',(-1.355601440276,-28.10392001205));
#1306 = CARTESIAN_POINT('',(-1.398574323017,-30.65006543619));
#1307 = CARTESIAN_POINT('',(-1.441634616821,-33.21089204904));
#1308 = CARTESIAN_POINT('',(-1.484735181284,-35.7858854528));
#1309 = CARTESIAN_POINT('',(-1.527814551557,-38.37441641831));
#1310 = CARTESIAN_POINT('',(-1.615018162498,-43.6549172199));
#1311 = CARTESIAN_POINT('',(-1.659138145816,-46.34780542095));
#1312 = CARTESIAN_POINT('',(-1.703015096846,-49.05332889564));
#1313 = CARTESIAN_POINT('',(-1.746517229616,-51.77058620475));
#1314 = CARTESIAN_POINT('',(-1.789381988067,-54.49862962211));
#1315 = CARTESIAN_POINT('',(-1.83132753797,-57.23637916358));
#1316 = CARTESIAN_POINT('',(-1.871446427518,-59.98243396342));
#1317 = ( GEOMETRIC_REPRESENTATION_CONTEXT(2) 
PARAMETRIC_REPRESENTATION_CONTEXT() REPRESENTATION_CONTEXT('2D SPACE',''
  ) );
#1318 = PCURVE('',#1319,#1346);
#1319 = ( BOUNDED_SURFACE() B_SPLINE_SURFACE(1,7,(
    (#1320,#1321,#1322,#1323,#1324,#1325,#1326,#1327,#1328,#1329,#1330
      ,#1331,#1332)
    ,(#1333,#1334,#1335,#1336,#1337,#1338,#1339,#1340,#1341,#1342,#1343
      ,#1344,#1345
)),.UNSPECIFIED.,.F.,.F.,.F.) B_SPLINE_SURFACE_WITH_KNOTS((2,2),(8,5,8),
  (3.,4.),(0.,0.529117254068,1.),.UNSPECIFIED.) 
GEOMETRIC_REPRESENTATION_ITEM() RATIONAL_B_SPLINE_SURFACE((
    (1.,1.,1.,1.,1.,1.,1.,1.,1.,1.,1.,1.,1.)
,(1.,1.,1.,1.,1.,1.,1.,1.,1.,1.,1.,1.,1.
))) REPRESENTATION_ITEM('') SURFACE() );
#1320 = CARTESIAN_POINT('',(37.234164996006,48.535678420567,
    7.558065382861));
#1321 = CARTESIAN_POINT('',(32.02638761679,49.062144561231,
    11.226025253761));
#1322 = CARTESIAN_POINT('',(26.845885308119,49.027635976743,
    14.97529571994));
#1323 = CARTESIAN_POINT('',(21.769984473247,48.418971333209,
    18.809104747687));
#1324 = CARTESIAN_POINT('',(16.885539715857,47.235421808578,
    22.730333161279));
#1325 = CARTESIAN_POINT('',(12.28775861565,45.492801816805,
    26.741206832894));
#1326 = CARTESIAN_POINT('',(4.328930583301,41.21839335672,
    34.492599061876));
#1327 = CARTESIAN_POINT('',(-1.915803201596,35.33152806094,
    42.562013145477));
#1328 = CARTESIAN_POINT('',(-4.410505349512,32.249622452866,
    46.431231576503));
#1329 = CARTESIAN_POINT('',(-6.397890725471,28.922696907678,
    50.367393192205));
#1330 = CARTESIAN_POINT('',(-7.826469281632,25.434626949537,
    54.365981883726));
#1331 = CARTESIAN_POINT('',(-8.665798893541,21.886580000699,
    58.419805090494));
#1332 = CARTESIAN_POINT('',(-8.912723348599,18.385326873862,
    62.51935512762));
#1333 = CARTESIAN_POINT('',(27.540132952129,36.379746725515,
    -1.511613076572));
#1334 = CARTESIAN_POINT('',(23.541314798522,36.679422527021,
    2.492615959465));
#1335 = CARTESIAN_POINT('',(19.578315435965,36.540969874445,
    6.585609937868));
#1336 = CARTESIAN_POINT('',(15.712690003983,35.95584583137,
    10.77089275662));
#1337 = CARTESIAN_POINT('',(12.013290090093,34.925642272774,
    15.051609346563));
#1338 = CARTESIAN_POINT('',(8.555230671931,33.465321468204,
    19.430189642164));
#1339 = CARTESIAN_POINT('',(2.623850510309,29.957467302781,
    27.892209654769));
#1340 = CARTESIAN_POINT('',(-1.907531676894,25.23677501073,
    36.701406950988));
#1341 = CARTESIAN_POINT('',(-3.679879690012,22.784561761678,
    40.925345416398));
#1342 = CARTESIAN_POINT('',(-5.043695514904,20.156244820828,
    45.222364246177));
#1343 = CARTESIAN_POINT('',(-5.960300962723,17.419952813016,
    49.587533306173));
#1344 = CARTESIAN_POINT('',(-6.408270914702,14.657077012467,
    54.013000640283));
#1345 = CARTESIAN_POINT('',(-6.388132400756,11.952774046029,
    58.488386923428));
#1346 = DEFINITIONAL_REPRESENTATION('',(#1347),#1368);
#1347 = B_SPLINE_CURVE_WITH_KNOTS('',7,(#1348,#1349,#1350,#1351,#1352,
    #1353,#1354,#1355,#1356,#1357,#1358,#1359,#1360,#1361,#1362,#1363,
    #1364,#1365,#1366,#1367),.UNSPECIFIED.,.F.,.F.,(8,6,6,8),(0.,
    0.398483806276,0.694795322749,1.),.UNSPECIFIED.);
#1348 = CARTESIAN_POINT('',(3.833905954772,9.942357318949E-05));
#1349 = CARTESIAN_POINT('',(3.829002040348,6.055372331196E-02));
#1350 = CARTESIAN_POINT('',(3.823712976346,0.120528343849));
#1351 = CARTESIAN_POINT('',(3.817985086743,0.180008850449));
#1352 = CARTESIAN_POINT('',(3.811754524184,0.238991915637));
#1353 = CARTESIAN_POINT('',(3.80493799291,0.29748041265));
#1354 = CARTESIAN_POINT('',(3.797430020947,0.355480655636));
#1355 = CARTESIAN_POINT('',(3.782877574098,0.45576500639));
#1356 = CARTESIAN_POINT('',(3.776207477388,0.498268436176));
#1357 = CARTESIAN_POINT('',(3.769012889511,0.540508628709));
#1358 = CARTESIAN_POINT('',(3.76122016252,0.582491365161));
#1359 = CARTESIAN_POINT('',(3.752737615774,0.624225178609));
#1360 = CARTESIAN_POINT('',(3.743448404035,0.665720168301));
#1361 = CARTESIAN_POINT('',(3.722632125274,0.749491667154));
#1362 = CARTESIAN_POINT('',(3.711045650867,0.791756558573));
#1363 = CARTESIAN_POINT('',(3.698261434359,0.833791966212));
#1364 = CARTESIAN_POINT('',(3.684057420708,0.875613755459));
#1365 = CARTESIAN_POINT('',(3.668140522028,0.917241380085));
#1366 = CARTESIAN_POINT('',(3.650110330428,0.958696152018));
#1367 = CARTESIAN_POINT('',(3.629357771059,1.));
#1368 = ( GEOMETRIC_REPRESENTATION_CONTEXT(2) 
PARAMETRIC_REPRESENTATION_CONTEXT() REPRESENTATION_CONTEXT('2D SPACE',''
  ) );
#1369 = ORIENTED_EDGE('',*,*,#1370,.T.);
#1370 = EDGE_CURVE('',#1270,#205,#1371,.T.);
#1371 = SURFACE_CURVE('',#1372,(#1377,#1387),.PCURVE_S1.);
#1372 = ELLIPSE('',#1373,26.322525453694,21.380020186097);
#1373 = AXIS2_PLACEMENT_3D('',#1374,#1375,#1376);
#1374 = CARTESIAN_POINT('',(-5.211394411179E-02,-7.202023213195,
    46.736842105263));
#1375 = DIRECTION('',(0.184084756614,-0.469040310363,0.863778900898));
#1376 = DIRECTION('',(0.31557386848,-0.804069103479,-0.503871025524));
#1377 = PCURVE('',#221,#1378);
#1378 = DEFINITIONAL_REPRESENTATION('',(#1379),#1386);
#1379 = B_SPLINE_CURVE_WITH_KNOTS('',5,(#1380,#1381,#1382,#1383,#1384,
    #1385),.UNSPECIFIED.,.F.,.F.,(6,6),(3.001474161949,3.14159265359),
  .PIECEWISE_BEZIER_KNOTS.);
#1380 = CARTESIAN_POINT('',(-1.74541543158,-59.87001381848));
#1381 = CARTESIAN_POINT('',(-1.78515768284,-59.92192319512));
#1382 = CARTESIAN_POINT('',(-1.824999713693,-59.9609402709));
#1383 = CARTESIAN_POINT('',(-1.864909153678,-59.98698009697));
#1384 = CARTESIAN_POINT('',(-1.904852303159,-60.));
#1385 = CARTESIAN_POINT('',(-1.944795452222,-60.));
#1386 = ( GEOMETRIC_REPRESENTATION_CONTEXT(2) 
PARAMETRIC_REPRESENTATION_CONTEXT() REPRESENTATION_CONTEXT('2D SPACE',''
  ) );
#1387 = PCURVE('',#1388,#1393);
#1388 = PLANE('',#1389);
#1389 = AXIS2_PLACEMENT_3D('',#1390,#1391,#1392);
#1390 = CARTESIAN_POINT('',(-6.388132400756,11.952774046029,
    58.488386923428));
#1391 = DIRECTION('',(0.184084756614,-0.469040310363,0.863778900898));
#1392 = DIRECTION('',(-0.551105235144,0.678415224637,0.485835160088));
#1393 = DEFINITIONAL_REPRESENTATION('',(#1394),#1398);
#1394 = ELLIPSE('',#1395,26.322525453694,21.380020186097);
#1395 = AXIS2_PLACEMENT_2D('',#1396,#1397);
#1396 = CARTESIAN_POINT('',(-22.19603268493,7.244744756555));
#1397 = DIRECTION('',(-0.964205392804,0.265156483021));
#1398 = ( GEOMETRIC_REPRESENTATION_CONTEXT(2) 
PARAMETRIC_REPRESENTATION_CONTEXT() REPRESENTATION_CONTEXT('2D SPACE',''
  ) );
#1399 = ORIENTED_EDGE('',*,*,#204,.F.);
#1400 = ORIENTED_EDGE('',*,*,#1401,.T.);
#1401 = EDGE_CURVE('',#176,#1145,#1402,.T.);
#1402 = SURFACE_CURVE('',#1403,(#1408,#1418),.PCURVE_S1.);
#1403 = ELLIPSE('',#1404,26.322525453694,21.380020186097);
#1404 = AXIS2_PLACEMENT_3D('',#1405,#1406,#1407);
#1405 = CARTESIAN_POINT('',(-6.747120816841,-6.700301808227,
    46.736842105263));
#1406 = DIRECTION('',(-0.251935512762,-0.436365108335,0.863778900898));
#1407 = DIRECTION('',(-0.431889450449,-0.748054471431,-0.503871025524));
#1408 = PCURVE('',#221,#1409);
#1409 = DEFINITIONAL_REPRESENTATION('',(#1410),#1417);
#1410 = B_SPLINE_CURVE_WITH_KNOTS('',5,(#1411,#1412,#1413,#1414,#1415,
    #1416),.UNSPECIFIED.,.F.,.F.,(6,6),(3.14159265359,3.250421637592),
  .PIECEWISE_BEZIER_KNOTS.);
#1411 = CARTESIAN_POINT('',(-1.047197551197,-60.));
#1412 = CARTESIAN_POINT('',(-1.078221096194,-60.));
#1413 = CARTESIAN_POINT('',(-1.109244641263,-59.99214572583));
#1414 = CARTESIAN_POINT('',(-1.140252392701,-59.97643717312));
#1415 = CARTESIAN_POINT('',(-1.171228558567,-59.95288986114));
#1416 = CARTESIAN_POINT('',(-1.202157725478,-59.92153474114));
#1417 = ( GEOMETRIC_REPRESENTATION_CONTEXT(2) 
PARAMETRIC_REPRESENTATION_CONTEXT() REPRESENTATION_CONTEXT('2D SPACE',''
  ) );
#1418 = PCURVE('',#1092,#1419);
#1419 = DEFINITIONAL_REPRESENTATION('',(#1420),#1424);
#1420 = ELLIPSE('',#1421,26.322525453694,21.380020186097);
#1421 = AXIS2_PLACEMENT_2D('',#1422,#1423);
#1422 = CARTESIAN_POINT('',(-22.19603268493,7.244744756555));
#1423 = DIRECTION('',(-0.964205392804,0.265156483021));
#1424 = ( GEOMETRIC_REPRESENTATION_CONTEXT(2) 
PARAMETRIC_REPRESENTATION_CONTEXT() REPRESENTATION_CONTEXT('2D SPACE',''
  ) );
#1425 = ADVANCED_FACE('',(#1426),#250,.T.);
#1426 = FACE_BOUND('',#1427,.T.);
#1427 = EDGE_LOOP('',(#1428,#1429,#1456,#1557,#1581,#1682));
#1428 = ORIENTED_EDGE('',*,*,#233,.F.);
#1429 = ORIENTED_EDGE('',*,*,#1430,.T.);
#1430 = EDGE_CURVE('',#205,#1431,#1433,.T.);
#1431 = VERTEX_POINT('',#1432);
#1432 = CARTESIAN_POINT('',(-9.371774663846,13.533199510311,
    59.98243396342));
#1433 = SURFACE_CURVE('',#1434,(#1439,#1449),.PCURVE_S1.);
#1434 = ELLIPSE('',#1435,26.322525453694,21.380020186097);
#1435 = AXIS2_PLACEMENT_3D('',#1436,#1437,#1438);
#1436 = CARTESIAN_POINT('',(-5.211394411179E-02,-7.202023213195,
    46.736842105263));
#1437 = DIRECTION('',(0.184084756614,-0.469040310363,0.863778900898));
#1438 = DIRECTION('',(0.31557386848,-0.804069103479,-0.503871025524));
#1439 = PCURVE('',#250,#1440);
#1440 = DEFINITIONAL_REPRESENTATION('',(#1441),#1448);
#1441 = B_SPLINE_CURVE_WITH_KNOTS('',5,(#1442,#1443,#1444,#1445,#1446,
    #1447),.UNSPECIFIED.,.F.,.F.,(6,6),(3.14159265359,3.250421637592),
  .PIECEWISE_BEZIER_KNOTS.);
#1442 = CARTESIAN_POINT('',(-1.944795452222,-60.));
#1443 = CARTESIAN_POINT('',(-1.97581899722,-60.));
#1444 = CARTESIAN_POINT('',(-2.006842542289,-59.99214572583));
#1445 = CARTESIAN_POINT('',(-2.037850293727,-59.97643717312));
#1446 = CARTESIAN_POINT('',(-2.068826459593,-59.95288986114));
#1447 = CARTESIAN_POINT('',(-2.099755626503,-59.92153474114));
#1448 = ( GEOMETRIC_REPRESENTATION_CONTEXT(2) 
PARAMETRIC_REPRESENTATION_CONTEXT() REPRESENTATION_CONTEXT('2D SPACE',''
  ) );
#1449 = PCURVE('',#1388,#1450);
#1450 = DEFINITIONAL_REPRESENTATION('',(#1451),#1455);
#1451 = ELLIPSE('',#1452,26.322525453694,21.380020186097);
#1452 = AXIS2_PLACEMENT_2D('',#1453,#1454);
#1453 = CARTESIAN_POINT('',(-22.19603268493,7.244744756555));
#1454 = DIRECTION('',(-0.964205392804,0.265156483021));
#1455 = ( GEOMETRIC_REPRESENTATION_CONTEXT(2) 
PARAMETRIC_REPRESENTATION_CONTEXT() REPRESENTATION_CONTEXT('2D SPACE',''
  ) );
#1456 = ORIENTED_EDGE('',*,*,#1457,.F.);
#1457 = EDGE_CURVE('',#1458,#1431,#1460,.T.);
#1458 = VERTEX_POINT('',#1459);
#1459 = CARTESIAN_POINT('',(27.424574733263,39.770737417488,0.));
#1460 = SURFACE_CURVE('',#1461,(#1482,#1506),.PCURVE_S1.);
#1461 = B_SPLINE_CURVE_WITH_KNOTS('',7,(#1462,#1463,#1464,#1465,#1466,
    #1467,#1468,#1469,#1470,#1471,#1472,#1473,#1474,#1475,#1476,#1477,
    #1478,#1479,#1480,#1481),.UNSPECIFIED.,.F.,.F.,(8,6,6,8),(0.,
    0.408175635211,0.699749375935,1.),.UNSPECIFIED.);
#1462 = CARTESIAN_POINT('',(27.424574733263,39.770737417488,
    -8.555822909698E-16));
#1463 = CARTESIAN_POINT('',(23.951153966264,40.009468692793,
    3.283251568597));
#1464 = CARTESIAN_POINT('',(20.527427157742,39.938475937384,
    6.59906090167));
#1465 = CARTESIAN_POINT('',(17.188580076961,39.561323844754,
    9.946751643239));
#1466 = CARTESIAN_POINT('',(13.969921414602,38.886979920227,
    13.32591967477));
#1467 = CARTESIAN_POINT('',(10.906238120353,37.929760546139,
    16.736186612747));
#1468 = CARTESIAN_POINT('',(8.030953085489,36.709746935449,
    20.176888891201));
#1469 = CARTESIAN_POINT('',(3.477161012132,34.212333402386,
    26.124974324777));
#1470 = CARTESIAN_POINT('',(1.691288245016,33.050818110145,
    28.618358476696));
#1471 = CARTESIAN_POINT('',(2.817917564525E-02,31.777860584022,
    31.126144524425));
#1472 = CARTESIAN_POINT('',(-1.501959884338,30.404339827429,
    33.647856879825));
#1473 = CARTESIAN_POINT('',(-2.890021284642,28.942459940246,
    36.183000198466));
#1474 = CARTESIAN_POINT('',(-4.128242525013,27.405671110812,
    38.730970809544));
#1475 = CARTESIAN_POINT('',(-6.324866457773,24.16377537225,
    43.927122739548));
#1476 = CARTESIAN_POINT('',(-7.27390507059,22.454934152757,
    46.576168843276));
#1477 = CARTESIAN_POINT('',(-8.050784182816,20.697822184731,
    49.237172038512));
#1478 = CARTESIAN_POINT('',(-8.650666586138,18.909330202595,
    51.909277822432));
#1479 = CARTESIAN_POINT('',(-9.07077845885,17.107048521384,
    54.591588552467));
#1480 = CARTESIAN_POINT('',(-9.310577667947,15.309039103427,
    57.283085399799));
#1481 = CARTESIAN_POINT('',(-9.371774663846,13.533199510311,
    59.98243396342));
#1482 = PCURVE('',#250,#1483);
#1483 = DEFINITIONAL_REPRESENTATION('',(#1484),#1505);
#1484 = B_SPLINE_CURVE_WITH_KNOTS('',7,(#1485,#1486,#1487,#1488,#1489,
    #1490,#1491,#1492,#1493,#1494,#1495,#1496,#1497,#1498,#1499,#1500,
    #1501,#1502,#1503,#1504),.UNSPECIFIED.,.F.,.F.,(8,6,6,8),(0.,
    0.408175635211,0.699749375935,1.),.UNSPECIFIED.);
#1485 = CARTESIAN_POINT('',(-0.919691601785,0.));
#1486 = CARTESIAN_POINT('',(-0.977841539638,-3.283251568597));
#1487 = CARTESIAN_POINT('',(-1.036643956857,-6.59906090167));
#1488 = CARTESIAN_POINT('',(-1.096101245404,-9.94675164324));
#1489 = CARTESIAN_POINT('',(-1.156226067863,-13.32591967476));
#1490 = CARTESIAN_POINT('',(-1.217037024227,-16.73618661274));
#1491 = CARTESIAN_POINT('',(-1.278557985769,-20.1768888912));
#1492 = CARTESIAN_POINT('',(-1.385296709381,-26.12497432477));
#1493 = CARTESIAN_POINT('',(-1.430154238356,-28.61835847669));
#1494 = CARTESIAN_POINT('',(-1.475405345773,-31.12614452442));
#1495 = CARTESIAN_POINT('',(-1.521069246319,-33.64785687982));
#1496 = CARTESIAN_POINT('',(-1.567174432292,-36.18300019846));
#1497 = CARTESIAN_POINT('',(-1.613761149946,-38.73097080954));
#1498 = CARTESIAN_POINT('',(-1.709441554827,-43.92712273954));
#1499 = CARTESIAN_POINT('',(-1.758570436537,-46.57616884328));
#1500 = CARTESIAN_POINT('',(-1.808368642889,-49.2371720385));
#1501 = CARTESIAN_POINT('',(-1.858935831153,-51.90927782244));
#1502 = CARTESIAN_POINT('',(-1.910496707525,-54.59158855246));
#1503 = CARTESIAN_POINT('',(-1.963291220558,-57.28308539979));
#1504 = CARTESIAN_POINT('',(-2.018144476926,-59.98243396342));
#1505 = ( GEOMETRIC_REPRESENTATION_CONTEXT(2) 
PARAMETRIC_REPRESENTATION_CONTEXT() REPRESENTATION_CONTEXT('2D SPACE',''
  ) );
#1506 = PCURVE('',#1507,#1534);
#1507 = ( BOUNDED_SURFACE() B_SPLINE_SURFACE(1,7,(
    (#1508,#1509,#1510,#1511,#1512,#1513,#1514,#1515,#1516,#1517,#1518
      ,#1519,#1520)
    ,(#1521,#1522,#1523,#1524,#1525,#1526,#1527,#1528,#1529,#1530,#1531
      ,#1532,#1533
)),.UNSPECIFIED.,.F.,.F.,.F.) B_SPLINE_SURFACE_WITH_KNOTS((2,2),(8,5,8),
  (1.,2.),(0.,0.529117254068,1.),.UNSPECIFIED.) 
GEOMETRIC_REPRESENTATION_ITEM() RATIONAL_B_SPLINE_SURFACE((
    (1.,1.,1.,1.,1.,1.,1.,1.,1.,1.,1.,1.,1.)
,(1.,1.,1.,1.,1.,1.,1.,1.,1.,1.,1.,1.,1.
))) REPRESENTATION_ITEM('') SURFACE() );
#1508 = CARTESIAN_POINT('',(25.820103690699,37.751424289604,
    -1.511613076572));
#1509 = CARTESIAN_POINT('',(21.725423136957,37.930892393871,
    2.492615959466));
#1510 = CARTESIAN_POINT('',(17.674237400212,37.661751453748,
    6.585609937866));
#1511 = CARTESIAN_POINT('',(13.729564281217,36.935686853817,
    10.770892756623));
#1512 = CARTESIAN_POINT('',(9.961839731465,35.754756646019,
    15.051609346561));
#1513 = CARTESIAN_POINT('',(6.447857110935,34.134693571216,
    19.430189642165));
#1514 = CARTESIAN_POINT('',(0.437438872604,30.310167566703,
    27.892209654768));
#1515 = CARTESIAN_POINT('',(-4.11718139696,25.2509052871,36.701406950989
    ));
#1516 = CARTESIAN_POINT('',(-5.887027790174,22.635596286129,
    40.925345416396));
#1517 = CARTESIAN_POINT('',(-7.233942107257,19.842002030863,
    45.22236424618));
#1518 = CARTESIAN_POINT('',(-8.118508115743,16.940066585381,
    49.587533306171));
#1519 = CARTESIAN_POINT('',(-8.518974226789,14.013290477306,
    54.013000640284));
#1520 = CARTESIAN_POINT('',(-8.436054647773,11.149023792423,
    58.488386923428));
#1521 = CARTESIAN_POINT('',(35.514135734576,49.907355984657,
    7.558065382861));
#1522 = CARTESIAN_POINT('',(30.210495955225,50.313614428079,
    11.226025253761));
#1523 = CARTESIAN_POINT('',(24.941807272366,50.148417556051,
    14.97529571994));
#1524 = CARTESIAN_POINT('',(19.786858750482,49.398812355648,
    18.809104747687));
#1525 = CARTESIAN_POINT('',(14.834089357229,48.06453618183,
    22.730333161279));
#1526 = CARTESIAN_POINT('',(10.180385054654,46.162173919814,
    26.741206832894));
#1527 = CARTESIAN_POINT('',(2.142518945596,41.571093620646,
    34.492599061876));
#1528 = CARTESIAN_POINT('',(-4.125452921661,35.345658337306,
    42.562013145477));
#1529 = CARTESIAN_POINT('',(-6.617653449677,32.100656977325,
    46.431231576503));
#1530 = CARTESIAN_POINT('',(-8.58813731782,28.608454117705,
    50.367393192205));
#1531 = CARTESIAN_POINT('',(-9.984676434654,24.954740721908,
    54.365981883726));
#1532 = CARTESIAN_POINT('',(-10.77650220562,21.242793465535,
    58.419805090494));
#1533 = CARTESIAN_POINT('',(-10.96064559561,17.581576620256,
    62.51935512762));
#1534 = DEFINITIONAL_REPRESENTATION('',(#1535),#1556);
#1535 = B_SPLINE_CURVE_WITH_KNOTS('',7,(#1536,#1537,#1538,#1539,#1540,
    #1541,#1542,#1543,#1544,#1545,#1546,#1547,#1548,#1549,#1550,#1551,
    #1552,#1553,#1554,#1555),.UNSPECIFIED.,.F.,.F.,(8,6,6,8),(0.,
    0.408175635211,0.699749375935,1.),.UNSPECIFIED.);
#1536 = CARTESIAN_POINT('',(1.166094045235,9.942357203382E-05));
#1537 = CARTESIAN_POINT('',(1.171121763478,6.207989587794E-02));
#1538 = CARTESIAN_POINT('',(1.176553702967,0.123548748084));
#1539 = CARTESIAN_POINT('',(1.182447528531,0.184489921976));
#1540 = CARTESIAN_POINT('',(1.188871973303,0.244900189458));
#1541 = CARTESIAN_POINT('',(1.195917554617,0.304783360635));
#1542 = CARTESIAN_POINT('',(1.203699262722,0.364147184285));
#1543 = CARTESIAN_POINT('',(1.218579499744,0.465034152428));
#1544 = CARTESIAN_POINT('',(1.225238533745,0.506812140449));
#1545 = CARTESIAN_POINT('',(1.232415677216,0.548332409429));
#1546 = CARTESIAN_POINT('',(1.240182679185,0.589600861669));
#1547 = CARTESIAN_POINT('',(1.248629215554,0.630625983143));
#1548 = CARTESIAN_POINT('',(1.257868737444,0.671417761324));
#1549 = CARTESIAN_POINT('',(1.278543752322,0.7537622111));
#1550 = CARTESIAN_POINT('',(1.290036997047,0.795303601966));
#1551 = CARTESIAN_POINT('',(1.302702046126,0.836621001626));
#1552 = CARTESIAN_POINT('',(1.316753321396,0.877729840787));
#1553 = CARTESIAN_POINT('',(1.332472231684,0.918648897434));
#1554 = CARTESIAN_POINT('',(1.350242667387,0.959398666199));
#1555 = CARTESIAN_POINT('',(1.370642228941,1.));
#1556 = ( GEOMETRIC_REPRESENTATION_CONTEXT(2) 
PARAMETRIC_REPRESENTATION_CONTEXT() REPRESENTATION_CONTEXT('2D SPACE',''
  ) );
#1557 = ORIENTED_EDGE('',*,*,#1558,.T.);
#1558 = EDGE_CURVE('',#1458,#1559,#1561,.T.);
#1559 = VERTEX_POINT('',#1560);
#1560 = CARTESIAN_POINT('',(-12.93413535029,48.978446434877,0.));
#1561 = SURFACE_CURVE('',#1562,(#1567,#1574),.PCURVE_S1.);
#1562 = CIRCLE('',#1563,50.);
#1563 = AXIS2_PLACEMENT_3D('',#1564,#1565,#1566);
#1564 = CARTESIAN_POINT('',(-2.87869976421,3.552713678801E-15,0.));
#1565 = DIRECTION('',(0.,0.,1.));
#1566 = DIRECTION('',(1.,0.,0.));
#1567 = PCURVE('',#250,#1568);
#1568 = DEFINITIONAL_REPRESENTATION('',(#1569),#1573);
#1569 = LINE('',#1570,#1571);
#1570 = CARTESIAN_POINT('',(-0.,-0.));
#1571 = VECTOR('',#1572,1.);
#1572 = DIRECTION('',(-1.,-0.));
#1573 = ( GEOMETRIC_REPRESENTATION_CONTEXT(2) 
PARAMETRIC_REPRESENTATION_CONTEXT() REPRESENTATION_CONTEXT('2D SPACE',''
  ) );
#1574 = PCURVE('',#694,#1575);
#1575 = DEFINITIONAL_REPRESENTATION('',(#1576),#1580);
#1576 = CIRCLE('',#1577,50.);
#1577 = AXIS2_PLACEMENT_2D('',#1578,#1579);
#1578 = CARTESIAN_POINT('',(0.,0.));
#1579 = DIRECTION('',(1.,0.));
#1580 = ( GEOMETRIC_REPRESENTATION_CONTEXT(2) 
PARAMETRIC_REPRESENTATION_CONTEXT() REPRESENTATION_CONTEXT('2D SPACE',''
  ) );
#1581 = ORIENTED_EDGE('',*,*,#1582,.T.);
#1582 = EDGE_CURVE('',#1559,#1583,#1585,.T.);
#1583 = VERTEX_POINT('',#1584);
#1584 = CARTESIAN_POINT('',(-16.85928579881,5.46358167937,59.98243396342
    ));
#1585 = SURFACE_CURVE('',#1586,(#1607,#1631),.PCURVE_S1.);
#1586 = B_SPLINE_CURVE_WITH_KNOTS('',7,(#1587,#1588,#1589,#1590,#1591,
    #1592,#1593,#1594,#1595,#1596,#1597,#1598,#1599,#1600,#1601,#1602,
    #1603,#1604,#1605,#1606),.UNSPECIFIED.,.F.,.F.,(8,6,6,8),(0.,
    0.398483806276,0.694795322749,1.),.UNSPECIFIED.);
#1587 = CARTESIAN_POINT('',(-12.93413535029,48.978446434877,
    -3.40981646964E-16));
#1588 = CARTESIAN_POINT('',(-15.25587860979,46.594751698752,
    3.202406576814));
#1589 = CARTESIAN_POINT('',(-17.32612555514,44.063399783478,
    6.436161167149));
#1590 = CARTESIAN_POINT('',(-19.12715229463,41.411193422012,
    9.700684401699));
#1591 = CARTESIAN_POINT('',(-20.6448623927,38.668080164197,
    12.99562093492));
#1592 = CARTESIAN_POINT('',(-21.869121682,35.866695957081,
    16.320627496605));
#1593 = CARTESIAN_POINT('',(-22.79452069412,33.042019283924,
    19.675097173718));
#1594 = CARTESIAN_POINT('',(-23.88736174682,28.139821712427,
    25.572945556169));
#1595 = CARTESIAN_POINT('',(-24.18833843904,26.056295023942,
    28.10392001204));
#1596 = CARTESIAN_POINT('',(-24.3242862629,23.994856772345,
    30.650065436221));
#1597 = CARTESIAN_POINT('',(-24.29704902964,21.970682333149,
    33.210892049011));
#1598 = CARTESIAN_POINT('',(-24.11026833674,19.998960141033,
    35.78588545283));
#1599 = CARTESIAN_POINT('',(-23.76949137054,18.094630513005,
    38.374416418308));
#1600 = CARTESIAN_POINT('',(-22.78025139454,14.394783015981,
    43.654917219906));
#1601 = CARTESIAN_POINT('',(-22.12283434702,12.60414406115,
    46.347805420953));
#1602 = CARTESIAN_POINT('',(-21.31806769468,10.915876363222,
    49.053328895644));
#1603 = CARTESIAN_POINT('',(-20.37622590787,9.344837509231,
    51.770586204756));
#1604 = CARTESIAN_POINT('',(-19.30953195803,7.904676722025,
    54.498629622106));
#1605 = CARTESIAN_POINT('',(-18.13207480355,6.607530422452,
    57.236379163583));
#1606 = CARTESIAN_POINT('',(-16.85928579881,5.46358167937,59.98243396342
    ));
#1607 = PCURVE('',#250,#1608);
#1608 = DEFINITIONAL_REPRESENTATION('',(#1609),#1630);
#1609 = B_SPLINE_CURVE_WITH_KNOTS('',7,(#1610,#1611,#1612,#1613,#1614,
    #1615,#1616,#1617,#1618,#1619,#1620,#1621,#1622,#1623,#1624,#1625,
    #1626,#1627,#1628,#1629),.UNSPECIFIED.,.F.,.F.,(8,6,6,8),(0.,
    0.398483806276,0.694795322749,1.),.UNSPECIFIED.);
#1610 = CARTESIAN_POINT('',(-1.773285952706,0.));
#1611 = CARTESIAN_POINT('',(-1.828359739405,-3.202406576814));
#1612 = CARTESIAN_POINT('',(-1.883901423762,-6.436161167151));
#1613 = CARTESIAN_POINT('',(-1.939886768127,-9.700684401696));
#1614 = CARTESIAN_POINT('',(-1.996292929982,-12.99562093492));
#1615 = CARTESIAN_POINT('',(-2.053089654665,-16.3206274966));
#1616 = CARTESIAN_POINT('',(-2.110234939158,-19.67509717371));
#1617 = CARTESIAN_POINT('',(-2.210349447869,-25.57294555616));
#1618 = CARTESIAN_POINT('',(-2.253199341301,-28.10392001203));
#1619 = CARTESIAN_POINT('',(-2.296172224044,-30.65006543622));
#1620 = CARTESIAN_POINT('',(-2.339232517846,-33.210892049));
#1621 = CARTESIAN_POINT('',(-2.38233308231,-35.78588545283));
#1622 = CARTESIAN_POINT('',(-2.425412452583,-38.3744164183));
#1623 = CARTESIAN_POINT('',(-2.512616063524,-43.6549172199));
#1624 = CARTESIAN_POINT('',(-2.556736046842,-46.34780542095));
#1625 = CARTESIAN_POINT('',(-2.600612997871,-49.05332889564));
#1626 = CARTESIAN_POINT('',(-2.644115130642,-51.77058620475));
#1627 = CARTESIAN_POINT('',(-2.686979889093,-54.4986296221));
#1628 = CARTESIAN_POINT('',(-2.728925438995,-57.23637916358));
#1629 = CARTESIAN_POINT('',(-2.769044328544,-59.98243396342));
#1630 = ( GEOMETRIC_REPRESENTATION_CONTEXT(2) 
PARAMETRIC_REPRESENTATION_CONTEXT() REPRESENTATION_CONTEXT('2D SPACE',''
  ) );
#1631 = PCURVE('',#1632,#1659);
#1632 = ( BOUNDED_SURFACE() B_SPLINE_SURFACE(1,7,(
    (#1633,#1634,#1635,#1636,#1637,#1638,#1639,#1640,#1641,#1642,#1643
      ,#1644,#1645)
    ,(#1646,#1647,#1648,#1649,#1650,#1651,#1652,#1653,#1654,#1655,#1656
      ,#1657,#1658
)),.UNSPECIFIED.,.F.,.F.,.F.) B_SPLINE_SURFACE_WITH_KNOTS((2,2),(8,5,8),
  (3.,4.),(0.,0.529117254068,1.),.UNSPECIFIED.) 
GEOMETRIC_REPRESENTATION_ITEM() RATIONAL_B_SPLINE_SURFACE((
    (1.,1.,1.,1.,1.,1.,1.,1.,1.,1.,1.,1.,1.)
,(1.,1.,1.,1.,1.,1.,1.,1.,1.,1.,1.,1.,1.
))) REPRESENTATION_ITEM('') SURFACE() );
#1633 = CARTESIAN_POINT('',(-15.81545907502,61.623001043037,
    7.558065382861));
#1634 = CARTESIAN_POINT('',(-19.47406296453,57.87964300401,
    11.226025253761));
#1635 = CARTESIAN_POINT('',(-22.67707342473,53.807847453588,
    14.97529571994));
#1636 = CARTESIAN_POINT('',(-25.36597264994,49.459852181003,
    18.809104747687));
#1637 = CARTESIAN_POINT('',(-27.48603786449,44.903108436698,
    22.730333161279));
#1638 = CARTESIAN_POINT('',(-28.9902723201,40.221912629674,
    26.741206832894));
#1639 = CARTESIAN_POINT('',(-30.61065333,31.334400226592,34.492599061876
    ));
#1640 = CARTESIAN_POINT('',(-29.90164453892,22.781670277093,
    42.562013145477));
#1641 = CARTESIAN_POINT('',(-29.04753505643,18.909696881546,
    46.431231576503));
#1642 = CARTESIAN_POINT('',(-27.68555443965,15.281592277858,
    50.367393192205));
#1643 = CARTESIAN_POINT('',(-25.84917569424,11.989908540402,
    54.365981883726));
#1644 = CARTESIAN_POINT('',(-23.59851434179,9.121523136526,
    58.419805090494));
#1645 = CARTESIAN_POINT('',(-21.0150792987,6.745474205462,62.51935512762
    ));
#1646 = CARTESIAN_POINT('',(-12.35569909534,46.464802155124,
    -1.511613076572));
#1647 = CARTESIAN_POINT('',(-15.08321740976,43.525245036072,
    2.492615959465));
#1648 = CARTESIAN_POINT('',(-17.44586045447,40.340523552503,
    6.585609937868));
#1649 = CARTESIAN_POINT('',(-19.39857009109,36.953437016671,
    10.77089275662));
#1650 = CARTESIAN_POINT('',(-20.89966263493,33.418808285129,
    15.051609346563));
#1651 = CARTESIAN_POINT('',(-21.91400263686,29.804693434674,
    19.430189642164));
#1652 = CARTESIAN_POINT('',(-22.86960685615,22.980242391282,
    27.892209654769));
#1653 = CARTESIAN_POINT('',(-22.00409158522,16.494161636425,
    36.701406950988));
#1654 = CARTESIAN_POINT('',(-21.19191497691,13.579554209113,
    40.925345416398));
#1655 = CARTESIAN_POINT('',(-19.98733930509,10.874551252252,
    45.222364246177));
#1656 = CARTESIAN_POINT('',(-18.4195142172,8.451870094367,
    49.587533306173));
#1657 = CARTESIAN_POINT('',(-16.53871563078,6.379008197266,
    54.013000640283));
#1658 = CARTESIAN_POINT('',(-14.41185027541,4.708647800768,
    58.488386923428));
#1659 = DEFINITIONAL_REPRESENTATION('',(#1660),#1681);
#1660 = B_SPLINE_CURVE_WITH_KNOTS('',7,(#1661,#1662,#1663,#1664,#1665,
    #1666,#1667,#1668,#1669,#1670,#1671,#1672,#1673,#1674,#1675,#1676,
    #1677,#1678,#1679,#1680),.UNSPECIFIED.,.F.,.F.,(8,6,6,8),(0.,
    0.398483806276,0.694795322749,1.),.UNSPECIFIED.);
#1661 = CARTESIAN_POINT('',(3.833905954772,9.942357318938E-05));
#1662 = CARTESIAN_POINT('',(3.829002040348,6.055372331192E-02));
#1663 = CARTESIAN_POINT('',(3.823712976346,0.12052834385));
#1664 = CARTESIAN_POINT('',(3.817985086743,0.180008850448));
#1665 = CARTESIAN_POINT('',(3.811754524184,0.238991915637));
#1666 = CARTESIAN_POINT('',(3.80493799291,0.297480412649));
#1667 = CARTESIAN_POINT('',(3.797430020947,0.355480655636));
#1668 = CARTESIAN_POINT('',(3.782877574098,0.45576500639));
#1669 = CARTESIAN_POINT('',(3.776207477388,0.498268436176));
#1670 = CARTESIAN_POINT('',(3.769012889511,0.54050862871));
#1671 = CARTESIAN_POINT('',(3.76122016252,0.58249136516));
#1672 = CARTESIAN_POINT('',(3.752737615774,0.62422517861));
#1673 = CARTESIAN_POINT('',(3.743448404035,0.665720168301));
#1674 = CARTESIAN_POINT('',(3.722632125274,0.749491667154));
#1675 = CARTESIAN_POINT('',(3.711045650867,0.791756558573));
#1676 = CARTESIAN_POINT('',(3.698261434359,0.833791966212));
#1677 = CARTESIAN_POINT('',(3.684057420708,0.875613755459));
#1678 = CARTESIAN_POINT('',(3.668140522028,0.917241380085));
#1679 = CARTESIAN_POINT('',(3.650110330428,0.958696152018));
#1680 = CARTESIAN_POINT('',(3.629357771059,1.));
#1681 = ( GEOMETRIC_REPRESENTATION_CONTEXT(2) 
PARAMETRIC_REPRESENTATION_CONTEXT() REPRESENTATION_CONTEXT('2D SPACE',''
  ) );
#1682 = ORIENTED_EDGE('',*,*,#1683,.T.);
#1683 = EDGE_CURVE('',#1583,#234,#1684,.T.);
#1684 = SURFACE_CURVE('',#1685,(#1690,#1700),.PCURVE_S1.);
#1685 = ELLIPSE('',#1686,26.322525453694,21.380020186097);
#1686 = AXIS2_PLACEMENT_3D('',#1687,#1688,#1689);
#1687 = CARTESIAN_POINT('',(4.514416154241,-2.280474244126,
    46.736842105263));
#1688 = DIRECTION('',(0.481485449614,-0.148518592009,0.863778900898));
#1689 = DIRECTION('',(0.82540362791,-0.254603300587,-0.503871025524));
#1690 = PCURVE('',#250,#1691);
#1691 = DEFINITIONAL_REPRESENTATION('',(#1692),#1699);
#1692 = B_SPLINE_CURVE_WITH_KNOTS('',5,(#1693,#1694,#1695,#1696,#1697,
    #1698),.UNSPECIFIED.,.F.,.F.,(6,6),(3.001474161949,3.14159265359),
  .PIECEWISE_BEZIER_KNOTS.);
#1693 = CARTESIAN_POINT('',(-2.643013332605,-59.87001381848));
#1694 = CARTESIAN_POINT('',(-2.682755583866,-59.92192319512));
#1695 = CARTESIAN_POINT('',(-2.722597614719,-59.9609402709));
#1696 = CARTESIAN_POINT('',(-2.762507054704,-59.98698009697));
#1697 = CARTESIAN_POINT('',(-2.802450204185,-60.));
#1698 = CARTESIAN_POINT('',(-2.842393353248,-60.));
#1699 = ( GEOMETRIC_REPRESENTATION_CONTEXT(2) 
PARAMETRIC_REPRESENTATION_CONTEXT() REPRESENTATION_CONTEXT('2D SPACE',''
  ) );
#1700 = PCURVE('',#1701,#1706);
#1701 = PLANE('',#1702);
#1702 = AXIS2_PLACEMENT_3D('',#1703,#1704,#1705);
#1703 = CARTESIAN_POINT('',(-14.41185027541,4.708647800768,
    58.488386923428));
#1704 = DIRECTION('',(0.481485449614,-0.148518592009,0.863778900898));
#1705 = DIRECTION('',(-0.87401487467,-7.886449001388E-03,0.485835160088)
  );
#1706 = DEFINITIONAL_REPRESENTATION('',(#1707),#1711);
#1707 = ELLIPSE('',#1708,26.322525453694,21.380020186097);
#1708 = AXIS2_PLACEMENT_2D('',#1709,#1710);
#1709 = CARTESIAN_POINT('',(-22.19603268493,7.244744756555));
#1710 = DIRECTION('',(-0.964205392804,0.265156483021));
#1711 = ( GEOMETRIC_REPRESENTATION_CONTEXT(2) 
PARAMETRIC_REPRESENTATION_CONTEXT() REPRESENTATION_CONTEXT('2D SPACE',''
  ) );
#1712 = ADVANCED_FACE('',(#1713),#279,.T.);
#1713 = FACE_BOUND('',#1714,.T.);
#1714 = EDGE_LOOP('',(#1715,#1716,#1743,#1844,#1868,#1969));
#1715 = ORIENTED_EDGE('',*,*,#262,.F.);
#1716 = ORIENTED_EDGE('',*,*,#1717,.T.);
#1717 = EDGE_CURVE('',#234,#1718,#1720,.T.);
#1718 = VERTEX_POINT('',#1719);
#1719 = CARTESIAN_POINT('',(-17.50774718252,3.36132150664,59.98243396342
    ));
#1720 = SURFACE_CURVE('',#1721,(#1726,#1736),.PCURVE_S1.);
#1721 = ELLIPSE('',#1722,26.322525453694,21.380020186097);
#1722 = AXIS2_PLACEMENT_3D('',#1723,#1724,#1725);
#1723 = CARTESIAN_POINT('',(4.514416154241,-2.280474244126,
    46.736842105263));
#1724 = DIRECTION('',(0.481485449614,-0.148518592009,0.863778900898));
#1725 = DIRECTION('',(0.82540362791,-0.254603300587,-0.503871025524));
#1726 = PCURVE('',#279,#1727);
#1727 = DEFINITIONAL_REPRESENTATION('',(#1728),#1735);
#1728 = B_SPLINE_CURVE_WITH_KNOTS('',5,(#1729,#1730,#1731,#1732,#1733,
    #1734),.UNSPECIFIED.,.F.,.F.,(6,6),(3.14159265359,3.250421637592),
  .PIECEWISE_BEZIER_KNOTS.);
#1729 = CARTESIAN_POINT('',(-2.842393353248,-60.));
#1730 = CARTESIAN_POINT('',(-2.873416898245,-60.));
#1731 = CARTESIAN_POINT('',(-2.904440443314,-59.99214572583));
#1732 = CARTESIAN_POINT('',(-2.935448194752,-59.97643717312));
#1733 = CARTESIAN_POINT('',(-2.966424360619,-59.95288986114));
#1734 = CARTESIAN_POINT('',(-2.997353527529,-59.92153474114));
#1735 = ( GEOMETRIC_REPRESENTATION_CONTEXT(2) 
PARAMETRIC_REPRESENTATION_CONTEXT() REPRESENTATION_CONTEXT('2D SPACE',''
  ) );
#1736 = PCURVE('',#1701,#1737);
#1737 = DEFINITIONAL_REPRESENTATION('',(#1738),#1742);
#1738 = ELLIPSE('',#1739,26.322525453694,21.380020186097);
#1739 = AXIS2_PLACEMENT_2D('',#1740,#1741);
#1740 = CARTESIAN_POINT('',(-22.19603268493,7.244744756555));
#1741 = DIRECTION('',(-0.964205392804,0.265156483021));
#1742 = ( GEOMETRIC_REPRESENTATION_CONTEXT(2) 
PARAMETRIC_REPRESENTATION_CONTEXT() REPRESENTATION_CONTEXT('2D SPACE',''
  ) );
#1743 = ORIENTED_EDGE('',*,*,#1744,.F.);
#1744 = EDGE_CURVE('',#1745,#1718,#1747,.T.);
#1745 = VERTEX_POINT('',#1746);
#1746 = CARTESIAN_POINT('',(-15.07893174607,48.4887032162,0.));
#1747 = SURFACE_CURVE('',#1748,(#1769,#1793),.PCURVE_S1.);
#1748 = B_SPLINE_CURVE_WITH_KNOTS('',7,(#1749,#1750,#1751,#1752,#1753,
    #1754,#1755,#1756,#1757,#1758,#1759,#1760,#1761,#1762,#1763,#1764,
    #1765,#1766,#1767,#1768),.UNSPECIFIED.,.F.,.F.,(8,6,6,8),(0.,
    0.40817563521,0.699749375934,1.),.UNSPECIFIED.);
#1749 = CARTESIAN_POINT('',(-15.07893174607,48.4887032162,
    6.987299435054E-16));
#1750 = CARTESIAN_POINT('',(-17.43122179874,45.921920024242,
    3.283251568594));
#1751 = CARTESIAN_POINT('',(-19.510376177,43.200879358956,6.599060901683
    ));
#1752 = CARTESIAN_POINT('',(-21.29724390213,40.355313112569,
    9.946751643214));
#1753 = CARTESIAN_POINT('',(-22.77682144357,37.418417879107,
    13.325919674796));
#1754 = CARTESIAN_POINT('',(-23.93861249137,34.426317309488,
    16.736186612732));
#1755 = CARTESIAN_POINT('',(-24.77747833817,31.417662903755,
    20.176888891205));
#1756 = CARTESIAN_POINT('',(-25.6641647308,26.300253027307,
    26.124974324776));
#1757 = CARTESIAN_POINT('',(-25.86952896567,24.179808534875,
    28.618358476702));
#1758 = CARTESIAN_POINT('',(-25.91122224003,22.085861469933,
    31.12614452441));
#1759 = CARTESIAN_POINT('',(-25.79138657003,20.033174395897,
    33.647856879841));
#1760 = CARTESIAN_POINT('',(-25.51388497809,18.036477092349,
    36.183000198457));
#1761 = CARTESIAN_POINT('',(-25.08439340515,16.110224581599,
    38.730970809546));
#1762 = CARTESIAN_POINT('',(-23.91934987446,12.371545904136,
    43.927122739557));
#1763 = CARTESIAN_POINT('',(-23.17503990719,10.564112565228,
    46.576168843243));
#1764 = CARTESIAN_POINT('',(-22.2856506561,8.861182624401,
    49.237172038571));
#1765 = CARTESIAN_POINT('',(-21.26137187913,7.277069164165,
    51.909277822375));
#1766 = CARTESIAN_POINT('',(-20.11422678874,5.824908227588,
    54.591588552497));
#1767 = CARTESIAN_POINT('',(-18.85799878138,4.516385120714,
    57.283085399792));
#1768 = CARTESIAN_POINT('',(-17.50774718252,3.36132150664,59.98243396342
    ));
#1769 = PCURVE('',#279,#1770);
#1770 = DEFINITIONAL_REPRESENTATION('',(#1771),#1792);
#1771 = B_SPLINE_CURVE_WITH_KNOTS('',7,(#1772,#1773,#1774,#1775,#1776,
    #1777,#1778,#1779,#1780,#1781,#1782,#1783,#1784,#1785,#1786,#1787,
    #1788,#1789,#1790,#1791),.UNSPECIFIED.,.F.,.F.,(8,6,6,8),(0.,
    0.40817563521,0.699749375934,1.),.UNSPECIFIED.);
#1772 = CARTESIAN_POINT('',(-1.817289502811,0.));
#1773 = CARTESIAN_POINT('',(-1.875439440663,-3.283251568594));
#1774 = CARTESIAN_POINT('',(-1.934241857883,-6.599060901683));
#1775 = CARTESIAN_POINT('',(-1.99369914643,-9.946751643216));
#1776 = CARTESIAN_POINT('',(-2.053823968889,-13.32591967479));
#1777 = CARTESIAN_POINT('',(-2.114634925253,-16.73618661273));
#1778 = CARTESIAN_POINT('',(-2.176155886795,-20.1768888912));
#1779 = CARTESIAN_POINT('',(-2.282894610407,-26.12497432477));
#1780 = CARTESIAN_POINT('',(-2.327752139382,-28.6183584767));
#1781 = CARTESIAN_POINT('',(-2.373003246798,-31.12614452441));
#1782 = CARTESIAN_POINT('',(-2.418667147345,-33.64785687983));
#1783 = CARTESIAN_POINT('',(-2.464772333318,-36.18300019845));
#1784 = CARTESIAN_POINT('',(-2.511359050972,-38.73097080954));
#1785 = CARTESIAN_POINT('',(-2.607039455852,-43.92712273955));
#1786 = CARTESIAN_POINT('',(-2.656168337562,-46.57616884325));
#1787 = CARTESIAN_POINT('',(-2.705966543916,-49.23717203854));
#1788 = CARTESIAN_POINT('',(-2.756533732178,-51.90927782239));
#1789 = CARTESIAN_POINT('',(-2.808094608551,-54.59158855248));
#1790 = CARTESIAN_POINT('',(-2.860889121583,-57.28308539979));
#1791 = CARTESIAN_POINT('',(-2.915742377952,-59.98243396342));
#1792 = ( GEOMETRIC_REPRESENTATION_CONTEXT(2) 
PARAMETRIC_REPRESENTATION_CONTEXT() REPRESENTATION_CONTEXT('2D SPACE',''
  ) );
#1793 = PCURVE('',#1794,#1821);
#1794 = ( BOUNDED_SURFACE() B_SPLINE_SURFACE(1,7,(
    (#1795,#1796,#1797,#1798,#1799,#1800,#1801,#1802,#1803,#1804,#1805
      ,#1806,#1807)
    ,(#1808,#1809,#1810,#1811,#1812,#1813,#1814,#1815,#1816,#1817,#1818
      ,#1819,#1820
)),.UNSPECIFIED.,.F.,.F.,.F.) B_SPLINE_SURFACE_WITH_KNOTS((2,2),(8,5,8),
  (1.,2.),(0.,0.529117254068,1.),.UNSPECIFIED.) 
GEOMETRIC_REPRESENTATION_ITEM() RATIONAL_B_SPLINE_SURFACE((
    (1.,1.,1.,1.,1.,1.,1.,1.,1.,1.,1.,1.,1.)
,(1.,1.,1.,1.,1.,1.,1.,1.,1.,1.,1.,1.,1.
))) REPRESENTATION_ITEM('') SURFACE() );
#1795 = CARTESIAN_POINT('',(-14.50054050214,45.97525610042,
    -1.511613076572));
#1796 = CARTESIAN_POINT('',(-17.19384588328,42.885802465624,
    2.492615959466));
#1797 = CARTESIAN_POINT('',(-19.50929601537,39.550651283882,
    6.585609937866));
#1798 = CARTESIAN_POINT('',(-21.4010993142,36.013887777859,
    10.770892756623));
#1799 = CARTESIAN_POINT('',(-22.82694873213,32.331864166326,
    15.051609346561));
#1800 = CARTESIAN_POINT('',(-23.75126474447,28.574429119243,
    19.430189642165));
#1801 = CARTESIAN_POINT('',(-24.50856438513,21.490741956958,
    27.892209654768));
#1802 = CARTESIAN_POINT('',(-23.39283314629,14.775398003265,
    36.701406950989));
#1803 = CARTESIAN_POINT('',(-22.45158340997,11.761057883103,
    40.925345416396));
#1804 = CARTESIAN_POINT('',(-21.10725081264,8.966220337132,
    45.22236424618));
#1805 = CARTESIAN_POINT('',(-19.38994420664,6.465311627466,
    49.587533306171));
#1806 = CARTESIAN_POINT('',(-17.35138503943,4.327399558479,
    54.013000640284));
#1807 = CARTESIAN_POINT('',(-15.06031165912,2.606387628038,
    58.488386923428));
#1808 = CARTESIAN_POINT('',(-17.96030048182,61.133454988334,
    7.558065382861));
#1809 = CARTESIAN_POINT('',(-21.58469143806,57.240200433561,
    11.226025253761));
#1810 = CARTESIAN_POINT('',(-24.74050898563,53.01797518497,
    14.97529571994));
#1811 = CARTESIAN_POINT('',(-27.36850187304,48.520302942187,
    18.809104747687));
#1812 = CARTESIAN_POINT('',(-29.41332396169,43.816164317899,
    22.730333161279));
#1813 = CARTESIAN_POINT('',(-30.82753442771,38.991648314242,
    26.741206832894));
#1814 = CARTESIAN_POINT('',(-32.24961085899,29.84489979227,
    34.492599061876));
#1815 = CARTESIAN_POINT('',(-31.29038609998,21.062906643931,
    42.562013145477));
#1816 = CARTESIAN_POINT('',(-30.3072034895,17.091200555539,
    46.431231576503));
#1817 = CARTESIAN_POINT('',(-28.80546594719,13.373261362735,
    50.367393192205));
#1818 = CARTESIAN_POINT('',(-26.81960568369,10.003350073502,
    54.365981883726));
#1819 = CARTESIAN_POINT('',(-24.41118375045,7.069914497739,
    58.419805090494));
#1820 = CARTESIAN_POINT('',(-21.6635406824,4.643214032733,62.51935512762
    ));
#1821 = DEFINITIONAL_REPRESENTATION('',(#1822),#1843);
#1822 = B_SPLINE_CURVE_WITH_KNOTS('',7,(#1823,#1824,#1825,#1826,#1827,
    #1828,#1829,#1830,#1831,#1832,#1833,#1834,#1835,#1836,#1837,#1838,
    #1839,#1840,#1841,#1842),.UNSPECIFIED.,.F.,.F.,(8,6,6,8),(0.,
    0.40817563521,0.699749375934,1.),.UNSPECIFIED.);
#1823 = CARTESIAN_POINT('',(1.166094045235,9.942357203386E-05));
#1824 = CARTESIAN_POINT('',(1.171121763478,6.207989587788E-02));
#1825 = CARTESIAN_POINT('',(1.176553702967,0.123548748084));
#1826 = CARTESIAN_POINT('',(1.182447528531,0.184489921976));
#1827 = CARTESIAN_POINT('',(1.188871973303,0.244900189458));
#1828 = CARTESIAN_POINT('',(1.195917554617,0.304783360635));
#1829 = CARTESIAN_POINT('',(1.203699262722,0.364147184285));
#1830 = CARTESIAN_POINT('',(1.218579499744,0.465034152428));
#1831 = CARTESIAN_POINT('',(1.225238533745,0.506812140449));
#1832 = CARTESIAN_POINT('',(1.232415677216,0.548332409428));
#1833 = CARTESIAN_POINT('',(1.240182679185,0.58960086167));
#1834 = CARTESIAN_POINT('',(1.248629215554,0.630625983143));
#1835 = CARTESIAN_POINT('',(1.257868737444,0.671417761324));
#1836 = CARTESIAN_POINT('',(1.278543752322,0.753762211101));
#1837 = CARTESIAN_POINT('',(1.290036997047,0.795303601965));
#1838 = CARTESIAN_POINT('',(1.302702046126,0.836621001627));
#1839 = CARTESIAN_POINT('',(1.316753321396,0.877729840787));
#1840 = CARTESIAN_POINT('',(1.332472231684,0.918648897435));
#1841 = CARTESIAN_POINT('',(1.350242667387,0.959398666199));
#1842 = CARTESIAN_POINT('',(1.370642228941,1.));
#1843 = ( GEOMETRIC_REPRESENTATION_CONTEXT(2) 
PARAMETRIC_REPRESENTATION_CONTEXT() REPRESENTATION_CONTEXT('2D SPACE',''
  ) );
#1844 = ORIENTED_EDGE('',*,*,#1845,.T.);
#1845 = EDGE_CURVE('',#1745,#1846,#1848,.T.);
#1846 = VERTEX_POINT('',#1847);
#1847 = CARTESIAN_POINT('',(-47.44105269054,22.675905751902,0.));
#1848 = SURFACE_CURVE('',#1849,(#1854,#1861),.PCURVE_S1.);
#1849 = CIRCLE('',#1850,50.);
#1850 = AXIS2_PLACEMENT_3D('',#1851,#1852,#1853);
#1851 = CARTESIAN_POINT('',(-2.87869976421,3.552713678801E-15,0.));
#1852 = DIRECTION('',(0.,0.,1.));
#1853 = DIRECTION('',(1.,0.,0.));
#1854 = PCURVE('',#279,#1855);
#1855 = DEFINITIONAL_REPRESENTATION('',(#1856),#1860);
#1856 = LINE('',#1857,#1858);
#1857 = CARTESIAN_POINT('',(-0.,-0.));
#1858 = VECTOR('',#1859,1.);
#1859 = DIRECTION('',(-1.,-0.));
#1860 = ( GEOMETRIC_REPRESENTATION_CONTEXT(2) 
PARAMETRIC_REPRESENTATION_CONTEXT() REPRESENTATION_CONTEXT('2D SPACE',''
  ) );
#1861 = PCURVE('',#694,#1862);
#1862 = DEFINITIONAL_REPRESENTATION('',(#1863),#1867);
#1863 = CIRCLE('',#1864,50.);
#1864 = AXIS2_PLACEMENT_2D('',#1865,#1866);
#1865 = CARTESIAN_POINT('',(0.,0.));
#1866 = DIRECTION('',(1.,0.));
#1867 = ( GEOMETRIC_REPRESENTATION_CONTEXT(2) 
PARAMETRIC_REPRESENTATION_CONTEXT() REPRESENTATION_CONTEXT('2D SPACE',''
  ) );
#1868 = ORIENTED_EDGE('',*,*,#1869,.T.);
#1869 = EDGE_CURVE('',#1846,#1870,#1872,.T.);
#1870 = VERTEX_POINT('',#1871);
#1871 = CARTESIAN_POINT('',(-15.86705274476,-7.523974846499,
    59.98243396342));
#1872 = SURFACE_CURVE('',#1873,(#1894,#1918),.PCURVE_S1.);
#1873 = B_SPLINE_CURVE_WITH_KNOTS('',7,(#1874,#1875,#1876,#1877,#1878,
    #1879,#1880,#1881,#1882,#1883,#1884,#1885,#1886,#1887,#1888,#1889,
    #1890,#1891,#1892,#1893),.UNSPECIFIED.,.F.,.F.,(8,6,6,8),(0.,
    0.398483806276,0.694795322748,1.),.UNSPECIFIED.);
#1874 = CARTESIAN_POINT('',(-47.44105269054,22.675905751902,
    -3.40981646964E-16));
#1875 = CARTESIAN_POINT('',(-47.02498834607,19.3744844187,3.202406576813
    ));
#1876 = CARTESIAN_POINT('',(-46.33667558326,16.177628076246,
    6.436161167156));
#1877 = CARTESIAN_POINT('',(-45.38601895681,13.115905051763,
    9.700684401686));
#1878 = CARTESIAN_POINT('',(-44.1876434202,10.219008374214,
    12.995620934935));
#1879 = CARTESIAN_POINT('',(-42.7607462343,7.51520943493,16.320627496596
    ));
#1880 = CARTESIAN_POINT('',(-41.12930193014,5.030546254144,
    19.67509717372));
#1881 = CARTESIAN_POINT('',(-37.97798478688,1.119658521287,
    25.572945556165));
#1882 = CARTESIAN_POINT('',(-36.53667392544,-0.414712174359,
    28.10392001205));
#1883 = CARTESIAN_POINT('',(-35.00973868296,-1.806286190038,
    30.650065436205));
#1884 = CARTESIAN_POINT('',(-33.4101932432,-3.047043383625,
    33.210892049033));
#1885 = CARTESIAN_POINT('',(-31.75218290154,-4.130361036465,
    35.785885452813));
#1886 = CARTESIAN_POINT('',(-30.0508470822,-5.051260978254,
    38.374416418314));
#1887 = CARTESIAN_POINT('',(-26.54140879207,-6.584659204126,
    43.654917219908));
#1888 = CARTESIAN_POINT('',(-24.73153805876,-7.187114986407,
    46.347805420949));
#1889 = CARTESIAN_POINT('',(-22.90983342106,-7.61054077404,
    49.053328895648));
#1890 = CARTESIAN_POINT('',(-21.09431703581,-7.853705917393,
    51.770586204752));
#1891 = CARTESIAN_POINT('',(-19.30328119312,-7.917656569112,
    54.49862962211));
#1892 = CARTESIAN_POINT('',(-17.5549988508,-7.805840985783,
    57.236379163581));
#1893 = CARTESIAN_POINT('',(-15.86705274476,-7.523974846499,
    59.98243396342));
#1894 = PCURVE('',#279,#1895);
#1895 = DEFINITIONAL_REPRESENTATION('',(#1896),#1917);
#1896 = B_SPLINE_CURVE_WITH_KNOTS('',7,(#1897,#1898,#1899,#1900,#1901,
    #1902,#1903,#1904,#1905,#1906,#1907,#1908,#1909,#1910,#1911,#1912,
    #1913,#1914,#1915,#1916),.UNSPECIFIED.,.F.,.F.,(8,6,6,8),(0.,
    0.398483806276,0.694795322748,1.),.UNSPECIFIED.);
#1897 = CARTESIAN_POINT('',(-2.670883853732,0.));
#1898 = CARTESIAN_POINT('',(-2.72595764043,-3.202406576813));
#1899 = CARTESIAN_POINT('',(-2.781499324788,-6.436161167157));
#1900 = CARTESIAN_POINT('',(-2.837484669153,-9.700684401683));
#1901 = CARTESIAN_POINT('',(-2.893890831008,-12.99562093493));
#1902 = CARTESIAN_POINT('',(-2.950687555691,-16.32062749659));
#1903 = CARTESIAN_POINT('',(-3.007832840184,-19.67509717372));
#1904 = CARTESIAN_POINT('',(-3.107947348894,-25.57294555616));
#1905 = CARTESIAN_POINT('',(-3.150797242327,-28.10392001205));
#1906 = CARTESIAN_POINT('',(-3.193770125069,-30.65006543618));
#1907 = CARTESIAN_POINT('',(-3.236830418872,-33.21089204904));
#1908 = CARTESIAN_POINT('',(-3.279930983336,-35.7858854528));
#1909 = CARTESIAN_POINT('',(-3.323010353608,-38.37441641831));
#1910 = CARTESIAN_POINT('',(-3.410213964549,-43.6549172199));
#1911 = CARTESIAN_POINT('',(-3.454333947868,-46.34780542094));
#1912 = CARTESIAN_POINT('',(-3.498210898897,-49.05332889566));
#1913 = CARTESIAN_POINT('',(-3.541713031668,-51.77058620474));
#1914 = CARTESIAN_POINT('',(-3.584577790119,-54.49862962211));
#1915 = CARTESIAN_POINT('',(-3.626523340021,-57.23637916358));
#1916 = CARTESIAN_POINT('',(-3.66664222957,-59.98243396342));
#1917 = ( GEOMETRIC_REPRESENTATION_CONTEXT(2) 
PARAMETRIC_REPRESENTATION_CONTEXT() REPRESENTATION_CONTEXT('2D SPACE',''
  ) );
#1918 = PCURVE('',#1919,#1946);
#1919 = ( BOUNDED_SURFACE() B_SPLINE_SURFACE(1,7,(
    (#1920,#1921,#1922,#1923,#1924,#1925,#1926,#1927,#1928,#1929,#1930
      ,#1931,#1932)
    ,(#1933,#1934,#1935,#1936,#1937,#1938,#1939,#1940,#1941,#1942,#1943
      ,#1944,#1945
)),.UNSPECIFIED.,.F.,.F.,.F.) B_SPLINE_SURFACE_WITH_KNOTS((2,2),(8,5,8),
  (3.,4.),(0.,0.529117254068,1.),.UNSPECIFIED.) 
GEOMETRIC_REPRESENTATION_ITEM() RATIONAL_B_SPLINE_SURFACE((
    (1.,1.,1.,1.,1.,1.,1.,1.,1.,1.,1.,1.,1.)
,(1.,1.,1.,1.,1.,1.,1.,1.,1.,1.,1.,1.,1.
))) REPRESENTATION_ITEM('') SURFACE() );
#1920 = CARTESIAN_POINT('',(-59.1234395232,28.306946999961,
    7.558065382861));
#1921 = CARTESIAN_POINT('',(-58.4778665723,23.112589735217,
    11.226025253761));
#1922 = CARTESIAN_POINT('',(-57.29145297798,18.069652317822,
    14.97529571994));
#1923 = CARTESIAN_POINT('',(-55.5685546334,13.256455539383,
    18.809104747687));
#1924 = CARTESIAN_POINT('',(-53.32778795711,8.757838555498,
    22.730333161279));
#1925 = CARTESIAN_POINT('',(-50.60575654226,4.663102854904,
    26.741206832894));
#1926 = CARTESIAN_POINT('',(-44.6675105795,-2.145035379439,
    34.492599061876));
#1927 = CARTESIAN_POINT('',(-37.53865729327,-6.923249886788,
    42.562013145477));
#1928 = CARTESIAN_POINT('',(-33.97889804135,-8.669616129098,
    46.431231576503));
#1929 = CARTESIAN_POINT('',(-30.29315061561,-9.866863024863,
    50.367393192205));
#1930 = CARTESIAN_POINT('',(-26.57464521922,-10.48345554921,
    54.365981883726));
#1931 = CARTESIAN_POINT('',(-22.92878680593,-10.51222669461,
    58.419805090494));
#1932 = CARTESIAN_POINT('',(-19.46037154461,-9.973858122248,
    62.51935512762));
#1933 = CARTESIAN_POINT('',(-45.11515735092,21.560913852693,
    -1.511613076572));
#1934 = CARTESIAN_POINT('',(-44.51749890415,17.595670279766,
    2.492615959465));
#1935 = CARTESIAN_POINT('',(-43.50066722921,13.762840198811,
    6.585609937868));
#1936 = CARTESIAN_POINT('',(-42.07003088608,10.124336415677,
    10.77089275662));
#1937 = CARTESIAN_POINT('',(-40.24246275766,6.746930039326,
    15.051609346563));
#1938 = CARTESIAN_POINT('',(-38.04926463314,3.700523339886,
    19.430189642164));
#1939 = CARTESIAN_POINT('',(-33.30950344219,-1.301573752369,
    27.892209654769));
#1940 = CARTESIAN_POINT('',(-27.69884136544,-4.668891869689,
    36.701406950988));
#1941 = CARTESIAN_POINT('',(-24.91372568714,-5.851134635339,
    40.925345416398));
#1942 = CARTESIAN_POINT('',(-22.04782856834,-6.59590120969,
    45.222364246177));
#1943 = CARTESIAN_POINT('',(-19.17617721373,-6.880643192071,
    49.587533306173));
#1944 = CARTESIAN_POINT('',(-16.38288978579,-6.70258389853,
    54.013000640283));
#1945 = CARTESIAN_POINT('',(-13.75087058174,-6.081186277382,
    58.488386923428));
#1946 = DEFINITIONAL_REPRESENTATION('',(#1947),#1968);
#1947 = B_SPLINE_CURVE_WITH_KNOTS('',7,(#1948,#1949,#1950,#1951,#1952,
    #1953,#1954,#1955,#1956,#1957,#1958,#1959,#1960,#1961,#1962,#1963,
    #1964,#1965,#1966,#1967),.UNSPECIFIED.,.F.,.F.,(8,6,6,8),(0.,
    0.398483806276,0.694795322748,1.),.UNSPECIFIED.);
#1948 = CARTESIAN_POINT('',(3.833905954772,9.942357318939E-05));
#1949 = CARTESIAN_POINT('',(3.829002040348,6.055372331189E-02));
#1950 = CARTESIAN_POINT('',(3.823712976346,0.12052834385));
#1951 = CARTESIAN_POINT('',(3.817985086742,0.180008850448));
#1952 = CARTESIAN_POINT('',(3.811754524184,0.238991915637));
#1953 = CARTESIAN_POINT('',(3.804937992909,0.297480412649));
#1954 = CARTESIAN_POINT('',(3.797430020947,0.355480655636));
#1955 = CARTESIAN_POINT('',(3.782877574098,0.45576500639));
#1956 = CARTESIAN_POINT('',(3.776207477388,0.498268436176));
#1957 = CARTESIAN_POINT('',(3.769012889511,0.540508628709));
#1958 = CARTESIAN_POINT('',(3.76122016252,0.582491365161));
#1959 = CARTESIAN_POINT('',(3.752737615774,0.624225178609));
#1960 = CARTESIAN_POINT('',(3.743448404035,0.665720168301));
#1961 = CARTESIAN_POINT('',(3.722632125274,0.749491667154));
#1962 = CARTESIAN_POINT('',(3.711045650867,0.791756558573));
#1963 = CARTESIAN_POINT('',(3.698261434359,0.833791966212));
#1964 = CARTESIAN_POINT('',(3.684057420708,0.875613755459));
#1965 = CARTESIAN_POINT('',(3.668140522028,0.917241380085));
#1966 = CARTESIAN_POINT('',(3.650110330428,0.958696152018));
#1967 = CARTESIAN_POINT('',(3.629357771059,1.));
#1968 = ( GEOMETRIC_REPRESENTATION_CONTEXT(2) 
PARAMETRIC_REPRESENTATION_CONTEXT() REPRESENTATION_CONTEXT('2D SPACE',''
  ) );
#1969 = ORIENTED_EDGE('',*,*,#1970,.T.);
#1970 = EDGE_CURVE('',#1870,#263,#1971,.T.);
#1971 = SURFACE_CURVE('',#1972,(#1977,#1987),.PCURVE_S1.);
#1972 = ELLIPSE('',#1973,26.322525453694,21.380020186097);
#1973 = AXIS2_PLACEMENT_3D('',#1974,#1975,#1976);
#1974 = CARTESIAN_POINT('',(3.513779173919,4.358318343966,
    46.736842105263));
#1975 = DIRECTION('',(0.416317778542,0.283840655355,0.863778900898));
#1976 = DIRECTION('',(0.713687620358,0.486583980608,-0.503871025524));
#1977 = PCURVE('',#279,#1978);
#1978 = DEFINITIONAL_REPRESENTATION('',(#1979),#1986);
#1979 = B_SPLINE_CURVE_WITH_KNOTS('',5,(#1980,#1981,#1982,#1983,#1984,
    #1985),.UNSPECIFIED.,.F.,.F.,(6,6),(3.001474161949,3.14159265363),
  .PIECEWISE_BEZIER_KNOTS.);
#1980 = CARTESIAN_POINT('',(-3.540611233631,-59.87001381848));
#1981 = CARTESIAN_POINT('',(-3.580353484903,-59.92192319513));
#1982 = CARTESIAN_POINT('',(-3.620195515767,-59.96094027092));
#1983 = CARTESIAN_POINT('',(-3.660104955764,-59.98698009699));
#1984 = CARTESIAN_POINT('',(-3.700048105256,-60.00000000001));
#1985 = CARTESIAN_POINT('',(-3.739991254331,-60.));
#1986 = ( GEOMETRIC_REPRESENTATION_CONTEXT(2) 
PARAMETRIC_REPRESENTATION_CONTEXT() REPRESENTATION_CONTEXT('2D SPACE',''
  ) );
#1987 = PCURVE('',#1988,#1993);
#1988 = PLANE('',#1989);
#1989 = AXIS2_PLACEMENT_3D('',#1990,#1991,#1992);
#1990 = CARTESIAN_POINT('',(-13.75087058174,-6.081186277382,
    58.488386923428));
#1991 = DIRECTION('',(0.416317778542,0.283840655355,0.863778900898));
#1992 = DIRECTION('',(-0.538773486915,-0.688249465688,0.485835160088));
#1993 = DEFINITIONAL_REPRESENTATION('',(#1994),#1998);
#1994 = ELLIPSE('',#1995,26.322525453694,21.380020186097);
#1995 = AXIS2_PLACEMENT_2D('',#1996,#1997);
#1996 = CARTESIAN_POINT('',(-22.19603268493,7.244744756555));
#1997 = DIRECTION('',(-0.964205392804,0.265156483021));
#1998 = ( GEOMETRIC_REPRESENTATION_CONTEXT(2) 
PARAMETRIC_REPRESENTATION_CONTEXT() REPRESENTATION_CONTEXT('2D SPACE',''
  ) );
#1999 = ADVANCED_FACE('',(#2000),#308,.T.);
#2000 = FACE_BOUND('',#2001,.T.);
#2001 = EDGE_LOOP('',(#2002,#2003,#2030,#2131,#2155,#2256));
#2002 = ORIENTED_EDGE('',*,*,#291,.F.);
#2003 = ORIENTED_EDGE('',*,*,#2004,.T.);
#2004 = EDGE_CURVE('',#263,#2005,#2007,.T.);
#2005 = VERTEX_POINT('',#2006);
#2006 = CARTESIAN_POINT('',(-14.62774861702,-9.341700149994,
    59.98243396342));
#2007 = SURFACE_CURVE('',#2008,(#2013,#2023),.PCURVE_S1.);
#2008 = ELLIPSE('',#2009,26.322525453694,21.380020186097);
#2009 = AXIS2_PLACEMENT_3D('',#2010,#2011,#2012);
#2010 = CARTESIAN_POINT('',(3.513779173919,4.358318343966,
    46.736842105263));
#2011 = DIRECTION('',(0.416317778542,0.283840655355,0.863778900898));
#2012 = DIRECTION('',(0.713687620358,0.486583980608,-0.503871025524));
#2013 = PCURVE('',#308,#2014);
#2014 = DEFINITIONAL_REPRESENTATION('',(#2015),#2022);
#2015 = B_SPLINE_CURVE_WITH_KNOTS('',5,(#2016,#2017,#2018,#2019,#2020,
    #2021),.UNSPECIFIED.,.F.,.F.,(6,6),(3.14159265363,3.250421637592),
  .PIECEWISE_BEZIER_KNOTS.);
#2016 = CARTESIAN_POINT('',(-3.739991254331,-60.));
#2017 = CARTESIAN_POINT('',(-3.771014799317,-59.99999999998));
#2018 = CARTESIAN_POINT('',(-3.802038344374,-59.99214572582));
#2019 = CARTESIAN_POINT('',(-3.833046095801,-59.9764371731));
#2020 = CARTESIAN_POINT('',(-3.864022261656,-59.95288986113));
#2021 = CARTESIAN_POINT('',(-3.894951428555,-59.92153474114));
#2022 = ( GEOMETRIC_REPRESENTATION_CONTEXT(2) 
PARAMETRIC_REPRESENTATION_CONTEXT() REPRESENTATION_CONTEXT('2D SPACE',''
  ) );
#2023 = PCURVE('',#1988,#2024);
#2024 = DEFINITIONAL_REPRESENTATION('',(#2025),#2029);
#2025 = ELLIPSE('',#2026,26.322525453694,21.380020186097);
#2026 = AXIS2_PLACEMENT_2D('',#2027,#2028);
#2027 = CARTESIAN_POINT('',(-22.19603268493,7.244744756555));
#2028 = DIRECTION('',(-0.964205392804,0.265156483021));
#2029 = ( GEOMETRIC_REPRESENTATION_CONTEXT(2) 
PARAMETRIC_REPRESENTATION_CONTEXT() REPRESENTATION_CONTEXT('2D SPACE',''
  ) );
#2030 = ORIENTED_EDGE('',*,*,#2031,.F.);
#2031 = EDGE_CURVE('',#2032,#2005,#2034,.T.);
#2032 = VERTEX_POINT('',#2033);
#2033 = CARTESIAN_POINT('',(-48.39541470368,20.693686503823,0.));
#2034 = SURFACE_CURVE('',#2035,(#2056,#2080),.PCURVE_S1.);
#2035 = B_SPLINE_CURVE_WITH_KNOTS('',7,(#2036,#2037,#2038,#2039,#2040,
    #2041,#2042,#2043,#2044,#2045,#2046,#2047,#2048,#2049,#2050,#2051,
    #2052,#2053,#2054,#2055),.UNSPECIFIED.,.F.,.F.,(8,6,6,8),(0.,
    0.408175635211,0.699749375936,1.),.UNSPECIFIED.);
#2036 = CARTESIAN_POINT('',(-48.39541470368,20.693686503823,
    1.070230633837E-15));
#2037 = CARTESIAN_POINT('',(-47.85525165439,17.254228940977,
    3.283251568599));
#2038 = CARTESIAN_POINT('',(-47.02418794854,13.93213948591,
    6.599060901667));
#2039 = CARTESIAN_POINT('',(-45.91352847554,10.760928508222,
    9.946751643242));
#2040 = CARTESIAN_POINT('',(-44.53987282948,7.773023978426,
    13.325919674769));
#2041 = CARTESIAN_POINT('',(-42.92491927561,4.999154969882,
    16.736186612747));
#2042 = CARTESIAN_POINT('',(-41.09568284196,2.467437902009,
    20.176888891201));
#2043 = CARTESIAN_POINT('',(-37.64757061511,-1.416454304727,
    26.124974324778));
#2044 = CARTESIAN_POINT('',(-36.11778286022,-2.899090045357,
    28.618358476691));
#2045 = CARTESIAN_POINT('',(-34.50666445358,-4.237241800495,
    31.126144524436));
#2046 = CARTESIAN_POINT('',(-32.82709275732,-5.423379958021,
    33.647856879812));
#2047 = CARTESIAN_POINT('',(-31.09299253185,-6.451340883177,
    36.183000198475));
#2048 = CARTESIAN_POINT('',(-29.31920406006,-7.316549646248,
    38.730970809542));
#2049 = CARTESIAN_POINT('',(-25.66979460709,-8.736709963328,
    43.927122739539));
#2050 = CARTESIAN_POINT('',(-23.7926166462,-9.281701252566,
    46.576168843316));
#2051 = CARTESIAN_POINT('',(-21.90668727819,-9.648108187261,
    49.23717203844));
#2052 = CARTESIAN_POINT('',(-20.02955013136,-9.834973380058,
    51.909277822502));
#2053 = CARTESIAN_POINT('',(-18.17897172851,-9.843506768046,
    54.59158855243));
#2054 = CARTESIAN_POINT('',(-16.37268181658,-9.677198975366,
    57.283085399808));
#2055 = CARTESIAN_POINT('',(-14.62774861702,-9.341700149994,
    59.98243396342));
#2056 = PCURVE('',#308,#2057);
#2057 = DEFINITIONAL_REPRESENTATION('',(#2058),#2079);
#2058 = B_SPLINE_CURVE_WITH_KNOTS('',7,(#2059,#2060,#2061,#2062,#2063,
    #2064,#2065,#2066,#2067,#2068,#2069,#2070,#2071,#2072,#2073,#2074,
    #2075,#2076,#2077,#2078),.UNSPECIFIED.,.F.,.F.,(8,6,6,8),(0.,
    0.408175635211,0.699749375936,1.),.UNSPECIFIED.);
#2059 = CARTESIAN_POINT('',(-2.714887403836,0.));
#2060 = CARTESIAN_POINT('',(-2.773037341689,-3.283251568599));
#2061 = CARTESIAN_POINT('',(-2.831839758909,-6.599060901666));
#2062 = CARTESIAN_POINT('',(-2.891297047456,-9.946751643244));
#2063 = CARTESIAN_POINT('',(-2.951421869914,-13.32591967476));
#2064 = CARTESIAN_POINT('',(-3.012232826279,-16.73618661274));
#2065 = CARTESIAN_POINT('',(-3.07375378782,-20.1768888912));
#2066 = CARTESIAN_POINT('',(-3.180492511433,-26.12497432477));
#2067 = CARTESIAN_POINT('',(-3.225350040407,-28.61835847669));
#2068 = CARTESIAN_POINT('',(-3.270601147824,-31.12614452443));
#2069 = CARTESIAN_POINT('',(-3.316265048371,-33.64785687981));
#2070 = CARTESIAN_POINT('',(-3.362370234344,-36.18300019847));
#2071 = CARTESIAN_POINT('',(-3.408956951998,-38.73097080954));
#2072 = CARTESIAN_POINT('',(-3.504637356878,-43.92712273953));
#2073 = CARTESIAN_POINT('',(-3.553766238589,-46.57616884331));
#2074 = CARTESIAN_POINT('',(-3.603564444939,-49.23717203843));
#2075 = CARTESIAN_POINT('',(-3.654131633206,-51.9092778225));
#2076 = CARTESIAN_POINT('',(-3.705692509576,-54.59158855243));
#2077 = CARTESIAN_POINT('',(-3.758487022609,-57.2830853998));
#2078 = CARTESIAN_POINT('',(-3.813340278977,-59.98243396342));
#2079 = ( GEOMETRIC_REPRESENTATION_CONTEXT(2) 
PARAMETRIC_REPRESENTATION_CONTEXT() REPRESENTATION_CONTEXT('2D SPACE',''
  ) );
#2080 = PCURVE('',#2081,#2108);
#2081 = ( BOUNDED_SURFACE() B_SPLINE_SURFACE(1,7,(
    (#2082,#2083,#2084,#2085,#2086,#2087,#2088,#2089,#2090,#2091,#2092
      ,#2093,#2094)
    ,(#2095,#2096,#2097,#2098,#2099,#2100,#2101,#2102,#2103,#2104,#2105
      ,#2106,#2107
)),.UNSPECIFIED.,.F.,.F.,.F.) B_SPLINE_SURFACE_WITH_KNOTS((2,2),(8,5,8),
  (1.,2.),(0.,0.529117254068,1.),.UNSPECIFIED.) 
GEOMETRIC_REPRESENTATION_ITEM() RATIONAL_B_SPLINE_SURFACE((
    (1.,1.,1.,1.,1.,1.,1.,1.,1.,1.,1.,1.,1.)
,(1.,1.,1.,1.,1.,1.,1.,1.,1.,1.,1.,1.,1.
))) REPRESENTATION_ITEM('') SURFACE() );
#2082 = CARTESIAN_POINT('',(-46.06970157697,19.578782343307,
    -1.511613076572));
#2083 = CARTESIAN_POINT('',(-45.3335179001,15.546828569819,
    2.492615959466));
#2084 = CARTESIAN_POINT('',(-44.16965125149,11.657104010995,
    6.585609937866));
#2085 = CARTESIAN_POINT('',(-42.58401826038,7.972896655743,
    10.770892756623));
#2086 = CARTESIAN_POINT('',(-40.59429885276,4.562418519554,
    15.051609346561));
#2087 = CARTESIAN_POINT('',(-38.23291944701,1.49703672835,
    19.430189642165));
#2088 = CARTESIAN_POINT('',(-33.16683841448,-3.511650677621,
    27.892209654768));
#2089 = CARTESIAN_POINT('',(-27.22092404685,-6.826285340221,
    36.701406950989));
#2090 = CARTESIAN_POINT('',(-24.27735843045,-7.969796987759,
    40.925345416396));
#2091 = CARTESIAN_POINT('',(-21.25408878388,-8.661308148024,
    45.22236424618));
#2092 = CARTESIAN_POINT('',(-18.22807646438,-8.877954854254,
    49.587533306171));
#2093 = CARTESIAN_POINT('',(-15.28556865086,-8.617111490746,
    54.013000640284));
#2094 = CARTESIAN_POINT('',(-12.511566454,-7.898911580877,
    58.488386923428));
#2095 = CARTESIAN_POINT('',(-60.07798374926,26.324815490575,
    7.558065382861));
#2096 = CARTESIAN_POINT('',(-59.29388556825,21.063748025271,
    11.226025253761));
#2097 = CARTESIAN_POINT('',(-57.96043700027,15.963916130004,
    14.97529571994));
#2098 = CARTESIAN_POINT('',(-56.08254200769,11.105015779452,
    18.809104747687));
#2099 = CARTESIAN_POINT('',(-53.67962405222,6.573327035723,
    22.730333161279));
#2100 = CARTESIAN_POINT('',(-50.78941135613,2.45961624337,
    26.741206832894));
#2101 = CARTESIAN_POINT('',(-44.5248455518,-4.355112304693,
    34.492599061876));
#2102 = CARTESIAN_POINT('',(-37.06073997468,-9.080643357319,
    42.562013145477));
#2103 = CARTESIAN_POINT('',(-33.34253078466,-10.78827848152,
    46.431231576503));
#2104 = CARTESIAN_POINT('',(-29.49941083113,-11.93226996319,
    50.367393192205));
#2105 = CARTESIAN_POINT('',(-25.62654446987,-12.4807672114,
    54.365981883726));
#2106 = CARTESIAN_POINT('',(-21.831465671,-12.42675428682,
    58.419805090494));
#2107 = CARTESIAN_POINT('',(-18.22106741687,-11.79158342574,
    62.51935512762));
#2108 = DEFINITIONAL_REPRESENTATION('',(#2109),#2130);
#2109 = B_SPLINE_CURVE_WITH_KNOTS('',7,(#2110,#2111,#2112,#2113,#2114,
    #2115,#2116,#2117,#2118,#2119,#2120,#2121,#2122,#2123,#2124,#2125,
    #2126,#2127,#2128,#2129),.UNSPECIFIED.,.F.,.F.,(8,6,6,8),(0.,
    0.408175635211,0.699749375936,1.),.UNSPECIFIED.);
#2110 = CARTESIAN_POINT('',(1.166094045235,9.942357203368E-05));
#2111 = CARTESIAN_POINT('',(1.171121763478,6.207989587796E-02));
#2112 = CARTESIAN_POINT('',(1.176553702967,0.123548748084));
#2113 = CARTESIAN_POINT('',(1.182447528531,0.184489921977));
#2114 = CARTESIAN_POINT('',(1.188871973303,0.244900189458));
#2115 = CARTESIAN_POINT('',(1.195917554617,0.304783360635));
#2116 = CARTESIAN_POINT('',(1.203699262722,0.364147184285));
#2117 = CARTESIAN_POINT('',(1.218579499744,0.465034152428));
#2118 = CARTESIAN_POINT('',(1.225238533745,0.506812140449));
#2119 = CARTESIAN_POINT('',(1.232415677216,0.548332409429));
#2120 = CARTESIAN_POINT('',(1.240182679185,0.589600861669));
#2121 = CARTESIAN_POINT('',(1.248629215554,0.630625983143));
#2122 = CARTESIAN_POINT('',(1.257868737444,0.671417761324));
#2123 = CARTESIAN_POINT('',(1.278543752322,0.7537622111));
#2124 = CARTESIAN_POINT('',(1.290036997047,0.795303601966));
#2125 = CARTESIAN_POINT('',(1.302702046126,0.836621001625));
#2126 = CARTESIAN_POINT('',(1.316753321397,0.877729840788));
#2127 = CARTESIAN_POINT('',(1.332472231684,0.918648897434));
#2128 = CARTESIAN_POINT('',(1.350242667387,0.959398666199));
#2129 = CARTESIAN_POINT('',(1.370642228941,1.));
#2130 = ( GEOMETRIC_REPRESENTATION_CONTEXT(2) 
PARAMETRIC_REPRESENTATION_CONTEXT() REPRESENTATION_CONTEXT('2D SPACE',''
  ) );
#2131 = ORIENTED_EDGE('',*,*,#2132,.T.);
#2132 = EDGE_CURVE('',#2032,#2133,#2135,.T.);
#2133 = VERTEX_POINT('',#2134);
#2134 = CARTESIAN_POINT('',(-48.39160937092,-20.70205446643,0.));
#2135 = SURFACE_CURVE('',#2136,(#2141,#2148),.PCURVE_S1.);
#2136 = CIRCLE('',#2137,50.);
#2137 = AXIS2_PLACEMENT_3D('',#2138,#2139,#2140);
#2138 = CARTESIAN_POINT('',(-2.87869976421,3.552713678801E-15,0.));
#2139 = DIRECTION('',(0.,0.,1.));
#2140 = DIRECTION('',(1.,0.,0.));
#2141 = PCURVE('',#308,#2142);
#2142 = DEFINITIONAL_REPRESENTATION('',(#2143),#2147);
#2143 = LINE('',#2144,#2145);
#2144 = CARTESIAN_POINT('',(-0.,-0.));
#2145 = VECTOR('',#2146,1.);
#2146 = DIRECTION('',(-1.,-0.));
#2147 = ( GEOMETRIC_REPRESENTATION_CONTEXT(2) 
PARAMETRIC_REPRESENTATION_CONTEXT() REPRESENTATION_CONTEXT('2D SPACE',''
  ) );
#2148 = PCURVE('',#694,#2149);
#2149 = DEFINITIONAL_REPRESENTATION('',(#2150),#2154);
#2150 = CIRCLE('',#2151,50.);
#2151 = AXIS2_PLACEMENT_2D('',#2152,#2153);
#2152 = CARTESIAN_POINT('',(0.,0.));
#2153 = DIRECTION('',(1.,0.));
#2154 = ( GEOMETRIC_REPRESENTATION_CONTEXT(2) 
PARAMETRIC_REPRESENTATION_CONTEXT() REPRESENTATION_CONTEXT('2D SPACE',''
  ) );
#2155 = ORIENTED_EDGE('',*,*,#2156,.T.);
#2156 = EDGE_CURVE('',#2133,#2157,#2159,.T.);
#2157 = VERTEX_POINT('',#2158);
#2158 = CARTESIAN_POINT('',(-5.094324982235,-14.84582485183,
    59.98243396342));
#2159 = SURFACE_CURVE('',#2160,(#2181,#2205),.PCURVE_S1.);
#2160 = B_SPLINE_CURVE_WITH_KNOTS('',7,(#2161,#2162,#2163,#2164,#2165,
    #2166,#2167,#2168,#2169,#2170,#2171,#2172,#2173,#2174,#2175,#2176,
    #2177,#2178,#2179,#2180),.UNSPECIFIED.,.F.,.F.,(8,6,6,8),(0.,
    0.398483806276,0.694795322749,1.),.UNSPECIFIED.);
#2161 = CARTESIAN_POINT('',(-48.39160937092,-20.70205446643,
    -3.40981646964E-16));
#2162 = CARTESIAN_POINT('',(-45.55104236004,-22.43516479609,
    3.202406576814));
#2163 = CARTESIAN_POINT('',(-42.62248343848,-23.89022753586,
    6.436161167153));
#2164 = CARTESIAN_POINT('',(-39.63600727568,-25.05592733818,
    9.700684401691));
#2165 = CARTESIAN_POINT('',(-36.62394732585,-25.92518515132,
    12.995620934929));
#2166 = CARTESIAN_POINT('',(-33.62037634913,-26.49538307406,
    16.3206274966));
#2167 = CARTESIAN_POINT('',(-30.66059956512,-26.76903070944,
    19.675097173718));
#2168 = CARTESIAN_POINT('',(-25.63813030993,-26.74363037325,
    25.572945556168));
#2169 = CARTESIAN_POINT('',(-23.53986837089,-26.57343264677,
    28.103920012047));
#2170 = CARTESIAN_POINT('',(-21.49986344345,-26.24725880981,
    30.650065436202));
#2171 = CARTESIAN_POINT('',(-19.53250013811,-25.77028328415,
    33.210892049037));
#2172 = CARTESIAN_POINT('',(-17.6517757522,-25.1494361095,
    35.785885452812));
#2173 = CARTESIAN_POINT('',(-15.87102165262,-24.39344992593,
    38.374416418314));
#2174 = CARTESIAN_POINT('',(-12.48406366033,-22.60571874095,
    43.654917219897));
#2175 = CARTESIAN_POINT('',(-10.88460881801,-21.56632985875,
    46.347805420984));
#2176 = CARTESIAN_POINT('',(-9.417746943218,-20.40606548173,
    49.053328895591));
#2177 = CARTESIAN_POINT('',(-8.09567682732,-19.13824860178,
    51.77058620481));
#2178 = CARTESIAN_POINT('',(-6.92898561185,-17.77783297296,
    54.498629622074));
#2179 = CARTESIAN_POINT('',(-5.926370343905,-16.34125492157,
    57.236379163593));
#2180 = CARTESIAN_POINT('',(-5.094324982235,-14.84582485183,
    59.98243396342));
#2181 = PCURVE('',#308,#2182);
#2182 = DEFINITIONAL_REPRESENTATION('',(#2183),#2204);
#2183 = B_SPLINE_CURVE_WITH_KNOTS('',7,(#2184,#2185,#2186,#2187,#2188,
    #2189,#2190,#2191,#2192,#2193,#2194,#2195,#2196,#2197,#2198,#2199,
    #2200,#2201,#2202,#2203),.UNSPECIFIED.,.F.,.F.,(8,6,6,8),(0.,
    0.398483806276,0.694795322749,1.),.UNSPECIFIED.);
#2184 = CARTESIAN_POINT('',(-3.568481754757,0.));
#2185 = CARTESIAN_POINT('',(-3.623555541456,-3.202406576814));
#2186 = CARTESIAN_POINT('',(-3.679097225814,-6.436161167153));
#2187 = CARTESIAN_POINT('',(-3.735082570179,-9.700684401691));
#2188 = CARTESIAN_POINT('',(-3.791488732033,-12.99562093492));
#2189 = CARTESIAN_POINT('',(-3.848285456717,-16.3206274966));
#2190 = CARTESIAN_POINT('',(-3.905430741209,-19.67509717371));
#2191 = CARTESIAN_POINT('',(-4.00554524992,-25.57294555616));
#2192 = CARTESIAN_POINT('',(-4.048395143353,-28.10392001204));
#2193 = CARTESIAN_POINT('',(-4.091368026094,-30.6500654362));
#2194 = CARTESIAN_POINT('',(-4.134428319898,-33.21089204903));
#2195 = CARTESIAN_POINT('',(-4.177528884361,-35.78588545281));
#2196 = CARTESIAN_POINT('',(-4.220608254634,-38.37441641831));
#2197 = CARTESIAN_POINT('',(-4.307811865575,-43.65491721989));
#2198 = CARTESIAN_POINT('',(-4.351931848894,-46.34780542098));
#2199 = CARTESIAN_POINT('',(-4.395808799922,-49.05332889559));
#2200 = CARTESIAN_POINT('',(-4.439310932694,-51.7705862048));
#2201 = CARTESIAN_POINT('',(-4.482175691144,-54.49862962207));
#2202 = CARTESIAN_POINT('',(-4.524121241047,-57.23637916359));
#2203 = CARTESIAN_POINT('',(-4.564240130595,-59.98243396342));
#2204 = ( GEOMETRIC_REPRESENTATION_CONTEXT(2) 
PARAMETRIC_REPRESENTATION_CONTEXT() REPRESENTATION_CONTEXT('2D SPACE',''
  ) );
#2205 = PCURVE('',#2206,#2233);
#2206 = ( BOUNDED_SURFACE() B_SPLINE_SURFACE(1,7,(
    (#2207,#2208,#2209,#2210,#2211,#2212,#2213,#2214,#2215,#2216,#2217
      ,#2218,#2219)
    ,(#2220,#2221,#2222,#2223,#2224,#2225,#2226,#2227,#2228,#2229,#2230
      ,#2231,#2232
)),.UNSPECIFIED.,.F.,.F.,.F.) B_SPLINE_SURFACE_WITH_KNOTS((2,2),(8,5,8),
  (3.,4.),(0.,0.529117254068,1.),.UNSPECIFIED.) 
GEOMETRIC_REPRESENTATION_ITEM() RATIONAL_B_SPLINE_SURFACE((
    (1.,1.,1.,1.,1.,1.,1.,1.,1.,1.,1.,1.,1.)
,(1.,1.,1.,1.,1.,1.,1.,1.,1.,1.,1.,1.,1.
))) REPRESENTATION_ITEM('') SURFACE() );
#2207 = CARTESIAN_POINT('',(-60.07798374926,-26.32481549057,
    7.558065382861));
#2208 = CARTESIAN_POINT('',(-55.61436355725,-29.0587150151,
    11.226025253761));
#2209 = CARTESIAN_POINT('',(-50.93191954337,-31.27535956699,
    14.97529571994));
#2210 = CARTESIAN_POINT('',(-46.09460122319,-32.9293225058,
    18.809104747687));
#2211 = CARTESIAN_POINT('',(-41.18034566661,-33.98226238534,
    22.730333161279));
#2212 = CARTESIAN_POINT('',(-36.28179355601,-34.40711847957,
    26.741206832894));
#2213 = CARTESIAN_POINT('',(-27.25654094869,-34.009215594,
    34.492599061876));
#2214 = CARTESIAN_POINT('',(-19.07601509395,-31.41482167735,
    42.562013145477));
#2215 = CARTESIAN_POINT('',(-15.49117739515,-29.72053136659,
    46.431231576503));
#2216 = CARTESIAN_POINT('',(-12.25710614757,-27.58536922253,
    50.367393192205));
#2217 = CARTESIAN_POINT('',(-9.456584507382,-25.06256378675,
    54.365981883726));
#2218 = CARTESIAN_POINT('',(-7.160934780415,-22.23005541436,
    58.419805090494));
#2219 = CARTESIAN_POINT('',(-5.419326735416,-19.18267185427,
    62.51935512762));
#2220 = CARTESIAN_POINT('',(-46.06970157697,-19.5787823433,
    -1.511613076572));
#2221 = CARTESIAN_POINT('',(-42.59691536945,-21.58380308346,
    2.492615959465));
#2222 = CARTESIAN_POINT('',(-38.96630396568,-23.17854253536,
    6.585609937868));
#2223 = CARTESIAN_POINT('',(-35.22961998884,-24.32859600514,
    10.77089275662));
#2224 = CARTESIAN_POINT('',(-31.44958726444,-25.00552413838,
    15.051609346563));
#2225 = CARTESIAN_POINT('',(-27.70037393433,-25.19021630675,
    19.430189642164));
#2226 = CARTESIAN_POINT('',(-20.83438418344,-24.60327831322,
    27.892209654769));
#2227 = CARTESIAN_POINT('',(-14.7035182813,-22.31617456989,
    36.701406950988));
#2228 = CARTESIAN_POINT('',(-12.04271244478,-20.87579975798,
    40.925345416398));
#2229 = CARTESIAN_POINT('',(-9.673572863123,-19.09950552887,
    45.222364246177));
#2230 = CARTESIAN_POINT('',(-7.660507282821,-17.03189181533,
    49.587533306173));
#2231 = CARTESIAN_POINT('',(-6.058133419273,-14.73699361093,
    54.013000640283));
#2232 = CARTESIAN_POINT('',(-4.902924510599,-12.29176305507,
    58.488386923428));
#2233 = DEFINITIONAL_REPRESENTATION('',(#2234),#2255);
#2234 = B_SPLINE_CURVE_WITH_KNOTS('',7,(#2235,#2236,#2237,#2238,#2239,
    #2240,#2241,#2242,#2243,#2244,#2245,#2246,#2247,#2248,#2249,#2250,
    #2251,#2252,#2253,#2254),.UNSPECIFIED.,.F.,.F.,(8,6,6,8),(0.,
    0.398483806276,0.694795322749,1.),.UNSPECIFIED.);
#2235 = CARTESIAN_POINT('',(3.833905954772,9.942357318936E-05));
#2236 = CARTESIAN_POINT('',(3.829002040348,6.055372331191E-02));
#2237 = CARTESIAN_POINT('',(3.823712976346,0.12052834385));
#2238 = CARTESIAN_POINT('',(3.817985086743,0.180008850448));
#2239 = CARTESIAN_POINT('',(3.811754524184,0.238991915637));
#2240 = CARTESIAN_POINT('',(3.80493799291,0.297480412649));
#2241 = CARTESIAN_POINT('',(3.797430020947,0.355480655636));
#2242 = CARTESIAN_POINT('',(3.782877574098,0.45576500639));
#2243 = CARTESIAN_POINT('',(3.776207477388,0.498268436176));
#2244 = CARTESIAN_POINT('',(3.769012889511,0.540508628709));
#2245 = CARTESIAN_POINT('',(3.76122016252,0.582491365161));
#2246 = CARTESIAN_POINT('',(3.752737615774,0.624225178609));
#2247 = CARTESIAN_POINT('',(3.743448404035,0.665720168301));
#2248 = CARTESIAN_POINT('',(3.722632125274,0.749491667154));
#2249 = CARTESIAN_POINT('',(3.711045650867,0.791756558573));
#2250 = CARTESIAN_POINT('',(3.69826143436,0.833791966211));
#2251 = CARTESIAN_POINT('',(3.684057420707,0.87561375546));
#2252 = CARTESIAN_POINT('',(3.668140522028,0.917241380084));
#2253 = CARTESIAN_POINT('',(3.650110330428,0.958696152018));
#2254 = CARTESIAN_POINT('',(3.629357771059,1.));
#2255 = ( GEOMETRIC_REPRESENTATION_CONTEXT(2) 
PARAMETRIC_REPRESENTATION_CONTEXT() REPRESENTATION_CONTEXT('2D SPACE',''
  ) );
#2256 = ORIENTED_EDGE('',*,*,#2257,.T.);
#2257 = EDGE_CURVE('',#2157,#292,#2258,.T.);
#2258 = SURFACE_CURVE('',#2259,(#2264,#2274),.PCURVE_S1.);
#2259 = ELLIPSE('',#2260,26.322525453694,21.380020186097);
#2260 = AXIS2_PLACEMENT_3D('',#2261,#2262,#2263);
#2261 = CARTESIAN_POINT('',(-2.30052482962,7.71520832556,46.736842105263
    ));
#2262 = DIRECTION('',(3.76543288929E-02,0.502462099942,0.863778900898));
#2263 = DIRECTION('',(6.455027810212E-02,0.861363599901,-0.503871025524)
  );
#2264 = PCURVE('',#308,#2265);
#2265 = DEFINITIONAL_REPRESENTATION('',(#2266),#2273);
#2266 = B_SPLINE_CURVE_WITH_KNOTS('',5,(#2267,#2268,#2269,#2270,#2271,
    #2272),.UNSPECIFIED.,.F.,.F.,(6,6),(3.001474161949,3.141592653622),
  .PIECEWISE_BEZIER_KNOTS.);
#2267 = CARTESIAN_POINT('',(-4.438209134657,-59.87001381848));
#2268 = CARTESIAN_POINT('',(-4.477951385927,-59.92192319513));
#2269 = CARTESIAN_POINT('',(-4.517793416789,-59.96094027092));
#2270 = CARTESIAN_POINT('',(-4.557702856783,-59.98698009698));
#2271 = CARTESIAN_POINT('',(-4.597646006273,-60.00000000001));
#2272 = CARTESIAN_POINT('',(-4.637589155345,-60.));
#2273 = ( GEOMETRIC_REPRESENTATION_CONTEXT(2) 
PARAMETRIC_REPRESENTATION_CONTEXT() REPRESENTATION_CONTEXT('2D SPACE',''
  ) );
#2274 = PCURVE('',#2275,#2280);
#2275 = PLANE('',#2276);
#2276 = AXIS2_PLACEMENT_3D('',#2277,#2278,#2279);
#2277 = CARTESIAN_POINT('',(-4.902924510599,-12.29176305507,
    58.488386923428));
#2278 = DIRECTION('',(3.76543288929E-02,0.502462099942,0.863778900898));
#2279 = DIRECTION('',(0.202175325463,-0.850346596981,0.485835160088));
#2280 = DEFINITIONAL_REPRESENTATION('',(#2281),#2285);
#2281 = ELLIPSE('',#2282,26.322525453694,21.380020186097);
#2282 = AXIS2_PLACEMENT_2D('',#2283,#2284);
#2283 = CARTESIAN_POINT('',(-22.19603268493,7.244744756555));
#2284 = DIRECTION('',(-0.964205392804,0.265156483021));
#2285 = ( GEOMETRIC_REPRESENTATION_CONTEXT(2) 
PARAMETRIC_REPRESENTATION_CONTEXT() REPRESENTATION_CONTEXT('2D SPACE',''
  ) );
#2286 = ADVANCED_FACE('',(#2287),#337,.T.);
#2287 = FACE_BOUND('',#2288,.T.);
#2288 = EDGE_LOOP('',(#2289,#2290,#2317,#2418,#2442,#2543));
#2289 = ORIENTED_EDGE('',*,*,#320,.F.);
#2290 = ORIENTED_EDGE('',*,*,#2291,.T.);
#2291 = EDGE_CURVE('',#292,#2292,#2294,.T.);
#2292 = VERTEX_POINT('',#2293);
#2293 = CARTESIAN_POINT('',(-2.900476628437,-15.01023105772,
    59.98243396342));
#2294 = SURFACE_CURVE('',#2295,(#2300,#2310),.PCURVE_S1.);
#2295 = ELLIPSE('',#2296,26.322525453694,21.380020186097);
#2296 = AXIS2_PLACEMENT_3D('',#2297,#2298,#2299);
#2297 = CARTESIAN_POINT('',(-2.30052482962,7.71520832556,46.736842105263
    ));
#2298 = DIRECTION('',(3.76543288929E-02,0.502462099942,0.863778900898));
#2299 = DIRECTION('',(6.455027810212E-02,0.861363599901,-0.503871025524)
  );
#2300 = PCURVE('',#337,#2301);
#2301 = DEFINITIONAL_REPRESENTATION('',(#2302),#2309);
#2302 = B_SPLINE_CURVE_WITH_KNOTS('',5,(#2303,#2304,#2305,#2306,#2307,
    #2308),.UNSPECIFIED.,.F.,.F.,(6,6),(3.141592653622,3.250421637592),
  .PIECEWISE_BEZIER_KNOTS.);
#2303 = CARTESIAN_POINT('',(-4.637589155345,-60.));
#2304 = CARTESIAN_POINT('',(-4.668612700333,-59.99999999999));
#2305 = CARTESIAN_POINT('',(-4.699636245393,-59.99214572582));
#2306 = CARTESIAN_POINT('',(-4.730643996822,-59.9764371731));
#2307 = CARTESIAN_POINT('',(-4.761620162679,-59.95288986113));
#2308 = CARTESIAN_POINT('',(-4.79254932958,-59.92153474114));
#2309 = ( GEOMETRIC_REPRESENTATION_CONTEXT(2) 
PARAMETRIC_REPRESENTATION_CONTEXT() REPRESENTATION_CONTEXT('2D SPACE',''
  ) );
#2310 = PCURVE('',#2275,#2311);
#2311 = DEFINITIONAL_REPRESENTATION('',(#2312),#2316);
#2312 = ELLIPSE('',#2313,26.322525453694,21.380020186097);
#2313 = AXIS2_PLACEMENT_2D('',#2314,#2315);
#2314 = CARTESIAN_POINT('',(-22.19603268493,7.244744756555));
#2315 = DIRECTION('',(-0.964205392804,0.265156483021));
#2316 = ( GEOMETRIC_REPRESENTATION_CONTEXT(2) 
PARAMETRIC_REPRESENTATION_CONTEXT() REPRESENTATION_CONTEXT('2D SPACE',''
  ) );
#2317 = ORIENTED_EDGE('',*,*,#2318,.F.);
#2318 = EDGE_CURVE('',#2319,#2292,#2321,.T.);
#2319 = VERTEX_POINT('',#2320);
#2320 = CARTESIAN_POINT('',(-47.43688294009,-22.6840982202,0.));
#2321 = SURFACE_CURVE('',#2322,(#2343,#2367),.PCURVE_S1.);
#2322 = B_SPLINE_CURVE_WITH_KNOTS('',7,(#2323,#2324,#2325,#2326,#2327,
    #2328,#2329,#2330,#2331,#2332,#2333,#2334,#2335,#2336,#2337,#2338,
    #2339,#2340,#2341,#2342),.UNSPECIFIED.,.F.,.F.,(8,6,6,8),(0.,
    0.408175635211,0.699749375935,1.),.UNSPECIFIED.);
#2323 = CARTESIAN_POINT('',(-47.43688294009,-22.6840982202,
    1.070230633837E-15));
#2324 = CARTESIAN_POINT('',(-44.41102058227,-24.40624845696,
    3.283251568598));
#2325 = CARTESIAN_POINT('',(-41.29554671343,-25.82778558389,
    6.59906090167));
#2326 = CARTESIAN_POINT('',(-38.12370927879,-26.93665474572,
    9.946751643235));
#2327 = CARTESIAN_POINT('',(-34.93121116417,-27.72561551883,
    13.325919674778));
#2328 = CARTESIAN_POINT('',(-31.75560597376,-28.1924730262,
    16.73618661274));
#2329 = CARTESIAN_POINT('',(-28.63571960382,-28.34081816651,
    20.176888891203));
#2330 = CARTESIAN_POINT('',(-23.44930759297,-28.06654265489,
    26.124974324779));
#2331 = CARTESIAN_POINT('',(-21.33632922974,-27.79491469078,
    28.618358476687));
#2332 = CARTESIAN_POINT('',(-19.28560416311,-27.36961557115,
    31.126144524443));
#2333 = CARTESIAN_POINT('',(-17.31104818491,-26.79601858677,
    33.647856879805));
#2334 = CARTESIAN_POINT('',(-15.42616216488,-26.08116759028,
    36.183000198477));
#2335 = CARTESIAN_POINT('',(-13.6437756922,-25.23381276006,
    38.730970809542));
#2336 = CARTESIAN_POINT('',(-10.25808006941,-23.26604503201,
    43.927122739549));
#2337 = CARTESIAN_POINT('',(-8.661587406958,-22.13820471495,
    46.576168843272));
#2338 = CARTESIAN_POINT('',(-7.199261201985,-20.8921767484,
    49.237172038523));
#2339 = CARTESIAN_POINT('',(-5.882788243597,-19.54108037218,
    51.909277822415));
#2340 = CARTESIAN_POINT('',(-4.722299810459,-18.0995603964,
    54.591588552479));
#2341 = CARTESIAN_POINT('',(-3.726121139286,-16.58365486411,
    57.283085399796));
#2342 = CARTESIAN_POINT('',(-2.900476628437,-15.01023105772,
    59.98243396342));
#2343 = PCURVE('',#337,#2344);
#2344 = DEFINITIONAL_REPRESENTATION('',(#2345),#2366);
#2345 = B_SPLINE_CURVE_WITH_KNOTS('',7,(#2346,#2347,#2348,#2349,#2350,
    #2351,#2352,#2353,#2354,#2355,#2356,#2357,#2358,#2359,#2360,#2361,
    #2362,#2363,#2364,#2365),.UNSPECIFIED.,.F.,.F.,(8,6,6,8),(0.,
    0.408175635211,0.699749375935,1.),.UNSPECIFIED.);
#2346 = CARTESIAN_POINT('',(-3.612485304862,0.));
#2347 = CARTESIAN_POINT('',(-3.670635242715,-3.283251568598));
#2348 = CARTESIAN_POINT('',(-3.729437659934,-6.599060901671));
#2349 = CARTESIAN_POINT('',(-3.788894948481,-9.946751643233));
#2350 = CARTESIAN_POINT('',(-3.84901977094,-13.32591967477));
#2351 = CARTESIAN_POINT('',(-3.909830727304,-16.73618661274));
#2352 = CARTESIAN_POINT('',(-3.971351688846,-20.1768888912));
#2353 = CARTESIAN_POINT('',(-4.078090412458,-26.12497432477));
#2354 = CARTESIAN_POINT('',(-4.122947941433,-28.61835847669));
#2355 = CARTESIAN_POINT('',(-4.16819904885,-31.12614452442));
#2356 = CARTESIAN_POINT('',(-4.213862949396,-33.64785687982));
#2357 = CARTESIAN_POINT('',(-4.259968135369,-36.18300019847));
#2358 = CARTESIAN_POINT('',(-4.306554853023,-38.73097080954));
#2359 = CARTESIAN_POINT('',(-4.402235257904,-43.92712273954));
#2360 = CARTESIAN_POINT('',(-4.451364139614,-46.57616884327));
#2361 = CARTESIAN_POINT('',(-4.501162345966,-49.23717203851));
#2362 = CARTESIAN_POINT('',(-4.55172953423,-51.90927782242));
#2363 = CARTESIAN_POINT('',(-4.603290410602,-54.59158855247));
#2364 = CARTESIAN_POINT('',(-4.656084923634,-57.28308539979));
#2365 = CARTESIAN_POINT('',(-4.710938180003,-59.98243396342));
#2366 = ( GEOMETRIC_REPRESENTATION_CONTEXT(2) 
PARAMETRIC_REPRESENTATION_CONTEXT() REPRESENTATION_CONTEXT('2D SPACE',''
  ) );
#2367 = PCURVE('',#2368,#2395);
#2368 = ( BOUNDED_SURFACE() B_SPLINE_SURFACE(1,7,(
    (#2369,#2370,#2371,#2372,#2373,#2374,#2375,#2376,#2377,#2378,#2379
      ,#2380,#2381)
    ,(#2382,#2383,#2384,#2385,#2386,#2387,#2388,#2389,#2390,#2391,#2392
      ,#2393,#2394
)),.UNSPECIFIED.,.F.,.F.,.F.) B_SPLINE_SURFACE_WITH_KNOTS((2,2),(8,5,8),
  (1.,2.),(0.,0.529117254068,1.),.UNSPECIFIED.) 
GEOMETRIC_REPRESENTATION_ITEM() RATIONAL_B_SPLINE_SURFACE((
    (1.,1.,1.,1.,1.,1.,1.,1.,1.,1.,1.,1.,1.)
,(1.,1.,1.,1.,1.,1.,1.,1.,1.,1.,1.,1.,1.
))) REPRESENTATION_ITEM('') SURFACE() );
#2369 = CARTESIAN_POINT('',(-45.11515735092,-21.56091385269,
    -1.511613076572));
#2370 = CARTESIAN_POINT('',(-41.50384594012,-23.49922433656,
    2.492615959466));
#2371 = CARTESIAN_POINT('',(-37.73707783577,-25.01448034375,
    6.585609937866));
#2372 = CARTESIAN_POINT('',(-33.86802253805,-26.0718482656,
    10.770892756623));
#2373 = CARTESIAN_POINT('',(-29.96103360169,-26.64262132882,
    15.051609346561));
#2374 = CARTESIAN_POINT('',(-26.09212563374,-26.70765485297,
    19.430189642165));
#2375 = CARTESIAN_POINT('',(-19.01752627474,-25.86969872733,
    27.892209654768));
#2376 = CARTESIAN_POINT('',(-12.7188235717,-23.28763659167,
    36.701406950989));
#2377 = CARTESIAN_POINT('',(-9.989507022158,-21.6992321726,
    40.925345416396));
#2378 = CARTESIAN_POINT('',(-7.563884033683,-19.76669493922,
    45.22236424618));
#2379 = CARTESIAN_POINT('',(-5.507814996669,-17.53594025344,
    49.587533306171));
#2380 = CARTESIAN_POINT('',(-3.877126936635,-15.07276183039,
    54.013000640284));
#2381 = CARTESIAN_POINT('',(-2.7090761568,-12.45616926096,
    58.488386923428));
#2382 = CARTESIAN_POINT('',(-59.1234395232,-28.30694699996,
    7.558065382861));
#2383 = CARTESIAN_POINT('',(-54.52129412792,-30.9741362682,
    11.226025253761));
#2384 = CARTESIAN_POINT('',(-49.70269341347,-33.11129737539,
    14.97529571994));
#2385 = CARTESIAN_POINT('',(-44.7330037724,-34.67257476625,
    18.809104747687));
#2386 = CARTESIAN_POINT('',(-39.69179200387,-35.61935957578,
    22.730333161279));
#2387 = CARTESIAN_POINT('',(-34.67354525542,-35.92455702578,
    26.741206832894));
#2388 = CARTESIAN_POINT('',(-25.43968304,-35.27563600812,34.492599061876
    ));
#2389 = CARTESIAN_POINT('',(-17.09132038434,-32.38628369914,
    42.562013145477));
#2390 = CARTESIAN_POINT('',(-13.43797197252,-30.54396378122,
    46.431231576503));
#2391 = CARTESIAN_POINT('',(-10.14741731813,-28.25255863288,
    50.367393192205));
#2392 = CARTESIAN_POINT('',(-7.303892221229,-25.56661222487,
    54.365981883726));
#2393 = CARTESIAN_POINT('',(-4.979928297777,-22.56582363382,
    58.419805090494));
#2394 = CARTESIAN_POINT('',(-3.225478381617,-19.34707806016,
    62.51935512762));
#2395 = DEFINITIONAL_REPRESENTATION('',(#2396),#2417);
#2396 = B_SPLINE_CURVE_WITH_KNOTS('',7,(#2397,#2398,#2399,#2400,#2401,
    #2402,#2403,#2404,#2405,#2406,#2407,#2408,#2409,#2410,#2411,#2412,
    #2413,#2414,#2415,#2416),.UNSPECIFIED.,.F.,.F.,(8,6,6,8),(0.,
    0.408175635211,0.699749375935,1.),.UNSPECIFIED.);
#2397 = CARTESIAN_POINT('',(1.166094045235,9.942357203367E-05));
#2398 = CARTESIAN_POINT('',(1.171121763478,6.207989587795E-02));
#2399 = CARTESIAN_POINT('',(1.176553702967,0.123548748084));
#2400 = CARTESIAN_POINT('',(1.182447528531,0.184489921976));
#2401 = CARTESIAN_POINT('',(1.188871973303,0.244900189458));
#2402 = CARTESIAN_POINT('',(1.195917554617,0.304783360635));
#2403 = CARTESIAN_POINT('',(1.203699262722,0.364147184285));
#2404 = CARTESIAN_POINT('',(1.218579499744,0.465034152428));
#2405 = CARTESIAN_POINT('',(1.225238533745,0.506812140449));
#2406 = CARTESIAN_POINT('',(1.232415677216,0.548332409429));
#2407 = CARTESIAN_POINT('',(1.240182679185,0.589600861669));
#2408 = CARTESIAN_POINT('',(1.248629215554,0.630625983143));
#2409 = CARTESIAN_POINT('',(1.257868737444,0.671417761324));
#2410 = CARTESIAN_POINT('',(1.278543752322,0.7537622111));
#2411 = CARTESIAN_POINT('',(1.290036997047,0.795303601966));
#2412 = CARTESIAN_POINT('',(1.302702046126,0.836621001626));
#2413 = CARTESIAN_POINT('',(1.316753321396,0.877729840787));
#2414 = CARTESIAN_POINT('',(1.332472231684,0.918648897435));
#2415 = CARTESIAN_POINT('',(1.350242667387,0.959398666199));
#2416 = CARTESIAN_POINT('',(1.370642228941,1.));
#2417 = ( GEOMETRIC_REPRESENTATION_CONTEXT(2) 
PARAMETRIC_REPRESENTATION_CONTEXT() REPRESENTATION_CONTEXT('2D SPACE',''
  ) );
#2418 = ORIENTED_EDGE('',*,*,#2419,.T.);
#2419 = EDGE_CURVE('',#2319,#2420,#2422,.T.);
#2420 = VERTEX_POINT('',#2421);
#2421 = CARTESIAN_POINT('',(-15.07001682328,-48.49094542659,0.));
#2422 = SURFACE_CURVE('',#2423,(#2428,#2435),.PCURVE_S1.);
#2423 = CIRCLE('',#2424,50.);
#2424 = AXIS2_PLACEMENT_3D('',#2425,#2426,#2427);
#2425 = CARTESIAN_POINT('',(-2.87869976421,3.552713678801E-15,0.));
#2426 = DIRECTION('',(0.,0.,1.));
#2427 = DIRECTION('',(1.,0.,0.));
#2428 = PCURVE('',#337,#2429);
#2429 = DEFINITIONAL_REPRESENTATION('',(#2430),#2434);
#2430 = LINE('',#2431,#2432);
#2431 = CARTESIAN_POINT('',(-0.,-0.));
#2432 = VECTOR('',#2433,1.);
#2433 = DIRECTION('',(-1.,-0.));
#2434 = ( GEOMETRIC_REPRESENTATION_CONTEXT(2) 
PARAMETRIC_REPRESENTATION_CONTEXT() REPRESENTATION_CONTEXT('2D SPACE',''
  ) );
#2435 = PCURVE('',#694,#2436);
#2436 = DEFINITIONAL_REPRESENTATION('',(#2437),#2441);
#2437 = CIRCLE('',#2438,50.);
#2438 = AXIS2_PLACEMENT_2D('',#2439,#2440);
#2439 = CARTESIAN_POINT('',(0.,0.));
#2440 = DIRECTION('',(1.,0.));
#2441 = ( GEOMETRIC_REPRESENTATION_CONTEXT(2) 
PARAMETRIC_REPRESENTATION_CONTEXT() REPRESENTATION_CONTEXT('2D SPACE',''
  ) );
#2442 = ORIENTED_EDGE('',*,*,#2443,.T.);
#2443 = EDGE_CURVE('',#2420,#2444,#2446,.T.);
#2444 = VERTEX_POINT('',#2445);
#2445 = CARTESIAN_POINT('',(7.346813759983,-10.9884659441,59.98243396342
    ));
#2446 = SURFACE_CURVE('',#2447,(#2468,#2492),.PCURVE_S1.);
#2447 = B_SPLINE_CURVE_WITH_KNOTS('',7,(#2448,#2449,#2450,#2451,#2452,
    #2453,#2454,#2455,#2456,#2457,#2458,#2459,#2460,#2461,#2462,#2463,
    #2464,#2465,#2466,#2467),.UNSPECIFIED.,.F.,.F.,(8,6,6,8),(0.,
    0.398483806277,0.694795322748,1.),.UNSPECIFIED.);
#2448 = CARTESIAN_POINT('',(-15.07001682328,-48.49094542659,
    1.213330587511E-15));
#2449 = CARTESIAN_POINT('',(-11.94395204218,-47.35067732546,
    3.202406576817));
#2450 = CARTESIAN_POINT('',(-8.980411561545,-45.96825454165,
    6.436161167142));
#2451 = CARTESIAN_POINT('',(-6.206993325957,-44.36013539468,
    9.700684401711));
#2452 = CARTESIAN_POINT('',(-3.649391539993,-42.54718548053,
    12.995620934907));
#2453 = CARTESIAN_POINT('',(-1.330896979587,-40.55441172095,
    16.320627496613));
#2454 = CARTESIAN_POINT('',(0.728439997456,-38.41098156011,
    19.675097173715));
#2455 = CARTESIAN_POINT('',(3.840039575717,-34.4684201261,25.57294555616
    ));
#2456 = CARTESIAN_POINT('',(5.015218555541,-32.72181633691,
    28.103920012074));
#2457 = CARTESIAN_POINT('',(6.032127849016,-30.92351019932,
    30.650065436157));
#2458 = CARTESIAN_POINT('',(6.885844324158,-29.0879742537,
    33.210892049081));
#2459 = CARTESIAN_POINT('',(7.573058931913,-27.2304728371,
    35.785885452788));
#2460 = CARTESIAN_POINT('',(8.092287154005,-25.36687354368,
    38.374416418319));
#2461 = CARTESIAN_POINT('',(8.806316398916,-21.60421099322,
    43.654917219907));
#2462 = CARTESIAN_POINT('',(8.990933230999,-19.70565847453,
    46.347805420945));
#2463 = CARTESIAN_POINT('',(8.998375432729,-17.83540667375,
    49.053328895665));
#2464 = CARTESIAN_POINT('',(8.831453516593,-16.01129973996,
    51.770586204731));
#2465 = CARTESIAN_POINT('',(8.495257823489,-14.25093854643,
    54.498629622122));
#2466 = CARTESIAN_POINT('',(7.997216270655,-12.57137060058,
    57.236379163579));
#2467 = CARTESIAN_POINT('',(7.346813759983,-10.9884659441,59.98243396342
    ));
#2468 = PCURVE('',#337,#2469);
#2469 = DEFINITIONAL_REPRESENTATION('',(#2470),#2491);
#2470 = B_SPLINE_CURVE_WITH_KNOTS('',7,(#2471,#2472,#2473,#2474,#2475,
    #2476,#2477,#2478,#2479,#2480,#2481,#2482,#2483,#2484,#2485,#2486,
    #2487,#2488,#2489,#2490),.UNSPECIFIED.,.F.,.F.,(8,6,6,8),(0.,
    0.398483806277,0.694795322748,1.),.UNSPECIFIED.);
#2471 = CARTESIAN_POINT('',(-4.466079655783,0.));
#2472 = CARTESIAN_POINT('',(-4.521153442482,-3.202406576817));
#2473 = CARTESIAN_POINT('',(-4.576695126839,-6.436161167142));
#2474 = CARTESIAN_POINT('',(-4.632680471205,-9.700684401711));
#2475 = CARTESIAN_POINT('',(-4.689086633059,-12.9956209349));
#2476 = CARTESIAN_POINT('',(-4.745883357742,-16.32062749661));
#2477 = CARTESIAN_POINT('',(-4.803028642235,-19.67509717371));
#2478 = CARTESIAN_POINT('',(-4.903143150946,-25.57294555616));
#2479 = CARTESIAN_POINT('',(-4.945993044379,-28.10392001207));
#2480 = CARTESIAN_POINT('',(-4.988965927119,-30.65006543615));
#2481 = CARTESIAN_POINT('',(-5.032026220924,-33.21089204907));
#2482 = CARTESIAN_POINT('',(-5.075126785387,-35.78588545278));
#2483 = CARTESIAN_POINT('',(-5.11820615566,-38.37441641831));
#2484 = CARTESIAN_POINT('',(-5.205409766601,-43.6549172199));
#2485 = CARTESIAN_POINT('',(-5.249529749919,-46.34780542093));
#2486 = CARTESIAN_POINT('',(-5.293406700948,-49.05332889568));
#2487 = CARTESIAN_POINT('',(-5.336908833719,-51.77058620471));
#2488 = CARTESIAN_POINT('',(-5.37977359217,-54.49862962212));
#2489 = CARTESIAN_POINT('',(-5.421719142072,-57.23637916357));
#2490 = CARTESIAN_POINT('',(-5.461838031621,-59.98243396342));
#2491 = ( GEOMETRIC_REPRESENTATION_CONTEXT(2) 
PARAMETRIC_REPRESENTATION_CONTEXT() REPRESENTATION_CONTEXT('2D SPACE',''
  ) );
#2492 = PCURVE('',#2493,#2520);
#2493 = ( BOUNDED_SURFACE() B_SPLINE_SURFACE(1,7,(
    (#2494,#2495,#2496,#2497,#2498,#2499,#2500,#2501,#2502,#2503,#2504
      ,#2505,#2506)
    ,(#2507,#2508,#2509,#2510,#2511,#2512,#2513,#2514,#2515,#2516,#2517
      ,#2518,#2519
)),.UNSPECIFIED.,.F.,.F.,.F.) B_SPLINE_SURFACE_WITH_KNOTS((2,2),(8,5,8),
  (3.,4.),(0.,0.529117254068,1.),.UNSPECIFIED.) 
GEOMETRIC_REPRESENTATION_ITEM() RATIONAL_B_SPLINE_SURFACE((
    (1.,1.,1.,1.,1.,1.,1.,1.,1.,1.,1.,1.,1.)
,(1.,1.,1.,1.,1.,1.,1.,1.,1.,1.,1.,1.,1.
))) REPRESENTATION_ITEM('') SURFACE() );
#2494 = CARTESIAN_POINT('',(-17.96030048182,-61.13345498833,
    7.558065382861));
#2495 = CARTESIAN_POINT('',(-13.03983009455,-59.34821466929,
    11.226025253761));
#2496 = CARTESIAN_POINT('',(-8.387331508011,-57.06938779679,
    14.97529571994));
#2497 = CARTESIAN_POINT('',(-4.078192570636,-54.31864906835,
    18.809104747687));
#2498 = CARTESIAN_POINT('',(-0.190982800417,-51.13302663819,
    22.730333161279));
#2499 = CARTESIAN_POINT('',(3.195380354408,-47.56807782162,
    26.741206832894));
#2500 = CARTESIAN_POINT('',(8.511440311367,-40.26376280471,
    34.492599061876));
#2501 = CARTESIAN_POINT('',(11.583535913683,-32.25039199929,
    42.562013145477));
#2502 = CARTESIAN_POINT('',(12.493996154806,-28.39128029668,
    46.431231576503));
#2503 = CARTESIAN_POINT('',(12.841069611757,-24.53152975665,
    50.367393192205));
#2504 = CARTESIAN_POINT('',(12.61475758047,-20.76905030973,
    54.365981883726));
#2505 = CARTESIAN_POINT('',(11.831527553982,-17.2081989966,
    58.419805090494));
#2506 = CARTESIAN_POINT('',(10.534862002443,-13.94654242484,
    62.51935512762));
#2507 = CARTESIAN_POINT('',(-14.50054050214,-45.97525610042,
    -1.511613076572));
#2508 = CARTESIAN_POINT('',(-10.76770538006,-44.5102324955,
    2.492615959465));
#2509 = CARTESIAN_POINT('',(-7.257238685472,-42.6660099843,
    6.585609937868));
#2510 = CARTESIAN_POINT('',(-4.028306323941,-40.46159942117,
    10.77089275662));
#2511 = CARTESIAN_POINT('',(-1.142250743661,-37.92830862015,
    15.051609346563));
#2512 = CARTESIAN_POINT('',(1.339743684461,-35.11220928764,
    19.430189642164));
#2513 = CARTESIAN_POINT('',(5.161731672204,-29.3782124888,
    27.892209654769));
#2514 = CARTESIAN_POINT('',(7.196134328543,-23.15892265196,
    36.701406950988));
#2515 = CARTESIAN_POINT('',(7.728989257839,-20.18056187415,
    40.925345416398));
#2516 = CARTESIAN_POINT('',(7.817360875737,-17.2207926259,
    45.222364246177));
#2517 = CARTESIAN_POINT('',(7.455961240705,-14.35777851437,
    49.587533306173));
#2518 = CARTESIAN_POINT('',(6.660801338133,-11.67414655442,
    54.013000640283));
#2519 = CARTESIAN_POINT('',(5.469304081238,-9.246391546018,
    58.488386923428));
#2520 = DEFINITIONAL_REPRESENTATION('',(#2521),#2542);
#2521 = B_SPLINE_CURVE_WITH_KNOTS('',7,(#2522,#2523,#2524,#2525,#2526,
    #2527,#2528,#2529,#2530,#2531,#2532,#2533,#2534,#2535,#2536,#2537,
    #2538,#2539,#2540,#2541),.UNSPECIFIED.,.F.,.F.,(8,6,6,8),(0.,
    0.398483806277,0.694795322748,1.),.UNSPECIFIED.);
#2522 = CARTESIAN_POINT('',(3.833905954772,9.942357318942E-05));
#2523 = CARTESIAN_POINT('',(3.829002040348,6.055372331196E-02));
#2524 = CARTESIAN_POINT('',(3.823712976346,0.120528343849));
#2525 = CARTESIAN_POINT('',(3.817985086742,0.180008850449));
#2526 = CARTESIAN_POINT('',(3.811754524184,0.238991915637));
#2527 = CARTESIAN_POINT('',(3.804937992909,0.29748041265));
#2528 = CARTESIAN_POINT('',(3.797430020947,0.355480655636));
#2529 = CARTESIAN_POINT('',(3.782877574098,0.45576500639));
#2530 = CARTESIAN_POINT('',(3.776207477388,0.498268436176));
#2531 = CARTESIAN_POINT('',(3.769012889511,0.540508628709));
#2532 = CARTESIAN_POINT('',(3.761220162519,0.582491365162));
#2533 = CARTESIAN_POINT('',(3.752737615774,0.624225178609));
#2534 = CARTESIAN_POINT('',(3.743448404035,0.665720168301));
#2535 = CARTESIAN_POINT('',(3.722632125274,0.749491667154));
#2536 = CARTESIAN_POINT('',(3.711045650867,0.791756558573));
#2537 = CARTESIAN_POINT('',(3.698261434359,0.833791966212));
#2538 = CARTESIAN_POINT('',(3.684057420708,0.875613755458));
#2539 = CARTESIAN_POINT('',(3.668140522027,0.917241380085));
#2540 = CARTESIAN_POINT('',(3.650110330428,0.958696152017));
#2541 = CARTESIAN_POINT('',(3.629357771059,1.));
#2542 = ( GEOMETRIC_REPRESENTATION_CONTEXT(2) 
PARAMETRIC_REPRESENTATION_CONTEXT() REPRESENTATION_CONTEXT('2D SPACE',''
  ) );
#2543 = ORIENTED_EDGE('',*,*,#2544,.T.);
#2544 = EDGE_CURVE('',#2444,#321,#2545,.T.);
#2545 = SURFACE_CURVE('',#2546,(#2551,#2561),.PCURVE_S1.);
#2546 = ELLIPSE('',#2547,26.322525453694,21.380020186097);
#2547 = AXIS2_PLACEMENT_3D('',#2548,#2549,#2550);
#2548 = CARTESIAN_POINT('',(-8.550206351525,5.262389076438,
    46.736842105263));
#2549 = DIRECTION('',(-0.369363598421,0.342719334914,0.863778900898));
#2550 = DIRECTION('',(-0.633194740151,0.587518859853,-0.503871025524));
#2551 = PCURVE('',#337,#2552);
#2552 = DEFINITIONAL_REPRESENTATION('',(#2553),#2560);
#2553 = B_SPLINE_CURVE_WITH_KNOTS('',5,(#2554,#2555,#2556,#2557,#2558,
    #2559),.UNSPECIFIED.,.F.,.F.,(6,6),(3.001474161949,3.141592653632),
  .PIECEWISE_BEZIER_KNOTS.);
#2554 = CARTESIAN_POINT('',(-5.335807035682,-59.87001381848));
#2555 = CARTESIAN_POINT('',(-5.375549286955,-59.92192319513));
#2556 = CARTESIAN_POINT('',(-5.41539131782,-59.96094027093));
#2557 = CARTESIAN_POINT('',(-5.455300757817,-59.98698009699));
#2558 = CARTESIAN_POINT('',(-5.49524390731,-60.00000000001));
#2559 = CARTESIAN_POINT('',(-5.535187056386,-60.));
#2560 = ( GEOMETRIC_REPRESENTATION_CONTEXT(2) 
PARAMETRIC_REPRESENTATION_CONTEXT() REPRESENTATION_CONTEXT('2D SPACE',''
  ) );
#2561 = PCURVE('',#806,#2562);
#2562 = DEFINITIONAL_REPRESENTATION('',(#2563),#2567);
#2563 = ELLIPSE('',#2564,26.322525453694,21.380020186097);
#2564 = AXIS2_PLACEMENT_2D('',#2565,#2566);
#2565 = CARTESIAN_POINT('',(-22.19603268493,7.244744756555));
#2566 = DIRECTION('',(-0.964205392804,0.265156483021));
#2567 = ( GEOMETRIC_REPRESENTATION_CONTEXT(2) 
PARAMETRIC_REPRESENTATION_CONTEXT() REPRESENTATION_CONTEXT('2D SPACE',''
  ) );
#2568 = ADVANCED_FACE('',(#2569),#394,.F.);
#2569 = FACE_BOUND('',#2570,.T.);
#2570 = EDGE_LOOP('',(#2571,#2599,#2620,#2621));
#2571 = ORIENTED_EDGE('',*,*,#2572,.T.);
#2572 = EDGE_CURVE('',#2573,#2573,#2575,.T.);
#2573 = VERTEX_POINT('',#2574);
#2574 = CARTESIAN_POINT('',(4.62130023579,3.552713678801E-15,0.));
#2575 = SURFACE_CURVE('',#2576,(#2581,#2588),.PCURVE_S1.);
#2576 = CIRCLE('',#2577,7.5);
#2577 = AXIS2_PLACEMENT_3D('',#2578,#2579,#2580);
#2578 = CARTESIAN_POINT('',(-2.87869976421,3.552713678801E-15,0.));
#2579 = DIRECTION('',(0.,0.,-1.));
#2580 = DIRECTION('',(1.,0.,0.));
#2581 = PCURVE('',#394,#2582);
#2582 = DEFINITIONAL_REPRESENTATION('',(#2583),#2587);
#2583 = LINE('',#2584,#2585);
#2584 = CARTESIAN_POINT('',(-6.28318530718,-2.));
#2585 = VECTOR('',#2586,1.);
#2586 = DIRECTION('',(1.,-0.));
#2587 = ( GEOMETRIC_REPRESENTATION_CONTEXT(2) 
PARAMETRIC_REPRESENTATION_CONTEXT() REPRESENTATION_CONTEXT('2D SPACE',''
  ) );
#2588 = PCURVE('',#694,#2589);
#2589 = DEFINITIONAL_REPRESENTATION('',(#2590),#2598);
#2590 = ( BOUNDED_CURVE() B_SPLINE_CURVE(2,(#2591,#2592,#2593,#2594,
#2595,#2596,#2597),.UNSPECIFIED.,.T.,.F.) B_SPLINE_CURVE_WITH_KNOTS((1,2
    ,2,2,2,1),(-2.094395102393,0.,2.094395102393,4.188790204786,
6.28318530718,8.377580409573),.UNSPECIFIED.) CURVE() 
GEOMETRIC_REPRESENTATION_ITEM() RATIONAL_B_SPLINE_CURVE((1.,0.5,1.,0.5,
1.,0.5,1.)) REPRESENTATION_ITEM('') );
#2591 = CARTESIAN_POINT('',(7.5,0.));
#2592 = CARTESIAN_POINT('',(7.5,-12.99038105676));
#2593 = CARTESIAN_POINT('',(-3.75,-6.495190528383));
#2594 = CARTESIAN_POINT('',(-15.,-1.836970198721E-15));
#2595 = CARTESIAN_POINT('',(-3.75,6.495190528383));
#2596 = CARTESIAN_POINT('',(7.5,12.990381056767));
#2597 = CARTESIAN_POINT('',(7.5,0.));
#2598 = ( GEOMETRIC_REPRESENTATION_CONTEXT(2) 
PARAMETRIC_REPRESENTATION_CONTEXT() REPRESENTATION_CONTEXT('2D SPACE',''
  ) );
#2599 = ORIENTED_EDGE('',*,*,#2600,.T.);
#2600 = EDGE_CURVE('',#2573,#374,#2601,.T.);
#2601 = SEAM_CURVE('',#2602,(#2606,#2613),.PCURVE_S1.);
#2602 = LINE('',#2603,#2604);
#2603 = CARTESIAN_POINT('',(4.62130023579,3.552713678801E-15,-2.));
#2604 = VECTOR('',#2605,1.);
#2605 = DIRECTION('',(0.,0.,1.));
#2606 = PCURVE('',#394,#2607);
#2607 = DEFINITIONAL_REPRESENTATION('',(#2608),#2612);
#2608 = LINE('',#2609,#2610);
#2609 = CARTESIAN_POINT('',(-6.28318530718,0.));
#2610 = VECTOR('',#2611,1.);
#2611 = DIRECTION('',(-0.,-1.));
#2612 = ( GEOMETRIC_REPRESENTATION_CONTEXT(2) 
PARAMETRIC_REPRESENTATION_CONTEXT() REPRESENTATION_CONTEXT('2D SPACE',''
  ) );
#2613 = PCURVE('',#394,#2614);
#2614 = DEFINITIONAL_REPRESENTATION('',(#2615),#2619);
#2615 = LINE('',#2616,#2617);
#2616 = CARTESIAN_POINT('',(-0.,0.));
#2617 = VECTOR('',#2618,1.);
#2618 = DIRECTION('',(-0.,-1.));
#2619 = ( GEOMETRIC_REPRESENTATION_CONTEXT(2) 
PARAMETRIC_REPRESENTATION_CONTEXT() REPRESENTATION_CONTEXT('2D SPACE',''
  ) );
#2620 = ORIENTED_EDGE('',*,*,#373,.F.);
#2621 = ORIENTED_EDGE('',*,*,#2600,.F.);
#2622 = ADVANCED_FACE('',(#2623),#493,.F.);
#2623 = FACE_BOUND('',#2624,.F.);
#2624 = EDGE_LOOP('',(#2625,#2660,#2681,#2712,#2713,#2714,#2788));
#2625 = ORIENTED_EDGE('',*,*,#2626,.F.);
#2626 = EDGE_CURVE('',#2627,#2629,#2631,.T.);
#2627 = VERTEX_POINT('',#2628);
#2628 = CARTESIAN_POINT('',(27.540132952129,-36.37974672551,
    -1.511613076572));
#2629 = VERTEX_POINT('',#2630);
#2630 = CARTESIAN_POINT('',(27.92145674942,-34.88999480163,
    -2.34016311857E-15));
#2631 = SURFACE_CURVE('',#2632,(#2646,#2653),.PCURVE_S1.);
#2632 = ( BOUNDED_CURVE() B_SPLINE_CURVE(7,(#2633,#2634,#2635,#2636,
    #2637,#2638,#2639,#2640,#2641,#2642,#2643,#2644,#2645),
.UNSPECIFIED.,.F.,.F.) B_SPLINE_CURVE_WITH_KNOTS((8,5,8),(0.,
0.529117254068,1.),.UNSPECIFIED.) CURVE() GEOMETRIC_REPRESENTATION_ITEM(
) RATIONAL_B_SPLINE_CURVE((1.,1.,1.,1.,1.,1.,1.,1.,1.,1.,1.,1.,1.)) 
REPRESENTATION_ITEM('') );
#2633 = CARTESIAN_POINT('',(27.540132952129,-36.37974672551,
    -1.511613076572));
#2634 = CARTESIAN_POINT('',(28.626253557397,-32.42766377238,
    2.492615959466));
#2635 = CARTESIAN_POINT('',(29.265334176331,-28.41816022683,
    6.585609937866));
#2636 = CARTESIAN_POINT('',(29.435245878402,-24.4108237258,
    10.770892756623));
#2637 = CARTESIAN_POINT('',(29.122321642182,-20.47478220405,
    15.051609346561));
#2638 = CARTESIAN_POINT('',(28.324811625689,-16.68840451591,
    19.430189642165));
#2639 = CARTESIAN_POINT('',(25.933618352885,-9.977642913009,
    27.892209654768));
#2640 = CARTESIAN_POINT('',(22.014700697651,-4.411424715235,
    36.701406950989));
#2641 = CARTESIAN_POINT('',(19.858790826002,-2.103991064736,
    40.925345416396));
#2642 = CARTESIAN_POINT('',(17.434954443028,-0.169213498918,
    45.22236424618));
#2643 = CARTESIAN_POINT('',(14.802611032232,1.338915978532,
    49.587533306171));
#2644 = CARTESIAN_POINT('',(12.03832740481,2.380610521123,
    54.013000640284));
#2645 = CARTESIAN_POINT('',(9.22742252362,2.937129206895,58.488386923428
    ));
#2646 = PCURVE('',#493,#2647);
#2647 = DEFINITIONAL_REPRESENTATION('',(#2648),#2652);
#2648 = LINE('',#2649,#2650);
#2649 = CARTESIAN_POINT('',(1.,0.));
#2650 = VECTOR('',#2651,1.);
#2651 = DIRECTION('',(0.,1.));
#2652 = ( GEOMETRIC_REPRESENTATION_CONTEXT(2) 
PARAMETRIC_REPRESENTATION_CONTEXT() REPRESENTATION_CONTEXT('2D SPACE',''
  ) );
#2653 = PCURVE('',#640,#2654);
#2654 = DEFINITIONAL_REPRESENTATION('',(#2655),#2659);
#2655 = LINE('',#2656,#2657);
#2656 = CARTESIAN_POINT('',(1.,0.));
#2657 = VECTOR('',#2658,1.);
#2658 = DIRECTION('',(0.,1.));
#2659 = ( GEOMETRIC_REPRESENTATION_CONTEXT(2) 
PARAMETRIC_REPRESENTATION_CONTEXT() REPRESENTATION_CONTEXT('2D SPACE',''
  ) );
#2660 = ORIENTED_EDGE('',*,*,#2661,.T.);
#2661 = EDGE_CURVE('',#2627,#2662,#2664,.T.);
#2662 = VERTEX_POINT('',#2663);
#2663 = CARTESIAN_POINT('',(37.234164996006,-48.53567842056,
    7.558065382861));
#2664 = SURFACE_CURVE('',#2665,(#2668,#2675),.PCURVE_S1.);
#2665 = B_SPLINE_CURVE_WITH_KNOTS('',1,(#2666,#2667),.UNSPECIFIED.,.F.,
  .F.,(2,2),(1.,2.),.PIECEWISE_BEZIER_KNOTS.);
#2666 = CARTESIAN_POINT('',(27.540132952129,-36.37974672551,
    -1.511613076572));
#2667 = CARTESIAN_POINT('',(37.234164996006,-48.53567842056,
    7.558065382861));
#2668 = PCURVE('',#493,#2669);
#2669 = DEFINITIONAL_REPRESENTATION('',(#2670),#2674);
#2670 = LINE('',#2671,#2672);
#2671 = CARTESIAN_POINT('',(0.,0.));
#2672 = VECTOR('',#2673,1.);
#2673 = DIRECTION('',(1.,0.));
#2674 = ( GEOMETRIC_REPRESENTATION_CONTEXT(2) 
PARAMETRIC_REPRESENTATION_CONTEXT() REPRESENTATION_CONTEXT('2D SPACE',''
  ) );
#2675 = PCURVE('',#603,#2676);
#2676 = DEFINITIONAL_REPRESENTATION('',(#2677),#2680);
#2677 = B_SPLINE_CURVE_WITH_KNOTS('',1,(#2678,#2679),.UNSPECIFIED.,.F.,
  .F.,(2,2),(1.,2.),.PIECEWISE_BEZIER_KNOTS.);
#2678 = CARTESIAN_POINT('',(0.266902745924,2.183749739375));
#2679 = CARTESIAN_POINT('',(18.133946068079,5.329070518201E-15));
#2680 = ( GEOMETRIC_REPRESENTATION_CONTEXT(2) 
PARAMETRIC_REPRESENTATION_CONTEXT() REPRESENTATION_CONTEXT('2D SPACE',''
  ) );
#2681 = ORIENTED_EDGE('',*,*,#2682,.T.);
#2682 = EDGE_CURVE('',#2662,#432,#2683,.T.);
#2683 = SURFACE_CURVE('',#2684,(#2698,#2705),.PCURVE_S1.);
#2684 = ( BOUNDED_CURVE() B_SPLINE_CURVE(7,(#2685,#2686,#2687,#2688,
    #2689,#2690,#2691,#2692,#2693,#2694,#2695,#2696,#2697),
.UNSPECIFIED.,.F.,.F.) B_SPLINE_CURVE_WITH_KNOTS((8,5,8),(0.,
0.529117254068,1.),.UNSPECIFIED.) CURVE() GEOMETRIC_REPRESENTATION_ITEM(
) RATIONAL_B_SPLINE_CURVE((1.,1.,1.,1.,1.,1.,1.,1.,1.,1.,1.,1.,1.)) 
REPRESENTATION_ITEM('') );
#2685 = CARTESIAN_POINT('',(37.234164996006,-48.53567842056,
    7.558065382861));
#2686 = CARTESIAN_POINT('',(38.810408569127,-43.45541297177,
    11.226025253761));
#2687 = CARTESIAN_POINT('',(39.821747054017,-38.28206155201,
    14.97529571994));
#2688 = CARTESIAN_POINT('',(40.238019980613,-33.08955550287,
    18.809104747687));
#2689 = CARTESIAN_POINT('',(40.039291767256,-27.96405799843,
    22.730333161279));
#2690 = CARTESIAN_POINT('',(39.220172326701,-23.00371635155,
    26.741206832894));
#2691 = CARTESIAN_POINT('',(36.532793469577,-14.14576485141,
    34.492599061876));
#2692 = CARTESIAN_POINT('',(31.858197800281,-6.649654451718,
    42.562013145477));
#2693 = CARTESIAN_POINT('',(29.249122188468,-3.497857860889,
    46.431231576503));
#2694 = CARTESIAN_POINT('',(26.282950056308,-0.799689895444,
    50.367393192205));
#2695 = CARTESIAN_POINT('',(23.031602072218,1.374862787252,
    54.365981883726));
#2696 = CARTESIAN_POINT('',(19.588918893521,2.972821803244,
    58.419805090494));
#2697 = CARTESIAN_POINT('',(16.06047215763,3.967045725816,62.51935512762
    ));
#2698 = PCURVE('',#493,#2699);
#2699 = DEFINITIONAL_REPRESENTATION('',(#2700),#2704);
#2700 = LINE('',#2701,#2702);
#2701 = CARTESIAN_POINT('',(2.,0.));
#2702 = VECTOR('',#2703,1.);
#2703 = DIRECTION('',(0.,1.));
#2704 = ( GEOMETRIC_REPRESENTATION_CONTEXT(2) 
PARAMETRIC_REPRESENTATION_CONTEXT() REPRESENTATION_CONTEXT('2D SPACE',''
  ) );
#2705 = PCURVE('',#445,#2706);
#2706 = DEFINITIONAL_REPRESENTATION('',(#2707),#2711);
#2707 = LINE('',#2708,#2709);
#2708 = CARTESIAN_POINT('',(2.,0.));
#2709 = VECTOR('',#2710,1.);
#2710 = DIRECTION('',(0.,1.));
#2711 = ( GEOMETRIC_REPRESENTATION_CONTEXT(2) 
PARAMETRIC_REPRESENTATION_CONTEXT() REPRESENTATION_CONTEXT('2D SPACE',''
  ) );
#2712 = ORIENTED_EDGE('',*,*,#479,.F.);
#2713 = ORIENTED_EDGE('',*,*,#1106,.F.);
#2714 = ORIENTED_EDGE('',*,*,#2715,.F.);
#2715 = EDGE_CURVE('',#2716,#949,#2718,.T.);
#2716 = VERTEX_POINT('',#2717);
#2717 = CARTESIAN_POINT('',(29.151789289041,-38.39332977236,0.));
#2718 = SURFACE_CURVE('',#2719,(#2740,#2764),.PCURVE_S1.);
#2719 = B_SPLINE_CURVE_WITH_KNOTS('',7,(#2720,#2721,#2722,#2723,#2724,
    #2725,#2726,#2727,#2728,#2729,#2730,#2731,#2732,#2733,#2734,#2735,
    #2736,#2737,#2738,#2739),.UNSPECIFIED.,.F.,.F.,(8,6,6,8),(0.,
    0.487725067524,0.740626536847,1.),.UNSPECIFIED.);
#2720 = CARTESIAN_POINT('',(29.151789289041,-38.39332977236,
    -9.435443236657E-16));
#2721 = CARTESIAN_POINT('',(30.133051337293,-35.14096606145,
    3.203614943918));
#2722 = CARTESIAN_POINT('',(30.816290182042,-31.86913533398,
    6.438203722321));
#2723 = CARTESIAN_POINT('',(31.197475749268,-28.61041837061,
    9.703161406987));
#2724 = CARTESIAN_POINT('',(31.277311921452,-25.39860324314,
    12.998117852888));
#2725 = CARTESIAN_POINT('',(31.061324320696,-22.26812689352,
    16.322721626833));
#2726 = CARTESIAN_POINT('',(30.560391141482,-19.25342776485,
    19.676362137096));
#2727 = CARTESIAN_POINT('',(29.392345644573,-14.90177374932,
    24.810992031608));
#2728 = CARTESIAN_POINT('',(28.921352463068,-13.4558326664,
    26.571806422617));
#2729 = CARTESIAN_POINT('',(28.380529451818,-12.05452017923,
    28.339955597752));
#2730 = CARTESIAN_POINT('',(27.772589368775,-10.70231398092,
    30.115281711202));
#2731 = CARTESIAN_POINT('',(27.100640920309,-9.40352613879,
    31.897617168813));
#2732 = CARTESIAN_POINT('',(26.368183034699,-8.162260673149,
    33.686770071512));
#2733 = CARTESIAN_POINT('',(24.76982139835,-5.772264607302,
    37.324197448643));
#2734 = CARTESIAN_POINT('',(23.900971518411,-4.62669913866,
    39.172837395727));
#2735 = CARTESIAN_POINT('',(22.976737701426,-3.549815829464,
    41.028168819669));
#2736 = CARTESIAN_POINT('',(22.001709632417,-2.54544619324,
    42.889937891788));
#2737 = CARTESIAN_POINT('',(20.980853194859,-1.617058454174,
    44.75787908289));
#2738 = CARTESIAN_POINT('',(19.919477080843,-0.767710729127,
    46.631696837053));
#2739 = CARTESIAN_POINT('',(18.823191086922,-3.552713678801E-15,
    48.511044255202));
#2740 = PCURVE('',#493,#2741);
#2741 = DEFINITIONAL_REPRESENTATION('',(#2742),#2763);
#2742 = B_SPLINE_CURVE_WITH_KNOTS('',7,(#2743,#2744,#2745,#2746,#2747,
    #2748,#2749,#2750,#2751,#2752,#2753,#2754,#2755,#2756,#2757,#2758,
    #2759,#2760,#2761,#2762),.UNSPECIFIED.,.F.,.F.,(8,6,6,8),(0.,
    0.487725067524,0.740626536847,1.),.UNSPECIFIED.);
#2743 = CARTESIAN_POINT('',(1.166094045235,9.942357203371E-05));
#2744 = CARTESIAN_POINT('',(1.170999814093,6.057653388835E-02));
#2745 = CARTESIAN_POINT('',(1.176290395721,0.120566095741));
#2746 = CARTESIAN_POINT('',(1.182019392301,0.180053658059));
#2747 = CARTESIAN_POINT('',(1.188250411649,0.239036137891));
#2748 = CARTESIAN_POINT('',(1.195066600579,0.297516739652));
#2749 = CARTESIAN_POINT('',(1.202573100632,0.355502164454));
#2750 = CARTESIAN_POINT('',(1.215242369288,0.442809092729));
#2751 = CARTESIAN_POINT('',(1.219793614526,0.472490626105));
#2752 = CARTESIAN_POINT('',(1.224590412518,0.502042090873));
#2753 = CARTESIAN_POINT('',(1.229656424809,0.531465299061));
#2754 = CARTESIAN_POINT('',(1.235019056893,0.560762644376));
#2755 = CARTESIAN_POINT('',(1.2407106678,0.589936901188));
#2756 = CARTESIAN_POINT('',(1.252985265059,0.648788601797));
#2757 = CARTESIAN_POINT('',(1.259587416575,0.678460209429));
#2758 = CARTESIAN_POINT('',(1.266619044122,0.708008875865));
#2759 = CARTESIAN_POINT('',(1.274130090359,0.737438654559));
#2760 = CARTESIAN_POINT('',(1.282180099544,0.766754339142));
#2761 = CARTESIAN_POINT('',(1.290842045359,0.795961198669));
#2762 = CARTESIAN_POINT('',(1.300208166922,0.82506469877));
#2763 = ( GEOMETRIC_REPRESENTATION_CONTEXT(2) 
PARAMETRIC_REPRESENTATION_CONTEXT() REPRESENTATION_CONTEXT('2D SPACE',''
  ) );
#2764 = PCURVE('',#962,#2765);
#2765 = DEFINITIONAL_REPRESENTATION('',(#2766),#2787);
#2766 = B_SPLINE_CURVE_WITH_KNOTS('',7,(#2767,#2768,#2769,#2770,#2771,
    #2772,#2773,#2774,#2775,#2776,#2777,#2778,#2779,#2780,#2781,#2782,
    #2783,#2784,#2785,#2786),.UNSPECIFIED.,.F.,.F.,(8,6,6,8),(0.,
    0.487725067524,0.740626536847,1.),.UNSPECIFIED.);
#2767 = CARTESIAN_POINT('',(-5.407681106913,0.));
#2768 = CARTESIAN_POINT('',(-5.464420593974,-3.203614943918));
#2769 = CARTESIAN_POINT('',(-5.521780875456,-6.43820372232));
#2770 = CARTESIAN_POINT('',(-5.579764568053,-9.703161406989));
#2771 = CARTESIAN_POINT('',(-5.638383454776,-12.99811785288));
#2772 = CARTESIAN_POINT('',(-5.697654494572,-16.32272162683));
#2773 = CARTESIAN_POINT('',(-5.757599354072,-19.67636213709));
#2774 = CARTESIAN_POINT('',(-5.849693314545,-24.8109920316));
#2775 = CARTESIAN_POINT('',(-5.881330302946,-26.57180642261));
#2776 = CARTESIAN_POINT('',(-5.913161413966,-28.33995559775));
#2777 = CARTESIAN_POINT('',(-5.945192771127,-30.1152817112));
#2778 = CARTESIAN_POINT('',(-5.977432177995,-31.89761716881));
#2779 = CARTESIAN_POINT('',(-6.009889858229,-33.68677007151));
#2780 = CARTESIAN_POINT('',(-6.076106621716,-37.32419744864));
#2781 = CARTESIAN_POINT('',(-6.109878240271,-39.17283739572));
#2782 = CARTESIAN_POINT('',(-6.143909753992,-41.02816881966));
#2783 = CARTESIAN_POINT('',(-6.178222131673,-42.88993789178));
#2784 = CARTESIAN_POINT('',(-6.21284260309,-44.75787908289));
#2785 = CARTESIAN_POINT('',(-6.247810015027,-46.63169683705));
#2786 = CARTESIAN_POINT('',(-6.28318530718,-48.5110442552));
#2787 = ( GEOMETRIC_REPRESENTATION_CONTEXT(2) 
PARAMETRIC_REPRESENTATION_CONTEXT() REPRESENTATION_CONTEXT('2D SPACE',''
  ) );
#2788 = ORIENTED_EDGE('',*,*,#2789,.T.);
#2789 = EDGE_CURVE('',#2716,#2629,#2790,.T.);
#2790 = SURFACE_CURVE('',#2791,(#2797,#2806),.PCURVE_S1.);
#2791 = B_SPLINE_CURVE_WITH_KNOTS('',4,(#2792,#2793,#2794,#2795,#2796),
  .UNSPECIFIED.,.F.,.F.,(5,5),(0.,1.),.PIECEWISE_BEZIER_KNOTS.);
#2792 = CARTESIAN_POINT('',(29.155804959442,-38.40573534135,0.));
#2793 = CARTESIAN_POINT('',(28.86896076755,-37.51933074176,0.));
#2794 = CARTESIAN_POINT('',(28.567619173072,-36.6376404554,0.));
#2795 = CARTESIAN_POINT('',(28.251776616086,-35.76105998821,0.));
#2796 = CARTESIAN_POINT('',(27.92145674942,-34.88999480163,0.));
#2797 = PCURVE('',#493,#2798);
#2798 = DEFINITIONAL_REPRESENTATION('',(#2799),#2805);
#2799 = B_SPLINE_CURVE_WITH_KNOTS('',4,(#2800,#2801,#2802,#2803,#2804),
  .UNSPECIFIED.,.F.,.F.,(5,5),(0.,1.),.PIECEWISE_BEZIER_KNOTS.);
#2800 = CARTESIAN_POINT('',(1.166666666667,0.));
#2801 = CARTESIAN_POINT('',(1.125755380854,7.103812665539E-03));
#2802 = CARTESIAN_POINT('',(1.084347705918,1.421089674742E-02));
#2803 = CARTESIAN_POINT('',(1.042432924254,2.132076379941E-02));
#2804 = CARTESIAN_POINT('',(1.,2.843288280642E-02));
#2805 = ( GEOMETRIC_REPRESENTATION_CONTEXT(2) 
PARAMETRIC_REPRESENTATION_CONTEXT() REPRESENTATION_CONTEXT('2D SPACE',''
  ) );
#2806 = PCURVE('',#694,#2807);
#2807 = DEFINITIONAL_REPRESENTATION('',(#2808),#2814);
#2808 = B_SPLINE_CURVE_WITH_KNOTS('',4,(#2809,#2810,#2811,#2812,#2813),
  .UNSPECIFIED.,.F.,.F.,(5,5),(0.,1.),.PIECEWISE_BEZIER_KNOTS.);
#2809 = CARTESIAN_POINT('',(32.034504723651,-38.40573534135));
#2810 = CARTESIAN_POINT('',(31.747660531759,-37.51933074176));
#2811 = CARTESIAN_POINT('',(31.446318937282,-36.6376404554));
#2812 = CARTESIAN_POINT('',(31.130476380295,-35.76105998821));
#2813 = CARTESIAN_POINT('',(30.80015651363,-34.88999480163));
#2814 = ( GEOMETRIC_REPRESENTATION_CONTEXT(2) 
PARAMETRIC_REPRESENTATION_CONTEXT() REPRESENTATION_CONTEXT('2D SPACE',''
  ) );
#2815 = ADVANCED_FACE('',(#2816),#445,.F.);
#2816 = FACE_BOUND('',#2817,.F.);
#2817 = EDGE_LOOP('',(#2818,#2837,#2838,#2839));
#2818 = ORIENTED_EDGE('',*,*,#2819,.T.);
#2819 = EDGE_CURVE('',#2662,#556,#2820,.T.);
#2820 = SURFACE_CURVE('',#2821,(#2824,#2831),.PCURVE_S1.);
#2821 = B_SPLINE_CURVE_WITH_KNOTS('',1,(#2822,#2823),.UNSPECIFIED.,.F.,
  .F.,(2,2),(2.,3.),.PIECEWISE_BEZIER_KNOTS.);
#2822 = CARTESIAN_POINT('',(37.234164996006,-48.53567842056,
    7.558065382861));
#2823 = CARTESIAN_POINT('',(35.514135734576,-49.90735598465,
    7.558065382861));
#2824 = PCURVE('',#445,#2825);
#2825 = DEFINITIONAL_REPRESENTATION('',(#2826),#2830);
#2826 = LINE('',#2827,#2828);
#2827 = CARTESIAN_POINT('',(0.,0.));
#2828 = VECTOR('',#2829,1.);
#2829 = DIRECTION('',(1.,0.));
#2830 = ( GEOMETRIC_REPRESENTATION_CONTEXT(2) 
PARAMETRIC_REPRESENTATION_CONTEXT() REPRESENTATION_CONTEXT('2D SPACE',''
  ) );
#2831 = PCURVE('',#603,#2832);
#2832 = DEFINITIONAL_REPRESENTATION('',(#2833),#2836);
#2833 = B_SPLINE_CURVE_WITH_KNOTS('',1,(#2834,#2835),.UNSPECIFIED.,.F.,
  .F.,(2,2),(2.,3.),.PIECEWISE_BEZIER_KNOTS.);
#2834 = CARTESIAN_POINT('',(18.133946068079,5.329070518201E-15));
#2835 = CARTESIAN_POINT('',(17.867043322156,-2.183749739375));
#2836 = ( GEOMETRIC_REPRESENTATION_CONTEXT(2) 
PARAMETRIC_REPRESENTATION_CONTEXT() REPRESENTATION_CONTEXT('2D SPACE',''
  ) );
#2837 = ORIENTED_EDGE('',*,*,#555,.T.);
#2838 = ORIENTED_EDGE('',*,*,#431,.F.);
#2839 = ORIENTED_EDGE('',*,*,#2682,.F.);
#2840 = ADVANCED_FACE('',(#2841,#3574),#694,.F.);
#2841 = FACE_BOUND('',#2842,.F.);
#2842 = EDGE_LOOP('',(#2843,#2872,#2873,#2902,#2958,#2985,#2986,#3015,
    #3071,#3098,#3099,#3128,#3184,#3211,#3212,#3241,#3297,#3324,#3325,
    #3354,#3410,#3437,#3438,#3439,#3466,#3467,#3491,#3520));
#2843 = ORIENTED_EDGE('',*,*,#2844,.F.);
#2844 = EDGE_CURVE('',#1143,#2845,#2847,.T.);
#2845 = VERTEX_POINT('',#2846);
#2846 = CARTESIAN_POINT('',(43.602980076752,2.326976081578,
    -2.34016311857E-15));
#2847 = SURFACE_CURVE('',#2848,(#2854,#2863),.PCURVE_S1.);
#2848 = B_SPLINE_CURVE_WITH_KNOTS('',4,(#2849,#2850,#2851,#2852,#2853),
  .UNSPECIFIED.,.F.,.F.,(5,5),(0.,1.),.PIECEWISE_BEZIER_KNOTS.);
#2849 = CARTESIAN_POINT('',(47.12130023579,1.1,0.));
#2850 = CARTESIAN_POINT('',(46.249436785257,1.428400408383,0.));
#2851 = CARTESIAN_POINT('',(45.372220150561,1.742526964787,0.));
#2852 = CARTESIAN_POINT('',(44.489957331124,2.042130292031,0.));
#2853 = CARTESIAN_POINT('',(43.602980076752,2.326976081578,0.));
#2854 = PCURVE('',#694,#2855);
#2855 = DEFINITIONAL_REPRESENTATION('',(#2856),#2862);
#2856 = B_SPLINE_CURVE_WITH_KNOTS('',4,(#2857,#2858,#2859,#2860,#2861),
  .UNSPECIFIED.,.F.,.F.,(5,5),(0.,1.),.PIECEWISE_BEZIER_KNOTS.);
#2857 = CARTESIAN_POINT('',(50.,1.1));
#2858 = CARTESIAN_POINT('',(49.128136549466,1.428400408383));
#2859 = CARTESIAN_POINT('',(48.250919914771,1.742526964786));
#2860 = CARTESIAN_POINT('',(47.368657095334,2.042130292031));
#2861 = CARTESIAN_POINT('',(46.481679840962,2.326976081578));
#2862 = ( GEOMETRIC_REPRESENTATION_CONTEXT(2) 
PARAMETRIC_REPRESENTATION_CONTEXT() REPRESENTATION_CONTEXT('2D SPACE',''
  ) );
#2863 = PCURVE('',#1194,#2864);
#2864 = DEFINITIONAL_REPRESENTATION('',(#2865),#2871);
#2865 = B_SPLINE_CURVE_WITH_KNOTS('',4,(#2866,#2867,#2868,#2869,#2870),
  .UNSPECIFIED.,.F.,.F.,(5,5),(0.,1.),.PIECEWISE_BEZIER_KNOTS.);
#2866 = CARTESIAN_POINT('',(1.166666666667,0.));
#2867 = CARTESIAN_POINT('',(1.125755380854,7.103812665539E-03));
#2868 = CARTESIAN_POINT('',(1.084347705918,1.421089674742E-02));
#2869 = CARTESIAN_POINT('',(1.042432924254,2.132076379941E-02));
#2870 = CARTESIAN_POINT('',(1.,2.843288280642E-02));
#2871 = ( GEOMETRIC_REPRESENTATION_CONTEXT(2) 
PARAMETRIC_REPRESENTATION_CONTEXT() REPRESENTATION_CONTEXT('2D SPACE',''
  ) );
#2872 = ORIENTED_EDGE('',*,*,#1245,.T.);
#2873 = ORIENTED_EDGE('',*,*,#2874,.T.);
#2874 = EDGE_CURVE('',#1246,#2875,#2877,.T.);
#2875 = VERTEX_POINT('',#2876);
#2876 = CARTESIAN_POINT('',(26.038465376228,36.465859923983,
    -2.34016311857E-15));
#2877 = SURFACE_CURVE('',#2878,(#2884,#2893),.PCURVE_S1.);
#2878 = B_SPLINE_CURVE_WITH_KNOTS('',4,(#2879,#2880,#2881,#2882,#2883),
  .UNSPECIFIED.,.F.,.F.,(5,5),(0.,1.),.PIECEWISE_BEZIER_KNOTS.);
#2879 = CARTESIAN_POINT('',(29.155804959442,38.405735341357,0.));
#2880 = CARTESIAN_POINT('',(28.364561211546,37.940194663358,0.));
#2881 = CARTESIAN_POINT('',(27.580997791298,37.461644209308,0.));
#2882 = CARTESIAN_POINT('',(26.805501985153,36.970163218691,0.));
#2883 = CARTESIAN_POINT('',(26.038465376228,36.465859923983,0.));
#2884 = PCURVE('',#694,#2885);
#2885 = DEFINITIONAL_REPRESENTATION('',(#2886),#2892);
#2886 = B_SPLINE_CURVE_WITH_KNOTS('',4,(#2887,#2888,#2889,#2890,#2891),
  .UNSPECIFIED.,.F.,.F.,(5,5),(0.,1.),.PIECEWISE_BEZIER_KNOTS.);
#2887 = CARTESIAN_POINT('',(32.034504723652,38.405735341357));
#2888 = CARTESIAN_POINT('',(31.243260975755,37.940194663358));
#2889 = CARTESIAN_POINT('',(30.459697555507,37.461644209308));
#2890 = CARTESIAN_POINT('',(29.684201749362,36.970163218691));
#2891 = CARTESIAN_POINT('',(28.917165140437,36.465859923983));
#2892 = ( GEOMETRIC_REPRESENTATION_CONTEXT(2) 
PARAMETRIC_REPRESENTATION_CONTEXT() REPRESENTATION_CONTEXT('2D SPACE',''
  ) );
#2893 = PCURVE('',#1319,#2894);
#2894 = DEFINITIONAL_REPRESENTATION('',(#2895),#2901);
#2895 = B_SPLINE_CURVE_WITH_KNOTS('',4,(#2896,#2897,#2898,#2899,#2900),
  .UNSPECIFIED.,.F.,.F.,(5,5),(0.,1.),.PIECEWISE_BEZIER_KNOTS.);
#2896 = CARTESIAN_POINT('',(3.833333333333,0.));
#2897 = CARTESIAN_POINT('',(3.874239510977,7.102925685972E-03));
#2898 = CARTESIAN_POINT('',(3.91564539142,1.420971888378E-02));
#2899 = CARTESIAN_POINT('',(3.957561830799,2.131988470163E-02));
#2900 = CARTESIAN_POINT('',(4.,2.843288280643E-02));
#2901 = ( GEOMETRIC_REPRESENTATION_CONTEXT(2) 
PARAMETRIC_REPRESENTATION_CONTEXT() REPRESENTATION_CONTEXT('2D SPACE',''
  ) );
#2902 = ORIENTED_EDGE('',*,*,#2903,.F.);
#2903 = EDGE_CURVE('',#2904,#2875,#2906,.T.);
#2904 = VERTEX_POINT('',#2905);
#2905 = CARTESIAN_POINT('',(24.282850430365,37.791686513696,
    -2.34016311857E-15));
#2906 = SURFACE_CURVE('',#2907,(#2913,#2922),.PCURVE_S1.);
#2907 = B_SPLINE_CURVE_WITH_KNOTS('',4,(#2908,#2909,#2910,#2911,#2912),
  .UNSPECIFIED.,.F.,.F.,(5,5),(0.,1.),.PIECEWISE_BEZIER_KNOTS.);
#2908 = CARTESIAN_POINT('',(24.282850430365,37.791686513696,0.));
#2909 = CARTESIAN_POINT('',(24.721754166831,37.460229866268,0.));
#2910 = CARTESIAN_POINT('',(25.160657903296,37.12877321884,0.));
#2911 = CARTESIAN_POINT('',(25.599561639762,36.797316571411,0.));
#2912 = CARTESIAN_POINT('',(26.038465376228,36.465859923983,0.));
#2913 = PCURVE('',#694,#2914);
#2914 = DEFINITIONAL_REPRESENTATION('',(#2915),#2921);
#2915 = B_SPLINE_CURVE_WITH_KNOTS('',4,(#2916,#2917,#2918,#2919,#2920),
  .UNSPECIFIED.,.F.,.F.,(5,5),(0.,1.),.PIECEWISE_BEZIER_KNOTS.);
#2916 = CARTESIAN_POINT('',(27.161550194575,37.791686513696));
#2917 = CARTESIAN_POINT('',(27.60045393104,37.460229866268));
#2918 = CARTESIAN_POINT('',(28.039357667506,37.12877321884));
#2919 = CARTESIAN_POINT('',(28.478261403972,36.797316571411));
#2920 = CARTESIAN_POINT('',(28.917165140438,36.465859923983));
#2921 = ( GEOMETRIC_REPRESENTATION_CONTEXT(2) 
PARAMETRIC_REPRESENTATION_CONTEXT() REPRESENTATION_CONTEXT('2D SPACE',''
  ) );
#2922 = PCURVE('',#2923,#2950);
#2923 = ( BOUNDED_SURFACE() B_SPLINE_SURFACE(1,7,(
    (#2924,#2925,#2926,#2927,#2928,#2929,#2930,#2931,#2932,#2933,#2934
      ,#2935,#2936)
    ,(#2937,#2938,#2939,#2940,#2941,#2942,#2943,#2944,#2945,#2946,#2947
      ,#2948,#2949
)),.UNSPECIFIED.,.F.,.F.,.F.) B_SPLINE_SURFACE_WITH_KNOTS((2,2),(8,5,8),
  (0.,1.),(0.,0.529117254068,1.),.UNSPECIFIED.) 
GEOMETRIC_REPRESENTATION_ITEM() RATIONAL_B_SPLINE_SURFACE((
    (1.,1.,1.,1.,1.,1.,1.,1.,1.,1.,1.,1.,1.)
,(1.,1.,1.,1.,1.,1.,1.,1.,1.,1.,1.,1.,1.
))) REPRESENTATION_ITEM('') SURFACE() );
#2924 = CARTESIAN_POINT('',(27.540132952129,36.379746725515,
    -1.511613076572));
#2925 = CARTESIAN_POINT('',(23.541314798522,36.679422527021,
    2.492615959466));
#2926 = CARTESIAN_POINT('',(19.578315435965,36.540969874445,
    6.585609937866));
#2927 = CARTESIAN_POINT('',(15.712690003983,35.95584583137,
    10.770892756623));
#2928 = CARTESIAN_POINT('',(12.013290090093,34.925642272774,
    15.051609346561));
#2929 = CARTESIAN_POINT('',(8.555230671931,33.465321468204,
    19.430189642165));
#2930 = CARTESIAN_POINT('',(2.623850510309,29.957467302781,
    27.892209654768));
#2931 = CARTESIAN_POINT('',(-1.907531676894,25.23677501073,
    36.701406950989));
#2932 = CARTESIAN_POINT('',(-3.679879690012,22.784561761678,
    40.925345416396));
#2933 = CARTESIAN_POINT('',(-5.043695514904,20.156244820828,
    45.22236424618));
#2934 = CARTESIAN_POINT('',(-5.960300962723,17.419952813016,
    49.587533306171));
#2935 = CARTESIAN_POINT('',(-6.408270914702,14.657077012467,
    54.013000640284));
#2936 = CARTESIAN_POINT('',(-6.388132400756,11.952774046029,
    58.488386923428));
#2937 = CARTESIAN_POINT('',(25.820103690699,37.751424289604,
    -1.511613076572));
#2938 = CARTESIAN_POINT('',(21.725423136957,37.930892393871,
    2.492615959466));
#2939 = CARTESIAN_POINT('',(17.674237400212,37.661751453748,
    6.585609937866));
#2940 = CARTESIAN_POINT('',(13.729564281217,36.935686853817,
    10.770892756623));
#2941 = CARTESIAN_POINT('',(9.961839731465,35.754756646019,
    15.051609346561));
#2942 = CARTESIAN_POINT('',(6.447857110935,34.134693571216,
    19.430189642165));
#2943 = CARTESIAN_POINT('',(0.437438872604,30.310167566703,
    27.892209654768));
#2944 = CARTESIAN_POINT('',(-4.11718139696,25.2509052871,36.701406950989
    ));
#2945 = CARTESIAN_POINT('',(-5.887027790174,22.635596286129,
    40.925345416396));
#2946 = CARTESIAN_POINT('',(-7.233942107257,19.842002030863,
    45.22236424618));
#2947 = CARTESIAN_POINT('',(-8.118508115743,16.940066585381,
    49.587533306171));
#2948 = CARTESIAN_POINT('',(-8.518974226789,14.013290477306,
    54.013000640284));
#2949 = CARTESIAN_POINT('',(-8.436054647773,11.149023792423,
    58.488386923428));
#2950 = DEFINITIONAL_REPRESENTATION('',(#2951),#2957);
#2951 = B_SPLINE_CURVE_WITH_KNOTS('',4,(#2952,#2953,#2954,#2955,#2956),
  .UNSPECIFIED.,.F.,.F.,(5,5),(0.,1.),.PIECEWISE_BEZIER_KNOTS.);
#2952 = CARTESIAN_POINT('',(1.,2.843288280642E-02));
#2953 = CARTESIAN_POINT('',(0.75,2.843288280642E-02));
#2954 = CARTESIAN_POINT('',(0.5,2.843288280642E-02));
#2955 = CARTESIAN_POINT('',(0.25,2.843288280642E-02));
#2956 = CARTESIAN_POINT('',(0.,2.843288280642E-02));
#2957 = ( GEOMETRIC_REPRESENTATION_CONTEXT(2) 
PARAMETRIC_REPRESENTATION_CONTEXT() REPRESENTATION_CONTEXT('2D SPACE',''
  ) );
#2958 = ORIENTED_EDGE('',*,*,#2959,.F.);
#2959 = EDGE_CURVE('',#1458,#2904,#2960,.T.);
#2960 = SURFACE_CURVE('',#2961,(#2967,#2976),.PCURVE_S1.);
#2961 = B_SPLINE_CURVE_WITH_KNOTS('',4,(#2962,#2963,#2964,#2965,#2966),
  .UNSPECIFIED.,.F.,.F.,(5,5),(0.,1.),.PIECEWISE_BEZIER_KNOTS.);
#2962 = CARTESIAN_POINT('',(27.435775698012,39.777412905446,0.));
#2963 = CARTESIAN_POINT('',(26.635423949862,39.300516916959,0.));
#2964 = CARTESIAN_POINT('',(25.842894292833,38.81053603942,0.));
#2965 = CARTESIAN_POINT('',(25.058573108863,38.307554810513,0.));
#2966 = CARTESIAN_POINT('',(24.282850430365,37.791686513696,0.));
#2967 = PCURVE('',#694,#2968);
#2968 = DEFINITIONAL_REPRESENTATION('',(#2969),#2975);
#2969 = B_SPLINE_CURVE_WITH_KNOTS('',4,(#2970,#2971,#2972,#2973,#2974),
  .UNSPECIFIED.,.F.,.F.,(5,5),(0.,1.),.PIECEWISE_BEZIER_KNOTS.);
#2970 = CARTESIAN_POINT('',(30.314475462222,39.777412905446));
#2971 = CARTESIAN_POINT('',(29.514123714072,39.300516916959));
#2972 = CARTESIAN_POINT('',(28.721594057043,38.81053603942));
#2973 = CARTESIAN_POINT('',(27.937272873073,38.307554810513));
#2974 = CARTESIAN_POINT('',(27.161550194575,37.791686513696));
#2975 = ( GEOMETRIC_REPRESENTATION_CONTEXT(2) 
PARAMETRIC_REPRESENTATION_CONTEXT() REPRESENTATION_CONTEXT('2D SPACE',''
  ) );
#2976 = PCURVE('',#1507,#2977);
#2977 = DEFINITIONAL_REPRESENTATION('',(#2978),#2984);
#2978 = B_SPLINE_CURVE_WITH_KNOTS('',4,(#2979,#2980,#2981,#2982,#2983),
  .UNSPECIFIED.,.F.,.F.,(5,5),(0.,1.),.PIECEWISE_BEZIER_KNOTS.);
#2979 = CARTESIAN_POINT('',(1.166666666667,0.));
#2980 = CARTESIAN_POINT('',(1.125755380854,7.103812665539E-03));
#2981 = CARTESIAN_POINT('',(1.084347705918,1.421089674742E-02));
#2982 = CARTESIAN_POINT('',(1.042432924254,2.132076379941E-02));
#2983 = CARTESIAN_POINT('',(1.,2.843288280642E-02));
#2984 = ( GEOMETRIC_REPRESENTATION_CONTEXT(2) 
PARAMETRIC_REPRESENTATION_CONTEXT() REPRESENTATION_CONTEXT('2D SPACE',''
  ) );
#2985 = ORIENTED_EDGE('',*,*,#1558,.T.);
#2986 = ORIENTED_EDGE('',*,*,#2987,.T.);
#2987 = EDGE_CURVE('',#1559,#2988,#2990,.T.);
#2988 = VERTEX_POINT('',#2989);
#2989 = CARTESIAN_POINT('',(-13.35929952432,45.344441869134,
    -2.34016311857E-15));
#2990 = SURFACE_CURVE('',#2991,(#2997,#3006),.PCURVE_S1.);
#2991 = B_SPLINE_CURVE_WITH_KNOTS('',4,(#2992,#2993,#2994,#2995,#2996),
  .UNSPECIFIED.,.F.,.F.,(5,5),(0.,1.),.PIECEWISE_BEZIER_KNOTS.);
#2992 = CARTESIAN_POINT('',(-12.93232575862,48.991168636443,0.));
#2993 = CARTESIAN_POINT('',(-13.06168380779,48.082289498949,0.));
#2994 = CARTESIAN_POINT('',(-13.1760817985,47.171303620714,0.));
#2995 = CARTESIAN_POINT('',(-13.27534021351,46.258563199491,0.));
#2996 = CARTESIAN_POINT('',(-13.35929952432,45.344441869134,0.));
#2997 = PCURVE('',#694,#2998);
#2998 = DEFINITIONAL_REPRESENTATION('',(#2999),#3005);
#2999 = B_SPLINE_CURVE_WITH_KNOTS('',4,(#3000,#3001,#3002,#3003,#3004),
  .UNSPECIFIED.,.F.,.F.,(5,5),(0.,1.),.PIECEWISE_BEZIER_KNOTS.);
#3000 = CARTESIAN_POINT('',(-10.05362599441,48.991168636443));
#3001 = CARTESIAN_POINT('',(-10.18298404358,48.082289498949));
#3002 = CARTESIAN_POINT('',(-10.29738203429,47.171303620714));
#3003 = CARTESIAN_POINT('',(-10.39664044931,46.258563199491));
#3004 = CARTESIAN_POINT('',(-10.48059976011,45.344441869134));
#3005 = ( GEOMETRIC_REPRESENTATION_CONTEXT(2) 
PARAMETRIC_REPRESENTATION_CONTEXT() REPRESENTATION_CONTEXT('2D SPACE',''
  ) );
#3006 = PCURVE('',#1632,#3007);
#3007 = DEFINITIONAL_REPRESENTATION('',(#3008),#3014);
#3008 = B_SPLINE_CURVE_WITH_KNOTS('',4,(#3009,#3010,#3011,#3012,#3013),
  .UNSPECIFIED.,.F.,.F.,(5,5),(0.,1.),.PIECEWISE_BEZIER_KNOTS.);
#3009 = CARTESIAN_POINT('',(3.833333333333,0.));
#3010 = CARTESIAN_POINT('',(3.874239510977,7.102925685972E-03));
#3011 = CARTESIAN_POINT('',(3.91564539142,1.420971888378E-02));
#3012 = CARTESIAN_POINT('',(3.957561830799,2.131988470163E-02));
#3013 = CARTESIAN_POINT('',(4.,2.843288280643E-02));
#3014 = ( GEOMETRIC_REPRESENTATION_CONTEXT(2) 
PARAMETRIC_REPRESENTATION_CONTEXT() REPRESENTATION_CONTEXT('2D SPACE',''
  ) );
#3015 = ORIENTED_EDGE('',*,*,#3016,.F.);
#3016 = EDGE_CURVE('',#3017,#2988,#3019,.T.);
#3017 = VERTEX_POINT('',#3018);
#3018 = CARTESIAN_POINT('',(-15.49048050718,44.798486191086,
    -2.34016311857E-15));
#3019 = SURFACE_CURVE('',#3020,(#3026,#3035),.PCURVE_S1.);
#3020 = B_SPLINE_CURVE_WITH_KNOTS('',4,(#3021,#3022,#3023,#3024,#3025),
  .UNSPECIFIED.,.F.,.F.,(5,5),(0.,1.),.PIECEWISE_BEZIER_KNOTS.);
#3021 = CARTESIAN_POINT('',(-15.49048050718,44.798486191086,0.));
#3022 = CARTESIAN_POINT('',(-14.95768526147,44.934975110598,0.));
#3023 = CARTESIAN_POINT('',(-14.42489001575,45.07146403011,0.));
#3024 = CARTESIAN_POINT('',(-13.89209477003,45.207952949622,0.));
#3025 = CARTESIAN_POINT('',(-13.35929952432,45.344441869134,0.));
#3026 = PCURVE('',#694,#3027);
#3027 = DEFINITIONAL_REPRESENTATION('',(#3028),#3034);
#3028 = B_SPLINE_CURVE_WITH_KNOTS('',4,(#3029,#3030,#3031,#3032,#3033),
  .UNSPECIFIED.,.F.,.F.,(5,5),(0.,1.),.PIECEWISE_BEZIER_KNOTS.);
#3029 = CARTESIAN_POINT('',(-12.61178074297,44.798486191086));
#3030 = CARTESIAN_POINT('',(-12.07898549726,44.934975110598));
#3031 = CARTESIAN_POINT('',(-11.54619025154,45.07146403011));
#3032 = CARTESIAN_POINT('',(-11.01339500582,45.207952949622));
#3033 = CARTESIAN_POINT('',(-10.48059976011,45.344441869134));
#3034 = ( GEOMETRIC_REPRESENTATION_CONTEXT(2) 
PARAMETRIC_REPRESENTATION_CONTEXT() REPRESENTATION_CONTEXT('2D SPACE',''
  ) );
#3035 = PCURVE('',#3036,#3063);
#3036 = ( BOUNDED_SURFACE() B_SPLINE_SURFACE(1,7,(
    (#3037,#3038,#3039,#3040,#3041,#3042,#3043,#3044,#3045,#3046,#3047
      ,#3048,#3049)
    ,(#3050,#3051,#3052,#3053,#3054,#3055,#3056,#3057,#3058,#3059,#3060
      ,#3061,#3062
)),.UNSPECIFIED.,.F.,.F.,.F.) B_SPLINE_SURFACE_WITH_KNOTS((2,2),(8,5,8),
  (0.,1.),(0.,0.529117254068,1.),.UNSPECIFIED.) 
GEOMETRIC_REPRESENTATION_ITEM() RATIONAL_B_SPLINE_SURFACE((
    (1.,1.,1.,1.,1.,1.,1.,1.,1.,1.,1.,1.,1.)
,(1.,1.,1.,1.,1.,1.,1.,1.,1.,1.,1.,1.,1.
))) REPRESENTATION_ITEM('') SURFACE() );
#3037 = CARTESIAN_POINT('',(-12.35569909534,46.464802155124,
    -1.511613076572));
#3038 = CARTESIAN_POINT('',(-15.08321740976,43.525245036072,
    2.492615959466));
#3039 = CARTESIAN_POINT('',(-17.44586045447,40.340523552503,
    6.585609937866));
#3040 = CARTESIAN_POINT('',(-19.39857009109,36.953437016671,
    10.770892756623));
#3041 = CARTESIAN_POINT('',(-20.89966263493,33.418808285129,
    15.051609346561));
#3042 = CARTESIAN_POINT('',(-21.91400263686,29.804693434674,
    19.430189642165));
#3043 = CARTESIAN_POINT('',(-22.86960685615,22.980242391282,
    27.892209654768));
#3044 = CARTESIAN_POINT('',(-22.00409158522,16.494161636425,
    36.701406950989));
#3045 = CARTESIAN_POINT('',(-21.19191497691,13.579554209113,
    40.925345416396));
#3046 = CARTESIAN_POINT('',(-19.98733930509,10.874551252252,
    45.22236424618));
#3047 = CARTESIAN_POINT('',(-18.4195142172,8.451870094367,
    49.587533306171));
#3048 = CARTESIAN_POINT('',(-16.53871563078,6.379008197266,
    54.013000640284));
#3049 = CARTESIAN_POINT('',(-14.41185027541,4.708647800768,
    58.488386923428));
#3050 = CARTESIAN_POINT('',(-14.50054050214,45.97525610042,
    -1.511613076572));
#3051 = CARTESIAN_POINT('',(-17.19384588328,42.885802465624,
    2.492615959466));
#3052 = CARTESIAN_POINT('',(-19.50929601537,39.550651283882,
    6.585609937866));
#3053 = CARTESIAN_POINT('',(-21.4010993142,36.013887777859,
    10.770892756623));
#3054 = CARTESIAN_POINT('',(-22.82694873213,32.331864166326,
    15.051609346561));
#3055 = CARTESIAN_POINT('',(-23.75126474447,28.574429119243,
    19.430189642165));
#3056 = CARTESIAN_POINT('',(-24.50856438513,21.490741956958,
    27.892209654768));
#3057 = CARTESIAN_POINT('',(-23.39283314629,14.775398003265,
    36.701406950989));
#3058 = CARTESIAN_POINT('',(-22.45158340997,11.761057883103,
    40.925345416396));
#3059 = CARTESIAN_POINT('',(-21.10725081264,8.966220337132,
    45.22236424618));
#3060 = CARTESIAN_POINT('',(-19.38994420664,6.465311627466,
    49.587533306171));
#3061 = CARTESIAN_POINT('',(-17.35138503943,4.327399558479,
    54.013000640284));
#3062 = CARTESIAN_POINT('',(-15.06031165912,2.606387628038,
    58.488386923428));
#3063 = DEFINITIONAL_REPRESENTATION('',(#3064),#3070);
#3064 = B_SPLINE_CURVE_WITH_KNOTS('',4,(#3065,#3066,#3067,#3068,#3069),
  .UNSPECIFIED.,.F.,.F.,(5,5),(0.,1.),.PIECEWISE_BEZIER_KNOTS.);
#3065 = CARTESIAN_POINT('',(1.,2.843288280642E-02));
#3066 = CARTESIAN_POINT('',(0.75,2.843288280642E-02));
#3067 = CARTESIAN_POINT('',(0.5,2.843288280642E-02));
#3068 = CARTESIAN_POINT('',(0.25,2.843288280642E-02));
#3069 = CARTESIAN_POINT('',(0.,2.843288280642E-02));
#3070 = ( GEOMETRIC_REPRESENTATION_CONTEXT(2) 
PARAMETRIC_REPRESENTATION_CONTEXT() REPRESENTATION_CONTEXT('2D SPACE',''
  ) );
#3071 = ORIENTED_EDGE('',*,*,#3072,.F.);
#3072 = EDGE_CURVE('',#1745,#3017,#3073,.T.);
#3073 = SURFACE_CURVE('',#3074,(#3080,#3089),.PCURVE_S1.);
#3074 = B_SPLINE_CURVE_WITH_KNOTS('',4,(#3075,#3076,#3077,#3078,#3079),
  .UNSPECIFIED.,.F.,.F.,(5,5),(0.,1.),.PIECEWISE_BEZIER_KNOTS.);
#3075 = CARTESIAN_POINT('',(-15.07716716542,48.501622581739,0.));
#3076 = CARTESIAN_POINT('',(-15.20332602063,47.578542602618,0.));
#3077 = CARTESIAN_POINT('',(-15.31437770359,46.653419885711,0.));
#3078 = CARTESIAN_POINT('',(-15.41014740333,45.726609224968,0.));
#3079 = CARTESIAN_POINT('',(-15.49048050718,44.798486191086,0.));
#3080 = PCURVE('',#694,#3081);
#3081 = DEFINITIONAL_REPRESENTATION('',(#3082),#3088);
#3082 = B_SPLINE_CURVE_WITH_KNOTS('',4,(#3083,#3084,#3085,#3086,#3087),
  .UNSPECIFIED.,.F.,.F.,(5,5),(0.,1.),.PIECEWISE_BEZIER_KNOTS.);
#3083 = CARTESIAN_POINT('',(-12.19846740121,48.501622581739));
#3084 = CARTESIAN_POINT('',(-12.32462625642,47.578542602618));
#3085 = CARTESIAN_POINT('',(-12.43567793938,46.653419885711));
#3086 = CARTESIAN_POINT('',(-12.53144763912,45.726609224968));
#3087 = CARTESIAN_POINT('',(-12.61178074297,44.798486191086));
#3088 = ( GEOMETRIC_REPRESENTATION_CONTEXT(2) 
PARAMETRIC_REPRESENTATION_CONTEXT() REPRESENTATION_CONTEXT('2D SPACE',''
  ) );
#3089 = PCURVE('',#1794,#3090);
#3090 = DEFINITIONAL_REPRESENTATION('',(#3091),#3097);
#3091 = B_SPLINE_CURVE_WITH_KNOTS('',4,(#3092,#3093,#3094,#3095,#3096),
  .UNSPECIFIED.,.F.,.F.,(5,5),(0.,1.),.PIECEWISE_BEZIER_KNOTS.);
#3092 = CARTESIAN_POINT('',(1.166666666667,0.));
#3093 = CARTESIAN_POINT('',(1.125755380854,7.103812665539E-03));
#3094 = CARTESIAN_POINT('',(1.084347705918,1.421089674742E-02));
#3095 = CARTESIAN_POINT('',(1.042432924254,2.132076379941E-02));
#3096 = CARTESIAN_POINT('',(1.,2.843288280642E-02));
#3097 = ( GEOMETRIC_REPRESENTATION_CONTEXT(2) 
PARAMETRIC_REPRESENTATION_CONTEXT() REPRESENTATION_CONTEXT('2D SPACE',''
  ) );
#3098 = ORIENTED_EDGE('',*,*,#1845,.T.);
#3099 = ORIENTED_EDGE('',*,*,#3100,.T.);
#3100 = EDGE_CURVE('',#1846,#3101,#3103,.T.);
#3101 = VERTEX_POINT('',#3102);
#3102 = CARTESIAN_POINT('',(-44.86495904023,20.077734228779,
    -2.34016311857E-15));
#3103 = SURFACE_CURVE('',#3104,(#3110,#3119),.PCURVE_S1.);
#3104 = B_SPLINE_CURVE_WITH_KNOTS('',4,(#3105,#3106,#3107,#3108,#3109),
  .UNSPECIFIED.,.F.,.F.,(5,5),(0.,1.),.PIECEWISE_BEZIER_KNOTS.);
#3105 = CARTESIAN_POINT('',(-47.4498710463,22.685252710571,0.));
#3106 = CARTESIAN_POINT('',(-46.81993414729,22.01743964187,0.));
#3107 = CARTESIAN_POINT('',(-46.17902268816,21.360009286486,0.));
#3108 = CARTESIAN_POINT('',(-45.52730010104,20.713321588349,0.));
#3109 = CARTESIAN_POINT('',(-44.86495904023,20.077734228779,0.));
#3110 = PCURVE('',#694,#3111);
#3111 = DEFINITIONAL_REPRESENTATION('',(#3112),#3118);
#3112 = B_SPLINE_CURVE_WITH_KNOTS('',4,(#3113,#3114,#3115,#3116,#3117),
  .UNSPECIFIED.,.F.,.F.,(5,5),(0.,1.),.PIECEWISE_BEZIER_KNOTS.);
#3113 = CARTESIAN_POINT('',(-44.57117128209,22.685252710571));
#3114 = CARTESIAN_POINT('',(-43.94123438308,22.01743964187));
#3115 = CARTESIAN_POINT('',(-43.30032292395,21.360009286486));
#3116 = CARTESIAN_POINT('',(-42.64860033683,20.713321588349));
#3117 = CARTESIAN_POINT('',(-41.98625927602,20.077734228779));
#3118 = ( GEOMETRIC_REPRESENTATION_CONTEXT(2) 
PARAMETRIC_REPRESENTATION_CONTEXT() REPRESENTATION_CONTEXT('2D SPACE',''
  ) );
#3119 = PCURVE('',#1919,#3120);
#3120 = DEFINITIONAL_REPRESENTATION('',(#3121),#3127);
#3121 = B_SPLINE_CURVE_WITH_KNOTS('',4,(#3122,#3123,#3124,#3125,#3126),
  .UNSPECIFIED.,.F.,.F.,(5,5),(0.,1.),.PIECEWISE_BEZIER_KNOTS.);
#3122 = CARTESIAN_POINT('',(3.833333333333,0.));
#3123 = CARTESIAN_POINT('',(3.874239510977,7.102925685972E-03));
#3124 = CARTESIAN_POINT('',(3.91564539142,1.420971888378E-02));
#3125 = CARTESIAN_POINT('',(3.957561830799,2.131988470163E-02));
#3126 = CARTESIAN_POINT('',(4.,2.843288280643E-02));
#3127 = ( GEOMETRIC_REPRESENTATION_CONTEXT(2) 
PARAMETRIC_REPRESENTATION_CONTEXT() REPRESENTATION_CONTEXT('2D SPACE',''
  ) );
#3128 = ORIENTED_EDGE('',*,*,#3129,.F.);
#3129 = EDGE_CURVE('',#3130,#3101,#3132,.T.);
#3130 = VERTEX_POINT('',#3131);
#3131 = CARTESIAN_POINT('',(-45.76688331183,18.071112044007,
    -2.34016311857E-15));
#3132 = SURFACE_CURVE('',#3133,(#3139,#3148),.PCURVE_S1.);
#3133 = B_SPLINE_CURVE_WITH_KNOTS('',4,(#3134,#3135,#3136,#3137,#3138),
  .UNSPECIFIED.,.F.,.F.,(5,5),(0.,1.),.PIECEWISE_BEZIER_KNOTS.);
#3134 = CARTESIAN_POINT('',(-45.76688331183,18.071112044007,0.));
#3135 = CARTESIAN_POINT('',(-45.54140224393,18.5727675902,0.));
#3136 = CARTESIAN_POINT('',(-45.31592117603,19.074423136393,0.));
#3137 = CARTESIAN_POINT('',(-45.09044010813,19.576078682586,0.));
#3138 = CARTESIAN_POINT('',(-44.86495904023,20.077734228779,0.));
#3139 = PCURVE('',#694,#3140);
#3140 = DEFINITIONAL_REPRESENTATION('',(#3141),#3147);
#3141 = B_SPLINE_CURVE_WITH_KNOTS('',4,(#3142,#3143,#3144,#3145,#3146),
  .UNSPECIFIED.,.F.,.F.,(5,5),(0.,1.),.PIECEWISE_BEZIER_KNOTS.);
#3142 = CARTESIAN_POINT('',(-42.88818354762,18.071112044007));
#3143 = CARTESIAN_POINT('',(-42.66270247972,18.5727675902));
#3144 = CARTESIAN_POINT('',(-42.43722141182,19.074423136393));
#3145 = CARTESIAN_POINT('',(-42.21174034392,19.576078682586));
#3146 = CARTESIAN_POINT('',(-41.98625927602,20.077734228779));
#3147 = ( GEOMETRIC_REPRESENTATION_CONTEXT(2) 
PARAMETRIC_REPRESENTATION_CONTEXT() REPRESENTATION_CONTEXT('2D SPACE',''
  ) );
#3148 = PCURVE('',#3149,#3176);
#3149 = ( BOUNDED_SURFACE() B_SPLINE_SURFACE(1,7,(
    (#3150,#3151,#3152,#3153,#3154,#3155,#3156,#3157,#3158,#3159,#3160
      ,#3161,#3162)
    ,(#3163,#3164,#3165,#3166,#3167,#3168,#3169,#3170,#3171,#3172,#3173
      ,#3174,#3175
)),.UNSPECIFIED.,.F.,.F.,.F.) B_SPLINE_SURFACE_WITH_KNOTS((2,2),(8,5,8),
  (0.,1.),(0.,0.529117254068,1.),.UNSPECIFIED.) 
GEOMETRIC_REPRESENTATION_ITEM() RATIONAL_B_SPLINE_SURFACE((
    (1.,1.,1.,1.,1.,1.,1.,1.,1.,1.,1.,1.,1.)
,(1.,1.,1.,1.,1.,1.,1.,1.,1.,1.,1.,1.,1.
))) REPRESENTATION_ITEM('') SURFACE() );
#3150 = CARTESIAN_POINT('',(-45.11515735092,21.560913852693,
    -1.511613076572));
#3151 = CARTESIAN_POINT('',(-44.51749890415,17.595670279766,
    2.492615959466));
#3152 = CARTESIAN_POINT('',(-43.50066722921,13.762840198811,
    6.585609937866));
#3153 = CARTESIAN_POINT('',(-42.07003088608,10.124336415677,
    10.770892756623));
#3154 = CARTESIAN_POINT('',(-40.24246275766,6.746930039326,
    15.051609346561));
#3155 = CARTESIAN_POINT('',(-38.04926463314,3.700523339886,
    19.430189642165));
#3156 = CARTESIAN_POINT('',(-33.30950344219,-1.301573752369,
    27.892209654768));
#3157 = CARTESIAN_POINT('',(-27.69884136544,-4.668891869689,
    36.701406950989));
#3158 = CARTESIAN_POINT('',(-24.91372568714,-5.851134635339,
    40.925345416396));
#3159 = CARTESIAN_POINT('',(-22.04782856834,-6.59590120969,
    45.22236424618));
#3160 = CARTESIAN_POINT('',(-19.17617721373,-6.880643192071,
    49.587533306171));
#3161 = CARTESIAN_POINT('',(-16.38288978579,-6.70258389853,
    54.013000640284));
#3162 = CARTESIAN_POINT('',(-13.75087058174,-6.081186277382,
    58.488386923428));
#3163 = CARTESIAN_POINT('',(-46.06970157697,19.578782343307,
    -1.511613076572));
#3164 = CARTESIAN_POINT('',(-45.3335179001,15.546828569819,
    2.492615959466));
#3165 = CARTESIAN_POINT('',(-44.16965125149,11.657104010995,
    6.585609937866));
#3166 = CARTESIAN_POINT('',(-42.58401826038,7.972896655743,
    10.770892756623));
#3167 = CARTESIAN_POINT('',(-40.59429885276,4.562418519554,
    15.051609346561));
#3168 = CARTESIAN_POINT('',(-38.23291944701,1.49703672835,
    19.430189642165));
#3169 = CARTESIAN_POINT('',(-33.16683841448,-3.511650677621,
    27.892209654768));
#3170 = CARTESIAN_POINT('',(-27.22092404685,-6.826285340221,
    36.701406950989));
#3171 = CARTESIAN_POINT('',(-24.27735843045,-7.969796987759,
    40.925345416396));
#3172 = CARTESIAN_POINT('',(-21.25408878388,-8.661308148024,
    45.22236424618));
#3173 = CARTESIAN_POINT('',(-18.22807646438,-8.877954854254,
    49.587533306171));
#3174 = CARTESIAN_POINT('',(-15.28556865086,-8.617111490746,
    54.013000640284));
#3175 = CARTESIAN_POINT('',(-12.511566454,-7.898911580877,
    58.488386923428));
#3176 = DEFINITIONAL_REPRESENTATION('',(#3177),#3183);
#3177 = B_SPLINE_CURVE_WITH_KNOTS('',4,(#3178,#3179,#3180,#3181,#3182),
  .UNSPECIFIED.,.F.,.F.,(5,5),(0.,1.),.PIECEWISE_BEZIER_KNOTS.);
#3178 = CARTESIAN_POINT('',(1.,2.843288280642E-02));
#3179 = CARTESIAN_POINT('',(0.75,2.843288280642E-02));
#3180 = CARTESIAN_POINT('',(0.5,2.843288280642E-02));
#3181 = CARTESIAN_POINT('',(0.25,2.843288280642E-02));
#3182 = CARTESIAN_POINT('',(0.,2.843288280642E-02));
#3183 = ( GEOMETRIC_REPRESENTATION_CONTEXT(2) 
PARAMETRIC_REPRESENTATION_CONTEXT() REPRESENTATION_CONTEXT('2D SPACE',''
  ) );
#3184 = ORIENTED_EDGE('',*,*,#3185,.F.);
#3185 = EDGE_CURVE('',#2032,#3130,#3186,.T.);
#3186 = SURFACE_CURVE('',#3187,(#3193,#3202),.PCURVE_S1.);
#3187 = B_SPLINE_CURVE_WITH_KNOTS('',4,(#3188,#3189,#3190,#3191,#3192),
  .UNSPECIFIED.,.F.,.F.,(5,5),(0.,1.),.PIECEWISE_BEZIER_KNOTS.);
#3188 = CARTESIAN_POINT('',(-48.40441527236,20.703121201185,0.));
#3189 = CARTESIAN_POINT('',(-47.76138104348,20.028955283109,0.));
#3190 = CARTESIAN_POINT('',(-47.10733057006,19.365327001729,0.));
#3191 = CARTESIAN_POINT('',(-46.44243224832,18.712594240181,0.));
#3192 = CARTESIAN_POINT('',(-45.76688331183,18.071112044007,0.));
#3193 = PCURVE('',#694,#3194);
#3194 = DEFINITIONAL_REPRESENTATION('',(#3195),#3201);
#3195 = B_SPLINE_CURVE_WITH_KNOTS('',4,(#3196,#3197,#3198,#3199,#3200),
  .UNSPECIFIED.,.F.,.F.,(5,5),(0.,1.),.PIECEWISE_BEZIER_KNOTS.);
#3196 = CARTESIAN_POINT('',(-45.52571550815,20.703121201185));
#3197 = CARTESIAN_POINT('',(-44.88268127927,20.028955283109));
#3198 = CARTESIAN_POINT('',(-44.22863080585,19.365327001729));
#3199 = CARTESIAN_POINT('',(-43.56373248411,18.712594240181));
#3200 = CARTESIAN_POINT('',(-42.88818354762,18.071112044007));
#3201 = ( GEOMETRIC_REPRESENTATION_CONTEXT(2) 
PARAMETRIC_REPRESENTATION_CONTEXT() REPRESENTATION_CONTEXT('2D SPACE',''
  ) );
#3202 = PCURVE('',#2081,#3203);
#3203 = DEFINITIONAL_REPRESENTATION('',(#3204),#3210);
#3204 = B_SPLINE_CURVE_WITH_KNOTS('',4,(#3205,#3206,#3207,#3208,#3209),
  .UNSPECIFIED.,.F.,.F.,(5,5),(0.,1.),.PIECEWISE_BEZIER_KNOTS.);
#3205 = CARTESIAN_POINT('',(1.166666666667,0.));
#3206 = CARTESIAN_POINT('',(1.125755380854,7.103812665539E-03));
#3207 = CARTESIAN_POINT('',(1.084347705918,1.421089674742E-02));
#3208 = CARTESIAN_POINT('',(1.042432924254,2.132076379941E-02));
#3209 = CARTESIAN_POINT('',(1.,2.843288280642E-02));
#3210 = ( GEOMETRIC_REPRESENTATION_CONTEXT(2) 
PARAMETRIC_REPRESENTATION_CONTEXT() REPRESENTATION_CONTEXT('2D SPACE',''
  ) );
#3211 = ORIENTED_EDGE('',*,*,#2132,.T.);
#3212 = ORIENTED_EDGE('',*,*,#3213,.T.);
#3213 = EDGE_CURVE('',#2133,#3214,#3216,.T.);
#3214 = VERTEX_POINT('',#3215);
#3215 = CARTESIAN_POINT('',(-44.75410895769,-20.30791679698,
    -2.34016311857E-15));
#3216 = SURFACE_CURVE('',#3217,(#3223,#3232),.PCURVE_S1.);
#3217 = B_SPLINE_CURVE_WITH_KNOTS('',4,(#3218,#3219,#3220,#3221,#3222),
  .UNSPECIFIED.,.F.,.F.,(5,5),(0.,1.),.PIECEWISE_BEZIER_KNOTS.);
#3218 = CARTESIAN_POINT('',(-48.40441527236,-20.70312120118,0.));
#3219 = CARTESIAN_POINT('',(-47.4895387585,-20.62699133945,0.));
#3220 = CARTESIAN_POINT('',(-46.57593725047,-20.53580770525,0.));
#3221 = CARTESIAN_POINT('',(-45.66399406203,-20.42947365357,0.));
#3222 = CARTESIAN_POINT('',(-44.75410895769,-20.30791679698,0.));
#3223 = PCURVE('',#694,#3224);
#3224 = DEFINITIONAL_REPRESENTATION('',(#3225),#3231);
#3225 = B_SPLINE_CURVE_WITH_KNOTS('',4,(#3226,#3227,#3228,#3229,#3230),
  .UNSPECIFIED.,.F.,.F.,(5,5),(0.,1.),.PIECEWISE_BEZIER_KNOTS.);
#3226 = CARTESIAN_POINT('',(-45.52571550815,-20.70312120118));
#3227 = CARTESIAN_POINT('',(-44.61083899429,-20.62699133945));
#3228 = CARTESIAN_POINT('',(-43.69723748626,-20.53580770525));
#3229 = CARTESIAN_POINT('',(-42.78529429782,-20.42947365357));
#3230 = CARTESIAN_POINT('',(-41.87540919348,-20.30791679698));
#3231 = ( GEOMETRIC_REPRESENTATION_CONTEXT(2) 
PARAMETRIC_REPRESENTATION_CONTEXT() REPRESENTATION_CONTEXT('2D SPACE',''
  ) );
#3232 = PCURVE('',#2206,#3233);
#3233 = DEFINITIONAL_REPRESENTATION('',(#3234),#3240);
#3234 = B_SPLINE_CURVE_WITH_KNOTS('',4,(#3235,#3236,#3237,#3238,#3239),
  .UNSPECIFIED.,.F.,.F.,(5,5),(0.,1.),.PIECEWISE_BEZIER_KNOTS.);
#3235 = CARTESIAN_POINT('',(3.833333333333,0.));
#3236 = CARTESIAN_POINT('',(3.874239510977,7.102925685972E-03));
#3237 = CARTESIAN_POINT('',(3.91564539142,1.420971888378E-02));
#3238 = CARTESIAN_POINT('',(3.957561830799,2.131988470163E-02));
#3239 = CARTESIAN_POINT('',(4.,2.843288280643E-02));
#3240 = ( GEOMETRIC_REPRESENTATION_CONTEXT(2) 
PARAMETRIC_REPRESENTATION_CONTEXT() REPRESENTATION_CONTEXT('2D SPACE',''
  ) );
#3241 = ORIENTED_EDGE('',*,*,#3242,.F.);
#3242 = EDGE_CURVE('',#3243,#3214,#3245,.T.);
#3243 = VERTEX_POINT('',#3244);
#3244 = CARTESIAN_POINT('',(-43.74760914561,-22.26417805571,
    -2.34016311857E-15));
#3245 = SURFACE_CURVE('',#3246,(#3252,#3261),.PCURVE_S1.);
#3246 = B_SPLINE_CURVE_WITH_KNOTS('',4,(#3247,#3248,#3249,#3250,#3251),
  .UNSPECIFIED.,.F.,.F.,(5,5),(0.,1.),.PIECEWISE_BEZIER_KNOTS.);
#3247 = CARTESIAN_POINT('',(-43.74760914561,-22.26417805571,0.));
#3248 = CARTESIAN_POINT('',(-43.99923409863,-21.77511274103,0.));
#3249 = CARTESIAN_POINT('',(-44.25085905165,-21.28604742635,0.));
#3250 = CARTESIAN_POINT('',(-44.50248400467,-20.79698211166,0.));
#3251 = CARTESIAN_POINT('',(-44.75410895769,-20.30791679698,0.));
#3252 = PCURVE('',#694,#3253);
#3253 = DEFINITIONAL_REPRESENTATION('',(#3254),#3260);
#3254 = B_SPLINE_CURVE_WITH_KNOTS('',4,(#3255,#3256,#3257,#3258,#3259),
  .UNSPECIFIED.,.F.,.F.,(5,5),(0.,1.),.PIECEWISE_BEZIER_KNOTS.);
#3255 = CARTESIAN_POINT('',(-40.8689093814,-22.26417805571));
#3256 = CARTESIAN_POINT('',(-41.12053433442,-21.77511274103));
#3257 = CARTESIAN_POINT('',(-41.37215928744,-21.28604742635));
#3258 = CARTESIAN_POINT('',(-41.62378424046,-20.79698211166));
#3259 = CARTESIAN_POINT('',(-41.87540919348,-20.30791679698));
#3260 = ( GEOMETRIC_REPRESENTATION_CONTEXT(2) 
PARAMETRIC_REPRESENTATION_CONTEXT() REPRESENTATION_CONTEXT('2D SPACE',''
  ) );
#3261 = PCURVE('',#3262,#3289);
#3262 = ( BOUNDED_SURFACE() B_SPLINE_SURFACE(1,7,(
    (#3263,#3264,#3265,#3266,#3267,#3268,#3269,#3270,#3271,#3272,#3273
      ,#3274,#3275)
    ,(#3276,#3277,#3278,#3279,#3280,#3281,#3282,#3283,#3284,#3285,#3286
      ,#3287,#3288
)),.UNSPECIFIED.,.F.,.F.,.F.) B_SPLINE_SURFACE_WITH_KNOTS((2,2),(8,5,8),
  (0.,1.),(0.,0.529117254068,1.),.UNSPECIFIED.) 
GEOMETRIC_REPRESENTATION_ITEM() RATIONAL_B_SPLINE_SURFACE((
    (1.,1.,1.,1.,1.,1.,1.,1.,1.,1.,1.,1.,1.)
,(1.,1.,1.,1.,1.,1.,1.,1.,1.,1.,1.,1.,1.
))) REPRESENTATION_ITEM('') SURFACE() );
#3263 = CARTESIAN_POINT('',(-46.06970157697,-19.5787823433,
    -1.511613076572));
#3264 = CARTESIAN_POINT('',(-42.59691536945,-21.58380308346,
    2.492615959466));
#3265 = CARTESIAN_POINT('',(-38.96630396568,-23.17854253536,
    6.585609937866));
#3266 = CARTESIAN_POINT('',(-35.22961998884,-24.32859600514,
    10.770892756623));
#3267 = CARTESIAN_POINT('',(-31.44958726444,-25.00552413838,
    15.051609346561));
#3268 = CARTESIAN_POINT('',(-27.70037393433,-25.19021630675,
    19.430189642165));
#3269 = CARTESIAN_POINT('',(-20.83438418344,-24.60327831322,
    27.892209654768));
#3270 = CARTESIAN_POINT('',(-14.7035182813,-22.31617456989,
    36.701406950989));
#3271 = CARTESIAN_POINT('',(-12.04271244478,-20.87579975798,
    40.925345416396));
#3272 = CARTESIAN_POINT('',(-9.673572863123,-19.09950552887,
    45.22236424618));
#3273 = CARTESIAN_POINT('',(-7.660507282821,-17.03189181533,
    49.587533306171));
#3274 = CARTESIAN_POINT('',(-6.058133419273,-14.73699361093,
    54.013000640284));
#3275 = CARTESIAN_POINT('',(-4.902924510599,-12.29176305507,
    58.488386923428));
#3276 = CARTESIAN_POINT('',(-45.11515735092,-21.56091385269,
    -1.511613076572));
#3277 = CARTESIAN_POINT('',(-41.50384594012,-23.49922433656,
    2.492615959466));
#3278 = CARTESIAN_POINT('',(-37.73707783577,-25.01448034375,
    6.585609937866));
#3279 = CARTESIAN_POINT('',(-33.86802253805,-26.0718482656,
    10.770892756623));
#3280 = CARTESIAN_POINT('',(-29.96103360169,-26.64262132882,
    15.051609346561));
#3281 = CARTESIAN_POINT('',(-26.09212563374,-26.70765485297,
    19.430189642165));
#3282 = CARTESIAN_POINT('',(-19.01752627474,-25.86969872733,
    27.892209654768));
#3283 = CARTESIAN_POINT('',(-12.7188235717,-23.28763659167,
    36.701406950989));
#3284 = CARTESIAN_POINT('',(-9.989507022158,-21.6992321726,
    40.925345416396));
#3285 = CARTESIAN_POINT('',(-7.563884033683,-19.76669493922,
    45.22236424618));
#3286 = CARTESIAN_POINT('',(-5.507814996669,-17.53594025344,
    49.587533306171));
#3287 = CARTESIAN_POINT('',(-3.877126936635,-15.07276183039,
    54.013000640284));
#3288 = CARTESIAN_POINT('',(-2.7090761568,-12.45616926096,
    58.488386923428));
#3289 = DEFINITIONAL_REPRESENTATION('',(#3290),#3296);
#3290 = B_SPLINE_CURVE_WITH_KNOTS('',4,(#3291,#3292,#3293,#3294,#3295),
  .UNSPECIFIED.,.F.,.F.,(5,5),(0.,1.),.PIECEWISE_BEZIER_KNOTS.);
#3291 = CARTESIAN_POINT('',(1.,2.843288280642E-02));
#3292 = CARTESIAN_POINT('',(0.75,2.843288280642E-02));
#3293 = CARTESIAN_POINT('',(0.5,2.843288280642E-02));
#3294 = CARTESIAN_POINT('',(0.25,2.843288280642E-02));
#3295 = CARTESIAN_POINT('',(0.,2.843288280642E-02));
#3296 = ( GEOMETRIC_REPRESENTATION_CONTEXT(2) 
PARAMETRIC_REPRESENTATION_CONTEXT() REPRESENTATION_CONTEXT('2D SPACE',''
  ) );
#3297 = ORIENTED_EDGE('',*,*,#3298,.F.);
#3298 = EDGE_CURVE('',#2319,#3243,#3299,.T.);
#3299 = SURFACE_CURVE('',#3300,(#3306,#3315),.PCURVE_S1.);
#3300 = B_SPLINE_CURVE_WITH_KNOTS('',4,(#3301,#3302,#3303,#3304,#3305),
  .UNSPECIFIED.,.F.,.F.,(5,5),(0.,1.),.PIECEWISE_BEZIER_KNOTS.);
#3301 = CARTESIAN_POINT('',(-47.4498710463,-22.68525271057,0.));
#3302 = CARTESIAN_POINT('',(-46.52186162319,-22.60284388081,0.));
#3303 = CARTESIAN_POINT('',(-45.59522234007,-22.50525209523,0.));
#3304 = CARTESIAN_POINT('',(-44.67033799457,-22.39238587482,0.));
#3305 = CARTESIAN_POINT('',(-43.74760914561,-22.26417805571,0.));
#3306 = PCURVE('',#694,#3307);
#3307 = DEFINITIONAL_REPRESENTATION('',(#3308),#3314);
#3308 = B_SPLINE_CURVE_WITH_KNOTS('',4,(#3309,#3310,#3311,#3312,#3313),
  .UNSPECIFIED.,.F.,.F.,(5,5),(0.,1.),.PIECEWISE_BEZIER_KNOTS.);
#3309 = CARTESIAN_POINT('',(-44.57117128209,-22.68525271057));
#3310 = CARTESIAN_POINT('',(-43.64316185898,-22.60284388081));
#3311 = CARTESIAN_POINT('',(-42.71652257586,-22.50525209523));
#3312 = CARTESIAN_POINT('',(-41.79163823036,-22.39238587482));
#3313 = CARTESIAN_POINT('',(-40.8689093814,-22.26417805571));
#3314 = ( GEOMETRIC_REPRESENTATION_CONTEXT(2) 
PARAMETRIC_REPRESENTATION_CONTEXT() REPRESENTATION_CONTEXT('2D SPACE',''
  ) );
#3315 = PCURVE('',#2368,#3316);
#3316 = DEFINITIONAL_REPRESENTATION('',(#3317),#3323);
#3317 = B_SPLINE_CURVE_WITH_KNOTS('',4,(#3318,#3319,#3320,#3321,#3322),
  .UNSPECIFIED.,.F.,.F.,(5,5),(0.,1.),.PIECEWISE_BEZIER_KNOTS.);
#3318 = CARTESIAN_POINT('',(1.166666666667,0.));
#3319 = CARTESIAN_POINT('',(1.125755380854,7.103812665539E-03));
#3320 = CARTESIAN_POINT('',(1.084347705918,1.421089674742E-02));
#3321 = CARTESIAN_POINT('',(1.042432924254,2.132076379941E-02));
#3322 = CARTESIAN_POINT('',(1.,2.843288280642E-02));
#3323 = ( GEOMETRIC_REPRESENTATION_CONTEXT(2) 
PARAMETRIC_REPRESENTATION_CONTEXT() REPRESENTATION_CONTEXT('2D SPACE',''
  ) );
#3324 = ORIENTED_EDGE('',*,*,#2419,.T.);
#3325 = ORIENTED_EDGE('',*,*,#3326,.T.);
#3326 = EDGE_CURVE('',#2420,#3327,#3329,.T.);
#3327 = VERTEX_POINT('',#3328);
#3328 = CARTESIAN_POINT('',(-13.11022164978,-45.40129226861,
    -2.34016311857E-15));
#3329 = SURFACE_CURVE('',#3330,(#3336,#3345),.PCURVE_S1.);
#3330 = B_SPLINE_CURVE_WITH_KNOTS('',4,(#3331,#3332,#3333,#3334,#3335),
  .UNSPECIFIED.,.F.,.F.,(5,5),(0.,1.),.PIECEWISE_BEZIER_KNOTS.);
#3331 = CARTESIAN_POINT('',(-15.07716716542,-48.50162258173,0.));
#3332 = CARTESIAN_POINT('',(-14.56627171173,-47.73887712822,0.));
#3333 = CARTESIAN_POINT('',(-14.06794072441,-46.96774264079,0.));
#3334 = CARTESIAN_POINT('',(-13.5824887558,-46.18845854904,0.));
#3335 = CARTESIAN_POINT('',(-13.11022164978,-45.40129226861,0.));
#3336 = PCURVE('',#694,#3337);
#3337 = DEFINITIONAL_REPRESENTATION('',(#3338),#3344);
#3338 = B_SPLINE_CURVE_WITH_KNOTS('',4,(#3339,#3340,#3341,#3342,#3343),
  .UNSPECIFIED.,.F.,.F.,(5,5),(0.,1.),.PIECEWISE_BEZIER_KNOTS.);
#3339 = CARTESIAN_POINT('',(-12.19846740121,-48.50162258173));
#3340 = CARTESIAN_POINT('',(-11.68757194752,-47.73887712822));
#3341 = CARTESIAN_POINT('',(-11.1892409602,-46.96774264079));
#3342 = CARTESIAN_POINT('',(-10.70378899159,-46.18845854904));
#3343 = CARTESIAN_POINT('',(-10.23152188557,-45.40129226861));
#3344 = ( GEOMETRIC_REPRESENTATION_CONTEXT(2) 
PARAMETRIC_REPRESENTATION_CONTEXT() REPRESENTATION_CONTEXT('2D SPACE',''
  ) );
#3345 = PCURVE('',#2493,#3346);
#3346 = DEFINITIONAL_REPRESENTATION('',(#3347),#3353);
#3347 = B_SPLINE_CURVE_WITH_KNOTS('',4,(#3348,#3349,#3350,#3351,#3352),
  .UNSPECIFIED.,.F.,.F.,(5,5),(0.,1.),.PIECEWISE_BEZIER_KNOTS.);
#3348 = CARTESIAN_POINT('',(3.833333333333,0.));
#3349 = CARTESIAN_POINT('',(3.874239510978,7.102925685972E-03));
#3350 = CARTESIAN_POINT('',(3.91564539142,1.420971888378E-02));
#3351 = CARTESIAN_POINT('',(3.957561830799,2.131988470163E-02));
#3352 = CARTESIAN_POINT('',(4.,2.843288280643E-02));
#3353 = ( GEOMETRIC_REPRESENTATION_CONTEXT(2) 
PARAMETRIC_REPRESENTATION_CONTEXT() REPRESENTATION_CONTEXT('2D SPACE',''
  ) );
#3354 = ORIENTED_EDGE('',*,*,#3355,.F.);
#3355 = EDGE_CURVE('',#3356,#3327,#3358,.T.);
#3356 = VERTEX_POINT('',#3357);
#3357 = CARTESIAN_POINT('',(-10.95321264136,-45.83408797302,
    -2.34016311857E-15));
#3358 = SURFACE_CURVE('',#3359,(#3365,#3374),.PCURVE_S1.);
#3359 = B_SPLINE_CURVE_WITH_KNOTS('',4,(#3360,#3361,#3362,#3363,#3364),
  .UNSPECIFIED.,.F.,.F.,(5,5),(0.,1.),.PIECEWISE_BEZIER_KNOTS.);
#3360 = CARTESIAN_POINT('',(-10.95321264136,-45.83408797302,0.));
#3361 = CARTESIAN_POINT('',(-11.49246489347,-45.72588904691,0.));
#3362 = CARTESIAN_POINT('',(-12.03171714557,-45.61769012081,0.));
#3363 = CARTESIAN_POINT('',(-12.57096939767,-45.50949119471,0.));
#3364 = CARTESIAN_POINT('',(-13.11022164978,-45.40129226861,0.));
#3365 = PCURVE('',#694,#3366);
#3366 = DEFINITIONAL_REPRESENTATION('',(#3367),#3373);
#3367 = B_SPLINE_CURVE_WITH_KNOTS('',4,(#3368,#3369,#3370,#3371,#3372),
  .UNSPECIFIED.,.F.,.F.,(5,5),(0.,1.),.PIECEWISE_BEZIER_KNOTS.);
#3368 = CARTESIAN_POINT('',(-8.07451287716,-45.83408797302));
#3369 = CARTESIAN_POINT('',(-8.613765129263,-45.72588904691));
#3370 = CARTESIAN_POINT('',(-9.153017381366,-45.61769012081));
#3371 = CARTESIAN_POINT('',(-9.692269633469,-45.50949119471));
#3372 = CARTESIAN_POINT('',(-10.23152188557,-45.40129226861));
#3373 = ( GEOMETRIC_REPRESENTATION_CONTEXT(2) 
PARAMETRIC_REPRESENTATION_CONTEXT() REPRESENTATION_CONTEXT('2D SPACE',''
  ) );
#3374 = PCURVE('',#3375,#3402);
#3375 = ( BOUNDED_SURFACE() B_SPLINE_SURFACE(1,7,(
    (#3376,#3377,#3378,#3379,#3380,#3381,#3382,#3383,#3384,#3385,#3386
      ,#3387,#3388)
    ,(#3389,#3390,#3391,#3392,#3393,#3394,#3395,#3396,#3397,#3398,#3399
      ,#3400,#3401
)),.UNSPECIFIED.,.F.,.F.,.F.) B_SPLINE_SURFACE_WITH_KNOTS((2,2),(8,5,8),
  (0.,1.),(0.,0.529117254068,1.),.UNSPECIFIED.) 
GEOMETRIC_REPRESENTATION_ITEM() RATIONAL_B_SPLINE_SURFACE((
    (1.,1.,1.,1.,1.,1.,1.,1.,1.,1.,1.,1.,1.)
,(1.,1.,1.,1.,1.,1.,1.,1.,1.,1.,1.,1.,1.
))) REPRESENTATION_ITEM('') SURFACE() );
#3376 = CARTESIAN_POINT('',(-14.50054050214,-45.97525610042,
    -1.511613076572));
#3377 = CARTESIAN_POINT('',(-10.76770538006,-44.5102324955,
    2.492615959466));
#3378 = CARTESIAN_POINT('',(-7.257238685472,-42.6660099843,
    6.585609937866));
#3379 = CARTESIAN_POINT('',(-4.028306323941,-40.46159942117,
    10.770892756623));
#3380 = CARTESIAN_POINT('',(-1.142250743661,-37.92830862015,
    15.051609346561));
#3381 = CARTESIAN_POINT('',(1.339743684461,-35.11220928764,
    19.430189642165));
#3382 = CARTESIAN_POINT('',(5.161731672204,-29.3782124888,
    27.892209654768));
#3383 = CARTESIAN_POINT('',(7.196134328543,-23.15892265196,
    36.701406950989));
#3384 = CARTESIAN_POINT('',(7.728989257839,-20.18056187415,
    40.925345416396));
#3385 = CARTESIAN_POINT('',(7.817360875737,-17.2207926259,45.22236424618
    ));
#3386 = CARTESIAN_POINT('',(7.455961240705,-14.35777851437,
    49.587533306171));
#3387 = CARTESIAN_POINT('',(6.660801338133,-11.67414655442,
    54.013000640284));
#3388 = CARTESIAN_POINT('',(5.469304081238,-9.246391546018,
    58.488386923428));
#3389 = CARTESIAN_POINT('',(-12.35569909534,-46.46480215512,
    -1.511613076572));
#3390 = CARTESIAN_POINT('',(-8.588651100287,-44.8498820207,
    2.492615959466));
#3391 = CARTESIAN_POINT('',(-5.055434750839,-42.84965079725,
    6.585609937866));
#3392 = CARTESIAN_POINT('',(-1.816434700033,-40.48395967416,
    10.770892756623));
#3393 = CARTESIAN_POINT('',(1.065781407929,-37.78522390616,
    15.051609346561));
#3394 = CARTESIAN_POINT('',(3.528851326875,-34.80093759313,
    19.430189642165));
#3395 = CARTESIAN_POINT('',(7.284651399494,-28.74733598967,
    27.892209654768));
#3396 = CARTESIAN_POINT('',(9.193090832437,-22.21292250838,
    36.701406950989));
#3397 = CARTESIAN_POINT('',(9.652927285404,-19.08870294781,
    40.925345416396));
#3398 = CARTESIAN_POINT('',(9.654360031775,-15.9873572741,45.22236424618
    ));
#3399 = CARTESIAN_POINT('',(9.192223865262,-12.9890049738,
    49.587533306171));
#3400 = CARTESIAN_POINT('',(8.283150802633,-10.17831508345,
    54.013000640284));
#3401 = CARTESIAN_POINT('',(6.965684104334,-7.633677427992,
    58.488386923428));
#3402 = DEFINITIONAL_REPRESENTATION('',(#3403),#3409);
#3403 = B_SPLINE_CURVE_WITH_KNOTS('',4,(#3404,#3405,#3406,#3407,#3408),
  .UNSPECIFIED.,.F.,.F.,(5,5),(0.,1.),.PIECEWISE_BEZIER_KNOTS.);
#3404 = CARTESIAN_POINT('',(1.,2.843288280642E-02));
#3405 = CARTESIAN_POINT('',(0.75,2.843288280642E-02));
#3406 = CARTESIAN_POINT('',(0.5,2.843288280642E-02));
#3407 = CARTESIAN_POINT('',(0.25,2.843288280642E-02));
#3408 = CARTESIAN_POINT('',(0.,2.843288280642E-02));
#3409 = ( GEOMETRIC_REPRESENTATION_CONTEXT(2) 
PARAMETRIC_REPRESENTATION_CONTEXT() REPRESENTATION_CONTEXT('2D SPACE',''
  ) );
#3410 = ORIENTED_EDGE('',*,*,#3411,.F.);
#3411 = EDGE_CURVE('',#819,#3356,#3412,.T.);
#3412 = SURFACE_CURVE('',#3413,(#3419,#3428),.PCURVE_S1.);
#3413 = B_SPLINE_CURVE_WITH_KNOTS('',4,(#3414,#3415,#3416,#3417,#3418),
  .UNSPECIFIED.,.F.,.F.,(5,5),(0.,1.),.PIECEWISE_BEZIER_KNOTS.);
#3414 = CARTESIAN_POINT('',(-12.93232575862,-48.99116863644,0.));
#3415 = CARTESIAN_POINT('',(-12.41815116482,-48.21424058849,0.));
#3416 = CARTESIAN_POINT('',(-11.91670135219,-47.428917341,0.));
#3417 = CARTESIAN_POINT('',(-11.4282877593,-46.63544270465,0.));
#3418 = CARTESIAN_POINT('',(-10.95321264136,-45.83408797302,0.));
#3419 = PCURVE('',#694,#3420);
#3420 = DEFINITIONAL_REPRESENTATION('',(#3421),#3427);
#3421 = B_SPLINE_CURVE_WITH_KNOTS('',4,(#3422,#3423,#3424,#3425,#3426),
  .UNSPECIFIED.,.F.,.F.,(5,5),(0.,1.),.PIECEWISE_BEZIER_KNOTS.);
#3422 = CARTESIAN_POINT('',(-10.05362599441,-48.99116863644));
#3423 = CARTESIAN_POINT('',(-9.539451400616,-48.21424058849));
#3424 = CARTESIAN_POINT('',(-9.038001587986,-47.428917341));
#3425 = CARTESIAN_POINT('',(-8.549587995097,-46.63544270465));
#3426 = CARTESIAN_POINT('',(-8.07451287716,-45.83408797302));
#3427 = ( GEOMETRIC_REPRESENTATION_CONTEXT(2) 
PARAMETRIC_REPRESENTATION_CONTEXT() REPRESENTATION_CONTEXT('2D SPACE',''
  ) );
#3428 = PCURVE('',#868,#3429);
#3429 = DEFINITIONAL_REPRESENTATION('',(#3430),#3436);
#3430 = B_SPLINE_CURVE_WITH_KNOTS('',4,(#3431,#3432,#3433,#3434,#3435),
  .UNSPECIFIED.,.F.,.F.,(5,5),(0.,1.),.PIECEWISE_BEZIER_KNOTS.);
#3431 = CARTESIAN_POINT('',(1.166666666667,0.));
#3432 = CARTESIAN_POINT('',(1.125755380854,7.103812665539E-03));
#3433 = CARTESIAN_POINT('',(1.084347705918,1.421089674742E-02));
#3434 = CARTESIAN_POINT('',(1.042432924254,2.132076379941E-02));
#3435 = CARTESIAN_POINT('',(1.,2.843288280642E-02));
#3436 = ( GEOMETRIC_REPRESENTATION_CONTEXT(2) 
PARAMETRIC_REPRESENTATION_CONTEXT() REPRESENTATION_CONTEXT('2D SPACE',''
  ) );
#3437 = ORIENTED_EDGE('',*,*,#919,.T.);
#3438 = ORIENTED_EDGE('',*,*,#674,.T.);
#3439 = ORIENTED_EDGE('',*,*,#3440,.F.);
#3440 = EDGE_CURVE('',#2629,#615,#3441,.T.);
#3441 = SURFACE_CURVE('',#3442,(#3448,#3457),.PCURVE_S1.);
#3442 = B_SPLINE_CURVE_WITH_KNOTS('',4,(#3443,#3444,#3445,#3446,#3447),
  .UNSPECIFIED.,.F.,.F.,(5,5),(0.,1.),.PIECEWISE_BEZIER_KNOTS.);
#3443 = CARTESIAN_POINT('',(27.92145674942,-34.88999480163,0.));
#3444 = CARTESIAN_POINT('',(27.500645142809,-35.24413826232,0.));
#3445 = CARTESIAN_POINT('',(27.079833536198,-35.59828172301,0.));
#3446 = CARTESIAN_POINT('',(26.659021929586,-35.95242518369,0.));
#3447 = CARTESIAN_POINT('',(26.238210322975,-36.30656864438,0.));
#3448 = PCURVE('',#694,#3449);
#3449 = DEFINITIONAL_REPRESENTATION('',(#3450),#3456);
#3450 = B_SPLINE_CURVE_WITH_KNOTS('',4,(#3451,#3452,#3453,#3454,#3455),
  .UNSPECIFIED.,.F.,.F.,(5,5),(0.,1.),.PIECEWISE_BEZIER_KNOTS.);
#3451 = CARTESIAN_POINT('',(30.80015651363,-34.88999480163));
#3452 = CARTESIAN_POINT('',(30.379344907019,-35.24413826232));
#3453 = CARTESIAN_POINT('',(29.958533300407,-35.59828172301));
#3454 = CARTESIAN_POINT('',(29.537721693796,-35.95242518369));
#3455 = CARTESIAN_POINT('',(29.116910087184,-36.30656864438));
#3456 = ( GEOMETRIC_REPRESENTATION_CONTEXT(2) 
PARAMETRIC_REPRESENTATION_CONTEXT() REPRESENTATION_CONTEXT('2D SPACE',''
  ) );
#3457 = PCURVE('',#640,#3458);
#3458 = DEFINITIONAL_REPRESENTATION('',(#3459),#3465);
#3459 = B_SPLINE_CURVE_WITH_KNOTS('',4,(#3460,#3461,#3462,#3463,#3464),
  .UNSPECIFIED.,.F.,.F.,(5,5),(0.,1.),.PIECEWISE_BEZIER_KNOTS.);
#3460 = CARTESIAN_POINT('',(1.,2.843288280642E-02));
#3461 = CARTESIAN_POINT('',(0.75,2.843288280642E-02));
#3462 = CARTESIAN_POINT('',(0.5,2.843288280642E-02));
#3463 = CARTESIAN_POINT('',(0.25,2.843288280642E-02));
#3464 = CARTESIAN_POINT('',(0.,2.843288280642E-02));
#3465 = ( GEOMETRIC_REPRESENTATION_CONTEXT(2) 
PARAMETRIC_REPRESENTATION_CONTEXT() REPRESENTATION_CONTEXT('2D SPACE',''
  ) );
#3466 = ORIENTED_EDGE('',*,*,#2789,.F.);
#3467 = ORIENTED_EDGE('',*,*,#3468,.T.);
#3468 = EDGE_CURVE('',#2716,#3469,#3471,.T.);
#3469 = VERTEX_POINT('',#3470);
#3470 = CARTESIAN_POINT('',(47.109299678407,-1.0954048224,0.));
#3471 = SURFACE_CURVE('',#3472,(#3477,#3484),.PCURVE_S1.);
#3472 = CIRCLE('',#3473,50.);
#3473 = AXIS2_PLACEMENT_3D('',#3474,#3475,#3476);
#3474 = CARTESIAN_POINT('',(-2.87869976421,3.552713678801E-15,0.));
#3475 = DIRECTION('',(0.,0.,1.));
#3476 = DIRECTION('',(1.,0.,0.));
#3477 = PCURVE('',#694,#3478);
#3478 = DEFINITIONAL_REPRESENTATION('',(#3479),#3483);
#3479 = CIRCLE('',#3480,50.);
#3480 = AXIS2_PLACEMENT_2D('',#3481,#3482);
#3481 = CARTESIAN_POINT('',(0.,0.));
#3482 = DIRECTION('',(1.,0.));
#3483 = ( GEOMETRIC_REPRESENTATION_CONTEXT(2) 
PARAMETRIC_REPRESENTATION_CONTEXT() REPRESENTATION_CONTEXT('2D SPACE',''
  ) );
#3484 = PCURVE('',#962,#3485);
#3485 = DEFINITIONAL_REPRESENTATION('',(#3486),#3490);
#3486 = LINE('',#3487,#3488);
#3487 = CARTESIAN_POINT('',(-0.,-0.));
#3488 = VECTOR('',#3489,1.);
#3489 = DIRECTION('',(-1.,-0.));
#3490 = ( GEOMETRIC_REPRESENTATION_CONTEXT(2) 
PARAMETRIC_REPRESENTATION_CONTEXT() REPRESENTATION_CONTEXT('2D SPACE',''
  ) );
#3491 = ORIENTED_EDGE('',*,*,#3492,.T.);
#3492 = EDGE_CURVE('',#3469,#3493,#3495,.T.);
#3493 = VERTEX_POINT('',#3494);
#3494 = CARTESIAN_POINT('',(43.661015123357,0.127741688091,
    -2.34016311857E-15));
#3495 = SURFACE_CURVE('',#3496,(#3502,#3511),.PCURVE_S1.);
#3496 = B_SPLINE_CURVE_WITH_KNOTS('',4,(#3497,#3498,#3499,#3500,#3501),
  .UNSPECIFIED.,.F.,.F.,(5,5),(0.,1.),.PIECEWISE_BEZIER_KNOTS.);
#3497 = CARTESIAN_POINT('',(47.12130023579,-1.1,0.));
#3498 = CARTESIAN_POINT('',(46.263993469764,-0.771640592672,0.));
#3499 = CARTESIAN_POINT('',(45.401303857204,-0.457397369986,0.));
#3500 = CARTESIAN_POINT('',(44.533534819189,-0.157523719677,0.));
#3501 = CARTESIAN_POINT('',(43.661015123357,0.127741688091,0.));
#3502 = PCURVE('',#694,#3503);
#3503 = DEFINITIONAL_REPRESENTATION('',(#3504),#3510);
#3504 = B_SPLINE_CURVE_WITH_KNOTS('',4,(#3505,#3506,#3507,#3508,#3509),
  .UNSPECIFIED.,.F.,.F.,(5,5),(0.,1.),.PIECEWISE_BEZIER_KNOTS.);
#3505 = CARTESIAN_POINT('',(50.,-1.1));
#3506 = CARTESIAN_POINT('',(49.142693233973,-0.771640592672));
#3507 = CARTESIAN_POINT('',(48.280003621414,-0.457397369986));
#3508 = CARTESIAN_POINT('',(47.412234583399,-0.157523719677));
#3509 = CARTESIAN_POINT('',(46.539714887567,0.127741688091));
#3510 = ( GEOMETRIC_REPRESENTATION_CONTEXT(2) 
PARAMETRIC_REPRESENTATION_CONTEXT() REPRESENTATION_CONTEXT('2D SPACE',''
  ) );
#3511 = PCURVE('',#1023,#3512);
#3512 = DEFINITIONAL_REPRESENTATION('',(#3513),#3519);
#3513 = B_SPLINE_CURVE_WITH_KNOTS('',4,(#3514,#3515,#3516,#3517,#3518),
  .UNSPECIFIED.,.F.,.F.,(5,5),(0.,1.),.PIECEWISE_BEZIER_KNOTS.);
#3514 = CARTESIAN_POINT('',(3.833333333333,0.));
#3515 = CARTESIAN_POINT('',(3.874239510977,7.102925685972E-03));
#3516 = CARTESIAN_POINT('',(3.91564539142,1.420971888378E-02));
#3517 = CARTESIAN_POINT('',(3.957561830799,2.131988470163E-02));
#3518 = CARTESIAN_POINT('',(4.,2.843288280643E-02));
#3519 = ( GEOMETRIC_REPRESENTATION_CONTEXT(2) 
PARAMETRIC_REPRESENTATION_CONTEXT() REPRESENTATION_CONTEXT('2D SPACE',''
  ) );
#3520 = ORIENTED_EDGE('',*,*,#3521,.F.);
#3521 = EDGE_CURVE('',#2845,#3493,#3522,.T.);
#3522 = SURFACE_CURVE('',#3523,(#3529,#3538),.PCURVE_S1.);
#3523 = B_SPLINE_CURVE_WITH_KNOTS('',4,(#3524,#3525,#3526,#3527,#3528),
  .UNSPECIFIED.,.F.,.F.,(5,5),(0.,1.),.PIECEWISE_BEZIER_KNOTS.);
#3524 = CARTESIAN_POINT('',(43.602980076752,2.326976081578,0.));
#3525 = CARTESIAN_POINT('',(43.617488838403,1.777167483206,0.));
#3526 = CARTESIAN_POINT('',(43.631997600055,1.227358884835,0.));
#3527 = CARTESIAN_POINT('',(43.646506361706,0.677550286463,0.));
#3528 = CARTESIAN_POINT('',(43.661015123357,0.127741688091,0.));
#3529 = PCURVE('',#694,#3530);
#3530 = DEFINITIONAL_REPRESENTATION('',(#3531),#3537);
#3531 = B_SPLINE_CURVE_WITH_KNOTS('',4,(#3532,#3533,#3534,#3535,#3536),
  .UNSPECIFIED.,.F.,.F.,(5,5),(0.,1.),.PIECEWISE_BEZIER_KNOTS.);
#3532 = CARTESIAN_POINT('',(46.481679840962,2.326976081578));
#3533 = CARTESIAN_POINT('',(46.496188602613,1.777167483206));
#3534 = CARTESIAN_POINT('',(46.510697364264,1.227358884835));
#3535 = CARTESIAN_POINT('',(46.525206125916,0.677550286463));
#3536 = CARTESIAN_POINT('',(46.539714887567,0.127741688091));
#3537 = ( GEOMETRIC_REPRESENTATION_CONTEXT(2) 
PARAMETRIC_REPRESENTATION_CONTEXT() REPRESENTATION_CONTEXT('2D SPACE',''
  ) );
#3538 = PCURVE('',#3539,#3566);
#3539 = ( BOUNDED_SURFACE() B_SPLINE_SURFACE(1,7,(
    (#3540,#3541,#3542,#3543,#3544,#3545,#3546,#3547,#3548,#3549,#3550
      ,#3551,#3552)
    ,(#3553,#3554,#3555,#3556,#3557,#3558,#3559,#3560,#3561,#3562,#3563
      ,#3564,#3565
)),.UNSPECIFIED.,.F.,.F.,.F.) B_SPLINE_SURFACE_WITH_KNOTS((2,2),(8,5,8),
  (0.,1.),(0.,0.529117254068,1.),.UNSPECIFIED.) 
GEOMETRIC_REPRESENTATION_ITEM() RATIONAL_B_SPLINE_SURFACE((
    (1.,1.,1.,1.,1.,1.,1.,1.,1.,1.,1.,1.,1.)
,(1.,1.,1.,1.,1.,1.,1.,1.,1.,1.,1.,1.,1.
))) REPRESENTATION_ITEM('') SURFACE() );
#3540 = CARTESIAN_POINT('',(44.529963533095,-1.1,-1.511613076572));
#3541 = CARTESIAN_POINT('',(42.271037170985,2.213246731258,
    2.492615959466));
#3542 = CARTESIAN_POINT('',(39.691900841042,5.225320580984,
    6.585609937866));
#3543 = CARTESIAN_POINT('',(36.824254408371,7.882769369457,
    10.770892756623));
#3544 = CARTESIAN_POINT('',(33.712270713602,10.132755275753,
    15.051609346561));
#3545 = CARTESIAN_POINT('',(30.414481152641,11.925879868025,
    19.430189642165));
#3546 = CARTESIAN_POINT('',(23.973775288488,14.376108314319,
    27.892209654768));
#3547 = CARTESIAN_POINT('',(17.457718853473,14.975582065562,
    36.701406950989));
#3548 = CARTESIAN_POINT('',(14.435460422116,14.832329587341,
    40.925345416396));
#3549 = CARTESIAN_POINT('',(11.530234233421,14.259874926857,
    45.22236424618));
#3550 = CARTESIAN_POINT('',(8.819420847445,13.270455761185,
    49.587533306171));
#3551 = CARTESIAN_POINT('',(6.380012867829,11.898067887397,
    54.013000640284));
#3552 = CARTESIAN_POINT('',(4.278259828606,10.196217642473,
    58.488386923428));
#3553 = CARTESIAN_POINT('',(44.529963533095,1.1,-1.511613076572));
#3554 = CARTESIAN_POINT('',(42.117285779982,4.413246700335,
    2.492615959466));
#3555 = CARTESIAN_POINT('',(39.380989927477,7.412784619219,
    6.585609937866));
#3556 = CARTESIAN_POINT('',(36.353866303585,10.044160378146,
    10.770892756623));
#3557 = CARTESIAN_POINT('',(33.081440055548,12.253588107141,
    15.051609346561));
#3558 = CARTESIAN_POINT('',(29.623891412275,13.990837543209,
    19.430189642165));
#3559 = CARTESIAN_POINT('',(22.886322099923,16.305418783979,
    27.892209654768));
#3560 = CARTESIAN_POINT('',(16.091072282254,16.71196586515,
    36.701406950989));
#3561 = CARTESIAN_POINT('',(12.942860191888,16.465069003683,
    40.925345416396));
#3562 = CARTESIAN_POINT('',(9.918952913201,15.776351492276,
    45.22236424618));
#3563 = CARTESIAN_POINT('',(7.098610536471,14.65860589012,
    49.587533306171));
#3564 = CARTESIAN_POINT('',(4.560678296815,13.146887847689,
    54.013000640284));
#3565 = CARTESIAN_POINT('',(2.37300394028,11.296217642473,
    58.488386923428));
#3566 = DEFINITIONAL_REPRESENTATION('',(#3567),#3573);
#3567 = B_SPLINE_CURVE_WITH_KNOTS('',4,(#3568,#3569,#3570,#3571,#3572),
  .UNSPECIFIED.,.F.,.F.,(5,5),(0.,1.),.PIECEWISE_BEZIER_KNOTS.);
#3568 = CARTESIAN_POINT('',(1.,2.843288280642E-02));
#3569 = CARTESIAN_POINT('',(0.75,2.843288280642E-02));
#3570 = CARTESIAN_POINT('',(0.5,2.843288280642E-02));
#3571 = CARTESIAN_POINT('',(0.25,2.843288280642E-02));
#3572 = CARTESIAN_POINT('',(0.,2.843288280642E-02));
#3573 = ( GEOMETRIC_REPRESENTATION_CONTEXT(2) 
PARAMETRIC_REPRESENTATION_CONTEXT() REPRESENTATION_CONTEXT('2D SPACE',''
  ) );
#3574 = FACE_BOUND('',#3575,.F.);
#3575 = EDGE_LOOP('',(#3576));
#3576 = ORIENTED_EDGE('',*,*,#2572,.T.);
#3577 = ADVANCED_FACE('',(#3578),#640,.F.);
#3578 = FACE_BOUND('',#3579,.F.);
#3579 = EDGE_LOOP('',(#3580,#3581,#3600,#3601));
#3580 = ORIENTED_EDGE('',*,*,#614,.F.);
#3581 = ORIENTED_EDGE('',*,*,#3582,.T.);
#3582 = EDGE_CURVE('',#589,#2627,#3583,.T.);
#3583 = SURFACE_CURVE('',#3584,(#3587,#3594),.PCURVE_S1.);
#3584 = B_SPLINE_CURVE_WITH_KNOTS('',1,(#3585,#3586),.UNSPECIFIED.,.F.,
  .F.,(2,2),(0.,1.),.PIECEWISE_BEZIER_KNOTS.);
#3585 = CARTESIAN_POINT('',(25.820103690699,-37.7514242896,
    -1.511613076572));
#3586 = CARTESIAN_POINT('',(27.540132952129,-36.37974672551,
    -1.511613076572));
#3587 = PCURVE('',#640,#3588);
#3588 = DEFINITIONAL_REPRESENTATION('',(#3589),#3593);
#3589 = LINE('',#3590,#3591);
#3590 = CARTESIAN_POINT('',(0.,0.));
#3591 = VECTOR('',#3592,1.);
#3592 = DIRECTION('',(1.,0.));
#3593 = ( GEOMETRIC_REPRESENTATION_CONTEXT(2) 
PARAMETRIC_REPRESENTATION_CONTEXT() REPRESENTATION_CONTEXT('2D SPACE',''
  ) );
#3594 = PCURVE('',#603,#3595);
#3595 = DEFINITIONAL_REPRESENTATION('',(#3596),#3599);
#3596 = B_SPLINE_CURVE_WITH_KNOTS('',1,(#3597,#3598),.UNSPECIFIED.,.F.,
  .F.,(2,2),(0.,1.),.PIECEWISE_BEZIER_KNOTS.);
#3597 = CARTESIAN_POINT('',(0.,0.));
#3598 = CARTESIAN_POINT('',(0.266902745924,2.183749739375));
#3599 = ( GEOMETRIC_REPRESENTATION_CONTEXT(2) 
PARAMETRIC_REPRESENTATION_CONTEXT() REPRESENTATION_CONTEXT('2D SPACE',''
  ) );
#3600 = ORIENTED_EDGE('',*,*,#2626,.T.);
#3601 = ORIENTED_EDGE('',*,*,#3440,.T.);
#3602 = ADVANCED_FACE('',(#3603),#603,.F.);
#3603 = FACE_BOUND('',#3604,.F.);
#3604 = EDGE_LOOP('',(#3605,#3606,#3607,#3608));
#3605 = ORIENTED_EDGE('',*,*,#3582,.F.);
#3606 = ORIENTED_EDGE('',*,*,#588,.F.);
#3607 = ORIENTED_EDGE('',*,*,#2819,.F.);
#3608 = ORIENTED_EDGE('',*,*,#2661,.F.);
#3609 = ADVANCED_FACE('',(#3610),#868,.F.);
#3610 = FACE_BOUND('',#3611,.F.);
#3611 = EDGE_LOOP('',(#3612,#3645,#3671,#3731,#3750,#3751));
#3612 = ORIENTED_EDGE('',*,*,#3613,.F.);
#3613 = EDGE_CURVE('',#3614,#3356,#3616,.T.);
#3614 = VERTEX_POINT('',#3615);
#3615 = CARTESIAN_POINT('',(-12.35569909534,-46.46480215512,
    -1.511613076572));
#3616 = SURFACE_CURVE('',#3617,(#3631,#3638),.PCURVE_S1.);
#3617 = ( BOUNDED_CURVE() B_SPLINE_CURVE(7,(#3618,#3619,#3620,#3621,
    #3622,#3623,#3624,#3625,#3626,#3627,#3628,#3629,#3630),
.UNSPECIFIED.,.F.,.F.) B_SPLINE_CURVE_WITH_KNOTS((8,5,8),(0.,
0.529117254068,1.),.UNSPECIFIED.) CURVE() GEOMETRIC_REPRESENTATION_ITEM(
) RATIONAL_B_SPLINE_CURVE((1.,1.,1.,1.,1.,1.,1.,1.,1.,1.,1.,1.,1.)) 
REPRESENTATION_ITEM('') );
#3618 = CARTESIAN_POINT('',(-12.35569909534,-46.46480215512,
    -1.511613076572));
#3619 = CARTESIAN_POINT('',(-8.588651100287,-44.8498820207,
    2.492615959466));
#3620 = CARTESIAN_POINT('',(-5.055434750839,-42.84965079725,
    6.585609937866));
#3621 = CARTESIAN_POINT('',(-1.816434700033,-40.48395967416,
    10.770892756623));
#3622 = CARTESIAN_POINT('',(1.065781407929,-37.78522390616,
    15.051609346561));
#3623 = CARTESIAN_POINT('',(3.528851326875,-34.80093759313,
    19.430189642165));
#3624 = CARTESIAN_POINT('',(7.284651399494,-28.74733598967,
    27.892209654768));
#3625 = CARTESIAN_POINT('',(9.193090832437,-22.21292250838,
    36.701406950989));
#3626 = CARTESIAN_POINT('',(9.652927285404,-19.08870294781,
    40.925345416396));
#3627 = CARTESIAN_POINT('',(9.654360031775,-15.9873572741,45.22236424618
    ));
#3628 = CARTESIAN_POINT('',(9.192223865262,-12.9890049738,
    49.587533306171));
#3629 = CARTESIAN_POINT('',(8.283150802633,-10.17831508345,
    54.013000640284));
#3630 = CARTESIAN_POINT('',(6.965684104334,-7.633677427992,
    58.488386923428));
#3631 = PCURVE('',#868,#3632);
#3632 = DEFINITIONAL_REPRESENTATION('',(#3633),#3637);
#3633 = LINE('',#3634,#3635);
#3634 = CARTESIAN_POINT('',(1.,0.));
#3635 = VECTOR('',#3636,1.);
#3636 = DIRECTION('',(0.,1.));
#3637 = ( GEOMETRIC_REPRESENTATION_CONTEXT(2) 
PARAMETRIC_REPRESENTATION_CONTEXT() REPRESENTATION_CONTEXT('2D SPACE',''
  ) );
#3638 = PCURVE('',#3375,#3639);
#3639 = DEFINITIONAL_REPRESENTATION('',(#3640),#3644);
#3640 = LINE('',#3641,#3642);
#3641 = CARTESIAN_POINT('',(1.,0.));
#3642 = VECTOR('',#3643,1.);
#3643 = DIRECTION('',(0.,1.));
#3644 = ( GEOMETRIC_REPRESENTATION_CONTEXT(2) 
PARAMETRIC_REPRESENTATION_CONTEXT() REPRESENTATION_CONTEXT('2D SPACE',''
  ) );
#3645 = ORIENTED_EDGE('',*,*,#3646,.T.);
#3646 = EDGE_CURVE('',#3614,#3647,#3649,.T.);
#3647 = VERTEX_POINT('',#3648);
#3648 = CARTESIAN_POINT('',(-15.81545907502,-61.62300104303,
    7.558065382861));
#3649 = SURFACE_CURVE('',#3650,(#3653,#3660),.PCURVE_S1.);
#3650 = B_SPLINE_CURVE_WITH_KNOTS('',1,(#3651,#3652),.UNSPECIFIED.,.F.,
  .F.,(2,2),(1.,2.),.PIECEWISE_BEZIER_KNOTS.);
#3651 = CARTESIAN_POINT('',(-12.35569909534,-46.46480215512,
    -1.511613076572));
#3652 = CARTESIAN_POINT('',(-15.81545907502,-61.62300104303,
    7.558065382861));
#3653 = PCURVE('',#868,#3654);
#3654 = DEFINITIONAL_REPRESENTATION('',(#3655),#3659);
#3655 = LINE('',#3656,#3657);
#3656 = CARTESIAN_POINT('',(0.,0.));
#3657 = VECTOR('',#3658,1.);
#3658 = DIRECTION('',(1.,0.));
#3659 = ( GEOMETRIC_REPRESENTATION_CONTEXT(2) 
PARAMETRIC_REPRESENTATION_CONTEXT() REPRESENTATION_CONTEXT('2D SPACE',''
  ) );
#3660 = PCURVE('',#3661,#3666);
#3661 = PLANE('',#3662);
#3662 = AXIS2_PLACEMENT_3D('',#3663,#3664,#3665);
#3663 = CARTESIAN_POINT('',(-14.50054050214,-45.97525610042,
    -1.511613076572));
#3664 = DIRECTION('',(0.112121851193,0.491237926923,0.863778900898));
#3665 = DIRECTION('',(-7.251144168719E-02,-0.862897953036,0.500149191212
    ));
#3666 = DEFINITIONAL_REPRESENTATION('',(#3667),#3670);
#3667 = B_SPLINE_CURVE_WITH_KNOTS('',1,(#3668,#3669),.UNSPECIFIED.,.F.,
  .F.,(2,2),(1.,2.),.PIECEWISE_BEZIER_KNOTS.);
#3668 = CARTESIAN_POINT('',(0.266902745924,2.183749739375));
#3669 = CARTESIAN_POINT('',(18.133946068079,1.7763568394E-15));
#3670 = ( GEOMETRIC_REPRESENTATION_CONTEXT(2) 
PARAMETRIC_REPRESENTATION_CONTEXT() REPRESENTATION_CONTEXT('2D SPACE',''
  ) );
#3671 = ORIENTED_EDGE('',*,*,#3672,.T.);
#3672 = EDGE_CURVE('',#3647,#3673,#3675,.T.);
#3673 = VERTEX_POINT('',#3674);
#3674 = CARTESIAN_POINT('',(12.031242025539,-12.33382830681,
    62.51935512762));
#3675 = SURFACE_CURVE('',#3676,(#3690,#3697),.PCURVE_S1.);
#3676 = ( BOUNDED_CURVE() B_SPLINE_CURVE(7,(#3677,#3678,#3679,#3680,
    #3681,#3682,#3683,#3684,#3685,#3686,#3687,#3688,#3689),
.UNSPECIFIED.,.F.,.F.) B_SPLINE_CURVE_WITH_KNOTS((8,5,8),(0.,
0.529117254068,1.),.UNSPECIFIED.) CURVE() GEOMETRIC_REPRESENTATION_ITEM(
) RATIONAL_B_SPLINE_CURVE((1.,1.,1.,1.,1.,1.,1.,1.,1.,1.,1.,1.,1.)) 
REPRESENTATION_ITEM('') );
#3677 = CARTESIAN_POINT('',(-15.81545907502,-61.62300104303,
    7.558065382861));
#3678 = CARTESIAN_POINT('',(-10.86077581477,-59.68786419448,
    11.226025253761));
#3679 = CARTESIAN_POINT('',(-6.185527573376,-57.25302860974,
    14.97529571994));
#3680 = CARTESIAN_POINT('',(-1.866320946732,-54.34100932133,
    18.809104747687));
#3681 = CARTESIAN_POINT('',(2.017049351177,-50.9899419242,
    22.730333161279));
#3682 = CARTESIAN_POINT('',(5.384487996821,-47.25680612711,
    26.741206832894));
#3683 = CARTESIAN_POINT('',(10.634360038658,-39.63288630559,
    34.492599061876));
#3684 = CARTESIAN_POINT('',(13.580492417576,-31.30439185571,
    42.562013145477));
#3685 = CARTESIAN_POINT('',(14.417934182377,-27.29942137034,
    46.431231576503));
#3686 = CARTESIAN_POINT('',(14.678068767789,-23.29809440484,
    50.367393192205));
#3687 = CARTESIAN_POINT('',(14.351020205032,-19.40027676916,
    54.365981883726));
#3688 = CARTESIAN_POINT('',(13.45387701848,-15.71236752563,
    58.419805090494));
#3689 = CARTESIAN_POINT('',(12.031242025539,-12.33382830681,
    62.51935512762));
#3690 = PCURVE('',#868,#3691);
#3691 = DEFINITIONAL_REPRESENTATION('',(#3692),#3696);
#3692 = LINE('',#3693,#3694);
#3693 = CARTESIAN_POINT('',(2.,0.));
#3694 = VECTOR('',#3695,1.);
#3695 = DIRECTION('',(0.,1.));
#3696 = ( GEOMETRIC_REPRESENTATION_CONTEXT(2) 
PARAMETRIC_REPRESENTATION_CONTEXT() REPRESENTATION_CONTEXT('2D SPACE',''
  ) );
#3697 = PCURVE('',#3698,#3725);
#3698 = ( BOUNDED_SURFACE() B_SPLINE_SURFACE(1,7,(
    (#3699,#3700,#3701,#3702,#3703,#3704,#3705,#3706,#3707,#3708,#3709
      ,#3710,#3711)
    ,(#3712,#3713,#3714,#3715,#3716,#3717,#3718,#3719,#3720,#3721,#3722
      ,#3723,#3724
)),.UNSPECIFIED.,.F.,.F.,.F.) B_SPLINE_SURFACE_WITH_KNOTS((2,2),(8,5,8),
  (2.,3.),(0.,0.529117254068,1.),.UNSPECIFIED.) 
GEOMETRIC_REPRESENTATION_ITEM() RATIONAL_B_SPLINE_SURFACE((
    (1.,1.,1.,1.,1.,1.,1.,1.,1.,1.,1.,1.,1.)
,(1.,1.,1.,1.,1.,1.,1.,1.,1.,1.,1.,1.,1.
))) REPRESENTATION_ITEM('') SURFACE() );
#3699 = CARTESIAN_POINT('',(-15.81545907502,-61.62300104303,
    7.558065382861));
#3700 = CARTESIAN_POINT('',(-10.86077581477,-59.68786419448,
    11.226025253761));
#3701 = CARTESIAN_POINT('',(-6.185527573376,-57.25302860974,
    14.97529571994));
#3702 = CARTESIAN_POINT('',(-1.866320946732,-54.34100932133,
    18.809104747687));
#3703 = CARTESIAN_POINT('',(2.017049351177,-50.9899419242,
    22.730333161279));
#3704 = CARTESIAN_POINT('',(5.384487996821,-47.25680612711,
    26.741206832894));
#3705 = CARTESIAN_POINT('',(10.634360038658,-39.63288630559,
    34.492599061876));
#3706 = CARTESIAN_POINT('',(13.580492417576,-31.30439185571,
    42.562013145477));
#3707 = CARTESIAN_POINT('',(14.417934182377,-27.29942137034,
    46.431231576503));
#3708 = CARTESIAN_POINT('',(14.678068767789,-23.29809440484,
    50.367393192205));
#3709 = CARTESIAN_POINT('',(14.351020205032,-19.40027676916,
    54.365981883726));
#3710 = CARTESIAN_POINT('',(13.45387701848,-15.71236752563,
    58.419805090494));
#3711 = CARTESIAN_POINT('',(12.031242025539,-12.33382830681,
    62.51935512762));
#3712 = CARTESIAN_POINT('',(-17.96030048182,-61.13345498833,
    7.558065382861));
#3713 = CARTESIAN_POINT('',(-13.03983009455,-59.34821466929,
    11.226025253761));
#3714 = CARTESIAN_POINT('',(-8.387331508011,-57.06938779679,
    14.97529571994));
#3715 = CARTESIAN_POINT('',(-4.078192570636,-54.31864906835,
    18.809104747687));
#3716 = CARTESIAN_POINT('',(-0.190982800417,-51.13302663819,
    22.730333161279));
#3717 = CARTESIAN_POINT('',(3.195380354408,-47.56807782162,
    26.741206832894));
#3718 = CARTESIAN_POINT('',(8.511440311367,-40.26376280471,
    34.492599061876));
#3719 = CARTESIAN_POINT('',(11.583535913683,-32.25039199929,
    42.562013145477));
#3720 = CARTESIAN_POINT('',(12.493996154806,-28.39128029668,
    46.431231576503));
#3721 = CARTESIAN_POINT('',(12.841069611757,-24.53152975665,
    50.367393192205));
#3722 = CARTESIAN_POINT('',(12.61475758047,-20.76905030973,
    54.365981883726));
#3723 = CARTESIAN_POINT('',(11.831527553982,-17.2081989966,
    58.419805090494));
#3724 = CARTESIAN_POINT('',(10.534862002443,-13.94654242484,
    62.51935512762));
#3725 = DEFINITIONAL_REPRESENTATION('',(#3726),#3730);
#3726 = LINE('',#3727,#3728);
#3727 = CARTESIAN_POINT('',(2.,0.));
#3728 = VECTOR('',#3729,1.);
#3729 = DIRECTION('',(0.,1.));
#3730 = ( GEOMETRIC_REPRESENTATION_CONTEXT(2) 
PARAMETRIC_REPRESENTATION_CONTEXT() REPRESENTATION_CONTEXT('2D SPACE',''
  ) );
#3731 = ORIENTED_EDGE('',*,*,#3732,.F.);
#3732 = EDGE_CURVE('',#787,#3673,#3733,.T.);
#3733 = SURFACE_CURVE('',#3734,(#3737,#3744),.PCURVE_S1.);
#3734 = B_SPLINE_CURVE_WITH_KNOTS('',1,(#3735,#3736),.UNSPECIFIED.,.F.,
  .F.,(2,2),(1.,2.),.PIECEWISE_BEZIER_KNOTS.);
#3735 = CARTESIAN_POINT('',(6.965684104334,-7.633677427992,
    58.488386923428));
#3736 = CARTESIAN_POINT('',(12.031242025539,-12.33382830681,
    62.51935512762));
#3737 = PCURVE('',#868,#3738);
#3738 = DEFINITIONAL_REPRESENTATION('',(#3739),#3743);
#3739 = LINE('',#3740,#3741);
#3740 = CARTESIAN_POINT('',(0.,1.));
#3741 = VECTOR('',#3742,1.);
#3742 = DIRECTION('',(1.,0.));
#3743 = ( GEOMETRIC_REPRESENTATION_CONTEXT(2) 
PARAMETRIC_REPRESENTATION_CONTEXT() REPRESENTATION_CONTEXT('2D SPACE',''
  ) );
#3744 = PCURVE('',#806,#3745);
#3745 = DEFINITIONAL_REPRESENTATION('',(#3746),#3749);
#3746 = B_SPLINE_CURVE_WITH_KNOTS('',1,(#3747,#3748),.UNSPECIFIED.,.F.,
  .F.,(2,2),(1.,2.),.PIECEWISE_BEZIER_KNOTS.);
#3747 = CARTESIAN_POINT('',(0.583344262646,2.121251864168));
#3748 = CARTESIAN_POINT('',(8.296987405077,0.));
#3749 = ( GEOMETRIC_REPRESENTATION_CONTEXT(2) 
PARAMETRIC_REPRESENTATION_CONTEXT() REPRESENTATION_CONTEXT('2D SPACE',''
  ) );
#3750 = ORIENTED_EDGE('',*,*,#818,.F.);
#3751 = ORIENTED_EDGE('',*,*,#3411,.T.);
#3752 = ADVANCED_FACE('',(#3753),#806,.T.);
#3753 = FACE_BOUND('',#3754,.T.);
#3754 = EDGE_LOOP('',(#3755,#3756,#3777,#3796,#3797));
#3755 = ORIENTED_EDGE('',*,*,#2544,.F.);
#3756 = ORIENTED_EDGE('',*,*,#3757,.F.);
#3757 = EDGE_CURVE('',#3758,#2444,#3760,.T.);
#3758 = VERTEX_POINT('',#3759);
#3759 = CARTESIAN_POINT('',(10.534862002443,-13.94654242484,
    62.51935512762));
#3760 = SURFACE_CURVE('',#3761,(#3764,#3770),.PCURVE_S1.);
#3761 = B_SPLINE_CURVE_WITH_KNOTS('',1,(#3762,#3763),.UNSPECIFIED.,.F.,
  .F.,(2,2),(3.,4.),.PIECEWISE_BEZIER_KNOTS.);
#3762 = CARTESIAN_POINT('',(10.534862002443,-13.94654242484,
    62.51935512762));
#3763 = CARTESIAN_POINT('',(5.469304081238,-9.246391546018,
    58.488386923428));
#3764 = PCURVE('',#806,#3765);
#3765 = DEFINITIONAL_REPRESENTATION('',(#3766),#3769);
#3766 = B_SPLINE_CURVE_WITH_KNOTS('',1,(#3767,#3768),.UNSPECIFIED.,.F.,
  .F.,(2,2),(3.,4.),.PIECEWISE_BEZIER_KNOTS.);
#3767 = CARTESIAN_POINT('',(7.71364314243,-2.121251864168));
#3768 = CARTESIAN_POINT('',(0.,0.));
#3769 = ( GEOMETRIC_REPRESENTATION_CONTEXT(2) 
PARAMETRIC_REPRESENTATION_CONTEXT() REPRESENTATION_CONTEXT('2D SPACE',''
  ) );
#3770 = PCURVE('',#2493,#3771);
#3771 = DEFINITIONAL_REPRESENTATION('',(#3772),#3776);
#3772 = LINE('',#3773,#3774);
#3773 = CARTESIAN_POINT('',(0.,1.));
#3774 = VECTOR('',#3775,1.);
#3775 = DIRECTION('',(1.,0.));
#3776 = ( GEOMETRIC_REPRESENTATION_CONTEXT(2) 
PARAMETRIC_REPRESENTATION_CONTEXT() REPRESENTATION_CONTEXT('2D SPACE',''
  ) );
#3777 = ORIENTED_EDGE('',*,*,#3778,.F.);
#3778 = EDGE_CURVE('',#3673,#3758,#3779,.T.);
#3779 = SURFACE_CURVE('',#3780,(#3783,#3789),.PCURVE_S1.);
#3780 = B_SPLINE_CURVE_WITH_KNOTS('',1,(#3781,#3782),.UNSPECIFIED.,.F.,
  .F.,(2,2),(2.,3.),.PIECEWISE_BEZIER_KNOTS.);
#3781 = CARTESIAN_POINT('',(12.031242025539,-12.33382830681,
    62.51935512762));
#3782 = CARTESIAN_POINT('',(10.534862002443,-13.94654242484,
    62.51935512762));
#3783 = PCURVE('',#806,#3784);
#3784 = DEFINITIONAL_REPRESENTATION('',(#3785),#3788);
#3785 = B_SPLINE_CURVE_WITH_KNOTS('',1,(#3786,#3787),.UNSPECIFIED.,.F.,
  .F.,(2,2),(2.,3.),.PIECEWISE_BEZIER_KNOTS.);
#3786 = CARTESIAN_POINT('',(8.296987405077,0.));
#3787 = CARTESIAN_POINT('',(7.71364314243,-2.121251864168));
#3788 = ( GEOMETRIC_REPRESENTATION_CONTEXT(2) 
PARAMETRIC_REPRESENTATION_CONTEXT() REPRESENTATION_CONTEXT('2D SPACE',''
  ) );
#3789 = PCURVE('',#3698,#3790);
#3790 = DEFINITIONAL_REPRESENTATION('',(#3791),#3795);
#3791 = LINE('',#3792,#3793);
#3792 = CARTESIAN_POINT('',(0.,1.));
#3793 = VECTOR('',#3794,1.);
#3794 = DIRECTION('',(1.,0.));
#3795 = ( GEOMETRIC_REPRESENTATION_CONTEXT(2) 
PARAMETRIC_REPRESENTATION_CONTEXT() REPRESENTATION_CONTEXT('2D SPACE',''
  ) );
#3796 = ORIENTED_EDGE('',*,*,#3732,.F.);
#3797 = ORIENTED_EDGE('',*,*,#786,.F.);
#3798 = ADVANCED_FACE('',(#3799),#962,.T.);
#3799 = FACE_BOUND('',#3800,.T.);
#3800 = EDGE_LOOP('',(#3801,#3828,#3829,#3830));
#3801 = ORIENTED_EDGE('',*,*,#3802,.T.);
#3802 = EDGE_CURVE('',#3469,#947,#3803,.T.);
#3803 = SURFACE_CURVE('',#3804,(#3810,#3819),.PCURVE_S1.);
#3804 = B_SPLINE_CURVE_WITH_KNOTS('',4,(#3805,#3806,#3807,#3808,#3809),
  .UNSPECIFIED.,.F.,.F.,(5,5),(0.,1.),.PIECEWISE_BEZIER_KNOTS.);
#3805 = CARTESIAN_POINT('',(47.109299678407,-1.0954048224,
    -8.004443699906E-16));
#3806 = CARTESIAN_POINT('',(46.92980809901,-0.817922988846,
    0.318047311182));
#3807 = CARTESIAN_POINT('',(46.748064670015,-0.54283738541,
    0.636444910202));
#3808 = CARTESIAN_POINT('',(46.56410459856,-0.270184513428,
    0.955192520966));
#3809 = CARTESIAN_POINT('',(46.37796451692,1.998401444325E-15,
    1.274289803777));
#3810 = PCURVE('',#962,#3811);
#3811 = DEFINITIONAL_REPRESENTATION('',(#3812),#3818);
#3812 = B_SPLINE_CURVE_WITH_KNOTS('',4,(#3813,#3814,#3815,#3816,#3817),
  .UNSPECIFIED.,.F.,.F.,(5,5),(0.,1.),.PIECEWISE_BEZIER_KNOTS.);
#3813 = CARTESIAN_POINT('',(-6.261275457834,0.));
#3814 = CARTESIAN_POINT('',(-6.266745116154,-0.318047311182));
#3815 = CARTESIAN_POINT('',(-6.272219995881,-0.636444910202));
#3816 = CARTESIAN_POINT('',(-6.277700069448,-0.955192520966));
#3817 = CARTESIAN_POINT('',(-6.28318530718,-1.274289803777));
#3818 = ( GEOMETRIC_REPRESENTATION_CONTEXT(2) 
PARAMETRIC_REPRESENTATION_CONTEXT() REPRESENTATION_CONTEXT('2D SPACE',''
  ) );
#3819 = PCURVE('',#1023,#3820);
#3820 = DEFINITIONAL_REPRESENTATION('',(#3821),#3827);
#3821 = B_SPLINE_CURVE_WITH_KNOTS('',4,(#3822,#3823,#3824,#3825,#3826),
  .UNSPECIFIED.,.F.,.F.,(5,5),(0.,1.),.PIECEWISE_BEZIER_KNOTS.);
#3822 = CARTESIAN_POINT('',(3.833905954772,9.942357318943E-05));
#3823 = CARTESIAN_POINT('',(3.833418922048,6.103448052927E-03));
#3824 = CARTESIAN_POINT('',(3.832927552428,1.210200712511E-02));
#3825 = CARTESIAN_POINT('',(3.832431759287,1.809509047711E-02));
#3826 = CARTESIAN_POINT('',(3.831931452165,2.40826888313E-02));
#3827 = ( GEOMETRIC_REPRESENTATION_CONTEXT(2) 
PARAMETRIC_REPRESENTATION_CONTEXT() REPRESENTATION_CONTEXT('2D SPACE',''
  ) );
#3828 = ORIENTED_EDGE('',*,*,#946,.T.);
#3829 = ORIENTED_EDGE('',*,*,#2715,.F.);
#3830 = ORIENTED_EDGE('',*,*,#3468,.T.);
#3831 = ADVANCED_FACE('',(#3832),#1092,.T.);
#3832 = FACE_BOUND('',#3833,.T.);
#3833 = EDGE_LOOP('',(#3834,#3835,#3856,#3904,#3923));
#3834 = ORIENTED_EDGE('',*,*,#1074,.F.);
#3835 = ORIENTED_EDGE('',*,*,#3836,.F.);
#3836 = EDGE_CURVE('',#3837,#974,#3839,.T.);
#3837 = VERTEX_POINT('',#3838);
#3838 = CARTESIAN_POINT('',(7.733375432199,16.180653413922,
    62.51935512762));
#3839 = SURFACE_CURVE('',#3840,(#3843,#3849),.PCURVE_S1.);
#3840 = B_SPLINE_CURVE_WITH_KNOTS('',1,(#3841,#3842),.UNSPECIFIED.,.F.,
  .F.,(2,2),(3.,4.),.PIECEWISE_BEZIER_KNOTS.);
#3841 = CARTESIAN_POINT('',(7.733375432199,16.180653413922,
    62.51935512762));
#3842 = CARTESIAN_POINT('',(4.278259828606,10.196217642473,
    58.488386923428));
#3843 = PCURVE('',#1092,#3844);
#3844 = DEFINITIONAL_REPRESENTATION('',(#3845),#3848);
#3845 = B_SPLINE_CURVE_WITH_KNOTS('',1,(#3846,#3847),.UNSPECIFIED.,.F.,
  .F.,(2,2),(3.,4.),.PIECEWISE_BEZIER_KNOTS.);
#3846 = CARTESIAN_POINT('',(7.71364314243,-2.121251864168));
#3847 = CARTESIAN_POINT('',(0.,0.));
#3848 = ( GEOMETRIC_REPRESENTATION_CONTEXT(2) 
PARAMETRIC_REPRESENTATION_CONTEXT() REPRESENTATION_CONTEXT('2D SPACE',''
  ) );
#3849 = PCURVE('',#1023,#3850);
#3850 = DEFINITIONAL_REPRESENTATION('',(#3851),#3855);
#3851 = LINE('',#3852,#3853);
#3852 = CARTESIAN_POINT('',(0.,1.));
#3853 = VECTOR('',#3854,1.);
#3854 = DIRECTION('',(1.,0.));
#3855 = ( GEOMETRIC_REPRESENTATION_CONTEXT(2) 
PARAMETRIC_REPRESENTATION_CONTEXT() REPRESENTATION_CONTEXT('2D SPACE',''
  ) );
#3856 = ORIENTED_EDGE('',*,*,#3857,.F.);
#3857 = EDGE_CURVE('',#3858,#3837,#3860,.T.);
#3858 = VERTEX_POINT('',#3859);
#3859 = CARTESIAN_POINT('',(5.828119543874,17.280653413922,
    62.51935512762));
#3860 = SURFACE_CURVE('',#3861,(#3864,#3870),.PCURVE_S1.);
#3861 = B_SPLINE_CURVE_WITH_KNOTS('',1,(#3862,#3863),.UNSPECIFIED.,.F.,
  .F.,(2,2),(2.,3.),.PIECEWISE_BEZIER_KNOTS.);
#3862 = CARTESIAN_POINT('',(5.828119543874,17.280653413922,
    62.51935512762));
#3863 = CARTESIAN_POINT('',(7.733375432199,16.180653413922,
    62.51935512762));
#3864 = PCURVE('',#1092,#3865);
#3865 = DEFINITIONAL_REPRESENTATION('',(#3866),#3869);
#3866 = B_SPLINE_CURVE_WITH_KNOTS('',1,(#3867,#3868),.UNSPECIFIED.,.F.,
  .F.,(2,2),(2.,3.),.PIECEWISE_BEZIER_KNOTS.);
#3867 = CARTESIAN_POINT('',(8.296987405077,0.));
#3868 = CARTESIAN_POINT('',(7.71364314243,-2.121251864168));
#3869 = ( GEOMETRIC_REPRESENTATION_CONTEXT(2) 
PARAMETRIC_REPRESENTATION_CONTEXT() REPRESENTATION_CONTEXT('2D SPACE',''
  ) );
#3870 = PCURVE('',#3871,#3898);
#3871 = ( BOUNDED_SURFACE() B_SPLINE_SURFACE(1,7,(
    (#3872,#3873,#3874,#3875,#3876,#3877,#3878,#3879,#3880,#3881,#3882
      ,#3883,#3884)
    ,(#3885,#3886,#3887,#3888,#3889,#3890,#3891,#3892,#3893,#3894,#3895
      ,#3896,#3897
)),.UNSPECIFIED.,.F.,.F.,.F.) B_SPLINE_SURFACE_WITH_KNOTS((2,2),(8,5,8),
  (2.,3.),(0.,0.529117254068,1.),.UNSPECIFIED.) 
GEOMETRIC_REPRESENTATION_ITEM() RATIONAL_B_SPLINE_SURFACE((
    (1.,1.,1.,1.,1.,1.,1.,1.,1.,1.,1.,1.,1.)
,(1.,1.,1.,1.,1.,1.,1.,1.,1.,1.,1.,1.,1.
))) REPRESENTATION_ITEM('') SURFACE() );
#3872 = CARTESIAN_POINT('',(60.077983749267,1.1,7.558065382861));
#3873 = CARTESIAN_POINT('',(57.088844075196,5.499850547559,
    11.226025253761));
#3874 = CARTESIAN_POINT('',(53.674714296908,9.516078666134,
    14.97529571994));
#3875 = CARTESIAN_POINT('',(49.874591519309,13.079008513172,
    18.809104747687));
#3876 = CARTESIAN_POINT('',(45.74341119266,16.119331962983,
    22.730333161279));
#3877 = CARTESIAN_POINT('',(41.354547311636,18.571641027025,
    26.741206832894));
#3878 = CARTESIAN_POINT('',(32.753568647503,21.993406056904,
    34.492599061876));
#3879 = CARTESIAN_POINT('',(23.978310813349,23.012408382656,
    42.562013145477));
#3880 = CARTESIAN_POINT('',(19.887404976059,22.937663961115,
    46.431231576503));
#3881 = CARTESIAN_POINT('',(15.928514240729,22.30089741593,
    50.367393192205));
#3882 = CARTESIAN_POINT('',(12.201198182737,21.114702622775,
    54.365981883726));
#3883 = CARTESIAN_POINT('',(8.805385663393,19.419415679766,
    58.419805090494));
#3884 = CARTESIAN_POINT('',(5.828119543874,17.280653413922,
    62.51935512762));
#3885 = CARTESIAN_POINT('',(60.077983749267,-1.1,7.558065382861));
#3886 = CARTESIAN_POINT('',(57.2425954662,3.299850578483,11.226025253761
    ));
#3887 = CARTESIAN_POINT('',(53.98562521047,7.328614627895,14.97529571994
    ));
#3888 = CARTESIAN_POINT('',(50.344979624101,10.917617504489,
    18.809104747687));
#3889 = CARTESIAN_POINT('',(46.374241850709,13.99849913159,
    22.730333161279));
#3890 = CARTESIAN_POINT('',(42.145137052005,16.506683351843,
    26.741206832894));
#3891 = CARTESIAN_POINT('',(33.841021836065,20.064095587241,
    34.492599061876));
#3892 = CARTESIAN_POINT('',(25.34495738457,21.27602458307,
    42.562013145477));
#3893 = CARTESIAN_POINT('',(21.380005206282,21.304924544767,
    46.431231576503));
#3894 = CARTESIAN_POINT('',(17.539795560954,20.784420850519,
    50.367393192205));
#3895 = CARTESIAN_POINT('',(13.922008493708,19.726552493834,
    54.365981883726));
#3896 = CARTESIAN_POINT('',(10.624720234408,18.170595719476,
    58.419805090494));
#3897 = CARTESIAN_POINT('',(7.733375432199,16.180653413922,
    62.51935512762));
#3898 = DEFINITIONAL_REPRESENTATION('',(#3899),#3903);
#3899 = LINE('',#3900,#3901);
#3900 = CARTESIAN_POINT('',(0.,1.));
#3901 = VECTOR('',#3902,1.);
#3902 = DIRECTION('',(1.,0.));
#3903 = ( GEOMETRIC_REPRESENTATION_CONTEXT(2) 
PARAMETRIC_REPRESENTATION_CONTEXT() REPRESENTATION_CONTEXT('2D SPACE',''
  ) );
#3904 = ORIENTED_EDGE('',*,*,#3905,.F.);
#3905 = EDGE_CURVE('',#1145,#3858,#3906,.T.);
#3906 = SURFACE_CURVE('',#3907,(#3910,#3916),.PCURVE_S1.);
#3907 = B_SPLINE_CURVE_WITH_KNOTS('',1,(#3908,#3909),.UNSPECIFIED.,.F.,
  .F.,(2,2),(1.,2.),.PIECEWISE_BEZIER_KNOTS.);
#3908 = CARTESIAN_POINT('',(2.37300394028,11.296217642473,
    58.488386923428));
#3909 = CARTESIAN_POINT('',(5.828119543874,17.280653413922,
    62.51935512762));
#3910 = PCURVE('',#1092,#3911);
#3911 = DEFINITIONAL_REPRESENTATION('',(#3912),#3915);
#3912 = B_SPLINE_CURVE_WITH_KNOTS('',1,(#3913,#3914),.UNSPECIFIED.,.F.,
  .F.,(2,2),(1.,2.),.PIECEWISE_BEZIER_KNOTS.);
#3913 = CARTESIAN_POINT('',(0.583344262646,2.121251864168));
#3914 = CARTESIAN_POINT('',(8.296987405077,0.));
#3915 = ( GEOMETRIC_REPRESENTATION_CONTEXT(2) 
PARAMETRIC_REPRESENTATION_CONTEXT() REPRESENTATION_CONTEXT('2D SPACE',''
  ) );
#3916 = PCURVE('',#1194,#3917);
#3917 = DEFINITIONAL_REPRESENTATION('',(#3918),#3922);
#3918 = LINE('',#3919,#3920);
#3919 = CARTESIAN_POINT('',(0.,1.));
#3920 = VECTOR('',#3921,1.);
#3921 = DIRECTION('',(1.,0.));
#3922 = ( GEOMETRIC_REPRESENTATION_CONTEXT(2) 
PARAMETRIC_REPRESENTATION_CONTEXT() REPRESENTATION_CONTEXT('2D SPACE',''
  ) );
#3923 = ORIENTED_EDGE('',*,*,#1401,.F.);
#3924 = ADVANCED_FACE('',(#3925),#1023,.F.);
#3925 = FACE_BOUND('',#3926,.F.);
#3926 = EDGE_LOOP('',(#3927,#3960,#3986,#4017,#4018,#4019,#4020));
#3927 = ORIENTED_EDGE('',*,*,#3928,.F.);
#3928 = EDGE_CURVE('',#3929,#3837,#3931,.T.);
#3929 = VERTEX_POINT('',#3930);
#3930 = CARTESIAN_POINT('',(60.077983749267,-1.1,7.558065382861));
#3931 = SURFACE_CURVE('',#3932,(#3946,#3953),.PCURVE_S1.);
#3932 = ( BOUNDED_CURVE() B_SPLINE_CURVE(7,(#3933,#3934,#3935,#3936,
    #3937,#3938,#3939,#3940,#3941,#3942,#3943,#3944,#3945),
.UNSPECIFIED.,.F.,.F.) B_SPLINE_CURVE_WITH_KNOTS((8,5,8),(0.,
0.529117254068,1.),.UNSPECIFIED.) CURVE() GEOMETRIC_REPRESENTATION_ITEM(
) RATIONAL_B_SPLINE_CURVE((1.,1.,1.,1.,1.,1.,1.,1.,1.,1.,1.,1.,1.)) 
REPRESENTATION_ITEM('') );
#3933 = CARTESIAN_POINT('',(60.077983749267,-1.1,7.558065382861));
#3934 = CARTESIAN_POINT('',(57.2425954662,3.299850578483,11.226025253761
    ));
#3935 = CARTESIAN_POINT('',(53.98562521047,7.328614627895,14.97529571994
    ));
#3936 = CARTESIAN_POINT('',(50.344979624101,10.917617504489,
    18.809104747687));
#3937 = CARTESIAN_POINT('',(46.374241850709,13.99849913159,
    22.730333161279));
#3938 = CARTESIAN_POINT('',(42.145137052005,16.506683351843,
    26.741206832894));
#3939 = CARTESIAN_POINT('',(33.841021836065,20.064095587241,
    34.492599061876));
#3940 = CARTESIAN_POINT('',(25.34495738457,21.27602458307,
    42.562013145477));
#3941 = CARTESIAN_POINT('',(21.380005206282,21.304924544767,
    46.431231576503));
#3942 = CARTESIAN_POINT('',(17.539795560954,20.784420850519,
    50.367393192205));
#3943 = CARTESIAN_POINT('',(13.922008493708,19.726552493834,
    54.365981883726));
#3944 = CARTESIAN_POINT('',(10.624720234408,18.170595719476,
    58.419805090494));
#3945 = CARTESIAN_POINT('',(7.733375432199,16.180653413922,
    62.51935512762));
#3946 = PCURVE('',#1023,#3947);
#3947 = DEFINITIONAL_REPRESENTATION('',(#3948),#3952);
#3948 = LINE('',#3949,#3950);
#3949 = CARTESIAN_POINT('',(3.,0.));
#3950 = VECTOR('',#3951,1.);
#3951 = DIRECTION('',(0.,1.));
#3952 = ( GEOMETRIC_REPRESENTATION_CONTEXT(2) 
PARAMETRIC_REPRESENTATION_CONTEXT() REPRESENTATION_CONTEXT('2D SPACE',''
  ) );
#3953 = PCURVE('',#3871,#3954);
#3954 = DEFINITIONAL_REPRESENTATION('',(#3955),#3959);
#3955 = LINE('',#3956,#3957);
#3956 = CARTESIAN_POINT('',(3.,0.));
#3957 = VECTOR('',#3958,1.);
#3958 = DIRECTION('',(0.,1.));
#3959 = ( GEOMETRIC_REPRESENTATION_CONTEXT(2) 
PARAMETRIC_REPRESENTATION_CONTEXT() REPRESENTATION_CONTEXT('2D SPACE',''
  ) );
#3960 = ORIENTED_EDGE('',*,*,#3961,.T.);
#3961 = EDGE_CURVE('',#3929,#3962,#3964,.T.);
#3962 = VERTEX_POINT('',#3963);
#3963 = CARTESIAN_POINT('',(44.529963533095,-1.1,-1.511613076572));
#3964 = SURFACE_CURVE('',#3965,(#3968,#3975),.PCURVE_S1.);
#3965 = B_SPLINE_CURVE_WITH_KNOTS('',1,(#3966,#3967),.UNSPECIFIED.,.F.,
  .F.,(2,2),(3.,4.),.PIECEWISE_BEZIER_KNOTS.);
#3966 = CARTESIAN_POINT('',(60.077983749267,-1.1,7.558065382861));
#3967 = CARTESIAN_POINT('',(44.529963533095,-1.1,-1.511613076572));
#3968 = PCURVE('',#1023,#3969);
#3969 = DEFINITIONAL_REPRESENTATION('',(#3970),#3974);
#3970 = LINE('',#3971,#3972);
#3971 = CARTESIAN_POINT('',(0.,0.));
#3972 = VECTOR('',#3973,1.);
#3973 = DIRECTION('',(1.,0.));
#3974 = ( GEOMETRIC_REPRESENTATION_CONTEXT(2) 
PARAMETRIC_REPRESENTATION_CONTEXT() REPRESENTATION_CONTEXT('2D SPACE',''
  ) );
#3975 = PCURVE('',#3976,#3981);
#3976 = PLANE('',#3977);
#3977 = AXIS2_PLACEMENT_3D('',#3978,#3979,#3980);
#3978 = CARTESIAN_POINT('',(44.529963533095,-1.1,-1.511613076572));
#3979 = DIRECTION('',(-0.503871025524,0.,0.863778900898));
#3980 = DIRECTION('',(0.857398613506,0.121319429965,0.500149191212));
#3981 = DEFINITIONAL_REPRESENTATION('',(#3982),#3985);
#3982 = B_SPLINE_CURVE_WITH_KNOTS('',1,(#3983,#3984),.UNSPECIFIED.,.F.,
  .F.,(2,2),(3.,4.),.PIECEWISE_BEZIER_KNOTS.);
#3983 = CARTESIAN_POINT('',(17.867043322156,-2.183749739375));
#3984 = CARTESIAN_POINT('',(0.,0.));
#3985 = ( GEOMETRIC_REPRESENTATION_CONTEXT(2) 
PARAMETRIC_REPRESENTATION_CONTEXT() REPRESENTATION_CONTEXT('2D SPACE',''
  ) );
#3986 = ORIENTED_EDGE('',*,*,#3987,.T.);
#3987 = EDGE_CURVE('',#3962,#3493,#3988,.T.);
#3988 = SURFACE_CURVE('',#3989,(#4003,#4010),.PCURVE_S1.);
#3989 = ( BOUNDED_CURVE() B_SPLINE_CURVE(7,(#3990,#3991,#3992,#3993,
    #3994,#3995,#3996,#3997,#3998,#3999,#4000,#4001,#4002),
.UNSPECIFIED.,.F.,.F.) B_SPLINE_CURVE_WITH_KNOTS((8,5,8),(0.,
0.529117254068,1.),.UNSPECIFIED.) CURVE() GEOMETRIC_REPRESENTATION_ITEM(
) RATIONAL_B_SPLINE_CURVE((1.,1.,1.,1.,1.,1.,1.,1.,1.,1.,1.,1.,1.)) 
REPRESENTATION_ITEM('') );
#3990 = CARTESIAN_POINT('',(44.529963533095,-1.1,-1.511613076572));
#3991 = CARTESIAN_POINT('',(42.271037170985,2.213246731258,
    2.492615959466));
#3992 = CARTESIAN_POINT('',(39.691900841042,5.225320580984,
    6.585609937866));
#3993 = CARTESIAN_POINT('',(36.824254408371,7.882769369457,
    10.770892756623));
#3994 = CARTESIAN_POINT('',(33.712270713602,10.132755275753,
    15.051609346561));
#3995 = CARTESIAN_POINT('',(30.414481152641,11.925879868025,
    19.430189642165));
#3996 = CARTESIAN_POINT('',(23.973775288488,14.376108314319,
    27.892209654768));
#3997 = CARTESIAN_POINT('',(17.457718853473,14.975582065562,
    36.701406950989));
#3998 = CARTESIAN_POINT('',(14.435460422116,14.832329587341,
    40.925345416396));
#3999 = CARTESIAN_POINT('',(11.530234233421,14.259874926857,
    45.22236424618));
#4000 = CARTESIAN_POINT('',(8.819420847445,13.270455761185,
    49.587533306171));
#4001 = CARTESIAN_POINT('',(6.380012867829,11.898067887397,
    54.013000640284));
#4002 = CARTESIAN_POINT('',(4.278259828606,10.196217642473,
    58.488386923428));
#4003 = PCURVE('',#1023,#4004);
#4004 = DEFINITIONAL_REPRESENTATION('',(#4005),#4009);
#4005 = LINE('',#4006,#4007);
#4006 = CARTESIAN_POINT('',(4.,0.));
#4007 = VECTOR('',#4008,1.);
#4008 = DIRECTION('',(0.,1.));
#4009 = ( GEOMETRIC_REPRESENTATION_CONTEXT(2) 
PARAMETRIC_REPRESENTATION_CONTEXT() REPRESENTATION_CONTEXT('2D SPACE',''
  ) );
#4010 = PCURVE('',#3539,#4011);
#4011 = DEFINITIONAL_REPRESENTATION('',(#4012),#4016);
#4012 = LINE('',#4013,#4014);
#4013 = CARTESIAN_POINT('',(0.,0.));
#4014 = VECTOR('',#4015,1.);
#4015 = DIRECTION('',(0.,1.));
#4016 = ( GEOMETRIC_REPRESENTATION_CONTEXT(2) 
PARAMETRIC_REPRESENTATION_CONTEXT() REPRESENTATION_CONTEXT('2D SPACE',''
  ) );
#4017 = ORIENTED_EDGE('',*,*,#3492,.F.);
#4018 = ORIENTED_EDGE('',*,*,#3802,.T.);
#4019 = ORIENTED_EDGE('',*,*,#973,.T.);
#4020 = ORIENTED_EDGE('',*,*,#3836,.F.);
#4021 = ADVANCED_FACE('',(#4022),#1194,.F.);
#4022 = FACE_BOUND('',#4023,.F.);
#4023 = EDGE_LOOP('',(#4024,#4057,#4078,#4109,#4110,#4111));
#4024 = ORIENTED_EDGE('',*,*,#4025,.F.);
#4025 = EDGE_CURVE('',#4026,#2845,#4028,.T.);
#4026 = VERTEX_POINT('',#4027);
#4027 = CARTESIAN_POINT('',(44.529963533095,1.1,-1.511613076572));
#4028 = SURFACE_CURVE('',#4029,(#4043,#4050),.PCURVE_S1.);
#4029 = ( BOUNDED_CURVE() B_SPLINE_CURVE(7,(#4030,#4031,#4032,#4033,
    #4034,#4035,#4036,#4037,#4038,#4039,#4040,#4041,#4042),
.UNSPECIFIED.,.F.,.F.) B_SPLINE_CURVE_WITH_KNOTS((8,5,8),(0.,
0.529117254068,1.),.UNSPECIFIED.) CURVE() GEOMETRIC_REPRESENTATION_ITEM(
) RATIONAL_B_SPLINE_CURVE((1.,1.,1.,1.,1.,1.,1.,1.,1.,1.,1.,1.,1.)) 
REPRESENTATION_ITEM('') );
#4030 = CARTESIAN_POINT('',(44.529963533095,1.1,-1.511613076572));
#4031 = CARTESIAN_POINT('',(42.117285779982,4.413246700335,
    2.492615959466));
#4032 = CARTESIAN_POINT('',(39.380989927477,7.412784619219,
    6.585609937866));
#4033 = CARTESIAN_POINT('',(36.353866303585,10.044160378146,
    10.770892756623));
#4034 = CARTESIAN_POINT('',(33.081440055548,12.253588107141,
    15.051609346561));
#4035 = CARTESIAN_POINT('',(29.623891412275,13.990837543209,
    19.430189642165));
#4036 = CARTESIAN_POINT('',(22.886322099923,16.305418783979,
    27.892209654768));
#4037 = CARTESIAN_POINT('',(16.091072282254,16.71196586515,
    36.701406950989));
#4038 = CARTESIAN_POINT('',(12.942860191888,16.465069003683,
    40.925345416396));
#4039 = CARTESIAN_POINT('',(9.918952913201,15.776351492276,
    45.22236424618));
#4040 = CARTESIAN_POINT('',(7.098610536471,14.65860589012,
    49.587533306171));
#4041 = CARTESIAN_POINT('',(4.560678296815,13.146887847689,
    54.013000640284));
#4042 = CARTESIAN_POINT('',(2.37300394028,11.296217642473,
    58.488386923428));
#4043 = PCURVE('',#1194,#4044);
#4044 = DEFINITIONAL_REPRESENTATION('',(#4045),#4049);
#4045 = LINE('',#4046,#4047);
#4046 = CARTESIAN_POINT('',(1.,0.));
#4047 = VECTOR('',#4048,1.);
#4048 = DIRECTION('',(0.,1.));
#4049 = ( GEOMETRIC_REPRESENTATION_CONTEXT(2) 
PARAMETRIC_REPRESENTATION_CONTEXT() REPRESENTATION_CONTEXT('2D SPACE',''
  ) );
#4050 = PCURVE('',#3539,#4051);
#4051 = DEFINITIONAL_REPRESENTATION('',(#4052),#4056);
#4052 = LINE('',#4053,#4054);
#4053 = CARTESIAN_POINT('',(1.,0.));
#4054 = VECTOR('',#4055,1.);
#4055 = DIRECTION('',(0.,1.));
#4056 = ( GEOMETRIC_REPRESENTATION_CONTEXT(2) 
PARAMETRIC_REPRESENTATION_CONTEXT() REPRESENTATION_CONTEXT('2D SPACE',''
  ) );
#4057 = ORIENTED_EDGE('',*,*,#4058,.T.);
#4058 = EDGE_CURVE('',#4026,#4059,#4061,.T.);
#4059 = VERTEX_POINT('',#4060);
#4060 = CARTESIAN_POINT('',(60.077983749267,1.1,7.558065382861));
#4061 = SURFACE_CURVE('',#4062,(#4065,#4072),.PCURVE_S1.);
#4062 = B_SPLINE_CURVE_WITH_KNOTS('',1,(#4063,#4064),.UNSPECIFIED.,.F.,
  .F.,(2,2),(1.,2.),.PIECEWISE_BEZIER_KNOTS.);
#4063 = CARTESIAN_POINT('',(44.529963533095,1.1,-1.511613076572));
#4064 = CARTESIAN_POINT('',(60.077983749267,1.1,7.558065382861));
#4065 = PCURVE('',#1194,#4066);
#4066 = DEFINITIONAL_REPRESENTATION('',(#4067),#4071);
#4067 = LINE('',#4068,#4069);
#4068 = CARTESIAN_POINT('',(0.,0.));
#4069 = VECTOR('',#4070,1.);
#4070 = DIRECTION('',(1.,0.));
#4071 = ( GEOMETRIC_REPRESENTATION_CONTEXT(2) 
PARAMETRIC_REPRESENTATION_CONTEXT() REPRESENTATION_CONTEXT('2D SPACE',''
  ) );
#4072 = PCURVE('',#3976,#4073);
#4073 = DEFINITIONAL_REPRESENTATION('',(#4074),#4077);
#4074 = B_SPLINE_CURVE_WITH_KNOTS('',1,(#4075,#4076),.UNSPECIFIED.,.F.,
  .F.,(2,2),(1.,2.),.PIECEWISE_BEZIER_KNOTS.);
#4075 = CARTESIAN_POINT('',(0.266902745924,2.183749739375));
#4076 = CARTESIAN_POINT('',(18.133946068079,0.));
#4077 = ( GEOMETRIC_REPRESENTATION_CONTEXT(2) 
PARAMETRIC_REPRESENTATION_CONTEXT() REPRESENTATION_CONTEXT('2D SPACE',''
  ) );
#4078 = ORIENTED_EDGE('',*,*,#4079,.T.);
#4079 = EDGE_CURVE('',#4059,#3858,#4080,.T.);
#4080 = SURFACE_CURVE('',#4081,(#4095,#4102),.PCURVE_S1.);
#4081 = ( BOUNDED_CURVE() B_SPLINE_CURVE(7,(#4082,#4083,#4084,#4085,
    #4086,#4087,#4088,#4089,#4090,#4091,#4092,#4093,#4094),
.UNSPECIFIED.,.F.,.F.) B_SPLINE_CURVE_WITH_KNOTS((8,5,8),(0.,
0.529117254068,1.),.UNSPECIFIED.) CURVE() GEOMETRIC_REPRESENTATION_ITEM(
) RATIONAL_B_SPLINE_CURVE((1.,1.,1.,1.,1.,1.,1.,1.,1.,1.,1.,1.,1.)) 
REPRESENTATION_ITEM('') );
#4082 = CARTESIAN_POINT('',(60.077983749267,1.1,7.558065382861));
#4083 = CARTESIAN_POINT('',(57.088844075196,5.499850547559,
    11.226025253761));
#4084 = CARTESIAN_POINT('',(53.674714296908,9.516078666134,
    14.97529571994));
#4085 = CARTESIAN_POINT('',(49.874591519309,13.079008513172,
    18.809104747687));
#4086 = CARTESIAN_POINT('',(45.74341119266,16.119331962983,
    22.730333161279));
#4087 = CARTESIAN_POINT('',(41.354547311636,18.571641027025,
    26.741206832894));
#4088 = CARTESIAN_POINT('',(32.753568647503,21.993406056904,
    34.492599061876));
#4089 = CARTESIAN_POINT('',(23.978310813349,23.012408382656,
    42.562013145477));
#4090 = CARTESIAN_POINT('',(19.887404976059,22.937663961115,
    46.431231576503));
#4091 = CARTESIAN_POINT('',(15.928514240729,22.30089741593,
    50.367393192205));
#4092 = CARTESIAN_POINT('',(12.201198182737,21.114702622775,
    54.365981883726));
#4093 = CARTESIAN_POINT('',(8.805385663393,19.419415679766,
    58.419805090494));
#4094 = CARTESIAN_POINT('',(5.828119543874,17.280653413922,
    62.51935512762));
#4095 = PCURVE('',#1194,#4096);
#4096 = DEFINITIONAL_REPRESENTATION('',(#4097),#4101);
#4097 = LINE('',#4098,#4099);
#4098 = CARTESIAN_POINT('',(2.,0.));
#4099 = VECTOR('',#4100,1.);
#4100 = DIRECTION('',(0.,1.));
#4101 = ( GEOMETRIC_REPRESENTATION_CONTEXT(2) 
PARAMETRIC_REPRESENTATION_CONTEXT() REPRESENTATION_CONTEXT('2D SPACE',''
  ) );
#4102 = PCURVE('',#3871,#4103);
#4103 = DEFINITIONAL_REPRESENTATION('',(#4104),#4108);
#4104 = LINE('',#4105,#4106);
#4105 = CARTESIAN_POINT('',(2.,0.));
#4106 = VECTOR('',#4107,1.);
#4107 = DIRECTION('',(0.,1.));
#4108 = ( GEOMETRIC_REPRESENTATION_CONTEXT(2) 
PARAMETRIC_REPRESENTATION_CONTEXT() REPRESENTATION_CONTEXT('2D SPACE',''
  ) );
#4109 = ORIENTED_EDGE('',*,*,#3905,.F.);
#4110 = ORIENTED_EDGE('',*,*,#1142,.F.);
#4111 = ORIENTED_EDGE('',*,*,#2844,.T.);
#4112 = ADVANCED_FACE('',(#4113),#1388,.T.);
#4113 = FACE_BOUND('',#4114,.T.);
#4114 = EDGE_LOOP('',(#4115,#4116,#4137,#4185,#4204));
#4115 = ORIENTED_EDGE('',*,*,#1370,.F.);
#4116 = ORIENTED_EDGE('',*,*,#4117,.F.);
#4117 = EDGE_CURVE('',#4118,#1270,#4120,.T.);
#4118 = VERTEX_POINT('',#4119);
#4119 = CARTESIAN_POINT('',(-8.912723348599,18.385326873862,
    62.51935512762));
#4120 = SURFACE_CURVE('',#4121,(#4124,#4130),.PCURVE_S1.);
#4121 = B_SPLINE_CURVE_WITH_KNOTS('',1,(#4122,#4123),.UNSPECIFIED.,.F.,
  .F.,(2,2),(3.,4.),.PIECEWISE_BEZIER_KNOTS.);
#4122 = CARTESIAN_POINT('',(-8.912723348599,18.385326873862,
    62.51935512762));
#4123 = CARTESIAN_POINT('',(-6.388132400756,11.952774046029,
    58.488386923428));
#4124 = PCURVE('',#1388,#4125);
#4125 = DEFINITIONAL_REPRESENTATION('',(#4126),#4129);
#4126 = B_SPLINE_CURVE_WITH_KNOTS('',1,(#4127,#4128),.UNSPECIFIED.,.F.,
  .F.,(2,2),(3.,4.),.PIECEWISE_BEZIER_KNOTS.);
#4127 = CARTESIAN_POINT('',(7.71364314243,-2.121251864168));
#4128 = CARTESIAN_POINT('',(0.,0.));
#4129 = ( GEOMETRIC_REPRESENTATION_CONTEXT(2) 
PARAMETRIC_REPRESENTATION_CONTEXT() REPRESENTATION_CONTEXT('2D SPACE',''
  ) );
#4130 = PCURVE('',#1319,#4131);
#4131 = DEFINITIONAL_REPRESENTATION('',(#4132),#4136);
#4132 = LINE('',#4133,#4134);
#4133 = CARTESIAN_POINT('',(0.,1.));
#4134 = VECTOR('',#4135,1.);
#4135 = DIRECTION('',(1.,0.));
#4136 = ( GEOMETRIC_REPRESENTATION_CONTEXT(2) 
PARAMETRIC_REPRESENTATION_CONTEXT() REPRESENTATION_CONTEXT('2D SPACE',''
  ) );
#4137 = ORIENTED_EDGE('',*,*,#4138,.F.);
#4138 = EDGE_CURVE('',#4139,#4118,#4141,.T.);
#4139 = VERTEX_POINT('',#4140);
#4140 = CARTESIAN_POINT('',(-10.96064559561,17.581576620256,
    62.51935512762));
#4141 = SURFACE_CURVE('',#4142,(#4145,#4151),.PCURVE_S1.);
#4142 = B_SPLINE_CURVE_WITH_KNOTS('',1,(#4143,#4144),.UNSPECIFIED.,.F.,
  .F.,(2,2),(2.,3.),.PIECEWISE_BEZIER_KNOTS.);
#4143 = CARTESIAN_POINT('',(-10.96064559561,17.581576620256,
    62.51935512762));
#4144 = CARTESIAN_POINT('',(-8.912723348599,18.385326873862,
    62.51935512762));
#4145 = PCURVE('',#1388,#4146);
#4146 = DEFINITIONAL_REPRESENTATION('',(#4147),#4150);
#4147 = B_SPLINE_CURVE_WITH_KNOTS('',1,(#4148,#4149),.UNSPECIFIED.,.F.,
  .F.,(2,2),(2.,3.),.PIECEWISE_BEZIER_KNOTS.);
#4148 = CARTESIAN_POINT('',(8.296987405077,-1.7763568394E-15));
#4149 = CARTESIAN_POINT('',(7.71364314243,-2.121251864168));
#4150 = ( GEOMETRIC_REPRESENTATION_CONTEXT(2) 
PARAMETRIC_REPRESENTATION_CONTEXT() REPRESENTATION_CONTEXT('2D SPACE',''
  ) );
#4151 = PCURVE('',#4152,#4179);
#4152 = ( BOUNDED_SURFACE() B_SPLINE_SURFACE(1,7,(
    (#4153,#4154,#4155,#4156,#4157,#4158,#4159,#4160,#4161,#4162,#4163
      ,#4164,#4165)
    ,(#4166,#4167,#4168,#4169,#4170,#4171,#4172,#4173,#4174,#4175,#4176
      ,#4177,#4178
)),.UNSPECIFIED.,.F.,.F.,.F.) B_SPLINE_SURFACE_WITH_KNOTS((2,2),(8,5,8),
  (2.,3.),(0.,0.529117254068,1.),.UNSPECIFIED.) 
GEOMETRIC_REPRESENTATION_ITEM() RATIONAL_B_SPLINE_SURFACE((
    (1.,1.,1.,1.,1.,1.,1.,1.,1.,1.,1.,1.,1.)
,(1.,1.,1.,1.,1.,1.,1.,1.,1.,1.,1.,1.,1.
))) REPRESENTATION_ITEM('') SURFACE() );
#4153 = CARTESIAN_POINT('',(35.514135734576,49.907355984657,
    7.558065382861));
#4154 = CARTESIAN_POINT('',(30.210495955225,50.313614428079,
    11.226025253761));
#4155 = CARTESIAN_POINT('',(24.941807272366,50.148417556051,
    14.97529571994));
#4156 = CARTESIAN_POINT('',(19.786858750482,49.398812355648,
    18.809104747687));
#4157 = CARTESIAN_POINT('',(14.834089357229,48.06453618183,
    22.730333161279));
#4158 = CARTESIAN_POINT('',(10.180385054654,46.162173919814,
    26.741206832894));
#4159 = CARTESIAN_POINT('',(2.142518945596,41.571093620646,
    34.492599061876));
#4160 = CARTESIAN_POINT('',(-4.125452921661,35.345658337306,
    42.562013145477));
#4161 = CARTESIAN_POINT('',(-6.617653449677,32.100656977325,
    46.431231576503));
#4162 = CARTESIAN_POINT('',(-8.58813731782,28.608454117705,
    50.367393192205));
#4163 = CARTESIAN_POINT('',(-9.984676434654,24.954740721908,
    54.365981883726));
#4164 = CARTESIAN_POINT('',(-10.77650220562,21.242793465535,
    58.419805090494));
#4165 = CARTESIAN_POINT('',(-10.96064559561,17.581576620256,
    62.51935512762));
#4166 = CARTESIAN_POINT('',(37.234164996006,48.535678420567,
    7.558065382861));
#4167 = CARTESIAN_POINT('',(32.02638761679,49.062144561231,
    11.226025253761));
#4168 = CARTESIAN_POINT('',(26.845885308119,49.027635976743,
    14.97529571994));
#4169 = CARTESIAN_POINT('',(21.769984473247,48.418971333209,
    18.809104747687));
#4170 = CARTESIAN_POINT('',(16.885539715857,47.235421808578,
    22.730333161279));
#4171 = CARTESIAN_POINT('',(12.28775861565,45.492801816805,
    26.741206832894));
#4172 = CARTESIAN_POINT('',(4.328930583301,41.21839335672,
    34.492599061876));
#4173 = CARTESIAN_POINT('',(-1.915803201596,35.33152806094,
    42.562013145477));
#4174 = CARTESIAN_POINT('',(-4.410505349512,32.249622452866,
    46.431231576503));
#4175 = CARTESIAN_POINT('',(-6.397890725471,28.922696907678,
    50.367393192205));
#4176 = CARTESIAN_POINT('',(-7.826469281632,25.434626949537,
    54.365981883726));
#4177 = CARTESIAN_POINT('',(-8.665798893541,21.886580000699,
    58.419805090494));
#4178 = CARTESIAN_POINT('',(-8.912723348599,18.385326873862,
    62.51935512762));
#4179 = DEFINITIONAL_REPRESENTATION('',(#4180),#4184);
#4180 = LINE('',#4181,#4182);
#4181 = CARTESIAN_POINT('',(0.,1.));
#4182 = VECTOR('',#4183,1.);
#4183 = DIRECTION('',(1.,0.));
#4184 = ( GEOMETRIC_REPRESENTATION_CONTEXT(2) 
PARAMETRIC_REPRESENTATION_CONTEXT() REPRESENTATION_CONTEXT('2D SPACE',''
  ) );
#4185 = ORIENTED_EDGE('',*,*,#4186,.F.);
#4186 = EDGE_CURVE('',#1431,#4139,#4187,.T.);
#4187 = SURFACE_CURVE('',#4188,(#4191,#4197),.PCURVE_S1.);
#4188 = B_SPLINE_CURVE_WITH_KNOTS('',1,(#4189,#4190),.UNSPECIFIED.,.F.,
  .F.,(2,2),(1.,2.),.PIECEWISE_BEZIER_KNOTS.);
#4189 = CARTESIAN_POINT('',(-8.436054647773,11.149023792423,
    58.488386923428));
#4190 = CARTESIAN_POINT('',(-10.96064559561,17.581576620256,
    62.51935512762));
#4191 = PCURVE('',#1388,#4192);
#4192 = DEFINITIONAL_REPRESENTATION('',(#4193),#4196);
#4193 = B_SPLINE_CURVE_WITH_KNOTS('',1,(#4194,#4195),.UNSPECIFIED.,.F.,
  .F.,(2,2),(1.,2.),.PIECEWISE_BEZIER_KNOTS.);
#4194 = CARTESIAN_POINT('',(0.583344262646,2.121251864168));
#4195 = CARTESIAN_POINT('',(8.296987405077,-1.7763568394E-15));
#4196 = ( GEOMETRIC_REPRESENTATION_CONTEXT(2) 
PARAMETRIC_REPRESENTATION_CONTEXT() REPRESENTATION_CONTEXT('2D SPACE',''
  ) );
#4197 = PCURVE('',#1507,#4198);
#4198 = DEFINITIONAL_REPRESENTATION('',(#4199),#4203);
#4199 = LINE('',#4200,#4201);
#4200 = CARTESIAN_POINT('',(0.,1.));
#4201 = VECTOR('',#4202,1.);
#4202 = DIRECTION('',(1.,0.));
#4203 = ( GEOMETRIC_REPRESENTATION_CONTEXT(2) 
PARAMETRIC_REPRESENTATION_CONTEXT() REPRESENTATION_CONTEXT('2D SPACE',''
  ) );
#4204 = ORIENTED_EDGE('',*,*,#1430,.F.);
#4205 = ADVANCED_FACE('',(#4206),#1319,.F.);
#4206 = FACE_BOUND('',#4207,.F.);
#4207 = EDGE_LOOP('',(#4208,#4241,#4267,#4298,#4299,#4300));
#4208 = ORIENTED_EDGE('',*,*,#4209,.F.);
#4209 = EDGE_CURVE('',#4210,#4118,#4212,.T.);
#4210 = VERTEX_POINT('',#4211);
#4211 = CARTESIAN_POINT('',(37.234164996006,48.535678420567,
    7.558065382861));
#4212 = SURFACE_CURVE('',#4213,(#4227,#4234),.PCURVE_S1.);
#4213 = ( BOUNDED_CURVE() B_SPLINE_CURVE(7,(#4214,#4215,#4216,#4217,
    #4218,#4219,#4220,#4221,#4222,#4223,#4224,#4225,#4226),
.UNSPECIFIED.,.F.,.F.) B_SPLINE_CURVE_WITH_KNOTS((8,5,8),(0.,
0.529117254068,1.),.UNSPECIFIED.) CURVE() GEOMETRIC_REPRESENTATION_ITEM(
) RATIONAL_B_SPLINE_CURVE((1.,1.,1.,1.,1.,1.,1.,1.,1.,1.,1.,1.,1.)) 
REPRESENTATION_ITEM('') );
#4214 = CARTESIAN_POINT('',(37.234164996006,48.535678420567,
    7.558065382861));
#4215 = CARTESIAN_POINT('',(32.02638761679,49.062144561231,
    11.226025253761));
#4216 = CARTESIAN_POINT('',(26.845885308119,49.027635976743,
    14.97529571994));
#4217 = CARTESIAN_POINT('',(21.769984473247,48.418971333209,
    18.809104747687));
#4218 = CARTESIAN_POINT('',(16.885539715857,47.235421808578,
    22.730333161279));
#4219 = CARTESIAN_POINT('',(12.28775861565,45.492801816805,
    26.741206832894));
#4220 = CARTESIAN_POINT('',(4.328930583301,41.21839335672,
    34.492599061876));
#4221 = CARTESIAN_POINT('',(-1.915803201596,35.33152806094,
    42.562013145477));
#4222 = CARTESIAN_POINT('',(-4.410505349512,32.249622452866,
    46.431231576503));
#4223 = CARTESIAN_POINT('',(-6.397890725471,28.922696907678,
    50.367393192205));
#4224 = CARTESIAN_POINT('',(-7.826469281632,25.434626949537,
    54.365981883726));
#4225 = CARTESIAN_POINT('',(-8.665798893541,21.886580000699,
    58.419805090494));
#4226 = CARTESIAN_POINT('',(-8.912723348599,18.385326873862,
    62.51935512762));
#4227 = PCURVE('',#1319,#4228);
#4228 = DEFINITIONAL_REPRESENTATION('',(#4229),#4233);
#4229 = LINE('',#4230,#4231);
#4230 = CARTESIAN_POINT('',(3.,0.));
#4231 = VECTOR('',#4232,1.);
#4232 = DIRECTION('',(0.,1.));
#4233 = ( GEOMETRIC_REPRESENTATION_CONTEXT(2) 
PARAMETRIC_REPRESENTATION_CONTEXT() REPRESENTATION_CONTEXT('2D SPACE',''
  ) );
#4234 = PCURVE('',#4152,#4235);
#4235 = DEFINITIONAL_REPRESENTATION('',(#4236),#4240);
#4236 = LINE('',#4237,#4238);
#4237 = CARTESIAN_POINT('',(3.,0.));
#4238 = VECTOR('',#4239,1.);
#4239 = DIRECTION('',(0.,1.));
#4240 = ( GEOMETRIC_REPRESENTATION_CONTEXT(2) 
PARAMETRIC_REPRESENTATION_CONTEXT() REPRESENTATION_CONTEXT('2D SPACE',''
  ) );
#4241 = ORIENTED_EDGE('',*,*,#4242,.T.);
#4242 = EDGE_CURVE('',#4210,#4243,#4245,.T.);
#4243 = VERTEX_POINT('',#4244);
#4244 = CARTESIAN_POINT('',(27.540132952129,36.379746725515,
    -1.511613076572));
#4245 = SURFACE_CURVE('',#4246,(#4249,#4256),.PCURVE_S1.);
#4246 = B_SPLINE_CURVE_WITH_KNOTS('',1,(#4247,#4248),.UNSPECIFIED.,.F.,
  .F.,(2,2),(3.,4.),.PIECEWISE_BEZIER_KNOTS.);
#4247 = CARTESIAN_POINT('',(37.234164996006,48.535678420567,
    7.558065382861));
#4248 = CARTESIAN_POINT('',(27.540132952129,36.379746725515,
    -1.511613076572));
#4249 = PCURVE('',#1319,#4250);
#4250 = DEFINITIONAL_REPRESENTATION('',(#4251),#4255);
#4251 = LINE('',#4252,#4253);
#4252 = CARTESIAN_POINT('',(0.,0.));
#4253 = VECTOR('',#4254,1.);
#4254 = DIRECTION('',(1.,0.));
#4255 = ( GEOMETRIC_REPRESENTATION_CONTEXT(2) 
PARAMETRIC_REPRESENTATION_CONTEXT() REPRESENTATION_CONTEXT('2D SPACE',''
  ) );
#4256 = PCURVE('',#4257,#4262);
#4257 = PLANE('',#4258);
#4258 = AXIS2_PLACEMENT_3D('',#4259,#4260,#4261);
#4259 = CARTESIAN_POINT('',(27.540132952129,36.379746725515,
    -1.511613076572));
#4260 = DIRECTION('',(-0.314158445866,-0.393942230858,0.863778900898));
#4261 = DIRECTION('',(0.439727941867,0.745982656414,0.500149191212));
#4262 = DEFINITIONAL_REPRESENTATION('',(#4263),#4266);
#4263 = B_SPLINE_CURVE_WITH_KNOTS('',1,(#4264,#4265),.UNSPECIFIED.,.F.,
  .F.,(2,2),(3.,4.),.PIECEWISE_BEZIER_KNOTS.);
#4264 = CARTESIAN_POINT('',(17.867043322156,-2.183749739375));
#4265 = CARTESIAN_POINT('',(0.,0.));
#4266 = ( GEOMETRIC_REPRESENTATION_CONTEXT(2) 
PARAMETRIC_REPRESENTATION_CONTEXT() REPRESENTATION_CONTEXT('2D SPACE',''
  ) );
#4267 = ORIENTED_EDGE('',*,*,#4268,.T.);
#4268 = EDGE_CURVE('',#4243,#2875,#4269,.T.);
#4269 = SURFACE_CURVE('',#4270,(#4284,#4291),.PCURVE_S1.);
#4270 = ( BOUNDED_CURVE() B_SPLINE_CURVE(7,(#4271,#4272,#4273,#4274,
    #4275,#4276,#4277,#4278,#4279,#4280,#4281,#4282,#4283),
.UNSPECIFIED.,.F.,.F.) B_SPLINE_CURVE_WITH_KNOTS((8,5,8),(0.,
0.529117254068,1.),.UNSPECIFIED.) CURVE() GEOMETRIC_REPRESENTATION_ITEM(
) RATIONAL_B_SPLINE_CURVE((1.,1.,1.,1.,1.,1.,1.,1.,1.,1.,1.,1.,1.)) 
REPRESENTATION_ITEM('') );
#4271 = CARTESIAN_POINT('',(27.540132952129,36.379746725515,
    -1.511613076572));
#4272 = CARTESIAN_POINT('',(23.541314798522,36.679422527021,
    2.492615959466));
#4273 = CARTESIAN_POINT('',(19.578315435965,36.540969874445,
    6.585609937866));
#4274 = CARTESIAN_POINT('',(15.712690003983,35.95584583137,
    10.770892756623));
#4275 = CARTESIAN_POINT('',(12.013290090093,34.925642272774,
    15.051609346561));
#4276 = CARTESIAN_POINT('',(8.555230671931,33.465321468204,
    19.430189642165));
#4277 = CARTESIAN_POINT('',(2.623850510309,29.957467302781,
    27.892209654768));
#4278 = CARTESIAN_POINT('',(-1.907531676894,25.23677501073,
    36.701406950989));
#4279 = CARTESIAN_POINT('',(-3.679879690012,22.784561761678,
    40.925345416396));
#4280 = CARTESIAN_POINT('',(-5.043695514904,20.156244820828,
    45.22236424618));
#4281 = CARTESIAN_POINT('',(-5.960300962723,17.419952813016,
    49.587533306171));
#4282 = CARTESIAN_POINT('',(-6.408270914702,14.657077012467,
    54.013000640284));
#4283 = CARTESIAN_POINT('',(-6.388132400756,11.952774046029,
    58.488386923428));
#4284 = PCURVE('',#1319,#4285);
#4285 = DEFINITIONAL_REPRESENTATION('',(#4286),#4290);
#4286 = LINE('',#4287,#4288);
#4287 = CARTESIAN_POINT('',(4.,0.));
#4288 = VECTOR('',#4289,1.);
#4289 = DIRECTION('',(0.,1.));
#4290 = ( GEOMETRIC_REPRESENTATION_CONTEXT(2) 
PARAMETRIC_REPRESENTATION_CONTEXT() REPRESENTATION_CONTEXT('2D SPACE',''
  ) );
#4291 = PCURVE('',#2923,#4292);
#4292 = DEFINITIONAL_REPRESENTATION('',(#4293),#4297);
#4293 = LINE('',#4294,#4295);
#4294 = CARTESIAN_POINT('',(0.,0.));
#4295 = VECTOR('',#4296,1.);
#4296 = DIRECTION('',(0.,1.));
#4297 = ( GEOMETRIC_REPRESENTATION_CONTEXT(2) 
PARAMETRIC_REPRESENTATION_CONTEXT() REPRESENTATION_CONTEXT('2D SPACE',''
  ) );
#4298 = ORIENTED_EDGE('',*,*,#2874,.F.);
#4299 = ORIENTED_EDGE('',*,*,#1269,.T.);
#4300 = ORIENTED_EDGE('',*,*,#4117,.F.);
#4301 = ADVANCED_FACE('',(#4302),#1701,.T.);
#4302 = FACE_BOUND('',#4303,.T.);
#4303 = EDGE_LOOP('',(#4304,#4305,#4326,#4374,#4393));
#4304 = ORIENTED_EDGE('',*,*,#1683,.F.);
#4305 = ORIENTED_EDGE('',*,*,#4306,.F.);
#4306 = EDGE_CURVE('',#4307,#1583,#4309,.T.);
#4307 = VERTEX_POINT('',#4308);
#4308 = CARTESIAN_POINT('',(-21.0150792987,6.745474205462,62.51935512762
    ));
#4309 = SURFACE_CURVE('',#4310,(#4313,#4319),.PCURVE_S1.);
#4310 = B_SPLINE_CURVE_WITH_KNOTS('',1,(#4311,#4312),.UNSPECIFIED.,.F.,
  .F.,(2,2),(3.,4.),.PIECEWISE_BEZIER_KNOTS.);
#4311 = CARTESIAN_POINT('',(-21.0150792987,6.745474205462,62.51935512762
    ));
#4312 = CARTESIAN_POINT('',(-14.41185027541,4.708647800768,
    58.488386923428));
#4313 = PCURVE('',#1701,#4314);
#4314 = DEFINITIONAL_REPRESENTATION('',(#4315),#4318);
#4315 = B_SPLINE_CURVE_WITH_KNOTS('',1,(#4316,#4317),.UNSPECIFIED.,.F.,
  .F.,(2,2),(3.,4.),.PIECEWISE_BEZIER_KNOTS.);
#4316 = CARTESIAN_POINT('',(7.71364314243,-2.121251864168));
#4317 = CARTESIAN_POINT('',(0.,0.));
#4318 = ( GEOMETRIC_REPRESENTATION_CONTEXT(2) 
PARAMETRIC_REPRESENTATION_CONTEXT() REPRESENTATION_CONTEXT('2D SPACE',''
  ) );
#4319 = PCURVE('',#1632,#4320);
#4320 = DEFINITIONAL_REPRESENTATION('',(#4321),#4325);
#4321 = LINE('',#4322,#4323);
#4322 = CARTESIAN_POINT('',(0.,1.));
#4323 = VECTOR('',#4324,1.);
#4324 = DIRECTION('',(1.,0.));
#4325 = ( GEOMETRIC_REPRESENTATION_CONTEXT(2) 
PARAMETRIC_REPRESENTATION_CONTEXT() REPRESENTATION_CONTEXT('2D SPACE',''
  ) );
#4326 = ORIENTED_EDGE('',*,*,#4327,.F.);
#4327 = EDGE_CURVE('',#4328,#4307,#4330,.T.);
#4328 = VERTEX_POINT('',#4329);
#4329 = CARTESIAN_POINT('',(-21.6635406824,4.643214032733,62.51935512762
    ));
#4330 = SURFACE_CURVE('',#4331,(#4334,#4340),.PCURVE_S1.);
#4331 = B_SPLINE_CURVE_WITH_KNOTS('',1,(#4332,#4333),.UNSPECIFIED.,.F.,
  .F.,(2,2),(2.,3.),.PIECEWISE_BEZIER_KNOTS.);
#4332 = CARTESIAN_POINT('',(-21.6635406824,4.643214032733,62.51935512762
    ));
#4333 = CARTESIAN_POINT('',(-21.0150792987,6.745474205462,62.51935512762
    ));
#4334 = PCURVE('',#1701,#4335);
#4335 = DEFINITIONAL_REPRESENTATION('',(#4336),#4339);
#4336 = B_SPLINE_CURVE_WITH_KNOTS('',1,(#4337,#4338),.UNSPECIFIED.,.F.,
  .F.,(2,2),(2.,3.),.PIECEWISE_BEZIER_KNOTS.);
#4337 = CARTESIAN_POINT('',(8.296987405077,-1.7763568394E-15));
#4338 = CARTESIAN_POINT('',(7.71364314243,-2.121251864168));
#4339 = ( GEOMETRIC_REPRESENTATION_CONTEXT(2) 
PARAMETRIC_REPRESENTATION_CONTEXT() REPRESENTATION_CONTEXT('2D SPACE',''
  ) );
#4340 = PCURVE('',#4341,#4368);
#4341 = ( BOUNDED_SURFACE() B_SPLINE_SURFACE(1,7,(
    (#4342,#4343,#4344,#4345,#4346,#4347,#4348,#4349,#4350,#4351,#4352
      ,#4353,#4354)
    ,(#4355,#4356,#4357,#4358,#4359,#4360,#4361,#4362,#4363,#4364,#4365
      ,#4366,#4367
)),.UNSPECIFIED.,.F.,.F.,.F.) B_SPLINE_SURFACE_WITH_KNOTS((2,2),(8,5,8),
  (2.,3.),(0.,0.529117254068,1.),.UNSPECIFIED.) 
GEOMETRIC_REPRESENTATION_ITEM() RATIONAL_B_SPLINE_SURFACE((
    (1.,1.,1.,1.,1.,1.,1.,1.,1.,1.,1.,1.,1.)
,(1.,1.,1.,1.,1.,1.,1.,1.,1.,1.,1.,1.,1.
))) REPRESENTATION_ITEM('') SURFACE() );
#4342 = CARTESIAN_POINT('',(-17.96030048182,61.133454988334,
    7.558065382861));
#4343 = CARTESIAN_POINT('',(-21.58469143806,57.240200433561,
    11.226025253761));
#4344 = CARTESIAN_POINT('',(-24.74050898563,53.01797518497,
    14.97529571994));
#4345 = CARTESIAN_POINT('',(-27.36850187304,48.520302942187,
    18.809104747687));
#4346 = CARTESIAN_POINT('',(-29.41332396169,43.816164317899,
    22.730333161279));
#4347 = CARTESIAN_POINT('',(-30.82753442771,38.991648314242,
    26.741206832894));
#4348 = CARTESIAN_POINT('',(-32.24961085899,29.84489979227,
    34.492599061876));
#4349 = CARTESIAN_POINT('',(-31.29038609998,21.062906643931,
    42.562013145477));
#4350 = CARTESIAN_POINT('',(-30.3072034895,17.091200555539,
    46.431231576503));
#4351 = CARTESIAN_POINT('',(-28.80546594719,13.373261362735,
    50.367393192205));
#4352 = CARTESIAN_POINT('',(-26.81960568369,10.003350073502,
    54.365981883726));
#4353 = CARTESIAN_POINT('',(-24.41118375045,7.069914497739,
    58.419805090494));
#4354 = CARTESIAN_POINT('',(-21.6635406824,4.643214032733,62.51935512762
    ));
#4355 = CARTESIAN_POINT('',(-15.81545907502,61.623001043037,
    7.558065382861));
#4356 = CARTESIAN_POINT('',(-19.47406296453,57.87964300401,
    11.226025253761));
#4357 = CARTESIAN_POINT('',(-22.67707342473,53.807847453588,
    14.97529571994));
#4358 = CARTESIAN_POINT('',(-25.36597264994,49.459852181003,
    18.809104747687));
#4359 = CARTESIAN_POINT('',(-27.48603786449,44.903108436698,
    22.730333161279));
#4360 = CARTESIAN_POINT('',(-28.9902723201,40.221912629674,
    26.741206832894));
#4361 = CARTESIAN_POINT('',(-30.61065333,31.334400226592,34.492599061876
    ));
#4362 = CARTESIAN_POINT('',(-29.90164453892,22.781670277093,
    42.562013145477));
#4363 = CARTESIAN_POINT('',(-29.04753505643,18.909696881546,
    46.431231576503));
#4364 = CARTESIAN_POINT('',(-27.68555443965,15.281592277858,
    50.367393192205));
#4365 = CARTESIAN_POINT('',(-25.84917569424,11.989908540402,
    54.365981883726));
#4366 = CARTESIAN_POINT('',(-23.59851434179,9.121523136526,
    58.419805090494));
#4367 = CARTESIAN_POINT('',(-21.0150792987,6.745474205462,62.51935512762
    ));
#4368 = DEFINITIONAL_REPRESENTATION('',(#4369),#4373);
#4369 = LINE('',#4370,#4371);
#4370 = CARTESIAN_POINT('',(0.,1.));
#4371 = VECTOR('',#4372,1.);
#4372 = DIRECTION('',(1.,0.));
#4373 = ( GEOMETRIC_REPRESENTATION_CONTEXT(2) 
PARAMETRIC_REPRESENTATION_CONTEXT() REPRESENTATION_CONTEXT('2D SPACE',''
  ) );
#4374 = ORIENTED_EDGE('',*,*,#4375,.F.);
#4375 = EDGE_CURVE('',#1718,#4328,#4376,.T.);
#4376 = SURFACE_CURVE('',#4377,(#4380,#4386),.PCURVE_S1.);
#4377 = B_SPLINE_CURVE_WITH_KNOTS('',1,(#4378,#4379),.UNSPECIFIED.,.F.,
  .F.,(2,2),(1.,2.),.PIECEWISE_BEZIER_KNOTS.);
#4378 = CARTESIAN_POINT('',(-15.06031165912,2.606387628038,
    58.488386923428));
#4379 = CARTESIAN_POINT('',(-21.6635406824,4.643214032733,62.51935512762
    ));
#4380 = PCURVE('',#1701,#4381);
#4381 = DEFINITIONAL_REPRESENTATION('',(#4382),#4385);
#4382 = B_SPLINE_CURVE_WITH_KNOTS('',1,(#4383,#4384),.UNSPECIFIED.,.F.,
  .F.,(2,2),(1.,2.),.PIECEWISE_BEZIER_KNOTS.);
#4383 = CARTESIAN_POINT('',(0.583344262646,2.121251864168));
#4384 = CARTESIAN_POINT('',(8.296987405077,-1.7763568394E-15));
#4385 = ( GEOMETRIC_REPRESENTATION_CONTEXT(2) 
PARAMETRIC_REPRESENTATION_CONTEXT() REPRESENTATION_CONTEXT('2D SPACE',''
  ) );
#4386 = PCURVE('',#1794,#4387);
#4387 = DEFINITIONAL_REPRESENTATION('',(#4388),#4392);
#4388 = LINE('',#4389,#4390);
#4389 = CARTESIAN_POINT('',(0.,1.));
#4390 = VECTOR('',#4391,1.);
#4391 = DIRECTION('',(1.,0.));
#4392 = ( GEOMETRIC_REPRESENTATION_CONTEXT(2) 
PARAMETRIC_REPRESENTATION_CONTEXT() REPRESENTATION_CONTEXT('2D SPACE',''
  ) );
#4393 = ORIENTED_EDGE('',*,*,#1717,.F.);
#4394 = ADVANCED_FACE('',(#4395),#1632,.F.);
#4395 = FACE_BOUND('',#4396,.F.);
#4396 = EDGE_LOOP('',(#4397,#4430,#4456,#4487,#4488,#4489));
#4397 = ORIENTED_EDGE('',*,*,#4398,.F.);
#4398 = EDGE_CURVE('',#4399,#4307,#4401,.T.);
#4399 = VERTEX_POINT('',#4400);
#4400 = CARTESIAN_POINT('',(-15.81545907502,61.623001043037,
    7.558065382861));
#4401 = SURFACE_CURVE('',#4402,(#4416,#4423),.PCURVE_S1.);
#4402 = ( BOUNDED_CURVE() B_SPLINE_CURVE(7,(#4403,#4404,#4405,#4406,
    #4407,#4408,#4409,#4410,#4411,#4412,#4413,#4414,#4415),
.UNSPECIFIED.,.F.,.F.) B_SPLINE_CURVE_WITH_KNOTS((8,5,8),(0.,
0.529117254068,1.),.UNSPECIFIED.) CURVE() GEOMETRIC_REPRESENTATION_ITEM(
) RATIONAL_B_SPLINE_CURVE((1.,1.,1.,1.,1.,1.,1.,1.,1.,1.,1.,1.,1.)) 
REPRESENTATION_ITEM('') );
#4403 = CARTESIAN_POINT('',(-15.81545907502,61.623001043037,
    7.558065382861));
#4404 = CARTESIAN_POINT('',(-19.47406296453,57.87964300401,
    11.226025253761));
#4405 = CARTESIAN_POINT('',(-22.67707342473,53.807847453588,
    14.97529571994));
#4406 = CARTESIAN_POINT('',(-25.36597264994,49.459852181003,
    18.809104747687));
#4407 = CARTESIAN_POINT('',(-27.48603786449,44.903108436698,
    22.730333161279));
#4408 = CARTESIAN_POINT('',(-28.9902723201,40.221912629674,
    26.741206832894));
#4409 = CARTESIAN_POINT('',(-30.61065333,31.334400226592,34.492599061876
    ));
#4410 = CARTESIAN_POINT('',(-29.90164453892,22.781670277093,
    42.562013145477));
#4411 = CARTESIAN_POINT('',(-29.04753505643,18.909696881546,
    46.431231576503));
#4412 = CARTESIAN_POINT('',(-27.68555443965,15.281592277858,
    50.367393192205));
#4413 = CARTESIAN_POINT('',(-25.84917569424,11.989908540402,
    54.365981883726));
#4414 = CARTESIAN_POINT('',(-23.59851434179,9.121523136526,
    58.419805090494));
#4415 = CARTESIAN_POINT('',(-21.0150792987,6.745474205462,62.51935512762
    ));
#4416 = PCURVE('',#1632,#4417);
#4417 = DEFINITIONAL_REPRESENTATION('',(#4418),#4422);
#4418 = LINE('',#4419,#4420);
#4419 = CARTESIAN_POINT('',(3.,0.));
#4420 = VECTOR('',#4421,1.);
#4421 = DIRECTION('',(0.,1.));
#4422 = ( GEOMETRIC_REPRESENTATION_CONTEXT(2) 
PARAMETRIC_REPRESENTATION_CONTEXT() REPRESENTATION_CONTEXT('2D SPACE',''
  ) );
#4423 = PCURVE('',#4341,#4424);
#4424 = DEFINITIONAL_REPRESENTATION('',(#4425),#4429);
#4425 = LINE('',#4426,#4427);
#4426 = CARTESIAN_POINT('',(3.,0.));
#4427 = VECTOR('',#4428,1.);
#4428 = DIRECTION('',(0.,1.));
#4429 = ( GEOMETRIC_REPRESENTATION_CONTEXT(2) 
PARAMETRIC_REPRESENTATION_CONTEXT() REPRESENTATION_CONTEXT('2D SPACE',''
  ) );
#4430 = ORIENTED_EDGE('',*,*,#4431,.T.);
#4431 = EDGE_CURVE('',#4399,#4432,#4434,.T.);
#4432 = VERTEX_POINT('',#4433);
#4433 = CARTESIAN_POINT('',(-12.35569909534,46.464802155124,
    -1.511613076572));
#4434 = SURFACE_CURVE('',#4435,(#4438,#4445),.PCURVE_S1.);
#4435 = B_SPLINE_CURVE_WITH_KNOTS('',1,(#4436,#4437),.UNSPECIFIED.,.F.,
  .F.,(2,2),(3.,4.),.PIECEWISE_BEZIER_KNOTS.);
#4436 = CARTESIAN_POINT('',(-15.81545907502,61.623001043037,
    7.558065382861));
#4437 = CARTESIAN_POINT('',(-12.35569909534,46.464802155124,
    -1.511613076572));
#4438 = PCURVE('',#1632,#4439);
#4439 = DEFINITIONAL_REPRESENTATION('',(#4440),#4444);
#4440 = LINE('',#4441,#4442);
#4441 = CARTESIAN_POINT('',(0.,0.));
#4442 = VECTOR('',#4443,1.);
#4443 = DIRECTION('',(1.,0.));
#4444 = ( GEOMETRIC_REPRESENTATION_CONTEXT(2) 
PARAMETRIC_REPRESENTATION_CONTEXT() REPRESENTATION_CONTEXT('2D SPACE',''
  ) );
#4445 = PCURVE('',#4446,#4451);
#4446 = PLANE('',#4447);
#4447 = AXIS2_PLACEMENT_3D('',#4448,#4449,#4450);
#4448 = CARTESIAN_POINT('',(-12.35569909534,46.464802155124,
    -1.511613076572));
#4449 = DIRECTION('',(0.112121851193,-0.491237926923,0.863778900898));
#4450 = DIRECTION('',(-0.309066838813,0.808905727311,0.500149191212));
#4451 = DEFINITIONAL_REPRESENTATION('',(#4452),#4455);
#4452 = B_SPLINE_CURVE_WITH_KNOTS('',1,(#4453,#4454),.UNSPECIFIED.,.F.,
  .F.,(2,2),(3.,4.),.PIECEWISE_BEZIER_KNOTS.);
#4453 = CARTESIAN_POINT('',(17.867043322155,-2.183749739375));
#4454 = CARTESIAN_POINT('',(0.,0.));
#4455 = ( GEOMETRIC_REPRESENTATION_CONTEXT(2) 
PARAMETRIC_REPRESENTATION_CONTEXT() REPRESENTATION_CONTEXT('2D SPACE',''
  ) );
#4456 = ORIENTED_EDGE('',*,*,#4457,.T.);
#4457 = EDGE_CURVE('',#4432,#2988,#4458,.T.);
#4458 = SURFACE_CURVE('',#4459,(#4473,#4480),.PCURVE_S1.);
#4459 = ( BOUNDED_CURVE() B_SPLINE_CURVE(7,(#4460,#4461,#4462,#4463,
    #4464,#4465,#4466,#4467,#4468,#4469,#4470,#4471,#4472),
.UNSPECIFIED.,.F.,.F.) B_SPLINE_CURVE_WITH_KNOTS((8,5,8),(0.,
0.529117254068,1.),.UNSPECIFIED.) CURVE() GEOMETRIC_REPRESENTATION_ITEM(
) RATIONAL_B_SPLINE_CURVE((1.,1.,1.,1.,1.,1.,1.,1.,1.,1.,1.,1.,1.)) 
REPRESENTATION_ITEM('') );
#4460 = CARTESIAN_POINT('',(-12.35569909534,46.464802155124,
    -1.511613076572));
#4461 = CARTESIAN_POINT('',(-15.08321740976,43.525245036072,
    2.492615959466));
#4462 = CARTESIAN_POINT('',(-17.44586045447,40.340523552503,
    6.585609937866));
#4463 = CARTESIAN_POINT('',(-19.39857009109,36.953437016671,
    10.770892756623));
#4464 = CARTESIAN_POINT('',(-20.89966263493,33.418808285129,
    15.051609346561));
#4465 = CARTESIAN_POINT('',(-21.91400263686,29.804693434674,
    19.430189642165));
#4466 = CARTESIAN_POINT('',(-22.86960685615,22.980242391282,
    27.892209654768));
#4467 = CARTESIAN_POINT('',(-22.00409158522,16.494161636425,
    36.701406950989));
#4468 = CARTESIAN_POINT('',(-21.19191497691,13.579554209113,
    40.925345416396));
#4469 = CARTESIAN_POINT('',(-19.98733930509,10.874551252252,
    45.22236424618));
#4470 = CARTESIAN_POINT('',(-18.4195142172,8.451870094367,
    49.587533306171));
#4471 = CARTESIAN_POINT('',(-16.53871563078,6.379008197266,
    54.013000640284));
#4472 = CARTESIAN_POINT('',(-14.41185027541,4.708647800768,
    58.488386923428));
#4473 = PCURVE('',#1632,#4474);
#4474 = DEFINITIONAL_REPRESENTATION('',(#4475),#4479);
#4475 = LINE('',#4476,#4477);
#4476 = CARTESIAN_POINT('',(4.,0.));
#4477 = VECTOR('',#4478,1.);
#4478 = DIRECTION('',(0.,1.));
#4479 = ( GEOMETRIC_REPRESENTATION_CONTEXT(2) 
PARAMETRIC_REPRESENTATION_CONTEXT() REPRESENTATION_CONTEXT('2D SPACE',''
  ) );
#4480 = PCURVE('',#3036,#4481);
#4481 = DEFINITIONAL_REPRESENTATION('',(#4482),#4486);
#4482 = LINE('',#4483,#4484);
#4483 = CARTESIAN_POINT('',(0.,0.));
#4484 = VECTOR('',#4485,1.);
#4485 = DIRECTION('',(0.,1.));
#4486 = ( GEOMETRIC_REPRESENTATION_CONTEXT(2) 
PARAMETRIC_REPRESENTATION_CONTEXT() REPRESENTATION_CONTEXT('2D SPACE',''
  ) );
#4487 = ORIENTED_EDGE('',*,*,#2987,.F.);
#4488 = ORIENTED_EDGE('',*,*,#1582,.T.);
#4489 = ORIENTED_EDGE('',*,*,#4306,.F.);
#4490 = ADVANCED_FACE('',(#4491),#1507,.F.);
#4491 = FACE_BOUND('',#4492,.F.);
#4492 = EDGE_LOOP('',(#4493,#4526,#4547,#4578,#4579,#4580));
#4493 = ORIENTED_EDGE('',*,*,#4494,.F.);
#4494 = EDGE_CURVE('',#4495,#2904,#4497,.T.);
#4495 = VERTEX_POINT('',#4496);
#4496 = CARTESIAN_POINT('',(25.820103690699,37.751424289604,
    -1.511613076572));
#4497 = SURFACE_CURVE('',#4498,(#4512,#4519),.PCURVE_S1.);
#4498 = ( BOUNDED_CURVE() B_SPLINE_CURVE(7,(#4499,#4500,#4501,#4502,
    #4503,#4504,#4505,#4506,#4507,#4508,#4509,#4510,#4511),
.UNSPECIFIED.,.F.,.F.) B_SPLINE_CURVE_WITH_KNOTS((8,5,8),(0.,
0.529117254068,1.),.UNSPECIFIED.) CURVE() GEOMETRIC_REPRESENTATION_ITEM(
) RATIONAL_B_SPLINE_CURVE((1.,1.,1.,1.,1.,1.,1.,1.,1.,1.,1.,1.,1.)) 
REPRESENTATION_ITEM('') );
#4499 = CARTESIAN_POINT('',(25.820103690699,37.751424289604,
    -1.511613076572));
#4500 = CARTESIAN_POINT('',(21.725423136957,37.930892393871,
    2.492615959466));
#4501 = CARTESIAN_POINT('',(17.674237400212,37.661751453748,
    6.585609937866));
#4502 = CARTESIAN_POINT('',(13.729564281217,36.935686853817,
    10.770892756623));
#4503 = CARTESIAN_POINT('',(9.961839731465,35.754756646019,
    15.051609346561));
#4504 = CARTESIAN_POINT('',(6.447857110935,34.134693571216,
    19.430189642165));
#4505 = CARTESIAN_POINT('',(0.437438872604,30.310167566703,
    27.892209654768));
#4506 = CARTESIAN_POINT('',(-4.11718139696,25.2509052871,36.701406950989
    ));
#4507 = CARTESIAN_POINT('',(-5.887027790174,22.635596286129,
    40.925345416396));
#4508 = CARTESIAN_POINT('',(-7.233942107257,19.842002030863,
    45.22236424618));
#4509 = CARTESIAN_POINT('',(-8.118508115743,16.940066585381,
    49.587533306171));
#4510 = CARTESIAN_POINT('',(-8.518974226789,14.013290477306,
    54.013000640284));
#4511 = CARTESIAN_POINT('',(-8.436054647773,11.149023792423,
    58.488386923428));
#4512 = PCURVE('',#1507,#4513);
#4513 = DEFINITIONAL_REPRESENTATION('',(#4514),#4518);
#4514 = LINE('',#4515,#4516);
#4515 = CARTESIAN_POINT('',(1.,0.));
#4516 = VECTOR('',#4517,1.);
#4517 = DIRECTION('',(0.,1.));
#4518 = ( GEOMETRIC_REPRESENTATION_CONTEXT(2) 
PARAMETRIC_REPRESENTATION_CONTEXT() REPRESENTATION_CONTEXT('2D SPACE',''
  ) );
#4519 = PCURVE('',#2923,#4520);
#4520 = DEFINITIONAL_REPRESENTATION('',(#4521),#4525);
#4521 = LINE('',#4522,#4523);
#4522 = CARTESIAN_POINT('',(1.,0.));
#4523 = VECTOR('',#4524,1.);
#4524 = DIRECTION('',(0.,1.));
#4525 = ( GEOMETRIC_REPRESENTATION_CONTEXT(2) 
PARAMETRIC_REPRESENTATION_CONTEXT() REPRESENTATION_CONTEXT('2D SPACE',''
  ) );
#4526 = ORIENTED_EDGE('',*,*,#4527,.T.);
#4527 = EDGE_CURVE('',#4495,#4528,#4530,.T.);
#4528 = VERTEX_POINT('',#4529);
#4529 = CARTESIAN_POINT('',(35.514135734576,49.907355984657,
    7.558065382861));
#4530 = SURFACE_CURVE('',#4531,(#4534,#4541),.PCURVE_S1.);
#4531 = B_SPLINE_CURVE_WITH_KNOTS('',1,(#4532,#4533),.UNSPECIFIED.,.F.,
  .F.,(2,2),(1.,2.),.PIECEWISE_BEZIER_KNOTS.);
#4532 = CARTESIAN_POINT('',(25.820103690699,37.751424289604,
    -1.511613076572));
#4533 = CARTESIAN_POINT('',(35.514135734576,49.907355984657,
    7.558065382861));
#4534 = PCURVE('',#1507,#4535);
#4535 = DEFINITIONAL_REPRESENTATION('',(#4536),#4540);
#4536 = LINE('',#4537,#4538);
#4537 = CARTESIAN_POINT('',(0.,0.));
#4538 = VECTOR('',#4539,1.);
#4539 = DIRECTION('',(1.,0.));
#4540 = ( GEOMETRIC_REPRESENTATION_CONTEXT(2) 
PARAMETRIC_REPRESENTATION_CONTEXT() REPRESENTATION_CONTEXT('2D SPACE',''
  ) );
#4541 = PCURVE('',#4257,#4542);
#4542 = DEFINITIONAL_REPRESENTATION('',(#4543),#4546);
#4543 = B_SPLINE_CURVE_WITH_KNOTS('',1,(#4544,#4545),.UNSPECIFIED.,.F.,
  .F.,(2,2),(1.,2.),.PIECEWISE_BEZIER_KNOTS.);
#4544 = CARTESIAN_POINT('',(0.266902745924,2.183749739375));
#4545 = CARTESIAN_POINT('',(18.133946068079,4.440892098501E-16));
#4546 = ( GEOMETRIC_REPRESENTATION_CONTEXT(2) 
PARAMETRIC_REPRESENTATION_CONTEXT() REPRESENTATION_CONTEXT('2D SPACE',''
  ) );
#4547 = ORIENTED_EDGE('',*,*,#4548,.T.);
#4548 = EDGE_CURVE('',#4528,#4139,#4549,.T.);
#4549 = SURFACE_CURVE('',#4550,(#4564,#4571),.PCURVE_S1.);
#4550 = ( BOUNDED_CURVE() B_SPLINE_CURVE(7,(#4551,#4552,#4553,#4554,
    #4555,#4556,#4557,#4558,#4559,#4560,#4561,#4562,#4563),
.UNSPECIFIED.,.F.,.F.) B_SPLINE_CURVE_WITH_KNOTS((8,5,8),(0.,
0.529117254068,1.),.UNSPECIFIED.) CURVE() GEOMETRIC_REPRESENTATION_ITEM(
) RATIONAL_B_SPLINE_CURVE((1.,1.,1.,1.,1.,1.,1.,1.,1.,1.,1.,1.,1.)) 
REPRESENTATION_ITEM('') );
#4551 = CARTESIAN_POINT('',(35.514135734576,49.907355984657,
    7.558065382861));
#4552 = CARTESIAN_POINT('',(30.210495955225,50.313614428079,
    11.226025253761));
#4553 = CARTESIAN_POINT('',(24.941807272366,50.148417556051,
    14.97529571994));
#4554 = CARTESIAN_POINT('',(19.786858750482,49.398812355648,
    18.809104747687));
#4555 = CARTESIAN_POINT('',(14.834089357229,48.06453618183,
    22.730333161279));
#4556 = CARTESIAN_POINT('',(10.180385054654,46.162173919814,
    26.741206832894));
#4557 = CARTESIAN_POINT('',(2.142518945596,41.571093620646,
    34.492599061876));
#4558 = CARTESIAN_POINT('',(-4.125452921661,35.345658337306,
    42.562013145477));
#4559 = CARTESIAN_POINT('',(-6.617653449677,32.100656977325,
    46.431231576503));
#4560 = CARTESIAN_POINT('',(-8.58813731782,28.608454117705,
    50.367393192205));
#4561 = CARTESIAN_POINT('',(-9.984676434654,24.954740721908,
    54.365981883726));
#4562 = CARTESIAN_POINT('',(-10.77650220562,21.242793465535,
    58.419805090494));
#4563 = CARTESIAN_POINT('',(-10.96064559561,17.581576620256,
    62.51935512762));
#4564 = PCURVE('',#1507,#4565);
#4565 = DEFINITIONAL_REPRESENTATION('',(#4566),#4570);
#4566 = LINE('',#4567,#4568);
#4567 = CARTESIAN_POINT('',(2.,0.));
#4568 = VECTOR('',#4569,1.);
#4569 = DIRECTION('',(0.,1.));
#4570 = ( GEOMETRIC_REPRESENTATION_CONTEXT(2) 
PARAMETRIC_REPRESENTATION_CONTEXT() REPRESENTATION_CONTEXT('2D SPACE',''
  ) );
#4571 = PCURVE('',#4152,#4572);
#4572 = DEFINITIONAL_REPRESENTATION('',(#4573),#4577);
#4573 = LINE('',#4574,#4575);
#4574 = CARTESIAN_POINT('',(2.,0.));
#4575 = VECTOR('',#4576,1.);
#4576 = DIRECTION('',(0.,1.));
#4577 = ( GEOMETRIC_REPRESENTATION_CONTEXT(2) 
PARAMETRIC_REPRESENTATION_CONTEXT() REPRESENTATION_CONTEXT('2D SPACE',''
  ) );
#4578 = ORIENTED_EDGE('',*,*,#4186,.F.);
#4579 = ORIENTED_EDGE('',*,*,#1457,.F.);
#4580 = ORIENTED_EDGE('',*,*,#2959,.T.);
#4581 = ADVANCED_FACE('',(#4582),#1988,.T.);
#4582 = FACE_BOUND('',#4583,.T.);
#4583 = EDGE_LOOP('',(#4584,#4585,#4606,#4654,#4673));
#4584 = ORIENTED_EDGE('',*,*,#1970,.F.);
#4585 = ORIENTED_EDGE('',*,*,#4586,.F.);
#4586 = EDGE_CURVE('',#4587,#1870,#4589,.T.);
#4587 = VERTEX_POINT('',#4588);
#4588 = CARTESIAN_POINT('',(-19.46037154461,-9.973858122248,
    62.51935512762));
#4589 = SURFACE_CURVE('',#4590,(#4593,#4599),.PCURVE_S1.);
#4590 = B_SPLINE_CURVE_WITH_KNOTS('',1,(#4591,#4592),.UNSPECIFIED.,.F.,
  .F.,(2,2),(3.,4.),.PIECEWISE_BEZIER_KNOTS.);
#4591 = CARTESIAN_POINT('',(-19.46037154461,-9.973858122248,
    62.51935512762));
#4592 = CARTESIAN_POINT('',(-13.75087058174,-6.081186277382,
    58.488386923428));
#4593 = PCURVE('',#1988,#4594);
#4594 = DEFINITIONAL_REPRESENTATION('',(#4595),#4598);
#4595 = B_SPLINE_CURVE_WITH_KNOTS('',1,(#4596,#4597),.UNSPECIFIED.,.F.,
  .F.,(2,2),(3.,4.),.PIECEWISE_BEZIER_KNOTS.);
#4596 = CARTESIAN_POINT('',(7.71364314243,-2.121251864168));
#4597 = CARTESIAN_POINT('',(0.,0.));
#4598 = ( GEOMETRIC_REPRESENTATION_CONTEXT(2) 
PARAMETRIC_REPRESENTATION_CONTEXT() REPRESENTATION_CONTEXT('2D SPACE',''
  ) );
#4599 = PCURVE('',#1919,#4600);
#4600 = DEFINITIONAL_REPRESENTATION('',(#4601),#4605);
#4601 = LINE('',#4602,#4603);
#4602 = CARTESIAN_POINT('',(0.,1.));
#4603 = VECTOR('',#4604,1.);
#4604 = DIRECTION('',(1.,0.));
#4605 = ( GEOMETRIC_REPRESENTATION_CONTEXT(2) 
PARAMETRIC_REPRESENTATION_CONTEXT() REPRESENTATION_CONTEXT('2D SPACE',''
  ) );
#4606 = ORIENTED_EDGE('',*,*,#4607,.F.);
#4607 = EDGE_CURVE('',#4608,#4587,#4610,.T.);
#4608 = VERTEX_POINT('',#4609);
#4609 = CARTESIAN_POINT('',(-18.22106741687,-11.79158342574,
    62.51935512762));
#4610 = SURFACE_CURVE('',#4611,(#4614,#4620),.PCURVE_S1.);
#4611 = B_SPLINE_CURVE_WITH_KNOTS('',1,(#4612,#4613),.UNSPECIFIED.,.F.,
  .F.,(2,2),(2.,3.),.PIECEWISE_BEZIER_KNOTS.);
#4612 = CARTESIAN_POINT('',(-18.22106741687,-11.79158342574,
    62.51935512762));
#4613 = CARTESIAN_POINT('',(-19.46037154461,-9.973858122248,
    62.51935512762));
#4614 = PCURVE('',#1988,#4615);
#4615 = DEFINITIONAL_REPRESENTATION('',(#4616),#4619);
#4616 = B_SPLINE_CURVE_WITH_KNOTS('',1,(#4617,#4618),.UNSPECIFIED.,.F.,
  .F.,(2,2),(2.,3.),.PIECEWISE_BEZIER_KNOTS.);
#4617 = CARTESIAN_POINT('',(8.296987405077,1.7763568394E-15));
#4618 = CARTESIAN_POINT('',(7.71364314243,-2.121251864168));
#4619 = ( GEOMETRIC_REPRESENTATION_CONTEXT(2) 
PARAMETRIC_REPRESENTATION_CONTEXT() REPRESENTATION_CONTEXT('2D SPACE',''
  ) );
#4620 = PCURVE('',#4621,#4648);
#4621 = ( BOUNDED_SURFACE() B_SPLINE_SURFACE(1,7,(
    (#4622,#4623,#4624,#4625,#4626,#4627,#4628,#4629,#4630,#4631,#4632
      ,#4633,#4634)
    ,(#4635,#4636,#4637,#4638,#4639,#4640,#4641,#4642,#4643,#4644,#4645
      ,#4646,#4647
)),.UNSPECIFIED.,.F.,.F.,.F.) B_SPLINE_SURFACE_WITH_KNOTS((2,2),(8,5,8),
  (2.,3.),(0.,0.529117254068,1.),.UNSPECIFIED.) 
GEOMETRIC_REPRESENTATION_ITEM() RATIONAL_B_SPLINE_SURFACE((
    (1.,1.,1.,1.,1.,1.,1.,1.,1.,1.,1.,1.,1.)
,(1.,1.,1.,1.,1.,1.,1.,1.,1.,1.,1.,1.,1.
))) REPRESENTATION_ITEM('') SURFACE() );
#4622 = CARTESIAN_POINT('',(-60.07798374926,26.324815490575,
    7.558065382861));
#4623 = CARTESIAN_POINT('',(-59.29388556825,21.063748025271,
    11.226025253761));
#4624 = CARTESIAN_POINT('',(-57.96043700027,15.963916130004,
    14.97529571994));
#4625 = CARTESIAN_POINT('',(-56.08254200769,11.105015779452,
    18.809104747687));
#4626 = CARTESIAN_POINT('',(-53.67962405222,6.573327035723,
    22.730333161279));
#4627 = CARTESIAN_POINT('',(-50.78941135613,2.45961624337,
    26.741206832894));
#4628 = CARTESIAN_POINT('',(-44.5248455518,-4.355112304693,
    34.492599061876));
#4629 = CARTESIAN_POINT('',(-37.06073997468,-9.080643357319,
    42.562013145477));
#4630 = CARTESIAN_POINT('',(-33.34253078466,-10.78827848152,
    46.431231576503));
#4631 = CARTESIAN_POINT('',(-29.49941083113,-11.93226996319,
    50.367393192205));
#4632 = CARTESIAN_POINT('',(-25.62654446987,-12.4807672114,
    54.365981883726));
#4633 = CARTESIAN_POINT('',(-21.831465671,-12.42675428682,
    58.419805090494));
#4634 = CARTESIAN_POINT('',(-18.22106741687,-11.79158342574,
    62.51935512762));
#4635 = CARTESIAN_POINT('',(-59.1234395232,28.306946999961,
    7.558065382861));
#4636 = CARTESIAN_POINT('',(-58.4778665723,23.112589735217,
    11.226025253761));
#4637 = CARTESIAN_POINT('',(-57.29145297798,18.069652317822,
    14.97529571994));
#4638 = CARTESIAN_POINT('',(-55.5685546334,13.256455539383,
    18.809104747687));
#4639 = CARTESIAN_POINT('',(-53.32778795711,8.757838555498,
    22.730333161279));
#4640 = CARTESIAN_POINT('',(-50.60575654226,4.663102854904,
    26.741206832894));
#4641 = CARTESIAN_POINT('',(-44.6675105795,-2.145035379439,
    34.492599061876));
#4642 = CARTESIAN_POINT('',(-37.53865729327,-6.923249886788,
    42.562013145477));
#4643 = CARTESIAN_POINT('',(-33.97889804135,-8.669616129098,
    46.431231576503));
#4644 = CARTESIAN_POINT('',(-30.29315061561,-9.866863024863,
    50.367393192205));
#4645 = CARTESIAN_POINT('',(-26.57464521922,-10.48345554921,
    54.365981883726));
#4646 = CARTESIAN_POINT('',(-22.92878680593,-10.51222669461,
    58.419805090494));
#4647 = CARTESIAN_POINT('',(-19.46037154461,-9.973858122248,
    62.51935512762));
#4648 = DEFINITIONAL_REPRESENTATION('',(#4649),#4653);
#4649 = LINE('',#4650,#4651);
#4650 = CARTESIAN_POINT('',(0.,1.));
#4651 = VECTOR('',#4652,1.);
#4652 = DIRECTION('',(1.,0.));
#4653 = ( GEOMETRIC_REPRESENTATION_CONTEXT(2) 
PARAMETRIC_REPRESENTATION_CONTEXT() REPRESENTATION_CONTEXT('2D SPACE',''
  ) );
#4654 = ORIENTED_EDGE('',*,*,#4655,.F.);
#4655 = EDGE_CURVE('',#2005,#4608,#4656,.T.);
#4656 = SURFACE_CURVE('',#4657,(#4660,#4666),.PCURVE_S1.);
#4657 = B_SPLINE_CURVE_WITH_KNOTS('',1,(#4658,#4659),.UNSPECIFIED.,.F.,
  .F.,(2,2),(1.,2.),.PIECEWISE_BEZIER_KNOTS.);
#4658 = CARTESIAN_POINT('',(-12.511566454,-7.898911580877,
    58.488386923428));
#4659 = CARTESIAN_POINT('',(-18.22106741687,-11.79158342574,
    62.51935512762));
#4660 = PCURVE('',#1988,#4661);
#4661 = DEFINITIONAL_REPRESENTATION('',(#4662),#4665);
#4662 = B_SPLINE_CURVE_WITH_KNOTS('',1,(#4663,#4664),.UNSPECIFIED.,.F.,
  .F.,(2,2),(1.,2.),.PIECEWISE_BEZIER_KNOTS.);
#4663 = CARTESIAN_POINT('',(0.583344262646,2.121251864168));
#4664 = CARTESIAN_POINT('',(8.296987405077,1.7763568394E-15));
#4665 = ( GEOMETRIC_REPRESENTATION_CONTEXT(2) 
PARAMETRIC_REPRESENTATION_CONTEXT() REPRESENTATION_CONTEXT('2D SPACE',''
  ) );
#4666 = PCURVE('',#2081,#4667);
#4667 = DEFINITIONAL_REPRESENTATION('',(#4668),#4672);
#4668 = LINE('',#4669,#4670);
#4669 = CARTESIAN_POINT('',(0.,1.));
#4670 = VECTOR('',#4671,1.);
#4671 = DIRECTION('',(1.,0.));
#4672 = ( GEOMETRIC_REPRESENTATION_CONTEXT(2) 
PARAMETRIC_REPRESENTATION_CONTEXT() REPRESENTATION_CONTEXT('2D SPACE',''
  ) );
#4673 = ORIENTED_EDGE('',*,*,#2004,.F.);
#4674 = ADVANCED_FACE('',(#4675),#1919,.F.);
#4675 = FACE_BOUND('',#4676,.F.);
#4676 = EDGE_LOOP('',(#4677,#4710,#4736,#4767,#4768,#4769));
#4677 = ORIENTED_EDGE('',*,*,#4678,.F.);
#4678 = EDGE_CURVE('',#4679,#4587,#4681,.T.);
#4679 = VERTEX_POINT('',#4680);
#4680 = CARTESIAN_POINT('',(-59.1234395232,28.306946999961,
    7.558065382861));
#4681 = SURFACE_CURVE('',#4682,(#4696,#4703),.PCURVE_S1.);
#4682 = ( BOUNDED_CURVE() B_SPLINE_CURVE(7,(#4683,#4684,#4685,#4686,
    #4687,#4688,#4689,#4690,#4691,#4692,#4693,#4694,#4695),
.UNSPECIFIED.,.F.,.F.) B_SPLINE_CURVE_WITH_KNOTS((8,5,8),(0.,
0.529117254068,1.),.UNSPECIFIED.) CURVE() GEOMETRIC_REPRESENTATION_ITEM(
) RATIONAL_B_SPLINE_CURVE((1.,1.,1.,1.,1.,1.,1.,1.,1.,1.,1.,1.,1.)) 
REPRESENTATION_ITEM('') );
#4683 = CARTESIAN_POINT('',(-59.1234395232,28.306946999961,
    7.558065382861));
#4684 = CARTESIAN_POINT('',(-58.4778665723,23.112589735217,
    11.226025253761));
#4685 = CARTESIAN_POINT('',(-57.29145297798,18.069652317822,
    14.97529571994));
#4686 = CARTESIAN_POINT('',(-55.5685546334,13.256455539383,
    18.809104747687));
#4687 = CARTESIAN_POINT('',(-53.32778795711,8.757838555498,
    22.730333161279));
#4688 = CARTESIAN_POINT('',(-50.60575654226,4.663102854904,
    26.741206832894));
#4689 = CARTESIAN_POINT('',(-44.6675105795,-2.145035379439,
    34.492599061876));
#4690 = CARTESIAN_POINT('',(-37.53865729327,-6.923249886788,
    42.562013145477));
#4691 = CARTESIAN_POINT('',(-33.97889804135,-8.669616129098,
    46.431231576503));
#4692 = CARTESIAN_POINT('',(-30.29315061561,-9.866863024863,
    50.367393192205));
#4693 = CARTESIAN_POINT('',(-26.57464521922,-10.48345554921,
    54.365981883726));
#4694 = CARTESIAN_POINT('',(-22.92878680593,-10.51222669461,
    58.419805090494));
#4695 = CARTESIAN_POINT('',(-19.46037154461,-9.973858122248,
    62.51935512762));
#4696 = PCURVE('',#1919,#4697);
#4697 = DEFINITIONAL_REPRESENTATION('',(#4698),#4702);
#4698 = LINE('',#4699,#4700);
#4699 = CARTESIAN_POINT('',(3.,0.));
#4700 = VECTOR('',#4701,1.);
#4701 = DIRECTION('',(0.,1.));
#4702 = ( GEOMETRIC_REPRESENTATION_CONTEXT(2) 
PARAMETRIC_REPRESENTATION_CONTEXT() REPRESENTATION_CONTEXT('2D SPACE',''
  ) );
#4703 = PCURVE('',#4621,#4704);
#4704 = DEFINITIONAL_REPRESENTATION('',(#4705),#4709);
#4705 = LINE('',#4706,#4707);
#4706 = CARTESIAN_POINT('',(3.,0.));
#4707 = VECTOR('',#4708,1.);
#4708 = DIRECTION('',(0.,1.));
#4709 = ( GEOMETRIC_REPRESENTATION_CONTEXT(2) 
PARAMETRIC_REPRESENTATION_CONTEXT() REPRESENTATION_CONTEXT('2D SPACE',''
  ) );
#4710 = ORIENTED_EDGE('',*,*,#4711,.T.);
#4711 = EDGE_CURVE('',#4679,#4712,#4714,.T.);
#4712 = VERTEX_POINT('',#4713);
#4713 = CARTESIAN_POINT('',(-45.11515735092,21.560913852693,
    -1.511613076572));
#4714 = SURFACE_CURVE('',#4715,(#4718,#4725),.PCURVE_S1.);
#4715 = B_SPLINE_CURVE_WITH_KNOTS('',1,(#4716,#4717),.UNSPECIFIED.,.F.,
  .F.,(2,2),(3.,4.),.PIECEWISE_BEZIER_KNOTS.);
#4716 = CARTESIAN_POINT('',(-59.1234395232,28.306946999961,
    7.558065382861));
#4717 = CARTESIAN_POINT('',(-45.11515735092,21.560913852693,
    -1.511613076572));
#4718 = PCURVE('',#1919,#4719);
#4719 = DEFINITIONAL_REPRESENTATION('',(#4720),#4724);
#4720 = LINE('',#4721,#4722);
#4721 = CARTESIAN_POINT('',(0.,0.));
#4722 = VECTOR('',#4723,1.);
#4723 = DIRECTION('',(1.,0.));
#4724 = ( GEOMETRIC_REPRESENTATION_CONTEXT(2) 
PARAMETRIC_REPRESENTATION_CONTEXT() REPRESENTATION_CONTEXT('2D SPACE',''
  ) );
#4725 = PCURVE('',#4726,#4731);
#4726 = PLANE('',#4727);
#4727 = AXIS2_PLACEMENT_3D('',#4728,#4729,#4730);
#4728 = CARTESIAN_POINT('',(-45.11515735092,21.560913852693,
    -1.511613076572));
#4729 = DIRECTION('',(0.453972107435,-0.218621444587,0.863778900898));
#4730 = DIRECTION('',(-0.825127986053,0.262706286872,0.500149191212));
#4731 = DEFINITIONAL_REPRESENTATION('',(#4732),#4735);
#4732 = B_SPLINE_CURVE_WITH_KNOTS('',1,(#4733,#4734),.UNSPECIFIED.,.F.,
  .F.,(2,2),(3.,4.),.PIECEWISE_BEZIER_KNOTS.);
#4733 = CARTESIAN_POINT('',(17.867043322156,-2.183749739375));
#4734 = CARTESIAN_POINT('',(0.,0.));
#4735 = ( GEOMETRIC_REPRESENTATION_CONTEXT(2) 
PARAMETRIC_REPRESENTATION_CONTEXT() REPRESENTATION_CONTEXT('2D SPACE',''
  ) );
#4736 = ORIENTED_EDGE('',*,*,#4737,.T.);
#4737 = EDGE_CURVE('',#4712,#3101,#4738,.T.);
#4738 = SURFACE_CURVE('',#4739,(#4753,#4760),.PCURVE_S1.);
#4739 = ( BOUNDED_CURVE() B_SPLINE_CURVE(7,(#4740,#4741,#4742,#4743,
    #4744,#4745,#4746,#4747,#4748,#4749,#4750,#4751,#4752),
.UNSPECIFIED.,.F.,.F.) B_SPLINE_CURVE_WITH_KNOTS((8,5,8),(0.,
0.529117254068,1.),.UNSPECIFIED.) CURVE() GEOMETRIC_REPRESENTATION_ITEM(
) RATIONAL_B_SPLINE_CURVE((1.,1.,1.,1.,1.,1.,1.,1.,1.,1.,1.,1.,1.)) 
REPRESENTATION_ITEM('') );
#4740 = CARTESIAN_POINT('',(-45.11515735092,21.560913852693,
    -1.511613076572));
#4741 = CARTESIAN_POINT('',(-44.51749890415,17.595670279766,
    2.492615959466));
#4742 = CARTESIAN_POINT('',(-43.50066722921,13.762840198811,
    6.585609937866));
#4743 = CARTESIAN_POINT('',(-42.07003088608,10.124336415677,
    10.770892756623));
#4744 = CARTESIAN_POINT('',(-40.24246275766,6.746930039326,
    15.051609346561));
#4745 = CARTESIAN_POINT('',(-38.04926463314,3.700523339886,
    19.430189642165));
#4746 = CARTESIAN_POINT('',(-33.30950344219,-1.301573752369,
    27.892209654768));
#4747 = CARTESIAN_POINT('',(-27.69884136544,-4.668891869689,
    36.701406950989));
#4748 = CARTESIAN_POINT('',(-24.91372568714,-5.851134635339,
    40.925345416396));
#4749 = CARTESIAN_POINT('',(-22.04782856834,-6.59590120969,
    45.22236424618));
#4750 = CARTESIAN_POINT('',(-19.17617721373,-6.880643192071,
    49.587533306171));
#4751 = CARTESIAN_POINT('',(-16.38288978579,-6.70258389853,
    54.013000640284));
#4752 = CARTESIAN_POINT('',(-13.75087058174,-6.081186277382,
    58.488386923428));
#4753 = PCURVE('',#1919,#4754);
#4754 = DEFINITIONAL_REPRESENTATION('',(#4755),#4759);
#4755 = LINE('',#4756,#4757);
#4756 = CARTESIAN_POINT('',(4.,0.));
#4757 = VECTOR('',#4758,1.);
#4758 = DIRECTION('',(0.,1.));
#4759 = ( GEOMETRIC_REPRESENTATION_CONTEXT(2) 
PARAMETRIC_REPRESENTATION_CONTEXT() REPRESENTATION_CONTEXT('2D SPACE',''
  ) );
#4760 = PCURVE('',#3149,#4761);
#4761 = DEFINITIONAL_REPRESENTATION('',(#4762),#4766);
#4762 = LINE('',#4763,#4764);
#4763 = CARTESIAN_POINT('',(0.,0.));
#4764 = VECTOR('',#4765,1.);
#4765 = DIRECTION('',(0.,1.));
#4766 = ( GEOMETRIC_REPRESENTATION_CONTEXT(2) 
PARAMETRIC_REPRESENTATION_CONTEXT() REPRESENTATION_CONTEXT('2D SPACE',''
  ) );
#4767 = ORIENTED_EDGE('',*,*,#3100,.F.);
#4768 = ORIENTED_EDGE('',*,*,#1869,.T.);
#4769 = ORIENTED_EDGE('',*,*,#4586,.F.);
#4770 = ADVANCED_FACE('',(#4771),#1794,.F.);
#4771 = FACE_BOUND('',#4772,.F.);
#4772 = EDGE_LOOP('',(#4773,#4806,#4827,#4858,#4859,#4860));
#4773 = ORIENTED_EDGE('',*,*,#4774,.F.);
#4774 = EDGE_CURVE('',#4775,#3017,#4777,.T.);
#4775 = VERTEX_POINT('',#4776);
#4776 = CARTESIAN_POINT('',(-14.50054050214,45.97525610042,
    -1.511613076572));
#4777 = SURFACE_CURVE('',#4778,(#4792,#4799),.PCURVE_S1.);
#4778 = ( BOUNDED_CURVE() B_SPLINE_CURVE(7,(#4779,#4780,#4781,#4782,
    #4783,#4784,#4785,#4786,#4787,#4788,#4789,#4790,#4791),
.UNSPECIFIED.,.F.,.F.) B_SPLINE_CURVE_WITH_KNOTS((8,5,8),(0.,
0.529117254068,1.),.UNSPECIFIED.) CURVE() GEOMETRIC_REPRESENTATION_ITEM(
) RATIONAL_B_SPLINE_CURVE((1.,1.,1.,1.,1.,1.,1.,1.,1.,1.,1.,1.,1.)) 
REPRESENTATION_ITEM('') );
#4779 = CARTESIAN_POINT('',(-14.50054050214,45.97525610042,
    -1.511613076572));
#4780 = CARTESIAN_POINT('',(-17.19384588328,42.885802465624,
    2.492615959466));
#4781 = CARTESIAN_POINT('',(-19.50929601537,39.550651283882,
    6.585609937866));
#4782 = CARTESIAN_POINT('',(-21.4010993142,36.013887777859,
    10.770892756623));
#4783 = CARTESIAN_POINT('',(-22.82694873213,32.331864166326,
    15.051609346561));
#4784 = CARTESIAN_POINT('',(-23.75126474447,28.574429119243,
    19.430189642165));
#4785 = CARTESIAN_POINT('',(-24.50856438513,21.490741956958,
    27.892209654768));
#4786 = CARTESIAN_POINT('',(-23.39283314629,14.775398003265,
    36.701406950989));
#4787 = CARTESIAN_POINT('',(-22.45158340997,11.761057883103,
    40.925345416396));
#4788 = CARTESIAN_POINT('',(-21.10725081264,8.966220337132,
    45.22236424618));
#4789 = CARTESIAN_POINT('',(-19.38994420664,6.465311627466,
    49.587533306171));
#4790 = CARTESIAN_POINT('',(-17.35138503943,4.327399558479,
    54.013000640284));
#4791 = CARTESIAN_POINT('',(-15.06031165912,2.606387628038,
    58.488386923428));
#4792 = PCURVE('',#1794,#4793);
#4793 = DEFINITIONAL_REPRESENTATION('',(#4794),#4798);
#4794 = LINE('',#4795,#4796);
#4795 = CARTESIAN_POINT('',(1.,0.));
#4796 = VECTOR('',#4797,1.);
#4797 = DIRECTION('',(0.,1.));
#4798 = ( GEOMETRIC_REPRESENTATION_CONTEXT(2) 
PARAMETRIC_REPRESENTATION_CONTEXT() REPRESENTATION_CONTEXT('2D SPACE',''
  ) );
#4799 = PCURVE('',#3036,#4800);
#4800 = DEFINITIONAL_REPRESENTATION('',(#4801),#4805);
#4801 = LINE('',#4802,#4803);
#4802 = CARTESIAN_POINT('',(1.,0.));
#4803 = VECTOR('',#4804,1.);
#4804 = DIRECTION('',(0.,1.));
#4805 = ( GEOMETRIC_REPRESENTATION_CONTEXT(2) 
PARAMETRIC_REPRESENTATION_CONTEXT() REPRESENTATION_CONTEXT('2D SPACE',''
  ) );
#4806 = ORIENTED_EDGE('',*,*,#4807,.T.);
#4807 = EDGE_CURVE('',#4775,#4808,#4810,.T.);
#4808 = VERTEX_POINT('',#4809);
#4809 = CARTESIAN_POINT('',(-17.96030048182,61.133454988334,
    7.558065382861));
#4810 = SURFACE_CURVE('',#4811,(#4814,#4821),.PCURVE_S1.);
#4811 = B_SPLINE_CURVE_WITH_KNOTS('',1,(#4812,#4813),.UNSPECIFIED.,.F.,
  .F.,(2,2),(1.,2.),.PIECEWISE_BEZIER_KNOTS.);
#4812 = CARTESIAN_POINT('',(-14.50054050214,45.97525610042,
    -1.511613076572));
#4813 = CARTESIAN_POINT('',(-17.96030048182,61.133454988334,
    7.558065382861));
#4814 = PCURVE('',#1794,#4815);
#4815 = DEFINITIONAL_REPRESENTATION('',(#4816),#4820);
#4816 = LINE('',#4817,#4818);
#4817 = CARTESIAN_POINT('',(0.,0.));
#4818 = VECTOR('',#4819,1.);
#4819 = DIRECTION('',(1.,0.));
#4820 = ( GEOMETRIC_REPRESENTATION_CONTEXT(2) 
PARAMETRIC_REPRESENTATION_CONTEXT() REPRESENTATION_CONTEXT('2D SPACE',''
  ) );
#4821 = PCURVE('',#4446,#4822);
#4822 = DEFINITIONAL_REPRESENTATION('',(#4823),#4826);
#4823 = B_SPLINE_CURVE_WITH_KNOTS('',1,(#4824,#4825),.UNSPECIFIED.,.F.,
  .F.,(2,2),(1.,2.),.PIECEWISE_BEZIER_KNOTS.);
#4824 = CARTESIAN_POINT('',(0.266902745924,2.183749739375));
#4825 = CARTESIAN_POINT('',(18.133946068079,1.7763568394E-15));
#4826 = ( GEOMETRIC_REPRESENTATION_CONTEXT(2) 
PARAMETRIC_REPRESENTATION_CONTEXT() REPRESENTATION_CONTEXT('2D SPACE',''
  ) );
#4827 = ORIENTED_EDGE('',*,*,#4828,.T.);
#4828 = EDGE_CURVE('',#4808,#4328,#4829,.T.);
#4829 = SURFACE_CURVE('',#4830,(#4844,#4851),.PCURVE_S1.);
#4830 = ( BOUNDED_CURVE() B_SPLINE_CURVE(7,(#4831,#4832,#4833,#4834,
    #4835,#4836,#4837,#4838,#4839,#4840,#4841,#4842,#4843),
.UNSPECIFIED.,.F.,.F.) B_SPLINE_CURVE_WITH_KNOTS((8,5,8),(0.,
0.529117254068,1.),.UNSPECIFIED.) CURVE() GEOMETRIC_REPRESENTATION_ITEM(
) RATIONAL_B_SPLINE_CURVE((1.,1.,1.,1.,1.,1.,1.,1.,1.,1.,1.,1.,1.)) 
REPRESENTATION_ITEM('') );
#4831 = CARTESIAN_POINT('',(-17.96030048182,61.133454988334,
    7.558065382861));
#4832 = CARTESIAN_POINT('',(-21.58469143806,57.240200433561,
    11.226025253761));
#4833 = CARTESIAN_POINT('',(-24.74050898563,53.01797518497,
    14.97529571994));
#4834 = CARTESIAN_POINT('',(-27.36850187304,48.520302942187,
    18.809104747687));
#4835 = CARTESIAN_POINT('',(-29.41332396169,43.816164317899,
    22.730333161279));
#4836 = CARTESIAN_POINT('',(-30.82753442771,38.991648314242,
    26.741206832894));
#4837 = CARTESIAN_POINT('',(-32.24961085899,29.84489979227,
    34.492599061876));
#4838 = CARTESIAN_POINT('',(-31.29038609998,21.062906643931,
    42.562013145477));
#4839 = CARTESIAN_POINT('',(-30.3072034895,17.091200555539,
    46.431231576503));
#4840 = CARTESIAN_POINT('',(-28.80546594719,13.373261362735,
    50.367393192205));
#4841 = CARTESIAN_POINT('',(-26.81960568369,10.003350073502,
    54.365981883726));
#4842 = CARTESIAN_POINT('',(-24.41118375045,7.069914497739,
    58.419805090494));
#4843 = CARTESIAN_POINT('',(-21.6635406824,4.643214032733,62.51935512762
    ));
#4844 = PCURVE('',#1794,#4845);
#4845 = DEFINITIONAL_REPRESENTATION('',(#4846),#4850);
#4846 = LINE('',#4847,#4848);
#4847 = CARTESIAN_POINT('',(2.,0.));
#4848 = VECTOR('',#4849,1.);
#4849 = DIRECTION('',(0.,1.));
#4850 = ( GEOMETRIC_REPRESENTATION_CONTEXT(2) 
PARAMETRIC_REPRESENTATION_CONTEXT() REPRESENTATION_CONTEXT('2D SPACE',''
  ) );
#4851 = PCURVE('',#4341,#4852);
#4852 = DEFINITIONAL_REPRESENTATION('',(#4853),#4857);
#4853 = LINE('',#4854,#4855);
#4854 = CARTESIAN_POINT('',(2.,0.));
#4855 = VECTOR('',#4856,1.);
#4856 = DIRECTION('',(0.,1.));
#4857 = ( GEOMETRIC_REPRESENTATION_CONTEXT(2) 
PARAMETRIC_REPRESENTATION_CONTEXT() REPRESENTATION_CONTEXT('2D SPACE',''
  ) );
#4858 = ORIENTED_EDGE('',*,*,#4375,.F.);
#4859 = ORIENTED_EDGE('',*,*,#1744,.F.);
#4860 = ORIENTED_EDGE('',*,*,#3072,.T.);
#4861 = ADVANCED_FACE('',(#4862),#2275,.T.);
#4862 = FACE_BOUND('',#4863,.T.);
#4863 = EDGE_LOOP('',(#4864,#4865,#4886,#4934,#4953));
#4864 = ORIENTED_EDGE('',*,*,#2257,.F.);
#4865 = ORIENTED_EDGE('',*,*,#4866,.F.);
#4866 = EDGE_CURVE('',#4867,#2157,#4869,.T.);
#4867 = VERTEX_POINT('',#4868);
#4868 = CARTESIAN_POINT('',(-5.419326735416,-19.18267185427,
    62.51935512762));
#4869 = SURFACE_CURVE('',#4870,(#4873,#4879),.PCURVE_S1.);
#4870 = B_SPLINE_CURVE_WITH_KNOTS('',1,(#4871,#4872),.UNSPECIFIED.,.F.,
  .F.,(2,2),(3.,4.),.PIECEWISE_BEZIER_KNOTS.);
#4871 = CARTESIAN_POINT('',(-5.419326735416,-19.18267185427,
    62.51935512762));
#4872 = CARTESIAN_POINT('',(-4.902924510599,-12.29176305507,
    58.488386923428));
#4873 = PCURVE('',#2275,#4874);
#4874 = DEFINITIONAL_REPRESENTATION('',(#4875),#4878);
#4875 = B_SPLINE_CURVE_WITH_KNOTS('',1,(#4876,#4877),.UNSPECIFIED.,.F.,
  .F.,(2,2),(3.,4.),.PIECEWISE_BEZIER_KNOTS.);
#4876 = CARTESIAN_POINT('',(7.71364314243,-2.121251864168));
#4877 = CARTESIAN_POINT('',(0.,0.));
#4878 = ( GEOMETRIC_REPRESENTATION_CONTEXT(2) 
PARAMETRIC_REPRESENTATION_CONTEXT() REPRESENTATION_CONTEXT('2D SPACE',''
  ) );
#4879 = PCURVE('',#2206,#4880);
#4880 = DEFINITIONAL_REPRESENTATION('',(#4881),#4885);
#4881 = LINE('',#4882,#4883);
#4882 = CARTESIAN_POINT('',(0.,1.));
#4883 = VECTOR('',#4884,1.);
#4884 = DIRECTION('',(1.,0.));
#4885 = ( GEOMETRIC_REPRESENTATION_CONTEXT(2) 
PARAMETRIC_REPRESENTATION_CONTEXT() REPRESENTATION_CONTEXT('2D SPACE',''
  ) );
#4886 = ORIENTED_EDGE('',*,*,#4887,.F.);
#4887 = EDGE_CURVE('',#4888,#4867,#4890,.T.);
#4888 = VERTEX_POINT('',#4889);
#4889 = CARTESIAN_POINT('',(-3.225478381617,-19.34707806016,
    62.51935512762));
#4890 = SURFACE_CURVE('',#4891,(#4894,#4900),.PCURVE_S1.);
#4891 = B_SPLINE_CURVE_WITH_KNOTS('',1,(#4892,#4893),.UNSPECIFIED.,.F.,
  .F.,(2,2),(2.,3.),.PIECEWISE_BEZIER_KNOTS.);
#4892 = CARTESIAN_POINT('',(-3.225478381617,-19.34707806016,
    62.51935512762));
#4893 = CARTESIAN_POINT('',(-5.419326735416,-19.18267185427,
    62.51935512762));
#4894 = PCURVE('',#2275,#4895);
#4895 = DEFINITIONAL_REPRESENTATION('',(#4896),#4899);
#4896 = B_SPLINE_CURVE_WITH_KNOTS('',1,(#4897,#4898),.UNSPECIFIED.,.F.,
  .F.,(2,2),(2.,3.),.PIECEWISE_BEZIER_KNOTS.);
#4897 = CARTESIAN_POINT('',(8.296987405077,-1.7763568394E-15));
#4898 = CARTESIAN_POINT('',(7.71364314243,-2.121251864168));
#4899 = ( GEOMETRIC_REPRESENTATION_CONTEXT(2) 
PARAMETRIC_REPRESENTATION_CONTEXT() REPRESENTATION_CONTEXT('2D SPACE',''
  ) );
#4900 = PCURVE('',#4901,#4928);
#4901 = ( BOUNDED_SURFACE() B_SPLINE_SURFACE(1,7,(
    (#4902,#4903,#4904,#4905,#4906,#4907,#4908,#4909,#4910,#4911,#4912
      ,#4913,#4914)
    ,(#4915,#4916,#4917,#4918,#4919,#4920,#4921,#4922,#4923,#4924,#4925
      ,#4926,#4927
)),.UNSPECIFIED.,.F.,.F.,.F.) B_SPLINE_SURFACE_WITH_KNOTS((2,2),(8,5,8),
  (2.,3.),(0.,0.529117254068,1.),.UNSPECIFIED.) 
GEOMETRIC_REPRESENTATION_ITEM() RATIONAL_B_SPLINE_SURFACE((
    (1.,1.,1.,1.,1.,1.,1.,1.,1.,1.,1.,1.,1.)
,(1.,1.,1.,1.,1.,1.,1.,1.,1.,1.,1.,1.,1.
))) REPRESENTATION_ITEM('') SURFACE() );
#4902 = CARTESIAN_POINT('',(-59.1234395232,-28.30694699996,
    7.558065382861));
#4903 = CARTESIAN_POINT('',(-54.52129412792,-30.9741362682,
    11.226025253761));
#4904 = CARTESIAN_POINT('',(-49.70269341347,-33.11129737539,
    14.97529571994));
#4905 = CARTESIAN_POINT('',(-44.7330037724,-34.67257476625,
    18.809104747687));
#4906 = CARTESIAN_POINT('',(-39.69179200387,-35.61935957578,
    22.730333161279));
#4907 = CARTESIAN_POINT('',(-34.67354525542,-35.92455702578,
    26.741206832894));
#4908 = CARTESIAN_POINT('',(-25.43968304,-35.27563600812,34.492599061876
    ));
#4909 = CARTESIAN_POINT('',(-17.09132038434,-32.38628369914,
    42.562013145477));
#4910 = CARTESIAN_POINT('',(-13.43797197252,-30.54396378122,
    46.431231576503));
#4911 = CARTESIAN_POINT('',(-10.14741731813,-28.25255863288,
    50.367393192205));
#4912 = CARTESIAN_POINT('',(-7.303892221229,-25.56661222487,
    54.365981883726));
#4913 = CARTESIAN_POINT('',(-4.979928297777,-22.56582363382,
    58.419805090494));
#4914 = CARTESIAN_POINT('',(-3.225478381617,-19.34707806016,
    62.51935512762));
#4915 = CARTESIAN_POINT('',(-60.07798374926,-26.32481549057,
    7.558065382861));
#4916 = CARTESIAN_POINT('',(-55.61436355725,-29.0587150151,
    11.226025253761));
#4917 = CARTESIAN_POINT('',(-50.93191954337,-31.27535956699,
    14.97529571994));
#4918 = CARTESIAN_POINT('',(-46.09460122319,-32.9293225058,
    18.809104747687));
#4919 = CARTESIAN_POINT('',(-41.18034566661,-33.98226238534,
    22.730333161279));
#4920 = CARTESIAN_POINT('',(-36.28179355601,-34.40711847957,
    26.741206832894));
#4921 = CARTESIAN_POINT('',(-27.25654094869,-34.009215594,
    34.492599061876));
#4922 = CARTESIAN_POINT('',(-19.07601509395,-31.41482167735,
    42.562013145477));
#4923 = CARTESIAN_POINT('',(-15.49117739515,-29.72053136659,
    46.431231576503));
#4924 = CARTESIAN_POINT('',(-12.25710614757,-27.58536922253,
    50.367393192205));
#4925 = CARTESIAN_POINT('',(-9.456584507382,-25.06256378675,
    54.365981883726));
#4926 = CARTESIAN_POINT('',(-7.160934780415,-22.23005541436,
    58.419805090494));
#4927 = CARTESIAN_POINT('',(-5.419326735416,-19.18267185427,
    62.51935512762));
#4928 = DEFINITIONAL_REPRESENTATION('',(#4929),#4933);
#4929 = LINE('',#4930,#4931);
#4930 = CARTESIAN_POINT('',(0.,1.));
#4931 = VECTOR('',#4932,1.);
#4932 = DIRECTION('',(1.,0.));
#4933 = ( GEOMETRIC_REPRESENTATION_CONTEXT(2) 
PARAMETRIC_REPRESENTATION_CONTEXT() REPRESENTATION_CONTEXT('2D SPACE',''
  ) );
#4934 = ORIENTED_EDGE('',*,*,#4935,.F.);
#4935 = EDGE_CURVE('',#2292,#4888,#4936,.T.);
#4936 = SURFACE_CURVE('',#4937,(#4940,#4946),.PCURVE_S1.);
#4937 = B_SPLINE_CURVE_WITH_KNOTS('',1,(#4938,#4939),.UNSPECIFIED.,.F.,
  .F.,(2,2),(1.,2.),.PIECEWISE_BEZIER_KNOTS.);
#4938 = CARTESIAN_POINT('',(-2.7090761568,-12.45616926096,
    58.488386923428));
#4939 = CARTESIAN_POINT('',(-3.225478381617,-19.34707806016,
    62.51935512762));
#4940 = PCURVE('',#2275,#4941);
#4941 = DEFINITIONAL_REPRESENTATION('',(#4942),#4945);
#4942 = B_SPLINE_CURVE_WITH_KNOTS('',1,(#4943,#4944),.UNSPECIFIED.,.F.,
  .F.,(2,2),(1.,2.),.PIECEWISE_BEZIER_KNOTS.);
#4943 = CARTESIAN_POINT('',(0.583344262646,2.121251864168));
#4944 = CARTESIAN_POINT('',(8.296987405077,-1.7763568394E-15));
#4945 = ( GEOMETRIC_REPRESENTATION_CONTEXT(2) 
PARAMETRIC_REPRESENTATION_CONTEXT() REPRESENTATION_CONTEXT('2D SPACE',''
  ) );
#4946 = PCURVE('',#2368,#4947);
#4947 = DEFINITIONAL_REPRESENTATION('',(#4948),#4952);
#4948 = LINE('',#4949,#4950);
#4949 = CARTESIAN_POINT('',(0.,1.));
#4950 = VECTOR('',#4951,1.);
#4951 = DIRECTION('',(1.,0.));
#4952 = ( GEOMETRIC_REPRESENTATION_CONTEXT(2) 
PARAMETRIC_REPRESENTATION_CONTEXT() REPRESENTATION_CONTEXT('2D SPACE',''
  ) );
#4953 = ORIENTED_EDGE('',*,*,#2291,.F.);
#4954 = ADVANCED_FACE('',(#4955),#2206,.F.);
#4955 = FACE_BOUND('',#4956,.F.);
#4956 = EDGE_LOOP('',(#4957,#4990,#5016,#5047,#5048,#5049));
#4957 = ORIENTED_EDGE('',*,*,#4958,.F.);
#4958 = EDGE_CURVE('',#4959,#4867,#4961,.T.);
#4959 = VERTEX_POINT('',#4960);
#4960 = CARTESIAN_POINT('',(-60.07798374926,-26.32481549057,
    7.558065382861));
#4961 = SURFACE_CURVE('',#4962,(#4976,#4983),.PCURVE_S1.);
#4962 = ( BOUNDED_CURVE() B_SPLINE_CURVE(7,(#4963,#4964,#4965,#4966,
    #4967,#4968,#4969,#4970,#4971,#4972,#4973,#4974,#4975),
.UNSPECIFIED.,.F.,.F.) B_SPLINE_CURVE_WITH_KNOTS((8,5,8),(0.,
0.529117254068,1.),.UNSPECIFIED.) CURVE() GEOMETRIC_REPRESENTATION_ITEM(
) RATIONAL_B_SPLINE_CURVE((1.,1.,1.,1.,1.,1.,1.,1.,1.,1.,1.,1.,1.)) 
REPRESENTATION_ITEM('') );
#4963 = CARTESIAN_POINT('',(-60.07798374926,-26.32481549057,
    7.558065382861));
#4964 = CARTESIAN_POINT('',(-55.61436355725,-29.0587150151,
    11.226025253761));
#4965 = CARTESIAN_POINT('',(-50.93191954337,-31.27535956699,
    14.97529571994));
#4966 = CARTESIAN_POINT('',(-46.09460122319,-32.9293225058,
    18.809104747687));
#4967 = CARTESIAN_POINT('',(-41.18034566661,-33.98226238534,
    22.730333161279));
#4968 = CARTESIAN_POINT('',(-36.28179355601,-34.40711847957,
    26.741206832894));
#4969 = CARTESIAN_POINT('',(-27.25654094869,-34.009215594,
    34.492599061876));
#4970 = CARTESIAN_POINT('',(-19.07601509395,-31.41482167735,
    42.562013145477));
#4971 = CARTESIAN_POINT('',(-15.49117739515,-29.72053136659,
    46.431231576503));
#4972 = CARTESIAN_POINT('',(-12.25710614757,-27.58536922253,
    50.367393192205));
#4973 = CARTESIAN_POINT('',(-9.456584507382,-25.06256378675,
    54.365981883726));
#4974 = CARTESIAN_POINT('',(-7.160934780415,-22.23005541436,
    58.419805090494));
#4975 = CARTESIAN_POINT('',(-5.419326735416,-19.18267185427,
    62.51935512762));
#4976 = PCURVE('',#2206,#4977);
#4977 = DEFINITIONAL_REPRESENTATION('',(#4978),#4982);
#4978 = LINE('',#4979,#4980);
#4979 = CARTESIAN_POINT('',(3.,0.));
#4980 = VECTOR('',#4981,1.);
#4981 = DIRECTION('',(0.,1.));
#4982 = ( GEOMETRIC_REPRESENTATION_CONTEXT(2) 
PARAMETRIC_REPRESENTATION_CONTEXT() REPRESENTATION_CONTEXT('2D SPACE',''
  ) );
#4983 = PCURVE('',#4901,#4984);
#4984 = DEFINITIONAL_REPRESENTATION('',(#4985),#4989);
#4985 = LINE('',#4986,#4987);
#4986 = CARTESIAN_POINT('',(3.,0.));
#4987 = VECTOR('',#4988,1.);
#4988 = DIRECTION('',(0.,1.));
#4989 = ( GEOMETRIC_REPRESENTATION_CONTEXT(2) 
PARAMETRIC_REPRESENTATION_CONTEXT() REPRESENTATION_CONTEXT('2D SPACE',''
  ) );
#4990 = ORIENTED_EDGE('',*,*,#4991,.T.);
#4991 = EDGE_CURVE('',#4959,#4992,#4994,.T.);
#4992 = VERTEX_POINT('',#4993);
#4993 = CARTESIAN_POINT('',(-46.06970157697,-19.5787823433,
    -1.511613076572));
#4994 = SURFACE_CURVE('',#4995,(#4998,#5005),.PCURVE_S1.);
#4995 = B_SPLINE_CURVE_WITH_KNOTS('',1,(#4996,#4997),.UNSPECIFIED.,.F.,
  .F.,(2,2),(3.,4.),.PIECEWISE_BEZIER_KNOTS.);
#4996 = CARTESIAN_POINT('',(-60.07798374926,-26.32481549057,
    7.558065382861));
#4997 = CARTESIAN_POINT('',(-46.06970157697,-19.5787823433,
    -1.511613076572));
#4998 = PCURVE('',#2206,#4999);
#4999 = DEFINITIONAL_REPRESENTATION('',(#5000),#5004);
#5000 = LINE('',#5001,#5002);
#5001 = CARTESIAN_POINT('',(0.,0.));
#5002 = VECTOR('',#5003,1.);
#5003 = DIRECTION('',(1.,0.));
#5004 = ( GEOMETRIC_REPRESENTATION_CONTEXT(2) 
PARAMETRIC_REPRESENTATION_CONTEXT() REPRESENTATION_CONTEXT('2D SPACE',''
  ) );
#5005 = PCURVE('',#5006,#5011);
#5006 = PLANE('',#5007);
#5007 = AXIS2_PLACEMENT_3D('',#5008,#5009,#5010);
#5008 = CARTESIAN_POINT('',(-46.06970157697,-19.5787823433,
    -1.511613076572));
#5009 = DIRECTION('',(0.453972107435,0.218621444587,0.863778900898));
#5010 = DIRECTION('',(-0.719850930251,-0.481316345813,0.500149191212));
#5011 = DEFINITIONAL_REPRESENTATION('',(#5012),#5015);
#5012 = B_SPLINE_CURVE_WITH_KNOTS('',1,(#5013,#5014),.UNSPECIFIED.,.F.,
  .F.,(2,2),(3.,4.),.PIECEWISE_BEZIER_KNOTS.);
#5013 = CARTESIAN_POINT('',(17.867043322156,-2.183749739375));
#5014 = CARTESIAN_POINT('',(0.,0.));
#5015 = ( GEOMETRIC_REPRESENTATION_CONTEXT(2) 
PARAMETRIC_REPRESENTATION_CONTEXT() REPRESENTATION_CONTEXT('2D SPACE',''
  ) );
#5016 = ORIENTED_EDGE('',*,*,#5017,.T.);
#5017 = EDGE_CURVE('',#4992,#3214,#5018,.T.);
#5018 = SURFACE_CURVE('',#5019,(#5033,#5040),.PCURVE_S1.);
#5019 = ( BOUNDED_CURVE() B_SPLINE_CURVE(7,(#5020,#5021,#5022,#5023,
    #5024,#5025,#5026,#5027,#5028,#5029,#5030,#5031,#5032),
.UNSPECIFIED.,.F.,.F.) B_SPLINE_CURVE_WITH_KNOTS((8,5,8),(0.,
0.529117254068,1.),.UNSPECIFIED.) CURVE() GEOMETRIC_REPRESENTATION_ITEM(
) RATIONAL_B_SPLINE_CURVE((1.,1.,1.,1.,1.,1.,1.,1.,1.,1.,1.,1.,1.)) 
REPRESENTATION_ITEM('') );
#5020 = CARTESIAN_POINT('',(-46.06970157697,-19.5787823433,
    -1.511613076572));
#5021 = CARTESIAN_POINT('',(-42.59691536945,-21.58380308346,
    2.492615959466));
#5022 = CARTESIAN_POINT('',(-38.96630396568,-23.17854253536,
    6.585609937866));
#5023 = CARTESIAN_POINT('',(-35.22961998884,-24.32859600514,
    10.770892756623));
#5024 = CARTESIAN_POINT('',(-31.44958726444,-25.00552413838,
    15.051609346561));
#5025 = CARTESIAN_POINT('',(-27.70037393433,-25.19021630675,
    19.430189642165));
#5026 = CARTESIAN_POINT('',(-20.83438418344,-24.60327831322,
    27.892209654768));
#5027 = CARTESIAN_POINT('',(-14.7035182813,-22.31617456989,
    36.701406950989));
#5028 = CARTESIAN_POINT('',(-12.04271244478,-20.87579975798,
    40.925345416396));
#5029 = CARTESIAN_POINT('',(-9.673572863123,-19.09950552887,
    45.22236424618));
#5030 = CARTESIAN_POINT('',(-7.660507282821,-17.03189181533,
    49.587533306171));
#5031 = CARTESIAN_POINT('',(-6.058133419273,-14.73699361093,
    54.013000640284));
#5032 = CARTESIAN_POINT('',(-4.902924510599,-12.29176305507,
    58.488386923428));
#5033 = PCURVE('',#2206,#5034);
#5034 = DEFINITIONAL_REPRESENTATION('',(#5035),#5039);
#5035 = LINE('',#5036,#5037);
#5036 = CARTESIAN_POINT('',(4.,0.));
#5037 = VECTOR('',#5038,1.);
#5038 = DIRECTION('',(0.,1.));
#5039 = ( GEOMETRIC_REPRESENTATION_CONTEXT(2) 
PARAMETRIC_REPRESENTATION_CONTEXT() REPRESENTATION_CONTEXT('2D SPACE',''
  ) );
#5040 = PCURVE('',#3262,#5041);
#5041 = DEFINITIONAL_REPRESENTATION('',(#5042),#5046);
#5042 = LINE('',#5043,#5044);
#5043 = CARTESIAN_POINT('',(0.,0.));
#5044 = VECTOR('',#5045,1.);
#5045 = DIRECTION('',(0.,1.));
#5046 = ( GEOMETRIC_REPRESENTATION_CONTEXT(2) 
PARAMETRIC_REPRESENTATION_CONTEXT() REPRESENTATION_CONTEXT('2D SPACE',''
  ) );
#5047 = ORIENTED_EDGE('',*,*,#3213,.F.);
#5048 = ORIENTED_EDGE('',*,*,#2156,.T.);
#5049 = ORIENTED_EDGE('',*,*,#4866,.F.);
#5050 = ADVANCED_FACE('',(#5051),#2081,.F.);
#5051 = FACE_BOUND('',#5052,.F.);
#5052 = EDGE_LOOP('',(#5053,#5086,#5107,#5138,#5139,#5140));
#5053 = ORIENTED_EDGE('',*,*,#5054,.F.);
#5054 = EDGE_CURVE('',#5055,#3130,#5057,.T.);
#5055 = VERTEX_POINT('',#5056);
#5056 = CARTESIAN_POINT('',(-46.06970157697,19.578782343307,
    -1.511613076572));
#5057 = SURFACE_CURVE('',#5058,(#5072,#5079),.PCURVE_S1.);
#5058 = ( BOUNDED_CURVE() B_SPLINE_CURVE(7,(#5059,#5060,#5061,#5062,
    #5063,#5064,#5065,#5066,#5067,#5068,#5069,#5070,#5071),
.UNSPECIFIED.,.F.,.F.) B_SPLINE_CURVE_WITH_KNOTS((8,5,8),(0.,
0.529117254068,1.),.UNSPECIFIED.) CURVE() GEOMETRIC_REPRESENTATION_ITEM(
) RATIONAL_B_SPLINE_CURVE((1.,1.,1.,1.,1.,1.,1.,1.,1.,1.,1.,1.,1.)) 
REPRESENTATION_ITEM('') );
#5059 = CARTESIAN_POINT('',(-46.06970157697,19.578782343307,
    -1.511613076572));
#5060 = CARTESIAN_POINT('',(-45.3335179001,15.546828569819,
    2.492615959466));
#5061 = CARTESIAN_POINT('',(-44.16965125149,11.657104010995,
    6.585609937866));
#5062 = CARTESIAN_POINT('',(-42.58401826038,7.972896655743,
    10.770892756623));
#5063 = CARTESIAN_POINT('',(-40.59429885276,4.562418519554,
    15.051609346561));
#5064 = CARTESIAN_POINT('',(-38.23291944701,1.49703672835,
    19.430189642165));
#5065 = CARTESIAN_POINT('',(-33.16683841448,-3.511650677621,
    27.892209654768));
#5066 = CARTESIAN_POINT('',(-27.22092404685,-6.826285340221,
    36.701406950989));
#5067 = CARTESIAN_POINT('',(-24.27735843045,-7.969796987759,
    40.925345416396));
#5068 = CARTESIAN_POINT('',(-21.25408878388,-8.661308148024,
    45.22236424618));
#5069 = CARTESIAN_POINT('',(-18.22807646438,-8.877954854254,
    49.587533306171));
#5070 = CARTESIAN_POINT('',(-15.28556865086,-8.617111490746,
    54.013000640284));
#5071 = CARTESIAN_POINT('',(-12.511566454,-7.898911580877,
    58.488386923428));
#5072 = PCURVE('',#2081,#5073);
#5073 = DEFINITIONAL_REPRESENTATION('',(#5074),#5078);
#5074 = LINE('',#5075,#5076);
#5075 = CARTESIAN_POINT('',(1.,0.));
#5076 = VECTOR('',#5077,1.);
#5077 = DIRECTION('',(0.,1.));
#5078 = ( GEOMETRIC_REPRESENTATION_CONTEXT(2) 
PARAMETRIC_REPRESENTATION_CONTEXT() REPRESENTATION_CONTEXT('2D SPACE',''
  ) );
#5079 = PCURVE('',#3149,#5080);
#5080 = DEFINITIONAL_REPRESENTATION('',(#5081),#5085);
#5081 = LINE('',#5082,#5083);
#5082 = CARTESIAN_POINT('',(1.,0.));
#5083 = VECTOR('',#5084,1.);
#5084 = DIRECTION('',(0.,1.));
#5085 = ( GEOMETRIC_REPRESENTATION_CONTEXT(2) 
PARAMETRIC_REPRESENTATION_CONTEXT() REPRESENTATION_CONTEXT('2D SPACE',''
  ) );
#5086 = ORIENTED_EDGE('',*,*,#5087,.T.);
#5087 = EDGE_CURVE('',#5055,#5088,#5090,.T.);
#5088 = VERTEX_POINT('',#5089);
#5089 = CARTESIAN_POINT('',(-60.07798374926,26.324815490575,
    7.558065382861));
#5090 = SURFACE_CURVE('',#5091,(#5094,#5101),.PCURVE_S1.);
#5091 = B_SPLINE_CURVE_WITH_KNOTS('',1,(#5092,#5093),.UNSPECIFIED.,.F.,
  .F.,(2,2),(1.,2.),.PIECEWISE_BEZIER_KNOTS.);
#5092 = CARTESIAN_POINT('',(-46.06970157697,19.578782343307,
    -1.511613076572));
#5093 = CARTESIAN_POINT('',(-60.07798374926,26.324815490575,
    7.558065382861));
#5094 = PCURVE('',#2081,#5095);
#5095 = DEFINITIONAL_REPRESENTATION('',(#5096),#5100);
#5096 = LINE('',#5097,#5098);
#5097 = CARTESIAN_POINT('',(0.,0.));
#5098 = VECTOR('',#5099,1.);
#5099 = DIRECTION('',(1.,0.));
#5100 = ( GEOMETRIC_REPRESENTATION_CONTEXT(2) 
PARAMETRIC_REPRESENTATION_CONTEXT() REPRESENTATION_CONTEXT('2D SPACE',''
  ) );
#5101 = PCURVE('',#4726,#5102);
#5102 = DEFINITIONAL_REPRESENTATION('',(#5103),#5106);
#5103 = B_SPLINE_CURVE_WITH_KNOTS('',1,(#5104,#5105),.UNSPECIFIED.,.F.,
  .F.,(2,2),(1.,2.),.PIECEWISE_BEZIER_KNOTS.);
#5104 = CARTESIAN_POINT('',(0.266902745924,2.183749739375));
#5105 = CARTESIAN_POINT('',(18.133946068079,1.7763568394E-15));
#5106 = ( GEOMETRIC_REPRESENTATION_CONTEXT(2) 
PARAMETRIC_REPRESENTATION_CONTEXT() REPRESENTATION_CONTEXT('2D SPACE',''
  ) );
#5107 = ORIENTED_EDGE('',*,*,#5108,.T.);
#5108 = EDGE_CURVE('',#5088,#4608,#5109,.T.);
#5109 = SURFACE_CURVE('',#5110,(#5124,#5131),.PCURVE_S1.);
#5110 = ( BOUNDED_CURVE() B_SPLINE_CURVE(7,(#5111,#5112,#5113,#5114,
    #5115,#5116,#5117,#5118,#5119,#5120,#5121,#5122,#5123),
.UNSPECIFIED.,.F.,.F.) B_SPLINE_CURVE_WITH_KNOTS((8,5,8),(0.,
0.529117254068,1.),.UNSPECIFIED.) CURVE() GEOMETRIC_REPRESENTATION_ITEM(
) RATIONAL_B_SPLINE_CURVE((1.,1.,1.,1.,1.,1.,1.,1.,1.,1.,1.,1.,1.)) 
REPRESENTATION_ITEM('') );
#5111 = CARTESIAN_POINT('',(-60.07798374926,26.324815490575,
    7.558065382861));
#5112 = CARTESIAN_POINT('',(-59.29388556825,21.063748025271,
    11.226025253761));
#5113 = CARTESIAN_POINT('',(-57.96043700027,15.963916130004,
    14.97529571994));
#5114 = CARTESIAN_POINT('',(-56.08254200769,11.105015779452,
    18.809104747687));
#5115 = CARTESIAN_POINT('',(-53.67962405222,6.573327035723,
    22.730333161279));
#5116 = CARTESIAN_POINT('',(-50.78941135613,2.45961624337,
    26.741206832894));
#5117 = CARTESIAN_POINT('',(-44.5248455518,-4.355112304693,
    34.492599061876));
#5118 = CARTESIAN_POINT('',(-37.06073997468,-9.080643357319,
    42.562013145477));
#5119 = CARTESIAN_POINT('',(-33.34253078466,-10.78827848152,
    46.431231576503));
#5120 = CARTESIAN_POINT('',(-29.49941083113,-11.93226996319,
    50.367393192205));
#5121 = CARTESIAN_POINT('',(-25.62654446987,-12.4807672114,
    54.365981883726));
#5122 = CARTESIAN_POINT('',(-21.831465671,-12.42675428682,
    58.419805090494));
#5123 = CARTESIAN_POINT('',(-18.22106741687,-11.79158342574,
    62.51935512762));
#5124 = PCURVE('',#2081,#5125);
#5125 = DEFINITIONAL_REPRESENTATION('',(#5126),#5130);
#5126 = LINE('',#5127,#5128);
#5127 = CARTESIAN_POINT('',(2.,0.));
#5128 = VECTOR('',#5129,1.);
#5129 = DIRECTION('',(0.,1.));
#5130 = ( GEOMETRIC_REPRESENTATION_CONTEXT(2) 
PARAMETRIC_REPRESENTATION_CONTEXT() REPRESENTATION_CONTEXT('2D SPACE',''
  ) );
#5131 = PCURVE('',#4621,#5132);
#5132 = DEFINITIONAL_REPRESENTATION('',(#5133),#5137);
#5133 = LINE('',#5134,#5135);
#5134 = CARTESIAN_POINT('',(2.,0.));
#5135 = VECTOR('',#5136,1.);
#5136 = DIRECTION('',(0.,1.));
#5137 = ( GEOMETRIC_REPRESENTATION_CONTEXT(2) 
PARAMETRIC_REPRESENTATION_CONTEXT() REPRESENTATION_CONTEXT('2D SPACE',''
  ) );
#5138 = ORIENTED_EDGE('',*,*,#4655,.F.);
#5139 = ORIENTED_EDGE('',*,*,#2031,.F.);
#5140 = ORIENTED_EDGE('',*,*,#3185,.T.);
#5141 = ADVANCED_FACE('',(#5142),#2493,.F.);
#5142 = FACE_BOUND('',#5143,.F.);
#5143 = EDGE_LOOP('',(#5144,#5177,#5198,#5229,#5230,#5231));
#5144 = ORIENTED_EDGE('',*,*,#5145,.F.);
#5145 = EDGE_CURVE('',#5146,#3758,#5148,.T.);
#5146 = VERTEX_POINT('',#5147);
#5147 = CARTESIAN_POINT('',(-17.96030048182,-61.13345498833,
    7.558065382861));
#5148 = SURFACE_CURVE('',#5149,(#5163,#5170),.PCURVE_S1.);
#5149 = ( BOUNDED_CURVE() B_SPLINE_CURVE(7,(#5150,#5151,#5152,#5153,
    #5154,#5155,#5156,#5157,#5158,#5159,#5160,#5161,#5162),
.UNSPECIFIED.,.F.,.F.) B_SPLINE_CURVE_WITH_KNOTS((8,5,8),(0.,
0.529117254068,1.),.UNSPECIFIED.) CURVE() GEOMETRIC_REPRESENTATION_ITEM(
) RATIONAL_B_SPLINE_CURVE((1.,1.,1.,1.,1.,1.,1.,1.,1.,1.,1.,1.,1.)) 
REPRESENTATION_ITEM('') );
#5150 = CARTESIAN_POINT('',(-17.96030048182,-61.13345498833,
    7.558065382861));
#5151 = CARTESIAN_POINT('',(-13.03983009455,-59.34821466929,
    11.226025253761));
#5152 = CARTESIAN_POINT('',(-8.387331508011,-57.06938779679,
    14.97529571994));
#5153 = CARTESIAN_POINT('',(-4.078192570636,-54.31864906835,
    18.809104747687));
#5154 = CARTESIAN_POINT('',(-0.190982800417,-51.13302663819,
    22.730333161279));
#5155 = CARTESIAN_POINT('',(3.195380354408,-47.56807782162,
    26.741206832894));
#5156 = CARTESIAN_POINT('',(8.511440311367,-40.26376280471,
    34.492599061876));
#5157 = CARTESIAN_POINT('',(11.583535913683,-32.25039199929,
    42.562013145477));
#5158 = CARTESIAN_POINT('',(12.493996154806,-28.39128029668,
    46.431231576503));
#5159 = CARTESIAN_POINT('',(12.841069611757,-24.53152975665,
    50.367393192205));
#5160 = CARTESIAN_POINT('',(12.61475758047,-20.76905030973,
    54.365981883726));
#5161 = CARTESIAN_POINT('',(11.831527553982,-17.2081989966,
    58.419805090494));
#5162 = CARTESIAN_POINT('',(10.534862002443,-13.94654242484,
    62.51935512762));
#5163 = PCURVE('',#2493,#5164);
#5164 = DEFINITIONAL_REPRESENTATION('',(#5165),#5169);
#5165 = LINE('',#5166,#5167);
#5166 = CARTESIAN_POINT('',(3.,0.));
#5167 = VECTOR('',#5168,1.);
#5168 = DIRECTION('',(0.,1.));
#5169 = ( GEOMETRIC_REPRESENTATION_CONTEXT(2) 
PARAMETRIC_REPRESENTATION_CONTEXT() REPRESENTATION_CONTEXT('2D SPACE',''
  ) );
#5170 = PCURVE('',#3698,#5171);
#5171 = DEFINITIONAL_REPRESENTATION('',(#5172),#5176);
#5172 = LINE('',#5173,#5174);
#5173 = CARTESIAN_POINT('',(3.,0.));
#5174 = VECTOR('',#5175,1.);
#5175 = DIRECTION('',(0.,1.));
#5176 = ( GEOMETRIC_REPRESENTATION_CONTEXT(2) 
PARAMETRIC_REPRESENTATION_CONTEXT() REPRESENTATION_CONTEXT('2D SPACE',''
  ) );
#5177 = ORIENTED_EDGE('',*,*,#5178,.T.);
#5178 = EDGE_CURVE('',#5146,#5179,#5181,.T.);
#5179 = VERTEX_POINT('',#5180);
#5180 = CARTESIAN_POINT('',(-14.50054050214,-45.97525610042,
    -1.511613076572));
#5181 = SURFACE_CURVE('',#5182,(#5185,#5192),.PCURVE_S1.);
#5182 = B_SPLINE_CURVE_WITH_KNOTS('',1,(#5183,#5184),.UNSPECIFIED.,.F.,
  .F.,(2,2),(3.,4.),.PIECEWISE_BEZIER_KNOTS.);
#5183 = CARTESIAN_POINT('',(-17.96030048182,-61.13345498833,
    7.558065382861));
#5184 = CARTESIAN_POINT('',(-14.50054050214,-45.97525610042,
    -1.511613076572));
#5185 = PCURVE('',#2493,#5186);
#5186 = DEFINITIONAL_REPRESENTATION('',(#5187),#5191);
#5187 = LINE('',#5188,#5189);
#5188 = CARTESIAN_POINT('',(0.,0.));
#5189 = VECTOR('',#5190,1.);
#5190 = DIRECTION('',(1.,0.));
#5191 = ( GEOMETRIC_REPRESENTATION_CONTEXT(2) 
PARAMETRIC_REPRESENTATION_CONTEXT() REPRESENTATION_CONTEXT('2D SPACE',''
  ) );
#5192 = PCURVE('',#3661,#5193);
#5193 = DEFINITIONAL_REPRESENTATION('',(#5194),#5197);
#5194 = B_SPLINE_CURVE_WITH_KNOTS('',1,(#5195,#5196),.UNSPECIFIED.,.F.,
  .F.,(2,2),(3.,4.),.PIECEWISE_BEZIER_KNOTS.);
#5195 = CARTESIAN_POINT('',(17.867043322156,-2.183749739375));
#5196 = CARTESIAN_POINT('',(0.,0.));
#5197 = ( GEOMETRIC_REPRESENTATION_CONTEXT(2) 
PARAMETRIC_REPRESENTATION_CONTEXT() REPRESENTATION_CONTEXT('2D SPACE',''
  ) );
#5198 = ORIENTED_EDGE('',*,*,#5199,.T.);
#5199 = EDGE_CURVE('',#5179,#3327,#5200,.T.);
#5200 = SURFACE_CURVE('',#5201,(#5215,#5222),.PCURVE_S1.);
#5201 = ( BOUNDED_CURVE() B_SPLINE_CURVE(7,(#5202,#5203,#5204,#5205,
    #5206,#5207,#5208,#5209,#5210,#5211,#5212,#5213,#5214),
.UNSPECIFIED.,.F.,.F.) B_SPLINE_CURVE_WITH_KNOTS((8,5,8),(0.,
0.529117254068,1.),.UNSPECIFIED.) CURVE() GEOMETRIC_REPRESENTATION_ITEM(
) RATIONAL_B_SPLINE_CURVE((1.,1.,1.,1.,1.,1.,1.,1.,1.,1.,1.,1.,1.)) 
REPRESENTATION_ITEM('') );
#5202 = CARTESIAN_POINT('',(-14.50054050214,-45.97525610042,
    -1.511613076572));
#5203 = CARTESIAN_POINT('',(-10.76770538006,-44.5102324955,
    2.492615959466));
#5204 = CARTESIAN_POINT('',(-7.257238685472,-42.6660099843,
    6.585609937866));
#5205 = CARTESIAN_POINT('',(-4.028306323941,-40.46159942117,
    10.770892756623));
#5206 = CARTESIAN_POINT('',(-1.142250743661,-37.92830862015,
    15.051609346561));
#5207 = CARTESIAN_POINT('',(1.339743684461,-35.11220928764,
    19.430189642165));
#5208 = CARTESIAN_POINT('',(5.161731672204,-29.3782124888,
    27.892209654768));
#5209 = CARTESIAN_POINT('',(7.196134328543,-23.15892265196,
    36.701406950989));
#5210 = CARTESIAN_POINT('',(7.728989257839,-20.18056187415,
    40.925345416396));
#5211 = CARTESIAN_POINT('',(7.817360875737,-17.2207926259,45.22236424618
    ));
#5212 = CARTESIAN_POINT('',(7.455961240705,-14.35777851437,
    49.587533306171));
#5213 = CARTESIAN_POINT('',(6.660801338133,-11.67414655442,
    54.013000640284));
#5214 = CARTESIAN_POINT('',(5.469304081238,-9.246391546018,
    58.488386923428));
#5215 = PCURVE('',#2493,#5216);
#5216 = DEFINITIONAL_REPRESENTATION('',(#5217),#5221);
#5217 = LINE('',#5218,#5219);
#5218 = CARTESIAN_POINT('',(4.,0.));
#5219 = VECTOR('',#5220,1.);
#5220 = DIRECTION('',(0.,1.));
#5221 = ( GEOMETRIC_REPRESENTATION_CONTEXT(2) 
PARAMETRIC_REPRESENTATION_CONTEXT() REPRESENTATION_CONTEXT('2D SPACE',''
  ) );
#5222 = PCURVE('',#3375,#5223);
#5223 = DEFINITIONAL_REPRESENTATION('',(#5224),#5228);
#5224 = LINE('',#5225,#5226);
#5225 = CARTESIAN_POINT('',(0.,0.));
#5226 = VECTOR('',#5227,1.);
#5227 = DIRECTION('',(0.,1.));
#5228 = ( GEOMETRIC_REPRESENTATION_CONTEXT(2) 
PARAMETRIC_REPRESENTATION_CONTEXT() REPRESENTATION_CONTEXT('2D SPACE',''
  ) );
#5229 = ORIENTED_EDGE('',*,*,#3326,.F.);
#5230 = ORIENTED_EDGE('',*,*,#2443,.T.);
#5231 = ORIENTED_EDGE('',*,*,#3757,.F.);
#5232 = ADVANCED_FACE('',(#5233),#2368,.F.);
#5233 = FACE_BOUND('',#5234,.F.);
#5234 = EDGE_LOOP('',(#5235,#5268,#5289,#5320,#5321,#5322));
#5235 = ORIENTED_EDGE('',*,*,#5236,.F.);
#5236 = EDGE_CURVE('',#5237,#3243,#5239,.T.);
#5237 = VERTEX_POINT('',#5238);
#5238 = CARTESIAN_POINT('',(-45.11515735092,-21.56091385269,
    -1.511613076572));
#5239 = SURFACE_CURVE('',#5240,(#5254,#5261),.PCURVE_S1.);
#5240 = ( BOUNDED_CURVE() B_SPLINE_CURVE(7,(#5241,#5242,#5243,#5244,
    #5245,#5246,#5247,#5248,#5249,#5250,#5251,#5252,#5253),
.UNSPECIFIED.,.F.,.F.) B_SPLINE_CURVE_WITH_KNOTS((8,5,8),(0.,
0.529117254068,1.),.UNSPECIFIED.) CURVE() GEOMETRIC_REPRESENTATION_ITEM(
) RATIONAL_B_SPLINE_CURVE((1.,1.,1.,1.,1.,1.,1.,1.,1.,1.,1.,1.,1.)) 
REPRESENTATION_ITEM('') );
#5241 = CARTESIAN_POINT('',(-45.11515735092,-21.56091385269,
    -1.511613076572));
#5242 = CARTESIAN_POINT('',(-41.50384594012,-23.49922433656,
    2.492615959466));
#5243 = CARTESIAN_POINT('',(-37.73707783577,-25.01448034375,
    6.585609937866));
#5244 = CARTESIAN_POINT('',(-33.86802253805,-26.0718482656,
    10.770892756623));
#5245 = CARTESIAN_POINT('',(-29.96103360169,-26.64262132882,
    15.051609346561));
#5246 = CARTESIAN_POINT('',(-26.09212563374,-26.70765485297,
    19.430189642165));
#5247 = CARTESIAN_POINT('',(-19.01752627474,-25.86969872733,
    27.892209654768));
#5248 = CARTESIAN_POINT('',(-12.7188235717,-23.28763659167,
    36.701406950989));
#5249 = CARTESIAN_POINT('',(-9.989507022158,-21.6992321726,
    40.925345416396));
#5250 = CARTESIAN_POINT('',(-7.563884033683,-19.76669493922,
    45.22236424618));
#5251 = CARTESIAN_POINT('',(-5.507814996669,-17.53594025344,
    49.587533306171));
#5252 = CARTESIAN_POINT('',(-3.877126936635,-15.07276183039,
    54.013000640284));
#5253 = CARTESIAN_POINT('',(-2.7090761568,-12.45616926096,
    58.488386923428));
#5254 = PCURVE('',#2368,#5255);
#5255 = DEFINITIONAL_REPRESENTATION('',(#5256),#5260);
#5256 = LINE('',#5257,#5258);
#5257 = CARTESIAN_POINT('',(1.,0.));
#5258 = VECTOR('',#5259,1.);
#5259 = DIRECTION('',(0.,1.));
#5260 = ( GEOMETRIC_REPRESENTATION_CONTEXT(2) 
PARAMETRIC_REPRESENTATION_CONTEXT() REPRESENTATION_CONTEXT('2D SPACE',''
  ) );
#5261 = PCURVE('',#3262,#5262);
#5262 = DEFINITIONAL_REPRESENTATION('',(#5263),#5267);
#5263 = LINE('',#5264,#5265);
#5264 = CARTESIAN_POINT('',(1.,0.));
#5265 = VECTOR('',#5266,1.);
#5266 = DIRECTION('',(0.,1.));
#5267 = ( GEOMETRIC_REPRESENTATION_CONTEXT(2) 
PARAMETRIC_REPRESENTATION_CONTEXT() REPRESENTATION_CONTEXT('2D SPACE',''
  ) );
#5268 = ORIENTED_EDGE('',*,*,#5269,.T.);
#5269 = EDGE_CURVE('',#5237,#5270,#5272,.T.);
#5270 = VERTEX_POINT('',#5271);
#5271 = CARTESIAN_POINT('',(-59.1234395232,-28.30694699996,
    7.558065382861));
#5272 = SURFACE_CURVE('',#5273,(#5276,#5283),.PCURVE_S1.);
#5273 = B_SPLINE_CURVE_WITH_KNOTS('',1,(#5274,#5275),.UNSPECIFIED.,.F.,
  .F.,(2,2),(1.,2.),.PIECEWISE_BEZIER_KNOTS.);
#5274 = CARTESIAN_POINT('',(-45.11515735092,-21.56091385269,
    -1.511613076572));
#5275 = CARTESIAN_POINT('',(-59.1234395232,-28.30694699996,
    7.558065382861));
#5276 = PCURVE('',#2368,#5277);
#5277 = DEFINITIONAL_REPRESENTATION('',(#5278),#5282);
#5278 = LINE('',#5279,#5280);
#5279 = CARTESIAN_POINT('',(0.,0.));
#5280 = VECTOR('',#5281,1.);
#5281 = DIRECTION('',(1.,0.));
#5282 = ( GEOMETRIC_REPRESENTATION_CONTEXT(2) 
PARAMETRIC_REPRESENTATION_CONTEXT() REPRESENTATION_CONTEXT('2D SPACE',''
  ) );
#5283 = PCURVE('',#5006,#5284);
#5284 = DEFINITIONAL_REPRESENTATION('',(#5285),#5288);
#5285 = B_SPLINE_CURVE_WITH_KNOTS('',1,(#5286,#5287),.UNSPECIFIED.,.F.,
  .F.,(2,2),(1.,2.),.PIECEWISE_BEZIER_KNOTS.);
#5286 = CARTESIAN_POINT('',(0.266902745924,2.183749739375));
#5287 = CARTESIAN_POINT('',(18.133946068079,4.440892098501E-15));
#5288 = ( GEOMETRIC_REPRESENTATION_CONTEXT(2) 
PARAMETRIC_REPRESENTATION_CONTEXT() REPRESENTATION_CONTEXT('2D SPACE',''
  ) );
#5289 = ORIENTED_EDGE('',*,*,#5290,.T.);
#5290 = EDGE_CURVE('',#5270,#4888,#5291,.T.);
#5291 = SURFACE_CURVE('',#5292,(#5306,#5313),.PCURVE_S1.);
#5292 = ( BOUNDED_CURVE() B_SPLINE_CURVE(7,(#5293,#5294,#5295,#5296,
    #5297,#5298,#5299,#5300,#5301,#5302,#5303,#5304,#5305),
.UNSPECIFIED.,.F.,.F.) B_SPLINE_CURVE_WITH_KNOTS((8,5,8),(0.,
0.529117254068,1.),.UNSPECIFIED.) CURVE() GEOMETRIC_REPRESENTATION_ITEM(
) RATIONAL_B_SPLINE_CURVE((1.,1.,1.,1.,1.,1.,1.,1.,1.,1.,1.,1.,1.)) 
REPRESENTATION_ITEM('') );
#5293 = CARTESIAN_POINT('',(-59.1234395232,-28.30694699996,
    7.558065382861));
#5294 = CARTESIAN_POINT('',(-54.52129412792,-30.9741362682,
    11.226025253761));
#5295 = CARTESIAN_POINT('',(-49.70269341347,-33.11129737539,
    14.97529571994));
#5296 = CARTESIAN_POINT('',(-44.7330037724,-34.67257476625,
    18.809104747687));
#5297 = CARTESIAN_POINT('',(-39.69179200387,-35.61935957578,
    22.730333161279));
#5298 = CARTESIAN_POINT('',(-34.67354525542,-35.92455702578,
    26.741206832894));
#5299 = CARTESIAN_POINT('',(-25.43968304,-35.27563600812,34.492599061876
    ));
#5300 = CARTESIAN_POINT('',(-17.09132038434,-32.38628369914,
    42.562013145477));
#5301 = CARTESIAN_POINT('',(-13.43797197252,-30.54396378122,
    46.431231576503));
#5302 = CARTESIAN_POINT('',(-10.14741731813,-28.25255863288,
    50.367393192205));
#5303 = CARTESIAN_POINT('',(-7.303892221229,-25.56661222487,
    54.365981883726));
#5304 = CARTESIAN_POINT('',(-4.979928297777,-22.56582363382,
    58.419805090494));
#5305 = CARTESIAN_POINT('',(-3.225478381617,-19.34707806016,
    62.51935512762));
#5306 = PCURVE('',#2368,#5307);
#5307 = DEFINITIONAL_REPRESENTATION('',(#5308),#5312);
#5308 = LINE('',#5309,#5310);
#5309 = CARTESIAN_POINT('',(2.,0.));
#5310 = VECTOR('',#5311,1.);
#5311 = DIRECTION('',(0.,1.));
#5312 = ( GEOMETRIC_REPRESENTATION_CONTEXT(2) 
PARAMETRIC_REPRESENTATION_CONTEXT() REPRESENTATION_CONTEXT('2D SPACE',''
  ) );
#5313 = PCURVE('',#4901,#5314);
#5314 = DEFINITIONAL_REPRESENTATION('',(#5315),#5319);
#5315 = LINE('',#5316,#5317);
#5316 = CARTESIAN_POINT('',(2.,0.));
#5317 = VECTOR('',#5318,1.);
#5318 = DIRECTION('',(0.,1.));
#5319 = ( GEOMETRIC_REPRESENTATION_CONTEXT(2) 
PARAMETRIC_REPRESENTATION_CONTEXT() REPRESENTATION_CONTEXT('2D SPACE',''
  ) );
#5320 = ORIENTED_EDGE('',*,*,#4935,.F.);
#5321 = ORIENTED_EDGE('',*,*,#2318,.F.);
#5322 = ORIENTED_EDGE('',*,*,#3298,.T.);
#5323 = ADVANCED_FACE('',(#5324),#3539,.F.);
#5324 = FACE_BOUND('',#5325,.F.);
#5325 = EDGE_LOOP('',(#5326,#5327,#5346,#5347));
#5326 = ORIENTED_EDGE('',*,*,#3987,.F.);
#5327 = ORIENTED_EDGE('',*,*,#5328,.T.);
#5328 = EDGE_CURVE('',#3962,#4026,#5329,.T.);
#5329 = SURFACE_CURVE('',#5330,(#5333,#5340),.PCURVE_S1.);
#5330 = B_SPLINE_CURVE_WITH_KNOTS('',1,(#5331,#5332),.UNSPECIFIED.,.F.,
  .F.,(2,2),(0.,1.),.PIECEWISE_BEZIER_KNOTS.);
#5331 = CARTESIAN_POINT('',(44.529963533095,-1.1,-1.511613076572));
#5332 = CARTESIAN_POINT('',(44.529963533095,1.1,-1.511613076572));
#5333 = PCURVE('',#3539,#5334);
#5334 = DEFINITIONAL_REPRESENTATION('',(#5335),#5339);
#5335 = LINE('',#5336,#5337);
#5336 = CARTESIAN_POINT('',(0.,0.));
#5337 = VECTOR('',#5338,1.);
#5338 = DIRECTION('',(1.,0.));
#5339 = ( GEOMETRIC_REPRESENTATION_CONTEXT(2) 
PARAMETRIC_REPRESENTATION_CONTEXT() REPRESENTATION_CONTEXT('2D SPACE',''
  ) );
#5340 = PCURVE('',#3976,#5341);
#5341 = DEFINITIONAL_REPRESENTATION('',(#5342),#5345);
#5342 = B_SPLINE_CURVE_WITH_KNOTS('',1,(#5343,#5344),.UNSPECIFIED.,.F.,
  .F.,(2,2),(0.,1.),.PIECEWISE_BEZIER_KNOTS.);
#5343 = CARTESIAN_POINT('',(0.,0.));
#5344 = CARTESIAN_POINT('',(0.266902745924,2.183749739375));
#5345 = ( GEOMETRIC_REPRESENTATION_CONTEXT(2) 
PARAMETRIC_REPRESENTATION_CONTEXT() REPRESENTATION_CONTEXT('2D SPACE',''
  ) );
#5346 = ORIENTED_EDGE('',*,*,#4025,.T.);
#5347 = ORIENTED_EDGE('',*,*,#3521,.T.);
#5348 = ADVANCED_FACE('',(#5349),#3375,.F.);
#5349 = FACE_BOUND('',#5350,.F.);
#5350 = EDGE_LOOP('',(#5351,#5352,#5371,#5372));
#5351 = ORIENTED_EDGE('',*,*,#5199,.F.);
#5352 = ORIENTED_EDGE('',*,*,#5353,.T.);
#5353 = EDGE_CURVE('',#5179,#3614,#5354,.T.);
#5354 = SURFACE_CURVE('',#5355,(#5358,#5365),.PCURVE_S1.);
#5355 = B_SPLINE_CURVE_WITH_KNOTS('',1,(#5356,#5357),.UNSPECIFIED.,.F.,
  .F.,(2,2),(0.,1.),.PIECEWISE_BEZIER_KNOTS.);
#5356 = CARTESIAN_POINT('',(-14.50054050214,-45.97525610042,
    -1.511613076572));
#5357 = CARTESIAN_POINT('',(-12.35569909534,-46.46480215512,
    -1.511613076572));
#5358 = PCURVE('',#3375,#5359);
#5359 = DEFINITIONAL_REPRESENTATION('',(#5360),#5364);
#5360 = LINE('',#5361,#5362);
#5361 = CARTESIAN_POINT('',(0.,0.));
#5362 = VECTOR('',#5363,1.);
#5363 = DIRECTION('',(1.,0.));
#5364 = ( GEOMETRIC_REPRESENTATION_CONTEXT(2) 
PARAMETRIC_REPRESENTATION_CONTEXT() REPRESENTATION_CONTEXT('2D SPACE',''
  ) );
#5365 = PCURVE('',#3661,#5366);
#5366 = DEFINITIONAL_REPRESENTATION('',(#5367),#5370);
#5367 = B_SPLINE_CURVE_WITH_KNOTS('',1,(#5368,#5369),.UNSPECIFIED.,.F.,
  .F.,(2,2),(0.,1.),.PIECEWISE_BEZIER_KNOTS.);
#5368 = CARTESIAN_POINT('',(0.,0.));
#5369 = CARTESIAN_POINT('',(0.266902745924,2.183749739375));
#5370 = ( GEOMETRIC_REPRESENTATION_CONTEXT(2) 
PARAMETRIC_REPRESENTATION_CONTEXT() REPRESENTATION_CONTEXT('2D SPACE',''
  ) );
#5371 = ORIENTED_EDGE('',*,*,#3613,.T.);
#5372 = ORIENTED_EDGE('',*,*,#3355,.T.);
#5373 = ADVANCED_FACE('',(#5374),#3262,.F.);
#5374 = FACE_BOUND('',#5375,.F.);
#5375 = EDGE_LOOP('',(#5376,#5377,#5396,#5397));
#5376 = ORIENTED_EDGE('',*,*,#5017,.F.);
#5377 = ORIENTED_EDGE('',*,*,#5378,.T.);
#5378 = EDGE_CURVE('',#4992,#5237,#5379,.T.);
#5379 = SURFACE_CURVE('',#5380,(#5383,#5390),.PCURVE_S1.);
#5380 = B_SPLINE_CURVE_WITH_KNOTS('',1,(#5381,#5382),.UNSPECIFIED.,.F.,
  .F.,(2,2),(0.,1.),.PIECEWISE_BEZIER_KNOTS.);
#5381 = CARTESIAN_POINT('',(-46.06970157697,-19.5787823433,
    -1.511613076572));
#5382 = CARTESIAN_POINT('',(-45.11515735092,-21.56091385269,
    -1.511613076572));
#5383 = PCURVE('',#3262,#5384);
#5384 = DEFINITIONAL_REPRESENTATION('',(#5385),#5389);
#5385 = LINE('',#5386,#5387);
#5386 = CARTESIAN_POINT('',(0.,0.));
#5387 = VECTOR('',#5388,1.);
#5388 = DIRECTION('',(1.,0.));
#5389 = ( GEOMETRIC_REPRESENTATION_CONTEXT(2) 
PARAMETRIC_REPRESENTATION_CONTEXT() REPRESENTATION_CONTEXT('2D SPACE',''
  ) );
#5390 = PCURVE('',#5006,#5391);
#5391 = DEFINITIONAL_REPRESENTATION('',(#5392),#5395);
#5392 = B_SPLINE_CURVE_WITH_KNOTS('',1,(#5393,#5394),.UNSPECIFIED.,.F.,
  .F.,(2,2),(0.,1.),.PIECEWISE_BEZIER_KNOTS.);
#5393 = CARTESIAN_POINT('',(0.,0.));
#5394 = CARTESIAN_POINT('',(0.266902745924,2.183749739375));
#5395 = ( GEOMETRIC_REPRESENTATION_CONTEXT(2) 
PARAMETRIC_REPRESENTATION_CONTEXT() REPRESENTATION_CONTEXT('2D SPACE',''
  ) );
#5396 = ORIENTED_EDGE('',*,*,#5236,.T.);
#5397 = ORIENTED_EDGE('',*,*,#3242,.T.);
#5398 = ADVANCED_FACE('',(#5399),#3149,.F.);
#5399 = FACE_BOUND('',#5400,.F.);
#5400 = EDGE_LOOP('',(#5401,#5402,#5421,#5422));
#5401 = ORIENTED_EDGE('',*,*,#4737,.F.);
#5402 = ORIENTED_EDGE('',*,*,#5403,.T.);
#5403 = EDGE_CURVE('',#4712,#5055,#5404,.T.);
#5404 = SURFACE_CURVE('',#5405,(#5408,#5415),.PCURVE_S1.);
#5405 = B_SPLINE_CURVE_WITH_KNOTS('',1,(#5406,#5407),.UNSPECIFIED.,.F.,
  .F.,(2,2),(0.,1.),.PIECEWISE_BEZIER_KNOTS.);
#5406 = CARTESIAN_POINT('',(-45.11515735092,21.560913852693,
    -1.511613076572));
#5407 = CARTESIAN_POINT('',(-46.06970157697,19.578782343307,
    -1.511613076572));
#5408 = PCURVE('',#3149,#5409);
#5409 = DEFINITIONAL_REPRESENTATION('',(#5410),#5414);
#5410 = LINE('',#5411,#5412);
#5411 = CARTESIAN_POINT('',(0.,0.));
#5412 = VECTOR('',#5413,1.);
#5413 = DIRECTION('',(1.,0.));
#5414 = ( GEOMETRIC_REPRESENTATION_CONTEXT(2) 
PARAMETRIC_REPRESENTATION_CONTEXT() REPRESENTATION_CONTEXT('2D SPACE',''
  ) );
#5415 = PCURVE('',#4726,#5416);
#5416 = DEFINITIONAL_REPRESENTATION('',(#5417),#5420);
#5417 = B_SPLINE_CURVE_WITH_KNOTS('',1,(#5418,#5419),.UNSPECIFIED.,.F.,
  .F.,(2,2),(0.,1.),.PIECEWISE_BEZIER_KNOTS.);
#5418 = CARTESIAN_POINT('',(0.,0.));
#5419 = CARTESIAN_POINT('',(0.266902745924,2.183749739375));
#5420 = ( GEOMETRIC_REPRESENTATION_CONTEXT(2) 
PARAMETRIC_REPRESENTATION_CONTEXT() REPRESENTATION_CONTEXT('2D SPACE',''
  ) );
#5421 = ORIENTED_EDGE('',*,*,#5054,.T.);
#5422 = ORIENTED_EDGE('',*,*,#3129,.T.);
#5423 = ADVANCED_FACE('',(#5424),#3036,.F.);
#5424 = FACE_BOUND('',#5425,.F.);
#5425 = EDGE_LOOP('',(#5426,#5427,#5446,#5447));
#5426 = ORIENTED_EDGE('',*,*,#4457,.F.);
#5427 = ORIENTED_EDGE('',*,*,#5428,.T.);
#5428 = EDGE_CURVE('',#4432,#4775,#5429,.T.);
#5429 = SURFACE_CURVE('',#5430,(#5433,#5440),.PCURVE_S1.);
#5430 = B_SPLINE_CURVE_WITH_KNOTS('',1,(#5431,#5432),.UNSPECIFIED.,.F.,
  .F.,(2,2),(0.,1.),.PIECEWISE_BEZIER_KNOTS.);
#5431 = CARTESIAN_POINT('',(-12.35569909534,46.464802155124,
    -1.511613076572));
#5432 = CARTESIAN_POINT('',(-14.50054050214,45.97525610042,
    -1.511613076572));
#5433 = PCURVE('',#3036,#5434);
#5434 = DEFINITIONAL_REPRESENTATION('',(#5435),#5439);
#5435 = LINE('',#5436,#5437);
#5436 = CARTESIAN_POINT('',(0.,0.));
#5437 = VECTOR('',#5438,1.);
#5438 = DIRECTION('',(1.,0.));
#5439 = ( GEOMETRIC_REPRESENTATION_CONTEXT(2) 
PARAMETRIC_REPRESENTATION_CONTEXT() REPRESENTATION_CONTEXT('2D SPACE',''
  ) );
#5440 = PCURVE('',#4446,#5441);
#5441 = DEFINITIONAL_REPRESENTATION('',(#5442),#5445);
#5442 = B_SPLINE_CURVE_WITH_KNOTS('',1,(#5443,#5444),.UNSPECIFIED.,.F.,
  .F.,(2,2),(0.,1.),.PIECEWISE_BEZIER_KNOTS.);
#5443 = CARTESIAN_POINT('',(0.,0.));
#5444 = CARTESIAN_POINT('',(0.266902745924,2.183749739375));
#5445 = ( GEOMETRIC_REPRESENTATION_CONTEXT(2) 
PARAMETRIC_REPRESENTATION_CONTEXT() REPRESENTATION_CONTEXT('2D SPACE',''
  ) );
#5446 = ORIENTED_EDGE('',*,*,#4774,.T.);
#5447 = ORIENTED_EDGE('',*,*,#3016,.T.);
#5448 = ADVANCED_FACE('',(#5449),#2923,.F.);
#5449 = FACE_BOUND('',#5450,.F.);
#5450 = EDGE_LOOP('',(#5451,#5452,#5471,#5472));
#5451 = ORIENTED_EDGE('',*,*,#4268,.F.);
#5452 = ORIENTED_EDGE('',*,*,#5453,.T.);
#5453 = EDGE_CURVE('',#4243,#4495,#5454,.T.);
#5454 = SURFACE_CURVE('',#5455,(#5458,#5465),.PCURVE_S1.);
#5455 = B_SPLINE_CURVE_WITH_KNOTS('',1,(#5456,#5457),.UNSPECIFIED.,.F.,
  .F.,(2,2),(0.,1.),.PIECEWISE_BEZIER_KNOTS.);
#5456 = CARTESIAN_POINT('',(27.540132952129,36.379746725515,
    -1.511613076572));
#5457 = CARTESIAN_POINT('',(25.820103690699,37.751424289604,
    -1.511613076572));
#5458 = PCURVE('',#2923,#5459);
#5459 = DEFINITIONAL_REPRESENTATION('',(#5460),#5464);
#5460 = LINE('',#5461,#5462);
#5461 = CARTESIAN_POINT('',(0.,0.));
#5462 = VECTOR('',#5463,1.);
#5463 = DIRECTION('',(1.,0.));
#5464 = ( GEOMETRIC_REPRESENTATION_CONTEXT(2) 
PARAMETRIC_REPRESENTATION_CONTEXT() REPRESENTATION_CONTEXT('2D SPACE',''
  ) );
#5465 = PCURVE('',#4257,#5466);
#5466 = DEFINITIONAL_REPRESENTATION('',(#5467),#5470);
#5467 = B_SPLINE_CURVE_WITH_KNOTS('',1,(#5468,#5469),.UNSPECIFIED.,.F.,
  .F.,(2,2),(0.,1.),.PIECEWISE_BEZIER_KNOTS.);
#5468 = CARTESIAN_POINT('',(0.,0.));
#5469 = CARTESIAN_POINT('',(0.266902745924,2.183749739375));
#5470 = ( GEOMETRIC_REPRESENTATION_CONTEXT(2) 
PARAMETRIC_REPRESENTATION_CONTEXT() REPRESENTATION_CONTEXT('2D SPACE',''
  ) );
#5471 = ORIENTED_EDGE('',*,*,#4494,.T.);
#5472 = ORIENTED_EDGE('',*,*,#2903,.T.);
#5473 = ADVANCED_FACE('',(#5474),#3698,.F.);
#5474 = FACE_BOUND('',#5475,.F.);
#5475 = EDGE_LOOP('',(#5476,#5495,#5496,#5497));
#5476 = ORIENTED_EDGE('',*,*,#5477,.T.);
#5477 = EDGE_CURVE('',#3647,#5146,#5478,.T.);
#5478 = SURFACE_CURVE('',#5479,(#5482,#5489),.PCURVE_S1.);
#5479 = B_SPLINE_CURVE_WITH_KNOTS('',1,(#5480,#5481),.UNSPECIFIED.,.F.,
  .F.,(2,2),(2.,3.),.PIECEWISE_BEZIER_KNOTS.);
#5480 = CARTESIAN_POINT('',(-15.81545907502,-61.62300104303,
    7.558065382861));
#5481 = CARTESIAN_POINT('',(-17.96030048182,-61.13345498833,
    7.558065382861));
#5482 = PCURVE('',#3698,#5483);
#5483 = DEFINITIONAL_REPRESENTATION('',(#5484),#5488);
#5484 = LINE('',#5485,#5486);
#5485 = CARTESIAN_POINT('',(0.,0.));
#5486 = VECTOR('',#5487,1.);
#5487 = DIRECTION('',(1.,0.));
#5488 = ( GEOMETRIC_REPRESENTATION_CONTEXT(2) 
PARAMETRIC_REPRESENTATION_CONTEXT() REPRESENTATION_CONTEXT('2D SPACE',''
  ) );
#5489 = PCURVE('',#3661,#5490);
#5490 = DEFINITIONAL_REPRESENTATION('',(#5491),#5494);
#5491 = B_SPLINE_CURVE_WITH_KNOTS('',1,(#5492,#5493),.UNSPECIFIED.,.F.,
  .F.,(2,2),(2.,3.),.PIECEWISE_BEZIER_KNOTS.);
#5492 = CARTESIAN_POINT('',(18.133946068079,1.7763568394E-15));
#5493 = CARTESIAN_POINT('',(17.867043322156,-2.183749739375));
#5494 = ( GEOMETRIC_REPRESENTATION_CONTEXT(2) 
PARAMETRIC_REPRESENTATION_CONTEXT() REPRESENTATION_CONTEXT('2D SPACE',''
  ) );
#5495 = ORIENTED_EDGE('',*,*,#5145,.T.);
#5496 = ORIENTED_EDGE('',*,*,#3778,.F.);
#5497 = ORIENTED_EDGE('',*,*,#3672,.F.);
#5498 = ADVANCED_FACE('',(#5499),#3661,.F.);
#5499 = FACE_BOUND('',#5500,.F.);
#5500 = EDGE_LOOP('',(#5501,#5502,#5503,#5504));
#5501 = ORIENTED_EDGE('',*,*,#5353,.F.);
#5502 = ORIENTED_EDGE('',*,*,#5178,.F.);
#5503 = ORIENTED_EDGE('',*,*,#5477,.F.);
#5504 = ORIENTED_EDGE('',*,*,#3646,.F.);
#5505 = ADVANCED_FACE('',(#5506),#3871,.F.);
#5506 = FACE_BOUND('',#5507,.F.);
#5507 = EDGE_LOOP('',(#5508,#5527,#5528,#5529));
#5508 = ORIENTED_EDGE('',*,*,#5509,.T.);
#5509 = EDGE_CURVE('',#4059,#3929,#5510,.T.);
#5510 = SURFACE_CURVE('',#5511,(#5514,#5521),.PCURVE_S1.);
#5511 = B_SPLINE_CURVE_WITH_KNOTS('',1,(#5512,#5513),.UNSPECIFIED.,.F.,
  .F.,(2,2),(2.,3.),.PIECEWISE_BEZIER_KNOTS.);
#5512 = CARTESIAN_POINT('',(60.077983749267,1.1,7.558065382861));
#5513 = CARTESIAN_POINT('',(60.077983749267,-1.1,7.558065382861));
#5514 = PCURVE('',#3871,#5515);
#5515 = DEFINITIONAL_REPRESENTATION('',(#5516),#5520);
#5516 = LINE('',#5517,#5518);
#5517 = CARTESIAN_POINT('',(0.,0.));
#5518 = VECTOR('',#5519,1.);
#5519 = DIRECTION('',(1.,0.));
#5520 = ( GEOMETRIC_REPRESENTATION_CONTEXT(2) 
PARAMETRIC_REPRESENTATION_CONTEXT() REPRESENTATION_CONTEXT('2D SPACE',''
  ) );
#5521 = PCURVE('',#3976,#5522);
#5522 = DEFINITIONAL_REPRESENTATION('',(#5523),#5526);
#5523 = B_SPLINE_CURVE_WITH_KNOTS('',1,(#5524,#5525),.UNSPECIFIED.,.F.,
  .F.,(2,2),(2.,3.),.PIECEWISE_BEZIER_KNOTS.);
#5524 = CARTESIAN_POINT('',(18.133946068079,0.));
#5525 = CARTESIAN_POINT('',(17.867043322156,-2.183749739375));
#5526 = ( GEOMETRIC_REPRESENTATION_CONTEXT(2) 
PARAMETRIC_REPRESENTATION_CONTEXT() REPRESENTATION_CONTEXT('2D SPACE',''
  ) );
#5527 = ORIENTED_EDGE('',*,*,#3928,.T.);
#5528 = ORIENTED_EDGE('',*,*,#3857,.F.);
#5529 = ORIENTED_EDGE('',*,*,#4079,.F.);
#5530 = ADVANCED_FACE('',(#5531),#3976,.F.);
#5531 = FACE_BOUND('',#5532,.F.);
#5532 = EDGE_LOOP('',(#5533,#5534,#5535,#5536));
#5533 = ORIENTED_EDGE('',*,*,#5328,.F.);
#5534 = ORIENTED_EDGE('',*,*,#3961,.F.);
#5535 = ORIENTED_EDGE('',*,*,#5509,.F.);
#5536 = ORIENTED_EDGE('',*,*,#4058,.F.);
#5537 = ADVANCED_FACE('',(#5538),#4152,.F.);
#5538 = FACE_BOUND('',#5539,.F.);
#5539 = EDGE_LOOP('',(#5540,#5559,#5560,#5561));
#5540 = ORIENTED_EDGE('',*,*,#5541,.T.);
#5541 = EDGE_CURVE('',#4528,#4210,#5542,.T.);
#5542 = SURFACE_CURVE('',#5543,(#5546,#5553),.PCURVE_S1.);
#5543 = B_SPLINE_CURVE_WITH_KNOTS('',1,(#5544,#5545),.UNSPECIFIED.,.F.,
  .F.,(2,2),(2.,3.),.PIECEWISE_BEZIER_KNOTS.);
#5544 = CARTESIAN_POINT('',(35.514135734576,49.907355984657,
    7.558065382861));
#5545 = CARTESIAN_POINT('',(37.234164996006,48.535678420567,
    7.558065382861));
#5546 = PCURVE('',#4152,#5547);
#5547 = DEFINITIONAL_REPRESENTATION('',(#5548),#5552);
#5548 = LINE('',#5549,#5550);
#5549 = CARTESIAN_POINT('',(0.,0.));
#5550 = VECTOR('',#5551,1.);
#5551 = DIRECTION('',(1.,0.));
#5552 = ( GEOMETRIC_REPRESENTATION_CONTEXT(2) 
PARAMETRIC_REPRESENTATION_CONTEXT() REPRESENTATION_CONTEXT('2D SPACE',''
  ) );
#5553 = PCURVE('',#4257,#5554);
#5554 = DEFINITIONAL_REPRESENTATION('',(#5555),#5558);
#5555 = B_SPLINE_CURVE_WITH_KNOTS('',1,(#5556,#5557),.UNSPECIFIED.,.F.,
  .F.,(2,2),(2.,3.),.PIECEWISE_BEZIER_KNOTS.);
#5556 = CARTESIAN_POINT('',(18.133946068079,4.440892098501E-16));
#5557 = CARTESIAN_POINT('',(17.867043322156,-2.183749739375));
#5558 = ( GEOMETRIC_REPRESENTATION_CONTEXT(2) 
PARAMETRIC_REPRESENTATION_CONTEXT() REPRESENTATION_CONTEXT('2D SPACE',''
  ) );
#5559 = ORIENTED_EDGE('',*,*,#4209,.T.);
#5560 = ORIENTED_EDGE('',*,*,#4138,.F.);
#5561 = ORIENTED_EDGE('',*,*,#4548,.F.);
#5562 = ADVANCED_FACE('',(#5563),#4257,.F.);
#5563 = FACE_BOUND('',#5564,.F.);
#5564 = EDGE_LOOP('',(#5565,#5566,#5567,#5568));
#5565 = ORIENTED_EDGE('',*,*,#5453,.F.);
#5566 = ORIENTED_EDGE('',*,*,#4242,.F.);
#5567 = ORIENTED_EDGE('',*,*,#5541,.F.);
#5568 = ORIENTED_EDGE('',*,*,#4527,.F.);
#5569 = ADVANCED_FACE('',(#5570),#4341,.F.);
#5570 = FACE_BOUND('',#5571,.F.);
#5571 = EDGE_LOOP('',(#5572,#5591,#5592,#5593));
#5572 = ORIENTED_EDGE('',*,*,#5573,.T.);
#5573 = EDGE_CURVE('',#4808,#4399,#5574,.T.);
#5574 = SURFACE_CURVE('',#5575,(#5578,#5585),.PCURVE_S1.);
#5575 = B_SPLINE_CURVE_WITH_KNOTS('',1,(#5576,#5577),.UNSPECIFIED.,.F.,
  .F.,(2,2),(2.,3.),.PIECEWISE_BEZIER_KNOTS.);
#5576 = CARTESIAN_POINT('',(-17.96030048182,61.133454988334,
    7.558065382861));
#5577 = CARTESIAN_POINT('',(-15.81545907502,61.623001043037,
    7.558065382861));
#5578 = PCURVE('',#4341,#5579);
#5579 = DEFINITIONAL_REPRESENTATION('',(#5580),#5584);
#5580 = LINE('',#5581,#5582);
#5581 = CARTESIAN_POINT('',(0.,0.));
#5582 = VECTOR('',#5583,1.);
#5583 = DIRECTION('',(1.,0.));
#5584 = ( GEOMETRIC_REPRESENTATION_CONTEXT(2) 
PARAMETRIC_REPRESENTATION_CONTEXT() REPRESENTATION_CONTEXT('2D SPACE',''
  ) );
#5585 = PCURVE('',#4446,#5586);
#5586 = DEFINITIONAL_REPRESENTATION('',(#5587),#5590);
#5587 = B_SPLINE_CURVE_WITH_KNOTS('',1,(#5588,#5589),.UNSPECIFIED.,.F.,
  .F.,(2,2),(2.,3.),.PIECEWISE_BEZIER_KNOTS.);
#5588 = CARTESIAN_POINT('',(18.133946068079,1.7763568394E-15));
#5589 = CARTESIAN_POINT('',(17.867043322155,-2.183749739375));
#5590 = ( GEOMETRIC_REPRESENTATION_CONTEXT(2) 
PARAMETRIC_REPRESENTATION_CONTEXT() REPRESENTATION_CONTEXT('2D SPACE',''
  ) );
#5591 = ORIENTED_EDGE('',*,*,#4398,.T.);
#5592 = ORIENTED_EDGE('',*,*,#4327,.F.);
#5593 = ORIENTED_EDGE('',*,*,#4828,.F.);
#5594 = ADVANCED_FACE('',(#5595),#4446,.F.);
#5595 = FACE_BOUND('',#5596,.F.);
#5596 = EDGE_LOOP('',(#5597,#5598,#5599,#5600));
#5597 = ORIENTED_EDGE('',*,*,#5428,.F.);
#5598 = ORIENTED_EDGE('',*,*,#4431,.F.);
#5599 = ORIENTED_EDGE('',*,*,#5573,.F.);
#5600 = ORIENTED_EDGE('',*,*,#4807,.F.);
#5601 = ADVANCED_FACE('',(#5602),#4621,.F.);
#5602 = FACE_BOUND('',#5603,.F.);
#5603 = EDGE_LOOP('',(#5604,#5623,#5624,#5625));
#5604 = ORIENTED_EDGE('',*,*,#5605,.T.);
#5605 = EDGE_CURVE('',#5088,#4679,#5606,.T.);
#5606 = SURFACE_CURVE('',#5607,(#5610,#5617),.PCURVE_S1.);
#5607 = B_SPLINE_CURVE_WITH_KNOTS('',1,(#5608,#5609),.UNSPECIFIED.,.F.,
  .F.,(2,2),(2.,3.),.PIECEWISE_BEZIER_KNOTS.);
#5608 = CARTESIAN_POINT('',(-60.07798374926,26.324815490575,
    7.558065382861));
#5609 = CARTESIAN_POINT('',(-59.1234395232,28.306946999961,
    7.558065382861));
#5610 = PCURVE('',#4621,#5611);
#5611 = DEFINITIONAL_REPRESENTATION('',(#5612),#5616);
#5612 = LINE('',#5613,#5614);
#5613 = CARTESIAN_POINT('',(0.,0.));
#5614 = VECTOR('',#5615,1.);
#5615 = DIRECTION('',(1.,0.));
#5616 = ( GEOMETRIC_REPRESENTATION_CONTEXT(2) 
PARAMETRIC_REPRESENTATION_CONTEXT() REPRESENTATION_CONTEXT('2D SPACE',''
  ) );
#5617 = PCURVE('',#4726,#5618);
#5618 = DEFINITIONAL_REPRESENTATION('',(#5619),#5622);
#5619 = B_SPLINE_CURVE_WITH_KNOTS('',1,(#5620,#5621),.UNSPECIFIED.,.F.,
  .F.,(2,2),(2.,3.),.PIECEWISE_BEZIER_KNOTS.);
#5620 = CARTESIAN_POINT('',(18.133946068079,1.7763568394E-15));
#5621 = CARTESIAN_POINT('',(17.867043322156,-2.183749739375));
#5622 = ( GEOMETRIC_REPRESENTATION_CONTEXT(2) 
PARAMETRIC_REPRESENTATION_CONTEXT() REPRESENTATION_CONTEXT('2D SPACE',''
  ) );
#5623 = ORIENTED_EDGE('',*,*,#4678,.T.);
#5624 = ORIENTED_EDGE('',*,*,#4607,.F.);
#5625 = ORIENTED_EDGE('',*,*,#5108,.F.);
#5626 = ADVANCED_FACE('',(#5627),#4726,.F.);
#5627 = FACE_BOUND('',#5628,.F.);
#5628 = EDGE_LOOP('',(#5629,#5630,#5631,#5632));
#5629 = ORIENTED_EDGE('',*,*,#5403,.F.);
#5630 = ORIENTED_EDGE('',*,*,#4711,.F.);
#5631 = ORIENTED_EDGE('',*,*,#5605,.F.);
#5632 = ORIENTED_EDGE('',*,*,#5087,.F.);
#5633 = ADVANCED_FACE('',(#5634),#4901,.F.);
#5634 = FACE_BOUND('',#5635,.F.);
#5635 = EDGE_LOOP('',(#5636,#5655,#5656,#5657));
#5636 = ORIENTED_EDGE('',*,*,#5637,.T.);
#5637 = EDGE_CURVE('',#5270,#4959,#5638,.T.);
#5638 = SURFACE_CURVE('',#5639,(#5642,#5649),.PCURVE_S1.);
#5639 = B_SPLINE_CURVE_WITH_KNOTS('',1,(#5640,#5641),.UNSPECIFIED.,.F.,
  .F.,(2,2),(2.,3.),.PIECEWISE_BEZIER_KNOTS.);
#5640 = CARTESIAN_POINT('',(-59.1234395232,-28.30694699996,
    7.558065382861));
#5641 = CARTESIAN_POINT('',(-60.07798374926,-26.32481549057,
    7.558065382861));
#5642 = PCURVE('',#4901,#5643);
#5643 = DEFINITIONAL_REPRESENTATION('',(#5644),#5648);
#5644 = LINE('',#5645,#5646);
#5645 = CARTESIAN_POINT('',(0.,0.));
#5646 = VECTOR('',#5647,1.);
#5647 = DIRECTION('',(1.,0.));
#5648 = ( GEOMETRIC_REPRESENTATION_CONTEXT(2) 
PARAMETRIC_REPRESENTATION_CONTEXT() REPRESENTATION_CONTEXT('2D SPACE',''
  ) );
#5649 = PCURVE('',#5006,#5650);
#5650 = DEFINITIONAL_REPRESENTATION('',(#5651),#5654);
#5651 = B_SPLINE_CURVE_WITH_KNOTS('',1,(#5652,#5653),.UNSPECIFIED.,.F.,
  .F.,(2,2),(2.,3.),.PIECEWISE_BEZIER_KNOTS.);
#5652 = CARTESIAN_POINT('',(18.133946068079,4.440892098501E-15));
#5653 = CARTESIAN_POINT('',(17.867043322156,-2.183749739375));
#5654 = ( GEOMETRIC_REPRESENTATION_CONTEXT(2) 
PARAMETRIC_REPRESENTATION_CONTEXT() REPRESENTATION_CONTEXT('2D SPACE',''
  ) );
#5655 = ORIENTED_EDGE('',*,*,#4958,.T.);
#5656 = ORIENTED_EDGE('',*,*,#4887,.F.);
#5657 = ORIENTED_EDGE('',*,*,#5290,.F.);
#5658 = ADVANCED_FACE('',(#5659),#5006,.F.);
#5659 = FACE_BOUND('',#5660,.F.);
#5660 = EDGE_LOOP('',(#5661,#5662,#5663,#5664));
#5661 = ORIENTED_EDGE('',*,*,#5378,.F.);
#5662 = ORIENTED_EDGE('',*,*,#4991,.F.);
#5663 = ORIENTED_EDGE('',*,*,#5637,.F.);
#5664 = ORIENTED_EDGE('',*,*,#5269,.F.);
#5665 = ( GEOMETRIC_REPRESENTATION_CONTEXT(3) 
GLOBAL_UNCERTAINTY_ASSIGNED_CONTEXT((#5669)) 
GLOBAL_UNIT_ASSIGNED_CONTEXT((#5666,#5667,#5668)) REPRESENTATION_CONTEXT
('Context #1','3D Context with UNIT and UNCERTAINTY') );
#5666 = ( LENGTH_UNIT() NAMED_UNIT(*) SI_UNIT(.MILLI.,.METRE.) );
#5667 = ( NAMED_UNIT(*) PLANE_ANGLE_UNIT() SI_UNIT($,.RADIAN.) );
#5668 = ( NAMED_UNIT(*) SI_UNIT($,.STERADIAN.) SOLID_ANGLE_UNIT() );
#5669 = UNCERTAINTY_MEASURE_WITH_UNIT(LENGTH_MEASURE(2.E-06),#5666,
  'distance_accuracy_value','confusion accuracy');
#5670 = PRODUCT_RELATED_PRODUCT_CATEGORY('part',$,(#7));
ENDSEC;
END-ISO-10303-21;
