ISO-10303-21;
HEADER;
FILE_DESCRIPTION(('Open CASCADE Model'),'2;1');
FILE_NAME('Open CASCADE Shape Model','2026-05-25T14:21:50',('Author'),(
    'Open CASCADE'),'Open CASCADE STEP processor 7.8','Open CASCADE 7.8'
  ,'Unknown');
FILE_SCHEMA(('AUTOMOTIVE_DESIGN { 1 0 10303 214 1 1 1 1 }'));
ENDSEC;
DATA;
#1 = APPLICATION_PROTOCOL_DEFINITION('international standard',
  'automotive_design',2000,#2);
#2 = APPLICATION_CONTEXT(
  'core data for automotive mechanical design processes');
#3 = SHAPE_DEFINITION_REPRESENTATION(#4,#10);
#4 = PRODUCT_DEFINITION_SHAPE('','',#5);
#5 = PRODUCT_DEFINITION('design','',#6,#9);
#6 = PRODUCT_DEFINITION_FORMATION('','',#7);
#7 = PRODUCT('Open CASCADE STEP translator 7.8 3',
  'Open CASCADE STEP translator 7.8 3','',(#8));
#8 = PRODUCT_CONTEXT('',#2,'mechanical');
#9 = PRODUCT_DEFINITION_CONTEXT('part definition',#2,'design');
#10 = SHAPE_REPRESENTATION('',(#11,#15,#19,#23,#27,#31,#35),#39);
#11 = AXIS2_PLACEMENT_3D('',#12,#13,#14);
#12 = CARTESIAN_POINT('',(0.,0.,0.));
#13 = DIRECTION('',(0.,0.,1.));
#14 = DIRECTION('',(1.,0.,-0.));
#15 = AXIS2_PLACEMENT_3D('',#16,#17,#18);
#16 = CARTESIAN_POINT('',(0.,0.,0.));
#17 = DIRECTION('',(0.,0.,1.));
#18 = DIRECTION('',(1.,0.,-0.));
#19 = AXIS2_PLACEMENT_3D('',#20,#21,#22);
#20 = CARTESIAN_POINT('',(0.,0.,0.));
#21 = DIRECTION('',(0.,0.,1.));
#22 = DIRECTION('',(1.,0.,0.));
#23 = AXIS2_PLACEMENT_3D('',#24,#25,#26);
#24 = CARTESIAN_POINT('',(0.,0.,0.));
#25 = DIRECTION('',(0.,0.,1.));
#26 = DIRECTION('',(1.,0.,0.));
#27 = AXIS2_PLACEMENT_3D('',#28,#29,#30);
#28 = CARTESIAN_POINT('',(0.,0.,0.));
#29 = DIRECTION('',(0.,0.,1.));
#30 = DIRECTION('',(1.,0.,0.));
#31 = AXIS2_PLACEMENT_3D('',#32,#33,#34);
#32 = CARTESIAN_POINT('',(0.,0.,0.));
#33 = DIRECTION('',(0.,0.,1.));
#34 = DIRECTION('',(1.,0.,0.));
#35 = AXIS2_PLACEMENT_3D('',#36,#37,#38);
#36 = CARTESIAN_POINT('',(0.,0.,0.));
#37 = DIRECTION('',(0.,0.,1.));
#38 = DIRECTION('',(1.,0.,0.));
#39 = ( GEOMETRIC_REPRESENTATION_CONTEXT(3) 
GLOBAL_UNCERTAINTY_ASSIGNED_CONTEXT((#43)) GLOBAL_UNIT_ASSIGNED_CONTEXT(
(#40,#41,#42)) REPRESENTATION_CONTEXT('Context #1',
  '3D Context with UNIT and UNCERTAINTY') );
#40 = ( LENGTH_UNIT() NAMED_UNIT(*) SI_UNIT(.MILLI.,.METRE.) );
#41 = ( NAMED_UNIT(*) PLANE_ANGLE_UNIT() SI_UNIT($,.RADIAN.) );
#42 = ( NAMED_UNIT(*) SI_UNIT($,.STERADIAN.) SOLID_ANGLE_UNIT() );
#43 = UNCERTAINTY_MEASURE_WITH_UNIT(LENGTH_MEASURE(1.E-07),#40,
  'distance_accuracy_value','confusion accuracy');
#44 = PRODUCT_RELATED_PRODUCT_CATEGORY('part',$,(#7));
#45 = SHAPE_DEFINITION_REPRESENTATION(#46,#52);
#46 = PRODUCT_DEFINITION_SHAPE('','',#47);
#47 = PRODUCT_DEFINITION('design','',#48,#51);
#48 = PRODUCT_DEFINITION_FORMATION('','',#49);
#49 = PRODUCT('Open CASCADE STEP translator 7.8 3.1',
  'Open CASCADE STEP translator 7.8 3.1','',(#50));
#50 = PRODUCT_CONTEXT('',#2,'mechanical');
#51 = PRODUCT_DEFINITION_CONTEXT('part definition',#2,'design');
#52 = ADVANCED_BREP_SHAPE_REPRESENTATION('',(#11,#53),#8815);
#53 = MANIFOLD_SOLID_BREP('',#54);
#54 = CLOSED_SHELL('',(#55,#175,#365,#414,#577,#604,#611,#801,#850,#899,
    #926,#1002,#2747,#2796,#2823,#3698,#3774,#3823,#3872,#3899,#3906,
    #3982,#4031,#4080,#4107,#4183,#4232,#4281,#4308,#4384,#4433,#4482,
    #4509,#4585,#4634,#4683,#4710,#4786,#4835,#4884,#4911,#4987,#5036,
    #5085,#5112,#5188,#5237,#5286,#5313,#5389,#5438,#5487,#5514,#5590,
    #5639,#5688,#5715,#5791,#5840,#5889,#5916,#5992,#6041,#6090,#6117,
    #6193,#6242,#6291,#6318,#6394,#6443,#6492,#6519,#6595,#6644,#6693,
    #6720,#6796,#6845,#6894,#6921,#6997,#7046,#7095,#7122,#7177,#7253,
    #7302,#7351,#7378,#7454,#7503,#7552,#7579,#7655,#7704,#7753,#7780,
    #7856,#7905,#7954,#7981,#8057,#8106,#8155,#8182,#8258,#8307,#8356,
    #8383,#8459,#8508,#8557,#8584,#8639,#8646,#8653,#8660,#8667,#8674,
    #8681,#8688,#8695,#8702,#8709,#8716,#8723,#8730,#8737,#8744,#8751,
    #8758,#8762,#8769,#8776,#8783,#8790,#8797,#8804,#8811));
#55 = ADVANCED_FACE('',(#56),#70,.F.);
#56 = FACE_BOUND('',#57,.F.);
#57 = EDGE_LOOP('',(#58,#93,#121,#149));
#58 = ORIENTED_EDGE('',*,*,#59,.F.);
#59 = EDGE_CURVE('',#60,#62,#64,.T.);
#60 = VERTEX_POINT('',#61);
#61 = CARTESIAN_POINT('',(-300.,-50.,0.));
#62 = VERTEX_POINT('',#63);
#63 = CARTESIAN_POINT('',(-300.,-50.,800.));
#64 = SURFACE_CURVE('',#65,(#69,#81),.PCURVE_S1.);
#65 = LINE('',#66,#67);
#66 = CARTESIAN_POINT('',(-300.,-50.,0.));
#67 = VECTOR('',#68,1.);
#68 = DIRECTION('',(0.,0.,1.));
#69 = PCURVE('',#70,#75);
#70 = PLANE('',#71);
#71 = AXIS2_PLACEMENT_3D('',#72,#73,#74);
#72 = CARTESIAN_POINT('',(-300.,-50.,0.));
#73 = DIRECTION('',(1.,0.,0.));
#74 = DIRECTION('',(0.,0.,1.));
#75 = DEFINITIONAL_REPRESENTATION('',(#76),#80);
#76 = LINE('',#77,#78);
#77 = CARTESIAN_POINT('',(0.,0.));
#78 = VECTOR('',#79,1.);
#79 = DIRECTION('',(1.,0.));
#80 = ( GEOMETRIC_REPRESENTATION_CONTEXT(2) 
PARAMETRIC_REPRESENTATION_CONTEXT() REPRESENTATION_CONTEXT('2D SPACE',''
  ) );
#81 = PCURVE('',#82,#87);
#82 = PLANE('',#83);
#83 = AXIS2_PLACEMENT_3D('',#84,#85,#86);
#84 = CARTESIAN_POINT('',(-300.,-50.,0.));
#85 = DIRECTION('',(0.,1.,0.));
#86 = DIRECTION('',(0.,0.,1.));
#87 = DEFINITIONAL_REPRESENTATION('',(#88),#92);
#88 = LINE('',#89,#90);
#89 = CARTESIAN_POINT('',(0.,0.));
#90 = VECTOR('',#91,1.);
#91 = DIRECTION('',(1.,0.));
#92 = ( GEOMETRIC_REPRESENTATION_CONTEXT(2) 
PARAMETRIC_REPRESENTATION_CONTEXT() REPRESENTATION_CONTEXT('2D SPACE',''
  ) );
#93 = ORIENTED_EDGE('',*,*,#94,.T.);
#94 = EDGE_CURVE('',#60,#95,#97,.T.);
#95 = VERTEX_POINT('',#96);
#96 = CARTESIAN_POINT('',(-300.,50.,0.));
#97 = SURFACE_CURVE('',#98,(#102,#109),.PCURVE_S1.);
#98 = LINE('',#99,#100);
#99 = CARTESIAN_POINT('',(-300.,-50.,0.));
#100 = VECTOR('',#101,1.);
#101 = DIRECTION('',(0.,1.,0.));
#102 = PCURVE('',#70,#103);
#103 = DEFINITIONAL_REPRESENTATION('',(#104),#108);
#104 = LINE('',#105,#106);
#105 = CARTESIAN_POINT('',(0.,0.));
#106 = VECTOR('',#107,1.);
#107 = DIRECTION('',(0.,-1.));
#108 = ( GEOMETRIC_REPRESENTATION_CONTEXT(2) 
PARAMETRIC_REPRESENTATION_CONTEXT() REPRESENTATION_CONTEXT('2D SPACE',''
  ) );
#109 = PCURVE('',#110,#115);
#110 = PLANE('',#111);
#111 = AXIS2_PLACEMENT_3D('',#112,#113,#114);
#112 = CARTESIAN_POINT('',(-300.,-50.,0.));
#113 = DIRECTION('',(0.,0.,1.));
#114 = DIRECTION('',(1.,0.,0.));
#115 = DEFINITIONAL_REPRESENTATION('',(#116),#120);
#116 = LINE('',#117,#118);
#117 = CARTESIAN_POINT('',(0.,0.));
#118 = VECTOR('',#119,1.);
#119 = DIRECTION('',(0.,1.));
#120 = ( GEOMETRIC_REPRESENTATION_CONTEXT(2) 
PARAMETRIC_REPRESENTATION_CONTEXT() REPRESENTATION_CONTEXT('2D SPACE',''
  ) );
#121 = ORIENTED_EDGE('',*,*,#122,.T.);
#122 = EDGE_CURVE('',#95,#123,#125,.T.);
#123 = VERTEX_POINT('',#124);
#124 = CARTESIAN_POINT('',(-300.,50.,800.));
#125 = SURFACE_CURVE('',#126,(#130,#137),.PCURVE_S1.);
#126 = LINE('',#127,#128);
#127 = CARTESIAN_POINT('',(-300.,50.,0.));
#128 = VECTOR('',#129,1.);
#129 = DIRECTION('',(0.,0.,1.));
#130 = PCURVE('',#70,#131);
#131 = DEFINITIONAL_REPRESENTATION('',(#132),#136);
#132 = LINE('',#133,#134);
#133 = CARTESIAN_POINT('',(0.,-100.));
#134 = VECTOR('',#135,1.);
#135 = DIRECTION('',(1.,0.));
#136 = ( GEOMETRIC_REPRESENTATION_CONTEXT(2) 
PARAMETRIC_REPRESENTATION_CONTEXT() REPRESENTATION_CONTEXT('2D SPACE',''
  ) );
#137 = PCURVE('',#138,#143);
#138 = PLANE('',#139);
#139 = AXIS2_PLACEMENT_3D('',#140,#141,#142);
#140 = CARTESIAN_POINT('',(-300.,50.,0.));
#141 = DIRECTION('',(0.,1.,0.));
#142 = DIRECTION('',(0.,0.,1.));
#143 = DEFINITIONAL_REPRESENTATION('',(#144),#148);
#144 = LINE('',#145,#146);
#145 = CARTESIAN_POINT('',(0.,0.));
#146 = VECTOR('',#147,1.);
#147 = DIRECTION('',(1.,0.));
#148 = ( GEOMETRIC_REPRESENTATION_CONTEXT(2) 
PARAMETRIC_REPRESENTATION_CONTEXT() REPRESENTATION_CONTEXT('2D SPACE',''
  ) );
#149 = ORIENTED_EDGE('',*,*,#150,.F.);
#150 = EDGE_CURVE('',#62,#123,#151,.T.);
#151 = SURFACE_CURVE('',#152,(#156,#163),.PCURVE_S1.);
#152 = LINE('',#153,#154);
#153 = CARTESIAN_POINT('',(-300.,-50.,800.));
#154 = VECTOR('',#155,1.);
#155 = DIRECTION('',(0.,1.,0.));
#156 = PCURVE('',#70,#157);
#157 = DEFINITIONAL_REPRESENTATION('',(#158),#162);
#158 = LINE('',#159,#160);
#159 = CARTESIAN_POINT('',(800.,0.));
#160 = VECTOR('',#161,1.);
#161 = DIRECTION('',(0.,-1.));
#162 = ( GEOMETRIC_REPRESENTATION_CONTEXT(2) 
PARAMETRIC_REPRESENTATION_CONTEXT() REPRESENTATION_CONTEXT('2D SPACE',''
  ) );
#163 = PCURVE('',#164,#169);
#164 = PLANE('',#165);
#165 = AXIS2_PLACEMENT_3D('',#166,#167,#168);
#166 = CARTESIAN_POINT('',(-300.,-50.,800.));
#167 = DIRECTION('',(0.,0.,1.));
#168 = DIRECTION('',(1.,0.,0.));
#169 = DEFINITIONAL_REPRESENTATION('',(#170),#174);
#170 = LINE('',#171,#172);
#171 = CARTESIAN_POINT('',(0.,0.));
#172 = VECTOR('',#173,1.);
#173 = DIRECTION('',(0.,1.));
#174 = ( GEOMETRIC_REPRESENTATION_CONTEXT(2) 
PARAMETRIC_REPRESENTATION_CONTEXT() REPRESENTATION_CONTEXT('2D SPACE',''
  ) );
#175 = ADVANCED_FACE('',(#176,#251),#82,.F.);
#176 = FACE_BOUND('',#177,.F.);
#177 = EDGE_LOOP('',(#178,#201,#202,#225));
#178 = ORIENTED_EDGE('',*,*,#179,.F.);
#179 = EDGE_CURVE('',#60,#180,#182,.T.);
#180 = VERTEX_POINT('',#181);
#181 = CARTESIAN_POINT('',(300.,-50.,0.));
#182 = SURFACE_CURVE('',#183,(#187,#194),.PCURVE_S1.);
#183 = LINE('',#184,#185);
#184 = CARTESIAN_POINT('',(-300.,-50.,0.));
#185 = VECTOR('',#186,1.);
#186 = DIRECTION('',(1.,0.,0.));
#187 = PCURVE('',#82,#188);
#188 = DEFINITIONAL_REPRESENTATION('',(#189),#193);
#189 = LINE('',#190,#191);
#190 = CARTESIAN_POINT('',(0.,0.));
#191 = VECTOR('',#192,1.);
#192 = DIRECTION('',(0.,1.));
#193 = ( GEOMETRIC_REPRESENTATION_CONTEXT(2) 
PARAMETRIC_REPRESENTATION_CONTEXT() REPRESENTATION_CONTEXT('2D SPACE',''
  ) );
#194 = PCURVE('',#110,#195);
#195 = DEFINITIONAL_REPRESENTATION('',(#196),#200);
#196 = LINE('',#197,#198);
#197 = CARTESIAN_POINT('',(0.,0.));
#198 = VECTOR('',#199,1.);
#199 = DIRECTION('',(1.,0.));
#200 = ( GEOMETRIC_REPRESENTATION_CONTEXT(2) 
PARAMETRIC_REPRESENTATION_CONTEXT() REPRESENTATION_CONTEXT('2D SPACE',''
  ) );
#201 = ORIENTED_EDGE('',*,*,#59,.T.);
#202 = ORIENTED_EDGE('',*,*,#203,.T.);
#203 = EDGE_CURVE('',#62,#204,#206,.T.);
#204 = VERTEX_POINT('',#205);
#205 = CARTESIAN_POINT('',(300.,-50.,800.));
#206 = SURFACE_CURVE('',#207,(#211,#218),.PCURVE_S1.);
#207 = LINE('',#208,#209);
#208 = CARTESIAN_POINT('',(-300.,-50.,800.));
#209 = VECTOR('',#210,1.);
#210 = DIRECTION('',(1.,0.,0.));
#211 = PCURVE('',#82,#212);
#212 = DEFINITIONAL_REPRESENTATION('',(#213),#217);
#213 = LINE('',#214,#215);
#214 = CARTESIAN_POINT('',(800.,0.));
#215 = VECTOR('',#216,1.);
#216 = DIRECTION('',(0.,1.));
#217 = ( GEOMETRIC_REPRESENTATION_CONTEXT(2) 
PARAMETRIC_REPRESENTATION_CONTEXT() REPRESENTATION_CONTEXT('2D SPACE',''
  ) );
#218 = PCURVE('',#164,#219);
#219 = DEFINITIONAL_REPRESENTATION('',(#220),#224);
#220 = LINE('',#221,#222);
#221 = CARTESIAN_POINT('',(0.,0.));
#222 = VECTOR('',#223,1.);
#223 = DIRECTION('',(1.,0.));
#224 = ( GEOMETRIC_REPRESENTATION_CONTEXT(2) 
PARAMETRIC_REPRESENTATION_CONTEXT() REPRESENTATION_CONTEXT('2D SPACE',''
  ) );
#225 = ORIENTED_EDGE('',*,*,#226,.F.);
#226 = EDGE_CURVE('',#180,#204,#227,.T.);
#227 = SURFACE_CURVE('',#228,(#232,#239),.PCURVE_S1.);
#228 = LINE('',#229,#230);
#229 = CARTESIAN_POINT('',(300.,-50.,0.));
#230 = VECTOR('',#231,1.);
#231 = DIRECTION('',(0.,0.,1.));
#232 = PCURVE('',#82,#233);
#233 = DEFINITIONAL_REPRESENTATION('',(#234),#238);
#234 = LINE('',#235,#236);
#235 = CARTESIAN_POINT('',(0.,600.));
#236 = VECTOR('',#237,1.);
#237 = DIRECTION('',(1.,0.));
#238 = ( GEOMETRIC_REPRESENTATION_CONTEXT(2) 
PARAMETRIC_REPRESENTATION_CONTEXT() REPRESENTATION_CONTEXT('2D SPACE',''
  ) );
#239 = PCURVE('',#240,#245);
#240 = PLANE('',#241);
#241 = AXIS2_PLACEMENT_3D('',#242,#243,#244);
#242 = CARTESIAN_POINT('',(300.,-50.,0.));
#243 = DIRECTION('',(1.,0.,0.));
#244 = DIRECTION('',(0.,0.,1.));
#245 = DEFINITIONAL_REPRESENTATION('',(#246),#250);
#246 = LINE('',#247,#248);
#247 = CARTESIAN_POINT('',(0.,0.));
#248 = VECTOR('',#249,1.);
#249 = DIRECTION('',(1.,0.));
#250 = ( GEOMETRIC_REPRESENTATION_CONTEXT(2) 
PARAMETRIC_REPRESENTATION_CONTEXT() REPRESENTATION_CONTEXT('2D SPACE',''
  ) );
#251 = FACE_BOUND('',#252,.F.);
#252 = EDGE_LOOP('',(#253,#283,#311,#339));
#253 = ORIENTED_EDGE('',*,*,#254,.F.);
#254 = EDGE_CURVE('',#255,#257,#259,.T.);
#255 = VERTEX_POINT('',#256);
#256 = CARTESIAN_POINT('',(-225.,-50.,750.));
#257 = VERTEX_POINT('',#258);
#258 = CARTESIAN_POINT('',(225.,-50.,750.));
#259 = SURFACE_CURVE('',#260,(#264,#271),.PCURVE_S1.);
#260 = LINE('',#261,#262);
#261 = CARTESIAN_POINT('',(-225.,-50.,750.));
#262 = VECTOR('',#263,1.);
#263 = DIRECTION('',(1.,0.,0.));
#264 = PCURVE('',#82,#265);
#265 = DEFINITIONAL_REPRESENTATION('',(#266),#270);
#266 = LINE('',#267,#268);
#267 = CARTESIAN_POINT('',(750.,75.));
#268 = VECTOR('',#269,1.);
#269 = DIRECTION('',(0.,1.));
#270 = ( GEOMETRIC_REPRESENTATION_CONTEXT(2) 
PARAMETRIC_REPRESENTATION_CONTEXT() REPRESENTATION_CONTEXT('2D SPACE',''
  ) );
#271 = PCURVE('',#272,#277);
#272 = PLANE('',#273);
#273 = AXIS2_PLACEMENT_3D('',#274,#275,#276);
#274 = CARTESIAN_POINT('',(-225.,-100.,750.));
#275 = DIRECTION('',(0.,0.,1.));
#276 = DIRECTION('',(1.,0.,0.));
#277 = DEFINITIONAL_REPRESENTATION('',(#278),#282);
#278 = LINE('',#279,#280);
#279 = CARTESIAN_POINT('',(0.,50.));
#280 = VECTOR('',#281,1.);
#281 = DIRECTION('',(1.,0.));
#282 = ( GEOMETRIC_REPRESENTATION_CONTEXT(2) 
PARAMETRIC_REPRESENTATION_CONTEXT() REPRESENTATION_CONTEXT('2D SPACE',''
  ) );
#283 = ORIENTED_EDGE('',*,*,#284,.F.);
#284 = EDGE_CURVE('',#285,#255,#287,.T.);
#285 = VERTEX_POINT('',#286);
#286 = CARTESIAN_POINT('',(-225.,-50.,550.));
#287 = SURFACE_CURVE('',#288,(#292,#299),.PCURVE_S1.);
#288 = LINE('',#289,#290);
#289 = CARTESIAN_POINT('',(-225.,-50.,550.));
#290 = VECTOR('',#291,1.);
#291 = DIRECTION('',(0.,0.,1.));
#292 = PCURVE('',#82,#293);
#293 = DEFINITIONAL_REPRESENTATION('',(#294),#298);
#294 = LINE('',#295,#296);
#295 = CARTESIAN_POINT('',(550.,75.));
#296 = VECTOR('',#297,1.);
#297 = DIRECTION('',(1.,0.));
#298 = ( GEOMETRIC_REPRESENTATION_CONTEXT(2) 
PARAMETRIC_REPRESENTATION_CONTEXT() REPRESENTATION_CONTEXT('2D SPACE',''
  ) );
#299 = PCURVE('',#300,#305);
#300 = PLANE('',#301);
#301 = AXIS2_PLACEMENT_3D('',#302,#303,#304);
#302 = CARTESIAN_POINT('',(-225.,-100.,550.));
#303 = DIRECTION('',(1.,0.,0.));
#304 = DIRECTION('',(0.,0.,1.));
#305 = DEFINITIONAL_REPRESENTATION('',(#306),#310);
#306 = LINE('',#307,#308);
#307 = CARTESIAN_POINT('',(0.,-50.));
#308 = VECTOR('',#309,1.);
#309 = DIRECTION('',(1.,0.));
#310 = ( GEOMETRIC_REPRESENTATION_CONTEXT(2) 
PARAMETRIC_REPRESENTATION_CONTEXT() REPRESENTATION_CONTEXT('2D SPACE',''
  ) );
#311 = ORIENTED_EDGE('',*,*,#312,.T.);
#312 = EDGE_CURVE('',#285,#313,#315,.T.);
#313 = VERTEX_POINT('',#314);
#314 = CARTESIAN_POINT('',(225.,-50.,550.));
#315 = SURFACE_CURVE('',#316,(#320,#327),.PCURVE_S1.);
#316 = LINE('',#317,#318);
#317 = CARTESIAN_POINT('',(-225.,-50.,550.));
#318 = VECTOR('',#319,1.);
#319 = DIRECTION('',(1.,0.,0.));
#320 = PCURVE('',#82,#321);
#321 = DEFINITIONAL_REPRESENTATION('',(#322),#326);
#322 = LINE('',#323,#324);
#323 = CARTESIAN_POINT('',(550.,75.));
#324 = VECTOR('',#325,1.);
#325 = DIRECTION('',(0.,1.));
#326 = ( GEOMETRIC_REPRESENTATION_CONTEXT(2) 
PARAMETRIC_REPRESENTATION_CONTEXT() REPRESENTATION_CONTEXT('2D SPACE',''
  ) );
#327 = PCURVE('',#328,#333);
#328 = PLANE('',#329);
#329 = AXIS2_PLACEMENT_3D('',#330,#331,#332);
#330 = CARTESIAN_POINT('',(-225.,-100.,550.));
#331 = DIRECTION('',(0.,0.,1.));
#332 = DIRECTION('',(1.,0.,0.));
#333 = DEFINITIONAL_REPRESENTATION('',(#334),#338);
#334 = LINE('',#335,#336);
#335 = CARTESIAN_POINT('',(0.,50.));
#336 = VECTOR('',#337,1.);
#337 = DIRECTION('',(1.,0.));
#338 = ( GEOMETRIC_REPRESENTATION_CONTEXT(2) 
PARAMETRIC_REPRESENTATION_CONTEXT() REPRESENTATION_CONTEXT('2D SPACE',''
  ) );
#339 = ORIENTED_EDGE('',*,*,#340,.T.);
#340 = EDGE_CURVE('',#313,#257,#341,.T.);
#341 = SURFACE_CURVE('',#342,(#346,#353),.PCURVE_S1.);
#342 = LINE('',#343,#344);
#343 = CARTESIAN_POINT('',(225.,-50.,550.));
#344 = VECTOR('',#345,1.);
#345 = DIRECTION('',(0.,0.,1.));
#346 = PCURVE('',#82,#347);
#347 = DEFINITIONAL_REPRESENTATION('',(#348),#352);
#348 = LINE('',#349,#350);
#349 = CARTESIAN_POINT('',(550.,525.));
#350 = VECTOR('',#351,1.);
#351 = DIRECTION('',(1.,0.));
#352 = ( GEOMETRIC_REPRESENTATION_CONTEXT(2) 
PARAMETRIC_REPRESENTATION_CONTEXT() REPRESENTATION_CONTEXT('2D SPACE',''
  ) );
#353 = PCURVE('',#354,#359);
#354 = PLANE('',#355);
#355 = AXIS2_PLACEMENT_3D('',#356,#357,#358);
#356 = CARTESIAN_POINT('',(225.,-100.,550.));
#357 = DIRECTION('',(1.,0.,0.));
#358 = DIRECTION('',(0.,0.,1.));
#359 = DEFINITIONAL_REPRESENTATION('',(#360),#364);
#360 = LINE('',#361,#362);
#361 = CARTESIAN_POINT('',(0.,-50.));
#362 = VECTOR('',#363,1.);
#363 = DIRECTION('',(1.,0.));
#364 = ( GEOMETRIC_REPRESENTATION_CONTEXT(2) 
PARAMETRIC_REPRESENTATION_CONTEXT() REPRESENTATION_CONTEXT('2D SPACE',''
  ) );
#365 = ADVANCED_FACE('',(#366),#164,.T.);
#366 = FACE_BOUND('',#367,.T.);
#367 = EDGE_LOOP('',(#368,#369,#370,#393));
#368 = ORIENTED_EDGE('',*,*,#150,.F.);
#369 = ORIENTED_EDGE('',*,*,#203,.T.);
#370 = ORIENTED_EDGE('',*,*,#371,.T.);
#371 = EDGE_CURVE('',#204,#372,#374,.T.);
#372 = VERTEX_POINT('',#373);
#373 = CARTESIAN_POINT('',(300.,50.,800.));
#374 = SURFACE_CURVE('',#375,(#379,#386),.PCURVE_S1.);
#375 = LINE('',#376,#377);
#376 = CARTESIAN_POINT('',(300.,-50.,800.));
#377 = VECTOR('',#378,1.);
#378 = DIRECTION('',(0.,1.,0.));
#379 = PCURVE('',#164,#380);
#380 = DEFINITIONAL_REPRESENTATION('',(#381),#385);
#381 = LINE('',#382,#383);
#382 = CARTESIAN_POINT('',(600.,0.));
#383 = VECTOR('',#384,1.);
#384 = DIRECTION('',(0.,1.));
#385 = ( GEOMETRIC_REPRESENTATION_CONTEXT(2) 
PARAMETRIC_REPRESENTATION_CONTEXT() REPRESENTATION_CONTEXT('2D SPACE',''
  ) );
#386 = PCURVE('',#240,#387);
#387 = DEFINITIONAL_REPRESENTATION('',(#388),#392);
#388 = LINE('',#389,#390);
#389 = CARTESIAN_POINT('',(800.,0.));
#390 = VECTOR('',#391,1.);
#391 = DIRECTION('',(0.,-1.));
#392 = ( GEOMETRIC_REPRESENTATION_CONTEXT(2) 
PARAMETRIC_REPRESENTATION_CONTEXT() REPRESENTATION_CONTEXT('2D SPACE',''
  ) );
#393 = ORIENTED_EDGE('',*,*,#394,.F.);
#394 = EDGE_CURVE('',#123,#372,#395,.T.);
#395 = SURFACE_CURVE('',#396,(#400,#407),.PCURVE_S1.);
#396 = LINE('',#397,#398);
#397 = CARTESIAN_POINT('',(-300.,50.,800.));
#398 = VECTOR('',#399,1.);
#399 = DIRECTION('',(1.,0.,0.));
#400 = PCURVE('',#164,#401);
#401 = DEFINITIONAL_REPRESENTATION('',(#402),#406);
#402 = LINE('',#403,#404);
#403 = CARTESIAN_POINT('',(0.,100.));
#404 = VECTOR('',#405,1.);
#405 = DIRECTION('',(1.,0.));
#406 = ( GEOMETRIC_REPRESENTATION_CONTEXT(2) 
PARAMETRIC_REPRESENTATION_CONTEXT() REPRESENTATION_CONTEXT('2D SPACE',''
  ) );
#407 = PCURVE('',#138,#408);
#408 = DEFINITIONAL_REPRESENTATION('',(#409),#413);
#409 = LINE('',#410,#411);
#410 = CARTESIAN_POINT('',(800.,0.));
#411 = VECTOR('',#412,1.);
#412 = DIRECTION('',(0.,1.));
#413 = ( GEOMETRIC_REPRESENTATION_CONTEXT(2) 
PARAMETRIC_REPRESENTATION_CONTEXT() REPRESENTATION_CONTEXT('2D SPACE',''
  ) );
#414 = ADVANCED_FACE('',(#415,#463),#138,.T.);
#415 = FACE_BOUND('',#416,.T.);
#416 = EDGE_LOOP('',(#417,#440,#441,#442));
#417 = ORIENTED_EDGE('',*,*,#418,.F.);
#418 = EDGE_CURVE('',#95,#419,#421,.T.);
#419 = VERTEX_POINT('',#420);
#420 = CARTESIAN_POINT('',(300.,50.,0.));
#421 = SURFACE_CURVE('',#422,(#426,#433),.PCURVE_S1.);
#422 = LINE('',#423,#424);
#423 = CARTESIAN_POINT('',(-300.,50.,0.));
#424 = VECTOR('',#425,1.);
#425 = DIRECTION('',(1.,0.,0.));
#426 = PCURVE('',#138,#427);
#427 = DEFINITIONAL_REPRESENTATION('',(#428),#432);
#428 = LINE('',#429,#430);
#429 = CARTESIAN_POINT('',(0.,0.));
#430 = VECTOR('',#431,1.);
#431 = DIRECTION('',(0.,1.));
#432 = ( GEOMETRIC_REPRESENTATION_CONTEXT(2) 
PARAMETRIC_REPRESENTATION_CONTEXT() REPRESENTATION_CONTEXT('2D SPACE',''
  ) );
#433 = PCURVE('',#110,#434);
#434 = DEFINITIONAL_REPRESENTATION('',(#435),#439);
#435 = LINE('',#436,#437);
#436 = CARTESIAN_POINT('',(0.,100.));
#437 = VECTOR('',#438,1.);
#438 = DIRECTION('',(1.,0.));
#439 = ( GEOMETRIC_REPRESENTATION_CONTEXT(2) 
PARAMETRIC_REPRESENTATION_CONTEXT() REPRESENTATION_CONTEXT('2D SPACE',''
  ) );
#440 = ORIENTED_EDGE('',*,*,#122,.T.);
#441 = ORIENTED_EDGE('',*,*,#394,.T.);
#442 = ORIENTED_EDGE('',*,*,#443,.F.);
#443 = EDGE_CURVE('',#419,#372,#444,.T.);
#444 = SURFACE_CURVE('',#445,(#449,#456),.PCURVE_S1.);
#445 = LINE('',#446,#447);
#446 = CARTESIAN_POINT('',(300.,50.,0.));
#447 = VECTOR('',#448,1.);
#448 = DIRECTION('',(0.,0.,1.));
#449 = PCURVE('',#138,#450);
#450 = DEFINITIONAL_REPRESENTATION('',(#451),#455);
#451 = LINE('',#452,#453);
#452 = CARTESIAN_POINT('',(0.,600.));
#453 = VECTOR('',#454,1.);
#454 = DIRECTION('',(1.,0.));
#455 = ( GEOMETRIC_REPRESENTATION_CONTEXT(2) 
PARAMETRIC_REPRESENTATION_CONTEXT() REPRESENTATION_CONTEXT('2D SPACE',''
  ) );
#456 = PCURVE('',#240,#457);
#457 = DEFINITIONAL_REPRESENTATION('',(#458),#462);
#458 = LINE('',#459,#460);
#459 = CARTESIAN_POINT('',(0.,-100.));
#460 = VECTOR('',#461,1.);
#461 = DIRECTION('',(1.,0.));
#462 = ( GEOMETRIC_REPRESENTATION_CONTEXT(2) 
PARAMETRIC_REPRESENTATION_CONTEXT() REPRESENTATION_CONTEXT('2D SPACE',''
  ) );
#463 = FACE_BOUND('',#464,.T.);
#464 = EDGE_LOOP('',(#465,#495,#523,#551));
#465 = ORIENTED_EDGE('',*,*,#466,.F.);
#466 = EDGE_CURVE('',#467,#469,#471,.T.);
#467 = VERTEX_POINT('',#468);
#468 = CARTESIAN_POINT('',(-250.,50.,650.));
#469 = VERTEX_POINT('',#470);
#470 = CARTESIAN_POINT('',(250.,50.,650.));
#471 = SURFACE_CURVE('',#472,(#476,#483),.PCURVE_S1.);
#472 = LINE('',#473,#474);
#473 = CARTESIAN_POINT('',(-250.,50.,650.));
#474 = VECTOR('',#475,1.);
#475 = DIRECTION('',(1.,0.,0.));
#476 = PCURVE('',#138,#477);
#477 = DEFINITIONAL_REPRESENTATION('',(#478),#482);
#478 = LINE('',#479,#480);
#479 = CARTESIAN_POINT('',(650.,50.));
#480 = VECTOR('',#481,1.);
#481 = DIRECTION('',(0.,1.));
#482 = ( GEOMETRIC_REPRESENTATION_CONTEXT(2) 
PARAMETRIC_REPRESENTATION_CONTEXT() REPRESENTATION_CONTEXT('2D SPACE',''
  ) );
#483 = PCURVE('',#484,#489);
#484 = PLANE('',#485);
#485 = AXIS2_PLACEMENT_3D('',#486,#487,#488);
#486 = CARTESIAN_POINT('',(-250.,50.,650.));
#487 = DIRECTION('',(0.,0.,1.));
#488 = DIRECTION('',(1.,0.,0.));
#489 = DEFINITIONAL_REPRESENTATION('',(#490),#494);
#490 = LINE('',#491,#492);
#491 = CARTESIAN_POINT('',(0.,0.));
#492 = VECTOR('',#493,1.);
#493 = DIRECTION('',(1.,0.));
#494 = ( GEOMETRIC_REPRESENTATION_CONTEXT(2) 
PARAMETRIC_REPRESENTATION_CONTEXT() REPRESENTATION_CONTEXT('2D SPACE',''
  ) );
#495 = ORIENTED_EDGE('',*,*,#496,.F.);
#496 = EDGE_CURVE('',#497,#467,#499,.T.);
#497 = VERTEX_POINT('',#498);
#498 = CARTESIAN_POINT('',(-250.,50.,50.));
#499 = SURFACE_CURVE('',#500,(#504,#511),.PCURVE_S1.);
#500 = LINE('',#501,#502);
#501 = CARTESIAN_POINT('',(-250.,50.,50.));
#502 = VECTOR('',#503,1.);
#503 = DIRECTION('',(0.,0.,1.));
#504 = PCURVE('',#138,#505);
#505 = DEFINITIONAL_REPRESENTATION('',(#506),#510);
#506 = LINE('',#507,#508);
#507 = CARTESIAN_POINT('',(50.,50.));
#508 = VECTOR('',#509,1.);
#509 = DIRECTION('',(1.,0.));
#510 = ( GEOMETRIC_REPRESENTATION_CONTEXT(2) 
PARAMETRIC_REPRESENTATION_CONTEXT() REPRESENTATION_CONTEXT('2D SPACE',''
  ) );
#511 = PCURVE('',#512,#517);
#512 = PLANE('',#513);
#513 = AXIS2_PLACEMENT_3D('',#514,#515,#516);
#514 = CARTESIAN_POINT('',(-250.,50.,50.));
#515 = DIRECTION('',(1.,0.,0.));
#516 = DIRECTION('',(0.,0.,1.));
#517 = DEFINITIONAL_REPRESENTATION('',(#518),#522);
#518 = LINE('',#519,#520);
#519 = CARTESIAN_POINT('',(0.,0.));
#520 = VECTOR('',#521,1.);
#521 = DIRECTION('',(1.,0.));
#522 = ( GEOMETRIC_REPRESENTATION_CONTEXT(2) 
PARAMETRIC_REPRESENTATION_CONTEXT() REPRESENTATION_CONTEXT('2D SPACE',''
  ) );
#523 = ORIENTED_EDGE('',*,*,#524,.T.);
#524 = EDGE_CURVE('',#497,#525,#527,.T.);
#525 = VERTEX_POINT('',#526);
#526 = CARTESIAN_POINT('',(250.,50.,50.));
#527 = SURFACE_CURVE('',#528,(#532,#539),.PCURVE_S1.);
#528 = LINE('',#529,#530);
#529 = CARTESIAN_POINT('',(-250.,50.,50.));
#530 = VECTOR('',#531,1.);
#531 = DIRECTION('',(1.,0.,0.));
#532 = PCURVE('',#138,#533);
#533 = DEFINITIONAL_REPRESENTATION('',(#534),#538);
#534 = LINE('',#535,#536);
#535 = CARTESIAN_POINT('',(50.,50.));
#536 = VECTOR('',#537,1.);
#537 = DIRECTION('',(0.,1.));
#538 = ( GEOMETRIC_REPRESENTATION_CONTEXT(2) 
PARAMETRIC_REPRESENTATION_CONTEXT() REPRESENTATION_CONTEXT('2D SPACE',''
  ) );
#539 = PCURVE('',#540,#545);
#540 = PLANE('',#541);
#541 = AXIS2_PLACEMENT_3D('',#542,#543,#544);
#542 = CARTESIAN_POINT('',(-250.,50.,50.));
#543 = DIRECTION('',(0.,0.,1.));
#544 = DIRECTION('',(1.,0.,0.));
#545 = DEFINITIONAL_REPRESENTATION('',(#546),#550);
#546 = LINE('',#547,#548);
#547 = CARTESIAN_POINT('',(0.,0.));
#548 = VECTOR('',#549,1.);
#549 = DIRECTION('',(1.,0.));
#550 = ( GEOMETRIC_REPRESENTATION_CONTEXT(2) 
PARAMETRIC_REPRESENTATION_CONTEXT() REPRESENTATION_CONTEXT('2D SPACE',''
  ) );
#551 = ORIENTED_EDGE('',*,*,#552,.T.);
#552 = EDGE_CURVE('',#525,#469,#553,.T.);
#553 = SURFACE_CURVE('',#554,(#558,#565),.PCURVE_S1.);
#554 = LINE('',#555,#556);
#555 = CARTESIAN_POINT('',(250.,50.,50.));
#556 = VECTOR('',#557,1.);
#557 = DIRECTION('',(0.,0.,1.));
#558 = PCURVE('',#138,#559);
#559 = DEFINITIONAL_REPRESENTATION('',(#560),#564);
#560 = LINE('',#561,#562);
#561 = CARTESIAN_POINT('',(50.,550.));
#562 = VECTOR('',#563,1.);
#563 = DIRECTION('',(1.,0.));
#564 = ( GEOMETRIC_REPRESENTATION_CONTEXT(2) 
PARAMETRIC_REPRESENTATION_CONTEXT() REPRESENTATION_CONTEXT('2D SPACE',''
  ) );
#565 = PCURVE('',#566,#571);
#566 = PLANE('',#567);
#567 = AXIS2_PLACEMENT_3D('',#568,#569,#570);
#568 = CARTESIAN_POINT('',(250.,50.,50.));
#569 = DIRECTION('',(1.,0.,0.));
#570 = DIRECTION('',(0.,0.,1.));
#571 = DEFINITIONAL_REPRESENTATION('',(#572),#576);
#572 = LINE('',#573,#574);
#573 = CARTESIAN_POINT('',(0.,0.));
#574 = VECTOR('',#575,1.);
#575 = DIRECTION('',(1.,0.));
#576 = ( GEOMETRIC_REPRESENTATION_CONTEXT(2) 
PARAMETRIC_REPRESENTATION_CONTEXT() REPRESENTATION_CONTEXT('2D SPACE',''
  ) );
#577 = ADVANCED_FACE('',(#578),#110,.F.);
#578 = FACE_BOUND('',#579,.F.);
#579 = EDGE_LOOP('',(#580,#581,#582,#603));
#580 = ORIENTED_EDGE('',*,*,#94,.F.);
#581 = ORIENTED_EDGE('',*,*,#179,.T.);
#582 = ORIENTED_EDGE('',*,*,#583,.T.);
#583 = EDGE_CURVE('',#180,#419,#584,.T.);
#584 = SURFACE_CURVE('',#585,(#589,#596),.PCURVE_S1.);
#585 = LINE('',#586,#587);
#586 = CARTESIAN_POINT('',(300.,-50.,0.));
#587 = VECTOR('',#588,1.);
#588 = DIRECTION('',(0.,1.,0.));
#589 = PCURVE('',#110,#590);
#590 = DEFINITIONAL_REPRESENTATION('',(#591),#595);
#591 = LINE('',#592,#593);
#592 = CARTESIAN_POINT('',(600.,0.));
#593 = VECTOR('',#594,1.);
#594 = DIRECTION('',(0.,1.));
#595 = ( GEOMETRIC_REPRESENTATION_CONTEXT(2) 
PARAMETRIC_REPRESENTATION_CONTEXT() REPRESENTATION_CONTEXT('2D SPACE',''
  ) );
#596 = PCURVE('',#240,#597);
#597 = DEFINITIONAL_REPRESENTATION('',(#598),#602);
#598 = LINE('',#599,#600);
#599 = CARTESIAN_POINT('',(0.,0.));
#600 = VECTOR('',#601,1.);
#601 = DIRECTION('',(0.,-1.));
#602 = ( GEOMETRIC_REPRESENTATION_CONTEXT(2) 
PARAMETRIC_REPRESENTATION_CONTEXT() REPRESENTATION_CONTEXT('2D SPACE',''
  ) );
#603 = ORIENTED_EDGE('',*,*,#418,.F.);
#604 = ADVANCED_FACE('',(#605),#240,.T.);
#605 = FACE_BOUND('',#606,.T.);
#606 = EDGE_LOOP('',(#607,#608,#609,#610));
#607 = ORIENTED_EDGE('',*,*,#226,.F.);
#608 = ORIENTED_EDGE('',*,*,#583,.T.);
#609 = ORIENTED_EDGE('',*,*,#443,.T.);
#610 = ORIENTED_EDGE('',*,*,#371,.F.);
#611 = ADVANCED_FACE('',(#612,#687),#272,.T.);
#612 = FACE_BOUND('',#613,.T.);
#613 = EDGE_LOOP('',(#614,#637,#665,#686));
#614 = ORIENTED_EDGE('',*,*,#615,.F.);
#615 = EDGE_CURVE('',#616,#255,#618,.T.);
#616 = VERTEX_POINT('',#617);
#617 = CARTESIAN_POINT('',(-225.,-100.,750.));
#618 = SURFACE_CURVE('',#619,(#623,#630),.PCURVE_S1.);
#619 = LINE('',#620,#621);
#620 = CARTESIAN_POINT('',(-225.,-100.,750.));
#621 = VECTOR('',#622,1.);
#622 = DIRECTION('',(0.,1.,0.));
#623 = PCURVE('',#272,#624);
#624 = DEFINITIONAL_REPRESENTATION('',(#625),#629);
#625 = LINE('',#626,#627);
#626 = CARTESIAN_POINT('',(0.,0.));
#627 = VECTOR('',#628,1.);
#628 = DIRECTION('',(0.,1.));
#629 = ( GEOMETRIC_REPRESENTATION_CONTEXT(2) 
PARAMETRIC_REPRESENTATION_CONTEXT() REPRESENTATION_CONTEXT('2D SPACE',''
  ) );
#630 = PCURVE('',#300,#631);
#631 = DEFINITIONAL_REPRESENTATION('',(#632),#636);
#632 = LINE('',#633,#634);
#633 = CARTESIAN_POINT('',(200.,0.));
#634 = VECTOR('',#635,1.);
#635 = DIRECTION('',(0.,-1.));
#636 = ( GEOMETRIC_REPRESENTATION_CONTEXT(2) 
PARAMETRIC_REPRESENTATION_CONTEXT() REPRESENTATION_CONTEXT('2D SPACE',''
  ) );
#637 = ORIENTED_EDGE('',*,*,#638,.T.);
#638 = EDGE_CURVE('',#616,#639,#641,.T.);
#639 = VERTEX_POINT('',#640);
#640 = CARTESIAN_POINT('',(225.,-100.,750.));
#641 = SURFACE_CURVE('',#642,(#646,#653),.PCURVE_S1.);
#642 = LINE('',#643,#644);
#643 = CARTESIAN_POINT('',(-225.,-100.,750.));
#644 = VECTOR('',#645,1.);
#645 = DIRECTION('',(1.,0.,0.));
#646 = PCURVE('',#272,#647);
#647 = DEFINITIONAL_REPRESENTATION('',(#648),#652);
#648 = LINE('',#649,#650);
#649 = CARTESIAN_POINT('',(0.,0.));
#650 = VECTOR('',#651,1.);
#651 = DIRECTION('',(1.,0.));
#652 = ( GEOMETRIC_REPRESENTATION_CONTEXT(2) 
PARAMETRIC_REPRESENTATION_CONTEXT() REPRESENTATION_CONTEXT('2D SPACE',''
  ) );
#653 = PCURVE('',#654,#659);
#654 = PLANE('',#655);
#655 = AXIS2_PLACEMENT_3D('',#656,#657,#658);
#656 = CARTESIAN_POINT('',(-225.,-100.,550.));
#657 = DIRECTION('',(0.,1.,0.));
#658 = DIRECTION('',(0.,0.,1.));
#659 = DEFINITIONAL_REPRESENTATION('',(#660),#664);
#660 = LINE('',#661,#662);
#661 = CARTESIAN_POINT('',(200.,0.));
#662 = VECTOR('',#663,1.);
#663 = DIRECTION('',(0.,1.));
#664 = ( GEOMETRIC_REPRESENTATION_CONTEXT(2) 
PARAMETRIC_REPRESENTATION_CONTEXT() REPRESENTATION_CONTEXT('2D SPACE',''
  ) );
#665 = ORIENTED_EDGE('',*,*,#666,.T.);
#666 = EDGE_CURVE('',#639,#257,#667,.T.);
#667 = SURFACE_CURVE('',#668,(#672,#679),.PCURVE_S1.);
#668 = LINE('',#669,#670);
#669 = CARTESIAN_POINT('',(225.,-100.,750.));
#670 = VECTOR('',#671,1.);
#671 = DIRECTION('',(0.,1.,0.));
#672 = PCURVE('',#272,#673);
#673 = DEFINITIONAL_REPRESENTATION('',(#674),#678);
#674 = LINE('',#675,#676);
#675 = CARTESIAN_POINT('',(450.,0.));
#676 = VECTOR('',#677,1.);
#677 = DIRECTION('',(0.,1.));
#678 = ( GEOMETRIC_REPRESENTATION_CONTEXT(2) 
PARAMETRIC_REPRESENTATION_CONTEXT() REPRESENTATION_CONTEXT('2D SPACE',''
  ) );
#679 = PCURVE('',#354,#680);
#680 = DEFINITIONAL_REPRESENTATION('',(#681),#685);
#681 = LINE('',#682,#683);
#682 = CARTESIAN_POINT('',(200.,0.));
#683 = VECTOR('',#684,1.);
#684 = DIRECTION('',(0.,-1.));
#685 = ( GEOMETRIC_REPRESENTATION_CONTEXT(2) 
PARAMETRIC_REPRESENTATION_CONTEXT() REPRESENTATION_CONTEXT('2D SPACE',''
  ) );
#686 = ORIENTED_EDGE('',*,*,#254,.F.);
#687 = FACE_BOUND('',#688,.T.);
#688 = EDGE_LOOP('',(#689,#719,#747,#775));
#689 = ORIENTED_EDGE('',*,*,#690,.T.);
#690 = EDGE_CURVE('',#691,#693,#695,.T.);
#691 = VERTEX_POINT('',#692);
#692 = CARTESIAN_POINT('',(-180.,-90.,750.));
#693 = VERTEX_POINT('',#694);
#694 = CARTESIAN_POINT('',(-180.,-60.,750.));
#695 = SURFACE_CURVE('',#696,(#700,#707),.PCURVE_S1.);
#696 = LINE('',#697,#698);
#697 = CARTESIAN_POINT('',(-180.,-90.,750.));
#698 = VECTOR('',#699,1.);
#699 = DIRECTION('',(0.,1.,0.));
#700 = PCURVE('',#272,#701);
#701 = DEFINITIONAL_REPRESENTATION('',(#702),#706);
#702 = LINE('',#703,#704);
#703 = CARTESIAN_POINT('',(45.,10.));
#704 = VECTOR('',#705,1.);
#705 = DIRECTION('',(0.,1.));
#706 = ( GEOMETRIC_REPRESENTATION_CONTEXT(2) 
PARAMETRIC_REPRESENTATION_CONTEXT() REPRESENTATION_CONTEXT('2D SPACE',''
  ) );
#707 = PCURVE('',#708,#713);
#708 = PLANE('',#709);
#709 = AXIS2_PLACEMENT_3D('',#710,#711,#712);
#710 = CARTESIAN_POINT('',(-180.,-90.,740.));
#711 = DIRECTION('',(1.,0.,0.));
#712 = DIRECTION('',(0.,0.,1.));
#713 = DEFINITIONAL_REPRESENTATION('',(#714),#718);
#714 = LINE('',#715,#716);
#715 = CARTESIAN_POINT('',(10.,0.));
#716 = VECTOR('',#717,1.);
#717 = DIRECTION('',(0.,-1.));
#718 = ( GEOMETRIC_REPRESENTATION_CONTEXT(2) 
PARAMETRIC_REPRESENTATION_CONTEXT() REPRESENTATION_CONTEXT('2D SPACE',''
  ) );
#719 = ORIENTED_EDGE('',*,*,#720,.T.);
#720 = EDGE_CURVE('',#693,#721,#723,.T.);
#721 = VERTEX_POINT('',#722);
#722 = CARTESIAN_POINT('',(180.,-60.,750.));
#723 = SURFACE_CURVE('',#724,(#728,#735),.PCURVE_S1.);
#724 = LINE('',#725,#726);
#725 = CARTESIAN_POINT('',(-180.,-60.,750.));
#726 = VECTOR('',#727,1.);
#727 = DIRECTION('',(1.,0.,0.));
#728 = PCURVE('',#272,#729);
#729 = DEFINITIONAL_REPRESENTATION('',(#730),#734);
#730 = LINE('',#731,#732);
#731 = CARTESIAN_POINT('',(45.,40.));
#732 = VECTOR('',#733,1.);
#733 = DIRECTION('',(1.,0.));
#734 = ( GEOMETRIC_REPRESENTATION_CONTEXT(2) 
PARAMETRIC_REPRESENTATION_CONTEXT() REPRESENTATION_CONTEXT('2D SPACE',''
  ) );
#735 = PCURVE('',#736,#741);
#736 = PLANE('',#737);
#737 = AXIS2_PLACEMENT_3D('',#738,#739,#740);
#738 = CARTESIAN_POINT('',(-180.,-60.,740.));
#739 = DIRECTION('',(0.,1.,0.));
#740 = DIRECTION('',(0.,0.,1.));
#741 = DEFINITIONAL_REPRESENTATION('',(#742),#746);
#742 = LINE('',#743,#744);
#743 = CARTESIAN_POINT('',(10.,0.));
#744 = VECTOR('',#745,1.);
#745 = DIRECTION('',(0.,1.));
#746 = ( GEOMETRIC_REPRESENTATION_CONTEXT(2) 
PARAMETRIC_REPRESENTATION_CONTEXT() REPRESENTATION_CONTEXT('2D SPACE',''
  ) );
#747 = ORIENTED_EDGE('',*,*,#748,.F.);
#748 = EDGE_CURVE('',#749,#721,#751,.T.);
#749 = VERTEX_POINT('',#750);
#750 = CARTESIAN_POINT('',(180.,-90.,750.));
#751 = SURFACE_CURVE('',#752,(#756,#763),.PCURVE_S1.);
#752 = LINE('',#753,#754);
#753 = CARTESIAN_POINT('',(180.,-90.,750.));
#754 = VECTOR('',#755,1.);
#755 = DIRECTION('',(0.,1.,0.));
#756 = PCURVE('',#272,#757);
#757 = DEFINITIONAL_REPRESENTATION('',(#758),#762);
#758 = LINE('',#759,#760);
#759 = CARTESIAN_POINT('',(405.,10.));
#760 = VECTOR('',#761,1.);
#761 = DIRECTION('',(0.,1.));
#762 = ( GEOMETRIC_REPRESENTATION_CONTEXT(2) 
PARAMETRIC_REPRESENTATION_CONTEXT() REPRESENTATION_CONTEXT('2D SPACE',''
  ) );
#763 = PCURVE('',#764,#769);
#764 = PLANE('',#765);
#765 = AXIS2_PLACEMENT_3D('',#766,#767,#768);
#766 = CARTESIAN_POINT('',(180.,-90.,740.));
#767 = DIRECTION('',(1.,0.,0.));
#768 = DIRECTION('',(0.,0.,1.));
#769 = DEFINITIONAL_REPRESENTATION('',(#770),#774);
#770 = LINE('',#771,#772);
#771 = CARTESIAN_POINT('',(10.,0.));
#772 = VECTOR('',#773,1.);
#773 = DIRECTION('',(0.,-1.));
#774 = ( GEOMETRIC_REPRESENTATION_CONTEXT(2) 
PARAMETRIC_REPRESENTATION_CONTEXT() REPRESENTATION_CONTEXT('2D SPACE',''
  ) );
#775 = ORIENTED_EDGE('',*,*,#776,.F.);
#776 = EDGE_CURVE('',#691,#749,#777,.T.);
#777 = SURFACE_CURVE('',#778,(#782,#789),.PCURVE_S1.);
#778 = LINE('',#779,#780);
#779 = CARTESIAN_POINT('',(-180.,-90.,750.));
#780 = VECTOR('',#781,1.);
#781 = DIRECTION('',(1.,0.,0.));
#782 = PCURVE('',#272,#783);
#783 = DEFINITIONAL_REPRESENTATION('',(#784),#788);
#784 = LINE('',#785,#786);
#785 = CARTESIAN_POINT('',(45.,10.));
#786 = VECTOR('',#787,1.);
#787 = DIRECTION('',(1.,0.));
#788 = ( GEOMETRIC_REPRESENTATION_CONTEXT(2) 
PARAMETRIC_REPRESENTATION_CONTEXT() REPRESENTATION_CONTEXT('2D SPACE',''
  ) );
#789 = PCURVE('',#790,#795);
#790 = PLANE('',#791);
#791 = AXIS2_PLACEMENT_3D('',#792,#793,#794);
#792 = CARTESIAN_POINT('',(-180.,-90.,740.));
#793 = DIRECTION('',(0.,1.,0.));
#794 = DIRECTION('',(0.,0.,1.));
#795 = DEFINITIONAL_REPRESENTATION('',(#796),#800);
#796 = LINE('',#797,#798);
#797 = CARTESIAN_POINT('',(10.,0.));
#798 = VECTOR('',#799,1.);
#799 = DIRECTION('',(0.,1.));
#800 = ( GEOMETRIC_REPRESENTATION_CONTEXT(2) 
PARAMETRIC_REPRESENTATION_CONTEXT() REPRESENTATION_CONTEXT('2D SPACE',''
  ) );
#801 = ADVANCED_FACE('',(#802),#354,.T.);
#802 = FACE_BOUND('',#803,.T.);
#803 = EDGE_LOOP('',(#804,#827,#848,#849));
#804 = ORIENTED_EDGE('',*,*,#805,.F.);
#805 = EDGE_CURVE('',#806,#639,#808,.T.);
#806 = VERTEX_POINT('',#807);
#807 = CARTESIAN_POINT('',(225.,-100.,550.));
#808 = SURFACE_CURVE('',#809,(#813,#820),.PCURVE_S1.);
#809 = LINE('',#810,#811);
#810 = CARTESIAN_POINT('',(225.,-100.,550.));
#811 = VECTOR('',#812,1.);
#812 = DIRECTION('',(0.,0.,1.));
#813 = PCURVE('',#354,#814);
#814 = DEFINITIONAL_REPRESENTATION('',(#815),#819);
#815 = LINE('',#816,#817);
#816 = CARTESIAN_POINT('',(0.,0.));
#817 = VECTOR('',#818,1.);
#818 = DIRECTION('',(1.,0.));
#819 = ( GEOMETRIC_REPRESENTATION_CONTEXT(2) 
PARAMETRIC_REPRESENTATION_CONTEXT() REPRESENTATION_CONTEXT('2D SPACE',''
  ) );
#820 = PCURVE('',#654,#821);
#821 = DEFINITIONAL_REPRESENTATION('',(#822),#826);
#822 = LINE('',#823,#824);
#823 = CARTESIAN_POINT('',(0.,450.));
#824 = VECTOR('',#825,1.);
#825 = DIRECTION('',(1.,0.));
#826 = ( GEOMETRIC_REPRESENTATION_CONTEXT(2) 
PARAMETRIC_REPRESENTATION_CONTEXT() REPRESENTATION_CONTEXT('2D SPACE',''
  ) );
#827 = ORIENTED_EDGE('',*,*,#828,.T.);
#828 = EDGE_CURVE('',#806,#313,#829,.T.);
#829 = SURFACE_CURVE('',#830,(#834,#841),.PCURVE_S1.);
#830 = LINE('',#831,#832);
#831 = CARTESIAN_POINT('',(225.,-100.,550.));
#832 = VECTOR('',#833,1.);
#833 = DIRECTION('',(0.,1.,0.));
#834 = PCURVE('',#354,#835);
#835 = DEFINITIONAL_REPRESENTATION('',(#836),#840);
#836 = LINE('',#837,#838);
#837 = CARTESIAN_POINT('',(0.,0.));
#838 = VECTOR('',#839,1.);
#839 = DIRECTION('',(0.,-1.));
#840 = ( GEOMETRIC_REPRESENTATION_CONTEXT(2) 
PARAMETRIC_REPRESENTATION_CONTEXT() REPRESENTATION_CONTEXT('2D SPACE',''
  ) );
#841 = PCURVE('',#328,#842);
#842 = DEFINITIONAL_REPRESENTATION('',(#843),#847);
#843 = LINE('',#844,#845);
#844 = CARTESIAN_POINT('',(450.,0.));
#845 = VECTOR('',#846,1.);
#846 = DIRECTION('',(0.,1.));
#847 = ( GEOMETRIC_REPRESENTATION_CONTEXT(2) 
PARAMETRIC_REPRESENTATION_CONTEXT() REPRESENTATION_CONTEXT('2D SPACE',''
  ) );
#848 = ORIENTED_EDGE('',*,*,#340,.T.);
#849 = ORIENTED_EDGE('',*,*,#666,.F.);
#850 = ADVANCED_FACE('',(#851),#328,.F.);
#851 = FACE_BOUND('',#852,.F.);
#852 = EDGE_LOOP('',(#853,#876,#897,#898));
#853 = ORIENTED_EDGE('',*,*,#854,.F.);
#854 = EDGE_CURVE('',#855,#285,#857,.T.);
#855 = VERTEX_POINT('',#856);
#856 = CARTESIAN_POINT('',(-225.,-100.,550.));
#857 = SURFACE_CURVE('',#858,(#862,#869),.PCURVE_S1.);
#858 = LINE('',#859,#860);
#859 = CARTESIAN_POINT('',(-225.,-100.,550.));
#860 = VECTOR('',#861,1.);
#861 = DIRECTION('',(0.,1.,0.));
#862 = PCURVE('',#328,#863);
#863 = DEFINITIONAL_REPRESENTATION('',(#864),#868);
#864 = LINE('',#865,#866);
#865 = CARTESIAN_POINT('',(0.,0.));
#866 = VECTOR('',#867,1.);
#867 = DIRECTION('',(0.,1.));
#868 = ( GEOMETRIC_REPRESENTATION_CONTEXT(2) 
PARAMETRIC_REPRESENTATION_CONTEXT() REPRESENTATION_CONTEXT('2D SPACE',''
  ) );
#869 = PCURVE('',#300,#870);
#870 = DEFINITIONAL_REPRESENTATION('',(#871),#875);
#871 = LINE('',#872,#873);
#872 = CARTESIAN_POINT('',(0.,0.));
#873 = VECTOR('',#874,1.);
#874 = DIRECTION('',(0.,-1.));
#875 = ( GEOMETRIC_REPRESENTATION_CONTEXT(2) 
PARAMETRIC_REPRESENTATION_CONTEXT() REPRESENTATION_CONTEXT('2D SPACE',''
  ) );
#876 = ORIENTED_EDGE('',*,*,#877,.T.);
#877 = EDGE_CURVE('',#855,#806,#878,.T.);
#878 = SURFACE_CURVE('',#879,(#883,#890),.PCURVE_S1.);
#879 = LINE('',#880,#881);
#880 = CARTESIAN_POINT('',(-225.,-100.,550.));
#881 = VECTOR('',#882,1.);
#882 = DIRECTION('',(1.,0.,0.));
#883 = PCURVE('',#328,#884);
#884 = DEFINITIONAL_REPRESENTATION('',(#885),#889);
#885 = LINE('',#886,#887);
#886 = CARTESIAN_POINT('',(0.,0.));
#887 = VECTOR('',#888,1.);
#888 = DIRECTION('',(1.,0.));
#889 = ( GEOMETRIC_REPRESENTATION_CONTEXT(2) 
PARAMETRIC_REPRESENTATION_CONTEXT() REPRESENTATION_CONTEXT('2D SPACE',''
  ) );
#890 = PCURVE('',#654,#891);
#891 = DEFINITIONAL_REPRESENTATION('',(#892),#896);
#892 = LINE('',#893,#894);
#893 = CARTESIAN_POINT('',(0.,0.));
#894 = VECTOR('',#895,1.);
#895 = DIRECTION('',(0.,1.));
#896 = ( GEOMETRIC_REPRESENTATION_CONTEXT(2) 
PARAMETRIC_REPRESENTATION_CONTEXT() REPRESENTATION_CONTEXT('2D SPACE',''
  ) );
#897 = ORIENTED_EDGE('',*,*,#828,.T.);
#898 = ORIENTED_EDGE('',*,*,#312,.F.);
#899 = ADVANCED_FACE('',(#900),#300,.F.);
#900 = FACE_BOUND('',#901,.F.);
#901 = EDGE_LOOP('',(#902,#923,#924,#925));
#902 = ORIENTED_EDGE('',*,*,#903,.F.);
#903 = EDGE_CURVE('',#855,#616,#904,.T.);
#904 = SURFACE_CURVE('',#905,(#909,#916),.PCURVE_S1.);
#905 = LINE('',#906,#907);
#906 = CARTESIAN_POINT('',(-225.,-100.,550.));
#907 = VECTOR('',#908,1.);
#908 = DIRECTION('',(0.,0.,1.));
#909 = PCURVE('',#300,#910);
#910 = DEFINITIONAL_REPRESENTATION('',(#911),#915);
#911 = LINE('',#912,#913);
#912 = CARTESIAN_POINT('',(0.,0.));
#913 = VECTOR('',#914,1.);
#914 = DIRECTION('',(1.,0.));
#915 = ( GEOMETRIC_REPRESENTATION_CONTEXT(2) 
PARAMETRIC_REPRESENTATION_CONTEXT() REPRESENTATION_CONTEXT('2D SPACE',''
  ) );
#916 = PCURVE('',#654,#917);
#917 = DEFINITIONAL_REPRESENTATION('',(#918),#922);
#918 = LINE('',#919,#920);
#919 = CARTESIAN_POINT('',(0.,0.));
#920 = VECTOR('',#921,1.);
#921 = DIRECTION('',(1.,0.));
#922 = ( GEOMETRIC_REPRESENTATION_CONTEXT(2) 
PARAMETRIC_REPRESENTATION_CONTEXT() REPRESENTATION_CONTEXT('2D SPACE',''
  ) );
#923 = ORIENTED_EDGE('',*,*,#854,.T.);
#924 = ORIENTED_EDGE('',*,*,#284,.T.);
#925 = ORIENTED_EDGE('',*,*,#615,.F.);
#926 = ADVANCED_FACE('',(#927),#484,.T.);
#927 = FACE_BOUND('',#928,.T.);
#928 = EDGE_LOOP('',(#929,#952,#953,#976));
#929 = ORIENTED_EDGE('',*,*,#930,.F.);
#930 = EDGE_CURVE('',#467,#931,#933,.T.);
#931 = VERTEX_POINT('',#932);
#932 = CARTESIAN_POINT('',(-250.,290.,650.));
#933 = SURFACE_CURVE('',#934,(#938,#945),.PCURVE_S1.);
#934 = LINE('',#935,#936);
#935 = CARTESIAN_POINT('',(-250.,50.,650.));
#936 = VECTOR('',#937,1.);
#937 = DIRECTION('',(0.,1.,0.));
#938 = PCURVE('',#484,#939);
#939 = DEFINITIONAL_REPRESENTATION('',(#940),#944);
#940 = LINE('',#941,#942);
#941 = CARTESIAN_POINT('',(0.,0.));
#942 = VECTOR('',#943,1.);
#943 = DIRECTION('',(0.,1.));
#944 = ( GEOMETRIC_REPRESENTATION_CONTEXT(2) 
PARAMETRIC_REPRESENTATION_CONTEXT() REPRESENTATION_CONTEXT('2D SPACE',''
  ) );
#945 = PCURVE('',#512,#946);
#946 = DEFINITIONAL_REPRESENTATION('',(#947),#951);
#947 = LINE('',#948,#949);
#948 = CARTESIAN_POINT('',(600.,0.));
#949 = VECTOR('',#950,1.);
#950 = DIRECTION('',(0.,-1.));
#951 = ( GEOMETRIC_REPRESENTATION_CONTEXT(2) 
PARAMETRIC_REPRESENTATION_CONTEXT() REPRESENTATION_CONTEXT('2D SPACE',''
  ) );
#952 = ORIENTED_EDGE('',*,*,#466,.T.);
#953 = ORIENTED_EDGE('',*,*,#954,.T.);
#954 = EDGE_CURVE('',#469,#955,#957,.T.);
#955 = VERTEX_POINT('',#956);
#956 = CARTESIAN_POINT('',(250.,290.,650.));
#957 = SURFACE_CURVE('',#958,(#962,#969),.PCURVE_S1.);
#958 = LINE('',#959,#960);
#959 = CARTESIAN_POINT('',(250.,50.,650.));
#960 = VECTOR('',#961,1.);
#961 = DIRECTION('',(0.,1.,0.));
#962 = PCURVE('',#484,#963);
#963 = DEFINITIONAL_REPRESENTATION('',(#964),#968);
#964 = LINE('',#965,#966);
#965 = CARTESIAN_POINT('',(500.,0.));
#966 = VECTOR('',#967,1.);
#967 = DIRECTION('',(0.,1.));
#968 = ( GEOMETRIC_REPRESENTATION_CONTEXT(2) 
PARAMETRIC_REPRESENTATION_CONTEXT() REPRESENTATION_CONTEXT('2D SPACE',''
  ) );
#969 = PCURVE('',#566,#970);
#970 = DEFINITIONAL_REPRESENTATION('',(#971),#975);
#971 = LINE('',#972,#973);
#972 = CARTESIAN_POINT('',(600.,0.));
#973 = VECTOR('',#974,1.);
#974 = DIRECTION('',(0.,-1.));
#975 = ( GEOMETRIC_REPRESENTATION_CONTEXT(2) 
PARAMETRIC_REPRESENTATION_CONTEXT() REPRESENTATION_CONTEXT('2D SPACE',''
  ) );
#976 = ORIENTED_EDGE('',*,*,#977,.F.);
#977 = EDGE_CURVE('',#931,#955,#978,.T.);
#978 = SURFACE_CURVE('',#979,(#983,#990),.PCURVE_S1.);
#979 = LINE('',#980,#981);
#980 = CARTESIAN_POINT('',(-250.,290.,650.));
#981 = VECTOR('',#982,1.);
#982 = DIRECTION('',(1.,0.,0.));
#983 = PCURVE('',#484,#984);
#984 = DEFINITIONAL_REPRESENTATION('',(#985),#989);
#985 = LINE('',#986,#987);
#986 = CARTESIAN_POINT('',(0.,240.));
#987 = VECTOR('',#988,1.);
#988 = DIRECTION('',(1.,0.));
#989 = ( GEOMETRIC_REPRESENTATION_CONTEXT(2) 
PARAMETRIC_REPRESENTATION_CONTEXT() REPRESENTATION_CONTEXT('2D SPACE',''
  ) );
#990 = PCURVE('',#991,#996);
#991 = PLANE('',#992);
#992 = AXIS2_PLACEMENT_3D('',#993,#994,#995);
#993 = CARTESIAN_POINT('',(-250.,290.,50.));
#994 = DIRECTION('',(0.,1.,0.));
#995 = DIRECTION('',(0.,0.,1.));
#996 = DEFINITIONAL_REPRESENTATION('',(#997),#1001);
#997 = LINE('',#998,#999);
#998 = CARTESIAN_POINT('',(600.,0.));
#999 = VECTOR('',#1000,1.);
#1000 = DIRECTION('',(0.,1.));
#1001 = ( GEOMETRIC_REPRESENTATION_CONTEXT(2) 
PARAMETRIC_REPRESENTATION_CONTEXT() REPRESENTATION_CONTEXT('2D SPACE',''
  ) );
#1002 = ADVANCED_FACE('',(#1003,#1051,#1157,#1263,#1369,#1475,#1581,
    #1687,#1793,#1899,#2005,#2111,#2217,#2323,#2429,#2535,#2641),#566,
  .T.);
#1003 = FACE_BOUND('',#1004,.T.);
#1004 = EDGE_LOOP('',(#1005,#1006,#1029,#1050));
#1005 = ORIENTED_EDGE('',*,*,#552,.F.);
#1006 = ORIENTED_EDGE('',*,*,#1007,.T.);
#1007 = EDGE_CURVE('',#525,#1008,#1010,.T.);
#1008 = VERTEX_POINT('',#1009);
#1009 = CARTESIAN_POINT('',(250.,290.,50.));
#1010 = SURFACE_CURVE('',#1011,(#1015,#1022),.PCURVE_S1.);
#1011 = LINE('',#1012,#1013);
#1012 = CARTESIAN_POINT('',(250.,50.,50.));
#1013 = VECTOR('',#1014,1.);
#1014 = DIRECTION('',(0.,1.,0.));
#1015 = PCURVE('',#566,#1016);
#1016 = DEFINITIONAL_REPRESENTATION('',(#1017),#1021);
#1017 = LINE('',#1018,#1019);
#1018 = CARTESIAN_POINT('',(0.,0.));
#1019 = VECTOR('',#1020,1.);
#1020 = DIRECTION('',(0.,-1.));
#1021 = ( GEOMETRIC_REPRESENTATION_CONTEXT(2) 
PARAMETRIC_REPRESENTATION_CONTEXT() REPRESENTATION_CONTEXT('2D SPACE',''
  ) );
#1022 = PCURVE('',#540,#1023);
#1023 = DEFINITIONAL_REPRESENTATION('',(#1024),#1028);
#1024 = LINE('',#1025,#1026);
#1025 = CARTESIAN_POINT('',(500.,0.));
#1026 = VECTOR('',#1027,1.);
#1027 = DIRECTION('',(0.,1.));
#1028 = ( GEOMETRIC_REPRESENTATION_CONTEXT(2) 
PARAMETRIC_REPRESENTATION_CONTEXT() REPRESENTATION_CONTEXT('2D SPACE',''
  ) );
#1029 = ORIENTED_EDGE('',*,*,#1030,.T.);
#1030 = EDGE_CURVE('',#1008,#955,#1031,.T.);
#1031 = SURFACE_CURVE('',#1032,(#1036,#1043),.PCURVE_S1.);
#1032 = LINE('',#1033,#1034);
#1033 = CARTESIAN_POINT('',(250.,290.,50.));
#1034 = VECTOR('',#1035,1.);
#1035 = DIRECTION('',(0.,0.,1.));
#1036 = PCURVE('',#566,#1037);
#1037 = DEFINITIONAL_REPRESENTATION('',(#1038),#1042);
#1038 = LINE('',#1039,#1040);
#1039 = CARTESIAN_POINT('',(0.,-240.));
#1040 = VECTOR('',#1041,1.);
#1041 = DIRECTION('',(1.,0.));
#1042 = ( GEOMETRIC_REPRESENTATION_CONTEXT(2) 
PARAMETRIC_REPRESENTATION_CONTEXT() REPRESENTATION_CONTEXT('2D SPACE',''
  ) );
#1043 = PCURVE('',#991,#1044);
#1044 = DEFINITIONAL_REPRESENTATION('',(#1045),#1049);
#1045 = LINE('',#1046,#1047);
#1046 = CARTESIAN_POINT('',(0.,500.));
#1047 = VECTOR('',#1048,1.);
#1048 = DIRECTION('',(1.,0.));
#1049 = ( GEOMETRIC_REPRESENTATION_CONTEXT(2) 
PARAMETRIC_REPRESENTATION_CONTEXT() REPRESENTATION_CONTEXT('2D SPACE',''
  ) );
#1050 = ORIENTED_EDGE('',*,*,#954,.F.);
#1051 = FACE_BOUND('',#1052,.T.);
#1052 = EDGE_LOOP('',(#1053,#1081,#1107,#1133));
#1053 = ORIENTED_EDGE('',*,*,#1054,.T.);
#1054 = EDGE_CURVE('',#1055,#1057,#1059,.T.);
#1055 = VERTEX_POINT('',#1056);
#1056 = CARTESIAN_POINT('',(250.,260.,70.));
#1057 = VERTEX_POINT('',#1058);
#1058 = CARTESIAN_POINT('',(250.,80.,70.));
#1059 = SURFACE_CURVE('',#1060,(#1064,#1070),.PCURVE_S1.);
#1060 = LINE('',#1061,#1062);
#1061 = CARTESIAN_POINT('',(250.,65.,70.));
#1062 = VECTOR('',#1063,1.);
#1063 = DIRECTION('',(0.,-1.,0.));
#1064 = PCURVE('',#566,#1065);
#1065 = DEFINITIONAL_REPRESENTATION('',(#1066),#1069);
#1066 = B_SPLINE_CURVE_WITH_KNOTS('',1,(#1067,#1068),.UNSPECIFIED.,.F.,
  .F.,(2,2),(-195.,-15.),.PIECEWISE_BEZIER_KNOTS.);
#1067 = CARTESIAN_POINT('',(20.,-210.));
#1068 = CARTESIAN_POINT('',(20.,-30.));
#1069 = ( GEOMETRIC_REPRESENTATION_CONTEXT(2) 
PARAMETRIC_REPRESENTATION_CONTEXT() REPRESENTATION_CONTEXT('2D SPACE',''
  ) );
#1070 = PCURVE('',#1071,#1076);
#1071 = PLANE('',#1072);
#1072 = AXIS2_PLACEMENT_3D('',#1073,#1074,#1075);
#1073 = CARTESIAN_POINT('',(224.,80.,70.));
#1074 = DIRECTION('',(0.,0.,1.));
#1075 = DIRECTION('',(1.,0.,0.));
#1076 = DEFINITIONAL_REPRESENTATION('',(#1077),#1080);
#1077 = B_SPLINE_CURVE_WITH_KNOTS('',1,(#1078,#1079),.UNSPECIFIED.,.F.,
  .F.,(2,2),(-195.,-15.),.PIECEWISE_BEZIER_KNOTS.);
#1078 = CARTESIAN_POINT('',(26.,180.));
#1079 = CARTESIAN_POINT('',(26.,0.));
#1080 = ( GEOMETRIC_REPRESENTATION_CONTEXT(2) 
PARAMETRIC_REPRESENTATION_CONTEXT() REPRESENTATION_CONTEXT('2D SPACE',''
  ) );
#1081 = ORIENTED_EDGE('',*,*,#1082,.T.);
#1082 = EDGE_CURVE('',#1057,#1083,#1085,.T.);
#1083 = VERTEX_POINT('',#1084);
#1084 = CARTESIAN_POINT('',(250.,80.,80.));
#1085 = SURFACE_CURVE('',#1086,(#1090,#1096),.PCURVE_S1.);
#1086 = LINE('',#1087,#1088);
#1087 = CARTESIAN_POINT('',(250.,80.,60.));
#1088 = VECTOR('',#1089,1.);
#1089 = DIRECTION('',(0.,0.,1.));
#1090 = PCURVE('',#566,#1091);
#1091 = DEFINITIONAL_REPRESENTATION('',(#1092),#1095);
#1092 = B_SPLINE_CURVE_WITH_KNOTS('',1,(#1093,#1094),.UNSPECIFIED.,.F.,
  .F.,(2,2),(10.,20.),.PIECEWISE_BEZIER_KNOTS.);
#1093 = CARTESIAN_POINT('',(20.,-30.));
#1094 = CARTESIAN_POINT('',(30.,-30.));
#1095 = ( GEOMETRIC_REPRESENTATION_CONTEXT(2) 
PARAMETRIC_REPRESENTATION_CONTEXT() REPRESENTATION_CONTEXT('2D SPACE',''
  ) );
#1096 = PCURVE('',#1097,#1102);
#1097 = PLANE('',#1098);
#1098 = AXIS2_PLACEMENT_3D('',#1099,#1100,#1101);
#1099 = CARTESIAN_POINT('',(224.,80.,70.));
#1100 = DIRECTION('',(0.,1.,0.));
#1101 = DIRECTION('',(0.,0.,1.));
#1102 = DEFINITIONAL_REPRESENTATION('',(#1103),#1106);
#1103 = B_SPLINE_CURVE_WITH_KNOTS('',1,(#1104,#1105),.UNSPECIFIED.,.F.,
  .F.,(2,2),(10.,20.),.PIECEWISE_BEZIER_KNOTS.);
#1104 = CARTESIAN_POINT('',(0.,26.));
#1105 = CARTESIAN_POINT('',(10.,26.));
#1106 = ( GEOMETRIC_REPRESENTATION_CONTEXT(2) 
PARAMETRIC_REPRESENTATION_CONTEXT() REPRESENTATION_CONTEXT('2D SPACE',''
  ) );
#1107 = ORIENTED_EDGE('',*,*,#1108,.F.);
#1108 = EDGE_CURVE('',#1109,#1083,#1111,.T.);
#1109 = VERTEX_POINT('',#1110);
#1110 = CARTESIAN_POINT('',(250.,260.,80.));
#1111 = SURFACE_CURVE('',#1112,(#1116,#1122),.PCURVE_S1.);
#1112 = LINE('',#1113,#1114);
#1113 = CARTESIAN_POINT('',(250.,65.,80.));
#1114 = VECTOR('',#1115,1.);
#1115 = DIRECTION('',(0.,-1.,0.));
#1116 = PCURVE('',#566,#1117);
#1117 = DEFINITIONAL_REPRESENTATION('',(#1118),#1121);
#1118 = B_SPLINE_CURVE_WITH_KNOTS('',1,(#1119,#1120),.UNSPECIFIED.,.F.,
  .F.,(2,2),(-195.,-15.),.PIECEWISE_BEZIER_KNOTS.);
#1119 = CARTESIAN_POINT('',(30.,-210.));
#1120 = CARTESIAN_POINT('',(30.,-30.));
#1121 = ( GEOMETRIC_REPRESENTATION_CONTEXT(2) 
PARAMETRIC_REPRESENTATION_CONTEXT() REPRESENTATION_CONTEXT('2D SPACE',''
  ) );
#1122 = PCURVE('',#1123,#1128);
#1123 = PLANE('',#1124);
#1124 = AXIS2_PLACEMENT_3D('',#1125,#1126,#1127);
#1125 = CARTESIAN_POINT('',(224.,80.,80.));
#1126 = DIRECTION('',(0.,0.,1.));
#1127 = DIRECTION('',(1.,0.,0.));
#1128 = DEFINITIONAL_REPRESENTATION('',(#1129),#1132);
#1129 = B_SPLINE_CURVE_WITH_KNOTS('',1,(#1130,#1131),.UNSPECIFIED.,.F.,
  .F.,(2,2),(-195.,-15.),.PIECEWISE_BEZIER_KNOTS.);
#1130 = CARTESIAN_POINT('',(26.,180.));
#1131 = CARTESIAN_POINT('',(26.,0.));
#1132 = ( GEOMETRIC_REPRESENTATION_CONTEXT(2) 
PARAMETRIC_REPRESENTATION_CONTEXT() REPRESENTATION_CONTEXT('2D SPACE',''
  ) );
#1133 = ORIENTED_EDGE('',*,*,#1134,.F.);
#1134 = EDGE_CURVE('',#1055,#1109,#1135,.T.);
#1135 = SURFACE_CURVE('',#1136,(#1140,#1146),.PCURVE_S1.);
#1136 = LINE('',#1137,#1138);
#1137 = CARTESIAN_POINT('',(250.,260.,60.));
#1138 = VECTOR('',#1139,1.);
#1139 = DIRECTION('',(0.,0.,1.));
#1140 = PCURVE('',#566,#1141);
#1141 = DEFINITIONAL_REPRESENTATION('',(#1142),#1145);
#1142 = B_SPLINE_CURVE_WITH_KNOTS('',1,(#1143,#1144),.UNSPECIFIED.,.F.,
  .F.,(2,2),(10.,20.),.PIECEWISE_BEZIER_KNOTS.);
#1143 = CARTESIAN_POINT('',(20.,-210.));
#1144 = CARTESIAN_POINT('',(30.,-210.));
#1145 = ( GEOMETRIC_REPRESENTATION_CONTEXT(2) 
PARAMETRIC_REPRESENTATION_CONTEXT() REPRESENTATION_CONTEXT('2D SPACE',''
  ) );
#1146 = PCURVE('',#1147,#1152);
#1147 = PLANE('',#1148);
#1148 = AXIS2_PLACEMENT_3D('',#1149,#1150,#1151);
#1149 = CARTESIAN_POINT('',(224.,260.,70.));
#1150 = DIRECTION('',(0.,1.,0.));
#1151 = DIRECTION('',(0.,0.,1.));
#1152 = DEFINITIONAL_REPRESENTATION('',(#1153),#1156);
#1153 = B_SPLINE_CURVE_WITH_KNOTS('',1,(#1154,#1155),.UNSPECIFIED.,.F.,
  .F.,(2,2),(10.,20.),.PIECEWISE_BEZIER_KNOTS.);
#1154 = CARTESIAN_POINT('',(0.,26.));
#1155 = CARTESIAN_POINT('',(10.,26.));
#1156 = ( GEOMETRIC_REPRESENTATION_CONTEXT(2) 
PARAMETRIC_REPRESENTATION_CONTEXT() REPRESENTATION_CONTEXT('2D SPACE',''
  ) );
#1157 = FACE_BOUND('',#1158,.T.);
#1158 = EDGE_LOOP('',(#1159,#1187,#1213,#1239));
#1159 = ORIENTED_EDGE('',*,*,#1160,.T.);
#1160 = EDGE_CURVE('',#1161,#1163,#1165,.T.);
#1161 = VERTEX_POINT('',#1162);
#1162 = CARTESIAN_POINT('',(250.,260.,102.));
#1163 = VERTEX_POINT('',#1164);
#1164 = CARTESIAN_POINT('',(250.,80.,102.));
#1165 = SURFACE_CURVE('',#1166,(#1170,#1176),.PCURVE_S1.);
#1166 = LINE('',#1167,#1168);
#1167 = CARTESIAN_POINT('',(250.,65.,102.));
#1168 = VECTOR('',#1169,1.);
#1169 = DIRECTION('',(0.,-1.,0.));
#1170 = PCURVE('',#566,#1171);
#1171 = DEFINITIONAL_REPRESENTATION('',(#1172),#1175);
#1172 = B_SPLINE_CURVE_WITH_KNOTS('',1,(#1173,#1174),.UNSPECIFIED.,.F.,
  .F.,(2,2),(-195.,-15.),.PIECEWISE_BEZIER_KNOTS.);
#1173 = CARTESIAN_POINT('',(52.,-210.));
#1174 = CARTESIAN_POINT('',(52.,-30.));
#1175 = ( GEOMETRIC_REPRESENTATION_CONTEXT(2) 
PARAMETRIC_REPRESENTATION_CONTEXT() REPRESENTATION_CONTEXT('2D SPACE',''
  ) );
#1176 = PCURVE('',#1177,#1182);
#1177 = PLANE('',#1178);
#1178 = AXIS2_PLACEMENT_3D('',#1179,#1180,#1181);
#1179 = CARTESIAN_POINT('',(224.,80.,102.));
#1180 = DIRECTION('',(0.,0.,1.));
#1181 = DIRECTION('',(1.,0.,0.));
#1182 = DEFINITIONAL_REPRESENTATION('',(#1183),#1186);
#1183 = B_SPLINE_CURVE_WITH_KNOTS('',1,(#1184,#1185),.UNSPECIFIED.,.F.,
  .F.,(2,2),(-195.,-15.),.PIECEWISE_BEZIER_KNOTS.);
#1184 = CARTESIAN_POINT('',(26.,180.));
#1185 = CARTESIAN_POINT('',(26.,0.));
#1186 = ( GEOMETRIC_REPRESENTATION_CONTEXT(2) 
PARAMETRIC_REPRESENTATION_CONTEXT() REPRESENTATION_CONTEXT('2D SPACE',''
  ) );
#1187 = ORIENTED_EDGE('',*,*,#1188,.T.);
#1188 = EDGE_CURVE('',#1163,#1189,#1191,.T.);
#1189 = VERTEX_POINT('',#1190);
#1190 = CARTESIAN_POINT('',(250.,80.,112.));
#1191 = SURFACE_CURVE('',#1192,(#1196,#1202),.PCURVE_S1.);
#1192 = LINE('',#1193,#1194);
#1193 = CARTESIAN_POINT('',(250.,80.,76.));
#1194 = VECTOR('',#1195,1.);
#1195 = DIRECTION('',(0.,0.,1.));
#1196 = PCURVE('',#566,#1197);
#1197 = DEFINITIONAL_REPRESENTATION('',(#1198),#1201);
#1198 = B_SPLINE_CURVE_WITH_KNOTS('',1,(#1199,#1200),.UNSPECIFIED.,.F.,
  .F.,(2,2),(26.,36.),.PIECEWISE_BEZIER_KNOTS.);
#1199 = CARTESIAN_POINT('',(52.,-30.));
#1200 = CARTESIAN_POINT('',(62.,-30.));
#1201 = ( GEOMETRIC_REPRESENTATION_CONTEXT(2) 
PARAMETRIC_REPRESENTATION_CONTEXT() REPRESENTATION_CONTEXT('2D SPACE',''
  ) );
#1202 = PCURVE('',#1203,#1208);
#1203 = PLANE('',#1204);
#1204 = AXIS2_PLACEMENT_3D('',#1205,#1206,#1207);
#1205 = CARTESIAN_POINT('',(224.,80.,102.));
#1206 = DIRECTION('',(0.,1.,0.));
#1207 = DIRECTION('',(0.,0.,1.));
#1208 = DEFINITIONAL_REPRESENTATION('',(#1209),#1212);
#1209 = B_SPLINE_CURVE_WITH_KNOTS('',1,(#1210,#1211),.UNSPECIFIED.,.F.,
  .F.,(2,2),(26.,36.),.PIECEWISE_BEZIER_KNOTS.);
#1210 = CARTESIAN_POINT('',(0.,26.));
#1211 = CARTESIAN_POINT('',(10.,26.));
#1212 = ( GEOMETRIC_REPRESENTATION_CONTEXT(2) 
PARAMETRIC_REPRESENTATION_CONTEXT() REPRESENTATION_CONTEXT('2D SPACE',''
  ) );
#1213 = ORIENTED_EDGE('',*,*,#1214,.F.);
#1214 = EDGE_CURVE('',#1215,#1189,#1217,.T.);
#1215 = VERTEX_POINT('',#1216);
#1216 = CARTESIAN_POINT('',(250.,260.,112.));
#1217 = SURFACE_CURVE('',#1218,(#1222,#1228),.PCURVE_S1.);
#1218 = LINE('',#1219,#1220);
#1219 = CARTESIAN_POINT('',(250.,65.,112.));
#1220 = VECTOR('',#1221,1.);
#1221 = DIRECTION('',(0.,-1.,0.));
#1222 = PCURVE('',#566,#1223);
#1223 = DEFINITIONAL_REPRESENTATION('',(#1224),#1227);
#1224 = B_SPLINE_CURVE_WITH_KNOTS('',1,(#1225,#1226),.UNSPECIFIED.,.F.,
  .F.,(2,2),(-195.,-15.),.PIECEWISE_BEZIER_KNOTS.);
#1225 = CARTESIAN_POINT('',(62.,-210.));
#1226 = CARTESIAN_POINT('',(62.,-30.));
#1227 = ( GEOMETRIC_REPRESENTATION_CONTEXT(2) 
PARAMETRIC_REPRESENTATION_CONTEXT() REPRESENTATION_CONTEXT('2D SPACE',''
  ) );
#1228 = PCURVE('',#1229,#1234);
#1229 = PLANE('',#1230);
#1230 = AXIS2_PLACEMENT_3D('',#1231,#1232,#1233);
#1231 = CARTESIAN_POINT('',(224.,80.,112.));
#1232 = DIRECTION('',(0.,0.,1.));
#1233 = DIRECTION('',(1.,0.,0.));
#1234 = DEFINITIONAL_REPRESENTATION('',(#1235),#1238);
#1235 = B_SPLINE_CURVE_WITH_KNOTS('',1,(#1236,#1237),.UNSPECIFIED.,.F.,
  .F.,(2,2),(-195.,-15.),.PIECEWISE_BEZIER_KNOTS.);
#1236 = CARTESIAN_POINT('',(26.,180.));
#1237 = CARTESIAN_POINT('',(26.,0.));
#1238 = ( GEOMETRIC_REPRESENTATION_CONTEXT(2) 
PARAMETRIC_REPRESENTATION_CONTEXT() REPRESENTATION_CONTEXT('2D SPACE',''
  ) );
#1239 = ORIENTED_EDGE('',*,*,#1240,.F.);
#1240 = EDGE_CURVE('',#1161,#1215,#1241,.T.);
#1241 = SURFACE_CURVE('',#1242,(#1246,#1252),.PCURVE_S1.);
#1242 = LINE('',#1243,#1244);
#1243 = CARTESIAN_POINT('',(250.,260.,76.));
#1244 = VECTOR('',#1245,1.);
#1245 = DIRECTION('',(0.,0.,1.));
#1246 = PCURVE('',#566,#1247);
#1247 = DEFINITIONAL_REPRESENTATION('',(#1248),#1251);
#1248 = B_SPLINE_CURVE_WITH_KNOTS('',1,(#1249,#1250),.UNSPECIFIED.,.F.,
  .F.,(2,2),(26.,36.),.PIECEWISE_BEZIER_KNOTS.);
#1249 = CARTESIAN_POINT('',(52.,-210.));
#1250 = CARTESIAN_POINT('',(62.,-210.));
#1251 = ( GEOMETRIC_REPRESENTATION_CONTEXT(2) 
PARAMETRIC_REPRESENTATION_CONTEXT() REPRESENTATION_CONTEXT('2D SPACE',''
  ) );
#1252 = PCURVE('',#1253,#1258);
#1253 = PLANE('',#1254);
#1254 = AXIS2_PLACEMENT_3D('',#1255,#1256,#1257);
#1255 = CARTESIAN_POINT('',(224.,260.,102.));
#1256 = DIRECTION('',(0.,1.,0.));
#1257 = DIRECTION('',(0.,0.,1.));
#1258 = DEFINITIONAL_REPRESENTATION('',(#1259),#1262);
#1259 = B_SPLINE_CURVE_WITH_KNOTS('',1,(#1260,#1261),.UNSPECIFIED.,.F.,
  .F.,(2,2),(26.,36.),.PIECEWISE_BEZIER_KNOTS.);
#1260 = CARTESIAN_POINT('',(0.,26.));
#1261 = CARTESIAN_POINT('',(10.,26.));
#1262 = ( GEOMETRIC_REPRESENTATION_CONTEXT(2) 
PARAMETRIC_REPRESENTATION_CONTEXT() REPRESENTATION_CONTEXT('2D SPACE',''
  ) );
#1263 = FACE_BOUND('',#1264,.T.);
#1264 = EDGE_LOOP('',(#1265,#1293,#1319,#1345));
#1265 = ORIENTED_EDGE('',*,*,#1266,.T.);
#1266 = EDGE_CURVE('',#1267,#1269,#1271,.T.);
#1267 = VERTEX_POINT('',#1268);
#1268 = CARTESIAN_POINT('',(250.,260.,134.));
#1269 = VERTEX_POINT('',#1270);
#1270 = CARTESIAN_POINT('',(250.,80.,134.));
#1271 = SURFACE_CURVE('',#1272,(#1276,#1282),.PCURVE_S1.);
#1272 = LINE('',#1273,#1274);
#1273 = CARTESIAN_POINT('',(250.,65.,134.));
#1274 = VECTOR('',#1275,1.);
#1275 = DIRECTION('',(0.,-1.,0.));
#1276 = PCURVE('',#566,#1277);
#1277 = DEFINITIONAL_REPRESENTATION('',(#1278),#1281);
#1278 = B_SPLINE_CURVE_WITH_KNOTS('',1,(#1279,#1280),.UNSPECIFIED.,.F.,
  .F.,(2,2),(-195.,-15.),.PIECEWISE_BEZIER_KNOTS.);
#1279 = CARTESIAN_POINT('',(84.,-210.));
#1280 = CARTESIAN_POINT('',(84.,-30.));
#1281 = ( GEOMETRIC_REPRESENTATION_CONTEXT(2) 
PARAMETRIC_REPRESENTATION_CONTEXT() REPRESENTATION_CONTEXT('2D SPACE',''
  ) );
#1282 = PCURVE('',#1283,#1288);
#1283 = PLANE('',#1284);
#1284 = AXIS2_PLACEMENT_3D('',#1285,#1286,#1287);
#1285 = CARTESIAN_POINT('',(224.,80.,134.));
#1286 = DIRECTION('',(0.,0.,1.));
#1287 = DIRECTION('',(1.,0.,0.));
#1288 = DEFINITIONAL_REPRESENTATION('',(#1289),#1292);
#1289 = B_SPLINE_CURVE_WITH_KNOTS('',1,(#1290,#1291),.UNSPECIFIED.,.F.,
  .F.,(2,2),(-195.,-15.),.PIECEWISE_BEZIER_KNOTS.);
#1290 = CARTESIAN_POINT('',(26.,180.));
#1291 = CARTESIAN_POINT('',(26.,0.));
#1292 = ( GEOMETRIC_REPRESENTATION_CONTEXT(2) 
PARAMETRIC_REPRESENTATION_CONTEXT() REPRESENTATION_CONTEXT('2D SPACE',''
  ) );
#1293 = ORIENTED_EDGE('',*,*,#1294,.T.);
#1294 = EDGE_CURVE('',#1269,#1295,#1297,.T.);
#1295 = VERTEX_POINT('',#1296);
#1296 = CARTESIAN_POINT('',(250.,80.,144.));
#1297 = SURFACE_CURVE('',#1298,(#1302,#1308),.PCURVE_S1.);
#1298 = LINE('',#1299,#1300);
#1299 = CARTESIAN_POINT('',(250.,80.,92.));
#1300 = VECTOR('',#1301,1.);
#1301 = DIRECTION('',(0.,0.,1.));
#1302 = PCURVE('',#566,#1303);
#1303 = DEFINITIONAL_REPRESENTATION('',(#1304),#1307);
#1304 = B_SPLINE_CURVE_WITH_KNOTS('',1,(#1305,#1306),.UNSPECIFIED.,.F.,
  .F.,(2,2),(42.,52.),.PIECEWISE_BEZIER_KNOTS.);
#1305 = CARTESIAN_POINT('',(84.,-30.));
#1306 = CARTESIAN_POINT('',(94.,-30.));
#1307 = ( GEOMETRIC_REPRESENTATION_CONTEXT(2) 
PARAMETRIC_REPRESENTATION_CONTEXT() REPRESENTATION_CONTEXT('2D SPACE',''
  ) );
#1308 = PCURVE('',#1309,#1314);
#1309 = PLANE('',#1310);
#1310 = AXIS2_PLACEMENT_3D('',#1311,#1312,#1313);
#1311 = CARTESIAN_POINT('',(224.,80.,134.));
#1312 = DIRECTION('',(0.,1.,0.));
#1313 = DIRECTION('',(0.,0.,1.));
#1314 = DEFINITIONAL_REPRESENTATION('',(#1315),#1318);
#1315 = B_SPLINE_CURVE_WITH_KNOTS('',1,(#1316,#1317),.UNSPECIFIED.,.F.,
  .F.,(2,2),(42.,52.),.PIECEWISE_BEZIER_KNOTS.);
#1316 = CARTESIAN_POINT('',(0.,26.));
#1317 = CARTESIAN_POINT('',(10.,26.));
#1318 = ( GEOMETRIC_REPRESENTATION_CONTEXT(2) 
PARAMETRIC_REPRESENTATION_CONTEXT() REPRESENTATION_CONTEXT('2D SPACE',''
  ) );
#1319 = ORIENTED_EDGE('',*,*,#1320,.F.);
#1320 = EDGE_CURVE('',#1321,#1295,#1323,.T.);
#1321 = VERTEX_POINT('',#1322);
#1322 = CARTESIAN_POINT('',(250.,260.,144.));
#1323 = SURFACE_CURVE('',#1324,(#1328,#1334),.PCURVE_S1.);
#1324 = LINE('',#1325,#1326);
#1325 = CARTESIAN_POINT('',(250.,65.,144.));
#1326 = VECTOR('',#1327,1.);
#1327 = DIRECTION('',(0.,-1.,0.));
#1328 = PCURVE('',#566,#1329);
#1329 = DEFINITIONAL_REPRESENTATION('',(#1330),#1333);
#1330 = B_SPLINE_CURVE_WITH_KNOTS('',1,(#1331,#1332),.UNSPECIFIED.,.F.,
  .F.,(2,2),(-195.,-15.),.PIECEWISE_BEZIER_KNOTS.);
#1331 = CARTESIAN_POINT('',(94.,-210.));
#1332 = CARTESIAN_POINT('',(94.,-30.));
#1333 = ( GEOMETRIC_REPRESENTATION_CONTEXT(2) 
PARAMETRIC_REPRESENTATION_CONTEXT() REPRESENTATION_CONTEXT('2D SPACE',''
  ) );
#1334 = PCURVE('',#1335,#1340);
#1335 = PLANE('',#1336);
#1336 = AXIS2_PLACEMENT_3D('',#1337,#1338,#1339);
#1337 = CARTESIAN_POINT('',(224.,80.,144.));
#1338 = DIRECTION('',(0.,0.,1.));
#1339 = DIRECTION('',(1.,0.,0.));
#1340 = DEFINITIONAL_REPRESENTATION('',(#1341),#1344);
#1341 = B_SPLINE_CURVE_WITH_KNOTS('',1,(#1342,#1343),.UNSPECIFIED.,.F.,
  .F.,(2,2),(-195.,-15.),.PIECEWISE_BEZIER_KNOTS.);
#1342 = CARTESIAN_POINT('',(26.,180.));
#1343 = CARTESIAN_POINT('',(26.,0.));
#1344 = ( GEOMETRIC_REPRESENTATION_CONTEXT(2) 
PARAMETRIC_REPRESENTATION_CONTEXT() REPRESENTATION_CONTEXT('2D SPACE',''
  ) );
#1345 = ORIENTED_EDGE('',*,*,#1346,.F.);
#1346 = EDGE_CURVE('',#1267,#1321,#1347,.T.);
#1347 = SURFACE_CURVE('',#1348,(#1352,#1358),.PCURVE_S1.);
#1348 = LINE('',#1349,#1350);
#1349 = CARTESIAN_POINT('',(250.,260.,92.));
#1350 = VECTOR('',#1351,1.);
#1351 = DIRECTION('',(0.,0.,1.));
#1352 = PCURVE('',#566,#1353);
#1353 = DEFINITIONAL_REPRESENTATION('',(#1354),#1357);
#1354 = B_SPLINE_CURVE_WITH_KNOTS('',1,(#1355,#1356),.UNSPECIFIED.,.F.,
  .F.,(2,2),(42.,52.),.PIECEWISE_BEZIER_KNOTS.);
#1355 = CARTESIAN_POINT('',(84.,-210.));
#1356 = CARTESIAN_POINT('',(94.,-210.));
#1357 = ( GEOMETRIC_REPRESENTATION_CONTEXT(2) 
PARAMETRIC_REPRESENTATION_CONTEXT() REPRESENTATION_CONTEXT('2D SPACE',''
  ) );
#1358 = PCURVE('',#1359,#1364);
#1359 = PLANE('',#1360);
#1360 = AXIS2_PLACEMENT_3D('',#1361,#1362,#1363);
#1361 = CARTESIAN_POINT('',(224.,260.,134.));
#1362 = DIRECTION('',(0.,1.,0.));
#1363 = DIRECTION('',(0.,0.,1.));
#1364 = DEFINITIONAL_REPRESENTATION('',(#1365),#1368);
#1365 = B_SPLINE_CURVE_WITH_KNOTS('',1,(#1366,#1367),.UNSPECIFIED.,.F.,
  .F.,(2,2),(42.,52.),.PIECEWISE_BEZIER_KNOTS.);
#1366 = CARTESIAN_POINT('',(0.,26.));
#1367 = CARTESIAN_POINT('',(10.,26.));
#1368 = ( GEOMETRIC_REPRESENTATION_CONTEXT(2) 
PARAMETRIC_REPRESENTATION_CONTEXT() REPRESENTATION_CONTEXT('2D SPACE',''
  ) );
#1369 = FACE_BOUND('',#1370,.T.);
#1370 = EDGE_LOOP('',(#1371,#1399,#1425,#1451));
#1371 = ORIENTED_EDGE('',*,*,#1372,.T.);
#1372 = EDGE_CURVE('',#1373,#1375,#1377,.T.);
#1373 = VERTEX_POINT('',#1374);
#1374 = CARTESIAN_POINT('',(250.,260.,166.));
#1375 = VERTEX_POINT('',#1376);
#1376 = CARTESIAN_POINT('',(250.,80.,166.));
#1377 = SURFACE_CURVE('',#1378,(#1382,#1388),.PCURVE_S1.);
#1378 = LINE('',#1379,#1380);
#1379 = CARTESIAN_POINT('',(250.,65.,166.));
#1380 = VECTOR('',#1381,1.);
#1381 = DIRECTION('',(0.,-1.,0.));
#1382 = PCURVE('',#566,#1383);
#1383 = DEFINITIONAL_REPRESENTATION('',(#1384),#1387);
#1384 = B_SPLINE_CURVE_WITH_KNOTS('',1,(#1385,#1386),.UNSPECIFIED.,.F.,
  .F.,(2,2),(-195.,-15.),.PIECEWISE_BEZIER_KNOTS.);
#1385 = CARTESIAN_POINT('',(116.,-210.));
#1386 = CARTESIAN_POINT('',(116.,-30.));
#1387 = ( GEOMETRIC_REPRESENTATION_CONTEXT(2) 
PARAMETRIC_REPRESENTATION_CONTEXT() REPRESENTATION_CONTEXT('2D SPACE',''
  ) );
#1388 = PCURVE('',#1389,#1394);
#1389 = PLANE('',#1390);
#1390 = AXIS2_PLACEMENT_3D('',#1391,#1392,#1393);
#1391 = CARTESIAN_POINT('',(224.,80.,166.));
#1392 = DIRECTION('',(0.,0.,1.));
#1393 = DIRECTION('',(1.,0.,0.));
#1394 = DEFINITIONAL_REPRESENTATION('',(#1395),#1398);
#1395 = B_SPLINE_CURVE_WITH_KNOTS('',1,(#1396,#1397),.UNSPECIFIED.,.F.,
  .F.,(2,2),(-195.,-15.),.PIECEWISE_BEZIER_KNOTS.);
#1396 = CARTESIAN_POINT('',(26.,180.));
#1397 = CARTESIAN_POINT('',(26.,0.));
#1398 = ( GEOMETRIC_REPRESENTATION_CONTEXT(2) 
PARAMETRIC_REPRESENTATION_CONTEXT() REPRESENTATION_CONTEXT('2D SPACE',''
  ) );
#1399 = ORIENTED_EDGE('',*,*,#1400,.T.);
#1400 = EDGE_CURVE('',#1375,#1401,#1403,.T.);
#1401 = VERTEX_POINT('',#1402);
#1402 = CARTESIAN_POINT('',(250.,80.,176.));
#1403 = SURFACE_CURVE('',#1404,(#1408,#1414),.PCURVE_S1.);
#1404 = LINE('',#1405,#1406);
#1405 = CARTESIAN_POINT('',(250.,80.,108.));
#1406 = VECTOR('',#1407,1.);
#1407 = DIRECTION('',(0.,0.,1.));
#1408 = PCURVE('',#566,#1409);
#1409 = DEFINITIONAL_REPRESENTATION('',(#1410),#1413);
#1410 = B_SPLINE_CURVE_WITH_KNOTS('',1,(#1411,#1412),.UNSPECIFIED.,.F.,
  .F.,(2,2),(58.,68.),.PIECEWISE_BEZIER_KNOTS.);
#1411 = CARTESIAN_POINT('',(116.,-30.));
#1412 = CARTESIAN_POINT('',(126.,-30.));
#1413 = ( GEOMETRIC_REPRESENTATION_CONTEXT(2) 
PARAMETRIC_REPRESENTATION_CONTEXT() REPRESENTATION_CONTEXT('2D SPACE',''
  ) );
#1414 = PCURVE('',#1415,#1420);
#1415 = PLANE('',#1416);
#1416 = AXIS2_PLACEMENT_3D('',#1417,#1418,#1419);
#1417 = CARTESIAN_POINT('',(224.,80.,166.));
#1418 = DIRECTION('',(0.,1.,0.));
#1419 = DIRECTION('',(0.,0.,1.));
#1420 = DEFINITIONAL_REPRESENTATION('',(#1421),#1424);
#1421 = B_SPLINE_CURVE_WITH_KNOTS('',1,(#1422,#1423),.UNSPECIFIED.,.F.,
  .F.,(2,2),(58.,68.),.PIECEWISE_BEZIER_KNOTS.);
#1422 = CARTESIAN_POINT('',(0.,26.));
#1423 = CARTESIAN_POINT('',(10.,26.));
#1424 = ( GEOMETRIC_REPRESENTATION_CONTEXT(2) 
PARAMETRIC_REPRESENTATION_CONTEXT() REPRESENTATION_CONTEXT('2D SPACE',''
  ) );
#1425 = ORIENTED_EDGE('',*,*,#1426,.F.);
#1426 = EDGE_CURVE('',#1427,#1401,#1429,.T.);
#1427 = VERTEX_POINT('',#1428);
#1428 = CARTESIAN_POINT('',(250.,260.,176.));
#1429 = SURFACE_CURVE('',#1430,(#1434,#1440),.PCURVE_S1.);
#1430 = LINE('',#1431,#1432);
#1431 = CARTESIAN_POINT('',(250.,65.,176.));
#1432 = VECTOR('',#1433,1.);
#1433 = DIRECTION('',(0.,-1.,0.));
#1434 = PCURVE('',#566,#1435);
#1435 = DEFINITIONAL_REPRESENTATION('',(#1436),#1439);
#1436 = B_SPLINE_CURVE_WITH_KNOTS('',1,(#1437,#1438),.UNSPECIFIED.,.F.,
  .F.,(2,2),(-195.,-15.),.PIECEWISE_BEZIER_KNOTS.);
#1437 = CARTESIAN_POINT('',(126.,-210.));
#1438 = CARTESIAN_POINT('',(126.,-30.));
#1439 = ( GEOMETRIC_REPRESENTATION_CONTEXT(2) 
PARAMETRIC_REPRESENTATION_CONTEXT() REPRESENTATION_CONTEXT('2D SPACE',''
  ) );
#1440 = PCURVE('',#1441,#1446);
#1441 = PLANE('',#1442);
#1442 = AXIS2_PLACEMENT_3D('',#1443,#1444,#1445);
#1443 = CARTESIAN_POINT('',(224.,80.,176.));
#1444 = DIRECTION('',(0.,0.,1.));
#1445 = DIRECTION('',(1.,0.,0.));
#1446 = DEFINITIONAL_REPRESENTATION('',(#1447),#1450);
#1447 = B_SPLINE_CURVE_WITH_KNOTS('',1,(#1448,#1449),.UNSPECIFIED.,.F.,
  .F.,(2,2),(-195.,-15.),.PIECEWISE_BEZIER_KNOTS.);
#1448 = CARTESIAN_POINT('',(26.,180.));
#1449 = CARTESIAN_POINT('',(26.,0.));
#1450 = ( GEOMETRIC_REPRESENTATION_CONTEXT(2) 
PARAMETRIC_REPRESENTATION_CONTEXT() REPRESENTATION_CONTEXT('2D SPACE',''
  ) );
#1451 = ORIENTED_EDGE('',*,*,#1452,.F.);
#1452 = EDGE_CURVE('',#1373,#1427,#1453,.T.);
#1453 = SURFACE_CURVE('',#1454,(#1458,#1464),.PCURVE_S1.);
#1454 = LINE('',#1455,#1456);
#1455 = CARTESIAN_POINT('',(250.,260.,108.));
#1456 = VECTOR('',#1457,1.);
#1457 = DIRECTION('',(0.,0.,1.));
#1458 = PCURVE('',#566,#1459);
#1459 = DEFINITIONAL_REPRESENTATION('',(#1460),#1463);
#1460 = B_SPLINE_CURVE_WITH_KNOTS('',1,(#1461,#1462),.UNSPECIFIED.,.F.,
  .F.,(2,2),(58.,68.),.PIECEWISE_BEZIER_KNOTS.);
#1461 = CARTESIAN_POINT('',(116.,-210.));
#1462 = CARTESIAN_POINT('',(126.,-210.));
#1463 = ( GEOMETRIC_REPRESENTATION_CONTEXT(2) 
PARAMETRIC_REPRESENTATION_CONTEXT() REPRESENTATION_CONTEXT('2D SPACE',''
  ) );
#1464 = PCURVE('',#1465,#1470);
#1465 = PLANE('',#1466);
#1466 = AXIS2_PLACEMENT_3D('',#1467,#1468,#1469);
#1467 = CARTESIAN_POINT('',(224.,260.,166.));
#1468 = DIRECTION('',(0.,1.,0.));
#1469 = DIRECTION('',(0.,0.,1.));
#1470 = DEFINITIONAL_REPRESENTATION('',(#1471),#1474);
#1471 = B_SPLINE_CURVE_WITH_KNOTS('',1,(#1472,#1473),.UNSPECIFIED.,.F.,
  .F.,(2,2),(58.,68.),.PIECEWISE_BEZIER_KNOTS.);
#1472 = CARTESIAN_POINT('',(0.,26.));
#1473 = CARTESIAN_POINT('',(10.,26.));
#1474 = ( GEOMETRIC_REPRESENTATION_CONTEXT(2) 
PARAMETRIC_REPRESENTATION_CONTEXT() REPRESENTATION_CONTEXT('2D SPACE',''
  ) );
#1475 = FACE_BOUND('',#1476,.T.);
#1476 = EDGE_LOOP('',(#1477,#1505,#1531,#1557));
#1477 = ORIENTED_EDGE('',*,*,#1478,.T.);
#1478 = EDGE_CURVE('',#1479,#1481,#1483,.T.);
#1479 = VERTEX_POINT('',#1480);
#1480 = CARTESIAN_POINT('',(250.,260.,198.));
#1481 = VERTEX_POINT('',#1482);
#1482 = CARTESIAN_POINT('',(250.,80.,198.));
#1483 = SURFACE_CURVE('',#1484,(#1488,#1494),.PCURVE_S1.);
#1484 = LINE('',#1485,#1486);
#1485 = CARTESIAN_POINT('',(250.,65.,198.));
#1486 = VECTOR('',#1487,1.);
#1487 = DIRECTION('',(0.,-1.,0.));
#1488 = PCURVE('',#566,#1489);
#1489 = DEFINITIONAL_REPRESENTATION('',(#1490),#1493);
#1490 = B_SPLINE_CURVE_WITH_KNOTS('',1,(#1491,#1492),.UNSPECIFIED.,.F.,
  .F.,(2,2),(-195.,-15.),.PIECEWISE_BEZIER_KNOTS.);
#1491 = CARTESIAN_POINT('',(148.,-210.));
#1492 = CARTESIAN_POINT('',(148.,-30.));
#1493 = ( GEOMETRIC_REPRESENTATION_CONTEXT(2) 
PARAMETRIC_REPRESENTATION_CONTEXT() REPRESENTATION_CONTEXT('2D SPACE',''
  ) );
#1494 = PCURVE('',#1495,#1500);
#1495 = PLANE('',#1496);
#1496 = AXIS2_PLACEMENT_3D('',#1497,#1498,#1499);
#1497 = CARTESIAN_POINT('',(224.,80.,198.));
#1498 = DIRECTION('',(0.,0.,1.));
#1499 = DIRECTION('',(1.,0.,0.));
#1500 = DEFINITIONAL_REPRESENTATION('',(#1501),#1504);
#1501 = B_SPLINE_CURVE_WITH_KNOTS('',1,(#1502,#1503),.UNSPECIFIED.,.F.,
  .F.,(2,2),(-195.,-15.),.PIECEWISE_BEZIER_KNOTS.);
#1502 = CARTESIAN_POINT('',(26.,180.));
#1503 = CARTESIAN_POINT('',(26.,0.));
#1504 = ( GEOMETRIC_REPRESENTATION_CONTEXT(2) 
PARAMETRIC_REPRESENTATION_CONTEXT() REPRESENTATION_CONTEXT('2D SPACE',''
  ) );
#1505 = ORIENTED_EDGE('',*,*,#1506,.T.);
#1506 = EDGE_CURVE('',#1481,#1507,#1509,.T.);
#1507 = VERTEX_POINT('',#1508);
#1508 = CARTESIAN_POINT('',(250.,80.,208.));
#1509 = SURFACE_CURVE('',#1510,(#1514,#1520),.PCURVE_S1.);
#1510 = LINE('',#1511,#1512);
#1511 = CARTESIAN_POINT('',(250.,80.,124.));
#1512 = VECTOR('',#1513,1.);
#1513 = DIRECTION('',(0.,0.,1.));
#1514 = PCURVE('',#566,#1515);
#1515 = DEFINITIONAL_REPRESENTATION('',(#1516),#1519);
#1516 = B_SPLINE_CURVE_WITH_KNOTS('',1,(#1517,#1518),.UNSPECIFIED.,.F.,
  .F.,(2,2),(74.,84.),.PIECEWISE_BEZIER_KNOTS.);
#1517 = CARTESIAN_POINT('',(148.,-30.));
#1518 = CARTESIAN_POINT('',(158.,-30.));
#1519 = ( GEOMETRIC_REPRESENTATION_CONTEXT(2) 
PARAMETRIC_REPRESENTATION_CONTEXT() REPRESENTATION_CONTEXT('2D SPACE',''
  ) );
#1520 = PCURVE('',#1521,#1526);
#1521 = PLANE('',#1522);
#1522 = AXIS2_PLACEMENT_3D('',#1523,#1524,#1525);
#1523 = CARTESIAN_POINT('',(224.,80.,198.));
#1524 = DIRECTION('',(0.,1.,0.));
#1525 = DIRECTION('',(0.,0.,1.));
#1526 = DEFINITIONAL_REPRESENTATION('',(#1527),#1530);
#1527 = B_SPLINE_CURVE_WITH_KNOTS('',1,(#1528,#1529),.UNSPECIFIED.,.F.,
  .F.,(2,2),(74.,84.),.PIECEWISE_BEZIER_KNOTS.);
#1528 = CARTESIAN_POINT('',(0.,26.));
#1529 = CARTESIAN_POINT('',(10.,26.));
#1530 = ( GEOMETRIC_REPRESENTATION_CONTEXT(2) 
PARAMETRIC_REPRESENTATION_CONTEXT() REPRESENTATION_CONTEXT('2D SPACE',''
  ) );
#1531 = ORIENTED_EDGE('',*,*,#1532,.F.);
#1532 = EDGE_CURVE('',#1533,#1507,#1535,.T.);
#1533 = VERTEX_POINT('',#1534);
#1534 = CARTESIAN_POINT('',(250.,260.,208.));
#1535 = SURFACE_CURVE('',#1536,(#1540,#1546),.PCURVE_S1.);
#1536 = LINE('',#1537,#1538);
#1537 = CARTESIAN_POINT('',(250.,65.,208.));
#1538 = VECTOR('',#1539,1.);
#1539 = DIRECTION('',(0.,-1.,0.));
#1540 = PCURVE('',#566,#1541);
#1541 = DEFINITIONAL_REPRESENTATION('',(#1542),#1545);
#1542 = B_SPLINE_CURVE_WITH_KNOTS('',1,(#1543,#1544),.UNSPECIFIED.,.F.,
  .F.,(2,2),(-195.,-15.),.PIECEWISE_BEZIER_KNOTS.);
#1543 = CARTESIAN_POINT('',(158.,-210.));
#1544 = CARTESIAN_POINT('',(158.,-30.));
#1545 = ( GEOMETRIC_REPRESENTATION_CONTEXT(2) 
PARAMETRIC_REPRESENTATION_CONTEXT() REPRESENTATION_CONTEXT('2D SPACE',''
  ) );
#1546 = PCURVE('',#1547,#1552);
#1547 = PLANE('',#1548);
#1548 = AXIS2_PLACEMENT_3D('',#1549,#1550,#1551);
#1549 = CARTESIAN_POINT('',(224.,80.,208.));
#1550 = DIRECTION('',(0.,0.,1.));
#1551 = DIRECTION('',(1.,0.,0.));
#1552 = DEFINITIONAL_REPRESENTATION('',(#1553),#1556);
#1553 = B_SPLINE_CURVE_WITH_KNOTS('',1,(#1554,#1555),.UNSPECIFIED.,.F.,
  .F.,(2,2),(-195.,-15.),.PIECEWISE_BEZIER_KNOTS.);
#1554 = CARTESIAN_POINT('',(26.,180.));
#1555 = CARTESIAN_POINT('',(26.,0.));
#1556 = ( GEOMETRIC_REPRESENTATION_CONTEXT(2) 
PARAMETRIC_REPRESENTATION_CONTEXT() REPRESENTATION_CONTEXT('2D SPACE',''
  ) );
#1557 = ORIENTED_EDGE('',*,*,#1558,.F.);
#1558 = EDGE_CURVE('',#1479,#1533,#1559,.T.);
#1559 = SURFACE_CURVE('',#1560,(#1564,#1570),.PCURVE_S1.);
#1560 = LINE('',#1561,#1562);
#1561 = CARTESIAN_POINT('',(250.,260.,124.));
#1562 = VECTOR('',#1563,1.);
#1563 = DIRECTION('',(0.,0.,1.));
#1564 = PCURVE('',#566,#1565);
#1565 = DEFINITIONAL_REPRESENTATION('',(#1566),#1569);
#1566 = B_SPLINE_CURVE_WITH_KNOTS('',1,(#1567,#1568),.UNSPECIFIED.,.F.,
  .F.,(2,2),(74.,84.),.PIECEWISE_BEZIER_KNOTS.);
#1567 = CARTESIAN_POINT('',(148.,-210.));
#1568 = CARTESIAN_POINT('',(158.,-210.));
#1569 = ( GEOMETRIC_REPRESENTATION_CONTEXT(2) 
PARAMETRIC_REPRESENTATION_CONTEXT() REPRESENTATION_CONTEXT('2D SPACE',''
  ) );
#1570 = PCURVE('',#1571,#1576);
#1571 = PLANE('',#1572);
#1572 = AXIS2_PLACEMENT_3D('',#1573,#1574,#1575);
#1573 = CARTESIAN_POINT('',(224.,260.,198.));
#1574 = DIRECTION('',(0.,1.,0.));
#1575 = DIRECTION('',(0.,0.,1.));
#1576 = DEFINITIONAL_REPRESENTATION('',(#1577),#1580);
#1577 = B_SPLINE_CURVE_WITH_KNOTS('',1,(#1578,#1579),.UNSPECIFIED.,.F.,
  .F.,(2,2),(74.,84.),.PIECEWISE_BEZIER_KNOTS.);
#1578 = CARTESIAN_POINT('',(0.,26.));
#1579 = CARTESIAN_POINT('',(10.,26.));
#1580 = ( GEOMETRIC_REPRESENTATION_CONTEXT(2) 
PARAMETRIC_REPRESENTATION_CONTEXT() REPRESENTATION_CONTEXT('2D SPACE',''
  ) );
#1581 = FACE_BOUND('',#1582,.T.);
#1582 = EDGE_LOOP('',(#1583,#1611,#1637,#1663));
#1583 = ORIENTED_EDGE('',*,*,#1584,.T.);
#1584 = EDGE_CURVE('',#1585,#1587,#1589,.T.);
#1585 = VERTEX_POINT('',#1586);
#1586 = CARTESIAN_POINT('',(250.,260.,230.));
#1587 = VERTEX_POINT('',#1588);
#1588 = CARTESIAN_POINT('',(250.,80.,230.));
#1589 = SURFACE_CURVE('',#1590,(#1594,#1600),.PCURVE_S1.);
#1590 = LINE('',#1591,#1592);
#1591 = CARTESIAN_POINT('',(250.,65.,230.));
#1592 = VECTOR('',#1593,1.);
#1593 = DIRECTION('',(0.,-1.,0.));
#1594 = PCURVE('',#566,#1595);
#1595 = DEFINITIONAL_REPRESENTATION('',(#1596),#1599);
#1596 = B_SPLINE_CURVE_WITH_KNOTS('',1,(#1597,#1598),.UNSPECIFIED.,.F.,
  .F.,(2,2),(-195.,-15.),.PIECEWISE_BEZIER_KNOTS.);
#1597 = CARTESIAN_POINT('',(180.,-210.));
#1598 = CARTESIAN_POINT('',(180.,-30.));
#1599 = ( GEOMETRIC_REPRESENTATION_CONTEXT(2) 
PARAMETRIC_REPRESENTATION_CONTEXT() REPRESENTATION_CONTEXT('2D SPACE',''
  ) );
#1600 = PCURVE('',#1601,#1606);
#1601 = PLANE('',#1602);
#1602 = AXIS2_PLACEMENT_3D('',#1603,#1604,#1605);
#1603 = CARTESIAN_POINT('',(224.,80.,230.));
#1604 = DIRECTION('',(0.,0.,1.));
#1605 = DIRECTION('',(1.,0.,0.));
#1606 = DEFINITIONAL_REPRESENTATION('',(#1607),#1610);
#1607 = B_SPLINE_CURVE_WITH_KNOTS('',1,(#1608,#1609),.UNSPECIFIED.,.F.,
  .F.,(2,2),(-195.,-15.),.PIECEWISE_BEZIER_KNOTS.);
#1608 = CARTESIAN_POINT('',(26.,180.));
#1609 = CARTESIAN_POINT('',(26.,0.));
#1610 = ( GEOMETRIC_REPRESENTATION_CONTEXT(2) 
PARAMETRIC_REPRESENTATION_CONTEXT() REPRESENTATION_CONTEXT('2D SPACE',''
  ) );
#1611 = ORIENTED_EDGE('',*,*,#1612,.T.);
#1612 = EDGE_CURVE('',#1587,#1613,#1615,.T.);
#1613 = VERTEX_POINT('',#1614);
#1614 = CARTESIAN_POINT('',(250.,80.,240.));
#1615 = SURFACE_CURVE('',#1616,(#1620,#1626),.PCURVE_S1.);
#1616 = LINE('',#1617,#1618);
#1617 = CARTESIAN_POINT('',(250.,80.,140.));
#1618 = VECTOR('',#1619,1.);
#1619 = DIRECTION('',(0.,0.,1.));
#1620 = PCURVE('',#566,#1621);
#1621 = DEFINITIONAL_REPRESENTATION('',(#1622),#1625);
#1622 = B_SPLINE_CURVE_WITH_KNOTS('',1,(#1623,#1624),.UNSPECIFIED.,.F.,
  .F.,(2,2),(90.,100.),.PIECEWISE_BEZIER_KNOTS.);
#1623 = CARTESIAN_POINT('',(180.,-30.));
#1624 = CARTESIAN_POINT('',(190.,-30.));
#1625 = ( GEOMETRIC_REPRESENTATION_CONTEXT(2) 
PARAMETRIC_REPRESENTATION_CONTEXT() REPRESENTATION_CONTEXT('2D SPACE',''
  ) );
#1626 = PCURVE('',#1627,#1632);
#1627 = PLANE('',#1628);
#1628 = AXIS2_PLACEMENT_3D('',#1629,#1630,#1631);
#1629 = CARTESIAN_POINT('',(224.,80.,230.));
#1630 = DIRECTION('',(0.,1.,0.));
#1631 = DIRECTION('',(0.,0.,1.));
#1632 = DEFINITIONAL_REPRESENTATION('',(#1633),#1636);
#1633 = B_SPLINE_CURVE_WITH_KNOTS('',1,(#1634,#1635),.UNSPECIFIED.,.F.,
  .F.,(2,2),(90.,100.),.PIECEWISE_BEZIER_KNOTS.);
#1634 = CARTESIAN_POINT('',(0.,26.));
#1635 = CARTESIAN_POINT('',(10.,26.));
#1636 = ( GEOMETRIC_REPRESENTATION_CONTEXT(2) 
PARAMETRIC_REPRESENTATION_CONTEXT() REPRESENTATION_CONTEXT('2D SPACE',''
  ) );
#1637 = ORIENTED_EDGE('',*,*,#1638,.F.);
#1638 = EDGE_CURVE('',#1639,#1613,#1641,.T.);
#1639 = VERTEX_POINT('',#1640);
#1640 = CARTESIAN_POINT('',(250.,260.,240.));
#1641 = SURFACE_CURVE('',#1642,(#1646,#1652),.PCURVE_S1.);
#1642 = LINE('',#1643,#1644);
#1643 = CARTESIAN_POINT('',(250.,65.,240.));
#1644 = VECTOR('',#1645,1.);
#1645 = DIRECTION('',(0.,-1.,0.));
#1646 = PCURVE('',#566,#1647);
#1647 = DEFINITIONAL_REPRESENTATION('',(#1648),#1651);
#1648 = B_SPLINE_CURVE_WITH_KNOTS('',1,(#1649,#1650),.UNSPECIFIED.,.F.,
  .F.,(2,2),(-195.,-15.),.PIECEWISE_BEZIER_KNOTS.);
#1649 = CARTESIAN_POINT('',(190.,-210.));
#1650 = CARTESIAN_POINT('',(190.,-30.));
#1651 = ( GEOMETRIC_REPRESENTATION_CONTEXT(2) 
PARAMETRIC_REPRESENTATION_CONTEXT() REPRESENTATION_CONTEXT('2D SPACE',''
  ) );
#1652 = PCURVE('',#1653,#1658);
#1653 = PLANE('',#1654);
#1654 = AXIS2_PLACEMENT_3D('',#1655,#1656,#1657);
#1655 = CARTESIAN_POINT('',(224.,80.,240.));
#1656 = DIRECTION('',(0.,0.,1.));
#1657 = DIRECTION('',(1.,0.,0.));
#1658 = DEFINITIONAL_REPRESENTATION('',(#1659),#1662);
#1659 = B_SPLINE_CURVE_WITH_KNOTS('',1,(#1660,#1661),.UNSPECIFIED.,.F.,
  .F.,(2,2),(-195.,-15.),.PIECEWISE_BEZIER_KNOTS.);
#1660 = CARTESIAN_POINT('',(26.,180.));
#1661 = CARTESIAN_POINT('',(26.,0.));
#1662 = ( GEOMETRIC_REPRESENTATION_CONTEXT(2) 
PARAMETRIC_REPRESENTATION_CONTEXT() REPRESENTATION_CONTEXT('2D SPACE',''
  ) );
#1663 = ORIENTED_EDGE('',*,*,#1664,.F.);
#1664 = EDGE_CURVE('',#1585,#1639,#1665,.T.);
#1665 = SURFACE_CURVE('',#1666,(#1670,#1676),.PCURVE_S1.);
#1666 = LINE('',#1667,#1668);
#1667 = CARTESIAN_POINT('',(250.,260.,140.));
#1668 = VECTOR('',#1669,1.);
#1669 = DIRECTION('',(0.,0.,1.));
#1670 = PCURVE('',#566,#1671);
#1671 = DEFINITIONAL_REPRESENTATION('',(#1672),#1675);
#1672 = B_SPLINE_CURVE_WITH_KNOTS('',1,(#1673,#1674),.UNSPECIFIED.,.F.,
  .F.,(2,2),(90.,100.),.PIECEWISE_BEZIER_KNOTS.);
#1673 = CARTESIAN_POINT('',(180.,-210.));
#1674 = CARTESIAN_POINT('',(190.,-210.));
#1675 = ( GEOMETRIC_REPRESENTATION_CONTEXT(2) 
PARAMETRIC_REPRESENTATION_CONTEXT() REPRESENTATION_CONTEXT('2D SPACE',''
  ) );
#1676 = PCURVE('',#1677,#1682);
#1677 = PLANE('',#1678);
#1678 = AXIS2_PLACEMENT_3D('',#1679,#1680,#1681);
#1679 = CARTESIAN_POINT('',(224.,260.,230.));
#1680 = DIRECTION('',(0.,1.,0.));
#1681 = DIRECTION('',(0.,0.,1.));
#1682 = DEFINITIONAL_REPRESENTATION('',(#1683),#1686);
#1683 = B_SPLINE_CURVE_WITH_KNOTS('',1,(#1684,#1685),.UNSPECIFIED.,.F.,
  .F.,(2,2),(90.,100.),.PIECEWISE_BEZIER_KNOTS.);
#1684 = CARTESIAN_POINT('',(0.,26.));
#1685 = CARTESIAN_POINT('',(10.,26.));
#1686 = ( GEOMETRIC_REPRESENTATION_CONTEXT(2) 
PARAMETRIC_REPRESENTATION_CONTEXT() REPRESENTATION_CONTEXT('2D SPACE',''
  ) );
#1687 = FACE_BOUND('',#1688,.T.);
#1688 = EDGE_LOOP('',(#1689,#1717,#1743,#1769));
#1689 = ORIENTED_EDGE('',*,*,#1690,.T.);
#1690 = EDGE_CURVE('',#1691,#1693,#1695,.T.);
#1691 = VERTEX_POINT('',#1692);
#1692 = CARTESIAN_POINT('',(250.,260.,262.));
#1693 = VERTEX_POINT('',#1694);
#1694 = CARTESIAN_POINT('',(250.,80.,262.));
#1695 = SURFACE_CURVE('',#1696,(#1700,#1706),.PCURVE_S1.);
#1696 = LINE('',#1697,#1698);
#1697 = CARTESIAN_POINT('',(250.,65.,262.));
#1698 = VECTOR('',#1699,1.);
#1699 = DIRECTION('',(0.,-1.,0.));
#1700 = PCURVE('',#566,#1701);
#1701 = DEFINITIONAL_REPRESENTATION('',(#1702),#1705);
#1702 = B_SPLINE_CURVE_WITH_KNOTS('',1,(#1703,#1704),.UNSPECIFIED.,.F.,
  .F.,(2,2),(-195.,-15.),.PIECEWISE_BEZIER_KNOTS.);
#1703 = CARTESIAN_POINT('',(212.,-210.));
#1704 = CARTESIAN_POINT('',(212.,-30.));
#1705 = ( GEOMETRIC_REPRESENTATION_CONTEXT(2) 
PARAMETRIC_REPRESENTATION_CONTEXT() REPRESENTATION_CONTEXT('2D SPACE',''
  ) );
#1706 = PCURVE('',#1707,#1712);
#1707 = PLANE('',#1708);
#1708 = AXIS2_PLACEMENT_3D('',#1709,#1710,#1711);
#1709 = CARTESIAN_POINT('',(224.,80.,262.));
#1710 = DIRECTION('',(0.,0.,1.));
#1711 = DIRECTION('',(1.,0.,0.));
#1712 = DEFINITIONAL_REPRESENTATION('',(#1713),#1716);
#1713 = B_SPLINE_CURVE_WITH_KNOTS('',1,(#1714,#1715),.UNSPECIFIED.,.F.,
  .F.,(2,2),(-195.,-15.),.PIECEWISE_BEZIER_KNOTS.);
#1714 = CARTESIAN_POINT('',(26.,180.));
#1715 = CARTESIAN_POINT('',(26.,0.));
#1716 = ( GEOMETRIC_REPRESENTATION_CONTEXT(2) 
PARAMETRIC_REPRESENTATION_CONTEXT() REPRESENTATION_CONTEXT('2D SPACE',''
  ) );
#1717 = ORIENTED_EDGE('',*,*,#1718,.T.);
#1718 = EDGE_CURVE('',#1693,#1719,#1721,.T.);
#1719 = VERTEX_POINT('',#1720);
#1720 = CARTESIAN_POINT('',(250.,80.,272.));
#1721 = SURFACE_CURVE('',#1722,(#1726,#1732),.PCURVE_S1.);
#1722 = LINE('',#1723,#1724);
#1723 = CARTESIAN_POINT('',(250.,80.,156.));
#1724 = VECTOR('',#1725,1.);
#1725 = DIRECTION('',(0.,0.,1.));
#1726 = PCURVE('',#566,#1727);
#1727 = DEFINITIONAL_REPRESENTATION('',(#1728),#1731);
#1728 = B_SPLINE_CURVE_WITH_KNOTS('',1,(#1729,#1730),.UNSPECIFIED.,.F.,
  .F.,(2,2),(106.,116.),.PIECEWISE_BEZIER_KNOTS.);
#1729 = CARTESIAN_POINT('',(212.,-30.));
#1730 = CARTESIAN_POINT('',(222.,-30.));
#1731 = ( GEOMETRIC_REPRESENTATION_CONTEXT(2) 
PARAMETRIC_REPRESENTATION_CONTEXT() REPRESENTATION_CONTEXT('2D SPACE',''
  ) );
#1732 = PCURVE('',#1733,#1738);
#1733 = PLANE('',#1734);
#1734 = AXIS2_PLACEMENT_3D('',#1735,#1736,#1737);
#1735 = CARTESIAN_POINT('',(224.,80.,262.));
#1736 = DIRECTION('',(0.,1.,0.));
#1737 = DIRECTION('',(0.,0.,1.));
#1738 = DEFINITIONAL_REPRESENTATION('',(#1739),#1742);
#1739 = B_SPLINE_CURVE_WITH_KNOTS('',1,(#1740,#1741),.UNSPECIFIED.,.F.,
  .F.,(2,2),(106.,116.),.PIECEWISE_BEZIER_KNOTS.);
#1740 = CARTESIAN_POINT('',(0.,26.));
#1741 = CARTESIAN_POINT('',(10.,26.));
#1742 = ( GEOMETRIC_REPRESENTATION_CONTEXT(2) 
PARAMETRIC_REPRESENTATION_CONTEXT() REPRESENTATION_CONTEXT('2D SPACE',''
  ) );
#1743 = ORIENTED_EDGE('',*,*,#1744,.F.);
#1744 = EDGE_CURVE('',#1745,#1719,#1747,.T.);
#1745 = VERTEX_POINT('',#1746);
#1746 = CARTESIAN_POINT('',(250.,260.,272.));
#1747 = SURFACE_CURVE('',#1748,(#1752,#1758),.PCURVE_S1.);
#1748 = LINE('',#1749,#1750);
#1749 = CARTESIAN_POINT('',(250.,65.,272.));
#1750 = VECTOR('',#1751,1.);
#1751 = DIRECTION('',(0.,-1.,0.));
#1752 = PCURVE('',#566,#1753);
#1753 = DEFINITIONAL_REPRESENTATION('',(#1754),#1757);
#1754 = B_SPLINE_CURVE_WITH_KNOTS('',1,(#1755,#1756),.UNSPECIFIED.,.F.,
  .F.,(2,2),(-195.,-15.),.PIECEWISE_BEZIER_KNOTS.);
#1755 = CARTESIAN_POINT('',(222.,-210.));
#1756 = CARTESIAN_POINT('',(222.,-30.));
#1757 = ( GEOMETRIC_REPRESENTATION_CONTEXT(2) 
PARAMETRIC_REPRESENTATION_CONTEXT() REPRESENTATION_CONTEXT('2D SPACE',''
  ) );
#1758 = PCURVE('',#1759,#1764);
#1759 = PLANE('',#1760);
#1760 = AXIS2_PLACEMENT_3D('',#1761,#1762,#1763);
#1761 = CARTESIAN_POINT('',(224.,80.,272.));
#1762 = DIRECTION('',(0.,0.,1.));
#1763 = DIRECTION('',(1.,0.,0.));
#1764 = DEFINITIONAL_REPRESENTATION('',(#1765),#1768);
#1765 = B_SPLINE_CURVE_WITH_KNOTS('',1,(#1766,#1767),.UNSPECIFIED.,.F.,
  .F.,(2,2),(-195.,-15.),.PIECEWISE_BEZIER_KNOTS.);
#1766 = CARTESIAN_POINT('',(26.,180.));
#1767 = CARTESIAN_POINT('',(26.,0.));
#1768 = ( GEOMETRIC_REPRESENTATION_CONTEXT(2) 
PARAMETRIC_REPRESENTATION_CONTEXT() REPRESENTATION_CONTEXT('2D SPACE',''
  ) );
#1769 = ORIENTED_EDGE('',*,*,#1770,.F.);
#1770 = EDGE_CURVE('',#1691,#1745,#1771,.T.);
#1771 = SURFACE_CURVE('',#1772,(#1776,#1782),.PCURVE_S1.);
#1772 = LINE('',#1773,#1774);
#1773 = CARTESIAN_POINT('',(250.,260.,156.));
#1774 = VECTOR('',#1775,1.);
#1775 = DIRECTION('',(0.,0.,1.));
#1776 = PCURVE('',#566,#1777);
#1777 = DEFINITIONAL_REPRESENTATION('',(#1778),#1781);
#1778 = B_SPLINE_CURVE_WITH_KNOTS('',1,(#1779,#1780),.UNSPECIFIED.,.F.,
  .F.,(2,2),(106.,116.),.PIECEWISE_BEZIER_KNOTS.);
#1779 = CARTESIAN_POINT('',(212.,-210.));
#1780 = CARTESIAN_POINT('',(222.,-210.));
#1781 = ( GEOMETRIC_REPRESENTATION_CONTEXT(2) 
PARAMETRIC_REPRESENTATION_CONTEXT() REPRESENTATION_CONTEXT('2D SPACE',''
  ) );
#1782 = PCURVE('',#1783,#1788);
#1783 = PLANE('',#1784);
#1784 = AXIS2_PLACEMENT_3D('',#1785,#1786,#1787);
#1785 = CARTESIAN_POINT('',(224.,260.,262.));
#1786 = DIRECTION('',(0.,1.,0.));
#1787 = DIRECTION('',(0.,0.,1.));
#1788 = DEFINITIONAL_REPRESENTATION('',(#1789),#1792);
#1789 = B_SPLINE_CURVE_WITH_KNOTS('',1,(#1790,#1791),.UNSPECIFIED.,.F.,
  .F.,(2,2),(106.,116.),.PIECEWISE_BEZIER_KNOTS.);
#1790 = CARTESIAN_POINT('',(0.,26.));
#1791 = CARTESIAN_POINT('',(10.,26.));
#1792 = ( GEOMETRIC_REPRESENTATION_CONTEXT(2) 
PARAMETRIC_REPRESENTATION_CONTEXT() REPRESENTATION_CONTEXT('2D SPACE',''
  ) );
#1793 = FACE_BOUND('',#1794,.T.);
#1794 = EDGE_LOOP('',(#1795,#1823,#1849,#1875));
#1795 = ORIENTED_EDGE('',*,*,#1796,.T.);
#1796 = EDGE_CURVE('',#1797,#1799,#1801,.T.);
#1797 = VERTEX_POINT('',#1798);
#1798 = CARTESIAN_POINT('',(250.,260.,294.));
#1799 = VERTEX_POINT('',#1800);
#1800 = CARTESIAN_POINT('',(250.,80.,294.));
#1801 = SURFACE_CURVE('',#1802,(#1806,#1812),.PCURVE_S1.);
#1802 = LINE('',#1803,#1804);
#1803 = CARTESIAN_POINT('',(250.,65.,294.));
#1804 = VECTOR('',#1805,1.);
#1805 = DIRECTION('',(0.,-1.,0.));
#1806 = PCURVE('',#566,#1807);
#1807 = DEFINITIONAL_REPRESENTATION('',(#1808),#1811);
#1808 = B_SPLINE_CURVE_WITH_KNOTS('',1,(#1809,#1810),.UNSPECIFIED.,.F.,
  .F.,(2,2),(-195.,-15.),.PIECEWISE_BEZIER_KNOTS.);
#1809 = CARTESIAN_POINT('',(244.,-210.));
#1810 = CARTESIAN_POINT('',(244.,-30.));
#1811 = ( GEOMETRIC_REPRESENTATION_CONTEXT(2) 
PARAMETRIC_REPRESENTATION_CONTEXT() REPRESENTATION_CONTEXT('2D SPACE',''
  ) );
#1812 = PCURVE('',#1813,#1818);
#1813 = PLANE('',#1814);
#1814 = AXIS2_PLACEMENT_3D('',#1815,#1816,#1817);
#1815 = CARTESIAN_POINT('',(224.,80.,294.));
#1816 = DIRECTION('',(0.,0.,1.));
#1817 = DIRECTION('',(1.,0.,0.));
#1818 = DEFINITIONAL_REPRESENTATION('',(#1819),#1822);
#1819 = B_SPLINE_CURVE_WITH_KNOTS('',1,(#1820,#1821),.UNSPECIFIED.,.F.,
  .F.,(2,2),(-195.,-15.),.PIECEWISE_BEZIER_KNOTS.);
#1820 = CARTESIAN_POINT('',(26.,180.));
#1821 = CARTESIAN_POINT('',(26.,0.));
#1822 = ( GEOMETRIC_REPRESENTATION_CONTEXT(2) 
PARAMETRIC_REPRESENTATION_CONTEXT() REPRESENTATION_CONTEXT('2D SPACE',''
  ) );
#1823 = ORIENTED_EDGE('',*,*,#1824,.T.);
#1824 = EDGE_CURVE('',#1799,#1825,#1827,.T.);
#1825 = VERTEX_POINT('',#1826);
#1826 = CARTESIAN_POINT('',(250.,80.,304.));
#1827 = SURFACE_CURVE('',#1828,(#1832,#1838),.PCURVE_S1.);
#1828 = LINE('',#1829,#1830);
#1829 = CARTESIAN_POINT('',(250.,80.,172.));
#1830 = VECTOR('',#1831,1.);
#1831 = DIRECTION('',(0.,0.,1.));
#1832 = PCURVE('',#566,#1833);
#1833 = DEFINITIONAL_REPRESENTATION('',(#1834),#1837);
#1834 = B_SPLINE_CURVE_WITH_KNOTS('',1,(#1835,#1836),.UNSPECIFIED.,.F.,
  .F.,(2,2),(122.,132.),.PIECEWISE_BEZIER_KNOTS.);
#1835 = CARTESIAN_POINT('',(244.,-30.));
#1836 = CARTESIAN_POINT('',(254.,-30.));
#1837 = ( GEOMETRIC_REPRESENTATION_CONTEXT(2) 
PARAMETRIC_REPRESENTATION_CONTEXT() REPRESENTATION_CONTEXT('2D SPACE',''
  ) );
#1838 = PCURVE('',#1839,#1844);
#1839 = PLANE('',#1840);
#1840 = AXIS2_PLACEMENT_3D('',#1841,#1842,#1843);
#1841 = CARTESIAN_POINT('',(224.,80.,294.));
#1842 = DIRECTION('',(0.,1.,0.));
#1843 = DIRECTION('',(0.,0.,1.));
#1844 = DEFINITIONAL_REPRESENTATION('',(#1845),#1848);
#1845 = B_SPLINE_CURVE_WITH_KNOTS('',1,(#1846,#1847),.UNSPECIFIED.,.F.,
  .F.,(2,2),(122.,132.),.PIECEWISE_BEZIER_KNOTS.);
#1846 = CARTESIAN_POINT('',(0.,26.));
#1847 = CARTESIAN_POINT('',(10.,26.));
#1848 = ( GEOMETRIC_REPRESENTATION_CONTEXT(2) 
PARAMETRIC_REPRESENTATION_CONTEXT() REPRESENTATION_CONTEXT('2D SPACE',''
  ) );
#1849 = ORIENTED_EDGE('',*,*,#1850,.F.);
#1850 = EDGE_CURVE('',#1851,#1825,#1853,.T.);
#1851 = VERTEX_POINT('',#1852);
#1852 = CARTESIAN_POINT('',(250.,260.,304.));
#1853 = SURFACE_CURVE('',#1854,(#1858,#1864),.PCURVE_S1.);
#1854 = LINE('',#1855,#1856);
#1855 = CARTESIAN_POINT('',(250.,65.,304.));
#1856 = VECTOR('',#1857,1.);
#1857 = DIRECTION('',(0.,-1.,0.));
#1858 = PCURVE('',#566,#1859);
#1859 = DEFINITIONAL_REPRESENTATION('',(#1860),#1863);
#1860 = B_SPLINE_CURVE_WITH_KNOTS('',1,(#1861,#1862),.UNSPECIFIED.,.F.,
  .F.,(2,2),(-195.,-15.),.PIECEWISE_BEZIER_KNOTS.);
#1861 = CARTESIAN_POINT('',(254.,-210.));
#1862 = CARTESIAN_POINT('',(254.,-30.));
#1863 = ( GEOMETRIC_REPRESENTATION_CONTEXT(2) 
PARAMETRIC_REPRESENTATION_CONTEXT() REPRESENTATION_CONTEXT('2D SPACE',''
  ) );
#1864 = PCURVE('',#1865,#1870);
#1865 = PLANE('',#1866);
#1866 = AXIS2_PLACEMENT_3D('',#1867,#1868,#1869);
#1867 = CARTESIAN_POINT('',(224.,80.,304.));
#1868 = DIRECTION('',(0.,0.,1.));
#1869 = DIRECTION('',(1.,0.,0.));
#1870 = DEFINITIONAL_REPRESENTATION('',(#1871),#1874);
#1871 = B_SPLINE_CURVE_WITH_KNOTS('',1,(#1872,#1873),.UNSPECIFIED.,.F.,
  .F.,(2,2),(-195.,-15.),.PIECEWISE_BEZIER_KNOTS.);
#1872 = CARTESIAN_POINT('',(26.,180.));
#1873 = CARTESIAN_POINT('',(26.,0.));
#1874 = ( GEOMETRIC_REPRESENTATION_CONTEXT(2) 
PARAMETRIC_REPRESENTATION_CONTEXT() REPRESENTATION_CONTEXT('2D SPACE',''
  ) );
#1875 = ORIENTED_EDGE('',*,*,#1876,.F.);
#1876 = EDGE_CURVE('',#1797,#1851,#1877,.T.);
#1877 = SURFACE_CURVE('',#1878,(#1882,#1888),.PCURVE_S1.);
#1878 = LINE('',#1879,#1880);
#1879 = CARTESIAN_POINT('',(250.,260.,172.));
#1880 = VECTOR('',#1881,1.);
#1881 = DIRECTION('',(0.,0.,1.));
#1882 = PCURVE('',#566,#1883);
#1883 = DEFINITIONAL_REPRESENTATION('',(#1884),#1887);
#1884 = B_SPLINE_CURVE_WITH_KNOTS('',1,(#1885,#1886),.UNSPECIFIED.,.F.,
  .F.,(2,2),(122.,132.),.PIECEWISE_BEZIER_KNOTS.);
#1885 = CARTESIAN_POINT('',(244.,-210.));
#1886 = CARTESIAN_POINT('',(254.,-210.));
#1887 = ( GEOMETRIC_REPRESENTATION_CONTEXT(2) 
PARAMETRIC_REPRESENTATION_CONTEXT() REPRESENTATION_CONTEXT('2D SPACE',''
  ) );
#1888 = PCURVE('',#1889,#1894);
#1889 = PLANE('',#1890);
#1890 = AXIS2_PLACEMENT_3D('',#1891,#1892,#1893);
#1891 = CARTESIAN_POINT('',(224.,260.,294.));
#1892 = DIRECTION('',(0.,1.,0.));
#1893 = DIRECTION('',(0.,0.,1.));
#1894 = DEFINITIONAL_REPRESENTATION('',(#1895),#1898);
#1895 = B_SPLINE_CURVE_WITH_KNOTS('',1,(#1896,#1897),.UNSPECIFIED.,.F.,
  .F.,(2,2),(122.,132.),.PIECEWISE_BEZIER_KNOTS.);
#1896 = CARTESIAN_POINT('',(0.,26.));
#1897 = CARTESIAN_POINT('',(10.,26.));
#1898 = ( GEOMETRIC_REPRESENTATION_CONTEXT(2) 
PARAMETRIC_REPRESENTATION_CONTEXT() REPRESENTATION_CONTEXT('2D SPACE',''
  ) );
#1899 = FACE_BOUND('',#1900,.T.);
#1900 = EDGE_LOOP('',(#1901,#1929,#1955,#1981));
#1901 = ORIENTED_EDGE('',*,*,#1902,.T.);
#1902 = EDGE_CURVE('',#1903,#1905,#1907,.T.);
#1903 = VERTEX_POINT('',#1904);
#1904 = CARTESIAN_POINT('',(250.,260.,326.));
#1905 = VERTEX_POINT('',#1906);
#1906 = CARTESIAN_POINT('',(250.,80.,326.));
#1907 = SURFACE_CURVE('',#1908,(#1912,#1918),.PCURVE_S1.);
#1908 = LINE('',#1909,#1910);
#1909 = CARTESIAN_POINT('',(250.,65.,326.));
#1910 = VECTOR('',#1911,1.);
#1911 = DIRECTION('',(0.,-1.,0.));
#1912 = PCURVE('',#566,#1913);
#1913 = DEFINITIONAL_REPRESENTATION('',(#1914),#1917);
#1914 = B_SPLINE_CURVE_WITH_KNOTS('',1,(#1915,#1916),.UNSPECIFIED.,.F.,
  .F.,(2,2),(-195.,-15.),.PIECEWISE_BEZIER_KNOTS.);
#1915 = CARTESIAN_POINT('',(276.,-210.));
#1916 = CARTESIAN_POINT('',(276.,-30.));
#1917 = ( GEOMETRIC_REPRESENTATION_CONTEXT(2) 
PARAMETRIC_REPRESENTATION_CONTEXT() REPRESENTATION_CONTEXT('2D SPACE',''
  ) );
#1918 = PCURVE('',#1919,#1924);
#1919 = PLANE('',#1920);
#1920 = AXIS2_PLACEMENT_3D('',#1921,#1922,#1923);
#1921 = CARTESIAN_POINT('',(224.,80.,326.));
#1922 = DIRECTION('',(0.,0.,1.));
#1923 = DIRECTION('',(1.,0.,0.));
#1924 = DEFINITIONAL_REPRESENTATION('',(#1925),#1928);
#1925 = B_SPLINE_CURVE_WITH_KNOTS('',1,(#1926,#1927),.UNSPECIFIED.,.F.,
  .F.,(2,2),(-195.,-15.),.PIECEWISE_BEZIER_KNOTS.);
#1926 = CARTESIAN_POINT('',(26.,180.));
#1927 = CARTESIAN_POINT('',(26.,0.));
#1928 = ( GEOMETRIC_REPRESENTATION_CONTEXT(2) 
PARAMETRIC_REPRESENTATION_CONTEXT() REPRESENTATION_CONTEXT('2D SPACE',''
  ) );
#1929 = ORIENTED_EDGE('',*,*,#1930,.T.);
#1930 = EDGE_CURVE('',#1905,#1931,#1933,.T.);
#1931 = VERTEX_POINT('',#1932);
#1932 = CARTESIAN_POINT('',(250.,80.,336.));
#1933 = SURFACE_CURVE('',#1934,(#1938,#1944),.PCURVE_S1.);
#1934 = LINE('',#1935,#1936);
#1935 = CARTESIAN_POINT('',(250.,80.,188.));
#1936 = VECTOR('',#1937,1.);
#1937 = DIRECTION('',(0.,0.,1.));
#1938 = PCURVE('',#566,#1939);
#1939 = DEFINITIONAL_REPRESENTATION('',(#1940),#1943);
#1940 = B_SPLINE_CURVE_WITH_KNOTS('',1,(#1941,#1942),.UNSPECIFIED.,.F.,
  .F.,(2,2),(138.,148.),.PIECEWISE_BEZIER_KNOTS.);
#1941 = CARTESIAN_POINT('',(276.,-30.));
#1942 = CARTESIAN_POINT('',(286.,-30.));
#1943 = ( GEOMETRIC_REPRESENTATION_CONTEXT(2) 
PARAMETRIC_REPRESENTATION_CONTEXT() REPRESENTATION_CONTEXT('2D SPACE',''
  ) );
#1944 = PCURVE('',#1945,#1950);
#1945 = PLANE('',#1946);
#1946 = AXIS2_PLACEMENT_3D('',#1947,#1948,#1949);
#1947 = CARTESIAN_POINT('',(224.,80.,326.));
#1948 = DIRECTION('',(0.,1.,0.));
#1949 = DIRECTION('',(0.,0.,1.));
#1950 = DEFINITIONAL_REPRESENTATION('',(#1951),#1954);
#1951 = B_SPLINE_CURVE_WITH_KNOTS('',1,(#1952,#1953),.UNSPECIFIED.,.F.,
  .F.,(2,2),(138.,148.),.PIECEWISE_BEZIER_KNOTS.);
#1952 = CARTESIAN_POINT('',(0.,26.));
#1953 = CARTESIAN_POINT('',(10.,26.));
#1954 = ( GEOMETRIC_REPRESENTATION_CONTEXT(2) 
PARAMETRIC_REPRESENTATION_CONTEXT() REPRESENTATION_CONTEXT('2D SPACE',''
  ) );
#1955 = ORIENTED_EDGE('',*,*,#1956,.F.);
#1956 = EDGE_CURVE('',#1957,#1931,#1959,.T.);
#1957 = VERTEX_POINT('',#1958);
#1958 = CARTESIAN_POINT('',(250.,260.,336.));
#1959 = SURFACE_CURVE('',#1960,(#1964,#1970),.PCURVE_S1.);
#1960 = LINE('',#1961,#1962);
#1961 = CARTESIAN_POINT('',(250.,65.,336.));
#1962 = VECTOR('',#1963,1.);
#1963 = DIRECTION('',(0.,-1.,0.));
#1964 = PCURVE('',#566,#1965);
#1965 = DEFINITIONAL_REPRESENTATION('',(#1966),#1969);
#1966 = B_SPLINE_CURVE_WITH_KNOTS('',1,(#1967,#1968),.UNSPECIFIED.,.F.,
  .F.,(2,2),(-195.,-15.),.PIECEWISE_BEZIER_KNOTS.);
#1967 = CARTESIAN_POINT('',(286.,-210.));
#1968 = CARTESIAN_POINT('',(286.,-30.));
#1969 = ( GEOMETRIC_REPRESENTATION_CONTEXT(2) 
PARAMETRIC_REPRESENTATION_CONTEXT() REPRESENTATION_CONTEXT('2D SPACE',''
  ) );
#1970 = PCURVE('',#1971,#1976);
#1971 = PLANE('',#1972);
#1972 = AXIS2_PLACEMENT_3D('',#1973,#1974,#1975);
#1973 = CARTESIAN_POINT('',(224.,80.,336.));
#1974 = DIRECTION('',(0.,0.,1.));
#1975 = DIRECTION('',(1.,0.,0.));
#1976 = DEFINITIONAL_REPRESENTATION('',(#1977),#1980);
#1977 = B_SPLINE_CURVE_WITH_KNOTS('',1,(#1978,#1979),.UNSPECIFIED.,.F.,
  .F.,(2,2),(-195.,-15.),.PIECEWISE_BEZIER_KNOTS.);
#1978 = CARTESIAN_POINT('',(26.,180.));
#1979 = CARTESIAN_POINT('',(26.,0.));
#1980 = ( GEOMETRIC_REPRESENTATION_CONTEXT(2) 
PARAMETRIC_REPRESENTATION_CONTEXT() REPRESENTATION_CONTEXT('2D SPACE',''
  ) );
#1981 = ORIENTED_EDGE('',*,*,#1982,.F.);
#1982 = EDGE_CURVE('',#1903,#1957,#1983,.T.);
#1983 = SURFACE_CURVE('',#1984,(#1988,#1994),.PCURVE_S1.);
#1984 = LINE('',#1985,#1986);
#1985 = CARTESIAN_POINT('',(250.,260.,188.));
#1986 = VECTOR('',#1987,1.);
#1987 = DIRECTION('',(0.,0.,1.));
#1988 = PCURVE('',#566,#1989);
#1989 = DEFINITIONAL_REPRESENTATION('',(#1990),#1993);
#1990 = B_SPLINE_CURVE_WITH_KNOTS('',1,(#1991,#1992),.UNSPECIFIED.,.F.,
  .F.,(2,2),(138.,148.),.PIECEWISE_BEZIER_KNOTS.);
#1991 = CARTESIAN_POINT('',(276.,-210.));
#1992 = CARTESIAN_POINT('',(286.,-210.));
#1993 = ( GEOMETRIC_REPRESENTATION_CONTEXT(2) 
PARAMETRIC_REPRESENTATION_CONTEXT() REPRESENTATION_CONTEXT('2D SPACE',''
  ) );
#1994 = PCURVE('',#1995,#2000);
#1995 = PLANE('',#1996);
#1996 = AXIS2_PLACEMENT_3D('',#1997,#1998,#1999);
#1997 = CARTESIAN_POINT('',(224.,260.,326.));
#1998 = DIRECTION('',(0.,1.,0.));
#1999 = DIRECTION('',(0.,0.,1.));
#2000 = DEFINITIONAL_REPRESENTATION('',(#2001),#2004);
#2001 = B_SPLINE_CURVE_WITH_KNOTS('',1,(#2002,#2003),.UNSPECIFIED.,.F.,
  .F.,(2,2),(138.,148.),.PIECEWISE_BEZIER_KNOTS.);
#2002 = CARTESIAN_POINT('',(0.,26.));
#2003 = CARTESIAN_POINT('',(10.,26.));
#2004 = ( GEOMETRIC_REPRESENTATION_CONTEXT(2) 
PARAMETRIC_REPRESENTATION_CONTEXT() REPRESENTATION_CONTEXT('2D SPACE',''
  ) );
#2005 = FACE_BOUND('',#2006,.T.);
#2006 = EDGE_LOOP('',(#2007,#2035,#2061,#2087));
#2007 = ORIENTED_EDGE('',*,*,#2008,.T.);
#2008 = EDGE_CURVE('',#2009,#2011,#2013,.T.);
#2009 = VERTEX_POINT('',#2010);
#2010 = CARTESIAN_POINT('',(250.,260.,358.));
#2011 = VERTEX_POINT('',#2012);
#2012 = CARTESIAN_POINT('',(250.,80.,358.));
#2013 = SURFACE_CURVE('',#2014,(#2018,#2024),.PCURVE_S1.);
#2014 = LINE('',#2015,#2016);
#2015 = CARTESIAN_POINT('',(250.,65.,358.));
#2016 = VECTOR('',#2017,1.);
#2017 = DIRECTION('',(0.,-1.,0.));
#2018 = PCURVE('',#566,#2019);
#2019 = DEFINITIONAL_REPRESENTATION('',(#2020),#2023);
#2020 = B_SPLINE_CURVE_WITH_KNOTS('',1,(#2021,#2022),.UNSPECIFIED.,.F.,
  .F.,(2,2),(-195.,-15.),.PIECEWISE_BEZIER_KNOTS.);
#2021 = CARTESIAN_POINT('',(308.,-210.));
#2022 = CARTESIAN_POINT('',(308.,-30.));
#2023 = ( GEOMETRIC_REPRESENTATION_CONTEXT(2) 
PARAMETRIC_REPRESENTATION_CONTEXT() REPRESENTATION_CONTEXT('2D SPACE',''
  ) );
#2024 = PCURVE('',#2025,#2030);
#2025 = PLANE('',#2026);
#2026 = AXIS2_PLACEMENT_3D('',#2027,#2028,#2029);
#2027 = CARTESIAN_POINT('',(224.,80.,358.));
#2028 = DIRECTION('',(0.,0.,1.));
#2029 = DIRECTION('',(1.,0.,0.));
#2030 = DEFINITIONAL_REPRESENTATION('',(#2031),#2034);
#2031 = B_SPLINE_CURVE_WITH_KNOTS('',1,(#2032,#2033),.UNSPECIFIED.,.F.,
  .F.,(2,2),(-195.,-15.),.PIECEWISE_BEZIER_KNOTS.);
#2032 = CARTESIAN_POINT('',(26.,180.));
#2033 = CARTESIAN_POINT('',(26.,0.));
#2034 = ( GEOMETRIC_REPRESENTATION_CONTEXT(2) 
PARAMETRIC_REPRESENTATION_CONTEXT() REPRESENTATION_CONTEXT('2D SPACE',''
  ) );
#2035 = ORIENTED_EDGE('',*,*,#2036,.T.);
#2036 = EDGE_CURVE('',#2011,#2037,#2039,.T.);
#2037 = VERTEX_POINT('',#2038);
#2038 = CARTESIAN_POINT('',(250.,80.,368.));
#2039 = SURFACE_CURVE('',#2040,(#2044,#2050),.PCURVE_S1.);
#2040 = LINE('',#2041,#2042);
#2041 = CARTESIAN_POINT('',(250.,80.,204.));
#2042 = VECTOR('',#2043,1.);
#2043 = DIRECTION('',(0.,0.,1.));
#2044 = PCURVE('',#566,#2045);
#2045 = DEFINITIONAL_REPRESENTATION('',(#2046),#2049);
#2046 = B_SPLINE_CURVE_WITH_KNOTS('',1,(#2047,#2048),.UNSPECIFIED.,.F.,
  .F.,(2,2),(154.,164.),.PIECEWISE_BEZIER_KNOTS.);
#2047 = CARTESIAN_POINT('',(308.,-30.));
#2048 = CARTESIAN_POINT('',(318.,-30.));
#2049 = ( GEOMETRIC_REPRESENTATION_CONTEXT(2) 
PARAMETRIC_REPRESENTATION_CONTEXT() REPRESENTATION_CONTEXT('2D SPACE',''
  ) );
#2050 = PCURVE('',#2051,#2056);
#2051 = PLANE('',#2052);
#2052 = AXIS2_PLACEMENT_3D('',#2053,#2054,#2055);
#2053 = CARTESIAN_POINT('',(224.,80.,358.));
#2054 = DIRECTION('',(0.,1.,0.));
#2055 = DIRECTION('',(0.,0.,1.));
#2056 = DEFINITIONAL_REPRESENTATION('',(#2057),#2060);
#2057 = B_SPLINE_CURVE_WITH_KNOTS('',1,(#2058,#2059),.UNSPECIFIED.,.F.,
  .F.,(2,2),(154.,164.),.PIECEWISE_BEZIER_KNOTS.);
#2058 = CARTESIAN_POINT('',(0.,26.));
#2059 = CARTESIAN_POINT('',(10.,26.));
#2060 = ( GEOMETRIC_REPRESENTATION_CONTEXT(2) 
PARAMETRIC_REPRESENTATION_CONTEXT() REPRESENTATION_CONTEXT('2D SPACE',''
  ) );
#2061 = ORIENTED_EDGE('',*,*,#2062,.F.);
#2062 = EDGE_CURVE('',#2063,#2037,#2065,.T.);
#2063 = VERTEX_POINT('',#2064);
#2064 = CARTESIAN_POINT('',(250.,260.,368.));
#2065 = SURFACE_CURVE('',#2066,(#2070,#2076),.PCURVE_S1.);
#2066 = LINE('',#2067,#2068);
#2067 = CARTESIAN_POINT('',(250.,65.,368.));
#2068 = VECTOR('',#2069,1.);
#2069 = DIRECTION('',(0.,-1.,0.));
#2070 = PCURVE('',#566,#2071);
#2071 = DEFINITIONAL_REPRESENTATION('',(#2072),#2075);
#2072 = B_SPLINE_CURVE_WITH_KNOTS('',1,(#2073,#2074),.UNSPECIFIED.,.F.,
  .F.,(2,2),(-195.,-15.),.PIECEWISE_BEZIER_KNOTS.);
#2073 = CARTESIAN_POINT('',(318.,-210.));
#2074 = CARTESIAN_POINT('',(318.,-30.));
#2075 = ( GEOMETRIC_REPRESENTATION_CONTEXT(2) 
PARAMETRIC_REPRESENTATION_CONTEXT() REPRESENTATION_CONTEXT('2D SPACE',''
  ) );
#2076 = PCURVE('',#2077,#2082);
#2077 = PLANE('',#2078);
#2078 = AXIS2_PLACEMENT_3D('',#2079,#2080,#2081);
#2079 = CARTESIAN_POINT('',(224.,80.,368.));
#2080 = DIRECTION('',(0.,0.,1.));
#2081 = DIRECTION('',(1.,0.,0.));
#2082 = DEFINITIONAL_REPRESENTATION('',(#2083),#2086);
#2083 = B_SPLINE_CURVE_WITH_KNOTS('',1,(#2084,#2085),.UNSPECIFIED.,.F.,
  .F.,(2,2),(-195.,-15.),.PIECEWISE_BEZIER_KNOTS.);
#2084 = CARTESIAN_POINT('',(26.,180.));
#2085 = CARTESIAN_POINT('',(26.,0.));
#2086 = ( GEOMETRIC_REPRESENTATION_CONTEXT(2) 
PARAMETRIC_REPRESENTATION_CONTEXT() REPRESENTATION_CONTEXT('2D SPACE',''
  ) );
#2087 = ORIENTED_EDGE('',*,*,#2088,.F.);
#2088 = EDGE_CURVE('',#2009,#2063,#2089,.T.);
#2089 = SURFACE_CURVE('',#2090,(#2094,#2100),.PCURVE_S1.);
#2090 = LINE('',#2091,#2092);
#2091 = CARTESIAN_POINT('',(250.,260.,204.));
#2092 = VECTOR('',#2093,1.);
#2093 = DIRECTION('',(0.,0.,1.));
#2094 = PCURVE('',#566,#2095);
#2095 = DEFINITIONAL_REPRESENTATION('',(#2096),#2099);
#2096 = B_SPLINE_CURVE_WITH_KNOTS('',1,(#2097,#2098),.UNSPECIFIED.,.F.,
  .F.,(2,2),(154.,164.),.PIECEWISE_BEZIER_KNOTS.);
#2097 = CARTESIAN_POINT('',(308.,-210.));
#2098 = CARTESIAN_POINT('',(318.,-210.));
#2099 = ( GEOMETRIC_REPRESENTATION_CONTEXT(2) 
PARAMETRIC_REPRESENTATION_CONTEXT() REPRESENTATION_CONTEXT('2D SPACE',''
  ) );
#2100 = PCURVE('',#2101,#2106);
#2101 = PLANE('',#2102);
#2102 = AXIS2_PLACEMENT_3D('',#2103,#2104,#2105);
#2103 = CARTESIAN_POINT('',(224.,260.,358.));
#2104 = DIRECTION('',(0.,1.,0.));
#2105 = DIRECTION('',(0.,0.,1.));
#2106 = DEFINITIONAL_REPRESENTATION('',(#2107),#2110);
#2107 = B_SPLINE_CURVE_WITH_KNOTS('',1,(#2108,#2109),.UNSPECIFIED.,.F.,
  .F.,(2,2),(154.,164.),.PIECEWISE_BEZIER_KNOTS.);
#2108 = CARTESIAN_POINT('',(0.,26.));
#2109 = CARTESIAN_POINT('',(10.,26.));
#2110 = ( GEOMETRIC_REPRESENTATION_CONTEXT(2) 
PARAMETRIC_REPRESENTATION_CONTEXT() REPRESENTATION_CONTEXT('2D SPACE',''
  ) );
#2111 = FACE_BOUND('',#2112,.T.);
#2112 = EDGE_LOOP('',(#2113,#2141,#2167,#2193));
#2113 = ORIENTED_EDGE('',*,*,#2114,.T.);
#2114 = EDGE_CURVE('',#2115,#2117,#2119,.T.);
#2115 = VERTEX_POINT('',#2116);
#2116 = CARTESIAN_POINT('',(250.,260.,390.));
#2117 = VERTEX_POINT('',#2118);
#2118 = CARTESIAN_POINT('',(250.,80.,390.));
#2119 = SURFACE_CURVE('',#2120,(#2124,#2130),.PCURVE_S1.);
#2120 = LINE('',#2121,#2122);
#2121 = CARTESIAN_POINT('',(250.,65.,390.));
#2122 = VECTOR('',#2123,1.);
#2123 = DIRECTION('',(0.,-1.,0.));
#2124 = PCURVE('',#566,#2125);
#2125 = DEFINITIONAL_REPRESENTATION('',(#2126),#2129);
#2126 = B_SPLINE_CURVE_WITH_KNOTS('',1,(#2127,#2128),.UNSPECIFIED.,.F.,
  .F.,(2,2),(-195.,-15.),.PIECEWISE_BEZIER_KNOTS.);
#2127 = CARTESIAN_POINT('',(340.,-210.));
#2128 = CARTESIAN_POINT('',(340.,-30.));
#2129 = ( GEOMETRIC_REPRESENTATION_CONTEXT(2) 
PARAMETRIC_REPRESENTATION_CONTEXT() REPRESENTATION_CONTEXT('2D SPACE',''
  ) );
#2130 = PCURVE('',#2131,#2136);
#2131 = PLANE('',#2132);
#2132 = AXIS2_PLACEMENT_3D('',#2133,#2134,#2135);
#2133 = CARTESIAN_POINT('',(224.,80.,390.));
#2134 = DIRECTION('',(0.,0.,1.));
#2135 = DIRECTION('',(1.,0.,0.));
#2136 = DEFINITIONAL_REPRESENTATION('',(#2137),#2140);
#2137 = B_SPLINE_CURVE_WITH_KNOTS('',1,(#2138,#2139),.UNSPECIFIED.,.F.,
  .F.,(2,2),(-195.,-15.),.PIECEWISE_BEZIER_KNOTS.);
#2138 = CARTESIAN_POINT('',(26.,180.));
#2139 = CARTESIAN_POINT('',(26.,0.));
#2140 = ( GEOMETRIC_REPRESENTATION_CONTEXT(2) 
PARAMETRIC_REPRESENTATION_CONTEXT() REPRESENTATION_CONTEXT('2D SPACE',''
  ) );
#2141 = ORIENTED_EDGE('',*,*,#2142,.T.);
#2142 = EDGE_CURVE('',#2117,#2143,#2145,.T.);
#2143 = VERTEX_POINT('',#2144);
#2144 = CARTESIAN_POINT('',(250.,80.,400.));
#2145 = SURFACE_CURVE('',#2146,(#2150,#2156),.PCURVE_S1.);
#2146 = LINE('',#2147,#2148);
#2147 = CARTESIAN_POINT('',(250.,80.,220.));
#2148 = VECTOR('',#2149,1.);
#2149 = DIRECTION('',(0.,0.,1.));
#2150 = PCURVE('',#566,#2151);
#2151 = DEFINITIONAL_REPRESENTATION('',(#2152),#2155);
#2152 = B_SPLINE_CURVE_WITH_KNOTS('',1,(#2153,#2154),.UNSPECIFIED.,.F.,
  .F.,(2,2),(170.,180.),.PIECEWISE_BEZIER_KNOTS.);
#2153 = CARTESIAN_POINT('',(340.,-30.));
#2154 = CARTESIAN_POINT('',(350.,-30.));
#2155 = ( GEOMETRIC_REPRESENTATION_CONTEXT(2) 
PARAMETRIC_REPRESENTATION_CONTEXT() REPRESENTATION_CONTEXT('2D SPACE',''
  ) );
#2156 = PCURVE('',#2157,#2162);
#2157 = PLANE('',#2158);
#2158 = AXIS2_PLACEMENT_3D('',#2159,#2160,#2161);
#2159 = CARTESIAN_POINT('',(224.,80.,390.));
#2160 = DIRECTION('',(0.,1.,0.));
#2161 = DIRECTION('',(0.,0.,1.));
#2162 = DEFINITIONAL_REPRESENTATION('',(#2163),#2166);
#2163 = B_SPLINE_CURVE_WITH_KNOTS('',1,(#2164,#2165),.UNSPECIFIED.,.F.,
  .F.,(2,2),(170.,180.),.PIECEWISE_BEZIER_KNOTS.);
#2164 = CARTESIAN_POINT('',(0.,26.));
#2165 = CARTESIAN_POINT('',(10.,26.));
#2166 = ( GEOMETRIC_REPRESENTATION_CONTEXT(2) 
PARAMETRIC_REPRESENTATION_CONTEXT() REPRESENTATION_CONTEXT('2D SPACE',''
  ) );
#2167 = ORIENTED_EDGE('',*,*,#2168,.F.);
#2168 = EDGE_CURVE('',#2169,#2143,#2171,.T.);
#2169 = VERTEX_POINT('',#2170);
#2170 = CARTESIAN_POINT('',(250.,260.,400.));
#2171 = SURFACE_CURVE('',#2172,(#2176,#2182),.PCURVE_S1.);
#2172 = LINE('',#2173,#2174);
#2173 = CARTESIAN_POINT('',(250.,65.,400.));
#2174 = VECTOR('',#2175,1.);
#2175 = DIRECTION('',(0.,-1.,0.));
#2176 = PCURVE('',#566,#2177);
#2177 = DEFINITIONAL_REPRESENTATION('',(#2178),#2181);
#2178 = B_SPLINE_CURVE_WITH_KNOTS('',1,(#2179,#2180),.UNSPECIFIED.,.F.,
  .F.,(2,2),(-195.,-15.),.PIECEWISE_BEZIER_KNOTS.);
#2179 = CARTESIAN_POINT('',(350.,-210.));
#2180 = CARTESIAN_POINT('',(350.,-30.));
#2181 = ( GEOMETRIC_REPRESENTATION_CONTEXT(2) 
PARAMETRIC_REPRESENTATION_CONTEXT() REPRESENTATION_CONTEXT('2D SPACE',''
  ) );
#2182 = PCURVE('',#2183,#2188);
#2183 = PLANE('',#2184);
#2184 = AXIS2_PLACEMENT_3D('',#2185,#2186,#2187);
#2185 = CARTESIAN_POINT('',(224.,80.,400.));
#2186 = DIRECTION('',(0.,0.,1.));
#2187 = DIRECTION('',(1.,0.,0.));
#2188 = DEFINITIONAL_REPRESENTATION('',(#2189),#2192);
#2189 = B_SPLINE_CURVE_WITH_KNOTS('',1,(#2190,#2191),.UNSPECIFIED.,.F.,
  .F.,(2,2),(-195.,-15.),.PIECEWISE_BEZIER_KNOTS.);
#2190 = CARTESIAN_POINT('',(26.,180.));
#2191 = CARTESIAN_POINT('',(26.,0.));
#2192 = ( GEOMETRIC_REPRESENTATION_CONTEXT(2) 
PARAMETRIC_REPRESENTATION_CONTEXT() REPRESENTATION_CONTEXT('2D SPACE',''
  ) );
#2193 = ORIENTED_EDGE('',*,*,#2194,.F.);
#2194 = EDGE_CURVE('',#2115,#2169,#2195,.T.);
#2195 = SURFACE_CURVE('',#2196,(#2200,#2206),.PCURVE_S1.);
#2196 = LINE('',#2197,#2198);
#2197 = CARTESIAN_POINT('',(250.,260.,220.));
#2198 = VECTOR('',#2199,1.);
#2199 = DIRECTION('',(0.,0.,1.));
#2200 = PCURVE('',#566,#2201);
#2201 = DEFINITIONAL_REPRESENTATION('',(#2202),#2205);
#2202 = B_SPLINE_CURVE_WITH_KNOTS('',1,(#2203,#2204),.UNSPECIFIED.,.F.,
  .F.,(2,2),(170.,180.),.PIECEWISE_BEZIER_KNOTS.);
#2203 = CARTESIAN_POINT('',(340.,-210.));
#2204 = CARTESIAN_POINT('',(350.,-210.));
#2205 = ( GEOMETRIC_REPRESENTATION_CONTEXT(2) 
PARAMETRIC_REPRESENTATION_CONTEXT() REPRESENTATION_CONTEXT('2D SPACE',''
  ) );
#2206 = PCURVE('',#2207,#2212);
#2207 = PLANE('',#2208);
#2208 = AXIS2_PLACEMENT_3D('',#2209,#2210,#2211);
#2209 = CARTESIAN_POINT('',(224.,260.,390.));
#2210 = DIRECTION('',(0.,1.,0.));
#2211 = DIRECTION('',(0.,0.,1.));
#2212 = DEFINITIONAL_REPRESENTATION('',(#2213),#2216);
#2213 = B_SPLINE_CURVE_WITH_KNOTS('',1,(#2214,#2215),.UNSPECIFIED.,.F.,
  .F.,(2,2),(170.,180.),.PIECEWISE_BEZIER_KNOTS.);
#2214 = CARTESIAN_POINT('',(0.,26.));
#2215 = CARTESIAN_POINT('',(10.,26.));
#2216 = ( GEOMETRIC_REPRESENTATION_CONTEXT(2) 
PARAMETRIC_REPRESENTATION_CONTEXT() REPRESENTATION_CONTEXT('2D SPACE',''
  ) );
#2217 = FACE_BOUND('',#2218,.T.);
#2218 = EDGE_LOOP('',(#2219,#2247,#2273,#2299));
#2219 = ORIENTED_EDGE('',*,*,#2220,.T.);
#2220 = EDGE_CURVE('',#2221,#2223,#2225,.T.);
#2221 = VERTEX_POINT('',#2222);
#2222 = CARTESIAN_POINT('',(250.,260.,422.));
#2223 = VERTEX_POINT('',#2224);
#2224 = CARTESIAN_POINT('',(250.,80.,422.));
#2225 = SURFACE_CURVE('',#2226,(#2230,#2236),.PCURVE_S1.);
#2226 = LINE('',#2227,#2228);
#2227 = CARTESIAN_POINT('',(250.,65.,422.));
#2228 = VECTOR('',#2229,1.);
#2229 = DIRECTION('',(0.,-1.,0.));
#2230 = PCURVE('',#566,#2231);
#2231 = DEFINITIONAL_REPRESENTATION('',(#2232),#2235);
#2232 = B_SPLINE_CURVE_WITH_KNOTS('',1,(#2233,#2234),.UNSPECIFIED.,.F.,
  .F.,(2,2),(-195.,-15.),.PIECEWISE_BEZIER_KNOTS.);
#2233 = CARTESIAN_POINT('',(372.,-210.));
#2234 = CARTESIAN_POINT('',(372.,-30.));
#2235 = ( GEOMETRIC_REPRESENTATION_CONTEXT(2) 
PARAMETRIC_REPRESENTATION_CONTEXT() REPRESENTATION_CONTEXT('2D SPACE',''
  ) );
#2236 = PCURVE('',#2237,#2242);
#2237 = PLANE('',#2238);
#2238 = AXIS2_PLACEMENT_3D('',#2239,#2240,#2241);
#2239 = CARTESIAN_POINT('',(224.,80.,422.));
#2240 = DIRECTION('',(0.,0.,1.));
#2241 = DIRECTION('',(1.,0.,0.));
#2242 = DEFINITIONAL_REPRESENTATION('',(#2243),#2246);
#2243 = B_SPLINE_CURVE_WITH_KNOTS('',1,(#2244,#2245),.UNSPECIFIED.,.F.,
  .F.,(2,2),(-195.,-15.),.PIECEWISE_BEZIER_KNOTS.);
#2244 = CARTESIAN_POINT('',(26.,180.));
#2245 = CARTESIAN_POINT('',(26.,0.));
#2246 = ( GEOMETRIC_REPRESENTATION_CONTEXT(2) 
PARAMETRIC_REPRESENTATION_CONTEXT() REPRESENTATION_CONTEXT('2D SPACE',''
  ) );
#2247 = ORIENTED_EDGE('',*,*,#2248,.T.);
#2248 = EDGE_CURVE('',#2223,#2249,#2251,.T.);
#2249 = VERTEX_POINT('',#2250);
#2250 = CARTESIAN_POINT('',(250.,80.,432.));
#2251 = SURFACE_CURVE('',#2252,(#2256,#2262),.PCURVE_S1.);
#2252 = LINE('',#2253,#2254);
#2253 = CARTESIAN_POINT('',(250.,80.,236.));
#2254 = VECTOR('',#2255,1.);
#2255 = DIRECTION('',(0.,0.,1.));
#2256 = PCURVE('',#566,#2257);
#2257 = DEFINITIONAL_REPRESENTATION('',(#2258),#2261);
#2258 = B_SPLINE_CURVE_WITH_KNOTS('',1,(#2259,#2260),.UNSPECIFIED.,.F.,
  .F.,(2,2),(186.,196.),.PIECEWISE_BEZIER_KNOTS.);
#2259 = CARTESIAN_POINT('',(372.,-30.));
#2260 = CARTESIAN_POINT('',(382.,-30.));
#2261 = ( GEOMETRIC_REPRESENTATION_CONTEXT(2) 
PARAMETRIC_REPRESENTATION_CONTEXT() REPRESENTATION_CONTEXT('2D SPACE',''
  ) );
#2262 = PCURVE('',#2263,#2268);
#2263 = PLANE('',#2264);
#2264 = AXIS2_PLACEMENT_3D('',#2265,#2266,#2267);
#2265 = CARTESIAN_POINT('',(224.,80.,422.));
#2266 = DIRECTION('',(0.,1.,0.));
#2267 = DIRECTION('',(0.,0.,1.));
#2268 = DEFINITIONAL_REPRESENTATION('',(#2269),#2272);
#2269 = B_SPLINE_CURVE_WITH_KNOTS('',1,(#2270,#2271),.UNSPECIFIED.,.F.,
  .F.,(2,2),(186.,196.),.PIECEWISE_BEZIER_KNOTS.);
#2270 = CARTESIAN_POINT('',(0.,26.));
#2271 = CARTESIAN_POINT('',(10.,26.));
#2272 = ( GEOMETRIC_REPRESENTATION_CONTEXT(2) 
PARAMETRIC_REPRESENTATION_CONTEXT() REPRESENTATION_CONTEXT('2D SPACE',''
  ) );
#2273 = ORIENTED_EDGE('',*,*,#2274,.F.);
#2274 = EDGE_CURVE('',#2275,#2249,#2277,.T.);
#2275 = VERTEX_POINT('',#2276);
#2276 = CARTESIAN_POINT('',(250.,260.,432.));
#2277 = SURFACE_CURVE('',#2278,(#2282,#2288),.PCURVE_S1.);
#2278 = LINE('',#2279,#2280);
#2279 = CARTESIAN_POINT('',(250.,65.,432.));
#2280 = VECTOR('',#2281,1.);
#2281 = DIRECTION('',(0.,-1.,0.));
#2282 = PCURVE('',#566,#2283);
#2283 = DEFINITIONAL_REPRESENTATION('',(#2284),#2287);
#2284 = B_SPLINE_CURVE_WITH_KNOTS('',1,(#2285,#2286),.UNSPECIFIED.,.F.,
  .F.,(2,2),(-195.,-15.),.PIECEWISE_BEZIER_KNOTS.);
#2285 = CARTESIAN_POINT('',(382.,-210.));
#2286 = CARTESIAN_POINT('',(382.,-30.));
#2287 = ( GEOMETRIC_REPRESENTATION_CONTEXT(2) 
PARAMETRIC_REPRESENTATION_CONTEXT() REPRESENTATION_CONTEXT('2D SPACE',''
  ) );
#2288 = PCURVE('',#2289,#2294);
#2289 = PLANE('',#2290);
#2290 = AXIS2_PLACEMENT_3D('',#2291,#2292,#2293);
#2291 = CARTESIAN_POINT('',(224.,80.,432.));
#2292 = DIRECTION('',(0.,0.,1.));
#2293 = DIRECTION('',(1.,0.,0.));
#2294 = DEFINITIONAL_REPRESENTATION('',(#2295),#2298);
#2295 = B_SPLINE_CURVE_WITH_KNOTS('',1,(#2296,#2297),.UNSPECIFIED.,.F.,
  .F.,(2,2),(-195.,-15.),.PIECEWISE_BEZIER_KNOTS.);
#2296 = CARTESIAN_POINT('',(26.,180.));
#2297 = CARTESIAN_POINT('',(26.,0.));
#2298 = ( GEOMETRIC_REPRESENTATION_CONTEXT(2) 
PARAMETRIC_REPRESENTATION_CONTEXT() REPRESENTATION_CONTEXT('2D SPACE',''
  ) );
#2299 = ORIENTED_EDGE('',*,*,#2300,.F.);
#2300 = EDGE_CURVE('',#2221,#2275,#2301,.T.);
#2301 = SURFACE_CURVE('',#2302,(#2306,#2312),.PCURVE_S1.);
#2302 = LINE('',#2303,#2304);
#2303 = CARTESIAN_POINT('',(250.,260.,236.));
#2304 = VECTOR('',#2305,1.);
#2305 = DIRECTION('',(0.,0.,1.));
#2306 = PCURVE('',#566,#2307);
#2307 = DEFINITIONAL_REPRESENTATION('',(#2308),#2311);
#2308 = B_SPLINE_CURVE_WITH_KNOTS('',1,(#2309,#2310),.UNSPECIFIED.,.F.,
  .F.,(2,2),(186.,196.),.PIECEWISE_BEZIER_KNOTS.);
#2309 = CARTESIAN_POINT('',(372.,-210.));
#2310 = CARTESIAN_POINT('',(382.,-210.));
#2311 = ( GEOMETRIC_REPRESENTATION_CONTEXT(2) 
PARAMETRIC_REPRESENTATION_CONTEXT() REPRESENTATION_CONTEXT('2D SPACE',''
  ) );
#2312 = PCURVE('',#2313,#2318);
#2313 = PLANE('',#2314);
#2314 = AXIS2_PLACEMENT_3D('',#2315,#2316,#2317);
#2315 = CARTESIAN_POINT('',(224.,260.,422.));
#2316 = DIRECTION('',(0.,1.,0.));
#2317 = DIRECTION('',(0.,0.,1.));
#2318 = DEFINITIONAL_REPRESENTATION('',(#2319),#2322);
#2319 = B_SPLINE_CURVE_WITH_KNOTS('',1,(#2320,#2321),.UNSPECIFIED.,.F.,
  .F.,(2,2),(186.,196.),.PIECEWISE_BEZIER_KNOTS.);
#2320 = CARTESIAN_POINT('',(0.,26.));
#2321 = CARTESIAN_POINT('',(10.,26.));
#2322 = ( GEOMETRIC_REPRESENTATION_CONTEXT(2) 
PARAMETRIC_REPRESENTATION_CONTEXT() REPRESENTATION_CONTEXT('2D SPACE',''
  ) );
#2323 = FACE_BOUND('',#2324,.T.);
#2324 = EDGE_LOOP('',(#2325,#2353,#2379,#2405));
#2325 = ORIENTED_EDGE('',*,*,#2326,.T.);
#2326 = EDGE_CURVE('',#2327,#2329,#2331,.T.);
#2327 = VERTEX_POINT('',#2328);
#2328 = CARTESIAN_POINT('',(250.,260.,454.));
#2329 = VERTEX_POINT('',#2330);
#2330 = CARTESIAN_POINT('',(250.,80.,454.));
#2331 = SURFACE_CURVE('',#2332,(#2336,#2342),.PCURVE_S1.);
#2332 = LINE('',#2333,#2334);
#2333 = CARTESIAN_POINT('',(250.,65.,454.));
#2334 = VECTOR('',#2335,1.);
#2335 = DIRECTION('',(0.,-1.,0.));
#2336 = PCURVE('',#566,#2337);
#2337 = DEFINITIONAL_REPRESENTATION('',(#2338),#2341);
#2338 = B_SPLINE_CURVE_WITH_KNOTS('',1,(#2339,#2340),.UNSPECIFIED.,.F.,
  .F.,(2,2),(-195.,-15.),.PIECEWISE_BEZIER_KNOTS.);
#2339 = CARTESIAN_POINT('',(404.,-210.));
#2340 = CARTESIAN_POINT('',(404.,-30.));
#2341 = ( GEOMETRIC_REPRESENTATION_CONTEXT(2) 
PARAMETRIC_REPRESENTATION_CONTEXT() REPRESENTATION_CONTEXT('2D SPACE',''
  ) );
#2342 = PCURVE('',#2343,#2348);
#2343 = PLANE('',#2344);
#2344 = AXIS2_PLACEMENT_3D('',#2345,#2346,#2347);
#2345 = CARTESIAN_POINT('',(224.,80.,454.));
#2346 = DIRECTION('',(0.,0.,1.));
#2347 = DIRECTION('',(1.,0.,0.));
#2348 = DEFINITIONAL_REPRESENTATION('',(#2349),#2352);
#2349 = B_SPLINE_CURVE_WITH_KNOTS('',1,(#2350,#2351),.UNSPECIFIED.,.F.,
  .F.,(2,2),(-195.,-15.),.PIECEWISE_BEZIER_KNOTS.);
#2350 = CARTESIAN_POINT('',(26.,180.));
#2351 = CARTESIAN_POINT('',(26.,0.));
#2352 = ( GEOMETRIC_REPRESENTATION_CONTEXT(2) 
PARAMETRIC_REPRESENTATION_CONTEXT() REPRESENTATION_CONTEXT('2D SPACE',''
  ) );
#2353 = ORIENTED_EDGE('',*,*,#2354,.T.);
#2354 = EDGE_CURVE('',#2329,#2355,#2357,.T.);
#2355 = VERTEX_POINT('',#2356);
#2356 = CARTESIAN_POINT('',(250.,80.,464.));
#2357 = SURFACE_CURVE('',#2358,(#2362,#2368),.PCURVE_S1.);
#2358 = LINE('',#2359,#2360);
#2359 = CARTESIAN_POINT('',(250.,80.,252.));
#2360 = VECTOR('',#2361,1.);
#2361 = DIRECTION('',(0.,0.,1.));
#2362 = PCURVE('',#566,#2363);
#2363 = DEFINITIONAL_REPRESENTATION('',(#2364),#2367);
#2364 = B_SPLINE_CURVE_WITH_KNOTS('',1,(#2365,#2366),.UNSPECIFIED.,.F.,
  .F.,(2,2),(202.,212.),.PIECEWISE_BEZIER_KNOTS.);
#2365 = CARTESIAN_POINT('',(404.,-30.));
#2366 = CARTESIAN_POINT('',(414.,-30.));
#2367 = ( GEOMETRIC_REPRESENTATION_CONTEXT(2) 
PARAMETRIC_REPRESENTATION_CONTEXT() REPRESENTATION_CONTEXT('2D SPACE',''
  ) );
#2368 = PCURVE('',#2369,#2374);
#2369 = PLANE('',#2370);
#2370 = AXIS2_PLACEMENT_3D('',#2371,#2372,#2373);
#2371 = CARTESIAN_POINT('',(224.,80.,454.));
#2372 = DIRECTION('',(0.,1.,0.));
#2373 = DIRECTION('',(0.,0.,1.));
#2374 = DEFINITIONAL_REPRESENTATION('',(#2375),#2378);
#2375 = B_SPLINE_CURVE_WITH_KNOTS('',1,(#2376,#2377),.UNSPECIFIED.,.F.,
  .F.,(2,2),(202.,212.),.PIECEWISE_BEZIER_KNOTS.);
#2376 = CARTESIAN_POINT('',(0.,26.));
#2377 = CARTESIAN_POINT('',(10.,26.));
#2378 = ( GEOMETRIC_REPRESENTATION_CONTEXT(2) 
PARAMETRIC_REPRESENTATION_CONTEXT() REPRESENTATION_CONTEXT('2D SPACE',''
  ) );
#2379 = ORIENTED_EDGE('',*,*,#2380,.F.);
#2380 = EDGE_CURVE('',#2381,#2355,#2383,.T.);
#2381 = VERTEX_POINT('',#2382);
#2382 = CARTESIAN_POINT('',(250.,260.,464.));
#2383 = SURFACE_CURVE('',#2384,(#2388,#2394),.PCURVE_S1.);
#2384 = LINE('',#2385,#2386);
#2385 = CARTESIAN_POINT('',(250.,65.,464.));
#2386 = VECTOR('',#2387,1.);
#2387 = DIRECTION('',(0.,-1.,0.));
#2388 = PCURVE('',#566,#2389);
#2389 = DEFINITIONAL_REPRESENTATION('',(#2390),#2393);
#2390 = B_SPLINE_CURVE_WITH_KNOTS('',1,(#2391,#2392),.UNSPECIFIED.,.F.,
  .F.,(2,2),(-195.,-15.),.PIECEWISE_BEZIER_KNOTS.);
#2391 = CARTESIAN_POINT('',(414.,-210.));
#2392 = CARTESIAN_POINT('',(414.,-30.));
#2393 = ( GEOMETRIC_REPRESENTATION_CONTEXT(2) 
PARAMETRIC_REPRESENTATION_CONTEXT() REPRESENTATION_CONTEXT('2D SPACE',''
  ) );
#2394 = PCURVE('',#2395,#2400);
#2395 = PLANE('',#2396);
#2396 = AXIS2_PLACEMENT_3D('',#2397,#2398,#2399);
#2397 = CARTESIAN_POINT('',(224.,80.,464.));
#2398 = DIRECTION('',(0.,0.,1.));
#2399 = DIRECTION('',(1.,0.,0.));
#2400 = DEFINITIONAL_REPRESENTATION('',(#2401),#2404);
#2401 = B_SPLINE_CURVE_WITH_KNOTS('',1,(#2402,#2403),.UNSPECIFIED.,.F.,
  .F.,(2,2),(-195.,-15.),.PIECEWISE_BEZIER_KNOTS.);
#2402 = CARTESIAN_POINT('',(26.,180.));
#2403 = CARTESIAN_POINT('',(26.,0.));
#2404 = ( GEOMETRIC_REPRESENTATION_CONTEXT(2) 
PARAMETRIC_REPRESENTATION_CONTEXT() REPRESENTATION_CONTEXT('2D SPACE',''
  ) );
#2405 = ORIENTED_EDGE('',*,*,#2406,.F.);
#2406 = EDGE_CURVE('',#2327,#2381,#2407,.T.);
#2407 = SURFACE_CURVE('',#2408,(#2412,#2418),.PCURVE_S1.);
#2408 = LINE('',#2409,#2410);
#2409 = CARTESIAN_POINT('',(250.,260.,252.));
#2410 = VECTOR('',#2411,1.);
#2411 = DIRECTION('',(0.,0.,1.));
#2412 = PCURVE('',#566,#2413);
#2413 = DEFINITIONAL_REPRESENTATION('',(#2414),#2417);
#2414 = B_SPLINE_CURVE_WITH_KNOTS('',1,(#2415,#2416),.UNSPECIFIED.,.F.,
  .F.,(2,2),(202.,212.),.PIECEWISE_BEZIER_KNOTS.);
#2415 = CARTESIAN_POINT('',(404.,-210.));
#2416 = CARTESIAN_POINT('',(414.,-210.));
#2417 = ( GEOMETRIC_REPRESENTATION_CONTEXT(2) 
PARAMETRIC_REPRESENTATION_CONTEXT() REPRESENTATION_CONTEXT('2D SPACE',''
  ) );
#2418 = PCURVE('',#2419,#2424);
#2419 = PLANE('',#2420);
#2420 = AXIS2_PLACEMENT_3D('',#2421,#2422,#2423);
#2421 = CARTESIAN_POINT('',(224.,260.,454.));
#2422 = DIRECTION('',(0.,1.,0.));
#2423 = DIRECTION('',(0.,0.,1.));
#2424 = DEFINITIONAL_REPRESENTATION('',(#2425),#2428);
#2425 = B_SPLINE_CURVE_WITH_KNOTS('',1,(#2426,#2427),.UNSPECIFIED.,.F.,
  .F.,(2,2),(202.,212.),.PIECEWISE_BEZIER_KNOTS.);
#2426 = CARTESIAN_POINT('',(0.,26.));
#2427 = CARTESIAN_POINT('',(10.,26.));
#2428 = ( GEOMETRIC_REPRESENTATION_CONTEXT(2) 
PARAMETRIC_REPRESENTATION_CONTEXT() REPRESENTATION_CONTEXT('2D SPACE',''
  ) );
#2429 = FACE_BOUND('',#2430,.T.);
#2430 = EDGE_LOOP('',(#2431,#2459,#2485,#2511));
#2431 = ORIENTED_EDGE('',*,*,#2432,.T.);
#2432 = EDGE_CURVE('',#2433,#2435,#2437,.T.);
#2433 = VERTEX_POINT('',#2434);
#2434 = CARTESIAN_POINT('',(250.,260.,486.));
#2435 = VERTEX_POINT('',#2436);
#2436 = CARTESIAN_POINT('',(250.,80.,486.));
#2437 = SURFACE_CURVE('',#2438,(#2442,#2448),.PCURVE_S1.);
#2438 = LINE('',#2439,#2440);
#2439 = CARTESIAN_POINT('',(250.,65.,486.));
#2440 = VECTOR('',#2441,1.);
#2441 = DIRECTION('',(0.,-1.,0.));
#2442 = PCURVE('',#566,#2443);
#2443 = DEFINITIONAL_REPRESENTATION('',(#2444),#2447);
#2444 = B_SPLINE_CURVE_WITH_KNOTS('',1,(#2445,#2446),.UNSPECIFIED.,.F.,
  .F.,(2,2),(-195.,-15.),.PIECEWISE_BEZIER_KNOTS.);
#2445 = CARTESIAN_POINT('',(436.,-210.));
#2446 = CARTESIAN_POINT('',(436.,-30.));
#2447 = ( GEOMETRIC_REPRESENTATION_CONTEXT(2) 
PARAMETRIC_REPRESENTATION_CONTEXT() REPRESENTATION_CONTEXT('2D SPACE',''
  ) );
#2448 = PCURVE('',#2449,#2454);
#2449 = PLANE('',#2450);
#2450 = AXIS2_PLACEMENT_3D('',#2451,#2452,#2453);
#2451 = CARTESIAN_POINT('',(224.,80.,486.));
#2452 = DIRECTION('',(0.,0.,1.));
#2453 = DIRECTION('',(1.,0.,0.));
#2454 = DEFINITIONAL_REPRESENTATION('',(#2455),#2458);
#2455 = B_SPLINE_CURVE_WITH_KNOTS('',1,(#2456,#2457),.UNSPECIFIED.,.F.,
  .F.,(2,2),(-195.,-15.),.PIECEWISE_BEZIER_KNOTS.);
#2456 = CARTESIAN_POINT('',(26.,180.));
#2457 = CARTESIAN_POINT('',(26.,0.));
#2458 = ( GEOMETRIC_REPRESENTATION_CONTEXT(2) 
PARAMETRIC_REPRESENTATION_CONTEXT() REPRESENTATION_CONTEXT('2D SPACE',''
  ) );
#2459 = ORIENTED_EDGE('',*,*,#2460,.T.);
#2460 = EDGE_CURVE('',#2435,#2461,#2463,.T.);
#2461 = VERTEX_POINT('',#2462);
#2462 = CARTESIAN_POINT('',(250.,80.,496.));
#2463 = SURFACE_CURVE('',#2464,(#2468,#2474),.PCURVE_S1.);
#2464 = LINE('',#2465,#2466);
#2465 = CARTESIAN_POINT('',(250.,80.,268.));
#2466 = VECTOR('',#2467,1.);
#2467 = DIRECTION('',(0.,0.,1.));
#2468 = PCURVE('',#566,#2469);
#2469 = DEFINITIONAL_REPRESENTATION('',(#2470),#2473);
#2470 = B_SPLINE_CURVE_WITH_KNOTS('',1,(#2471,#2472),.UNSPECIFIED.,.F.,
  .F.,(2,2),(218.,228.),.PIECEWISE_BEZIER_KNOTS.);
#2471 = CARTESIAN_POINT('',(436.,-30.));
#2472 = CARTESIAN_POINT('',(446.,-30.));
#2473 = ( GEOMETRIC_REPRESENTATION_CONTEXT(2) 
PARAMETRIC_REPRESENTATION_CONTEXT() REPRESENTATION_CONTEXT('2D SPACE',''
  ) );
#2474 = PCURVE('',#2475,#2480);
#2475 = PLANE('',#2476);
#2476 = AXIS2_PLACEMENT_3D('',#2477,#2478,#2479);
#2477 = CARTESIAN_POINT('',(224.,80.,486.));
#2478 = DIRECTION('',(0.,1.,0.));
#2479 = DIRECTION('',(0.,0.,1.));
#2480 = DEFINITIONAL_REPRESENTATION('',(#2481),#2484);
#2481 = B_SPLINE_CURVE_WITH_KNOTS('',1,(#2482,#2483),.UNSPECIFIED.,.F.,
  .F.,(2,2),(218.,228.),.PIECEWISE_BEZIER_KNOTS.);
#2482 = CARTESIAN_POINT('',(0.,26.));
#2483 = CARTESIAN_POINT('',(10.,26.));
#2484 = ( GEOMETRIC_REPRESENTATION_CONTEXT(2) 
PARAMETRIC_REPRESENTATION_CONTEXT() REPRESENTATION_CONTEXT('2D SPACE',''
  ) );
#2485 = ORIENTED_EDGE('',*,*,#2486,.F.);
#2486 = EDGE_CURVE('',#2487,#2461,#2489,.T.);
#2487 = VERTEX_POINT('',#2488);
#2488 = CARTESIAN_POINT('',(250.,260.,496.));
#2489 = SURFACE_CURVE('',#2490,(#2494,#2500),.PCURVE_S1.);
#2490 = LINE('',#2491,#2492);
#2491 = CARTESIAN_POINT('',(250.,65.,496.));
#2492 = VECTOR('',#2493,1.);
#2493 = DIRECTION('',(0.,-1.,0.));
#2494 = PCURVE('',#566,#2495);
#2495 = DEFINITIONAL_REPRESENTATION('',(#2496),#2499);
#2496 = B_SPLINE_CURVE_WITH_KNOTS('',1,(#2497,#2498),.UNSPECIFIED.,.F.,
  .F.,(2,2),(-195.,-15.),.PIECEWISE_BEZIER_KNOTS.);
#2497 = CARTESIAN_POINT('',(446.,-210.));
#2498 = CARTESIAN_POINT('',(446.,-30.));
#2499 = ( GEOMETRIC_REPRESENTATION_CONTEXT(2) 
PARAMETRIC_REPRESENTATION_CONTEXT() REPRESENTATION_CONTEXT('2D SPACE',''
  ) );
#2500 = PCURVE('',#2501,#2506);
#2501 = PLANE('',#2502);
#2502 = AXIS2_PLACEMENT_3D('',#2503,#2504,#2505);
#2503 = CARTESIAN_POINT('',(224.,80.,496.));
#2504 = DIRECTION('',(0.,0.,1.));
#2505 = DIRECTION('',(1.,0.,0.));
#2506 = DEFINITIONAL_REPRESENTATION('',(#2507),#2510);
#2507 = B_SPLINE_CURVE_WITH_KNOTS('',1,(#2508,#2509),.UNSPECIFIED.,.F.,
  .F.,(2,2),(-195.,-15.),.PIECEWISE_BEZIER_KNOTS.);
#2508 = CARTESIAN_POINT('',(26.,180.));
#2509 = CARTESIAN_POINT('',(26.,0.));
#2510 = ( GEOMETRIC_REPRESENTATION_CONTEXT(2) 
PARAMETRIC_REPRESENTATION_CONTEXT() REPRESENTATION_CONTEXT('2D SPACE',''
  ) );
#2511 = ORIENTED_EDGE('',*,*,#2512,.F.);
#2512 = EDGE_CURVE('',#2433,#2487,#2513,.T.);
#2513 = SURFACE_CURVE('',#2514,(#2518,#2524),.PCURVE_S1.);
#2514 = LINE('',#2515,#2516);
#2515 = CARTESIAN_POINT('',(250.,260.,268.));
#2516 = VECTOR('',#2517,1.);
#2517 = DIRECTION('',(0.,0.,1.));
#2518 = PCURVE('',#566,#2519);
#2519 = DEFINITIONAL_REPRESENTATION('',(#2520),#2523);
#2520 = B_SPLINE_CURVE_WITH_KNOTS('',1,(#2521,#2522),.UNSPECIFIED.,.F.,
  .F.,(2,2),(218.,228.),.PIECEWISE_BEZIER_KNOTS.);
#2521 = CARTESIAN_POINT('',(436.,-210.));
#2522 = CARTESIAN_POINT('',(446.,-210.));
#2523 = ( GEOMETRIC_REPRESENTATION_CONTEXT(2) 
PARAMETRIC_REPRESENTATION_CONTEXT() REPRESENTATION_CONTEXT('2D SPACE',''
  ) );
#2524 = PCURVE('',#2525,#2530);
#2525 = PLANE('',#2526);
#2526 = AXIS2_PLACEMENT_3D('',#2527,#2528,#2529);
#2527 = CARTESIAN_POINT('',(224.,260.,486.));
#2528 = DIRECTION('',(0.,1.,0.));
#2529 = DIRECTION('',(0.,0.,1.));
#2530 = DEFINITIONAL_REPRESENTATION('',(#2531),#2534);
#2531 = B_SPLINE_CURVE_WITH_KNOTS('',1,(#2532,#2533),.UNSPECIFIED.,.F.,
  .F.,(2,2),(218.,228.),.PIECEWISE_BEZIER_KNOTS.);
#2532 = CARTESIAN_POINT('',(0.,26.));
#2533 = CARTESIAN_POINT('',(10.,26.));
#2534 = ( GEOMETRIC_REPRESENTATION_CONTEXT(2) 
PARAMETRIC_REPRESENTATION_CONTEXT() REPRESENTATION_CONTEXT('2D SPACE',''
  ) );
#2535 = FACE_BOUND('',#2536,.T.);
#2536 = EDGE_LOOP('',(#2537,#2565,#2591,#2617));
#2537 = ORIENTED_EDGE('',*,*,#2538,.T.);
#2538 = EDGE_CURVE('',#2539,#2541,#2543,.T.);
#2539 = VERTEX_POINT('',#2540);
#2540 = CARTESIAN_POINT('',(250.,260.,518.));
#2541 = VERTEX_POINT('',#2542);
#2542 = CARTESIAN_POINT('',(250.,80.,518.));
#2543 = SURFACE_CURVE('',#2544,(#2548,#2554),.PCURVE_S1.);
#2544 = LINE('',#2545,#2546);
#2545 = CARTESIAN_POINT('',(250.,65.,518.));
#2546 = VECTOR('',#2547,1.);
#2547 = DIRECTION('',(0.,-1.,0.));
#2548 = PCURVE('',#566,#2549);
#2549 = DEFINITIONAL_REPRESENTATION('',(#2550),#2553);
#2550 = B_SPLINE_CURVE_WITH_KNOTS('',1,(#2551,#2552),.UNSPECIFIED.,.F.,
  .F.,(2,2),(-195.,-15.),.PIECEWISE_BEZIER_KNOTS.);
#2551 = CARTESIAN_POINT('',(468.,-210.));
#2552 = CARTESIAN_POINT('',(468.,-30.));
#2553 = ( GEOMETRIC_REPRESENTATION_CONTEXT(2) 
PARAMETRIC_REPRESENTATION_CONTEXT() REPRESENTATION_CONTEXT('2D SPACE',''
  ) );
#2554 = PCURVE('',#2555,#2560);
#2555 = PLANE('',#2556);
#2556 = AXIS2_PLACEMENT_3D('',#2557,#2558,#2559);
#2557 = CARTESIAN_POINT('',(224.,80.,518.));
#2558 = DIRECTION('',(0.,0.,1.));
#2559 = DIRECTION('',(1.,0.,0.));
#2560 = DEFINITIONAL_REPRESENTATION('',(#2561),#2564);
#2561 = B_SPLINE_CURVE_WITH_KNOTS('',1,(#2562,#2563),.UNSPECIFIED.,.F.,
  .F.,(2,2),(-195.,-15.),.PIECEWISE_BEZIER_KNOTS.);
#2562 = CARTESIAN_POINT('',(26.,180.));
#2563 = CARTESIAN_POINT('',(26.,0.));
#2564 = ( GEOMETRIC_REPRESENTATION_CONTEXT(2) 
PARAMETRIC_REPRESENTATION_CONTEXT() REPRESENTATION_CONTEXT('2D SPACE',''
  ) );
#2565 = ORIENTED_EDGE('',*,*,#2566,.T.);
#2566 = EDGE_CURVE('',#2541,#2567,#2569,.T.);
#2567 = VERTEX_POINT('',#2568);
#2568 = CARTESIAN_POINT('',(250.,80.,528.));
#2569 = SURFACE_CURVE('',#2570,(#2574,#2580),.PCURVE_S1.);
#2570 = LINE('',#2571,#2572);
#2571 = CARTESIAN_POINT('',(250.,80.,284.));
#2572 = VECTOR('',#2573,1.);
#2573 = DIRECTION('',(0.,0.,1.));
#2574 = PCURVE('',#566,#2575);
#2575 = DEFINITIONAL_REPRESENTATION('',(#2576),#2579);
#2576 = B_SPLINE_CURVE_WITH_KNOTS('',1,(#2577,#2578),.UNSPECIFIED.,.F.,
  .F.,(2,2),(234.,244.),.PIECEWISE_BEZIER_KNOTS.);
#2577 = CARTESIAN_POINT('',(468.,-30.));
#2578 = CARTESIAN_POINT('',(478.,-30.));
#2579 = ( GEOMETRIC_REPRESENTATION_CONTEXT(2) 
PARAMETRIC_REPRESENTATION_CONTEXT() REPRESENTATION_CONTEXT('2D SPACE',''
  ) );
#2580 = PCURVE('',#2581,#2586);
#2581 = PLANE('',#2582);
#2582 = AXIS2_PLACEMENT_3D('',#2583,#2584,#2585);
#2583 = CARTESIAN_POINT('',(224.,80.,518.));
#2584 = DIRECTION('',(0.,1.,0.));
#2585 = DIRECTION('',(0.,0.,1.));
#2586 = DEFINITIONAL_REPRESENTATION('',(#2587),#2590);
#2587 = B_SPLINE_CURVE_WITH_KNOTS('',1,(#2588,#2589),.UNSPECIFIED.,.F.,
  .F.,(2,2),(234.,244.),.PIECEWISE_BEZIER_KNOTS.);
#2588 = CARTESIAN_POINT('',(0.,26.));
#2589 = CARTESIAN_POINT('',(10.,26.));
#2590 = ( GEOMETRIC_REPRESENTATION_CONTEXT(2) 
PARAMETRIC_REPRESENTATION_CONTEXT() REPRESENTATION_CONTEXT('2D SPACE',''
  ) );
#2591 = ORIENTED_EDGE('',*,*,#2592,.F.);
#2592 = EDGE_CURVE('',#2593,#2567,#2595,.T.);
#2593 = VERTEX_POINT('',#2594);
#2594 = CARTESIAN_POINT('',(250.,260.,528.));
#2595 = SURFACE_CURVE('',#2596,(#2600,#2606),.PCURVE_S1.);
#2596 = LINE('',#2597,#2598);
#2597 = CARTESIAN_POINT('',(250.,65.,528.));
#2598 = VECTOR('',#2599,1.);
#2599 = DIRECTION('',(0.,-1.,0.));
#2600 = PCURVE('',#566,#2601);
#2601 = DEFINITIONAL_REPRESENTATION('',(#2602),#2605);
#2602 = B_SPLINE_CURVE_WITH_KNOTS('',1,(#2603,#2604),.UNSPECIFIED.,.F.,
  .F.,(2,2),(-195.,-15.),.PIECEWISE_BEZIER_KNOTS.);
#2603 = CARTESIAN_POINT('',(478.,-210.));
#2604 = CARTESIAN_POINT('',(478.,-30.));
#2605 = ( GEOMETRIC_REPRESENTATION_CONTEXT(2) 
PARAMETRIC_REPRESENTATION_CONTEXT() REPRESENTATION_CONTEXT('2D SPACE',''
  ) );
#2606 = PCURVE('',#2607,#2612);
#2607 = PLANE('',#2608);
#2608 = AXIS2_PLACEMENT_3D('',#2609,#2610,#2611);
#2609 = CARTESIAN_POINT('',(224.,80.,528.));
#2610 = DIRECTION('',(0.,0.,1.));
#2611 = DIRECTION('',(1.,0.,0.));
#2612 = DEFINITIONAL_REPRESENTATION('',(#2613),#2616);
#2613 = B_SPLINE_CURVE_WITH_KNOTS('',1,(#2614,#2615),.UNSPECIFIED.,.F.,
  .F.,(2,2),(-195.,-15.),.PIECEWISE_BEZIER_KNOTS.);
#2614 = CARTESIAN_POINT('',(26.,180.));
#2615 = CARTESIAN_POINT('',(26.,0.));
#2616 = ( GEOMETRIC_REPRESENTATION_CONTEXT(2) 
PARAMETRIC_REPRESENTATION_CONTEXT() REPRESENTATION_CONTEXT('2D SPACE',''
  ) );
#2617 = ORIENTED_EDGE('',*,*,#2618,.F.);
#2618 = EDGE_CURVE('',#2539,#2593,#2619,.T.);
#2619 = SURFACE_CURVE('',#2620,(#2624,#2630),.PCURVE_S1.);
#2620 = LINE('',#2621,#2622);
#2621 = CARTESIAN_POINT('',(250.,260.,284.));
#2622 = VECTOR('',#2623,1.);
#2623 = DIRECTION('',(0.,0.,1.));
#2624 = PCURVE('',#566,#2625);
#2625 = DEFINITIONAL_REPRESENTATION('',(#2626),#2629);
#2626 = B_SPLINE_CURVE_WITH_KNOTS('',1,(#2627,#2628),.UNSPECIFIED.,.F.,
  .F.,(2,2),(234.,244.),.PIECEWISE_BEZIER_KNOTS.);
#2627 = CARTESIAN_POINT('',(468.,-210.));
#2628 = CARTESIAN_POINT('',(478.,-210.));
#2629 = ( GEOMETRIC_REPRESENTATION_CONTEXT(2) 
PARAMETRIC_REPRESENTATION_CONTEXT() REPRESENTATION_CONTEXT('2D SPACE',''
  ) );
#2630 = PCURVE('',#2631,#2636);
#2631 = PLANE('',#2632);
#2632 = AXIS2_PLACEMENT_3D('',#2633,#2634,#2635);
#2633 = CARTESIAN_POINT('',(224.,260.,518.));
#2634 = DIRECTION('',(0.,1.,0.));
#2635 = DIRECTION('',(0.,0.,1.));
#2636 = DEFINITIONAL_REPRESENTATION('',(#2637),#2640);
#2637 = B_SPLINE_CURVE_WITH_KNOTS('',1,(#2638,#2639),.UNSPECIFIED.,.F.,
  .F.,(2,2),(234.,244.),.PIECEWISE_BEZIER_KNOTS.);
#2638 = CARTESIAN_POINT('',(0.,26.));
#2639 = CARTESIAN_POINT('',(10.,26.));
#2640 = ( GEOMETRIC_REPRESENTATION_CONTEXT(2) 
PARAMETRIC_REPRESENTATION_CONTEXT() REPRESENTATION_CONTEXT('2D SPACE',''
  ) );
#2641 = FACE_BOUND('',#2642,.T.);
#2642 = EDGE_LOOP('',(#2643,#2671,#2697,#2723));
#2643 = ORIENTED_EDGE('',*,*,#2644,.T.);
#2644 = EDGE_CURVE('',#2645,#2647,#2649,.T.);
#2645 = VERTEX_POINT('',#2646);
#2646 = CARTESIAN_POINT('',(250.,260.,550.));
#2647 = VERTEX_POINT('',#2648);
#2648 = CARTESIAN_POINT('',(250.,80.,550.));
#2649 = SURFACE_CURVE('',#2650,(#2654,#2660),.PCURVE_S1.);
#2650 = LINE('',#2651,#2652);
#2651 = CARTESIAN_POINT('',(250.,65.,550.));
#2652 = VECTOR('',#2653,1.);
#2653 = DIRECTION('',(0.,-1.,0.));
#2654 = PCURVE('',#566,#2655);
#2655 = DEFINITIONAL_REPRESENTATION('',(#2656),#2659);
#2656 = B_SPLINE_CURVE_WITH_KNOTS('',1,(#2657,#2658),.UNSPECIFIED.,.F.,
  .F.,(2,2),(-195.,-15.),.PIECEWISE_BEZIER_KNOTS.);
#2657 = CARTESIAN_POINT('',(500.,-210.));
#2658 = CARTESIAN_POINT('',(500.,-30.));
#2659 = ( GEOMETRIC_REPRESENTATION_CONTEXT(2) 
PARAMETRIC_REPRESENTATION_CONTEXT() REPRESENTATION_CONTEXT('2D SPACE',''
  ) );
#2660 = PCURVE('',#2661,#2666);
#2661 = PLANE('',#2662);
#2662 = AXIS2_PLACEMENT_3D('',#2663,#2664,#2665);
#2663 = CARTESIAN_POINT('',(224.,80.,550.));
#2664 = DIRECTION('',(0.,0.,1.));
#2665 = DIRECTION('',(1.,0.,0.));
#2666 = DEFINITIONAL_REPRESENTATION('',(#2667),#2670);
#2667 = B_SPLINE_CURVE_WITH_KNOTS('',1,(#2668,#2669),.UNSPECIFIED.,.F.,
  .F.,(2,2),(-195.,-15.),.PIECEWISE_BEZIER_KNOTS.);
#2668 = CARTESIAN_POINT('',(26.,180.));
#2669 = CARTESIAN_POINT('',(26.,0.));
#2670 = ( GEOMETRIC_REPRESENTATION_CONTEXT(2) 
PARAMETRIC_REPRESENTATION_CONTEXT() REPRESENTATION_CONTEXT('2D SPACE',''
  ) );
#2671 = ORIENTED_EDGE('',*,*,#2672,.T.);
#2672 = EDGE_CURVE('',#2647,#2673,#2675,.T.);
#2673 = VERTEX_POINT('',#2674);
#2674 = CARTESIAN_POINT('',(250.,80.,560.));
#2675 = SURFACE_CURVE('',#2676,(#2680,#2686),.PCURVE_S1.);
#2676 = LINE('',#2677,#2678);
#2677 = CARTESIAN_POINT('',(250.,80.,300.));
#2678 = VECTOR('',#2679,1.);
#2679 = DIRECTION('',(0.,0.,1.));
#2680 = PCURVE('',#566,#2681);
#2681 = DEFINITIONAL_REPRESENTATION('',(#2682),#2685);
#2682 = B_SPLINE_CURVE_WITH_KNOTS('',1,(#2683,#2684),.UNSPECIFIED.,.F.,
  .F.,(2,2),(250.,260.),.PIECEWISE_BEZIER_KNOTS.);
#2683 = CARTESIAN_POINT('',(500.,-30.));
#2684 = CARTESIAN_POINT('',(510.,-30.));
#2685 = ( GEOMETRIC_REPRESENTATION_CONTEXT(2) 
PARAMETRIC_REPRESENTATION_CONTEXT() REPRESENTATION_CONTEXT('2D SPACE',''
  ) );
#2686 = PCURVE('',#2687,#2692);
#2687 = PLANE('',#2688);
#2688 = AXIS2_PLACEMENT_3D('',#2689,#2690,#2691);
#2689 = CARTESIAN_POINT('',(224.,80.,550.));
#2690 = DIRECTION('',(0.,1.,0.));
#2691 = DIRECTION('',(0.,0.,1.));
#2692 = DEFINITIONAL_REPRESENTATION('',(#2693),#2696);
#2693 = B_SPLINE_CURVE_WITH_KNOTS('',1,(#2694,#2695),.UNSPECIFIED.,.F.,
  .F.,(2,2),(250.,260.),.PIECEWISE_BEZIER_KNOTS.);
#2694 = CARTESIAN_POINT('',(0.,26.));
#2695 = CARTESIAN_POINT('',(10.,26.));
#2696 = ( GEOMETRIC_REPRESENTATION_CONTEXT(2) 
PARAMETRIC_REPRESENTATION_CONTEXT() REPRESENTATION_CONTEXT('2D SPACE',''
  ) );
#2697 = ORIENTED_EDGE('',*,*,#2698,.F.);
#2698 = EDGE_CURVE('',#2699,#2673,#2701,.T.);
#2699 = VERTEX_POINT('',#2700);
#2700 = CARTESIAN_POINT('',(250.,260.,560.));
#2701 = SURFACE_CURVE('',#2702,(#2706,#2712),.PCURVE_S1.);
#2702 = LINE('',#2703,#2704);
#2703 = CARTESIAN_POINT('',(250.,65.,560.));
#2704 = VECTOR('',#2705,1.);
#2705 = DIRECTION('',(0.,-1.,0.));
#2706 = PCURVE('',#566,#2707);
#2707 = DEFINITIONAL_REPRESENTATION('',(#2708),#2711);
#2708 = B_SPLINE_CURVE_WITH_KNOTS('',1,(#2709,#2710),.UNSPECIFIED.,.F.,
  .F.,(2,2),(-195.,-15.),.PIECEWISE_BEZIER_KNOTS.);
#2709 = CARTESIAN_POINT('',(510.,-210.));
#2710 = CARTESIAN_POINT('',(510.,-30.));
#2711 = ( GEOMETRIC_REPRESENTATION_CONTEXT(2) 
PARAMETRIC_REPRESENTATION_CONTEXT() REPRESENTATION_CONTEXT('2D SPACE',''
  ) );
#2712 = PCURVE('',#2713,#2718);
#2713 = PLANE('',#2714);
#2714 = AXIS2_PLACEMENT_3D('',#2715,#2716,#2717);
#2715 = CARTESIAN_POINT('',(224.,80.,560.));
#2716 = DIRECTION('',(0.,0.,1.));
#2717 = DIRECTION('',(1.,0.,0.));
#2718 = DEFINITIONAL_REPRESENTATION('',(#2719),#2722);
#2719 = B_SPLINE_CURVE_WITH_KNOTS('',1,(#2720,#2721),.UNSPECIFIED.,.F.,
  .F.,(2,2),(-195.,-15.),.PIECEWISE_BEZIER_KNOTS.);
#2720 = CARTESIAN_POINT('',(26.,180.));
#2721 = CARTESIAN_POINT('',(26.,0.));
#2722 = ( GEOMETRIC_REPRESENTATION_CONTEXT(2) 
PARAMETRIC_REPRESENTATION_CONTEXT() REPRESENTATION_CONTEXT('2D SPACE',''
  ) );
#2723 = ORIENTED_EDGE('',*,*,#2724,.F.);
#2724 = EDGE_CURVE('',#2645,#2699,#2725,.T.);
#2725 = SURFACE_CURVE('',#2726,(#2730,#2736),.PCURVE_S1.);
#2726 = LINE('',#2727,#2728);
#2727 = CARTESIAN_POINT('',(250.,260.,300.));
#2728 = VECTOR('',#2729,1.);
#2729 = DIRECTION('',(0.,0.,1.));
#2730 = PCURVE('',#566,#2731);
#2731 = DEFINITIONAL_REPRESENTATION('',(#2732),#2735);
#2732 = B_SPLINE_CURVE_WITH_KNOTS('',1,(#2733,#2734),.UNSPECIFIED.,.F.,
  .F.,(2,2),(250.,260.),.PIECEWISE_BEZIER_KNOTS.);
#2733 = CARTESIAN_POINT('',(500.,-210.));
#2734 = CARTESIAN_POINT('',(510.,-210.));
#2735 = ( GEOMETRIC_REPRESENTATION_CONTEXT(2) 
PARAMETRIC_REPRESENTATION_CONTEXT() REPRESENTATION_CONTEXT('2D SPACE',''
  ) );
#2736 = PCURVE('',#2737,#2742);
#2737 = PLANE('',#2738);
#2738 = AXIS2_PLACEMENT_3D('',#2739,#2740,#2741);
#2739 = CARTESIAN_POINT('',(224.,260.,550.));
#2740 = DIRECTION('',(0.,1.,0.));
#2741 = DIRECTION('',(0.,0.,1.));
#2742 = DEFINITIONAL_REPRESENTATION('',(#2743),#2746);
#2743 = B_SPLINE_CURVE_WITH_KNOTS('',1,(#2744,#2745),.UNSPECIFIED.,.F.,
  .F.,(2,2),(250.,260.),.PIECEWISE_BEZIER_KNOTS.);
#2744 = CARTESIAN_POINT('',(0.,26.));
#2745 = CARTESIAN_POINT('',(10.,26.));
#2746 = ( GEOMETRIC_REPRESENTATION_CONTEXT(2) 
PARAMETRIC_REPRESENTATION_CONTEXT() REPRESENTATION_CONTEXT('2D SPACE',''
  ) );
#2747 = ADVANCED_FACE('',(#2748),#540,.F.);
#2748 = FACE_BOUND('',#2749,.F.);
#2749 = EDGE_LOOP('',(#2750,#2773,#2794,#2795));
#2750 = ORIENTED_EDGE('',*,*,#2751,.F.);
#2751 = EDGE_CURVE('',#2752,#1008,#2754,.T.);
#2752 = VERTEX_POINT('',#2753);
#2753 = CARTESIAN_POINT('',(-250.,290.,50.));
#2754 = SURFACE_CURVE('',#2755,(#2759,#2766),.PCURVE_S1.);
#2755 = LINE('',#2756,#2757);
#2756 = CARTESIAN_POINT('',(-250.,290.,50.));
#2757 = VECTOR('',#2758,1.);
#2758 = DIRECTION('',(1.,0.,0.));
#2759 = PCURVE('',#540,#2760);
#2760 = DEFINITIONAL_REPRESENTATION('',(#2761),#2765);
#2761 = LINE('',#2762,#2763);
#2762 = CARTESIAN_POINT('',(0.,240.));
#2763 = VECTOR('',#2764,1.);
#2764 = DIRECTION('',(1.,0.));
#2765 = ( GEOMETRIC_REPRESENTATION_CONTEXT(2) 
PARAMETRIC_REPRESENTATION_CONTEXT() REPRESENTATION_CONTEXT('2D SPACE',''
  ) );
#2766 = PCURVE('',#991,#2767);
#2767 = DEFINITIONAL_REPRESENTATION('',(#2768),#2772);
#2768 = LINE('',#2769,#2770);
#2769 = CARTESIAN_POINT('',(0.,0.));
#2770 = VECTOR('',#2771,1.);
#2771 = DIRECTION('',(0.,1.));
#2772 = ( GEOMETRIC_REPRESENTATION_CONTEXT(2) 
PARAMETRIC_REPRESENTATION_CONTEXT() REPRESENTATION_CONTEXT('2D SPACE',''
  ) );
#2773 = ORIENTED_EDGE('',*,*,#2774,.F.);
#2774 = EDGE_CURVE('',#497,#2752,#2775,.T.);
#2775 = SURFACE_CURVE('',#2776,(#2780,#2787),.PCURVE_S1.);
#2776 = LINE('',#2777,#2778);
#2777 = CARTESIAN_POINT('',(-250.,50.,50.));
#2778 = VECTOR('',#2779,1.);
#2779 = DIRECTION('',(0.,1.,0.));
#2780 = PCURVE('',#540,#2781);
#2781 = DEFINITIONAL_REPRESENTATION('',(#2782),#2786);
#2782 = LINE('',#2783,#2784);
#2783 = CARTESIAN_POINT('',(0.,0.));
#2784 = VECTOR('',#2785,1.);
#2785 = DIRECTION('',(0.,1.));
#2786 = ( GEOMETRIC_REPRESENTATION_CONTEXT(2) 
PARAMETRIC_REPRESENTATION_CONTEXT() REPRESENTATION_CONTEXT('2D SPACE',''
  ) );
#2787 = PCURVE('',#512,#2788);
#2788 = DEFINITIONAL_REPRESENTATION('',(#2789),#2793);
#2789 = LINE('',#2790,#2791);
#2790 = CARTESIAN_POINT('',(0.,0.));
#2791 = VECTOR('',#2792,1.);
#2792 = DIRECTION('',(0.,-1.));
#2793 = ( GEOMETRIC_REPRESENTATION_CONTEXT(2) 
PARAMETRIC_REPRESENTATION_CONTEXT() REPRESENTATION_CONTEXT('2D SPACE',''
  ) );
#2794 = ORIENTED_EDGE('',*,*,#524,.T.);
#2795 = ORIENTED_EDGE('',*,*,#1007,.T.);
#2796 = ADVANCED_FACE('',(#2797),#512,.F.);
#2797 = FACE_BOUND('',#2798,.F.);
#2798 = EDGE_LOOP('',(#2799,#2800,#2801,#2822));
#2799 = ORIENTED_EDGE('',*,*,#496,.F.);
#2800 = ORIENTED_EDGE('',*,*,#2774,.T.);
#2801 = ORIENTED_EDGE('',*,*,#2802,.T.);
#2802 = EDGE_CURVE('',#2752,#931,#2803,.T.);
#2803 = SURFACE_CURVE('',#2804,(#2808,#2815),.PCURVE_S1.);
#2804 = LINE('',#2805,#2806);
#2805 = CARTESIAN_POINT('',(-250.,290.,50.));
#2806 = VECTOR('',#2807,1.);
#2807 = DIRECTION('',(0.,0.,1.));
#2808 = PCURVE('',#512,#2809);
#2809 = DEFINITIONAL_REPRESENTATION('',(#2810),#2814);
#2810 = LINE('',#2811,#2812);
#2811 = CARTESIAN_POINT('',(0.,-240.));
#2812 = VECTOR('',#2813,1.);
#2813 = DIRECTION('',(1.,0.));
#2814 = ( GEOMETRIC_REPRESENTATION_CONTEXT(2) 
PARAMETRIC_REPRESENTATION_CONTEXT() REPRESENTATION_CONTEXT('2D SPACE',''
  ) );
#2815 = PCURVE('',#991,#2816);
#2816 = DEFINITIONAL_REPRESENTATION('',(#2817),#2821);
#2817 = LINE('',#2818,#2819);
#2818 = CARTESIAN_POINT('',(0.,0.));
#2819 = VECTOR('',#2820,1.);
#2820 = DIRECTION('',(1.,0.));
#2821 = ( GEOMETRIC_REPRESENTATION_CONTEXT(2) 
PARAMETRIC_REPRESENTATION_CONTEXT() REPRESENTATION_CONTEXT('2D SPACE',''
  ) );
#2822 = ORIENTED_EDGE('',*,*,#930,.F.);
#2823 = ADVANCED_FACE('',(#2824,#2830,#2865,#2979,#3093,#3207,#3321,
    #3435,#3549,#3663),#654,.F.);
#2824 = FACE_BOUND('',#2825,.F.);
#2825 = EDGE_LOOP('',(#2826,#2827,#2828,#2829));
#2826 = ORIENTED_EDGE('',*,*,#877,.F.);
#2827 = ORIENTED_EDGE('',*,*,#903,.T.);
#2828 = ORIENTED_EDGE('',*,*,#638,.T.);
#2829 = ORIENTED_EDGE('',*,*,#805,.F.);
#2830 = FACE_BOUND('',#2831,.F.);
#2831 = EDGE_LOOP('',(#2832));
#2832 = ORIENTED_EDGE('',*,*,#2833,.T.);
#2833 = EDGE_CURVE('',#2834,#2834,#2836,.T.);
#2834 = VERTEX_POINT('',#2835);
#2835 = CARTESIAN_POINT('',(-40.,-100.,710.));
#2836 = SURFACE_CURVE('',#2837,(#2842,#2853),.PCURVE_S1.);
#2837 = CIRCLE('',#2838,10.);
#2838 = AXIS2_PLACEMENT_3D('',#2839,#2840,#2841);
#2839 = CARTESIAN_POINT('',(-50.,-100.,710.));
#2840 = DIRECTION('',(0.,-1.,0.));
#2841 = DIRECTION('',(1.,0.,0.));
#2842 = PCURVE('',#654,#2843);
#2843 = DEFINITIONAL_REPRESENTATION('',(#2844),#2852);
#2844 = ( BOUNDED_CURVE() B_SPLINE_CURVE(2,(#2845,#2846,#2847,#2848,
#2849,#2850,#2851),.UNSPECIFIED.,.T.,.F.) B_SPLINE_CURVE_WITH_KNOTS((1,2
    ,2,2,2,1),(-2.094395102393,0.,2.094395102393,4.188790204786,
6.28318530718,8.377580409573),.UNSPECIFIED.) CURVE() 
GEOMETRIC_REPRESENTATION_ITEM() RATIONAL_B_SPLINE_CURVE((1.,0.5,1.,0.5,
1.,0.5,1.)) REPRESENTATION_ITEM('') );
#2845 = CARTESIAN_POINT('',(160.,185.));
#2846 = CARTESIAN_POINT('',(177.32050807568,185.));
#2847 = CARTESIAN_POINT('',(168.66025403784,170.));
#2848 = CARTESIAN_POINT('',(160.,155.));
#2849 = CARTESIAN_POINT('',(151.33974596215,170.));
#2850 = CARTESIAN_POINT('',(142.67949192431,185.));
#2851 = CARTESIAN_POINT('',(160.,185.));
#2852 = ( GEOMETRIC_REPRESENTATION_CONTEXT(2) 
PARAMETRIC_REPRESENTATION_CONTEXT() REPRESENTATION_CONTEXT('2D SPACE',''
  ) );
#2853 = PCURVE('',#2854,#2859);
#2854 = CYLINDRICAL_SURFACE('',#2855,10.);
#2855 = AXIS2_PLACEMENT_3D('',#2856,#2857,#2858);
#2856 = CARTESIAN_POINT('',(-50.,-100.,710.));
#2857 = DIRECTION('',(-0.,1.,-0.));
#2858 = DIRECTION('',(1.,0.,0.));
#2859 = DEFINITIONAL_REPRESENTATION('',(#2860),#2864);
#2860 = LINE('',#2861,#2862);
#2861 = CARTESIAN_POINT('',(-0.,0.));
#2862 = VECTOR('',#2863,1.);
#2863 = DIRECTION('',(-1.,0.));
#2864 = ( GEOMETRIC_REPRESENTATION_CONTEXT(2) 
PARAMETRIC_REPRESENTATION_CONTEXT() REPRESENTATION_CONTEXT('2D SPACE',''
  ) );
#2865 = FACE_BOUND('',#2866,.F.);
#2866 = EDGE_LOOP('',(#2867,#2897,#2925,#2953));
#2867 = ORIENTED_EDGE('',*,*,#2868,.F.);
#2868 = EDGE_CURVE('',#2869,#2871,#2873,.T.);
#2869 = VERTEX_POINT('',#2870);
#2870 = CARTESIAN_POINT('',(-190.,-100.,566.));
#2871 = VERTEX_POINT('',#2872);
#2872 = CARTESIAN_POINT('',(190.,-100.,566.));
#2873 = SURFACE_CURVE('',#2874,(#2878,#2885),.PCURVE_S1.);
#2874 = LINE('',#2875,#2876);
#2875 = CARTESIAN_POINT('',(-190.,-100.,566.));
#2876 = VECTOR('',#2877,1.);
#2877 = DIRECTION('',(1.,0.,0.));
#2878 = PCURVE('',#654,#2879);
#2879 = DEFINITIONAL_REPRESENTATION('',(#2880),#2884);
#2880 = LINE('',#2881,#2882);
#2881 = CARTESIAN_POINT('',(16.,35.));
#2882 = VECTOR('',#2883,1.);
#2883 = DIRECTION('',(0.,1.));
#2884 = ( GEOMETRIC_REPRESENTATION_CONTEXT(2) 
PARAMETRIC_REPRESENTATION_CONTEXT() REPRESENTATION_CONTEXT('2D SPACE',''
  ) );
#2885 = PCURVE('',#2886,#2891);
#2886 = PLANE('',#2887);
#2887 = AXIS2_PLACEMENT_3D('',#2888,#2889,#2890);
#2888 = CARTESIAN_POINT('',(-190.,-100.,566.));
#2889 = DIRECTION('',(0.,0.,1.));
#2890 = DIRECTION('',(1.,0.,0.));
#2891 = DEFINITIONAL_REPRESENTATION('',(#2892),#2896);
#2892 = LINE('',#2893,#2894);
#2893 = CARTESIAN_POINT('',(0.,0.));
#2894 = VECTOR('',#2895,1.);
#2895 = DIRECTION('',(1.,0.));
#2896 = ( GEOMETRIC_REPRESENTATION_CONTEXT(2) 
PARAMETRIC_REPRESENTATION_CONTEXT() REPRESENTATION_CONTEXT('2D SPACE',''
  ) );
#2897 = ORIENTED_EDGE('',*,*,#2898,.F.);
#2898 = EDGE_CURVE('',#2899,#2869,#2901,.T.);
#2899 = VERTEX_POINT('',#2900);
#2900 = CARTESIAN_POINT('',(-190.,-100.,558.));
#2901 = SURFACE_CURVE('',#2902,(#2906,#2913),.PCURVE_S1.);
#2902 = LINE('',#2903,#2904);
#2903 = CARTESIAN_POINT('',(-190.,-100.,558.));
#2904 = VECTOR('',#2905,1.);
#2905 = DIRECTION('',(0.,0.,1.));
#2906 = PCURVE('',#654,#2907);
#2907 = DEFINITIONAL_REPRESENTATION('',(#2908),#2912);
#2908 = LINE('',#2909,#2910);
#2909 = CARTESIAN_POINT('',(8.,35.));
#2910 = VECTOR('',#2911,1.);
#2911 = DIRECTION('',(1.,0.));
#2912 = ( GEOMETRIC_REPRESENTATION_CONTEXT(2) 
PARAMETRIC_REPRESENTATION_CONTEXT() REPRESENTATION_CONTEXT('2D SPACE',''
  ) );
#2913 = PCURVE('',#2914,#2919);
#2914 = PLANE('',#2915);
#2915 = AXIS2_PLACEMENT_3D('',#2916,#2917,#2918);
#2916 = CARTESIAN_POINT('',(-190.,-100.,558.));
#2917 = DIRECTION('',(1.,0.,0.));
#2918 = DIRECTION('',(0.,0.,1.));
#2919 = DEFINITIONAL_REPRESENTATION('',(#2920),#2924);
#2920 = LINE('',#2921,#2922);
#2921 = CARTESIAN_POINT('',(0.,0.));
#2922 = VECTOR('',#2923,1.);
#2923 = DIRECTION('',(1.,0.));
#2924 = ( GEOMETRIC_REPRESENTATION_CONTEXT(2) 
PARAMETRIC_REPRESENTATION_CONTEXT() REPRESENTATION_CONTEXT('2D SPACE',''
  ) );
#2925 = ORIENTED_EDGE('',*,*,#2926,.T.);
#2926 = EDGE_CURVE('',#2899,#2927,#2929,.T.);
#2927 = VERTEX_POINT('',#2928);
#2928 = CARTESIAN_POINT('',(190.,-100.,558.));
#2929 = SURFACE_CURVE('',#2930,(#2934,#2941),.PCURVE_S1.);
#2930 = LINE('',#2931,#2932);
#2931 = CARTESIAN_POINT('',(-190.,-100.,558.));
#2932 = VECTOR('',#2933,1.);
#2933 = DIRECTION('',(1.,0.,0.));
#2934 = PCURVE('',#654,#2935);
#2935 = DEFINITIONAL_REPRESENTATION('',(#2936),#2940);
#2936 = LINE('',#2937,#2938);
#2937 = CARTESIAN_POINT('',(8.,35.));
#2938 = VECTOR('',#2939,1.);
#2939 = DIRECTION('',(0.,1.));
#2940 = ( GEOMETRIC_REPRESENTATION_CONTEXT(2) 
PARAMETRIC_REPRESENTATION_CONTEXT() REPRESENTATION_CONTEXT('2D SPACE',''
  ) );
#2941 = PCURVE('',#2942,#2947);
#2942 = PLANE('',#2943);
#2943 = AXIS2_PLACEMENT_3D('',#2944,#2945,#2946);
#2944 = CARTESIAN_POINT('',(-190.,-100.,558.));
#2945 = DIRECTION('',(0.,0.,1.));
#2946 = DIRECTION('',(1.,0.,0.));
#2947 = DEFINITIONAL_REPRESENTATION('',(#2948),#2952);
#2948 = LINE('',#2949,#2950);
#2949 = CARTESIAN_POINT('',(0.,0.));
#2950 = VECTOR('',#2951,1.);
#2951 = DIRECTION('',(1.,0.));
#2952 = ( GEOMETRIC_REPRESENTATION_CONTEXT(2) 
PARAMETRIC_REPRESENTATION_CONTEXT() REPRESENTATION_CONTEXT('2D SPACE',''
  ) );
#2953 = ORIENTED_EDGE('',*,*,#2954,.T.);
#2954 = EDGE_CURVE('',#2927,#2871,#2955,.T.);
#2955 = SURFACE_CURVE('',#2956,(#2960,#2967),.PCURVE_S1.);
#2956 = LINE('',#2957,#2958);
#2957 = CARTESIAN_POINT('',(190.,-100.,558.));
#2958 = VECTOR('',#2959,1.);
#2959 = DIRECTION('',(0.,0.,1.));
#2960 = PCURVE('',#654,#2961);
#2961 = DEFINITIONAL_REPRESENTATION('',(#2962),#2966);
#2962 = LINE('',#2963,#2964);
#2963 = CARTESIAN_POINT('',(8.,415.));
#2964 = VECTOR('',#2965,1.);
#2965 = DIRECTION('',(1.,0.));
#2966 = ( GEOMETRIC_REPRESENTATION_CONTEXT(2) 
PARAMETRIC_REPRESENTATION_CONTEXT() REPRESENTATION_CONTEXT('2D SPACE',''
  ) );
#2967 = PCURVE('',#2968,#2973);
#2968 = PLANE('',#2969);
#2969 = AXIS2_PLACEMENT_3D('',#2970,#2971,#2972);
#2970 = CARTESIAN_POINT('',(190.,-100.,558.));
#2971 = DIRECTION('',(1.,0.,0.));
#2972 = DIRECTION('',(0.,0.,1.));
#2973 = DEFINITIONAL_REPRESENTATION('',(#2974),#2978);
#2974 = LINE('',#2975,#2976);
#2975 = CARTESIAN_POINT('',(0.,0.));
#2976 = VECTOR('',#2977,1.);
#2977 = DIRECTION('',(1.,0.));
#2978 = ( GEOMETRIC_REPRESENTATION_CONTEXT(2) 
PARAMETRIC_REPRESENTATION_CONTEXT() REPRESENTATION_CONTEXT('2D SPACE',''
  ) );
#2979 = FACE_BOUND('',#2980,.F.);
#2980 = EDGE_LOOP('',(#2981,#3011,#3039,#3067));
#2981 = ORIENTED_EDGE('',*,*,#2982,.F.);
#2982 = EDGE_CURVE('',#2983,#2985,#2987,.T.);
#2983 = VERTEX_POINT('',#2984);
#2984 = CARTESIAN_POINT('',(-190.,-100.,586.));
#2985 = VERTEX_POINT('',#2986);
#2986 = CARTESIAN_POINT('',(190.,-100.,586.));
#2987 = SURFACE_CURVE('',#2988,(#2992,#2999),.PCURVE_S1.);
#2988 = LINE('',#2989,#2990);
#2989 = CARTESIAN_POINT('',(-190.,-100.,586.));
#2990 = VECTOR('',#2991,1.);
#2991 = DIRECTION('',(1.,0.,0.));
#2992 = PCURVE('',#654,#2993);
#2993 = DEFINITIONAL_REPRESENTATION('',(#2994),#2998);
#2994 = LINE('',#2995,#2996);
#2995 = CARTESIAN_POINT('',(36.,35.));
#2996 = VECTOR('',#2997,1.);
#2997 = DIRECTION('',(0.,1.));
#2998 = ( GEOMETRIC_REPRESENTATION_CONTEXT(2) 
PARAMETRIC_REPRESENTATION_CONTEXT() REPRESENTATION_CONTEXT('2D SPACE',''
  ) );
#2999 = PCURVE('',#3000,#3005);
#3000 = PLANE('',#3001);
#3001 = AXIS2_PLACEMENT_3D('',#3002,#3003,#3004);
#3002 = CARTESIAN_POINT('',(-190.,-100.,586.));
#3003 = DIRECTION('',(0.,0.,1.));
#3004 = DIRECTION('',(1.,0.,0.));
#3005 = DEFINITIONAL_REPRESENTATION('',(#3006),#3010);
#3006 = LINE('',#3007,#3008);
#3007 = CARTESIAN_POINT('',(0.,0.));
#3008 = VECTOR('',#3009,1.);
#3009 = DIRECTION('',(1.,0.));
#3010 = ( GEOMETRIC_REPRESENTATION_CONTEXT(2) 
PARAMETRIC_REPRESENTATION_CONTEXT() REPRESENTATION_CONTEXT('2D SPACE',''
  ) );
#3011 = ORIENTED_EDGE('',*,*,#3012,.F.);
#3012 = EDGE_CURVE('',#3013,#2983,#3015,.T.);
#3013 = VERTEX_POINT('',#3014);
#3014 = CARTESIAN_POINT('',(-190.,-100.,578.));
#3015 = SURFACE_CURVE('',#3016,(#3020,#3027),.PCURVE_S1.);
#3016 = LINE('',#3017,#3018);
#3017 = CARTESIAN_POINT('',(-190.,-100.,578.));
#3018 = VECTOR('',#3019,1.);
#3019 = DIRECTION('',(0.,0.,1.));
#3020 = PCURVE('',#654,#3021);
#3021 = DEFINITIONAL_REPRESENTATION('',(#3022),#3026);
#3022 = LINE('',#3023,#3024);
#3023 = CARTESIAN_POINT('',(28.,35.));
#3024 = VECTOR('',#3025,1.);
#3025 = DIRECTION('',(1.,0.));
#3026 = ( GEOMETRIC_REPRESENTATION_CONTEXT(2) 
PARAMETRIC_REPRESENTATION_CONTEXT() REPRESENTATION_CONTEXT('2D SPACE',''
  ) );
#3027 = PCURVE('',#3028,#3033);
#3028 = PLANE('',#3029);
#3029 = AXIS2_PLACEMENT_3D('',#3030,#3031,#3032);
#3030 = CARTESIAN_POINT('',(-190.,-100.,578.));
#3031 = DIRECTION('',(1.,0.,0.));
#3032 = DIRECTION('',(0.,0.,1.));
#3033 = DEFINITIONAL_REPRESENTATION('',(#3034),#3038);
#3034 = LINE('',#3035,#3036);
#3035 = CARTESIAN_POINT('',(0.,0.));
#3036 = VECTOR('',#3037,1.);
#3037 = DIRECTION('',(1.,0.));
#3038 = ( GEOMETRIC_REPRESENTATION_CONTEXT(2) 
PARAMETRIC_REPRESENTATION_CONTEXT() REPRESENTATION_CONTEXT('2D SPACE',''
  ) );
#3039 = ORIENTED_EDGE('',*,*,#3040,.T.);
#3040 = EDGE_CURVE('',#3013,#3041,#3043,.T.);
#3041 = VERTEX_POINT('',#3042);
#3042 = CARTESIAN_POINT('',(190.,-100.,578.));
#3043 = SURFACE_CURVE('',#3044,(#3048,#3055),.PCURVE_S1.);
#3044 = LINE('',#3045,#3046);
#3045 = CARTESIAN_POINT('',(-190.,-100.,578.));
#3046 = VECTOR('',#3047,1.);
#3047 = DIRECTION('',(1.,0.,0.));
#3048 = PCURVE('',#654,#3049);
#3049 = DEFINITIONAL_REPRESENTATION('',(#3050),#3054);
#3050 = LINE('',#3051,#3052);
#3051 = CARTESIAN_POINT('',(28.,35.));
#3052 = VECTOR('',#3053,1.);
#3053 = DIRECTION('',(0.,1.));
#3054 = ( GEOMETRIC_REPRESENTATION_CONTEXT(2) 
PARAMETRIC_REPRESENTATION_CONTEXT() REPRESENTATION_CONTEXT('2D SPACE',''
  ) );
#3055 = PCURVE('',#3056,#3061);
#3056 = PLANE('',#3057);
#3057 = AXIS2_PLACEMENT_3D('',#3058,#3059,#3060);
#3058 = CARTESIAN_POINT('',(-190.,-100.,578.));
#3059 = DIRECTION('',(0.,0.,1.));
#3060 = DIRECTION('',(1.,0.,0.));
#3061 = DEFINITIONAL_REPRESENTATION('',(#3062),#3066);
#3062 = LINE('',#3063,#3064);
#3063 = CARTESIAN_POINT('',(0.,0.));
#3064 = VECTOR('',#3065,1.);
#3065 = DIRECTION('',(1.,0.));
#3066 = ( GEOMETRIC_REPRESENTATION_CONTEXT(2) 
PARAMETRIC_REPRESENTATION_CONTEXT() REPRESENTATION_CONTEXT('2D SPACE',''
  ) );
#3067 = ORIENTED_EDGE('',*,*,#3068,.T.);
#3068 = EDGE_CURVE('',#3041,#2985,#3069,.T.);
#3069 = SURFACE_CURVE('',#3070,(#3074,#3081),.PCURVE_S1.);
#3070 = LINE('',#3071,#3072);
#3071 = CARTESIAN_POINT('',(190.,-100.,578.));
#3072 = VECTOR('',#3073,1.);
#3073 = DIRECTION('',(0.,0.,1.));
#3074 = PCURVE('',#654,#3075);
#3075 = DEFINITIONAL_REPRESENTATION('',(#3076),#3080);
#3076 = LINE('',#3077,#3078);
#3077 = CARTESIAN_POINT('',(28.,415.));
#3078 = VECTOR('',#3079,1.);
#3079 = DIRECTION('',(1.,0.));
#3080 = ( GEOMETRIC_REPRESENTATION_CONTEXT(2) 
PARAMETRIC_REPRESENTATION_CONTEXT() REPRESENTATION_CONTEXT('2D SPACE',''
  ) );
#3081 = PCURVE('',#3082,#3087);
#3082 = PLANE('',#3083);
#3083 = AXIS2_PLACEMENT_3D('',#3084,#3085,#3086);
#3084 = CARTESIAN_POINT('',(190.,-100.,578.));
#3085 = DIRECTION('',(1.,0.,0.));
#3086 = DIRECTION('',(0.,0.,1.));
#3087 = DEFINITIONAL_REPRESENTATION('',(#3088),#3092);
#3088 = LINE('',#3089,#3090);
#3089 = CARTESIAN_POINT('',(0.,0.));
#3090 = VECTOR('',#3091,1.);
#3091 = DIRECTION('',(1.,0.));
#3092 = ( GEOMETRIC_REPRESENTATION_CONTEXT(2) 
PARAMETRIC_REPRESENTATION_CONTEXT() REPRESENTATION_CONTEXT('2D SPACE',''
  ) );
#3093 = FACE_BOUND('',#3094,.F.);
#3094 = EDGE_LOOP('',(#3095,#3125,#3153,#3181));
#3095 = ORIENTED_EDGE('',*,*,#3096,.F.);
#3096 = EDGE_CURVE('',#3097,#3099,#3101,.T.);
#3097 = VERTEX_POINT('',#3098);
#3098 = CARTESIAN_POINT('',(-190.,-100.,606.));
#3099 = VERTEX_POINT('',#3100);
#3100 = CARTESIAN_POINT('',(190.,-100.,606.));
#3101 = SURFACE_CURVE('',#3102,(#3106,#3113),.PCURVE_S1.);
#3102 = LINE('',#3103,#3104);
#3103 = CARTESIAN_POINT('',(-190.,-100.,606.));
#3104 = VECTOR('',#3105,1.);
#3105 = DIRECTION('',(1.,0.,0.));
#3106 = PCURVE('',#654,#3107);
#3107 = DEFINITIONAL_REPRESENTATION('',(#3108),#3112);
#3108 = LINE('',#3109,#3110);
#3109 = CARTESIAN_POINT('',(56.,35.));
#3110 = VECTOR('',#3111,1.);
#3111 = DIRECTION('',(0.,1.));
#3112 = ( GEOMETRIC_REPRESENTATION_CONTEXT(2) 
PARAMETRIC_REPRESENTATION_CONTEXT() REPRESENTATION_CONTEXT('2D SPACE',''
  ) );
#3113 = PCURVE('',#3114,#3119);
#3114 = PLANE('',#3115);
#3115 = AXIS2_PLACEMENT_3D('',#3116,#3117,#3118);
#3116 = CARTESIAN_POINT('',(-190.,-100.,606.));
#3117 = DIRECTION('',(0.,0.,1.));
#3118 = DIRECTION('',(1.,0.,0.));
#3119 = DEFINITIONAL_REPRESENTATION('',(#3120),#3124);
#3120 = LINE('',#3121,#3122);
#3121 = CARTESIAN_POINT('',(0.,0.));
#3122 = VECTOR('',#3123,1.);
#3123 = DIRECTION('',(1.,0.));
#3124 = ( GEOMETRIC_REPRESENTATION_CONTEXT(2) 
PARAMETRIC_REPRESENTATION_CONTEXT() REPRESENTATION_CONTEXT('2D SPACE',''
  ) );
#3125 = ORIENTED_EDGE('',*,*,#3126,.F.);
#3126 = EDGE_CURVE('',#3127,#3097,#3129,.T.);
#3127 = VERTEX_POINT('',#3128);
#3128 = CARTESIAN_POINT('',(-190.,-100.,598.));
#3129 = SURFACE_CURVE('',#3130,(#3134,#3141),.PCURVE_S1.);
#3130 = LINE('',#3131,#3132);
#3131 = CARTESIAN_POINT('',(-190.,-100.,598.));
#3132 = VECTOR('',#3133,1.);
#3133 = DIRECTION('',(0.,0.,1.));
#3134 = PCURVE('',#654,#3135);
#3135 = DEFINITIONAL_REPRESENTATION('',(#3136),#3140);
#3136 = LINE('',#3137,#3138);
#3137 = CARTESIAN_POINT('',(48.,35.));
#3138 = VECTOR('',#3139,1.);
#3139 = DIRECTION('',(1.,0.));
#3140 = ( GEOMETRIC_REPRESENTATION_CONTEXT(2) 
PARAMETRIC_REPRESENTATION_CONTEXT() REPRESENTATION_CONTEXT('2D SPACE',''
  ) );
#3141 = PCURVE('',#3142,#3147);
#3142 = PLANE('',#3143);
#3143 = AXIS2_PLACEMENT_3D('',#3144,#3145,#3146);
#3144 = CARTESIAN_POINT('',(-190.,-100.,598.));
#3145 = DIRECTION('',(1.,0.,0.));
#3146 = DIRECTION('',(0.,0.,1.));
#3147 = DEFINITIONAL_REPRESENTATION('',(#3148),#3152);
#3148 = LINE('',#3149,#3150);
#3149 = CARTESIAN_POINT('',(0.,0.));
#3150 = VECTOR('',#3151,1.);
#3151 = DIRECTION('',(1.,0.));
#3152 = ( GEOMETRIC_REPRESENTATION_CONTEXT(2) 
PARAMETRIC_REPRESENTATION_CONTEXT() REPRESENTATION_CONTEXT('2D SPACE',''
  ) );
#3153 = ORIENTED_EDGE('',*,*,#3154,.T.);
#3154 = EDGE_CURVE('',#3127,#3155,#3157,.T.);
#3155 = VERTEX_POINT('',#3156);
#3156 = CARTESIAN_POINT('',(190.,-100.,598.));
#3157 = SURFACE_CURVE('',#3158,(#3162,#3169),.PCURVE_S1.);
#3158 = LINE('',#3159,#3160);
#3159 = CARTESIAN_POINT('',(-190.,-100.,598.));
#3160 = VECTOR('',#3161,1.);
#3161 = DIRECTION('',(1.,0.,0.));
#3162 = PCURVE('',#654,#3163);
#3163 = DEFINITIONAL_REPRESENTATION('',(#3164),#3168);
#3164 = LINE('',#3165,#3166);
#3165 = CARTESIAN_POINT('',(48.,35.));
#3166 = VECTOR('',#3167,1.);
#3167 = DIRECTION('',(0.,1.));
#3168 = ( GEOMETRIC_REPRESENTATION_CONTEXT(2) 
PARAMETRIC_REPRESENTATION_CONTEXT() REPRESENTATION_CONTEXT('2D SPACE',''
  ) );
#3169 = PCURVE('',#3170,#3175);
#3170 = PLANE('',#3171);
#3171 = AXIS2_PLACEMENT_3D('',#3172,#3173,#3174);
#3172 = CARTESIAN_POINT('',(-190.,-100.,598.));
#3173 = DIRECTION('',(0.,0.,1.));
#3174 = DIRECTION('',(1.,0.,0.));
#3175 = DEFINITIONAL_REPRESENTATION('',(#3176),#3180);
#3176 = LINE('',#3177,#3178);
#3177 = CARTESIAN_POINT('',(0.,0.));
#3178 = VECTOR('',#3179,1.);
#3179 = DIRECTION('',(1.,0.));
#3180 = ( GEOMETRIC_REPRESENTATION_CONTEXT(2) 
PARAMETRIC_REPRESENTATION_CONTEXT() REPRESENTATION_CONTEXT('2D SPACE',''
  ) );
#3181 = ORIENTED_EDGE('',*,*,#3182,.T.);
#3182 = EDGE_CURVE('',#3155,#3099,#3183,.T.);
#3183 = SURFACE_CURVE('',#3184,(#3188,#3195),.PCURVE_S1.);
#3184 = LINE('',#3185,#3186);
#3185 = CARTESIAN_POINT('',(190.,-100.,598.));
#3186 = VECTOR('',#3187,1.);
#3187 = DIRECTION('',(0.,0.,1.));
#3188 = PCURVE('',#654,#3189);
#3189 = DEFINITIONAL_REPRESENTATION('',(#3190),#3194);
#3190 = LINE('',#3191,#3192);
#3191 = CARTESIAN_POINT('',(48.,415.));
#3192 = VECTOR('',#3193,1.);
#3193 = DIRECTION('',(1.,0.));
#3194 = ( GEOMETRIC_REPRESENTATION_CONTEXT(2) 
PARAMETRIC_REPRESENTATION_CONTEXT() REPRESENTATION_CONTEXT('2D SPACE',''
  ) );
#3195 = PCURVE('',#3196,#3201);
#3196 = PLANE('',#3197);
#3197 = AXIS2_PLACEMENT_3D('',#3198,#3199,#3200);
#3198 = CARTESIAN_POINT('',(190.,-100.,598.));
#3199 = DIRECTION('',(1.,0.,0.));
#3200 = DIRECTION('',(0.,0.,1.));
#3201 = DEFINITIONAL_REPRESENTATION('',(#3202),#3206);
#3202 = LINE('',#3203,#3204);
#3203 = CARTESIAN_POINT('',(0.,0.));
#3204 = VECTOR('',#3205,1.);
#3205 = DIRECTION('',(1.,0.));
#3206 = ( GEOMETRIC_REPRESENTATION_CONTEXT(2) 
PARAMETRIC_REPRESENTATION_CONTEXT() REPRESENTATION_CONTEXT('2D SPACE',''
  ) );
#3207 = FACE_BOUND('',#3208,.F.);
#3208 = EDGE_LOOP('',(#3209,#3239,#3267,#3295));
#3209 = ORIENTED_EDGE('',*,*,#3210,.F.);
#3210 = EDGE_CURVE('',#3211,#3213,#3215,.T.);
#3211 = VERTEX_POINT('',#3212);
#3212 = CARTESIAN_POINT('',(-190.,-100.,626.));
#3213 = VERTEX_POINT('',#3214);
#3214 = CARTESIAN_POINT('',(190.,-100.,626.));
#3215 = SURFACE_CURVE('',#3216,(#3220,#3227),.PCURVE_S1.);
#3216 = LINE('',#3217,#3218);
#3217 = CARTESIAN_POINT('',(-190.,-100.,626.));
#3218 = VECTOR('',#3219,1.);
#3219 = DIRECTION('',(1.,0.,0.));
#3220 = PCURVE('',#654,#3221);
#3221 = DEFINITIONAL_REPRESENTATION('',(#3222),#3226);
#3222 = LINE('',#3223,#3224);
#3223 = CARTESIAN_POINT('',(76.,35.));
#3224 = VECTOR('',#3225,1.);
#3225 = DIRECTION('',(0.,1.));
#3226 = ( GEOMETRIC_REPRESENTATION_CONTEXT(2) 
PARAMETRIC_REPRESENTATION_CONTEXT() REPRESENTATION_CONTEXT('2D SPACE',''
  ) );
#3227 = PCURVE('',#3228,#3233);
#3228 = PLANE('',#3229);
#3229 = AXIS2_PLACEMENT_3D('',#3230,#3231,#3232);
#3230 = CARTESIAN_POINT('',(-190.,-100.,626.));
#3231 = DIRECTION('',(0.,0.,1.));
#3232 = DIRECTION('',(1.,0.,0.));
#3233 = DEFINITIONAL_REPRESENTATION('',(#3234),#3238);
#3234 = LINE('',#3235,#3236);
#3235 = CARTESIAN_POINT('',(0.,0.));
#3236 = VECTOR('',#3237,1.);
#3237 = DIRECTION('',(1.,0.));
#3238 = ( GEOMETRIC_REPRESENTATION_CONTEXT(2) 
PARAMETRIC_REPRESENTATION_CONTEXT() REPRESENTATION_CONTEXT('2D SPACE',''
  ) );
#3239 = ORIENTED_EDGE('',*,*,#3240,.F.);
#3240 = EDGE_CURVE('',#3241,#3211,#3243,.T.);
#3241 = VERTEX_POINT('',#3242);
#3242 = CARTESIAN_POINT('',(-190.,-100.,618.));
#3243 = SURFACE_CURVE('',#3244,(#3248,#3255),.PCURVE_S1.);
#3244 = LINE('',#3245,#3246);
#3245 = CARTESIAN_POINT('',(-190.,-100.,618.));
#3246 = VECTOR('',#3247,1.);
#3247 = DIRECTION('',(0.,0.,1.));
#3248 = PCURVE('',#654,#3249);
#3249 = DEFINITIONAL_REPRESENTATION('',(#3250),#3254);
#3250 = LINE('',#3251,#3252);
#3251 = CARTESIAN_POINT('',(68.,35.));
#3252 = VECTOR('',#3253,1.);
#3253 = DIRECTION('',(1.,0.));
#3254 = ( GEOMETRIC_REPRESENTATION_CONTEXT(2) 
PARAMETRIC_REPRESENTATION_CONTEXT() REPRESENTATION_CONTEXT('2D SPACE',''
  ) );
#3255 = PCURVE('',#3256,#3261);
#3256 = PLANE('',#3257);
#3257 = AXIS2_PLACEMENT_3D('',#3258,#3259,#3260);
#3258 = CARTESIAN_POINT('',(-190.,-100.,618.));
#3259 = DIRECTION('',(1.,0.,0.));
#3260 = DIRECTION('',(0.,0.,1.));
#3261 = DEFINITIONAL_REPRESENTATION('',(#3262),#3266);
#3262 = LINE('',#3263,#3264);
#3263 = CARTESIAN_POINT('',(0.,0.));
#3264 = VECTOR('',#3265,1.);
#3265 = DIRECTION('',(1.,0.));
#3266 = ( GEOMETRIC_REPRESENTATION_CONTEXT(2) 
PARAMETRIC_REPRESENTATION_CONTEXT() REPRESENTATION_CONTEXT('2D SPACE',''
  ) );
#3267 = ORIENTED_EDGE('',*,*,#3268,.T.);
#3268 = EDGE_CURVE('',#3241,#3269,#3271,.T.);
#3269 = VERTEX_POINT('',#3270);
#3270 = CARTESIAN_POINT('',(190.,-100.,618.));
#3271 = SURFACE_CURVE('',#3272,(#3276,#3283),.PCURVE_S1.);
#3272 = LINE('',#3273,#3274);
#3273 = CARTESIAN_POINT('',(-190.,-100.,618.));
#3274 = VECTOR('',#3275,1.);
#3275 = DIRECTION('',(1.,0.,0.));
#3276 = PCURVE('',#654,#3277);
#3277 = DEFINITIONAL_REPRESENTATION('',(#3278),#3282);
#3278 = LINE('',#3279,#3280);
#3279 = CARTESIAN_POINT('',(68.,35.));
#3280 = VECTOR('',#3281,1.);
#3281 = DIRECTION('',(0.,1.));
#3282 = ( GEOMETRIC_REPRESENTATION_CONTEXT(2) 
PARAMETRIC_REPRESENTATION_CONTEXT() REPRESENTATION_CONTEXT('2D SPACE',''
  ) );
#3283 = PCURVE('',#3284,#3289);
#3284 = PLANE('',#3285);
#3285 = AXIS2_PLACEMENT_3D('',#3286,#3287,#3288);
#3286 = CARTESIAN_POINT('',(-190.,-100.,618.));
#3287 = DIRECTION('',(0.,0.,1.));
#3288 = DIRECTION('',(1.,0.,0.));
#3289 = DEFINITIONAL_REPRESENTATION('',(#3290),#3294);
#3290 = LINE('',#3291,#3292);
#3291 = CARTESIAN_POINT('',(0.,0.));
#3292 = VECTOR('',#3293,1.);
#3293 = DIRECTION('',(1.,0.));
#3294 = ( GEOMETRIC_REPRESENTATION_CONTEXT(2) 
PARAMETRIC_REPRESENTATION_CONTEXT() REPRESENTATION_CONTEXT('2D SPACE',''
  ) );
#3295 = ORIENTED_EDGE('',*,*,#3296,.T.);
#3296 = EDGE_CURVE('',#3269,#3213,#3297,.T.);
#3297 = SURFACE_CURVE('',#3298,(#3302,#3309),.PCURVE_S1.);
#3298 = LINE('',#3299,#3300);
#3299 = CARTESIAN_POINT('',(190.,-100.,618.));
#3300 = VECTOR('',#3301,1.);
#3301 = DIRECTION('',(0.,0.,1.));
#3302 = PCURVE('',#654,#3303);
#3303 = DEFINITIONAL_REPRESENTATION('',(#3304),#3308);
#3304 = LINE('',#3305,#3306);
#3305 = CARTESIAN_POINT('',(68.,415.));
#3306 = VECTOR('',#3307,1.);
#3307 = DIRECTION('',(1.,0.));
#3308 = ( GEOMETRIC_REPRESENTATION_CONTEXT(2) 
PARAMETRIC_REPRESENTATION_CONTEXT() REPRESENTATION_CONTEXT('2D SPACE',''
  ) );
#3309 = PCURVE('',#3310,#3315);
#3310 = PLANE('',#3311);
#3311 = AXIS2_PLACEMENT_3D('',#3312,#3313,#3314);
#3312 = CARTESIAN_POINT('',(190.,-100.,618.));
#3313 = DIRECTION('',(1.,0.,0.));
#3314 = DIRECTION('',(0.,0.,1.));
#3315 = DEFINITIONAL_REPRESENTATION('',(#3316),#3320);
#3316 = LINE('',#3317,#3318);
#3317 = CARTESIAN_POINT('',(0.,0.));
#3318 = VECTOR('',#3319,1.);
#3319 = DIRECTION('',(1.,0.));
#3320 = ( GEOMETRIC_REPRESENTATION_CONTEXT(2) 
PARAMETRIC_REPRESENTATION_CONTEXT() REPRESENTATION_CONTEXT('2D SPACE',''
  ) );
#3321 = FACE_BOUND('',#3322,.F.);
#3322 = EDGE_LOOP('',(#3323,#3353,#3381,#3409));
#3323 = ORIENTED_EDGE('',*,*,#3324,.F.);
#3324 = EDGE_CURVE('',#3325,#3327,#3329,.T.);
#3325 = VERTEX_POINT('',#3326);
#3326 = CARTESIAN_POINT('',(-190.,-100.,646.));
#3327 = VERTEX_POINT('',#3328);
#3328 = CARTESIAN_POINT('',(190.,-100.,646.));
#3329 = SURFACE_CURVE('',#3330,(#3334,#3341),.PCURVE_S1.);
#3330 = LINE('',#3331,#3332);
#3331 = CARTESIAN_POINT('',(-190.,-100.,646.));
#3332 = VECTOR('',#3333,1.);
#3333 = DIRECTION('',(1.,0.,0.));
#3334 = PCURVE('',#654,#3335);
#3335 = DEFINITIONAL_REPRESENTATION('',(#3336),#3340);
#3336 = LINE('',#3337,#3338);
#3337 = CARTESIAN_POINT('',(96.,35.));
#3338 = VECTOR('',#3339,1.);
#3339 = DIRECTION('',(0.,1.));
#3340 = ( GEOMETRIC_REPRESENTATION_CONTEXT(2) 
PARAMETRIC_REPRESENTATION_CONTEXT() REPRESENTATION_CONTEXT('2D SPACE',''
  ) );
#3341 = PCURVE('',#3342,#3347);
#3342 = PLANE('',#3343);
#3343 = AXIS2_PLACEMENT_3D('',#3344,#3345,#3346);
#3344 = CARTESIAN_POINT('',(-190.,-100.,646.));
#3345 = DIRECTION('',(0.,0.,1.));
#3346 = DIRECTION('',(1.,0.,0.));
#3347 = DEFINITIONAL_REPRESENTATION('',(#3348),#3352);
#3348 = LINE('',#3349,#3350);
#3349 = CARTESIAN_POINT('',(0.,0.));
#3350 = VECTOR('',#3351,1.);
#3351 = DIRECTION('',(1.,0.));
#3352 = ( GEOMETRIC_REPRESENTATION_CONTEXT(2) 
PARAMETRIC_REPRESENTATION_CONTEXT() REPRESENTATION_CONTEXT('2D SPACE',''
  ) );
#3353 = ORIENTED_EDGE('',*,*,#3354,.F.);
#3354 = EDGE_CURVE('',#3355,#3325,#3357,.T.);
#3355 = VERTEX_POINT('',#3356);
#3356 = CARTESIAN_POINT('',(-190.,-100.,638.));
#3357 = SURFACE_CURVE('',#3358,(#3362,#3369),.PCURVE_S1.);
#3358 = LINE('',#3359,#3360);
#3359 = CARTESIAN_POINT('',(-190.,-100.,638.));
#3360 = VECTOR('',#3361,1.);
#3361 = DIRECTION('',(0.,0.,1.));
#3362 = PCURVE('',#654,#3363);
#3363 = DEFINITIONAL_REPRESENTATION('',(#3364),#3368);
#3364 = LINE('',#3365,#3366);
#3365 = CARTESIAN_POINT('',(88.,35.));
#3366 = VECTOR('',#3367,1.);
#3367 = DIRECTION('',(1.,0.));
#3368 = ( GEOMETRIC_REPRESENTATION_CONTEXT(2) 
PARAMETRIC_REPRESENTATION_CONTEXT() REPRESENTATION_CONTEXT('2D SPACE',''
  ) );
#3369 = PCURVE('',#3370,#3375);
#3370 = PLANE('',#3371);
#3371 = AXIS2_PLACEMENT_3D('',#3372,#3373,#3374);
#3372 = CARTESIAN_POINT('',(-190.,-100.,638.));
#3373 = DIRECTION('',(1.,0.,0.));
#3374 = DIRECTION('',(0.,0.,1.));
#3375 = DEFINITIONAL_REPRESENTATION('',(#3376),#3380);
#3376 = LINE('',#3377,#3378);
#3377 = CARTESIAN_POINT('',(0.,0.));
#3378 = VECTOR('',#3379,1.);
#3379 = DIRECTION('',(1.,0.));
#3380 = ( GEOMETRIC_REPRESENTATION_CONTEXT(2) 
PARAMETRIC_REPRESENTATION_CONTEXT() REPRESENTATION_CONTEXT('2D SPACE',''
  ) );
#3381 = ORIENTED_EDGE('',*,*,#3382,.T.);
#3382 = EDGE_CURVE('',#3355,#3383,#3385,.T.);
#3383 = VERTEX_POINT('',#3384);
#3384 = CARTESIAN_POINT('',(190.,-100.,638.));
#3385 = SURFACE_CURVE('',#3386,(#3390,#3397),.PCURVE_S1.);
#3386 = LINE('',#3387,#3388);
#3387 = CARTESIAN_POINT('',(-190.,-100.,638.));
#3388 = VECTOR('',#3389,1.);
#3389 = DIRECTION('',(1.,0.,0.));
#3390 = PCURVE('',#654,#3391);
#3391 = DEFINITIONAL_REPRESENTATION('',(#3392),#3396);
#3392 = LINE('',#3393,#3394);
#3393 = CARTESIAN_POINT('',(88.,35.));
#3394 = VECTOR('',#3395,1.);
#3395 = DIRECTION('',(0.,1.));
#3396 = ( GEOMETRIC_REPRESENTATION_CONTEXT(2) 
PARAMETRIC_REPRESENTATION_CONTEXT() REPRESENTATION_CONTEXT('2D SPACE',''
  ) );
#3397 = PCURVE('',#3398,#3403);
#3398 = PLANE('',#3399);
#3399 = AXIS2_PLACEMENT_3D('',#3400,#3401,#3402);
#3400 = CARTESIAN_POINT('',(-190.,-100.,638.));
#3401 = DIRECTION('',(0.,0.,1.));
#3402 = DIRECTION('',(1.,0.,0.));
#3403 = DEFINITIONAL_REPRESENTATION('',(#3404),#3408);
#3404 = LINE('',#3405,#3406);
#3405 = CARTESIAN_POINT('',(0.,0.));
#3406 = VECTOR('',#3407,1.);
#3407 = DIRECTION('',(1.,0.));
#3408 = ( GEOMETRIC_REPRESENTATION_CONTEXT(2) 
PARAMETRIC_REPRESENTATION_CONTEXT() REPRESENTATION_CONTEXT('2D SPACE',''
  ) );
#3409 = ORIENTED_EDGE('',*,*,#3410,.T.);
#3410 = EDGE_CURVE('',#3383,#3327,#3411,.T.);
#3411 = SURFACE_CURVE('',#3412,(#3416,#3423),.PCURVE_S1.);
#3412 = LINE('',#3413,#3414);
#3413 = CARTESIAN_POINT('',(190.,-100.,638.));
#3414 = VECTOR('',#3415,1.);
#3415 = DIRECTION('',(0.,0.,1.));
#3416 = PCURVE('',#654,#3417);
#3417 = DEFINITIONAL_REPRESENTATION('',(#3418),#3422);
#3418 = LINE('',#3419,#3420);
#3419 = CARTESIAN_POINT('',(88.,415.));
#3420 = VECTOR('',#3421,1.);
#3421 = DIRECTION('',(1.,0.));
#3422 = ( GEOMETRIC_REPRESENTATION_CONTEXT(2) 
PARAMETRIC_REPRESENTATION_CONTEXT() REPRESENTATION_CONTEXT('2D SPACE',''
  ) );
#3423 = PCURVE('',#3424,#3429);
#3424 = PLANE('',#3425);
#3425 = AXIS2_PLACEMENT_3D('',#3426,#3427,#3428);
#3426 = CARTESIAN_POINT('',(190.,-100.,638.));
#3427 = DIRECTION('',(1.,0.,0.));
#3428 = DIRECTION('',(0.,0.,1.));
#3429 = DEFINITIONAL_REPRESENTATION('',(#3430),#3434);
#3430 = LINE('',#3431,#3432);
#3431 = CARTESIAN_POINT('',(0.,0.));
#3432 = VECTOR('',#3433,1.);
#3433 = DIRECTION('',(1.,0.));
#3434 = ( GEOMETRIC_REPRESENTATION_CONTEXT(2) 
PARAMETRIC_REPRESENTATION_CONTEXT() REPRESENTATION_CONTEXT('2D SPACE',''
  ) );
#3435 = FACE_BOUND('',#3436,.F.);
#3436 = EDGE_LOOP('',(#3437,#3467,#3495,#3523));
#3437 = ORIENTED_EDGE('',*,*,#3438,.F.);
#3438 = EDGE_CURVE('',#3439,#3441,#3443,.T.);
#3439 = VERTEX_POINT('',#3440);
#3440 = CARTESIAN_POINT('',(-190.,-100.,666.));
#3441 = VERTEX_POINT('',#3442);
#3442 = CARTESIAN_POINT('',(190.,-100.,666.));
#3443 = SURFACE_CURVE('',#3444,(#3448,#3455),.PCURVE_S1.);
#3444 = LINE('',#3445,#3446);
#3445 = CARTESIAN_POINT('',(-190.,-100.,666.));
#3446 = VECTOR('',#3447,1.);
#3447 = DIRECTION('',(1.,0.,0.));
#3448 = PCURVE('',#654,#3449);
#3449 = DEFINITIONAL_REPRESENTATION('',(#3450),#3454);
#3450 = LINE('',#3451,#3452);
#3451 = CARTESIAN_POINT('',(116.,35.));
#3452 = VECTOR('',#3453,1.);
#3453 = DIRECTION('',(0.,1.));
#3454 = ( GEOMETRIC_REPRESENTATION_CONTEXT(2) 
PARAMETRIC_REPRESENTATION_CONTEXT() REPRESENTATION_CONTEXT('2D SPACE',''
  ) );
#3455 = PCURVE('',#3456,#3461);
#3456 = PLANE('',#3457);
#3457 = AXIS2_PLACEMENT_3D('',#3458,#3459,#3460);
#3458 = CARTESIAN_POINT('',(-190.,-100.,666.));
#3459 = DIRECTION('',(0.,0.,1.));
#3460 = DIRECTION('',(1.,0.,0.));
#3461 = DEFINITIONAL_REPRESENTATION('',(#3462),#3466);
#3462 = LINE('',#3463,#3464);
#3463 = CARTESIAN_POINT('',(0.,0.));
#3464 = VECTOR('',#3465,1.);
#3465 = DIRECTION('',(1.,0.));
#3466 = ( GEOMETRIC_REPRESENTATION_CONTEXT(2) 
PARAMETRIC_REPRESENTATION_CONTEXT() REPRESENTATION_CONTEXT('2D SPACE',''
  ) );
#3467 = ORIENTED_EDGE('',*,*,#3468,.F.);
#3468 = EDGE_CURVE('',#3469,#3439,#3471,.T.);
#3469 = VERTEX_POINT('',#3470);
#3470 = CARTESIAN_POINT('',(-190.,-100.,658.));
#3471 = SURFACE_CURVE('',#3472,(#3476,#3483),.PCURVE_S1.);
#3472 = LINE('',#3473,#3474);
#3473 = CARTESIAN_POINT('',(-190.,-100.,658.));
#3474 = VECTOR('',#3475,1.);
#3475 = DIRECTION('',(0.,0.,1.));
#3476 = PCURVE('',#654,#3477);
#3477 = DEFINITIONAL_REPRESENTATION('',(#3478),#3482);
#3478 = LINE('',#3479,#3480);
#3479 = CARTESIAN_POINT('',(108.,35.));
#3480 = VECTOR('',#3481,1.);
#3481 = DIRECTION('',(1.,0.));
#3482 = ( GEOMETRIC_REPRESENTATION_CONTEXT(2) 
PARAMETRIC_REPRESENTATION_CONTEXT() REPRESENTATION_CONTEXT('2D SPACE',''
  ) );
#3483 = PCURVE('',#3484,#3489);
#3484 = PLANE('',#3485);
#3485 = AXIS2_PLACEMENT_3D('',#3486,#3487,#3488);
#3486 = CARTESIAN_POINT('',(-190.,-100.,658.));
#3487 = DIRECTION('',(1.,0.,0.));
#3488 = DIRECTION('',(0.,0.,1.));
#3489 = DEFINITIONAL_REPRESENTATION('',(#3490),#3494);
#3490 = LINE('',#3491,#3492);
#3491 = CARTESIAN_POINT('',(0.,0.));
#3492 = VECTOR('',#3493,1.);
#3493 = DIRECTION('',(1.,0.));
#3494 = ( GEOMETRIC_REPRESENTATION_CONTEXT(2) 
PARAMETRIC_REPRESENTATION_CONTEXT() REPRESENTATION_CONTEXT('2D SPACE',''
  ) );
#3495 = ORIENTED_EDGE('',*,*,#3496,.T.);
#3496 = EDGE_CURVE('',#3469,#3497,#3499,.T.);
#3497 = VERTEX_POINT('',#3498);
#3498 = CARTESIAN_POINT('',(190.,-100.,658.));
#3499 = SURFACE_CURVE('',#3500,(#3504,#3511),.PCURVE_S1.);
#3500 = LINE('',#3501,#3502);
#3501 = CARTESIAN_POINT('',(-190.,-100.,658.));
#3502 = VECTOR('',#3503,1.);
#3503 = DIRECTION('',(1.,0.,0.));
#3504 = PCURVE('',#654,#3505);
#3505 = DEFINITIONAL_REPRESENTATION('',(#3506),#3510);
#3506 = LINE('',#3507,#3508);
#3507 = CARTESIAN_POINT('',(108.,35.));
#3508 = VECTOR('',#3509,1.);
#3509 = DIRECTION('',(0.,1.));
#3510 = ( GEOMETRIC_REPRESENTATION_CONTEXT(2) 
PARAMETRIC_REPRESENTATION_CONTEXT() REPRESENTATION_CONTEXT('2D SPACE',''
  ) );
#3511 = PCURVE('',#3512,#3517);
#3512 = PLANE('',#3513);
#3513 = AXIS2_PLACEMENT_3D('',#3514,#3515,#3516);
#3514 = CARTESIAN_POINT('',(-190.,-100.,658.));
#3515 = DIRECTION('',(0.,0.,1.));
#3516 = DIRECTION('',(1.,0.,0.));
#3517 = DEFINITIONAL_REPRESENTATION('',(#3518),#3522);
#3518 = LINE('',#3519,#3520);
#3519 = CARTESIAN_POINT('',(0.,0.));
#3520 = VECTOR('',#3521,1.);
#3521 = DIRECTION('',(1.,0.));
#3522 = ( GEOMETRIC_REPRESENTATION_CONTEXT(2) 
PARAMETRIC_REPRESENTATION_CONTEXT() REPRESENTATION_CONTEXT('2D SPACE',''
  ) );
#3523 = ORIENTED_EDGE('',*,*,#3524,.T.);
#3524 = EDGE_CURVE('',#3497,#3441,#3525,.T.);
#3525 = SURFACE_CURVE('',#3526,(#3530,#3537),.PCURVE_S1.);
#3526 = LINE('',#3527,#3528);
#3527 = CARTESIAN_POINT('',(190.,-100.,658.));
#3528 = VECTOR('',#3529,1.);
#3529 = DIRECTION('',(0.,0.,1.));
#3530 = PCURVE('',#654,#3531);
#3531 = DEFINITIONAL_REPRESENTATION('',(#3532),#3536);
#3532 = LINE('',#3533,#3534);
#3533 = CARTESIAN_POINT('',(108.,415.));
#3534 = VECTOR('',#3535,1.);
#3535 = DIRECTION('',(1.,0.));
#3536 = ( GEOMETRIC_REPRESENTATION_CONTEXT(2) 
PARAMETRIC_REPRESENTATION_CONTEXT() REPRESENTATION_CONTEXT('2D SPACE',''
  ) );
#3537 = PCURVE('',#3538,#3543);
#3538 = PLANE('',#3539);
#3539 = AXIS2_PLACEMENT_3D('',#3540,#3541,#3542);
#3540 = CARTESIAN_POINT('',(190.,-100.,658.));
#3541 = DIRECTION('',(1.,0.,0.));
#3542 = DIRECTION('',(0.,0.,1.));
#3543 = DEFINITIONAL_REPRESENTATION('',(#3544),#3548);
#3544 = LINE('',#3545,#3546);
#3545 = CARTESIAN_POINT('',(0.,0.));
#3546 = VECTOR('',#3547,1.);
#3547 = DIRECTION('',(1.,0.));
#3548 = ( GEOMETRIC_REPRESENTATION_CONTEXT(2) 
PARAMETRIC_REPRESENTATION_CONTEXT() REPRESENTATION_CONTEXT('2D SPACE',''
  ) );
#3549 = FACE_BOUND('',#3550,.F.);
#3550 = EDGE_LOOP('',(#3551,#3581,#3609,#3637));
#3551 = ORIENTED_EDGE('',*,*,#3552,.F.);
#3552 = EDGE_CURVE('',#3553,#3555,#3557,.T.);
#3553 = VERTEX_POINT('',#3554);
#3554 = CARTESIAN_POINT('',(-190.,-100.,686.));
#3555 = VERTEX_POINT('',#3556);
#3556 = CARTESIAN_POINT('',(190.,-100.,686.));
#3557 = SURFACE_CURVE('',#3558,(#3562,#3569),.PCURVE_S1.);
#3558 = LINE('',#3559,#3560);
#3559 = CARTESIAN_POINT('',(-190.,-100.,686.));
#3560 = VECTOR('',#3561,1.);
#3561 = DIRECTION('',(1.,0.,0.));
#3562 = PCURVE('',#654,#3563);
#3563 = DEFINITIONAL_REPRESENTATION('',(#3564),#3568);
#3564 = LINE('',#3565,#3566);
#3565 = CARTESIAN_POINT('',(136.,35.));
#3566 = VECTOR('',#3567,1.);
#3567 = DIRECTION('',(0.,1.));
#3568 = ( GEOMETRIC_REPRESENTATION_CONTEXT(2) 
PARAMETRIC_REPRESENTATION_CONTEXT() REPRESENTATION_CONTEXT('2D SPACE',''
  ) );
#3569 = PCURVE('',#3570,#3575);
#3570 = PLANE('',#3571);
#3571 = AXIS2_PLACEMENT_3D('',#3572,#3573,#3574);
#3572 = CARTESIAN_POINT('',(-190.,-100.,686.));
#3573 = DIRECTION('',(0.,0.,1.));
#3574 = DIRECTION('',(1.,0.,0.));
#3575 = DEFINITIONAL_REPRESENTATION('',(#3576),#3580);
#3576 = LINE('',#3577,#3578);
#3577 = CARTESIAN_POINT('',(0.,0.));
#3578 = VECTOR('',#3579,1.);
#3579 = DIRECTION('',(1.,0.));
#3580 = ( GEOMETRIC_REPRESENTATION_CONTEXT(2) 
PARAMETRIC_REPRESENTATION_CONTEXT() REPRESENTATION_CONTEXT('2D SPACE',''
  ) );
#3581 = ORIENTED_EDGE('',*,*,#3582,.F.);
#3582 = EDGE_CURVE('',#3583,#3553,#3585,.T.);
#3583 = VERTEX_POINT('',#3584);
#3584 = CARTESIAN_POINT('',(-190.,-100.,678.));
#3585 = SURFACE_CURVE('',#3586,(#3590,#3597),.PCURVE_S1.);
#3586 = LINE('',#3587,#3588);
#3587 = CARTESIAN_POINT('',(-190.,-100.,678.));
#3588 = VECTOR('',#3589,1.);
#3589 = DIRECTION('',(0.,0.,1.));
#3590 = PCURVE('',#654,#3591);
#3591 = DEFINITIONAL_REPRESENTATION('',(#3592),#3596);
#3592 = LINE('',#3593,#3594);
#3593 = CARTESIAN_POINT('',(128.,35.));
#3594 = VECTOR('',#3595,1.);
#3595 = DIRECTION('',(1.,0.));
#3596 = ( GEOMETRIC_REPRESENTATION_CONTEXT(2) 
PARAMETRIC_REPRESENTATION_CONTEXT() REPRESENTATION_CONTEXT('2D SPACE',''
  ) );
#3597 = PCURVE('',#3598,#3603);
#3598 = PLANE('',#3599);
#3599 = AXIS2_PLACEMENT_3D('',#3600,#3601,#3602);
#3600 = CARTESIAN_POINT('',(-190.,-100.,678.));
#3601 = DIRECTION('',(1.,0.,0.));
#3602 = DIRECTION('',(0.,0.,1.));
#3603 = DEFINITIONAL_REPRESENTATION('',(#3604),#3608);
#3604 = LINE('',#3605,#3606);
#3605 = CARTESIAN_POINT('',(0.,0.));
#3606 = VECTOR('',#3607,1.);
#3607 = DIRECTION('',(1.,0.));
#3608 = ( GEOMETRIC_REPRESENTATION_CONTEXT(2) 
PARAMETRIC_REPRESENTATION_CONTEXT() REPRESENTATION_CONTEXT('2D SPACE',''
  ) );
#3609 = ORIENTED_EDGE('',*,*,#3610,.T.);
#3610 = EDGE_CURVE('',#3583,#3611,#3613,.T.);
#3611 = VERTEX_POINT('',#3612);
#3612 = CARTESIAN_POINT('',(190.,-100.,678.));
#3613 = SURFACE_CURVE('',#3614,(#3618,#3625),.PCURVE_S1.);
#3614 = LINE('',#3615,#3616);
#3615 = CARTESIAN_POINT('',(-190.,-100.,678.));
#3616 = VECTOR('',#3617,1.);
#3617 = DIRECTION('',(1.,0.,0.));
#3618 = PCURVE('',#654,#3619);
#3619 = DEFINITIONAL_REPRESENTATION('',(#3620),#3624);
#3620 = LINE('',#3621,#3622);
#3621 = CARTESIAN_POINT('',(128.,35.));
#3622 = VECTOR('',#3623,1.);
#3623 = DIRECTION('',(0.,1.));
#3624 = ( GEOMETRIC_REPRESENTATION_CONTEXT(2) 
PARAMETRIC_REPRESENTATION_CONTEXT() REPRESENTATION_CONTEXT('2D SPACE',''
  ) );
#3625 = PCURVE('',#3626,#3631);
#3626 = PLANE('',#3627);
#3627 = AXIS2_PLACEMENT_3D('',#3628,#3629,#3630);
#3628 = CARTESIAN_POINT('',(-190.,-100.,678.));
#3629 = DIRECTION('',(0.,0.,1.));
#3630 = DIRECTION('',(1.,0.,0.));
#3631 = DEFINITIONAL_REPRESENTATION('',(#3632),#3636);
#3632 = LINE('',#3633,#3634);
#3633 = CARTESIAN_POINT('',(0.,0.));
#3634 = VECTOR('',#3635,1.);
#3635 = DIRECTION('',(1.,0.));
#3636 = ( GEOMETRIC_REPRESENTATION_CONTEXT(2) 
PARAMETRIC_REPRESENTATION_CONTEXT() REPRESENTATION_CONTEXT('2D SPACE',''
  ) );
#3637 = ORIENTED_EDGE('',*,*,#3638,.T.);
#3638 = EDGE_CURVE('',#3611,#3555,#3639,.T.);
#3639 = SURFACE_CURVE('',#3640,(#3644,#3651),.PCURVE_S1.);
#3640 = LINE('',#3641,#3642);
#3641 = CARTESIAN_POINT('',(190.,-100.,678.));
#3642 = VECTOR('',#3643,1.);
#3643 = DIRECTION('',(0.,0.,1.));
#3644 = PCURVE('',#654,#3645);
#3645 = DEFINITIONAL_REPRESENTATION('',(#3646),#3650);
#3646 = LINE('',#3647,#3648);
#3647 = CARTESIAN_POINT('',(128.,415.));
#3648 = VECTOR('',#3649,1.);
#3649 = DIRECTION('',(1.,0.));
#3650 = ( GEOMETRIC_REPRESENTATION_CONTEXT(2) 
PARAMETRIC_REPRESENTATION_CONTEXT() REPRESENTATION_CONTEXT('2D SPACE',''
  ) );
#3651 = PCURVE('',#3652,#3657);
#3652 = PLANE('',#3653);
#3653 = AXIS2_PLACEMENT_3D('',#3654,#3655,#3656);
#3654 = CARTESIAN_POINT('',(190.,-100.,678.));
#3655 = DIRECTION('',(1.,0.,0.));
#3656 = DIRECTION('',(0.,0.,1.));
#3657 = DEFINITIONAL_REPRESENTATION('',(#3658),#3662);
#3658 = LINE('',#3659,#3660);
#3659 = CARTESIAN_POINT('',(0.,0.));
#3660 = VECTOR('',#3661,1.);
#3661 = DIRECTION('',(1.,0.));
#3662 = ( GEOMETRIC_REPRESENTATION_CONTEXT(2) 
PARAMETRIC_REPRESENTATION_CONTEXT() REPRESENTATION_CONTEXT('2D SPACE',''
  ) );
#3663 = FACE_BOUND('',#3664,.F.);
#3664 = EDGE_LOOP('',(#3665));
#3665 = ORIENTED_EDGE('',*,*,#3666,.T.);
#3666 = EDGE_CURVE('',#3667,#3667,#3669,.T.);
#3667 = VERTEX_POINT('',#3668);
#3668 = CARTESIAN_POINT('',(60.,-100.,710.));
#3669 = SURFACE_CURVE('',#3670,(#3675,#3686),.PCURVE_S1.);
#3670 = CIRCLE('',#3671,10.);
#3671 = AXIS2_PLACEMENT_3D('',#3672,#3673,#3674);
#3672 = CARTESIAN_POINT('',(50.,-100.,710.));
#3673 = DIRECTION('',(0.,-1.,0.));
#3674 = DIRECTION('',(1.,0.,0.));
#3675 = PCURVE('',#654,#3676);
#3676 = DEFINITIONAL_REPRESENTATION('',(#3677),#3685);
#3677 = ( BOUNDED_CURVE() B_SPLINE_CURVE(2,(#3678,#3679,#3680,#3681,
#3682,#3683,#3684),.UNSPECIFIED.,.T.,.F.) B_SPLINE_CURVE_WITH_KNOTS((1,2
    ,2,2,2,1),(-2.094395102393,0.,2.094395102393,4.188790204786,
6.28318530718,8.377580409573),.UNSPECIFIED.) CURVE() 
GEOMETRIC_REPRESENTATION_ITEM() RATIONAL_B_SPLINE_CURVE((1.,0.5,1.,0.5,
1.,0.5,1.)) REPRESENTATION_ITEM('') );
#3678 = CARTESIAN_POINT('',(160.,285.));
#3679 = CARTESIAN_POINT('',(177.32050807568,285.));
#3680 = CARTESIAN_POINT('',(168.66025403784,270.));
#3681 = CARTESIAN_POINT('',(160.,255.));
#3682 = CARTESIAN_POINT('',(151.33974596215,270.));
#3683 = CARTESIAN_POINT('',(142.67949192431,285.));
#3684 = CARTESIAN_POINT('',(160.,285.));
#3685 = ( GEOMETRIC_REPRESENTATION_CONTEXT(2) 
PARAMETRIC_REPRESENTATION_CONTEXT() REPRESENTATION_CONTEXT('2D SPACE',''
  ) );
#3686 = PCURVE('',#3687,#3692);
#3687 = CYLINDRICAL_SURFACE('',#3688,10.);
#3688 = AXIS2_PLACEMENT_3D('',#3689,#3690,#3691);
#3689 = CARTESIAN_POINT('',(50.,-100.,710.));
#3690 = DIRECTION('',(-0.,1.,-0.));
#3691 = DIRECTION('',(1.,0.,0.));
#3692 = DEFINITIONAL_REPRESENTATION('',(#3693),#3697);
#3693 = LINE('',#3694,#3695);
#3694 = CARTESIAN_POINT('',(-0.,0.));
#3695 = VECTOR('',#3696,1.);
#3696 = DIRECTION('',(-1.,0.));
#3697 = ( GEOMETRIC_REPRESENTATION_CONTEXT(2) 
PARAMETRIC_REPRESENTATION_CONTEXT() REPRESENTATION_CONTEXT('2D SPACE',''
  ) );
#3698 = ADVANCED_FACE('',(#3699),#708,.T.);
#3699 = FACE_BOUND('',#3700,.T.);
#3700 = EDGE_LOOP('',(#3701,#3724,#3752,#3773));
#3701 = ORIENTED_EDGE('',*,*,#3702,.F.);
#3702 = EDGE_CURVE('',#3703,#691,#3705,.T.);
#3703 = VERTEX_POINT('',#3704);
#3704 = CARTESIAN_POINT('',(-180.,-90.,740.));
#3705 = SURFACE_CURVE('',#3706,(#3710,#3717),.PCURVE_S1.);
#3706 = LINE('',#3707,#3708);
#3707 = CARTESIAN_POINT('',(-180.,-90.,740.));
#3708 = VECTOR('',#3709,1.);
#3709 = DIRECTION('',(0.,0.,1.));
#3710 = PCURVE('',#708,#3711);
#3711 = DEFINITIONAL_REPRESENTATION('',(#3712),#3716);
#3712 = LINE('',#3713,#3714);
#3713 = CARTESIAN_POINT('',(0.,0.));
#3714 = VECTOR('',#3715,1.);
#3715 = DIRECTION('',(1.,0.));
#3716 = ( GEOMETRIC_REPRESENTATION_CONTEXT(2) 
PARAMETRIC_REPRESENTATION_CONTEXT() REPRESENTATION_CONTEXT('2D SPACE',''
  ) );
#3717 = PCURVE('',#790,#3718);
#3718 = DEFINITIONAL_REPRESENTATION('',(#3719),#3723);
#3719 = LINE('',#3720,#3721);
#3720 = CARTESIAN_POINT('',(0.,0.));
#3721 = VECTOR('',#3722,1.);
#3722 = DIRECTION('',(1.,0.));
#3723 = ( GEOMETRIC_REPRESENTATION_CONTEXT(2) 
PARAMETRIC_REPRESENTATION_CONTEXT() REPRESENTATION_CONTEXT('2D SPACE',''
  ) );
#3724 = ORIENTED_EDGE('',*,*,#3725,.T.);
#3725 = EDGE_CURVE('',#3703,#3726,#3728,.T.);
#3726 = VERTEX_POINT('',#3727);
#3727 = CARTESIAN_POINT('',(-180.,-60.,740.));
#3728 = SURFACE_CURVE('',#3729,(#3733,#3740),.PCURVE_S1.);
#3729 = LINE('',#3730,#3731);
#3730 = CARTESIAN_POINT('',(-180.,-90.,740.));
#3731 = VECTOR('',#3732,1.);
#3732 = DIRECTION('',(0.,1.,0.));
#3733 = PCURVE('',#708,#3734);
#3734 = DEFINITIONAL_REPRESENTATION('',(#3735),#3739);
#3735 = LINE('',#3736,#3737);
#3736 = CARTESIAN_POINT('',(0.,0.));
#3737 = VECTOR('',#3738,1.);
#3738 = DIRECTION('',(0.,-1.));
#3739 = ( GEOMETRIC_REPRESENTATION_CONTEXT(2) 
PARAMETRIC_REPRESENTATION_CONTEXT() REPRESENTATION_CONTEXT('2D SPACE',''
  ) );
#3740 = PCURVE('',#3741,#3746);
#3741 = PLANE('',#3742);
#3742 = AXIS2_PLACEMENT_3D('',#3743,#3744,#3745);
#3743 = CARTESIAN_POINT('',(-180.,-90.,740.));
#3744 = DIRECTION('',(0.,0.,1.));
#3745 = DIRECTION('',(1.,0.,0.));
#3746 = DEFINITIONAL_REPRESENTATION('',(#3747),#3751);
#3747 = LINE('',#3748,#3749);
#3748 = CARTESIAN_POINT('',(0.,0.));
#3749 = VECTOR('',#3750,1.);
#3750 = DIRECTION('',(0.,1.));
#3751 = ( GEOMETRIC_REPRESENTATION_CONTEXT(2) 
PARAMETRIC_REPRESENTATION_CONTEXT() REPRESENTATION_CONTEXT('2D SPACE',''
  ) );
#3752 = ORIENTED_EDGE('',*,*,#3753,.T.);
#3753 = EDGE_CURVE('',#3726,#693,#3754,.T.);
#3754 = SURFACE_CURVE('',#3755,(#3759,#3766),.PCURVE_S1.);
#3755 = LINE('',#3756,#3757);
#3756 = CARTESIAN_POINT('',(-180.,-60.,740.));
#3757 = VECTOR('',#3758,1.);
#3758 = DIRECTION('',(0.,0.,1.));
#3759 = PCURVE('',#708,#3760);
#3760 = DEFINITIONAL_REPRESENTATION('',(#3761),#3765);
#3761 = LINE('',#3762,#3763);
#3762 = CARTESIAN_POINT('',(0.,-30.));
#3763 = VECTOR('',#3764,1.);
#3764 = DIRECTION('',(1.,0.));
#3765 = ( GEOMETRIC_REPRESENTATION_CONTEXT(2) 
PARAMETRIC_REPRESENTATION_CONTEXT() REPRESENTATION_CONTEXT('2D SPACE',''
  ) );
#3766 = PCURVE('',#736,#3767);
#3767 = DEFINITIONAL_REPRESENTATION('',(#3768),#3772);
#3768 = LINE('',#3769,#3770);
#3769 = CARTESIAN_POINT('',(0.,0.));
#3770 = VECTOR('',#3771,1.);
#3771 = DIRECTION('',(1.,0.));
#3772 = ( GEOMETRIC_REPRESENTATION_CONTEXT(2) 
PARAMETRIC_REPRESENTATION_CONTEXT() REPRESENTATION_CONTEXT('2D SPACE',''
  ) );
#3773 = ORIENTED_EDGE('',*,*,#690,.F.);
#3774 = ADVANCED_FACE('',(#3775),#790,.T.);
#3775 = FACE_BOUND('',#3776,.T.);
#3776 = EDGE_LOOP('',(#3777,#3800,#3801,#3802));
#3777 = ORIENTED_EDGE('',*,*,#3778,.F.);
#3778 = EDGE_CURVE('',#3703,#3779,#3781,.T.);
#3779 = VERTEX_POINT('',#3780);
#3780 = CARTESIAN_POINT('',(180.,-90.,740.));
#3781 = SURFACE_CURVE('',#3782,(#3786,#3793),.PCURVE_S1.);
#3782 = LINE('',#3783,#3784);
#3783 = CARTESIAN_POINT('',(-180.,-90.,740.));
#3784 = VECTOR('',#3785,1.);
#3785 = DIRECTION('',(1.,0.,0.));
#3786 = PCURVE('',#790,#3787);
#3787 = DEFINITIONAL_REPRESENTATION('',(#3788),#3792);
#3788 = LINE('',#3789,#3790);
#3789 = CARTESIAN_POINT('',(0.,0.));
#3790 = VECTOR('',#3791,1.);
#3791 = DIRECTION('',(0.,1.));
#3792 = ( GEOMETRIC_REPRESENTATION_CONTEXT(2) 
PARAMETRIC_REPRESENTATION_CONTEXT() REPRESENTATION_CONTEXT('2D SPACE',''
  ) );
#3793 = PCURVE('',#3741,#3794);
#3794 = DEFINITIONAL_REPRESENTATION('',(#3795),#3799);
#3795 = LINE('',#3796,#3797);
#3796 = CARTESIAN_POINT('',(0.,0.));
#3797 = VECTOR('',#3798,1.);
#3798 = DIRECTION('',(1.,0.));
#3799 = ( GEOMETRIC_REPRESENTATION_CONTEXT(2) 
PARAMETRIC_REPRESENTATION_CONTEXT() REPRESENTATION_CONTEXT('2D SPACE',''
  ) );
#3800 = ORIENTED_EDGE('',*,*,#3702,.T.);
#3801 = ORIENTED_EDGE('',*,*,#776,.T.);
#3802 = ORIENTED_EDGE('',*,*,#3803,.F.);
#3803 = EDGE_CURVE('',#3779,#749,#3804,.T.);
#3804 = SURFACE_CURVE('',#3805,(#3809,#3816),.PCURVE_S1.);
#3805 = LINE('',#3806,#3807);
#3806 = CARTESIAN_POINT('',(180.,-90.,740.));
#3807 = VECTOR('',#3808,1.);
#3808 = DIRECTION('',(0.,0.,1.));
#3809 = PCURVE('',#790,#3810);
#3810 = DEFINITIONAL_REPRESENTATION('',(#3811),#3815);
#3811 = LINE('',#3812,#3813);
#3812 = CARTESIAN_POINT('',(0.,360.));
#3813 = VECTOR('',#3814,1.);
#3814 = DIRECTION('',(1.,0.));
#3815 = ( GEOMETRIC_REPRESENTATION_CONTEXT(2) 
PARAMETRIC_REPRESENTATION_CONTEXT() REPRESENTATION_CONTEXT('2D SPACE',''
  ) );
#3816 = PCURVE('',#764,#3817);
#3817 = DEFINITIONAL_REPRESENTATION('',(#3818),#3822);
#3818 = LINE('',#3819,#3820);
#3819 = CARTESIAN_POINT('',(0.,0.));
#3820 = VECTOR('',#3821,1.);
#3821 = DIRECTION('',(1.,0.));
#3822 = ( GEOMETRIC_REPRESENTATION_CONTEXT(2) 
PARAMETRIC_REPRESENTATION_CONTEXT() REPRESENTATION_CONTEXT('2D SPACE',''
  ) );
#3823 = ADVANCED_FACE('',(#3824),#764,.F.);
#3824 = FACE_BOUND('',#3825,.F.);
#3825 = EDGE_LOOP('',(#3826,#3827,#3850,#3871));
#3826 = ORIENTED_EDGE('',*,*,#3803,.F.);
#3827 = ORIENTED_EDGE('',*,*,#3828,.T.);
#3828 = EDGE_CURVE('',#3779,#3829,#3831,.T.);
#3829 = VERTEX_POINT('',#3830);
#3830 = CARTESIAN_POINT('',(180.,-60.,740.));
#3831 = SURFACE_CURVE('',#3832,(#3836,#3843),.PCURVE_S1.);
#3832 = LINE('',#3833,#3834);
#3833 = CARTESIAN_POINT('',(180.,-90.,740.));
#3834 = VECTOR('',#3835,1.);
#3835 = DIRECTION('',(0.,1.,0.));
#3836 = PCURVE('',#764,#3837);
#3837 = DEFINITIONAL_REPRESENTATION('',(#3838),#3842);
#3838 = LINE('',#3839,#3840);
#3839 = CARTESIAN_POINT('',(0.,0.));
#3840 = VECTOR('',#3841,1.);
#3841 = DIRECTION('',(0.,-1.));
#3842 = ( GEOMETRIC_REPRESENTATION_CONTEXT(2) 
PARAMETRIC_REPRESENTATION_CONTEXT() REPRESENTATION_CONTEXT('2D SPACE',''
  ) );
#3843 = PCURVE('',#3741,#3844);
#3844 = DEFINITIONAL_REPRESENTATION('',(#3845),#3849);
#3845 = LINE('',#3846,#3847);
#3846 = CARTESIAN_POINT('',(360.,0.));
#3847 = VECTOR('',#3848,1.);
#3848 = DIRECTION('',(0.,1.));
#3849 = ( GEOMETRIC_REPRESENTATION_CONTEXT(2) 
PARAMETRIC_REPRESENTATION_CONTEXT() REPRESENTATION_CONTEXT('2D SPACE',''
  ) );
#3850 = ORIENTED_EDGE('',*,*,#3851,.T.);
#3851 = EDGE_CURVE('',#3829,#721,#3852,.T.);
#3852 = SURFACE_CURVE('',#3853,(#3857,#3864),.PCURVE_S1.);
#3853 = LINE('',#3854,#3855);
#3854 = CARTESIAN_POINT('',(180.,-60.,740.));
#3855 = VECTOR('',#3856,1.);
#3856 = DIRECTION('',(0.,0.,1.));
#3857 = PCURVE('',#764,#3858);
#3858 = DEFINITIONAL_REPRESENTATION('',(#3859),#3863);
#3859 = LINE('',#3860,#3861);
#3860 = CARTESIAN_POINT('',(0.,-30.));
#3861 = VECTOR('',#3862,1.);
#3862 = DIRECTION('',(1.,0.));
#3863 = ( GEOMETRIC_REPRESENTATION_CONTEXT(2) 
PARAMETRIC_REPRESENTATION_CONTEXT() REPRESENTATION_CONTEXT('2D SPACE',''
  ) );
#3864 = PCURVE('',#736,#3865);
#3865 = DEFINITIONAL_REPRESENTATION('',(#3866),#3870);
#3866 = LINE('',#3867,#3868);
#3867 = CARTESIAN_POINT('',(0.,360.));
#3868 = VECTOR('',#3869,1.);
#3869 = DIRECTION('',(1.,0.));
#3870 = ( GEOMETRIC_REPRESENTATION_CONTEXT(2) 
PARAMETRIC_REPRESENTATION_CONTEXT() REPRESENTATION_CONTEXT('2D SPACE',''
  ) );
#3871 = ORIENTED_EDGE('',*,*,#748,.F.);
#3872 = ADVANCED_FACE('',(#3873),#736,.F.);
#3873 = FACE_BOUND('',#3874,.F.);
#3874 = EDGE_LOOP('',(#3875,#3896,#3897,#3898));
#3875 = ORIENTED_EDGE('',*,*,#3876,.F.);
#3876 = EDGE_CURVE('',#3726,#3829,#3877,.T.);
#3877 = SURFACE_CURVE('',#3878,(#3882,#3889),.PCURVE_S1.);
#3878 = LINE('',#3879,#3880);
#3879 = CARTESIAN_POINT('',(-180.,-60.,740.));
#3880 = VECTOR('',#3881,1.);
#3881 = DIRECTION('',(1.,0.,0.));
#3882 = PCURVE('',#736,#3883);
#3883 = DEFINITIONAL_REPRESENTATION('',(#3884),#3888);
#3884 = LINE('',#3885,#3886);
#3885 = CARTESIAN_POINT('',(0.,0.));
#3886 = VECTOR('',#3887,1.);
#3887 = DIRECTION('',(0.,1.));
#3888 = ( GEOMETRIC_REPRESENTATION_CONTEXT(2) 
PARAMETRIC_REPRESENTATION_CONTEXT() REPRESENTATION_CONTEXT('2D SPACE',''
  ) );
#3889 = PCURVE('',#3741,#3890);
#3890 = DEFINITIONAL_REPRESENTATION('',(#3891),#3895);
#3891 = LINE('',#3892,#3893);
#3892 = CARTESIAN_POINT('',(0.,30.));
#3893 = VECTOR('',#3894,1.);
#3894 = DIRECTION('',(1.,0.));
#3895 = ( GEOMETRIC_REPRESENTATION_CONTEXT(2) 
PARAMETRIC_REPRESENTATION_CONTEXT() REPRESENTATION_CONTEXT('2D SPACE',''
  ) );
#3896 = ORIENTED_EDGE('',*,*,#3753,.T.);
#3897 = ORIENTED_EDGE('',*,*,#720,.T.);
#3898 = ORIENTED_EDGE('',*,*,#3851,.F.);
#3899 = ADVANCED_FACE('',(#3900),#991,.T.);
#3900 = FACE_BOUND('',#3901,.T.);
#3901 = EDGE_LOOP('',(#3902,#3903,#3904,#3905));
#3902 = ORIENTED_EDGE('',*,*,#2751,.F.);
#3903 = ORIENTED_EDGE('',*,*,#2802,.T.);
#3904 = ORIENTED_EDGE('',*,*,#977,.T.);
#3905 = ORIENTED_EDGE('',*,*,#1030,.F.);
#3906 = ADVANCED_FACE('',(#3907),#1071,.T.);
#3907 = FACE_BOUND('',#3908,.T.);
#3908 = EDGE_LOOP('',(#3909,#3932,#3960,#3981));
#3909 = ORIENTED_EDGE('',*,*,#3910,.F.);
#3910 = EDGE_CURVE('',#3911,#1055,#3913,.T.);
#3911 = VERTEX_POINT('',#3912);
#3912 = CARTESIAN_POINT('',(224.,260.,70.));
#3913 = SURFACE_CURVE('',#3914,(#3918,#3925),.PCURVE_S1.);
#3914 = LINE('',#3915,#3916);
#3915 = CARTESIAN_POINT('',(224.,260.,70.));
#3916 = VECTOR('',#3917,1.);
#3917 = DIRECTION('',(1.,0.,0.));
#3918 = PCURVE('',#1071,#3919);
#3919 = DEFINITIONAL_REPRESENTATION('',(#3920),#3924);
#3920 = LINE('',#3921,#3922);
#3921 = CARTESIAN_POINT('',(0.,180.));
#3922 = VECTOR('',#3923,1.);
#3923 = DIRECTION('',(1.,0.));
#3924 = ( GEOMETRIC_REPRESENTATION_CONTEXT(2) 
PARAMETRIC_REPRESENTATION_CONTEXT() REPRESENTATION_CONTEXT('2D SPACE',''
  ) );
#3925 = PCURVE('',#1147,#3926);
#3926 = DEFINITIONAL_REPRESENTATION('',(#3927),#3931);
#3927 = LINE('',#3928,#3929);
#3928 = CARTESIAN_POINT('',(0.,0.));
#3929 = VECTOR('',#3930,1.);
#3930 = DIRECTION('',(0.,1.));
#3931 = ( GEOMETRIC_REPRESENTATION_CONTEXT(2) 
PARAMETRIC_REPRESENTATION_CONTEXT() REPRESENTATION_CONTEXT('2D SPACE',''
  ) );
#3932 = ORIENTED_EDGE('',*,*,#3933,.F.);
#3933 = EDGE_CURVE('',#3934,#3911,#3936,.T.);
#3934 = VERTEX_POINT('',#3935);
#3935 = CARTESIAN_POINT('',(224.,80.,70.));
#3936 = SURFACE_CURVE('',#3937,(#3941,#3948),.PCURVE_S1.);
#3937 = LINE('',#3938,#3939);
#3938 = CARTESIAN_POINT('',(224.,80.,70.));
#3939 = VECTOR('',#3940,1.);
#3940 = DIRECTION('',(0.,1.,0.));
#3941 = PCURVE('',#1071,#3942);
#3942 = DEFINITIONAL_REPRESENTATION('',(#3943),#3947);
#3943 = LINE('',#3944,#3945);
#3944 = CARTESIAN_POINT('',(0.,0.));
#3945 = VECTOR('',#3946,1.);
#3946 = DIRECTION('',(0.,1.));
#3947 = ( GEOMETRIC_REPRESENTATION_CONTEXT(2) 
PARAMETRIC_REPRESENTATION_CONTEXT() REPRESENTATION_CONTEXT('2D SPACE',''
  ) );
#3948 = PCURVE('',#3949,#3954);
#3949 = PLANE('',#3950);
#3950 = AXIS2_PLACEMENT_3D('',#3951,#3952,#3953);
#3951 = CARTESIAN_POINT('',(224.,80.,70.));
#3952 = DIRECTION('',(1.,0.,0.));
#3953 = DIRECTION('',(0.,0.,1.));
#3954 = DEFINITIONAL_REPRESENTATION('',(#3955),#3959);
#3955 = LINE('',#3956,#3957);
#3956 = CARTESIAN_POINT('',(0.,0.));
#3957 = VECTOR('',#3958,1.);
#3958 = DIRECTION('',(0.,-1.));
#3959 = ( GEOMETRIC_REPRESENTATION_CONTEXT(2) 
PARAMETRIC_REPRESENTATION_CONTEXT() REPRESENTATION_CONTEXT('2D SPACE',''
  ) );
#3960 = ORIENTED_EDGE('',*,*,#3961,.T.);
#3961 = EDGE_CURVE('',#3934,#1057,#3962,.T.);
#3962 = SURFACE_CURVE('',#3963,(#3967,#3974),.PCURVE_S1.);
#3963 = LINE('',#3964,#3965);
#3964 = CARTESIAN_POINT('',(224.,80.,70.));
#3965 = VECTOR('',#3966,1.);
#3966 = DIRECTION('',(1.,0.,0.));
#3967 = PCURVE('',#1071,#3968);
#3968 = DEFINITIONAL_REPRESENTATION('',(#3969),#3973);
#3969 = LINE('',#3970,#3971);
#3970 = CARTESIAN_POINT('',(0.,0.));
#3971 = VECTOR('',#3972,1.);
#3972 = DIRECTION('',(1.,0.));
#3973 = ( GEOMETRIC_REPRESENTATION_CONTEXT(2) 
PARAMETRIC_REPRESENTATION_CONTEXT() REPRESENTATION_CONTEXT('2D SPACE',''
  ) );
#3974 = PCURVE('',#1097,#3975);
#3975 = DEFINITIONAL_REPRESENTATION('',(#3976),#3980);
#3976 = LINE('',#3977,#3978);
#3977 = CARTESIAN_POINT('',(0.,0.));
#3978 = VECTOR('',#3979,1.);
#3979 = DIRECTION('',(0.,1.));
#3980 = ( GEOMETRIC_REPRESENTATION_CONTEXT(2) 
PARAMETRIC_REPRESENTATION_CONTEXT() REPRESENTATION_CONTEXT('2D SPACE',''
  ) );
#3981 = ORIENTED_EDGE('',*,*,#1054,.F.);
#3982 = ADVANCED_FACE('',(#3983),#1147,.F.);
#3983 = FACE_BOUND('',#3984,.F.);
#3984 = EDGE_LOOP('',(#3985,#3986,#4009,#4030));
#3985 = ORIENTED_EDGE('',*,*,#3910,.F.);
#3986 = ORIENTED_EDGE('',*,*,#3987,.T.);
#3987 = EDGE_CURVE('',#3911,#3988,#3990,.T.);
#3988 = VERTEX_POINT('',#3989);
#3989 = CARTESIAN_POINT('',(224.,260.,80.));
#3990 = SURFACE_CURVE('',#3991,(#3995,#4002),.PCURVE_S1.);
#3991 = LINE('',#3992,#3993);
#3992 = CARTESIAN_POINT('',(224.,260.,70.));
#3993 = VECTOR('',#3994,1.);
#3994 = DIRECTION('',(0.,0.,1.));
#3995 = PCURVE('',#1147,#3996);
#3996 = DEFINITIONAL_REPRESENTATION('',(#3997),#4001);
#3997 = LINE('',#3998,#3999);
#3998 = CARTESIAN_POINT('',(0.,0.));
#3999 = VECTOR('',#4000,1.);
#4000 = DIRECTION('',(1.,0.));
#4001 = ( GEOMETRIC_REPRESENTATION_CONTEXT(2) 
PARAMETRIC_REPRESENTATION_CONTEXT() REPRESENTATION_CONTEXT('2D SPACE',''
  ) );
#4002 = PCURVE('',#3949,#4003);
#4003 = DEFINITIONAL_REPRESENTATION('',(#4004),#4008);
#4004 = LINE('',#4005,#4006);
#4005 = CARTESIAN_POINT('',(0.,-180.));
#4006 = VECTOR('',#4007,1.);
#4007 = DIRECTION('',(1.,0.));
#4008 = ( GEOMETRIC_REPRESENTATION_CONTEXT(2) 
PARAMETRIC_REPRESENTATION_CONTEXT() REPRESENTATION_CONTEXT('2D SPACE',''
  ) );
#4009 = ORIENTED_EDGE('',*,*,#4010,.T.);
#4010 = EDGE_CURVE('',#3988,#1109,#4011,.T.);
#4011 = SURFACE_CURVE('',#4012,(#4016,#4023),.PCURVE_S1.);
#4012 = LINE('',#4013,#4014);
#4013 = CARTESIAN_POINT('',(224.,260.,80.));
#4014 = VECTOR('',#4015,1.);
#4015 = DIRECTION('',(1.,0.,0.));
#4016 = PCURVE('',#1147,#4017);
#4017 = DEFINITIONAL_REPRESENTATION('',(#4018),#4022);
#4018 = LINE('',#4019,#4020);
#4019 = CARTESIAN_POINT('',(10.,0.));
#4020 = VECTOR('',#4021,1.);
#4021 = DIRECTION('',(0.,1.));
#4022 = ( GEOMETRIC_REPRESENTATION_CONTEXT(2) 
PARAMETRIC_REPRESENTATION_CONTEXT() REPRESENTATION_CONTEXT('2D SPACE',''
  ) );
#4023 = PCURVE('',#1123,#4024);
#4024 = DEFINITIONAL_REPRESENTATION('',(#4025),#4029);
#4025 = LINE('',#4026,#4027);
#4026 = CARTESIAN_POINT('',(0.,180.));
#4027 = VECTOR('',#4028,1.);
#4028 = DIRECTION('',(1.,0.));
#4029 = ( GEOMETRIC_REPRESENTATION_CONTEXT(2) 
PARAMETRIC_REPRESENTATION_CONTEXT() REPRESENTATION_CONTEXT('2D SPACE',''
  ) );
#4030 = ORIENTED_EDGE('',*,*,#1134,.F.);
#4031 = ADVANCED_FACE('',(#4032),#1097,.T.);
#4032 = FACE_BOUND('',#4033,.T.);
#4033 = EDGE_LOOP('',(#4034,#4035,#4058,#4079));
#4034 = ORIENTED_EDGE('',*,*,#3961,.F.);
#4035 = ORIENTED_EDGE('',*,*,#4036,.T.);
#4036 = EDGE_CURVE('',#3934,#4037,#4039,.T.);
#4037 = VERTEX_POINT('',#4038);
#4038 = CARTESIAN_POINT('',(224.,80.,80.));
#4039 = SURFACE_CURVE('',#4040,(#4044,#4051),.PCURVE_S1.);
#4040 = LINE('',#4041,#4042);
#4041 = CARTESIAN_POINT('',(224.,80.,70.));
#4042 = VECTOR('',#4043,1.);
#4043 = DIRECTION('',(0.,0.,1.));
#4044 = PCURVE('',#1097,#4045);
#4045 = DEFINITIONAL_REPRESENTATION('',(#4046),#4050);
#4046 = LINE('',#4047,#4048);
#4047 = CARTESIAN_POINT('',(0.,0.));
#4048 = VECTOR('',#4049,1.);
#4049 = DIRECTION('',(1.,0.));
#4050 = ( GEOMETRIC_REPRESENTATION_CONTEXT(2) 
PARAMETRIC_REPRESENTATION_CONTEXT() REPRESENTATION_CONTEXT('2D SPACE',''
  ) );
#4051 = PCURVE('',#3949,#4052);
#4052 = DEFINITIONAL_REPRESENTATION('',(#4053),#4057);
#4053 = LINE('',#4054,#4055);
#4054 = CARTESIAN_POINT('',(0.,0.));
#4055 = VECTOR('',#4056,1.);
#4056 = DIRECTION('',(1.,0.));
#4057 = ( GEOMETRIC_REPRESENTATION_CONTEXT(2) 
PARAMETRIC_REPRESENTATION_CONTEXT() REPRESENTATION_CONTEXT('2D SPACE',''
  ) );
#4058 = ORIENTED_EDGE('',*,*,#4059,.T.);
#4059 = EDGE_CURVE('',#4037,#1083,#4060,.T.);
#4060 = SURFACE_CURVE('',#4061,(#4065,#4072),.PCURVE_S1.);
#4061 = LINE('',#4062,#4063);
#4062 = CARTESIAN_POINT('',(224.,80.,80.));
#4063 = VECTOR('',#4064,1.);
#4064 = DIRECTION('',(1.,0.,0.));
#4065 = PCURVE('',#1097,#4066);
#4066 = DEFINITIONAL_REPRESENTATION('',(#4067),#4071);
#4067 = LINE('',#4068,#4069);
#4068 = CARTESIAN_POINT('',(10.,0.));
#4069 = VECTOR('',#4070,1.);
#4070 = DIRECTION('',(0.,1.));
#4071 = ( GEOMETRIC_REPRESENTATION_CONTEXT(2) 
PARAMETRIC_REPRESENTATION_CONTEXT() REPRESENTATION_CONTEXT('2D SPACE',''
  ) );
#4072 = PCURVE('',#1123,#4073);
#4073 = DEFINITIONAL_REPRESENTATION('',(#4074),#4078);
#4074 = LINE('',#4075,#4076);
#4075 = CARTESIAN_POINT('',(0.,0.));
#4076 = VECTOR('',#4077,1.);
#4077 = DIRECTION('',(1.,0.));
#4078 = ( GEOMETRIC_REPRESENTATION_CONTEXT(2) 
PARAMETRIC_REPRESENTATION_CONTEXT() REPRESENTATION_CONTEXT('2D SPACE',''
  ) );
#4079 = ORIENTED_EDGE('',*,*,#1082,.F.);
#4080 = ADVANCED_FACE('',(#4081),#1123,.F.);
#4081 = FACE_BOUND('',#4082,.F.);
#4082 = EDGE_LOOP('',(#4083,#4084,#4105,#4106));
#4083 = ORIENTED_EDGE('',*,*,#4010,.F.);
#4084 = ORIENTED_EDGE('',*,*,#4085,.F.);
#4085 = EDGE_CURVE('',#4037,#3988,#4086,.T.);
#4086 = SURFACE_CURVE('',#4087,(#4091,#4098),.PCURVE_S1.);
#4087 = LINE('',#4088,#4089);
#4088 = CARTESIAN_POINT('',(224.,80.,80.));
#4089 = VECTOR('',#4090,1.);
#4090 = DIRECTION('',(0.,1.,0.));
#4091 = PCURVE('',#1123,#4092);
#4092 = DEFINITIONAL_REPRESENTATION('',(#4093),#4097);
#4093 = LINE('',#4094,#4095);
#4094 = CARTESIAN_POINT('',(0.,0.));
#4095 = VECTOR('',#4096,1.);
#4096 = DIRECTION('',(0.,1.));
#4097 = ( GEOMETRIC_REPRESENTATION_CONTEXT(2) 
PARAMETRIC_REPRESENTATION_CONTEXT() REPRESENTATION_CONTEXT('2D SPACE',''
  ) );
#4098 = PCURVE('',#3949,#4099);
#4099 = DEFINITIONAL_REPRESENTATION('',(#4100),#4104);
#4100 = LINE('',#4101,#4102);
#4101 = CARTESIAN_POINT('',(10.,0.));
#4102 = VECTOR('',#4103,1.);
#4103 = DIRECTION('',(0.,-1.));
#4104 = ( GEOMETRIC_REPRESENTATION_CONTEXT(2) 
PARAMETRIC_REPRESENTATION_CONTEXT() REPRESENTATION_CONTEXT('2D SPACE',''
  ) );
#4105 = ORIENTED_EDGE('',*,*,#4059,.T.);
#4106 = ORIENTED_EDGE('',*,*,#1108,.F.);
#4107 = ADVANCED_FACE('',(#4108),#1177,.T.);
#4108 = FACE_BOUND('',#4109,.T.);
#4109 = EDGE_LOOP('',(#4110,#4133,#4161,#4182));
#4110 = ORIENTED_EDGE('',*,*,#4111,.F.);
#4111 = EDGE_CURVE('',#4112,#1161,#4114,.T.);
#4112 = VERTEX_POINT('',#4113);
#4113 = CARTESIAN_POINT('',(224.,260.,102.));
#4114 = SURFACE_CURVE('',#4115,(#4119,#4126),.PCURVE_S1.);
#4115 = LINE('',#4116,#4117);
#4116 = CARTESIAN_POINT('',(224.,260.,102.));
#4117 = VECTOR('',#4118,1.);
#4118 = DIRECTION('',(1.,0.,0.));
#4119 = PCURVE('',#1177,#4120);
#4120 = DEFINITIONAL_REPRESENTATION('',(#4121),#4125);
#4121 = LINE('',#4122,#4123);
#4122 = CARTESIAN_POINT('',(0.,180.));
#4123 = VECTOR('',#4124,1.);
#4124 = DIRECTION('',(1.,0.));
#4125 = ( GEOMETRIC_REPRESENTATION_CONTEXT(2) 
PARAMETRIC_REPRESENTATION_CONTEXT() REPRESENTATION_CONTEXT('2D SPACE',''
  ) );
#4126 = PCURVE('',#1253,#4127);
#4127 = DEFINITIONAL_REPRESENTATION('',(#4128),#4132);
#4128 = LINE('',#4129,#4130);
#4129 = CARTESIAN_POINT('',(0.,0.));
#4130 = VECTOR('',#4131,1.);
#4131 = DIRECTION('',(0.,1.));
#4132 = ( GEOMETRIC_REPRESENTATION_CONTEXT(2) 
PARAMETRIC_REPRESENTATION_CONTEXT() REPRESENTATION_CONTEXT('2D SPACE',''
  ) );
#4133 = ORIENTED_EDGE('',*,*,#4134,.F.);
#4134 = EDGE_CURVE('',#4135,#4112,#4137,.T.);
#4135 = VERTEX_POINT('',#4136);
#4136 = CARTESIAN_POINT('',(224.,80.,102.));
#4137 = SURFACE_CURVE('',#4138,(#4142,#4149),.PCURVE_S1.);
#4138 = LINE('',#4139,#4140);
#4139 = CARTESIAN_POINT('',(224.,80.,102.));
#4140 = VECTOR('',#4141,1.);
#4141 = DIRECTION('',(0.,1.,0.));
#4142 = PCURVE('',#1177,#4143);
#4143 = DEFINITIONAL_REPRESENTATION('',(#4144),#4148);
#4144 = LINE('',#4145,#4146);
#4145 = CARTESIAN_POINT('',(0.,0.));
#4146 = VECTOR('',#4147,1.);
#4147 = DIRECTION('',(0.,1.));
#4148 = ( GEOMETRIC_REPRESENTATION_CONTEXT(2) 
PARAMETRIC_REPRESENTATION_CONTEXT() REPRESENTATION_CONTEXT('2D SPACE',''
  ) );
#4149 = PCURVE('',#4150,#4155);
#4150 = PLANE('',#4151);
#4151 = AXIS2_PLACEMENT_3D('',#4152,#4153,#4154);
#4152 = CARTESIAN_POINT('',(224.,80.,102.));
#4153 = DIRECTION('',(1.,0.,0.));
#4154 = DIRECTION('',(0.,0.,1.));
#4155 = DEFINITIONAL_REPRESENTATION('',(#4156),#4160);
#4156 = LINE('',#4157,#4158);
#4157 = CARTESIAN_POINT('',(0.,0.));
#4158 = VECTOR('',#4159,1.);
#4159 = DIRECTION('',(0.,-1.));
#4160 = ( GEOMETRIC_REPRESENTATION_CONTEXT(2) 
PARAMETRIC_REPRESENTATION_CONTEXT() REPRESENTATION_CONTEXT('2D SPACE',''
  ) );
#4161 = ORIENTED_EDGE('',*,*,#4162,.T.);
#4162 = EDGE_CURVE('',#4135,#1163,#4163,.T.);
#4163 = SURFACE_CURVE('',#4164,(#4168,#4175),.PCURVE_S1.);
#4164 = LINE('',#4165,#4166);
#4165 = CARTESIAN_POINT('',(224.,80.,102.));
#4166 = VECTOR('',#4167,1.);
#4167 = DIRECTION('',(1.,0.,0.));
#4168 = PCURVE('',#1177,#4169);
#4169 = DEFINITIONAL_REPRESENTATION('',(#4170),#4174);
#4170 = LINE('',#4171,#4172);
#4171 = CARTESIAN_POINT('',(0.,0.));
#4172 = VECTOR('',#4173,1.);
#4173 = DIRECTION('',(1.,0.));
#4174 = ( GEOMETRIC_REPRESENTATION_CONTEXT(2) 
PARAMETRIC_REPRESENTATION_CONTEXT() REPRESENTATION_CONTEXT('2D SPACE',''
  ) );
#4175 = PCURVE('',#1203,#4176);
#4176 = DEFINITIONAL_REPRESENTATION('',(#4177),#4181);
#4177 = LINE('',#4178,#4179);
#4178 = CARTESIAN_POINT('',(0.,0.));
#4179 = VECTOR('',#4180,1.);
#4180 = DIRECTION('',(0.,1.));
#4181 = ( GEOMETRIC_REPRESENTATION_CONTEXT(2) 
PARAMETRIC_REPRESENTATION_CONTEXT() REPRESENTATION_CONTEXT('2D SPACE',''
  ) );
#4182 = ORIENTED_EDGE('',*,*,#1160,.F.);
#4183 = ADVANCED_FACE('',(#4184),#1253,.F.);
#4184 = FACE_BOUND('',#4185,.F.);
#4185 = EDGE_LOOP('',(#4186,#4187,#4210,#4231));
#4186 = ORIENTED_EDGE('',*,*,#4111,.F.);
#4187 = ORIENTED_EDGE('',*,*,#4188,.T.);
#4188 = EDGE_CURVE('',#4112,#4189,#4191,.T.);
#4189 = VERTEX_POINT('',#4190);
#4190 = CARTESIAN_POINT('',(224.,260.,112.));
#4191 = SURFACE_CURVE('',#4192,(#4196,#4203),.PCURVE_S1.);
#4192 = LINE('',#4193,#4194);
#4193 = CARTESIAN_POINT('',(224.,260.,102.));
#4194 = VECTOR('',#4195,1.);
#4195 = DIRECTION('',(0.,0.,1.));
#4196 = PCURVE('',#1253,#4197);
#4197 = DEFINITIONAL_REPRESENTATION('',(#4198),#4202);
#4198 = LINE('',#4199,#4200);
#4199 = CARTESIAN_POINT('',(0.,0.));
#4200 = VECTOR('',#4201,1.);
#4201 = DIRECTION('',(1.,0.));
#4202 = ( GEOMETRIC_REPRESENTATION_CONTEXT(2) 
PARAMETRIC_REPRESENTATION_CONTEXT() REPRESENTATION_CONTEXT('2D SPACE',''
  ) );
#4203 = PCURVE('',#4150,#4204);
#4204 = DEFINITIONAL_REPRESENTATION('',(#4205),#4209);
#4205 = LINE('',#4206,#4207);
#4206 = CARTESIAN_POINT('',(0.,-180.));
#4207 = VECTOR('',#4208,1.);
#4208 = DIRECTION('',(1.,0.));
#4209 = ( GEOMETRIC_REPRESENTATION_CONTEXT(2) 
PARAMETRIC_REPRESENTATION_CONTEXT() REPRESENTATION_CONTEXT('2D SPACE',''
  ) );
#4210 = ORIENTED_EDGE('',*,*,#4211,.T.);
#4211 = EDGE_CURVE('',#4189,#1215,#4212,.T.);
#4212 = SURFACE_CURVE('',#4213,(#4217,#4224),.PCURVE_S1.);
#4213 = LINE('',#4214,#4215);
#4214 = CARTESIAN_POINT('',(224.,260.,112.));
#4215 = VECTOR('',#4216,1.);
#4216 = DIRECTION('',(1.,0.,0.));
#4217 = PCURVE('',#1253,#4218);
#4218 = DEFINITIONAL_REPRESENTATION('',(#4219),#4223);
#4219 = LINE('',#4220,#4221);
#4220 = CARTESIAN_POINT('',(10.,0.));
#4221 = VECTOR('',#4222,1.);
#4222 = DIRECTION('',(0.,1.));
#4223 = ( GEOMETRIC_REPRESENTATION_CONTEXT(2) 
PARAMETRIC_REPRESENTATION_CONTEXT() REPRESENTATION_CONTEXT('2D SPACE',''
  ) );
#4224 = PCURVE('',#1229,#4225);
#4225 = DEFINITIONAL_REPRESENTATION('',(#4226),#4230);
#4226 = LINE('',#4227,#4228);
#4227 = CARTESIAN_POINT('',(0.,180.));
#4228 = VECTOR('',#4229,1.);
#4229 = DIRECTION('',(1.,0.));
#4230 = ( GEOMETRIC_REPRESENTATION_CONTEXT(2) 
PARAMETRIC_REPRESENTATION_CONTEXT() REPRESENTATION_CONTEXT('2D SPACE',''
  ) );
#4231 = ORIENTED_EDGE('',*,*,#1240,.F.);
#4232 = ADVANCED_FACE('',(#4233),#1203,.T.);
#4233 = FACE_BOUND('',#4234,.T.);
#4234 = EDGE_LOOP('',(#4235,#4236,#4259,#4280));
#4235 = ORIENTED_EDGE('',*,*,#4162,.F.);
#4236 = ORIENTED_EDGE('',*,*,#4237,.T.);
#4237 = EDGE_CURVE('',#4135,#4238,#4240,.T.);
#4238 = VERTEX_POINT('',#4239);
#4239 = CARTESIAN_POINT('',(224.,80.,112.));
#4240 = SURFACE_CURVE('',#4241,(#4245,#4252),.PCURVE_S1.);
#4241 = LINE('',#4242,#4243);
#4242 = CARTESIAN_POINT('',(224.,80.,102.));
#4243 = VECTOR('',#4244,1.);
#4244 = DIRECTION('',(0.,0.,1.));
#4245 = PCURVE('',#1203,#4246);
#4246 = DEFINITIONAL_REPRESENTATION('',(#4247),#4251);
#4247 = LINE('',#4248,#4249);
#4248 = CARTESIAN_POINT('',(0.,0.));
#4249 = VECTOR('',#4250,1.);
#4250 = DIRECTION('',(1.,0.));
#4251 = ( GEOMETRIC_REPRESENTATION_CONTEXT(2) 
PARAMETRIC_REPRESENTATION_CONTEXT() REPRESENTATION_CONTEXT('2D SPACE',''
  ) );
#4252 = PCURVE('',#4150,#4253);
#4253 = DEFINITIONAL_REPRESENTATION('',(#4254),#4258);
#4254 = LINE('',#4255,#4256);
#4255 = CARTESIAN_POINT('',(0.,0.));
#4256 = VECTOR('',#4257,1.);
#4257 = DIRECTION('',(1.,0.));
#4258 = ( GEOMETRIC_REPRESENTATION_CONTEXT(2) 
PARAMETRIC_REPRESENTATION_CONTEXT() REPRESENTATION_CONTEXT('2D SPACE',''
  ) );
#4259 = ORIENTED_EDGE('',*,*,#4260,.T.);
#4260 = EDGE_CURVE('',#4238,#1189,#4261,.T.);
#4261 = SURFACE_CURVE('',#4262,(#4266,#4273),.PCURVE_S1.);
#4262 = LINE('',#4263,#4264);
#4263 = CARTESIAN_POINT('',(224.,80.,112.));
#4264 = VECTOR('',#4265,1.);
#4265 = DIRECTION('',(1.,0.,0.));
#4266 = PCURVE('',#1203,#4267);
#4267 = DEFINITIONAL_REPRESENTATION('',(#4268),#4272);
#4268 = LINE('',#4269,#4270);
#4269 = CARTESIAN_POINT('',(10.,0.));
#4270 = VECTOR('',#4271,1.);
#4271 = DIRECTION('',(0.,1.));
#4272 = ( GEOMETRIC_REPRESENTATION_CONTEXT(2) 
PARAMETRIC_REPRESENTATION_CONTEXT() REPRESENTATION_CONTEXT('2D SPACE',''
  ) );
#4273 = PCURVE('',#1229,#4274);
#4274 = DEFINITIONAL_REPRESENTATION('',(#4275),#4279);
#4275 = LINE('',#4276,#4277);
#4276 = CARTESIAN_POINT('',(0.,0.));
#4277 = VECTOR('',#4278,1.);
#4278 = DIRECTION('',(1.,0.));
#4279 = ( GEOMETRIC_REPRESENTATION_CONTEXT(2) 
PARAMETRIC_REPRESENTATION_CONTEXT() REPRESENTATION_CONTEXT('2D SPACE',''
  ) );
#4280 = ORIENTED_EDGE('',*,*,#1188,.F.);
#4281 = ADVANCED_FACE('',(#4282),#1229,.F.);
#4282 = FACE_BOUND('',#4283,.F.);
#4283 = EDGE_LOOP('',(#4284,#4285,#4306,#4307));
#4284 = ORIENTED_EDGE('',*,*,#4211,.F.);
#4285 = ORIENTED_EDGE('',*,*,#4286,.F.);
#4286 = EDGE_CURVE('',#4238,#4189,#4287,.T.);
#4287 = SURFACE_CURVE('',#4288,(#4292,#4299),.PCURVE_S1.);
#4288 = LINE('',#4289,#4290);
#4289 = CARTESIAN_POINT('',(224.,80.,112.));
#4290 = VECTOR('',#4291,1.);
#4291 = DIRECTION('',(0.,1.,0.));
#4292 = PCURVE('',#1229,#4293);
#4293 = DEFINITIONAL_REPRESENTATION('',(#4294),#4298);
#4294 = LINE('',#4295,#4296);
#4295 = CARTESIAN_POINT('',(0.,0.));
#4296 = VECTOR('',#4297,1.);
#4297 = DIRECTION('',(0.,1.));
#4298 = ( GEOMETRIC_REPRESENTATION_CONTEXT(2) 
PARAMETRIC_REPRESENTATION_CONTEXT() REPRESENTATION_CONTEXT('2D SPACE',''
  ) );
#4299 = PCURVE('',#4150,#4300);
#4300 = DEFINITIONAL_REPRESENTATION('',(#4301),#4305);
#4301 = LINE('',#4302,#4303);
#4302 = CARTESIAN_POINT('',(10.,0.));
#4303 = VECTOR('',#4304,1.);
#4304 = DIRECTION('',(0.,-1.));
#4305 = ( GEOMETRIC_REPRESENTATION_CONTEXT(2) 
PARAMETRIC_REPRESENTATION_CONTEXT() REPRESENTATION_CONTEXT('2D SPACE',''
  ) );
#4306 = ORIENTED_EDGE('',*,*,#4260,.T.);
#4307 = ORIENTED_EDGE('',*,*,#1214,.F.);
#4308 = ADVANCED_FACE('',(#4309),#1283,.T.);
#4309 = FACE_BOUND('',#4310,.T.);
#4310 = EDGE_LOOP('',(#4311,#4334,#4362,#4383));
#4311 = ORIENTED_EDGE('',*,*,#4312,.F.);
#4312 = EDGE_CURVE('',#4313,#1267,#4315,.T.);
#4313 = VERTEX_POINT('',#4314);
#4314 = CARTESIAN_POINT('',(224.,260.,134.));
#4315 = SURFACE_CURVE('',#4316,(#4320,#4327),.PCURVE_S1.);
#4316 = LINE('',#4317,#4318);
#4317 = CARTESIAN_POINT('',(224.,260.,134.));
#4318 = VECTOR('',#4319,1.);
#4319 = DIRECTION('',(1.,0.,0.));
#4320 = PCURVE('',#1283,#4321);
#4321 = DEFINITIONAL_REPRESENTATION('',(#4322),#4326);
#4322 = LINE('',#4323,#4324);
#4323 = CARTESIAN_POINT('',(0.,180.));
#4324 = VECTOR('',#4325,1.);
#4325 = DIRECTION('',(1.,0.));
#4326 = ( GEOMETRIC_REPRESENTATION_CONTEXT(2) 
PARAMETRIC_REPRESENTATION_CONTEXT() REPRESENTATION_CONTEXT('2D SPACE',''
  ) );
#4327 = PCURVE('',#1359,#4328);
#4328 = DEFINITIONAL_REPRESENTATION('',(#4329),#4333);
#4329 = LINE('',#4330,#4331);
#4330 = CARTESIAN_POINT('',(0.,0.));
#4331 = VECTOR('',#4332,1.);
#4332 = DIRECTION('',(0.,1.));
#4333 = ( GEOMETRIC_REPRESENTATION_CONTEXT(2) 
PARAMETRIC_REPRESENTATION_CONTEXT() REPRESENTATION_CONTEXT('2D SPACE',''
  ) );
#4334 = ORIENTED_EDGE('',*,*,#4335,.F.);
#4335 = EDGE_CURVE('',#4336,#4313,#4338,.T.);
#4336 = VERTEX_POINT('',#4337);
#4337 = CARTESIAN_POINT('',(224.,80.,134.));
#4338 = SURFACE_CURVE('',#4339,(#4343,#4350),.PCURVE_S1.);
#4339 = LINE('',#4340,#4341);
#4340 = CARTESIAN_POINT('',(224.,80.,134.));
#4341 = VECTOR('',#4342,1.);
#4342 = DIRECTION('',(0.,1.,0.));
#4343 = PCURVE('',#1283,#4344);
#4344 = DEFINITIONAL_REPRESENTATION('',(#4345),#4349);
#4345 = LINE('',#4346,#4347);
#4346 = CARTESIAN_POINT('',(0.,0.));
#4347 = VECTOR('',#4348,1.);
#4348 = DIRECTION('',(0.,1.));
#4349 = ( GEOMETRIC_REPRESENTATION_CONTEXT(2) 
PARAMETRIC_REPRESENTATION_CONTEXT() REPRESENTATION_CONTEXT('2D SPACE',''
  ) );
#4350 = PCURVE('',#4351,#4356);
#4351 = PLANE('',#4352);
#4352 = AXIS2_PLACEMENT_3D('',#4353,#4354,#4355);
#4353 = CARTESIAN_POINT('',(224.,80.,134.));
#4354 = DIRECTION('',(1.,0.,0.));
#4355 = DIRECTION('',(0.,0.,1.));
#4356 = DEFINITIONAL_REPRESENTATION('',(#4357),#4361);
#4357 = LINE('',#4358,#4359);
#4358 = CARTESIAN_POINT('',(0.,0.));
#4359 = VECTOR('',#4360,1.);
#4360 = DIRECTION('',(0.,-1.));
#4361 = ( GEOMETRIC_REPRESENTATION_CONTEXT(2) 
PARAMETRIC_REPRESENTATION_CONTEXT() REPRESENTATION_CONTEXT('2D SPACE',''
  ) );
#4362 = ORIENTED_EDGE('',*,*,#4363,.T.);
#4363 = EDGE_CURVE('',#4336,#1269,#4364,.T.);
#4364 = SURFACE_CURVE('',#4365,(#4369,#4376),.PCURVE_S1.);
#4365 = LINE('',#4366,#4367);
#4366 = CARTESIAN_POINT('',(224.,80.,134.));
#4367 = VECTOR('',#4368,1.);
#4368 = DIRECTION('',(1.,0.,0.));
#4369 = PCURVE('',#1283,#4370);
#4370 = DEFINITIONAL_REPRESENTATION('',(#4371),#4375);
#4371 = LINE('',#4372,#4373);
#4372 = CARTESIAN_POINT('',(0.,0.));
#4373 = VECTOR('',#4374,1.);
#4374 = DIRECTION('',(1.,0.));
#4375 = ( GEOMETRIC_REPRESENTATION_CONTEXT(2) 
PARAMETRIC_REPRESENTATION_CONTEXT() REPRESENTATION_CONTEXT('2D SPACE',''
  ) );
#4376 = PCURVE('',#1309,#4377);
#4377 = DEFINITIONAL_REPRESENTATION('',(#4378),#4382);
#4378 = LINE('',#4379,#4380);
#4379 = CARTESIAN_POINT('',(0.,0.));
#4380 = VECTOR('',#4381,1.);
#4381 = DIRECTION('',(0.,1.));
#4382 = ( GEOMETRIC_REPRESENTATION_CONTEXT(2) 
PARAMETRIC_REPRESENTATION_CONTEXT() REPRESENTATION_CONTEXT('2D SPACE',''
  ) );
#4383 = ORIENTED_EDGE('',*,*,#1266,.F.);
#4384 = ADVANCED_FACE('',(#4385),#1359,.F.);
#4385 = FACE_BOUND('',#4386,.F.);
#4386 = EDGE_LOOP('',(#4387,#4388,#4411,#4432));
#4387 = ORIENTED_EDGE('',*,*,#4312,.F.);
#4388 = ORIENTED_EDGE('',*,*,#4389,.T.);
#4389 = EDGE_CURVE('',#4313,#4390,#4392,.T.);
#4390 = VERTEX_POINT('',#4391);
#4391 = CARTESIAN_POINT('',(224.,260.,144.));
#4392 = SURFACE_CURVE('',#4393,(#4397,#4404),.PCURVE_S1.);
#4393 = LINE('',#4394,#4395);
#4394 = CARTESIAN_POINT('',(224.,260.,134.));
#4395 = VECTOR('',#4396,1.);
#4396 = DIRECTION('',(0.,0.,1.));
#4397 = PCURVE('',#1359,#4398);
#4398 = DEFINITIONAL_REPRESENTATION('',(#4399),#4403);
#4399 = LINE('',#4400,#4401);
#4400 = CARTESIAN_POINT('',(0.,0.));
#4401 = VECTOR('',#4402,1.);
#4402 = DIRECTION('',(1.,0.));
#4403 = ( GEOMETRIC_REPRESENTATION_CONTEXT(2) 
PARAMETRIC_REPRESENTATION_CONTEXT() REPRESENTATION_CONTEXT('2D SPACE',''
  ) );
#4404 = PCURVE('',#4351,#4405);
#4405 = DEFINITIONAL_REPRESENTATION('',(#4406),#4410);
#4406 = LINE('',#4407,#4408);
#4407 = CARTESIAN_POINT('',(0.,-180.));
#4408 = VECTOR('',#4409,1.);
#4409 = DIRECTION('',(1.,0.));
#4410 = ( GEOMETRIC_REPRESENTATION_CONTEXT(2) 
PARAMETRIC_REPRESENTATION_CONTEXT() REPRESENTATION_CONTEXT('2D SPACE',''
  ) );
#4411 = ORIENTED_EDGE('',*,*,#4412,.T.);
#4412 = EDGE_CURVE('',#4390,#1321,#4413,.T.);
#4413 = SURFACE_CURVE('',#4414,(#4418,#4425),.PCURVE_S1.);
#4414 = LINE('',#4415,#4416);
#4415 = CARTESIAN_POINT('',(224.,260.,144.));
#4416 = VECTOR('',#4417,1.);
#4417 = DIRECTION('',(1.,0.,0.));
#4418 = PCURVE('',#1359,#4419);
#4419 = DEFINITIONAL_REPRESENTATION('',(#4420),#4424);
#4420 = LINE('',#4421,#4422);
#4421 = CARTESIAN_POINT('',(10.,0.));
#4422 = VECTOR('',#4423,1.);
#4423 = DIRECTION('',(0.,1.));
#4424 = ( GEOMETRIC_REPRESENTATION_CONTEXT(2) 
PARAMETRIC_REPRESENTATION_CONTEXT() REPRESENTATION_CONTEXT('2D SPACE',''
  ) );
#4425 = PCURVE('',#1335,#4426);
#4426 = DEFINITIONAL_REPRESENTATION('',(#4427),#4431);
#4427 = LINE('',#4428,#4429);
#4428 = CARTESIAN_POINT('',(0.,180.));
#4429 = VECTOR('',#4430,1.);
#4430 = DIRECTION('',(1.,0.));
#4431 = ( GEOMETRIC_REPRESENTATION_CONTEXT(2) 
PARAMETRIC_REPRESENTATION_CONTEXT() REPRESENTATION_CONTEXT('2D SPACE',''
  ) );
#4432 = ORIENTED_EDGE('',*,*,#1346,.F.);
#4433 = ADVANCED_FACE('',(#4434),#1309,.T.);
#4434 = FACE_BOUND('',#4435,.T.);
#4435 = EDGE_LOOP('',(#4436,#4437,#4460,#4481));
#4436 = ORIENTED_EDGE('',*,*,#4363,.F.);
#4437 = ORIENTED_EDGE('',*,*,#4438,.T.);
#4438 = EDGE_CURVE('',#4336,#4439,#4441,.T.);
#4439 = VERTEX_POINT('',#4440);
#4440 = CARTESIAN_POINT('',(224.,80.,144.));
#4441 = SURFACE_CURVE('',#4442,(#4446,#4453),.PCURVE_S1.);
#4442 = LINE('',#4443,#4444);
#4443 = CARTESIAN_POINT('',(224.,80.,134.));
#4444 = VECTOR('',#4445,1.);
#4445 = DIRECTION('',(0.,0.,1.));
#4446 = PCURVE('',#1309,#4447);
#4447 = DEFINITIONAL_REPRESENTATION('',(#4448),#4452);
#4448 = LINE('',#4449,#4450);
#4449 = CARTESIAN_POINT('',(0.,0.));
#4450 = VECTOR('',#4451,1.);
#4451 = DIRECTION('',(1.,0.));
#4452 = ( GEOMETRIC_REPRESENTATION_CONTEXT(2) 
PARAMETRIC_REPRESENTATION_CONTEXT() REPRESENTATION_CONTEXT('2D SPACE',''
  ) );
#4453 = PCURVE('',#4351,#4454);
#4454 = DEFINITIONAL_REPRESENTATION('',(#4455),#4459);
#4455 = LINE('',#4456,#4457);
#4456 = CARTESIAN_POINT('',(0.,0.));
#4457 = VECTOR('',#4458,1.);
#4458 = DIRECTION('',(1.,0.));
#4459 = ( GEOMETRIC_REPRESENTATION_CONTEXT(2) 
PARAMETRIC_REPRESENTATION_CONTEXT() REPRESENTATION_CONTEXT('2D SPACE',''
  ) );
#4460 = ORIENTED_EDGE('',*,*,#4461,.T.);
#4461 = EDGE_CURVE('',#4439,#1295,#4462,.T.);
#4462 = SURFACE_CURVE('',#4463,(#4467,#4474),.PCURVE_S1.);
#4463 = LINE('',#4464,#4465);
#4464 = CARTESIAN_POINT('',(224.,80.,144.));
#4465 = VECTOR('',#4466,1.);
#4466 = DIRECTION('',(1.,0.,0.));
#4467 = PCURVE('',#1309,#4468);
#4468 = DEFINITIONAL_REPRESENTATION('',(#4469),#4473);
#4469 = LINE('',#4470,#4471);
#4470 = CARTESIAN_POINT('',(10.,0.));
#4471 = VECTOR('',#4472,1.);
#4472 = DIRECTION('',(0.,1.));
#4473 = ( GEOMETRIC_REPRESENTATION_CONTEXT(2) 
PARAMETRIC_REPRESENTATION_CONTEXT() REPRESENTATION_CONTEXT('2D SPACE',''
  ) );
#4474 = PCURVE('',#1335,#4475);
#4475 = DEFINITIONAL_REPRESENTATION('',(#4476),#4480);
#4476 = LINE('',#4477,#4478);
#4477 = CARTESIAN_POINT('',(0.,0.));
#4478 = VECTOR('',#4479,1.);
#4479 = DIRECTION('',(1.,0.));
#4480 = ( GEOMETRIC_REPRESENTATION_CONTEXT(2) 
PARAMETRIC_REPRESENTATION_CONTEXT() REPRESENTATION_CONTEXT('2D SPACE',''
  ) );
#4481 = ORIENTED_EDGE('',*,*,#1294,.F.);
#4482 = ADVANCED_FACE('',(#4483),#1335,.F.);
#4483 = FACE_BOUND('',#4484,.F.);
#4484 = EDGE_LOOP('',(#4485,#4486,#4507,#4508));
#4485 = ORIENTED_EDGE('',*,*,#4412,.F.);
#4486 = ORIENTED_EDGE('',*,*,#4487,.F.);
#4487 = EDGE_CURVE('',#4439,#4390,#4488,.T.);
#4488 = SURFACE_CURVE('',#4489,(#4493,#4500),.PCURVE_S1.);
#4489 = LINE('',#4490,#4491);
#4490 = CARTESIAN_POINT('',(224.,80.,144.));
#4491 = VECTOR('',#4492,1.);
#4492 = DIRECTION('',(0.,1.,0.));
#4493 = PCURVE('',#1335,#4494);
#4494 = DEFINITIONAL_REPRESENTATION('',(#4495),#4499);
#4495 = LINE('',#4496,#4497);
#4496 = CARTESIAN_POINT('',(0.,0.));
#4497 = VECTOR('',#4498,1.);
#4498 = DIRECTION('',(0.,1.));
#4499 = ( GEOMETRIC_REPRESENTATION_CONTEXT(2) 
PARAMETRIC_REPRESENTATION_CONTEXT() REPRESENTATION_CONTEXT('2D SPACE',''
  ) );
#4500 = PCURVE('',#4351,#4501);
#4501 = DEFINITIONAL_REPRESENTATION('',(#4502),#4506);
#4502 = LINE('',#4503,#4504);
#4503 = CARTESIAN_POINT('',(10.,0.));
#4504 = VECTOR('',#4505,1.);
#4505 = DIRECTION('',(0.,-1.));
#4506 = ( GEOMETRIC_REPRESENTATION_CONTEXT(2) 
PARAMETRIC_REPRESENTATION_CONTEXT() REPRESENTATION_CONTEXT('2D SPACE',''
  ) );
#4507 = ORIENTED_EDGE('',*,*,#4461,.T.);
#4508 = ORIENTED_EDGE('',*,*,#1320,.F.);
#4509 = ADVANCED_FACE('',(#4510),#1389,.T.);
#4510 = FACE_BOUND('',#4511,.T.);
#4511 = EDGE_LOOP('',(#4512,#4535,#4563,#4584));
#4512 = ORIENTED_EDGE('',*,*,#4513,.F.);
#4513 = EDGE_CURVE('',#4514,#1373,#4516,.T.);
#4514 = VERTEX_POINT('',#4515);
#4515 = CARTESIAN_POINT('',(224.,260.,166.));
#4516 = SURFACE_CURVE('',#4517,(#4521,#4528),.PCURVE_S1.);
#4517 = LINE('',#4518,#4519);
#4518 = CARTESIAN_POINT('',(224.,260.,166.));
#4519 = VECTOR('',#4520,1.);
#4520 = DIRECTION('',(1.,0.,0.));
#4521 = PCURVE('',#1389,#4522);
#4522 = DEFINITIONAL_REPRESENTATION('',(#4523),#4527);
#4523 = LINE('',#4524,#4525);
#4524 = CARTESIAN_POINT('',(0.,180.));
#4525 = VECTOR('',#4526,1.);
#4526 = DIRECTION('',(1.,0.));
#4527 = ( GEOMETRIC_REPRESENTATION_CONTEXT(2) 
PARAMETRIC_REPRESENTATION_CONTEXT() REPRESENTATION_CONTEXT('2D SPACE',''
  ) );
#4528 = PCURVE('',#1465,#4529);
#4529 = DEFINITIONAL_REPRESENTATION('',(#4530),#4534);
#4530 = LINE('',#4531,#4532);
#4531 = CARTESIAN_POINT('',(0.,0.));
#4532 = VECTOR('',#4533,1.);
#4533 = DIRECTION('',(0.,1.));
#4534 = ( GEOMETRIC_REPRESENTATION_CONTEXT(2) 
PARAMETRIC_REPRESENTATION_CONTEXT() REPRESENTATION_CONTEXT('2D SPACE',''
  ) );
#4535 = ORIENTED_EDGE('',*,*,#4536,.F.);
#4536 = EDGE_CURVE('',#4537,#4514,#4539,.T.);
#4537 = VERTEX_POINT('',#4538);
#4538 = CARTESIAN_POINT('',(224.,80.,166.));
#4539 = SURFACE_CURVE('',#4540,(#4544,#4551),.PCURVE_S1.);
#4540 = LINE('',#4541,#4542);
#4541 = CARTESIAN_POINT('',(224.,80.,166.));
#4542 = VECTOR('',#4543,1.);
#4543 = DIRECTION('',(0.,1.,0.));
#4544 = PCURVE('',#1389,#4545);
#4545 = DEFINITIONAL_REPRESENTATION('',(#4546),#4550);
#4546 = LINE('',#4547,#4548);
#4547 = CARTESIAN_POINT('',(0.,0.));
#4548 = VECTOR('',#4549,1.);
#4549 = DIRECTION('',(0.,1.));
#4550 = ( GEOMETRIC_REPRESENTATION_CONTEXT(2) 
PARAMETRIC_REPRESENTATION_CONTEXT() REPRESENTATION_CONTEXT('2D SPACE',''
  ) );
#4551 = PCURVE('',#4552,#4557);
#4552 = PLANE('',#4553);
#4553 = AXIS2_PLACEMENT_3D('',#4554,#4555,#4556);
#4554 = CARTESIAN_POINT('',(224.,80.,166.));
#4555 = DIRECTION('',(1.,0.,0.));
#4556 = DIRECTION('',(0.,0.,1.));
#4557 = DEFINITIONAL_REPRESENTATION('',(#4558),#4562);
#4558 = LINE('',#4559,#4560);
#4559 = CARTESIAN_POINT('',(0.,0.));
#4560 = VECTOR('',#4561,1.);
#4561 = DIRECTION('',(0.,-1.));
#4562 = ( GEOMETRIC_REPRESENTATION_CONTEXT(2) 
PARAMETRIC_REPRESENTATION_CONTEXT() REPRESENTATION_CONTEXT('2D SPACE',''
  ) );
#4563 = ORIENTED_EDGE('',*,*,#4564,.T.);
#4564 = EDGE_CURVE('',#4537,#1375,#4565,.T.);
#4565 = SURFACE_CURVE('',#4566,(#4570,#4577),.PCURVE_S1.);
#4566 = LINE('',#4567,#4568);
#4567 = CARTESIAN_POINT('',(224.,80.,166.));
#4568 = VECTOR('',#4569,1.);
#4569 = DIRECTION('',(1.,0.,0.));
#4570 = PCURVE('',#1389,#4571);
#4571 = DEFINITIONAL_REPRESENTATION('',(#4572),#4576);
#4572 = LINE('',#4573,#4574);
#4573 = CARTESIAN_POINT('',(0.,0.));
#4574 = VECTOR('',#4575,1.);
#4575 = DIRECTION('',(1.,0.));
#4576 = ( GEOMETRIC_REPRESENTATION_CONTEXT(2) 
PARAMETRIC_REPRESENTATION_CONTEXT() REPRESENTATION_CONTEXT('2D SPACE',''
  ) );
#4577 = PCURVE('',#1415,#4578);
#4578 = DEFINITIONAL_REPRESENTATION('',(#4579),#4583);
#4579 = LINE('',#4580,#4581);
#4580 = CARTESIAN_POINT('',(0.,0.));
#4581 = VECTOR('',#4582,1.);
#4582 = DIRECTION('',(0.,1.));
#4583 = ( GEOMETRIC_REPRESENTATION_CONTEXT(2) 
PARAMETRIC_REPRESENTATION_CONTEXT() REPRESENTATION_CONTEXT('2D SPACE',''
  ) );
#4584 = ORIENTED_EDGE('',*,*,#1372,.F.);
#4585 = ADVANCED_FACE('',(#4586),#1465,.F.);
#4586 = FACE_BOUND('',#4587,.F.);
#4587 = EDGE_LOOP('',(#4588,#4589,#4612,#4633));
#4588 = ORIENTED_EDGE('',*,*,#4513,.F.);
#4589 = ORIENTED_EDGE('',*,*,#4590,.T.);
#4590 = EDGE_CURVE('',#4514,#4591,#4593,.T.);
#4591 = VERTEX_POINT('',#4592);
#4592 = CARTESIAN_POINT('',(224.,260.,176.));
#4593 = SURFACE_CURVE('',#4594,(#4598,#4605),.PCURVE_S1.);
#4594 = LINE('',#4595,#4596);
#4595 = CARTESIAN_POINT('',(224.,260.,166.));
#4596 = VECTOR('',#4597,1.);
#4597 = DIRECTION('',(0.,0.,1.));
#4598 = PCURVE('',#1465,#4599);
#4599 = DEFINITIONAL_REPRESENTATION('',(#4600),#4604);
#4600 = LINE('',#4601,#4602);
#4601 = CARTESIAN_POINT('',(0.,0.));
#4602 = VECTOR('',#4603,1.);
#4603 = DIRECTION('',(1.,0.));
#4604 = ( GEOMETRIC_REPRESENTATION_CONTEXT(2) 
PARAMETRIC_REPRESENTATION_CONTEXT() REPRESENTATION_CONTEXT('2D SPACE',''
  ) );
#4605 = PCURVE('',#4552,#4606);
#4606 = DEFINITIONAL_REPRESENTATION('',(#4607),#4611);
#4607 = LINE('',#4608,#4609);
#4608 = CARTESIAN_POINT('',(0.,-180.));
#4609 = VECTOR('',#4610,1.);
#4610 = DIRECTION('',(1.,0.));
#4611 = ( GEOMETRIC_REPRESENTATION_CONTEXT(2) 
PARAMETRIC_REPRESENTATION_CONTEXT() REPRESENTATION_CONTEXT('2D SPACE',''
  ) );
#4612 = ORIENTED_EDGE('',*,*,#4613,.T.);
#4613 = EDGE_CURVE('',#4591,#1427,#4614,.T.);
#4614 = SURFACE_CURVE('',#4615,(#4619,#4626),.PCURVE_S1.);
#4615 = LINE('',#4616,#4617);
#4616 = CARTESIAN_POINT('',(224.,260.,176.));
#4617 = VECTOR('',#4618,1.);
#4618 = DIRECTION('',(1.,0.,0.));
#4619 = PCURVE('',#1465,#4620);
#4620 = DEFINITIONAL_REPRESENTATION('',(#4621),#4625);
#4621 = LINE('',#4622,#4623);
#4622 = CARTESIAN_POINT('',(10.,0.));
#4623 = VECTOR('',#4624,1.);
#4624 = DIRECTION('',(0.,1.));
#4625 = ( GEOMETRIC_REPRESENTATION_CONTEXT(2) 
PARAMETRIC_REPRESENTATION_CONTEXT() REPRESENTATION_CONTEXT('2D SPACE',''
  ) );
#4626 = PCURVE('',#1441,#4627);
#4627 = DEFINITIONAL_REPRESENTATION('',(#4628),#4632);
#4628 = LINE('',#4629,#4630);
#4629 = CARTESIAN_POINT('',(0.,180.));
#4630 = VECTOR('',#4631,1.);
#4631 = DIRECTION('',(1.,0.));
#4632 = ( GEOMETRIC_REPRESENTATION_CONTEXT(2) 
PARAMETRIC_REPRESENTATION_CONTEXT() REPRESENTATION_CONTEXT('2D SPACE',''
  ) );
#4633 = ORIENTED_EDGE('',*,*,#1452,.F.);
#4634 = ADVANCED_FACE('',(#4635),#1415,.T.);
#4635 = FACE_BOUND('',#4636,.T.);
#4636 = EDGE_LOOP('',(#4637,#4638,#4661,#4682));
#4637 = ORIENTED_EDGE('',*,*,#4564,.F.);
#4638 = ORIENTED_EDGE('',*,*,#4639,.T.);
#4639 = EDGE_CURVE('',#4537,#4640,#4642,.T.);
#4640 = VERTEX_POINT('',#4641);
#4641 = CARTESIAN_POINT('',(224.,80.,176.));
#4642 = SURFACE_CURVE('',#4643,(#4647,#4654),.PCURVE_S1.);
#4643 = LINE('',#4644,#4645);
#4644 = CARTESIAN_POINT('',(224.,80.,166.));
#4645 = VECTOR('',#4646,1.);
#4646 = DIRECTION('',(0.,0.,1.));
#4647 = PCURVE('',#1415,#4648);
#4648 = DEFINITIONAL_REPRESENTATION('',(#4649),#4653);
#4649 = LINE('',#4650,#4651);
#4650 = CARTESIAN_POINT('',(0.,0.));
#4651 = VECTOR('',#4652,1.);
#4652 = DIRECTION('',(1.,0.));
#4653 = ( GEOMETRIC_REPRESENTATION_CONTEXT(2) 
PARAMETRIC_REPRESENTATION_CONTEXT() REPRESENTATION_CONTEXT('2D SPACE',''
  ) );
#4654 = PCURVE('',#4552,#4655);
#4655 = DEFINITIONAL_REPRESENTATION('',(#4656),#4660);
#4656 = LINE('',#4657,#4658);
#4657 = CARTESIAN_POINT('',(0.,0.));
#4658 = VECTOR('',#4659,1.);
#4659 = DIRECTION('',(1.,0.));
#4660 = ( GEOMETRIC_REPRESENTATION_CONTEXT(2) 
PARAMETRIC_REPRESENTATION_CONTEXT() REPRESENTATION_CONTEXT('2D SPACE',''
  ) );
#4661 = ORIENTED_EDGE('',*,*,#4662,.T.);
#4662 = EDGE_CURVE('',#4640,#1401,#4663,.T.);
#4663 = SURFACE_CURVE('',#4664,(#4668,#4675),.PCURVE_S1.);
#4664 = LINE('',#4665,#4666);
#4665 = CARTESIAN_POINT('',(224.,80.,176.));
#4666 = VECTOR('',#4667,1.);
#4667 = DIRECTION('',(1.,0.,0.));
#4668 = PCURVE('',#1415,#4669);
#4669 = DEFINITIONAL_REPRESENTATION('',(#4670),#4674);
#4670 = LINE('',#4671,#4672);
#4671 = CARTESIAN_POINT('',(10.,0.));
#4672 = VECTOR('',#4673,1.);
#4673 = DIRECTION('',(0.,1.));
#4674 = ( GEOMETRIC_REPRESENTATION_CONTEXT(2) 
PARAMETRIC_REPRESENTATION_CONTEXT() REPRESENTATION_CONTEXT('2D SPACE',''
  ) );
#4675 = PCURVE('',#1441,#4676);
#4676 = DEFINITIONAL_REPRESENTATION('',(#4677),#4681);
#4677 = LINE('',#4678,#4679);
#4678 = CARTESIAN_POINT('',(0.,0.));
#4679 = VECTOR('',#4680,1.);
#4680 = DIRECTION('',(1.,0.));
#4681 = ( GEOMETRIC_REPRESENTATION_CONTEXT(2) 
PARAMETRIC_REPRESENTATION_CONTEXT() REPRESENTATION_CONTEXT('2D SPACE',''
  ) );
#4682 = ORIENTED_EDGE('',*,*,#1400,.F.);
#4683 = ADVANCED_FACE('',(#4684),#1441,.F.);
#4684 = FACE_BOUND('',#4685,.F.);
#4685 = EDGE_LOOP('',(#4686,#4687,#4708,#4709));
#4686 = ORIENTED_EDGE('',*,*,#4613,.F.);
#4687 = ORIENTED_EDGE('',*,*,#4688,.F.);
#4688 = EDGE_CURVE('',#4640,#4591,#4689,.T.);
#4689 = SURFACE_CURVE('',#4690,(#4694,#4701),.PCURVE_S1.);
#4690 = LINE('',#4691,#4692);
#4691 = CARTESIAN_POINT('',(224.,80.,176.));
#4692 = VECTOR('',#4693,1.);
#4693 = DIRECTION('',(0.,1.,0.));
#4694 = PCURVE('',#1441,#4695);
#4695 = DEFINITIONAL_REPRESENTATION('',(#4696),#4700);
#4696 = LINE('',#4697,#4698);
#4697 = CARTESIAN_POINT('',(0.,0.));
#4698 = VECTOR('',#4699,1.);
#4699 = DIRECTION('',(0.,1.));
#4700 = ( GEOMETRIC_REPRESENTATION_CONTEXT(2) 
PARAMETRIC_REPRESENTATION_CONTEXT() REPRESENTATION_CONTEXT('2D SPACE',''
  ) );
#4701 = PCURVE('',#4552,#4702);
#4702 = DEFINITIONAL_REPRESENTATION('',(#4703),#4707);
#4703 = LINE('',#4704,#4705);
#4704 = CARTESIAN_POINT('',(10.,0.));
#4705 = VECTOR('',#4706,1.);
#4706 = DIRECTION('',(0.,-1.));
#4707 = ( GEOMETRIC_REPRESENTATION_CONTEXT(2) 
PARAMETRIC_REPRESENTATION_CONTEXT() REPRESENTATION_CONTEXT('2D SPACE',''
  ) );
#4708 = ORIENTED_EDGE('',*,*,#4662,.T.);
#4709 = ORIENTED_EDGE('',*,*,#1426,.F.);
#4710 = ADVANCED_FACE('',(#4711),#1495,.T.);
#4711 = FACE_BOUND('',#4712,.T.);
#4712 = EDGE_LOOP('',(#4713,#4736,#4764,#4785));
#4713 = ORIENTED_EDGE('',*,*,#4714,.F.);
#4714 = EDGE_CURVE('',#4715,#1479,#4717,.T.);
#4715 = VERTEX_POINT('',#4716);
#4716 = CARTESIAN_POINT('',(224.,260.,198.));
#4717 = SURFACE_CURVE('',#4718,(#4722,#4729),.PCURVE_S1.);
#4718 = LINE('',#4719,#4720);
#4719 = CARTESIAN_POINT('',(224.,260.,198.));
#4720 = VECTOR('',#4721,1.);
#4721 = DIRECTION('',(1.,0.,0.));
#4722 = PCURVE('',#1495,#4723);
#4723 = DEFINITIONAL_REPRESENTATION('',(#4724),#4728);
#4724 = LINE('',#4725,#4726);
#4725 = CARTESIAN_POINT('',(0.,180.));
#4726 = VECTOR('',#4727,1.);
#4727 = DIRECTION('',(1.,0.));
#4728 = ( GEOMETRIC_REPRESENTATION_CONTEXT(2) 
PARAMETRIC_REPRESENTATION_CONTEXT() REPRESENTATION_CONTEXT('2D SPACE',''
  ) );
#4729 = PCURVE('',#1571,#4730);
#4730 = DEFINITIONAL_REPRESENTATION('',(#4731),#4735);
#4731 = LINE('',#4732,#4733);
#4732 = CARTESIAN_POINT('',(0.,0.));
#4733 = VECTOR('',#4734,1.);
#4734 = DIRECTION('',(0.,1.));
#4735 = ( GEOMETRIC_REPRESENTATION_CONTEXT(2) 
PARAMETRIC_REPRESENTATION_CONTEXT() REPRESENTATION_CONTEXT('2D SPACE',''
  ) );
#4736 = ORIENTED_EDGE('',*,*,#4737,.F.);
#4737 = EDGE_CURVE('',#4738,#4715,#4740,.T.);
#4738 = VERTEX_POINT('',#4739);
#4739 = CARTESIAN_POINT('',(224.,80.,198.));
#4740 = SURFACE_CURVE('',#4741,(#4745,#4752),.PCURVE_S1.);
#4741 = LINE('',#4742,#4743);
#4742 = CARTESIAN_POINT('',(224.,80.,198.));
#4743 = VECTOR('',#4744,1.);
#4744 = DIRECTION('',(0.,1.,0.));
#4745 = PCURVE('',#1495,#4746);
#4746 = DEFINITIONAL_REPRESENTATION('',(#4747),#4751);
#4747 = LINE('',#4748,#4749);
#4748 = CARTESIAN_POINT('',(0.,0.));
#4749 = VECTOR('',#4750,1.);
#4750 = DIRECTION('',(0.,1.));
#4751 = ( GEOMETRIC_REPRESENTATION_CONTEXT(2) 
PARAMETRIC_REPRESENTATION_CONTEXT() REPRESENTATION_CONTEXT('2D SPACE',''
  ) );
#4752 = PCURVE('',#4753,#4758);
#4753 = PLANE('',#4754);
#4754 = AXIS2_PLACEMENT_3D('',#4755,#4756,#4757);
#4755 = CARTESIAN_POINT('',(224.,80.,198.));
#4756 = DIRECTION('',(1.,0.,0.));
#4757 = DIRECTION('',(0.,0.,1.));
#4758 = DEFINITIONAL_REPRESENTATION('',(#4759),#4763);
#4759 = LINE('',#4760,#4761);
#4760 = CARTESIAN_POINT('',(0.,0.));
#4761 = VECTOR('',#4762,1.);
#4762 = DIRECTION('',(0.,-1.));
#4763 = ( GEOMETRIC_REPRESENTATION_CONTEXT(2) 
PARAMETRIC_REPRESENTATION_CONTEXT() REPRESENTATION_CONTEXT('2D SPACE',''
  ) );
#4764 = ORIENTED_EDGE('',*,*,#4765,.T.);
#4765 = EDGE_CURVE('',#4738,#1481,#4766,.T.);
#4766 = SURFACE_CURVE('',#4767,(#4771,#4778),.PCURVE_S1.);
#4767 = LINE('',#4768,#4769);
#4768 = CARTESIAN_POINT('',(224.,80.,198.));
#4769 = VECTOR('',#4770,1.);
#4770 = DIRECTION('',(1.,0.,0.));
#4771 = PCURVE('',#1495,#4772);
#4772 = DEFINITIONAL_REPRESENTATION('',(#4773),#4777);
#4773 = LINE('',#4774,#4775);
#4774 = CARTESIAN_POINT('',(0.,0.));
#4775 = VECTOR('',#4776,1.);
#4776 = DIRECTION('',(1.,0.));
#4777 = ( GEOMETRIC_REPRESENTATION_CONTEXT(2) 
PARAMETRIC_REPRESENTATION_CONTEXT() REPRESENTATION_CONTEXT('2D SPACE',''
  ) );
#4778 = PCURVE('',#1521,#4779);
#4779 = DEFINITIONAL_REPRESENTATION('',(#4780),#4784);
#4780 = LINE('',#4781,#4782);
#4781 = CARTESIAN_POINT('',(0.,0.));
#4782 = VECTOR('',#4783,1.);
#4783 = DIRECTION('',(0.,1.));
#4784 = ( GEOMETRIC_REPRESENTATION_CONTEXT(2) 
PARAMETRIC_REPRESENTATION_CONTEXT() REPRESENTATION_CONTEXT('2D SPACE',''
  ) );
#4785 = ORIENTED_EDGE('',*,*,#1478,.F.);
#4786 = ADVANCED_FACE('',(#4787),#1571,.F.);
#4787 = FACE_BOUND('',#4788,.F.);
#4788 = EDGE_LOOP('',(#4789,#4790,#4813,#4834));
#4789 = ORIENTED_EDGE('',*,*,#4714,.F.);
#4790 = ORIENTED_EDGE('',*,*,#4791,.T.);
#4791 = EDGE_CURVE('',#4715,#4792,#4794,.T.);
#4792 = VERTEX_POINT('',#4793);
#4793 = CARTESIAN_POINT('',(224.,260.,208.));
#4794 = SURFACE_CURVE('',#4795,(#4799,#4806),.PCURVE_S1.);
#4795 = LINE('',#4796,#4797);
#4796 = CARTESIAN_POINT('',(224.,260.,198.));
#4797 = VECTOR('',#4798,1.);
#4798 = DIRECTION('',(0.,0.,1.));
#4799 = PCURVE('',#1571,#4800);
#4800 = DEFINITIONAL_REPRESENTATION('',(#4801),#4805);
#4801 = LINE('',#4802,#4803);
#4802 = CARTESIAN_POINT('',(0.,0.));
#4803 = VECTOR('',#4804,1.);
#4804 = DIRECTION('',(1.,0.));
#4805 = ( GEOMETRIC_REPRESENTATION_CONTEXT(2) 
PARAMETRIC_REPRESENTATION_CONTEXT() REPRESENTATION_CONTEXT('2D SPACE',''
  ) );
#4806 = PCURVE('',#4753,#4807);
#4807 = DEFINITIONAL_REPRESENTATION('',(#4808),#4812);
#4808 = LINE('',#4809,#4810);
#4809 = CARTESIAN_POINT('',(0.,-180.));
#4810 = VECTOR('',#4811,1.);
#4811 = DIRECTION('',(1.,0.));
#4812 = ( GEOMETRIC_REPRESENTATION_CONTEXT(2) 
PARAMETRIC_REPRESENTATION_CONTEXT() REPRESENTATION_CONTEXT('2D SPACE',''
  ) );
#4813 = ORIENTED_EDGE('',*,*,#4814,.T.);
#4814 = EDGE_CURVE('',#4792,#1533,#4815,.T.);
#4815 = SURFACE_CURVE('',#4816,(#4820,#4827),.PCURVE_S1.);
#4816 = LINE('',#4817,#4818);
#4817 = CARTESIAN_POINT('',(224.,260.,208.));
#4818 = VECTOR('',#4819,1.);
#4819 = DIRECTION('',(1.,0.,0.));
#4820 = PCURVE('',#1571,#4821);
#4821 = DEFINITIONAL_REPRESENTATION('',(#4822),#4826);
#4822 = LINE('',#4823,#4824);
#4823 = CARTESIAN_POINT('',(10.,0.));
#4824 = VECTOR('',#4825,1.);
#4825 = DIRECTION('',(0.,1.));
#4826 = ( GEOMETRIC_REPRESENTATION_CONTEXT(2) 
PARAMETRIC_REPRESENTATION_CONTEXT() REPRESENTATION_CONTEXT('2D SPACE',''
  ) );
#4827 = PCURVE('',#1547,#4828);
#4828 = DEFINITIONAL_REPRESENTATION('',(#4829),#4833);
#4829 = LINE('',#4830,#4831);
#4830 = CARTESIAN_POINT('',(0.,180.));
#4831 = VECTOR('',#4832,1.);
#4832 = DIRECTION('',(1.,0.));
#4833 = ( GEOMETRIC_REPRESENTATION_CONTEXT(2) 
PARAMETRIC_REPRESENTATION_CONTEXT() REPRESENTATION_CONTEXT('2D SPACE',''
  ) );
#4834 = ORIENTED_EDGE('',*,*,#1558,.F.);
#4835 = ADVANCED_FACE('',(#4836),#1521,.T.);
#4836 = FACE_BOUND('',#4837,.T.);
#4837 = EDGE_LOOP('',(#4838,#4839,#4862,#4883));
#4838 = ORIENTED_EDGE('',*,*,#4765,.F.);
#4839 = ORIENTED_EDGE('',*,*,#4840,.T.);
#4840 = EDGE_CURVE('',#4738,#4841,#4843,.T.);
#4841 = VERTEX_POINT('',#4842);
#4842 = CARTESIAN_POINT('',(224.,80.,208.));
#4843 = SURFACE_CURVE('',#4844,(#4848,#4855),.PCURVE_S1.);
#4844 = LINE('',#4845,#4846);
#4845 = CARTESIAN_POINT('',(224.,80.,198.));
#4846 = VECTOR('',#4847,1.);
#4847 = DIRECTION('',(0.,0.,1.));
#4848 = PCURVE('',#1521,#4849);
#4849 = DEFINITIONAL_REPRESENTATION('',(#4850),#4854);
#4850 = LINE('',#4851,#4852);
#4851 = CARTESIAN_POINT('',(0.,0.));
#4852 = VECTOR('',#4853,1.);
#4853 = DIRECTION('',(1.,0.));
#4854 = ( GEOMETRIC_REPRESENTATION_CONTEXT(2) 
PARAMETRIC_REPRESENTATION_CONTEXT() REPRESENTATION_CONTEXT('2D SPACE',''
  ) );
#4855 = PCURVE('',#4753,#4856);
#4856 = DEFINITIONAL_REPRESENTATION('',(#4857),#4861);
#4857 = LINE('',#4858,#4859);
#4858 = CARTESIAN_POINT('',(0.,0.));
#4859 = VECTOR('',#4860,1.);
#4860 = DIRECTION('',(1.,0.));
#4861 = ( GEOMETRIC_REPRESENTATION_CONTEXT(2) 
PARAMETRIC_REPRESENTATION_CONTEXT() REPRESENTATION_CONTEXT('2D SPACE',''
  ) );
#4862 = ORIENTED_EDGE('',*,*,#4863,.T.);
#4863 = EDGE_CURVE('',#4841,#1507,#4864,.T.);
#4864 = SURFACE_CURVE('',#4865,(#4869,#4876),.PCURVE_S1.);
#4865 = LINE('',#4866,#4867);
#4866 = CARTESIAN_POINT('',(224.,80.,208.));
#4867 = VECTOR('',#4868,1.);
#4868 = DIRECTION('',(1.,0.,0.));
#4869 = PCURVE('',#1521,#4870);
#4870 = DEFINITIONAL_REPRESENTATION('',(#4871),#4875);
#4871 = LINE('',#4872,#4873);
#4872 = CARTESIAN_POINT('',(10.,0.));
#4873 = VECTOR('',#4874,1.);
#4874 = DIRECTION('',(0.,1.));
#4875 = ( GEOMETRIC_REPRESENTATION_CONTEXT(2) 
PARAMETRIC_REPRESENTATION_CONTEXT() REPRESENTATION_CONTEXT('2D SPACE',''
  ) );
#4876 = PCURVE('',#1547,#4877);
#4877 = DEFINITIONAL_REPRESENTATION('',(#4878),#4882);
#4878 = LINE('',#4879,#4880);
#4879 = CARTESIAN_POINT('',(0.,0.));
#4880 = VECTOR('',#4881,1.);
#4881 = DIRECTION('',(1.,0.));
#4882 = ( GEOMETRIC_REPRESENTATION_CONTEXT(2) 
PARAMETRIC_REPRESENTATION_CONTEXT() REPRESENTATION_CONTEXT('2D SPACE',''
  ) );
#4883 = ORIENTED_EDGE('',*,*,#1506,.F.);
#4884 = ADVANCED_FACE('',(#4885),#1547,.F.);
#4885 = FACE_BOUND('',#4886,.F.);
#4886 = EDGE_LOOP('',(#4887,#4888,#4909,#4910));
#4887 = ORIENTED_EDGE('',*,*,#4814,.F.);
#4888 = ORIENTED_EDGE('',*,*,#4889,.F.);
#4889 = EDGE_CURVE('',#4841,#4792,#4890,.T.);
#4890 = SURFACE_CURVE('',#4891,(#4895,#4902),.PCURVE_S1.);
#4891 = LINE('',#4892,#4893);
#4892 = CARTESIAN_POINT('',(224.,80.,208.));
#4893 = VECTOR('',#4894,1.);
#4894 = DIRECTION('',(0.,1.,0.));
#4895 = PCURVE('',#1547,#4896);
#4896 = DEFINITIONAL_REPRESENTATION('',(#4897),#4901);
#4897 = LINE('',#4898,#4899);
#4898 = CARTESIAN_POINT('',(0.,0.));
#4899 = VECTOR('',#4900,1.);
#4900 = DIRECTION('',(0.,1.));
#4901 = ( GEOMETRIC_REPRESENTATION_CONTEXT(2) 
PARAMETRIC_REPRESENTATION_CONTEXT() REPRESENTATION_CONTEXT('2D SPACE',''
  ) );
#4902 = PCURVE('',#4753,#4903);
#4903 = DEFINITIONAL_REPRESENTATION('',(#4904),#4908);
#4904 = LINE('',#4905,#4906);
#4905 = CARTESIAN_POINT('',(10.,0.));
#4906 = VECTOR('',#4907,1.);
#4907 = DIRECTION('',(0.,-1.));
#4908 = ( GEOMETRIC_REPRESENTATION_CONTEXT(2) 
PARAMETRIC_REPRESENTATION_CONTEXT() REPRESENTATION_CONTEXT('2D SPACE',''
  ) );
#4909 = ORIENTED_EDGE('',*,*,#4863,.T.);
#4910 = ORIENTED_EDGE('',*,*,#1532,.F.);
#4911 = ADVANCED_FACE('',(#4912),#1601,.T.);
#4912 = FACE_BOUND('',#4913,.T.);
#4913 = EDGE_LOOP('',(#4914,#4937,#4965,#4986));
#4914 = ORIENTED_EDGE('',*,*,#4915,.F.);
#4915 = EDGE_CURVE('',#4916,#1585,#4918,.T.);
#4916 = VERTEX_POINT('',#4917);
#4917 = CARTESIAN_POINT('',(224.,260.,230.));
#4918 = SURFACE_CURVE('',#4919,(#4923,#4930),.PCURVE_S1.);
#4919 = LINE('',#4920,#4921);
#4920 = CARTESIAN_POINT('',(224.,260.,230.));
#4921 = VECTOR('',#4922,1.);
#4922 = DIRECTION('',(1.,0.,0.));
#4923 = PCURVE('',#1601,#4924);
#4924 = DEFINITIONAL_REPRESENTATION('',(#4925),#4929);
#4925 = LINE('',#4926,#4927);
#4926 = CARTESIAN_POINT('',(0.,180.));
#4927 = VECTOR('',#4928,1.);
#4928 = DIRECTION('',(1.,0.));
#4929 = ( GEOMETRIC_REPRESENTATION_CONTEXT(2) 
PARAMETRIC_REPRESENTATION_CONTEXT() REPRESENTATION_CONTEXT('2D SPACE',''
  ) );
#4930 = PCURVE('',#1677,#4931);
#4931 = DEFINITIONAL_REPRESENTATION('',(#4932),#4936);
#4932 = LINE('',#4933,#4934);
#4933 = CARTESIAN_POINT('',(0.,0.));
#4934 = VECTOR('',#4935,1.);
#4935 = DIRECTION('',(0.,1.));
#4936 = ( GEOMETRIC_REPRESENTATION_CONTEXT(2) 
PARAMETRIC_REPRESENTATION_CONTEXT() REPRESENTATION_CONTEXT('2D SPACE',''
  ) );
#4937 = ORIENTED_EDGE('',*,*,#4938,.F.);
#4938 = EDGE_CURVE('',#4939,#4916,#4941,.T.);
#4939 = VERTEX_POINT('',#4940);
#4940 = CARTESIAN_POINT('',(224.,80.,230.));
#4941 = SURFACE_CURVE('',#4942,(#4946,#4953),.PCURVE_S1.);
#4942 = LINE('',#4943,#4944);
#4943 = CARTESIAN_POINT('',(224.,80.,230.));
#4944 = VECTOR('',#4945,1.);
#4945 = DIRECTION('',(0.,1.,0.));
#4946 = PCURVE('',#1601,#4947);
#4947 = DEFINITIONAL_REPRESENTATION('',(#4948),#4952);
#4948 = LINE('',#4949,#4950);
#4949 = CARTESIAN_POINT('',(0.,0.));
#4950 = VECTOR('',#4951,1.);
#4951 = DIRECTION('',(0.,1.));
#4952 = ( GEOMETRIC_REPRESENTATION_CONTEXT(2) 
PARAMETRIC_REPRESENTATION_CONTEXT() REPRESENTATION_CONTEXT('2D SPACE',''
  ) );
#4953 = PCURVE('',#4954,#4959);
#4954 = PLANE('',#4955);
#4955 = AXIS2_PLACEMENT_3D('',#4956,#4957,#4958);
#4956 = CARTESIAN_POINT('',(224.,80.,230.));
#4957 = DIRECTION('',(1.,0.,0.));
#4958 = DIRECTION('',(0.,0.,1.));
#4959 = DEFINITIONAL_REPRESENTATION('',(#4960),#4964);
#4960 = LINE('',#4961,#4962);
#4961 = CARTESIAN_POINT('',(0.,0.));
#4962 = VECTOR('',#4963,1.);
#4963 = DIRECTION('',(0.,-1.));
#4964 = ( GEOMETRIC_REPRESENTATION_CONTEXT(2) 
PARAMETRIC_REPRESENTATION_CONTEXT() REPRESENTATION_CONTEXT('2D SPACE',''
  ) );
#4965 = ORIENTED_EDGE('',*,*,#4966,.T.);
#4966 = EDGE_CURVE('',#4939,#1587,#4967,.T.);
#4967 = SURFACE_CURVE('',#4968,(#4972,#4979),.PCURVE_S1.);
#4968 = LINE('',#4969,#4970);
#4969 = CARTESIAN_POINT('',(224.,80.,230.));
#4970 = VECTOR('',#4971,1.);
#4971 = DIRECTION('',(1.,0.,0.));
#4972 = PCURVE('',#1601,#4973);
#4973 = DEFINITIONAL_REPRESENTATION('',(#4974),#4978);
#4974 = LINE('',#4975,#4976);
#4975 = CARTESIAN_POINT('',(0.,0.));
#4976 = VECTOR('',#4977,1.);
#4977 = DIRECTION('',(1.,0.));
#4978 = ( GEOMETRIC_REPRESENTATION_CONTEXT(2) 
PARAMETRIC_REPRESENTATION_CONTEXT() REPRESENTATION_CONTEXT('2D SPACE',''
  ) );
#4979 = PCURVE('',#1627,#4980);
#4980 = DEFINITIONAL_REPRESENTATION('',(#4981),#4985);
#4981 = LINE('',#4982,#4983);
#4982 = CARTESIAN_POINT('',(0.,0.));
#4983 = VECTOR('',#4984,1.);
#4984 = DIRECTION('',(0.,1.));
#4985 = ( GEOMETRIC_REPRESENTATION_CONTEXT(2) 
PARAMETRIC_REPRESENTATION_CONTEXT() REPRESENTATION_CONTEXT('2D SPACE',''
  ) );
#4986 = ORIENTED_EDGE('',*,*,#1584,.F.);
#4987 = ADVANCED_FACE('',(#4988),#1677,.F.);
#4988 = FACE_BOUND('',#4989,.F.);
#4989 = EDGE_LOOP('',(#4990,#4991,#5014,#5035));
#4990 = ORIENTED_EDGE('',*,*,#4915,.F.);
#4991 = ORIENTED_EDGE('',*,*,#4992,.T.);
#4992 = EDGE_CURVE('',#4916,#4993,#4995,.T.);
#4993 = VERTEX_POINT('',#4994);
#4994 = CARTESIAN_POINT('',(224.,260.,240.));
#4995 = SURFACE_CURVE('',#4996,(#5000,#5007),.PCURVE_S1.);
#4996 = LINE('',#4997,#4998);
#4997 = CARTESIAN_POINT('',(224.,260.,230.));
#4998 = VECTOR('',#4999,1.);
#4999 = DIRECTION('',(0.,0.,1.));
#5000 = PCURVE('',#1677,#5001);
#5001 = DEFINITIONAL_REPRESENTATION('',(#5002),#5006);
#5002 = LINE('',#5003,#5004);
#5003 = CARTESIAN_POINT('',(0.,0.));
#5004 = VECTOR('',#5005,1.);
#5005 = DIRECTION('',(1.,0.));
#5006 = ( GEOMETRIC_REPRESENTATION_CONTEXT(2) 
PARAMETRIC_REPRESENTATION_CONTEXT() REPRESENTATION_CONTEXT('2D SPACE',''
  ) );
#5007 = PCURVE('',#4954,#5008);
#5008 = DEFINITIONAL_REPRESENTATION('',(#5009),#5013);
#5009 = LINE('',#5010,#5011);
#5010 = CARTESIAN_POINT('',(0.,-180.));
#5011 = VECTOR('',#5012,1.);
#5012 = DIRECTION('',(1.,0.));
#5013 = ( GEOMETRIC_REPRESENTATION_CONTEXT(2) 
PARAMETRIC_REPRESENTATION_CONTEXT() REPRESENTATION_CONTEXT('2D SPACE',''
  ) );
#5014 = ORIENTED_EDGE('',*,*,#5015,.T.);
#5015 = EDGE_CURVE('',#4993,#1639,#5016,.T.);
#5016 = SURFACE_CURVE('',#5017,(#5021,#5028),.PCURVE_S1.);
#5017 = LINE('',#5018,#5019);
#5018 = CARTESIAN_POINT('',(224.,260.,240.));
#5019 = VECTOR('',#5020,1.);
#5020 = DIRECTION('',(1.,0.,0.));
#5021 = PCURVE('',#1677,#5022);
#5022 = DEFINITIONAL_REPRESENTATION('',(#5023),#5027);
#5023 = LINE('',#5024,#5025);
#5024 = CARTESIAN_POINT('',(10.,0.));
#5025 = VECTOR('',#5026,1.);
#5026 = DIRECTION('',(0.,1.));
#5027 = ( GEOMETRIC_REPRESENTATION_CONTEXT(2) 
PARAMETRIC_REPRESENTATION_CONTEXT() REPRESENTATION_CONTEXT('2D SPACE',''
  ) );
#5028 = PCURVE('',#1653,#5029);
#5029 = DEFINITIONAL_REPRESENTATION('',(#5030),#5034);
#5030 = LINE('',#5031,#5032);
#5031 = CARTESIAN_POINT('',(0.,180.));
#5032 = VECTOR('',#5033,1.);
#5033 = DIRECTION('',(1.,0.));
#5034 = ( GEOMETRIC_REPRESENTATION_CONTEXT(2) 
PARAMETRIC_REPRESENTATION_CONTEXT() REPRESENTATION_CONTEXT('2D SPACE',''
  ) );
#5035 = ORIENTED_EDGE('',*,*,#1664,.F.);
#5036 = ADVANCED_FACE('',(#5037),#1627,.T.);
#5037 = FACE_BOUND('',#5038,.T.);
#5038 = EDGE_LOOP('',(#5039,#5040,#5063,#5084));
#5039 = ORIENTED_EDGE('',*,*,#4966,.F.);
#5040 = ORIENTED_EDGE('',*,*,#5041,.T.);
#5041 = EDGE_CURVE('',#4939,#5042,#5044,.T.);
#5042 = VERTEX_POINT('',#5043);
#5043 = CARTESIAN_POINT('',(224.,80.,240.));
#5044 = SURFACE_CURVE('',#5045,(#5049,#5056),.PCURVE_S1.);
#5045 = LINE('',#5046,#5047);
#5046 = CARTESIAN_POINT('',(224.,80.,230.));
#5047 = VECTOR('',#5048,1.);
#5048 = DIRECTION('',(0.,0.,1.));
#5049 = PCURVE('',#1627,#5050);
#5050 = DEFINITIONAL_REPRESENTATION('',(#5051),#5055);
#5051 = LINE('',#5052,#5053);
#5052 = CARTESIAN_POINT('',(0.,0.));
#5053 = VECTOR('',#5054,1.);
#5054 = DIRECTION('',(1.,0.));
#5055 = ( GEOMETRIC_REPRESENTATION_CONTEXT(2) 
PARAMETRIC_REPRESENTATION_CONTEXT() REPRESENTATION_CONTEXT('2D SPACE',''
  ) );
#5056 = PCURVE('',#4954,#5057);
#5057 = DEFINITIONAL_REPRESENTATION('',(#5058),#5062);
#5058 = LINE('',#5059,#5060);
#5059 = CARTESIAN_POINT('',(0.,0.));
#5060 = VECTOR('',#5061,1.);
#5061 = DIRECTION('',(1.,0.));
#5062 = ( GEOMETRIC_REPRESENTATION_CONTEXT(2) 
PARAMETRIC_REPRESENTATION_CONTEXT() REPRESENTATION_CONTEXT('2D SPACE',''
  ) );
#5063 = ORIENTED_EDGE('',*,*,#5064,.T.);
#5064 = EDGE_CURVE('',#5042,#1613,#5065,.T.);
#5065 = SURFACE_CURVE('',#5066,(#5070,#5077),.PCURVE_S1.);
#5066 = LINE('',#5067,#5068);
#5067 = CARTESIAN_POINT('',(224.,80.,240.));
#5068 = VECTOR('',#5069,1.);
#5069 = DIRECTION('',(1.,0.,0.));
#5070 = PCURVE('',#1627,#5071);
#5071 = DEFINITIONAL_REPRESENTATION('',(#5072),#5076);
#5072 = LINE('',#5073,#5074);
#5073 = CARTESIAN_POINT('',(10.,0.));
#5074 = VECTOR('',#5075,1.);
#5075 = DIRECTION('',(0.,1.));
#5076 = ( GEOMETRIC_REPRESENTATION_CONTEXT(2) 
PARAMETRIC_REPRESENTATION_CONTEXT() REPRESENTATION_CONTEXT('2D SPACE',''
  ) );
#5077 = PCURVE('',#1653,#5078);
#5078 = DEFINITIONAL_REPRESENTATION('',(#5079),#5083);
#5079 = LINE('',#5080,#5081);
#5080 = CARTESIAN_POINT('',(0.,0.));
#5081 = VECTOR('',#5082,1.);
#5082 = DIRECTION('',(1.,0.));
#5083 = ( GEOMETRIC_REPRESENTATION_CONTEXT(2) 
PARAMETRIC_REPRESENTATION_CONTEXT() REPRESENTATION_CONTEXT('2D SPACE',''
  ) );
#5084 = ORIENTED_EDGE('',*,*,#1612,.F.);
#5085 = ADVANCED_FACE('',(#5086),#1653,.F.);
#5086 = FACE_BOUND('',#5087,.F.);
#5087 = EDGE_LOOP('',(#5088,#5089,#5110,#5111));
#5088 = ORIENTED_EDGE('',*,*,#5015,.F.);
#5089 = ORIENTED_EDGE('',*,*,#5090,.F.);
#5090 = EDGE_CURVE('',#5042,#4993,#5091,.T.);
#5091 = SURFACE_CURVE('',#5092,(#5096,#5103),.PCURVE_S1.);
#5092 = LINE('',#5093,#5094);
#5093 = CARTESIAN_POINT('',(224.,80.,240.));
#5094 = VECTOR('',#5095,1.);
#5095 = DIRECTION('',(0.,1.,0.));
#5096 = PCURVE('',#1653,#5097);
#5097 = DEFINITIONAL_REPRESENTATION('',(#5098),#5102);
#5098 = LINE('',#5099,#5100);
#5099 = CARTESIAN_POINT('',(0.,0.));
#5100 = VECTOR('',#5101,1.);
#5101 = DIRECTION('',(0.,1.));
#5102 = ( GEOMETRIC_REPRESENTATION_CONTEXT(2) 
PARAMETRIC_REPRESENTATION_CONTEXT() REPRESENTATION_CONTEXT('2D SPACE',''
  ) );
#5103 = PCURVE('',#4954,#5104);
#5104 = DEFINITIONAL_REPRESENTATION('',(#5105),#5109);
#5105 = LINE('',#5106,#5107);
#5106 = CARTESIAN_POINT('',(10.,0.));
#5107 = VECTOR('',#5108,1.);
#5108 = DIRECTION('',(0.,-1.));
#5109 = ( GEOMETRIC_REPRESENTATION_CONTEXT(2) 
PARAMETRIC_REPRESENTATION_CONTEXT() REPRESENTATION_CONTEXT('2D SPACE',''
  ) );
#5110 = ORIENTED_EDGE('',*,*,#5064,.T.);
#5111 = ORIENTED_EDGE('',*,*,#1638,.F.);
#5112 = ADVANCED_FACE('',(#5113),#1707,.T.);
#5113 = FACE_BOUND('',#5114,.T.);
#5114 = EDGE_LOOP('',(#5115,#5138,#5166,#5187));
#5115 = ORIENTED_EDGE('',*,*,#5116,.F.);
#5116 = EDGE_CURVE('',#5117,#1691,#5119,.T.);
#5117 = VERTEX_POINT('',#5118);
#5118 = CARTESIAN_POINT('',(224.,260.,262.));
#5119 = SURFACE_CURVE('',#5120,(#5124,#5131),.PCURVE_S1.);
#5120 = LINE('',#5121,#5122);
#5121 = CARTESIAN_POINT('',(224.,260.,262.));
#5122 = VECTOR('',#5123,1.);
#5123 = DIRECTION('',(1.,0.,0.));
#5124 = PCURVE('',#1707,#5125);
#5125 = DEFINITIONAL_REPRESENTATION('',(#5126),#5130);
#5126 = LINE('',#5127,#5128);
#5127 = CARTESIAN_POINT('',(0.,180.));
#5128 = VECTOR('',#5129,1.);
#5129 = DIRECTION('',(1.,0.));
#5130 = ( GEOMETRIC_REPRESENTATION_CONTEXT(2) 
PARAMETRIC_REPRESENTATION_CONTEXT() REPRESENTATION_CONTEXT('2D SPACE',''
  ) );
#5131 = PCURVE('',#1783,#5132);
#5132 = DEFINITIONAL_REPRESENTATION('',(#5133),#5137);
#5133 = LINE('',#5134,#5135);
#5134 = CARTESIAN_POINT('',(0.,0.));
#5135 = VECTOR('',#5136,1.);
#5136 = DIRECTION('',(0.,1.));
#5137 = ( GEOMETRIC_REPRESENTATION_CONTEXT(2) 
PARAMETRIC_REPRESENTATION_CONTEXT() REPRESENTATION_CONTEXT('2D SPACE',''
  ) );
#5138 = ORIENTED_EDGE('',*,*,#5139,.F.);
#5139 = EDGE_CURVE('',#5140,#5117,#5142,.T.);
#5140 = VERTEX_POINT('',#5141);
#5141 = CARTESIAN_POINT('',(224.,80.,262.));
#5142 = SURFACE_CURVE('',#5143,(#5147,#5154),.PCURVE_S1.);
#5143 = LINE('',#5144,#5145);
#5144 = CARTESIAN_POINT('',(224.,80.,262.));
#5145 = VECTOR('',#5146,1.);
#5146 = DIRECTION('',(0.,1.,0.));
#5147 = PCURVE('',#1707,#5148);
#5148 = DEFINITIONAL_REPRESENTATION('',(#5149),#5153);
#5149 = LINE('',#5150,#5151);
#5150 = CARTESIAN_POINT('',(0.,0.));
#5151 = VECTOR('',#5152,1.);
#5152 = DIRECTION('',(0.,1.));
#5153 = ( GEOMETRIC_REPRESENTATION_CONTEXT(2) 
PARAMETRIC_REPRESENTATION_CONTEXT() REPRESENTATION_CONTEXT('2D SPACE',''
  ) );
#5154 = PCURVE('',#5155,#5160);
#5155 = PLANE('',#5156);
#5156 = AXIS2_PLACEMENT_3D('',#5157,#5158,#5159);
#5157 = CARTESIAN_POINT('',(224.,80.,262.));
#5158 = DIRECTION('',(1.,0.,0.));
#5159 = DIRECTION('',(0.,0.,1.));
#5160 = DEFINITIONAL_REPRESENTATION('',(#5161),#5165);
#5161 = LINE('',#5162,#5163);
#5162 = CARTESIAN_POINT('',(0.,0.));
#5163 = VECTOR('',#5164,1.);
#5164 = DIRECTION('',(0.,-1.));
#5165 = ( GEOMETRIC_REPRESENTATION_CONTEXT(2) 
PARAMETRIC_REPRESENTATION_CONTEXT() REPRESENTATION_CONTEXT('2D SPACE',''
  ) );
#5166 = ORIENTED_EDGE('',*,*,#5167,.T.);
#5167 = EDGE_CURVE('',#5140,#1693,#5168,.T.);
#5168 = SURFACE_CURVE('',#5169,(#5173,#5180),.PCURVE_S1.);
#5169 = LINE('',#5170,#5171);
#5170 = CARTESIAN_POINT('',(224.,80.,262.));
#5171 = VECTOR('',#5172,1.);
#5172 = DIRECTION('',(1.,0.,0.));
#5173 = PCURVE('',#1707,#5174);
#5174 = DEFINITIONAL_REPRESENTATION('',(#5175),#5179);
#5175 = LINE('',#5176,#5177);
#5176 = CARTESIAN_POINT('',(0.,0.));
#5177 = VECTOR('',#5178,1.);
#5178 = DIRECTION('',(1.,0.));
#5179 = ( GEOMETRIC_REPRESENTATION_CONTEXT(2) 
PARAMETRIC_REPRESENTATION_CONTEXT() REPRESENTATION_CONTEXT('2D SPACE',''
  ) );
#5180 = PCURVE('',#1733,#5181);
#5181 = DEFINITIONAL_REPRESENTATION('',(#5182),#5186);
#5182 = LINE('',#5183,#5184);
#5183 = CARTESIAN_POINT('',(0.,0.));
#5184 = VECTOR('',#5185,1.);
#5185 = DIRECTION('',(0.,1.));
#5186 = ( GEOMETRIC_REPRESENTATION_CONTEXT(2) 
PARAMETRIC_REPRESENTATION_CONTEXT() REPRESENTATION_CONTEXT('2D SPACE',''
  ) );
#5187 = ORIENTED_EDGE('',*,*,#1690,.F.);
#5188 = ADVANCED_FACE('',(#5189),#1783,.F.);
#5189 = FACE_BOUND('',#5190,.F.);
#5190 = EDGE_LOOP('',(#5191,#5192,#5215,#5236));
#5191 = ORIENTED_EDGE('',*,*,#5116,.F.);
#5192 = ORIENTED_EDGE('',*,*,#5193,.T.);
#5193 = EDGE_CURVE('',#5117,#5194,#5196,.T.);
#5194 = VERTEX_POINT('',#5195);
#5195 = CARTESIAN_POINT('',(224.,260.,272.));
#5196 = SURFACE_CURVE('',#5197,(#5201,#5208),.PCURVE_S1.);
#5197 = LINE('',#5198,#5199);
#5198 = CARTESIAN_POINT('',(224.,260.,262.));
#5199 = VECTOR('',#5200,1.);
#5200 = DIRECTION('',(0.,0.,1.));
#5201 = PCURVE('',#1783,#5202);
#5202 = DEFINITIONAL_REPRESENTATION('',(#5203),#5207);
#5203 = LINE('',#5204,#5205);
#5204 = CARTESIAN_POINT('',(0.,0.));
#5205 = VECTOR('',#5206,1.);
#5206 = DIRECTION('',(1.,0.));
#5207 = ( GEOMETRIC_REPRESENTATION_CONTEXT(2) 
PARAMETRIC_REPRESENTATION_CONTEXT() REPRESENTATION_CONTEXT('2D SPACE',''
  ) );
#5208 = PCURVE('',#5155,#5209);
#5209 = DEFINITIONAL_REPRESENTATION('',(#5210),#5214);
#5210 = LINE('',#5211,#5212);
#5211 = CARTESIAN_POINT('',(0.,-180.));
#5212 = VECTOR('',#5213,1.);
#5213 = DIRECTION('',(1.,0.));
#5214 = ( GEOMETRIC_REPRESENTATION_CONTEXT(2) 
PARAMETRIC_REPRESENTATION_CONTEXT() REPRESENTATION_CONTEXT('2D SPACE',''
  ) );
#5215 = ORIENTED_EDGE('',*,*,#5216,.T.);
#5216 = EDGE_CURVE('',#5194,#1745,#5217,.T.);
#5217 = SURFACE_CURVE('',#5218,(#5222,#5229),.PCURVE_S1.);
#5218 = LINE('',#5219,#5220);
#5219 = CARTESIAN_POINT('',(224.,260.,272.));
#5220 = VECTOR('',#5221,1.);
#5221 = DIRECTION('',(1.,0.,0.));
#5222 = PCURVE('',#1783,#5223);
#5223 = DEFINITIONAL_REPRESENTATION('',(#5224),#5228);
#5224 = LINE('',#5225,#5226);
#5225 = CARTESIAN_POINT('',(10.,0.));
#5226 = VECTOR('',#5227,1.);
#5227 = DIRECTION('',(0.,1.));
#5228 = ( GEOMETRIC_REPRESENTATION_CONTEXT(2) 
PARAMETRIC_REPRESENTATION_CONTEXT() REPRESENTATION_CONTEXT('2D SPACE',''
  ) );
#5229 = PCURVE('',#1759,#5230);
#5230 = DEFINITIONAL_REPRESENTATION('',(#5231),#5235);
#5231 = LINE('',#5232,#5233);
#5232 = CARTESIAN_POINT('',(0.,180.));
#5233 = VECTOR('',#5234,1.);
#5234 = DIRECTION('',(1.,0.));
#5235 = ( GEOMETRIC_REPRESENTATION_CONTEXT(2) 
PARAMETRIC_REPRESENTATION_CONTEXT() REPRESENTATION_CONTEXT('2D SPACE',''
  ) );
#5236 = ORIENTED_EDGE('',*,*,#1770,.F.);
#5237 = ADVANCED_FACE('',(#5238),#1733,.T.);
#5238 = FACE_BOUND('',#5239,.T.);
#5239 = EDGE_LOOP('',(#5240,#5241,#5264,#5285));
#5240 = ORIENTED_EDGE('',*,*,#5167,.F.);
#5241 = ORIENTED_EDGE('',*,*,#5242,.T.);
#5242 = EDGE_CURVE('',#5140,#5243,#5245,.T.);
#5243 = VERTEX_POINT('',#5244);
#5244 = CARTESIAN_POINT('',(224.,80.,272.));
#5245 = SURFACE_CURVE('',#5246,(#5250,#5257),.PCURVE_S1.);
#5246 = LINE('',#5247,#5248);
#5247 = CARTESIAN_POINT('',(224.,80.,262.));
#5248 = VECTOR('',#5249,1.);
#5249 = DIRECTION('',(0.,0.,1.));
#5250 = PCURVE('',#1733,#5251);
#5251 = DEFINITIONAL_REPRESENTATION('',(#5252),#5256);
#5252 = LINE('',#5253,#5254);
#5253 = CARTESIAN_POINT('',(0.,0.));
#5254 = VECTOR('',#5255,1.);
#5255 = DIRECTION('',(1.,0.));
#5256 = ( GEOMETRIC_REPRESENTATION_CONTEXT(2) 
PARAMETRIC_REPRESENTATION_CONTEXT() REPRESENTATION_CONTEXT('2D SPACE',''
  ) );
#5257 = PCURVE('',#5155,#5258);
#5258 = DEFINITIONAL_REPRESENTATION('',(#5259),#5263);
#5259 = LINE('',#5260,#5261);
#5260 = CARTESIAN_POINT('',(0.,0.));
#5261 = VECTOR('',#5262,1.);
#5262 = DIRECTION('',(1.,0.));
#5263 = ( GEOMETRIC_REPRESENTATION_CONTEXT(2) 
PARAMETRIC_REPRESENTATION_CONTEXT() REPRESENTATION_CONTEXT('2D SPACE',''
  ) );
#5264 = ORIENTED_EDGE('',*,*,#5265,.T.);
#5265 = EDGE_CURVE('',#5243,#1719,#5266,.T.);
#5266 = SURFACE_CURVE('',#5267,(#5271,#5278),.PCURVE_S1.);
#5267 = LINE('',#5268,#5269);
#5268 = CARTESIAN_POINT('',(224.,80.,272.));
#5269 = VECTOR('',#5270,1.);
#5270 = DIRECTION('',(1.,0.,0.));
#5271 = PCURVE('',#1733,#5272);
#5272 = DEFINITIONAL_REPRESENTATION('',(#5273),#5277);
#5273 = LINE('',#5274,#5275);
#5274 = CARTESIAN_POINT('',(10.,0.));
#5275 = VECTOR('',#5276,1.);
#5276 = DIRECTION('',(0.,1.));
#5277 = ( GEOMETRIC_REPRESENTATION_CONTEXT(2) 
PARAMETRIC_REPRESENTATION_CONTEXT() REPRESENTATION_CONTEXT('2D SPACE',''
  ) );
#5278 = PCURVE('',#1759,#5279);
#5279 = DEFINITIONAL_REPRESENTATION('',(#5280),#5284);
#5280 = LINE('',#5281,#5282);
#5281 = CARTESIAN_POINT('',(0.,0.));
#5282 = VECTOR('',#5283,1.);
#5283 = DIRECTION('',(1.,0.));
#5284 = ( GEOMETRIC_REPRESENTATION_CONTEXT(2) 
PARAMETRIC_REPRESENTATION_CONTEXT() REPRESENTATION_CONTEXT('2D SPACE',''
  ) );
#5285 = ORIENTED_EDGE('',*,*,#1718,.F.);
#5286 = ADVANCED_FACE('',(#5287),#1759,.F.);
#5287 = FACE_BOUND('',#5288,.F.);
#5288 = EDGE_LOOP('',(#5289,#5290,#5311,#5312));
#5289 = ORIENTED_EDGE('',*,*,#5216,.F.);
#5290 = ORIENTED_EDGE('',*,*,#5291,.F.);
#5291 = EDGE_CURVE('',#5243,#5194,#5292,.T.);
#5292 = SURFACE_CURVE('',#5293,(#5297,#5304),.PCURVE_S1.);
#5293 = LINE('',#5294,#5295);
#5294 = CARTESIAN_POINT('',(224.,80.,272.));
#5295 = VECTOR('',#5296,1.);
#5296 = DIRECTION('',(0.,1.,0.));
#5297 = PCURVE('',#1759,#5298);
#5298 = DEFINITIONAL_REPRESENTATION('',(#5299),#5303);
#5299 = LINE('',#5300,#5301);
#5300 = CARTESIAN_POINT('',(0.,0.));
#5301 = VECTOR('',#5302,1.);
#5302 = DIRECTION('',(0.,1.));
#5303 = ( GEOMETRIC_REPRESENTATION_CONTEXT(2) 
PARAMETRIC_REPRESENTATION_CONTEXT() REPRESENTATION_CONTEXT('2D SPACE',''
  ) );
#5304 = PCURVE('',#5155,#5305);
#5305 = DEFINITIONAL_REPRESENTATION('',(#5306),#5310);
#5306 = LINE('',#5307,#5308);
#5307 = CARTESIAN_POINT('',(10.,0.));
#5308 = VECTOR('',#5309,1.);
#5309 = DIRECTION('',(0.,-1.));
#5310 = ( GEOMETRIC_REPRESENTATION_CONTEXT(2) 
PARAMETRIC_REPRESENTATION_CONTEXT() REPRESENTATION_CONTEXT('2D SPACE',''
  ) );
#5311 = ORIENTED_EDGE('',*,*,#5265,.T.);
#5312 = ORIENTED_EDGE('',*,*,#1744,.F.);
#5313 = ADVANCED_FACE('',(#5314),#1813,.T.);
#5314 = FACE_BOUND('',#5315,.T.);
#5315 = EDGE_LOOP('',(#5316,#5339,#5367,#5388));
#5316 = ORIENTED_EDGE('',*,*,#5317,.F.);
#5317 = EDGE_CURVE('',#5318,#1797,#5320,.T.);
#5318 = VERTEX_POINT('',#5319);
#5319 = CARTESIAN_POINT('',(224.,260.,294.));
#5320 = SURFACE_CURVE('',#5321,(#5325,#5332),.PCURVE_S1.);
#5321 = LINE('',#5322,#5323);
#5322 = CARTESIAN_POINT('',(224.,260.,294.));
#5323 = VECTOR('',#5324,1.);
#5324 = DIRECTION('',(1.,0.,0.));
#5325 = PCURVE('',#1813,#5326);
#5326 = DEFINITIONAL_REPRESENTATION('',(#5327),#5331);
#5327 = LINE('',#5328,#5329);
#5328 = CARTESIAN_POINT('',(0.,180.));
#5329 = VECTOR('',#5330,1.);
#5330 = DIRECTION('',(1.,0.));
#5331 = ( GEOMETRIC_REPRESENTATION_CONTEXT(2) 
PARAMETRIC_REPRESENTATION_CONTEXT() REPRESENTATION_CONTEXT('2D SPACE',''
  ) );
#5332 = PCURVE('',#1889,#5333);
#5333 = DEFINITIONAL_REPRESENTATION('',(#5334),#5338);
#5334 = LINE('',#5335,#5336);
#5335 = CARTESIAN_POINT('',(0.,0.));
#5336 = VECTOR('',#5337,1.);
#5337 = DIRECTION('',(0.,1.));
#5338 = ( GEOMETRIC_REPRESENTATION_CONTEXT(2) 
PARAMETRIC_REPRESENTATION_CONTEXT() REPRESENTATION_CONTEXT('2D SPACE',''
  ) );
#5339 = ORIENTED_EDGE('',*,*,#5340,.F.);
#5340 = EDGE_CURVE('',#5341,#5318,#5343,.T.);
#5341 = VERTEX_POINT('',#5342);
#5342 = CARTESIAN_POINT('',(224.,80.,294.));
#5343 = SURFACE_CURVE('',#5344,(#5348,#5355),.PCURVE_S1.);
#5344 = LINE('',#5345,#5346);
#5345 = CARTESIAN_POINT('',(224.,80.,294.));
#5346 = VECTOR('',#5347,1.);
#5347 = DIRECTION('',(0.,1.,0.));
#5348 = PCURVE('',#1813,#5349);
#5349 = DEFINITIONAL_REPRESENTATION('',(#5350),#5354);
#5350 = LINE('',#5351,#5352);
#5351 = CARTESIAN_POINT('',(0.,0.));
#5352 = VECTOR('',#5353,1.);
#5353 = DIRECTION('',(0.,1.));
#5354 = ( GEOMETRIC_REPRESENTATION_CONTEXT(2) 
PARAMETRIC_REPRESENTATION_CONTEXT() REPRESENTATION_CONTEXT('2D SPACE',''
  ) );
#5355 = PCURVE('',#5356,#5361);
#5356 = PLANE('',#5357);
#5357 = AXIS2_PLACEMENT_3D('',#5358,#5359,#5360);
#5358 = CARTESIAN_POINT('',(224.,80.,294.));
#5359 = DIRECTION('',(1.,0.,0.));
#5360 = DIRECTION('',(0.,0.,1.));
#5361 = DEFINITIONAL_REPRESENTATION('',(#5362),#5366);
#5362 = LINE('',#5363,#5364);
#5363 = CARTESIAN_POINT('',(0.,0.));
#5364 = VECTOR('',#5365,1.);
#5365 = DIRECTION('',(0.,-1.));
#5366 = ( GEOMETRIC_REPRESENTATION_CONTEXT(2) 
PARAMETRIC_REPRESENTATION_CONTEXT() REPRESENTATION_CONTEXT('2D SPACE',''
  ) );
#5367 = ORIENTED_EDGE('',*,*,#5368,.T.);
#5368 = EDGE_CURVE('',#5341,#1799,#5369,.T.);
#5369 = SURFACE_CURVE('',#5370,(#5374,#5381),.PCURVE_S1.);
#5370 = LINE('',#5371,#5372);
#5371 = CARTESIAN_POINT('',(224.,80.,294.));
#5372 = VECTOR('',#5373,1.);
#5373 = DIRECTION('',(1.,0.,0.));
#5374 = PCURVE('',#1813,#5375);
#5375 = DEFINITIONAL_REPRESENTATION('',(#5376),#5380);
#5376 = LINE('',#5377,#5378);
#5377 = CARTESIAN_POINT('',(0.,0.));
#5378 = VECTOR('',#5379,1.);
#5379 = DIRECTION('',(1.,0.));
#5380 = ( GEOMETRIC_REPRESENTATION_CONTEXT(2) 
PARAMETRIC_REPRESENTATION_CONTEXT() REPRESENTATION_CONTEXT('2D SPACE',''
  ) );
#5381 = PCURVE('',#1839,#5382);
#5382 = DEFINITIONAL_REPRESENTATION('',(#5383),#5387);
#5383 = LINE('',#5384,#5385);
#5384 = CARTESIAN_POINT('',(0.,0.));
#5385 = VECTOR('',#5386,1.);
#5386 = DIRECTION('',(0.,1.));
#5387 = ( GEOMETRIC_REPRESENTATION_CONTEXT(2) 
PARAMETRIC_REPRESENTATION_CONTEXT() REPRESENTATION_CONTEXT('2D SPACE',''
  ) );
#5388 = ORIENTED_EDGE('',*,*,#1796,.F.);
#5389 = ADVANCED_FACE('',(#5390),#1889,.F.);
#5390 = FACE_BOUND('',#5391,.F.);
#5391 = EDGE_LOOP('',(#5392,#5393,#5416,#5437));
#5392 = ORIENTED_EDGE('',*,*,#5317,.F.);
#5393 = ORIENTED_EDGE('',*,*,#5394,.T.);
#5394 = EDGE_CURVE('',#5318,#5395,#5397,.T.);
#5395 = VERTEX_POINT('',#5396);
#5396 = CARTESIAN_POINT('',(224.,260.,304.));
#5397 = SURFACE_CURVE('',#5398,(#5402,#5409),.PCURVE_S1.);
#5398 = LINE('',#5399,#5400);
#5399 = CARTESIAN_POINT('',(224.,260.,294.));
#5400 = VECTOR('',#5401,1.);
#5401 = DIRECTION('',(0.,0.,1.));
#5402 = PCURVE('',#1889,#5403);
#5403 = DEFINITIONAL_REPRESENTATION('',(#5404),#5408);
#5404 = LINE('',#5405,#5406);
#5405 = CARTESIAN_POINT('',(0.,0.));
#5406 = VECTOR('',#5407,1.);
#5407 = DIRECTION('',(1.,0.));
#5408 = ( GEOMETRIC_REPRESENTATION_CONTEXT(2) 
PARAMETRIC_REPRESENTATION_CONTEXT() REPRESENTATION_CONTEXT('2D SPACE',''
  ) );
#5409 = PCURVE('',#5356,#5410);
#5410 = DEFINITIONAL_REPRESENTATION('',(#5411),#5415);
#5411 = LINE('',#5412,#5413);
#5412 = CARTESIAN_POINT('',(0.,-180.));
#5413 = VECTOR('',#5414,1.);
#5414 = DIRECTION('',(1.,0.));
#5415 = ( GEOMETRIC_REPRESENTATION_CONTEXT(2) 
PARAMETRIC_REPRESENTATION_CONTEXT() REPRESENTATION_CONTEXT('2D SPACE',''
  ) );
#5416 = ORIENTED_EDGE('',*,*,#5417,.T.);
#5417 = EDGE_CURVE('',#5395,#1851,#5418,.T.);
#5418 = SURFACE_CURVE('',#5419,(#5423,#5430),.PCURVE_S1.);
#5419 = LINE('',#5420,#5421);
#5420 = CARTESIAN_POINT('',(224.,260.,304.));
#5421 = VECTOR('',#5422,1.);
#5422 = DIRECTION('',(1.,0.,0.));
#5423 = PCURVE('',#1889,#5424);
#5424 = DEFINITIONAL_REPRESENTATION('',(#5425),#5429);
#5425 = LINE('',#5426,#5427);
#5426 = CARTESIAN_POINT('',(10.,0.));
#5427 = VECTOR('',#5428,1.);
#5428 = DIRECTION('',(0.,1.));
#5429 = ( GEOMETRIC_REPRESENTATION_CONTEXT(2) 
PARAMETRIC_REPRESENTATION_CONTEXT() REPRESENTATION_CONTEXT('2D SPACE',''
  ) );
#5430 = PCURVE('',#1865,#5431);
#5431 = DEFINITIONAL_REPRESENTATION('',(#5432),#5436);
#5432 = LINE('',#5433,#5434);
#5433 = CARTESIAN_POINT('',(0.,180.));
#5434 = VECTOR('',#5435,1.);
#5435 = DIRECTION('',(1.,0.));
#5436 = ( GEOMETRIC_REPRESENTATION_CONTEXT(2) 
PARAMETRIC_REPRESENTATION_CONTEXT() REPRESENTATION_CONTEXT('2D SPACE',''
  ) );
#5437 = ORIENTED_EDGE('',*,*,#1876,.F.);
#5438 = ADVANCED_FACE('',(#5439),#1839,.T.);
#5439 = FACE_BOUND('',#5440,.T.);
#5440 = EDGE_LOOP('',(#5441,#5442,#5465,#5486));
#5441 = ORIENTED_EDGE('',*,*,#5368,.F.);
#5442 = ORIENTED_EDGE('',*,*,#5443,.T.);
#5443 = EDGE_CURVE('',#5341,#5444,#5446,.T.);
#5444 = VERTEX_POINT('',#5445);
#5445 = CARTESIAN_POINT('',(224.,80.,304.));
#5446 = SURFACE_CURVE('',#5447,(#5451,#5458),.PCURVE_S1.);
#5447 = LINE('',#5448,#5449);
#5448 = CARTESIAN_POINT('',(224.,80.,294.));
#5449 = VECTOR('',#5450,1.);
#5450 = DIRECTION('',(0.,0.,1.));
#5451 = PCURVE('',#1839,#5452);
#5452 = DEFINITIONAL_REPRESENTATION('',(#5453),#5457);
#5453 = LINE('',#5454,#5455);
#5454 = CARTESIAN_POINT('',(0.,0.));
#5455 = VECTOR('',#5456,1.);
#5456 = DIRECTION('',(1.,0.));
#5457 = ( GEOMETRIC_REPRESENTATION_CONTEXT(2) 
PARAMETRIC_REPRESENTATION_CONTEXT() REPRESENTATION_CONTEXT('2D SPACE',''
  ) );
#5458 = PCURVE('',#5356,#5459);
#5459 = DEFINITIONAL_REPRESENTATION('',(#5460),#5464);
#5460 = LINE('',#5461,#5462);
#5461 = CARTESIAN_POINT('',(0.,0.));
#5462 = VECTOR('',#5463,1.);
#5463 = DIRECTION('',(1.,0.));
#5464 = ( GEOMETRIC_REPRESENTATION_CONTEXT(2) 
PARAMETRIC_REPRESENTATION_CONTEXT() REPRESENTATION_CONTEXT('2D SPACE',''
  ) );
#5465 = ORIENTED_EDGE('',*,*,#5466,.T.);
#5466 = EDGE_CURVE('',#5444,#1825,#5467,.T.);
#5467 = SURFACE_CURVE('',#5468,(#5472,#5479),.PCURVE_S1.);
#5468 = LINE('',#5469,#5470);
#5469 = CARTESIAN_POINT('',(224.,80.,304.));
#5470 = VECTOR('',#5471,1.);
#5471 = DIRECTION('',(1.,0.,0.));
#5472 = PCURVE('',#1839,#5473);
#5473 = DEFINITIONAL_REPRESENTATION('',(#5474),#5478);
#5474 = LINE('',#5475,#5476);
#5475 = CARTESIAN_POINT('',(10.,0.));
#5476 = VECTOR('',#5477,1.);
#5477 = DIRECTION('',(0.,1.));
#5478 = ( GEOMETRIC_REPRESENTATION_CONTEXT(2) 
PARAMETRIC_REPRESENTATION_CONTEXT() REPRESENTATION_CONTEXT('2D SPACE',''
  ) );
#5479 = PCURVE('',#1865,#5480);
#5480 = DEFINITIONAL_REPRESENTATION('',(#5481),#5485);
#5481 = LINE('',#5482,#5483);
#5482 = CARTESIAN_POINT('',(0.,0.));
#5483 = VECTOR('',#5484,1.);
#5484 = DIRECTION('',(1.,0.));
#5485 = ( GEOMETRIC_REPRESENTATION_CONTEXT(2) 
PARAMETRIC_REPRESENTATION_CONTEXT() REPRESENTATION_CONTEXT('2D SPACE',''
  ) );
#5486 = ORIENTED_EDGE('',*,*,#1824,.F.);
#5487 = ADVANCED_FACE('',(#5488),#1865,.F.);
#5488 = FACE_BOUND('',#5489,.F.);
#5489 = EDGE_LOOP('',(#5490,#5491,#5512,#5513));
#5490 = ORIENTED_EDGE('',*,*,#5417,.F.);
#5491 = ORIENTED_EDGE('',*,*,#5492,.F.);
#5492 = EDGE_CURVE('',#5444,#5395,#5493,.T.);
#5493 = SURFACE_CURVE('',#5494,(#5498,#5505),.PCURVE_S1.);
#5494 = LINE('',#5495,#5496);
#5495 = CARTESIAN_POINT('',(224.,80.,304.));
#5496 = VECTOR('',#5497,1.);
#5497 = DIRECTION('',(0.,1.,0.));
#5498 = PCURVE('',#1865,#5499);
#5499 = DEFINITIONAL_REPRESENTATION('',(#5500),#5504);
#5500 = LINE('',#5501,#5502);
#5501 = CARTESIAN_POINT('',(0.,0.));
#5502 = VECTOR('',#5503,1.);
#5503 = DIRECTION('',(0.,1.));
#5504 = ( GEOMETRIC_REPRESENTATION_CONTEXT(2) 
PARAMETRIC_REPRESENTATION_CONTEXT() REPRESENTATION_CONTEXT('2D SPACE',''
  ) );
#5505 = PCURVE('',#5356,#5506);
#5506 = DEFINITIONAL_REPRESENTATION('',(#5507),#5511);
#5507 = LINE('',#5508,#5509);
#5508 = CARTESIAN_POINT('',(10.,0.));
#5509 = VECTOR('',#5510,1.);
#5510 = DIRECTION('',(0.,-1.));
#5511 = ( GEOMETRIC_REPRESENTATION_CONTEXT(2) 
PARAMETRIC_REPRESENTATION_CONTEXT() REPRESENTATION_CONTEXT('2D SPACE',''
  ) );
#5512 = ORIENTED_EDGE('',*,*,#5466,.T.);
#5513 = ORIENTED_EDGE('',*,*,#1850,.F.);
#5514 = ADVANCED_FACE('',(#5515),#1919,.T.);
#5515 = FACE_BOUND('',#5516,.T.);
#5516 = EDGE_LOOP('',(#5517,#5540,#5568,#5589));
#5517 = ORIENTED_EDGE('',*,*,#5518,.F.);
#5518 = EDGE_CURVE('',#5519,#1903,#5521,.T.);
#5519 = VERTEX_POINT('',#5520);
#5520 = CARTESIAN_POINT('',(224.,260.,326.));
#5521 = SURFACE_CURVE('',#5522,(#5526,#5533),.PCURVE_S1.);
#5522 = LINE('',#5523,#5524);
#5523 = CARTESIAN_POINT('',(224.,260.,326.));
#5524 = VECTOR('',#5525,1.);
#5525 = DIRECTION('',(1.,0.,0.));
#5526 = PCURVE('',#1919,#5527);
#5527 = DEFINITIONAL_REPRESENTATION('',(#5528),#5532);
#5528 = LINE('',#5529,#5530);
#5529 = CARTESIAN_POINT('',(0.,180.));
#5530 = VECTOR('',#5531,1.);
#5531 = DIRECTION('',(1.,0.));
#5532 = ( GEOMETRIC_REPRESENTATION_CONTEXT(2) 
PARAMETRIC_REPRESENTATION_CONTEXT() REPRESENTATION_CONTEXT('2D SPACE',''
  ) );
#5533 = PCURVE('',#1995,#5534);
#5534 = DEFINITIONAL_REPRESENTATION('',(#5535),#5539);
#5535 = LINE('',#5536,#5537);
#5536 = CARTESIAN_POINT('',(0.,0.));
#5537 = VECTOR('',#5538,1.);
#5538 = DIRECTION('',(0.,1.));
#5539 = ( GEOMETRIC_REPRESENTATION_CONTEXT(2) 
PARAMETRIC_REPRESENTATION_CONTEXT() REPRESENTATION_CONTEXT('2D SPACE',''
  ) );
#5540 = ORIENTED_EDGE('',*,*,#5541,.F.);
#5541 = EDGE_CURVE('',#5542,#5519,#5544,.T.);
#5542 = VERTEX_POINT('',#5543);
#5543 = CARTESIAN_POINT('',(224.,80.,326.));
#5544 = SURFACE_CURVE('',#5545,(#5549,#5556),.PCURVE_S1.);
#5545 = LINE('',#5546,#5547);
#5546 = CARTESIAN_POINT('',(224.,80.,326.));
#5547 = VECTOR('',#5548,1.);
#5548 = DIRECTION('',(0.,1.,0.));
#5549 = PCURVE('',#1919,#5550);
#5550 = DEFINITIONAL_REPRESENTATION('',(#5551),#5555);
#5551 = LINE('',#5552,#5553);
#5552 = CARTESIAN_POINT('',(0.,0.));
#5553 = VECTOR('',#5554,1.);
#5554 = DIRECTION('',(0.,1.));
#5555 = ( GEOMETRIC_REPRESENTATION_CONTEXT(2) 
PARAMETRIC_REPRESENTATION_CONTEXT() REPRESENTATION_CONTEXT('2D SPACE',''
  ) );
#5556 = PCURVE('',#5557,#5562);
#5557 = PLANE('',#5558);
#5558 = AXIS2_PLACEMENT_3D('',#5559,#5560,#5561);
#5559 = CARTESIAN_POINT('',(224.,80.,326.));
#5560 = DIRECTION('',(1.,0.,0.));
#5561 = DIRECTION('',(0.,0.,1.));
#5562 = DEFINITIONAL_REPRESENTATION('',(#5563),#5567);
#5563 = LINE('',#5564,#5565);
#5564 = CARTESIAN_POINT('',(0.,0.));
#5565 = VECTOR('',#5566,1.);
#5566 = DIRECTION('',(0.,-1.));
#5567 = ( GEOMETRIC_REPRESENTATION_CONTEXT(2) 
PARAMETRIC_REPRESENTATION_CONTEXT() REPRESENTATION_CONTEXT('2D SPACE',''
  ) );
#5568 = ORIENTED_EDGE('',*,*,#5569,.T.);
#5569 = EDGE_CURVE('',#5542,#1905,#5570,.T.);
#5570 = SURFACE_CURVE('',#5571,(#5575,#5582),.PCURVE_S1.);
#5571 = LINE('',#5572,#5573);
#5572 = CARTESIAN_POINT('',(224.,80.,326.));
#5573 = VECTOR('',#5574,1.);
#5574 = DIRECTION('',(1.,0.,0.));
#5575 = PCURVE('',#1919,#5576);
#5576 = DEFINITIONAL_REPRESENTATION('',(#5577),#5581);
#5577 = LINE('',#5578,#5579);
#5578 = CARTESIAN_POINT('',(0.,0.));
#5579 = VECTOR('',#5580,1.);
#5580 = DIRECTION('',(1.,0.));
#5581 = ( GEOMETRIC_REPRESENTATION_CONTEXT(2) 
PARAMETRIC_REPRESENTATION_CONTEXT() REPRESENTATION_CONTEXT('2D SPACE',''
  ) );
#5582 = PCURVE('',#1945,#5583);
#5583 = DEFINITIONAL_REPRESENTATION('',(#5584),#5588);
#5584 = LINE('',#5585,#5586);
#5585 = CARTESIAN_POINT('',(0.,0.));
#5586 = VECTOR('',#5587,1.);
#5587 = DIRECTION('',(0.,1.));
#5588 = ( GEOMETRIC_REPRESENTATION_CONTEXT(2) 
PARAMETRIC_REPRESENTATION_CONTEXT() REPRESENTATION_CONTEXT('2D SPACE',''
  ) );
#5589 = ORIENTED_EDGE('',*,*,#1902,.F.);
#5590 = ADVANCED_FACE('',(#5591),#1995,.F.);
#5591 = FACE_BOUND('',#5592,.F.);
#5592 = EDGE_LOOP('',(#5593,#5594,#5617,#5638));
#5593 = ORIENTED_EDGE('',*,*,#5518,.F.);
#5594 = ORIENTED_EDGE('',*,*,#5595,.T.);
#5595 = EDGE_CURVE('',#5519,#5596,#5598,.T.);
#5596 = VERTEX_POINT('',#5597);
#5597 = CARTESIAN_POINT('',(224.,260.,336.));
#5598 = SURFACE_CURVE('',#5599,(#5603,#5610),.PCURVE_S1.);
#5599 = LINE('',#5600,#5601);
#5600 = CARTESIAN_POINT('',(224.,260.,326.));
#5601 = VECTOR('',#5602,1.);
#5602 = DIRECTION('',(0.,0.,1.));
#5603 = PCURVE('',#1995,#5604);
#5604 = DEFINITIONAL_REPRESENTATION('',(#5605),#5609);
#5605 = LINE('',#5606,#5607);
#5606 = CARTESIAN_POINT('',(0.,0.));
#5607 = VECTOR('',#5608,1.);
#5608 = DIRECTION('',(1.,0.));
#5609 = ( GEOMETRIC_REPRESENTATION_CONTEXT(2) 
PARAMETRIC_REPRESENTATION_CONTEXT() REPRESENTATION_CONTEXT('2D SPACE',''
  ) );
#5610 = PCURVE('',#5557,#5611);
#5611 = DEFINITIONAL_REPRESENTATION('',(#5612),#5616);
#5612 = LINE('',#5613,#5614);
#5613 = CARTESIAN_POINT('',(0.,-180.));
#5614 = VECTOR('',#5615,1.);
#5615 = DIRECTION('',(1.,0.));
#5616 = ( GEOMETRIC_REPRESENTATION_CONTEXT(2) 
PARAMETRIC_REPRESENTATION_CONTEXT() REPRESENTATION_CONTEXT('2D SPACE',''
  ) );
#5617 = ORIENTED_EDGE('',*,*,#5618,.T.);
#5618 = EDGE_CURVE('',#5596,#1957,#5619,.T.);
#5619 = SURFACE_CURVE('',#5620,(#5624,#5631),.PCURVE_S1.);
#5620 = LINE('',#5621,#5622);
#5621 = CARTESIAN_POINT('',(224.,260.,336.));
#5622 = VECTOR('',#5623,1.);
#5623 = DIRECTION('',(1.,0.,0.));
#5624 = PCURVE('',#1995,#5625);
#5625 = DEFINITIONAL_REPRESENTATION('',(#5626),#5630);
#5626 = LINE('',#5627,#5628);
#5627 = CARTESIAN_POINT('',(10.,0.));
#5628 = VECTOR('',#5629,1.);
#5629 = DIRECTION('',(0.,1.));
#5630 = ( GEOMETRIC_REPRESENTATION_CONTEXT(2) 
PARAMETRIC_REPRESENTATION_CONTEXT() REPRESENTATION_CONTEXT('2D SPACE',''
  ) );
#5631 = PCURVE('',#1971,#5632);
#5632 = DEFINITIONAL_REPRESENTATION('',(#5633),#5637);
#5633 = LINE('',#5634,#5635);
#5634 = CARTESIAN_POINT('',(0.,180.));
#5635 = VECTOR('',#5636,1.);
#5636 = DIRECTION('',(1.,0.));
#5637 = ( GEOMETRIC_REPRESENTATION_CONTEXT(2) 
PARAMETRIC_REPRESENTATION_CONTEXT() REPRESENTATION_CONTEXT('2D SPACE',''
  ) );
#5638 = ORIENTED_EDGE('',*,*,#1982,.F.);
#5639 = ADVANCED_FACE('',(#5640),#1945,.T.);
#5640 = FACE_BOUND('',#5641,.T.);
#5641 = EDGE_LOOP('',(#5642,#5643,#5666,#5687));
#5642 = ORIENTED_EDGE('',*,*,#5569,.F.);
#5643 = ORIENTED_EDGE('',*,*,#5644,.T.);
#5644 = EDGE_CURVE('',#5542,#5645,#5647,.T.);
#5645 = VERTEX_POINT('',#5646);
#5646 = CARTESIAN_POINT('',(224.,80.,336.));
#5647 = SURFACE_CURVE('',#5648,(#5652,#5659),.PCURVE_S1.);
#5648 = LINE('',#5649,#5650);
#5649 = CARTESIAN_POINT('',(224.,80.,326.));
#5650 = VECTOR('',#5651,1.);
#5651 = DIRECTION('',(0.,0.,1.));
#5652 = PCURVE('',#1945,#5653);
#5653 = DEFINITIONAL_REPRESENTATION('',(#5654),#5658);
#5654 = LINE('',#5655,#5656);
#5655 = CARTESIAN_POINT('',(0.,0.));
#5656 = VECTOR('',#5657,1.);
#5657 = DIRECTION('',(1.,0.));
#5658 = ( GEOMETRIC_REPRESENTATION_CONTEXT(2) 
PARAMETRIC_REPRESENTATION_CONTEXT() REPRESENTATION_CONTEXT('2D SPACE',''
  ) );
#5659 = PCURVE('',#5557,#5660);
#5660 = DEFINITIONAL_REPRESENTATION('',(#5661),#5665);
#5661 = LINE('',#5662,#5663);
#5662 = CARTESIAN_POINT('',(0.,0.));
#5663 = VECTOR('',#5664,1.);
#5664 = DIRECTION('',(1.,0.));
#5665 = ( GEOMETRIC_REPRESENTATION_CONTEXT(2) 
PARAMETRIC_REPRESENTATION_CONTEXT() REPRESENTATION_CONTEXT('2D SPACE',''
  ) );
#5666 = ORIENTED_EDGE('',*,*,#5667,.T.);
#5667 = EDGE_CURVE('',#5645,#1931,#5668,.T.);
#5668 = SURFACE_CURVE('',#5669,(#5673,#5680),.PCURVE_S1.);
#5669 = LINE('',#5670,#5671);
#5670 = CARTESIAN_POINT('',(224.,80.,336.));
#5671 = VECTOR('',#5672,1.);
#5672 = DIRECTION('',(1.,0.,0.));
#5673 = PCURVE('',#1945,#5674);
#5674 = DEFINITIONAL_REPRESENTATION('',(#5675),#5679);
#5675 = LINE('',#5676,#5677);
#5676 = CARTESIAN_POINT('',(10.,0.));
#5677 = VECTOR('',#5678,1.);
#5678 = DIRECTION('',(0.,1.));
#5679 = ( GEOMETRIC_REPRESENTATION_CONTEXT(2) 
PARAMETRIC_REPRESENTATION_CONTEXT() REPRESENTATION_CONTEXT('2D SPACE',''
  ) );
#5680 = PCURVE('',#1971,#5681);
#5681 = DEFINITIONAL_REPRESENTATION('',(#5682),#5686);
#5682 = LINE('',#5683,#5684);
#5683 = CARTESIAN_POINT('',(0.,0.));
#5684 = VECTOR('',#5685,1.);
#5685 = DIRECTION('',(1.,0.));
#5686 = ( GEOMETRIC_REPRESENTATION_CONTEXT(2) 
PARAMETRIC_REPRESENTATION_CONTEXT() REPRESENTATION_CONTEXT('2D SPACE',''
  ) );
#5687 = ORIENTED_EDGE('',*,*,#1930,.F.);
#5688 = ADVANCED_FACE('',(#5689),#1971,.F.);
#5689 = FACE_BOUND('',#5690,.F.);
#5690 = EDGE_LOOP('',(#5691,#5692,#5713,#5714));
#5691 = ORIENTED_EDGE('',*,*,#5618,.F.);
#5692 = ORIENTED_EDGE('',*,*,#5693,.F.);
#5693 = EDGE_CURVE('',#5645,#5596,#5694,.T.);
#5694 = SURFACE_CURVE('',#5695,(#5699,#5706),.PCURVE_S1.);
#5695 = LINE('',#5696,#5697);
#5696 = CARTESIAN_POINT('',(224.,80.,336.));
#5697 = VECTOR('',#5698,1.);
#5698 = DIRECTION('',(0.,1.,0.));
#5699 = PCURVE('',#1971,#5700);
#5700 = DEFINITIONAL_REPRESENTATION('',(#5701),#5705);
#5701 = LINE('',#5702,#5703);
#5702 = CARTESIAN_POINT('',(0.,0.));
#5703 = VECTOR('',#5704,1.);
#5704 = DIRECTION('',(0.,1.));
#5705 = ( GEOMETRIC_REPRESENTATION_CONTEXT(2) 
PARAMETRIC_REPRESENTATION_CONTEXT() REPRESENTATION_CONTEXT('2D SPACE',''
  ) );
#5706 = PCURVE('',#5557,#5707);
#5707 = DEFINITIONAL_REPRESENTATION('',(#5708),#5712);
#5708 = LINE('',#5709,#5710);
#5709 = CARTESIAN_POINT('',(10.,0.));
#5710 = VECTOR('',#5711,1.);
#5711 = DIRECTION('',(0.,-1.));
#5712 = ( GEOMETRIC_REPRESENTATION_CONTEXT(2) 
PARAMETRIC_REPRESENTATION_CONTEXT() REPRESENTATION_CONTEXT('2D SPACE',''
  ) );
#5713 = ORIENTED_EDGE('',*,*,#5667,.T.);
#5714 = ORIENTED_EDGE('',*,*,#1956,.F.);
#5715 = ADVANCED_FACE('',(#5716),#2025,.T.);
#5716 = FACE_BOUND('',#5717,.T.);
#5717 = EDGE_LOOP('',(#5718,#5741,#5769,#5790));
#5718 = ORIENTED_EDGE('',*,*,#5719,.F.);
#5719 = EDGE_CURVE('',#5720,#2009,#5722,.T.);
#5720 = VERTEX_POINT('',#5721);
#5721 = CARTESIAN_POINT('',(224.,260.,358.));
#5722 = SURFACE_CURVE('',#5723,(#5727,#5734),.PCURVE_S1.);
#5723 = LINE('',#5724,#5725);
#5724 = CARTESIAN_POINT('',(224.,260.,358.));
#5725 = VECTOR('',#5726,1.);
#5726 = DIRECTION('',(1.,0.,0.));
#5727 = PCURVE('',#2025,#5728);
#5728 = DEFINITIONAL_REPRESENTATION('',(#5729),#5733);
#5729 = LINE('',#5730,#5731);
#5730 = CARTESIAN_POINT('',(0.,180.));
#5731 = VECTOR('',#5732,1.);
#5732 = DIRECTION('',(1.,0.));
#5733 = ( GEOMETRIC_REPRESENTATION_CONTEXT(2) 
PARAMETRIC_REPRESENTATION_CONTEXT() REPRESENTATION_CONTEXT('2D SPACE',''
  ) );
#5734 = PCURVE('',#2101,#5735);
#5735 = DEFINITIONAL_REPRESENTATION('',(#5736),#5740);
#5736 = LINE('',#5737,#5738);
#5737 = CARTESIAN_POINT('',(0.,0.));
#5738 = VECTOR('',#5739,1.);
#5739 = DIRECTION('',(0.,1.));
#5740 = ( GEOMETRIC_REPRESENTATION_CONTEXT(2) 
PARAMETRIC_REPRESENTATION_CONTEXT() REPRESENTATION_CONTEXT('2D SPACE',''
  ) );
#5741 = ORIENTED_EDGE('',*,*,#5742,.F.);
#5742 = EDGE_CURVE('',#5743,#5720,#5745,.T.);
#5743 = VERTEX_POINT('',#5744);
#5744 = CARTESIAN_POINT('',(224.,80.,358.));
#5745 = SURFACE_CURVE('',#5746,(#5750,#5757),.PCURVE_S1.);
#5746 = LINE('',#5747,#5748);
#5747 = CARTESIAN_POINT('',(224.,80.,358.));
#5748 = VECTOR('',#5749,1.);
#5749 = DIRECTION('',(0.,1.,0.));
#5750 = PCURVE('',#2025,#5751);
#5751 = DEFINITIONAL_REPRESENTATION('',(#5752),#5756);
#5752 = LINE('',#5753,#5754);
#5753 = CARTESIAN_POINT('',(0.,0.));
#5754 = VECTOR('',#5755,1.);
#5755 = DIRECTION('',(0.,1.));
#5756 = ( GEOMETRIC_REPRESENTATION_CONTEXT(2) 
PARAMETRIC_REPRESENTATION_CONTEXT() REPRESENTATION_CONTEXT('2D SPACE',''
  ) );
#5757 = PCURVE('',#5758,#5763);
#5758 = PLANE('',#5759);
#5759 = AXIS2_PLACEMENT_3D('',#5760,#5761,#5762);
#5760 = CARTESIAN_POINT('',(224.,80.,358.));
#5761 = DIRECTION('',(1.,0.,0.));
#5762 = DIRECTION('',(0.,0.,1.));
#5763 = DEFINITIONAL_REPRESENTATION('',(#5764),#5768);
#5764 = LINE('',#5765,#5766);
#5765 = CARTESIAN_POINT('',(0.,0.));
#5766 = VECTOR('',#5767,1.);
#5767 = DIRECTION('',(0.,-1.));
#5768 = ( GEOMETRIC_REPRESENTATION_CONTEXT(2) 
PARAMETRIC_REPRESENTATION_CONTEXT() REPRESENTATION_CONTEXT('2D SPACE',''
  ) );
#5769 = ORIENTED_EDGE('',*,*,#5770,.T.);
#5770 = EDGE_CURVE('',#5743,#2011,#5771,.T.);
#5771 = SURFACE_CURVE('',#5772,(#5776,#5783),.PCURVE_S1.);
#5772 = LINE('',#5773,#5774);
#5773 = CARTESIAN_POINT('',(224.,80.,358.));
#5774 = VECTOR('',#5775,1.);
#5775 = DIRECTION('',(1.,0.,0.));
#5776 = PCURVE('',#2025,#5777);
#5777 = DEFINITIONAL_REPRESENTATION('',(#5778),#5782);
#5778 = LINE('',#5779,#5780);
#5779 = CARTESIAN_POINT('',(0.,0.));
#5780 = VECTOR('',#5781,1.);
#5781 = DIRECTION('',(1.,0.));
#5782 = ( GEOMETRIC_REPRESENTATION_CONTEXT(2) 
PARAMETRIC_REPRESENTATION_CONTEXT() REPRESENTATION_CONTEXT('2D SPACE',''
  ) );
#5783 = PCURVE('',#2051,#5784);
#5784 = DEFINITIONAL_REPRESENTATION('',(#5785),#5789);
#5785 = LINE('',#5786,#5787);
#5786 = CARTESIAN_POINT('',(0.,0.));
#5787 = VECTOR('',#5788,1.);
#5788 = DIRECTION('',(0.,1.));
#5789 = ( GEOMETRIC_REPRESENTATION_CONTEXT(2) 
PARAMETRIC_REPRESENTATION_CONTEXT() REPRESENTATION_CONTEXT('2D SPACE',''
  ) );
#5790 = ORIENTED_EDGE('',*,*,#2008,.F.);
#5791 = ADVANCED_FACE('',(#5792),#2101,.F.);
#5792 = FACE_BOUND('',#5793,.F.);
#5793 = EDGE_LOOP('',(#5794,#5795,#5818,#5839));
#5794 = ORIENTED_EDGE('',*,*,#5719,.F.);
#5795 = ORIENTED_EDGE('',*,*,#5796,.T.);
#5796 = EDGE_CURVE('',#5720,#5797,#5799,.T.);
#5797 = VERTEX_POINT('',#5798);
#5798 = CARTESIAN_POINT('',(224.,260.,368.));
#5799 = SURFACE_CURVE('',#5800,(#5804,#5811),.PCURVE_S1.);
#5800 = LINE('',#5801,#5802);
#5801 = CARTESIAN_POINT('',(224.,260.,358.));
#5802 = VECTOR('',#5803,1.);
#5803 = DIRECTION('',(0.,0.,1.));
#5804 = PCURVE('',#2101,#5805);
#5805 = DEFINITIONAL_REPRESENTATION('',(#5806),#5810);
#5806 = LINE('',#5807,#5808);
#5807 = CARTESIAN_POINT('',(0.,0.));
#5808 = VECTOR('',#5809,1.);
#5809 = DIRECTION('',(1.,0.));
#5810 = ( GEOMETRIC_REPRESENTATION_CONTEXT(2) 
PARAMETRIC_REPRESENTATION_CONTEXT() REPRESENTATION_CONTEXT('2D SPACE',''
  ) );
#5811 = PCURVE('',#5758,#5812);
#5812 = DEFINITIONAL_REPRESENTATION('',(#5813),#5817);
#5813 = LINE('',#5814,#5815);
#5814 = CARTESIAN_POINT('',(0.,-180.));
#5815 = VECTOR('',#5816,1.);
#5816 = DIRECTION('',(1.,0.));
#5817 = ( GEOMETRIC_REPRESENTATION_CONTEXT(2) 
PARAMETRIC_REPRESENTATION_CONTEXT() REPRESENTATION_CONTEXT('2D SPACE',''
  ) );
#5818 = ORIENTED_EDGE('',*,*,#5819,.T.);
#5819 = EDGE_CURVE('',#5797,#2063,#5820,.T.);
#5820 = SURFACE_CURVE('',#5821,(#5825,#5832),.PCURVE_S1.);
#5821 = LINE('',#5822,#5823);
#5822 = CARTESIAN_POINT('',(224.,260.,368.));
#5823 = VECTOR('',#5824,1.);
#5824 = DIRECTION('',(1.,0.,0.));
#5825 = PCURVE('',#2101,#5826);
#5826 = DEFINITIONAL_REPRESENTATION('',(#5827),#5831);
#5827 = LINE('',#5828,#5829);
#5828 = CARTESIAN_POINT('',(10.,0.));
#5829 = VECTOR('',#5830,1.);
#5830 = DIRECTION('',(0.,1.));
#5831 = ( GEOMETRIC_REPRESENTATION_CONTEXT(2) 
PARAMETRIC_REPRESENTATION_CONTEXT() REPRESENTATION_CONTEXT('2D SPACE',''
  ) );
#5832 = PCURVE('',#2077,#5833);
#5833 = DEFINITIONAL_REPRESENTATION('',(#5834),#5838);
#5834 = LINE('',#5835,#5836);
#5835 = CARTESIAN_POINT('',(0.,180.));
#5836 = VECTOR('',#5837,1.);
#5837 = DIRECTION('',(1.,0.));
#5838 = ( GEOMETRIC_REPRESENTATION_CONTEXT(2) 
PARAMETRIC_REPRESENTATION_CONTEXT() REPRESENTATION_CONTEXT('2D SPACE',''
  ) );
#5839 = ORIENTED_EDGE('',*,*,#2088,.F.);
#5840 = ADVANCED_FACE('',(#5841),#2051,.T.);
#5841 = FACE_BOUND('',#5842,.T.);
#5842 = EDGE_LOOP('',(#5843,#5844,#5867,#5888));
#5843 = ORIENTED_EDGE('',*,*,#5770,.F.);
#5844 = ORIENTED_EDGE('',*,*,#5845,.T.);
#5845 = EDGE_CURVE('',#5743,#5846,#5848,.T.);
#5846 = VERTEX_POINT('',#5847);
#5847 = CARTESIAN_POINT('',(224.,80.,368.));
#5848 = SURFACE_CURVE('',#5849,(#5853,#5860),.PCURVE_S1.);
#5849 = LINE('',#5850,#5851);
#5850 = CARTESIAN_POINT('',(224.,80.,358.));
#5851 = VECTOR('',#5852,1.);
#5852 = DIRECTION('',(0.,0.,1.));
#5853 = PCURVE('',#2051,#5854);
#5854 = DEFINITIONAL_REPRESENTATION('',(#5855),#5859);
#5855 = LINE('',#5856,#5857);
#5856 = CARTESIAN_POINT('',(0.,0.));
#5857 = VECTOR('',#5858,1.);
#5858 = DIRECTION('',(1.,0.));
#5859 = ( GEOMETRIC_REPRESENTATION_CONTEXT(2) 
PARAMETRIC_REPRESENTATION_CONTEXT() REPRESENTATION_CONTEXT('2D SPACE',''
  ) );
#5860 = PCURVE('',#5758,#5861);
#5861 = DEFINITIONAL_REPRESENTATION('',(#5862),#5866);
#5862 = LINE('',#5863,#5864);
#5863 = CARTESIAN_POINT('',(0.,0.));
#5864 = VECTOR('',#5865,1.);
#5865 = DIRECTION('',(1.,0.));
#5866 = ( GEOMETRIC_REPRESENTATION_CONTEXT(2) 
PARAMETRIC_REPRESENTATION_CONTEXT() REPRESENTATION_CONTEXT('2D SPACE',''
  ) );
#5867 = ORIENTED_EDGE('',*,*,#5868,.T.);
#5868 = EDGE_CURVE('',#5846,#2037,#5869,.T.);
#5869 = SURFACE_CURVE('',#5870,(#5874,#5881),.PCURVE_S1.);
#5870 = LINE('',#5871,#5872);
#5871 = CARTESIAN_POINT('',(224.,80.,368.));
#5872 = VECTOR('',#5873,1.);
#5873 = DIRECTION('',(1.,0.,0.));
#5874 = PCURVE('',#2051,#5875);
#5875 = DEFINITIONAL_REPRESENTATION('',(#5876),#5880);
#5876 = LINE('',#5877,#5878);
#5877 = CARTESIAN_POINT('',(10.,0.));
#5878 = VECTOR('',#5879,1.);
#5879 = DIRECTION('',(0.,1.));
#5880 = ( GEOMETRIC_REPRESENTATION_CONTEXT(2) 
PARAMETRIC_REPRESENTATION_CONTEXT() REPRESENTATION_CONTEXT('2D SPACE',''
  ) );
#5881 = PCURVE('',#2077,#5882);
#5882 = DEFINITIONAL_REPRESENTATION('',(#5883),#5887);
#5883 = LINE('',#5884,#5885);
#5884 = CARTESIAN_POINT('',(0.,0.));
#5885 = VECTOR('',#5886,1.);
#5886 = DIRECTION('',(1.,0.));
#5887 = ( GEOMETRIC_REPRESENTATION_CONTEXT(2) 
PARAMETRIC_REPRESENTATION_CONTEXT() REPRESENTATION_CONTEXT('2D SPACE',''
  ) );
#5888 = ORIENTED_EDGE('',*,*,#2036,.F.);
#5889 = ADVANCED_FACE('',(#5890),#2077,.F.);
#5890 = FACE_BOUND('',#5891,.F.);
#5891 = EDGE_LOOP('',(#5892,#5893,#5914,#5915));
#5892 = ORIENTED_EDGE('',*,*,#5819,.F.);
#5893 = ORIENTED_EDGE('',*,*,#5894,.F.);
#5894 = EDGE_CURVE('',#5846,#5797,#5895,.T.);
#5895 = SURFACE_CURVE('',#5896,(#5900,#5907),.PCURVE_S1.);
#5896 = LINE('',#5897,#5898);
#5897 = CARTESIAN_POINT('',(224.,80.,368.));
#5898 = VECTOR('',#5899,1.);
#5899 = DIRECTION('',(0.,1.,0.));
#5900 = PCURVE('',#2077,#5901);
#5901 = DEFINITIONAL_REPRESENTATION('',(#5902),#5906);
#5902 = LINE('',#5903,#5904);
#5903 = CARTESIAN_POINT('',(0.,0.));
#5904 = VECTOR('',#5905,1.);
#5905 = DIRECTION('',(0.,1.));
#5906 = ( GEOMETRIC_REPRESENTATION_CONTEXT(2) 
PARAMETRIC_REPRESENTATION_CONTEXT() REPRESENTATION_CONTEXT('2D SPACE',''
  ) );
#5907 = PCURVE('',#5758,#5908);
#5908 = DEFINITIONAL_REPRESENTATION('',(#5909),#5913);
#5909 = LINE('',#5910,#5911);
#5910 = CARTESIAN_POINT('',(10.,0.));
#5911 = VECTOR('',#5912,1.);
#5912 = DIRECTION('',(0.,-1.));
#5913 = ( GEOMETRIC_REPRESENTATION_CONTEXT(2) 
PARAMETRIC_REPRESENTATION_CONTEXT() REPRESENTATION_CONTEXT('2D SPACE',''
  ) );
#5914 = ORIENTED_EDGE('',*,*,#5868,.T.);
#5915 = ORIENTED_EDGE('',*,*,#2062,.F.);
#5916 = ADVANCED_FACE('',(#5917),#2131,.T.);
#5917 = FACE_BOUND('',#5918,.T.);
#5918 = EDGE_LOOP('',(#5919,#5942,#5970,#5991));
#5919 = ORIENTED_EDGE('',*,*,#5920,.F.);
#5920 = EDGE_CURVE('',#5921,#2115,#5923,.T.);
#5921 = VERTEX_POINT('',#5922);
#5922 = CARTESIAN_POINT('',(224.,260.,390.));
#5923 = SURFACE_CURVE('',#5924,(#5928,#5935),.PCURVE_S1.);
#5924 = LINE('',#5925,#5926);
#5925 = CARTESIAN_POINT('',(224.,260.,390.));
#5926 = VECTOR('',#5927,1.);
#5927 = DIRECTION('',(1.,0.,0.));
#5928 = PCURVE('',#2131,#5929);
#5929 = DEFINITIONAL_REPRESENTATION('',(#5930),#5934);
#5930 = LINE('',#5931,#5932);
#5931 = CARTESIAN_POINT('',(0.,180.));
#5932 = VECTOR('',#5933,1.);
#5933 = DIRECTION('',(1.,0.));
#5934 = ( GEOMETRIC_REPRESENTATION_CONTEXT(2) 
PARAMETRIC_REPRESENTATION_CONTEXT() REPRESENTATION_CONTEXT('2D SPACE',''
  ) );
#5935 = PCURVE('',#2207,#5936);
#5936 = DEFINITIONAL_REPRESENTATION('',(#5937),#5941);
#5937 = LINE('',#5938,#5939);
#5938 = CARTESIAN_POINT('',(0.,0.));
#5939 = VECTOR('',#5940,1.);
#5940 = DIRECTION('',(0.,1.));
#5941 = ( GEOMETRIC_REPRESENTATION_CONTEXT(2) 
PARAMETRIC_REPRESENTATION_CONTEXT() REPRESENTATION_CONTEXT('2D SPACE',''
  ) );
#5942 = ORIENTED_EDGE('',*,*,#5943,.F.);
#5943 = EDGE_CURVE('',#5944,#5921,#5946,.T.);
#5944 = VERTEX_POINT('',#5945);
#5945 = CARTESIAN_POINT('',(224.,80.,390.));
#5946 = SURFACE_CURVE('',#5947,(#5951,#5958),.PCURVE_S1.);
#5947 = LINE('',#5948,#5949);
#5948 = CARTESIAN_POINT('',(224.,80.,390.));
#5949 = VECTOR('',#5950,1.);
#5950 = DIRECTION('',(0.,1.,0.));
#5951 = PCURVE('',#2131,#5952);
#5952 = DEFINITIONAL_REPRESENTATION('',(#5953),#5957);
#5953 = LINE('',#5954,#5955);
#5954 = CARTESIAN_POINT('',(0.,0.));
#5955 = VECTOR('',#5956,1.);
#5956 = DIRECTION('',(0.,1.));
#5957 = ( GEOMETRIC_REPRESENTATION_CONTEXT(2) 
PARAMETRIC_REPRESENTATION_CONTEXT() REPRESENTATION_CONTEXT('2D SPACE',''
  ) );
#5958 = PCURVE('',#5959,#5964);
#5959 = PLANE('',#5960);
#5960 = AXIS2_PLACEMENT_3D('',#5961,#5962,#5963);
#5961 = CARTESIAN_POINT('',(224.,80.,390.));
#5962 = DIRECTION('',(1.,0.,0.));
#5963 = DIRECTION('',(0.,0.,1.));
#5964 = DEFINITIONAL_REPRESENTATION('',(#5965),#5969);
#5965 = LINE('',#5966,#5967);
#5966 = CARTESIAN_POINT('',(0.,0.));
#5967 = VECTOR('',#5968,1.);
#5968 = DIRECTION('',(0.,-1.));
#5969 = ( GEOMETRIC_REPRESENTATION_CONTEXT(2) 
PARAMETRIC_REPRESENTATION_CONTEXT() REPRESENTATION_CONTEXT('2D SPACE',''
  ) );
#5970 = ORIENTED_EDGE('',*,*,#5971,.T.);
#5971 = EDGE_CURVE('',#5944,#2117,#5972,.T.);
#5972 = SURFACE_CURVE('',#5973,(#5977,#5984),.PCURVE_S1.);
#5973 = LINE('',#5974,#5975);
#5974 = CARTESIAN_POINT('',(224.,80.,390.));
#5975 = VECTOR('',#5976,1.);
#5976 = DIRECTION('',(1.,0.,0.));
#5977 = PCURVE('',#2131,#5978);
#5978 = DEFINITIONAL_REPRESENTATION('',(#5979),#5983);
#5979 = LINE('',#5980,#5981);
#5980 = CARTESIAN_POINT('',(0.,0.));
#5981 = VECTOR('',#5982,1.);
#5982 = DIRECTION('',(1.,0.));
#5983 = ( GEOMETRIC_REPRESENTATION_CONTEXT(2) 
PARAMETRIC_REPRESENTATION_CONTEXT() REPRESENTATION_CONTEXT('2D SPACE',''
  ) );
#5984 = PCURVE('',#2157,#5985);
#5985 = DEFINITIONAL_REPRESENTATION('',(#5986),#5990);
#5986 = LINE('',#5987,#5988);
#5987 = CARTESIAN_POINT('',(0.,0.));
#5988 = VECTOR('',#5989,1.);
#5989 = DIRECTION('',(0.,1.));
#5990 = ( GEOMETRIC_REPRESENTATION_CONTEXT(2) 
PARAMETRIC_REPRESENTATION_CONTEXT() REPRESENTATION_CONTEXT('2D SPACE',''
  ) );
#5991 = ORIENTED_EDGE('',*,*,#2114,.F.);
#5992 = ADVANCED_FACE('',(#5993),#2207,.F.);
#5993 = FACE_BOUND('',#5994,.F.);
#5994 = EDGE_LOOP('',(#5995,#5996,#6019,#6040));
#5995 = ORIENTED_EDGE('',*,*,#5920,.F.);
#5996 = ORIENTED_EDGE('',*,*,#5997,.T.);
#5997 = EDGE_CURVE('',#5921,#5998,#6000,.T.);
#5998 = VERTEX_POINT('',#5999);
#5999 = CARTESIAN_POINT('',(224.,260.,400.));
#6000 = SURFACE_CURVE('',#6001,(#6005,#6012),.PCURVE_S1.);
#6001 = LINE('',#6002,#6003);
#6002 = CARTESIAN_POINT('',(224.,260.,390.));
#6003 = VECTOR('',#6004,1.);
#6004 = DIRECTION('',(0.,0.,1.));
#6005 = PCURVE('',#2207,#6006);
#6006 = DEFINITIONAL_REPRESENTATION('',(#6007),#6011);
#6007 = LINE('',#6008,#6009);
#6008 = CARTESIAN_POINT('',(0.,0.));
#6009 = VECTOR('',#6010,1.);
#6010 = DIRECTION('',(1.,0.));
#6011 = ( GEOMETRIC_REPRESENTATION_CONTEXT(2) 
PARAMETRIC_REPRESENTATION_CONTEXT() REPRESENTATION_CONTEXT('2D SPACE',''
  ) );
#6012 = PCURVE('',#5959,#6013);
#6013 = DEFINITIONAL_REPRESENTATION('',(#6014),#6018);
#6014 = LINE('',#6015,#6016);
#6015 = CARTESIAN_POINT('',(0.,-180.));
#6016 = VECTOR('',#6017,1.);
#6017 = DIRECTION('',(1.,0.));
#6018 = ( GEOMETRIC_REPRESENTATION_CONTEXT(2) 
PARAMETRIC_REPRESENTATION_CONTEXT() REPRESENTATION_CONTEXT('2D SPACE',''
  ) );
#6019 = ORIENTED_EDGE('',*,*,#6020,.T.);
#6020 = EDGE_CURVE('',#5998,#2169,#6021,.T.);
#6021 = SURFACE_CURVE('',#6022,(#6026,#6033),.PCURVE_S1.);
#6022 = LINE('',#6023,#6024);
#6023 = CARTESIAN_POINT('',(224.,260.,400.));
#6024 = VECTOR('',#6025,1.);
#6025 = DIRECTION('',(1.,0.,0.));
#6026 = PCURVE('',#2207,#6027);
#6027 = DEFINITIONAL_REPRESENTATION('',(#6028),#6032);
#6028 = LINE('',#6029,#6030);
#6029 = CARTESIAN_POINT('',(10.,0.));
#6030 = VECTOR('',#6031,1.);
#6031 = DIRECTION('',(0.,1.));
#6032 = ( GEOMETRIC_REPRESENTATION_CONTEXT(2) 
PARAMETRIC_REPRESENTATION_CONTEXT() REPRESENTATION_CONTEXT('2D SPACE',''
  ) );
#6033 = PCURVE('',#2183,#6034);
#6034 = DEFINITIONAL_REPRESENTATION('',(#6035),#6039);
#6035 = LINE('',#6036,#6037);
#6036 = CARTESIAN_POINT('',(0.,180.));
#6037 = VECTOR('',#6038,1.);
#6038 = DIRECTION('',(1.,0.));
#6039 = ( GEOMETRIC_REPRESENTATION_CONTEXT(2) 
PARAMETRIC_REPRESENTATION_CONTEXT() REPRESENTATION_CONTEXT('2D SPACE',''
  ) );
#6040 = ORIENTED_EDGE('',*,*,#2194,.F.);
#6041 = ADVANCED_FACE('',(#6042),#2157,.T.);
#6042 = FACE_BOUND('',#6043,.T.);
#6043 = EDGE_LOOP('',(#6044,#6045,#6068,#6089));
#6044 = ORIENTED_EDGE('',*,*,#5971,.F.);
#6045 = ORIENTED_EDGE('',*,*,#6046,.T.);
#6046 = EDGE_CURVE('',#5944,#6047,#6049,.T.);
#6047 = VERTEX_POINT('',#6048);
#6048 = CARTESIAN_POINT('',(224.,80.,400.));
#6049 = SURFACE_CURVE('',#6050,(#6054,#6061),.PCURVE_S1.);
#6050 = LINE('',#6051,#6052);
#6051 = CARTESIAN_POINT('',(224.,80.,390.));
#6052 = VECTOR('',#6053,1.);
#6053 = DIRECTION('',(0.,0.,1.));
#6054 = PCURVE('',#2157,#6055);
#6055 = DEFINITIONAL_REPRESENTATION('',(#6056),#6060);
#6056 = LINE('',#6057,#6058);
#6057 = CARTESIAN_POINT('',(0.,0.));
#6058 = VECTOR('',#6059,1.);
#6059 = DIRECTION('',(1.,0.));
#6060 = ( GEOMETRIC_REPRESENTATION_CONTEXT(2) 
PARAMETRIC_REPRESENTATION_CONTEXT() REPRESENTATION_CONTEXT('2D SPACE',''
  ) );
#6061 = PCURVE('',#5959,#6062);
#6062 = DEFINITIONAL_REPRESENTATION('',(#6063),#6067);
#6063 = LINE('',#6064,#6065);
#6064 = CARTESIAN_POINT('',(0.,0.));
#6065 = VECTOR('',#6066,1.);
#6066 = DIRECTION('',(1.,0.));
#6067 = ( GEOMETRIC_REPRESENTATION_CONTEXT(2) 
PARAMETRIC_REPRESENTATION_CONTEXT() REPRESENTATION_CONTEXT('2D SPACE',''
  ) );
#6068 = ORIENTED_EDGE('',*,*,#6069,.T.);
#6069 = EDGE_CURVE('',#6047,#2143,#6070,.T.);
#6070 = SURFACE_CURVE('',#6071,(#6075,#6082),.PCURVE_S1.);
#6071 = LINE('',#6072,#6073);
#6072 = CARTESIAN_POINT('',(224.,80.,400.));
#6073 = VECTOR('',#6074,1.);
#6074 = DIRECTION('',(1.,0.,0.));
#6075 = PCURVE('',#2157,#6076);
#6076 = DEFINITIONAL_REPRESENTATION('',(#6077),#6081);
#6077 = LINE('',#6078,#6079);
#6078 = CARTESIAN_POINT('',(10.,0.));
#6079 = VECTOR('',#6080,1.);
#6080 = DIRECTION('',(0.,1.));
#6081 = ( GEOMETRIC_REPRESENTATION_CONTEXT(2) 
PARAMETRIC_REPRESENTATION_CONTEXT() REPRESENTATION_CONTEXT('2D SPACE',''
  ) );
#6082 = PCURVE('',#2183,#6083);
#6083 = DEFINITIONAL_REPRESENTATION('',(#6084),#6088);
#6084 = LINE('',#6085,#6086);
#6085 = CARTESIAN_POINT('',(0.,0.));
#6086 = VECTOR('',#6087,1.);
#6087 = DIRECTION('',(1.,0.));
#6088 = ( GEOMETRIC_REPRESENTATION_CONTEXT(2) 
PARAMETRIC_REPRESENTATION_CONTEXT() REPRESENTATION_CONTEXT('2D SPACE',''
  ) );
#6089 = ORIENTED_EDGE('',*,*,#2142,.F.);
#6090 = ADVANCED_FACE('',(#6091),#2183,.F.);
#6091 = FACE_BOUND('',#6092,.F.);
#6092 = EDGE_LOOP('',(#6093,#6094,#6115,#6116));
#6093 = ORIENTED_EDGE('',*,*,#6020,.F.);
#6094 = ORIENTED_EDGE('',*,*,#6095,.F.);
#6095 = EDGE_CURVE('',#6047,#5998,#6096,.T.);
#6096 = SURFACE_CURVE('',#6097,(#6101,#6108),.PCURVE_S1.);
#6097 = LINE('',#6098,#6099);
#6098 = CARTESIAN_POINT('',(224.,80.,400.));
#6099 = VECTOR('',#6100,1.);
#6100 = DIRECTION('',(0.,1.,0.));
#6101 = PCURVE('',#2183,#6102);
#6102 = DEFINITIONAL_REPRESENTATION('',(#6103),#6107);
#6103 = LINE('',#6104,#6105);
#6104 = CARTESIAN_POINT('',(0.,0.));
#6105 = VECTOR('',#6106,1.);
#6106 = DIRECTION('',(0.,1.));
#6107 = ( GEOMETRIC_REPRESENTATION_CONTEXT(2) 
PARAMETRIC_REPRESENTATION_CONTEXT() REPRESENTATION_CONTEXT('2D SPACE',''
  ) );
#6108 = PCURVE('',#5959,#6109);
#6109 = DEFINITIONAL_REPRESENTATION('',(#6110),#6114);
#6110 = LINE('',#6111,#6112);
#6111 = CARTESIAN_POINT('',(10.,0.));
#6112 = VECTOR('',#6113,1.);
#6113 = DIRECTION('',(0.,-1.));
#6114 = ( GEOMETRIC_REPRESENTATION_CONTEXT(2) 
PARAMETRIC_REPRESENTATION_CONTEXT() REPRESENTATION_CONTEXT('2D SPACE',''
  ) );
#6115 = ORIENTED_EDGE('',*,*,#6069,.T.);
#6116 = ORIENTED_EDGE('',*,*,#2168,.F.);
#6117 = ADVANCED_FACE('',(#6118),#2237,.T.);
#6118 = FACE_BOUND('',#6119,.T.);
#6119 = EDGE_LOOP('',(#6120,#6143,#6171,#6192));
#6120 = ORIENTED_EDGE('',*,*,#6121,.F.);
#6121 = EDGE_CURVE('',#6122,#2221,#6124,.T.);
#6122 = VERTEX_POINT('',#6123);
#6123 = CARTESIAN_POINT('',(224.,260.,422.));
#6124 = SURFACE_CURVE('',#6125,(#6129,#6136),.PCURVE_S1.);
#6125 = LINE('',#6126,#6127);
#6126 = CARTESIAN_POINT('',(224.,260.,422.));
#6127 = VECTOR('',#6128,1.);
#6128 = DIRECTION('',(1.,0.,0.));
#6129 = PCURVE('',#2237,#6130);
#6130 = DEFINITIONAL_REPRESENTATION('',(#6131),#6135);
#6131 = LINE('',#6132,#6133);
#6132 = CARTESIAN_POINT('',(0.,180.));
#6133 = VECTOR('',#6134,1.);
#6134 = DIRECTION('',(1.,0.));
#6135 = ( GEOMETRIC_REPRESENTATION_CONTEXT(2) 
PARAMETRIC_REPRESENTATION_CONTEXT() REPRESENTATION_CONTEXT('2D SPACE',''
  ) );
#6136 = PCURVE('',#2313,#6137);
#6137 = DEFINITIONAL_REPRESENTATION('',(#6138),#6142);
#6138 = LINE('',#6139,#6140);
#6139 = CARTESIAN_POINT('',(0.,0.));
#6140 = VECTOR('',#6141,1.);
#6141 = DIRECTION('',(0.,1.));
#6142 = ( GEOMETRIC_REPRESENTATION_CONTEXT(2) 
PARAMETRIC_REPRESENTATION_CONTEXT() REPRESENTATION_CONTEXT('2D SPACE',''
  ) );
#6143 = ORIENTED_EDGE('',*,*,#6144,.F.);
#6144 = EDGE_CURVE('',#6145,#6122,#6147,.T.);
#6145 = VERTEX_POINT('',#6146);
#6146 = CARTESIAN_POINT('',(224.,80.,422.));
#6147 = SURFACE_CURVE('',#6148,(#6152,#6159),.PCURVE_S1.);
#6148 = LINE('',#6149,#6150);
#6149 = CARTESIAN_POINT('',(224.,80.,422.));
#6150 = VECTOR('',#6151,1.);
#6151 = DIRECTION('',(0.,1.,0.));
#6152 = PCURVE('',#2237,#6153);
#6153 = DEFINITIONAL_REPRESENTATION('',(#6154),#6158);
#6154 = LINE('',#6155,#6156);
#6155 = CARTESIAN_POINT('',(0.,0.));
#6156 = VECTOR('',#6157,1.);
#6157 = DIRECTION('',(0.,1.));
#6158 = ( GEOMETRIC_REPRESENTATION_CONTEXT(2) 
PARAMETRIC_REPRESENTATION_CONTEXT() REPRESENTATION_CONTEXT('2D SPACE',''
  ) );
#6159 = PCURVE('',#6160,#6165);
#6160 = PLANE('',#6161);
#6161 = AXIS2_PLACEMENT_3D('',#6162,#6163,#6164);
#6162 = CARTESIAN_POINT('',(224.,80.,422.));
#6163 = DIRECTION('',(1.,0.,0.));
#6164 = DIRECTION('',(0.,0.,1.));
#6165 = DEFINITIONAL_REPRESENTATION('',(#6166),#6170);
#6166 = LINE('',#6167,#6168);
#6167 = CARTESIAN_POINT('',(0.,0.));
#6168 = VECTOR('',#6169,1.);
#6169 = DIRECTION('',(0.,-1.));
#6170 = ( GEOMETRIC_REPRESENTATION_CONTEXT(2) 
PARAMETRIC_REPRESENTATION_CONTEXT() REPRESENTATION_CONTEXT('2D SPACE',''
  ) );
#6171 = ORIENTED_EDGE('',*,*,#6172,.T.);
#6172 = EDGE_CURVE('',#6145,#2223,#6173,.T.);
#6173 = SURFACE_CURVE('',#6174,(#6178,#6185),.PCURVE_S1.);
#6174 = LINE('',#6175,#6176);
#6175 = CARTESIAN_POINT('',(224.,80.,422.));
#6176 = VECTOR('',#6177,1.);
#6177 = DIRECTION('',(1.,0.,0.));
#6178 = PCURVE('',#2237,#6179);
#6179 = DEFINITIONAL_REPRESENTATION('',(#6180),#6184);
#6180 = LINE('',#6181,#6182);
#6181 = CARTESIAN_POINT('',(0.,0.));
#6182 = VECTOR('',#6183,1.);
#6183 = DIRECTION('',(1.,0.));
#6184 = ( GEOMETRIC_REPRESENTATION_CONTEXT(2) 
PARAMETRIC_REPRESENTATION_CONTEXT() REPRESENTATION_CONTEXT('2D SPACE',''
  ) );
#6185 = PCURVE('',#2263,#6186);
#6186 = DEFINITIONAL_REPRESENTATION('',(#6187),#6191);
#6187 = LINE('',#6188,#6189);
#6188 = CARTESIAN_POINT('',(0.,0.));
#6189 = VECTOR('',#6190,1.);
#6190 = DIRECTION('',(0.,1.));
#6191 = ( GEOMETRIC_REPRESENTATION_CONTEXT(2) 
PARAMETRIC_REPRESENTATION_CONTEXT() REPRESENTATION_CONTEXT('2D SPACE',''
  ) );
#6192 = ORIENTED_EDGE('',*,*,#2220,.F.);
#6193 = ADVANCED_FACE('',(#6194),#2313,.F.);
#6194 = FACE_BOUND('',#6195,.F.);
#6195 = EDGE_LOOP('',(#6196,#6197,#6220,#6241));
#6196 = ORIENTED_EDGE('',*,*,#6121,.F.);
#6197 = ORIENTED_EDGE('',*,*,#6198,.T.);
#6198 = EDGE_CURVE('',#6122,#6199,#6201,.T.);
#6199 = VERTEX_POINT('',#6200);
#6200 = CARTESIAN_POINT('',(224.,260.,432.));
#6201 = SURFACE_CURVE('',#6202,(#6206,#6213),.PCURVE_S1.);
#6202 = LINE('',#6203,#6204);
#6203 = CARTESIAN_POINT('',(224.,260.,422.));
#6204 = VECTOR('',#6205,1.);
#6205 = DIRECTION('',(0.,0.,1.));
#6206 = PCURVE('',#2313,#6207);
#6207 = DEFINITIONAL_REPRESENTATION('',(#6208),#6212);
#6208 = LINE('',#6209,#6210);
#6209 = CARTESIAN_POINT('',(0.,0.));
#6210 = VECTOR('',#6211,1.);
#6211 = DIRECTION('',(1.,0.));
#6212 = ( GEOMETRIC_REPRESENTATION_CONTEXT(2) 
PARAMETRIC_REPRESENTATION_CONTEXT() REPRESENTATION_CONTEXT('2D SPACE',''
  ) );
#6213 = PCURVE('',#6160,#6214);
#6214 = DEFINITIONAL_REPRESENTATION('',(#6215),#6219);
#6215 = LINE('',#6216,#6217);
#6216 = CARTESIAN_POINT('',(0.,-180.));
#6217 = VECTOR('',#6218,1.);
#6218 = DIRECTION('',(1.,0.));
#6219 = ( GEOMETRIC_REPRESENTATION_CONTEXT(2) 
PARAMETRIC_REPRESENTATION_CONTEXT() REPRESENTATION_CONTEXT('2D SPACE',''
  ) );
#6220 = ORIENTED_EDGE('',*,*,#6221,.T.);
#6221 = EDGE_CURVE('',#6199,#2275,#6222,.T.);
#6222 = SURFACE_CURVE('',#6223,(#6227,#6234),.PCURVE_S1.);
#6223 = LINE('',#6224,#6225);
#6224 = CARTESIAN_POINT('',(224.,260.,432.));
#6225 = VECTOR('',#6226,1.);
#6226 = DIRECTION('',(1.,0.,0.));
#6227 = PCURVE('',#2313,#6228);
#6228 = DEFINITIONAL_REPRESENTATION('',(#6229),#6233);
#6229 = LINE('',#6230,#6231);
#6230 = CARTESIAN_POINT('',(10.,0.));
#6231 = VECTOR('',#6232,1.);
#6232 = DIRECTION('',(0.,1.));
#6233 = ( GEOMETRIC_REPRESENTATION_CONTEXT(2) 
PARAMETRIC_REPRESENTATION_CONTEXT() REPRESENTATION_CONTEXT('2D SPACE',''
  ) );
#6234 = PCURVE('',#2289,#6235);
#6235 = DEFINITIONAL_REPRESENTATION('',(#6236),#6240);
#6236 = LINE('',#6237,#6238);
#6237 = CARTESIAN_POINT('',(0.,180.));
#6238 = VECTOR('',#6239,1.);
#6239 = DIRECTION('',(1.,0.));
#6240 = ( GEOMETRIC_REPRESENTATION_CONTEXT(2) 
PARAMETRIC_REPRESENTATION_CONTEXT() REPRESENTATION_CONTEXT('2D SPACE',''
  ) );
#6241 = ORIENTED_EDGE('',*,*,#2300,.F.);
#6242 = ADVANCED_FACE('',(#6243),#2263,.T.);
#6243 = FACE_BOUND('',#6244,.T.);
#6244 = EDGE_LOOP('',(#6245,#6246,#6269,#6290));
#6245 = ORIENTED_EDGE('',*,*,#6172,.F.);
#6246 = ORIENTED_EDGE('',*,*,#6247,.T.);
#6247 = EDGE_CURVE('',#6145,#6248,#6250,.T.);
#6248 = VERTEX_POINT('',#6249);
#6249 = CARTESIAN_POINT('',(224.,80.,432.));
#6250 = SURFACE_CURVE('',#6251,(#6255,#6262),.PCURVE_S1.);
#6251 = LINE('',#6252,#6253);
#6252 = CARTESIAN_POINT('',(224.,80.,422.));
#6253 = VECTOR('',#6254,1.);
#6254 = DIRECTION('',(0.,0.,1.));
#6255 = PCURVE('',#2263,#6256);
#6256 = DEFINITIONAL_REPRESENTATION('',(#6257),#6261);
#6257 = LINE('',#6258,#6259);
#6258 = CARTESIAN_POINT('',(0.,0.));
#6259 = VECTOR('',#6260,1.);
#6260 = DIRECTION('',(1.,0.));
#6261 = ( GEOMETRIC_REPRESENTATION_CONTEXT(2) 
PARAMETRIC_REPRESENTATION_CONTEXT() REPRESENTATION_CONTEXT('2D SPACE',''
  ) );
#6262 = PCURVE('',#6160,#6263);
#6263 = DEFINITIONAL_REPRESENTATION('',(#6264),#6268);
#6264 = LINE('',#6265,#6266);
#6265 = CARTESIAN_POINT('',(0.,0.));
#6266 = VECTOR('',#6267,1.);
#6267 = DIRECTION('',(1.,0.));
#6268 = ( GEOMETRIC_REPRESENTATION_CONTEXT(2) 
PARAMETRIC_REPRESENTATION_CONTEXT() REPRESENTATION_CONTEXT('2D SPACE',''
  ) );
#6269 = ORIENTED_EDGE('',*,*,#6270,.T.);
#6270 = EDGE_CURVE('',#6248,#2249,#6271,.T.);
#6271 = SURFACE_CURVE('',#6272,(#6276,#6283),.PCURVE_S1.);
#6272 = LINE('',#6273,#6274);
#6273 = CARTESIAN_POINT('',(224.,80.,432.));
#6274 = VECTOR('',#6275,1.);
#6275 = DIRECTION('',(1.,0.,0.));
#6276 = PCURVE('',#2263,#6277);
#6277 = DEFINITIONAL_REPRESENTATION('',(#6278),#6282);
#6278 = LINE('',#6279,#6280);
#6279 = CARTESIAN_POINT('',(10.,0.));
#6280 = VECTOR('',#6281,1.);
#6281 = DIRECTION('',(0.,1.));
#6282 = ( GEOMETRIC_REPRESENTATION_CONTEXT(2) 
PARAMETRIC_REPRESENTATION_CONTEXT() REPRESENTATION_CONTEXT('2D SPACE',''
  ) );
#6283 = PCURVE('',#2289,#6284);
#6284 = DEFINITIONAL_REPRESENTATION('',(#6285),#6289);
#6285 = LINE('',#6286,#6287);
#6286 = CARTESIAN_POINT('',(0.,0.));
#6287 = VECTOR('',#6288,1.);
#6288 = DIRECTION('',(1.,0.));
#6289 = ( GEOMETRIC_REPRESENTATION_CONTEXT(2) 
PARAMETRIC_REPRESENTATION_CONTEXT() REPRESENTATION_CONTEXT('2D SPACE',''
  ) );
#6290 = ORIENTED_EDGE('',*,*,#2248,.F.);
#6291 = ADVANCED_FACE('',(#6292),#2289,.F.);
#6292 = FACE_BOUND('',#6293,.F.);
#6293 = EDGE_LOOP('',(#6294,#6295,#6316,#6317));
#6294 = ORIENTED_EDGE('',*,*,#6221,.F.);
#6295 = ORIENTED_EDGE('',*,*,#6296,.F.);
#6296 = EDGE_CURVE('',#6248,#6199,#6297,.T.);
#6297 = SURFACE_CURVE('',#6298,(#6302,#6309),.PCURVE_S1.);
#6298 = LINE('',#6299,#6300);
#6299 = CARTESIAN_POINT('',(224.,80.,432.));
#6300 = VECTOR('',#6301,1.);
#6301 = DIRECTION('',(0.,1.,0.));
#6302 = PCURVE('',#2289,#6303);
#6303 = DEFINITIONAL_REPRESENTATION('',(#6304),#6308);
#6304 = LINE('',#6305,#6306);
#6305 = CARTESIAN_POINT('',(0.,0.));
#6306 = VECTOR('',#6307,1.);
#6307 = DIRECTION('',(0.,1.));
#6308 = ( GEOMETRIC_REPRESENTATION_CONTEXT(2) 
PARAMETRIC_REPRESENTATION_CONTEXT() REPRESENTATION_CONTEXT('2D SPACE',''
  ) );
#6309 = PCURVE('',#6160,#6310);
#6310 = DEFINITIONAL_REPRESENTATION('',(#6311),#6315);
#6311 = LINE('',#6312,#6313);
#6312 = CARTESIAN_POINT('',(10.,0.));
#6313 = VECTOR('',#6314,1.);
#6314 = DIRECTION('',(0.,-1.));
#6315 = ( GEOMETRIC_REPRESENTATION_CONTEXT(2) 
PARAMETRIC_REPRESENTATION_CONTEXT() REPRESENTATION_CONTEXT('2D SPACE',''
  ) );
#6316 = ORIENTED_EDGE('',*,*,#6270,.T.);
#6317 = ORIENTED_EDGE('',*,*,#2274,.F.);
#6318 = ADVANCED_FACE('',(#6319),#2343,.T.);
#6319 = FACE_BOUND('',#6320,.T.);
#6320 = EDGE_LOOP('',(#6321,#6344,#6372,#6393));
#6321 = ORIENTED_EDGE('',*,*,#6322,.F.);
#6322 = EDGE_CURVE('',#6323,#2327,#6325,.T.);
#6323 = VERTEX_POINT('',#6324);
#6324 = CARTESIAN_POINT('',(224.,260.,454.));
#6325 = SURFACE_CURVE('',#6326,(#6330,#6337),.PCURVE_S1.);
#6326 = LINE('',#6327,#6328);
#6327 = CARTESIAN_POINT('',(224.,260.,454.));
#6328 = VECTOR('',#6329,1.);
#6329 = DIRECTION('',(1.,0.,0.));
#6330 = PCURVE('',#2343,#6331);
#6331 = DEFINITIONAL_REPRESENTATION('',(#6332),#6336);
#6332 = LINE('',#6333,#6334);
#6333 = CARTESIAN_POINT('',(0.,180.));
#6334 = VECTOR('',#6335,1.);
#6335 = DIRECTION('',(1.,0.));
#6336 = ( GEOMETRIC_REPRESENTATION_CONTEXT(2) 
PARAMETRIC_REPRESENTATION_CONTEXT() REPRESENTATION_CONTEXT('2D SPACE',''
  ) );
#6337 = PCURVE('',#2419,#6338);
#6338 = DEFINITIONAL_REPRESENTATION('',(#6339),#6343);
#6339 = LINE('',#6340,#6341);
#6340 = CARTESIAN_POINT('',(0.,0.));
#6341 = VECTOR('',#6342,1.);
#6342 = DIRECTION('',(0.,1.));
#6343 = ( GEOMETRIC_REPRESENTATION_CONTEXT(2) 
PARAMETRIC_REPRESENTATION_CONTEXT() REPRESENTATION_CONTEXT('2D SPACE',''
  ) );
#6344 = ORIENTED_EDGE('',*,*,#6345,.F.);
#6345 = EDGE_CURVE('',#6346,#6323,#6348,.T.);
#6346 = VERTEX_POINT('',#6347);
#6347 = CARTESIAN_POINT('',(224.,80.,454.));
#6348 = SURFACE_CURVE('',#6349,(#6353,#6360),.PCURVE_S1.);
#6349 = LINE('',#6350,#6351);
#6350 = CARTESIAN_POINT('',(224.,80.,454.));
#6351 = VECTOR('',#6352,1.);
#6352 = DIRECTION('',(0.,1.,0.));
#6353 = PCURVE('',#2343,#6354);
#6354 = DEFINITIONAL_REPRESENTATION('',(#6355),#6359);
#6355 = LINE('',#6356,#6357);
#6356 = CARTESIAN_POINT('',(0.,0.));
#6357 = VECTOR('',#6358,1.);
#6358 = DIRECTION('',(0.,1.));
#6359 = ( GEOMETRIC_REPRESENTATION_CONTEXT(2) 
PARAMETRIC_REPRESENTATION_CONTEXT() REPRESENTATION_CONTEXT('2D SPACE',''
  ) );
#6360 = PCURVE('',#6361,#6366);
#6361 = PLANE('',#6362);
#6362 = AXIS2_PLACEMENT_3D('',#6363,#6364,#6365);
#6363 = CARTESIAN_POINT('',(224.,80.,454.));
#6364 = DIRECTION('',(1.,0.,0.));
#6365 = DIRECTION('',(0.,0.,1.));
#6366 = DEFINITIONAL_REPRESENTATION('',(#6367),#6371);
#6367 = LINE('',#6368,#6369);
#6368 = CARTESIAN_POINT('',(0.,0.));
#6369 = VECTOR('',#6370,1.);
#6370 = DIRECTION('',(0.,-1.));
#6371 = ( GEOMETRIC_REPRESENTATION_CONTEXT(2) 
PARAMETRIC_REPRESENTATION_CONTEXT() REPRESENTATION_CONTEXT('2D SPACE',''
  ) );
#6372 = ORIENTED_EDGE('',*,*,#6373,.T.);
#6373 = EDGE_CURVE('',#6346,#2329,#6374,.T.);
#6374 = SURFACE_CURVE('',#6375,(#6379,#6386),.PCURVE_S1.);
#6375 = LINE('',#6376,#6377);
#6376 = CARTESIAN_POINT('',(224.,80.,454.));
#6377 = VECTOR('',#6378,1.);
#6378 = DIRECTION('',(1.,0.,0.));
#6379 = PCURVE('',#2343,#6380);
#6380 = DEFINITIONAL_REPRESENTATION('',(#6381),#6385);
#6381 = LINE('',#6382,#6383);
#6382 = CARTESIAN_POINT('',(0.,0.));
#6383 = VECTOR('',#6384,1.);
#6384 = DIRECTION('',(1.,0.));
#6385 = ( GEOMETRIC_REPRESENTATION_CONTEXT(2) 
PARAMETRIC_REPRESENTATION_CONTEXT() REPRESENTATION_CONTEXT('2D SPACE',''
  ) );
#6386 = PCURVE('',#2369,#6387);
#6387 = DEFINITIONAL_REPRESENTATION('',(#6388),#6392);
#6388 = LINE('',#6389,#6390);
#6389 = CARTESIAN_POINT('',(0.,0.));
#6390 = VECTOR('',#6391,1.);
#6391 = DIRECTION('',(0.,1.));
#6392 = ( GEOMETRIC_REPRESENTATION_CONTEXT(2) 
PARAMETRIC_REPRESENTATION_CONTEXT() REPRESENTATION_CONTEXT('2D SPACE',''
  ) );
#6393 = ORIENTED_EDGE('',*,*,#2326,.F.);
#6394 = ADVANCED_FACE('',(#6395),#2419,.F.);
#6395 = FACE_BOUND('',#6396,.F.);
#6396 = EDGE_LOOP('',(#6397,#6398,#6421,#6442));
#6397 = ORIENTED_EDGE('',*,*,#6322,.F.);
#6398 = ORIENTED_EDGE('',*,*,#6399,.T.);
#6399 = EDGE_CURVE('',#6323,#6400,#6402,.T.);
#6400 = VERTEX_POINT('',#6401);
#6401 = CARTESIAN_POINT('',(224.,260.,464.));
#6402 = SURFACE_CURVE('',#6403,(#6407,#6414),.PCURVE_S1.);
#6403 = LINE('',#6404,#6405);
#6404 = CARTESIAN_POINT('',(224.,260.,454.));
#6405 = VECTOR('',#6406,1.);
#6406 = DIRECTION('',(0.,0.,1.));
#6407 = PCURVE('',#2419,#6408);
#6408 = DEFINITIONAL_REPRESENTATION('',(#6409),#6413);
#6409 = LINE('',#6410,#6411);
#6410 = CARTESIAN_POINT('',(0.,0.));
#6411 = VECTOR('',#6412,1.);
#6412 = DIRECTION('',(1.,0.));
#6413 = ( GEOMETRIC_REPRESENTATION_CONTEXT(2) 
PARAMETRIC_REPRESENTATION_CONTEXT() REPRESENTATION_CONTEXT('2D SPACE',''
  ) );
#6414 = PCURVE('',#6361,#6415);
#6415 = DEFINITIONAL_REPRESENTATION('',(#6416),#6420);
#6416 = LINE('',#6417,#6418);
#6417 = CARTESIAN_POINT('',(0.,-180.));
#6418 = VECTOR('',#6419,1.);
#6419 = DIRECTION('',(1.,0.));
#6420 = ( GEOMETRIC_REPRESENTATION_CONTEXT(2) 
PARAMETRIC_REPRESENTATION_CONTEXT() REPRESENTATION_CONTEXT('2D SPACE',''
  ) );
#6421 = ORIENTED_EDGE('',*,*,#6422,.T.);
#6422 = EDGE_CURVE('',#6400,#2381,#6423,.T.);
#6423 = SURFACE_CURVE('',#6424,(#6428,#6435),.PCURVE_S1.);
#6424 = LINE('',#6425,#6426);
#6425 = CARTESIAN_POINT('',(224.,260.,464.));
#6426 = VECTOR('',#6427,1.);
#6427 = DIRECTION('',(1.,0.,0.));
#6428 = PCURVE('',#2419,#6429);
#6429 = DEFINITIONAL_REPRESENTATION('',(#6430),#6434);
#6430 = LINE('',#6431,#6432);
#6431 = CARTESIAN_POINT('',(10.,0.));
#6432 = VECTOR('',#6433,1.);
#6433 = DIRECTION('',(0.,1.));
#6434 = ( GEOMETRIC_REPRESENTATION_CONTEXT(2) 
PARAMETRIC_REPRESENTATION_CONTEXT() REPRESENTATION_CONTEXT('2D SPACE',''
  ) );
#6435 = PCURVE('',#2395,#6436);
#6436 = DEFINITIONAL_REPRESENTATION('',(#6437),#6441);
#6437 = LINE('',#6438,#6439);
#6438 = CARTESIAN_POINT('',(0.,180.));
#6439 = VECTOR('',#6440,1.);
#6440 = DIRECTION('',(1.,0.));
#6441 = ( GEOMETRIC_REPRESENTATION_CONTEXT(2) 
PARAMETRIC_REPRESENTATION_CONTEXT() REPRESENTATION_CONTEXT('2D SPACE',''
  ) );
#6442 = ORIENTED_EDGE('',*,*,#2406,.F.);
#6443 = ADVANCED_FACE('',(#6444),#2369,.T.);
#6444 = FACE_BOUND('',#6445,.T.);
#6445 = EDGE_LOOP('',(#6446,#6447,#6470,#6491));
#6446 = ORIENTED_EDGE('',*,*,#6373,.F.);
#6447 = ORIENTED_EDGE('',*,*,#6448,.T.);
#6448 = EDGE_CURVE('',#6346,#6449,#6451,.T.);
#6449 = VERTEX_POINT('',#6450);
#6450 = CARTESIAN_POINT('',(224.,80.,464.));
#6451 = SURFACE_CURVE('',#6452,(#6456,#6463),.PCURVE_S1.);
#6452 = LINE('',#6453,#6454);
#6453 = CARTESIAN_POINT('',(224.,80.,454.));
#6454 = VECTOR('',#6455,1.);
#6455 = DIRECTION('',(0.,0.,1.));
#6456 = PCURVE('',#2369,#6457);
#6457 = DEFINITIONAL_REPRESENTATION('',(#6458),#6462);
#6458 = LINE('',#6459,#6460);
#6459 = CARTESIAN_POINT('',(0.,0.));
#6460 = VECTOR('',#6461,1.);
#6461 = DIRECTION('',(1.,0.));
#6462 = ( GEOMETRIC_REPRESENTATION_CONTEXT(2) 
PARAMETRIC_REPRESENTATION_CONTEXT() REPRESENTATION_CONTEXT('2D SPACE',''
  ) );
#6463 = PCURVE('',#6361,#6464);
#6464 = DEFINITIONAL_REPRESENTATION('',(#6465),#6469);
#6465 = LINE('',#6466,#6467);
#6466 = CARTESIAN_POINT('',(0.,0.));
#6467 = VECTOR('',#6468,1.);
#6468 = DIRECTION('',(1.,0.));
#6469 = ( GEOMETRIC_REPRESENTATION_CONTEXT(2) 
PARAMETRIC_REPRESENTATION_CONTEXT() REPRESENTATION_CONTEXT('2D SPACE',''
  ) );
#6470 = ORIENTED_EDGE('',*,*,#6471,.T.);
#6471 = EDGE_CURVE('',#6449,#2355,#6472,.T.);
#6472 = SURFACE_CURVE('',#6473,(#6477,#6484),.PCURVE_S1.);
#6473 = LINE('',#6474,#6475);
#6474 = CARTESIAN_POINT('',(224.,80.,464.));
#6475 = VECTOR('',#6476,1.);
#6476 = DIRECTION('',(1.,0.,0.));
#6477 = PCURVE('',#2369,#6478);
#6478 = DEFINITIONAL_REPRESENTATION('',(#6479),#6483);
#6479 = LINE('',#6480,#6481);
#6480 = CARTESIAN_POINT('',(10.,0.));
#6481 = VECTOR('',#6482,1.);
#6482 = DIRECTION('',(0.,1.));
#6483 = ( GEOMETRIC_REPRESENTATION_CONTEXT(2) 
PARAMETRIC_REPRESENTATION_CONTEXT() REPRESENTATION_CONTEXT('2D SPACE',''
  ) );
#6484 = PCURVE('',#2395,#6485);
#6485 = DEFINITIONAL_REPRESENTATION('',(#6486),#6490);
#6486 = LINE('',#6487,#6488);
#6487 = CARTESIAN_POINT('',(0.,0.));
#6488 = VECTOR('',#6489,1.);
#6489 = DIRECTION('',(1.,0.));
#6490 = ( GEOMETRIC_REPRESENTATION_CONTEXT(2) 
PARAMETRIC_REPRESENTATION_CONTEXT() REPRESENTATION_CONTEXT('2D SPACE',''
  ) );
#6491 = ORIENTED_EDGE('',*,*,#2354,.F.);
#6492 = ADVANCED_FACE('',(#6493),#2395,.F.);
#6493 = FACE_BOUND('',#6494,.F.);
#6494 = EDGE_LOOP('',(#6495,#6496,#6517,#6518));
#6495 = ORIENTED_EDGE('',*,*,#6422,.F.);
#6496 = ORIENTED_EDGE('',*,*,#6497,.F.);
#6497 = EDGE_CURVE('',#6449,#6400,#6498,.T.);
#6498 = SURFACE_CURVE('',#6499,(#6503,#6510),.PCURVE_S1.);
#6499 = LINE('',#6500,#6501);
#6500 = CARTESIAN_POINT('',(224.,80.,464.));
#6501 = VECTOR('',#6502,1.);
#6502 = DIRECTION('',(0.,1.,0.));
#6503 = PCURVE('',#2395,#6504);
#6504 = DEFINITIONAL_REPRESENTATION('',(#6505),#6509);
#6505 = LINE('',#6506,#6507);
#6506 = CARTESIAN_POINT('',(0.,0.));
#6507 = VECTOR('',#6508,1.);
#6508 = DIRECTION('',(0.,1.));
#6509 = ( GEOMETRIC_REPRESENTATION_CONTEXT(2) 
PARAMETRIC_REPRESENTATION_CONTEXT() REPRESENTATION_CONTEXT('2D SPACE',''
  ) );
#6510 = PCURVE('',#6361,#6511);
#6511 = DEFINITIONAL_REPRESENTATION('',(#6512),#6516);
#6512 = LINE('',#6513,#6514);
#6513 = CARTESIAN_POINT('',(10.,0.));
#6514 = VECTOR('',#6515,1.);
#6515 = DIRECTION('',(0.,-1.));
#6516 = ( GEOMETRIC_REPRESENTATION_CONTEXT(2) 
PARAMETRIC_REPRESENTATION_CONTEXT() REPRESENTATION_CONTEXT('2D SPACE',''
  ) );
#6517 = ORIENTED_EDGE('',*,*,#6471,.T.);
#6518 = ORIENTED_EDGE('',*,*,#2380,.F.);
#6519 = ADVANCED_FACE('',(#6520),#2449,.T.);
#6520 = FACE_BOUND('',#6521,.T.);
#6521 = EDGE_LOOP('',(#6522,#6545,#6573,#6594));
#6522 = ORIENTED_EDGE('',*,*,#6523,.F.);
#6523 = EDGE_CURVE('',#6524,#2433,#6526,.T.);
#6524 = VERTEX_POINT('',#6525);
#6525 = CARTESIAN_POINT('',(224.,260.,486.));
#6526 = SURFACE_CURVE('',#6527,(#6531,#6538),.PCURVE_S1.);
#6527 = LINE('',#6528,#6529);
#6528 = CARTESIAN_POINT('',(224.,260.,486.));
#6529 = VECTOR('',#6530,1.);
#6530 = DIRECTION('',(1.,0.,0.));
#6531 = PCURVE('',#2449,#6532);
#6532 = DEFINITIONAL_REPRESENTATION('',(#6533),#6537);
#6533 = LINE('',#6534,#6535);
#6534 = CARTESIAN_POINT('',(0.,180.));
#6535 = VECTOR('',#6536,1.);
#6536 = DIRECTION('',(1.,0.));
#6537 = ( GEOMETRIC_REPRESENTATION_CONTEXT(2) 
PARAMETRIC_REPRESENTATION_CONTEXT() REPRESENTATION_CONTEXT('2D SPACE',''
  ) );
#6538 = PCURVE('',#2525,#6539);
#6539 = DEFINITIONAL_REPRESENTATION('',(#6540),#6544);
#6540 = LINE('',#6541,#6542);
#6541 = CARTESIAN_POINT('',(0.,0.));
#6542 = VECTOR('',#6543,1.);
#6543 = DIRECTION('',(0.,1.));
#6544 = ( GEOMETRIC_REPRESENTATION_CONTEXT(2) 
PARAMETRIC_REPRESENTATION_CONTEXT() REPRESENTATION_CONTEXT('2D SPACE',''
  ) );
#6545 = ORIENTED_EDGE('',*,*,#6546,.F.);
#6546 = EDGE_CURVE('',#6547,#6524,#6549,.T.);
#6547 = VERTEX_POINT('',#6548);
#6548 = CARTESIAN_POINT('',(224.,80.,486.));
#6549 = SURFACE_CURVE('',#6550,(#6554,#6561),.PCURVE_S1.);
#6550 = LINE('',#6551,#6552);
#6551 = CARTESIAN_POINT('',(224.,80.,486.));
#6552 = VECTOR('',#6553,1.);
#6553 = DIRECTION('',(0.,1.,0.));
#6554 = PCURVE('',#2449,#6555);
#6555 = DEFINITIONAL_REPRESENTATION('',(#6556),#6560);
#6556 = LINE('',#6557,#6558);
#6557 = CARTESIAN_POINT('',(0.,0.));
#6558 = VECTOR('',#6559,1.);
#6559 = DIRECTION('',(0.,1.));
#6560 = ( GEOMETRIC_REPRESENTATION_CONTEXT(2) 
PARAMETRIC_REPRESENTATION_CONTEXT() REPRESENTATION_CONTEXT('2D SPACE',''
  ) );
#6561 = PCURVE('',#6562,#6567);
#6562 = PLANE('',#6563);
#6563 = AXIS2_PLACEMENT_3D('',#6564,#6565,#6566);
#6564 = CARTESIAN_POINT('',(224.,80.,486.));
#6565 = DIRECTION('',(1.,0.,0.));
#6566 = DIRECTION('',(0.,0.,1.));
#6567 = DEFINITIONAL_REPRESENTATION('',(#6568),#6572);
#6568 = LINE('',#6569,#6570);
#6569 = CARTESIAN_POINT('',(0.,0.));
#6570 = VECTOR('',#6571,1.);
#6571 = DIRECTION('',(0.,-1.));
#6572 = ( GEOMETRIC_REPRESENTATION_CONTEXT(2) 
PARAMETRIC_REPRESENTATION_CONTEXT() REPRESENTATION_CONTEXT('2D SPACE',''
  ) );
#6573 = ORIENTED_EDGE('',*,*,#6574,.T.);
#6574 = EDGE_CURVE('',#6547,#2435,#6575,.T.);
#6575 = SURFACE_CURVE('',#6576,(#6580,#6587),.PCURVE_S1.);
#6576 = LINE('',#6577,#6578);
#6577 = CARTESIAN_POINT('',(224.,80.,486.));
#6578 = VECTOR('',#6579,1.);
#6579 = DIRECTION('',(1.,0.,0.));
#6580 = PCURVE('',#2449,#6581);
#6581 = DEFINITIONAL_REPRESENTATION('',(#6582),#6586);
#6582 = LINE('',#6583,#6584);
#6583 = CARTESIAN_POINT('',(0.,0.));
#6584 = VECTOR('',#6585,1.);
#6585 = DIRECTION('',(1.,0.));
#6586 = ( GEOMETRIC_REPRESENTATION_CONTEXT(2) 
PARAMETRIC_REPRESENTATION_CONTEXT() REPRESENTATION_CONTEXT('2D SPACE',''
  ) );
#6587 = PCURVE('',#2475,#6588);
#6588 = DEFINITIONAL_REPRESENTATION('',(#6589),#6593);
#6589 = LINE('',#6590,#6591);
#6590 = CARTESIAN_POINT('',(0.,0.));
#6591 = VECTOR('',#6592,1.);
#6592 = DIRECTION('',(0.,1.));
#6593 = ( GEOMETRIC_REPRESENTATION_CONTEXT(2) 
PARAMETRIC_REPRESENTATION_CONTEXT() REPRESENTATION_CONTEXT('2D SPACE',''
  ) );
#6594 = ORIENTED_EDGE('',*,*,#2432,.F.);
#6595 = ADVANCED_FACE('',(#6596),#2525,.F.);
#6596 = FACE_BOUND('',#6597,.F.);
#6597 = EDGE_LOOP('',(#6598,#6599,#6622,#6643));
#6598 = ORIENTED_EDGE('',*,*,#6523,.F.);
#6599 = ORIENTED_EDGE('',*,*,#6600,.T.);
#6600 = EDGE_CURVE('',#6524,#6601,#6603,.T.);
#6601 = VERTEX_POINT('',#6602);
#6602 = CARTESIAN_POINT('',(224.,260.,496.));
#6603 = SURFACE_CURVE('',#6604,(#6608,#6615),.PCURVE_S1.);
#6604 = LINE('',#6605,#6606);
#6605 = CARTESIAN_POINT('',(224.,260.,486.));
#6606 = VECTOR('',#6607,1.);
#6607 = DIRECTION('',(0.,0.,1.));
#6608 = PCURVE('',#2525,#6609);
#6609 = DEFINITIONAL_REPRESENTATION('',(#6610),#6614);
#6610 = LINE('',#6611,#6612);
#6611 = CARTESIAN_POINT('',(0.,0.));
#6612 = VECTOR('',#6613,1.);
#6613 = DIRECTION('',(1.,0.));
#6614 = ( GEOMETRIC_REPRESENTATION_CONTEXT(2) 
PARAMETRIC_REPRESENTATION_CONTEXT() REPRESENTATION_CONTEXT('2D SPACE',''
  ) );
#6615 = PCURVE('',#6562,#6616);
#6616 = DEFINITIONAL_REPRESENTATION('',(#6617),#6621);
#6617 = LINE('',#6618,#6619);
#6618 = CARTESIAN_POINT('',(0.,-180.));
#6619 = VECTOR('',#6620,1.);
#6620 = DIRECTION('',(1.,0.));
#6621 = ( GEOMETRIC_REPRESENTATION_CONTEXT(2) 
PARAMETRIC_REPRESENTATION_CONTEXT() REPRESENTATION_CONTEXT('2D SPACE',''
  ) );
#6622 = ORIENTED_EDGE('',*,*,#6623,.T.);
#6623 = EDGE_CURVE('',#6601,#2487,#6624,.T.);
#6624 = SURFACE_CURVE('',#6625,(#6629,#6636),.PCURVE_S1.);
#6625 = LINE('',#6626,#6627);
#6626 = CARTESIAN_POINT('',(224.,260.,496.));
#6627 = VECTOR('',#6628,1.);
#6628 = DIRECTION('',(1.,0.,0.));
#6629 = PCURVE('',#2525,#6630);
#6630 = DEFINITIONAL_REPRESENTATION('',(#6631),#6635);
#6631 = LINE('',#6632,#6633);
#6632 = CARTESIAN_POINT('',(10.,0.));
#6633 = VECTOR('',#6634,1.);
#6634 = DIRECTION('',(0.,1.));
#6635 = ( GEOMETRIC_REPRESENTATION_CONTEXT(2) 
PARAMETRIC_REPRESENTATION_CONTEXT() REPRESENTATION_CONTEXT('2D SPACE',''
  ) );
#6636 = PCURVE('',#2501,#6637);
#6637 = DEFINITIONAL_REPRESENTATION('',(#6638),#6642);
#6638 = LINE('',#6639,#6640);
#6639 = CARTESIAN_POINT('',(0.,180.));
#6640 = VECTOR('',#6641,1.);
#6641 = DIRECTION('',(1.,0.));
#6642 = ( GEOMETRIC_REPRESENTATION_CONTEXT(2) 
PARAMETRIC_REPRESENTATION_CONTEXT() REPRESENTATION_CONTEXT('2D SPACE',''
  ) );
#6643 = ORIENTED_EDGE('',*,*,#2512,.F.);
#6644 = ADVANCED_FACE('',(#6645),#2475,.T.);
#6645 = FACE_BOUND('',#6646,.T.);
#6646 = EDGE_LOOP('',(#6647,#6648,#6671,#6692));
#6647 = ORIENTED_EDGE('',*,*,#6574,.F.);
#6648 = ORIENTED_EDGE('',*,*,#6649,.T.);
#6649 = EDGE_CURVE('',#6547,#6650,#6652,.T.);
#6650 = VERTEX_POINT('',#6651);
#6651 = CARTESIAN_POINT('',(224.,80.,496.));
#6652 = SURFACE_CURVE('',#6653,(#6657,#6664),.PCURVE_S1.);
#6653 = LINE('',#6654,#6655);
#6654 = CARTESIAN_POINT('',(224.,80.,486.));
#6655 = VECTOR('',#6656,1.);
#6656 = DIRECTION('',(0.,0.,1.));
#6657 = PCURVE('',#2475,#6658);
#6658 = DEFINITIONAL_REPRESENTATION('',(#6659),#6663);
#6659 = LINE('',#6660,#6661);
#6660 = CARTESIAN_POINT('',(0.,0.));
#6661 = VECTOR('',#6662,1.);
#6662 = DIRECTION('',(1.,0.));
#6663 = ( GEOMETRIC_REPRESENTATION_CONTEXT(2) 
PARAMETRIC_REPRESENTATION_CONTEXT() REPRESENTATION_CONTEXT('2D SPACE',''
  ) );
#6664 = PCURVE('',#6562,#6665);
#6665 = DEFINITIONAL_REPRESENTATION('',(#6666),#6670);
#6666 = LINE('',#6667,#6668);
#6667 = CARTESIAN_POINT('',(0.,0.));
#6668 = VECTOR('',#6669,1.);
#6669 = DIRECTION('',(1.,0.));
#6670 = ( GEOMETRIC_REPRESENTATION_CONTEXT(2) 
PARAMETRIC_REPRESENTATION_CONTEXT() REPRESENTATION_CONTEXT('2D SPACE',''
  ) );
#6671 = ORIENTED_EDGE('',*,*,#6672,.T.);
#6672 = EDGE_CURVE('',#6650,#2461,#6673,.T.);
#6673 = SURFACE_CURVE('',#6674,(#6678,#6685),.PCURVE_S1.);
#6674 = LINE('',#6675,#6676);
#6675 = CARTESIAN_POINT('',(224.,80.,496.));
#6676 = VECTOR('',#6677,1.);
#6677 = DIRECTION('',(1.,0.,0.));
#6678 = PCURVE('',#2475,#6679);
#6679 = DEFINITIONAL_REPRESENTATION('',(#6680),#6684);
#6680 = LINE('',#6681,#6682);
#6681 = CARTESIAN_POINT('',(10.,0.));
#6682 = VECTOR('',#6683,1.);
#6683 = DIRECTION('',(0.,1.));
#6684 = ( GEOMETRIC_REPRESENTATION_CONTEXT(2) 
PARAMETRIC_REPRESENTATION_CONTEXT() REPRESENTATION_CONTEXT('2D SPACE',''
  ) );
#6685 = PCURVE('',#2501,#6686);
#6686 = DEFINITIONAL_REPRESENTATION('',(#6687),#6691);
#6687 = LINE('',#6688,#6689);
#6688 = CARTESIAN_POINT('',(0.,0.));
#6689 = VECTOR('',#6690,1.);
#6690 = DIRECTION('',(1.,0.));
#6691 = ( GEOMETRIC_REPRESENTATION_CONTEXT(2) 
PARAMETRIC_REPRESENTATION_CONTEXT() REPRESENTATION_CONTEXT('2D SPACE',''
  ) );
#6692 = ORIENTED_EDGE('',*,*,#2460,.F.);
#6693 = ADVANCED_FACE('',(#6694),#2501,.F.);
#6694 = FACE_BOUND('',#6695,.F.);
#6695 = EDGE_LOOP('',(#6696,#6697,#6718,#6719));
#6696 = ORIENTED_EDGE('',*,*,#6623,.F.);
#6697 = ORIENTED_EDGE('',*,*,#6698,.F.);
#6698 = EDGE_CURVE('',#6650,#6601,#6699,.T.);
#6699 = SURFACE_CURVE('',#6700,(#6704,#6711),.PCURVE_S1.);
#6700 = LINE('',#6701,#6702);
#6701 = CARTESIAN_POINT('',(224.,80.,496.));
#6702 = VECTOR('',#6703,1.);
#6703 = DIRECTION('',(0.,1.,0.));
#6704 = PCURVE('',#2501,#6705);
#6705 = DEFINITIONAL_REPRESENTATION('',(#6706),#6710);
#6706 = LINE('',#6707,#6708);
#6707 = CARTESIAN_POINT('',(0.,0.));
#6708 = VECTOR('',#6709,1.);
#6709 = DIRECTION('',(0.,1.));
#6710 = ( GEOMETRIC_REPRESENTATION_CONTEXT(2) 
PARAMETRIC_REPRESENTATION_CONTEXT() REPRESENTATION_CONTEXT('2D SPACE',''
  ) );
#6711 = PCURVE('',#6562,#6712);
#6712 = DEFINITIONAL_REPRESENTATION('',(#6713),#6717);
#6713 = LINE('',#6714,#6715);
#6714 = CARTESIAN_POINT('',(10.,0.));
#6715 = VECTOR('',#6716,1.);
#6716 = DIRECTION('',(0.,-1.));
#6717 = ( GEOMETRIC_REPRESENTATION_CONTEXT(2) 
PARAMETRIC_REPRESENTATION_CONTEXT() REPRESENTATION_CONTEXT('2D SPACE',''
  ) );
#6718 = ORIENTED_EDGE('',*,*,#6672,.T.);
#6719 = ORIENTED_EDGE('',*,*,#2486,.F.);
#6720 = ADVANCED_FACE('',(#6721),#2555,.T.);
#6721 = FACE_BOUND('',#6722,.T.);
#6722 = EDGE_LOOP('',(#6723,#6746,#6774,#6795));
#6723 = ORIENTED_EDGE('',*,*,#6724,.F.);
#6724 = EDGE_CURVE('',#6725,#2539,#6727,.T.);
#6725 = VERTEX_POINT('',#6726);
#6726 = CARTESIAN_POINT('',(224.,260.,518.));
#6727 = SURFACE_CURVE('',#6728,(#6732,#6739),.PCURVE_S1.);
#6728 = LINE('',#6729,#6730);
#6729 = CARTESIAN_POINT('',(224.,260.,518.));
#6730 = VECTOR('',#6731,1.);
#6731 = DIRECTION('',(1.,0.,0.));
#6732 = PCURVE('',#2555,#6733);
#6733 = DEFINITIONAL_REPRESENTATION('',(#6734),#6738);
#6734 = LINE('',#6735,#6736);
#6735 = CARTESIAN_POINT('',(0.,180.));
#6736 = VECTOR('',#6737,1.);
#6737 = DIRECTION('',(1.,0.));
#6738 = ( GEOMETRIC_REPRESENTATION_CONTEXT(2) 
PARAMETRIC_REPRESENTATION_CONTEXT() REPRESENTATION_CONTEXT('2D SPACE',''
  ) );
#6739 = PCURVE('',#2631,#6740);
#6740 = DEFINITIONAL_REPRESENTATION('',(#6741),#6745);
#6741 = LINE('',#6742,#6743);
#6742 = CARTESIAN_POINT('',(0.,0.));
#6743 = VECTOR('',#6744,1.);
#6744 = DIRECTION('',(0.,1.));
#6745 = ( GEOMETRIC_REPRESENTATION_CONTEXT(2) 
PARAMETRIC_REPRESENTATION_CONTEXT() REPRESENTATION_CONTEXT('2D SPACE',''
  ) );
#6746 = ORIENTED_EDGE('',*,*,#6747,.F.);
#6747 = EDGE_CURVE('',#6748,#6725,#6750,.T.);
#6748 = VERTEX_POINT('',#6749);
#6749 = CARTESIAN_POINT('',(224.,80.,518.));
#6750 = SURFACE_CURVE('',#6751,(#6755,#6762),.PCURVE_S1.);
#6751 = LINE('',#6752,#6753);
#6752 = CARTESIAN_POINT('',(224.,80.,518.));
#6753 = VECTOR('',#6754,1.);
#6754 = DIRECTION('',(0.,1.,0.));
#6755 = PCURVE('',#2555,#6756);
#6756 = DEFINITIONAL_REPRESENTATION('',(#6757),#6761);
#6757 = LINE('',#6758,#6759);
#6758 = CARTESIAN_POINT('',(0.,0.));
#6759 = VECTOR('',#6760,1.);
#6760 = DIRECTION('',(0.,1.));
#6761 = ( GEOMETRIC_REPRESENTATION_CONTEXT(2) 
PARAMETRIC_REPRESENTATION_CONTEXT() REPRESENTATION_CONTEXT('2D SPACE',''
  ) );
#6762 = PCURVE('',#6763,#6768);
#6763 = PLANE('',#6764);
#6764 = AXIS2_PLACEMENT_3D('',#6765,#6766,#6767);
#6765 = CARTESIAN_POINT('',(224.,80.,518.));
#6766 = DIRECTION('',(1.,0.,0.));
#6767 = DIRECTION('',(0.,0.,1.));
#6768 = DEFINITIONAL_REPRESENTATION('',(#6769),#6773);
#6769 = LINE('',#6770,#6771);
#6770 = CARTESIAN_POINT('',(0.,0.));
#6771 = VECTOR('',#6772,1.);
#6772 = DIRECTION('',(0.,-1.));
#6773 = ( GEOMETRIC_REPRESENTATION_CONTEXT(2) 
PARAMETRIC_REPRESENTATION_CONTEXT() REPRESENTATION_CONTEXT('2D SPACE',''
  ) );
#6774 = ORIENTED_EDGE('',*,*,#6775,.T.);
#6775 = EDGE_CURVE('',#6748,#2541,#6776,.T.);
#6776 = SURFACE_CURVE('',#6777,(#6781,#6788),.PCURVE_S1.);
#6777 = LINE('',#6778,#6779);
#6778 = CARTESIAN_POINT('',(224.,80.,518.));
#6779 = VECTOR('',#6780,1.);
#6780 = DIRECTION('',(1.,0.,0.));
#6781 = PCURVE('',#2555,#6782);
#6782 = DEFINITIONAL_REPRESENTATION('',(#6783),#6787);
#6783 = LINE('',#6784,#6785);
#6784 = CARTESIAN_POINT('',(0.,0.));
#6785 = VECTOR('',#6786,1.);
#6786 = DIRECTION('',(1.,0.));
#6787 = ( GEOMETRIC_REPRESENTATION_CONTEXT(2) 
PARAMETRIC_REPRESENTATION_CONTEXT() REPRESENTATION_CONTEXT('2D SPACE',''
  ) );
#6788 = PCURVE('',#2581,#6789);
#6789 = DEFINITIONAL_REPRESENTATION('',(#6790),#6794);
#6790 = LINE('',#6791,#6792);
#6791 = CARTESIAN_POINT('',(0.,0.));
#6792 = VECTOR('',#6793,1.);
#6793 = DIRECTION('',(0.,1.));
#6794 = ( GEOMETRIC_REPRESENTATION_CONTEXT(2) 
PARAMETRIC_REPRESENTATION_CONTEXT() REPRESENTATION_CONTEXT('2D SPACE',''
  ) );
#6795 = ORIENTED_EDGE('',*,*,#2538,.F.);
#6796 = ADVANCED_FACE('',(#6797),#2631,.F.);
#6797 = FACE_BOUND('',#6798,.F.);
#6798 = EDGE_LOOP('',(#6799,#6800,#6823,#6844));
#6799 = ORIENTED_EDGE('',*,*,#6724,.F.);
#6800 = ORIENTED_EDGE('',*,*,#6801,.T.);
#6801 = EDGE_CURVE('',#6725,#6802,#6804,.T.);
#6802 = VERTEX_POINT('',#6803);
#6803 = CARTESIAN_POINT('',(224.,260.,528.));
#6804 = SURFACE_CURVE('',#6805,(#6809,#6816),.PCURVE_S1.);
#6805 = LINE('',#6806,#6807);
#6806 = CARTESIAN_POINT('',(224.,260.,518.));
#6807 = VECTOR('',#6808,1.);
#6808 = DIRECTION('',(0.,0.,1.));
#6809 = PCURVE('',#2631,#6810);
#6810 = DEFINITIONAL_REPRESENTATION('',(#6811),#6815);
#6811 = LINE('',#6812,#6813);
#6812 = CARTESIAN_POINT('',(0.,0.));
#6813 = VECTOR('',#6814,1.);
#6814 = DIRECTION('',(1.,0.));
#6815 = ( GEOMETRIC_REPRESENTATION_CONTEXT(2) 
PARAMETRIC_REPRESENTATION_CONTEXT() REPRESENTATION_CONTEXT('2D SPACE',''
  ) );
#6816 = PCURVE('',#6763,#6817);
#6817 = DEFINITIONAL_REPRESENTATION('',(#6818),#6822);
#6818 = LINE('',#6819,#6820);
#6819 = CARTESIAN_POINT('',(0.,-180.));
#6820 = VECTOR('',#6821,1.);
#6821 = DIRECTION('',(1.,0.));
#6822 = ( GEOMETRIC_REPRESENTATION_CONTEXT(2) 
PARAMETRIC_REPRESENTATION_CONTEXT() REPRESENTATION_CONTEXT('2D SPACE',''
  ) );
#6823 = ORIENTED_EDGE('',*,*,#6824,.T.);
#6824 = EDGE_CURVE('',#6802,#2593,#6825,.T.);
#6825 = SURFACE_CURVE('',#6826,(#6830,#6837),.PCURVE_S1.);
#6826 = LINE('',#6827,#6828);
#6827 = CARTESIAN_POINT('',(224.,260.,528.));
#6828 = VECTOR('',#6829,1.);
#6829 = DIRECTION('',(1.,0.,0.));
#6830 = PCURVE('',#2631,#6831);
#6831 = DEFINITIONAL_REPRESENTATION('',(#6832),#6836);
#6832 = LINE('',#6833,#6834);
#6833 = CARTESIAN_POINT('',(10.,0.));
#6834 = VECTOR('',#6835,1.);
#6835 = DIRECTION('',(0.,1.));
#6836 = ( GEOMETRIC_REPRESENTATION_CONTEXT(2) 
PARAMETRIC_REPRESENTATION_CONTEXT() REPRESENTATION_CONTEXT('2D SPACE',''
  ) );
#6837 = PCURVE('',#2607,#6838);
#6838 = DEFINITIONAL_REPRESENTATION('',(#6839),#6843);
#6839 = LINE('',#6840,#6841);
#6840 = CARTESIAN_POINT('',(0.,180.));
#6841 = VECTOR('',#6842,1.);
#6842 = DIRECTION('',(1.,0.));
#6843 = ( GEOMETRIC_REPRESENTATION_CONTEXT(2) 
PARAMETRIC_REPRESENTATION_CONTEXT() REPRESENTATION_CONTEXT('2D SPACE',''
  ) );
#6844 = ORIENTED_EDGE('',*,*,#2618,.F.);
#6845 = ADVANCED_FACE('',(#6846),#2581,.T.);
#6846 = FACE_BOUND('',#6847,.T.);
#6847 = EDGE_LOOP('',(#6848,#6849,#6872,#6893));
#6848 = ORIENTED_EDGE('',*,*,#6775,.F.);
#6849 = ORIENTED_EDGE('',*,*,#6850,.T.);
#6850 = EDGE_CURVE('',#6748,#6851,#6853,.T.);
#6851 = VERTEX_POINT('',#6852);
#6852 = CARTESIAN_POINT('',(224.,80.,528.));
#6853 = SURFACE_CURVE('',#6854,(#6858,#6865),.PCURVE_S1.);
#6854 = LINE('',#6855,#6856);
#6855 = CARTESIAN_POINT('',(224.,80.,518.));
#6856 = VECTOR('',#6857,1.);
#6857 = DIRECTION('',(0.,0.,1.));
#6858 = PCURVE('',#2581,#6859);
#6859 = DEFINITIONAL_REPRESENTATION('',(#6860),#6864);
#6860 = LINE('',#6861,#6862);
#6861 = CARTESIAN_POINT('',(0.,0.));
#6862 = VECTOR('',#6863,1.);
#6863 = DIRECTION('',(1.,0.));
#6864 = ( GEOMETRIC_REPRESENTATION_CONTEXT(2) 
PARAMETRIC_REPRESENTATION_CONTEXT() REPRESENTATION_CONTEXT('2D SPACE',''
  ) );
#6865 = PCURVE('',#6763,#6866);
#6866 = DEFINITIONAL_REPRESENTATION('',(#6867),#6871);
#6867 = LINE('',#6868,#6869);
#6868 = CARTESIAN_POINT('',(0.,0.));
#6869 = VECTOR('',#6870,1.);
#6870 = DIRECTION('',(1.,0.));
#6871 = ( GEOMETRIC_REPRESENTATION_CONTEXT(2) 
PARAMETRIC_REPRESENTATION_CONTEXT() REPRESENTATION_CONTEXT('2D SPACE',''
  ) );
#6872 = ORIENTED_EDGE('',*,*,#6873,.T.);
#6873 = EDGE_CURVE('',#6851,#2567,#6874,.T.);
#6874 = SURFACE_CURVE('',#6875,(#6879,#6886),.PCURVE_S1.);
#6875 = LINE('',#6876,#6877);
#6876 = CARTESIAN_POINT('',(224.,80.,528.));
#6877 = VECTOR('',#6878,1.);
#6878 = DIRECTION('',(1.,0.,0.));
#6879 = PCURVE('',#2581,#6880);
#6880 = DEFINITIONAL_REPRESENTATION('',(#6881),#6885);
#6881 = LINE('',#6882,#6883);
#6882 = CARTESIAN_POINT('',(10.,0.));
#6883 = VECTOR('',#6884,1.);
#6884 = DIRECTION('',(0.,1.));
#6885 = ( GEOMETRIC_REPRESENTATION_CONTEXT(2) 
PARAMETRIC_REPRESENTATION_CONTEXT() REPRESENTATION_CONTEXT('2D SPACE',''
  ) );
#6886 = PCURVE('',#2607,#6887);
#6887 = DEFINITIONAL_REPRESENTATION('',(#6888),#6892);
#6888 = LINE('',#6889,#6890);
#6889 = CARTESIAN_POINT('',(0.,0.));
#6890 = VECTOR('',#6891,1.);
#6891 = DIRECTION('',(1.,0.));
#6892 = ( GEOMETRIC_REPRESENTATION_CONTEXT(2) 
PARAMETRIC_REPRESENTATION_CONTEXT() REPRESENTATION_CONTEXT('2D SPACE',''
  ) );
#6893 = ORIENTED_EDGE('',*,*,#2566,.F.);
#6894 = ADVANCED_FACE('',(#6895),#2607,.F.);
#6895 = FACE_BOUND('',#6896,.F.);
#6896 = EDGE_LOOP('',(#6897,#6898,#6919,#6920));
#6897 = ORIENTED_EDGE('',*,*,#6824,.F.);
#6898 = ORIENTED_EDGE('',*,*,#6899,.F.);
#6899 = EDGE_CURVE('',#6851,#6802,#6900,.T.);
#6900 = SURFACE_CURVE('',#6901,(#6905,#6912),.PCURVE_S1.);
#6901 = LINE('',#6902,#6903);
#6902 = CARTESIAN_POINT('',(224.,80.,528.));
#6903 = VECTOR('',#6904,1.);
#6904 = DIRECTION('',(0.,1.,0.));
#6905 = PCURVE('',#2607,#6906);
#6906 = DEFINITIONAL_REPRESENTATION('',(#6907),#6911);
#6907 = LINE('',#6908,#6909);
#6908 = CARTESIAN_POINT('',(0.,0.));
#6909 = VECTOR('',#6910,1.);
#6910 = DIRECTION('',(0.,1.));
#6911 = ( GEOMETRIC_REPRESENTATION_CONTEXT(2) 
PARAMETRIC_REPRESENTATION_CONTEXT() REPRESENTATION_CONTEXT('2D SPACE',''
  ) );
#6912 = PCURVE('',#6763,#6913);
#6913 = DEFINITIONAL_REPRESENTATION('',(#6914),#6918);
#6914 = LINE('',#6915,#6916);
#6915 = CARTESIAN_POINT('',(10.,0.));
#6916 = VECTOR('',#6917,1.);
#6917 = DIRECTION('',(0.,-1.));
#6918 = ( GEOMETRIC_REPRESENTATION_CONTEXT(2) 
PARAMETRIC_REPRESENTATION_CONTEXT() REPRESENTATION_CONTEXT('2D SPACE',''
  ) );
#6919 = ORIENTED_EDGE('',*,*,#6873,.T.);
#6920 = ORIENTED_EDGE('',*,*,#2592,.F.);
#6921 = ADVANCED_FACE('',(#6922),#2661,.T.);
#6922 = FACE_BOUND('',#6923,.T.);
#6923 = EDGE_LOOP('',(#6924,#6947,#6975,#6996));
#6924 = ORIENTED_EDGE('',*,*,#6925,.F.);
#6925 = EDGE_CURVE('',#6926,#2645,#6928,.T.);
#6926 = VERTEX_POINT('',#6927);
#6927 = CARTESIAN_POINT('',(224.,260.,550.));
#6928 = SURFACE_CURVE('',#6929,(#6933,#6940),.PCURVE_S1.);
#6929 = LINE('',#6930,#6931);
#6930 = CARTESIAN_POINT('',(224.,260.,550.));
#6931 = VECTOR('',#6932,1.);
#6932 = DIRECTION('',(1.,0.,0.));
#6933 = PCURVE('',#2661,#6934);
#6934 = DEFINITIONAL_REPRESENTATION('',(#6935),#6939);
#6935 = LINE('',#6936,#6937);
#6936 = CARTESIAN_POINT('',(0.,180.));
#6937 = VECTOR('',#6938,1.);
#6938 = DIRECTION('',(1.,0.));
#6939 = ( GEOMETRIC_REPRESENTATION_CONTEXT(2) 
PARAMETRIC_REPRESENTATION_CONTEXT() REPRESENTATION_CONTEXT('2D SPACE',''
  ) );
#6940 = PCURVE('',#2737,#6941);
#6941 = DEFINITIONAL_REPRESENTATION('',(#6942),#6946);
#6942 = LINE('',#6943,#6944);
#6943 = CARTESIAN_POINT('',(0.,0.));
#6944 = VECTOR('',#6945,1.);
#6945 = DIRECTION('',(0.,1.));
#6946 = ( GEOMETRIC_REPRESENTATION_CONTEXT(2) 
PARAMETRIC_REPRESENTATION_CONTEXT() REPRESENTATION_CONTEXT('2D SPACE',''
  ) );
#6947 = ORIENTED_EDGE('',*,*,#6948,.F.);
#6948 = EDGE_CURVE('',#6949,#6926,#6951,.T.);
#6949 = VERTEX_POINT('',#6950);
#6950 = CARTESIAN_POINT('',(224.,80.,550.));
#6951 = SURFACE_CURVE('',#6952,(#6956,#6963),.PCURVE_S1.);
#6952 = LINE('',#6953,#6954);
#6953 = CARTESIAN_POINT('',(224.,80.,550.));
#6954 = VECTOR('',#6955,1.);
#6955 = DIRECTION('',(0.,1.,0.));
#6956 = PCURVE('',#2661,#6957);
#6957 = DEFINITIONAL_REPRESENTATION('',(#6958),#6962);
#6958 = LINE('',#6959,#6960);
#6959 = CARTESIAN_POINT('',(0.,0.));
#6960 = VECTOR('',#6961,1.);
#6961 = DIRECTION('',(0.,1.));
#6962 = ( GEOMETRIC_REPRESENTATION_CONTEXT(2) 
PARAMETRIC_REPRESENTATION_CONTEXT() REPRESENTATION_CONTEXT('2D SPACE',''
  ) );
#6963 = PCURVE('',#6964,#6969);
#6964 = PLANE('',#6965);
#6965 = AXIS2_PLACEMENT_3D('',#6966,#6967,#6968);
#6966 = CARTESIAN_POINT('',(224.,80.,550.));
#6967 = DIRECTION('',(1.,0.,0.));
#6968 = DIRECTION('',(0.,0.,1.));
#6969 = DEFINITIONAL_REPRESENTATION('',(#6970),#6974);
#6970 = LINE('',#6971,#6972);
#6971 = CARTESIAN_POINT('',(0.,0.));
#6972 = VECTOR('',#6973,1.);
#6973 = DIRECTION('',(0.,-1.));
#6974 = ( GEOMETRIC_REPRESENTATION_CONTEXT(2) 
PARAMETRIC_REPRESENTATION_CONTEXT() REPRESENTATION_CONTEXT('2D SPACE',''
  ) );
#6975 = ORIENTED_EDGE('',*,*,#6976,.T.);
#6976 = EDGE_CURVE('',#6949,#2647,#6977,.T.);
#6977 = SURFACE_CURVE('',#6978,(#6982,#6989),.PCURVE_S1.);
#6978 = LINE('',#6979,#6980);
#6979 = CARTESIAN_POINT('',(224.,80.,550.));
#6980 = VECTOR('',#6981,1.);
#6981 = DIRECTION('',(1.,0.,0.));
#6982 = PCURVE('',#2661,#6983);
#6983 = DEFINITIONAL_REPRESENTATION('',(#6984),#6988);
#6984 = LINE('',#6985,#6986);
#6985 = CARTESIAN_POINT('',(0.,0.));
#6986 = VECTOR('',#6987,1.);
#6987 = DIRECTION('',(1.,0.));
#6988 = ( GEOMETRIC_REPRESENTATION_CONTEXT(2) 
PARAMETRIC_REPRESENTATION_CONTEXT() REPRESENTATION_CONTEXT('2D SPACE',''
  ) );
#6989 = PCURVE('',#2687,#6990);
#6990 = DEFINITIONAL_REPRESENTATION('',(#6991),#6995);
#6991 = LINE('',#6992,#6993);
#6992 = CARTESIAN_POINT('',(0.,0.));
#6993 = VECTOR('',#6994,1.);
#6994 = DIRECTION('',(0.,1.));
#6995 = ( GEOMETRIC_REPRESENTATION_CONTEXT(2) 
PARAMETRIC_REPRESENTATION_CONTEXT() REPRESENTATION_CONTEXT('2D SPACE',''
  ) );
#6996 = ORIENTED_EDGE('',*,*,#2644,.F.);
#6997 = ADVANCED_FACE('',(#6998),#2737,.F.);
#6998 = FACE_BOUND('',#6999,.F.);
#6999 = EDGE_LOOP('',(#7000,#7001,#7024,#7045));
#7000 = ORIENTED_EDGE('',*,*,#6925,.F.);
#7001 = ORIENTED_EDGE('',*,*,#7002,.T.);
#7002 = EDGE_CURVE('',#6926,#7003,#7005,.T.);
#7003 = VERTEX_POINT('',#7004);
#7004 = CARTESIAN_POINT('',(224.,260.,560.));
#7005 = SURFACE_CURVE('',#7006,(#7010,#7017),.PCURVE_S1.);
#7006 = LINE('',#7007,#7008);
#7007 = CARTESIAN_POINT('',(224.,260.,550.));
#7008 = VECTOR('',#7009,1.);
#7009 = DIRECTION('',(0.,0.,1.));
#7010 = PCURVE('',#2737,#7011);
#7011 = DEFINITIONAL_REPRESENTATION('',(#7012),#7016);
#7012 = LINE('',#7013,#7014);
#7013 = CARTESIAN_POINT('',(0.,0.));
#7014 = VECTOR('',#7015,1.);
#7015 = DIRECTION('',(1.,0.));
#7016 = ( GEOMETRIC_REPRESENTATION_CONTEXT(2) 
PARAMETRIC_REPRESENTATION_CONTEXT() REPRESENTATION_CONTEXT('2D SPACE',''
  ) );
#7017 = PCURVE('',#6964,#7018);
#7018 = DEFINITIONAL_REPRESENTATION('',(#7019),#7023);
#7019 = LINE('',#7020,#7021);
#7020 = CARTESIAN_POINT('',(0.,-180.));
#7021 = VECTOR('',#7022,1.);
#7022 = DIRECTION('',(1.,0.));
#7023 = ( GEOMETRIC_REPRESENTATION_CONTEXT(2) 
PARAMETRIC_REPRESENTATION_CONTEXT() REPRESENTATION_CONTEXT('2D SPACE',''
  ) );
#7024 = ORIENTED_EDGE('',*,*,#7025,.T.);
#7025 = EDGE_CURVE('',#7003,#2699,#7026,.T.);
#7026 = SURFACE_CURVE('',#7027,(#7031,#7038),.PCURVE_S1.);
#7027 = LINE('',#7028,#7029);
#7028 = CARTESIAN_POINT('',(224.,260.,560.));
#7029 = VECTOR('',#7030,1.);
#7030 = DIRECTION('',(1.,0.,0.));
#7031 = PCURVE('',#2737,#7032);
#7032 = DEFINITIONAL_REPRESENTATION('',(#7033),#7037);
#7033 = LINE('',#7034,#7035);
#7034 = CARTESIAN_POINT('',(10.,0.));
#7035 = VECTOR('',#7036,1.);
#7036 = DIRECTION('',(0.,1.));
#7037 = ( GEOMETRIC_REPRESENTATION_CONTEXT(2) 
PARAMETRIC_REPRESENTATION_CONTEXT() REPRESENTATION_CONTEXT('2D SPACE',''
  ) );
#7038 = PCURVE('',#2713,#7039);
#7039 = DEFINITIONAL_REPRESENTATION('',(#7040),#7044);
#7040 = LINE('',#7041,#7042);
#7041 = CARTESIAN_POINT('',(0.,180.));
#7042 = VECTOR('',#7043,1.);
#7043 = DIRECTION('',(1.,0.));
#7044 = ( GEOMETRIC_REPRESENTATION_CONTEXT(2) 
PARAMETRIC_REPRESENTATION_CONTEXT() REPRESENTATION_CONTEXT('2D SPACE',''
  ) );
#7045 = ORIENTED_EDGE('',*,*,#2724,.F.);
#7046 = ADVANCED_FACE('',(#7047),#2713,.F.);
#7047 = FACE_BOUND('',#7048,.F.);
#7048 = EDGE_LOOP('',(#7049,#7050,#7073,#7094));
#7049 = ORIENTED_EDGE('',*,*,#7025,.F.);
#7050 = ORIENTED_EDGE('',*,*,#7051,.F.);
#7051 = EDGE_CURVE('',#7052,#7003,#7054,.T.);
#7052 = VERTEX_POINT('',#7053);
#7053 = CARTESIAN_POINT('',(224.,80.,560.));
#7054 = SURFACE_CURVE('',#7055,(#7059,#7066),.PCURVE_S1.);
#7055 = LINE('',#7056,#7057);
#7056 = CARTESIAN_POINT('',(224.,80.,560.));
#7057 = VECTOR('',#7058,1.);
#7058 = DIRECTION('',(0.,1.,0.));
#7059 = PCURVE('',#2713,#7060);
#7060 = DEFINITIONAL_REPRESENTATION('',(#7061),#7065);
#7061 = LINE('',#7062,#7063);
#7062 = CARTESIAN_POINT('',(0.,0.));
#7063 = VECTOR('',#7064,1.);
#7064 = DIRECTION('',(0.,1.));
#7065 = ( GEOMETRIC_REPRESENTATION_CONTEXT(2) 
PARAMETRIC_REPRESENTATION_CONTEXT() REPRESENTATION_CONTEXT('2D SPACE',''
  ) );
#7066 = PCURVE('',#6964,#7067);
#7067 = DEFINITIONAL_REPRESENTATION('',(#7068),#7072);
#7068 = LINE('',#7069,#7070);
#7069 = CARTESIAN_POINT('',(10.,0.));
#7070 = VECTOR('',#7071,1.);
#7071 = DIRECTION('',(0.,-1.));
#7072 = ( GEOMETRIC_REPRESENTATION_CONTEXT(2) 
PARAMETRIC_REPRESENTATION_CONTEXT() REPRESENTATION_CONTEXT('2D SPACE',''
  ) );
#7073 = ORIENTED_EDGE('',*,*,#7074,.T.);
#7074 = EDGE_CURVE('',#7052,#2673,#7075,.T.);
#7075 = SURFACE_CURVE('',#7076,(#7080,#7087),.PCURVE_S1.);
#7076 = LINE('',#7077,#7078);
#7077 = CARTESIAN_POINT('',(224.,80.,560.));
#7078 = VECTOR('',#7079,1.);
#7079 = DIRECTION('',(1.,0.,0.));
#7080 = PCURVE('',#2713,#7081);
#7081 = DEFINITIONAL_REPRESENTATION('',(#7082),#7086);
#7082 = LINE('',#7083,#7084);
#7083 = CARTESIAN_POINT('',(0.,0.));
#7084 = VECTOR('',#7085,1.);
#7085 = DIRECTION('',(1.,0.));
#7086 = ( GEOMETRIC_REPRESENTATION_CONTEXT(2) 
PARAMETRIC_REPRESENTATION_CONTEXT() REPRESENTATION_CONTEXT('2D SPACE',''
  ) );
#7087 = PCURVE('',#2687,#7088);
#7088 = DEFINITIONAL_REPRESENTATION('',(#7089),#7093);
#7089 = LINE('',#7090,#7091);
#7090 = CARTESIAN_POINT('',(10.,0.));
#7091 = VECTOR('',#7092,1.);
#7092 = DIRECTION('',(0.,1.));
#7093 = ( GEOMETRIC_REPRESENTATION_CONTEXT(2) 
PARAMETRIC_REPRESENTATION_CONTEXT() REPRESENTATION_CONTEXT('2D SPACE',''
  ) );
#7094 = ORIENTED_EDGE('',*,*,#2698,.F.);
#7095 = ADVANCED_FACE('',(#7096),#2687,.T.);
#7096 = FACE_BOUND('',#7097,.T.);
#7097 = EDGE_LOOP('',(#7098,#7099,#7120,#7121));
#7098 = ORIENTED_EDGE('',*,*,#6976,.F.);
#7099 = ORIENTED_EDGE('',*,*,#7100,.T.);
#7100 = EDGE_CURVE('',#6949,#7052,#7101,.T.);
#7101 = SURFACE_CURVE('',#7102,(#7106,#7113),.PCURVE_S1.);
#7102 = LINE('',#7103,#7104);
#7103 = CARTESIAN_POINT('',(224.,80.,550.));
#7104 = VECTOR('',#7105,1.);
#7105 = DIRECTION('',(0.,0.,1.));
#7106 = PCURVE('',#2687,#7107);
#7107 = DEFINITIONAL_REPRESENTATION('',(#7108),#7112);
#7108 = LINE('',#7109,#7110);
#7109 = CARTESIAN_POINT('',(0.,0.));
#7110 = VECTOR('',#7111,1.);
#7111 = DIRECTION('',(1.,0.));
#7112 = ( GEOMETRIC_REPRESENTATION_CONTEXT(2) 
PARAMETRIC_REPRESENTATION_CONTEXT() REPRESENTATION_CONTEXT('2D SPACE',''
  ) );
#7113 = PCURVE('',#6964,#7114);
#7114 = DEFINITIONAL_REPRESENTATION('',(#7115),#7119);
#7115 = LINE('',#7116,#7117);
#7116 = CARTESIAN_POINT('',(0.,0.));
#7117 = VECTOR('',#7118,1.);
#7118 = DIRECTION('',(1.,0.));
#7119 = ( GEOMETRIC_REPRESENTATION_CONTEXT(2) 
PARAMETRIC_REPRESENTATION_CONTEXT() REPRESENTATION_CONTEXT('2D SPACE',''
  ) );
#7120 = ORIENTED_EDGE('',*,*,#7074,.T.);
#7121 = ORIENTED_EDGE('',*,*,#2672,.F.);
#7122 = ADVANCED_FACE('',(#7123),#2854,.T.);
#7123 = FACE_BOUND('',#7124,.F.);
#7124 = EDGE_LOOP('',(#7125,#7148,#7175,#7176));
#7125 = ORIENTED_EDGE('',*,*,#7126,.T.);
#7126 = EDGE_CURVE('',#2834,#7127,#7129,.T.);
#7127 = VERTEX_POINT('',#7128);
#7128 = CARTESIAN_POINT('',(-40.,-490.,710.));
#7129 = SEAM_CURVE('',#7130,(#7134,#7141),.PCURVE_S1.);
#7130 = LINE('',#7131,#7132);
#7131 = CARTESIAN_POINT('',(-40.,-100.,710.));
#7132 = VECTOR('',#7133,1.);
#7133 = DIRECTION('',(0.,-1.,0.));
#7134 = PCURVE('',#2854,#7135);
#7135 = DEFINITIONAL_REPRESENTATION('',(#7136),#7140);
#7136 = LINE('',#7137,#7138);
#7137 = CARTESIAN_POINT('',(-0.,0.));
#7138 = VECTOR('',#7139,1.);
#7139 = DIRECTION('',(-0.,-1.));
#7140 = ( GEOMETRIC_REPRESENTATION_CONTEXT(2) 
PARAMETRIC_REPRESENTATION_CONTEXT() REPRESENTATION_CONTEXT('2D SPACE',''
  ) );
#7141 = PCURVE('',#2854,#7142);
#7142 = DEFINITIONAL_REPRESENTATION('',(#7143),#7147);
#7143 = LINE('',#7144,#7145);
#7144 = CARTESIAN_POINT('',(-6.28318530718,0.));
#7145 = VECTOR('',#7146,1.);
#7146 = DIRECTION('',(-0.,-1.));
#7147 = ( GEOMETRIC_REPRESENTATION_CONTEXT(2) 
PARAMETRIC_REPRESENTATION_CONTEXT() REPRESENTATION_CONTEXT('2D SPACE',''
  ) );
#7148 = ORIENTED_EDGE('',*,*,#7149,.T.);
#7149 = EDGE_CURVE('',#7127,#7127,#7150,.T.);
#7150 = SURFACE_CURVE('',#7151,(#7156,#7163),.PCURVE_S1.);
#7151 = CIRCLE('',#7152,10.);
#7152 = AXIS2_PLACEMENT_3D('',#7153,#7154,#7155);
#7153 = CARTESIAN_POINT('',(-50.,-490.,710.));
#7154 = DIRECTION('',(0.,-1.,0.));
#7155 = DIRECTION('',(1.,0.,0.));
#7156 = PCURVE('',#2854,#7157);
#7157 = DEFINITIONAL_REPRESENTATION('',(#7158),#7162);
#7158 = LINE('',#7159,#7160);
#7159 = CARTESIAN_POINT('',(-0.,-390.));
#7160 = VECTOR('',#7161,1.);
#7161 = DIRECTION('',(-1.,0.));
#7162 = ( GEOMETRIC_REPRESENTATION_CONTEXT(2) 
PARAMETRIC_REPRESENTATION_CONTEXT() REPRESENTATION_CONTEXT('2D SPACE',''
  ) );
#7163 = PCURVE('',#7164,#7169);
#7164 = PLANE('',#7165);
#7165 = AXIS2_PLACEMENT_3D('',#7166,#7167,#7168);
#7166 = CARTESIAN_POINT('',(-50.,-490.,710.));
#7167 = DIRECTION('',(-0.,-1.,-0.));
#7168 = DIRECTION('',(0.,0.,-1.));
#7169 = DEFINITIONAL_REPRESENTATION('',(#7170),#7174);
#7170 = CIRCLE('',#7171,10.);
#7171 = AXIS2_PLACEMENT_2D('',#7172,#7173);
#7172 = CARTESIAN_POINT('',(0.,0.));
#7173 = DIRECTION('',(0.,1.));
#7174 = ( GEOMETRIC_REPRESENTATION_CONTEXT(2) 
PARAMETRIC_REPRESENTATION_CONTEXT() REPRESENTATION_CONTEXT('2D SPACE',''
  ) );
#7175 = ORIENTED_EDGE('',*,*,#7126,.F.);
#7176 = ORIENTED_EDGE('',*,*,#2833,.F.);
#7177 = ADVANCED_FACE('',(#7178),#2886,.F.);
#7178 = FACE_BOUND('',#7179,.F.);
#7179 = EDGE_LOOP('',(#7180,#7203,#7204,#7227));
#7180 = ORIENTED_EDGE('',*,*,#7181,.F.);
#7181 = EDGE_CURVE('',#2869,#7182,#7184,.T.);
#7182 = VERTEX_POINT('',#7183);
#7183 = CARTESIAN_POINT('',(-190.,-86.,566.));
#7184 = SURFACE_CURVE('',#7185,(#7189,#7196),.PCURVE_S1.);
#7185 = LINE('',#7186,#7187);
#7186 = CARTESIAN_POINT('',(-190.,-100.,566.));
#7187 = VECTOR('',#7188,1.);
#7188 = DIRECTION('',(0.,1.,0.));
#7189 = PCURVE('',#2886,#7190);
#7190 = DEFINITIONAL_REPRESENTATION('',(#7191),#7195);
#7191 = LINE('',#7192,#7193);
#7192 = CARTESIAN_POINT('',(0.,0.));
#7193 = VECTOR('',#7194,1.);
#7194 = DIRECTION('',(0.,1.));
#7195 = ( GEOMETRIC_REPRESENTATION_CONTEXT(2) 
PARAMETRIC_REPRESENTATION_CONTEXT() REPRESENTATION_CONTEXT('2D SPACE',''
  ) );
#7196 = PCURVE('',#2914,#7197);
#7197 = DEFINITIONAL_REPRESENTATION('',(#7198),#7202);
#7198 = LINE('',#7199,#7200);
#7199 = CARTESIAN_POINT('',(8.,0.));
#7200 = VECTOR('',#7201,1.);
#7201 = DIRECTION('',(0.,-1.));
#7202 = ( GEOMETRIC_REPRESENTATION_CONTEXT(2) 
PARAMETRIC_REPRESENTATION_CONTEXT() REPRESENTATION_CONTEXT('2D SPACE',''
  ) );
#7203 = ORIENTED_EDGE('',*,*,#2868,.T.);
#7204 = ORIENTED_EDGE('',*,*,#7205,.T.);
#7205 = EDGE_CURVE('',#2871,#7206,#7208,.T.);
#7206 = VERTEX_POINT('',#7207);
#7207 = CARTESIAN_POINT('',(190.,-86.,566.));
#7208 = SURFACE_CURVE('',#7209,(#7213,#7220),.PCURVE_S1.);
#7209 = LINE('',#7210,#7211);
#7210 = CARTESIAN_POINT('',(190.,-100.,566.));
#7211 = VECTOR('',#7212,1.);
#7212 = DIRECTION('',(0.,1.,0.));
#7213 = PCURVE('',#2886,#7214);
#7214 = DEFINITIONAL_REPRESENTATION('',(#7215),#7219);
#7215 = LINE('',#7216,#7217);
#7216 = CARTESIAN_POINT('',(380.,0.));
#7217 = VECTOR('',#7218,1.);
#7218 = DIRECTION('',(0.,1.));
#7219 = ( GEOMETRIC_REPRESENTATION_CONTEXT(2) 
PARAMETRIC_REPRESENTATION_CONTEXT() REPRESENTATION_CONTEXT('2D SPACE',''
  ) );
#7220 = PCURVE('',#2968,#7221);
#7221 = DEFINITIONAL_REPRESENTATION('',(#7222),#7226);
#7222 = LINE('',#7223,#7224);
#7223 = CARTESIAN_POINT('',(8.,0.));
#7224 = VECTOR('',#7225,1.);
#7225 = DIRECTION('',(0.,-1.));
#7226 = ( GEOMETRIC_REPRESENTATION_CONTEXT(2) 
PARAMETRIC_REPRESENTATION_CONTEXT() REPRESENTATION_CONTEXT('2D SPACE',''
  ) );
#7227 = ORIENTED_EDGE('',*,*,#7228,.F.);
#7228 = EDGE_CURVE('',#7182,#7206,#7229,.T.);
#7229 = SURFACE_CURVE('',#7230,(#7234,#7241),.PCURVE_S1.);
#7230 = LINE('',#7231,#7232);
#7231 = CARTESIAN_POINT('',(-190.,-86.,566.));
#7232 = VECTOR('',#7233,1.);
#7233 = DIRECTION('',(1.,0.,0.));
#7234 = PCURVE('',#2886,#7235);
#7235 = DEFINITIONAL_REPRESENTATION('',(#7236),#7240);
#7236 = LINE('',#7237,#7238);
#7237 = CARTESIAN_POINT('',(0.,14.));
#7238 = VECTOR('',#7239,1.);
#7239 = DIRECTION('',(1.,0.));
#7240 = ( GEOMETRIC_REPRESENTATION_CONTEXT(2) 
PARAMETRIC_REPRESENTATION_CONTEXT() REPRESENTATION_CONTEXT('2D SPACE',''
  ) );
#7241 = PCURVE('',#7242,#7247);
#7242 = PLANE('',#7243);
#7243 = AXIS2_PLACEMENT_3D('',#7244,#7245,#7246);
#7244 = CARTESIAN_POINT('',(-190.,-86.,558.));
#7245 = DIRECTION('',(0.,1.,0.));
#7246 = DIRECTION('',(0.,0.,1.));
#7247 = DEFINITIONAL_REPRESENTATION('',(#7248),#7252);
#7248 = LINE('',#7249,#7250);
#7249 = CARTESIAN_POINT('',(8.,0.));
#7250 = VECTOR('',#7251,1.);
#7251 = DIRECTION('',(0.,1.));
#7252 = ( GEOMETRIC_REPRESENTATION_CONTEXT(2) 
PARAMETRIC_REPRESENTATION_CONTEXT() REPRESENTATION_CONTEXT('2D SPACE',''
  ) );
#7253 = ADVANCED_FACE('',(#7254),#2968,.F.);
#7254 = FACE_BOUND('',#7255,.F.);
#7255 = EDGE_LOOP('',(#7256,#7257,#7280,#7301));
#7256 = ORIENTED_EDGE('',*,*,#2954,.F.);
#7257 = ORIENTED_EDGE('',*,*,#7258,.T.);
#7258 = EDGE_CURVE('',#2927,#7259,#7261,.T.);
#7259 = VERTEX_POINT('',#7260);
#7260 = CARTESIAN_POINT('',(190.,-86.,558.));
#7261 = SURFACE_CURVE('',#7262,(#7266,#7273),.PCURVE_S1.);
#7262 = LINE('',#7263,#7264);
#7263 = CARTESIAN_POINT('',(190.,-100.,558.));
#7264 = VECTOR('',#7265,1.);
#7265 = DIRECTION('',(0.,1.,0.));
#7266 = PCURVE('',#2968,#7267);
#7267 = DEFINITIONAL_REPRESENTATION('',(#7268),#7272);
#7268 = LINE('',#7269,#7270);
#7269 = CARTESIAN_POINT('',(0.,0.));
#7270 = VECTOR('',#7271,1.);
#7271 = DIRECTION('',(0.,-1.));
#7272 = ( GEOMETRIC_REPRESENTATION_CONTEXT(2) 
PARAMETRIC_REPRESENTATION_CONTEXT() REPRESENTATION_CONTEXT('2D SPACE',''
  ) );
#7273 = PCURVE('',#2942,#7274);
#7274 = DEFINITIONAL_REPRESENTATION('',(#7275),#7279);
#7275 = LINE('',#7276,#7277);
#7276 = CARTESIAN_POINT('',(380.,0.));
#7277 = VECTOR('',#7278,1.);
#7278 = DIRECTION('',(0.,1.));
#7279 = ( GEOMETRIC_REPRESENTATION_CONTEXT(2) 
PARAMETRIC_REPRESENTATION_CONTEXT() REPRESENTATION_CONTEXT('2D SPACE',''
  ) );
#7280 = ORIENTED_EDGE('',*,*,#7281,.T.);
#7281 = EDGE_CURVE('',#7259,#7206,#7282,.T.);
#7282 = SURFACE_CURVE('',#7283,(#7287,#7294),.PCURVE_S1.);
#7283 = LINE('',#7284,#7285);
#7284 = CARTESIAN_POINT('',(190.,-86.,558.));
#7285 = VECTOR('',#7286,1.);
#7286 = DIRECTION('',(0.,0.,1.));
#7287 = PCURVE('',#2968,#7288);
#7288 = DEFINITIONAL_REPRESENTATION('',(#7289),#7293);
#7289 = LINE('',#7290,#7291);
#7290 = CARTESIAN_POINT('',(0.,-14.));
#7291 = VECTOR('',#7292,1.);
#7292 = DIRECTION('',(1.,0.));
#7293 = ( GEOMETRIC_REPRESENTATION_CONTEXT(2) 
PARAMETRIC_REPRESENTATION_CONTEXT() REPRESENTATION_CONTEXT('2D SPACE',''
  ) );
#7294 = PCURVE('',#7242,#7295);
#7295 = DEFINITIONAL_REPRESENTATION('',(#7296),#7300);
#7296 = LINE('',#7297,#7298);
#7297 = CARTESIAN_POINT('',(0.,380.));
#7298 = VECTOR('',#7299,1.);
#7299 = DIRECTION('',(1.,0.));
#7300 = ( GEOMETRIC_REPRESENTATION_CONTEXT(2) 
PARAMETRIC_REPRESENTATION_CONTEXT() REPRESENTATION_CONTEXT('2D SPACE',''
  ) );
#7301 = ORIENTED_EDGE('',*,*,#7205,.F.);
#7302 = ADVANCED_FACE('',(#7303),#2914,.T.);
#7303 = FACE_BOUND('',#7304,.T.);
#7304 = EDGE_LOOP('',(#7305,#7306,#7329,#7350));
#7305 = ORIENTED_EDGE('',*,*,#2898,.F.);
#7306 = ORIENTED_EDGE('',*,*,#7307,.T.);
#7307 = EDGE_CURVE('',#2899,#7308,#7310,.T.);
#7308 = VERTEX_POINT('',#7309);
#7309 = CARTESIAN_POINT('',(-190.,-86.,558.));
#7310 = SURFACE_CURVE('',#7311,(#7315,#7322),.PCURVE_S1.);
#7311 = LINE('',#7312,#7313);
#7312 = CARTESIAN_POINT('',(-190.,-100.,558.));
#7313 = VECTOR('',#7314,1.);
#7314 = DIRECTION('',(0.,1.,0.));
#7315 = PCURVE('',#2914,#7316);
#7316 = DEFINITIONAL_REPRESENTATION('',(#7317),#7321);
#7317 = LINE('',#7318,#7319);
#7318 = CARTESIAN_POINT('',(0.,0.));
#7319 = VECTOR('',#7320,1.);
#7320 = DIRECTION('',(0.,-1.));
#7321 = ( GEOMETRIC_REPRESENTATION_CONTEXT(2) 
PARAMETRIC_REPRESENTATION_CONTEXT() REPRESENTATION_CONTEXT('2D SPACE',''
  ) );
#7322 = PCURVE('',#2942,#7323);
#7323 = DEFINITIONAL_REPRESENTATION('',(#7324),#7328);
#7324 = LINE('',#7325,#7326);
#7325 = CARTESIAN_POINT('',(0.,0.));
#7326 = VECTOR('',#7327,1.);
#7327 = DIRECTION('',(0.,1.));
#7328 = ( GEOMETRIC_REPRESENTATION_CONTEXT(2) 
PARAMETRIC_REPRESENTATION_CONTEXT() REPRESENTATION_CONTEXT('2D SPACE',''
  ) );
#7329 = ORIENTED_EDGE('',*,*,#7330,.T.);
#7330 = EDGE_CURVE('',#7308,#7182,#7331,.T.);
#7331 = SURFACE_CURVE('',#7332,(#7336,#7343),.PCURVE_S1.);
#7332 = LINE('',#7333,#7334);
#7333 = CARTESIAN_POINT('',(-190.,-86.,558.));
#7334 = VECTOR('',#7335,1.);
#7335 = DIRECTION('',(0.,0.,1.));
#7336 = PCURVE('',#2914,#7337);
#7337 = DEFINITIONAL_REPRESENTATION('',(#7338),#7342);
#7338 = LINE('',#7339,#7340);
#7339 = CARTESIAN_POINT('',(0.,-14.));
#7340 = VECTOR('',#7341,1.);
#7341 = DIRECTION('',(1.,0.));
#7342 = ( GEOMETRIC_REPRESENTATION_CONTEXT(2) 
PARAMETRIC_REPRESENTATION_CONTEXT() REPRESENTATION_CONTEXT('2D SPACE',''
  ) );
#7343 = PCURVE('',#7242,#7344);
#7344 = DEFINITIONAL_REPRESENTATION('',(#7345),#7349);
#7345 = LINE('',#7346,#7347);
#7346 = CARTESIAN_POINT('',(0.,0.));
#7347 = VECTOR('',#7348,1.);
#7348 = DIRECTION('',(1.,0.));
#7349 = ( GEOMETRIC_REPRESENTATION_CONTEXT(2) 
PARAMETRIC_REPRESENTATION_CONTEXT() REPRESENTATION_CONTEXT('2D SPACE',''
  ) );
#7350 = ORIENTED_EDGE('',*,*,#7181,.F.);
#7351 = ADVANCED_FACE('',(#7352),#2942,.T.);
#7352 = FACE_BOUND('',#7353,.T.);
#7353 = EDGE_LOOP('',(#7354,#7355,#7356,#7357));
#7354 = ORIENTED_EDGE('',*,*,#7307,.F.);
#7355 = ORIENTED_EDGE('',*,*,#2926,.T.);
#7356 = ORIENTED_EDGE('',*,*,#7258,.T.);
#7357 = ORIENTED_EDGE('',*,*,#7358,.F.);
#7358 = EDGE_CURVE('',#7308,#7259,#7359,.T.);
#7359 = SURFACE_CURVE('',#7360,(#7364,#7371),.PCURVE_S1.);
#7360 = LINE('',#7361,#7362);
#7361 = CARTESIAN_POINT('',(-190.,-86.,558.));
#7362 = VECTOR('',#7363,1.);
#7363 = DIRECTION('',(1.,0.,0.));
#7364 = PCURVE('',#2942,#7365);
#7365 = DEFINITIONAL_REPRESENTATION('',(#7366),#7370);
#7366 = LINE('',#7367,#7368);
#7367 = CARTESIAN_POINT('',(0.,14.));
#7368 = VECTOR('',#7369,1.);
#7369 = DIRECTION('',(1.,0.));
#7370 = ( GEOMETRIC_REPRESENTATION_CONTEXT(2) 
PARAMETRIC_REPRESENTATION_CONTEXT() REPRESENTATION_CONTEXT('2D SPACE',''
  ) );
#7371 = PCURVE('',#7242,#7372);
#7372 = DEFINITIONAL_REPRESENTATION('',(#7373),#7377);
#7373 = LINE('',#7374,#7375);
#7374 = CARTESIAN_POINT('',(0.,0.));
#7375 = VECTOR('',#7376,1.);
#7376 = DIRECTION('',(0.,1.));
#7377 = ( GEOMETRIC_REPRESENTATION_CONTEXT(2) 
PARAMETRIC_REPRESENTATION_CONTEXT() REPRESENTATION_CONTEXT('2D SPACE',''
  ) );
#7378 = ADVANCED_FACE('',(#7379),#3000,.F.);
#7379 = FACE_BOUND('',#7380,.F.);
#7380 = EDGE_LOOP('',(#7381,#7404,#7405,#7428));
#7381 = ORIENTED_EDGE('',*,*,#7382,.F.);
#7382 = EDGE_CURVE('',#2983,#7383,#7385,.T.);
#7383 = VERTEX_POINT('',#7384);
#7384 = CARTESIAN_POINT('',(-190.,-86.,586.));
#7385 = SURFACE_CURVE('',#7386,(#7390,#7397),.PCURVE_S1.);
#7386 = LINE('',#7387,#7388);
#7387 = CARTESIAN_POINT('',(-190.,-100.,586.));
#7388 = VECTOR('',#7389,1.);
#7389 = DIRECTION('',(0.,1.,0.));
#7390 = PCURVE('',#3000,#7391);
#7391 = DEFINITIONAL_REPRESENTATION('',(#7392),#7396);
#7392 = LINE('',#7393,#7394);
#7393 = CARTESIAN_POINT('',(0.,0.));
#7394 = VECTOR('',#7395,1.);
#7395 = DIRECTION('',(0.,1.));
#7396 = ( GEOMETRIC_REPRESENTATION_CONTEXT(2) 
PARAMETRIC_REPRESENTATION_CONTEXT() REPRESENTATION_CONTEXT('2D SPACE',''
  ) );
#7397 = PCURVE('',#3028,#7398);
#7398 = DEFINITIONAL_REPRESENTATION('',(#7399),#7403);
#7399 = LINE('',#7400,#7401);
#7400 = CARTESIAN_POINT('',(8.,0.));
#7401 = VECTOR('',#7402,1.);
#7402 = DIRECTION('',(0.,-1.));
#7403 = ( GEOMETRIC_REPRESENTATION_CONTEXT(2) 
PARAMETRIC_REPRESENTATION_CONTEXT() REPRESENTATION_CONTEXT('2D SPACE',''
  ) );
#7404 = ORIENTED_EDGE('',*,*,#2982,.T.);
#7405 = ORIENTED_EDGE('',*,*,#7406,.T.);
#7406 = EDGE_CURVE('',#2985,#7407,#7409,.T.);
#7407 = VERTEX_POINT('',#7408);
#7408 = CARTESIAN_POINT('',(190.,-86.,586.));
#7409 = SURFACE_CURVE('',#7410,(#7414,#7421),.PCURVE_S1.);
#7410 = LINE('',#7411,#7412);
#7411 = CARTESIAN_POINT('',(190.,-100.,586.));
#7412 = VECTOR('',#7413,1.);
#7413 = DIRECTION('',(0.,1.,0.));
#7414 = PCURVE('',#3000,#7415);
#7415 = DEFINITIONAL_REPRESENTATION('',(#7416),#7420);
#7416 = LINE('',#7417,#7418);
#7417 = CARTESIAN_POINT('',(380.,0.));
#7418 = VECTOR('',#7419,1.);
#7419 = DIRECTION('',(0.,1.));
#7420 = ( GEOMETRIC_REPRESENTATION_CONTEXT(2) 
PARAMETRIC_REPRESENTATION_CONTEXT() REPRESENTATION_CONTEXT('2D SPACE',''
  ) );
#7421 = PCURVE('',#3082,#7422);
#7422 = DEFINITIONAL_REPRESENTATION('',(#7423),#7427);
#7423 = LINE('',#7424,#7425);
#7424 = CARTESIAN_POINT('',(8.,0.));
#7425 = VECTOR('',#7426,1.);
#7426 = DIRECTION('',(0.,-1.));
#7427 = ( GEOMETRIC_REPRESENTATION_CONTEXT(2) 
PARAMETRIC_REPRESENTATION_CONTEXT() REPRESENTATION_CONTEXT('2D SPACE',''
  ) );
#7428 = ORIENTED_EDGE('',*,*,#7429,.F.);
#7429 = EDGE_CURVE('',#7383,#7407,#7430,.T.);
#7430 = SURFACE_CURVE('',#7431,(#7435,#7442),.PCURVE_S1.);
#7431 = LINE('',#7432,#7433);
#7432 = CARTESIAN_POINT('',(-190.,-86.,586.));
#7433 = VECTOR('',#7434,1.);
#7434 = DIRECTION('',(1.,0.,0.));
#7435 = PCURVE('',#3000,#7436);
#7436 = DEFINITIONAL_REPRESENTATION('',(#7437),#7441);
#7437 = LINE('',#7438,#7439);
#7438 = CARTESIAN_POINT('',(0.,14.));
#7439 = VECTOR('',#7440,1.);
#7440 = DIRECTION('',(1.,0.));
#7441 = ( GEOMETRIC_REPRESENTATION_CONTEXT(2) 
PARAMETRIC_REPRESENTATION_CONTEXT() REPRESENTATION_CONTEXT('2D SPACE',''
  ) );
#7442 = PCURVE('',#7443,#7448);
#7443 = PLANE('',#7444);
#7444 = AXIS2_PLACEMENT_3D('',#7445,#7446,#7447);
#7445 = CARTESIAN_POINT('',(-190.,-86.,578.));
#7446 = DIRECTION('',(0.,1.,0.));
#7447 = DIRECTION('',(0.,0.,1.));
#7448 = DEFINITIONAL_REPRESENTATION('',(#7449),#7453);
#7449 = LINE('',#7450,#7451);
#7450 = CARTESIAN_POINT('',(8.,0.));
#7451 = VECTOR('',#7452,1.);
#7452 = DIRECTION('',(0.,1.));
#7453 = ( GEOMETRIC_REPRESENTATION_CONTEXT(2) 
PARAMETRIC_REPRESENTATION_CONTEXT() REPRESENTATION_CONTEXT('2D SPACE',''
  ) );
#7454 = ADVANCED_FACE('',(#7455),#3082,.F.);
#7455 = FACE_BOUND('',#7456,.F.);
#7456 = EDGE_LOOP('',(#7457,#7458,#7481,#7502));
#7457 = ORIENTED_EDGE('',*,*,#3068,.F.);
#7458 = ORIENTED_EDGE('',*,*,#7459,.T.);
#7459 = EDGE_CURVE('',#3041,#7460,#7462,.T.);
#7460 = VERTEX_POINT('',#7461);
#7461 = CARTESIAN_POINT('',(190.,-86.,578.));
#7462 = SURFACE_CURVE('',#7463,(#7467,#7474),.PCURVE_S1.);
#7463 = LINE('',#7464,#7465);
#7464 = CARTESIAN_POINT('',(190.,-100.,578.));
#7465 = VECTOR('',#7466,1.);
#7466 = DIRECTION('',(0.,1.,0.));
#7467 = PCURVE('',#3082,#7468);
#7468 = DEFINITIONAL_REPRESENTATION('',(#7469),#7473);
#7469 = LINE('',#7470,#7471);
#7470 = CARTESIAN_POINT('',(0.,0.));
#7471 = VECTOR('',#7472,1.);
#7472 = DIRECTION('',(0.,-1.));
#7473 = ( GEOMETRIC_REPRESENTATION_CONTEXT(2) 
PARAMETRIC_REPRESENTATION_CONTEXT() REPRESENTATION_CONTEXT('2D SPACE',''
  ) );
#7474 = PCURVE('',#3056,#7475);
#7475 = DEFINITIONAL_REPRESENTATION('',(#7476),#7480);
#7476 = LINE('',#7477,#7478);
#7477 = CARTESIAN_POINT('',(380.,0.));
#7478 = VECTOR('',#7479,1.);
#7479 = DIRECTION('',(0.,1.));
#7480 = ( GEOMETRIC_REPRESENTATION_CONTEXT(2) 
PARAMETRIC_REPRESENTATION_CONTEXT() REPRESENTATION_CONTEXT('2D SPACE',''
  ) );
#7481 = ORIENTED_EDGE('',*,*,#7482,.T.);
#7482 = EDGE_CURVE('',#7460,#7407,#7483,.T.);
#7483 = SURFACE_CURVE('',#7484,(#7488,#7495),.PCURVE_S1.);
#7484 = LINE('',#7485,#7486);
#7485 = CARTESIAN_POINT('',(190.,-86.,578.));
#7486 = VECTOR('',#7487,1.);
#7487 = DIRECTION('',(0.,0.,1.));
#7488 = PCURVE('',#3082,#7489);
#7489 = DEFINITIONAL_REPRESENTATION('',(#7490),#7494);
#7490 = LINE('',#7491,#7492);
#7491 = CARTESIAN_POINT('',(0.,-14.));
#7492 = VECTOR('',#7493,1.);
#7493 = DIRECTION('',(1.,0.));
#7494 = ( GEOMETRIC_REPRESENTATION_CONTEXT(2) 
PARAMETRIC_REPRESENTATION_CONTEXT() REPRESENTATION_CONTEXT('2D SPACE',''
  ) );
#7495 = PCURVE('',#7443,#7496);
#7496 = DEFINITIONAL_REPRESENTATION('',(#7497),#7501);
#7497 = LINE('',#7498,#7499);
#7498 = CARTESIAN_POINT('',(0.,380.));
#7499 = VECTOR('',#7500,1.);
#7500 = DIRECTION('',(1.,0.));
#7501 = ( GEOMETRIC_REPRESENTATION_CONTEXT(2) 
PARAMETRIC_REPRESENTATION_CONTEXT() REPRESENTATION_CONTEXT('2D SPACE',''
  ) );
#7502 = ORIENTED_EDGE('',*,*,#7406,.F.);
#7503 = ADVANCED_FACE('',(#7504),#3028,.T.);
#7504 = FACE_BOUND('',#7505,.T.);
#7505 = EDGE_LOOP('',(#7506,#7507,#7530,#7551));
#7506 = ORIENTED_EDGE('',*,*,#3012,.F.);
#7507 = ORIENTED_EDGE('',*,*,#7508,.T.);
#7508 = EDGE_CURVE('',#3013,#7509,#7511,.T.);
#7509 = VERTEX_POINT('',#7510);
#7510 = CARTESIAN_POINT('',(-190.,-86.,578.));
#7511 = SURFACE_CURVE('',#7512,(#7516,#7523),.PCURVE_S1.);
#7512 = LINE('',#7513,#7514);
#7513 = CARTESIAN_POINT('',(-190.,-100.,578.));
#7514 = VECTOR('',#7515,1.);
#7515 = DIRECTION('',(0.,1.,0.));
#7516 = PCURVE('',#3028,#7517);
#7517 = DEFINITIONAL_REPRESENTATION('',(#7518),#7522);
#7518 = LINE('',#7519,#7520);
#7519 = CARTESIAN_POINT('',(0.,0.));
#7520 = VECTOR('',#7521,1.);
#7521 = DIRECTION('',(0.,-1.));
#7522 = ( GEOMETRIC_REPRESENTATION_CONTEXT(2) 
PARAMETRIC_REPRESENTATION_CONTEXT() REPRESENTATION_CONTEXT('2D SPACE',''
  ) );
#7523 = PCURVE('',#3056,#7524);
#7524 = DEFINITIONAL_REPRESENTATION('',(#7525),#7529);
#7525 = LINE('',#7526,#7527);
#7526 = CARTESIAN_POINT('',(0.,0.));
#7527 = VECTOR('',#7528,1.);
#7528 = DIRECTION('',(0.,1.));
#7529 = ( GEOMETRIC_REPRESENTATION_CONTEXT(2) 
PARAMETRIC_REPRESENTATION_CONTEXT() REPRESENTATION_CONTEXT('2D SPACE',''
  ) );
#7530 = ORIENTED_EDGE('',*,*,#7531,.T.);
#7531 = EDGE_CURVE('',#7509,#7383,#7532,.T.);
#7532 = SURFACE_CURVE('',#7533,(#7537,#7544),.PCURVE_S1.);
#7533 = LINE('',#7534,#7535);
#7534 = CARTESIAN_POINT('',(-190.,-86.,578.));
#7535 = VECTOR('',#7536,1.);
#7536 = DIRECTION('',(0.,0.,1.));
#7537 = PCURVE('',#3028,#7538);
#7538 = DEFINITIONAL_REPRESENTATION('',(#7539),#7543);
#7539 = LINE('',#7540,#7541);
#7540 = CARTESIAN_POINT('',(0.,-14.));
#7541 = VECTOR('',#7542,1.);
#7542 = DIRECTION('',(1.,0.));
#7543 = ( GEOMETRIC_REPRESENTATION_CONTEXT(2) 
PARAMETRIC_REPRESENTATION_CONTEXT() REPRESENTATION_CONTEXT('2D SPACE',''
  ) );
#7544 = PCURVE('',#7443,#7545);
#7545 = DEFINITIONAL_REPRESENTATION('',(#7546),#7550);
#7546 = LINE('',#7547,#7548);
#7547 = CARTESIAN_POINT('',(0.,0.));
#7548 = VECTOR('',#7549,1.);
#7549 = DIRECTION('',(1.,0.));
#7550 = ( GEOMETRIC_REPRESENTATION_CONTEXT(2) 
PARAMETRIC_REPRESENTATION_CONTEXT() REPRESENTATION_CONTEXT('2D SPACE',''
  ) );
#7551 = ORIENTED_EDGE('',*,*,#7382,.F.);
#7552 = ADVANCED_FACE('',(#7553),#3056,.T.);
#7553 = FACE_BOUND('',#7554,.T.);
#7554 = EDGE_LOOP('',(#7555,#7556,#7557,#7558));
#7555 = ORIENTED_EDGE('',*,*,#7508,.F.);
#7556 = ORIENTED_EDGE('',*,*,#3040,.T.);
#7557 = ORIENTED_EDGE('',*,*,#7459,.T.);
#7558 = ORIENTED_EDGE('',*,*,#7559,.F.);
#7559 = EDGE_CURVE('',#7509,#7460,#7560,.T.);
#7560 = SURFACE_CURVE('',#7561,(#7565,#7572),.PCURVE_S1.);
#7561 = LINE('',#7562,#7563);
#7562 = CARTESIAN_POINT('',(-190.,-86.,578.));
#7563 = VECTOR('',#7564,1.);
#7564 = DIRECTION('',(1.,0.,0.));
#7565 = PCURVE('',#3056,#7566);
#7566 = DEFINITIONAL_REPRESENTATION('',(#7567),#7571);
#7567 = LINE('',#7568,#7569);
#7568 = CARTESIAN_POINT('',(0.,14.));
#7569 = VECTOR('',#7570,1.);
#7570 = DIRECTION('',(1.,0.));
#7571 = ( GEOMETRIC_REPRESENTATION_CONTEXT(2) 
PARAMETRIC_REPRESENTATION_CONTEXT() REPRESENTATION_CONTEXT('2D SPACE',''
  ) );
#7572 = PCURVE('',#7443,#7573);
#7573 = DEFINITIONAL_REPRESENTATION('',(#7574),#7578);
#7574 = LINE('',#7575,#7576);
#7575 = CARTESIAN_POINT('',(0.,0.));
#7576 = VECTOR('',#7577,1.);
#7577 = DIRECTION('',(0.,1.));
#7578 = ( GEOMETRIC_REPRESENTATION_CONTEXT(2) 
PARAMETRIC_REPRESENTATION_CONTEXT() REPRESENTATION_CONTEXT('2D SPACE',''
  ) );
#7579 = ADVANCED_FACE('',(#7580),#3114,.F.);
#7580 = FACE_BOUND('',#7581,.F.);
#7581 = EDGE_LOOP('',(#7582,#7605,#7606,#7629));
#7582 = ORIENTED_EDGE('',*,*,#7583,.F.);
#7583 = EDGE_CURVE('',#3097,#7584,#7586,.T.);
#7584 = VERTEX_POINT('',#7585);
#7585 = CARTESIAN_POINT('',(-190.,-86.,606.));
#7586 = SURFACE_CURVE('',#7587,(#7591,#7598),.PCURVE_S1.);
#7587 = LINE('',#7588,#7589);
#7588 = CARTESIAN_POINT('',(-190.,-100.,606.));
#7589 = VECTOR('',#7590,1.);
#7590 = DIRECTION('',(0.,1.,0.));
#7591 = PCURVE('',#3114,#7592);
#7592 = DEFINITIONAL_REPRESENTATION('',(#7593),#7597);
#7593 = LINE('',#7594,#7595);
#7594 = CARTESIAN_POINT('',(0.,0.));
#7595 = VECTOR('',#7596,1.);
#7596 = DIRECTION('',(0.,1.));
#7597 = ( GEOMETRIC_REPRESENTATION_CONTEXT(2) 
PARAMETRIC_REPRESENTATION_CONTEXT() REPRESENTATION_CONTEXT('2D SPACE',''
  ) );
#7598 = PCURVE('',#3142,#7599);
#7599 = DEFINITIONAL_REPRESENTATION('',(#7600),#7604);
#7600 = LINE('',#7601,#7602);
#7601 = CARTESIAN_POINT('',(8.,0.));
#7602 = VECTOR('',#7603,1.);
#7603 = DIRECTION('',(0.,-1.));
#7604 = ( GEOMETRIC_REPRESENTATION_CONTEXT(2) 
PARAMETRIC_REPRESENTATION_CONTEXT() REPRESENTATION_CONTEXT('2D SPACE',''
  ) );
#7605 = ORIENTED_EDGE('',*,*,#3096,.T.);
#7606 = ORIENTED_EDGE('',*,*,#7607,.T.);
#7607 = EDGE_CURVE('',#3099,#7608,#7610,.T.);
#7608 = VERTEX_POINT('',#7609);
#7609 = CARTESIAN_POINT('',(190.,-86.,606.));
#7610 = SURFACE_CURVE('',#7611,(#7615,#7622),.PCURVE_S1.);
#7611 = LINE('',#7612,#7613);
#7612 = CARTESIAN_POINT('',(190.,-100.,606.));
#7613 = VECTOR('',#7614,1.);
#7614 = DIRECTION('',(0.,1.,0.));
#7615 = PCURVE('',#3114,#7616);
#7616 = DEFINITIONAL_REPRESENTATION('',(#7617),#7621);
#7617 = LINE('',#7618,#7619);
#7618 = CARTESIAN_POINT('',(380.,0.));
#7619 = VECTOR('',#7620,1.);
#7620 = DIRECTION('',(0.,1.));
#7621 = ( GEOMETRIC_REPRESENTATION_CONTEXT(2) 
PARAMETRIC_REPRESENTATION_CONTEXT() REPRESENTATION_CONTEXT('2D SPACE',''
  ) );
#7622 = PCURVE('',#3196,#7623);
#7623 = DEFINITIONAL_REPRESENTATION('',(#7624),#7628);
#7624 = LINE('',#7625,#7626);
#7625 = CARTESIAN_POINT('',(8.,0.));
#7626 = VECTOR('',#7627,1.);
#7627 = DIRECTION('',(0.,-1.));
#7628 = ( GEOMETRIC_REPRESENTATION_CONTEXT(2) 
PARAMETRIC_REPRESENTATION_CONTEXT() REPRESENTATION_CONTEXT('2D SPACE',''
  ) );
#7629 = ORIENTED_EDGE('',*,*,#7630,.F.);
#7630 = EDGE_CURVE('',#7584,#7608,#7631,.T.);
#7631 = SURFACE_CURVE('',#7632,(#7636,#7643),.PCURVE_S1.);
#7632 = LINE('',#7633,#7634);
#7633 = CARTESIAN_POINT('',(-190.,-86.,606.));
#7634 = VECTOR('',#7635,1.);
#7635 = DIRECTION('',(1.,0.,0.));
#7636 = PCURVE('',#3114,#7637);
#7637 = DEFINITIONAL_REPRESENTATION('',(#7638),#7642);
#7638 = LINE('',#7639,#7640);
#7639 = CARTESIAN_POINT('',(0.,14.));
#7640 = VECTOR('',#7641,1.);
#7641 = DIRECTION('',(1.,0.));
#7642 = ( GEOMETRIC_REPRESENTATION_CONTEXT(2) 
PARAMETRIC_REPRESENTATION_CONTEXT() REPRESENTATION_CONTEXT('2D SPACE',''
  ) );
#7643 = PCURVE('',#7644,#7649);
#7644 = PLANE('',#7645);
#7645 = AXIS2_PLACEMENT_3D('',#7646,#7647,#7648);
#7646 = CARTESIAN_POINT('',(-190.,-86.,598.));
#7647 = DIRECTION('',(0.,1.,0.));
#7648 = DIRECTION('',(0.,0.,1.));
#7649 = DEFINITIONAL_REPRESENTATION('',(#7650),#7654);
#7650 = LINE('',#7651,#7652);
#7651 = CARTESIAN_POINT('',(8.,0.));
#7652 = VECTOR('',#7653,1.);
#7653 = DIRECTION('',(0.,1.));
#7654 = ( GEOMETRIC_REPRESENTATION_CONTEXT(2) 
PARAMETRIC_REPRESENTATION_CONTEXT() REPRESENTATION_CONTEXT('2D SPACE',''
  ) );
#7655 = ADVANCED_FACE('',(#7656),#3196,.F.);
#7656 = FACE_BOUND('',#7657,.F.);
#7657 = EDGE_LOOP('',(#7658,#7659,#7682,#7703));
#7658 = ORIENTED_EDGE('',*,*,#3182,.F.);
#7659 = ORIENTED_EDGE('',*,*,#7660,.T.);
#7660 = EDGE_CURVE('',#3155,#7661,#7663,.T.);
#7661 = VERTEX_POINT('',#7662);
#7662 = CARTESIAN_POINT('',(190.,-86.,598.));
#7663 = SURFACE_CURVE('',#7664,(#7668,#7675),.PCURVE_S1.);
#7664 = LINE('',#7665,#7666);
#7665 = CARTESIAN_POINT('',(190.,-100.,598.));
#7666 = VECTOR('',#7667,1.);
#7667 = DIRECTION('',(0.,1.,0.));
#7668 = PCURVE('',#3196,#7669);
#7669 = DEFINITIONAL_REPRESENTATION('',(#7670),#7674);
#7670 = LINE('',#7671,#7672);
#7671 = CARTESIAN_POINT('',(0.,0.));
#7672 = VECTOR('',#7673,1.);
#7673 = DIRECTION('',(0.,-1.));
#7674 = ( GEOMETRIC_REPRESENTATION_CONTEXT(2) 
PARAMETRIC_REPRESENTATION_CONTEXT() REPRESENTATION_CONTEXT('2D SPACE',''
  ) );
#7675 = PCURVE('',#3170,#7676);
#7676 = DEFINITIONAL_REPRESENTATION('',(#7677),#7681);
#7677 = LINE('',#7678,#7679);
#7678 = CARTESIAN_POINT('',(380.,0.));
#7679 = VECTOR('',#7680,1.);
#7680 = DIRECTION('',(0.,1.));
#7681 = ( GEOMETRIC_REPRESENTATION_CONTEXT(2) 
PARAMETRIC_REPRESENTATION_CONTEXT() REPRESENTATION_CONTEXT('2D SPACE',''
  ) );
#7682 = ORIENTED_EDGE('',*,*,#7683,.T.);
#7683 = EDGE_CURVE('',#7661,#7608,#7684,.T.);
#7684 = SURFACE_CURVE('',#7685,(#7689,#7696),.PCURVE_S1.);
#7685 = LINE('',#7686,#7687);
#7686 = CARTESIAN_POINT('',(190.,-86.,598.));
#7687 = VECTOR('',#7688,1.);
#7688 = DIRECTION('',(0.,0.,1.));
#7689 = PCURVE('',#3196,#7690);
#7690 = DEFINITIONAL_REPRESENTATION('',(#7691),#7695);
#7691 = LINE('',#7692,#7693);
#7692 = CARTESIAN_POINT('',(0.,-14.));
#7693 = VECTOR('',#7694,1.);
#7694 = DIRECTION('',(1.,0.));
#7695 = ( GEOMETRIC_REPRESENTATION_CONTEXT(2) 
PARAMETRIC_REPRESENTATION_CONTEXT() REPRESENTATION_CONTEXT('2D SPACE',''
  ) );
#7696 = PCURVE('',#7644,#7697);
#7697 = DEFINITIONAL_REPRESENTATION('',(#7698),#7702);
#7698 = LINE('',#7699,#7700);
#7699 = CARTESIAN_POINT('',(0.,380.));
#7700 = VECTOR('',#7701,1.);
#7701 = DIRECTION('',(1.,0.));
#7702 = ( GEOMETRIC_REPRESENTATION_CONTEXT(2) 
PARAMETRIC_REPRESENTATION_CONTEXT() REPRESENTATION_CONTEXT('2D SPACE',''
  ) );
#7703 = ORIENTED_EDGE('',*,*,#7607,.F.);
#7704 = ADVANCED_FACE('',(#7705),#3142,.T.);
#7705 = FACE_BOUND('',#7706,.T.);
#7706 = EDGE_LOOP('',(#7707,#7708,#7731,#7752));
#7707 = ORIENTED_EDGE('',*,*,#3126,.F.);
#7708 = ORIENTED_EDGE('',*,*,#7709,.T.);
#7709 = EDGE_CURVE('',#3127,#7710,#7712,.T.);
#7710 = VERTEX_POINT('',#7711);
#7711 = CARTESIAN_POINT('',(-190.,-86.,598.));
#7712 = SURFACE_CURVE('',#7713,(#7717,#7724),.PCURVE_S1.);
#7713 = LINE('',#7714,#7715);
#7714 = CARTESIAN_POINT('',(-190.,-100.,598.));
#7715 = VECTOR('',#7716,1.);
#7716 = DIRECTION('',(0.,1.,0.));
#7717 = PCURVE('',#3142,#7718);
#7718 = DEFINITIONAL_REPRESENTATION('',(#7719),#7723);
#7719 = LINE('',#7720,#7721);
#7720 = CARTESIAN_POINT('',(0.,0.));
#7721 = VECTOR('',#7722,1.);
#7722 = DIRECTION('',(0.,-1.));
#7723 = ( GEOMETRIC_REPRESENTATION_CONTEXT(2) 
PARAMETRIC_REPRESENTATION_CONTEXT() REPRESENTATION_CONTEXT('2D SPACE',''
  ) );
#7724 = PCURVE('',#3170,#7725);
#7725 = DEFINITIONAL_REPRESENTATION('',(#7726),#7730);
#7726 = LINE('',#7727,#7728);
#7727 = CARTESIAN_POINT('',(0.,0.));
#7728 = VECTOR('',#7729,1.);
#7729 = DIRECTION('',(0.,1.));
#7730 = ( GEOMETRIC_REPRESENTATION_CONTEXT(2) 
PARAMETRIC_REPRESENTATION_CONTEXT() REPRESENTATION_CONTEXT('2D SPACE',''
  ) );
#7731 = ORIENTED_EDGE('',*,*,#7732,.T.);
#7732 = EDGE_CURVE('',#7710,#7584,#7733,.T.);
#7733 = SURFACE_CURVE('',#7734,(#7738,#7745),.PCURVE_S1.);
#7734 = LINE('',#7735,#7736);
#7735 = CARTESIAN_POINT('',(-190.,-86.,598.));
#7736 = VECTOR('',#7737,1.);
#7737 = DIRECTION('',(0.,0.,1.));
#7738 = PCURVE('',#3142,#7739);
#7739 = DEFINITIONAL_REPRESENTATION('',(#7740),#7744);
#7740 = LINE('',#7741,#7742);
#7741 = CARTESIAN_POINT('',(0.,-14.));
#7742 = VECTOR('',#7743,1.);
#7743 = DIRECTION('',(1.,0.));
#7744 = ( GEOMETRIC_REPRESENTATION_CONTEXT(2) 
PARAMETRIC_REPRESENTATION_CONTEXT() REPRESENTATION_CONTEXT('2D SPACE',''
  ) );
#7745 = PCURVE('',#7644,#7746);
#7746 = DEFINITIONAL_REPRESENTATION('',(#7747),#7751);
#7747 = LINE('',#7748,#7749);
#7748 = CARTESIAN_POINT('',(0.,0.));
#7749 = VECTOR('',#7750,1.);
#7750 = DIRECTION('',(1.,0.));
#7751 = ( GEOMETRIC_REPRESENTATION_CONTEXT(2) 
PARAMETRIC_REPRESENTATION_CONTEXT() REPRESENTATION_CONTEXT('2D SPACE',''
  ) );
#7752 = ORIENTED_EDGE('',*,*,#7583,.F.);
#7753 = ADVANCED_FACE('',(#7754),#3170,.T.);
#7754 = FACE_BOUND('',#7755,.T.);
#7755 = EDGE_LOOP('',(#7756,#7757,#7758,#7759));
#7756 = ORIENTED_EDGE('',*,*,#7709,.F.);
#7757 = ORIENTED_EDGE('',*,*,#3154,.T.);
#7758 = ORIENTED_EDGE('',*,*,#7660,.T.);
#7759 = ORIENTED_EDGE('',*,*,#7760,.F.);
#7760 = EDGE_CURVE('',#7710,#7661,#7761,.T.);
#7761 = SURFACE_CURVE('',#7762,(#7766,#7773),.PCURVE_S1.);
#7762 = LINE('',#7763,#7764);
#7763 = CARTESIAN_POINT('',(-190.,-86.,598.));
#7764 = VECTOR('',#7765,1.);
#7765 = DIRECTION('',(1.,0.,0.));
#7766 = PCURVE('',#3170,#7767);
#7767 = DEFINITIONAL_REPRESENTATION('',(#7768),#7772);
#7768 = LINE('',#7769,#7770);
#7769 = CARTESIAN_POINT('',(0.,14.));
#7770 = VECTOR('',#7771,1.);
#7771 = DIRECTION('',(1.,0.));
#7772 = ( GEOMETRIC_REPRESENTATION_CONTEXT(2) 
PARAMETRIC_REPRESENTATION_CONTEXT() REPRESENTATION_CONTEXT('2D SPACE',''
  ) );
#7773 = PCURVE('',#7644,#7774);
#7774 = DEFINITIONAL_REPRESENTATION('',(#7775),#7779);
#7775 = LINE('',#7776,#7777);
#7776 = CARTESIAN_POINT('',(0.,0.));
#7777 = VECTOR('',#7778,1.);
#7778 = DIRECTION('',(0.,1.));
#7779 = ( GEOMETRIC_REPRESENTATION_CONTEXT(2) 
PARAMETRIC_REPRESENTATION_CONTEXT() REPRESENTATION_CONTEXT('2D SPACE',''
  ) );
#7780 = ADVANCED_FACE('',(#7781),#3228,.F.);
#7781 = FACE_BOUND('',#7782,.F.);
#7782 = EDGE_LOOP('',(#7783,#7806,#7807,#7830));
#7783 = ORIENTED_EDGE('',*,*,#7784,.F.);
#7784 = EDGE_CURVE('',#3211,#7785,#7787,.T.);
#7785 = VERTEX_POINT('',#7786);
#7786 = CARTESIAN_POINT('',(-190.,-86.,626.));
#7787 = SURFACE_CURVE('',#7788,(#7792,#7799),.PCURVE_S1.);
#7788 = LINE('',#7789,#7790);
#7789 = CARTESIAN_POINT('',(-190.,-100.,626.));
#7790 = VECTOR('',#7791,1.);
#7791 = DIRECTION('',(0.,1.,0.));
#7792 = PCURVE('',#3228,#7793);
#7793 = DEFINITIONAL_REPRESENTATION('',(#7794),#7798);
#7794 = LINE('',#7795,#7796);
#7795 = CARTESIAN_POINT('',(0.,0.));
#7796 = VECTOR('',#7797,1.);
#7797 = DIRECTION('',(0.,1.));
#7798 = ( GEOMETRIC_REPRESENTATION_CONTEXT(2) 
PARAMETRIC_REPRESENTATION_CONTEXT() REPRESENTATION_CONTEXT('2D SPACE',''
  ) );
#7799 = PCURVE('',#3256,#7800);
#7800 = DEFINITIONAL_REPRESENTATION('',(#7801),#7805);
#7801 = LINE('',#7802,#7803);
#7802 = CARTESIAN_POINT('',(8.,0.));
#7803 = VECTOR('',#7804,1.);
#7804 = DIRECTION('',(0.,-1.));
#7805 = ( GEOMETRIC_REPRESENTATION_CONTEXT(2) 
PARAMETRIC_REPRESENTATION_CONTEXT() REPRESENTATION_CONTEXT('2D SPACE',''
  ) );
#7806 = ORIENTED_EDGE('',*,*,#3210,.T.);
#7807 = ORIENTED_EDGE('',*,*,#7808,.T.);
#7808 = EDGE_CURVE('',#3213,#7809,#7811,.T.);
#7809 = VERTEX_POINT('',#7810);
#7810 = CARTESIAN_POINT('',(190.,-86.,626.));
#7811 = SURFACE_CURVE('',#7812,(#7816,#7823),.PCURVE_S1.);
#7812 = LINE('',#7813,#7814);
#7813 = CARTESIAN_POINT('',(190.,-100.,626.));
#7814 = VECTOR('',#7815,1.);
#7815 = DIRECTION('',(0.,1.,0.));
#7816 = PCURVE('',#3228,#7817);
#7817 = DEFINITIONAL_REPRESENTATION('',(#7818),#7822);
#7818 = LINE('',#7819,#7820);
#7819 = CARTESIAN_POINT('',(380.,0.));
#7820 = VECTOR('',#7821,1.);
#7821 = DIRECTION('',(0.,1.));
#7822 = ( GEOMETRIC_REPRESENTATION_CONTEXT(2) 
PARAMETRIC_REPRESENTATION_CONTEXT() REPRESENTATION_CONTEXT('2D SPACE',''
  ) );
#7823 = PCURVE('',#3310,#7824);
#7824 = DEFINITIONAL_REPRESENTATION('',(#7825),#7829);
#7825 = LINE('',#7826,#7827);
#7826 = CARTESIAN_POINT('',(8.,0.));
#7827 = VECTOR('',#7828,1.);
#7828 = DIRECTION('',(0.,-1.));
#7829 = ( GEOMETRIC_REPRESENTATION_CONTEXT(2) 
PARAMETRIC_REPRESENTATION_CONTEXT() REPRESENTATION_CONTEXT('2D SPACE',''
  ) );
#7830 = ORIENTED_EDGE('',*,*,#7831,.F.);
#7831 = EDGE_CURVE('',#7785,#7809,#7832,.T.);
#7832 = SURFACE_CURVE('',#7833,(#7837,#7844),.PCURVE_S1.);
#7833 = LINE('',#7834,#7835);
#7834 = CARTESIAN_POINT('',(-190.,-86.,626.));
#7835 = VECTOR('',#7836,1.);
#7836 = DIRECTION('',(1.,0.,0.));
#7837 = PCURVE('',#3228,#7838);
#7838 = DEFINITIONAL_REPRESENTATION('',(#7839),#7843);
#7839 = LINE('',#7840,#7841);
#7840 = CARTESIAN_POINT('',(0.,14.));
#7841 = VECTOR('',#7842,1.);
#7842 = DIRECTION('',(1.,0.));
#7843 = ( GEOMETRIC_REPRESENTATION_CONTEXT(2) 
PARAMETRIC_REPRESENTATION_CONTEXT() REPRESENTATION_CONTEXT('2D SPACE',''
  ) );
#7844 = PCURVE('',#7845,#7850);
#7845 = PLANE('',#7846);
#7846 = AXIS2_PLACEMENT_3D('',#7847,#7848,#7849);
#7847 = CARTESIAN_POINT('',(-190.,-86.,618.));
#7848 = DIRECTION('',(0.,1.,0.));
#7849 = DIRECTION('',(0.,0.,1.));
#7850 = DEFINITIONAL_REPRESENTATION('',(#7851),#7855);
#7851 = LINE('',#7852,#7853);
#7852 = CARTESIAN_POINT('',(8.,0.));
#7853 = VECTOR('',#7854,1.);
#7854 = DIRECTION('',(0.,1.));
#7855 = ( GEOMETRIC_REPRESENTATION_CONTEXT(2) 
PARAMETRIC_REPRESENTATION_CONTEXT() REPRESENTATION_CONTEXT('2D SPACE',''
  ) );
#7856 = ADVANCED_FACE('',(#7857),#3310,.F.);
#7857 = FACE_BOUND('',#7858,.F.);
#7858 = EDGE_LOOP('',(#7859,#7860,#7883,#7904));
#7859 = ORIENTED_EDGE('',*,*,#3296,.F.);
#7860 = ORIENTED_EDGE('',*,*,#7861,.T.);
#7861 = EDGE_CURVE('',#3269,#7862,#7864,.T.);
#7862 = VERTEX_POINT('',#7863);
#7863 = CARTESIAN_POINT('',(190.,-86.,618.));
#7864 = SURFACE_CURVE('',#7865,(#7869,#7876),.PCURVE_S1.);
#7865 = LINE('',#7866,#7867);
#7866 = CARTESIAN_POINT('',(190.,-100.,618.));
#7867 = VECTOR('',#7868,1.);
#7868 = DIRECTION('',(0.,1.,0.));
#7869 = PCURVE('',#3310,#7870);
#7870 = DEFINITIONAL_REPRESENTATION('',(#7871),#7875);
#7871 = LINE('',#7872,#7873);
#7872 = CARTESIAN_POINT('',(0.,0.));
#7873 = VECTOR('',#7874,1.);
#7874 = DIRECTION('',(0.,-1.));
#7875 = ( GEOMETRIC_REPRESENTATION_CONTEXT(2) 
PARAMETRIC_REPRESENTATION_CONTEXT() REPRESENTATION_CONTEXT('2D SPACE',''
  ) );
#7876 = PCURVE('',#3284,#7877);
#7877 = DEFINITIONAL_REPRESENTATION('',(#7878),#7882);
#7878 = LINE('',#7879,#7880);
#7879 = CARTESIAN_POINT('',(380.,0.));
#7880 = VECTOR('',#7881,1.);
#7881 = DIRECTION('',(0.,1.));
#7882 = ( GEOMETRIC_REPRESENTATION_CONTEXT(2) 
PARAMETRIC_REPRESENTATION_CONTEXT() REPRESENTATION_CONTEXT('2D SPACE',''
  ) );
#7883 = ORIENTED_EDGE('',*,*,#7884,.T.);
#7884 = EDGE_CURVE('',#7862,#7809,#7885,.T.);
#7885 = SURFACE_CURVE('',#7886,(#7890,#7897),.PCURVE_S1.);
#7886 = LINE('',#7887,#7888);
#7887 = CARTESIAN_POINT('',(190.,-86.,618.));
#7888 = VECTOR('',#7889,1.);
#7889 = DIRECTION('',(0.,0.,1.));
#7890 = PCURVE('',#3310,#7891);
#7891 = DEFINITIONAL_REPRESENTATION('',(#7892),#7896);
#7892 = LINE('',#7893,#7894);
#7893 = CARTESIAN_POINT('',(0.,-14.));
#7894 = VECTOR('',#7895,1.);
#7895 = DIRECTION('',(1.,0.));
#7896 = ( GEOMETRIC_REPRESENTATION_CONTEXT(2) 
PARAMETRIC_REPRESENTATION_CONTEXT() REPRESENTATION_CONTEXT('2D SPACE',''
  ) );
#7897 = PCURVE('',#7845,#7898);
#7898 = DEFINITIONAL_REPRESENTATION('',(#7899),#7903);
#7899 = LINE('',#7900,#7901);
#7900 = CARTESIAN_POINT('',(0.,380.));
#7901 = VECTOR('',#7902,1.);
#7902 = DIRECTION('',(1.,0.));
#7903 = ( GEOMETRIC_REPRESENTATION_CONTEXT(2) 
PARAMETRIC_REPRESENTATION_CONTEXT() REPRESENTATION_CONTEXT('2D SPACE',''
  ) );
#7904 = ORIENTED_EDGE('',*,*,#7808,.F.);
#7905 = ADVANCED_FACE('',(#7906),#3256,.T.);
#7906 = FACE_BOUND('',#7907,.T.);
#7907 = EDGE_LOOP('',(#7908,#7909,#7932,#7953));
#7908 = ORIENTED_EDGE('',*,*,#3240,.F.);
#7909 = ORIENTED_EDGE('',*,*,#7910,.T.);
#7910 = EDGE_CURVE('',#3241,#7911,#7913,.T.);
#7911 = VERTEX_POINT('',#7912);
#7912 = CARTESIAN_POINT('',(-190.,-86.,618.));
#7913 = SURFACE_CURVE('',#7914,(#7918,#7925),.PCURVE_S1.);
#7914 = LINE('',#7915,#7916);
#7915 = CARTESIAN_POINT('',(-190.,-100.,618.));
#7916 = VECTOR('',#7917,1.);
#7917 = DIRECTION('',(0.,1.,0.));
#7918 = PCURVE('',#3256,#7919);
#7919 = DEFINITIONAL_REPRESENTATION('',(#7920),#7924);
#7920 = LINE('',#7921,#7922);
#7921 = CARTESIAN_POINT('',(0.,0.));
#7922 = VECTOR('',#7923,1.);
#7923 = DIRECTION('',(0.,-1.));
#7924 = ( GEOMETRIC_REPRESENTATION_CONTEXT(2) 
PARAMETRIC_REPRESENTATION_CONTEXT() REPRESENTATION_CONTEXT('2D SPACE',''
  ) );
#7925 = PCURVE('',#3284,#7926);
#7926 = DEFINITIONAL_REPRESENTATION('',(#7927),#7931);
#7927 = LINE('',#7928,#7929);
#7928 = CARTESIAN_POINT('',(0.,0.));
#7929 = VECTOR('',#7930,1.);
#7930 = DIRECTION('',(0.,1.));
#7931 = ( GEOMETRIC_REPRESENTATION_CONTEXT(2) 
PARAMETRIC_REPRESENTATION_CONTEXT() REPRESENTATION_CONTEXT('2D SPACE',''
  ) );
#7932 = ORIENTED_EDGE('',*,*,#7933,.T.);
#7933 = EDGE_CURVE('',#7911,#7785,#7934,.T.);
#7934 = SURFACE_CURVE('',#7935,(#7939,#7946),.PCURVE_S1.);
#7935 = LINE('',#7936,#7937);
#7936 = CARTESIAN_POINT('',(-190.,-86.,618.));
#7937 = VECTOR('',#7938,1.);
#7938 = DIRECTION('',(0.,0.,1.));
#7939 = PCURVE('',#3256,#7940);
#7940 = DEFINITIONAL_REPRESENTATION('',(#7941),#7945);
#7941 = LINE('',#7942,#7943);
#7942 = CARTESIAN_POINT('',(0.,-14.));
#7943 = VECTOR('',#7944,1.);
#7944 = DIRECTION('',(1.,0.));
#7945 = ( GEOMETRIC_REPRESENTATION_CONTEXT(2) 
PARAMETRIC_REPRESENTATION_CONTEXT() REPRESENTATION_CONTEXT('2D SPACE',''
  ) );
#7946 = PCURVE('',#7845,#7947);
#7947 = DEFINITIONAL_REPRESENTATION('',(#7948),#7952);
#7948 = LINE('',#7949,#7950);
#7949 = CARTESIAN_POINT('',(0.,0.));
#7950 = VECTOR('',#7951,1.);
#7951 = DIRECTION('',(1.,0.));
#7952 = ( GEOMETRIC_REPRESENTATION_CONTEXT(2) 
PARAMETRIC_REPRESENTATION_CONTEXT() REPRESENTATION_CONTEXT('2D SPACE',''
  ) );
#7953 = ORIENTED_EDGE('',*,*,#7784,.F.);
#7954 = ADVANCED_FACE('',(#7955),#3284,.T.);
#7955 = FACE_BOUND('',#7956,.T.);
#7956 = EDGE_LOOP('',(#7957,#7958,#7959,#7960));
#7957 = ORIENTED_EDGE('',*,*,#7910,.F.);
#7958 = ORIENTED_EDGE('',*,*,#3268,.T.);
#7959 = ORIENTED_EDGE('',*,*,#7861,.T.);
#7960 = ORIENTED_EDGE('',*,*,#7961,.F.);
#7961 = EDGE_CURVE('',#7911,#7862,#7962,.T.);
#7962 = SURFACE_CURVE('',#7963,(#7967,#7974),.PCURVE_S1.);
#7963 = LINE('',#7964,#7965);
#7964 = CARTESIAN_POINT('',(-190.,-86.,618.));
#7965 = VECTOR('',#7966,1.);
#7966 = DIRECTION('',(1.,0.,0.));
#7967 = PCURVE('',#3284,#7968);
#7968 = DEFINITIONAL_REPRESENTATION('',(#7969),#7973);
#7969 = LINE('',#7970,#7971);
#7970 = CARTESIAN_POINT('',(0.,14.));
#7971 = VECTOR('',#7972,1.);
#7972 = DIRECTION('',(1.,0.));
#7973 = ( GEOMETRIC_REPRESENTATION_CONTEXT(2) 
PARAMETRIC_REPRESENTATION_CONTEXT() REPRESENTATION_CONTEXT('2D SPACE',''
  ) );
#7974 = PCURVE('',#7845,#7975);
#7975 = DEFINITIONAL_REPRESENTATION('',(#7976),#7980);
#7976 = LINE('',#7977,#7978);
#7977 = CARTESIAN_POINT('',(0.,0.));
#7978 = VECTOR('',#7979,1.);
#7979 = DIRECTION('',(0.,1.));
#7980 = ( GEOMETRIC_REPRESENTATION_CONTEXT(2) 
PARAMETRIC_REPRESENTATION_CONTEXT() REPRESENTATION_CONTEXT('2D SPACE',''
  ) );
#7981 = ADVANCED_FACE('',(#7982),#3342,.F.);
#7982 = FACE_BOUND('',#7983,.F.);
#7983 = EDGE_LOOP('',(#7984,#8007,#8008,#8031));
#7984 = ORIENTED_EDGE('',*,*,#7985,.F.);
#7985 = EDGE_CURVE('',#3325,#7986,#7988,.T.);
#7986 = VERTEX_POINT('',#7987);
#7987 = CARTESIAN_POINT('',(-190.,-86.,646.));
#7988 = SURFACE_CURVE('',#7989,(#7993,#8000),.PCURVE_S1.);
#7989 = LINE('',#7990,#7991);
#7990 = CARTESIAN_POINT('',(-190.,-100.,646.));
#7991 = VECTOR('',#7992,1.);
#7992 = DIRECTION('',(0.,1.,0.));
#7993 = PCURVE('',#3342,#7994);
#7994 = DEFINITIONAL_REPRESENTATION('',(#7995),#7999);
#7995 = LINE('',#7996,#7997);
#7996 = CARTESIAN_POINT('',(0.,0.));
#7997 = VECTOR('',#7998,1.);
#7998 = DIRECTION('',(0.,1.));
#7999 = ( GEOMETRIC_REPRESENTATION_CONTEXT(2) 
PARAMETRIC_REPRESENTATION_CONTEXT() REPRESENTATION_CONTEXT('2D SPACE',''
  ) );
#8000 = PCURVE('',#3370,#8001);
#8001 = DEFINITIONAL_REPRESENTATION('',(#8002),#8006);
#8002 = LINE('',#8003,#8004);
#8003 = CARTESIAN_POINT('',(8.,0.));
#8004 = VECTOR('',#8005,1.);
#8005 = DIRECTION('',(0.,-1.));
#8006 = ( GEOMETRIC_REPRESENTATION_CONTEXT(2) 
PARAMETRIC_REPRESENTATION_CONTEXT() REPRESENTATION_CONTEXT('2D SPACE',''
  ) );
#8007 = ORIENTED_EDGE('',*,*,#3324,.T.);
#8008 = ORIENTED_EDGE('',*,*,#8009,.T.);
#8009 = EDGE_CURVE('',#3327,#8010,#8012,.T.);
#8010 = VERTEX_POINT('',#8011);
#8011 = CARTESIAN_POINT('',(190.,-86.,646.));
#8012 = SURFACE_CURVE('',#8013,(#8017,#8024),.PCURVE_S1.);
#8013 = LINE('',#8014,#8015);
#8014 = CARTESIAN_POINT('',(190.,-100.,646.));
#8015 = VECTOR('',#8016,1.);
#8016 = DIRECTION('',(0.,1.,0.));
#8017 = PCURVE('',#3342,#8018);
#8018 = DEFINITIONAL_REPRESENTATION('',(#8019),#8023);
#8019 = LINE('',#8020,#8021);
#8020 = CARTESIAN_POINT('',(380.,0.));
#8021 = VECTOR('',#8022,1.);
#8022 = DIRECTION('',(0.,1.));
#8023 = ( GEOMETRIC_REPRESENTATION_CONTEXT(2) 
PARAMETRIC_REPRESENTATION_CONTEXT() REPRESENTATION_CONTEXT('2D SPACE',''
  ) );
#8024 = PCURVE('',#3424,#8025);
#8025 = DEFINITIONAL_REPRESENTATION('',(#8026),#8030);
#8026 = LINE('',#8027,#8028);
#8027 = CARTESIAN_POINT('',(8.,0.));
#8028 = VECTOR('',#8029,1.);
#8029 = DIRECTION('',(0.,-1.));
#8030 = ( GEOMETRIC_REPRESENTATION_CONTEXT(2) 
PARAMETRIC_REPRESENTATION_CONTEXT() REPRESENTATION_CONTEXT('2D SPACE',''
  ) );
#8031 = ORIENTED_EDGE('',*,*,#8032,.F.);
#8032 = EDGE_CURVE('',#7986,#8010,#8033,.T.);
#8033 = SURFACE_CURVE('',#8034,(#8038,#8045),.PCURVE_S1.);
#8034 = LINE('',#8035,#8036);
#8035 = CARTESIAN_POINT('',(-190.,-86.,646.));
#8036 = VECTOR('',#8037,1.);
#8037 = DIRECTION('',(1.,0.,0.));
#8038 = PCURVE('',#3342,#8039);
#8039 = DEFINITIONAL_REPRESENTATION('',(#8040),#8044);
#8040 = LINE('',#8041,#8042);
#8041 = CARTESIAN_POINT('',(0.,14.));
#8042 = VECTOR('',#8043,1.);
#8043 = DIRECTION('',(1.,0.));
#8044 = ( GEOMETRIC_REPRESENTATION_CONTEXT(2) 
PARAMETRIC_REPRESENTATION_CONTEXT() REPRESENTATION_CONTEXT('2D SPACE',''
  ) );
#8045 = PCURVE('',#8046,#8051);
#8046 = PLANE('',#8047);
#8047 = AXIS2_PLACEMENT_3D('',#8048,#8049,#8050);
#8048 = CARTESIAN_POINT('',(-190.,-86.,638.));
#8049 = DIRECTION('',(0.,1.,0.));
#8050 = DIRECTION('',(0.,0.,1.));
#8051 = DEFINITIONAL_REPRESENTATION('',(#8052),#8056);
#8052 = LINE('',#8053,#8054);
#8053 = CARTESIAN_POINT('',(8.,0.));
#8054 = VECTOR('',#8055,1.);
#8055 = DIRECTION('',(0.,1.));
#8056 = ( GEOMETRIC_REPRESENTATION_CONTEXT(2) 
PARAMETRIC_REPRESENTATION_CONTEXT() REPRESENTATION_CONTEXT('2D SPACE',''
  ) );
#8057 = ADVANCED_FACE('',(#8058),#3424,.F.);
#8058 = FACE_BOUND('',#8059,.F.);
#8059 = EDGE_LOOP('',(#8060,#8061,#8084,#8105));
#8060 = ORIENTED_EDGE('',*,*,#3410,.F.);
#8061 = ORIENTED_EDGE('',*,*,#8062,.T.);
#8062 = EDGE_CURVE('',#3383,#8063,#8065,.T.);
#8063 = VERTEX_POINT('',#8064);
#8064 = CARTESIAN_POINT('',(190.,-86.,638.));
#8065 = SURFACE_CURVE('',#8066,(#8070,#8077),.PCURVE_S1.);
#8066 = LINE('',#8067,#8068);
#8067 = CARTESIAN_POINT('',(190.,-100.,638.));
#8068 = VECTOR('',#8069,1.);
#8069 = DIRECTION('',(0.,1.,0.));
#8070 = PCURVE('',#3424,#8071);
#8071 = DEFINITIONAL_REPRESENTATION('',(#8072),#8076);
#8072 = LINE('',#8073,#8074);
#8073 = CARTESIAN_POINT('',(0.,0.));
#8074 = VECTOR('',#8075,1.);
#8075 = DIRECTION('',(0.,-1.));
#8076 = ( GEOMETRIC_REPRESENTATION_CONTEXT(2) 
PARAMETRIC_REPRESENTATION_CONTEXT() REPRESENTATION_CONTEXT('2D SPACE',''
  ) );
#8077 = PCURVE('',#3398,#8078);
#8078 = DEFINITIONAL_REPRESENTATION('',(#8079),#8083);
#8079 = LINE('',#8080,#8081);
#8080 = CARTESIAN_POINT('',(380.,0.));
#8081 = VECTOR('',#8082,1.);
#8082 = DIRECTION('',(0.,1.));
#8083 = ( GEOMETRIC_REPRESENTATION_CONTEXT(2) 
PARAMETRIC_REPRESENTATION_CONTEXT() REPRESENTATION_CONTEXT('2D SPACE',''
  ) );
#8084 = ORIENTED_EDGE('',*,*,#8085,.T.);
#8085 = EDGE_CURVE('',#8063,#8010,#8086,.T.);
#8086 = SURFACE_CURVE('',#8087,(#8091,#8098),.PCURVE_S1.);
#8087 = LINE('',#8088,#8089);
#8088 = CARTESIAN_POINT('',(190.,-86.,638.));
#8089 = VECTOR('',#8090,1.);
#8090 = DIRECTION('',(0.,0.,1.));
#8091 = PCURVE('',#3424,#8092);
#8092 = DEFINITIONAL_REPRESENTATION('',(#8093),#8097);
#8093 = LINE('',#8094,#8095);
#8094 = CARTESIAN_POINT('',(0.,-14.));
#8095 = VECTOR('',#8096,1.);
#8096 = DIRECTION('',(1.,0.));
#8097 = ( GEOMETRIC_REPRESENTATION_CONTEXT(2) 
PARAMETRIC_REPRESENTATION_CONTEXT() REPRESENTATION_CONTEXT('2D SPACE',''
  ) );
#8098 = PCURVE('',#8046,#8099);
#8099 = DEFINITIONAL_REPRESENTATION('',(#8100),#8104);
#8100 = LINE('',#8101,#8102);
#8101 = CARTESIAN_POINT('',(0.,380.));
#8102 = VECTOR('',#8103,1.);
#8103 = DIRECTION('',(1.,0.));
#8104 = ( GEOMETRIC_REPRESENTATION_CONTEXT(2) 
PARAMETRIC_REPRESENTATION_CONTEXT() REPRESENTATION_CONTEXT('2D SPACE',''
  ) );
#8105 = ORIENTED_EDGE('',*,*,#8009,.F.);
#8106 = ADVANCED_FACE('',(#8107),#3370,.T.);
#8107 = FACE_BOUND('',#8108,.T.);
#8108 = EDGE_LOOP('',(#8109,#8110,#8133,#8154));
#8109 = ORIENTED_EDGE('',*,*,#3354,.F.);
#8110 = ORIENTED_EDGE('',*,*,#8111,.T.);
#8111 = EDGE_CURVE('',#3355,#8112,#8114,.T.);
#8112 = VERTEX_POINT('',#8113);
#8113 = CARTESIAN_POINT('',(-190.,-86.,638.));
#8114 = SURFACE_CURVE('',#8115,(#8119,#8126),.PCURVE_S1.);
#8115 = LINE('',#8116,#8117);
#8116 = CARTESIAN_POINT('',(-190.,-100.,638.));
#8117 = VECTOR('',#8118,1.);
#8118 = DIRECTION('',(0.,1.,0.));
#8119 = PCURVE('',#3370,#8120);
#8120 = DEFINITIONAL_REPRESENTATION('',(#8121),#8125);
#8121 = LINE('',#8122,#8123);
#8122 = CARTESIAN_POINT('',(0.,0.));
#8123 = VECTOR('',#8124,1.);
#8124 = DIRECTION('',(0.,-1.));
#8125 = ( GEOMETRIC_REPRESENTATION_CONTEXT(2) 
PARAMETRIC_REPRESENTATION_CONTEXT() REPRESENTATION_CONTEXT('2D SPACE',''
  ) );
#8126 = PCURVE('',#3398,#8127);
#8127 = DEFINITIONAL_REPRESENTATION('',(#8128),#8132);
#8128 = LINE('',#8129,#8130);
#8129 = CARTESIAN_POINT('',(0.,0.));
#8130 = VECTOR('',#8131,1.);
#8131 = DIRECTION('',(0.,1.));
#8132 = ( GEOMETRIC_REPRESENTATION_CONTEXT(2) 
PARAMETRIC_REPRESENTATION_CONTEXT() REPRESENTATION_CONTEXT('2D SPACE',''
  ) );
#8133 = ORIENTED_EDGE('',*,*,#8134,.T.);
#8134 = EDGE_CURVE('',#8112,#7986,#8135,.T.);
#8135 = SURFACE_CURVE('',#8136,(#8140,#8147),.PCURVE_S1.);
#8136 = LINE('',#8137,#8138);
#8137 = CARTESIAN_POINT('',(-190.,-86.,638.));
#8138 = VECTOR('',#8139,1.);
#8139 = DIRECTION('',(0.,0.,1.));
#8140 = PCURVE('',#3370,#8141);
#8141 = DEFINITIONAL_REPRESENTATION('',(#8142),#8146);
#8142 = LINE('',#8143,#8144);
#8143 = CARTESIAN_POINT('',(0.,-14.));
#8144 = VECTOR('',#8145,1.);
#8145 = DIRECTION('',(1.,0.));
#8146 = ( GEOMETRIC_REPRESENTATION_CONTEXT(2) 
PARAMETRIC_REPRESENTATION_CONTEXT() REPRESENTATION_CONTEXT('2D SPACE',''
  ) );
#8147 = PCURVE('',#8046,#8148);
#8148 = DEFINITIONAL_REPRESENTATION('',(#8149),#8153);
#8149 = LINE('',#8150,#8151);
#8150 = CARTESIAN_POINT('',(0.,0.));
#8151 = VECTOR('',#8152,1.);
#8152 = DIRECTION('',(1.,0.));
#8153 = ( GEOMETRIC_REPRESENTATION_CONTEXT(2) 
PARAMETRIC_REPRESENTATION_CONTEXT() REPRESENTATION_CONTEXT('2D SPACE',''
  ) );
#8154 = ORIENTED_EDGE('',*,*,#7985,.F.);
#8155 = ADVANCED_FACE('',(#8156),#3398,.T.);
#8156 = FACE_BOUND('',#8157,.T.);
#8157 = EDGE_LOOP('',(#8158,#8159,#8160,#8161));
#8158 = ORIENTED_EDGE('',*,*,#8111,.F.);
#8159 = ORIENTED_EDGE('',*,*,#3382,.T.);
#8160 = ORIENTED_EDGE('',*,*,#8062,.T.);
#8161 = ORIENTED_EDGE('',*,*,#8162,.F.);
#8162 = EDGE_CURVE('',#8112,#8063,#8163,.T.);
#8163 = SURFACE_CURVE('',#8164,(#8168,#8175),.PCURVE_S1.);
#8164 = LINE('',#8165,#8166);
#8165 = CARTESIAN_POINT('',(-190.,-86.,638.));
#8166 = VECTOR('',#8167,1.);
#8167 = DIRECTION('',(1.,0.,0.));
#8168 = PCURVE('',#3398,#8169);
#8169 = DEFINITIONAL_REPRESENTATION('',(#8170),#8174);
#8170 = LINE('',#8171,#8172);
#8171 = CARTESIAN_POINT('',(0.,14.));
#8172 = VECTOR('',#8173,1.);
#8173 = DIRECTION('',(1.,0.));
#8174 = ( GEOMETRIC_REPRESENTATION_CONTEXT(2) 
PARAMETRIC_REPRESENTATION_CONTEXT() REPRESENTATION_CONTEXT('2D SPACE',''
  ) );
#8175 = PCURVE('',#8046,#8176);
#8176 = DEFINITIONAL_REPRESENTATION('',(#8177),#8181);
#8177 = LINE('',#8178,#8179);
#8178 = CARTESIAN_POINT('',(0.,0.));
#8179 = VECTOR('',#8180,1.);
#8180 = DIRECTION('',(0.,1.));
#8181 = ( GEOMETRIC_REPRESENTATION_CONTEXT(2) 
PARAMETRIC_REPRESENTATION_CONTEXT() REPRESENTATION_CONTEXT('2D SPACE',''
  ) );
#8182 = ADVANCED_FACE('',(#8183),#3456,.F.);
#8183 = FACE_BOUND('',#8184,.F.);
#8184 = EDGE_LOOP('',(#8185,#8208,#8209,#8232));
#8185 = ORIENTED_EDGE('',*,*,#8186,.F.);
#8186 = EDGE_CURVE('',#3439,#8187,#8189,.T.);
#8187 = VERTEX_POINT('',#8188);
#8188 = CARTESIAN_POINT('',(-190.,-86.,666.));
#8189 = SURFACE_CURVE('',#8190,(#8194,#8201),.PCURVE_S1.);
#8190 = LINE('',#8191,#8192);
#8191 = CARTESIAN_POINT('',(-190.,-100.,666.));
#8192 = VECTOR('',#8193,1.);
#8193 = DIRECTION('',(0.,1.,0.));
#8194 = PCURVE('',#3456,#8195);
#8195 = DEFINITIONAL_REPRESENTATION('',(#8196),#8200);
#8196 = LINE('',#8197,#8198);
#8197 = CARTESIAN_POINT('',(0.,0.));
#8198 = VECTOR('',#8199,1.);
#8199 = DIRECTION('',(0.,1.));
#8200 = ( GEOMETRIC_REPRESENTATION_CONTEXT(2) 
PARAMETRIC_REPRESENTATION_CONTEXT() REPRESENTATION_CONTEXT('2D SPACE',''
  ) );
#8201 = PCURVE('',#3484,#8202);
#8202 = DEFINITIONAL_REPRESENTATION('',(#8203),#8207);
#8203 = LINE('',#8204,#8205);
#8204 = CARTESIAN_POINT('',(8.,0.));
#8205 = VECTOR('',#8206,1.);
#8206 = DIRECTION('',(0.,-1.));
#8207 = ( GEOMETRIC_REPRESENTATION_CONTEXT(2) 
PARAMETRIC_REPRESENTATION_CONTEXT() REPRESENTATION_CONTEXT('2D SPACE',''
  ) );
#8208 = ORIENTED_EDGE('',*,*,#3438,.T.);
#8209 = ORIENTED_EDGE('',*,*,#8210,.T.);
#8210 = EDGE_CURVE('',#3441,#8211,#8213,.T.);
#8211 = VERTEX_POINT('',#8212);
#8212 = CARTESIAN_POINT('',(190.,-86.,666.));
#8213 = SURFACE_CURVE('',#8214,(#8218,#8225),.PCURVE_S1.);
#8214 = LINE('',#8215,#8216);
#8215 = CARTESIAN_POINT('',(190.,-100.,666.));
#8216 = VECTOR('',#8217,1.);
#8217 = DIRECTION('',(0.,1.,0.));
#8218 = PCURVE('',#3456,#8219);
#8219 = DEFINITIONAL_REPRESENTATION('',(#8220),#8224);
#8220 = LINE('',#8221,#8222);
#8221 = CARTESIAN_POINT('',(380.,0.));
#8222 = VECTOR('',#8223,1.);
#8223 = DIRECTION('',(0.,1.));
#8224 = ( GEOMETRIC_REPRESENTATION_CONTEXT(2) 
PARAMETRIC_REPRESENTATION_CONTEXT() REPRESENTATION_CONTEXT('2D SPACE',''
  ) );
#8225 = PCURVE('',#3538,#8226);
#8226 = DEFINITIONAL_REPRESENTATION('',(#8227),#8231);
#8227 = LINE('',#8228,#8229);
#8228 = CARTESIAN_POINT('',(8.,0.));
#8229 = VECTOR('',#8230,1.);
#8230 = DIRECTION('',(0.,-1.));
#8231 = ( GEOMETRIC_REPRESENTATION_CONTEXT(2) 
PARAMETRIC_REPRESENTATION_CONTEXT() REPRESENTATION_CONTEXT('2D SPACE',''
  ) );
#8232 = ORIENTED_EDGE('',*,*,#8233,.F.);
#8233 = EDGE_CURVE('',#8187,#8211,#8234,.T.);
#8234 = SURFACE_CURVE('',#8235,(#8239,#8246),.PCURVE_S1.);
#8235 = LINE('',#8236,#8237);
#8236 = CARTESIAN_POINT('',(-190.,-86.,666.));
#8237 = VECTOR('',#8238,1.);
#8238 = DIRECTION('',(1.,0.,0.));
#8239 = PCURVE('',#3456,#8240);
#8240 = DEFINITIONAL_REPRESENTATION('',(#8241),#8245);
#8241 = LINE('',#8242,#8243);
#8242 = CARTESIAN_POINT('',(0.,14.));
#8243 = VECTOR('',#8244,1.);
#8244 = DIRECTION('',(1.,0.));
#8245 = ( GEOMETRIC_REPRESENTATION_CONTEXT(2) 
PARAMETRIC_REPRESENTATION_CONTEXT() REPRESENTATION_CONTEXT('2D SPACE',''
  ) );
#8246 = PCURVE('',#8247,#8252);
#8247 = PLANE('',#8248);
#8248 = AXIS2_PLACEMENT_3D('',#8249,#8250,#8251);
#8249 = CARTESIAN_POINT('',(-190.,-86.,658.));
#8250 = DIRECTION('',(0.,1.,0.));
#8251 = DIRECTION('',(0.,0.,1.));
#8252 = DEFINITIONAL_REPRESENTATION('',(#8253),#8257);
#8253 = LINE('',#8254,#8255);
#8254 = CARTESIAN_POINT('',(8.,0.));
#8255 = VECTOR('',#8256,1.);
#8256 = DIRECTION('',(0.,1.));
#8257 = ( GEOMETRIC_REPRESENTATION_CONTEXT(2) 
PARAMETRIC_REPRESENTATION_CONTEXT() REPRESENTATION_CONTEXT('2D SPACE',''
  ) );
#8258 = ADVANCED_FACE('',(#8259),#3538,.F.);
#8259 = FACE_BOUND('',#8260,.F.);
#8260 = EDGE_LOOP('',(#8261,#8262,#8285,#8306));
#8261 = ORIENTED_EDGE('',*,*,#3524,.F.);
#8262 = ORIENTED_EDGE('',*,*,#8263,.T.);
#8263 = EDGE_CURVE('',#3497,#8264,#8266,.T.);
#8264 = VERTEX_POINT('',#8265);
#8265 = CARTESIAN_POINT('',(190.,-86.,658.));
#8266 = SURFACE_CURVE('',#8267,(#8271,#8278),.PCURVE_S1.);
#8267 = LINE('',#8268,#8269);
#8268 = CARTESIAN_POINT('',(190.,-100.,658.));
#8269 = VECTOR('',#8270,1.);
#8270 = DIRECTION('',(0.,1.,0.));
#8271 = PCURVE('',#3538,#8272);
#8272 = DEFINITIONAL_REPRESENTATION('',(#8273),#8277);
#8273 = LINE('',#8274,#8275);
#8274 = CARTESIAN_POINT('',(0.,0.));
#8275 = VECTOR('',#8276,1.);
#8276 = DIRECTION('',(0.,-1.));
#8277 = ( GEOMETRIC_REPRESENTATION_CONTEXT(2) 
PARAMETRIC_REPRESENTATION_CONTEXT() REPRESENTATION_CONTEXT('2D SPACE',''
  ) );
#8278 = PCURVE('',#3512,#8279);
#8279 = DEFINITIONAL_REPRESENTATION('',(#8280),#8284);
#8280 = LINE('',#8281,#8282);
#8281 = CARTESIAN_POINT('',(380.,0.));
#8282 = VECTOR('',#8283,1.);
#8283 = DIRECTION('',(0.,1.));
#8284 = ( GEOMETRIC_REPRESENTATION_CONTEXT(2) 
PARAMETRIC_REPRESENTATION_CONTEXT() REPRESENTATION_CONTEXT('2D SPACE',''
  ) );
#8285 = ORIENTED_EDGE('',*,*,#8286,.T.);
#8286 = EDGE_CURVE('',#8264,#8211,#8287,.T.);
#8287 = SURFACE_CURVE('',#8288,(#8292,#8299),.PCURVE_S1.);
#8288 = LINE('',#8289,#8290);
#8289 = CARTESIAN_POINT('',(190.,-86.,658.));
#8290 = VECTOR('',#8291,1.);
#8291 = DIRECTION('',(0.,0.,1.));
#8292 = PCURVE('',#3538,#8293);
#8293 = DEFINITIONAL_REPRESENTATION('',(#8294),#8298);
#8294 = LINE('',#8295,#8296);
#8295 = CARTESIAN_POINT('',(0.,-14.));
#8296 = VECTOR('',#8297,1.);
#8297 = DIRECTION('',(1.,0.));
#8298 = ( GEOMETRIC_REPRESENTATION_CONTEXT(2) 
PARAMETRIC_REPRESENTATION_CONTEXT() REPRESENTATION_CONTEXT('2D SPACE',''
  ) );
#8299 = PCURVE('',#8247,#8300);
#8300 = DEFINITIONAL_REPRESENTATION('',(#8301),#8305);
#8301 = LINE('',#8302,#8303);
#8302 = CARTESIAN_POINT('',(0.,380.));
#8303 = VECTOR('',#8304,1.);
#8304 = DIRECTION('',(1.,0.));
#8305 = ( GEOMETRIC_REPRESENTATION_CONTEXT(2) 
PARAMETRIC_REPRESENTATION_CONTEXT() REPRESENTATION_CONTEXT('2D SPACE',''
  ) );
#8306 = ORIENTED_EDGE('',*,*,#8210,.F.);
#8307 = ADVANCED_FACE('',(#8308),#3484,.T.);
#8308 = FACE_BOUND('',#8309,.T.);
#8309 = EDGE_LOOP('',(#8310,#8311,#8334,#8355));
#8310 = ORIENTED_EDGE('',*,*,#3468,.F.);
#8311 = ORIENTED_EDGE('',*,*,#8312,.T.);
#8312 = EDGE_CURVE('',#3469,#8313,#8315,.T.);
#8313 = VERTEX_POINT('',#8314);
#8314 = CARTESIAN_POINT('',(-190.,-86.,658.));
#8315 = SURFACE_CURVE('',#8316,(#8320,#8327),.PCURVE_S1.);
#8316 = LINE('',#8317,#8318);
#8317 = CARTESIAN_POINT('',(-190.,-100.,658.));
#8318 = VECTOR('',#8319,1.);
#8319 = DIRECTION('',(0.,1.,0.));
#8320 = PCURVE('',#3484,#8321);
#8321 = DEFINITIONAL_REPRESENTATION('',(#8322),#8326);
#8322 = LINE('',#8323,#8324);
#8323 = CARTESIAN_POINT('',(0.,0.));
#8324 = VECTOR('',#8325,1.);
#8325 = DIRECTION('',(0.,-1.));
#8326 = ( GEOMETRIC_REPRESENTATION_CONTEXT(2) 
PARAMETRIC_REPRESENTATION_CONTEXT() REPRESENTATION_CONTEXT('2D SPACE',''
  ) );
#8327 = PCURVE('',#3512,#8328);
#8328 = DEFINITIONAL_REPRESENTATION('',(#8329),#8333);
#8329 = LINE('',#8330,#8331);
#8330 = CARTESIAN_POINT('',(0.,0.));
#8331 = VECTOR('',#8332,1.);
#8332 = DIRECTION('',(0.,1.));
#8333 = ( GEOMETRIC_REPRESENTATION_CONTEXT(2) 
PARAMETRIC_REPRESENTATION_CONTEXT() REPRESENTATION_CONTEXT('2D SPACE',''
  ) );
#8334 = ORIENTED_EDGE('',*,*,#8335,.T.);
#8335 = EDGE_CURVE('',#8313,#8187,#8336,.T.);
#8336 = SURFACE_CURVE('',#8337,(#8341,#8348),.PCURVE_S1.);
#8337 = LINE('',#8338,#8339);
#8338 = CARTESIAN_POINT('',(-190.,-86.,658.));
#8339 = VECTOR('',#8340,1.);
#8340 = DIRECTION('',(0.,0.,1.));
#8341 = PCURVE('',#3484,#8342);
#8342 = DEFINITIONAL_REPRESENTATION('',(#8343),#8347);
#8343 = LINE('',#8344,#8345);
#8344 = CARTESIAN_POINT('',(0.,-14.));
#8345 = VECTOR('',#8346,1.);
#8346 = DIRECTION('',(1.,0.));
#8347 = ( GEOMETRIC_REPRESENTATION_CONTEXT(2) 
PARAMETRIC_REPRESENTATION_CONTEXT() REPRESENTATION_CONTEXT('2D SPACE',''
  ) );
#8348 = PCURVE('',#8247,#8349);
#8349 = DEFINITIONAL_REPRESENTATION('',(#8350),#8354);
#8350 = LINE('',#8351,#8352);
#8351 = CARTESIAN_POINT('',(0.,0.));
#8352 = VECTOR('',#8353,1.);
#8353 = DIRECTION('',(1.,0.));
#8354 = ( GEOMETRIC_REPRESENTATION_CONTEXT(2) 
PARAMETRIC_REPRESENTATION_CONTEXT() REPRESENTATION_CONTEXT('2D SPACE',''
  ) );
#8355 = ORIENTED_EDGE('',*,*,#8186,.F.);
#8356 = ADVANCED_FACE('',(#8357),#3512,.T.);
#8357 = FACE_BOUND('',#8358,.T.);
#8358 = EDGE_LOOP('',(#8359,#8360,#8361,#8362));
#8359 = ORIENTED_EDGE('',*,*,#8312,.F.);
#8360 = ORIENTED_EDGE('',*,*,#3496,.T.);
#8361 = ORIENTED_EDGE('',*,*,#8263,.T.);
#8362 = ORIENTED_EDGE('',*,*,#8363,.F.);
#8363 = EDGE_CURVE('',#8313,#8264,#8364,.T.);
#8364 = SURFACE_CURVE('',#8365,(#8369,#8376),.PCURVE_S1.);
#8365 = LINE('',#8366,#8367);
#8366 = CARTESIAN_POINT('',(-190.,-86.,658.));
#8367 = VECTOR('',#8368,1.);
#8368 = DIRECTION('',(1.,0.,0.));
#8369 = PCURVE('',#3512,#8370);
#8370 = DEFINITIONAL_REPRESENTATION('',(#8371),#8375);
#8371 = LINE('',#8372,#8373);
#8372 = CARTESIAN_POINT('',(0.,14.));
#8373 = VECTOR('',#8374,1.);
#8374 = DIRECTION('',(1.,0.));
#8375 = ( GEOMETRIC_REPRESENTATION_CONTEXT(2) 
PARAMETRIC_REPRESENTATION_CONTEXT() REPRESENTATION_CONTEXT('2D SPACE',''
  ) );
#8376 = PCURVE('',#8247,#8377);
#8377 = DEFINITIONAL_REPRESENTATION('',(#8378),#8382);
#8378 = LINE('',#8379,#8380);
#8379 = CARTESIAN_POINT('',(0.,0.));
#8380 = VECTOR('',#8381,1.);
#8381 = DIRECTION('',(0.,1.));
#8382 = ( GEOMETRIC_REPRESENTATION_CONTEXT(2) 
PARAMETRIC_REPRESENTATION_CONTEXT() REPRESENTATION_CONTEXT('2D SPACE',''
  ) );
#8383 = ADVANCED_FACE('',(#8384),#3570,.F.);
#8384 = FACE_BOUND('',#8385,.F.);
#8385 = EDGE_LOOP('',(#8386,#8409,#8410,#8433));
#8386 = ORIENTED_EDGE('',*,*,#8387,.F.);
#8387 = EDGE_CURVE('',#3553,#8388,#8390,.T.);
#8388 = VERTEX_POINT('',#8389);
#8389 = CARTESIAN_POINT('',(-190.,-86.,686.));
#8390 = SURFACE_CURVE('',#8391,(#8395,#8402),.PCURVE_S1.);
#8391 = LINE('',#8392,#8393);
#8392 = CARTESIAN_POINT('',(-190.,-100.,686.));
#8393 = VECTOR('',#8394,1.);
#8394 = DIRECTION('',(0.,1.,0.));
#8395 = PCURVE('',#3570,#8396);
#8396 = DEFINITIONAL_REPRESENTATION('',(#8397),#8401);
#8397 = LINE('',#8398,#8399);
#8398 = CARTESIAN_POINT('',(0.,0.));
#8399 = VECTOR('',#8400,1.);
#8400 = DIRECTION('',(0.,1.));
#8401 = ( GEOMETRIC_REPRESENTATION_CONTEXT(2) 
PARAMETRIC_REPRESENTATION_CONTEXT() REPRESENTATION_CONTEXT('2D SPACE',''
  ) );
#8402 = PCURVE('',#3598,#8403);
#8403 = DEFINITIONAL_REPRESENTATION('',(#8404),#8408);
#8404 = LINE('',#8405,#8406);
#8405 = CARTESIAN_POINT('',(8.,0.));
#8406 = VECTOR('',#8407,1.);
#8407 = DIRECTION('',(0.,-1.));
#8408 = ( GEOMETRIC_REPRESENTATION_CONTEXT(2) 
PARAMETRIC_REPRESENTATION_CONTEXT() REPRESENTATION_CONTEXT('2D SPACE',''
  ) );
#8409 = ORIENTED_EDGE('',*,*,#3552,.T.);
#8410 = ORIENTED_EDGE('',*,*,#8411,.T.);
#8411 = EDGE_CURVE('',#3555,#8412,#8414,.T.);
#8412 = VERTEX_POINT('',#8413);
#8413 = CARTESIAN_POINT('',(190.,-86.,686.));
#8414 = SURFACE_CURVE('',#8415,(#8419,#8426),.PCURVE_S1.);
#8415 = LINE('',#8416,#8417);
#8416 = CARTESIAN_POINT('',(190.,-100.,686.));
#8417 = VECTOR('',#8418,1.);
#8418 = DIRECTION('',(0.,1.,0.));
#8419 = PCURVE('',#3570,#8420);
#8420 = DEFINITIONAL_REPRESENTATION('',(#8421),#8425);
#8421 = LINE('',#8422,#8423);
#8422 = CARTESIAN_POINT('',(380.,0.));
#8423 = VECTOR('',#8424,1.);
#8424 = DIRECTION('',(0.,1.));
#8425 = ( GEOMETRIC_REPRESENTATION_CONTEXT(2) 
PARAMETRIC_REPRESENTATION_CONTEXT() REPRESENTATION_CONTEXT('2D SPACE',''
  ) );
#8426 = PCURVE('',#3652,#8427);
#8427 = DEFINITIONAL_REPRESENTATION('',(#8428),#8432);
#8428 = LINE('',#8429,#8430);
#8429 = CARTESIAN_POINT('',(8.,0.));
#8430 = VECTOR('',#8431,1.);
#8431 = DIRECTION('',(0.,-1.));
#8432 = ( GEOMETRIC_REPRESENTATION_CONTEXT(2) 
PARAMETRIC_REPRESENTATION_CONTEXT() REPRESENTATION_CONTEXT('2D SPACE',''
  ) );
#8433 = ORIENTED_EDGE('',*,*,#8434,.F.);
#8434 = EDGE_CURVE('',#8388,#8412,#8435,.T.);
#8435 = SURFACE_CURVE('',#8436,(#8440,#8447),.PCURVE_S1.);
#8436 = LINE('',#8437,#8438);
#8437 = CARTESIAN_POINT('',(-190.,-86.,686.));
#8438 = VECTOR('',#8439,1.);
#8439 = DIRECTION('',(1.,0.,0.));
#8440 = PCURVE('',#3570,#8441);
#8441 = DEFINITIONAL_REPRESENTATION('',(#8442),#8446);
#8442 = LINE('',#8443,#8444);
#8443 = CARTESIAN_POINT('',(0.,14.));
#8444 = VECTOR('',#8445,1.);
#8445 = DIRECTION('',(1.,0.));
#8446 = ( GEOMETRIC_REPRESENTATION_CONTEXT(2) 
PARAMETRIC_REPRESENTATION_CONTEXT() REPRESENTATION_CONTEXT('2D SPACE',''
  ) );
#8447 = PCURVE('',#8448,#8453);
#8448 = PLANE('',#8449);
#8449 = AXIS2_PLACEMENT_3D('',#8450,#8451,#8452);
#8450 = CARTESIAN_POINT('',(-190.,-86.,678.));
#8451 = DIRECTION('',(0.,1.,0.));
#8452 = DIRECTION('',(0.,0.,1.));
#8453 = DEFINITIONAL_REPRESENTATION('',(#8454),#8458);
#8454 = LINE('',#8455,#8456);
#8455 = CARTESIAN_POINT('',(8.,0.));
#8456 = VECTOR('',#8457,1.);
#8457 = DIRECTION('',(0.,1.));
#8458 = ( GEOMETRIC_REPRESENTATION_CONTEXT(2) 
PARAMETRIC_REPRESENTATION_CONTEXT() REPRESENTATION_CONTEXT('2D SPACE',''
  ) );
#8459 = ADVANCED_FACE('',(#8460),#3652,.F.);
#8460 = FACE_BOUND('',#8461,.F.);
#8461 = EDGE_LOOP('',(#8462,#8463,#8486,#8507));
#8462 = ORIENTED_EDGE('',*,*,#3638,.F.);
#8463 = ORIENTED_EDGE('',*,*,#8464,.T.);
#8464 = EDGE_CURVE('',#3611,#8465,#8467,.T.);
#8465 = VERTEX_POINT('',#8466);
#8466 = CARTESIAN_POINT('',(190.,-86.,678.));
#8467 = SURFACE_CURVE('',#8468,(#8472,#8479),.PCURVE_S1.);
#8468 = LINE('',#8469,#8470);
#8469 = CARTESIAN_POINT('',(190.,-100.,678.));
#8470 = VECTOR('',#8471,1.);
#8471 = DIRECTION('',(0.,1.,0.));
#8472 = PCURVE('',#3652,#8473);
#8473 = DEFINITIONAL_REPRESENTATION('',(#8474),#8478);
#8474 = LINE('',#8475,#8476);
#8475 = CARTESIAN_POINT('',(0.,0.));
#8476 = VECTOR('',#8477,1.);
#8477 = DIRECTION('',(0.,-1.));
#8478 = ( GEOMETRIC_REPRESENTATION_CONTEXT(2) 
PARAMETRIC_REPRESENTATION_CONTEXT() REPRESENTATION_CONTEXT('2D SPACE',''
  ) );
#8479 = PCURVE('',#3626,#8480);
#8480 = DEFINITIONAL_REPRESENTATION('',(#8481),#8485);
#8481 = LINE('',#8482,#8483);
#8482 = CARTESIAN_POINT('',(380.,0.));
#8483 = VECTOR('',#8484,1.);
#8484 = DIRECTION('',(0.,1.));
#8485 = ( GEOMETRIC_REPRESENTATION_CONTEXT(2) 
PARAMETRIC_REPRESENTATION_CONTEXT() REPRESENTATION_CONTEXT('2D SPACE',''
  ) );
#8486 = ORIENTED_EDGE('',*,*,#8487,.T.);
#8487 = EDGE_CURVE('',#8465,#8412,#8488,.T.);
#8488 = SURFACE_CURVE('',#8489,(#8493,#8500),.PCURVE_S1.);
#8489 = LINE('',#8490,#8491);
#8490 = CARTESIAN_POINT('',(190.,-86.,678.));
#8491 = VECTOR('',#8492,1.);
#8492 = DIRECTION('',(0.,0.,1.));
#8493 = PCURVE('',#3652,#8494);
#8494 = DEFINITIONAL_REPRESENTATION('',(#8495),#8499);
#8495 = LINE('',#8496,#8497);
#8496 = CARTESIAN_POINT('',(0.,-14.));
#8497 = VECTOR('',#8498,1.);
#8498 = DIRECTION('',(1.,0.));
#8499 = ( GEOMETRIC_REPRESENTATION_CONTEXT(2) 
PARAMETRIC_REPRESENTATION_CONTEXT() REPRESENTATION_CONTEXT('2D SPACE',''
  ) );
#8500 = PCURVE('',#8448,#8501);
#8501 = DEFINITIONAL_REPRESENTATION('',(#8502),#8506);
#8502 = LINE('',#8503,#8504);
#8503 = CARTESIAN_POINT('',(0.,380.));
#8504 = VECTOR('',#8505,1.);
#8505 = DIRECTION('',(1.,0.));
#8506 = ( GEOMETRIC_REPRESENTATION_CONTEXT(2) 
PARAMETRIC_REPRESENTATION_CONTEXT() REPRESENTATION_CONTEXT('2D SPACE',''
  ) );
#8507 = ORIENTED_EDGE('',*,*,#8411,.F.);
#8508 = ADVANCED_FACE('',(#8509),#3598,.T.);
#8509 = FACE_BOUND('',#8510,.T.);
#8510 = EDGE_LOOP('',(#8511,#8512,#8535,#8556));
#8511 = ORIENTED_EDGE('',*,*,#3582,.F.);
#8512 = ORIENTED_EDGE('',*,*,#8513,.T.);
#8513 = EDGE_CURVE('',#3583,#8514,#8516,.T.);
#8514 = VERTEX_POINT('',#8515);
#8515 = CARTESIAN_POINT('',(-190.,-86.,678.));
#8516 = SURFACE_CURVE('',#8517,(#8521,#8528),.PCURVE_S1.);
#8517 = LINE('',#8518,#8519);
#8518 = CARTESIAN_POINT('',(-190.,-100.,678.));
#8519 = VECTOR('',#8520,1.);
#8520 = DIRECTION('',(0.,1.,0.));
#8521 = PCURVE('',#3598,#8522);
#8522 = DEFINITIONAL_REPRESENTATION('',(#8523),#8527);
#8523 = LINE('',#8524,#8525);
#8524 = CARTESIAN_POINT('',(0.,0.));
#8525 = VECTOR('',#8526,1.);
#8526 = DIRECTION('',(0.,-1.));
#8527 = ( GEOMETRIC_REPRESENTATION_CONTEXT(2) 
PARAMETRIC_REPRESENTATION_CONTEXT() REPRESENTATION_CONTEXT('2D SPACE',''
  ) );
#8528 = PCURVE('',#3626,#8529);
#8529 = DEFINITIONAL_REPRESENTATION('',(#8530),#8534);
#8530 = LINE('',#8531,#8532);
#8531 = CARTESIAN_POINT('',(0.,0.));
#8532 = VECTOR('',#8533,1.);
#8533 = DIRECTION('',(0.,1.));
#8534 = ( GEOMETRIC_REPRESENTATION_CONTEXT(2) 
PARAMETRIC_REPRESENTATION_CONTEXT() REPRESENTATION_CONTEXT('2D SPACE',''
  ) );
#8535 = ORIENTED_EDGE('',*,*,#8536,.T.);
#8536 = EDGE_CURVE('',#8514,#8388,#8537,.T.);
#8537 = SURFACE_CURVE('',#8538,(#8542,#8549),.PCURVE_S1.);
#8538 = LINE('',#8539,#8540);
#8539 = CARTESIAN_POINT('',(-190.,-86.,678.));
#8540 = VECTOR('',#8541,1.);
#8541 = DIRECTION('',(0.,0.,1.));
#8542 = PCURVE('',#3598,#8543);
#8543 = DEFINITIONAL_REPRESENTATION('',(#8544),#8548);
#8544 = LINE('',#8545,#8546);
#8545 = CARTESIAN_POINT('',(0.,-14.));
#8546 = VECTOR('',#8547,1.);
#8547 = DIRECTION('',(1.,0.));
#8548 = ( GEOMETRIC_REPRESENTATION_CONTEXT(2) 
PARAMETRIC_REPRESENTATION_CONTEXT() REPRESENTATION_CONTEXT('2D SPACE',''
  ) );
#8549 = PCURVE('',#8448,#8550);
#8550 = DEFINITIONAL_REPRESENTATION('',(#8551),#8555);
#8551 = LINE('',#8552,#8553);
#8552 = CARTESIAN_POINT('',(0.,0.));
#8553 = VECTOR('',#8554,1.);
#8554 = DIRECTION('',(1.,0.));
#8555 = ( GEOMETRIC_REPRESENTATION_CONTEXT(2) 
PARAMETRIC_REPRESENTATION_CONTEXT() REPRESENTATION_CONTEXT('2D SPACE',''
  ) );
#8556 = ORIENTED_EDGE('',*,*,#8387,.F.);
#8557 = ADVANCED_FACE('',(#8558),#3626,.T.);
#8558 = FACE_BOUND('',#8559,.T.);
#8559 = EDGE_LOOP('',(#8560,#8561,#8562,#8563));
#8560 = ORIENTED_EDGE('',*,*,#8513,.F.);
#8561 = ORIENTED_EDGE('',*,*,#3610,.T.);
#8562 = ORIENTED_EDGE('',*,*,#8464,.T.);
#8563 = ORIENTED_EDGE('',*,*,#8564,.F.);
#8564 = EDGE_CURVE('',#8514,#8465,#8565,.T.);
#8565 = SURFACE_CURVE('',#8566,(#8570,#8577),.PCURVE_S1.);
#8566 = LINE('',#8567,#8568);
#8567 = CARTESIAN_POINT('',(-190.,-86.,678.));
#8568 = VECTOR('',#8569,1.);
#8569 = DIRECTION('',(1.,0.,0.));
#8570 = PCURVE('',#3626,#8571);
#8571 = DEFINITIONAL_REPRESENTATION('',(#8572),#8576);
#8572 = LINE('',#8573,#8574);
#8573 = CARTESIAN_POINT('',(0.,14.));
#8574 = VECTOR('',#8575,1.);
#8575 = DIRECTION('',(1.,0.));
#8576 = ( GEOMETRIC_REPRESENTATION_CONTEXT(2) 
PARAMETRIC_REPRESENTATION_CONTEXT() REPRESENTATION_CONTEXT('2D SPACE',''
  ) );
#8577 = PCURVE('',#8448,#8578);
#8578 = DEFINITIONAL_REPRESENTATION('',(#8579),#8583);
#8579 = LINE('',#8580,#8581);
#8580 = CARTESIAN_POINT('',(0.,0.));
#8581 = VECTOR('',#8582,1.);
#8582 = DIRECTION('',(0.,1.));
#8583 = ( GEOMETRIC_REPRESENTATION_CONTEXT(2) 
PARAMETRIC_REPRESENTATION_CONTEXT() REPRESENTATION_CONTEXT('2D SPACE',''
  ) );
#8584 = ADVANCED_FACE('',(#8585),#3687,.T.);
#8585 = FACE_BOUND('',#8586,.F.);
#8586 = EDGE_LOOP('',(#8587,#8610,#8637,#8638));
#8587 = ORIENTED_EDGE('',*,*,#8588,.T.);
#8588 = EDGE_CURVE('',#3667,#8589,#8591,.T.);
#8589 = VERTEX_POINT('',#8590);
#8590 = CARTESIAN_POINT('',(60.,-490.,710.));
#8591 = SEAM_CURVE('',#8592,(#8596,#8603),.PCURVE_S1.);
#8592 = LINE('',#8593,#8594);
#8593 = CARTESIAN_POINT('',(60.,-100.,710.));
#8594 = VECTOR('',#8595,1.);
#8595 = DIRECTION('',(0.,-1.,0.));
#8596 = PCURVE('',#3687,#8597);
#8597 = DEFINITIONAL_REPRESENTATION('',(#8598),#8602);
#8598 = LINE('',#8599,#8600);
#8599 = CARTESIAN_POINT('',(-0.,0.));
#8600 = VECTOR('',#8601,1.);
#8601 = DIRECTION('',(-0.,-1.));
#8602 = ( GEOMETRIC_REPRESENTATION_CONTEXT(2) 
PARAMETRIC_REPRESENTATION_CONTEXT() REPRESENTATION_CONTEXT('2D SPACE',''
  ) );
#8603 = PCURVE('',#3687,#8604);
#8604 = DEFINITIONAL_REPRESENTATION('',(#8605),#8609);
#8605 = LINE('',#8606,#8607);
#8606 = CARTESIAN_POINT('',(-6.28318530718,0.));
#8607 = VECTOR('',#8608,1.);
#8608 = DIRECTION('',(-0.,-1.));
#8609 = ( GEOMETRIC_REPRESENTATION_CONTEXT(2) 
PARAMETRIC_REPRESENTATION_CONTEXT() REPRESENTATION_CONTEXT('2D SPACE',''
  ) );
#8610 = ORIENTED_EDGE('',*,*,#8611,.T.);
#8611 = EDGE_CURVE('',#8589,#8589,#8612,.T.);
#8612 = SURFACE_CURVE('',#8613,(#8618,#8625),.PCURVE_S1.);
#8613 = CIRCLE('',#8614,10.);
#8614 = AXIS2_PLACEMENT_3D('',#8615,#8616,#8617);
#8615 = CARTESIAN_POINT('',(50.,-490.,710.));
#8616 = DIRECTION('',(0.,-1.,0.));
#8617 = DIRECTION('',(1.,0.,0.));
#8618 = PCURVE('',#3687,#8619);
#8619 = DEFINITIONAL_REPRESENTATION('',(#8620),#8624);
#8620 = LINE('',#8621,#8622);
#8621 = CARTESIAN_POINT('',(-0.,-390.));
#8622 = VECTOR('',#8623,1.);
#8623 = DIRECTION('',(-1.,0.));
#8624 = ( GEOMETRIC_REPRESENTATION_CONTEXT(2) 
PARAMETRIC_REPRESENTATION_CONTEXT() REPRESENTATION_CONTEXT('2D SPACE',''
  ) );
#8625 = PCURVE('',#8626,#8631);
#8626 = PLANE('',#8627);
#8627 = AXIS2_PLACEMENT_3D('',#8628,#8629,#8630);
#8628 = CARTESIAN_POINT('',(50.,-490.,710.));
#8629 = DIRECTION('',(-0.,-1.,-0.));
#8630 = DIRECTION('',(0.,0.,-1.));
#8631 = DEFINITIONAL_REPRESENTATION('',(#8632),#8636);
#8632 = CIRCLE('',#8633,10.);
#8633 = AXIS2_PLACEMENT_2D('',#8634,#8635);
#8634 = CARTESIAN_POINT('',(0.,0.));
#8635 = DIRECTION('',(0.,1.));
#8636 = ( GEOMETRIC_REPRESENTATION_CONTEXT(2) 
PARAMETRIC_REPRESENTATION_CONTEXT() REPRESENTATION_CONTEXT('2D SPACE',''
  ) );
#8637 = ORIENTED_EDGE('',*,*,#8588,.F.);
#8638 = ORIENTED_EDGE('',*,*,#3666,.F.);
#8639 = ADVANCED_FACE('',(#8640),#3741,.T.);
#8640 = FACE_BOUND('',#8641,.T.);
#8641 = EDGE_LOOP('',(#8642,#8643,#8644,#8645));
#8642 = ORIENTED_EDGE('',*,*,#3725,.F.);
#8643 = ORIENTED_EDGE('',*,*,#3778,.T.);
#8644 = ORIENTED_EDGE('',*,*,#3828,.T.);
#8645 = ORIENTED_EDGE('',*,*,#3876,.F.);
#8646 = ADVANCED_FACE('',(#8647),#3949,.T.);
#8647 = FACE_BOUND('',#8648,.T.);
#8648 = EDGE_LOOP('',(#8649,#8650,#8651,#8652));
#8649 = ORIENTED_EDGE('',*,*,#4036,.F.);
#8650 = ORIENTED_EDGE('',*,*,#3933,.T.);
#8651 = ORIENTED_EDGE('',*,*,#3987,.T.);
#8652 = ORIENTED_EDGE('',*,*,#4085,.F.);
#8653 = ADVANCED_FACE('',(#8654),#4150,.T.);
#8654 = FACE_BOUND('',#8655,.T.);
#8655 = EDGE_LOOP('',(#8656,#8657,#8658,#8659));
#8656 = ORIENTED_EDGE('',*,*,#4237,.F.);
#8657 = ORIENTED_EDGE('',*,*,#4134,.T.);
#8658 = ORIENTED_EDGE('',*,*,#4188,.T.);
#8659 = ORIENTED_EDGE('',*,*,#4286,.F.);
#8660 = ADVANCED_FACE('',(#8661),#4351,.T.);
#8661 = FACE_BOUND('',#8662,.T.);
#8662 = EDGE_LOOP('',(#8663,#8664,#8665,#8666));
#8663 = ORIENTED_EDGE('',*,*,#4438,.F.);
#8664 = ORIENTED_EDGE('',*,*,#4335,.T.);
#8665 = ORIENTED_EDGE('',*,*,#4389,.T.);
#8666 = ORIENTED_EDGE('',*,*,#4487,.F.);
#8667 = ADVANCED_FACE('',(#8668),#4552,.T.);
#8668 = FACE_BOUND('',#8669,.T.);
#8669 = EDGE_LOOP('',(#8670,#8671,#8672,#8673));
#8670 = ORIENTED_EDGE('',*,*,#4639,.F.);
#8671 = ORIENTED_EDGE('',*,*,#4536,.T.);
#8672 = ORIENTED_EDGE('',*,*,#4590,.T.);
#8673 = ORIENTED_EDGE('',*,*,#4688,.F.);
#8674 = ADVANCED_FACE('',(#8675),#4753,.T.);
#8675 = FACE_BOUND('',#8676,.T.);
#8676 = EDGE_LOOP('',(#8677,#8678,#8679,#8680));
#8677 = ORIENTED_EDGE('',*,*,#4840,.F.);
#8678 = ORIENTED_EDGE('',*,*,#4737,.T.);
#8679 = ORIENTED_EDGE('',*,*,#4791,.T.);
#8680 = ORIENTED_EDGE('',*,*,#4889,.F.);
#8681 = ADVANCED_FACE('',(#8682),#4954,.T.);
#8682 = FACE_BOUND('',#8683,.T.);
#8683 = EDGE_LOOP('',(#8684,#8685,#8686,#8687));
#8684 = ORIENTED_EDGE('',*,*,#5041,.F.);
#8685 = ORIENTED_EDGE('',*,*,#4938,.T.);
#8686 = ORIENTED_EDGE('',*,*,#4992,.T.);
#8687 = ORIENTED_EDGE('',*,*,#5090,.F.);
#8688 = ADVANCED_FACE('',(#8689),#5155,.T.);
#8689 = FACE_BOUND('',#8690,.T.);
#8690 = EDGE_LOOP('',(#8691,#8692,#8693,#8694));
#8691 = ORIENTED_EDGE('',*,*,#5242,.F.);
#8692 = ORIENTED_EDGE('',*,*,#5139,.T.);
#8693 = ORIENTED_EDGE('',*,*,#5193,.T.);
#8694 = ORIENTED_EDGE('',*,*,#5291,.F.);
#8695 = ADVANCED_FACE('',(#8696),#5356,.T.);
#8696 = FACE_BOUND('',#8697,.T.);
#8697 = EDGE_LOOP('',(#8698,#8699,#8700,#8701));
#8698 = ORIENTED_EDGE('',*,*,#5443,.F.);
#8699 = ORIENTED_EDGE('',*,*,#5340,.T.);
#8700 = ORIENTED_EDGE('',*,*,#5394,.T.);
#8701 = ORIENTED_EDGE('',*,*,#5492,.F.);
#8702 = ADVANCED_FACE('',(#8703),#5557,.T.);
#8703 = FACE_BOUND('',#8704,.T.);
#8704 = EDGE_LOOP('',(#8705,#8706,#8707,#8708));
#8705 = ORIENTED_EDGE('',*,*,#5644,.F.);
#8706 = ORIENTED_EDGE('',*,*,#5541,.T.);
#8707 = ORIENTED_EDGE('',*,*,#5595,.T.);
#8708 = ORIENTED_EDGE('',*,*,#5693,.F.);
#8709 = ADVANCED_FACE('',(#8710),#5758,.T.);
#8710 = FACE_BOUND('',#8711,.T.);
#8711 = EDGE_LOOP('',(#8712,#8713,#8714,#8715));
#8712 = ORIENTED_EDGE('',*,*,#5845,.F.);
#8713 = ORIENTED_EDGE('',*,*,#5742,.T.);
#8714 = ORIENTED_EDGE('',*,*,#5796,.T.);
#8715 = ORIENTED_EDGE('',*,*,#5894,.F.);
#8716 = ADVANCED_FACE('',(#8717),#5959,.T.);
#8717 = FACE_BOUND('',#8718,.T.);
#8718 = EDGE_LOOP('',(#8719,#8720,#8721,#8722));
#8719 = ORIENTED_EDGE('',*,*,#6046,.F.);
#8720 = ORIENTED_EDGE('',*,*,#5943,.T.);
#8721 = ORIENTED_EDGE('',*,*,#5997,.T.);
#8722 = ORIENTED_EDGE('',*,*,#6095,.F.);
#8723 = ADVANCED_FACE('',(#8724),#6160,.T.);
#8724 = FACE_BOUND('',#8725,.T.);
#8725 = EDGE_LOOP('',(#8726,#8727,#8728,#8729));
#8726 = ORIENTED_EDGE('',*,*,#6247,.F.);
#8727 = ORIENTED_EDGE('',*,*,#6144,.T.);
#8728 = ORIENTED_EDGE('',*,*,#6198,.T.);
#8729 = ORIENTED_EDGE('',*,*,#6296,.F.);
#8730 = ADVANCED_FACE('',(#8731),#6361,.T.);
#8731 = FACE_BOUND('',#8732,.T.);
#8732 = EDGE_LOOP('',(#8733,#8734,#8735,#8736));
#8733 = ORIENTED_EDGE('',*,*,#6448,.F.);
#8734 = ORIENTED_EDGE('',*,*,#6345,.T.);
#8735 = ORIENTED_EDGE('',*,*,#6399,.T.);
#8736 = ORIENTED_EDGE('',*,*,#6497,.F.);
#8737 = ADVANCED_FACE('',(#8738),#6562,.T.);
#8738 = FACE_BOUND('',#8739,.T.);
#8739 = EDGE_LOOP('',(#8740,#8741,#8742,#8743));
#8740 = ORIENTED_EDGE('',*,*,#6649,.F.);
#8741 = ORIENTED_EDGE('',*,*,#6546,.T.);
#8742 = ORIENTED_EDGE('',*,*,#6600,.T.);
#8743 = ORIENTED_EDGE('',*,*,#6698,.F.);
#8744 = ADVANCED_FACE('',(#8745),#6763,.T.);
#8745 = FACE_BOUND('',#8746,.T.);
#8746 = EDGE_LOOP('',(#8747,#8748,#8749,#8750));
#8747 = ORIENTED_EDGE('',*,*,#6850,.F.);
#8748 = ORIENTED_EDGE('',*,*,#6747,.T.);
#8749 = ORIENTED_EDGE('',*,*,#6801,.T.);
#8750 = ORIENTED_EDGE('',*,*,#6899,.F.);
#8751 = ADVANCED_FACE('',(#8752),#6964,.T.);
#8752 = FACE_BOUND('',#8753,.T.);
#8753 = EDGE_LOOP('',(#8754,#8755,#8756,#8757));
#8754 = ORIENTED_EDGE('',*,*,#7100,.F.);
#8755 = ORIENTED_EDGE('',*,*,#6948,.T.);
#8756 = ORIENTED_EDGE('',*,*,#7002,.T.);
#8757 = ORIENTED_EDGE('',*,*,#7051,.F.);
#8758 = ADVANCED_FACE('',(#8759),#7164,.T.);
#8759 = FACE_BOUND('',#8760,.T.);
#8760 = EDGE_LOOP('',(#8761));
#8761 = ORIENTED_EDGE('',*,*,#7149,.T.);
#8762 = ADVANCED_FACE('',(#8763),#7242,.F.);
#8763 = FACE_BOUND('',#8764,.F.);
#8764 = EDGE_LOOP('',(#8765,#8766,#8767,#8768));
#8765 = ORIENTED_EDGE('',*,*,#7358,.F.);
#8766 = ORIENTED_EDGE('',*,*,#7330,.T.);
#8767 = ORIENTED_EDGE('',*,*,#7228,.T.);
#8768 = ORIENTED_EDGE('',*,*,#7281,.F.);
#8769 = ADVANCED_FACE('',(#8770),#7443,.F.);
#8770 = FACE_BOUND('',#8771,.F.);
#8771 = EDGE_LOOP('',(#8772,#8773,#8774,#8775));
#8772 = ORIENTED_EDGE('',*,*,#7559,.F.);
#8773 = ORIENTED_EDGE('',*,*,#7531,.T.);
#8774 = ORIENTED_EDGE('',*,*,#7429,.T.);
#8775 = ORIENTED_EDGE('',*,*,#7482,.F.);
#8776 = ADVANCED_FACE('',(#8777),#7644,.F.);
#8777 = FACE_BOUND('',#8778,.F.);
#8778 = EDGE_LOOP('',(#8779,#8780,#8781,#8782));
#8779 = ORIENTED_EDGE('',*,*,#7760,.F.);
#8780 = ORIENTED_EDGE('',*,*,#7732,.T.);
#8781 = ORIENTED_EDGE('',*,*,#7630,.T.);
#8782 = ORIENTED_EDGE('',*,*,#7683,.F.);
#8783 = ADVANCED_FACE('',(#8784),#7845,.F.);
#8784 = FACE_BOUND('',#8785,.F.);
#8785 = EDGE_LOOP('',(#8786,#8787,#8788,#8789));
#8786 = ORIENTED_EDGE('',*,*,#7961,.F.);
#8787 = ORIENTED_EDGE('',*,*,#7933,.T.);
#8788 = ORIENTED_EDGE('',*,*,#7831,.T.);
#8789 = ORIENTED_EDGE('',*,*,#7884,.F.);
#8790 = ADVANCED_FACE('',(#8791),#8046,.F.);
#8791 = FACE_BOUND('',#8792,.F.);
#8792 = EDGE_LOOP('',(#8793,#8794,#8795,#8796));
#8793 = ORIENTED_EDGE('',*,*,#8162,.F.);
#8794 = ORIENTED_EDGE('',*,*,#8134,.T.);
#8795 = ORIENTED_EDGE('',*,*,#8032,.T.);
#8796 = ORIENTED_EDGE('',*,*,#8085,.F.);
#8797 = ADVANCED_FACE('',(#8798),#8247,.F.);
#8798 = FACE_BOUND('',#8799,.F.);
#8799 = EDGE_LOOP('',(#8800,#8801,#8802,#8803));
#8800 = ORIENTED_EDGE('',*,*,#8363,.F.);
#8801 = ORIENTED_EDGE('',*,*,#8335,.T.);
#8802 = ORIENTED_EDGE('',*,*,#8233,.T.);
#8803 = ORIENTED_EDGE('',*,*,#8286,.F.);
#8804 = ADVANCED_FACE('',(#8805),#8448,.F.);
#8805 = FACE_BOUND('',#8806,.F.);
#8806 = EDGE_LOOP('',(#8807,#8808,#8809,#8810));
#8807 = ORIENTED_EDGE('',*,*,#8564,.F.);
#8808 = ORIENTED_EDGE('',*,*,#8536,.T.);
#8809 = ORIENTED_EDGE('',*,*,#8434,.T.);
#8810 = ORIENTED_EDGE('',*,*,#8487,.F.);
#8811 = ADVANCED_FACE('',(#8812),#8626,.T.);
#8812 = FACE_BOUND('',#8813,.T.);
#8813 = EDGE_LOOP('',(#8814));
#8814 = ORIENTED_EDGE('',*,*,#8611,.T.);
#8815 = ( GEOMETRIC_REPRESENTATION_CONTEXT(3) 
GLOBAL_UNCERTAINTY_ASSIGNED_CONTEXT((#8819)) 
GLOBAL_UNIT_ASSIGNED_CONTEXT((#8816,#8817,#8818)) REPRESENTATION_CONTEXT
('Context #1','3D Context with UNIT and UNCERTAINTY') );
#8816 = ( LENGTH_UNIT() NAMED_UNIT(*) SI_UNIT(.MILLI.,.METRE.) );
#8817 = ( NAMED_UNIT(*) PLANE_ANGLE_UNIT() SI_UNIT($,.RADIAN.) );
#8818 = ( NAMED_UNIT(*) SI_UNIT($,.STERADIAN.) SOLID_ANGLE_UNIT() );
#8819 = UNCERTAINTY_MEASURE_WITH_UNIT(LENGTH_MEASURE(1.E-07),#8816,
  'distance_accuracy_value','confusion accuracy');
#8820 = CONTEXT_DEPENDENT_SHAPE_REPRESENTATION(#8821,#8823);
#8821 = ( REPRESENTATION_RELATIONSHIP('','',#52,#10) 
REPRESENTATION_RELATIONSHIP_WITH_TRANSFORMATION(#8822) 
SHAPE_REPRESENTATION_RELATIONSHIP() );
#8822 = ITEM_DEFINED_TRANSFORMATION('','',#11,#15);
#8823 = PRODUCT_DEFINITION_SHAPE('Placement','Placement of an item',
  #8824);
#8824 = NEXT_ASSEMBLY_USAGE_OCCURRENCE('13','','',#5,#47,$);
#8825 = PRODUCT_RELATED_PRODUCT_CATEGORY('part',$,(#49));
#8826 = SHAPE_DEFINITION_REPRESENTATION(#8827,#8833);
#8827 = PRODUCT_DEFINITION_SHAPE('','',#8828);
#8828 = PRODUCT_DEFINITION('design','',#8829,#8832);
#8829 = PRODUCT_DEFINITION_FORMATION('','',#8830);
#8830 = PRODUCT('Open CASCADE STEP translator 7.8 3.2',
  'Open CASCADE STEP translator 7.8 3.2','',(#8831));
#8831 = PRODUCT_CONTEXT('',#2,'mechanical');
#8832 = PRODUCT_DEFINITION_CONTEXT('part definition',#2,'design');
#8833 = ADVANCED_BREP_SHAPE_REPRESENTATION('',(#11,#8834),#9164);
#8834 = MANIFOLD_SOLID_BREP('',#8835);
#8835 = CLOSED_SHELL('',(#8836,#8956,#9056,#9103,#9150,#9157));
#8836 = ADVANCED_FACE('',(#8837),#8851,.F.);
#8837 = FACE_BOUND('',#8838,.F.);
#8838 = EDGE_LOOP('',(#8839,#8874,#8902,#8930));
#8839 = ORIENTED_EDGE('',*,*,#8840,.F.);
#8840 = EDGE_CURVE('',#8841,#8843,#8845,.T.);
#8841 = VERTEX_POINT('',#8842);
#8842 = CARTESIAN_POINT('',(30.,292.,480.));
#8843 = VERTEX_POINT('',#8844);
#8844 = CARTESIAN_POINT('',(30.,292.,520.));
#8845 = SURFACE_CURVE('',#8846,(#8850,#8862),.PCURVE_S1.);
#8846 = LINE('',#8847,#8848);
#8847 = CARTESIAN_POINT('',(30.,292.,480.));
#8848 = VECTOR('',#8849,1.);
#8849 = DIRECTION('',(0.,0.,1.));
#8850 = PCURVE('',#8851,#8856);
#8851 = PLANE('',#8852);
#8852 = AXIS2_PLACEMENT_3D('',#8853,#8854,#8855);
#8853 = CARTESIAN_POINT('',(30.,292.,480.));
#8854 = DIRECTION('',(1.,0.,0.));
#8855 = DIRECTION('',(0.,0.,1.));
#8856 = DEFINITIONAL_REPRESENTATION('',(#8857),#8861);
#8857 = LINE('',#8858,#8859);
#8858 = CARTESIAN_POINT('',(0.,0.));
#8859 = VECTOR('',#8860,1.);
#8860 = DIRECTION('',(1.,0.));
#8861 = ( GEOMETRIC_REPRESENTATION_CONTEXT(2) 
PARAMETRIC_REPRESENTATION_CONTEXT() REPRESENTATION_CONTEXT('2D SPACE',''
  ) );
#8862 = PCURVE('',#8863,#8868);
#8863 = PLANE('',#8864);
#8864 = AXIS2_PLACEMENT_3D('',#8865,#8866,#8867);
#8865 = CARTESIAN_POINT('',(30.,292.,480.));
#8866 = DIRECTION('',(0.,1.,0.));
#8867 = DIRECTION('',(0.,0.,1.));
#8868 = DEFINITIONAL_REPRESENTATION('',(#8869),#8873);
#8869 = LINE('',#8870,#8871);
#8870 = CARTESIAN_POINT('',(0.,0.));
#8871 = VECTOR('',#8872,1.);
#8872 = DIRECTION('',(1.,0.));
#8873 = ( GEOMETRIC_REPRESENTATION_CONTEXT(2) 
PARAMETRIC_REPRESENTATION_CONTEXT() REPRESENTATION_CONTEXT('2D SPACE',''
  ) );
#8874 = ORIENTED_EDGE('',*,*,#8875,.T.);
#8875 = EDGE_CURVE('',#8841,#8876,#8878,.T.);
#8876 = VERTEX_POINT('',#8877);
#8877 = CARTESIAN_POINT('',(30.,298.,480.));
#8878 = SURFACE_CURVE('',#8879,(#8883,#8890),.PCURVE_S1.);
#8879 = LINE('',#8880,#8881);
#8880 = CARTESIAN_POINT('',(30.,292.,480.));
#8881 = VECTOR('',#8882,1.);
#8882 = DIRECTION('',(0.,1.,0.));
#8883 = PCURVE('',#8851,#8884);
#8884 = DEFINITIONAL_REPRESENTATION('',(#8885),#8889);
#8885 = LINE('',#8886,#8887);
#8886 = CARTESIAN_POINT('',(0.,0.));
#8887 = VECTOR('',#8888,1.);
#8888 = DIRECTION('',(0.,-1.));
#8889 = ( GEOMETRIC_REPRESENTATION_CONTEXT(2) 
PARAMETRIC_REPRESENTATION_CONTEXT() REPRESENTATION_CONTEXT('2D SPACE',''
  ) );
#8890 = PCURVE('',#8891,#8896);
#8891 = PLANE('',#8892);
#8892 = AXIS2_PLACEMENT_3D('',#8893,#8894,#8895);
#8893 = CARTESIAN_POINT('',(30.,292.,480.));
#8894 = DIRECTION('',(0.,0.,1.));
#8895 = DIRECTION('',(1.,0.,0.));
#8896 = DEFINITIONAL_REPRESENTATION('',(#8897),#8901);
#8897 = LINE('',#8898,#8899);
#8898 = CARTESIAN_POINT('',(0.,0.));
#8899 = VECTOR('',#8900,1.);
#8900 = DIRECTION('',(0.,1.));
#8901 = ( GEOMETRIC_REPRESENTATION_CONTEXT(2) 
PARAMETRIC_REPRESENTATION_CONTEXT() REPRESENTATION_CONTEXT('2D SPACE',''
  ) );
#8902 = ORIENTED_EDGE('',*,*,#8903,.T.);
#8903 = EDGE_CURVE('',#8876,#8904,#8906,.T.);
#8904 = VERTEX_POINT('',#8905);
#8905 = CARTESIAN_POINT('',(30.,298.,520.));
#8906 = SURFACE_CURVE('',#8907,(#8911,#8918),.PCURVE_S1.);
#8907 = LINE('',#8908,#8909);
#8908 = CARTESIAN_POINT('',(30.,298.,480.));
#8909 = VECTOR('',#8910,1.);
#8910 = DIRECTION('',(0.,0.,1.));
#8911 = PCURVE('',#8851,#8912);
#8912 = DEFINITIONAL_REPRESENTATION('',(#8913),#8917);
#8913 = LINE('',#8914,#8915);
#8914 = CARTESIAN_POINT('',(0.,-6.));
#8915 = VECTOR('',#8916,1.);
#8916 = DIRECTION('',(1.,0.));
#8917 = ( GEOMETRIC_REPRESENTATION_CONTEXT(2) 
PARAMETRIC_REPRESENTATION_CONTEXT() REPRESENTATION_CONTEXT('2D SPACE',''
  ) );
#8918 = PCURVE('',#8919,#8924);
#8919 = PLANE('',#8920);
#8920 = AXIS2_PLACEMENT_3D('',#8921,#8922,#8923);
#8921 = CARTESIAN_POINT('',(30.,298.,480.));
#8922 = DIRECTION('',(0.,1.,0.));
#8923 = DIRECTION('',(0.,0.,1.));
#8924 = DEFINITIONAL_REPRESENTATION('',(#8925),#8929);
#8925 = LINE('',#8926,#8927);
#8926 = CARTESIAN_POINT('',(0.,0.));
#8927 = VECTOR('',#8928,1.);
#8928 = DIRECTION('',(1.,0.));
#8929 = ( GEOMETRIC_REPRESENTATION_CONTEXT(2) 
PARAMETRIC_REPRESENTATION_CONTEXT() REPRESENTATION_CONTEXT('2D SPACE',''
  ) );
#8930 = ORIENTED_EDGE('',*,*,#8931,.F.);
#8931 = EDGE_CURVE('',#8843,#8904,#8932,.T.);
#8932 = SURFACE_CURVE('',#8933,(#8937,#8944),.PCURVE_S1.);
#8933 = LINE('',#8934,#8935);
#8934 = CARTESIAN_POINT('',(30.,292.,520.));
#8935 = VECTOR('',#8936,1.);
#8936 = DIRECTION('',(0.,1.,0.));
#8937 = PCURVE('',#8851,#8938);
#8938 = DEFINITIONAL_REPRESENTATION('',(#8939),#8943);
#8939 = LINE('',#8940,#8941);
#8940 = CARTESIAN_POINT('',(40.,0.));
#8941 = VECTOR('',#8942,1.);
#8942 = DIRECTION('',(0.,-1.));
#8943 = ( GEOMETRIC_REPRESENTATION_CONTEXT(2) 
PARAMETRIC_REPRESENTATION_CONTEXT() REPRESENTATION_CONTEXT('2D SPACE',''
  ) );
#8944 = PCURVE('',#8945,#8950);
#8945 = PLANE('',#8946);
#8946 = AXIS2_PLACEMENT_3D('',#8947,#8948,#8949);
#8947 = CARTESIAN_POINT('',(30.,292.,520.));
#8948 = DIRECTION('',(0.,0.,1.));
#8949 = DIRECTION('',(1.,0.,0.));
#8950 = DEFINITIONAL_REPRESENTATION('',(#8951),#8955);
#8951 = LINE('',#8952,#8953);
#8952 = CARTESIAN_POINT('',(0.,0.));
#8953 = VECTOR('',#8954,1.);
#8954 = DIRECTION('',(0.,1.));
#8955 = ( GEOMETRIC_REPRESENTATION_CONTEXT(2) 
PARAMETRIC_REPRESENTATION_CONTEXT() REPRESENTATION_CONTEXT('2D SPACE',''
  ) );
#8956 = ADVANCED_FACE('',(#8957),#8971,.T.);
#8957 = FACE_BOUND('',#8958,.T.);
#8958 = EDGE_LOOP('',(#8959,#8989,#9012,#9035));
#8959 = ORIENTED_EDGE('',*,*,#8960,.F.);
#8960 = EDGE_CURVE('',#8961,#8963,#8965,.T.);
#8961 = VERTEX_POINT('',#8962);
#8962 = CARTESIAN_POINT('',(120.,292.,480.));
#8963 = VERTEX_POINT('',#8964);
#8964 = CARTESIAN_POINT('',(120.,292.,520.));
#8965 = SURFACE_CURVE('',#8966,(#8970,#8982),.PCURVE_S1.);
#8966 = LINE('',#8967,#8968);
#8967 = CARTESIAN_POINT('',(120.,292.,480.));
#8968 = VECTOR('',#8969,1.);
#8969 = DIRECTION('',(0.,0.,1.));
#8970 = PCURVE('',#8971,#8976);
#8971 = PLANE('',#8972);
#8972 = AXIS2_PLACEMENT_3D('',#8973,#8974,#8975);
#8973 = CARTESIAN_POINT('',(120.,292.,480.));
#8974 = DIRECTION('',(1.,0.,0.));
#8975 = DIRECTION('',(0.,0.,1.));
#8976 = DEFINITIONAL_REPRESENTATION('',(#8977),#8981);
#8977 = LINE('',#8978,#8979);
#8978 = CARTESIAN_POINT('',(0.,0.));
#8979 = VECTOR('',#8980,1.);
#8980 = DIRECTION('',(1.,0.));
#8981 = ( GEOMETRIC_REPRESENTATION_CONTEXT(2) 
PARAMETRIC_REPRESENTATION_CONTEXT() REPRESENTATION_CONTEXT('2D SPACE',''
  ) );
#8982 = PCURVE('',#8863,#8983);
#8983 = DEFINITIONAL_REPRESENTATION('',(#8984),#8988);
#8984 = LINE('',#8985,#8986);
#8985 = CARTESIAN_POINT('',(0.,90.));
#8986 = VECTOR('',#8987,1.);
#8987 = DIRECTION('',(1.,0.));
#8988 = ( GEOMETRIC_REPRESENTATION_CONTEXT(2) 
PARAMETRIC_REPRESENTATION_CONTEXT() REPRESENTATION_CONTEXT('2D SPACE',''
  ) );
#8989 = ORIENTED_EDGE('',*,*,#8990,.T.);
#8990 = EDGE_CURVE('',#8961,#8991,#8993,.T.);
#8991 = VERTEX_POINT('',#8992);
#8992 = CARTESIAN_POINT('',(120.,298.,480.));
#8993 = SURFACE_CURVE('',#8994,(#8998,#9005),.PCURVE_S1.);
#8994 = LINE('',#8995,#8996);
#8995 = CARTESIAN_POINT('',(120.,292.,480.));
#8996 = VECTOR('',#8997,1.);
#8997 = DIRECTION('',(0.,1.,0.));
#8998 = PCURVE('',#8971,#8999);
#8999 = DEFINITIONAL_REPRESENTATION('',(#9000),#9004);
#9000 = LINE('',#9001,#9002);
#9001 = CARTESIAN_POINT('',(0.,0.));
#9002 = VECTOR('',#9003,1.);
#9003 = DIRECTION('',(0.,-1.));
#9004 = ( GEOMETRIC_REPRESENTATION_CONTEXT(2) 
PARAMETRIC_REPRESENTATION_CONTEXT() REPRESENTATION_CONTEXT('2D SPACE',''
  ) );
#9005 = PCURVE('',#8891,#9006);
#9006 = DEFINITIONAL_REPRESENTATION('',(#9007),#9011);
#9007 = LINE('',#9008,#9009);
#9008 = CARTESIAN_POINT('',(90.,0.));
#9009 = VECTOR('',#9010,1.);
#9010 = DIRECTION('',(0.,1.));
#9011 = ( GEOMETRIC_REPRESENTATION_CONTEXT(2) 
PARAMETRIC_REPRESENTATION_CONTEXT() REPRESENTATION_CONTEXT('2D SPACE',''
  ) );
#9012 = ORIENTED_EDGE('',*,*,#9013,.T.);
#9013 = EDGE_CURVE('',#8991,#9014,#9016,.T.);
#9014 = VERTEX_POINT('',#9015);
#9015 = CARTESIAN_POINT('',(120.,298.,520.));
#9016 = SURFACE_CURVE('',#9017,(#9021,#9028),.PCURVE_S1.);
#9017 = LINE('',#9018,#9019);
#9018 = CARTESIAN_POINT('',(120.,298.,480.));
#9019 = VECTOR('',#9020,1.);
#9020 = DIRECTION('',(0.,0.,1.));
#9021 = PCURVE('',#8971,#9022);
#9022 = DEFINITIONAL_REPRESENTATION('',(#9023),#9027);
#9023 = LINE('',#9024,#9025);
#9024 = CARTESIAN_POINT('',(0.,-6.));
#9025 = VECTOR('',#9026,1.);
#9026 = DIRECTION('',(1.,0.));
#9027 = ( GEOMETRIC_REPRESENTATION_CONTEXT(2) 
PARAMETRIC_REPRESENTATION_CONTEXT() REPRESENTATION_CONTEXT('2D SPACE',''
  ) );
#9028 = PCURVE('',#8919,#9029);
#9029 = DEFINITIONAL_REPRESENTATION('',(#9030),#9034);
#9030 = LINE('',#9031,#9032);
#9031 = CARTESIAN_POINT('',(0.,90.));
#9032 = VECTOR('',#9033,1.);
#9033 = DIRECTION('',(1.,0.));
#9034 = ( GEOMETRIC_REPRESENTATION_CONTEXT(2) 
PARAMETRIC_REPRESENTATION_CONTEXT() REPRESENTATION_CONTEXT('2D SPACE',''
  ) );
#9035 = ORIENTED_EDGE('',*,*,#9036,.F.);
#9036 = EDGE_CURVE('',#8963,#9014,#9037,.T.);
#9037 = SURFACE_CURVE('',#9038,(#9042,#9049),.PCURVE_S1.);
#9038 = LINE('',#9039,#9040);
#9039 = CARTESIAN_POINT('',(120.,292.,520.));
#9040 = VECTOR('',#9041,1.);
#9041 = DIRECTION('',(0.,1.,0.));
#9042 = PCURVE('',#8971,#9043);
#9043 = DEFINITIONAL_REPRESENTATION('',(#9044),#9048);
#9044 = LINE('',#9045,#9046);
#9045 = CARTESIAN_POINT('',(40.,0.));
#9046 = VECTOR('',#9047,1.);
#9047 = DIRECTION('',(0.,-1.));
#9048 = ( GEOMETRIC_REPRESENTATION_CONTEXT(2) 
PARAMETRIC_REPRESENTATION_CONTEXT() REPRESENTATION_CONTEXT('2D SPACE',''
  ) );
#9049 = PCURVE('',#8945,#9050);
#9050 = DEFINITIONAL_REPRESENTATION('',(#9051),#9055);
#9051 = LINE('',#9052,#9053);
#9052 = CARTESIAN_POINT('',(90.,0.));
#9053 = VECTOR('',#9054,1.);
#9054 = DIRECTION('',(0.,1.));
#9055 = ( GEOMETRIC_REPRESENTATION_CONTEXT(2) 
PARAMETRIC_REPRESENTATION_CONTEXT() REPRESENTATION_CONTEXT('2D SPACE',''
  ) );
#9056 = ADVANCED_FACE('',(#9057),#8863,.F.);
#9057 = FACE_BOUND('',#9058,.F.);
#9058 = EDGE_LOOP('',(#9059,#9080,#9081,#9102));
#9059 = ORIENTED_EDGE('',*,*,#9060,.F.);
#9060 = EDGE_CURVE('',#8841,#8961,#9061,.T.);
#9061 = SURFACE_CURVE('',#9062,(#9066,#9073),.PCURVE_S1.);
#9062 = LINE('',#9063,#9064);
#9063 = CARTESIAN_POINT('',(30.,292.,480.));
#9064 = VECTOR('',#9065,1.);
#9065 = DIRECTION('',(1.,0.,0.));
#9066 = PCURVE('',#8863,#9067);
#9067 = DEFINITIONAL_REPRESENTATION('',(#9068),#9072);
#9068 = LINE('',#9069,#9070);
#9069 = CARTESIAN_POINT('',(0.,0.));
#9070 = VECTOR('',#9071,1.);
#9071 = DIRECTION('',(0.,1.));
#9072 = ( GEOMETRIC_REPRESENTATION_CONTEXT(2) 
PARAMETRIC_REPRESENTATION_CONTEXT() REPRESENTATION_CONTEXT('2D SPACE',''
  ) );
#9073 = PCURVE('',#8891,#9074);
#9074 = DEFINITIONAL_REPRESENTATION('',(#9075),#9079);
#9075 = LINE('',#9076,#9077);
#9076 = CARTESIAN_POINT('',(0.,0.));
#9077 = VECTOR('',#9078,1.);
#9078 = DIRECTION('',(1.,0.));
#9079 = ( GEOMETRIC_REPRESENTATION_CONTEXT(2) 
PARAMETRIC_REPRESENTATION_CONTEXT() REPRESENTATION_CONTEXT('2D SPACE',''
  ) );
#9080 = ORIENTED_EDGE('',*,*,#8840,.T.);
#9081 = ORIENTED_EDGE('',*,*,#9082,.T.);
#9082 = EDGE_CURVE('',#8843,#8963,#9083,.T.);
#9083 = SURFACE_CURVE('',#9084,(#9088,#9095),.PCURVE_S1.);
#9084 = LINE('',#9085,#9086);
#9085 = CARTESIAN_POINT('',(30.,292.,520.));
#9086 = VECTOR('',#9087,1.);
#9087 = DIRECTION('',(1.,0.,0.));
#9088 = PCURVE('',#8863,#9089);
#9089 = DEFINITIONAL_REPRESENTATION('',(#9090),#9094);
#9090 = LINE('',#9091,#9092);
#9091 = CARTESIAN_POINT('',(40.,0.));
#9092 = VECTOR('',#9093,1.);
#9093 = DIRECTION('',(0.,1.));
#9094 = ( GEOMETRIC_REPRESENTATION_CONTEXT(2) 
PARAMETRIC_REPRESENTATION_CONTEXT() REPRESENTATION_CONTEXT('2D SPACE',''
  ) );
#9095 = PCURVE('',#8945,#9096);
#9096 = DEFINITIONAL_REPRESENTATION('',(#9097),#9101);
#9097 = LINE('',#9098,#9099);
#9098 = CARTESIAN_POINT('',(0.,0.));
#9099 = VECTOR('',#9100,1.);
#9100 = DIRECTION('',(1.,0.));
#9101 = ( GEOMETRIC_REPRESENTATION_CONTEXT(2) 
PARAMETRIC_REPRESENTATION_CONTEXT() REPRESENTATION_CONTEXT('2D SPACE',''
  ) );
#9102 = ORIENTED_EDGE('',*,*,#8960,.F.);
#9103 = ADVANCED_FACE('',(#9104),#8919,.T.);
#9104 = FACE_BOUND('',#9105,.T.);
#9105 = EDGE_LOOP('',(#9106,#9127,#9128,#9149));
#9106 = ORIENTED_EDGE('',*,*,#9107,.F.);
#9107 = EDGE_CURVE('',#8876,#8991,#9108,.T.);
#9108 = SURFACE_CURVE('',#9109,(#9113,#9120),.PCURVE_S1.);
#9109 = LINE('',#9110,#9111);
#9110 = CARTESIAN_POINT('',(30.,298.,480.));
#9111 = VECTOR('',#9112,1.);
#9112 = DIRECTION('',(1.,0.,0.));
#9113 = PCURVE('',#8919,#9114);
#9114 = DEFINITIONAL_REPRESENTATION('',(#9115),#9119);
#9115 = LINE('',#9116,#9117);
#9116 = CARTESIAN_POINT('',(0.,0.));
#9117 = VECTOR('',#9118,1.);
#9118 = DIRECTION('',(0.,1.));
#9119 = ( GEOMETRIC_REPRESENTATION_CONTEXT(2) 
PARAMETRIC_REPRESENTATION_CONTEXT() REPRESENTATION_CONTEXT('2D SPACE',''
  ) );
#9120 = PCURVE('',#8891,#9121);
#9121 = DEFINITIONAL_REPRESENTATION('',(#9122),#9126);
#9122 = LINE('',#9123,#9124);
#9123 = CARTESIAN_POINT('',(0.,6.));
#9124 = VECTOR('',#9125,1.);
#9125 = DIRECTION('',(1.,0.));
#9126 = ( GEOMETRIC_REPRESENTATION_CONTEXT(2) 
PARAMETRIC_REPRESENTATION_CONTEXT() REPRESENTATION_CONTEXT('2D SPACE',''
  ) );
#9127 = ORIENTED_EDGE('',*,*,#8903,.T.);
#9128 = ORIENTED_EDGE('',*,*,#9129,.T.);
#9129 = EDGE_CURVE('',#8904,#9014,#9130,.T.);
#9130 = SURFACE_CURVE('',#9131,(#9135,#9142),.PCURVE_S1.);
#9131 = LINE('',#9132,#9133);
#9132 = CARTESIAN_POINT('',(30.,298.,520.));
#9133 = VECTOR('',#9134,1.);
#9134 = DIRECTION('',(1.,0.,0.));
#9135 = PCURVE('',#8919,#9136);
#9136 = DEFINITIONAL_REPRESENTATION('',(#9137),#9141);
#9137 = LINE('',#9138,#9139);
#9138 = CARTESIAN_POINT('',(40.,0.));
#9139 = VECTOR('',#9140,1.);
#9140 = DIRECTION('',(0.,1.));
#9141 = ( GEOMETRIC_REPRESENTATION_CONTEXT(2) 
PARAMETRIC_REPRESENTATION_CONTEXT() REPRESENTATION_CONTEXT('2D SPACE',''
  ) );
#9142 = PCURVE('',#8945,#9143);
#9143 = DEFINITIONAL_REPRESENTATION('',(#9144),#9148);
#9144 = LINE('',#9145,#9146);
#9145 = CARTESIAN_POINT('',(0.,6.));
#9146 = VECTOR('',#9147,1.);
#9147 = DIRECTION('',(1.,0.));
#9148 = ( GEOMETRIC_REPRESENTATION_CONTEXT(2) 
PARAMETRIC_REPRESENTATION_CONTEXT() REPRESENTATION_CONTEXT('2D SPACE',''
  ) );
#9149 = ORIENTED_EDGE('',*,*,#9013,.F.);
#9150 = ADVANCED_FACE('',(#9151),#8891,.F.);
#9151 = FACE_BOUND('',#9152,.F.);
#9152 = EDGE_LOOP('',(#9153,#9154,#9155,#9156));
#9153 = ORIENTED_EDGE('',*,*,#8875,.F.);
#9154 = ORIENTED_EDGE('',*,*,#9060,.T.);
#9155 = ORIENTED_EDGE('',*,*,#8990,.T.);
#9156 = ORIENTED_EDGE('',*,*,#9107,.F.);
#9157 = ADVANCED_FACE('',(#9158),#8945,.T.);
#9158 = FACE_BOUND('',#9159,.T.);
#9159 = EDGE_LOOP('',(#9160,#9161,#9162,#9163));
#9160 = ORIENTED_EDGE('',*,*,#8931,.F.);
#9161 = ORIENTED_EDGE('',*,*,#9082,.T.);
#9162 = ORIENTED_EDGE('',*,*,#9036,.T.);
#9163 = ORIENTED_EDGE('',*,*,#9129,.F.);
#9164 = ( GEOMETRIC_REPRESENTATION_CONTEXT(3) 
GLOBAL_UNCERTAINTY_ASSIGNED_CONTEXT((#9168)) 
GLOBAL_UNIT_ASSIGNED_CONTEXT((#9165,#9166,#9167)) REPRESENTATION_CONTEXT
('Context #1','3D Context with UNIT and UNCERTAINTY') );
#9165 = ( LENGTH_UNIT() NAMED_UNIT(*) SI_UNIT(.MILLI.,.METRE.) );
#9166 = ( NAMED_UNIT(*) PLANE_ANGLE_UNIT() SI_UNIT($,.RADIAN.) );
#9167 = ( NAMED_UNIT(*) SI_UNIT($,.STERADIAN.) SOLID_ANGLE_UNIT() );
#9168 = UNCERTAINTY_MEASURE_WITH_UNIT(LENGTH_MEASURE(1.E-07),#9165,
  'distance_accuracy_value','confusion accuracy');
#9169 = CONTEXT_DEPENDENT_SHAPE_REPRESENTATION(#9170,#9172);
#9170 = ( REPRESENTATION_RELATIONSHIP('','',#8833,#10) 
REPRESENTATION_RELATIONSHIP_WITH_TRANSFORMATION(#9171) 
SHAPE_REPRESENTATION_RELATIONSHIP() );
#9171 = ITEM_DEFINED_TRANSFORMATION('','',#11,#19);
#9172 = PRODUCT_DEFINITION_SHAPE('Placement','Placement of an item',
  #9173);
#9173 = NEXT_ASSEMBLY_USAGE_OCCURRENCE('14','','',#5,#8828,$);
#9174 = PRODUCT_RELATED_PRODUCT_CATEGORY('part',$,(#8830));
#9175 = SHAPE_DEFINITION_REPRESENTATION(#9176,#9182);
#9176 = PRODUCT_DEFINITION_SHAPE('','',#9177);
#9177 = PRODUCT_DEFINITION('design','',#9178,#9181);
#9178 = PRODUCT_DEFINITION_FORMATION('','',#9179);
#9179 = PRODUCT('Open CASCADE STEP translator 7.8 3.3',
  'Open CASCADE STEP translator 7.8 3.3','',(#9180));
#9180 = PRODUCT_CONTEXT('',#2,'mechanical');
#9181 = PRODUCT_DEFINITION_CONTEXT('part definition',#2,'design');
#9182 = ADVANCED_BREP_SHAPE_REPRESENTATION('',(#11,#9183),#9513);
#9183 = MANIFOLD_SOLID_BREP('',#9184);
#9184 = CLOSED_SHELL('',(#9185,#9305,#9405,#9452,#9499,#9506));
#9185 = ADVANCED_FACE('',(#9186),#9200,.F.);
#9186 = FACE_BOUND('',#9187,.F.);
#9187 = EDGE_LOOP('',(#9188,#9223,#9251,#9279));
#9188 = ORIENTED_EDGE('',*,*,#9189,.F.);
#9189 = EDGE_CURVE('',#9190,#9192,#9194,.T.);
#9190 = VERTEX_POINT('',#9191);
#9191 = CARTESIAN_POINT('',(-9.750620494655,292.,465.28796462364));
#9192 = VERTEX_POINT('',#9193);
#9193 = CARTESIAN_POINT('',(28.291640157151,292.,477.64864439864));
#9194 = SURFACE_CURVE('',#9195,(#9199,#9211),.PCURVE_S1.);
#9195 = LINE('',#9196,#9197);
#9196 = CARTESIAN_POINT('',(-9.750620494655,292.,465.28796462364));
#9197 = VECTOR('',#9198,1.);
#9198 = DIRECTION('',(0.951056516295,0.,0.309016994375));
#9199 = PCURVE('',#9200,#9205);
#9200 = PLANE('',#9201);
#9201 = AXIS2_PLACEMENT_3D('',#9202,#9203,#9204);
#9202 = CARTESIAN_POINT('',(-9.750620494655,292.,465.28796462364));
#9203 = DIRECTION('',(0.309016994375,0.,-0.951056516295));
#9204 = DIRECTION('',(0.951056516295,0.,0.309016994375));
#9205 = DEFINITIONAL_REPRESENTATION('',(#9206),#9210);
#9206 = LINE('',#9207,#9208);
#9207 = CARTESIAN_POINT('',(0.,0.));
#9208 = VECTOR('',#9209,1.);
#9209 = DIRECTION('',(1.,0.));
#9210 = ( GEOMETRIC_REPRESENTATION_CONTEXT(2) 
PARAMETRIC_REPRESENTATION_CONTEXT() REPRESENTATION_CONTEXT('2D SPACE',''
  ) );
#9211 = PCURVE('',#9212,#9217);
#9212 = PLANE('',#9213);
#9213 = AXIS2_PLACEMENT_3D('',#9214,#9215,#9216);
#9214 = CARTESIAN_POINT('',(-9.750620494655,292.,465.28796462364));
#9215 = DIRECTION('',(0.,1.,0.));
#9216 = DIRECTION('',(0.951056516295,0.,0.309016994375));
#9217 = DEFINITIONAL_REPRESENTATION('',(#9218),#9222);
#9218 = LINE('',#9219,#9220);
#9219 = CARTESIAN_POINT('',(0.,0.));
#9220 = VECTOR('',#9221,1.);
#9221 = DIRECTION('',(1.,1.470587118627E-17));
#9222 = ( GEOMETRIC_REPRESENTATION_CONTEXT(2) 
PARAMETRIC_REPRESENTATION_CONTEXT() REPRESENTATION_CONTEXT('2D SPACE',''
  ) );
#9223 = ORIENTED_EDGE('',*,*,#9224,.T.);
#9224 = EDGE_CURVE('',#9190,#9225,#9227,.T.);
#9225 = VERTEX_POINT('',#9226);
#9226 = CARTESIAN_POINT('',(-9.750620494655,298.,465.28796462364));
#9227 = SURFACE_CURVE('',#9228,(#9232,#9239),.PCURVE_S1.);
#9228 = LINE('',#9229,#9230);
#9229 = CARTESIAN_POINT('',(-9.750620494655,292.,465.28796462364));
#9230 = VECTOR('',#9231,1.);
#9231 = DIRECTION('',(0.,1.,0.));
#9232 = PCURVE('',#9200,#9233);
#9233 = DEFINITIONAL_REPRESENTATION('',(#9234),#9238);
#9234 = LINE('',#9235,#9236);
#9235 = CARTESIAN_POINT('',(0.,0.));
#9236 = VECTOR('',#9237,1.);
#9237 = DIRECTION('',(0.,-1.));
#9238 = ( GEOMETRIC_REPRESENTATION_CONTEXT(2) 
PARAMETRIC_REPRESENTATION_CONTEXT() REPRESENTATION_CONTEXT('2D SPACE',''
  ) );
#9239 = PCURVE('',#9240,#9245);
#9240 = PLANE('',#9241);
#9241 = AXIS2_PLACEMENT_3D('',#9242,#9243,#9244);
#9242 = CARTESIAN_POINT('',(-9.750620494655,292.,465.28796462364));
#9243 = DIRECTION('',(0.951056516295,0.,0.309016994375));
#9244 = DIRECTION('',(0.309016994375,0.,-0.951056516295));
#9245 = DEFINITIONAL_REPRESENTATION('',(#9246),#9250);
#9246 = LINE('',#9247,#9248);
#9247 = CARTESIAN_POINT('',(0.,0.));
#9248 = VECTOR('',#9249,1.);
#9249 = DIRECTION('',(0.,1.));
#9250 = ( GEOMETRIC_REPRESENTATION_CONTEXT(2) 
PARAMETRIC_REPRESENTATION_CONTEXT() REPRESENTATION_CONTEXT('2D SPACE',''
  ) );
#9251 = ORIENTED_EDGE('',*,*,#9252,.T.);
#9252 = EDGE_CURVE('',#9225,#9253,#9255,.T.);
#9253 = VERTEX_POINT('',#9254);
#9254 = CARTESIAN_POINT('',(28.291640157151,298.,477.64864439864));
#9255 = SURFACE_CURVE('',#9256,(#9260,#9267),.PCURVE_S1.);
#9256 = LINE('',#9257,#9258);
#9257 = CARTESIAN_POINT('',(-9.750620494655,298.,465.28796462364));
#9258 = VECTOR('',#9259,1.);
#9259 = DIRECTION('',(0.951056516295,0.,0.309016994375));
#9260 = PCURVE('',#9200,#9261);
#9261 = DEFINITIONAL_REPRESENTATION('',(#9262),#9266);
#9262 = LINE('',#9263,#9264);
#9263 = CARTESIAN_POINT('',(0.,-6.));
#9264 = VECTOR('',#9265,1.);
#9265 = DIRECTION('',(1.,0.));
#9266 = ( GEOMETRIC_REPRESENTATION_CONTEXT(2) 
PARAMETRIC_REPRESENTATION_CONTEXT() REPRESENTATION_CONTEXT('2D SPACE',''
  ) );
#9267 = PCURVE('',#9268,#9273);
#9268 = PLANE('',#9269);
#9269 = AXIS2_PLACEMENT_3D('',#9270,#9271,#9272);
#9270 = CARTESIAN_POINT('',(-9.750620494655,298.,465.28796462364));
#9271 = DIRECTION('',(0.,1.,0.));
#9272 = DIRECTION('',(0.951056516295,0.,0.309016994375));
#9273 = DEFINITIONAL_REPRESENTATION('',(#9274),#9278);
#9274 = LINE('',#9275,#9276);
#9275 = CARTESIAN_POINT('',(0.,0.));
#9276 = VECTOR('',#9277,1.);
#9277 = DIRECTION('',(1.,1.470587118627E-17));
#9278 = ( GEOMETRIC_REPRESENTATION_CONTEXT(2) 
PARAMETRIC_REPRESENTATION_CONTEXT() REPRESENTATION_CONTEXT('2D SPACE',''
  ) );
#9279 = ORIENTED_EDGE('',*,*,#9280,.F.);
#9280 = EDGE_CURVE('',#9192,#9253,#9281,.T.);
#9281 = SURFACE_CURVE('',#9282,(#9286,#9293),.PCURVE_S1.);
#9282 = LINE('',#9283,#9284);
#9283 = CARTESIAN_POINT('',(28.291640157151,292.,477.64864439864));
#9284 = VECTOR('',#9285,1.);
#9285 = DIRECTION('',(0.,1.,0.));
#9286 = PCURVE('',#9200,#9287);
#9287 = DEFINITIONAL_REPRESENTATION('',(#9288),#9292);
#9288 = LINE('',#9289,#9290);
#9289 = CARTESIAN_POINT('',(40.,0.));
#9290 = VECTOR('',#9291,1.);
#9291 = DIRECTION('',(0.,-1.));
#9292 = ( GEOMETRIC_REPRESENTATION_CONTEXT(2) 
PARAMETRIC_REPRESENTATION_CONTEXT() REPRESENTATION_CONTEXT('2D SPACE',''
  ) );
#9293 = PCURVE('',#9294,#9299);
#9294 = PLANE('',#9295);
#9295 = AXIS2_PLACEMENT_3D('',#9296,#9297,#9298);
#9296 = CARTESIAN_POINT('',(28.291640157151,292.,477.64864439864));
#9297 = DIRECTION('',(0.951056516295,0.,0.309016994375));
#9298 = DIRECTION('',(0.309016994375,0.,-0.951056516295));
#9299 = DEFINITIONAL_REPRESENTATION('',(#9300),#9304);
#9300 = LINE('',#9301,#9302);
#9301 = CARTESIAN_POINT('',(0.,0.));
#9302 = VECTOR('',#9303,1.);
#9303 = DIRECTION('',(0.,1.));
#9304 = ( GEOMETRIC_REPRESENTATION_CONTEXT(2) 
PARAMETRIC_REPRESENTATION_CONTEXT() REPRESENTATION_CONTEXT('2D SPACE',''
  ) );
#9305 = ADVANCED_FACE('',(#9306),#9320,.T.);
#9306 = FACE_BOUND('',#9307,.T.);
#9307 = EDGE_LOOP('',(#9308,#9338,#9361,#9384));
#9308 = ORIENTED_EDGE('',*,*,#9309,.F.);
#9309 = EDGE_CURVE('',#9310,#9312,#9314,.T.);
#9310 = VERTEX_POINT('',#9311);
#9311 = CARTESIAN_POINT('',(18.060908999091,292.,379.69287815708));
#9312 = VERTEX_POINT('',#9313);
#9313 = CARTESIAN_POINT('',(56.103169650897,292.,392.05355793208));
#9314 = SURFACE_CURVE('',#9315,(#9319,#9331),.PCURVE_S1.);
#9315 = LINE('',#9316,#9317);
#9316 = CARTESIAN_POINT('',(18.060908999091,292.,379.69287815708));
#9317 = VECTOR('',#9318,1.);
#9318 = DIRECTION('',(0.951056516295,0.,0.309016994375));
#9319 = PCURVE('',#9320,#9325);
#9320 = PLANE('',#9321);
#9321 = AXIS2_PLACEMENT_3D('',#9322,#9323,#9324);
#9322 = CARTESIAN_POINT('',(18.060908999091,292.,379.69287815708));
#9323 = DIRECTION('',(0.309016994375,0.,-0.951056516295));
#9324 = DIRECTION('',(0.951056516295,0.,0.309016994375));
#9325 = DEFINITIONAL_REPRESENTATION('',(#9326),#9330);
#9326 = LINE('',#9327,#9328);
#9327 = CARTESIAN_POINT('',(0.,0.));
#9328 = VECTOR('',#9329,1.);
#9329 = DIRECTION('',(1.,0.));
#9330 = ( GEOMETRIC_REPRESENTATION_CONTEXT(2) 
PARAMETRIC_REPRESENTATION_CONTEXT() REPRESENTATION_CONTEXT('2D SPACE',''
  ) );
#9331 = PCURVE('',#9212,#9332);
#9332 = DEFINITIONAL_REPRESENTATION('',(#9333),#9337);
#9333 = LINE('',#9334,#9335);
#9334 = CARTESIAN_POINT('',(1.533639717433E-14,90.));
#9335 = VECTOR('',#9336,1.);
#9336 = DIRECTION('',(1.,1.470587118627E-17));
#9337 = ( GEOMETRIC_REPRESENTATION_CONTEXT(2) 
PARAMETRIC_REPRESENTATION_CONTEXT() REPRESENTATION_CONTEXT('2D SPACE',''
  ) );
#9338 = ORIENTED_EDGE('',*,*,#9339,.T.);
#9339 = EDGE_CURVE('',#9310,#9340,#9342,.T.);
#9340 = VERTEX_POINT('',#9341);
#9341 = CARTESIAN_POINT('',(18.060908999091,298.,379.69287815708));
#9342 = SURFACE_CURVE('',#9343,(#9347,#9354),.PCURVE_S1.);
#9343 = LINE('',#9344,#9345);
#9344 = CARTESIAN_POINT('',(18.060908999091,292.,379.69287815708));
#9345 = VECTOR('',#9346,1.);
#9346 = DIRECTION('',(0.,1.,0.));
#9347 = PCURVE('',#9320,#9348);
#9348 = DEFINITIONAL_REPRESENTATION('',(#9349),#9353);
#9349 = LINE('',#9350,#9351);
#9350 = CARTESIAN_POINT('',(0.,0.));
#9351 = VECTOR('',#9352,1.);
#9352 = DIRECTION('',(0.,-1.));
#9353 = ( GEOMETRIC_REPRESENTATION_CONTEXT(2) 
PARAMETRIC_REPRESENTATION_CONTEXT() REPRESENTATION_CONTEXT('2D SPACE',''
  ) );
#9354 = PCURVE('',#9240,#9355);
#9355 = DEFINITIONAL_REPRESENTATION('',(#9356),#9360);
#9356 = LINE('',#9357,#9358);
#9357 = CARTESIAN_POINT('',(90.,0.));
#9358 = VECTOR('',#9359,1.);
#9359 = DIRECTION('',(0.,1.));
#9360 = ( GEOMETRIC_REPRESENTATION_CONTEXT(2) 
PARAMETRIC_REPRESENTATION_CONTEXT() REPRESENTATION_CONTEXT('2D SPACE',''
  ) );
#9361 = ORIENTED_EDGE('',*,*,#9362,.T.);
#9362 = EDGE_CURVE('',#9340,#9363,#9365,.T.);
#9363 = VERTEX_POINT('',#9364);
#9364 = CARTESIAN_POINT('',(56.103169650897,298.,392.05355793208));
#9365 = SURFACE_CURVE('',#9366,(#9370,#9377),.PCURVE_S1.);
#9366 = LINE('',#9367,#9368);
#9367 = CARTESIAN_POINT('',(18.060908999091,298.,379.69287815708));
#9368 = VECTOR('',#9369,1.);
#9369 = DIRECTION('',(0.951056516295,0.,0.309016994375));
#9370 = PCURVE('',#9320,#9371);
#9371 = DEFINITIONAL_REPRESENTATION('',(#9372),#9376);
#9372 = LINE('',#9373,#9374);
#9373 = CARTESIAN_POINT('',(0.,-6.));
#9374 = VECTOR('',#9375,1.);
#9375 = DIRECTION('',(1.,0.));
#9376 = ( GEOMETRIC_REPRESENTATION_CONTEXT(2) 
PARAMETRIC_REPRESENTATION_CONTEXT() REPRESENTATION_CONTEXT('2D SPACE',''
  ) );
#9377 = PCURVE('',#9268,#9378);
#9378 = DEFINITIONAL_REPRESENTATION('',(#9379),#9383);
#9379 = LINE('',#9380,#9381);
#9380 = CARTESIAN_POINT('',(1.533639717433E-14,90.));
#9381 = VECTOR('',#9382,1.);
#9382 = DIRECTION('',(1.,1.470587118627E-17));
#9383 = ( GEOMETRIC_REPRESENTATION_CONTEXT(2) 
PARAMETRIC_REPRESENTATION_CONTEXT() REPRESENTATION_CONTEXT('2D SPACE',''
  ) );
#9384 = ORIENTED_EDGE('',*,*,#9385,.F.);
#9385 = EDGE_CURVE('',#9312,#9363,#9386,.T.);
#9386 = SURFACE_CURVE('',#9387,(#9391,#9398),.PCURVE_S1.);
#9387 = LINE('',#9388,#9389);
#9388 = CARTESIAN_POINT('',(56.103169650897,292.,392.05355793208));
#9389 = VECTOR('',#9390,1.);
#9390 = DIRECTION('',(0.,1.,0.));
#9391 = PCURVE('',#9320,#9392);
#9392 = DEFINITIONAL_REPRESENTATION('',(#9393),#9397);
#9393 = LINE('',#9394,#9395);
#9394 = CARTESIAN_POINT('',(40.,0.));
#9395 = VECTOR('',#9396,1.);
#9396 = DIRECTION('',(0.,-1.));
#9397 = ( GEOMETRIC_REPRESENTATION_CONTEXT(2) 
PARAMETRIC_REPRESENTATION_CONTEXT() REPRESENTATION_CONTEXT('2D SPACE',''
  ) );
#9398 = PCURVE('',#9294,#9399);
#9399 = DEFINITIONAL_REPRESENTATION('',(#9400),#9404);
#9400 = LINE('',#9401,#9402);
#9401 = CARTESIAN_POINT('',(90.,0.));
#9402 = VECTOR('',#9403,1.);
#9403 = DIRECTION('',(0.,1.));
#9404 = ( GEOMETRIC_REPRESENTATION_CONTEXT(2) 
PARAMETRIC_REPRESENTATION_CONTEXT() REPRESENTATION_CONTEXT('2D SPACE',''
  ) );
#9405 = ADVANCED_FACE('',(#9406),#9212,.F.);
#9406 = FACE_BOUND('',#9407,.F.);
#9407 = EDGE_LOOP('',(#9408,#9429,#9430,#9451));
#9408 = ORIENTED_EDGE('',*,*,#9409,.F.);
#9409 = EDGE_CURVE('',#9190,#9310,#9410,.T.);
#9410 = SURFACE_CURVE('',#9411,(#9415,#9422),.PCURVE_S1.);
#9411 = LINE('',#9412,#9413);
#9412 = CARTESIAN_POINT('',(-9.750620494655,292.,465.28796462364));
#9413 = VECTOR('',#9414,1.);
#9414 = DIRECTION('',(0.309016994375,0.,-0.951056516295));
#9415 = PCURVE('',#9212,#9416);
#9416 = DEFINITIONAL_REPRESENTATION('',(#9417),#9421);
#9417 = LINE('',#9418,#9419);
#9418 = CARTESIAN_POINT('',(0.,0.));
#9419 = VECTOR('',#9420,1.);
#9420 = DIRECTION('',(1.470587118627E-17,1.));
#9421 = ( GEOMETRIC_REPRESENTATION_CONTEXT(2) 
PARAMETRIC_REPRESENTATION_CONTEXT() REPRESENTATION_CONTEXT('2D SPACE',''
  ) );
#9422 = PCURVE('',#9240,#9423);
#9423 = DEFINITIONAL_REPRESENTATION('',(#9424),#9428);
#9424 = LINE('',#9425,#9426);
#9425 = CARTESIAN_POINT('',(0.,0.));
#9426 = VECTOR('',#9427,1.);
#9427 = DIRECTION('',(1.,0.));
#9428 = ( GEOMETRIC_REPRESENTATION_CONTEXT(2) 
PARAMETRIC_REPRESENTATION_CONTEXT() REPRESENTATION_CONTEXT('2D SPACE',''
  ) );
#9429 = ORIENTED_EDGE('',*,*,#9189,.T.);
#9430 = ORIENTED_EDGE('',*,*,#9431,.T.);
#9431 = EDGE_CURVE('',#9192,#9312,#9432,.T.);
#9432 = SURFACE_CURVE('',#9433,(#9437,#9444),.PCURVE_S1.);
#9433 = LINE('',#9434,#9435);
#9434 = CARTESIAN_POINT('',(28.291640157151,292.,477.64864439864));
#9435 = VECTOR('',#9436,1.);
#9436 = DIRECTION('',(0.309016994375,0.,-0.951056516295));
#9437 = PCURVE('',#9212,#9438);
#9438 = DEFINITIONAL_REPRESENTATION('',(#9439),#9443);
#9439 = LINE('',#9440,#9441);
#9440 = CARTESIAN_POINT('',(40.,-4.460363639489E-14));
#9441 = VECTOR('',#9442,1.);
#9442 = DIRECTION('',(1.470587118627E-17,1.));
#9443 = ( GEOMETRIC_REPRESENTATION_CONTEXT(2) 
PARAMETRIC_REPRESENTATION_CONTEXT() REPRESENTATION_CONTEXT('2D SPACE',''
  ) );
#9444 = PCURVE('',#9294,#9445);
#9445 = DEFINITIONAL_REPRESENTATION('',(#9446),#9450);
#9446 = LINE('',#9447,#9448);
#9447 = CARTESIAN_POINT('',(0.,0.));
#9448 = VECTOR('',#9449,1.);
#9449 = DIRECTION('',(1.,0.));
#9450 = ( GEOMETRIC_REPRESENTATION_CONTEXT(2) 
PARAMETRIC_REPRESENTATION_CONTEXT() REPRESENTATION_CONTEXT('2D SPACE',''
  ) );
#9451 = ORIENTED_EDGE('',*,*,#9309,.F.);
#9452 = ADVANCED_FACE('',(#9453),#9268,.T.);
#9453 = FACE_BOUND('',#9454,.T.);
#9454 = EDGE_LOOP('',(#9455,#9476,#9477,#9498));
#9455 = ORIENTED_EDGE('',*,*,#9456,.F.);
#9456 = EDGE_CURVE('',#9225,#9340,#9457,.T.);
#9457 = SURFACE_CURVE('',#9458,(#9462,#9469),.PCURVE_S1.);
#9458 = LINE('',#9459,#9460);
#9459 = CARTESIAN_POINT('',(-9.750620494655,298.,465.28796462364));
#9460 = VECTOR('',#9461,1.);
#9461 = DIRECTION('',(0.309016994375,0.,-0.951056516295));
#9462 = PCURVE('',#9268,#9463);
#9463 = DEFINITIONAL_REPRESENTATION('',(#9464),#9468);
#9464 = LINE('',#9465,#9466);
#9465 = CARTESIAN_POINT('',(0.,0.));
#9466 = VECTOR('',#9467,1.);
#9467 = DIRECTION('',(1.470587118627E-17,1.));
#9468 = ( GEOMETRIC_REPRESENTATION_CONTEXT(2) 
PARAMETRIC_REPRESENTATION_CONTEXT() REPRESENTATION_CONTEXT('2D SPACE',''
  ) );
#9469 = PCURVE('',#9240,#9470);
#9470 = DEFINITIONAL_REPRESENTATION('',(#9471),#9475);
#9471 = LINE('',#9472,#9473);
#9472 = CARTESIAN_POINT('',(0.,6.));
#9473 = VECTOR('',#9474,1.);
#9474 = DIRECTION('',(1.,0.));
#9475 = ( GEOMETRIC_REPRESENTATION_CONTEXT(2) 
PARAMETRIC_REPRESENTATION_CONTEXT() REPRESENTATION_CONTEXT('2D SPACE',''
  ) );
#9476 = ORIENTED_EDGE('',*,*,#9252,.T.);
#9477 = ORIENTED_EDGE('',*,*,#9478,.T.);
#9478 = EDGE_CURVE('',#9253,#9363,#9479,.T.);
#9479 = SURFACE_CURVE('',#9480,(#9484,#9491),.PCURVE_S1.);
#9480 = LINE('',#9481,#9482);
#9481 = CARTESIAN_POINT('',(28.291640157151,298.,477.64864439864));
#9482 = VECTOR('',#9483,1.);
#9483 = DIRECTION('',(0.309016994375,0.,-0.951056516295));
#9484 = PCURVE('',#9268,#9485);
#9485 = DEFINITIONAL_REPRESENTATION('',(#9486),#9490);
#9486 = LINE('',#9487,#9488);
#9487 = CARTESIAN_POINT('',(40.,-4.460363639489E-14));
#9488 = VECTOR('',#9489,1.);
#9489 = DIRECTION('',(1.470587118627E-17,1.));
#9490 = ( GEOMETRIC_REPRESENTATION_CONTEXT(2) 
PARAMETRIC_REPRESENTATION_CONTEXT() REPRESENTATION_CONTEXT('2D SPACE',''
  ) );
#9491 = PCURVE('',#9294,#9492);
#9492 = DEFINITIONAL_REPRESENTATION('',(#9493),#9497);
#9493 = LINE('',#9494,#9495);
#9494 = CARTESIAN_POINT('',(0.,6.));
#9495 = VECTOR('',#9496,1.);
#9496 = DIRECTION('',(1.,0.));
#9497 = ( GEOMETRIC_REPRESENTATION_CONTEXT(2) 
PARAMETRIC_REPRESENTATION_CONTEXT() REPRESENTATION_CONTEXT('2D SPACE',''
  ) );
#9498 = ORIENTED_EDGE('',*,*,#9362,.F.);
#9499 = ADVANCED_FACE('',(#9500),#9240,.F.);
#9500 = FACE_BOUND('',#9501,.F.);
#9501 = EDGE_LOOP('',(#9502,#9503,#9504,#9505));
#9502 = ORIENTED_EDGE('',*,*,#9224,.F.);
#9503 = ORIENTED_EDGE('',*,*,#9409,.T.);
#9504 = ORIENTED_EDGE('',*,*,#9339,.T.);
#9505 = ORIENTED_EDGE('',*,*,#9456,.F.);
#9506 = ADVANCED_FACE('',(#9507),#9294,.T.);
#9507 = FACE_BOUND('',#9508,.T.);
#9508 = EDGE_LOOP('',(#9509,#9510,#9511,#9512));
#9509 = ORIENTED_EDGE('',*,*,#9280,.F.);
#9510 = ORIENTED_EDGE('',*,*,#9431,.T.);
#9511 = ORIENTED_EDGE('',*,*,#9385,.T.);
#9512 = ORIENTED_EDGE('',*,*,#9478,.F.);
#9513 = ( GEOMETRIC_REPRESENTATION_CONTEXT(3) 
GLOBAL_UNCERTAINTY_ASSIGNED_CONTEXT((#9517)) 
GLOBAL_UNIT_ASSIGNED_CONTEXT((#9514,#9515,#9516)) REPRESENTATION_CONTEXT
('Context #1','3D Context with UNIT and UNCERTAINTY') );
#9514 = ( LENGTH_UNIT() NAMED_UNIT(*) SI_UNIT(.MILLI.,.METRE.) );
#9515 = ( NAMED_UNIT(*) PLANE_ANGLE_UNIT() SI_UNIT($,.RADIAN.) );
#9516 = ( NAMED_UNIT(*) SI_UNIT($,.STERADIAN.) SOLID_ANGLE_UNIT() );
#9517 = UNCERTAINTY_MEASURE_WITH_UNIT(LENGTH_MEASURE(1.E-07),#9514,
  'distance_accuracy_value','confusion accuracy');
#9518 = CONTEXT_DEPENDENT_SHAPE_REPRESENTATION(#9519,#9521);
#9519 = ( REPRESENTATION_RELATIONSHIP('','',#9182,#10) 
REPRESENTATION_RELATIONSHIP_WITH_TRANSFORMATION(#9520) 
SHAPE_REPRESENTATION_RELATIONSHIP() );
#9520 = ITEM_DEFINED_TRANSFORMATION('','',#11,#23);
#9521 = PRODUCT_DEFINITION_SHAPE('Placement','Placement of an item',
  #9522);
#9522 = NEXT_ASSEMBLY_USAGE_OCCURRENCE('15','','',#5,#9177,$);
#9523 = PRODUCT_RELATED_PRODUCT_CATEGORY('part',$,(#9179));
#9524 = SHAPE_DEFINITION_REPRESENTATION(#9525,#9531);
#9525 = PRODUCT_DEFINITION_SHAPE('','',#9526);
#9526 = PRODUCT_DEFINITION('design','',#9527,#9530);
#9527 = PRODUCT_DEFINITION_FORMATION('','',#9528);
#9528 = PRODUCT('Open CASCADE STEP translator 7.8 3.4',
  'Open CASCADE STEP translator 7.8 3.4','',(#9529));
#9529 = PRODUCT_CONTEXT('',#2,'mechanical');
#9530 = PRODUCT_DEFINITION_CONTEXT('part definition',#2,'design');
#9531 = ADVANCED_BREP_SHAPE_REPRESENTATION('',(#11,#9532),#9862);
#9532 = MANIFOLD_SOLID_BREP('',#9533);
#9533 = CLOSED_SHELL('',(#9534,#9654,#9754,#9801,#9848,#9855));
#9534 = ADVANCED_FACE('',(#9535),#9549,.F.);
#9535 = FACE_BOUND('',#9536,.F.);
#9536 = EDGE_LOOP('',(#9537,#9572,#9600,#9628));
#9537 = ORIENTED_EDGE('',*,*,#9538,.F.);
#9538 = EDGE_CURVE('',#9539,#9541,#9543,.T.);
#9539 = VERTEX_POINT('',#9540);
#9540 = CARTESIAN_POINT('',(-36.02621487709,292.,498.54678231872));
#9541 = VERTEX_POINT('',#9542);
#9542 = CARTESIAN_POINT('',(-12.51480478539,292.,466.18610254372));
#9543 = SURFACE_CURVE('',#9544,(#9548,#9560),.PCURVE_S1.);
#9544 = LINE('',#9545,#9546);
#9545 = CARTESIAN_POINT('',(-36.02621487709,292.,498.54678231872));
#9546 = VECTOR('',#9547,1.);
#9547 = DIRECTION('',(0.587785252292,0.,-0.809016994375));
#9548 = PCURVE('',#9549,#9554);
#9549 = PLANE('',#9550);
#9550 = AXIS2_PLACEMENT_3D('',#9551,#9552,#9553);
#9551 = CARTESIAN_POINT('',(-36.02621487709,292.,498.54678231872));
#9552 = DIRECTION('',(-0.809016994375,0.,-0.587785252292));
#9553 = DIRECTION('',(0.587785252292,0.,-0.809016994375));
#9554 = DEFINITIONAL_REPRESENTATION('',(#9555),#9559);
#9555 = LINE('',#9556,#9557);
#9556 = CARTESIAN_POINT('',(0.,0.));
#9557 = VECTOR('',#9558,1.);
#9558 = DIRECTION('',(1.,0.));
#9559 = ( GEOMETRIC_REPRESENTATION_CONTEXT(2) 
PARAMETRIC_REPRESENTATION_CONTEXT() REPRESENTATION_CONTEXT('2D SPACE',''
  ) );
#9560 = PCURVE('',#9561,#9566);
#9561 = PLANE('',#9562);
#9562 = AXIS2_PLACEMENT_3D('',#9563,#9564,#9565);
#9563 = CARTESIAN_POINT('',(-36.02621487709,292.,498.54678231872));
#9564 = DIRECTION('',(0.,1.,0.));
#9565 = DIRECTION('',(0.587785252292,0.,-0.809016994375));
#9566 = DEFINITIONAL_REPRESENTATION('',(#9567),#9571);
#9567 = LINE('',#9568,#9569);
#9568 = CARTESIAN_POINT('',(0.,0.));
#9569 = VECTOR('',#9570,1.);
#9570 = DIRECTION('',(1.,2.164781173596E-17));
#9571 = ( GEOMETRIC_REPRESENTATION_CONTEXT(2) 
PARAMETRIC_REPRESENTATION_CONTEXT() REPRESENTATION_CONTEXT('2D SPACE',''
  ) );
#9572 = ORIENTED_EDGE('',*,*,#9573,.T.);
#9573 = EDGE_CURVE('',#9539,#9574,#9576,.T.);
#9574 = VERTEX_POINT('',#9575);
#9575 = CARTESIAN_POINT('',(-36.02621487709,298.,498.54678231872));
#9576 = SURFACE_CURVE('',#9577,(#9581,#9588),.PCURVE_S1.);
#9577 = LINE('',#9578,#9579);
#9578 = CARTESIAN_POINT('',(-36.02621487709,292.,498.54678231872));
#9579 = VECTOR('',#9580,1.);
#9580 = DIRECTION('',(0.,1.,0.));
#9581 = PCURVE('',#9549,#9582);
#9582 = DEFINITIONAL_REPRESENTATION('',(#9583),#9587);
#9583 = LINE('',#9584,#9585);
#9584 = CARTESIAN_POINT('',(0.,0.));
#9585 = VECTOR('',#9586,1.);
#9586 = DIRECTION('',(0.,-1.));
#9587 = ( GEOMETRIC_REPRESENTATION_CONTEXT(2) 
PARAMETRIC_REPRESENTATION_CONTEXT() REPRESENTATION_CONTEXT('2D SPACE',''
  ) );
#9588 = PCURVE('',#9589,#9594);
#9589 = PLANE('',#9590);
#9590 = AXIS2_PLACEMENT_3D('',#9591,#9592,#9593);
#9591 = CARTESIAN_POINT('',(-36.02621487709,292.,498.54678231872));
#9592 = DIRECTION('',(0.587785252292,0.,-0.809016994375));
#9593 = DIRECTION('',(-0.809016994375,0.,-0.587785252292));
#9594 = DEFINITIONAL_REPRESENTATION('',(#9595),#9599);
#9595 = LINE('',#9596,#9597);
#9596 = CARTESIAN_POINT('',(0.,0.));
#9597 = VECTOR('',#9598,1.);
#9598 = DIRECTION('',(0.,1.));
#9599 = ( GEOMETRIC_REPRESENTATION_CONTEXT(2) 
PARAMETRIC_REPRESENTATION_CONTEXT() REPRESENTATION_CONTEXT('2D SPACE',''
  ) );
#9600 = ORIENTED_EDGE('',*,*,#9601,.T.);
#9601 = EDGE_CURVE('',#9574,#9602,#9604,.T.);
#9602 = VERTEX_POINT('',#9603);
#9603 = CARTESIAN_POINT('',(-12.51480478539,298.,466.18610254372));
#9604 = SURFACE_CURVE('',#9605,(#9609,#9616),.PCURVE_S1.);
#9605 = LINE('',#9606,#9607);
#9606 = CARTESIAN_POINT('',(-36.02621487709,298.,498.54678231872));
#9607 = VECTOR('',#9608,1.);
#9608 = DIRECTION('',(0.587785252292,0.,-0.809016994375));
#9609 = PCURVE('',#9549,#9610);
#9610 = DEFINITIONAL_REPRESENTATION('',(#9611),#9615);
#9611 = LINE('',#9612,#9613);
#9612 = CARTESIAN_POINT('',(0.,-6.));
#9613 = VECTOR('',#9614,1.);
#9614 = DIRECTION('',(1.,0.));
#9615 = ( GEOMETRIC_REPRESENTATION_CONTEXT(2) 
PARAMETRIC_REPRESENTATION_CONTEXT() REPRESENTATION_CONTEXT('2D SPACE',''
  ) );
#9616 = PCURVE('',#9617,#9622);
#9617 = PLANE('',#9618);
#9618 = AXIS2_PLACEMENT_3D('',#9619,#9620,#9621);
#9619 = CARTESIAN_POINT('',(-36.02621487709,298.,498.54678231872));
#9620 = DIRECTION('',(0.,1.,0.));
#9621 = DIRECTION('',(0.587785252292,0.,-0.809016994375));
#9622 = DEFINITIONAL_REPRESENTATION('',(#9623),#9627);
#9623 = LINE('',#9624,#9625);
#9624 = CARTESIAN_POINT('',(0.,0.));
#9625 = VECTOR('',#9626,1.);
#9626 = DIRECTION('',(1.,2.164781173596E-17));
#9627 = ( GEOMETRIC_REPRESENTATION_CONTEXT(2) 
PARAMETRIC_REPRESENTATION_CONTEXT() REPRESENTATION_CONTEXT('2D SPACE',''
  ) );
#9628 = ORIENTED_EDGE('',*,*,#9629,.F.);
#9629 = EDGE_CURVE('',#9541,#9602,#9630,.T.);
#9630 = SURFACE_CURVE('',#9631,(#9635,#9642),.PCURVE_S1.);
#9631 = LINE('',#9632,#9633);
#9632 = CARTESIAN_POINT('',(-12.51480478539,292.,466.18610254372));
#9633 = VECTOR('',#9634,1.);
#9634 = DIRECTION('',(0.,1.,0.));
#9635 = PCURVE('',#9549,#9636);
#9636 = DEFINITIONAL_REPRESENTATION('',(#9637),#9641);
#9637 = LINE('',#9638,#9639);
#9638 = CARTESIAN_POINT('',(40.,0.));
#9639 = VECTOR('',#9640,1.);
#9640 = DIRECTION('',(0.,-1.));
#9641 = ( GEOMETRIC_REPRESENTATION_CONTEXT(2) 
PARAMETRIC_REPRESENTATION_CONTEXT() REPRESENTATION_CONTEXT('2D SPACE',''
  ) );
#9642 = PCURVE('',#9643,#9648);
#9643 = PLANE('',#9644);
#9644 = AXIS2_PLACEMENT_3D('',#9645,#9646,#9647);
#9645 = CARTESIAN_POINT('',(-12.51480478539,292.,466.18610254372));
#9646 = DIRECTION('',(0.587785252292,0.,-0.809016994375));
#9647 = DIRECTION('',(-0.809016994375,0.,-0.587785252292));
#9648 = DEFINITIONAL_REPRESENTATION('',(#9649),#9653);
#9649 = LINE('',#9650,#9651);
#9650 = CARTESIAN_POINT('',(0.,0.));
#9651 = VECTOR('',#9652,1.);
#9652 = DIRECTION('',(0.,1.));
#9653 = ( GEOMETRIC_REPRESENTATION_CONTEXT(2) 
PARAMETRIC_REPRESENTATION_CONTEXT() REPRESENTATION_CONTEXT('2D SPACE',''
  ) );
#9654 = ADVANCED_FACE('',(#9655),#9669,.T.);
#9655 = FACE_BOUND('',#9656,.T.);
#9656 = EDGE_LOOP('',(#9657,#9687,#9710,#9733));
#9657 = ORIENTED_EDGE('',*,*,#9658,.F.);
#9658 = EDGE_CURVE('',#9659,#9661,#9663,.T.);
#9659 = VERTEX_POINT('',#9660);
#9660 = CARTESIAN_POINT('',(-108.8377443708,292.,445.6461096124));
#9661 = VERTEX_POINT('',#9662);
#9662 = CARTESIAN_POINT('',(-85.32633427914,292.,413.2854298374));
#9663 = SURFACE_CURVE('',#9664,(#9668,#9680),.PCURVE_S1.);
#9664 = LINE('',#9665,#9666);
#9665 = CARTESIAN_POINT('',(-108.8377443708,292.,445.6461096124));
#9666 = VECTOR('',#9667,1.);
#9667 = DIRECTION('',(0.587785252292,0.,-0.809016994375));
#9668 = PCURVE('',#9669,#9674);
#9669 = PLANE('',#9670);
#9670 = AXIS2_PLACEMENT_3D('',#9671,#9672,#9673);
#9671 = CARTESIAN_POINT('',(-108.8377443708,292.,445.6461096124));
#9672 = DIRECTION('',(-0.809016994375,0.,-0.587785252292));
#9673 = DIRECTION('',(0.587785252292,0.,-0.809016994375));
#9674 = DEFINITIONAL_REPRESENTATION('',(#9675),#9679);
#9675 = LINE('',#9676,#9677);
#9676 = CARTESIAN_POINT('',(0.,0.));
#9677 = VECTOR('',#9678,1.);
#9678 = DIRECTION('',(1.,0.));
#9679 = ( GEOMETRIC_REPRESENTATION_CONTEXT(2) 
PARAMETRIC_REPRESENTATION_CONTEXT() REPRESENTATION_CONTEXT('2D SPACE',''
  ) );
#9680 = PCURVE('',#9561,#9681);
#9681 = DEFINITIONAL_REPRESENTATION('',(#9682),#9686);
#9682 = LINE('',#9683,#9684);
#9683 = CARTESIAN_POINT('',(1.367099444426E-14,90.));
#9684 = VECTOR('',#9685,1.);
#9685 = DIRECTION('',(1.,2.164781173596E-17));
#9686 = ( GEOMETRIC_REPRESENTATION_CONTEXT(2) 
PARAMETRIC_REPRESENTATION_CONTEXT() REPRESENTATION_CONTEXT('2D SPACE',''
  ) );
#9687 = ORIENTED_EDGE('',*,*,#9688,.T.);
#9688 = EDGE_CURVE('',#9659,#9689,#9691,.T.);
#9689 = VERTEX_POINT('',#9690);
#9690 = CARTESIAN_POINT('',(-108.8377443708,298.,445.6461096124));
#9691 = SURFACE_CURVE('',#9692,(#9696,#9703),.PCURVE_S1.);
#9692 = LINE('',#9693,#9694);
#9693 = CARTESIAN_POINT('',(-108.8377443708,292.,445.6461096124));
#9694 = VECTOR('',#9695,1.);
#9695 = DIRECTION('',(0.,1.,0.));
#9696 = PCURVE('',#9669,#9697);
#9697 = DEFINITIONAL_REPRESENTATION('',(#9698),#9702);
#9698 = LINE('',#9699,#9700);
#9699 = CARTESIAN_POINT('',(0.,0.));
#9700 = VECTOR('',#9701,1.);
#9701 = DIRECTION('',(0.,-1.));
#9702 = ( GEOMETRIC_REPRESENTATION_CONTEXT(2) 
PARAMETRIC_REPRESENTATION_CONTEXT() REPRESENTATION_CONTEXT('2D SPACE',''
  ) );
#9703 = PCURVE('',#9589,#9704);
#9704 = DEFINITIONAL_REPRESENTATION('',(#9705),#9709);
#9705 = LINE('',#9706,#9707);
#9706 = CARTESIAN_POINT('',(90.,0.));
#9707 = VECTOR('',#9708,1.);
#9708 = DIRECTION('',(0.,1.));
#9709 = ( GEOMETRIC_REPRESENTATION_CONTEXT(2) 
PARAMETRIC_REPRESENTATION_CONTEXT() REPRESENTATION_CONTEXT('2D SPACE',''
  ) );
#9710 = ORIENTED_EDGE('',*,*,#9711,.T.);
#9711 = EDGE_CURVE('',#9689,#9712,#9714,.T.);
#9712 = VERTEX_POINT('',#9713);
#9713 = CARTESIAN_POINT('',(-85.32633427914,298.,413.2854298374));
#9714 = SURFACE_CURVE('',#9715,(#9719,#9726),.PCURVE_S1.);
#9715 = LINE('',#9716,#9717);
#9716 = CARTESIAN_POINT('',(-108.8377443708,298.,445.6461096124));
#9717 = VECTOR('',#9718,1.);
#9718 = DIRECTION('',(0.587785252292,0.,-0.809016994375));
#9719 = PCURVE('',#9669,#9720);
#9720 = DEFINITIONAL_REPRESENTATION('',(#9721),#9725);
#9721 = LINE('',#9722,#9723);
#9722 = CARTESIAN_POINT('',(0.,-6.));
#9723 = VECTOR('',#9724,1.);
#9724 = DIRECTION('',(1.,0.));
#9725 = ( GEOMETRIC_REPRESENTATION_CONTEXT(2) 
PARAMETRIC_REPRESENTATION_CONTEXT() REPRESENTATION_CONTEXT('2D SPACE',''
  ) );
#9726 = PCURVE('',#9617,#9727);
#9727 = DEFINITIONAL_REPRESENTATION('',(#9728),#9732);
#9728 = LINE('',#9729,#9730);
#9729 = CARTESIAN_POINT('',(1.367099444426E-14,90.));
#9730 = VECTOR('',#9731,1.);
#9731 = DIRECTION('',(1.,2.164781173596E-17));
#9732 = ( GEOMETRIC_REPRESENTATION_CONTEXT(2) 
PARAMETRIC_REPRESENTATION_CONTEXT() REPRESENTATION_CONTEXT('2D SPACE',''
  ) );
#9733 = ORIENTED_EDGE('',*,*,#9734,.F.);
#9734 = EDGE_CURVE('',#9661,#9712,#9735,.T.);
#9735 = SURFACE_CURVE('',#9736,(#9740,#9747),.PCURVE_S1.);
#9736 = LINE('',#9737,#9738);
#9737 = CARTESIAN_POINT('',(-85.32633427914,292.,413.2854298374));
#9738 = VECTOR('',#9739,1.);
#9739 = DIRECTION('',(0.,1.,0.));
#9740 = PCURVE('',#9669,#9741);
#9741 = DEFINITIONAL_REPRESENTATION('',(#9742),#9746);
#9742 = LINE('',#9743,#9744);
#9743 = CARTESIAN_POINT('',(40.,0.));
#9744 = VECTOR('',#9745,1.);
#9745 = DIRECTION('',(0.,-1.));
#9746 = ( GEOMETRIC_REPRESENTATION_CONTEXT(2) 
PARAMETRIC_REPRESENTATION_CONTEXT() REPRESENTATION_CONTEXT('2D SPACE',''
  ) );
#9747 = PCURVE('',#9643,#9748);
#9748 = DEFINITIONAL_REPRESENTATION('',(#9749),#9753);
#9749 = LINE('',#9750,#9751);
#9750 = CARTESIAN_POINT('',(90.,0.));
#9751 = VECTOR('',#9752,1.);
#9752 = DIRECTION('',(0.,1.));
#9753 = ( GEOMETRIC_REPRESENTATION_CONTEXT(2) 
PARAMETRIC_REPRESENTATION_CONTEXT() REPRESENTATION_CONTEXT('2D SPACE',''
  ) );
#9754 = ADVANCED_FACE('',(#9755),#9561,.F.);
#9755 = FACE_BOUND('',#9756,.F.);
#9756 = EDGE_LOOP('',(#9757,#9778,#9779,#9800));
#9757 = ORIENTED_EDGE('',*,*,#9758,.F.);
#9758 = EDGE_CURVE('',#9539,#9659,#9759,.T.);
#9759 = SURFACE_CURVE('',#9760,(#9764,#9771),.PCURVE_S1.);
#9760 = LINE('',#9761,#9762);
#9761 = CARTESIAN_POINT('',(-36.02621487709,292.,498.54678231872));
#9762 = VECTOR('',#9763,1.);
#9763 = DIRECTION('',(-0.809016994375,0.,-0.587785252292));
#9764 = PCURVE('',#9561,#9765);
#9765 = DEFINITIONAL_REPRESENTATION('',(#9766),#9770);
#9766 = LINE('',#9767,#9768);
#9767 = CARTESIAN_POINT('',(0.,0.));
#9768 = VECTOR('',#9769,1.);
#9769 = DIRECTION('',(2.164781173596E-17,1.));
#9770 = ( GEOMETRIC_REPRESENTATION_CONTEXT(2) 
PARAMETRIC_REPRESENTATION_CONTEXT() REPRESENTATION_CONTEXT('2D SPACE',''
  ) );
#9771 = PCURVE('',#9589,#9772);
#9772 = DEFINITIONAL_REPRESENTATION('',(#9773),#9777);
#9773 = LINE('',#9774,#9775);
#9774 = CARTESIAN_POINT('',(0.,0.));
#9775 = VECTOR('',#9776,1.);
#9776 = DIRECTION('',(1.,0.));
#9777 = ( GEOMETRIC_REPRESENTATION_CONTEXT(2) 
PARAMETRIC_REPRESENTATION_CONTEXT() REPRESENTATION_CONTEXT('2D SPACE',''
  ) );
#9778 = ORIENTED_EDGE('',*,*,#9538,.T.);
#9779 = ORIENTED_EDGE('',*,*,#9780,.T.);
#9780 = EDGE_CURVE('',#9541,#9661,#9781,.T.);
#9781 = SURFACE_CURVE('',#9782,(#9786,#9793),.PCURVE_S1.);
#9782 = LINE('',#9783,#9784);
#9783 = CARTESIAN_POINT('',(-12.51480478539,292.,466.18610254372));
#9784 = VECTOR('',#9785,1.);
#9785 = DIRECTION('',(-0.809016994375,0.,-0.587785252292));
#9786 = PCURVE('',#9561,#9787);
#9787 = DEFINITIONAL_REPRESENTATION('',(#9788),#9792);
#9788 = LINE('',#9789,#9790);
#9789 = CARTESIAN_POINT('',(40.,-8.195534250946E-15));
#9790 = VECTOR('',#9791,1.);
#9791 = DIRECTION('',(2.164781173596E-17,1.));
#9792 = ( GEOMETRIC_REPRESENTATION_CONTEXT(2) 
PARAMETRIC_REPRESENTATION_CONTEXT() REPRESENTATION_CONTEXT('2D SPACE',''
  ) );
#9793 = PCURVE('',#9643,#9794);
#9794 = DEFINITIONAL_REPRESENTATION('',(#9795),#9799);
#9795 = LINE('',#9796,#9797);
#9796 = CARTESIAN_POINT('',(0.,0.));
#9797 = VECTOR('',#9798,1.);
#9798 = DIRECTION('',(1.,0.));
#9799 = ( GEOMETRIC_REPRESENTATION_CONTEXT(2) 
PARAMETRIC_REPRESENTATION_CONTEXT() REPRESENTATION_CONTEXT('2D SPACE',''
  ) );
#9800 = ORIENTED_EDGE('',*,*,#9658,.F.);
#9801 = ADVANCED_FACE('',(#9802),#9617,.T.);
#9802 = FACE_BOUND('',#9803,.T.);
#9803 = EDGE_LOOP('',(#9804,#9825,#9826,#9847));
#9804 = ORIENTED_EDGE('',*,*,#9805,.F.);
#9805 = EDGE_CURVE('',#9574,#9689,#9806,.T.);
#9806 = SURFACE_CURVE('',#9807,(#9811,#9818),.PCURVE_S1.);
#9807 = LINE('',#9808,#9809);
#9808 = CARTESIAN_POINT('',(-36.02621487709,298.,498.54678231872));
#9809 = VECTOR('',#9810,1.);
#9810 = DIRECTION('',(-0.809016994375,0.,-0.587785252292));
#9811 = PCURVE('',#9617,#9812);
#9812 = DEFINITIONAL_REPRESENTATION('',(#9813),#9817);
#9813 = LINE('',#9814,#9815);
#9814 = CARTESIAN_POINT('',(0.,0.));
#9815 = VECTOR('',#9816,1.);
#9816 = DIRECTION('',(2.164781173596E-17,1.));
#9817 = ( GEOMETRIC_REPRESENTATION_CONTEXT(2) 
PARAMETRIC_REPRESENTATION_CONTEXT() REPRESENTATION_CONTEXT('2D SPACE',''
  ) );
#9818 = PCURVE('',#9589,#9819);
#9819 = DEFINITIONAL_REPRESENTATION('',(#9820),#9824);
#9820 = LINE('',#9821,#9822);
#9821 = CARTESIAN_POINT('',(0.,6.));
#9822 = VECTOR('',#9823,1.);
#9823 = DIRECTION('',(1.,0.));
#9824 = ( GEOMETRIC_REPRESENTATION_CONTEXT(2) 
PARAMETRIC_REPRESENTATION_CONTEXT() REPRESENTATION_CONTEXT('2D SPACE',''
  ) );
#9825 = ORIENTED_EDGE('',*,*,#9601,.T.);
#9826 = ORIENTED_EDGE('',*,*,#9827,.T.);
#9827 = EDGE_CURVE('',#9602,#9712,#9828,.T.);
#9828 = SURFACE_CURVE('',#9829,(#9833,#9840),.PCURVE_S1.);
#9829 = LINE('',#9830,#9831);
#9830 = CARTESIAN_POINT('',(-12.51480478539,298.,466.18610254372));
#9831 = VECTOR('',#9832,1.);
#9832 = DIRECTION('',(-0.809016994375,0.,-0.587785252292));
#9833 = PCURVE('',#9617,#9834);
#9834 = DEFINITIONAL_REPRESENTATION('',(#9835),#9839);
#9835 = LINE('',#9836,#9837);
#9836 = CARTESIAN_POINT('',(40.,-8.195534250946E-15));
#9837 = VECTOR('',#9838,1.);
#9838 = DIRECTION('',(2.164781173596E-17,1.));
#9839 = ( GEOMETRIC_REPRESENTATION_CONTEXT(2) 
PARAMETRIC_REPRESENTATION_CONTEXT() REPRESENTATION_CONTEXT('2D SPACE',''
  ) );
#9840 = PCURVE('',#9643,#9841);
#9841 = DEFINITIONAL_REPRESENTATION('',(#9842),#9846);
#9842 = LINE('',#9843,#9844);
#9843 = CARTESIAN_POINT('',(0.,6.));
#9844 = VECTOR('',#9845,1.);
#9845 = DIRECTION('',(1.,0.));
#9846 = ( GEOMETRIC_REPRESENTATION_CONTEXT(2) 
PARAMETRIC_REPRESENTATION_CONTEXT() REPRESENTATION_CONTEXT('2D SPACE',''
  ) );
#9847 = ORIENTED_EDGE('',*,*,#9711,.F.);
#9848 = ADVANCED_FACE('',(#9849),#9589,.F.);
#9849 = FACE_BOUND('',#9850,.F.);
#9850 = EDGE_LOOP('',(#9851,#9852,#9853,#9854));
#9851 = ORIENTED_EDGE('',*,*,#9573,.F.);
#9852 = ORIENTED_EDGE('',*,*,#9758,.T.);
#9853 = ORIENTED_EDGE('',*,*,#9688,.T.);
#9854 = ORIENTED_EDGE('',*,*,#9805,.F.);
#9855 = ADVANCED_FACE('',(#9856),#9643,.T.);
#9856 = FACE_BOUND('',#9857,.T.);
#9857 = EDGE_LOOP('',(#9858,#9859,#9860,#9861));
#9858 = ORIENTED_EDGE('',*,*,#9629,.F.);
#9859 = ORIENTED_EDGE('',*,*,#9780,.T.);
#9860 = ORIENTED_EDGE('',*,*,#9734,.T.);
#9861 = ORIENTED_EDGE('',*,*,#9827,.F.);
#9862 = ( GEOMETRIC_REPRESENTATION_CONTEXT(3) 
GLOBAL_UNCERTAINTY_ASSIGNED_CONTEXT((#9866)) 
GLOBAL_UNIT_ASSIGNED_CONTEXT((#9863,#9864,#9865)) REPRESENTATION_CONTEXT
('Context #1','3D Context with UNIT and UNCERTAINTY') );
#9863 = ( LENGTH_UNIT() NAMED_UNIT(*) SI_UNIT(.MILLI.,.METRE.) );
#9864 = ( NAMED_UNIT(*) PLANE_ANGLE_UNIT() SI_UNIT($,.RADIAN.) );
#9865 = ( NAMED_UNIT(*) SI_UNIT($,.STERADIAN.) SOLID_ANGLE_UNIT() );
#9866 = UNCERTAINTY_MEASURE_WITH_UNIT(LENGTH_MEASURE(1.E-07),#9863,
  'distance_accuracy_value','confusion accuracy');
#9867 = CONTEXT_DEPENDENT_SHAPE_REPRESENTATION(#9868,#9870);
#9868 = ( REPRESENTATION_RELATIONSHIP('','',#9531,#10) 
REPRESENTATION_RELATIONSHIP_WITH_TRANSFORMATION(#9869) 
SHAPE_REPRESENTATION_RELATIONSHIP() );
#9869 = ITEM_DEFINED_TRANSFORMATION('','',#11,#27);
#9870 = PRODUCT_DEFINITION_SHAPE('Placement','Placement of an item',
  #9871);
#9871 = NEXT_ASSEMBLY_USAGE_OCCURRENCE('16','','',#5,#9526,$);
#9872 = PRODUCT_RELATED_PRODUCT_CATEGORY('part',$,(#9528));
#9873 = SHAPE_DEFINITION_REPRESENTATION(#9874,#9880);
#9874 = PRODUCT_DEFINITION_SHAPE('','',#9875);
#9875 = PRODUCT_DEFINITION('design','',#9876,#9879);
#9876 = PRODUCT_DEFINITION_FORMATION('','',#9877);
#9877 = PRODUCT('Open CASCADE STEP translator 7.8 3.5',
  'Open CASCADE STEP translator 7.8 3.5','',(#9878));
#9878 = PRODUCT_CONTEXT('',#2,'mechanical');
#9879 = PRODUCT_DEFINITION_CONTEXT('part definition',#2,'design');
#9880 = ADVANCED_BREP_SHAPE_REPRESENTATION('',(#11,#9881),#10211);
#9881 = MANIFOLD_SOLID_BREP('',#9882);
#9882 = CLOSED_SHELL('',(#9883,#10003,#10103,#10150,#10197,#10204));
#9883 = ADVANCED_FACE('',(#9884),#9898,.F.);
#9884 = FACE_BOUND('',#9885,.F.);
#9885 = EDGE_LOOP('',(#9886,#9921,#9949,#9977));
#9886 = ORIENTED_EDGE('',*,*,#9887,.F.);
#9887 = EDGE_CURVE('',#9888,#9890,#9892,.T.);
#9888 = VERTEX_POINT('',#9889);
#9889 = CARTESIAN_POINT('',(-12.51480478539,292.,533.81389745627));
#9890 = VERTEX_POINT('',#9891);
#9891 = CARTESIAN_POINT('',(-36.02621487709,292.,501.45321768127));
#9892 = SURFACE_CURVE('',#9893,(#9897,#9909),.PCURVE_S1.);
#9893 = LINE('',#9894,#9895);
#9894 = CARTESIAN_POINT('',(-12.51480478539,292.,533.81389745627));
#9895 = VECTOR('',#9896,1.);
#9896 = DIRECTION('',(-0.587785252292,0.,-0.809016994375));
#9897 = PCURVE('',#9898,#9903);
#9898 = PLANE('',#9899);
#9899 = AXIS2_PLACEMENT_3D('',#9900,#9901,#9902);
#9900 = CARTESIAN_POINT('',(-12.51480478539,292.,533.81389745627));
#9901 = DIRECTION('',(-0.809016994375,0.,0.587785252292));
#9902 = DIRECTION('',(-0.587785252292,0.,-0.809016994375));
#9903 = DEFINITIONAL_REPRESENTATION('',(#9904),#9908);
#9904 = LINE('',#9905,#9906);
#9905 = CARTESIAN_POINT('',(0.,0.));
#9906 = VECTOR('',#9907,1.);
#9907 = DIRECTION('',(1.,-0.));
#9908 = ( GEOMETRIC_REPRESENTATION_CONTEXT(2) 
PARAMETRIC_REPRESENTATION_CONTEXT() REPRESENTATION_CONTEXT('2D SPACE',''
  ) );
#9909 = PCURVE('',#9910,#9915);
#9910 = PLANE('',#9911);
#9911 = AXIS2_PLACEMENT_3D('',#9912,#9913,#9914);
#9912 = CARTESIAN_POINT('',(-12.51480478539,292.,533.81389745627));
#9913 = DIRECTION('',(0.,1.,0.));
#9914 = DIRECTION('',(-0.587785252292,0.,-0.809016994375));
#9915 = DEFINITIONAL_REPRESENTATION('',(#9916),#9920);
#9916 = LINE('',#9917,#9918);
#9917 = CARTESIAN_POINT('',(0.,0.));
#9918 = VECTOR('',#9919,1.);
#9919 = DIRECTION('',(1.,2.913845647833E-18));
#9920 = ( GEOMETRIC_REPRESENTATION_CONTEXT(2) 
PARAMETRIC_REPRESENTATION_CONTEXT() REPRESENTATION_CONTEXT('2D SPACE',''
  ) );
#9921 = ORIENTED_EDGE('',*,*,#9922,.T.);
#9922 = EDGE_CURVE('',#9888,#9923,#9925,.T.);
#9923 = VERTEX_POINT('',#9924);
#9924 = CARTESIAN_POINT('',(-12.51480478539,298.,533.81389745627));
#9925 = SURFACE_CURVE('',#9926,(#9930,#9937),.PCURVE_S1.);
#9926 = LINE('',#9927,#9928);
#9927 = CARTESIAN_POINT('',(-12.51480478539,292.,533.81389745627));
#9928 = VECTOR('',#9929,1.);
#9929 = DIRECTION('',(0.,1.,0.));
#9930 = PCURVE('',#9898,#9931);
#9931 = DEFINITIONAL_REPRESENTATION('',(#9932),#9936);
#9932 = LINE('',#9933,#9934);
#9933 = CARTESIAN_POINT('',(0.,0.));
#9934 = VECTOR('',#9935,1.);
#9935 = DIRECTION('',(0.,-1.));
#9936 = ( GEOMETRIC_REPRESENTATION_CONTEXT(2) 
PARAMETRIC_REPRESENTATION_CONTEXT() REPRESENTATION_CONTEXT('2D SPACE',''
  ) );
#9937 = PCURVE('',#9938,#9943);
#9938 = PLANE('',#9939);
#9939 = AXIS2_PLACEMENT_3D('',#9940,#9941,#9942);
#9940 = CARTESIAN_POINT('',(-12.51480478539,292.,533.81389745627));
#9941 = DIRECTION('',(-0.587785252292,0.,-0.809016994375));
#9942 = DIRECTION('',(-0.809016994375,0.,0.587785252292));
#9943 = DEFINITIONAL_REPRESENTATION('',(#9944),#9948);
#9944 = LINE('',#9945,#9946);
#9945 = CARTESIAN_POINT('',(0.,0.));
#9946 = VECTOR('',#9947,1.);
#9947 = DIRECTION('',(0.,1.));
#9948 = ( GEOMETRIC_REPRESENTATION_CONTEXT(2) 
PARAMETRIC_REPRESENTATION_CONTEXT() REPRESENTATION_CONTEXT('2D SPACE',''
  ) );
#9949 = ORIENTED_EDGE('',*,*,#9950,.T.);
#9950 = EDGE_CURVE('',#9923,#9951,#9953,.T.);
#9951 = VERTEX_POINT('',#9952);
#9952 = CARTESIAN_POINT('',(-36.02621487709,298.,501.45321768127));
#9953 = SURFACE_CURVE('',#9954,(#9958,#9965),.PCURVE_S1.);
#9954 = LINE('',#9955,#9956);
#9955 = CARTESIAN_POINT('',(-12.51480478539,298.,533.81389745627));
#9956 = VECTOR('',#9957,1.);
#9957 = DIRECTION('',(-0.587785252292,0.,-0.809016994375));
#9958 = PCURVE('',#9898,#9959);
#9959 = DEFINITIONAL_REPRESENTATION('',(#9960),#9964);
#9960 = LINE('',#9961,#9962);
#9961 = CARTESIAN_POINT('',(0.,-6.));
#9962 = VECTOR('',#9963,1.);
#9963 = DIRECTION('',(1.,-0.));
#9964 = ( GEOMETRIC_REPRESENTATION_CONTEXT(2) 
PARAMETRIC_REPRESENTATION_CONTEXT() REPRESENTATION_CONTEXT('2D SPACE',''
  ) );
#9965 = PCURVE('',#9966,#9971);
#9966 = PLANE('',#9967);
#9967 = AXIS2_PLACEMENT_3D('',#9968,#9969,#9970);
#9968 = CARTESIAN_POINT('',(-12.51480478539,298.,533.81389745627));
#9969 = DIRECTION('',(0.,1.,0.));
#9970 = DIRECTION('',(-0.587785252292,0.,-0.809016994375));
#9971 = DEFINITIONAL_REPRESENTATION('',(#9972),#9976);
#9972 = LINE('',#9973,#9974);
#9973 = CARTESIAN_POINT('',(0.,0.));
#9974 = VECTOR('',#9975,1.);
#9975 = DIRECTION('',(1.,2.913845647833E-18));
#9976 = ( GEOMETRIC_REPRESENTATION_CONTEXT(2) 
PARAMETRIC_REPRESENTATION_CONTEXT() REPRESENTATION_CONTEXT('2D SPACE',''
  ) );
#9977 = ORIENTED_EDGE('',*,*,#9978,.F.);
#9978 = EDGE_CURVE('',#9890,#9951,#9979,.T.);
#9979 = SURFACE_CURVE('',#9980,(#9984,#9991),.PCURVE_S1.);
#9980 = LINE('',#9981,#9982);
#9981 = CARTESIAN_POINT('',(-36.02621487709,292.,501.45321768127));
#9982 = VECTOR('',#9983,1.);
#9983 = DIRECTION('',(0.,1.,0.));
#9984 = PCURVE('',#9898,#9985);
#9985 = DEFINITIONAL_REPRESENTATION('',(#9986),#9990);
#9986 = LINE('',#9987,#9988);
#9987 = CARTESIAN_POINT('',(40.,-0.));
#9988 = VECTOR('',#9989,1.);
#9989 = DIRECTION('',(0.,-1.));
#9990 = ( GEOMETRIC_REPRESENTATION_CONTEXT(2) 
PARAMETRIC_REPRESENTATION_CONTEXT() REPRESENTATION_CONTEXT('2D SPACE',''
  ) );
#9991 = PCURVE('',#9992,#9997);
#9992 = PLANE('',#9993);
#9993 = AXIS2_PLACEMENT_3D('',#9994,#9995,#9996);
#9994 = CARTESIAN_POINT('',(-36.02621487709,292.,501.45321768127));
#9995 = DIRECTION('',(-0.587785252292,0.,-0.809016994375));
#9996 = DIRECTION('',(-0.809016994375,0.,0.587785252292));
#9997 = DEFINITIONAL_REPRESENTATION('',(#9998),#10002);
#9998 = LINE('',#9999,#10000);
#9999 = CARTESIAN_POINT('',(0.,0.));
#10000 = VECTOR('',#10001,1.);
#10001 = DIRECTION('',(0.,1.));
#10002 = ( GEOMETRIC_REPRESENTATION_CONTEXT(2) 
PARAMETRIC_REPRESENTATION_CONTEXT() REPRESENTATION_CONTEXT('2D SPACE',''
  ) );
#10003 = ADVANCED_FACE('',(#10004),#10018,.T.);
#10004 = FACE_BOUND('',#10005,.T.);
#10005 = EDGE_LOOP('',(#10006,#10036,#10059,#10082));
#10006 = ORIENTED_EDGE('',*,*,#10007,.F.);
#10007 = EDGE_CURVE('',#10008,#10010,#10012,.T.);
#10008 = VERTEX_POINT('',#10009);
#10009 = CARTESIAN_POINT('',(-85.32633427914,292.,586.71457016259));
#10010 = VERTEX_POINT('',#10011);
#10011 = CARTESIAN_POINT('',(-108.8377443708,292.,554.35389038759));
#10012 = SURFACE_CURVE('',#10013,(#10017,#10029),.PCURVE_S1.);
#10013 = LINE('',#10014,#10015);
#10014 = CARTESIAN_POINT('',(-85.32633427914,292.,586.71457016259));
#10015 = VECTOR('',#10016,1.);
#10016 = DIRECTION('',(-0.587785252292,0.,-0.809016994375));
#10017 = PCURVE('',#10018,#10023);
#10018 = PLANE('',#10019);
#10019 = AXIS2_PLACEMENT_3D('',#10020,#10021,#10022);
#10020 = CARTESIAN_POINT('',(-85.32633427914,292.,586.71457016259));
#10021 = DIRECTION('',(-0.809016994375,0.,0.587785252292));
#10022 = DIRECTION('',(-0.587785252292,0.,-0.809016994375));
#10023 = DEFINITIONAL_REPRESENTATION('',(#10024),#10028);
#10024 = LINE('',#10025,#10026);
#10025 = CARTESIAN_POINT('',(0.,0.));
#10026 = VECTOR('',#10027,1.);
#10027 = DIRECTION('',(1.,-0.));
#10028 = ( GEOMETRIC_REPRESENTATION_CONTEXT(2) 
PARAMETRIC_REPRESENTATION_CONTEXT() REPRESENTATION_CONTEXT('2D SPACE',''
  ) );
#10029 = PCURVE('',#9910,#10030);
#10030 = DEFINITIONAL_REPRESENTATION('',(#10031),#10035);
#10031 = LINE('',#10032,#10033);
#10032 = CARTESIAN_POINT('',(1.933771558924E-14,90.));
#10033 = VECTOR('',#10034,1.);
#10034 = DIRECTION('',(1.,2.913845647833E-18));
#10035 = ( GEOMETRIC_REPRESENTATION_CONTEXT(2) 
PARAMETRIC_REPRESENTATION_CONTEXT() REPRESENTATION_CONTEXT('2D SPACE',''
  ) );
#10036 = ORIENTED_EDGE('',*,*,#10037,.T.);
#10037 = EDGE_CURVE('',#10008,#10038,#10040,.T.);
#10038 = VERTEX_POINT('',#10039);
#10039 = CARTESIAN_POINT('',(-85.32633427914,298.,586.71457016259));
#10040 = SURFACE_CURVE('',#10041,(#10045,#10052),.PCURVE_S1.);
#10041 = LINE('',#10042,#10043);
#10042 = CARTESIAN_POINT('',(-85.32633427914,292.,586.71457016259));
#10043 = VECTOR('',#10044,1.);
#10044 = DIRECTION('',(0.,1.,0.));
#10045 = PCURVE('',#10018,#10046);
#10046 = DEFINITIONAL_REPRESENTATION('',(#10047),#10051);
#10047 = LINE('',#10048,#10049);
#10048 = CARTESIAN_POINT('',(0.,0.));
#10049 = VECTOR('',#10050,1.);
#10050 = DIRECTION('',(0.,-1.));
#10051 = ( GEOMETRIC_REPRESENTATION_CONTEXT(2) 
PARAMETRIC_REPRESENTATION_CONTEXT() REPRESENTATION_CONTEXT('2D SPACE',''
  ) );
#10052 = PCURVE('',#9938,#10053);
#10053 = DEFINITIONAL_REPRESENTATION('',(#10054),#10058);
#10054 = LINE('',#10055,#10056);
#10055 = CARTESIAN_POINT('',(90.,0.));
#10056 = VECTOR('',#10057,1.);
#10057 = DIRECTION('',(0.,1.));
#10058 = ( GEOMETRIC_REPRESENTATION_CONTEXT(2) 
PARAMETRIC_REPRESENTATION_CONTEXT() REPRESENTATION_CONTEXT('2D SPACE',''
  ) );
#10059 = ORIENTED_EDGE('',*,*,#10060,.T.);
#10060 = EDGE_CURVE('',#10038,#10061,#10063,.T.);
#10061 = VERTEX_POINT('',#10062);
#10062 = CARTESIAN_POINT('',(-108.8377443708,298.,554.35389038759));
#10063 = SURFACE_CURVE('',#10064,(#10068,#10075),.PCURVE_S1.);
#10064 = LINE('',#10065,#10066);
#10065 = CARTESIAN_POINT('',(-85.32633427914,298.,586.71457016259));
#10066 = VECTOR('',#10067,1.);
#10067 = DIRECTION('',(-0.587785252292,0.,-0.809016994375));
#10068 = PCURVE('',#10018,#10069);
#10069 = DEFINITIONAL_REPRESENTATION('',(#10070),#10074);
#10070 = LINE('',#10071,#10072);
#10071 = CARTESIAN_POINT('',(0.,-6.));
#10072 = VECTOR('',#10073,1.);
#10073 = DIRECTION('',(1.,-0.));
#10074 = ( GEOMETRIC_REPRESENTATION_CONTEXT(2) 
PARAMETRIC_REPRESENTATION_CONTEXT() REPRESENTATION_CONTEXT('2D SPACE',''
  ) );
#10075 = PCURVE('',#9966,#10076);
#10076 = DEFINITIONAL_REPRESENTATION('',(#10077),#10081);
#10077 = LINE('',#10078,#10079);
#10078 = CARTESIAN_POINT('',(1.933771558924E-14,90.));
#10079 = VECTOR('',#10080,1.);
#10080 = DIRECTION('',(1.,2.913845647833E-18));
#10081 = ( GEOMETRIC_REPRESENTATION_CONTEXT(2) 
PARAMETRIC_REPRESENTATION_CONTEXT() REPRESENTATION_CONTEXT('2D SPACE',''
  ) );
#10082 = ORIENTED_EDGE('',*,*,#10083,.F.);
#10083 = EDGE_CURVE('',#10010,#10061,#10084,.T.);
#10084 = SURFACE_CURVE('',#10085,(#10089,#10096),.PCURVE_S1.);
#10085 = LINE('',#10086,#10087);
#10086 = CARTESIAN_POINT('',(-108.8377443708,292.,554.35389038759));
#10087 = VECTOR('',#10088,1.);
#10088 = DIRECTION('',(0.,1.,0.));
#10089 = PCURVE('',#10018,#10090);
#10090 = DEFINITIONAL_REPRESENTATION('',(#10091),#10095);
#10091 = LINE('',#10092,#10093);
#10092 = CARTESIAN_POINT('',(40.,-0.));
#10093 = VECTOR('',#10094,1.);
#10094 = DIRECTION('',(0.,-1.));
#10095 = ( GEOMETRIC_REPRESENTATION_CONTEXT(2) 
PARAMETRIC_REPRESENTATION_CONTEXT() REPRESENTATION_CONTEXT('2D SPACE',''
  ) );
#10096 = PCURVE('',#9992,#10097);
#10097 = DEFINITIONAL_REPRESENTATION('',(#10098),#10102);
#10098 = LINE('',#10099,#10100);
#10099 = CARTESIAN_POINT('',(90.,0.));
#10100 = VECTOR('',#10101,1.);
#10101 = DIRECTION('',(0.,1.));
#10102 = ( GEOMETRIC_REPRESENTATION_CONTEXT(2) 
PARAMETRIC_REPRESENTATION_CONTEXT() REPRESENTATION_CONTEXT('2D SPACE',''
  ) );
#10103 = ADVANCED_FACE('',(#10104),#9910,.F.);
#10104 = FACE_BOUND('',#10105,.F.);
#10105 = EDGE_LOOP('',(#10106,#10127,#10128,#10149));
#10106 = ORIENTED_EDGE('',*,*,#10107,.F.);
#10107 = EDGE_CURVE('',#9888,#10008,#10108,.T.);
#10108 = SURFACE_CURVE('',#10109,(#10113,#10120),.PCURVE_S1.);
#10109 = LINE('',#10110,#10111);
#10110 = CARTESIAN_POINT('',(-12.51480478539,292.,533.81389745627));
#10111 = VECTOR('',#10112,1.);
#10112 = DIRECTION('',(-0.809016994375,0.,0.587785252292));
#10113 = PCURVE('',#9910,#10114);
#10114 = DEFINITIONAL_REPRESENTATION('',(#10115),#10119);
#10115 = LINE('',#10116,#10117);
#10116 = CARTESIAN_POINT('',(0.,0.));
#10117 = VECTOR('',#10118,1.);
#10118 = DIRECTION('',(2.913845647833E-18,1.));
#10119 = ( GEOMETRIC_REPRESENTATION_CONTEXT(2) 
PARAMETRIC_REPRESENTATION_CONTEXT() REPRESENTATION_CONTEXT('2D SPACE',''
  ) );
#10120 = PCURVE('',#9938,#10121);
#10121 = DEFINITIONAL_REPRESENTATION('',(#10122),#10126);
#10122 = LINE('',#10123,#10124);
#10123 = CARTESIAN_POINT('',(0.,0.));
#10124 = VECTOR('',#10125,1.);
#10125 = DIRECTION('',(1.,0.));
#10126 = ( GEOMETRIC_REPRESENTATION_CONTEXT(2) 
PARAMETRIC_REPRESENTATION_CONTEXT() REPRESENTATION_CONTEXT('2D SPACE',''
  ) );
#10127 = ORIENTED_EDGE('',*,*,#9887,.T.);
#10128 = ORIENTED_EDGE('',*,*,#10129,.T.);
#10129 = EDGE_CURVE('',#9890,#10010,#10130,.T.);
#10130 = SURFACE_CURVE('',#10131,(#10135,#10142),.PCURVE_S1.);
#10131 = LINE('',#10132,#10133);
#10132 = CARTESIAN_POINT('',(-36.02621487709,292.,501.45321768127));
#10133 = VECTOR('',#10134,1.);
#10134 = DIRECTION('',(-0.809016994375,0.,0.587785252292));
#10135 = PCURVE('',#9910,#10136);
#10136 = DEFINITIONAL_REPRESENTATION('',(#10137),#10141);
#10137 = LINE('',#10138,#10139);
#10138 = CARTESIAN_POINT('',(40.,1.130150392417E-15));
#10139 = VECTOR('',#10140,1.);
#10140 = DIRECTION('',(2.913845647833E-18,1.));
#10141 = ( GEOMETRIC_REPRESENTATION_CONTEXT(2) 
PARAMETRIC_REPRESENTATION_CONTEXT() REPRESENTATION_CONTEXT('2D SPACE',''
  ) );
#10142 = PCURVE('',#9992,#10143);
#10143 = DEFINITIONAL_REPRESENTATION('',(#10144),#10148);
#10144 = LINE('',#10145,#10146);
#10145 = CARTESIAN_POINT('',(0.,0.));
#10146 = VECTOR('',#10147,1.);
#10147 = DIRECTION('',(1.,0.));
#10148 = ( GEOMETRIC_REPRESENTATION_CONTEXT(2) 
PARAMETRIC_REPRESENTATION_CONTEXT() REPRESENTATION_CONTEXT('2D SPACE',''
  ) );
#10149 = ORIENTED_EDGE('',*,*,#10007,.F.);
#10150 = ADVANCED_FACE('',(#10151),#9966,.T.);
#10151 = FACE_BOUND('',#10152,.T.);
#10152 = EDGE_LOOP('',(#10153,#10174,#10175,#10196));
#10153 = ORIENTED_EDGE('',*,*,#10154,.F.);
#10154 = EDGE_CURVE('',#9923,#10038,#10155,.T.);
#10155 = SURFACE_CURVE('',#10156,(#10160,#10167),.PCURVE_S1.);
#10156 = LINE('',#10157,#10158);
#10157 = CARTESIAN_POINT('',(-12.51480478539,298.,533.81389745627));
#10158 = VECTOR('',#10159,1.);
#10159 = DIRECTION('',(-0.809016994375,0.,0.587785252292));
#10160 = PCURVE('',#9966,#10161);
#10161 = DEFINITIONAL_REPRESENTATION('',(#10162),#10166);
#10162 = LINE('',#10163,#10164);
#10163 = CARTESIAN_POINT('',(0.,0.));
#10164 = VECTOR('',#10165,1.);
#10165 = DIRECTION('',(2.913845647833E-18,1.));
#10166 = ( GEOMETRIC_REPRESENTATION_CONTEXT(2) 
PARAMETRIC_REPRESENTATION_CONTEXT() REPRESENTATION_CONTEXT('2D SPACE',''
  ) );
#10167 = PCURVE('',#9938,#10168);
#10168 = DEFINITIONAL_REPRESENTATION('',(#10169),#10173);
#10169 = LINE('',#10170,#10171);
#10170 = CARTESIAN_POINT('',(0.,6.));
#10171 = VECTOR('',#10172,1.);
#10172 = DIRECTION('',(1.,0.));
#10173 = ( GEOMETRIC_REPRESENTATION_CONTEXT(2) 
PARAMETRIC_REPRESENTATION_CONTEXT() REPRESENTATION_CONTEXT('2D SPACE',''
  ) );
#10174 = ORIENTED_EDGE('',*,*,#9950,.T.);
#10175 = ORIENTED_EDGE('',*,*,#10176,.T.);
#10176 = EDGE_CURVE('',#9951,#10061,#10177,.T.);
#10177 = SURFACE_CURVE('',#10178,(#10182,#10189),.PCURVE_S1.);
#10178 = LINE('',#10179,#10180);
#10179 = CARTESIAN_POINT('',(-36.02621487709,298.,501.45321768127));
#10180 = VECTOR('',#10181,1.);
#10181 = DIRECTION('',(-0.809016994375,0.,0.587785252292));
#10182 = PCURVE('',#9966,#10183);
#10183 = DEFINITIONAL_REPRESENTATION('',(#10184),#10188);
#10184 = LINE('',#10185,#10186);
#10185 = CARTESIAN_POINT('',(40.,1.130150392417E-15));
#10186 = VECTOR('',#10187,1.);
#10187 = DIRECTION('',(2.913845647833E-18,1.));
#10188 = ( GEOMETRIC_REPRESENTATION_CONTEXT(2) 
PARAMETRIC_REPRESENTATION_CONTEXT() REPRESENTATION_CONTEXT('2D SPACE',''
  ) );
#10189 = PCURVE('',#9992,#10190);
#10190 = DEFINITIONAL_REPRESENTATION('',(#10191),#10195);
#10191 = LINE('',#10192,#10193);
#10192 = CARTESIAN_POINT('',(0.,6.));
#10193 = VECTOR('',#10194,1.);
#10194 = DIRECTION('',(1.,0.));
#10195 = ( GEOMETRIC_REPRESENTATION_CONTEXT(2) 
PARAMETRIC_REPRESENTATION_CONTEXT() REPRESENTATION_CONTEXT('2D SPACE',''
  ) );
#10196 = ORIENTED_EDGE('',*,*,#10060,.F.);
#10197 = ADVANCED_FACE('',(#10198),#9938,.F.);
#10198 = FACE_BOUND('',#10199,.F.);
#10199 = EDGE_LOOP('',(#10200,#10201,#10202,#10203));
#10200 = ORIENTED_EDGE('',*,*,#9922,.F.);
#10201 = ORIENTED_EDGE('',*,*,#10107,.T.);
#10202 = ORIENTED_EDGE('',*,*,#10037,.T.);
#10203 = ORIENTED_EDGE('',*,*,#10154,.F.);
#10204 = ADVANCED_FACE('',(#10205),#9992,.T.);
#10205 = FACE_BOUND('',#10206,.T.);
#10206 = EDGE_LOOP('',(#10207,#10208,#10209,#10210));
#10207 = ORIENTED_EDGE('',*,*,#9978,.F.);
#10208 = ORIENTED_EDGE('',*,*,#10129,.T.);
#10209 = ORIENTED_EDGE('',*,*,#10083,.T.);
#10210 = ORIENTED_EDGE('',*,*,#10176,.F.);
#10211 = ( GEOMETRIC_REPRESENTATION_CONTEXT(3) 
GLOBAL_UNCERTAINTY_ASSIGNED_CONTEXT((#10215)) 
GLOBAL_UNIT_ASSIGNED_CONTEXT((#10212,#10213,#10214)) 
REPRESENTATION_CONTEXT('Context #1',
  '3D Context with UNIT and UNCERTAINTY') );
#10212 = ( LENGTH_UNIT() NAMED_UNIT(*) SI_UNIT(.MILLI.,.METRE.) );
#10213 = ( NAMED_UNIT(*) PLANE_ANGLE_UNIT() SI_UNIT($,.RADIAN.) );
#10214 = ( NAMED_UNIT(*) SI_UNIT($,.STERADIAN.) SOLID_ANGLE_UNIT() );
#10215 = UNCERTAINTY_MEASURE_WITH_UNIT(LENGTH_MEASURE(1.E-07),#10212,
  'distance_accuracy_value','confusion accuracy');
#10216 = CONTEXT_DEPENDENT_SHAPE_REPRESENTATION(#10217,#10219);
#10217 = ( REPRESENTATION_RELATIONSHIP('','',#9880,#10) 
REPRESENTATION_RELATIONSHIP_WITH_TRANSFORMATION(#10218) 
SHAPE_REPRESENTATION_RELATIONSHIP() );
#10218 = ITEM_DEFINED_TRANSFORMATION('','',#11,#31);
#10219 = PRODUCT_DEFINITION_SHAPE('Placement','Placement of an item',
  #10220);
#10220 = NEXT_ASSEMBLY_USAGE_OCCURRENCE('17','','',#5,#9875,$);
#10221 = PRODUCT_RELATED_PRODUCT_CATEGORY('part',$,(#9877));
#10222 = SHAPE_DEFINITION_REPRESENTATION(#10223,#10229);
#10223 = PRODUCT_DEFINITION_SHAPE('','',#10224);
#10224 = PRODUCT_DEFINITION('design','',#10225,#10228);
#10225 = PRODUCT_DEFINITION_FORMATION('','',#10226);
#10226 = PRODUCT('Open CASCADE STEP translator 7.8 3.6',
  'Open CASCADE STEP translator 7.8 3.6','',(#10227));
#10227 = PRODUCT_CONTEXT('',#2,'mechanical');
#10228 = PRODUCT_DEFINITION_CONTEXT('part definition',#2,'design');
#10229 = ADVANCED_BREP_SHAPE_REPRESENTATION('',(#11,#10230),#10560);
#10230 = MANIFOLD_SOLID_BREP('',#10231);
#10231 = CLOSED_SHELL('',(#10232,#10352,#10452,#10499,#10546,#10553));
#10232 = ADVANCED_FACE('',(#10233),#10247,.F.);
#10233 = FACE_BOUND('',#10234,.F.);
#10234 = EDGE_LOOP('',(#10235,#10270,#10298,#10326));
#10235 = ORIENTED_EDGE('',*,*,#10236,.F.);
#10236 = EDGE_CURVE('',#10237,#10239,#10241,.T.);
#10237 = VERTEX_POINT('',#10238);
#10238 = CARTESIAN_POINT('',(28.291640157151,292.,522.35135560135));
#10239 = VERTEX_POINT('',#10240);
#10240 = CARTESIAN_POINT('',(-9.750620494655,292.,534.71203537635));
#10241 = SURFACE_CURVE('',#10242,(#10246,#10258),.PCURVE_S1.);
#10242 = LINE('',#10243,#10244);
#10243 = CARTESIAN_POINT('',(28.291640157151,292.,522.35135560135));
#10244 = VECTOR('',#10245,1.);
#10245 = DIRECTION('',(-0.951056516295,0.,0.309016994375));
#10246 = PCURVE('',#10247,#10252);
#10247 = PLANE('',#10248);
#10248 = AXIS2_PLACEMENT_3D('',#10249,#10250,#10251);
#10249 = CARTESIAN_POINT('',(28.291640157151,292.,522.35135560135));
#10250 = DIRECTION('',(0.309016994375,0.,0.951056516295));
#10251 = DIRECTION('',(-0.951056516295,0.,0.309016994375));
#10252 = DEFINITIONAL_REPRESENTATION('',(#10253),#10257);
#10253 = LINE('',#10254,#10255);
#10254 = CARTESIAN_POINT('',(0.,0.));
#10255 = VECTOR('',#10256,1.);
#10256 = DIRECTION('',(1.,0.));
#10257 = ( GEOMETRIC_REPRESENTATION_CONTEXT(2) 
PARAMETRIC_REPRESENTATION_CONTEXT() REPRESENTATION_CONTEXT('2D SPACE',''
  ) );
#10258 = PCURVE('',#10259,#10264);
#10259 = PLANE('',#10260);
#10260 = AXIS2_PLACEMENT_3D('',#10261,#10262,#10263);
#10261 = CARTESIAN_POINT('',(28.291640157151,292.,522.35135560135));
#10262 = DIRECTION('',(0.,1.,0.));
#10263 = DIRECTION('',(-0.951056516295,0.,0.309016994375));
#10264 = DEFINITIONAL_REPRESENTATION('',(#10265),#10269);
#10265 = LINE('',#10266,#10267);
#10266 = CARTESIAN_POINT('',(0.,0.));
#10267 = VECTOR('',#10268,1.);
#10268 = DIRECTION('',(1.,-1.121325557645E-18));
#10269 = ( GEOMETRIC_REPRESENTATION_CONTEXT(2) 
PARAMETRIC_REPRESENTATION_CONTEXT() REPRESENTATION_CONTEXT('2D SPACE',''
  ) );
#10270 = ORIENTED_EDGE('',*,*,#10271,.T.);
#10271 = EDGE_CURVE('',#10237,#10272,#10274,.T.);
#10272 = VERTEX_POINT('',#10273);
#10273 = CARTESIAN_POINT('',(28.291640157151,298.,522.35135560135));
#10274 = SURFACE_CURVE('',#10275,(#10279,#10286),.PCURVE_S1.);
#10275 = LINE('',#10276,#10277);
#10276 = CARTESIAN_POINT('',(28.291640157151,292.,522.35135560135));
#10277 = VECTOR('',#10278,1.);
#10278 = DIRECTION('',(0.,1.,0.));
#10279 = PCURVE('',#10247,#10280);
#10280 = DEFINITIONAL_REPRESENTATION('',(#10281),#10285);
#10281 = LINE('',#10282,#10283);
#10282 = CARTESIAN_POINT('',(0.,0.));
#10283 = VECTOR('',#10284,1.);
#10284 = DIRECTION('',(0.,-1.));
#10285 = ( GEOMETRIC_REPRESENTATION_CONTEXT(2) 
PARAMETRIC_REPRESENTATION_CONTEXT() REPRESENTATION_CONTEXT('2D SPACE',''
  ) );
#10286 = PCURVE('',#10287,#10292);
#10287 = PLANE('',#10288);
#10288 = AXIS2_PLACEMENT_3D('',#10289,#10290,#10291);
#10289 = CARTESIAN_POINT('',(28.291640157151,292.,522.35135560135));
#10290 = DIRECTION('',(-0.951056516295,0.,0.309016994375));
#10291 = DIRECTION('',(0.309016994375,0.,0.951056516295));
#10292 = DEFINITIONAL_REPRESENTATION('',(#10293),#10297);
#10293 = LINE('',#10294,#10295);
#10294 = CARTESIAN_POINT('',(0.,0.));
#10295 = VECTOR('',#10296,1.);
#10296 = DIRECTION('',(0.,1.));
#10297 = ( GEOMETRIC_REPRESENTATION_CONTEXT(2) 
PARAMETRIC_REPRESENTATION_CONTEXT() REPRESENTATION_CONTEXT('2D SPACE',''
  ) );
#10298 = ORIENTED_EDGE('',*,*,#10299,.T.);
#10299 = EDGE_CURVE('',#10272,#10300,#10302,.T.);
#10300 = VERTEX_POINT('',#10301);
#10301 = CARTESIAN_POINT('',(-9.750620494655,298.,534.71203537635));
#10302 = SURFACE_CURVE('',#10303,(#10307,#10314),.PCURVE_S1.);
#10303 = LINE('',#10304,#10305);
#10304 = CARTESIAN_POINT('',(28.291640157151,298.,522.35135560135));
#10305 = VECTOR('',#10306,1.);
#10306 = DIRECTION('',(-0.951056516295,0.,0.309016994375));
#10307 = PCURVE('',#10247,#10308);
#10308 = DEFINITIONAL_REPRESENTATION('',(#10309),#10313);
#10309 = LINE('',#10310,#10311);
#10310 = CARTESIAN_POINT('',(0.,-6.));
#10311 = VECTOR('',#10312,1.);
#10312 = DIRECTION('',(1.,0.));
#10313 = ( GEOMETRIC_REPRESENTATION_CONTEXT(2) 
PARAMETRIC_REPRESENTATION_CONTEXT() REPRESENTATION_CONTEXT('2D SPACE',''
  ) );
#10314 = PCURVE('',#10315,#10320);
#10315 = PLANE('',#10316);
#10316 = AXIS2_PLACEMENT_3D('',#10317,#10318,#10319);
#10317 = CARTESIAN_POINT('',(28.291640157151,298.,522.35135560135));
#10318 = DIRECTION('',(0.,1.,0.));
#10319 = DIRECTION('',(-0.951056516295,0.,0.309016994375));
#10320 = DEFINITIONAL_REPRESENTATION('',(#10321),#10325);
#10321 = LINE('',#10322,#10323);
#10322 = CARTESIAN_POINT('',(0.,0.));
#10323 = VECTOR('',#10324,1.);
#10324 = DIRECTION('',(1.,-1.121325557645E-18));
#10325 = ( GEOMETRIC_REPRESENTATION_CONTEXT(2) 
PARAMETRIC_REPRESENTATION_CONTEXT() REPRESENTATION_CONTEXT('2D SPACE',''
  ) );
#10326 = ORIENTED_EDGE('',*,*,#10327,.F.);
#10327 = EDGE_CURVE('',#10239,#10300,#10328,.T.);
#10328 = SURFACE_CURVE('',#10329,(#10333,#10340),.PCURVE_S1.);
#10329 = LINE('',#10330,#10331);
#10330 = CARTESIAN_POINT('',(-9.750620494655,292.,534.71203537635));
#10331 = VECTOR('',#10332,1.);
#10332 = DIRECTION('',(0.,1.,0.));
#10333 = PCURVE('',#10247,#10334);
#10334 = DEFINITIONAL_REPRESENTATION('',(#10335),#10339);
#10335 = LINE('',#10336,#10337);
#10336 = CARTESIAN_POINT('',(40.,0.));
#10337 = VECTOR('',#10338,1.);
#10338 = DIRECTION('',(0.,-1.));
#10339 = ( GEOMETRIC_REPRESENTATION_CONTEXT(2) 
PARAMETRIC_REPRESENTATION_CONTEXT() REPRESENTATION_CONTEXT('2D SPACE',''
  ) );
#10340 = PCURVE('',#10341,#10346);
#10341 = PLANE('',#10342);
#10342 = AXIS2_PLACEMENT_3D('',#10343,#10344,#10345);
#10343 = CARTESIAN_POINT('',(-9.750620494655,292.,534.71203537635));
#10344 = DIRECTION('',(-0.951056516295,0.,0.309016994375));
#10345 = DIRECTION('',(0.309016994375,0.,0.951056516295));
#10346 = DEFINITIONAL_REPRESENTATION('',(#10347),#10351);
#10347 = LINE('',#10348,#10349);
#10348 = CARTESIAN_POINT('',(0.,0.));
#10349 = VECTOR('',#10350,1.);
#10350 = DIRECTION('',(0.,1.));
#10351 = ( GEOMETRIC_REPRESENTATION_CONTEXT(2) 
PARAMETRIC_REPRESENTATION_CONTEXT() REPRESENTATION_CONTEXT('2D SPACE',''
  ) );
#10352 = ADVANCED_FACE('',(#10353),#10367,.T.);
#10353 = FACE_BOUND('',#10354,.T.);
#10354 = EDGE_LOOP('',(#10355,#10385,#10408,#10431));
#10355 = ORIENTED_EDGE('',*,*,#10356,.F.);
#10356 = EDGE_CURVE('',#10357,#10359,#10361,.T.);
#10357 = VERTEX_POINT('',#10358);
#10358 = CARTESIAN_POINT('',(56.103169650897,292.,607.94644206792));
#10359 = VERTEX_POINT('',#10360);
#10360 = CARTESIAN_POINT('',(18.060908999091,292.,620.30712184291));
#10361 = SURFACE_CURVE('',#10362,(#10366,#10378),.PCURVE_S1.);
#10362 = LINE('',#10363,#10364);
#10363 = CARTESIAN_POINT('',(56.103169650897,292.,607.94644206792));
#10364 = VECTOR('',#10365,1.);
#10365 = DIRECTION('',(-0.951056516295,0.,0.309016994375));
#10366 = PCURVE('',#10367,#10372);
#10367 = PLANE('',#10368);
#10368 = AXIS2_PLACEMENT_3D('',#10369,#10370,#10371);
#10369 = CARTESIAN_POINT('',(56.103169650897,292.,607.94644206792));
#10370 = DIRECTION('',(0.309016994375,0.,0.951056516295));
#10371 = DIRECTION('',(-0.951056516295,0.,0.309016994375));
#10372 = DEFINITIONAL_REPRESENTATION('',(#10373),#10377);
#10373 = LINE('',#10374,#10375);
#10374 = CARTESIAN_POINT('',(0.,0.));
#10375 = VECTOR('',#10376,1.);
#10376 = DIRECTION('',(1.,0.));
#10377 = ( GEOMETRIC_REPRESENTATION_CONTEXT(2) 
PARAMETRIC_REPRESENTATION_CONTEXT() REPRESENTATION_CONTEXT('2D SPACE',''
  ) );
#10378 = PCURVE('',#10259,#10379);
#10379 = DEFINITIONAL_REPRESENTATION('',(#10380),#10384);
#10380 = LINE('',#10381,#10382);
#10381 = CARTESIAN_POINT('',(2.090635452251E-14,90.));
#10382 = VECTOR('',#10383,1.);
#10383 = DIRECTION('',(1.,-1.121325557645E-18));
#10384 = ( GEOMETRIC_REPRESENTATION_CONTEXT(2) 
PARAMETRIC_REPRESENTATION_CONTEXT() REPRESENTATION_CONTEXT('2D SPACE',''
  ) );
#10385 = ORIENTED_EDGE('',*,*,#10386,.T.);
#10386 = EDGE_CURVE('',#10357,#10387,#10389,.T.);
#10387 = VERTEX_POINT('',#10388);
#10388 = CARTESIAN_POINT('',(56.103169650897,298.,607.94644206792));
#10389 = SURFACE_CURVE('',#10390,(#10394,#10401),.PCURVE_S1.);
#10390 = LINE('',#10391,#10392);
#10391 = CARTESIAN_POINT('',(56.103169650897,292.,607.94644206792));
#10392 = VECTOR('',#10393,1.);
#10393 = DIRECTION('',(0.,1.,0.));
#10394 = PCURVE('',#10367,#10395);
#10395 = DEFINITIONAL_REPRESENTATION('',(#10396),#10400);
#10396 = LINE('',#10397,#10398);
#10397 = CARTESIAN_POINT('',(0.,0.));
#10398 = VECTOR('',#10399,1.);
#10399 = DIRECTION('',(0.,-1.));
#10400 = ( GEOMETRIC_REPRESENTATION_CONTEXT(2) 
PARAMETRIC_REPRESENTATION_CONTEXT() REPRESENTATION_CONTEXT('2D SPACE',''
  ) );
#10401 = PCURVE('',#10287,#10402);
#10402 = DEFINITIONAL_REPRESENTATION('',(#10403),#10407);
#10403 = LINE('',#10404,#10405);
#10404 = CARTESIAN_POINT('',(90.,0.));
#10405 = VECTOR('',#10406,1.);
#10406 = DIRECTION('',(0.,1.));
#10407 = ( GEOMETRIC_REPRESENTATION_CONTEXT(2) 
PARAMETRIC_REPRESENTATION_CONTEXT() REPRESENTATION_CONTEXT('2D SPACE',''
  ) );
#10408 = ORIENTED_EDGE('',*,*,#10409,.T.);
#10409 = EDGE_CURVE('',#10387,#10410,#10412,.T.);
#10410 = VERTEX_POINT('',#10411);
#10411 = CARTESIAN_POINT('',(18.060908999091,298.,620.30712184291));
#10412 = SURFACE_CURVE('',#10413,(#10417,#10424),.PCURVE_S1.);
#10413 = LINE('',#10414,#10415);
#10414 = CARTESIAN_POINT('',(56.103169650897,298.,607.94644206792));
#10415 = VECTOR('',#10416,1.);
#10416 = DIRECTION('',(-0.951056516295,0.,0.309016994375));
#10417 = PCURVE('',#10367,#10418);
#10418 = DEFINITIONAL_REPRESENTATION('',(#10419),#10423);
#10419 = LINE('',#10420,#10421);
#10420 = CARTESIAN_POINT('',(0.,-6.));
#10421 = VECTOR('',#10422,1.);
#10422 = DIRECTION('',(1.,0.));
#10423 = ( GEOMETRIC_REPRESENTATION_CONTEXT(2) 
PARAMETRIC_REPRESENTATION_CONTEXT() REPRESENTATION_CONTEXT('2D SPACE',''
  ) );
#10424 = PCURVE('',#10315,#10425);
#10425 = DEFINITIONAL_REPRESENTATION('',(#10426),#10430);
#10426 = LINE('',#10427,#10428);
#10427 = CARTESIAN_POINT('',(2.090635452251E-14,90.));
#10428 = VECTOR('',#10429,1.);
#10429 = DIRECTION('',(1.,-1.121325557645E-18));
#10430 = ( GEOMETRIC_REPRESENTATION_CONTEXT(2) 
PARAMETRIC_REPRESENTATION_CONTEXT() REPRESENTATION_CONTEXT('2D SPACE',''
  ) );
#10431 = ORIENTED_EDGE('',*,*,#10432,.F.);
#10432 = EDGE_CURVE('',#10359,#10410,#10433,.T.);
#10433 = SURFACE_CURVE('',#10434,(#10438,#10445),.PCURVE_S1.);
#10434 = LINE('',#10435,#10436);
#10435 = CARTESIAN_POINT('',(18.060908999091,292.,620.30712184291));
#10436 = VECTOR('',#10437,1.);
#10437 = DIRECTION('',(0.,1.,0.));
#10438 = PCURVE('',#10367,#10439);
#10439 = DEFINITIONAL_REPRESENTATION('',(#10440),#10444);
#10440 = LINE('',#10441,#10442);
#10441 = CARTESIAN_POINT('',(40.,0.));
#10442 = VECTOR('',#10443,1.);
#10443 = DIRECTION('',(0.,-1.));
#10444 = ( GEOMETRIC_REPRESENTATION_CONTEXT(2) 
PARAMETRIC_REPRESENTATION_CONTEXT() REPRESENTATION_CONTEXT('2D SPACE',''
  ) );
#10445 = PCURVE('',#10341,#10446);
#10446 = DEFINITIONAL_REPRESENTATION('',(#10447),#10451);
#10447 = LINE('',#10448,#10449);
#10448 = CARTESIAN_POINT('',(90.,0.));
#10449 = VECTOR('',#10450,1.);
#10450 = DIRECTION('',(0.,1.));
#10451 = ( GEOMETRIC_REPRESENTATION_CONTEXT(2) 
PARAMETRIC_REPRESENTATION_CONTEXT() REPRESENTATION_CONTEXT('2D SPACE',''
  ) );
#10452 = ADVANCED_FACE('',(#10453),#10259,.F.);
#10453 = FACE_BOUND('',#10454,.F.);
#10454 = EDGE_LOOP('',(#10455,#10476,#10477,#10498));
#10455 = ORIENTED_EDGE('',*,*,#10456,.F.);
#10456 = EDGE_CURVE('',#10237,#10357,#10457,.T.);
#10457 = SURFACE_CURVE('',#10458,(#10462,#10469),.PCURVE_S1.);
#10458 = LINE('',#10459,#10460);
#10459 = CARTESIAN_POINT('',(28.291640157151,292.,522.35135560135));
#10460 = VECTOR('',#10461,1.);
#10461 = DIRECTION('',(0.309016994375,0.,0.951056516295));
#10462 = PCURVE('',#10259,#10463);
#10463 = DEFINITIONAL_REPRESENTATION('',(#10464),#10468);
#10464 = LINE('',#10465,#10466);
#10465 = CARTESIAN_POINT('',(0.,0.));
#10466 = VECTOR('',#10467,1.);
#10467 = DIRECTION('',(-1.121325557645E-18,1.));
#10468 = ( GEOMETRIC_REPRESENTATION_CONTEXT(2) 
PARAMETRIC_REPRESENTATION_CONTEXT() REPRESENTATION_CONTEXT('2D SPACE',''
  ) );
#10469 = PCURVE('',#10287,#10470);
#10470 = DEFINITIONAL_REPRESENTATION('',(#10471),#10475);
#10471 = LINE('',#10472,#10473);
#10472 = CARTESIAN_POINT('',(0.,0.));
#10473 = VECTOR('',#10474,1.);
#10474 = DIRECTION('',(1.,0.));
#10475 = ( GEOMETRIC_REPRESENTATION_CONTEXT(2) 
PARAMETRIC_REPRESENTATION_CONTEXT() REPRESENTATION_CONTEXT('2D SPACE',''
  ) );
#10476 = ORIENTED_EDGE('',*,*,#10236,.T.);
#10477 = ORIENTED_EDGE('',*,*,#10478,.T.);
#10478 = EDGE_CURVE('',#10239,#10359,#10479,.T.);
#10479 = SURFACE_CURVE('',#10480,(#10484,#10491),.PCURVE_S1.);
#10480 = LINE('',#10481,#10482);
#10481 = CARTESIAN_POINT('',(-9.750620494655,292.,534.71203537635));
#10482 = VECTOR('',#10483,1.);
#10483 = DIRECTION('',(0.309016994375,0.,0.951056516295));
#10484 = PCURVE('',#10259,#10485);
#10485 = DEFINITIONAL_REPRESENTATION('',(#10486),#10490);
#10486 = LINE('',#10487,#10488);
#10487 = CARTESIAN_POINT('',(40.,5.526177743129E-14));
#10488 = VECTOR('',#10489,1.);
#10489 = DIRECTION('',(-1.121325557645E-18,1.));
#10490 = ( GEOMETRIC_REPRESENTATION_CONTEXT(2) 
PARAMETRIC_REPRESENTATION_CONTEXT() REPRESENTATION_CONTEXT('2D SPACE',''
  ) );
#10491 = PCURVE('',#10341,#10492);
#10492 = DEFINITIONAL_REPRESENTATION('',(#10493),#10497);
#10493 = LINE('',#10494,#10495);
#10494 = CARTESIAN_POINT('',(0.,0.));
#10495 = VECTOR('',#10496,1.);
#10496 = DIRECTION('',(1.,0.));
#10497 = ( GEOMETRIC_REPRESENTATION_CONTEXT(2) 
PARAMETRIC_REPRESENTATION_CONTEXT() REPRESENTATION_CONTEXT('2D SPACE',''
  ) );
#10498 = ORIENTED_EDGE('',*,*,#10356,.F.);
#10499 = ADVANCED_FACE('',(#10500),#10315,.T.);
#10500 = FACE_BOUND('',#10501,.T.);
#10501 = EDGE_LOOP('',(#10502,#10523,#10524,#10545));
#10502 = ORIENTED_EDGE('',*,*,#10503,.F.);
#10503 = EDGE_CURVE('',#10272,#10387,#10504,.T.);
#10504 = SURFACE_CURVE('',#10505,(#10509,#10516),.PCURVE_S1.);
#10505 = LINE('',#10506,#10507);
#10506 = CARTESIAN_POINT('',(28.291640157151,298.,522.35135560135));
#10507 = VECTOR('',#10508,1.);
#10508 = DIRECTION('',(0.309016994375,0.,0.951056516295));
#10509 = PCURVE('',#10315,#10510);
#10510 = DEFINITIONAL_REPRESENTATION('',(#10511),#10515);
#10511 = LINE('',#10512,#10513);
#10512 = CARTESIAN_POINT('',(0.,0.));
#10513 = VECTOR('',#10514,1.);
#10514 = DIRECTION('',(-1.121325557645E-18,1.));
#10515 = ( GEOMETRIC_REPRESENTATION_CONTEXT(2) 
PARAMETRIC_REPRESENTATION_CONTEXT() REPRESENTATION_CONTEXT('2D SPACE',''
  ) );
#10516 = PCURVE('',#10287,#10517);
#10517 = DEFINITIONAL_REPRESENTATION('',(#10518),#10522);
#10518 = LINE('',#10519,#10520);
#10519 = CARTESIAN_POINT('',(0.,6.));
#10520 = VECTOR('',#10521,1.);
#10521 = DIRECTION('',(1.,0.));
#10522 = ( GEOMETRIC_REPRESENTATION_CONTEXT(2) 
PARAMETRIC_REPRESENTATION_CONTEXT() REPRESENTATION_CONTEXT('2D SPACE',''
  ) );
#10523 = ORIENTED_EDGE('',*,*,#10299,.T.);
#10524 = ORIENTED_EDGE('',*,*,#10525,.T.);
#10525 = EDGE_CURVE('',#10300,#10410,#10526,.T.);
#10526 = SURFACE_CURVE('',#10527,(#10531,#10538),.PCURVE_S1.);
#10527 = LINE('',#10528,#10529);
#10528 = CARTESIAN_POINT('',(-9.750620494655,298.,534.71203537635));
#10529 = VECTOR('',#10530,1.);
#10530 = DIRECTION('',(0.309016994375,0.,0.951056516295));
#10531 = PCURVE('',#10315,#10532);
#10532 = DEFINITIONAL_REPRESENTATION('',(#10533),#10537);
#10533 = LINE('',#10534,#10535);
#10534 = CARTESIAN_POINT('',(40.,5.526177743129E-14));
#10535 = VECTOR('',#10536,1.);
#10536 = DIRECTION('',(-1.121325557645E-18,1.));
#10537 = ( GEOMETRIC_REPRESENTATION_CONTEXT(2) 
PARAMETRIC_REPRESENTATION_CONTEXT() REPRESENTATION_CONTEXT('2D SPACE',''
  ) );
#10538 = PCURVE('',#10341,#10539);
#10539 = DEFINITIONAL_REPRESENTATION('',(#10540),#10544);
#10540 = LINE('',#10541,#10542);
#10541 = CARTESIAN_POINT('',(0.,6.));
#10542 = VECTOR('',#10543,1.);
#10543 = DIRECTION('',(1.,0.));
#10544 = ( GEOMETRIC_REPRESENTATION_CONTEXT(2) 
PARAMETRIC_REPRESENTATION_CONTEXT() REPRESENTATION_CONTEXT('2D SPACE',''
  ) );
#10545 = ORIENTED_EDGE('',*,*,#10409,.F.);
#10546 = ADVANCED_FACE('',(#10547),#10287,.F.);
#10547 = FACE_BOUND('',#10548,.F.);
#10548 = EDGE_LOOP('',(#10549,#10550,#10551,#10552));
#10549 = ORIENTED_EDGE('',*,*,#10271,.F.);
#10550 = ORIENTED_EDGE('',*,*,#10456,.T.);
#10551 = ORIENTED_EDGE('',*,*,#10386,.T.);
#10552 = ORIENTED_EDGE('',*,*,#10503,.F.);
#10553 = ADVANCED_FACE('',(#10554),#10341,.T.);
#10554 = FACE_BOUND('',#10555,.T.);
#10555 = EDGE_LOOP('',(#10556,#10557,#10558,#10559));
#10556 = ORIENTED_EDGE('',*,*,#10327,.F.);
#10557 = ORIENTED_EDGE('',*,*,#10478,.T.);
#10558 = ORIENTED_EDGE('',*,*,#10432,.T.);
#10559 = ORIENTED_EDGE('',*,*,#10525,.F.);
#10560 = ( GEOMETRIC_REPRESENTATION_CONTEXT(3) 
GLOBAL_UNCERTAINTY_ASSIGNED_CONTEXT((#10564)) 
GLOBAL_UNIT_ASSIGNED_CONTEXT((#10561,#10562,#10563)) 
REPRESENTATION_CONTEXT('Context #1',
  '3D Context with UNIT and UNCERTAINTY') );
#10561 = ( LENGTH_UNIT() NAMED_UNIT(*) SI_UNIT(.MILLI.,.METRE.) );
#10562 = ( NAMED_UNIT(*) PLANE_ANGLE_UNIT() SI_UNIT($,.RADIAN.) );
#10563 = ( NAMED_UNIT(*) SI_UNIT($,.STERADIAN.) SOLID_ANGLE_UNIT() );
#10564 = UNCERTAINTY_MEASURE_WITH_UNIT(LENGTH_MEASURE(1.E-07),#10561,
  'distance_accuracy_value','confusion accuracy');
#10565 = CONTEXT_DEPENDENT_SHAPE_REPRESENTATION(#10566,#10568);
#10566 = ( REPRESENTATION_RELATIONSHIP('','',#10229,#10) 
REPRESENTATION_RELATIONSHIP_WITH_TRANSFORMATION(#10567) 
SHAPE_REPRESENTATION_RELATIONSHIP() );
#10567 = ITEM_DEFINED_TRANSFORMATION('','',#11,#35);
#10568 = PRODUCT_DEFINITION_SHAPE('Placement','Placement of an item',
  #10569);
#10569 = NEXT_ASSEMBLY_USAGE_OCCURRENCE('18','','',#5,#10224,$);
#10570 = PRODUCT_RELATED_PRODUCT_CATEGORY('part',$,(#10226));
ENDSEC;
END-ISO-10303-21;
