ISO-10303-21;
HEADER;
FILE_DESCRIPTION(('Open CASCADE Model'),'2;1');
FILE_NAME('Open CASCADE Shape Model','2026-05-23T13:19:45',('Author'),(
    'Open CASCADE'),'Open CASCADE STEP processor 7.8','Open CASCADE 7.8'
  ,'Unknown');
FILE_SCHEMA(('AUTOMOTIVE_DESIGN { 1 0 10303 214 1 1 1 1 }'));
ENDSEC;
DATA;
#1 = APPLICATION_PROTOCOL_DEFINITION('international standard',
  'automotive_design',2000,#2);
#2 = APPLICATION_CONTEXT(
  'core data for automotive mechanical design processes');
#3 = SHAPE_DEFINITION_REPRESENTATION(#4,#10);
#4 = PRODUCT_DEFINITION_SHAPE('','',#5);
#5 = PRODUCT_DEFINITION('design','',#6,#9);
#6 = PRODUCT_DEFINITION_FORMATION('','',#7);
#7 = PRODUCT('Open CASCADE STEP translator 7.8 2',
  'Open CASCADE STEP translator 7.8 2','',(#8));
#8 = PRODUCT_CONTEXT('',#2,'mechanical');
#9 = PRODUCT_DEFINITION_CONTEXT('part definition',#2,'design');
#10 = ADVANCED_BREP_SHAPE_REPRESENTATION('',(#11,#15),#12301);
#11 = AXIS2_PLACEMENT_3D('',#12,#13,#14);
#12 = CARTESIAN_POINT('',(0.,0.,0.));
#13 = DIRECTION('',(0.,0.,1.));
#14 = DIRECTION('',(1.,0.,-0.));
#15 = MANIFOLD_SOLID_BREP('',#16);
#16 = CLOSED_SHELL('',(#17,#1913,#3100,#3138,#3176,#3182,#3188,#3226,
    #3264,#3270,#3276,#3314,#3352,#3358,#3364,#3402,#3440,#3446,#3452,
    #3490,#3528,#3534,#3540,#3578,#3616,#3622,#3628,#3666,#3704,#3710,
    #3716,#3775,#5244,#6047,#6895,#6934,#6973,#7476,#7806,#7845,#7884,
    #8286,#8688,#8727,#8766,#9168,#9570,#9609,#9648,#10050,#10452,#10491
    ,#10530,#10932,#11334,#11373,#11412,#11814,#12216,#12255,#12294));
#17 = ADVANCED_FACE('',(#18,#1878),#33,.F.);
#18 = FACE_BOUND('',#19,.F.);
#19 = EDGE_LOOP('',(#20,#56,#116,#176,#236,#296,#320,#380,#440,#500,#560
    ,#584,#644,#704,#764,#824,#848,#908,#968,#1028,#1088,#1112,#1172,
    #1232,#1292,#1352,#1376,#1436,#1496,#1556,#1616,#1640,#1700,#1760,
    #1820));
#20 = ORIENTED_EDGE('',*,*,#21,.T.);
#21 = EDGE_CURVE('',#22,#24,#26,.T.);
#22 = VERTEX_POINT('',#23);
#23 = CARTESIAN_POINT('',(41.987315263606,-49.61920350987,0.));
#24 = VERTEX_POINT('',#25);
#25 = CARTESIAN_POINT('',(64.972518313295,-1.889937572637,0.));
#26 = SURFACE_CURVE('',#27,(#32,#44),.PCURVE_S1.);
#27 = CIRCLE('',#28,65.);
#28 = AXIS2_PLACEMENT_3D('',#29,#30,#31);
#29 = CARTESIAN_POINT('',(0.,0.,0.));
#30 = DIRECTION('',(0.,0.,1.));
#31 = DIRECTION('',(1.,0.,0.));
#32 = PCURVE('',#33,#38);
#33 = PLANE('',#34);
#34 = AXIS2_PLACEMENT_3D('',#35,#36,#37);
#35 = CARTESIAN_POINT('',(0.,0.,0.));
#36 = DIRECTION('',(0.,0.,1.));
#37 = DIRECTION('',(1.,0.,0.));
#38 = DEFINITIONAL_REPRESENTATION('',(#39),#43);
#39 = CIRCLE('',#40,65.);
#40 = AXIS2_PLACEMENT_2D('',#41,#42);
#41 = CARTESIAN_POINT('',(0.,0.));
#42 = DIRECTION('',(1.,0.));
#43 = ( GEOMETRIC_REPRESENTATION_CONTEXT(2) 
PARAMETRIC_REPRESENTATION_CONTEXT() REPRESENTATION_CONTEXT('2D SPACE',''
  ) );
#44 = PCURVE('',#45,#50);
#45 = CYLINDRICAL_SURFACE('',#46,65.);
#46 = AXIS2_PLACEMENT_3D('',#47,#48,#49);
#47 = CARTESIAN_POINT('',(0.,0.,0.));
#48 = DIRECTION('',(-0.,-0.,-1.));
#49 = DIRECTION('',(1.,0.,0.));
#50 = DEFINITIONAL_REPRESENTATION('',(#51),#55);
#51 = LINE('',#52,#53);
#52 = CARTESIAN_POINT('',(-0.,0.));
#53 = VECTOR('',#54,1.);
#54 = DIRECTION('',(-1.,0.));
#55 = ( GEOMETRIC_REPRESENTATION_CONTEXT(2) 
PARAMETRIC_REPRESENTATION_CONTEXT() REPRESENTATION_CONTEXT('2D SPACE',''
  ) );
#56 = ORIENTED_EDGE('',*,*,#57,.T.);
#57 = EDGE_CURVE('',#24,#58,#60,.T.);
#58 = VERTEX_POINT('',#59);
#59 = CARTESIAN_POINT('',(65.,-1.89035735651,1.389100474858E-15));
#60 = SURFACE_CURVE('',#61,(#67,#76),.PCURVE_S1.);
#61 = B_SPLINE_CURVE_WITH_KNOTS('',4,(#62,#63,#64,#65,#66),
  .UNSPECIFIED.,.F.,.F.,(5,5),(0.,1.),.PIECEWISE_BEZIER_KNOTS.);
#62 = CARTESIAN_POINT('',(48.,-1.630681670723,0.));
#63 = CARTESIAN_POINT('',(52.25,-1.69560059217,0.));
#64 = CARTESIAN_POINT('',(56.5,-1.760519513616,0.));
#65 = CARTESIAN_POINT('',(60.75,-1.825438435063,0.));
#66 = CARTESIAN_POINT('',(65.,-1.89035735651,0.));
#67 = PCURVE('',#33,#68);
#68 = DEFINITIONAL_REPRESENTATION('',(#69),#75);
#69 = B_SPLINE_CURVE_WITH_KNOTS('',4,(#70,#71,#72,#73,#74),
  .UNSPECIFIED.,.F.,.F.,(5,5),(0.,1.),.PIECEWISE_BEZIER_KNOTS.);
#70 = CARTESIAN_POINT('',(48.,-1.630681670723));
#71 = CARTESIAN_POINT('',(52.25,-1.69560059217));
#72 = CARTESIAN_POINT('',(56.5,-1.760519513616));
#73 = CARTESIAN_POINT('',(60.75,-1.825438435063));
#74 = CARTESIAN_POINT('',(65.,-1.89035735651));
#75 = ( GEOMETRIC_REPRESENTATION_CONTEXT(2) 
PARAMETRIC_REPRESENTATION_CONTEXT() REPRESENTATION_CONTEXT('2D SPACE',''
  ) );
#76 = PCURVE('',#77,#108);
#77 = ( BOUNDED_SURFACE() B_SPLINE_SURFACE(1,3,(
    (#78,#79,#80,#81,#82,#83,#84,#85,#86,#87,#88,#89,#90,#91,#92)
    ,(#93,#94,#95,#96,#97,#98,#99,#100,#101,#102,#103,#104,#105,#106
,#107
    )),.UNSPECIFIED.,.F.,.F.,.F.) B_SPLINE_SURFACE_WITH_KNOTS((2,2),(4,1
    ,1,1,1,1,1,1,1,1,1,1,4),(2.,3.),(0.,8.333333333333E-02,
    0.166666666667,0.25,0.333333333333,0.416666666667,0.5,0.583333333333
    ,0.666666666667,0.75,0.833333333333,0.916666666667,1.),
.UNSPECIFIED.) GEOMETRIC_REPRESENTATION_ITEM() RATIONAL_B_SPLINE_SURFACE
((
    (1.,1.,1.,1.,1.,1.,1.,1.,1.,1.,1.,1.,1.,1.,1.)
    ,(1.,1.,1.,1.,1.,1.,1.,1.,1.,1.,1.,1.,1.,1.,1.
))) REPRESENTATION_ITEM('') SURFACE() );
#78 = CARTESIAN_POINT('',(68.31821567512,-7.937007241847,-5.));
#79 = CARTESIAN_POINT('',(67.136924852123,-5.46704693931,-3.055555555556
    ));
#80 = CARTESIAN_POINT('',(64.507145278794,-0.796198095095,0.833333333333
    ));
#81 = CARTESIAN_POINT('',(59.892863965957,5.325222373032,6.666666666667)
  );
#82 = CARTESIAN_POINT('',(54.748020269165,10.502632818054,12.5));
#83 = CARTESIAN_POINT('',(49.216346930939,14.695953260418,
    18.333333333333));
#84 = CARTESIAN_POINT('',(43.443823071136,17.884479867944,
    24.166666666667));
#85 = CARTESIAN_POINT('',(37.576234732119,20.066890232711,30.));
#86 = CARTESIAN_POINT('',(31.756752424236,21.260950832147,
    35.833333333333));
#87 = CARTESIAN_POINT('',(26.123623979846,21.502864208128,
    41.666666666667));
#88 = CARTESIAN_POINT('',(20.807906532291,20.846519862782,47.5));
#89 = CARTESIAN_POINT('',(15.931303600095,19.362382397104,
    53.333333333333));
#90 = CARTESIAN_POINT('',(11.604159255694,17.136125476834,
    59.166666666667));
#91 = CARTESIAN_POINT('',(9.150468495582,15.223391755097,63.055555555555
    ));
#92 = CARTESIAN_POINT('',(8.045113836333,14.17839299053,65.));
#93 = CARTESIAN_POINT('',(50.577166619577,-6.103572971445,-5.));
#94 = CARTESIAN_POINT('',(49.655796864235,-4.271906931123,
    -3.055555555556));
#95 = CARTESIAN_POINT('',(47.614598936603,-0.818257836134,0.833333333333
    ));
#96 = CARTESIAN_POINT('',(44.060128330507,3.675734548304,6.666666666667)
  );
#97 = CARTESIAN_POINT('',(40.120868242782,7.440196595497,12.5));
#98 = CARTESIAN_POINT('',(35.908025461494,10.446894630135,
    18.333333333333));
#99 = CARTESIAN_POINT('',(31.534231114905,12.682608783286,
    24.166666666667));
#100 = CARTESIAN_POINT('',(27.111643335991,14.149101079122,30.));
#101 = CARTESIAN_POINT('',(22.75006707542,14.862849442875,
    35.833333333333));
#102 = CARTESIAN_POINT('',(18.555169910227,14.854500668698,
    41.666666666667));
#103 = CARTESIAN_POINT('',(14.626731752696,14.168245161602,47.5));
#104 = CARTESIAN_POINT('',(11.056986183075,12.860908924693,
    53.333333333333));
#105 = CARTESIAN_POINT('',(7.929094024141,11.000849192965,
    59.166666666667));
#106 = CARTESIAN_POINT('',(6.186872007257,9.444727652892,63.055555555555
    ));
#107 = CARTESIAN_POINT('',(5.411695365082,8.602212357199,65.));
#108 = DEFINITIONAL_REPRESENTATION('',(#109),#115);
#109 = B_SPLINE_CURVE_WITH_KNOTS('',4,(#110,#111,#112,#113,#114),
  .UNSPECIFIED.,.F.,.F.,(5,5),(0.,1.),.PIECEWISE_BEZIER_KNOTS.);
#110 = CARTESIAN_POINT('',(3.,7.142857142857E-02));
#111 = CARTESIAN_POINT('',(2.75,7.142857142857E-02));
#112 = CARTESIAN_POINT('',(2.5,7.142857142857E-02));
#113 = CARTESIAN_POINT('',(2.25,7.142857142857E-02));
#114 = CARTESIAN_POINT('',(2.,7.142857142857E-02));
#115 = ( GEOMETRIC_REPRESENTATION_CONTEXT(2) 
PARAMETRIC_REPRESENTATION_CONTEXT() REPRESENTATION_CONTEXT('2D SPACE',''
  ) );
#116 = ORIENTED_EDGE('',*,*,#117,.T.);
#117 = EDGE_CURVE('',#58,#118,#120,.T.);
#118 = VERTEX_POINT('',#119);
#119 = CARTESIAN_POINT('',(65.,0.,0.));
#120 = SURFACE_CURVE('',#121,(#127,#136),.PCURVE_S1.);
#121 = B_SPLINE_CURVE_WITH_KNOTS('',4,(#122,#123,#124,#125,#126),
  .UNSPECIFIED.,.F.,.F.,(5,5),(0.,1.),.PIECEWISE_BEZIER_KNOTS.);
#122 = CARTESIAN_POINT('',(65.,-1.89035735651,0.));
#123 = CARTESIAN_POINT('',(65.,-0.945178678255,0.));
#124 = CARTESIAN_POINT('',(65.,-1.15463194561E-14,0.));
#125 = CARTESIAN_POINT('',(65.,0.945178678255,0.));
#126 = CARTESIAN_POINT('',(65.,1.89035735651,0.));
#127 = PCURVE('',#33,#128);
#128 = DEFINITIONAL_REPRESENTATION('',(#129),#135);
#129 = B_SPLINE_CURVE_WITH_KNOTS('',4,(#130,#131,#132,#133,#134),
  .UNSPECIFIED.,.F.,.F.,(5,5),(0.,1.),.PIECEWISE_BEZIER_KNOTS.);
#130 = CARTESIAN_POINT('',(65.,-1.89035735651));
#131 = CARTESIAN_POINT('',(65.,-0.945178678255));
#132 = CARTESIAN_POINT('',(65.,-1.15463194561E-14));
#133 = CARTESIAN_POINT('',(65.,0.945178678255));
#134 = CARTESIAN_POINT('',(65.,1.89035735651));
#135 = ( GEOMETRIC_REPRESENTATION_CONTEXT(2) 
PARAMETRIC_REPRESENTATION_CONTEXT() REPRESENTATION_CONTEXT('2D SPACE',''
  ) );
#136 = PCURVE('',#137,#168);
#137 = ( BOUNDED_SURFACE() B_SPLINE_SURFACE(1,3,(
    (#138,#139,#140,#141,#142,#143,#144,#145,#146,#147,#148,#149,#150
      ,#151,#152)
    ,(#153,#154,#155,#156,#157,#158,#159,#160,#161,#162,#163,#164,#165
      ,#166,#167
)),.UNSPECIFIED.,.F.,.F.,.F.) B_SPLINE_SURFACE_WITH_KNOTS((2,2),(4,1,1,1
    ,1,1,1,1,1,1,1,1,4),(1.,2.),(0.,8.333333333333E-02,0.166666666667,
    0.25,0.333333333333,0.416666666667,0.5,0.583333333333,0.666666666667
    ,0.75,0.833333333333,0.916666666667,1.),.UNSPECIFIED.) 
GEOMETRIC_REPRESENTATION_ITEM() RATIONAL_B_SPLINE_SURFACE((
    (1.,1.,1.,1.,1.,1.,1.,1.,1.,1.,1.,1.,1.,1.,1.)
    ,(1.,1.,1.,1.,1.,1.,1.,1.,1.,1.,1.,1.,1.,1.,1.
))) REPRESENTATION_ITEM('') SURFACE() );
#138 = CARTESIAN_POINT('',(68.658555312495,-4.046907385956,-5.));
#139 = CARTESIAN_POINT('',(67.34098607889,-1.614092584944,
    -3.055555555556));
#140 = CARTESIAN_POINT('',(64.447521269234,2.969418725348,0.833333333333
    ));
#141 = CARTESIAN_POINT('',(59.467315841259,8.92554932803,6.666666666667)
  );
#142 = CARTESIAN_POINT('',(53.988337412465,13.908428414105,12.5));
#143 = CARTESIAN_POINT('',(48.155684519282,17.883079075485,
    18.333333333333));
#144 = CARTESIAN_POINT('',(42.115884708516,20.833830731761,
    24.166666666667));
#145 = CARTESIAN_POINT('',(36.01447829875,22.764190507181,30.));
#146 = CARTESIAN_POINT('',(29.9936436027,23.696415608579,35.833333333333
    ));
#147 = CARTESIAN_POINT('',(24.189966170643,23.670732661583,
    41.666666666667));
#148 = CARTESIAN_POINT('',(18.732269754893,22.744464459883,47.5));
#149 = CARTESIAN_POINT('',(13.739588812928,20.990809502468,
    53.333333333333));
#150 = CARTESIAN_POINT('',(9.319330731291,18.497392882133,
    59.166666666667));
#151 = CARTESIAN_POINT('',(6.81686945654,16.408872719866,63.055555555555
    ));
#152 = CARTESIAN_POINT('',(5.68997967024,15.276610088161,65.));
#153 = CARTESIAN_POINT('',(68.31821567512,-7.937007241847,-5.));
#154 = CARTESIAN_POINT('',(67.136924852123,-5.46704693931,
    -3.055555555556));
#155 = CARTESIAN_POINT('',(64.507145278794,-0.796198095095,
    0.833333333333));
#156 = CARTESIAN_POINT('',(59.892863965957,5.325222373032,6.666666666667
    ));
#157 = CARTESIAN_POINT('',(54.748020269165,10.502632818054,12.5));
#158 = CARTESIAN_POINT('',(49.216346930939,14.695953260418,
    18.333333333333));
#159 = CARTESIAN_POINT('',(43.443823071136,17.884479867944,
    24.166666666667));
#160 = CARTESIAN_POINT('',(37.576234732119,20.066890232711,30.));
#161 = CARTESIAN_POINT('',(31.756752424236,21.260950832147,
    35.833333333333));
#162 = CARTESIAN_POINT('',(26.123623979846,21.502864208128,
    41.666666666667));
#163 = CARTESIAN_POINT('',(20.807906532291,20.846519862782,47.5));
#164 = CARTESIAN_POINT('',(15.931303600095,19.362382397104,
    53.333333333333));
#165 = CARTESIAN_POINT('',(11.604159255694,17.136125476834,
    59.166666666667));
#166 = CARTESIAN_POINT('',(9.150468495582,15.223391755097,
    63.055555555555));
#167 = CARTESIAN_POINT('',(8.045113836333,14.17839299053,65.));
#168 = DEFINITIONAL_REPRESENTATION('',(#169),#175);
#169 = B_SPLINE_CURVE_WITH_KNOTS('',4,(#170,#171,#172,#173,#174),
  .UNSPECIFIED.,.F.,.F.,(5,5),(0.,1.),.PIECEWISE_BEZIER_KNOTS.);
#170 = CARTESIAN_POINT('',(2.,7.142857142857E-02));
#171 = CARTESIAN_POINT('',(1.75,7.142857142857E-02));
#172 = CARTESIAN_POINT('',(1.5,7.142857142857E-02));
#173 = CARTESIAN_POINT('',(1.25,7.142857142857E-02));
#174 = CARTESIAN_POINT('',(1.,7.142857142857E-02));
#175 = ( GEOMETRIC_REPRESENTATION_CONTEXT(2) 
PARAMETRIC_REPRESENTATION_CONTEXT() REPRESENTATION_CONTEXT('2D SPACE',''
  ) );
#176 = ORIENTED_EDGE('',*,*,#177,.T.);
#177 = EDGE_CURVE('',#118,#178,#180,.T.);
#178 = VERTEX_POINT('',#179);
#179 = CARTESIAN_POINT('',(65.,1.89035735651,1.389100474858E-15));
#180 = SURFACE_CURVE('',#181,(#187,#196),.PCURVE_S1.);
#181 = B_SPLINE_CURVE_WITH_KNOTS('',4,(#182,#183,#184,#185,#186),
  .UNSPECIFIED.,.F.,.F.,(5,5),(0.,1.),.PIECEWISE_BEZIER_KNOTS.);
#182 = CARTESIAN_POINT('',(65.,-1.89035735651,0.));
#183 = CARTESIAN_POINT('',(65.,-0.945178678255,0.));
#184 = CARTESIAN_POINT('',(65.,-1.15463194561E-14,0.));
#185 = CARTESIAN_POINT('',(65.,0.945178678255,0.));
#186 = CARTESIAN_POINT('',(65.,1.89035735651,0.));
#187 = PCURVE('',#33,#188);
#188 = DEFINITIONAL_REPRESENTATION('',(#189),#195);
#189 = B_SPLINE_CURVE_WITH_KNOTS('',4,(#190,#191,#192,#193,#194),
  .UNSPECIFIED.,.F.,.F.,(5,5),(0.,1.),.PIECEWISE_BEZIER_KNOTS.);
#190 = CARTESIAN_POINT('',(65.,-1.89035735651));
#191 = CARTESIAN_POINT('',(65.,-0.945178678255));
#192 = CARTESIAN_POINT('',(65.,-1.15463194561E-14));
#193 = CARTESIAN_POINT('',(65.,0.945178678255));
#194 = CARTESIAN_POINT('',(65.,1.89035735651));
#195 = ( GEOMETRIC_REPRESENTATION_CONTEXT(2) 
PARAMETRIC_REPRESENTATION_CONTEXT() REPRESENTATION_CONTEXT('2D SPACE',''
  ) );
#196 = PCURVE('',#197,#228);
#197 = ( BOUNDED_SURFACE() B_SPLINE_SURFACE(1,3,(
    (#198,#199,#200,#201,#202,#203,#204,#205,#206,#207,#208,#209,#210
      ,#211,#212)
    ,(#213,#214,#215,#216,#217,#218,#219,#220,#221,#222,#223,#224,#225
      ,#226,#227
)),.UNSPECIFIED.,.F.,.F.,.F.) B_SPLINE_SURFACE_WITH_KNOTS((2,2),(4,1,1,1
    ,1,1,1,1,1,1,1,1,4),(1.,2.),(0.,8.333333333333E-02,0.166666666667,
    0.25,0.333333333333,0.416666666667,0.5,0.583333333333,0.666666666667
    ,0.75,0.833333333333,0.916666666667,1.),.UNSPECIFIED.) 
GEOMETRIC_REPRESENTATION_ITEM() RATIONAL_B_SPLINE_SURFACE((
    (1.,1.,1.,1.,1.,1.,1.,1.,1.,1.,1.,1.,1.,1.,1.)
    ,(1.,1.,1.,1.,1.,1.,1.,1.,1.,1.,1.,1.,1.,1.,1.
))) REPRESENTATION_ITEM('') SURFACE() );
#198 = CARTESIAN_POINT('',(68.658555312495,-4.046907385956,-5.));
#199 = CARTESIAN_POINT('',(67.34098607889,-1.614092584944,
    -3.055555555556));
#200 = CARTESIAN_POINT('',(64.447521269234,2.969418725348,0.833333333333
    ));
#201 = CARTESIAN_POINT('',(59.467315841259,8.92554932803,6.666666666667)
  );
#202 = CARTESIAN_POINT('',(53.988337412465,13.908428414105,12.5));
#203 = CARTESIAN_POINT('',(48.155684519282,17.883079075485,
    18.333333333333));
#204 = CARTESIAN_POINT('',(42.115884708516,20.833830731761,
    24.166666666667));
#205 = CARTESIAN_POINT('',(36.01447829875,22.764190507181,30.));
#206 = CARTESIAN_POINT('',(29.9936436027,23.696415608579,35.833333333333
    ));
#207 = CARTESIAN_POINT('',(24.189966170643,23.670732661583,
    41.666666666667));
#208 = CARTESIAN_POINT('',(18.732269754893,22.744464459883,47.5));
#209 = CARTESIAN_POINT('',(13.739588812928,20.990809502468,
    53.333333333333));
#210 = CARTESIAN_POINT('',(9.319330731291,18.497392882133,
    59.166666666667));
#211 = CARTESIAN_POINT('',(6.81686945654,16.408872719866,63.055555555555
    ));
#212 = CARTESIAN_POINT('',(5.68997967024,15.276610088161,65.));
#213 = CARTESIAN_POINT('',(68.31821567512,-7.937007241847,-5.));
#214 = CARTESIAN_POINT('',(67.136924852123,-5.46704693931,
    -3.055555555556));
#215 = CARTESIAN_POINT('',(64.507145278794,-0.796198095095,
    0.833333333333));
#216 = CARTESIAN_POINT('',(59.892863965957,5.325222373032,6.666666666667
    ));
#217 = CARTESIAN_POINT('',(54.748020269165,10.502632818054,12.5));
#218 = CARTESIAN_POINT('',(49.216346930939,14.695953260418,
    18.333333333333));
#219 = CARTESIAN_POINT('',(43.443823071136,17.884479867944,
    24.166666666667));
#220 = CARTESIAN_POINT('',(37.576234732119,20.066890232711,30.));
#221 = CARTESIAN_POINT('',(31.756752424236,21.260950832147,
    35.833333333333));
#222 = CARTESIAN_POINT('',(26.123623979846,21.502864208128,
    41.666666666667));
#223 = CARTESIAN_POINT('',(20.807906532291,20.846519862782,47.5));
#224 = CARTESIAN_POINT('',(15.931303600095,19.362382397104,
    53.333333333333));
#225 = CARTESIAN_POINT('',(11.604159255694,17.136125476834,
    59.166666666667));
#226 = CARTESIAN_POINT('',(9.150468495582,15.223391755097,
    63.055555555555));
#227 = CARTESIAN_POINT('',(8.045113836333,14.17839299053,65.));
#228 = DEFINITIONAL_REPRESENTATION('',(#229),#235);
#229 = B_SPLINE_CURVE_WITH_KNOTS('',4,(#230,#231,#232,#233,#234),
  .UNSPECIFIED.,.F.,.F.,(5,5),(0.,1.),.PIECEWISE_BEZIER_KNOTS.);
#230 = CARTESIAN_POINT('',(2.,7.142857142857E-02));
#231 = CARTESIAN_POINT('',(1.75,7.142857142857E-02));
#232 = CARTESIAN_POINT('',(1.5,7.142857142857E-02));
#233 = CARTESIAN_POINT('',(1.25,7.142857142857E-02));
#234 = CARTESIAN_POINT('',(1.,7.142857142857E-02));
#235 = ( GEOMETRIC_REPRESENTATION_CONTEXT(2) 
PARAMETRIC_REPRESENTATION_CONTEXT() REPRESENTATION_CONTEXT('2D SPACE',''
  ) );
#236 = ORIENTED_EDGE('',*,*,#237,.T.);
#237 = EDGE_CURVE('',#178,#238,#240,.T.);
#238 = VERTEX_POINT('',#239);
#239 = CARTESIAN_POINT('',(64.972518313295,1.889937572637,0.));
#240 = SURFACE_CURVE('',#241,(#247,#256),.PCURVE_S1.);
#241 = B_SPLINE_CURVE_WITH_KNOTS('',4,(#242,#243,#244,#245,#246),
  .UNSPECIFIED.,.F.,.F.,(5,5),(0.,1.),.PIECEWISE_BEZIER_KNOTS.);
#242 = CARTESIAN_POINT('',(65.,1.89035735651,0.));
#243 = CARTESIAN_POINT('',(60.75,1.825438435063,0.));
#244 = CARTESIAN_POINT('',(56.5,1.760519513616,0.));
#245 = CARTESIAN_POINT('',(52.25,1.69560059217,0.));
#246 = CARTESIAN_POINT('',(48.,1.630681670723,0.));
#247 = PCURVE('',#33,#248);
#248 = DEFINITIONAL_REPRESENTATION('',(#249),#255);
#249 = B_SPLINE_CURVE_WITH_KNOTS('',4,(#250,#251,#252,#253,#254),
  .UNSPECIFIED.,.F.,.F.,(5,5),(0.,1.),.PIECEWISE_BEZIER_KNOTS.);
#250 = CARTESIAN_POINT('',(65.,1.89035735651));
#251 = CARTESIAN_POINT('',(60.75,1.825438435063));
#252 = CARTESIAN_POINT('',(56.5,1.760519513616));
#253 = CARTESIAN_POINT('',(52.25,1.69560059217));
#254 = CARTESIAN_POINT('',(48.,1.630681670723));
#255 = ( GEOMETRIC_REPRESENTATION_CONTEXT(2) 
PARAMETRIC_REPRESENTATION_CONTEXT() REPRESENTATION_CONTEXT('2D SPACE',''
  ) );
#256 = PCURVE('',#257,#288);
#257 = ( BOUNDED_SURFACE() B_SPLINE_SURFACE(1,3,(
    (#258,#259,#260,#261,#262,#263,#264,#265,#266,#267,#268,#269,#270
      ,#271,#272)
    ,(#273,#274,#275,#276,#277,#278,#279,#280,#281,#282,#283,#284,#285
      ,#286,#287
)),.UNSPECIFIED.,.F.,.F.,.F.) B_SPLINE_SURFACE_WITH_KNOTS((2,2),(4,1,1,1
    ,1,1,1,1,1,1,1,1,4),(0.,1.),(0.,8.333333333333E-02,0.166666666667,
    0.25,0.333333333333,0.416666666667,0.5,0.583333333333,0.666666666667
    ,0.75,0.833333333333,0.916666666667,1.),.UNSPECIFIED.) 
GEOMETRIC_REPRESENTATION_ITEM() RATIONAL_B_SPLINE_SURFACE((
    (1.,1.,1.,1.,1.,1.,1.,1.,1.,1.,1.,1.,1.,1.,1.)
    ,(1.,1.,1.,1.,1.,1.,1.,1.,1.,1.,1.,1.,1.,1.,1.
))) REPRESENTATION_ITEM('') SURFACE() );
#258 = CARTESIAN_POINT('',(50.868660136099,-2.771786831692,-5.));
#259 = CARTESIAN_POINT('',(49.831354429825,-0.962978733257,
    -3.055555555556));
#260 = CARTESIAN_POINT('',(47.564067588553,2.434076610968,0.833333333333
    ));
#261 = CARTESIAN_POINT('',(43.690236549068,6.813809175163,6.666666666667
    ));
#262 = CARTESIAN_POINT('',(39.453267536569,10.438024333136,12.5));
#263 = CARTESIAN_POINT('',(34.965702128045,13.28189932273,
    18.333333333333));
#264 = CARTESIAN_POINT('',(30.340979607812,15.335564954072,
    24.166666666667));
#265 = CARTESIAN_POINT('',(25.691572562021,16.60398753719,30.));
#266 = CARTESIAN_POINT('',(21.127156394919,17.106622354521,
    35.833333333333));
#267 = CARTESIAN_POINT('',(16.75289153138,16.876797717832,
    41.666666666667));
#268 = CARTESIAN_POINT('',(12.667750524744,15.96103056544,47.5));
#269 = CARTESIAN_POINT('',(8.962952634158,14.418076485909,
    53.333333333333));
#270 = CARTESIAN_POINT('',(5.720540131356,12.317804589692,
    59.166666666667));
#271 = CARTESIAN_POINT('',(3.914915714794,10.599210349101,
    63.055555555555));
#272 = CARTESIAN_POINT('',(3.111106246689,9.674994681374,65.));
#273 = CARTESIAN_POINT('',(68.658555312495,-4.046907385956,-5.));
#274 = CARTESIAN_POINT('',(67.34098607889,-1.614092584944,
    -3.055555555556));
#275 = CARTESIAN_POINT('',(64.447521269234,2.969418725348,0.833333333333
    ));
#276 = CARTESIAN_POINT('',(59.467315841259,8.92554932803,6.666666666667)
  );
#277 = CARTESIAN_POINT('',(53.988337412465,13.908428414105,12.5));
#278 = CARTESIAN_POINT('',(48.155684519282,17.883079075485,
    18.333333333333));
#279 = CARTESIAN_POINT('',(42.115884708516,20.833830731761,
    24.166666666667));
#280 = CARTESIAN_POINT('',(36.01447829875,22.764190507181,30.));
#281 = CARTESIAN_POINT('',(29.9936436027,23.696415608579,35.833333333333
    ));
#282 = CARTESIAN_POINT('',(24.189966170643,23.670732661583,
    41.666666666667));
#283 = CARTESIAN_POINT('',(18.732269754893,22.744464459883,47.5));
#284 = CARTESIAN_POINT('',(13.739588812928,20.990809502468,
    53.333333333333));
#285 = CARTESIAN_POINT('',(9.319330731291,18.497392882133,
    59.166666666667));
#286 = CARTESIAN_POINT('',(6.81686945654,16.408872719866,63.055555555555
    ));
#287 = CARTESIAN_POINT('',(5.68997967024,15.276610088161,65.));
#288 = DEFINITIONAL_REPRESENTATION('',(#289),#295);
#289 = B_SPLINE_CURVE_WITH_KNOTS('',4,(#290,#291,#292,#293,#294),
  .UNSPECIFIED.,.F.,.F.,(5,5),(0.,1.),.PIECEWISE_BEZIER_KNOTS.);
#290 = CARTESIAN_POINT('',(1.,7.142857142857E-02));
#291 = CARTESIAN_POINT('',(0.75,7.142857142857E-02));
#292 = CARTESIAN_POINT('',(0.5,7.142857142857E-02));
#293 = CARTESIAN_POINT('',(0.25,7.142857142857E-02));
#294 = CARTESIAN_POINT('',(0.,7.142857142857E-02));
#295 = ( GEOMETRIC_REPRESENTATION_CONTEXT(2) 
PARAMETRIC_REPRESENTATION_CONTEXT() REPRESENTATION_CONTEXT('2D SPACE',''
  ) );
#296 = ORIENTED_EDGE('',*,*,#297,.T.);
#297 = EDGE_CURVE('',#238,#298,#300,.T.);
#298 = VERTEX_POINT('',#299);
#299 = CARTESIAN_POINT('',(41.987315263606,49.619203509876,0.));
#300 = SURFACE_CURVE('',#301,(#306,#313),.PCURVE_S1.);
#301 = CIRCLE('',#302,65.);
#302 = AXIS2_PLACEMENT_3D('',#303,#304,#305);
#303 = CARTESIAN_POINT('',(0.,0.,0.));
#304 = DIRECTION('',(0.,0.,1.));
#305 = DIRECTION('',(1.,0.,0.));
#306 = PCURVE('',#33,#307);
#307 = DEFINITIONAL_REPRESENTATION('',(#308),#312);
#308 = CIRCLE('',#309,65.);
#309 = AXIS2_PLACEMENT_2D('',#310,#311);
#310 = CARTESIAN_POINT('',(0.,0.));
#311 = DIRECTION('',(1.,0.));
#312 = ( GEOMETRIC_REPRESENTATION_CONTEXT(2) 
PARAMETRIC_REPRESENTATION_CONTEXT() REPRESENTATION_CONTEXT('2D SPACE',''
  ) );
#313 = PCURVE('',#45,#314);
#314 = DEFINITIONAL_REPRESENTATION('',(#315),#319);
#315 = LINE('',#316,#317);
#316 = CARTESIAN_POINT('',(-0.,0.));
#317 = VECTOR('',#318,1.);
#318 = DIRECTION('',(-1.,0.));
#319 = ( GEOMETRIC_REPRESENTATION_CONTEXT(2) 
PARAMETRIC_REPRESENTATION_CONTEXT() REPRESENTATION_CONTEXT('2D SPACE',''
  ) );
#320 = ORIENTED_EDGE('',*,*,#321,.T.);
#321 = EDGE_CURVE('',#298,#322,#324,.T.);
#322 = VERTEX_POINT('',#323);
#323 = CARTESIAN_POINT('',(42.004778015252,49.640427826769,
    1.389100474858E-15));
#324 = SURFACE_CURVE('',#325,(#331,#340),.PCURVE_S1.);
#325 = B_SPLINE_CURVE_WITH_KNOTS('',4,(#326,#327,#328,#329,#330),
  .UNSPECIFIED.,.F.,.F.,(5,5),(0.,1.),.PIECEWISE_BEZIER_KNOTS.);
#326 = CARTESIAN_POINT('',(31.202428757274,36.511197766692,0.));
#327 = CARTESIAN_POINT('',(33.903016071768,39.793505281711,0.));
#328 = CARTESIAN_POINT('',(36.603603386263,43.075812796731,0.));
#329 = CARTESIAN_POINT('',(39.304190700758,46.35812031175,0.));
#330 = CARTESIAN_POINT('',(42.004778015252,49.640427826769,0.));
#331 = PCURVE('',#33,#332);
#332 = DEFINITIONAL_REPRESENTATION('',(#333),#339);
#333 = B_SPLINE_CURVE_WITH_KNOTS('',4,(#334,#335,#336,#337,#338),
  .UNSPECIFIED.,.F.,.F.,(5,5),(0.,1.),.PIECEWISE_BEZIER_KNOTS.);
#334 = CARTESIAN_POINT('',(31.202428757274,36.511197766692));
#335 = CARTESIAN_POINT('',(33.903016071768,39.793505281711));
#336 = CARTESIAN_POINT('',(36.603603386263,43.075812796731));
#337 = CARTESIAN_POINT('',(39.304190700758,46.35812031175));
#338 = CARTESIAN_POINT('',(42.004778015252,49.640427826769));
#339 = ( GEOMETRIC_REPRESENTATION_CONTEXT(2) 
PARAMETRIC_REPRESENTATION_CONTEXT() REPRESENTATION_CONTEXT('2D SPACE',''
  ) );
#340 = PCURVE('',#341,#372);
#341 = ( BOUNDED_SURFACE() B_SPLINE_SURFACE(1,3,(
    (#342,#343,#344,#345,#346,#347,#348,#349,#350,#351,#352,#353,#354
      ,#355,#356)
    ,(#357,#358,#359,#360,#361,#362,#363,#364,#365,#366,#367,#368,#369
      ,#370,#371
)),.UNSPECIFIED.,.F.,.F.,.F.) B_SPLINE_SURFACE_WITH_KNOTS((2,2),(4,1,1,1
    ,1,1,1,1,1,1,1,1,4),(2.,3.),(0.,8.333333333333E-02,0.166666666667,
    0.25,0.333333333333,0.416666666667,0.5,0.583333333333,0.666666666667
    ,0.75,0.833333333333,0.916666666667,1.),.UNSPECIFIED.) 
GEOMETRIC_REPRESENTATION_ITEM() RATIONAL_B_SPLINE_SURFACE((
    (1.,1.,1.,1.,1.,1.,1.,1.,1.,1.,1.,1.,1.,1.,1.)
    ,(1.,1.,1.,1.,1.,1.,1.,1.,1.,1.,1.,1.,1.,1.,1.
))) REPRESENTATION_ITEM('') SURFACE() );
#342 = CARTESIAN_POINT('',(48.801112892876,48.46468876828,-5.));
#343 = CARTESIAN_POINT('',(46.133497386738,49.081113472538,
    -3.055555555556));
#344 = CARTESIAN_POINT('',(40.842039965374,49.937295630549,
    0.833333333333));
#345 = CARTESIAN_POINT('',(33.179163384507,50.146348465975,
    6.666666666667));
#346 = CARTESIAN_POINT('',(25.923543323823,49.352010303954,12.5));
#347 = CARTESIAN_POINT('',(19.196131472308,47.641666469141,
    18.333333333333));
#348 = CARTESIAN_POINT('',(13.104131230284,45.116539404996,
    24.166666666667));
#349 = CARTESIAN_POINT('',(7.739472608562,41.889784721294,30.));
#350 = CARTESIAN_POINT('',(3.177530568886,38.084414847874,
    35.833333333333));
#351 = CARTESIAN_POINT('',(-0.523803062123,33.831088208121,
    41.666666666667));
#352 = CARTESIAN_POINT('',(-3.324948007705,29.265868949888,47.5));
#353 = CARTESIAN_POINT('',(-5.205114808666,24.527842675594,
    53.333333333333));
#354 = CARTESIAN_POINT('',(-6.162487430241,19.756696511852,
    59.166666666667));
#355 = CARTESIAN_POINT('',(-6.196903154854,16.645753858181,
    63.055555555555));
#356 = CARTESIAN_POINT('',(-6.069067579054,15.130006713625,65.));
#357 = CARTESIAN_POINT('',(36.306313098833,35.73730565462,-5.));
#358 = CARTESIAN_POINT('',(34.299794276945,36.158974869452,
    -3.055555555556));
#359 = CARTESIAN_POINT('',(30.326956593631,36.716417057605,
    0.833333333333));
#360 = CARTESIAN_POINT('',(24.597235691599,36.739378455579,
    6.666666666667));
#361 = CARTESIAN_POINT('',(19.197972256982,36.006644597275,12.5));
#362 = CARTESIAN_POINT('',(14.22057656426,34.587557042042,
    18.333333333333));
#363 = CARTESIAN_POINT('',(9.745608683001,32.561931898398,
    24.166666666667));
#364 = CARTESIAN_POINT('',(5.841620459342,30.018556529823,30.));
#365 = CARTESIAN_POINT('',(2.564191199505,27.053553722017,
    35.833333333333));
#366 = CARTESIAN_POINT('',(-4.475706834783E-02,23.768645676996,
    41.666666666667));
#367 = CARTESIAN_POINT('',(-1.957562036336,20.269395738366,47.5));
#368 = CARTESIAN_POINT('',(-3.161145366039,16.663345456322,
    53.333333333333));
#369 = CARTESIAN_POINT('',(-3.657100970912,13.058132619122,
    59.166666666667));
#370 = CARTESIAN_POINT('',(-3.526733820437,10.725782686185,
    63.055555555555));
#371 = CARTESIAN_POINT('',(-3.351343568839,9.594425488084,65.));
#372 = DEFINITIONAL_REPRESENTATION('',(#373),#379);
#373 = B_SPLINE_CURVE_WITH_KNOTS('',4,(#374,#375,#376,#377,#378),
  .UNSPECIFIED.,.F.,.F.,(5,5),(0.,1.),.PIECEWISE_BEZIER_KNOTS.);
#374 = CARTESIAN_POINT('',(3.,7.142857142857E-02));
#375 = CARTESIAN_POINT('',(2.75,7.142857142857E-02));
#376 = CARTESIAN_POINT('',(2.5,7.142857142857E-02));
#377 = CARTESIAN_POINT('',(2.25,7.142857142857E-02));
#378 = CARTESIAN_POINT('',(2.,7.142857142857E-02));
#379 = ( GEOMETRIC_REPRESENTATION_CONTEXT(2) 
PARAMETRIC_REPRESENTATION_CONTEXT() REPRESENTATION_CONTEXT('2D SPACE',''
  ) );
#380 = ORIENTED_EDGE('',*,*,#381,.T.);
#381 = EDGE_CURVE('',#322,#382,#384,.T.);
#382 = VERTEX_POINT('',#383);
#383 = CARTESIAN_POINT('',(40.526837303351,50.819046214857,0.));
#384 = SURFACE_CURVE('',#385,(#391,#400),.PCURVE_S1.);
#385 = B_SPLINE_CURVE_WITH_KNOTS('',4,(#386,#387,#388,#389,#390),
  .UNSPECIFIED.,.F.,.F.,(5,5),(0.,1.),.PIECEWISE_BEZIER_KNOTS.);
#386 = CARTESIAN_POINT('',(42.004778015252,49.640427826769,0.));
#387 = CARTESIAN_POINT('',(41.265807568035,50.229737093596,0.));
#388 = CARTESIAN_POINT('',(40.526837120818,50.819046360422,0.));
#389 = CARTESIAN_POINT('',(39.7878666736,51.408355627248,0.));
#390 = CARTESIAN_POINT('',(39.048896226383,51.997664894074,0.));
#391 = PCURVE('',#33,#392);
#392 = DEFINITIONAL_REPRESENTATION('',(#393),#399);
#393 = B_SPLINE_CURVE_WITH_KNOTS('',4,(#394,#395,#396,#397,#398),
  .UNSPECIFIED.,.F.,.F.,(5,5),(0.,1.),.PIECEWISE_BEZIER_KNOTS.);
#394 = CARTESIAN_POINT('',(42.004778015252,49.640427826769));
#395 = CARTESIAN_POINT('',(41.265807568035,50.229737093596));
#396 = CARTESIAN_POINT('',(40.526837120818,50.819046360422));
#397 = CARTESIAN_POINT('',(39.7878666736,51.408355627248));
#398 = CARTESIAN_POINT('',(39.048896226383,51.997664894074));
#399 = ( GEOMETRIC_REPRESENTATION_CONTEXT(2) 
PARAMETRIC_REPRESENTATION_CONTEXT() REPRESENTATION_CONTEXT('2D SPACE',''
  ) );
#400 = PCURVE('',#401,#432);
#401 = ( BOUNDED_SURFACE() B_SPLINE_SURFACE(1,3,(
    (#402,#403,#404,#405,#406,#407,#408,#409,#410,#411,#412,#413,#414
      ,#415,#416)
    ,(#417,#418,#419,#420,#421,#422,#423,#424,#425,#426,#427,#428,#429
      ,#430,#431
)),.UNSPECIFIED.,.F.,.F.,.F.) B_SPLINE_SURFACE_WITH_KNOTS((2,2),(4,1,1,1
    ,1,1,1,1,1,1,1,1,4),(1.,2.),(0.,8.333333333333E-02,0.166666666667,
    0.25,0.333333333333,0.416666666667,0.5,0.583333333333,0.666666666667
    ,0.75,0.833333333333,0.916666666667,1.),.UNSPECIFIED.) 
GEOMETRIC_REPRESENTATION_ITEM() RATIONAL_B_SPLINE_SURFACE((
    (1.,1.,1.,1.,1.,1.,1.,1.,1.,1.,1.,1.,1.,1.,1.)
    ,(1.,1.,1.,1.,1.,1.,1.,1.,1.,1.,1.,1.,1.,1.,1.
))) REPRESENTATION_ITEM('') SURFACE() );
#402 = CARTESIAN_POINT('',(45.971908648667,51.15621459987,-5.));
#403 = CARTESIAN_POINT('',(43.248366465827,51.642932710949,
    -3.055555555556));
#404 = CARTESIAN_POINT('',(37.860787222333,52.238503388018,
    0.833333333333));
#405 = CARTESIAN_POINT('',(30.098989507962,52.05840868458,6.666666666667
    ));
#406 = CARTESIAN_POINT('',(22.78713059018,50.881545151249,12.5));
#407 = CARTESIAN_POINT('',(16.04302397462,48.799547646371,
    18.333333333333));
#408 = CARTESIAN_POINT('',(9.970279845517,45.917205572016,
    24.166666666667));
#409 = CARTESIAN_POINT('',(4.656899127119,42.350493587421,30.));
#410 = CARTESIAN_POINT('',(0.174127162436,38.224448315072,
    35.833333333333));
#411 = CARTESIAN_POINT('',(-3.424326793206,33.670937529067,
    41.666666666667));
#412 = CARTESIAN_POINT('',(-6.10295920877,28.826419871935,47.5));
#413 = CARTESIAN_POINT('',(-7.844782204925,23.829598747661,
    53.333333333333));
#414 = CARTESIAN_POINT('',(-8.651336427723,18.819081984239,
    59.166666666667));
#415 = CARTESIAN_POINT('',(-8.578724697447,15.560407953832,
    63.055555555555));
#416 = CARTESIAN_POINT('',(-8.396090415135,13.973415837738,65.));
#417 = CARTESIAN_POINT('',(48.801112892876,48.46468876828,-5.));
#418 = CARTESIAN_POINT('',(46.133497386738,49.081113472538,
    -3.055555555556));
#419 = CARTESIAN_POINT('',(40.842039965374,49.937295630549,
    0.833333333333));
#420 = CARTESIAN_POINT('',(33.179163384507,50.146348465975,
    6.666666666667));
#421 = CARTESIAN_POINT('',(25.923543323823,49.352010303954,12.5));
#422 = CARTESIAN_POINT('',(19.196131472308,47.641666469141,
    18.333333333333));
#423 = CARTESIAN_POINT('',(13.104131230284,45.116539404996,
    24.166666666667));
#424 = CARTESIAN_POINT('',(7.739472608562,41.889784721294,30.));
#425 = CARTESIAN_POINT('',(3.177530568886,38.084414847874,
    35.833333333333));
#426 = CARTESIAN_POINT('',(-0.523803062123,33.831088208121,
    41.666666666667));
#427 = CARTESIAN_POINT('',(-3.324948007705,29.265868949888,47.5));
#428 = CARTESIAN_POINT('',(-5.205114808666,24.527842675594,
    53.333333333333));
#429 = CARTESIAN_POINT('',(-6.162487430241,19.756696511852,
    59.166666666667));
#430 = CARTESIAN_POINT('',(-6.196903154854,16.645753858181,
    63.055555555555));
#431 = CARTESIAN_POINT('',(-6.069067579054,15.130006713625,65.));
#432 = DEFINITIONAL_REPRESENTATION('',(#433),#439);
#433 = B_SPLINE_CURVE_WITH_KNOTS('',4,(#434,#435,#436,#437,#438),
  .UNSPECIFIED.,.F.,.F.,(5,5),(0.,1.),.PIECEWISE_BEZIER_KNOTS.);
#434 = CARTESIAN_POINT('',(2.,7.142857142857E-02));
#435 = CARTESIAN_POINT('',(1.75,7.142857142857E-02));
#436 = CARTESIAN_POINT('',(1.5,7.142857142857E-02));
#437 = CARTESIAN_POINT('',(1.25,7.142857142857E-02));
#438 = CARTESIAN_POINT('',(1.,7.142857142857E-02));
#439 = ( GEOMETRIC_REPRESENTATION_CONTEXT(2) 
PARAMETRIC_REPRESENTATION_CONTEXT() REPRESENTATION_CONTEXT('2D SPACE',''
  ) );
#440 = ORIENTED_EDGE('',*,*,#441,.T.);
#441 = EDGE_CURVE('',#382,#442,#444,.T.);
#442 = VERTEX_POINT('',#443);
#443 = CARTESIAN_POINT('',(39.048896226383,51.997664894074,
    1.389100474858E-15));
#444 = SURFACE_CURVE('',#445,(#451,#460),.PCURVE_S1.);
#445 = B_SPLINE_CURVE_WITH_KNOTS('',4,(#446,#447,#448,#449,#450),
  .UNSPECIFIED.,.F.,.F.,(5,5),(0.,1.),.PIECEWISE_BEZIER_KNOTS.);
#446 = CARTESIAN_POINT('',(42.004778015252,49.640427826769,0.));
#447 = CARTESIAN_POINT('',(41.265807568035,50.229737093596,0.));
#448 = CARTESIAN_POINT('',(40.526837120818,50.819046360422,0.));
#449 = CARTESIAN_POINT('',(39.7878666736,51.408355627248,0.));
#450 = CARTESIAN_POINT('',(39.048896226383,51.997664894074,0.));
#451 = PCURVE('',#33,#452);
#452 = DEFINITIONAL_REPRESENTATION('',(#453),#459);
#453 = B_SPLINE_CURVE_WITH_KNOTS('',4,(#454,#455,#456,#457,#458),
  .UNSPECIFIED.,.F.,.F.,(5,5),(0.,1.),.PIECEWISE_BEZIER_KNOTS.);
#454 = CARTESIAN_POINT('',(42.004778015252,49.640427826769));
#455 = CARTESIAN_POINT('',(41.265807568035,50.229737093596));
#456 = CARTESIAN_POINT('',(40.526837120818,50.819046360422));
#457 = CARTESIAN_POINT('',(39.7878666736,51.408355627248));
#458 = CARTESIAN_POINT('',(39.048896226383,51.997664894074));
#459 = ( GEOMETRIC_REPRESENTATION_CONTEXT(2) 
PARAMETRIC_REPRESENTATION_CONTEXT() REPRESENTATION_CONTEXT('2D SPACE',''
  ) );
#460 = PCURVE('',#461,#492);
#461 = ( BOUNDED_SURFACE() B_SPLINE_SURFACE(1,3,(
    (#462,#463,#464,#465,#466,#467,#468,#469,#470,#471,#472,#473,#474
      ,#475,#476)
    ,(#477,#478,#479,#480,#481,#482,#483,#484,#485,#486,#487,#488,#489
      ,#490,#491
)),.UNSPECIFIED.,.F.,.F.,.F.) B_SPLINE_SURFACE_WITH_KNOTS((2,2),(4,1,1,1
    ,1,1,1,1,1,1,1,1,4),(1.,2.),(0.,8.333333333333E-02,0.166666666667,
    0.25,0.333333333333,0.416666666667,0.5,0.583333333333,0.666666666667
    ,0.75,0.833333333333,0.916666666667,1.),.UNSPECIFIED.) 
GEOMETRIC_REPRESENTATION_ITEM() RATIONAL_B_SPLINE_SURFACE((
    (1.,1.,1.,1.,1.,1.,1.,1.,1.,1.,1.,1.,1.,1.,1.)
    ,(1.,1.,1.,1.,1.,1.,1.,1.,1.,1.,1.,1.,1.,1.,1.
))) REPRESENTATION_ITEM('') SURFACE() );
#462 = CARTESIAN_POINT('',(45.971908648667,51.15621459987,-5.));
#463 = CARTESIAN_POINT('',(43.248366465827,51.642932710949,
    -3.055555555556));
#464 = CARTESIAN_POINT('',(37.860787222333,52.238503388018,
    0.833333333333));
#465 = CARTESIAN_POINT('',(30.098989507962,52.05840868458,6.666666666667
    ));
#466 = CARTESIAN_POINT('',(22.78713059018,50.881545151249,12.5));
#467 = CARTESIAN_POINT('',(16.04302397462,48.799547646371,
    18.333333333333));
#468 = CARTESIAN_POINT('',(9.970279845517,45.917205572016,
    24.166666666667));
#469 = CARTESIAN_POINT('',(4.656899127119,42.350493587421,30.));
#470 = CARTESIAN_POINT('',(0.174127162436,38.224448315072,
    35.833333333333));
#471 = CARTESIAN_POINT('',(-3.424326793206,33.670937529067,
    41.666666666667));
#472 = CARTESIAN_POINT('',(-6.10295920877,28.826419871935,47.5));
#473 = CARTESIAN_POINT('',(-7.844782204925,23.829598747661,
    53.333333333333));
#474 = CARTESIAN_POINT('',(-8.651336427723,18.819081984239,
    59.166666666667));
#475 = CARTESIAN_POINT('',(-8.578724697447,15.560407953832,
    63.055555555555));
#476 = CARTESIAN_POINT('',(-8.396090415135,13.973415837738,65.));
#477 = CARTESIAN_POINT('',(48.801112892876,48.46468876828,-5.));
#478 = CARTESIAN_POINT('',(46.133497386738,49.081113472538,
    -3.055555555556));
#479 = CARTESIAN_POINT('',(40.842039965374,49.937295630549,
    0.833333333333));
#480 = CARTESIAN_POINT('',(33.179163384507,50.146348465975,
    6.666666666667));
#481 = CARTESIAN_POINT('',(25.923543323823,49.352010303954,12.5));
#482 = CARTESIAN_POINT('',(19.196131472308,47.641666469141,
    18.333333333333));
#483 = CARTESIAN_POINT('',(13.104131230284,45.116539404996,
    24.166666666667));
#484 = CARTESIAN_POINT('',(7.739472608562,41.889784721294,30.));
#485 = CARTESIAN_POINT('',(3.177530568886,38.084414847874,
    35.833333333333));
#486 = CARTESIAN_POINT('',(-0.523803062123,33.831088208121,
    41.666666666667));
#487 = CARTESIAN_POINT('',(-3.324948007705,29.265868949888,47.5));
#488 = CARTESIAN_POINT('',(-5.205114808666,24.527842675594,
    53.333333333333));
#489 = CARTESIAN_POINT('',(-6.162487430241,19.756696511852,
    59.166666666667));
#490 = CARTESIAN_POINT('',(-6.196903154854,16.645753858181,
    63.055555555555));
#491 = CARTESIAN_POINT('',(-6.069067579054,15.130006713625,65.));
#492 = DEFINITIONAL_REPRESENTATION('',(#493),#499);
#493 = B_SPLINE_CURVE_WITH_KNOTS('',4,(#494,#495,#496,#497,#498),
  .UNSPECIFIED.,.F.,.F.,(5,5),(0.,1.),.PIECEWISE_BEZIER_KNOTS.);
#494 = CARTESIAN_POINT('',(2.,7.142857142857E-02));
#495 = CARTESIAN_POINT('',(1.75,7.142857142857E-02));
#496 = CARTESIAN_POINT('',(1.5,7.142857142857E-02));
#497 = CARTESIAN_POINT('',(1.25,7.142857142857E-02));
#498 = CARTESIAN_POINT('',(1.,7.142857142857E-02));
#499 = ( GEOMETRIC_REPRESENTATION_CONTEXT(2) 
PARAMETRIC_REPRESENTATION_CONTEXT() REPRESENTATION_CONTEXT('2D SPACE',''
  ) );
#500 = ORIENTED_EDGE('',*,*,#501,.T.);
#501 = EDGE_CURVE('',#442,#502,#504,.T.);
#502 = VERTEX_POINT('',#503);
#503 = CARTESIAN_POINT('',(39.032089875233,51.975917115254,0.));
#504 = SURFACE_CURVE('',#505,(#511,#520),.PCURVE_S1.);
#505 = B_SPLINE_CURVE_WITH_KNOTS('',4,(#506,#507,#508,#509,#510),
  .UNSPECIFIED.,.F.,.F.,(5,5),(0.,1.),.PIECEWISE_BEZIER_KNOTS.);
#506 = CARTESIAN_POINT('',(39.048896226383,51.997664894074,0.));
#507 = CARTESIAN_POINT('',(36.449820225079,48.634404808116,0.));
#508 = CARTESIAN_POINT('',(33.850744223774,45.271144722157,0.));
#509 = CARTESIAN_POINT('',(31.251668222469,41.907884636198,0.));
#510 = CARTESIAN_POINT('',(28.652592221164,38.544624550239,0.));
#511 = PCURVE('',#33,#512);
#512 = DEFINITIONAL_REPRESENTATION('',(#513),#519);
#513 = B_SPLINE_CURVE_WITH_KNOTS('',4,(#514,#515,#516,#517,#518),
  .UNSPECIFIED.,.F.,.F.,(5,5),(0.,1.),.PIECEWISE_BEZIER_KNOTS.);
#514 = CARTESIAN_POINT('',(39.048896226383,51.997664894074));
#515 = CARTESIAN_POINT('',(36.449820225079,48.634404808116));
#516 = CARTESIAN_POINT('',(33.850744223774,45.271144722157));
#517 = CARTESIAN_POINT('',(31.251668222469,41.907884636198));
#518 = CARTESIAN_POINT('',(28.652592221164,38.544624550239));
#519 = ( GEOMETRIC_REPRESENTATION_CONTEXT(2) 
PARAMETRIC_REPRESENTATION_CONTEXT() REPRESENTATION_CONTEXT('2D SPACE',''
  ) );
#520 = PCURVE('',#521,#552);
#521 = ( BOUNDED_SURFACE() B_SPLINE_SURFACE(1,3,(
    (#522,#523,#524,#525,#526,#527,#528,#529,#530,#531,#532,#533,#534
      ,#535,#536)
    ,(#537,#538,#539,#540,#541,#542,#543,#544,#545,#546,#547,#548,#549
      ,#550,#551
)),.UNSPECIFIED.,.F.,.F.,.F.) B_SPLINE_SURFACE_WITH_KNOTS((2,2),(4,1,1,1
    ,1,1,1,1,1,1,1,1,4),(0.,1.),(0.,8.333333333333E-02,0.166666666667,
    0.25,0.333333333333,0.416666666667,0.5,0.583333333333,0.666666666667
    ,0.75,0.833333333333,0.916666666667,1.),.UNSPECIFIED.) 
GEOMETRIC_REPRESENTATION_ITEM() RATIONAL_B_SPLINE_SURFACE((
    (1.,1.,1.,1.,1.,1.,1.,1.,1.,1.,1.,1.,1.,1.,1.)
    ,(1.,1.,1.,1.,1.,1.,1.,1.,1.,1.,1.,1.,1.,1.,1.
))) REPRESENTATION_ITEM('') SURFACE() );
#522 = CARTESIAN_POINT('',(33.883161036782,38.042539142882,-5.));
#523 = CARTESIAN_POINT('',(31.822228390412,38.359314287667,
    -3.055555555556));
#524 = CARTESIAN_POINT('',(27.752673351188,38.704707418849,
    0.833333333333));
#525 = CARTESIAN_POINT('',(21.913166400468,38.406742943063,
    6.666666666667));
#526 = CARTESIAN_POINT('',(16.437933920641,37.353808369587,12.5));
#527 = CARTESIAN_POINT('',(11.416551654185,35.618415507342,
    18.333333333333));
#528 = CARTESIAN_POINT('',(6.927463881347,33.283101420914,
    24.166666666667));
#529 = CARTESIAN_POINT('',(3.036913295052,30.438897162727,30.));
#530 = CARTESIAN_POINT('',(-0.20192936095,27.183680586866,
    35.833333333333));
#531 = CARTESIAN_POINT('',(-2.749554757585,23.620449286706,
    41.666666666667));
#532 = CARTESIAN_POINT('',(-4.580622924027,19.855585957003,47.5));
#533 = CARTESIAN_POINT('',(-5.684196551375,15.997042196638,
    53.333333333333));
#534 = CARTESIAN_POINT('',(-6.063748990086,12.152523914377,
    59.166666666667));
#535 = CARTESIAN_POINT('',(-5.845886316918,9.669303917455,
    63.055555555555));
#536 = CARTESIAN_POINT('',(-5.624472417299,8.464621325838,65.));
#537 = CARTESIAN_POINT('',(45.971908648667,51.15621459987,-5.));
#538 = CARTESIAN_POINT('',(43.248366465827,51.642932710949,
    -3.055555555556));
#539 = CARTESIAN_POINT('',(37.860787222333,52.238503388018,
    0.833333333333));
#540 = CARTESIAN_POINT('',(30.098989507962,52.05840868458,6.666666666667
    ));
#541 = CARTESIAN_POINT('',(22.78713059018,50.881545151249,12.5));
#542 = CARTESIAN_POINT('',(16.04302397462,48.799547646371,
    18.333333333333));
#543 = CARTESIAN_POINT('',(9.970279845517,45.917205572016,
    24.166666666667));
#544 = CARTESIAN_POINT('',(4.656899127119,42.350493587421,30.));
#545 = CARTESIAN_POINT('',(0.174127162436,38.224448315072,
    35.833333333333));
#546 = CARTESIAN_POINT('',(-3.424326793206,33.670937529067,
    41.666666666667));
#547 = CARTESIAN_POINT('',(-6.10295920877,28.826419871935,47.5));
#548 = CARTESIAN_POINT('',(-7.844782204925,23.829598747661,
    53.333333333333));
#549 = CARTESIAN_POINT('',(-8.651336427723,18.819081984239,
    59.166666666667));
#550 = CARTESIAN_POINT('',(-8.578724697447,15.560407953832,
    63.055555555555));
#551 = CARTESIAN_POINT('',(-8.396090415135,13.973415837738,65.));
#552 = DEFINITIONAL_REPRESENTATION('',(#553),#559);
#553 = B_SPLINE_CURVE_WITH_KNOTS('',4,(#554,#555,#556,#557,#558),
  .UNSPECIFIED.,.F.,.F.,(5,5),(0.,1.),.PIECEWISE_BEZIER_KNOTS.);
#554 = CARTESIAN_POINT('',(1.,7.142857142857E-02));
#555 = CARTESIAN_POINT('',(0.75,7.142857142857E-02));
#556 = CARTESIAN_POINT('',(0.5,7.142857142857E-02));
#557 = CARTESIAN_POINT('',(0.25,7.142857142857E-02));
#558 = CARTESIAN_POINT('',(0.,7.142857142857E-02));
#559 = ( GEOMETRIC_REPRESENTATION_CONTEXT(2) 
PARAMETRIC_REPRESENTATION_CONTEXT() REPRESENTATION_CONTEXT('2D SPACE',''
  ) );
#560 = ORIENTED_EDGE('',*,*,#561,.T.);
#561 = EDGE_CURVE('',#502,#562,#564,.T.);
#562 = VERTEX_POINT('',#563);
#563 = CARTESIAN_POINT('',(-12.61519256472,63.764072302159,0.));
#564 = SURFACE_CURVE('',#565,(#570,#577),.PCURVE_S1.);
#565 = CIRCLE('',#566,65.);
#566 = AXIS2_PLACEMENT_3D('',#567,#568,#569);
#567 = CARTESIAN_POINT('',(0.,0.,0.));
#568 = DIRECTION('',(0.,0.,1.));
#569 = DIRECTION('',(1.,0.,0.));
#570 = PCURVE('',#33,#571);
#571 = DEFINITIONAL_REPRESENTATION('',(#572),#576);
#572 = CIRCLE('',#573,65.);
#573 = AXIS2_PLACEMENT_2D('',#574,#575);
#574 = CARTESIAN_POINT('',(0.,0.));
#575 = DIRECTION('',(1.,0.));
#576 = ( GEOMETRIC_REPRESENTATION_CONTEXT(2) 
PARAMETRIC_REPRESENTATION_CONTEXT() REPRESENTATION_CONTEXT('2D SPACE',''
  ) );
#577 = PCURVE('',#45,#578);
#578 = DEFINITIONAL_REPRESENTATION('',(#579),#583);
#579 = LINE('',#580,#581);
#580 = CARTESIAN_POINT('',(-0.,0.));
#581 = VECTOR('',#582,1.);
#582 = DIRECTION('',(-1.,0.));
#583 = ( GEOMETRIC_REPRESENTATION_CONTEXT(2) 
PARAMETRIC_REPRESENTATION_CONTEXT() REPRESENTATION_CONTEXT('2D SPACE',''
  ) );
#584 = ORIENTED_EDGE('',*,*,#585,.T.);
#585 = EDGE_CURVE('',#562,#586,#588,.T.);
#586 = VERTEX_POINT('',#587);
#587 = CARTESIAN_POINT('',(-12.6208985563,63.7909583763,
    1.389100474858E-15));
#588 = SURFACE_CURVE('',#589,(#595,#604),.PCURVE_S1.);
#589 = B_SPLINE_CURVE_WITH_KNOTS('',4,(#590,#591,#592,#593,#594),
  .UNSPECIFIED.,.F.,.F.,(5,5),(0.,1.),.PIECEWISE_BEZIER_KNOTS.);
#590 = CARTESIAN_POINT('',(-9.091207753232,47.159400593082,0.));
#591 = CARTESIAN_POINT('',(-9.973630453999,51.317290038887,0.));
#592 = CARTESIAN_POINT('',(-10.85605315476,55.475179484691,0.));
#593 = CARTESIAN_POINT('',(-11.73847585553,59.633068930496,0.));
#594 = CARTESIAN_POINT('',(-12.6208985563,63.7909583763,0.));
#595 = PCURVE('',#33,#596);
#596 = DEFINITIONAL_REPRESENTATION('',(#597),#603);
#597 = B_SPLINE_CURVE_WITH_KNOTS('',4,(#598,#599,#600,#601,#602),
  .UNSPECIFIED.,.F.,.F.,(5,5),(0.,1.),.PIECEWISE_BEZIER_KNOTS.);
#598 = CARTESIAN_POINT('',(-9.091207753232,47.159400593082));
#599 = CARTESIAN_POINT('',(-9.973630453999,51.317290038887));
#600 = CARTESIAN_POINT('',(-10.85605315476,55.475179484691));
#601 = CARTESIAN_POINT('',(-11.73847585553,59.633068930496));
#602 = CARTESIAN_POINT('',(-12.6208985563,63.7909583763));
#603 = ( GEOMETRIC_REPRESENTATION_CONTEXT(2) 
PARAMETRIC_REPRESENTATION_CONTEXT() REPRESENTATION_CONTEXT('2D SPACE',''
  ) );
#604 = PCURVE('',#605,#636);
#605 = ( BOUNDED_SURFACE() B_SPLINE_SURFACE(1,3,(
    (#606,#607,#608,#609,#610,#611,#612,#613,#614,#615,#616,#617,#618
      ,#619,#620)
    ,(#621,#622,#623,#624,#625,#626,#627,#628,#629,#630,#631,#632,#633
      ,#634,#635
)),.UNSPECIFIED.,.F.,.F.,.F.) B_SPLINE_SURFACE_WITH_KNOTS((2,2),(4,1,1,1
    ,1,1,1,1,1,1,1,1,4),(2.,3.),(0.,8.333333333333E-02,0.166666666667,
    0.25,0.333333333333,0.416666666667,0.5,0.583333333333,0.666666666667
    ,0.75,0.833333333333,0.916666666667,1.),.UNSPECIFIED.) 
GEOMETRIC_REPRESENTATION_ITEM() RATIONAL_B_SPLINE_SURFACE((
    (1.,1.,1.,1.,1.,1.,1.,1.,1.,1.,1.,1.,1.,1.,1.)
    ,(1.,1.,1.,1.,1.,1.,1.,1.,1.,1.,1.,1.,1.,1.,1.
))) REPRESENTATION_ITEM('') SURFACE() );
#606 = CARTESIAN_POINT('',(-7.464223258991,68.371485636406,-5.));
#607 = CARTESIAN_POINT('',(-9.609394562708,66.670194367307,
    -3.055555555556));
#608 = CARTESIAN_POINT('',(-13.57795446775,63.066987211199,
    0.833333333333));
#609 = CARTESIAN_POINT('',(-18.51912395706,57.206251364948,
    6.666666666667));
#610 = CARTESIAN_POINT('',(-22.42189048827,51.038317433431,12.5));
#611 = CARTESIAN_POINT('',(-25.27916251469,44.71223311371,
    18.333333333333));
#612 = CARTESIAN_POINT('',(-27.10323870253,38.374924560401,
    24.166666666667));
#613 = CARTESIAN_POINT('',(-27.92527024571,32.168816918857,30.));
#614 = CARTESIAN_POINT('',(-27.79443661464,26.229537702667,
    35.833333333333));
#615 = CARTESIAN_POINT('',(-26.77679571467,20.683812758966,
    41.666666666667));
#616 = CARTESIAN_POINT('',(-24.95404888132,15.647421802796,47.5));
#617 = CARTESIAN_POINT('',(-22.4219756015,11.223337142552,
    53.333333333333));
#618 = CARTESIAN_POINT('',(-19.28865538937,7.500072110281,
    59.166666666667));
#619 = CARTESIAN_POINT('',(-16.87788033589,5.533523794557,
    63.055555555555));
#620 = CARTESIAN_POINT('',(-15.61311732099,4.688416785469,65.));
#621 = CARTESIAN_POINT('',(-5.303934699152,50.667264214573,-5.));
#622 = CARTESIAN_POINT('',(-6.88465298918,49.361411084662,
    -3.055555555556));
#623 = CARTESIAN_POINT('',(-9.79750262152,46.602881028551,0.833333333333
    ));
#624 = CARTESIAN_POINT('',(-13.38787711525,42.13752103906,6.666666666667
    ));
#625 = CARTESIAN_POINT('',(-16.18138840559,37.459354815609,12.5));
#626 = CARTESIAN_POINT('',(-18.17525653276,32.683083543706,
    18.333333333333));
#627 = CARTESIAN_POINT('',(-19.38165586139,27.921456151654,
    24.166666666667));
#628 = CARTESIAN_POINT('',(-19.82726177053,23.283426646608,30.));
#629 = CARTESIAN_POINT('',(-19.5525729496,18.872380256555,
    35.833333333333));
#630 = CARTESIAN_POINT('',(-18.61098106157,14.784515698503,
    41.666666666667));
#631 = CARTESIAN_POINT('',(-17.06777168501,11.107277903818,47.5));
#632 = CARTESIAN_POINT('',(-14.99886997891,7.917942989039,
    53.333333333333));
#633 = CARTESIAN_POINT('',(-12.4894243436,5.282375845718,59.166666666667
    ));
#634 = CARTESIAN_POINT('',(-10.58463714908,3.930104590687,
    63.055555555555));
#635 = CARTESIAN_POINT('',(-9.590752440474,3.361840535829,65.));
#636 = DEFINITIONAL_REPRESENTATION('',(#637),#643);
#637 = B_SPLINE_CURVE_WITH_KNOTS('',4,(#638,#639,#640,#641,#642),
  .UNSPECIFIED.,.F.,.F.,(5,5),(0.,1.),.PIECEWISE_BEZIER_KNOTS.);
#638 = CARTESIAN_POINT('',(3.,7.142857142857E-02));
#639 = CARTESIAN_POINT('',(2.75,7.142857142857E-02));
#640 = CARTESIAN_POINT('',(2.5,7.142857142857E-02));
#641 = CARTESIAN_POINT('',(2.25,7.142857142857E-02));
#642 = CARTESIAN_POINT('',(2.,7.142857142857E-02));
#643 = ( GEOMETRIC_REPRESENTATION_CONTEXT(2) 
PARAMETRIC_REPRESENTATION_CONTEXT() REPRESENTATION_CONTEXT('2D SPACE',''
  ) );
#644 = ORIENTED_EDGE('',*,*,#645,.T.);
#645 = EDGE_CURVE('',#586,#646,#648,.T.);
#646 = VERTEX_POINT('',#647);
#647 = CARTESIAN_POINT('',(-14.46386067766,63.370314298551,0.));
#648 = SURFACE_CURVE('',#649,(#655,#664),.PCURVE_S1.);
#649 = B_SPLINE_CURVE_WITH_KNOTS('',4,(#650,#651,#652,#653,#654),
  .UNSPECIFIED.,.F.,.F.,(5,5),(0.,1.),.PIECEWISE_BEZIER_KNOTS.);
#650 = CARTESIAN_POINT('',(-12.6208985563,63.7909583763,0.));
#651 = CARTESIAN_POINT('',(-13.54237963173,63.580636334059,0.));
#652 = CARTESIAN_POINT('',(-14.46386070716,63.370314291819,0.));
#653 = CARTESIAN_POINT('',(-15.38534178259,63.159992249578,0.));
#654 = CARTESIAN_POINT('',(-16.30682285802,62.949670207337,0.));
#655 = PCURVE('',#33,#656);
#656 = DEFINITIONAL_REPRESENTATION('',(#657),#663);
#657 = B_SPLINE_CURVE_WITH_KNOTS('',4,(#658,#659,#660,#661,#662),
  .UNSPECIFIED.,.F.,.F.,(5,5),(0.,1.),.PIECEWISE_BEZIER_KNOTS.);
#658 = CARTESIAN_POINT('',(-12.6208985563,63.7909583763));
#659 = CARTESIAN_POINT('',(-13.54237963173,63.580636334059));
#660 = CARTESIAN_POINT('',(-14.46386070716,63.370314291819));
#661 = CARTESIAN_POINT('',(-15.38534178259,63.159992249578));
#662 = CARTESIAN_POINT('',(-16.30682285802,62.949670207337));
#663 = ( GEOMETRIC_REPRESENTATION_CONTEXT(2) 
PARAMETRIC_REPRESENTATION_CONTEXT() REPRESENTATION_CONTEXT('2D SPACE',''
  ) );
#664 = PCURVE('',#665,#696);
#665 = ( BOUNDED_SURFACE() B_SPLINE_SURFACE(1,3,(
    (#666,#667,#668,#669,#670,#671,#672,#673,#674,#675,#676,#677,#678
      ,#679,#680)
    ,(#681,#682,#683,#684,#685,#686,#687,#688,#689,#690,#691,#692,#693
      ,#694,#695
)),.UNSPECIFIED.,.F.,.F.,.F.) B_SPLINE_SURFACE_WITH_KNOTS((2,2),(4,1,1,1
    ,1,1,1,1,1,1,1,1,4),(1.,2.),(0.,8.333333333333E-02,0.166666666667,
    0.25,0.333333333333,0.416666666667,0.5,0.583333333333,0.666666666667
    ,0.75,0.833333333333,0.916666666667,1.),.UNSPECIFIED.) 
GEOMETRIC_REPRESENTATION_ITEM() RATIONAL_B_SPLINE_SURFACE((
    (1.,1.,1.,1.,1.,1.,1.,1.,1.,1.,1.,1.,1.,1.,1.)
    ,(1.,1.,1.,1.,1.,1.,1.,1.,1.,1.,1.,1.,1.,1.,1.
))) REPRESENTATION_ITEM('') SURFACE() );
#666 = CARTESIAN_POINT('',(-11.33252288364,67.837663595388,-5.));
#667 = CARTESIAN_POINT('',(-13.4111552019,66.011776351651,
    -3.055555555556));
#668 = CARTESIAN_POINT('',(-17.23589182229,62.170929528236,
    0.833333333333));
#669 = CARTESIAN_POINT('',(-21.93448983232,55.990224503629,
    6.666666666667));
#670 = CARTESIAN_POINT('',(-25.57325033926,49.539820595131,12.5));
#671 = CARTESIAN_POINT('',(-28.15036084098,42.968961510179,
    18.333333333333));
#672 = CARTESIAN_POINT('',(-29.6831490978,36.423988076244,
    24.166666666667));
#673 = CARTESIAN_POINT('',(-30.20742007066,30.0460112037,30.));
#674 = CARTESIAN_POINT('',(-29.77651058269,23.968691803669,
    35.833333333333));
#675 = CARTESIAN_POINT('',(-28.46003183823,18.316239675208,
    41.666666666667));
#676 = CARTESIAN_POINT('',(-26.34253541054,13.201493168615,47.5));
#677 = CARTESIAN_POINT('',(-23.52187221807,8.724214100637,
    53.333333333333));
#678 = CARTESIAN_POINT('',(-20.10737080155,4.9696185129,59.166666666667)
  );
#679 = CARTESIAN_POINT('',(-17.51436418016,2.994638624085,
    63.055555555555));
#680 = CARTESIAN_POINT('',(-16.15973316888,2.14795445576,65.));
#681 = CARTESIAN_POINT('',(-7.464223258991,68.371485636406,-5.));
#682 = CARTESIAN_POINT('',(-9.609394562708,66.670194367307,
    -3.055555555556));
#683 = CARTESIAN_POINT('',(-13.57795446775,63.066987211199,
    0.833333333333));
#684 = CARTESIAN_POINT('',(-18.51912395706,57.206251364948,
    6.666666666667));
#685 = CARTESIAN_POINT('',(-22.42189048827,51.038317433431,12.5));
#686 = CARTESIAN_POINT('',(-25.27916251469,44.71223311371,
    18.333333333333));
#687 = CARTESIAN_POINT('',(-27.10323870253,38.374924560401,
    24.166666666667));
#688 = CARTESIAN_POINT('',(-27.92527024571,32.168816918857,30.));
#689 = CARTESIAN_POINT('',(-27.79443661464,26.229537702667,
    35.833333333333));
#690 = CARTESIAN_POINT('',(-26.77679571467,20.683812758966,
    41.666666666667));
#691 = CARTESIAN_POINT('',(-24.95404888132,15.647421802796,47.5));
#692 = CARTESIAN_POINT('',(-22.4219756015,11.223337142552,
    53.333333333333));
#693 = CARTESIAN_POINT('',(-19.28865538937,7.500072110281,
    59.166666666667));
#694 = CARTESIAN_POINT('',(-16.87788033589,5.533523794557,
    63.055555555555));
#695 = CARTESIAN_POINT('',(-15.61311732099,4.688416785469,65.));
#696 = DEFINITIONAL_REPRESENTATION('',(#697),#703);
#697 = B_SPLINE_CURVE_WITH_KNOTS('',4,(#698,#699,#700,#701,#702),
  .UNSPECIFIED.,.F.,.F.,(5,5),(0.,1.),.PIECEWISE_BEZIER_KNOTS.);
#698 = CARTESIAN_POINT('',(2.,7.142857142857E-02));
#699 = CARTESIAN_POINT('',(1.75,7.142857142857E-02));
#700 = CARTESIAN_POINT('',(1.5,7.142857142857E-02));
#701 = CARTESIAN_POINT('',(1.25,7.142857142857E-02));
#702 = CARTESIAN_POINT('',(1.,7.142857142857E-02));
#703 = ( GEOMETRIC_REPRESENTATION_CONTEXT(2) 
PARAMETRIC_REPRESENTATION_CONTEXT() REPRESENTATION_CONTEXT('2D SPACE',''
  ) );
#704 = ORIENTED_EDGE('',*,*,#705,.T.);
#705 = EDGE_CURVE('',#646,#706,#708,.T.);
#706 = VERTEX_POINT('',#707);
#707 = CARTESIAN_POINT('',(-16.30682285802,62.949670207337,
    1.389100474858E-15));
#708 = SURFACE_CURVE('',#709,(#715,#724),.PCURVE_S1.);
#709 = B_SPLINE_CURVE_WITH_KNOTS('',4,(#710,#711,#712,#713,#714),
  .UNSPECIFIED.,.F.,.F.,(5,5),(0.,1.),.PIECEWISE_BEZIER_KNOTS.);
#710 = CARTESIAN_POINT('',(-12.6208985563,63.7909583763,0.));
#711 = CARTESIAN_POINT('',(-13.54237963173,63.580636334059,0.));
#712 = CARTESIAN_POINT('',(-14.46386070716,63.370314291819,0.));
#713 = CARTESIAN_POINT('',(-15.38534178259,63.159992249578,0.));
#714 = CARTESIAN_POINT('',(-16.30682285802,62.949670207337,0.));
#715 = PCURVE('',#33,#716);
#716 = DEFINITIONAL_REPRESENTATION('',(#717),#723);
#717 = B_SPLINE_CURVE_WITH_KNOTS('',4,(#718,#719,#720,#721,#722),
  .UNSPECIFIED.,.F.,.F.,(5,5),(0.,1.),.PIECEWISE_BEZIER_KNOTS.);
#718 = CARTESIAN_POINT('',(-12.6208985563,63.7909583763));
#719 = CARTESIAN_POINT('',(-13.54237963173,63.580636334059));
#720 = CARTESIAN_POINT('',(-14.46386070716,63.370314291819));
#721 = CARTESIAN_POINT('',(-15.38534178259,63.159992249578));
#722 = CARTESIAN_POINT('',(-16.30682285802,62.949670207337));
#723 = ( GEOMETRIC_REPRESENTATION_CONTEXT(2) 
PARAMETRIC_REPRESENTATION_CONTEXT() REPRESENTATION_CONTEXT('2D SPACE',''
  ) );
#724 = PCURVE('',#725,#756);
#725 = ( BOUNDED_SURFACE() B_SPLINE_SURFACE(1,3,(
    (#726,#727,#728,#729,#730,#731,#732,#733,#734,#735,#736,#737,#738
      ,#739,#740)
    ,(#741,#742,#743,#744,#745,#746,#747,#748,#749,#750,#751,#752,#753
      ,#754,#755
)),.UNSPECIFIED.,.F.,.F.,.F.) B_SPLINE_SURFACE_WITH_KNOTS((2,2),(4,1,1,1
    ,1,1,1,1,1,1,1,1,4),(1.,2.),(0.,8.333333333333E-02,0.166666666667,
    0.25,0.333333333333,0.416666666667,0.5,0.583333333333,0.666666666667
    ,0.75,0.833333333333,0.916666666667,1.),.UNSPECIFIED.) 
GEOMETRIC_REPRESENTATION_ITEM() RATIONAL_B_SPLINE_SURFACE((
    (1.,1.,1.,1.,1.,1.,1.,1.,1.,1.,1.,1.,1.,1.,1.)
    ,(1.,1.,1.,1.,1.,1.,1.,1.,1.,1.,1.,1.,1.,1.,1.
))) REPRESENTATION_ITEM('') SURFACE() );
#726 = CARTESIAN_POINT('',(-11.33252288364,67.837663595388,-5.));
#727 = CARTESIAN_POINT('',(-13.4111552019,66.011776351651,
    -3.055555555556));
#728 = CARTESIAN_POINT('',(-17.23589182229,62.170929528236,
    0.833333333333));
#729 = CARTESIAN_POINT('',(-21.93448983232,55.990224503629,
    6.666666666667));
#730 = CARTESIAN_POINT('',(-25.57325033926,49.539820595131,12.5));
#731 = CARTESIAN_POINT('',(-28.15036084098,42.968961510179,
    18.333333333333));
#732 = CARTESIAN_POINT('',(-29.6831490978,36.423988076244,
    24.166666666667));
#733 = CARTESIAN_POINT('',(-30.20742007066,30.0460112037,30.));
#734 = CARTESIAN_POINT('',(-29.77651058269,23.968691803669,
    35.833333333333));
#735 = CARTESIAN_POINT('',(-28.46003183823,18.316239675208,
    41.666666666667));
#736 = CARTESIAN_POINT('',(-26.34253541054,13.201493168615,47.5));
#737 = CARTESIAN_POINT('',(-23.52187221807,8.724214100637,
    53.333333333333));
#738 = CARTESIAN_POINT('',(-20.10737080155,4.9696185129,59.166666666667)
  );
#739 = CARTESIAN_POINT('',(-17.51436418016,2.994638624085,
    63.055555555555));
#740 = CARTESIAN_POINT('',(-16.15973316888,2.14795445576,65.));
#741 = CARTESIAN_POINT('',(-7.464223258991,68.371485636406,-5.));
#742 = CARTESIAN_POINT('',(-9.609394562708,66.670194367307,
    -3.055555555556));
#743 = CARTESIAN_POINT('',(-13.57795446775,63.066987211199,
    0.833333333333));
#744 = CARTESIAN_POINT('',(-18.51912395706,57.206251364948,
    6.666666666667));
#745 = CARTESIAN_POINT('',(-22.42189048827,51.038317433431,12.5));
#746 = CARTESIAN_POINT('',(-25.27916251469,44.71223311371,
    18.333333333333));
#747 = CARTESIAN_POINT('',(-27.10323870253,38.374924560401,
    24.166666666667));
#748 = CARTESIAN_POINT('',(-27.92527024571,32.168816918857,30.));
#749 = CARTESIAN_POINT('',(-27.79443661464,26.229537702667,
    35.833333333333));
#750 = CARTESIAN_POINT('',(-26.77679571467,20.683812758966,
    41.666666666667));
#751 = CARTESIAN_POINT('',(-24.95404888132,15.647421802796,47.5));
#752 = CARTESIAN_POINT('',(-22.4219756015,11.223337142552,
    53.333333333333));
#753 = CARTESIAN_POINT('',(-19.28865538937,7.500072110281,
    59.166666666667));
#754 = CARTESIAN_POINT('',(-16.87788033589,5.533523794557,
    63.055555555555));
#755 = CARTESIAN_POINT('',(-15.61311732099,4.688416785469,65.));
#756 = DEFINITIONAL_REPRESENTATION('',(#757),#763);
#757 = B_SPLINE_CURVE_WITH_KNOTS('',4,(#758,#759,#760,#761,#762),
  .UNSPECIFIED.,.F.,.F.,(5,5),(0.,1.),.PIECEWISE_BEZIER_KNOTS.);
#758 = CARTESIAN_POINT('',(2.,7.142857142857E-02));
#759 = CARTESIAN_POINT('',(1.75,7.142857142857E-02));
#760 = CARTESIAN_POINT('',(1.5,7.142857142857E-02));
#761 = CARTESIAN_POINT('',(1.25,7.142857142857E-02));
#762 = CARTESIAN_POINT('',(1.,7.142857142857E-02));
#763 = ( GEOMETRIC_REPRESENTATION_CONTEXT(2) 
PARAMETRIC_REPRESENTATION_CONTEXT() REPRESENTATION_CONTEXT('2D SPACE',''
  ) );
#764 = ORIENTED_EDGE('',*,*,#765,.T.);
#765 = EDGE_CURVE('',#706,#766,#768,.T.);
#766 = VERTEX_POINT('',#767);
#767 = CARTESIAN_POINT('',(-16.30029834841,62.922970954594,0.));
#768 = SURFACE_CURVE('',#769,(#775,#784),.PCURVE_S1.);
#769 = B_SPLINE_CURVE_WITH_KNOTS('',4,(#770,#771,#772,#773,#774),
  .UNSPECIFIED.,.F.,.F.,(5,5),(0.,1.),.PIECEWISE_BEZIER_KNOTS.);
#770 = CARTESIAN_POINT('',(-16.30682285802,62.949670207337,0.));
#771 = CARTESIAN_POINT('',(-15.29781762015,58.820672399596,0.));
#772 = CARTESIAN_POINT('',(-14.28881238229,54.691674591855,0.));
#773 = CARTESIAN_POINT('',(-13.27980714443,50.562676784114,0.));
#774 = CARTESIAN_POINT('',(-12.27080190657,46.433678976373,0.));
#775 = PCURVE('',#33,#776);
#776 = DEFINITIONAL_REPRESENTATION('',(#777),#783);
#777 = B_SPLINE_CURVE_WITH_KNOTS('',4,(#778,#779,#780,#781,#782),
  .UNSPECIFIED.,.F.,.F.,(5,5),(0.,1.),.PIECEWISE_BEZIER_KNOTS.);
#778 = CARTESIAN_POINT('',(-16.30682285802,62.949670207337));
#779 = CARTESIAN_POINT('',(-15.29781762015,58.820672399596));
#780 = CARTESIAN_POINT('',(-14.28881238229,54.691674591855));
#781 = CARTESIAN_POINT('',(-13.27980714443,50.562676784114));
#782 = CARTESIAN_POINT('',(-12.27080190657,46.433678976373));
#783 = ( GEOMETRIC_REPRESENTATION_CONTEXT(2) 
PARAMETRIC_REPRESENTATION_CONTEXT() REPRESENTATION_CONTEXT('2D SPACE',''
  ) );
#784 = PCURVE('',#785,#816);
#785 = ( BOUNDED_SURFACE() B_SPLINE_SURFACE(1,3,(
    (#786,#787,#788,#789,#790,#791,#792,#793,#794,#795,#796,#797,#798
      ,#799,#800)
    ,(#801,#802,#803,#804,#805,#806,#807,#808,#809,#810,#811,#812,#813
      ,#814,#815
)),.UNSPECIFIED.,.F.,.F.,.F.) B_SPLINE_SURFACE_WITH_KNOTS((2,2),(4,1,1,1
    ,1,1,1,1,1,1,1,1,4),(0.,1.),(0.,8.333333333333E-02,0.166666666667,
    0.25,0.333333333333,0.416666666667,0.5,0.583333333333,0.666666666667
    ,0.75,0.833333333333,0.916666666667,1.),.UNSPECIFIED.) 
GEOMETRIC_REPRESENTATION_ITEM() RATIONAL_B_SPLINE_SURFACE((
    (1.,1.,1.,1.,1.,1.,1.,1.,1.,1.,1.,1.,1.,1.,1.)
    ,(1.,1.,1.,1.,1.,1.,1.,1.,1.,1.,1.,1.,1.,1.,1.
))) REPRESENTATION_ITEM('') SURFACE() );
#786 = CARTESIAN_POINT('',(-8.617049413757,50.210057216489,-5.));
#787 = CARTESIAN_POINT('',(-10.14968468214,48.796261262566,
    -3.055555555556));
#788 = CARTESIAN_POINT('',(-12.95704997098,45.829904108189,
    0.833333333333));
#789 = CARTESIAN_POINT('',(-16.36496499481,41.078615920056,
    6.666666666667));
#790 = CARTESIAN_POINT('',(-18.95549921027,36.141412824909,12.5));
#791 = CARTESIAN_POINT('',(-20.72949507049,31.133538331659,
    18.333333333333));
#792 = CARTESIAN_POINT('',(-21.70257344228,26.167783666267,
    24.166666666667));
#793 = CARTESIAN_POINT('',(-21.90460362483,21.352696384385,30.));
#794 = CARTESIAN_POINT('',(-21.37895818941,16.790872891271,
    35.833333333333));
#795 = CARTESIAN_POINT('',(-20.18153023339,12.577420773333,
    41.666666666667));
#796 = CARTESIAN_POINT('',(-18.37969388332,8.798480142801,47.5));
#797 = CARTESIAN_POINT('',(-16.05102979724,5.529908853107,
    53.333333333333));
#798 = CARTESIAN_POINT('',(-13.28191144405,2.836144865226,
    59.166666666667));
#799 = CARTESIAN_POINT('',(-11.20461671764,1.45821441811,63.055555555555
    ));
#800 = CARTESIAN_POINT('',(-10.12470863273,0.880215465138,65.));
#801 = CARTESIAN_POINT('',(-11.33252288364,67.837663595388,-5.));
#802 = CARTESIAN_POINT('',(-13.4111552019,66.011776351651,
    -3.055555555556));
#803 = CARTESIAN_POINT('',(-17.23589182229,62.170929528236,
    0.833333333333));
#804 = CARTESIAN_POINT('',(-21.93448983232,55.990224503629,
    6.666666666667));
#805 = CARTESIAN_POINT('',(-25.57325033926,49.539820595131,12.5));
#806 = CARTESIAN_POINT('',(-28.15036084098,42.968961510179,
    18.333333333333));
#807 = CARTESIAN_POINT('',(-29.6831490978,36.423988076244,
    24.166666666667));
#808 = CARTESIAN_POINT('',(-30.20742007066,30.0460112037,30.));
#809 = CARTESIAN_POINT('',(-29.77651058269,23.968691803669,
    35.833333333333));
#810 = CARTESIAN_POINT('',(-28.46003183823,18.316239675208,
    41.666666666667));
#811 = CARTESIAN_POINT('',(-26.34253541054,13.201493168615,47.5));
#812 = CARTESIAN_POINT('',(-23.52187221807,8.724214100637,
    53.333333333333));
#813 = CARTESIAN_POINT('',(-20.10737080155,4.9696185129,59.166666666667)
  );
#814 = CARTESIAN_POINT('',(-17.51436418016,2.994638624085,
    63.055555555555));
#815 = CARTESIAN_POINT('',(-16.15973316888,2.14795445576,65.));
#816 = DEFINITIONAL_REPRESENTATION('',(#817),#823);
#817 = B_SPLINE_CURVE_WITH_KNOTS('',4,(#818,#819,#820,#821,#822),
  .UNSPECIFIED.,.F.,.F.,(5,5),(0.,1.),.PIECEWISE_BEZIER_KNOTS.);
#818 = CARTESIAN_POINT('',(1.,7.142857142857E-02));
#819 = CARTESIAN_POINT('',(0.75,7.142857142857E-02));
#820 = CARTESIAN_POINT('',(0.5,7.142857142857E-02));
#821 = CARTESIAN_POINT('',(0.25,7.142857142857E-02));
#822 = CARTESIAN_POINT('',(0.,7.142857142857E-02));
#823 = ( GEOMETRIC_REPRESENTATION_CONTEXT(2) 
PARAMETRIC_REPRESENTATION_CONTEXT() REPRESENTATION_CONTEXT('2D SPACE',''
  ) );
#824 = ORIENTED_EDGE('',*,*,#825,.T.);
#825 = EDGE_CURVE('',#766,#826,#828,.T.);
#826 = VERTEX_POINT('',#827);
#827 = CARTESIAN_POINT('',(-57.71820308878,29.893294100881,0.));
#828 = SURFACE_CURVE('',#829,(#834,#841),.PCURVE_S1.);
#829 = CIRCLE('',#830,65.);
#830 = AXIS2_PLACEMENT_3D('',#831,#832,#833);
#831 = CARTESIAN_POINT('',(0.,0.,0.));
#832 = DIRECTION('',(0.,0.,1.));
#833 = DIRECTION('',(1.,0.,0.));
#834 = PCURVE('',#33,#835);
#835 = DEFINITIONAL_REPRESENTATION('',(#836),#840);
#836 = CIRCLE('',#837,65.);
#837 = AXIS2_PLACEMENT_2D('',#838,#839);
#838 = CARTESIAN_POINT('',(0.,0.));
#839 = DIRECTION('',(1.,0.));
#840 = ( GEOMETRIC_REPRESENTATION_CONTEXT(2) 
PARAMETRIC_REPRESENTATION_CONTEXT() REPRESENTATION_CONTEXT('2D SPACE',''
  ) );
#841 = PCURVE('',#45,#842);
#842 = DEFINITIONAL_REPRESENTATION('',(#843),#847);
#843 = LINE('',#844,#845);
#844 = CARTESIAN_POINT('',(-0.,0.));
#845 = VECTOR('',#846,1.);
#846 = DIRECTION('',(-1.,0.));
#847 = ( GEOMETRIC_REPRESENTATION_CONTEXT(2) 
PARAMETRIC_REPRESENTATION_CONTEXT() REPRESENTATION_CONTEXT('2D SPACE',''
  ) );
#848 = ORIENTED_EDGE('',*,*,#849,.T.);
#849 = EDGE_CURVE('',#826,#850,#852,.T.);
#850 = VERTEX_POINT('',#851);
#851 = CARTESIAN_POINT('',(-57.74278109554,29.905596170067,
    1.389100474858E-15));
#852 = SURFACE_CURVE('',#853,(#859,#868),.PCURVE_S1.);
#853 = B_SPLINE_CURVE_WITH_KNOTS('',4,(#854,#855,#856,#857,#858),
  .UNSPECIFIED.,.F.,.F.,(5,5),(0.,1.),.PIECEWISE_BEZIER_KNOTS.);
#854 = CARTESIAN_POINT('',(-42.53897939871,22.295612896423,0.));
#855 = CARTESIAN_POINT('',(-46.33992982292,24.198108714834,0.));
#856 = CARTESIAN_POINT('',(-50.14088024712,26.100604533245,0.));
#857 = CARTESIAN_POINT('',(-53.94183067133,28.003100351656,0.));
#858 = CARTESIAN_POINT('',(-57.74278109554,29.905596170067,0.));
#859 = PCURVE('',#33,#860);
#860 = DEFINITIONAL_REPRESENTATION('',(#861),#867);
#861 = B_SPLINE_CURVE_WITH_KNOTS('',4,(#862,#863,#864,#865,#866),
  .UNSPECIFIED.,.F.,.F.,(5,5),(0.,1.),.PIECEWISE_BEZIER_KNOTS.);
#862 = CARTESIAN_POINT('',(-42.53897939871,22.295612896423));
#863 = CARTESIAN_POINT('',(-46.33992982292,24.198108714834));
#864 = CARTESIAN_POINT('',(-50.14088024712,26.100604533245));
#865 = CARTESIAN_POINT('',(-53.94183067133,28.003100351656));
#866 = CARTESIAN_POINT('',(-57.74278109554,29.905596170067));
#867 = ( GEOMETRIC_REPRESENTATION_CONTEXT(2) 
PARAMETRIC_REPRESENTATION_CONTEXT() REPRESENTATION_CONTEXT('2D SPACE',''
  ) );
#868 = PCURVE('',#869,#900);
#869 = ( BOUNDED_SURFACE() B_SPLINE_SURFACE(1,3,(
    (#870,#871,#872,#873,#874,#875,#876,#877,#878,#879,#880,#881,#882
      ,#883,#884)
    ,(#885,#886,#887,#888,#889,#890,#891,#892,#893,#894,#895,#896,#897
      ,#898,#899
)),.UNSPECIFIED.,.F.,.F.,.F.) B_SPLINE_SURFACE_WITH_KNOTS((2,2),(4,1,1,1
    ,1,1,1,1,1,1,1,1,4),(2.,3.),(0.,8.333333333333E-02,0.166666666667,
    0.25,0.333333333333,0.416666666667,0.5,0.583333333333,0.666666666667
    ,0.75,0.833333333333,0.916666666667,1.),.UNSPECIFIED.) 
GEOMETRIC_REPRESENTATION_ITEM() RATIONAL_B_SPLINE_SURFACE((
    (1.,1.,1.,1.,1.,1.,1.,1.,1.,1.,1.,1.,1.,1.,1.)
    ,(1.,1.,1.,1.,1.,1.,1.,1.,1.,1.,1.,1.,1.,1.,1.
))) REPRESENTATION_ITEM('') SURFACE() );
#870 = CARTESIAN_POINT('',(-58.10884705443,36.793159296181,-5.));
#871 = CARTESIAN_POINT('',(-58.1162164105,34.055259079373,
    -3.055555555556));
#872 = CARTESIAN_POINT('',(-57.77347224687,28.705951089726,
    0.833333333333));
#873 = CARTESIAN_POINT('',(-56.27213323768,21.18868019125,6.666666666667
    ));
#874 = CARTESIAN_POINT('',(-53.88318343948,14.291730543592,12.5));
#875 = CARTESIAN_POINT('',(-50.71873152718,8.113576260317,
    18.333333333333));
#876 = CARTESIAN_POINT('',(-46.90131708703,2.736208816021,
    24.166666666667));
#877 = CARTESIAN_POINT('',(-42.56171503326,-1.775926147757,30.));
#878 = CARTESIAN_POINT('',(-37.83662612416,-5.376716317711,
    35.833333333333));
#879 = CARTESIAN_POINT('',(-32.86631504699,-8.03879557058,
    41.666666666667));
#880 = CARTESIAN_POINT('',(-27.79224197747,-9.753853111037,47.5));
#881 = CARTESIAN_POINT('',(-22.75463144146,-10.53257017318,
    53.333333333333));
#882 = CARTESIAN_POINT('',(-17.89007242343,-10.40425956392,
    59.166666666667));
#883 = CARTESIAN_POINT('',(-14.84946937799,-9.745562549684,
    63.055555555555));
#884 = CARTESIAN_POINT('',(-13.40017127067,-9.283646608419,65.));
#885 = CARTESIAN_POINT('',(-42.92021148812,27.443739397116,-5.));
#886 = CARTESIAN_POINT('',(-42.88481613312,25.393697963834,
    -3.055555555556));
#887 = CARTESIAN_POINT('',(-42.54424253003,21.39642505947,0.833333333333
    ));
#888 = CARTESIAN_POINT('',(-41.29164539139,15.805250831345,
    6.666666666667));
#889 = CARTESIAN_POINT('',(-39.37583355858,10.704406826205,12.5));
#890 = CARTESIAN_POINT('',(-36.88475075294,6.167581523553,
    18.333333333333));
#891 = CARTESIAN_POINT('',(-33.91413822842,2.255554428806,
    24.166666666667));
#892 = CARTESIAN_POINT('',(-30.56581148476,-0.984598396852,30.));
#893 = CARTESIAN_POINT('',(-26.94585086786,-3.520080468493,
    35.833333333333));
#894 = CARTESIAN_POINT('',(-23.16275672061,-5.332656150122,
    41.666666666667));
#895 = CARTESIAN_POINT('',(-19.32560113578,-6.418846739483,47.5));
#896 = CARTESIAN_POINT('',(-15.54213957647,-6.789832045593,
    53.333333333333));
#897 = CARTESIAN_POINT('',(-11.91695644773,-6.471117680342,
    59.166666666667));
#898 = CARTESIAN_POINT('',(-9.67209281722,-5.825022421122,
    63.055555555555));
#899 = CARTESIAN_POINT('',(-8.608129108735,-5.402278908955,65.));
#900 = DEFINITIONAL_REPRESENTATION('',(#901),#907);
#901 = B_SPLINE_CURVE_WITH_KNOTS('',4,(#902,#903,#904,#905,#906),
  .UNSPECIFIED.,.F.,.F.,(5,5),(0.,1.),.PIECEWISE_BEZIER_KNOTS.);
#902 = CARTESIAN_POINT('',(3.,7.142857142857E-02));
#903 = CARTESIAN_POINT('',(2.75,7.142857142857E-02));
#904 = CARTESIAN_POINT('',(2.5,7.142857142857E-02));
#905 = CARTESIAN_POINT('',(2.25,7.142857142857E-02));
#906 = CARTESIAN_POINT('',(2.,7.142857142857E-02));
#907 = ( GEOMETRIC_REPRESENTATION_CONTEXT(2) 
PARAMETRIC_REPRESENTATION_CONTEXT() REPRESENTATION_CONTEXT('2D SPACE',''
  ) );
#908 = ORIENTED_EDGE('',*,*,#909,.T.);
#909 = EDGE_CURVE('',#850,#910,#912,.T.);
#910 = VERTEX_POINT('',#911);
#911 = CARTESIAN_POINT('',(-58.56297582983,28.202444254957,0.));
#912 = SURFACE_CURVE('',#913,(#919,#928),.PCURVE_S1.);
#913 = B_SPLINE_CURVE_WITH_KNOTS('',4,(#914,#915,#916,#917,#918),
  .UNSPECIFIED.,.F.,.F.,(5,5),(0.,1.),.PIECEWISE_BEZIER_KNOTS.);
#914 = CARTESIAN_POINT('',(-57.74278109554,29.905596170067,0.));
#915 = CARTESIAN_POINT('',(-58.1528787546,29.054019606354,0.));
#916 = CARTESIAN_POINT('',(-58.56297641365,28.202443042641,0.));
#917 = CARTESIAN_POINT('',(-58.97307407271,27.350866478928,0.));
#918 = CARTESIAN_POINT('',(-59.38317173176,26.499289915216,0.));
#919 = PCURVE('',#33,#920);
#920 = DEFINITIONAL_REPRESENTATION('',(#921),#927);
#921 = B_SPLINE_CURVE_WITH_KNOTS('',4,(#922,#923,#924,#925,#926),
  .UNSPECIFIED.,.F.,.F.,(5,5),(0.,1.),.PIECEWISE_BEZIER_KNOTS.);
#922 = CARTESIAN_POINT('',(-57.74278109554,29.905596170067));
#923 = CARTESIAN_POINT('',(-58.1528787546,29.054019606354));
#924 = CARTESIAN_POINT('',(-58.56297641365,28.202443042641));
#925 = CARTESIAN_POINT('',(-58.97307407271,27.350866478928));
#926 = CARTESIAN_POINT('',(-59.38317173176,26.499289915216));
#927 = ( GEOMETRIC_REPRESENTATION_CONTEXT(2) 
PARAMETRIC_REPRESENTATION_CONTEXT() REPRESENTATION_CONTEXT('2D SPACE',''
  ) );
#928 = PCURVE('',#929,#960);
#929 = ( BOUNDED_SURFACE() B_SPLINE_SURFACE(1,3,(
    (#930,#931,#932,#933,#934,#935,#936,#937,#938,#939,#940,#941,#942
      ,#943,#944)
    ,(#945,#946,#947,#948,#949,#950,#951,#952,#953,#954,#955,#956,#957
      ,#958,#959
)),.UNSPECIFIED.,.F.,.F.,.F.) B_SPLINE_SURFACE_WITH_KNOTS((2,2),(4,1,1,1
    ,1,1,1,1,1,1,1,1,4),(1.,2.),(0.,8.333333333333E-02,0.166666666667,
    0.25,0.333333333333,0.416666666667,0.5,0.583333333333,0.666666666667
    ,0.75,0.833333333333,0.916666666667,1.),.UNSPECIFIED.) 
GEOMETRIC_REPRESENTATION_ITEM() RATIONAL_B_SPLINE_SURFACE((
    (1.,1.,1.,1.,1.,1.,1.,1.,1.,1.,1.,1.,1.,1.,1.)
    ,(1.,1.,1.,1.,1.,1.,1.,1.,1.,1.,1.,1.,1.,1.,1.
))) REPRESENTATION_ITEM('') SURFACE() );
#930 = CARTESIAN_POINT('',(-60.10333354323,33.435968267426,-5.));
#931 = CARTESIAN_POINT('',(-59.97180346489,30.672406004719,
    -3.055555555556));
#932 = CARTESIAN_POINT('',(-59.35359277661,25.287377677848,
    0.833333333333));
#933 = CARTESIAN_POINT('',(-57.45085094681,17.760259279008,
    6.666666666667));
#934 = CARTESIAN_POINT('',(-54.676452164,10.893600702703,12.5));
#935 = CARTESIAN_POINT('',(-51.14594978061,4.781870949743,
    18.333333333333));
#936 = CARTESIAN_POINT('',(-46.98456134457,-0.497235354891,
    24.166666666667));
#937 = CARTESIAN_POINT('',(-42.32493583616,-4.88373044334,30.));
#938 = CARTESIAN_POINT('',(-37.30482852892,-8.335978508107,
    35.833333333333));
#939 = CARTESIAN_POINT('',(-32.06475243022,-10.83096023728,
    41.666666666667));
#940 = CARTESIAN_POINT('',(-26.74564515838,-12.36442715205,47.5));
#941 = CARTESIAN_POINT('',(-21.48651269226,-12.9506817057,
    53.333333333333));
#942 = CARTESIAN_POINT('',(-16.4221448462,-12.62206906039,
    59.166666666667));
#943 = CARTESIAN_POINT('',(-13.26133020729,-11.82615466909,
    63.055555555555));
#944 = CARTESIAN_POINT('',(-11.75476724797,-11.29496044169,65.));
#945 = CARTESIAN_POINT('',(-58.10884705443,36.793159296181,-5.));
#946 = CARTESIAN_POINT('',(-58.1162164105,34.055259079373,
    -3.055555555556));
#947 = CARTESIAN_POINT('',(-57.77347224687,28.705951089726,
    0.833333333333));
#948 = CARTESIAN_POINT('',(-56.27213323768,21.18868019125,6.666666666667
    ));
#949 = CARTESIAN_POINT('',(-53.88318343948,14.291730543592,12.5));
#950 = CARTESIAN_POINT('',(-50.71873152718,8.113576260317,
    18.333333333333));
#951 = CARTESIAN_POINT('',(-46.90131708703,2.736208816021,
    24.166666666667));
#952 = CARTESIAN_POINT('',(-42.56171503326,-1.775926147757,30.));
#953 = CARTESIAN_POINT('',(-37.83662612416,-5.376716317711,
    35.833333333333));
#954 = CARTESIAN_POINT('',(-32.86631504699,-8.03879557058,
    41.666666666667));
#955 = CARTESIAN_POINT('',(-27.79224197747,-9.753853111037,47.5));
#956 = CARTESIAN_POINT('',(-22.75463144146,-10.53257017318,
    53.333333333333));
#957 = CARTESIAN_POINT('',(-17.89007242343,-10.40425956392,
    59.166666666667));
#958 = CARTESIAN_POINT('',(-14.84946937799,-9.745562549684,
    63.055555555555));
#959 = CARTESIAN_POINT('',(-13.40017127067,-9.283646608419,65.));
#960 = DEFINITIONAL_REPRESENTATION('',(#961),#967);
#961 = B_SPLINE_CURVE_WITH_KNOTS('',4,(#962,#963,#964,#965,#966),
  .UNSPECIFIED.,.F.,.F.,(5,5),(0.,1.),.PIECEWISE_BEZIER_KNOTS.);
#962 = CARTESIAN_POINT('',(2.,7.142857142857E-02));
#963 = CARTESIAN_POINT('',(1.75,7.142857142857E-02));
#964 = CARTESIAN_POINT('',(1.5,7.142857142857E-02));
#965 = CARTESIAN_POINT('',(1.25,7.142857142857E-02));
#966 = CARTESIAN_POINT('',(1.,7.142857142857E-02));
#967 = ( GEOMETRIC_REPRESENTATION_CONTEXT(2) 
PARAMETRIC_REPRESENTATION_CONTEXT() REPRESENTATION_CONTEXT('2D SPACE',''
  ) );
#968 = ORIENTED_EDGE('',*,*,#969,.T.);
#969 = EDGE_CURVE('',#910,#970,#972,.T.);
#970 = VERTEX_POINT('',#971);
#971 = CARTESIAN_POINT('',(-59.38317173176,26.499289915216,
    1.389100474858E-15));
#972 = SURFACE_CURVE('',#973,(#979,#988),.PCURVE_S1.);
#973 = B_SPLINE_CURVE_WITH_KNOTS('',4,(#974,#975,#976,#977,#978),
  .UNSPECIFIED.,.F.,.F.,(5,5),(0.,1.),.PIECEWISE_BEZIER_KNOTS.);
#974 = CARTESIAN_POINT('',(-57.74278109554,29.905596170067,0.));
#975 = CARTESIAN_POINT('',(-58.1528787546,29.054019606354,0.));
#976 = CARTESIAN_POINT('',(-58.56297641365,28.202443042641,0.));
#977 = CARTESIAN_POINT('',(-58.97307407271,27.350866478928,0.));
#978 = CARTESIAN_POINT('',(-59.38317173176,26.499289915216,0.));
#979 = PCURVE('',#33,#980);
#980 = DEFINITIONAL_REPRESENTATION('',(#981),#987);
#981 = B_SPLINE_CURVE_WITH_KNOTS('',4,(#982,#983,#984,#985,#986),
  .UNSPECIFIED.,.F.,.F.,(5,5),(0.,1.),.PIECEWISE_BEZIER_KNOTS.);
#982 = CARTESIAN_POINT('',(-57.74278109554,29.905596170067));
#983 = CARTESIAN_POINT('',(-58.1528787546,29.054019606354));
#984 = CARTESIAN_POINT('',(-58.56297641365,28.202443042641));
#985 = CARTESIAN_POINT('',(-58.97307407271,27.350866478928));
#986 = CARTESIAN_POINT('',(-59.38317173176,26.499289915216));
#987 = ( GEOMETRIC_REPRESENTATION_CONTEXT(2) 
PARAMETRIC_REPRESENTATION_CONTEXT() REPRESENTATION_CONTEXT('2D SPACE',''
  ) );
#988 = PCURVE('',#989,#1020);
#989 = ( BOUNDED_SURFACE() B_SPLINE_SURFACE(1,3,(
    (#990,#991,#992,#993,#994,#995,#996,#997,#998,#999,#1000,#1001,#1002
      ,#1003,#1004)
    ,(#1005,#1006,#1007,#1008,#1009,#1010,#1011,#1012,#1013,#1014,#1015
      ,#1016,#1017,#1018,#1019
)),.UNSPECIFIED.,.F.,.F.,.F.) B_SPLINE_SURFACE_WITH_KNOTS((2,2),(4,1,1,1
    ,1,1,1,1,1,1,1,1,4),(1.,2.),(0.,8.333333333333E-02,0.166666666667,
    0.25,0.333333333333,0.416666666667,0.5,0.583333333333,0.666666666667
    ,0.75,0.833333333333,0.916666666667,1.),.UNSPECIFIED.) 
GEOMETRIC_REPRESENTATION_ITEM() RATIONAL_B_SPLINE_SURFACE((
    (1.,1.,1.,1.,1.,1.,1.,1.,1.,1.,1.,1.,1.,1.,1.)
    ,(1.,1.,1.,1.,1.,1.,1.,1.,1.,1.,1.,1.,1.,1.,1.
))) REPRESENTATION_ITEM('') SURFACE() );
#990 = CARTESIAN_POINT('',(-60.10333354323,33.435968267426,-5.));
#991 = CARTESIAN_POINT('',(-59.97180346489,30.672406004719,
    -3.055555555556));
#992 = CARTESIAN_POINT('',(-59.35359277661,25.287377677848,
    0.833333333333));
#993 = CARTESIAN_POINT('',(-57.45085094681,17.760259279008,
    6.666666666667));
#994 = CARTESIAN_POINT('',(-54.676452164,10.893600702703,12.5));
#995 = CARTESIAN_POINT('',(-51.14594978061,4.781870949743,
    18.333333333333));
#996 = CARTESIAN_POINT('',(-46.98456134457,-0.497235354891,
    24.166666666667));
#997 = CARTESIAN_POINT('',(-42.32493583616,-4.88373044334,30.));
#998 = CARTESIAN_POINT('',(-37.30482852892,-8.335978508107,
    35.833333333333));
#999 = CARTESIAN_POINT('',(-32.06475243022,-10.83096023728,
    41.666666666667));
#1000 = CARTESIAN_POINT('',(-26.74564515838,-12.36442715205,47.5));
#1001 = CARTESIAN_POINT('',(-21.48651269226,-12.9506817057,
    53.333333333333));
#1002 = CARTESIAN_POINT('',(-16.4221448462,-12.62206906039,
    59.166666666667));
#1003 = CARTESIAN_POINT('',(-13.26133020729,-11.82615466909,
    63.055555555555));
#1004 = CARTESIAN_POINT('',(-11.75476724797,-11.29496044169,65.));
#1005 = CARTESIAN_POINT('',(-58.10884705443,36.793159296181,-5.));
#1006 = CARTESIAN_POINT('',(-58.1162164105,34.055259079373,
    -3.055555555556));
#1007 = CARTESIAN_POINT('',(-57.77347224687,28.705951089726,
    0.833333333333));
#1008 = CARTESIAN_POINT('',(-56.27213323768,21.18868019125,
    6.666666666667));
#1009 = CARTESIAN_POINT('',(-53.88318343948,14.291730543592,12.5));
#1010 = CARTESIAN_POINT('',(-50.71873152718,8.113576260317,
    18.333333333333));
#1011 = CARTESIAN_POINT('',(-46.90131708703,2.736208816021,
    24.166666666667));
#1012 = CARTESIAN_POINT('',(-42.56171503326,-1.775926147757,30.));
#1013 = CARTESIAN_POINT('',(-37.83662612416,-5.376716317711,
    35.833333333333));
#1014 = CARTESIAN_POINT('',(-32.86631504699,-8.03879557058,
    41.666666666667));
#1015 = CARTESIAN_POINT('',(-27.79224197747,-9.753853111037,47.5));
#1016 = CARTESIAN_POINT('',(-22.75463144146,-10.53257017318,
    53.333333333333));
#1017 = CARTESIAN_POINT('',(-17.89007242343,-10.40425956392,
    59.166666666667));
#1018 = CARTESIAN_POINT('',(-14.84946937799,-9.745562549684,
    63.055555555555));
#1019 = CARTESIAN_POINT('',(-13.40017127067,-9.283646608419,65.));
#1020 = DEFINITIONAL_REPRESENTATION('',(#1021),#1027);
#1021 = B_SPLINE_CURVE_WITH_KNOTS('',4,(#1022,#1023,#1024,#1025,#1026),
  .UNSPECIFIED.,.F.,.F.,(5,5),(0.,1.),.PIECEWISE_BEZIER_KNOTS.);
#1022 = CARTESIAN_POINT('',(2.,7.142857142857E-02));
#1023 = CARTESIAN_POINT('',(1.75,7.142857142857E-02));
#1024 = CARTESIAN_POINT('',(1.5,7.142857142857E-02));
#1025 = CARTESIAN_POINT('',(1.25,7.142857142857E-02));
#1026 = CARTESIAN_POINT('',(1.,7.142857142857E-02));
#1027 = ( GEOMETRIC_REPRESENTATION_CONTEXT(2) 
PARAMETRIC_REPRESENTATION_CONTEXT() REPRESENTATION_CONTEXT('2D SPACE',''
  ) );
#1028 = ORIENTED_EDGE('',*,*,#1029,.T.);
#1029 = EDGE_CURVE('',#970,#1030,#1032,.T.);
#1030 = VERTEX_POINT('',#1031);
#1031 = CARTESIAN_POINT('',(-59.35822945021,26.487744270432,0.));
#1032 = SURFACE_CURVE('',#1033,(#1039,#1048),.PCURVE_S1.);
#1033 = B_SPLINE_CURVE_WITH_KNOTS('',4,(#1034,#1035,#1036,#1037,#1038),
  .UNSPECIFIED.,.F.,.F.,(5,5),(0.,1.),.PIECEWISE_BEZIER_KNOTS.);
#1034 = CARTESIAN_POINT('',(-59.38317173176,26.499289915216,0.));
#1035 = CARTESIAN_POINT('',(-55.5258867788,24.713773951127,0.));
#1036 = CARTESIAN_POINT('',(-51.66860182584,22.928257987039,0.));
#1037 = CARTESIAN_POINT('',(-47.81131687288,21.142742022951,0.));
#1038 = CARTESIAN_POINT('',(-43.95403191992,19.357226058862,0.));
#1039 = PCURVE('',#33,#1040);
#1040 = DEFINITIONAL_REPRESENTATION('',(#1041),#1047);
#1041 = B_SPLINE_CURVE_WITH_KNOTS('',4,(#1042,#1043,#1044,#1045,#1046),
  .UNSPECIFIED.,.F.,.F.,(5,5),(0.,1.),.PIECEWISE_BEZIER_KNOTS.);
#1042 = CARTESIAN_POINT('',(-59.38317173176,26.499289915216));
#1043 = CARTESIAN_POINT('',(-55.5258867788,24.713773951127));
#1044 = CARTESIAN_POINT('',(-51.66860182584,22.928257987039));
#1045 = CARTESIAN_POINT('',(-47.81131687288,21.142742022951));
#1046 = CARTESIAN_POINT('',(-43.95403191992,19.357226058862));
#1047 = ( GEOMETRIC_REPRESENTATION_CONTEXT(2) 
PARAMETRIC_REPRESENTATION_CONTEXT() REPRESENTATION_CONTEXT('2D SPACE',''
  ) );
#1048 = PCURVE('',#1049,#1080);
#1049 = ( BOUNDED_SURFACE() B_SPLINE_SURFACE(1,3,(
    (#1050,#1051,#1052,#1053,#1054,#1055,#1056,#1057,#1058,#1059,#1060
      ,#1061,#1062,#1063,#1064)
    ,(#1065,#1066,#1067,#1068,#1069,#1070,#1071,#1072,#1073,#1074,#1075
      ,#1076,#1077,#1078,#1079
)),.UNSPECIFIED.,.F.,.F.,.F.) B_SPLINE_SURFACE_WITH_KNOTS((2,2),(4,1,1,1
    ,1,1,1,1,1,1,1,1,4),(0.,1.),(0.,8.333333333333E-02,0.166666666667,
    0.25,0.333333333333,0.416666666667,0.5,0.583333333333,0.666666666667
    ,0.75,0.833333333333,0.916666666667,1.),.UNSPECIFIED.) 
GEOMETRIC_REPRESENTATION_ITEM() RATIONAL_B_SPLINE_SURFACE((
    (1.,1.,1.,1.,1.,1.,1.,1.,1.,1.,1.,1.,1.,1.,1.)
    ,(1.,1.,1.,1.,1.,1.,1.,1.,1.,1.,1.,1.,1.,1.,1.
))) REPRESENTATION_ITEM('') SURFACE() );
#1050 = CARTESIAN_POINT('',(-44.62844589996,24.568378107567,-5.));
#1051 = CARTESIAN_POINT('',(-44.4786781732,22.488628244422,
    -3.055555555556));
#1052 = CARTESIAN_POINT('',(-43.90985038935,18.44424824439,
    0.833333333333));
#1053 = CARTESIAN_POINT('',(-42.31994396455,12.817453258191,
    6.666666666667));
#1054 = CARTESIAN_POINT('',(-40.07505481413,7.713796272608,12.5));
#1055 = CARTESIAN_POINT('',(-37.26580920244,3.204471783793,
    18.333333333333));
#1056 = CARTESIAN_POINT('',(-33.99013031205,-0.652408914588,
    24.166666666667));
#1057 = CARTESIAN_POINT('',(-30.35150724273,-3.812520287028,30.));
#1058 = CARTESIAN_POINT('',(-26.45719544997,-6.245804562838,
    35.833333333333));
#1059 = CARTESIAN_POINT('',(-22.41640181526,-7.936662114987,
    41.666666666667));
#1060 = CARTESIAN_POINT('',(-18.33848047105,-8.884060675216,47.5));
#1061 = CARTESIAN_POINT('',(-14.33111022445,-9.101358646398,
    53.333333333333));
#1062 = CARTESIAN_POINT('',(-10.49852367903,-8.615909114253,
    59.166666666667));
#1063 = CARTESIAN_POINT('',(-8.126042197453,-7.850940280224,
    63.055555555555));
#1064 = CARTESIAN_POINT('',(-7.0008327413,-7.367010593934,65.));
#1065 = CARTESIAN_POINT('',(-60.10333354323,33.435968267426,-5.));
#1066 = CARTESIAN_POINT('',(-59.97180346489,30.672406004719,
    -3.055555555556));
#1067 = CARTESIAN_POINT('',(-59.35359277661,25.287377677848,
    0.833333333333));
#1068 = CARTESIAN_POINT('',(-57.45085094681,17.760259279008,
    6.666666666667));
#1069 = CARTESIAN_POINT('',(-54.676452164,10.893600702703,12.5));
#1070 = CARTESIAN_POINT('',(-51.14594978061,4.781870949743,
    18.333333333333));
#1071 = CARTESIAN_POINT('',(-46.98456134457,-0.497235354891,
    24.166666666667));
#1072 = CARTESIAN_POINT('',(-42.32493583616,-4.88373044334,30.));
#1073 = CARTESIAN_POINT('',(-37.30482852892,-8.335978508107,
    35.833333333333));
#1074 = CARTESIAN_POINT('',(-32.06475243022,-10.83096023728,
    41.666666666667));
#1075 = CARTESIAN_POINT('',(-26.74564515838,-12.36442715205,47.5));
#1076 = CARTESIAN_POINT('',(-21.48651269226,-12.9506817057,
    53.333333333333));
#1077 = CARTESIAN_POINT('',(-16.4221448462,-12.62206906039,
    59.166666666667));
#1078 = CARTESIAN_POINT('',(-13.26133020729,-11.82615466909,
    63.055555555555));
#1079 = CARTESIAN_POINT('',(-11.75476724797,-11.29496044169,65.));
#1080 = DEFINITIONAL_REPRESENTATION('',(#1081),#1087);
#1081 = B_SPLINE_CURVE_WITH_KNOTS('',4,(#1082,#1083,#1084,#1085,#1086),
  .UNSPECIFIED.,.F.,.F.,(5,5),(0.,1.),.PIECEWISE_BEZIER_KNOTS.);
#1082 = CARTESIAN_POINT('',(1.,7.142857142857E-02));
#1083 = CARTESIAN_POINT('',(0.75,7.142857142857E-02));
#1084 = CARTESIAN_POINT('',(0.5,7.142857142857E-02));
#1085 = CARTESIAN_POINT('',(0.25,7.142857142857E-02));
#1086 = CARTESIAN_POINT('',(0.,7.142857142857E-02));
#1087 = ( GEOMETRIC_REPRESENTATION_CONTEXT(2) 
PARAMETRIC_REPRESENTATION_CONTEXT() REPRESENTATION_CONTEXT('2D SPACE',''
  ) );
#1088 = ORIENTED_EDGE('',*,*,#1089,.T.);
#1089 = EDGE_CURVE('',#1030,#1090,#1092,.T.);
#1090 = VERTEX_POINT('',#1091);
#1091 = CARTESIAN_POINT('',(-59.35822945021,-26.48774427043,0.));
#1092 = SURFACE_CURVE('',#1093,(#1098,#1105),.PCURVE_S1.);
#1093 = CIRCLE('',#1094,65.);
#1094 = AXIS2_PLACEMENT_3D('',#1095,#1096,#1097);
#1095 = CARTESIAN_POINT('',(0.,0.,0.));
#1096 = DIRECTION('',(0.,0.,1.));
#1097 = DIRECTION('',(1.,0.,0.));
#1098 = PCURVE('',#33,#1099);
#1099 = DEFINITIONAL_REPRESENTATION('',(#1100),#1104);
#1100 = CIRCLE('',#1101,65.);
#1101 = AXIS2_PLACEMENT_2D('',#1102,#1103);
#1102 = CARTESIAN_POINT('',(0.,0.));
#1103 = DIRECTION('',(1.,0.));
#1104 = ( GEOMETRIC_REPRESENTATION_CONTEXT(2) 
PARAMETRIC_REPRESENTATION_CONTEXT() REPRESENTATION_CONTEXT('2D SPACE',''
  ) );
#1105 = PCURVE('',#45,#1106);
#1106 = DEFINITIONAL_REPRESENTATION('',(#1107),#1111);
#1107 = LINE('',#1108,#1109);
#1108 = CARTESIAN_POINT('',(-0.,0.));
#1109 = VECTOR('',#1110,1.);
#1110 = DIRECTION('',(-1.,0.));
#1111 = ( GEOMETRIC_REPRESENTATION_CONTEXT(2) 
PARAMETRIC_REPRESENTATION_CONTEXT() REPRESENTATION_CONTEXT('2D SPACE',''
  ) );
#1112 = ORIENTED_EDGE('',*,*,#1113,.T.);
#1113 = EDGE_CURVE('',#1090,#1114,#1116,.T.);
#1114 = VERTEX_POINT('',#1115);
#1115 = CARTESIAN_POINT('',(-59.38317173176,-26.49928991521,
    1.389100474858E-15));
#1116 = SURFACE_CURVE('',#1117,(#1123,#1132),.PCURVE_S1.);
#1117 = B_SPLINE_CURVE_WITH_KNOTS('',4,(#1118,#1119,#1120,#1121,#1122),
  .UNSPECIFIED.,.F.,.F.,(5,5),(0.,1.),.PIECEWISE_BEZIER_KNOTS.);
#1118 = CARTESIAN_POINT('',(-43.95403191992,-19.35722605886,0.));
#1119 = CARTESIAN_POINT('',(-47.81131687288,-21.14274202295,0.));
#1120 = CARTESIAN_POINT('',(-51.66860182584,-22.92825798703,0.));
#1121 = CARTESIAN_POINT('',(-55.5258867788,-24.71377395112,0.));
#1122 = CARTESIAN_POINT('',(-59.38317173176,-26.49928991521,0.));
#1123 = PCURVE('',#33,#1124);
#1124 = DEFINITIONAL_REPRESENTATION('',(#1125),#1131);
#1125 = B_SPLINE_CURVE_WITH_KNOTS('',4,(#1126,#1127,#1128,#1129,#1130),
  .UNSPECIFIED.,.F.,.F.,(5,5),(0.,1.),.PIECEWISE_BEZIER_KNOTS.);
#1126 = CARTESIAN_POINT('',(-43.95403191992,-19.35722605886));
#1127 = CARTESIAN_POINT('',(-47.81131687288,-21.14274202295));
#1128 = CARTESIAN_POINT('',(-51.66860182584,-22.92825798703));
#1129 = CARTESIAN_POINT('',(-55.5258867788,-24.71377395112));
#1130 = CARTESIAN_POINT('',(-59.38317173176,-26.49928991521));
#1131 = ( GEOMETRIC_REPRESENTATION_CONTEXT(2) 
PARAMETRIC_REPRESENTATION_CONTEXT() REPRESENTATION_CONTEXT('2D SPACE',''
  ) );
#1132 = PCURVE('',#1133,#1164);
#1133 = ( BOUNDED_SURFACE() B_SPLINE_SURFACE(1,3,(
    (#1134,#1135,#1136,#1137,#1138,#1139,#1140,#1141,#1142,#1143,#1144
      ,#1145,#1146,#1147,#1148)
    ,(#1149,#1150,#1151,#1152,#1153,#1154,#1155,#1156,#1157,#1158,#1159
      ,#1160,#1161,#1162,#1163
)),.UNSPECIFIED.,.F.,.F.,.F.) B_SPLINE_SURFACE_WITH_KNOTS((2,2),(4,1,1,1
    ,1,1,1,1,1,1,1,1,4),(2.,3.),(0.,8.333333333333E-02,0.166666666667,
    0.25,0.333333333333,0.416666666667,0.5,0.583333333333,0.666666666667
    ,0.75,0.833333333333,0.916666666667,1.),.UNSPECIFIED.) 
GEOMETRIC_REPRESENTATION_ITEM() RATIONAL_B_SPLINE_SURFACE((
    (1.,1.,1.,1.,1.,1.,1.,1.,1.,1.,1.,1.,1.,1.,1.)
    ,(1.,1.,1.,1.,1.,1.,1.,1.,1.,1.,1.,1.,1.,1.,1.
))) REPRESENTATION_ITEM('') SURFACE() );
#1134 = CARTESIAN_POINT('',(-64.99632381342,-22.49116643774,-5.));
#1135 = CARTESIAN_POINT('',(-62.86034194642,-24.20398089601,
    -3.055555555556));
#1136 = CARTESIAN_POINT('',(-58.46438706003,-27.27125169699,
    0.833333333333));
#1137 = CARTESIAN_POINT('',(-51.65107844799,-30.78439933676,
    6.666666666667));
#1138 = CARTESIAN_POINT('',(-44.76934024413,-33.21682094374,12.5));
#1139 = CARTESIAN_POINT('',(-37.96606122613,-34.59476900388,
    18.333333333333));
#1140 = CARTESIAN_POINT('',(-31.38174709247,-34.96292797531,
    24.166666666667));
#1141 = CARTESIAN_POINT('',(-25.1483203,-34.38336060281,30.));
#1142 = CARTESIAN_POINT('',(-19.38706443567,-32.93419328582,
    35.833333333333));
#1143 = CARTESIAN_POINT('',(-14.20682879827,-30.70802687393,
    41.666666666667));
#1144 = CARTESIAN_POINT('',(-9.702310006165,-27.81027768991,47.5));
#1145 = CARTESIAN_POINT('',(-5.952585696108,-24.35723732323,
    53.333333333333));
#1146 = CARTESIAN_POINT('',(-3.019900031686,-20.47397157827,
    59.166666666667));
#1147 = CARTESIAN_POINT('',(-1.639105104489,-17.68604152076,
    63.055555555555));
#1148 = CARTESIAN_POINT('',(-1.096622939858,-16.26493475428,65.));
#1149 = CARTESIAN_POINT('',(-48.21669361378,-16.44548093663,-5.));
#1150 = CARTESIAN_POINT('',(-46.591838038,-17.69598766079,
    -3.055555555556));
#1151 = CARTESIAN_POINT('',(-43.25430006904,-19.92197538692,
    0.833333333333));
#1152 = CARTESIAN_POINT('',(-38.10196249175,-22.42869562073,
    6.666666666667));
#1153 = CARTESIAN_POINT('',(-32.91947292133,-24.11117783343,12.5));
#1154 = CARTESIAN_POINT('',(-27.81927534436,-24.99223517957,
    18.333333333333));
#1155 = CARTESIAN_POINT('',(-22.90858278711,-25.10882578385,
    24.166666666667));
#1156 = CARTESIAN_POINT('',(-18.28768172204,-24.51120076533,30.));
#1157 = CARTESIAN_POINT('',(-14.04835348742,-23.26184880421,
    35.833333333333));
#1158 = CARTESIAN_POINT('',(-10.27250413489,-21.43422915134,
    41.666666666667));
#1159 = CARTESIAN_POINT('',(-7.030858760889,-19.11144886734,47.5));
#1160 = CARTESIAN_POINT('',(-4.381861071081,-16.38472506256,
    53.333333333333));
#1161 = CARTESIAN_POINT('',(-2.37077728511,-13.35172760636,
    59.166666666667));
#1162 = CARTESIAN_POINT('',(-1.476265319252,-11.19378874102,
    63.055555555555));
#1163 = CARTESIAN_POINT('',(-1.143408984286,-10.09837214888,65.));
#1164 = DEFINITIONAL_REPRESENTATION('',(#1165),#1171);
#1165 = B_SPLINE_CURVE_WITH_KNOTS('',4,(#1166,#1167,#1168,#1169,#1170),
  .UNSPECIFIED.,.F.,.F.,(5,5),(0.,1.),.PIECEWISE_BEZIER_KNOTS.);
#1166 = CARTESIAN_POINT('',(3.,7.142857142857E-02));
#1167 = CARTESIAN_POINT('',(2.75,7.142857142857E-02));
#1168 = CARTESIAN_POINT('',(2.5,7.142857142857E-02));
#1169 = CARTESIAN_POINT('',(2.25,7.142857142857E-02));
#1170 = CARTESIAN_POINT('',(2.,7.142857142857E-02));
#1171 = ( GEOMETRIC_REPRESENTATION_CONTEXT(2) 
PARAMETRIC_REPRESENTATION_CONTEXT() REPRESENTATION_CONTEXT('2D SPACE',''
  ) );
#1172 = ORIENTED_EDGE('',*,*,#1173,.T.);
#1173 = EDGE_CURVE('',#1114,#1174,#1176,.T.);
#1174 = VERTEX_POINT('',#1175);
#1175 = CARTESIAN_POINT('',(-58.56297614525,-28.20244359998,0.));
#1176 = SURFACE_CURVE('',#1177,(#1183,#1192),.PCURVE_S1.);
#1177 = B_SPLINE_CURVE_WITH_KNOTS('',4,(#1178,#1179,#1180,#1181,#1182),
  .UNSPECIFIED.,.F.,.F.,(5,5),(0.,1.),.PIECEWISE_BEZIER_KNOTS.);
#1178 = CARTESIAN_POINT('',(-59.38317173176,-26.49928991521,0.));
#1179 = CARTESIAN_POINT('',(-58.97307407271,-27.35086647892,0.));
#1180 = CARTESIAN_POINT('',(-58.56297641365,-28.20244304264,0.));
#1181 = CARTESIAN_POINT('',(-58.1528787546,-29.05401960635,0.));
#1182 = CARTESIAN_POINT('',(-57.74278109554,-29.90559617006,0.));
#1183 = PCURVE('',#33,#1184);
#1184 = DEFINITIONAL_REPRESENTATION('',(#1185),#1191);
#1185 = B_SPLINE_CURVE_WITH_KNOTS('',4,(#1186,#1187,#1188,#1189,#1190),
  .UNSPECIFIED.,.F.,.F.,(5,5),(0.,1.),.PIECEWISE_BEZIER_KNOTS.);
#1186 = CARTESIAN_POINT('',(-59.38317173176,-26.49928991521));
#1187 = CARTESIAN_POINT('',(-58.97307407271,-27.35086647892));
#1188 = CARTESIAN_POINT('',(-58.56297641365,-28.20244304264));
#1189 = CARTESIAN_POINT('',(-58.1528787546,-29.05401960635));
#1190 = CARTESIAN_POINT('',(-57.74278109554,-29.90559617006));
#1191 = ( GEOMETRIC_REPRESENTATION_CONTEXT(2) 
PARAMETRIC_REPRESENTATION_CONTEXT() REPRESENTATION_CONTEXT('2D SPACE',''
  ) );
#1192 = PCURVE('',#1193,#1224);
#1193 = ( BOUNDED_SURFACE() B_SPLINE_SURFACE(1,3,(
    (#1194,#1195,#1196,#1197,#1198,#1199,#1200,#1201,#1202,#1203,#1204
      ,#1205,#1206,#1207,#1208)
    ,(#1209,#1210,#1211,#1212,#1213,#1214,#1215,#1216,#1217,#1218,#1219
      ,#1220,#1221,#1222,#1223
)),.UNSPECIFIED.,.F.,.F.,.F.) B_SPLINE_SURFACE_WITH_KNOTS((2,2),(4,1,1,1
    ,1,1,1,1,1,1,1,1,4),(1.,2.),(0.,8.333333333333E-02,0.166666666667,
    0.25,0.333333333333,0.416666666667,0.5,0.583333333333,0.666666666667
    ,0.75,0.833333333333,0.916666666667,1.),.UNSPECIFIED.) 
GEOMETRIC_REPRESENTATION_ITEM() RATIONAL_B_SPLINE_SURFACE((
    (1.,1.,1.,1.,1.,1.,1.,1.,1.,1.,1.,1.,1.,1.,1.)
    ,(1.,1.,1.,1.,1.,1.,1.,1.,1.,1.,1.,1.,1.,1.,1.
))) REPRESENTATION_ITEM('') SURFACE() );
#1194 = CARTESIAN_POINT('',(-63.61510816019,-26.14369313536,-5.));
#1195 = CARTESIAN_POINT('',(-61.37246051696,-27.76391166682,
    -3.055555555556));
#1196 = CARTESIAN_POINT('',(-56.77682777749,-30.63808533245,
    0.833333333333));
#1197 = CARTESIAN_POINT('',(-49.70554951457,-33.84354342597,
    6.666666666667));
#1198 = CARTESIAN_POINT('',(-42.60717031288,-35.95572270781,12.5));
#1199 = CARTESIAN_POINT('',(-35.62759534819,-37.00606596824,
    18.333333333333));
#1200 = CARTESIAN_POINT('',(-28.9056405885,-37.04403042204,
    24.166666666667));
#1201 = CARTESIAN_POINT('',(-22.57091164568,-36.13592345659,30.));
#1202 = CARTESIAN_POINT('',(-16.74184971306,-34.3634869803,
    35.833333333333));
#1203 = CARTESIAN_POINT('',(-11.5240604405,-31.82222617977,
    41.666666666667));
#1204 = CARTESIAN_POINT('',(-7.008738590228,-28.61968163888,47.5));
#1205 = CARTESIAN_POINT('',(-3.271370864194,-24.87345004188,
    53.333333333333));
#1206 = CARTESIAN_POINT('',(-0.370708870953,-20.70908118792,
    59.166666666667));
#1207 = CARTESIAN_POINT('',(0.977755893502,-17.74161228685,
    63.055555555555));
#1208 = CARTESIAN_POINT('',(1.501778164209,-16.23253975134,65.));
#1209 = CARTESIAN_POINT('',(-64.99632381342,-22.49116643774,-5.));
#1210 = CARTESIAN_POINT('',(-62.86034194642,-24.20398089601,
    -3.055555555556));
#1211 = CARTESIAN_POINT('',(-58.46438706003,-27.27125169699,
    0.833333333333));
#1212 = CARTESIAN_POINT('',(-51.65107844799,-30.78439933676,
    6.666666666667));
#1213 = CARTESIAN_POINT('',(-44.76934024413,-33.21682094374,12.5));
#1214 = CARTESIAN_POINT('',(-37.96606122613,-34.59476900388,
    18.333333333333));
#1215 = CARTESIAN_POINT('',(-31.38174709247,-34.96292797531,
    24.166666666667));
#1216 = CARTESIAN_POINT('',(-25.1483203,-34.38336060281,30.));
#1217 = CARTESIAN_POINT('',(-19.38706443567,-32.93419328582,
    35.833333333333));
#1218 = CARTESIAN_POINT('',(-14.20682879827,-30.70802687393,
    41.666666666667));
#1219 = CARTESIAN_POINT('',(-9.702310006165,-27.81027768991,47.5));
#1220 = CARTESIAN_POINT('',(-5.952585696108,-24.35723732323,
    53.333333333333));
#1221 = CARTESIAN_POINT('',(-3.019900031686,-20.47397157827,
    59.166666666667));
#1222 = CARTESIAN_POINT('',(-1.639105104489,-17.68604152076,
    63.055555555555));
#1223 = CARTESIAN_POINT('',(-1.096622939858,-16.26493475428,65.));
#1224 = DEFINITIONAL_REPRESENTATION('',(#1225),#1231);
#1225 = B_SPLINE_CURVE_WITH_KNOTS('',4,(#1226,#1227,#1228,#1229,#1230),
  .UNSPECIFIED.,.F.,.F.,(5,5),(0.,1.),.PIECEWISE_BEZIER_KNOTS.);
#1226 = CARTESIAN_POINT('',(2.,7.142857142857E-02));
#1227 = CARTESIAN_POINT('',(1.75,7.142857142857E-02));
#1228 = CARTESIAN_POINT('',(1.5,7.142857142857E-02));
#1229 = CARTESIAN_POINT('',(1.25,7.142857142857E-02));
#1230 = CARTESIAN_POINT('',(1.,7.142857142857E-02));
#1231 = ( GEOMETRIC_REPRESENTATION_CONTEXT(2) 
PARAMETRIC_REPRESENTATION_CONTEXT() REPRESENTATION_CONTEXT('2D SPACE',''
  ) );
#1232 = ORIENTED_EDGE('',*,*,#1233,.T.);
#1233 = EDGE_CURVE('',#1174,#1234,#1236,.T.);
#1234 = VERTEX_POINT('',#1235);
#1235 = CARTESIAN_POINT('',(-57.74278109554,-29.90559617006,
    1.389100474858E-15));
#1236 = SURFACE_CURVE('',#1237,(#1243,#1252),.PCURVE_S1.);
#1237 = B_SPLINE_CURVE_WITH_KNOTS('',4,(#1238,#1239,#1240,#1241,#1242),
  .UNSPECIFIED.,.F.,.F.,(5,5),(0.,1.),.PIECEWISE_BEZIER_KNOTS.);
#1238 = CARTESIAN_POINT('',(-59.38317173176,-26.49928991521,0.));
#1239 = CARTESIAN_POINT('',(-58.97307407271,-27.35086647892,0.));
#1240 = CARTESIAN_POINT('',(-58.56297641365,-28.20244304264,0.));
#1241 = CARTESIAN_POINT('',(-58.1528787546,-29.05401960635,0.));
#1242 = CARTESIAN_POINT('',(-57.74278109554,-29.90559617006,0.));
#1243 = PCURVE('',#33,#1244);
#1244 = DEFINITIONAL_REPRESENTATION('',(#1245),#1251);
#1245 = B_SPLINE_CURVE_WITH_KNOTS('',4,(#1246,#1247,#1248,#1249,#1250),
  .UNSPECIFIED.,.F.,.F.,(5,5),(0.,1.),.PIECEWISE_BEZIER_KNOTS.);
#1246 = CARTESIAN_POINT('',(-59.38317173176,-26.49928991521));
#1247 = CARTESIAN_POINT('',(-58.97307407271,-27.35086647892));
#1248 = CARTESIAN_POINT('',(-58.56297641365,-28.20244304264));
#1249 = CARTESIAN_POINT('',(-58.1528787546,-29.05401960635));
#1250 = CARTESIAN_POINT('',(-57.74278109554,-29.90559617006));
#1251 = ( GEOMETRIC_REPRESENTATION_CONTEXT(2) 
PARAMETRIC_REPRESENTATION_CONTEXT() REPRESENTATION_CONTEXT('2D SPACE',''
  ) );
#1252 = PCURVE('',#1253,#1284);
#1253 = ( BOUNDED_SURFACE() B_SPLINE_SURFACE(1,3,(
    (#1254,#1255,#1256,#1257,#1258,#1259,#1260,#1261,#1262,#1263,#1264
      ,#1265,#1266,#1267,#1268)
    ,(#1269,#1270,#1271,#1272,#1273,#1274,#1275,#1276,#1277,#1278,#1279
      ,#1280,#1281,#1282,#1283
)),.UNSPECIFIED.,.F.,.F.,.F.) B_SPLINE_SURFACE_WITH_KNOTS((2,2),(4,1,1,1
    ,1,1,1,1,1,1,1,1,4),(1.,2.),(0.,8.333333333333E-02,0.166666666667,
    0.25,0.333333333333,0.416666666667,0.5,0.583333333333,0.666666666667
    ,0.75,0.833333333333,0.916666666667,1.),.UNSPECIFIED.) 
GEOMETRIC_REPRESENTATION_ITEM() RATIONAL_B_SPLINE_SURFACE((
    (1.,1.,1.,1.,1.,1.,1.,1.,1.,1.,1.,1.,1.,1.,1.)
    ,(1.,1.,1.,1.,1.,1.,1.,1.,1.,1.,1.,1.,1.,1.,1.
))) REPRESENTATION_ITEM('') SURFACE() );
#1254 = CARTESIAN_POINT('',(-63.61510816019,-26.14369313536,-5.));
#1255 = CARTESIAN_POINT('',(-61.37246051696,-27.76391166682,
    -3.055555555556));
#1256 = CARTESIAN_POINT('',(-56.77682777749,-30.63808533245,
    0.833333333333));
#1257 = CARTESIAN_POINT('',(-49.70554951457,-33.84354342597,
    6.666666666667));
#1258 = CARTESIAN_POINT('',(-42.60717031288,-35.95572270781,12.5));
#1259 = CARTESIAN_POINT('',(-35.62759534819,-37.00606596824,
    18.333333333333));
#1260 = CARTESIAN_POINT('',(-28.9056405885,-37.04403042204,
    24.166666666667));
#1261 = CARTESIAN_POINT('',(-22.57091164568,-36.13592345659,30.));
#1262 = CARTESIAN_POINT('',(-16.74184971306,-34.3634869803,
    35.833333333333));
#1263 = CARTESIAN_POINT('',(-11.5240604405,-31.82222617977,
    41.666666666667));
#1264 = CARTESIAN_POINT('',(-7.008738590228,-28.61968163888,47.5));
#1265 = CARTESIAN_POINT('',(-3.271370864194,-24.87345004188,
    53.333333333333));
#1266 = CARTESIAN_POINT('',(-0.370708870953,-20.70908118792,
    59.166666666667));
#1267 = CARTESIAN_POINT('',(0.977755893502,-17.74161228685,
    63.055555555555));
#1268 = CARTESIAN_POINT('',(1.501778164209,-16.23253975134,65.));
#1269 = CARTESIAN_POINT('',(-64.99632381342,-22.49116643774,-5.));
#1270 = CARTESIAN_POINT('',(-62.86034194642,-24.20398089601,
    -3.055555555556));
#1271 = CARTESIAN_POINT('',(-58.46438706003,-27.27125169699,
    0.833333333333));
#1272 = CARTESIAN_POINT('',(-51.65107844799,-30.78439933676,
    6.666666666667));
#1273 = CARTESIAN_POINT('',(-44.76934024413,-33.21682094374,12.5));
#1274 = CARTESIAN_POINT('',(-37.96606122613,-34.59476900388,
    18.333333333333));
#1275 = CARTESIAN_POINT('',(-31.38174709247,-34.96292797531,
    24.166666666667));
#1276 = CARTESIAN_POINT('',(-25.1483203,-34.38336060281,30.));
#1277 = CARTESIAN_POINT('',(-19.38706443567,-32.93419328582,
    35.833333333333));
#1278 = CARTESIAN_POINT('',(-14.20682879827,-30.70802687393,
    41.666666666667));
#1279 = CARTESIAN_POINT('',(-9.702310006165,-27.81027768991,47.5));
#1280 = CARTESIAN_POINT('',(-5.952585696108,-24.35723732323,
    53.333333333333));
#1281 = CARTESIAN_POINT('',(-3.019900031686,-20.47397157827,
    59.166666666667));
#1282 = CARTESIAN_POINT('',(-1.639105104489,-17.68604152076,
    63.055555555555));
#1283 = CARTESIAN_POINT('',(-1.096622939858,-16.26493475428,65.));
#1284 = DEFINITIONAL_REPRESENTATION('',(#1285),#1291);
#1285 = B_SPLINE_CURVE_WITH_KNOTS('',4,(#1286,#1287,#1288,#1289,#1290),
  .UNSPECIFIED.,.F.,.F.,(5,5),(0.,1.),.PIECEWISE_BEZIER_KNOTS.);
#1286 = CARTESIAN_POINT('',(2.,7.142857142857E-02));
#1287 = CARTESIAN_POINT('',(1.75,7.142857142857E-02));
#1288 = CARTESIAN_POINT('',(1.5,7.142857142857E-02));
#1289 = CARTESIAN_POINT('',(1.25,7.142857142857E-02));
#1290 = CARTESIAN_POINT('',(1.,7.142857142857E-02));
#1291 = ( GEOMETRIC_REPRESENTATION_CONTEXT(2) 
PARAMETRIC_REPRESENTATION_CONTEXT() REPRESENTATION_CONTEXT('2D SPACE',''
  ) );
#1292 = ORIENTED_EDGE('',*,*,#1293,.T.);
#1293 = EDGE_CURVE('',#1234,#1294,#1296,.T.);
#1294 = VERTEX_POINT('',#1295);
#1295 = CARTESIAN_POINT('',(-57.71820308878,-29.89329410088,0.));
#1296 = SURFACE_CURVE('',#1297,(#1303,#1312),.PCURVE_S1.);
#1297 = B_SPLINE_CURVE_WITH_KNOTS('',4,(#1298,#1299,#1300,#1301,#1302),
  .UNSPECIFIED.,.F.,.F.,(5,5),(0.,1.),.PIECEWISE_BEZIER_KNOTS.);
#1298 = CARTESIAN_POINT('',(-57.74278109554,-29.90559617006,0.));
#1299 = CARTESIAN_POINT('',(-53.94183067133,-28.00310035165,0.));
#1300 = CARTESIAN_POINT('',(-50.14088024712,-26.10060453324,0.));
#1301 = CARTESIAN_POINT('',(-46.33992982292,-24.19810871483,0.));
#1302 = CARTESIAN_POINT('',(-42.53897939871,-22.29561289642,0.));
#1303 = PCURVE('',#33,#1304);
#1304 = DEFINITIONAL_REPRESENTATION('',(#1305),#1311);
#1305 = B_SPLINE_CURVE_WITH_KNOTS('',4,(#1306,#1307,#1308,#1309,#1310),
  .UNSPECIFIED.,.F.,.F.,(5,5),(0.,1.),.PIECEWISE_BEZIER_KNOTS.);
#1306 = CARTESIAN_POINT('',(-57.74278109554,-29.90559617006));
#1307 = CARTESIAN_POINT('',(-53.94183067133,-28.00310035165));
#1308 = CARTESIAN_POINT('',(-50.14088024712,-26.10060453324));
#1309 = CARTESIAN_POINT('',(-46.33992982292,-24.19810871483));
#1310 = CARTESIAN_POINT('',(-42.53897939871,-22.29561289642));
#1311 = ( GEOMETRIC_REPRESENTATION_CONTEXT(2) 
PARAMETRIC_REPRESENTATION_CONTEXT() REPRESENTATION_CONTEXT('2D SPACE',''
  ) );
#1312 = PCURVE('',#1313,#1344);
#1313 = ( BOUNDED_SURFACE() B_SPLINE_SURFACE(1,3,(
    (#1314,#1315,#1316,#1317,#1318,#1319,#1320,#1321,#1322,#1323,#1324
      ,#1325,#1326,#1327,#1328)
    ,(#1329,#1330,#1331,#1332,#1333,#1334,#1335,#1336,#1337,#1338,#1339
      ,#1340,#1341,#1342,#1343
)),.UNSPECIFIED.,.F.,.F.,.F.) B_SPLINE_SURFACE_WITH_KNOTS((2,2),(4,1,1,1
    ,1,1,1,1,1,1,1,1,4),(0.,1.),(0.,8.333333333333E-02,0.166666666667,
    0.25,0.333333333333,0.416666666667,0.5,0.583333333333,0.666666666667
    ,0.75,0.833333333333,0.916666666667,1.),.UNSPECIFIED.) 
GEOMETRIC_REPRESENTATION_ITEM() RATIONAL_B_SPLINE_SURFACE((
    (1.,1.,1.,1.,1.,1.,1.,1.,1.,1.,1.,1.,1.,1.,1.)
    ,(1.,1.,1.,1.,1.,1.,1.,1.,1.,1.,1.,1.,1.,1.,1.
))) REPRESENTATION_ITEM('') SURFACE() );
#1314 = CARTESIAN_POINT('',(-47.0337123691,-19.57379081993,-5.));
#1315 = CARTESIAN_POINT('',(-45.31431980016,-20.75340052618,
    -3.055555555556));
#1316 = CARTESIAN_POINT('',(-41.79763786682,-22.83030274153,
    0.833333333333));
#1317 = CARTESIAN_POINT('',(-36.40714195945,-25.09551313549,
    6.666666666667));
#1318 = CARTESIAN_POINT('',(-31.01727676081,-26.52246620573,12.5));
#1319 = CARTESIAN_POINT('',(-25.74020892098,-27.13762737658,
    18.333333333333));
#1320 = CARTESIAN_POINT('',(-20.68242578454,-26.98132427604,
    24.166666666667));
#1321 = CARTESIAN_POINT('',(-15.94310684894,-26.10683142106,30.));
#1322 = CARTESIAN_POINT('',(-11.61262490827,-24.57926378993,
    35.833333333333));
#1323 = CARTESIAN_POINT('',(-7.771265618975,-22.47427655231,
    41.666666666667));
#1324 = CARTESIAN_POINT('',(-4.488017227246,-19.87672260298,47.5));
#1325 = CARTESIAN_POINT('',(-1.819572351272,-16.87911745128,
    53.333333333333));
#1326 = CARTESIAN_POINT('',(0.190466547157,-13.58000779818,
    59.166666666667));
#1327 = CARTESIAN_POINT('',(1.07160783847,-11.24817681755,
    63.055555555555));
#1328 = CARTESIAN_POINT('',(1.394812995294,-10.06672741614,65.));
#1329 = CARTESIAN_POINT('',(-63.61510816019,-26.14369313536,-5.));
#1330 = CARTESIAN_POINT('',(-61.37246051696,-27.76391166682,
    -3.055555555556));
#1331 = CARTESIAN_POINT('',(-56.77682777749,-30.63808533245,
    0.833333333333));
#1332 = CARTESIAN_POINT('',(-49.70554951457,-33.84354342597,
    6.666666666667));
#1333 = CARTESIAN_POINT('',(-42.60717031288,-35.95572270781,12.5));
#1334 = CARTESIAN_POINT('',(-35.62759534819,-37.00606596824,
    18.333333333333));
#1335 = CARTESIAN_POINT('',(-28.9056405885,-37.04403042204,
    24.166666666667));
#1336 = CARTESIAN_POINT('',(-22.57091164568,-36.13592345659,30.));
#1337 = CARTESIAN_POINT('',(-16.74184971306,-34.3634869803,
    35.833333333333));
#1338 = CARTESIAN_POINT('',(-11.5240604405,-31.82222617977,
    41.666666666667));
#1339 = CARTESIAN_POINT('',(-7.008738590228,-28.61968163888,47.5));
#1340 = CARTESIAN_POINT('',(-3.271370864194,-24.87345004188,
    53.333333333333));
#1341 = CARTESIAN_POINT('',(-0.370708870953,-20.70908118792,
    59.166666666667));
#1342 = CARTESIAN_POINT('',(0.977755893502,-17.74161228685,
    63.055555555555));
#1343 = CARTESIAN_POINT('',(1.501778164209,-16.23253975134,65.));
#1344 = DEFINITIONAL_REPRESENTATION('',(#1345),#1351);
#1345 = B_SPLINE_CURVE_WITH_KNOTS('',4,(#1346,#1347,#1348,#1349,#1350),
  .UNSPECIFIED.,.F.,.F.,(5,5),(0.,1.),.PIECEWISE_BEZIER_KNOTS.);
#1346 = CARTESIAN_POINT('',(1.,7.142857142857E-02));
#1347 = CARTESIAN_POINT('',(0.75,7.142857142857E-02));
#1348 = CARTESIAN_POINT('',(0.5,7.142857142857E-02));
#1349 = CARTESIAN_POINT('',(0.25,7.142857142857E-02));
#1350 = CARTESIAN_POINT('',(0.,7.142857142857E-02));
#1351 = ( GEOMETRIC_REPRESENTATION_CONTEXT(2) 
PARAMETRIC_REPRESENTATION_CONTEXT() REPRESENTATION_CONTEXT('2D SPACE',''
  ) );
#1352 = ORIENTED_EDGE('',*,*,#1353,.T.);
#1353 = EDGE_CURVE('',#1294,#1354,#1356,.T.);
#1354 = VERTEX_POINT('',#1355);
#1355 = CARTESIAN_POINT('',(-16.30029834841,-62.92297095459,0.));
#1356 = SURFACE_CURVE('',#1357,(#1362,#1369),.PCURVE_S1.);
#1357 = CIRCLE('',#1358,65.);
#1358 = AXIS2_PLACEMENT_3D('',#1359,#1360,#1361);
#1359 = CARTESIAN_POINT('',(0.,0.,0.));
#1360 = DIRECTION('',(0.,0.,1.));
#1361 = DIRECTION('',(1.,0.,0.));
#1362 = PCURVE('',#33,#1363);
#1363 = DEFINITIONAL_REPRESENTATION('',(#1364),#1368);
#1364 = CIRCLE('',#1365,65.);
#1365 = AXIS2_PLACEMENT_2D('',#1366,#1367);
#1366 = CARTESIAN_POINT('',(0.,0.));
#1367 = DIRECTION('',(1.,0.));
#1368 = ( GEOMETRIC_REPRESENTATION_CONTEXT(2) 
PARAMETRIC_REPRESENTATION_CONTEXT() REPRESENTATION_CONTEXT('2D SPACE',''
  ) );
#1369 = PCURVE('',#45,#1370);
#1370 = DEFINITIONAL_REPRESENTATION('',(#1371),#1375);
#1371 = LINE('',#1372,#1373);
#1372 = CARTESIAN_POINT('',(-0.,0.));
#1373 = VECTOR('',#1374,1.);
#1374 = DIRECTION('',(-1.,0.));
#1375 = ( GEOMETRIC_REPRESENTATION_CONTEXT(2) 
PARAMETRIC_REPRESENTATION_CONTEXT() REPRESENTATION_CONTEXT('2D SPACE',''
  ) );
#1376 = ORIENTED_EDGE('',*,*,#1377,.T.);
#1377 = EDGE_CURVE('',#1354,#1378,#1380,.T.);
#1378 = VERTEX_POINT('',#1379);
#1379 = CARTESIAN_POINT('',(-16.30682285802,-62.94967020733,
    1.389100474858E-15));
#1380 = SURFACE_CURVE('',#1381,(#1387,#1396),.PCURVE_S1.);
#1381 = B_SPLINE_CURVE_WITH_KNOTS('',4,(#1382,#1383,#1384,#1385,#1386),
  .UNSPECIFIED.,.F.,.F.,(5,5),(0.,1.),.PIECEWISE_BEZIER_KNOTS.);
#1382 = CARTESIAN_POINT('',(-12.27080190657,-46.43367897637,0.));
#1383 = CARTESIAN_POINT('',(-13.27980714443,-50.56267678411,0.));
#1384 = CARTESIAN_POINT('',(-14.28881238229,-54.69167459185,0.));
#1385 = CARTESIAN_POINT('',(-15.29781762015,-58.82067239959,0.));
#1386 = CARTESIAN_POINT('',(-16.30682285802,-62.94967020733,0.));
#1387 = PCURVE('',#33,#1388);
#1388 = DEFINITIONAL_REPRESENTATION('',(#1389),#1395);
#1389 = B_SPLINE_CURVE_WITH_KNOTS('',4,(#1390,#1391,#1392,#1393,#1394),
  .UNSPECIFIED.,.F.,.F.,(5,5),(0.,1.),.PIECEWISE_BEZIER_KNOTS.);
#1390 = CARTESIAN_POINT('',(-12.27080190657,-46.43367897637));
#1391 = CARTESIAN_POINT('',(-13.27980714443,-50.56267678411));
#1392 = CARTESIAN_POINT('',(-14.28881238229,-54.69167459185));
#1393 = CARTESIAN_POINT('',(-15.29781762015,-58.82067239959));
#1394 = CARTESIAN_POINT('',(-16.30682285802,-62.94967020733));
#1395 = ( GEOMETRIC_REPRESENTATION_CONTEXT(2) 
PARAMETRIC_REPRESENTATION_CONTEXT() REPRESENTATION_CONTEXT('2D SPACE',''
  ) );
#1396 = PCURVE('',#1397,#1428);
#1397 = ( BOUNDED_SURFACE() B_SPLINE_SURFACE(1,3,(
    (#1398,#1399,#1400,#1401,#1402,#1403,#1404,#1405,#1406,#1407,#1408
      ,#1409,#1410,#1411,#1412)
    ,(#1413,#1414,#1415,#1416,#1417,#1418,#1419,#1420,#1421,#1422,#1423
      ,#1424,#1425,#1426,#1427
)),.UNSPECIFIED.,.F.,.F.,.F.) B_SPLINE_SURFACE_WITH_KNOTS((2,2),(4,1,1,1
    ,1,1,1,1,1,1,1,1,4),(2.,3.),(0.,8.333333333333E-02,0.166666666667,
    0.25,0.333333333333,0.416666666667,0.5,0.583333333333,0.666666666667
    ,0.75,0.833333333333,0.916666666667,1.),.UNSPECIFIED.) 
GEOMETRIC_REPRESENTATION_ITEM() RATIONAL_B_SPLINE_SURFACE((
    (1.,1.,1.,1.,1.,1.,1.,1.,1.,1.,1.,1.,1.,1.,1.)
    ,(1.,1.,1.,1.,1.,1.,1.,1.,1.,1.,1.,1.,1.,1.,1.
))) REPRESENTATION_ITEM('') SURFACE() );
#1398 = CARTESIAN_POINT('',(-22.94024305752,-64.83918510785,-5.));
#1399 = CARTESIAN_POINT('',(-20.26934787939,-64.23712958547,
    -3.055555555556));
#1400 = CARTESIAN_POINT('',(-15.13042596082,-62.71264572372,
    0.833333333333));
#1401 = CARTESIAN_POINT('',(-8.135708096979,-59.57619827689,
    6.666666666667));
#1402 = CARTESIAN_POINT('',(-1.943270716836,-55.71242876077,12.5));
#1403 = CARTESIAN_POINT('',(3.375827544711,-51.25254760348,
    18.333333333333));
#1404 = CARTESIAN_POINT('',(7.768918533691,-46.33426688747,
    24.166666666667));
#1405 = CARTESIAN_POINT('',(11.202272551406,-41.09942323122,30.));
#1406 = CARTESIAN_POINT('',(13.661352196925,-35.6915509746,
    35.833333333333));
#1407 = CARTESIAN_POINT('',(15.150689302041,-30.25348761162,
    41.666666666667));
#1408 = CARTESIAN_POINT('',(15.693659290838,-24.924995942,47.5));
#1409 = CARTESIAN_POINT('',(15.33187848904,-19.84040797179,
    53.333333333333));
#1410 = CARTESIAN_POINT('',(14.12431867866,-15.12636540127,
    59.166666666667));
#1411 = CARTESIAN_POINT('',(12.805538744348,-12.30857049721,
    63.055555555555));
#1412 = CARTESIAN_POINT('',(12.032704831705,-10.99839528597,65.));
#1413 = CARTESIAN_POINT('',(-17.20502200695,-47.95091869842,-5.));
#1414 = CARTESIAN_POINT('',(-15.21425559996,-47.46023364448,
    -3.055555555556));
#1415 = CARTESIAN_POINT('',(-11.39298742913,-46.23872203272,
    0.833333333333));
#1416 = CARTESIAN_POINT('',(-6.220724697427,-43.77337680838,
    6.666666666667));
#1417 = CARTESIAN_POINT('',(-1.674077739452,-40.7705538061,12.5));
#1418 = CARTESIAN_POINT('',(2.194681808322,-37.33238904378,
    18.333333333333));
#1419 = CARTESIAN_POINT('',(5.347602742825,-33.56574805457,
    24.166666666667));
#1420 = CARTESIAN_POINT('',(7.761445378102,-29.58036902014,30.));
#1421 = CARTESIAN_POINT('',(9.427840603224,-25.48697053511,
    35.833333333333));
#1422 = CARTESIAN_POINT('',(10.353153585295,-21.39539042301,
    41.666666666667));
#1423 = CARTESIAN_POINT('',(10.558263664343,-17.41274019558,47.5));
#1424 = CARTESIAN_POINT('',(10.078048194512,-13.64158591993,
    53.333333333333));
#1425 = CARTESIAN_POINT('',(8.960645528245,-10.17821431918,
    59.166666666667));
#1426 = CARTESIAN_POINT('',(7.831220074437,-8.133403827256,
    63.055555555555));
#1427 = CARTESIAN_POINT('',(7.182321426623,-7.190185191458,65.));
#1428 = DEFINITIONAL_REPRESENTATION('',(#1429),#1435);
#1429 = B_SPLINE_CURVE_WITH_KNOTS('',4,(#1430,#1431,#1432,#1433,#1434),
  .UNSPECIFIED.,.F.,.F.,(5,5),(0.,1.),.PIECEWISE_BEZIER_KNOTS.);
#1430 = CARTESIAN_POINT('',(3.,7.142857142857E-02));
#1431 = CARTESIAN_POINT('',(2.75,7.142857142857E-02));
#1432 = CARTESIAN_POINT('',(2.5,7.142857142857E-02));
#1433 = CARTESIAN_POINT('',(2.25,7.142857142857E-02));
#1434 = CARTESIAN_POINT('',(2.,7.142857142857E-02));
#1435 = ( GEOMETRIC_REPRESENTATION_CONTEXT(2) 
PARAMETRIC_REPRESENTATION_CONTEXT() REPRESENTATION_CONTEXT('2D SPACE',''
  ) );
#1436 = ORIENTED_EDGE('',*,*,#1437,.T.);
#1437 = EDGE_CURVE('',#1378,#1438,#1440,.T.);
#1438 = VERTEX_POINT('',#1439);
#1439 = CARTESIAN_POINT('',(-14.46386068965,-63.37031429581,0.));
#1440 = SURFACE_CURVE('',#1441,(#1447,#1456),.PCURVE_S1.);
#1441 = B_SPLINE_CURVE_WITH_KNOTS('',4,(#1442,#1443,#1444,#1445,#1446),
  .UNSPECIFIED.,.F.,.F.,(5,5),(0.,1.),.PIECEWISE_BEZIER_KNOTS.);
#1442 = CARTESIAN_POINT('',(-16.30682285802,-62.94967020733,0.));
#1443 = CARTESIAN_POINT('',(-15.38534178259,-63.15999224957,0.));
#1444 = CARTESIAN_POINT('',(-14.46386070716,-63.37031429181,0.));
#1445 = CARTESIAN_POINT('',(-13.54237963173,-63.58063633405,0.));
#1446 = CARTESIAN_POINT('',(-12.6208985563,-63.7909583763,0.));
#1447 = PCURVE('',#33,#1448);
#1448 = DEFINITIONAL_REPRESENTATION('',(#1449),#1455);
#1449 = B_SPLINE_CURVE_WITH_KNOTS('',4,(#1450,#1451,#1452,#1453,#1454),
  .UNSPECIFIED.,.F.,.F.,(5,5),(0.,1.),.PIECEWISE_BEZIER_KNOTS.);
#1450 = CARTESIAN_POINT('',(-16.30682285802,-62.94967020733));
#1451 = CARTESIAN_POINT('',(-15.38534178259,-63.15999224957));
#1452 = CARTESIAN_POINT('',(-14.46386070716,-63.37031429181));
#1453 = CARTESIAN_POINT('',(-13.54237963173,-63.58063633405));
#1454 = CARTESIAN_POINT('',(-12.6208985563,-63.7909583763));
#1455 = ( GEOMETRIC_REPRESENTATION_CONTEXT(2) 
PARAMETRIC_REPRESENTATION_CONTEXT() REPRESENTATION_CONTEXT('2D SPACE',''
  ) );
#1456 = PCURVE('',#1457,#1488);
#1457 = ( BOUNDED_SURFACE() B_SPLINE_SURFACE(1,3,(
    (#1458,#1459,#1460,#1461,#1462,#1463,#1464,#1465,#1466,#1467,#1468
      ,#1469,#1470,#1471,#1472)
    ,(#1473,#1474,#1475,#1476,#1477,#1478,#1479,#1480,#1481,#1482,#1483
      ,#1484,#1485,#1486,#1487
)),.UNSPECIFIED.,.F.,.F.,.F.) B_SPLINE_SURFACE_WITH_KNOTS((2,2),(4,1,1,1
    ,1,1,1,1,1,1,1,1,4),(1.,2.),(0.,8.333333333333E-02,0.166666666667,
    0.25,0.333333333333,0.416666666667,0.5,0.583333333333,0.666666666667
    ,0.75,0.833333333333,0.916666666667,1.),.UNSPECIFIED.) 
GEOMETRIC_REPRESENTATION_ITEM() RATIONAL_B_SPLINE_SURFACE((
    (1.,1.,1.,1.,1.,1.,1.,1.,1.,1.,1.,1.,1.,1.,1.)
    ,(1.,1.,1.,1.,1.,1.,1.,1.,1.,1.,1.,1.,1.,1.,1.
))) REPRESENTATION_ITEM('') SURFACE() );
#1458 = CARTESIAN_POINT('',(-19.22340882081,-66.03662037307,-5.));
#1459 = CARTESIAN_POINT('',(-16.55840302972,-65.29343757266,
    -3.055555555556));
#1460 = CARTESIAN_POINT('',(-11.4459534257,-63.49244518438,
    0.833333333333));
#1461 = CARTESIAN_POINT('',(-4.53095548942,-59.96246764872,
    6.666666666667));
#1462 = CARTESIAN_POINT('',(1.546179811723,-55.72965355627,12.5));
#1463 = CARTESIAN_POINT('',(6.719065051908,-50.92768042596,
    18.333333333333));
#1464 = CARTESIAN_POINT('',(10.93981709833,-45.69591502088,
    24.166666666667));
#1465 = CARTESIAN_POINT('',(14.179469376688,-40.17702906853,30.));
#1466 = CARTESIAN_POINT('',(16.428083408239,-34.51458886894,
    35.833333333333));
#1467 = CARTESIAN_POINT('',(17.694484108908,-28.85070675378,
    41.666666666667));
#1468 = CARTESIAN_POINT('',(18.005891088587,-23.32373211651,47.5));
#1469 = CARTESIAN_POINT('',(17.407179948419,-18.06600317061,
    53.333333333333));
#1470 = CARTESIAN_POINT('',(15.95987844521,-13.20173279267,
    59.166666666667));
#1471 = CARTESIAN_POINT('',(14.480571863909,-10.29727398967,
    63.055555555555));
#1472 = CARTESIAN_POINT('',(13.627453988053,-8.946685544768,65.));
#1473 = CARTESIAN_POINT('',(-22.94024305752,-64.83918510785,-5.));
#1474 = CARTESIAN_POINT('',(-20.26934787939,-64.23712958547,
    -3.055555555556));
#1475 = CARTESIAN_POINT('',(-15.13042596082,-62.71264572372,
    0.833333333333));
#1476 = CARTESIAN_POINT('',(-8.135708096979,-59.57619827689,
    6.666666666667));
#1477 = CARTESIAN_POINT('',(-1.943270716836,-55.71242876077,12.5));
#1478 = CARTESIAN_POINT('',(3.375827544711,-51.25254760348,
    18.333333333333));
#1479 = CARTESIAN_POINT('',(7.768918533691,-46.33426688747,
    24.166666666667));
#1480 = CARTESIAN_POINT('',(11.202272551406,-41.09942323122,30.));
#1481 = CARTESIAN_POINT('',(13.661352196925,-35.6915509746,
    35.833333333333));
#1482 = CARTESIAN_POINT('',(15.150689302041,-30.25348761162,
    41.666666666667));
#1483 = CARTESIAN_POINT('',(15.693659290838,-24.924995942,47.5));
#1484 = CARTESIAN_POINT('',(15.33187848904,-19.84040797179,
    53.333333333333));
#1485 = CARTESIAN_POINT('',(14.12431867866,-15.12636540127,
    59.166666666667));
#1486 = CARTESIAN_POINT('',(12.805538744348,-12.30857049721,
    63.055555555555));
#1487 = CARTESIAN_POINT('',(12.032704831705,-10.99839528597,65.));
#1488 = DEFINITIONAL_REPRESENTATION('',(#1489),#1495);
#1489 = B_SPLINE_CURVE_WITH_KNOTS('',4,(#1490,#1491,#1492,#1493,#1494),
  .UNSPECIFIED.,.F.,.F.,(5,5),(0.,1.),.PIECEWISE_BEZIER_KNOTS.);
#1490 = CARTESIAN_POINT('',(2.,7.142857142857E-02));
#1491 = CARTESIAN_POINT('',(1.75,7.142857142857E-02));
#1492 = CARTESIAN_POINT('',(1.5,7.142857142857E-02));
#1493 = CARTESIAN_POINT('',(1.25,7.142857142857E-02));
#1494 = CARTESIAN_POINT('',(1.,7.142857142857E-02));
#1495 = ( GEOMETRIC_REPRESENTATION_CONTEXT(2) 
PARAMETRIC_REPRESENTATION_CONTEXT() REPRESENTATION_CONTEXT('2D SPACE',''
  ) );
#1496 = ORIENTED_EDGE('',*,*,#1497,.T.);
#1497 = EDGE_CURVE('',#1438,#1498,#1500,.T.);
#1498 = VERTEX_POINT('',#1499);
#1499 = CARTESIAN_POINT('',(-12.6208985563,-63.7909583763,
    1.389100474858E-15));
#1500 = SURFACE_CURVE('',#1501,(#1507,#1516),.PCURVE_S1.);
#1501 = B_SPLINE_CURVE_WITH_KNOTS('',4,(#1502,#1503,#1504,#1505,#1506),
  .UNSPECIFIED.,.F.,.F.,(5,5),(0.,1.),.PIECEWISE_BEZIER_KNOTS.);
#1502 = CARTESIAN_POINT('',(-16.30682285802,-62.94967020733,0.));
#1503 = CARTESIAN_POINT('',(-15.38534178259,-63.15999224957,0.));
#1504 = CARTESIAN_POINT('',(-14.46386070716,-63.37031429181,0.));
#1505 = CARTESIAN_POINT('',(-13.54237963173,-63.58063633405,0.));
#1506 = CARTESIAN_POINT('',(-12.6208985563,-63.7909583763,0.));
#1507 = PCURVE('',#33,#1508);
#1508 = DEFINITIONAL_REPRESENTATION('',(#1509),#1515);
#1509 = B_SPLINE_CURVE_WITH_KNOTS('',4,(#1510,#1511,#1512,#1513,#1514),
  .UNSPECIFIED.,.F.,.F.,(5,5),(0.,1.),.PIECEWISE_BEZIER_KNOTS.);
#1510 = CARTESIAN_POINT('',(-16.30682285802,-62.94967020733));
#1511 = CARTESIAN_POINT('',(-15.38534178259,-63.15999224957));
#1512 = CARTESIAN_POINT('',(-14.46386070716,-63.37031429181));
#1513 = CARTESIAN_POINT('',(-13.54237963173,-63.58063633405));
#1514 = CARTESIAN_POINT('',(-12.6208985563,-63.7909583763));
#1515 = ( GEOMETRIC_REPRESENTATION_CONTEXT(2) 
PARAMETRIC_REPRESENTATION_CONTEXT() REPRESENTATION_CONTEXT('2D SPACE',''
  ) );
#1516 = PCURVE('',#1517,#1548);
#1517 = ( BOUNDED_SURFACE() B_SPLINE_SURFACE(1,3,(
    (#1518,#1519,#1520,#1521,#1522,#1523,#1524,#1525,#1526,#1527,#1528
      ,#1529,#1530,#1531,#1532)
    ,(#1533,#1534,#1535,#1536,#1537,#1538,#1539,#1540,#1541,#1542,#1543
      ,#1544,#1545,#1546,#1547
)),.UNSPECIFIED.,.F.,.F.,.F.) B_SPLINE_SURFACE_WITH_KNOTS((2,2),(4,1,1,1
    ,1,1,1,1,1,1,1,1,4),(1.,2.),(0.,8.333333333333E-02,0.166666666667,
    0.25,0.333333333333,0.416666666667,0.5,0.583333333333,0.666666666667
    ,0.75,0.833333333333,0.916666666667,1.),.UNSPECIFIED.) 
GEOMETRIC_REPRESENTATION_ITEM() RATIONAL_B_SPLINE_SURFACE((
    (1.,1.,1.,1.,1.,1.,1.,1.,1.,1.,1.,1.,1.,1.,1.)
    ,(1.,1.,1.,1.,1.,1.,1.,1.,1.,1.,1.,1.,1.,1.,1.
))) REPRESENTATION_ITEM('') SURFACE() );
#1518 = CARTESIAN_POINT('',(-19.22340882081,-66.03662037307,-5.));
#1519 = CARTESIAN_POINT('',(-16.55840302972,-65.29343757266,
    -3.055555555556));
#1520 = CARTESIAN_POINT('',(-11.4459534257,-63.49244518438,
    0.833333333333));
#1521 = CARTESIAN_POINT('',(-4.53095548942,-59.96246764872,
    6.666666666667));
#1522 = CARTESIAN_POINT('',(1.546179811723,-55.72965355627,12.5));
#1523 = CARTESIAN_POINT('',(6.719065051908,-50.92768042596,
    18.333333333333));
#1524 = CARTESIAN_POINT('',(10.93981709833,-45.69591502088,
    24.166666666667));
#1525 = CARTESIAN_POINT('',(14.179469376688,-40.17702906853,30.));
#1526 = CARTESIAN_POINT('',(16.428083408239,-34.51458886894,
    35.833333333333));
#1527 = CARTESIAN_POINT('',(17.694484108908,-28.85070675378,
    41.666666666667));
#1528 = CARTESIAN_POINT('',(18.005891088587,-23.32373211651,47.5));
#1529 = CARTESIAN_POINT('',(17.407179948419,-18.06600317061,
    53.333333333333));
#1530 = CARTESIAN_POINT('',(15.95987844521,-13.20173279267,
    59.166666666667));
#1531 = CARTESIAN_POINT('',(14.480571863909,-10.29727398967,
    63.055555555555));
#1532 = CARTESIAN_POINT('',(13.627453988053,-8.946685544768,65.));
#1533 = CARTESIAN_POINT('',(-22.94024305752,-64.83918510785,-5.));
#1534 = CARTESIAN_POINT('',(-20.26934787939,-64.23712958547,
    -3.055555555556));
#1535 = CARTESIAN_POINT('',(-15.13042596082,-62.71264572372,
    0.833333333333));
#1536 = CARTESIAN_POINT('',(-8.135708096979,-59.57619827689,
    6.666666666667));
#1537 = CARTESIAN_POINT('',(-1.943270716836,-55.71242876077,12.5));
#1538 = CARTESIAN_POINT('',(3.375827544711,-51.25254760348,
    18.333333333333));
#1539 = CARTESIAN_POINT('',(7.768918533691,-46.33426688747,
    24.166666666667));
#1540 = CARTESIAN_POINT('',(11.202272551406,-41.09942323122,30.));
#1541 = CARTESIAN_POINT('',(13.661352196925,-35.6915509746,
    35.833333333333));
#1542 = CARTESIAN_POINT('',(15.150689302041,-30.25348761162,
    41.666666666667));
#1543 = CARTESIAN_POINT('',(15.693659290838,-24.924995942,47.5));
#1544 = CARTESIAN_POINT('',(15.33187848904,-19.84040797179,
    53.333333333333));
#1545 = CARTESIAN_POINT('',(14.12431867866,-15.12636540127,
    59.166666666667));
#1546 = CARTESIAN_POINT('',(12.805538744348,-12.30857049721,
    63.055555555555));
#1547 = CARTESIAN_POINT('',(12.032704831705,-10.99839528597,65.));
#1548 = DEFINITIONAL_REPRESENTATION('',(#1549),#1555);
#1549 = B_SPLINE_CURVE_WITH_KNOTS('',4,(#1550,#1551,#1552,#1553,#1554),
  .UNSPECIFIED.,.F.,.F.,(5,5),(0.,1.),.PIECEWISE_BEZIER_KNOTS.);
#1550 = CARTESIAN_POINT('',(2.,7.142857142857E-02));
#1551 = CARTESIAN_POINT('',(1.75,7.142857142857E-02));
#1552 = CARTESIAN_POINT('',(1.5,7.142857142857E-02));
#1553 = CARTESIAN_POINT('',(1.25,7.142857142857E-02));
#1554 = CARTESIAN_POINT('',(1.,7.142857142857E-02));
#1555 = ( GEOMETRIC_REPRESENTATION_CONTEXT(2) 
PARAMETRIC_REPRESENTATION_CONTEXT() REPRESENTATION_CONTEXT('2D SPACE',''
  ) );
#1556 = ORIENTED_EDGE('',*,*,#1557,.T.);
#1557 = EDGE_CURVE('',#1498,#1558,#1560,.T.);
#1558 = VERTEX_POINT('',#1559);
#1559 = CARTESIAN_POINT('',(-12.61519256472,-63.76407230215,0.));
#1560 = SURFACE_CURVE('',#1561,(#1567,#1576),.PCURVE_S1.);
#1561 = B_SPLINE_CURVE_WITH_KNOTS('',4,(#1562,#1563,#1564,#1565,#1566),
  .UNSPECIFIED.,.F.,.F.,(5,5),(0.,1.),.PIECEWISE_BEZIER_KNOTS.);
#1562 = CARTESIAN_POINT('',(-12.6208985563,-63.7909583763,0.));
#1563 = CARTESIAN_POINT('',(-11.73847585553,-59.63306893049,0.));
#1564 = CARTESIAN_POINT('',(-10.85605315476,-55.47517948469,0.));
#1565 = CARTESIAN_POINT('',(-9.973630453999,-51.31729003888,0.));
#1566 = CARTESIAN_POINT('',(-9.091207753232,-47.15940059308,0.));
#1567 = PCURVE('',#33,#1568);
#1568 = DEFINITIONAL_REPRESENTATION('',(#1569),#1575);
#1569 = B_SPLINE_CURVE_WITH_KNOTS('',4,(#1570,#1571,#1572,#1573,#1574),
  .UNSPECIFIED.,.F.,.F.,(5,5),(0.,1.),.PIECEWISE_BEZIER_KNOTS.);
#1570 = CARTESIAN_POINT('',(-12.6208985563,-63.7909583763));
#1571 = CARTESIAN_POINT('',(-11.73847585553,-59.63306893049));
#1572 = CARTESIAN_POINT('',(-10.85605315476,-55.47517948469));
#1573 = CARTESIAN_POINT('',(-9.973630453999,-51.31729003888));
#1574 = CARTESIAN_POINT('',(-9.091207753232,-47.15940059308));
#1575 = ( GEOMETRIC_REPRESENTATION_CONTEXT(2) 
PARAMETRIC_REPRESENTATION_CONTEXT() REPRESENTATION_CONTEXT('2D SPACE',''
  ) );
#1576 = PCURVE('',#1577,#1608);
#1577 = ( BOUNDED_SURFACE() B_SPLINE_SURFACE(1,3,(
    (#1578,#1579,#1580,#1581,#1582,#1583,#1584,#1585,#1586,#1587,#1588
      ,#1589,#1590,#1591,#1592)
    ,(#1593,#1594,#1595,#1596,#1597,#1598,#1599,#1600,#1601,#1602,#1603
      ,#1604,#1605,#1606,#1607
)),.UNSPECIFIED.,.F.,.F.,.F.) B_SPLINE_SURFACE_WITH_KNOTS((2,2),(4,1,1,1
    ,1,1,1,1,1,1,1,1,4),(0.,1.),(0.,8.333333333333E-02,0.166666666667,
    0.25,0.333333333333,0.416666666667,0.5,0.583333333333,0.666666666667
    ,0.75,0.833333333333,0.916666666667,1.),.UNSPECIFIED.) 
GEOMETRIC_REPRESENTATION_ITEM() RATIONAL_B_SPLINE_SURFACE((
    (1.,1.,1.,1.,1.,1.,1.,1.,1.,1.,1.,1.,1.,1.,1.)
    ,(1.,1.,1.,1.,1.,1.,1.,1.,1.,1.,1.,1.,1.,1.,1.
))) REPRESENTATION_ITEM('') SURFACE() );
#1578 = CARTESIAN_POINT('',(-14.02163411142,-48.97649602745,-5.));
#1579 = CARTESIAN_POINT('',(-12.02735437392,-48.36769540835,
    -3.055555555556));
#1580 = CARTESIAN_POINT('',(-8.210951514144,-46.91317010977,
    0.833333333333));
#1581 = CARTESIAN_POINT('',(-3.079019488524,-44.11104628297,
    6.666666666667));
#1582 = CARTESIAN_POINT('',(1.397143330542,-40.78677067144,12.5));
#1583 = CARTESIAN_POINT('',(5.168293682548,-37.04453961567,
    18.333333333333));
#1584 = CARTESIAN_POINT('',(8.199567203323,-32.99275213892,
    24.166666666667));
#1585 = CARTESIAN_POINT('',(10.470778182218,-28.74216601273,30.));
#1586 = CARTESIAN_POINT('',(11.976489043738,-24.4040360576,
    35.833333333333));
#1587 = CARTESIAN_POINT('',(12.72579209333,-20.08830235406,
    41.666666666667));
#1588 = CARTESIAN_POINT('',(12.742014527543,-15.90180699945,47.5));
#1589 = CARTESIAN_POINT('',(12.062140614926,-11.9465565441,
    53.333333333333));
#1590 = CARTESIAN_POINT('',(10.736031578528,-8.318083628405,
    59.166666666667));
#1591 = CARTESIAN_POINT('',(9.462315315209,-6.175306790273,
    63.055555555555));
#1592 = CARTESIAN_POINT('',(8.740136097431,-5.185993170182,65.));
#1593 = CARTESIAN_POINT('',(-19.22340882081,-66.03662037307,-5.));
#1594 = CARTESIAN_POINT('',(-16.55840302972,-65.29343757266,
    -3.055555555556));
#1595 = CARTESIAN_POINT('',(-11.4459534257,-63.49244518438,
    0.833333333333));
#1596 = CARTESIAN_POINT('',(-4.53095548942,-59.96246764872,
    6.666666666667));
#1597 = CARTESIAN_POINT('',(1.546179811723,-55.72965355627,12.5));
#1598 = CARTESIAN_POINT('',(6.719065051908,-50.92768042596,
    18.333333333333));
#1599 = CARTESIAN_POINT('',(10.93981709833,-45.69591502088,
    24.166666666667));
#1600 = CARTESIAN_POINT('',(14.179469376688,-40.17702906853,30.));
#1601 = CARTESIAN_POINT('',(16.428083408239,-34.51458886894,
    35.833333333333));
#1602 = CARTESIAN_POINT('',(17.694484108908,-28.85070675378,
    41.666666666667));
#1603 = CARTESIAN_POINT('',(18.005891088587,-23.32373211651,47.5));
#1604 = CARTESIAN_POINT('',(17.407179948419,-18.06600317061,
    53.333333333333));
#1605 = CARTESIAN_POINT('',(15.95987844521,-13.20173279267,
    59.166666666667));
#1606 = CARTESIAN_POINT('',(14.480571863909,-10.29727398967,
    63.055555555555));
#1607 = CARTESIAN_POINT('',(13.627453988053,-8.946685544768,65.));
#1608 = DEFINITIONAL_REPRESENTATION('',(#1609),#1615);
#1609 = B_SPLINE_CURVE_WITH_KNOTS('',4,(#1610,#1611,#1612,#1613,#1614),
  .UNSPECIFIED.,.F.,.F.,(5,5),(0.,1.),.PIECEWISE_BEZIER_KNOTS.);
#1610 = CARTESIAN_POINT('',(1.,7.142857142857E-02));
#1611 = CARTESIAN_POINT('',(0.75,7.142857142857E-02));
#1612 = CARTESIAN_POINT('',(0.5,7.142857142857E-02));
#1613 = CARTESIAN_POINT('',(0.25,7.142857142857E-02));
#1614 = CARTESIAN_POINT('',(0.,7.142857142857E-02));
#1615 = ( GEOMETRIC_REPRESENTATION_CONTEXT(2) 
PARAMETRIC_REPRESENTATION_CONTEXT() REPRESENTATION_CONTEXT('2D SPACE',''
  ) );
#1616 = ORIENTED_EDGE('',*,*,#1617,.T.);
#1617 = EDGE_CURVE('',#1558,#1618,#1620,.T.);
#1618 = VERTEX_POINT('',#1619);
#1619 = CARTESIAN_POINT('',(39.032089875233,-51.97591711525,0.));
#1620 = SURFACE_CURVE('',#1621,(#1626,#1633),.PCURVE_S1.);
#1621 = CIRCLE('',#1622,65.);
#1622 = AXIS2_PLACEMENT_3D('',#1623,#1624,#1625);
#1623 = CARTESIAN_POINT('',(0.,0.,0.));
#1624 = DIRECTION('',(0.,0.,1.));
#1625 = DIRECTION('',(1.,0.,0.));
#1626 = PCURVE('',#33,#1627);
#1627 = DEFINITIONAL_REPRESENTATION('',(#1628),#1632);
#1628 = CIRCLE('',#1629,65.);
#1629 = AXIS2_PLACEMENT_2D('',#1630,#1631);
#1630 = CARTESIAN_POINT('',(0.,0.));
#1631 = DIRECTION('',(1.,0.));
#1632 = ( GEOMETRIC_REPRESENTATION_CONTEXT(2) 
PARAMETRIC_REPRESENTATION_CONTEXT() REPRESENTATION_CONTEXT('2D SPACE',''
  ) );
#1633 = PCURVE('',#45,#1634);
#1634 = DEFINITIONAL_REPRESENTATION('',(#1635),#1639);
#1635 = LINE('',#1636,#1637);
#1636 = CARTESIAN_POINT('',(-0.,0.));
#1637 = VECTOR('',#1638,1.);
#1638 = DIRECTION('',(-1.,0.));
#1639 = ( GEOMETRIC_REPRESENTATION_CONTEXT(2) 
PARAMETRIC_REPRESENTATION_CONTEXT() REPRESENTATION_CONTEXT('2D SPACE',''
  ) );
#1640 = ORIENTED_EDGE('',*,*,#1641,.T.);
#1641 = EDGE_CURVE('',#1618,#1642,#1644,.T.);
#1642 = VERTEX_POINT('',#1643);
#1643 = CARTESIAN_POINT('',(39.048896226383,-51.99766489407,
    1.389100474858E-15));
#1644 = SURFACE_CURVE('',#1645,(#1651,#1660),.PCURVE_S1.);
#1645 = B_SPLINE_CURVE_WITH_KNOTS('',4,(#1646,#1647,#1648,#1649,#1650),
  .UNSPECIFIED.,.F.,.F.,(5,5),(0.,1.),.PIECEWISE_BEZIER_KNOTS.);
#1646 = CARTESIAN_POINT('',(28.652592221164,-38.54462455023,0.));
#1647 = CARTESIAN_POINT('',(31.251668222469,-41.90788463619,0.));
#1648 = CARTESIAN_POINT('',(33.850744223774,-45.27114472215,0.));
#1649 = CARTESIAN_POINT('',(36.449820225079,-48.63440480811,0.));
#1650 = CARTESIAN_POINT('',(39.048896226383,-51.99766489407,0.));
#1651 = PCURVE('',#33,#1652);
#1652 = DEFINITIONAL_REPRESENTATION('',(#1653),#1659);
#1653 = B_SPLINE_CURVE_WITH_KNOTS('',4,(#1654,#1655,#1656,#1657,#1658),
  .UNSPECIFIED.,.F.,.F.,(5,5),(0.,1.),.PIECEWISE_BEZIER_KNOTS.);
#1654 = CARTESIAN_POINT('',(28.652592221164,-38.54462455023));
#1655 = CARTESIAN_POINT('',(31.251668222469,-41.90788463619));
#1656 = CARTESIAN_POINT('',(33.850744223774,-45.27114472215));
#1657 = CARTESIAN_POINT('',(36.449820225079,-48.63440480811));
#1658 = CARTESIAN_POINT('',(39.048896226383,-51.99766489407));
#1659 = ( GEOMETRIC_REPRESENTATION_CONTEXT(2) 
PARAMETRIC_REPRESENTATION_CONTEXT() REPRESENTATION_CONTEXT('2D SPACE',''
  ) );
#1660 = PCURVE('',#1661,#1692);
#1661 = ( BOUNDED_SURFACE() B_SPLINE_SURFACE(1,3,(
    (#1662,#1663,#1664,#1665,#1666,#1667,#1668,#1669,#1670,#1671,#1672
      ,#1673,#1674,#1675,#1676)
    ,(#1677,#1678,#1679,#1680,#1681,#1682,#1683,#1684,#1685,#1686,#1687
      ,#1688,#1689,#1690,#1691
)),.UNSPECIFIED.,.F.,.F.,.F.) B_SPLINE_SURFACE_WITH_KNOTS((2,2),(4,1,1,1
    ,1,1,1,1,1,1,1,1,4),(2.,3.),(0.,8.333333333333E-02,0.166666666667,
    0.25,0.333333333333,0.416666666667,0.5,0.583333333333,0.666666666667
    ,0.75,0.833333333333,0.916666666667,1.),.UNSPECIFIED.) 
GEOMETRIC_REPRESENTATION_ITEM() RATIONAL_B_SPLINE_SURFACE((
    (1.,1.,1.,1.,1.,1.,1.,1.,1.,1.,1.,1.,1.,1.,1.)
    ,(1.,1.,1.,1.,1.,1.,1.,1.,1.,1.,1.,1.,1.,1.,1.
))) REPRESENTATION_ITEM('') SURFACE() );
#1662 = CARTESIAN_POINT('',(36.390308616371,-58.36197491342,-5.));
#1663 = CARTESIAN_POINT('',(37.584878560172,-55.89840949842,
    -3.055555555556));
#1664 = CARTESIAN_POINT('',(39.597054491321,-50.93013841565,
    0.833333333333));
#1665 = CARTESIAN_POINT('',(41.506016389266,-43.50590478154,
    6.666666666667));
#1666 = CARTESIAN_POINT('',(42.346121295736,-36.2554413945,12.5));
#1667 = CARTESIAN_POINT('',(42.175649320056,-29.31611249621,
    18.333333333333));
#1668 = CARTESIAN_POINT('',(41.069430046933,-22.81495778657,
    24.166666666667));
#1669 = CARTESIAN_POINT('',(39.11732568689,-16.86678189106,30.));
#1670 = CARTESIAN_POINT('',(36.422491984441,-11.57244280454,
    35.833333333333));
#1671 = CARTESIAN_POINT('',(33.099429340176,-7.017455119079,
    41.666666666667));
#1672 = CARTESIAN_POINT('',(29.271983049532,-3.270683872507,47.5));
#1673 = CARTESIAN_POINT('',(25.071125458615,-0.383346747027,
    53.333333333333));
#1674 = CARTESIAN_POINT('',(20.632637340381,1.611702444503,
    59.166666666667));
#1675 = CARTESIAN_POINT('',(17.607350733304,2.337505159825,
    63.055555555555));
#1676 = CARTESIAN_POINT('',(16.101160442546,2.550160159057,65.));
#1677 = CARTESIAN_POINT('',(26.7623820896,-43.34833665981,-5.));
#1678 = CARTESIAN_POINT('',(27.619971619095,-41.48595568154,
    -3.055555555556));
#1679 = CARTESIAN_POINT('',(29.0474771195,-37.73676788984,0.833333333333
    ));
#1680 = CARTESIAN_POINT('',(30.344845673717,-32.15581244516,
    6.666666666667));
#1681 = CARTESIAN_POINT('',(30.831932125204,-26.72887119504,12.5));
#1682 = CARTESIAN_POINT('',(30.555998795991,-21.56049251607,
    18.333333333333));
#1683 = CARTESIAN_POINT('',(29.576934336198,-16.74697742371,
    24.166666666667));
#1684 = CARTESIAN_POINT('',(27.966045803901,-12.37491607322,30.));
#1685 = CARTESIAN_POINT('',(25.804678426748,-8.519883613628,
    35.833333333333));
#1686 = CARTESIAN_POINT('',(23.182675489913,-5.245386319722,
    41.666666666667));
#1687 = CARTESIAN_POINT('',(20.196798200995,-2.60188300138,47.5));
#1688 = CARTESIAN_POINT('',(16.948981614919,-0.626054341962,
    53.333333333333));
#1689 = CARTESIAN_POINT('',(13.544519494974,0.659701948077,
    59.166666666667));
#1690 = CARTESIAN_POINT('',(11.241637024298,1.051600059637,
    63.055555555555));
#1691 = CARTESIAN_POINT('',(10.099617310628,1.132357868189,65.));
#1692 = DEFINITIONAL_REPRESENTATION('',(#1693),#1699);
#1693 = B_SPLINE_CURVE_WITH_KNOTS('',4,(#1694,#1695,#1696,#1697,#1698),
  .UNSPECIFIED.,.F.,.F.,(5,5),(0.,1.),.PIECEWISE_BEZIER_KNOTS.);
#1694 = CARTESIAN_POINT('',(3.,7.142857142857E-02));
#1695 = CARTESIAN_POINT('',(2.75,7.142857142857E-02));
#1696 = CARTESIAN_POINT('',(2.5,7.142857142857E-02));
#1697 = CARTESIAN_POINT('',(2.25,7.142857142857E-02));
#1698 = CARTESIAN_POINT('',(2.,7.142857142857E-02));
#1699 = ( GEOMETRIC_REPRESENTATION_CONTEXT(2) 
PARAMETRIC_REPRESENTATION_CONTEXT() REPRESENTATION_CONTEXT('2D SPACE',''
  ) );
#1700 = ORIENTED_EDGE('',*,*,#1701,.T.);
#1701 = EDGE_CURVE('',#1642,#1702,#1704,.T.);
#1702 = VERTEX_POINT('',#1703);
#1703 = CARTESIAN_POINT('',(40.526837521142,-50.81904604117,0.));
#1704 = SURFACE_CURVE('',#1705,(#1711,#1720),.PCURVE_S1.);
#1705 = B_SPLINE_CURVE_WITH_KNOTS('',4,(#1706,#1707,#1708,#1709,#1710),
  .UNSPECIFIED.,.F.,.F.,(5,5),(0.,1.),.PIECEWISE_BEZIER_KNOTS.);
#1706 = CARTESIAN_POINT('',(39.048896226383,-51.99766489407,0.));
#1707 = CARTESIAN_POINT('',(39.7878666736,-51.40835562724,0.));
#1708 = CARTESIAN_POINT('',(40.526837120818,-50.81904636042,0.));
#1709 = CARTESIAN_POINT('',(41.265807568035,-50.22973709359,0.));
#1710 = CARTESIAN_POINT('',(42.004778015252,-49.64042782676,0.));
#1711 = PCURVE('',#33,#1712);
#1712 = DEFINITIONAL_REPRESENTATION('',(#1713),#1719);
#1713 = B_SPLINE_CURVE_WITH_KNOTS('',4,(#1714,#1715,#1716,#1717,#1718),
  .UNSPECIFIED.,.F.,.F.,(5,5),(0.,1.),.PIECEWISE_BEZIER_KNOTS.);
#1714 = CARTESIAN_POINT('',(39.048896226383,-51.99766489407));
#1715 = CARTESIAN_POINT('',(39.7878666736,-51.40835562724));
#1716 = CARTESIAN_POINT('',(40.526837120818,-50.81904636042));
#1717 = CARTESIAN_POINT('',(41.265807568035,-50.22973709359));
#1718 = CARTESIAN_POINT('',(42.004778015252,-49.64042782676));
#1719 = ( GEOMETRIC_REPRESENTATION_CONTEXT(2) 
PARAMETRIC_REPRESENTATION_CONTEXT() REPRESENTATION_CONTEXT('2D SPACE',''
  ) );
#1720 = PCURVE('',#1721,#1752);
#1721 = ( BOUNDED_SURFACE() B_SPLINE_SURFACE(1,3,(
    (#1722,#1723,#1724,#1725,#1726,#1727,#1728,#1729,#1730,#1731,#1732
      ,#1733,#1734,#1735,#1736)
    ,(#1737,#1738,#1739,#1740,#1741,#1742,#1743,#1744,#1745,#1746,#1747
      ,#1748,#1749,#1750,#1751
)),.UNSPECIFIED.,.F.,.F.,.F.) B_SPLINE_SURFACE_WITH_KNOTS((2,2),(4,1,1,1
    ,1,1,1,1,1,1,1,1,4),(1.,2.),(0.,8.333333333333E-02,0.166666666667,
    0.25,0.333333333333,0.416666666667,0.5,0.583333333333,0.666666666667
    ,0.75,0.833333333333,0.916666666667,1.),.UNSPECIFIED.) 
GEOMETRIC_REPRESENTATION_ITEM() RATIONAL_B_SPLINE_SURFACE((
    (1.,1.,1.,1.,1.,1.,1.,1.,1.,1.,1.,1.,1.,1.,1.)
    ,(1.,1.,1.,1.,1.,1.,1.,1.,1.,1.,1.,1.,1.,1.,1.
))) REPRESENTATION_ITEM('') SURFACE() );
#1722 = CARTESIAN_POINT('',(39.643909446721,-56.20262556829,-5.));
#1723 = CARTESIAN_POINT('',(40.724469668771,-53.65567324288,
    -3.055555555556));
#1724 = CARTESIAN_POINT('',(42.503957310549,-48.53569880261,
    0.833333333333));
#1725 = CARTESIAN_POINT('',(44.055540433913,-40.92843072055,
    6.666666666667));
#1726 = CARTESIAN_POINT('',(44.535225001781,-33.53801859909,12.5));
#1727 = CARTESIAN_POINT('',(44.006132423978,-26.49971278757,
    18.333333333333));
#1728 = CARTESIAN_POINT('',(42.547369378519,-19.9378435822,
    24.166666666667));
#1729 = CARTESIAN_POINT('',(40.252420749947,-13.96401232982,30.));
#1730 = CARTESIAN_POINT('',(37.227334651303,-8.675501369962,
    35.833333333333));
#1731 = CARTESIAN_POINT('',(33.588721222613,-4.154016695024,
    41.666666666667));
#1732 = CARTESIAN_POINT('',(29.461717524455,-0.464536592983,47.5));
#1733 = CARTESIAN_POINT('',(24.977769218112,2.345512567435,
    53.333333333333));
#1734 = CARTESIAN_POINT('',(20.27235176994,4.246789661729,
    59.166666666667));
#1735 = CARTESIAN_POINT('',(17.079221870957,4.901121647837,
    63.055555555555));
#1736 = CARTESIAN_POINT('',(15.491379009491,5.076205356144,65.));
#1737 = CARTESIAN_POINT('',(36.390308616371,-58.36197491342,-5.));
#1738 = CARTESIAN_POINT('',(37.584878560172,-55.89840949842,
    -3.055555555556));
#1739 = CARTESIAN_POINT('',(39.597054491321,-50.93013841565,
    0.833333333333));
#1740 = CARTESIAN_POINT('',(41.506016389266,-43.50590478154,
    6.666666666667));
#1741 = CARTESIAN_POINT('',(42.346121295736,-36.2554413945,12.5));
#1742 = CARTESIAN_POINT('',(42.175649320056,-29.31611249621,
    18.333333333333));
#1743 = CARTESIAN_POINT('',(41.069430046933,-22.81495778657,
    24.166666666667));
#1744 = CARTESIAN_POINT('',(39.11732568689,-16.86678189106,30.));
#1745 = CARTESIAN_POINT('',(36.422491984441,-11.57244280454,
    35.833333333333));
#1746 = CARTESIAN_POINT('',(33.099429340176,-7.017455119079,
    41.666666666667));
#1747 = CARTESIAN_POINT('',(29.271983049532,-3.270683872507,47.5));
#1748 = CARTESIAN_POINT('',(25.071125458615,-0.383346747027,
    53.333333333333));
#1749 = CARTESIAN_POINT('',(20.632637340381,1.611702444503,
    59.166666666667));
#1750 = CARTESIAN_POINT('',(17.607350733304,2.337505159825,
    63.055555555555));
#1751 = CARTESIAN_POINT('',(16.101160442546,2.550160159057,65.));
#1752 = DEFINITIONAL_REPRESENTATION('',(#1753),#1759);
#1753 = B_SPLINE_CURVE_WITH_KNOTS('',4,(#1754,#1755,#1756,#1757,#1758),
  .UNSPECIFIED.,.F.,.F.,(5,5),(0.,1.),.PIECEWISE_BEZIER_KNOTS.);
#1754 = CARTESIAN_POINT('',(2.,7.142857142857E-02));
#1755 = CARTESIAN_POINT('',(1.75,7.142857142857E-02));
#1756 = CARTESIAN_POINT('',(1.5,7.142857142857E-02));
#1757 = CARTESIAN_POINT('',(1.25,7.142857142857E-02));
#1758 = CARTESIAN_POINT('',(1.,7.142857142857E-02));
#1759 = ( GEOMETRIC_REPRESENTATION_CONTEXT(2) 
PARAMETRIC_REPRESENTATION_CONTEXT() REPRESENTATION_CONTEXT('2D SPACE',''
  ) );
#1760 = ORIENTED_EDGE('',*,*,#1761,.T.);
#1761 = EDGE_CURVE('',#1702,#1762,#1764,.T.);
#1762 = VERTEX_POINT('',#1763);
#1763 = CARTESIAN_POINT('',(42.004778015252,-49.64042782676,
    1.389100474858E-15));
#1764 = SURFACE_CURVE('',#1765,(#1771,#1780),.PCURVE_S1.);
#1765 = B_SPLINE_CURVE_WITH_KNOTS('',4,(#1766,#1767,#1768,#1769,#1770),
  .UNSPECIFIED.,.F.,.F.,(5,5),(0.,1.),.PIECEWISE_BEZIER_KNOTS.);
#1766 = CARTESIAN_POINT('',(39.048896226383,-51.99766489407,0.));
#1767 = CARTESIAN_POINT('',(39.7878666736,-51.40835562724,0.));
#1768 = CARTESIAN_POINT('',(40.526837120818,-50.81904636042,0.));
#1769 = CARTESIAN_POINT('',(41.265807568035,-50.22973709359,0.));
#1770 = CARTESIAN_POINT('',(42.004778015252,-49.64042782676,0.));
#1771 = PCURVE('',#33,#1772);
#1772 = DEFINITIONAL_REPRESENTATION('',(#1773),#1779);
#1773 = B_SPLINE_CURVE_WITH_KNOTS('',4,(#1774,#1775,#1776,#1777,#1778),
  .UNSPECIFIED.,.F.,.F.,(5,5),(0.,1.),.PIECEWISE_BEZIER_KNOTS.);
#1774 = CARTESIAN_POINT('',(39.048896226383,-51.99766489407));
#1775 = CARTESIAN_POINT('',(39.7878666736,-51.40835562724));
#1776 = CARTESIAN_POINT('',(40.526837120818,-50.81904636042));
#1777 = CARTESIAN_POINT('',(41.265807568035,-50.22973709359));
#1778 = CARTESIAN_POINT('',(42.004778015252,-49.64042782676));
#1779 = ( GEOMETRIC_REPRESENTATION_CONTEXT(2) 
PARAMETRIC_REPRESENTATION_CONTEXT() REPRESENTATION_CONTEXT('2D SPACE',''
  ) );
#1780 = PCURVE('',#1781,#1812);
#1781 = ( BOUNDED_SURFACE() B_SPLINE_SURFACE(1,3,(
    (#1782,#1783,#1784,#1785,#1786,#1787,#1788,#1789,#1790,#1791,#1792
      ,#1793,#1794,#1795,#1796)
    ,(#1797,#1798,#1799,#1800,#1801,#1802,#1803,#1804,#1805,#1806,#1807
      ,#1808,#1809,#1810,#1811
)),.UNSPECIFIED.,.F.,.F.,.F.) B_SPLINE_SURFACE_WITH_KNOTS((2,2),(4,1,1,1
    ,1,1,1,1,1,1,1,1,4),(1.,2.),(0.,8.333333333333E-02,0.166666666667,
    0.25,0.333333333333,0.416666666667,0.5,0.583333333333,0.666666666667
    ,0.75,0.833333333333,0.916666666667,1.),.UNSPECIFIED.) 
GEOMETRIC_REPRESENTATION_ITEM() RATIONAL_B_SPLINE_SURFACE((
    (1.,1.,1.,1.,1.,1.,1.,1.,1.,1.,1.,1.,1.,1.,1.)
    ,(1.,1.,1.,1.,1.,1.,1.,1.,1.,1.,1.,1.,1.,1.,1.
))) REPRESENTATION_ITEM('') SURFACE() );
#1782 = CARTESIAN_POINT('',(39.643909446721,-56.20262556829,-5.));
#1783 = CARTESIAN_POINT('',(40.724469668771,-53.65567324288,
    -3.055555555556));
#1784 = CARTESIAN_POINT('',(42.503957310549,-48.53569880261,
    0.833333333333));
#1785 = CARTESIAN_POINT('',(44.055540433913,-40.92843072055,
    6.666666666667));
#1786 = CARTESIAN_POINT('',(44.535225001781,-33.53801859909,12.5));
#1787 = CARTESIAN_POINT('',(44.006132423978,-26.49971278757,
    18.333333333333));
#1788 = CARTESIAN_POINT('',(42.547369378519,-19.9378435822,
    24.166666666667));
#1789 = CARTESIAN_POINT('',(40.252420749947,-13.96401232982,30.));
#1790 = CARTESIAN_POINT('',(37.227334651303,-8.675501369962,
    35.833333333333));
#1791 = CARTESIAN_POINT('',(33.588721222613,-4.154016695024,
    41.666666666667));
#1792 = CARTESIAN_POINT('',(29.461717524455,-0.464536592983,47.5));
#1793 = CARTESIAN_POINT('',(24.977769218112,2.345512567435,
    53.333333333333));
#1794 = CARTESIAN_POINT('',(20.27235176994,4.246789661729,
    59.166666666667));
#1795 = CARTESIAN_POINT('',(17.079221870957,4.901121647837,
    63.055555555555));
#1796 = CARTESIAN_POINT('',(15.491379009491,5.076205356144,65.));
#1797 = CARTESIAN_POINT('',(36.390308616371,-58.36197491342,-5.));
#1798 = CARTESIAN_POINT('',(37.584878560172,-55.89840949842,
    -3.055555555556));
#1799 = CARTESIAN_POINT('',(39.597054491321,-50.93013841565,
    0.833333333333));
#1800 = CARTESIAN_POINT('',(41.506016389266,-43.50590478154,
    6.666666666667));
#1801 = CARTESIAN_POINT('',(42.346121295736,-36.2554413945,12.5));
#1802 = CARTESIAN_POINT('',(42.175649320056,-29.31611249621,
    18.333333333333));
#1803 = CARTESIAN_POINT('',(41.069430046933,-22.81495778657,
    24.166666666667));
#1804 = CARTESIAN_POINT('',(39.11732568689,-16.86678189106,30.));
#1805 = CARTESIAN_POINT('',(36.422491984441,-11.57244280454,
    35.833333333333));
#1806 = CARTESIAN_POINT('',(33.099429340176,-7.017455119079,
    41.666666666667));
#1807 = CARTESIAN_POINT('',(29.271983049532,-3.270683872507,47.5));
#1808 = CARTESIAN_POINT('',(25.071125458615,-0.383346747027,
    53.333333333333));
#1809 = CARTESIAN_POINT('',(20.632637340381,1.611702444503,
    59.166666666667));
#1810 = CARTESIAN_POINT('',(17.607350733304,2.337505159825,
    63.055555555555));
#1811 = CARTESIAN_POINT('',(16.101160442546,2.550160159057,65.));
#1812 = DEFINITIONAL_REPRESENTATION('',(#1813),#1819);
#1813 = B_SPLINE_CURVE_WITH_KNOTS('',4,(#1814,#1815,#1816,#1817,#1818),
  .UNSPECIFIED.,.F.,.F.,(5,5),(0.,1.),.PIECEWISE_BEZIER_KNOTS.);
#1814 = CARTESIAN_POINT('',(2.,7.142857142857E-02));
#1815 = CARTESIAN_POINT('',(1.75,7.142857142857E-02));
#1816 = CARTESIAN_POINT('',(1.5,7.142857142857E-02));
#1817 = CARTESIAN_POINT('',(1.25,7.142857142857E-02));
#1818 = CARTESIAN_POINT('',(1.,7.142857142857E-02));
#1819 = ( GEOMETRIC_REPRESENTATION_CONTEXT(2) 
PARAMETRIC_REPRESENTATION_CONTEXT() REPRESENTATION_CONTEXT('2D SPACE',''
  ) );
#1820 = ORIENTED_EDGE('',*,*,#1821,.T.);
#1821 = EDGE_CURVE('',#1762,#22,#1822,.T.);
#1822 = SURFACE_CURVE('',#1823,(#1829,#1838),.PCURVE_S1.);
#1823 = B_SPLINE_CURVE_WITH_KNOTS('',4,(#1824,#1825,#1826,#1827,#1828),
  .UNSPECIFIED.,.F.,.F.,(5,5),(0.,1.),.PIECEWISE_BEZIER_KNOTS.);
#1824 = CARTESIAN_POINT('',(42.004778015252,-49.64042782676,0.));
#1825 = CARTESIAN_POINT('',(39.304190700758,-46.35812031175,0.));
#1826 = CARTESIAN_POINT('',(36.603603386263,-43.07581279673,0.));
#1827 = CARTESIAN_POINT('',(33.903016071769,-39.79350528171,0.));
#1828 = CARTESIAN_POINT('',(31.202428757274,-36.51119776669,0.));
#1829 = PCURVE('',#33,#1830);
#1830 = DEFINITIONAL_REPRESENTATION('',(#1831),#1837);
#1831 = B_SPLINE_CURVE_WITH_KNOTS('',4,(#1832,#1833,#1834,#1835,#1836),
  .UNSPECIFIED.,.F.,.F.,(5,5),(0.,1.),.PIECEWISE_BEZIER_KNOTS.);
#1832 = CARTESIAN_POINT('',(42.004778015252,-49.64042782676));
#1833 = CARTESIAN_POINT('',(39.304190700758,-46.35812031175));
#1834 = CARTESIAN_POINT('',(36.603603386263,-43.07581279673));
#1835 = CARTESIAN_POINT('',(33.903016071769,-39.79350528171));
#1836 = CARTESIAN_POINT('',(31.202428757274,-36.51119776669));
#1837 = ( GEOMETRIC_REPRESENTATION_CONTEXT(2) 
PARAMETRIC_REPRESENTATION_CONTEXT() REPRESENTATION_CONTEXT('2D SPACE',''
  ) );
#1838 = PCURVE('',#1839,#1870);
#1839 = ( BOUNDED_SURFACE() B_SPLINE_SURFACE(1,3,(
    (#1840,#1841,#1842,#1843,#1844,#1845,#1846,#1847,#1848,#1849,#1850
      ,#1851,#1852,#1853,#1854)
    ,(#1855,#1856,#1857,#1858,#1859,#1860,#1861,#1862,#1863,#1864,#1865
      ,#1866,#1867,#1868,#1869
)),.UNSPECIFIED.,.F.,.F.,.F.) B_SPLINE_SURFACE_WITH_KNOTS((2,2),(4,1,1,1
    ,1,1,1,1,1,1,1,1,4),(0.,1.),(0.,8.333333333333E-02,0.166666666667,
    0.25,0.333333333333,0.416666666667,0.5,0.583333333333,0.666666666667
    ,0.75,0.833333333333,0.916666666667,1.),.UNSPECIFIED.) 
GEOMETRIC_REPRESENTATION_ITEM() RATIONAL_B_SPLINE_SURFACE((
    (1.,1.,1.,1.,1.,1.,1.,1.,1.,1.,1.,1.,1.,1.,1.)
    ,(1.,1.,1.,1.,1.,1.,1.,1.,1.,1.,1.,1.,1.,1.,1.
))) REPRESENTATION_ITEM('') SURFACE() );
#1840 = CARTESIAN_POINT('',(29.549020621368,-41.49890078785,-5.));
#1841 = CARTESIAN_POINT('',(30.316454209197,-39.56012912685,
    -3.055555555556));
#1842 = CARTESIAN_POINT('',(31.558748801576,-35.66946353108,
    0.833333333333));
#1843 = CARTESIAN_POINT('',(32.567667457812,-29.91006187801,
    6.666666666667));
#1844 = CARTESIAN_POINT('',(32.759485997468,-24.33780492305,12.5));
#1845 = CARTESIAN_POINT('',(32.184965729148,-19.05615795326,
    18.333333333333));
#1846 = CARTESIAN_POINT('',(30.907118846401,-14.1599647117,
    24.166666666667));
#1847 = CARTESIAN_POINT('',(28.999953677216,-9.734063363473,30.));
#1848 = CARTESIAN_POINT('',(26.547062469963,-5.852071422281,
    35.833333333333));
#1849 = CARTESIAN_POINT('',(23.640068800507,-2.575426756504,
    41.666666666667));
#1850 = CARTESIAN_POINT('',(20.377049453364,4.749361241189E-02,47.5));
#1851 = CARTESIAN_POINT('',(16.860815675256,1.982005106129,
    53.333333333333));
#1852 = CARTESIAN_POINT('',(13.197145856134,3.207527171546,
    59.166666666667));
#1853 = CARTESIAN_POINT('',(10.727706363539,3.547695203385,
    63.055555555555));
#1854 = CARTESIAN_POINT('',(9.503958451918,3.59989970791,65.));
#1855 = CARTESIAN_POINT('',(39.643909446721,-56.20262556829,-5.));
#1856 = CARTESIAN_POINT('',(40.724469668771,-53.65567324288,
    -3.055555555556));
#1857 = CARTESIAN_POINT('',(42.503957310549,-48.53569880261,
    0.833333333333));
#1858 = CARTESIAN_POINT('',(44.055540433913,-40.92843072055,
    6.666666666667));
#1859 = CARTESIAN_POINT('',(44.535225001781,-33.53801859909,12.5));
#1860 = CARTESIAN_POINT('',(44.006132423978,-26.49971278757,
    18.333333333333));
#1861 = CARTESIAN_POINT('',(42.547369378519,-19.9378435822,
    24.166666666667));
#1862 = CARTESIAN_POINT('',(40.252420749947,-13.96401232982,30.));
#1863 = CARTESIAN_POINT('',(37.227334651303,-8.675501369962,
    35.833333333333));
#1864 = CARTESIAN_POINT('',(33.588721222613,-4.154016695024,
    41.666666666667));
#1865 = CARTESIAN_POINT('',(29.461717524455,-0.464536592983,47.5));
#1866 = CARTESIAN_POINT('',(24.977769218112,2.345512567435,
    53.333333333333));
#1867 = CARTESIAN_POINT('',(20.27235176994,4.246789661729,
    59.166666666667));
#1868 = CARTESIAN_POINT('',(17.079221870957,4.901121647837,
    63.055555555555));
#1869 = CARTESIAN_POINT('',(15.491379009491,5.076205356144,65.));
#1870 = DEFINITIONAL_REPRESENTATION('',(#1871),#1877);
#1871 = B_SPLINE_CURVE_WITH_KNOTS('',4,(#1872,#1873,#1874,#1875,#1876),
  .UNSPECIFIED.,.F.,.F.,(5,5),(0.,1.),.PIECEWISE_BEZIER_KNOTS.);
#1872 = CARTESIAN_POINT('',(1.,7.142857142857E-02));
#1873 = CARTESIAN_POINT('',(0.75,7.142857142857E-02));
#1874 = CARTESIAN_POINT('',(0.5,7.142857142857E-02));
#1875 = CARTESIAN_POINT('',(0.25,7.142857142857E-02));
#1876 = CARTESIAN_POINT('',(0.,7.142857142857E-02));
#1877 = ( GEOMETRIC_REPRESENTATION_CONTEXT(2) 
PARAMETRIC_REPRESENTATION_CONTEXT() REPRESENTATION_CONTEXT('2D SPACE',''
  ) );
#1878 = FACE_BOUND('',#1879,.F.);
#1879 = EDGE_LOOP('',(#1880));
#1880 = ORIENTED_EDGE('',*,*,#1881,.T.);
#1881 = EDGE_CURVE('',#1882,#1882,#1884,.T.);
#1882 = VERTEX_POINT('',#1883);
#1883 = CARTESIAN_POINT('',(7.5,0.,0.));
#1884 = SURFACE_CURVE('',#1885,(#1890,#1901),.PCURVE_S1.);
#1885 = CIRCLE('',#1886,7.5);
#1886 = AXIS2_PLACEMENT_3D('',#1887,#1888,#1889);
#1887 = CARTESIAN_POINT('',(0.,0.,0.));
#1888 = DIRECTION('',(0.,0.,-1.));
#1889 = DIRECTION('',(1.,0.,0.));
#1890 = PCURVE('',#33,#1891);
#1891 = DEFINITIONAL_REPRESENTATION('',(#1892),#1900);
#1892 = ( BOUNDED_CURVE() B_SPLINE_CURVE(2,(#1893,#1894,#1895,#1896,
#1897,#1898,#1899),.UNSPECIFIED.,.T.,.F.) B_SPLINE_CURVE_WITH_KNOTS((1,2
    ,2,2,2,1),(-2.094395102393,0.,2.094395102393,4.188790204786,
6.28318530718,8.377580409573),.UNSPECIFIED.) CURVE() 
GEOMETRIC_REPRESENTATION_ITEM() RATIONAL_B_SPLINE_CURVE((1.,0.5,1.,0.5,
1.,0.5,1.)) REPRESENTATION_ITEM('') );
#1893 = CARTESIAN_POINT('',(7.5,0.));
#1894 = CARTESIAN_POINT('',(7.5,-12.99038105676));
#1895 = CARTESIAN_POINT('',(-3.75,-6.495190528383));
#1896 = CARTESIAN_POINT('',(-15.,-1.836970198721E-15));
#1897 = CARTESIAN_POINT('',(-3.75,6.495190528383));
#1898 = CARTESIAN_POINT('',(7.5,12.990381056767));
#1899 = CARTESIAN_POINT('',(7.5,0.));
#1900 = ( GEOMETRIC_REPRESENTATION_CONTEXT(2) 
PARAMETRIC_REPRESENTATION_CONTEXT() REPRESENTATION_CONTEXT('2D SPACE',''
  ) );
#1901 = PCURVE('',#1902,#1907);
#1902 = CYLINDRICAL_SURFACE('',#1903,7.5);
#1903 = AXIS2_PLACEMENT_3D('',#1904,#1905,#1906);
#1904 = CARTESIAN_POINT('',(0.,0.,-10.));
#1905 = DIRECTION('',(-0.,-0.,-1.));
#1906 = DIRECTION('',(1.,0.,0.));
#1907 = DEFINITIONAL_REPRESENTATION('',(#1908),#1912);
#1908 = LINE('',#1909,#1910);
#1909 = CARTESIAN_POINT('',(-6.28318530718,-10.));
#1910 = VECTOR('',#1911,1.);
#1911 = DIRECTION('',(1.,-0.));
#1912 = ( GEOMETRIC_REPRESENTATION_CONTEXT(2) 
PARAMETRIC_REPRESENTATION_CONTEXT() REPRESENTATION_CONTEXT('2D SPACE',''
  ) );
#1913 = ADVANCED_FACE('',(#1914),#45,.T.);
#1914 = FACE_BOUND('',#1915,.F.);
#1915 = EDGE_LOOP('',(#1916,#1954,#1977,#2004,#2005,#2043,#2070,#2071,
    #2100,#2154,#2210,#2237,#2238,#2267,#2321,#2377,#2404,#2405,#2434,
    #2488,#2544,#2571,#2572,#2601,#2655,#2711,#2738,#2739,#2768,#2822,
    #2878,#2905,#2906,#2935,#2989,#3045,#3072,#3073));
#1916 = ORIENTED_EDGE('',*,*,#1917,.F.);
#1917 = EDGE_CURVE('',#118,#1918,#1920,.T.);
#1918 = VERTEX_POINT('',#1919);
#1919 = CARTESIAN_POINT('',(64.971297239531,1.93145929609,
    3.664166444988E-02));
#1920 = SURFACE_CURVE('',#1921,(#1930,#1942),.PCURVE_S1.);
#1921 = B_SPLINE_CURVE_WITH_KNOTS('',4,(#1922,#1923,#1924,#1925,#1926,
    #1927,#1928,#1929),.UNSPECIFIED.,.F.,.F.,(5,3,5),(0.,0.496096450617,
    1.),.UNSPECIFIED.);
#1922 = CARTESIAN_POINT('',(65.,-1.581191187738E-14,1.289393071528E-14)
  );
#1923 = CARTESIAN_POINT('',(65.,0.239358127078,1.194195916965E-14));
#1924 = CARTESIAN_POINT('',(64.998824766444,0.478832449153,
    1.566996637598E-03));
#1925 = CARTESIAN_POINT('',(64.9964717718,0.718380400158,
    4.652022736199E-03));
#1926 = CARTESIAN_POINT('',(64.989353478022,1.201319665305,
    1.38371945373E-02));
#1927 = CARTESIAN_POINT('',(64.984550786466,1.444712101592,
    1.998402913307E-02));
#1928 = CARTESIAN_POINT('',(64.978531699947,1.688103260079,
    2.760071990206E-02));
#1929 = CARTESIAN_POINT('',(64.971297239531,1.93145929609,
    3.664166444993E-02));
#1930 = PCURVE('',#45,#1931);
#1931 = DEFINITIONAL_REPRESENTATION('',(#1932),#1941);
#1932 = B_SPLINE_CURVE_WITH_KNOTS('',4,(#1933,#1934,#1935,#1936,#1937,
    #1938,#1939,#1940),.UNSPECIFIED.,.F.,.F.,(5,3,5),(0.,0.496096450617,
    1.),.UNSPECIFIED.);
#1933 = CARTESIAN_POINT('',(0.,-1.271205363196E-14));
#1934 = CARTESIAN_POINT('',(-3.682432724285E-03,-1.176142516712E-14));
#1935 = CARTESIAN_POINT('',(-7.366653046513E-03,-1.566996637598E-03));
#1936 = CARTESIAN_POINT('',(-1.105213936947E-02,-4.652022736199E-03));
#1937 = CARTESIAN_POINT('',(-1.848278125288E-02,-1.38371945373E-02));
#1938 = CARTESIAN_POINT('',(-2.222796251943E-02,-1.998402913307E-02));
#1939 = CARTESIAN_POINT('',(-2.597353999965E-02,-2.760071990206E-02));
#1940 = CARTESIAN_POINT('',(-2.971913299764E-02,-3.664166444993E-02));
#1941 = ( GEOMETRIC_REPRESENTATION_CONTEXT(2) 
PARAMETRIC_REPRESENTATION_CONTEXT() REPRESENTATION_CONTEXT('2D SPACE',''
  ) );
#1942 = PCURVE('',#197,#1943);
#1943 = DEFINITIONAL_REPRESENTATION('',(#1944),#1953);
#1944 = B_SPLINE_CURVE_WITH_KNOTS('',4,(#1945,#1946,#1947,#1948,#1949,
    #1950,#1951,#1952),.UNSPECIFIED.,.F.,.F.,(5,3,5),(0.,0.496096450617,
    1.),.UNSPECIFIED.);
#1945 = CARTESIAN_POINT('',(1.5,7.142857142857E-02));
#1946 = CARTESIAN_POINT('',(1.436689714711,7.142857142857E-02));
#1947 = CARTESIAN_POINT('',(1.373818909269,7.145095709482E-02));
#1948 = CARTESIAN_POINT('',(1.311380283693,7.149502889623E-02));
#1949 = CARTESIAN_POINT('',(1.186375932464,7.162624563625E-02));
#1950 = CARTESIAN_POINT('',(1.123823680396,7.171405755904E-02));
#1951 = CARTESIAN_POINT('',(1.061701173296,7.182286742717E-02));
#1952 = CARTESIAN_POINT('',(1.,7.195202377786E-02));
#1953 = ( GEOMETRIC_REPRESENTATION_CONTEXT(2) 
PARAMETRIC_REPRESENTATION_CONTEXT() REPRESENTATION_CONTEXT('2D SPACE',''
  ) );
#1954 = ORIENTED_EDGE('',*,*,#1955,.T.);
#1955 = EDGE_CURVE('',#118,#1956,#1958,.T.);
#1956 = VERTEX_POINT('',#1957);
#1957 = CARTESIAN_POINT('',(65.,0.,2.));
#1958 = SEAM_CURVE('',#1959,(#1963,#1970),.PCURVE_S1.);
#1959 = LINE('',#1960,#1961);
#1960 = CARTESIAN_POINT('',(65.,0.,0.));
#1961 = VECTOR('',#1962,1.);
#1962 = DIRECTION('',(0.,0.,1.));
#1963 = PCURVE('',#45,#1964);
#1964 = DEFINITIONAL_REPRESENTATION('',(#1965),#1969);
#1965 = LINE('',#1966,#1967);
#1966 = CARTESIAN_POINT('',(-6.28318530718,0.));
#1967 = VECTOR('',#1968,1.);
#1968 = DIRECTION('',(-0.,-1.));
#1969 = ( GEOMETRIC_REPRESENTATION_CONTEXT(2) 
PARAMETRIC_REPRESENTATION_CONTEXT() REPRESENTATION_CONTEXT('2D SPACE',''
  ) );
#1970 = PCURVE('',#45,#1971);
#1971 = DEFINITIONAL_REPRESENTATION('',(#1972),#1976);
#1972 = LINE('',#1973,#1974);
#1973 = CARTESIAN_POINT('',(-0.,0.));
#1974 = VECTOR('',#1975,1.);
#1975 = DIRECTION('',(-0.,-1.));
#1976 = ( GEOMETRIC_REPRESENTATION_CONTEXT(2) 
PARAMETRIC_REPRESENTATION_CONTEXT() REPRESENTATION_CONTEXT('2D SPACE',''
  ) );
#1977 = ORIENTED_EDGE('',*,*,#1978,.T.);
#1978 = EDGE_CURVE('',#1956,#1956,#1979,.T.);
#1979 = SURFACE_CURVE('',#1980,(#1985,#1992),.PCURVE_S1.);
#1980 = CIRCLE('',#1981,65.);
#1981 = AXIS2_PLACEMENT_3D('',#1982,#1983,#1984);
#1982 = CARTESIAN_POINT('',(0.,0.,2.));
#1983 = DIRECTION('',(0.,0.,1.));
#1984 = DIRECTION('',(1.,0.,0.));
#1985 = PCURVE('',#45,#1986);
#1986 = DEFINITIONAL_REPRESENTATION('',(#1987),#1991);
#1987 = LINE('',#1988,#1989);
#1988 = CARTESIAN_POINT('',(-0.,-2.));
#1989 = VECTOR('',#1990,1.);
#1990 = DIRECTION('',(-1.,0.));
#1991 = ( GEOMETRIC_REPRESENTATION_CONTEXT(2) 
PARAMETRIC_REPRESENTATION_CONTEXT() REPRESENTATION_CONTEXT('2D SPACE',''
  ) );
#1992 = PCURVE('',#1993,#1998);
#1993 = PLANE('',#1994);
#1994 = AXIS2_PLACEMENT_3D('',#1995,#1996,#1997);
#1995 = CARTESIAN_POINT('',(-3.408081561098E-15,2.629491318856E-15,2.));
#1996 = DIRECTION('',(0.,0.,1.));
#1997 = DIRECTION('',(1.,0.,-0.));
#1998 = DEFINITIONAL_REPRESENTATION('',(#1999),#2003);
#1999 = CIRCLE('',#2000,65.);
#2000 = AXIS2_PLACEMENT_2D('',#2001,#2002);
#2001 = CARTESIAN_POINT('',(3.408081561098E-15,-2.629491318856E-15));
#2002 = DIRECTION('',(1.,0.));
#2003 = ( GEOMETRIC_REPRESENTATION_CONTEXT(2) 
PARAMETRIC_REPRESENTATION_CONTEXT() REPRESENTATION_CONTEXT('2D SPACE',''
  ) );
#2004 = ORIENTED_EDGE('',*,*,#1955,.F.);
#2005 = ORIENTED_EDGE('',*,*,#2006,.F.);
#2006 = EDGE_CURVE('',#2007,#118,#2009,.T.);
#2007 = VERTEX_POINT('',#2008);
#2008 = CARTESIAN_POINT('',(64.973714553628,-1.848355242838,
    3.664164543402E-02));
#2009 = SURFACE_CURVE('',#2010,(#2019,#2031),.PCURVE_S1.);
#2010 = B_SPLINE_CURVE_WITH_KNOTS('',4,(#2011,#2012,#2013,#2014,#2015,
    #2016,#2017,#2018),.UNSPECIFIED.,.F.,.F.,(5,3,5),(0.,0.494916175261,
    1.),.UNSPECIFIED.);
#2011 = CARTESIAN_POINT('',(64.973714553628,-1.848355242838,
    3.664164543405E-02));
#2012 = CARTESIAN_POINT('',(64.980201620283,-1.620320713873,
    2.73907749452E-02));
#2013 = CARTESIAN_POINT('',(64.985628670088,-1.392006852751,
    1.975813435728E-02));
#2014 = CARTESIAN_POINT('',(64.989989118238,-1.163462085991,
    1.369697330649E-02));
#2015 = CARTESIAN_POINT('',(64.996635947317,-0.701296920767,
    4.534323653622E-03));
#2016 = CARTESIAN_POINT('',(64.998877863766,-0.467668740187,
    1.496209243083E-03));
#2017 = CARTESIAN_POINT('',(65.,-0.233889860065,1.386234554068E-14));
#2018 = CARTESIAN_POINT('',(65.,-1.576516694968E-14,1.289393071528E-14)
  );
#2019 = PCURVE('',#45,#2020);
#2020 = DEFINITIONAL_REPRESENTATION('',(#2021),#2030);
#2021 = B_SPLINE_CURVE_WITH_KNOTS('',4,(#2022,#2023,#2024,#2025,#2026,
    #2027,#2028,#2029),.UNSPECIFIED.,.F.,.F.,(5,3,5),(0.,0.494916175261,
    1.),.UNSPECIFIED.);
#2022 = CARTESIAN_POINT('',(-6.254745238931,-3.664164543405E-02));
#2023 = CARTESIAN_POINT('',(-6.258254881723,-2.73907749452E-02));
#2024 = CARTESIAN_POINT('',(-6.261768356439,-1.975813435728E-02));
#2025 = CARTESIAN_POINT('',(-6.265285030873,-1.369697330649E-02));
#2026 = CARTESIAN_POINT('',(-6.272395999487,-4.534323653622E-03));
#2027 = CARTESIAN_POINT('',(-6.275990403503,-1.496209243083E-03));
#2028 = CARTESIAN_POINT('',(-6.27958700164,-1.368349877851E-14));
#2029 = CARTESIAN_POINT('',(-6.28318530718,-1.271205363196E-14));
#2030 = ( GEOMETRIC_REPRESENTATION_CONTEXT(2) 
PARAMETRIC_REPRESENTATION_CONTEXT() REPRESENTATION_CONTEXT('2D SPACE',''
  ) );
#2031 = PCURVE('',#137,#2032);
#2032 = DEFINITIONAL_REPRESENTATION('',(#2033),#2042);
#2033 = B_SPLINE_CURVE_WITH_KNOTS('',4,(#2034,#2035,#2036,#2037,#2038,
    #2039,#2040,#2041),.UNSPECIFIED.,.F.,.F.,(5,3,5),(0.,0.494916175261,
    1.),.UNSPECIFIED.);
#2034 = CARTESIAN_POINT('',(2.,7.19520235062E-02));
#2035 = CARTESIAN_POINT('',(1.936866109311,7.18198682135E-02));
#2036 = CARTESIAN_POINT('',(1.874158227671,7.171083049082E-02));
#2037 = CARTESIAN_POINT('',(1.811871451875,7.162424247581E-02));
#2038 = CARTESIAN_POINT('',(1.686857447912,7.149334748077E-02));
#2039 = CARTESIAN_POINT('',(1.624147472333,7.144994584633E-02));
#2040 = CARTESIAN_POINT('',(1.561863927278,7.142857142857E-02));
#2041 = CARTESIAN_POINT('',(1.5,7.142857142857E-02));
#2042 = ( GEOMETRIC_REPRESENTATION_CONTEXT(2) 
PARAMETRIC_REPRESENTATION_CONTEXT() REPRESENTATION_CONTEXT('2D SPACE',''
  ) );
#2043 = ORIENTED_EDGE('',*,*,#2044,.F.);
#2044 = EDGE_CURVE('',#24,#2007,#2045,.T.);
#2045 = SURFACE_CURVE('',#2046,(#2052,#2061),.PCURVE_S1.);
#2046 = B_SPLINE_CURVE_WITH_KNOTS('',3,(#2047,#2048,#2049,#2050,#2051),
  .UNSPECIFIED.,.F.,.F.,(4,1,4),(0.,0.545783123198,1.),.UNSPECIFIED.);
#2047 = CARTESIAN_POINT('',(64.97251829349,-1.889938253533,
    -6.000000001045E-07));
#2048 = CARTESIAN_POINT('',(64.972738347097,-1.88237322487,
    6.66564364225E-03));
#2049 = CARTESIAN_POINT('',(64.973139115122,-1.868512281176,
    1.887972911552E-02));
#2050 = CARTESIAN_POINT('',(64.973535447743,-1.854651204968,
    3.109380663441E-02));
#2051 = CARTESIAN_POINT('',(64.973714553628,-1.848355242838,
    3.664164543404E-02));
#2052 = PCURVE('',#45,#2053);
#2053 = DEFINITIONAL_REPRESENTATION('',(#2054),#2060);
#2054 = B_SPLINE_CURVE_WITH_KNOTS('',3,(#2055,#2056,#2057,#2058,#2059),
  .UNSPECIFIED.,.F.,.F.,(4,1,4),(0.,0.545783123198,1.),.UNSPECIFIED.);
#2055 = CARTESIAN_POINT('',(-6.254105235625,6.000000000034E-07));
#2056 = CARTESIAN_POINT('',(-6.254221669909,-6.66564364225E-03));
#2057 = CARTESIAN_POINT('',(-6.25443500431,-1.887972911552E-02));
#2058 = CARTESIAN_POINT('',(-6.254648338789,-3.109380663441E-02));
#2059 = CARTESIAN_POINT('',(-6.254745238931,-3.664164543404E-02));
#2060 = ( GEOMETRIC_REPRESENTATION_CONTEXT(2) 
PARAMETRIC_REPRESENTATION_CONTEXT() REPRESENTATION_CONTEXT('2D SPACE',''
  ) );
#2061 = PCURVE('',#77,#2062);
#2062 = DEFINITIONAL_REPRESENTATION('',(#2063),#2069);
#2063 = B_SPLINE_CURVE_WITH_KNOTS('',3,(#2064,#2065,#2066,#2067,#2068),
  .UNSPECIFIED.,.F.,.F.,(4,1,4),(0.,0.545783123198,1.),.UNSPECIFIED.);
#2064 = CARTESIAN_POINT('',(2.001616595821,7.142856288571E-02));
#2065 = CARTESIAN_POINT('',(2.001322597682,7.152379493774E-02));
#2066 = CARTESIAN_POINT('',(2.000783820725,7.169828183262E-02));
#2067 = CARTESIAN_POINT('',(2.000244849612,7.187276866621E-02));
#2068 = CARTESIAN_POINT('',(2.,7.19520235062E-02));
#2069 = ( GEOMETRIC_REPRESENTATION_CONTEXT(2) 
PARAMETRIC_REPRESENTATION_CONTEXT() REPRESENTATION_CONTEXT('2D SPACE',''
  ) );
#2070 = ORIENTED_EDGE('',*,*,#21,.F.);
#2071 = ORIENTED_EDGE('',*,*,#2072,.T.);
#2072 = EDGE_CURVE('',#22,#2073,#2075,.T.);
#2073 = VERTEX_POINT('',#2074);
#2074 = CARTESIAN_POINT('',(42.019016927169,-49.59236046483,
    3.664166444991E-02));
#2075 = SURFACE_CURVE('',#2076,(#2082,#2091),.PCURVE_S1.);
#2076 = B_SPLINE_CURVE_WITH_KNOTS('',3,(#2077,#2078,#2079,#2080,#2081),
  .UNSPECIFIED.,.F.,.F.,(4,1,4),(0.,0.545783361268,1.),.UNSPECIFIED.);
#2077 = CARTESIAN_POINT('',(41.987314744357,-49.61920394926,
    -6.000000001045E-07));
#2078 = CARTESIAN_POINT('',(41.993083817381,-49.61432221264,
    6.665642145154E-03));
#2079 = CARTESIAN_POINT('',(42.003652518411,-49.60537591143,
    1.887973145514E-02));
#2080 = CARTESIAN_POINT('',(42.014218343914,-49.59642624733,
    3.109381934301E-02));
#2081 = CARTESIAN_POINT('',(42.019016927169,-49.59236046483,
    3.664166444991E-02));
#2082 = PCURVE('',#45,#2083);
#2083 = DEFINITIONAL_REPRESENTATION('',(#2084),#2090);
#2084 = B_SPLINE_CURVE_WITH_KNOTS('',3,(#2085,#2086,#2087,#2088,#2089),
  .UNSPECIFIED.,.F.,.F.,(4,1,4),(0.,0.545783361268,1.),.UNSPECIFIED.);
#2085 = CARTESIAN_POINT('',(-5.414667456764,6.000000000034E-07));
#2086 = CARTESIAN_POINT('',(-5.414783723704,-6.665642145154E-03));
#2087 = CARTESIAN_POINT('',(-5.414996751325,-1.887973145514E-02));
#2088 = CARTESIAN_POINT('',(-5.415209778618,-3.109381934301E-02));
#2089 = CARTESIAN_POINT('',(-5.415306539152,-3.664166444991E-02));
#2090 = ( GEOMETRIC_REPRESENTATION_CONTEXT(2) 
PARAMETRIC_REPRESENTATION_CONTEXT() REPRESENTATION_CONTEXT('2D SPACE',''
  ) );
#2091 = PCURVE('',#1839,#2092);
#2092 = DEFINITIONAL_REPRESENTATION('',(#2093),#2099);
#2093 = B_SPLINE_CURVE_WITH_KNOTS('',3,(#2094,#2095,#2096,#2097,#2098),
  .UNSPECIFIED.,.F.,.F.,(4,1,4),(0.,0.545783361268,1.),.UNSPECIFIED.);
#2094 = CARTESIAN_POINT('',(0.998383404179,7.142856288571E-02));
#2095 = CARTESIAN_POINT('',(0.998677402098,7.152379491636E-02));
#2096 = CARTESIAN_POINT('',(0.999216178944,7.169828186604E-02));
#2097 = CARTESIAN_POINT('',(0.999755150235,7.187276884776E-02));
#2098 = CARTESIAN_POINT('',(1.,7.195202377786E-02));
#2099 = ( GEOMETRIC_REPRESENTATION_CONTEXT(2) 
PARAMETRIC_REPRESENTATION_CONTEXT() REPRESENTATION_CONTEXT('2D SPACE',''
  ) );
#2100 = ORIENTED_EDGE('',*,*,#2101,.F.);
#2101 = EDGE_CURVE('',#1702,#2073,#2102,.T.);
#2102 = SURFACE_CURVE('',#2103,(#2118,#2136),.PCURVE_S1.);
#2103 = B_SPLINE_CURVE_WITH_KNOTS('',4,(#2104,#2105,#2106,#2107,#2108,
    #2109,#2110,#2111,#2112,#2113,#2114,#2115,#2116,#2117),
  .UNSPECIFIED.,.F.,.F.,(5,3,3,3,5),(0.,0.243357319904,0.490734939949,
    0.742875803999,1.),.UNSPECIFIED.);
#2104 = CARTESIAN_POINT('',(39.065346093431,-51.95092621503,
    3.664164543405E-02));
#2105 = CARTESIAN_POINT('',(39.248412043042,-51.8132667891,
    2.735339402436E-02));
#2106 = CARTESIAN_POINT('',(39.431031889931,-51.67459632639,
    1.969647690984E-02));
#2107 = CARTESIAN_POINT('',(39.61316315701,-51.5349401769,
    1.362357437974E-02));
#2108 = CARTESIAN_POINT('',(39.979375899827,-51.25138060987,
    4.479681827154E-03));
#2109 = CARTESIAN_POINT('',(40.163439852736,-51.10744515025,
    1.459953254825E-03));
#2110 = CARTESIAN_POINT('',(40.346923078357,-50.96254028361,
    -1.799257765034E-05));
#2111 = CARTESIAN_POINT('',(40.716184208981,-50.66802921792,
    1.863505816385E-05));
#2112 = CARTESIAN_POINT('',(40.901938235628,-50.51838622988,
    1.59138498681E-03));
#2113 = CARTESIAN_POINT('',(41.087020725347,-50.36778423303,
    4.67001713922E-03));
#2114 = CARTESIAN_POINT('',(41.459428657644,-50.06171201438,
    1.383719453276E-02));
#2115 = CARTESIAN_POINT('',(41.646726097768,-49.90620441701,
    1.998402912932E-02));
#2116 = CARTESIAN_POINT('',(41.833264129012,-49.74974660046,
    2.760071989982E-02));
#2117 = CARTESIAN_POINT('',(42.019016927169,-49.59236046483,
    3.664166444991E-02));
#2118 = PCURVE('',#45,#2119);
#2119 = DEFINITIONAL_REPRESENTATION('',(#2120),#2135);
#2120 = B_SPLINE_CURVE_WITH_KNOTS('',4,(#2121,#2122,#2123,#2124,#2125,
    #2126,#2127,#2128,#2129,#2130,#2131,#2132,#2133,#2134),
  .UNSPECIFIED.,.F.,.F.,(5,3,3,3,5),(0.,0.243357319904,0.490734939949,
    0.742875803999,1.),.UNSPECIFIED.);
#2121 = CARTESIAN_POINT('',(-5.357147337905,-3.664164543405E-02));
#2122 = CARTESIAN_POINT('',(-5.360671162463,-2.735339402436E-02));
#2123 = CARTESIAN_POINT('',(-5.364198849972,-1.969647690984E-02));
#2124 = CARTESIAN_POINT('',(-5.367729760542,-1.362357437974E-02));
#2125 = CARTESIAN_POINT('',(-5.374855309225,-4.479681827154E-03));
#2126 = CARTESIAN_POINT('',(-5.378450035947,-1.459953254825E-03));
#2127 = CARTESIAN_POINT('',(-5.382046952913,1.799257765034E-05));
#2128 = CARTESIAN_POINT('',(-5.389313485589,-1.863505816385E-05));
#2129 = CARTESIAN_POINT('',(-5.392983166976,-1.59138498681E-03));
#2130 = CARTESIAN_POINT('',(-5.396654102677,-4.67001713922E-03));
#2131 = CARTESIAN_POINT('',(-5.404070187404,-1.383719453276E-02));
#2132 = CARTESIAN_POINT('',(-5.407815368672,-1.998402912932E-02));
#2133 = CARTESIAN_POINT('',(-5.411560946153,-2.760071989982E-02));
#2134 = CARTESIAN_POINT('',(-5.415306539152,-3.664166444991E-02));
#2135 = ( GEOMETRIC_REPRESENTATION_CONTEXT(2) 
PARAMETRIC_REPRESENTATION_CONTEXT() REPRESENTATION_CONTEXT('2D SPACE',''
  ) );
#2136 = PCURVE('',#1781,#2137);
#2137 = DEFINITIONAL_REPRESENTATION('',(#2138),#2153);
#2138 = B_SPLINE_CURVE_WITH_KNOTS('',4,(#2139,#2140,#2141,#2142,#2143,
    #2144,#2145,#2146,#2147,#2148,#2149,#2150,#2151,#2152),
  .UNSPECIFIED.,.F.,.F.,(5,3,3,3,5),(0.,0.243357319904,0.490734939949,
    0.742875803999,1.),.UNSPECIFIED.);
#2139 = CARTESIAN_POINT('',(2.,7.19520235062E-02));
#2140 = CARTESIAN_POINT('',(1.936610997863,7.181933420035E-02));
#2141 = CARTESIAN_POINT('',(1.873651454646,7.170994967014E-02));
#2142 = CARTESIAN_POINT('',(1.811116407213,7.162319391971E-02));
#2143 = CARTESIAN_POINT('',(1.685857418582,7.149256688325E-02));
#2144 = CARTESIAN_POINT('',(1.623147436027,7.144942790364E-02));
#2145 = CARTESIAN_POINT('',(1.560863901668,7.142831439175E-02));
#2146 = CARTESIAN_POINT('',(1.435944909716,7.142883764369E-02));
#2147 = CARTESIAN_POINT('',(1.373325779166,7.145130549981E-02));
#2148 = CARTESIAN_POINT('',(1.311135391318,7.149528595913E-02));
#2149 = CARTESIAN_POINT('',(1.18637593251,7.162624563618E-02));
#2150 = CARTESIAN_POINT('',(1.123823680426,7.171405755899E-02));
#2151 = CARTESIAN_POINT('',(1.061701173311,7.182286742714E-02));
#2152 = CARTESIAN_POINT('',(1.,7.195202377786E-02));
#2153 = ( GEOMETRIC_REPRESENTATION_CONTEXT(2) 
PARAMETRIC_REPRESENTATION_CONTEXT() REPRESENTATION_CONTEXT('2D SPACE',''
  ) );
#2154 = ORIENTED_EDGE('',*,*,#2155,.F.);
#2155 = EDGE_CURVE('',#2156,#1702,#2158,.T.);
#2156 = VERTEX_POINT('',#2157);
#2157 = CARTESIAN_POINT('',(39.065346093431,-51.95092621503,
    3.664164543402E-02));
#2158 = SURFACE_CURVE('',#2159,(#2174,#2192),.PCURVE_S1.);
#2159 = B_SPLINE_CURVE_WITH_KNOTS('',4,(#2160,#2161,#2162,#2163,#2164,
    #2165,#2166,#2167,#2168,#2169,#2170,#2171,#2172,#2173),
  .UNSPECIFIED.,.F.,.F.,(5,3,3,3,5),(0.,0.243357319904,0.490734939949,
    0.742875803999,1.),.UNSPECIFIED.);
#2160 = CARTESIAN_POINT('',(39.065346093431,-51.95092621503,
    3.664164543405E-02));
#2161 = CARTESIAN_POINT('',(39.248412043042,-51.8132667891,
    2.735339402436E-02));
#2162 = CARTESIAN_POINT('',(39.431031889931,-51.67459632639,
    1.969647690984E-02));
#2163 = CARTESIAN_POINT('',(39.61316315701,-51.5349401769,
    1.362357437974E-02));
#2164 = CARTESIAN_POINT('',(39.979375899827,-51.25138060987,
    4.479681827154E-03));
#2165 = CARTESIAN_POINT('',(40.163439852736,-51.10744515025,
    1.459953254825E-03));
#2166 = CARTESIAN_POINT('',(40.346923078357,-50.96254028361,
    -1.799257765034E-05));
#2167 = CARTESIAN_POINT('',(40.716184208981,-50.66802921792,
    1.863505816385E-05));
#2168 = CARTESIAN_POINT('',(40.901938235628,-50.51838622988,
    1.59138498681E-03));
#2169 = CARTESIAN_POINT('',(41.087020725347,-50.36778423303,
    4.67001713922E-03));
#2170 = CARTESIAN_POINT('',(41.459428657644,-50.06171201438,
    1.383719453276E-02));
#2171 = CARTESIAN_POINT('',(41.646726097768,-49.90620441701,
    1.998402912932E-02));
#2172 = CARTESIAN_POINT('',(41.833264129012,-49.74974660046,
    2.760071989982E-02));
#2173 = CARTESIAN_POINT('',(42.019016927169,-49.59236046483,
    3.664166444991E-02));
#2174 = PCURVE('',#45,#2175);
#2175 = DEFINITIONAL_REPRESENTATION('',(#2176),#2191);
#2176 = B_SPLINE_CURVE_WITH_KNOTS('',4,(#2177,#2178,#2179,#2180,#2181,
    #2182,#2183,#2184,#2185,#2186,#2187,#2188,#2189,#2190),
  .UNSPECIFIED.,.F.,.F.,(5,3,3,3,5),(0.,0.243357319904,0.490734939949,
    0.742875803999,1.),.UNSPECIFIED.);
#2177 = CARTESIAN_POINT('',(-5.357147337905,-3.664164543405E-02));
#2178 = CARTESIAN_POINT('',(-5.360671162463,-2.735339402436E-02));
#2179 = CARTESIAN_POINT('',(-5.364198849972,-1.969647690984E-02));
#2180 = CARTESIAN_POINT('',(-5.367729760542,-1.362357437974E-02));
#2181 = CARTESIAN_POINT('',(-5.374855309225,-4.479681827154E-03));
#2182 = CARTESIAN_POINT('',(-5.378450035947,-1.459953254825E-03));
#2183 = CARTESIAN_POINT('',(-5.382046952913,1.799257765034E-05));
#2184 = CARTESIAN_POINT('',(-5.389313485589,-1.863505816385E-05));
#2185 = CARTESIAN_POINT('',(-5.392983166976,-1.59138498681E-03));
#2186 = CARTESIAN_POINT('',(-5.396654102677,-4.67001713922E-03));
#2187 = CARTESIAN_POINT('',(-5.404070187404,-1.383719453276E-02));
#2188 = CARTESIAN_POINT('',(-5.407815368672,-1.998402912932E-02));
#2189 = CARTESIAN_POINT('',(-5.411560946153,-2.760071989982E-02));
#2190 = CARTESIAN_POINT('',(-5.415306539152,-3.664166444991E-02));
#2191 = ( GEOMETRIC_REPRESENTATION_CONTEXT(2) 
PARAMETRIC_REPRESENTATION_CONTEXT() REPRESENTATION_CONTEXT('2D SPACE',''
  ) );
#2192 = PCURVE('',#1721,#2193);
#2193 = DEFINITIONAL_REPRESENTATION('',(#2194),#2209);
#2194 = B_SPLINE_CURVE_WITH_KNOTS('',4,(#2195,#2196,#2197,#2198,#2199,
    #2200,#2201,#2202,#2203,#2204,#2205,#2206,#2207,#2208),
  .UNSPECIFIED.,.F.,.F.,(5,3,3,3,5),(0.,0.243357319904,0.490734939949,
    0.742875803999,1.),.UNSPECIFIED.);
#2195 = CARTESIAN_POINT('',(2.,7.19520235062E-02));
#2196 = CARTESIAN_POINT('',(1.936610997863,7.181933420035E-02));
#2197 = CARTESIAN_POINT('',(1.873651454646,7.170994967014E-02));
#2198 = CARTESIAN_POINT('',(1.811116407213,7.162319391971E-02));
#2199 = CARTESIAN_POINT('',(1.685857418582,7.149256688325E-02));
#2200 = CARTESIAN_POINT('',(1.623147436027,7.144942790364E-02));
#2201 = CARTESIAN_POINT('',(1.560863901668,7.142831439175E-02));
#2202 = CARTESIAN_POINT('',(1.435944909716,7.142883764369E-02));
#2203 = CARTESIAN_POINT('',(1.373325779166,7.145130549981E-02));
#2204 = CARTESIAN_POINT('',(1.311135391318,7.149528595913E-02));
#2205 = CARTESIAN_POINT('',(1.18637593251,7.162624563618E-02));
#2206 = CARTESIAN_POINT('',(1.123823680426,7.171405755899E-02));
#2207 = CARTESIAN_POINT('',(1.061701173311,7.182286742714E-02));
#2208 = CARTESIAN_POINT('',(1.,7.195202377786E-02));
#2209 = ( GEOMETRIC_REPRESENTATION_CONTEXT(2) 
PARAMETRIC_REPRESENTATION_CONTEXT() REPRESENTATION_CONTEXT('2D SPACE',''
  ) );
#2210 = ORIENTED_EDGE('',*,*,#2211,.F.);
#2211 = EDGE_CURVE('',#1618,#2156,#2212,.T.);
#2212 = SURFACE_CURVE('',#2213,(#2219,#2228),.PCURVE_S1.);
#2213 = B_SPLINE_CURVE_WITH_KNOTS('',3,(#2214,#2215,#2216,#2217,#2218),
  .UNSPECIFIED.,.F.,.F.,(4,1,4),(0.,0.545783123198,1.),.UNSPECIFIED.);
#2214 = CARTESIAN_POINT('',(39.032089330538,-51.9759175243,
    -6.000000001045E-07));
#2215 = CARTESIAN_POINT('',(39.038141109292,-51.97137285091,
    6.665643642243E-03));
#2216 = CARTESIAN_POINT('',(39.049227906226,-51.96304402693,
    1.887972911551E-02));
#2217 = CARTESIAN_POINT('',(39.060312041334,-51.9547116526,
    3.109380663439E-02));
#2218 = CARTESIAN_POINT('',(39.065346093431,-51.95092621503,
    3.664164543403E-02));
#2219 = PCURVE('',#45,#2220);
#2220 = DEFINITIONAL_REPRESENTATION('',(#2221),#2227);
#2221 = B_SPLINE_CURVE_WITH_KNOTS('',3,(#2222,#2223,#2224,#2225,#2226),
  .UNSPECIFIED.,.F.,.F.,(4,1,4),(0.,0.545783123198,1.),.UNSPECIFIED.);
#2222 = CARTESIAN_POINT('',(-5.356507334599,6.000000000034E-07));
#2223 = CARTESIAN_POINT('',(-5.356623768884,-6.665643642244E-03));
#2224 = CARTESIAN_POINT('',(-5.356837103285,-1.887972911551E-02));
#2225 = CARTESIAN_POINT('',(-5.357050437763,-3.109380663439E-02));
#2226 = CARTESIAN_POINT('',(-5.357147337905,-3.664164543403E-02));
#2227 = ( GEOMETRIC_REPRESENTATION_CONTEXT(2) 
PARAMETRIC_REPRESENTATION_CONTEXT() REPRESENTATION_CONTEXT('2D SPACE',''
  ) );
#2228 = PCURVE('',#1661,#2229);
#2229 = DEFINITIONAL_REPRESENTATION('',(#2230),#2236);
#2230 = B_SPLINE_CURVE_WITH_KNOTS('',3,(#2231,#2232,#2233,#2234,#2235),
  .UNSPECIFIED.,.F.,.F.,(4,1,4),(0.,0.545783123198,1.),.UNSPECIFIED.);
#2231 = CARTESIAN_POINT('',(2.001616595821,7.142856288571E-02));
#2232 = CARTESIAN_POINT('',(2.001322597682,7.152379493774E-02));
#2233 = CARTESIAN_POINT('',(2.000783820725,7.169828183262E-02));
#2234 = CARTESIAN_POINT('',(2.000244849612,7.187276866621E-02));
#2235 = CARTESIAN_POINT('',(2.,7.19520235062E-02));
#2236 = ( GEOMETRIC_REPRESENTATION_CONTEXT(2) 
PARAMETRIC_REPRESENTATION_CONTEXT() REPRESENTATION_CONTEXT('2D SPACE',''
  ) );
#2237 = ORIENTED_EDGE('',*,*,#1617,.F.);
#2238 = ORIENTED_EDGE('',*,*,#2239,.T.);
#2239 = EDGE_CURVE('',#1558,#2240,#2242,.T.);
#2240 = VERTEX_POINT('',#2241);
#2241 = CARTESIAN_POINT('',(-12.57444016309,-63.77212129594,
    3.664166444991E-02));
#2242 = SURFACE_CURVE('',#2243,(#2249,#2258),.PCURVE_S1.);
#2243 = B_SPLINE_CURVE_WITH_KNOTS('',3,(#2244,#2245,#2246,#2247,#2248),
  .UNSPECIFIED.,.F.,.F.,(4,1,4),(0.,0.545783361268,1.),.UNSPECIFIED.);
#2244 = CARTESIAN_POINT('',(-12.61519323199,-63.76407217014,
    -6.000000001045E-07));
#2245 = CARTESIAN_POINT('',(-12.60777957842,-63.76553890006,
    6.665642145153E-03));
#2246 = CARTESIAN_POINT('',(-12.59419560117,-63.76822391568,
    1.887973145515E-02));
#2247 = CARTESIAN_POINT('',(-12.58061078757,-63.7709045864,
    3.109381934301E-02));
#2248 = CARTESIAN_POINT('',(-12.57444016309,-63.77212129594,
    3.664166444991E-02));
#2249 = PCURVE('',#45,#2250);
#2250 = DEFINITIONAL_REPRESENTATION('',(#2251),#2257);
#2251 = B_SPLINE_CURVE_WITH_KNOTS('',3,(#2252,#2253,#2254,#2255,#2256),
  .UNSPECIFIED.,.F.,.F.,(4,1,4),(0.,0.545783361268,1.),.UNSPECIFIED.);
#2252 = CARTESIAN_POINT('',(-4.517069555738,6.000000000034E-07));
#2253 = CARTESIAN_POINT('',(-4.517185822679,-6.665642145153E-03));
#2254 = CARTESIAN_POINT('',(-4.517398850299,-1.887973145515E-02));
#2255 = CARTESIAN_POINT('',(-4.517611877592,-3.109381934301E-02));
#2256 = CARTESIAN_POINT('',(-4.517708638126,-3.664166444991E-02));
#2257 = ( GEOMETRIC_REPRESENTATION_CONTEXT(2) 
PARAMETRIC_REPRESENTATION_CONTEXT() REPRESENTATION_CONTEXT('2D SPACE',''
  ) );
#2258 = PCURVE('',#1577,#2259);
#2259 = DEFINITIONAL_REPRESENTATION('',(#2260),#2266);
#2260 = B_SPLINE_CURVE_WITH_KNOTS('',3,(#2261,#2262,#2263,#2264,#2265),
  .UNSPECIFIED.,.F.,.F.,(4,1,4),(0.,0.545783361268,1.),.UNSPECIFIED.);
#2261 = CARTESIAN_POINT('',(0.998383404179,7.142856288571E-02));
#2262 = CARTESIAN_POINT('',(0.998677402098,7.152379491636E-02));
#2263 = CARTESIAN_POINT('',(0.999216178944,7.169828186604E-02));
#2264 = CARTESIAN_POINT('',(0.999755150235,7.187276884776E-02));
#2265 = CARTESIAN_POINT('',(1.,7.195202377786E-02));
#2266 = ( GEOMETRIC_REPRESENTATION_CONTEXT(2) 
PARAMETRIC_REPRESENTATION_CONTEXT() REPRESENTATION_CONTEXT('2D SPACE',''
  ) );
#2267 = ORIENTED_EDGE('',*,*,#2268,.F.);
#2268 = EDGE_CURVE('',#1438,#2240,#2269,.T.);
#2269 = SURFACE_CURVE('',#2270,(#2285,#2303),.PCURVE_S1.);
#2270 = B_SPLINE_CURVE_WITH_KNOTS('',4,(#2271,#2272,#2273,#2274,#2275,
    #2276,#2277,#2278,#2279,#2280,#2281,#2282,#2283,#2284),
  .UNSPECIFIED.,.F.,.F.,(5,3,3,3,5),(0.,0.243357319904,0.490734939949,
    0.742875804007,1.),.UNSPECIFIED.);
#2271 = CARTESIAN_POINT('',(-16.26002476295,-62.93339014154,
    3.664164543403E-02));
#2272 = CARTESIAN_POINT('',(-16.03825853725,-62.99068761612,
    2.735339402434E-02));
#2273 = CARTESIAN_POINT('',(-15.81597999166,-63.04700594242,
    1.969647690986E-02));
#2274 = CARTESIAN_POINT('',(-15.59323542964,-63.10232771599,
    1.362357437973E-02));
#2275 = CARTESIAN_POINT('',(-15.14320972253,-63.21184786934,
    4.47968182715E-03));
#2276 = CARTESIAN_POINT('',(-14.91591445123,-63.26601257132,
    1.459953254827E-03));
#2277 = CARTESIAN_POINT('',(-14.68822334454,-63.31911882702,
    -1.799257764923E-05));
#2278 = CARTESIAN_POINT('',(-14.22773477227,-63.4241941582,
    1.863505816595E-05));
#2279 = CARTESIAN_POINT('',(-13.99492343181,-63.47612162727,
    1.591384986929E-03));
#2280 = CARTESIAN_POINT('',(-13.76178100451,-63.52692613541,
    4.670017139508E-03));
#2281 = CARTESIAN_POINT('',(-13.29029156014,-63.62725347424,
    1.383719453334E-02));
#2282 = CARTESIAN_POINT('',(-13.05193278092,-63.67673110844,
    1.998402912983E-02));
#2283 = CARTESIAN_POINT('',(-12.81330457413,-63.7250225609,
    2.760071990011E-02));
#2284 = CARTESIAN_POINT('',(-12.57444016309,-63.77212129594,
    3.664166444991E-02));
#2285 = PCURVE('',#45,#2286);
#2286 = DEFINITIONAL_REPRESENTATION('',(#2287),#2302);
#2287 = B_SPLINE_CURVE_WITH_KNOTS('',4,(#2288,#2289,#2290,#2291,#2292,
    #2293,#2294,#2295,#2296,#2297,#2298,#2299,#2300,#2301),
  .UNSPECIFIED.,.F.,.F.,(5,3,3,3,5),(0.,0.243357319904,0.490734939949,
    0.742875804007,1.),.UNSPECIFIED.);
#2288 = CARTESIAN_POINT('',(-4.459549436879,-3.664164543403E-02));
#2289 = CARTESIAN_POINT('',(-4.463073261437,-2.735339402434E-02));
#2290 = CARTESIAN_POINT('',(-4.466600948947,-1.969647690986E-02));
#2291 = CARTESIAN_POINT('',(-4.470131859516,-1.362357437973E-02));
#2292 = CARTESIAN_POINT('',(-4.477257408199,-4.47968182715E-03));
#2293 = CARTESIAN_POINT('',(-4.480852134922,-1.459953254827E-03));
#2294 = CARTESIAN_POINT('',(-4.484449051887,1.799257764924E-05));
#2295 = CARTESIAN_POINT('',(-4.491715584564,-1.863505816594E-05));
#2296 = CARTESIAN_POINT('',(-4.49538526595,-1.591384986929E-03));
#2297 = CARTESIAN_POINT('',(-4.499056201652,-4.670017139508E-03));
#2298 = CARTESIAN_POINT('',(-4.506472286379,-1.383719453334E-02));
#2299 = CARTESIAN_POINT('',(-4.510217467646,-1.998402912983E-02));
#2300 = CARTESIAN_POINT('',(-4.513963045127,-2.760071990011E-02));
#2301 = CARTESIAN_POINT('',(-4.517708638126,-3.664166444991E-02));
#2302 = ( GEOMETRIC_REPRESENTATION_CONTEXT(2) 
PARAMETRIC_REPRESENTATION_CONTEXT() REPRESENTATION_CONTEXT('2D SPACE',''
  ) );
#2303 = PCURVE('',#1517,#2304);
#2304 = DEFINITIONAL_REPRESENTATION('',(#2305),#2320);
#2305 = B_SPLINE_CURVE_WITH_KNOTS('',4,(#2306,#2307,#2308,#2309,#2310,
    #2311,#2312,#2313,#2314,#2315,#2316,#2317,#2318,#2319),
  .UNSPECIFIED.,.F.,.F.,(5,3,3,3,5),(0.,0.243357319904,0.490734939949,
    0.742875804007,1.),.UNSPECIFIED.);
#2306 = CARTESIAN_POINT('',(2.,7.19520235062E-02));
#2307 = CARTESIAN_POINT('',(1.936610997863,7.181933420035E-02));
#2308 = CARTESIAN_POINT('',(1.873651454646,7.170994967014E-02));
#2309 = CARTESIAN_POINT('',(1.811116407213,7.162319391971E-02));
#2310 = CARTESIAN_POINT('',(1.685857418582,7.149256688324E-02));
#2311 = CARTESIAN_POINT('',(1.623147436027,7.144942790364E-02));
#2312 = CARTESIAN_POINT('',(1.560863901668,7.142831439175E-02));
#2313 = CARTESIAN_POINT('',(1.435944909714,7.142883764369E-02));
#2314 = CARTESIAN_POINT('',(1.373325779162,7.145130549981E-02));
#2315 = CARTESIAN_POINT('',(1.311135391312,7.149528595914E-02));
#2316 = CARTESIAN_POINT('',(1.186375932504,7.162624563619E-02));
#2317 = CARTESIAN_POINT('',(1.123823680422,7.1714057559E-02));
#2318 = CARTESIAN_POINT('',(1.061701173309,7.182286742714E-02));
#2319 = CARTESIAN_POINT('',(1.,7.195202377786E-02));
#2320 = ( GEOMETRIC_REPRESENTATION_CONTEXT(2) 
PARAMETRIC_REPRESENTATION_CONTEXT() REPRESENTATION_CONTEXT('2D SPACE',''
  ) );
#2321 = ORIENTED_EDGE('',*,*,#2322,.F.);
#2322 = EDGE_CURVE('',#2323,#1438,#2325,.T.);
#2323 = VERTEX_POINT('',#2324);
#2324 = CARTESIAN_POINT('',(-16.26002476295,-62.93339014154,
    3.664164543404E-02));
#2325 = SURFACE_CURVE('',#2326,(#2341,#2359),.PCURVE_S1.);
#2326 = B_SPLINE_CURVE_WITH_KNOTS('',4,(#2327,#2328,#2329,#2330,#2331,
    #2332,#2333,#2334,#2335,#2336,#2337,#2338,#2339,#2340),
  .UNSPECIFIED.,.F.,.F.,(5,3,3,3,5),(0.,0.243357319904,0.490734939949,
    0.742875804007,1.),.UNSPECIFIED.);
#2327 = CARTESIAN_POINT('',(-16.26002476295,-62.93339014154,
    3.664164543403E-02));
#2328 = CARTESIAN_POINT('',(-16.03825853725,-62.99068761612,
    2.735339402434E-02));
#2329 = CARTESIAN_POINT('',(-15.81597999166,-63.04700594242,
    1.969647690986E-02));
#2330 = CARTESIAN_POINT('',(-15.59323542964,-63.10232771599,
    1.362357437973E-02));
#2331 = CARTESIAN_POINT('',(-15.14320972253,-63.21184786934,
    4.47968182715E-03));
#2332 = CARTESIAN_POINT('',(-14.91591445123,-63.26601257132,
    1.459953254827E-03));
#2333 = CARTESIAN_POINT('',(-14.68822334454,-63.31911882702,
    -1.799257764923E-05));
#2334 = CARTESIAN_POINT('',(-14.22773477227,-63.4241941582,
    1.863505816595E-05));
#2335 = CARTESIAN_POINT('',(-13.99492343181,-63.47612162727,
    1.591384986929E-03));
#2336 = CARTESIAN_POINT('',(-13.76178100451,-63.52692613541,
    4.670017139508E-03));
#2337 = CARTESIAN_POINT('',(-13.29029156014,-63.62725347424,
    1.383719453334E-02));
#2338 = CARTESIAN_POINT('',(-13.05193278092,-63.67673110844,
    1.998402912983E-02));
#2339 = CARTESIAN_POINT('',(-12.81330457413,-63.7250225609,
    2.760071990011E-02));
#2340 = CARTESIAN_POINT('',(-12.57444016309,-63.77212129594,
    3.664166444991E-02));
#2341 = PCURVE('',#45,#2342);
#2342 = DEFINITIONAL_REPRESENTATION('',(#2343),#2358);
#2343 = B_SPLINE_CURVE_WITH_KNOTS('',4,(#2344,#2345,#2346,#2347,#2348,
    #2349,#2350,#2351,#2352,#2353,#2354,#2355,#2356,#2357),
  .UNSPECIFIED.,.F.,.F.,(5,3,3,3,5),(0.,0.243357319904,0.490734939949,
    0.742875804007,1.),.UNSPECIFIED.);
#2344 = CARTESIAN_POINT('',(-4.459549436879,-3.664164543403E-02));
#2345 = CARTESIAN_POINT('',(-4.463073261437,-2.735339402434E-02));
#2346 = CARTESIAN_POINT('',(-4.466600948947,-1.969647690986E-02));
#2347 = CARTESIAN_POINT('',(-4.470131859516,-1.362357437973E-02));
#2348 = CARTESIAN_POINT('',(-4.477257408199,-4.47968182715E-03));
#2349 = CARTESIAN_POINT('',(-4.480852134922,-1.459953254827E-03));
#2350 = CARTESIAN_POINT('',(-4.484449051887,1.799257764924E-05));
#2351 = CARTESIAN_POINT('',(-4.491715584564,-1.863505816594E-05));
#2352 = CARTESIAN_POINT('',(-4.49538526595,-1.591384986929E-03));
#2353 = CARTESIAN_POINT('',(-4.499056201652,-4.670017139508E-03));
#2354 = CARTESIAN_POINT('',(-4.506472286379,-1.383719453334E-02));
#2355 = CARTESIAN_POINT('',(-4.510217467646,-1.998402912983E-02));
#2356 = CARTESIAN_POINT('',(-4.513963045127,-2.760071990011E-02));
#2357 = CARTESIAN_POINT('',(-4.517708638126,-3.664166444991E-02));
#2358 = ( GEOMETRIC_REPRESENTATION_CONTEXT(2) 
PARAMETRIC_REPRESENTATION_CONTEXT() REPRESENTATION_CONTEXT('2D SPACE',''
  ) );
#2359 = PCURVE('',#1457,#2360);
#2360 = DEFINITIONAL_REPRESENTATION('',(#2361),#2376);
#2361 = B_SPLINE_CURVE_WITH_KNOTS('',4,(#2362,#2363,#2364,#2365,#2366,
    #2367,#2368,#2369,#2370,#2371,#2372,#2373,#2374,#2375),
  .UNSPECIFIED.,.F.,.F.,(5,3,3,3,5),(0.,0.243357319904,0.490734939949,
    0.742875804007,1.),.UNSPECIFIED.);
#2362 = CARTESIAN_POINT('',(2.,7.19520235062E-02));
#2363 = CARTESIAN_POINT('',(1.936610997863,7.181933420035E-02));
#2364 = CARTESIAN_POINT('',(1.873651454646,7.170994967014E-02));
#2365 = CARTESIAN_POINT('',(1.811116407213,7.162319391971E-02));
#2366 = CARTESIAN_POINT('',(1.685857418582,7.149256688324E-02));
#2367 = CARTESIAN_POINT('',(1.623147436027,7.144942790364E-02));
#2368 = CARTESIAN_POINT('',(1.560863901668,7.142831439175E-02));
#2369 = CARTESIAN_POINT('',(1.435944909714,7.142883764369E-02));
#2370 = CARTESIAN_POINT('',(1.373325779162,7.145130549981E-02));
#2371 = CARTESIAN_POINT('',(1.311135391312,7.149528595914E-02));
#2372 = CARTESIAN_POINT('',(1.186375932504,7.162624563619E-02));
#2373 = CARTESIAN_POINT('',(1.123823680422,7.1714057559E-02));
#2374 = CARTESIAN_POINT('',(1.061701173309,7.182286742714E-02));
#2375 = CARTESIAN_POINT('',(1.,7.195202377786E-02));
#2376 = ( GEOMETRIC_REPRESENTATION_CONTEXT(2) 
PARAMETRIC_REPRESENTATION_CONTEXT() REPRESENTATION_CONTEXT('2D SPACE',''
  ) );
#2377 = ORIENTED_EDGE('',*,*,#2378,.F.);
#2378 = EDGE_CURVE('',#1354,#2323,#2379,.T.);
#2379 = SURFACE_CURVE('',#2380,(#2386,#2395),.PCURVE_S1.);
#2380 = B_SPLINE_CURVE_WITH_KNOTS('',3,(#2381,#2382,#2383,#2384,#2385),
  .UNSPECIFIED.,.F.,.F.,(4,1,4),(0.,0.545783123198,1.),.UNSPECIFIED.);
#2381 = CARTESIAN_POINT('',(-16.30029900783,-62.92297078377,
    -6.000000001045E-07));
#2382 = CARTESIAN_POINT('',(-16.29297261676,-62.92486869741,
    6.665643642243E-03));
#2383 = CARTESIAN_POINT('',(-16.27954837514,-62.92834376748,
    1.887972911551E-02));
#2384 = CARTESIAN_POINT('',(-16.26612301736,-62.93181454284,
    3.109380663439E-02));
#2385 = CARTESIAN_POINT('',(-16.26002476295,-62.93339014154,
    3.664164543403E-02));
#2386 = PCURVE('',#45,#2387);
#2387 = DEFINITIONAL_REPRESENTATION('',(#2388),#2394);
#2388 = B_SPLINE_CURVE_WITH_KNOTS('',3,(#2389,#2390,#2391,#2392,#2393),
  .UNSPECIFIED.,.F.,.F.,(4,1,4),(0.,0.545783123198,1.),.UNSPECIFIED.);
#2389 = CARTESIAN_POINT('',(-4.458909433574,6.000000000034E-07));
#2390 = CARTESIAN_POINT('',(-4.459025867858,-6.665643642243E-03));
#2391 = CARTESIAN_POINT('',(-4.459239202259,-1.887972911551E-02));
#2392 = CARTESIAN_POINT('',(-4.459452536738,-3.109380663439E-02));
#2393 = CARTESIAN_POINT('',(-4.459549436879,-3.664164543403E-02));
#2394 = ( GEOMETRIC_REPRESENTATION_CONTEXT(2) 
PARAMETRIC_REPRESENTATION_CONTEXT() REPRESENTATION_CONTEXT('2D SPACE',''
  ) );
#2395 = PCURVE('',#1397,#2396);
#2396 = DEFINITIONAL_REPRESENTATION('',(#2397),#2403);
#2397 = B_SPLINE_CURVE_WITH_KNOTS('',3,(#2398,#2399,#2400,#2401,#2402),
  .UNSPECIFIED.,.F.,.F.,(4,1,4),(0.,0.545783123198,1.),.UNSPECIFIED.);
#2398 = CARTESIAN_POINT('',(2.001616595821,7.142856288571E-02));
#2399 = CARTESIAN_POINT('',(2.001322597682,7.152379493774E-02));
#2400 = CARTESIAN_POINT('',(2.000783820725,7.169828183262E-02));
#2401 = CARTESIAN_POINT('',(2.000244849612,7.187276866621E-02));
#2402 = CARTESIAN_POINT('',(2.,7.19520235062E-02));
#2403 = ( GEOMETRIC_REPRESENTATION_CONTEXT(2) 
PARAMETRIC_REPRESENTATION_CONTEXT() REPRESENTATION_CONTEXT('2D SPACE',''
  ) );
#2404 = ORIENTED_EDGE('',*,*,#1353,.F.);
#2405 = ORIENTED_EDGE('',*,*,#2406,.T.);
#2406 = EDGE_CURVE('',#1294,#2407,#2409,.T.);
#2407 = VERTEX_POINT('',#2408);
#2408 = CARTESIAN_POINT('',(-57.69908733871,-29.930174077,
    3.66416644499E-02));
#2409 = SURFACE_CURVE('',#2410,(#2416,#2425),.PCURVE_S1.);
#2410 = B_SPLINE_CURVE_WITH_KNOTS('',3,(#2411,#2412,#2413,#2414,#2415),
  .UNSPECIFIED.,.F.,.F.,(4,1,4),(0.,0.545783361268,1.),.UNSPECIFIED.);
#2411 = CARTESIAN_POINT('',(-57.7182034016,-29.89329349687,
    -6.000000001045E-07));
#2412 = CARTESIAN_POINT('',(-57.71472779983,-29.90000421578,
    6.665642145154E-03));
#2413 = CARTESIAN_POINT('',(-57.7083575583,-29.91229867671,
    1.887973145514E-02));
#2414 = CARTESIAN_POINT('',(-57.70198339832,-29.92459108253,
    3.1093819343E-02));
#2415 = CARTESIAN_POINT('',(-57.69908733871,-29.930174077,
    3.664166444989E-02));
#2416 = PCURVE('',#45,#2417);
#2417 = DEFINITIONAL_REPRESENTATION('',(#2418),#2424);
#2418 = B_SPLINE_CURVE_WITH_KNOTS('',3,(#2419,#2420,#2421,#2422,#2423),
  .UNSPECIFIED.,.F.,.F.,(4,1,4),(0.,0.545783361268,1.),.UNSPECIFIED.);
#2419 = CARTESIAN_POINT('',(-3.619471654713,6.000000000034E-07));
#2420 = CARTESIAN_POINT('',(-3.619587921653,-6.665642145154E-03));
#2421 = CARTESIAN_POINT('',(-3.619800949273,-1.887973145514E-02));
#2422 = CARTESIAN_POINT('',(-3.620013976567,-3.1093819343E-02));
#2423 = CARTESIAN_POINT('',(-3.6201107371,-3.664166444989E-02));
#2424 = ( GEOMETRIC_REPRESENTATION_CONTEXT(2) 
PARAMETRIC_REPRESENTATION_CONTEXT() REPRESENTATION_CONTEXT('2D SPACE',''
  ) );
#2425 = PCURVE('',#1313,#2426);
#2426 = DEFINITIONAL_REPRESENTATION('',(#2427),#2433);
#2427 = B_SPLINE_CURVE_WITH_KNOTS('',3,(#2428,#2429,#2430,#2431,#2432),
  .UNSPECIFIED.,.F.,.F.,(4,1,4),(0.,0.545783361268,1.),.UNSPECIFIED.);
#2428 = CARTESIAN_POINT('',(0.998383404179,7.142856288571E-02));
#2429 = CARTESIAN_POINT('',(0.998677402098,7.152379491636E-02));
#2430 = CARTESIAN_POINT('',(0.999216178944,7.169828186604E-02));
#2431 = CARTESIAN_POINT('',(0.999755150235,7.187276884776E-02));
#2432 = CARTESIAN_POINT('',(1.,7.195202377786E-02));
#2433 = ( GEOMETRIC_REPRESENTATION_CONTEXT(2) 
PARAMETRIC_REPRESENTATION_CONTEXT() REPRESENTATION_CONTEXT('2D SPACE',''
  ) );
#2434 = ORIENTED_EDGE('',*,*,#2435,.F.);
#2435 = EDGE_CURVE('',#1174,#2407,#2436,.T.);
#2436 = SURFACE_CURVE('',#2437,(#2452,#2470),.PCURVE_S1.);
#2437 = B_SPLINE_CURVE_WITH_KNOTS('',4,(#2438,#2439,#2440,#2441,#2442,
    #2443,#2444,#2445,#2446,#2447,#2448,#2449,#2450,#2451),
  .UNSPECIFIED.,.F.,.F.,(5,3,3,3,5),(0.,0.243357319904,0.490734939949,
    0.742875803952,1.),.UNSPECIFIED.);
#2438 = CARTESIAN_POINT('',(-59.34126532877,-26.52572768426,
    3.664164543403E-02));
#2439 = CARTESIAN_POINT('',(-59.24779331814,-26.73483589233,
    2.735339402434E-02));
#2440 = CARTESIAN_POINT('',(-59.15323635234,-26.94373415925,
    1.969647690984E-02));
#2441 = CARTESIAN_POINT('',(-59.05760969374,-27.15237543203,
    1.362357437971E-02));
#2442 = CARTESIAN_POINT('',(-58.86264955864,-27.57250439649,
    4.479681827131E-03));
#2443 = CARTESIAN_POINT('',(-58.76328094421,-27.78398213471,
    1.459953254808E-03));
#2444 = CARTESIAN_POINT('',(-58.66283800384,-27.99510941904,
    -1.799257765234E-05));
#2445 = CARTESIAN_POINT('',(-58.45787927713,-28.42064727953,
    1.863505815855E-05));
#2446 = CARTESIAN_POINT('',(-58.35332231074,-28.63504276233,
    1.591384986185E-03));
#2447 = CARTESIAN_POINT('',(-58.24768094888,-28.84899694456,
    4.6700171375E-03));
#2448 = CARTESIAN_POINT('',(-58.03215116068,-29.28017530843,
    1.38371945294E-02));
#2449 = CARTESIAN_POINT('',(-57.92222006473,-29.49738050653,
    1.998402912653E-02));
#2450 = CARTESIAN_POINT('',(-57.81119358921,-29.71405677938,
    2.760071989815E-02));
#2451 = CARTESIAN_POINT('',(-57.69908733871,-29.930174077,
    3.664166444989E-02));
#2452 = PCURVE('',#45,#2453);
#2453 = DEFINITIONAL_REPRESENTATION('',(#2454),#2469);
#2454 = B_SPLINE_CURVE_WITH_KNOTS('',4,(#2455,#2456,#2457,#2458,#2459,
    #2460,#2461,#2462,#2463,#2464,#2465,#2466,#2467,#2468),
  .UNSPECIFIED.,.F.,.F.,(5,3,3,3,5),(0.,0.243357319904,0.490734939949,
    0.742875803952,1.),.UNSPECIFIED.);
#2455 = CARTESIAN_POINT('',(-3.561951535854,-3.664164543403E-02));
#2456 = CARTESIAN_POINT('',(-3.565475360412,-2.735339402434E-02));
#2457 = CARTESIAN_POINT('',(-3.569003047921,-1.969647690984E-02));
#2458 = CARTESIAN_POINT('',(-3.57253395849,-1.362357437971E-02));
#2459 = CARTESIAN_POINT('',(-3.579659507174,-4.479681827131E-03));
#2460 = CARTESIAN_POINT('',(-3.583254233896,-1.459953254808E-03));
#2461 = CARTESIAN_POINT('',(-3.586851150862,1.799257765234E-05));
#2462 = CARTESIAN_POINT('',(-3.594117683537,-1.863505815855E-05));
#2463 = CARTESIAN_POINT('',(-3.597787364923,-1.591384986185E-03));
#2464 = CARTESIAN_POINT('',(-3.601458300624,-4.6700171375E-03));
#2465 = CARTESIAN_POINT('',(-3.608874385351,-1.38371945294E-02));
#2466 = CARTESIAN_POINT('',(-3.612619566619,-1.998402912653E-02));
#2467 = CARTESIAN_POINT('',(-3.616365144101,-2.760071989815E-02));
#2468 = CARTESIAN_POINT('',(-3.6201107371,-3.664166444989E-02));
#2469 = ( GEOMETRIC_REPRESENTATION_CONTEXT(2) 
PARAMETRIC_REPRESENTATION_CONTEXT() REPRESENTATION_CONTEXT('2D SPACE',''
  ) );
#2470 = PCURVE('',#1253,#2471);
#2471 = DEFINITIONAL_REPRESENTATION('',(#2472),#2487);
#2472 = B_SPLINE_CURVE_WITH_KNOTS('',4,(#2473,#2474,#2475,#2476,#2477,
    #2478,#2479,#2480,#2481,#2482,#2483,#2484,#2485,#2486),
  .UNSPECIFIED.,.F.,.F.,(5,3,3,3,5),(0.,0.243357319904,0.490734939949,
    0.742875803952,1.),.UNSPECIFIED.);
#2473 = CARTESIAN_POINT('',(2.,7.19520235062E-02));
#2474 = CARTESIAN_POINT('',(1.936610997863,7.181933420035E-02));
#2475 = CARTESIAN_POINT('',(1.873651454646,7.170994967014E-02));
#2476 = CARTESIAN_POINT('',(1.811116407213,7.162319391971E-02));
#2477 = CARTESIAN_POINT('',(1.685857418582,7.149256688324E-02));
#2478 = CARTESIAN_POINT('',(1.623147436027,7.144942790364E-02));
#2479 = CARTESIAN_POINT('',(1.560863901668,7.142831439175E-02));
#2480 = CARTESIAN_POINT('',(1.435944909728,7.142883764369E-02));
#2481 = CARTESIAN_POINT('',(1.37332577919,7.14513054998E-02));
#2482 = CARTESIAN_POINT('',(1.311135391353,7.149528595911E-02));
#2483 = CARTESIAN_POINT('',(1.186375932545,7.162624563613E-02));
#2484 = CARTESIAN_POINT('',(1.123823680449,7.171405755895E-02));
#2485 = CARTESIAN_POINT('',(1.061701173323,7.182286742712E-02));
#2486 = CARTESIAN_POINT('',(1.,7.195202377786E-02));
#2487 = ( GEOMETRIC_REPRESENTATION_CONTEXT(2) 
PARAMETRIC_REPRESENTATION_CONTEXT() REPRESENTATION_CONTEXT('2D SPACE',''
  ) );
#2488 = ORIENTED_EDGE('',*,*,#2489,.F.);
#2489 = EDGE_CURVE('',#2490,#1174,#2492,.T.);
#2490 = VERTEX_POINT('',#2491);
#2491 = CARTESIAN_POINT('',(-59.34126532877,-26.52572768426,
    3.664164543401E-02));
#2492 = SURFACE_CURVE('',#2493,(#2508,#2526),.PCURVE_S1.);
#2493 = B_SPLINE_CURVE_WITH_KNOTS('',4,(#2494,#2495,#2496,#2497,#2498,
    #2499,#2500,#2501,#2502,#2503,#2504,#2505,#2506,#2507),
  .UNSPECIFIED.,.F.,.F.,(5,3,3,3,5),(0.,0.243357319904,0.490734939949,
    0.742875803952,1.),.UNSPECIFIED.);
#2494 = CARTESIAN_POINT('',(-59.34126532877,-26.52572768426,
    3.664164543403E-02));
#2495 = CARTESIAN_POINT('',(-59.24779331814,-26.73483589233,
    2.735339402434E-02));
#2496 = CARTESIAN_POINT('',(-59.15323635234,-26.94373415925,
    1.969647690984E-02));
#2497 = CARTESIAN_POINT('',(-59.05760969374,-27.15237543203,
    1.362357437971E-02));
#2498 = CARTESIAN_POINT('',(-58.86264955864,-27.57250439649,
    4.479681827131E-03));
#2499 = CARTESIAN_POINT('',(-58.76328094421,-27.78398213471,
    1.459953254808E-03));
#2500 = CARTESIAN_POINT('',(-58.66283800384,-27.99510941904,
    -1.799257765234E-05));
#2501 = CARTESIAN_POINT('',(-58.45787927713,-28.42064727953,
    1.863505815855E-05));
#2502 = CARTESIAN_POINT('',(-58.35332231074,-28.63504276233,
    1.591384986185E-03));
#2503 = CARTESIAN_POINT('',(-58.24768094888,-28.84899694456,
    4.6700171375E-03));
#2504 = CARTESIAN_POINT('',(-58.03215116068,-29.28017530843,
    1.38371945294E-02));
#2505 = CARTESIAN_POINT('',(-57.92222006473,-29.49738050653,
    1.998402912653E-02));
#2506 = CARTESIAN_POINT('',(-57.81119358921,-29.71405677938,
    2.760071989815E-02));
#2507 = CARTESIAN_POINT('',(-57.69908733871,-29.930174077,
    3.664166444989E-02));
#2508 = PCURVE('',#45,#2509);
#2509 = DEFINITIONAL_REPRESENTATION('',(#2510),#2525);
#2510 = B_SPLINE_CURVE_WITH_KNOTS('',4,(#2511,#2512,#2513,#2514,#2515,
    #2516,#2517,#2518,#2519,#2520,#2521,#2522,#2523,#2524),
  .UNSPECIFIED.,.F.,.F.,(5,3,3,3,5),(0.,0.243357319904,0.490734939949,
    0.742875803952,1.),.UNSPECIFIED.);
#2511 = CARTESIAN_POINT('',(-3.561951535854,-3.664164543403E-02));
#2512 = CARTESIAN_POINT('',(-3.565475360412,-2.735339402434E-02));
#2513 = CARTESIAN_POINT('',(-3.569003047921,-1.969647690984E-02));
#2514 = CARTESIAN_POINT('',(-3.57253395849,-1.362357437971E-02));
#2515 = CARTESIAN_POINT('',(-3.579659507174,-4.479681827131E-03));
#2516 = CARTESIAN_POINT('',(-3.583254233896,-1.459953254808E-03));
#2517 = CARTESIAN_POINT('',(-3.586851150862,1.799257765234E-05));
#2518 = CARTESIAN_POINT('',(-3.594117683537,-1.863505815855E-05));
#2519 = CARTESIAN_POINT('',(-3.597787364923,-1.591384986185E-03));
#2520 = CARTESIAN_POINT('',(-3.601458300624,-4.6700171375E-03));
#2521 = CARTESIAN_POINT('',(-3.608874385351,-1.38371945294E-02));
#2522 = CARTESIAN_POINT('',(-3.612619566619,-1.998402912653E-02));
#2523 = CARTESIAN_POINT('',(-3.616365144101,-2.760071989815E-02));
#2524 = CARTESIAN_POINT('',(-3.6201107371,-3.664166444989E-02));
#2525 = ( GEOMETRIC_REPRESENTATION_CONTEXT(2) 
PARAMETRIC_REPRESENTATION_CONTEXT() REPRESENTATION_CONTEXT('2D SPACE',''
  ) );
#2526 = PCURVE('',#1193,#2527);
#2527 = DEFINITIONAL_REPRESENTATION('',(#2528),#2543);
#2528 = B_SPLINE_CURVE_WITH_KNOTS('',4,(#2529,#2530,#2531,#2532,#2533,
    #2534,#2535,#2536,#2537,#2538,#2539,#2540,#2541,#2542),
  .UNSPECIFIED.,.F.,.F.,(5,3,3,3,5),(0.,0.243357319904,0.490734939949,
    0.742875803952,1.),.UNSPECIFIED.);
#2529 = CARTESIAN_POINT('',(2.,7.19520235062E-02));
#2530 = CARTESIAN_POINT('',(1.936610997863,7.181933420035E-02));
#2531 = CARTESIAN_POINT('',(1.873651454646,7.170994967014E-02));
#2532 = CARTESIAN_POINT('',(1.811116407213,7.162319391971E-02));
#2533 = CARTESIAN_POINT('',(1.685857418582,7.149256688324E-02));
#2534 = CARTESIAN_POINT('',(1.623147436027,7.144942790364E-02));
#2535 = CARTESIAN_POINT('',(1.560863901668,7.142831439175E-02));
#2536 = CARTESIAN_POINT('',(1.435944909728,7.142883764369E-02));
#2537 = CARTESIAN_POINT('',(1.37332577919,7.14513054998E-02));
#2538 = CARTESIAN_POINT('',(1.311135391353,7.149528595911E-02));
#2539 = CARTESIAN_POINT('',(1.186375932545,7.162624563613E-02));
#2540 = CARTESIAN_POINT('',(1.123823680449,7.171405755895E-02));
#2541 = CARTESIAN_POINT('',(1.061701173323,7.182286742712E-02));
#2542 = CARTESIAN_POINT('',(1.,7.195202377786E-02));
#2543 = ( GEOMETRIC_REPRESENTATION_CONTEXT(2) 
PARAMETRIC_REPRESENTATION_CONTEXT() REPRESENTATION_CONTEXT('2D SPACE',''
  ) );
#2544 = ORIENTED_EDGE('',*,*,#2545,.F.);
#2545 = EDGE_CURVE('',#1090,#2490,#2546,.T.);
#2546 = SURFACE_CURVE('',#2547,(#2553,#2562),.PCURVE_S1.);
#2547 = B_SPLINE_CURVE_WITH_KNOTS('',3,(#2548,#2549,#2550,#2551,#2552),
  .UNSPECIFIED.,.F.,.F.,(4,1,4),(0.,0.545783123199,1.),.UNSPECIFIED.);
#2548 = CARTESIAN_POINT('',(-59.35822972779,-26.48774364837,
    -6.000000001045E-07));
#2549 = CARTESIAN_POINT('',(-59.35514564632,-26.49465498136,
    6.66564364225E-03));
#2550 = CARTESIAN_POINT('',(-59.34949268776,-26.50731714684,
    1.887972911552E-02));
#2551 = CARTESIAN_POINT('',(-59.34383567554,-26.51997750726,
    3.10938066344E-02));
#2552 = CARTESIAN_POINT('',(-59.34126532877,-26.52572768426,
    3.664164543403E-02));
#2553 = PCURVE('',#45,#2554);
#2554 = DEFINITIONAL_REPRESENTATION('',(#2555),#2561);
#2555 = B_SPLINE_CURVE_WITH_KNOTS('',3,(#2556,#2557,#2558,#2559,#2560),
  .UNSPECIFIED.,.F.,.F.,(4,1,4),(0.,0.545783123199,1.),.UNSPECIFIED.);
#2556 = CARTESIAN_POINT('',(-3.561311532548,6.000000000034E-07));
#2557 = CARTESIAN_POINT('',(-3.561427966832,-6.66564364225E-03));
#2558 = CARTESIAN_POINT('',(-3.561641301233,-1.887972911552E-02));
#2559 = CARTESIAN_POINT('',(-3.561854635712,-3.10938066344E-02));
#2560 = CARTESIAN_POINT('',(-3.561951535854,-3.664164543403E-02));
#2561 = ( GEOMETRIC_REPRESENTATION_CONTEXT(2) 
PARAMETRIC_REPRESENTATION_CONTEXT() REPRESENTATION_CONTEXT('2D SPACE',''
  ) );
#2562 = PCURVE('',#1133,#2563);
#2563 = DEFINITIONAL_REPRESENTATION('',(#2564),#2570);
#2564 = B_SPLINE_CURVE_WITH_KNOTS('',3,(#2565,#2566,#2567,#2568,#2569),
  .UNSPECIFIED.,.F.,.F.,(4,1,4),(0.,0.545783123199,1.),.UNSPECIFIED.);
#2565 = CARTESIAN_POINT('',(2.001616595821,7.142856288571E-02));
#2566 = CARTESIAN_POINT('',(2.001322597682,7.152379493774E-02));
#2567 = CARTESIAN_POINT('',(2.000783820725,7.169828183262E-02));
#2568 = CARTESIAN_POINT('',(2.000244849612,7.187276866621E-02));
#2569 = CARTESIAN_POINT('',(2.,7.19520235062E-02));
#2570 = ( GEOMETRIC_REPRESENTATION_CONTEXT(2) 
PARAMETRIC_REPRESENTATION_CONTEXT() REPRESENTATION_CONTEXT('2D SPACE',''
  ) );
#2571 = ORIENTED_EDGE('',*,*,#1089,.F.);
#2572 = ORIENTED_EDGE('',*,*,#2573,.T.);
#2573 = EDGE_CURVE('',#1030,#2574,#2576,.T.);
#2574 = VERTEX_POINT('',#2575);
#2575 = CARTESIAN_POINT('',(-59.37514490139,26.449804686209,
    3.664166444991E-02));
#2576 = SURFACE_CURVE('',#2577,(#2583,#2592),.PCURVE_S1.);
#2577 = B_SPLINE_CURVE_WITH_KNOTS('',3,(#2578,#2579,#2580,#2581,#2582),
  .UNSPECIFIED.,.F.,.F.,(4,1,4),(0.,0.545783361267,1.),.UNSPECIFIED.);
#2578 = CARTESIAN_POINT('',(-59.35822917302,26.487744891597,
    -6.000000001045E-07));
#2579 = CARTESIAN_POINT('',(-59.36130882208,26.480843491908,
    6.665642145148E-03));
#2580 = CARTESIAN_POINT('',(-59.36694923806,26.468197565515,
    1.887973145514E-02));
#2581 = CARTESIAN_POINT('',(-59.37258560418,26.455549856904,
    3.1093819343E-02));
#2582 = CARTESIAN_POINT('',(-59.37514490139,26.449804686209,
    3.664166444991E-02));
#2583 = PCURVE('',#45,#2584);
#2584 = DEFINITIONAL_REPRESENTATION('',(#2585),#2591);
#2585 = B_SPLINE_CURVE_WITH_KNOTS('',3,(#2586,#2587,#2588,#2589,#2590),
  .UNSPECIFIED.,.F.,.F.,(4,1,4),(0.,0.545783361267,1.),.UNSPECIFIED.);
#2586 = CARTESIAN_POINT('',(-2.721873753687,6.000000000034E-07));
#2587 = CARTESIAN_POINT('',(-2.721990020627,-6.665642145148E-03));
#2588 = CARTESIAN_POINT('',(-2.722203048248,-1.887973145514E-02));
#2589 = CARTESIAN_POINT('',(-2.722416075541,-3.1093819343E-02));
#2590 = CARTESIAN_POINT('',(-2.722512836075,-3.664166444991E-02));
#2591 = ( GEOMETRIC_REPRESENTATION_CONTEXT(2) 
PARAMETRIC_REPRESENTATION_CONTEXT() REPRESENTATION_CONTEXT('2D SPACE',''
  ) );
#2592 = PCURVE('',#1049,#2593);
#2593 = DEFINITIONAL_REPRESENTATION('',(#2594),#2600);
#2594 = B_SPLINE_CURVE_WITH_KNOTS('',3,(#2595,#2596,#2597,#2598,#2599),
  .UNSPECIFIED.,.F.,.F.,(4,1,4),(0.,0.545783361267,1.),.UNSPECIFIED.);
#2595 = CARTESIAN_POINT('',(0.998383404179,7.142856288571E-02));
#2596 = CARTESIAN_POINT('',(0.998677402098,7.152379491636E-02));
#2597 = CARTESIAN_POINT('',(0.999216178944,7.169828186604E-02));
#2598 = CARTESIAN_POINT('',(0.999755150235,7.187276884776E-02));
#2599 = CARTESIAN_POINT('',(1.,7.195202377786E-02));
#2600 = ( GEOMETRIC_REPRESENTATION_CONTEXT(2) 
PARAMETRIC_REPRESENTATION_CONTEXT() REPRESENTATION_CONTEXT('2D SPACE',''
  ) );
#2601 = ORIENTED_EDGE('',*,*,#2602,.F.);
#2602 = EDGE_CURVE('',#910,#2574,#2603,.T.);
#2603 = SURFACE_CURVE('',#2604,(#2619,#2637),.PCURVE_S1.);
#2604 = B_SPLINE_CURVE_WITH_KNOTS('',4,(#2605,#2606,#2607,#2608,#2609,
    #2610,#2611,#2612,#2613,#2614,#2615,#2616,#2617,#2618),
  .UNSPECIFIED.,.F.,.F.,(5,3,3,3,5),(0.,0.243357319904,0.490734939949,
    0.742875804004,1.),.UNSPECIFIED.);
#2605 = CARTESIAN_POINT('',(-57.73732276081,29.856348745506,
    3.664164543403E-02));
#2606 = CARTESIAN_POINT('',(-57.84253129574,29.652892549645,
    2.735339402434E-02));
#2607 = CARTESIAN_POINT('',(-57.94689923358,29.448718997843,
    1.969647690986E-02));
#2608 = CARTESIAN_POINT('',(-58.05039930276,29.243869359767,
    1.362357437973E-02));
#2609 = CARTESIAN_POINT('',(-58.25731369786,28.829497263514,
    4.47968182715E-03));
#2610 = CARTESIAN_POINT('',(-58.36069833372,28.619953539285,
    1.459953254818E-03));
#2611 = CARTESIAN_POINT('',(-58.46313914243,28.409788377634,
    -1.799257765238E-05));
#2612 = CARTESIAN_POINT('',(-58.66804836286,27.984226676123,
    1.863505816241E-05));
#2613 = CARTESIAN_POINT('',(-58.77047929877,27.768807350954,
    1.591384986865E-03));
#2614 = CARTESIAN_POINT('',(-58.8718891025,27.552815357665,
    4.670017139419E-03));
#2615 = CARTESIAN_POINT('',(-59.07461729699,27.115472071188,
    1.383719453315E-02));
#2616 = CARTESIAN_POINT('',(-59.17589424177,26.894099253591,
    1.998402912965E-02));
#2617 = CARTESIAN_POINT('',(-59.27607469814,26.672199813256,
    2.760071989999E-02));
#2618 = CARTESIAN_POINT('',(-59.37514490139,26.449804686209,
    3.664166444989E-02));
#2619 = PCURVE('',#45,#2620);
#2620 = DEFINITIONAL_REPRESENTATION('',(#2621),#2636);
#2621 = B_SPLINE_CURVE_WITH_KNOTS('',4,(#2622,#2623,#2624,#2625,#2626,
    #2627,#2628,#2629,#2630,#2631,#2632,#2633,#2634,#2635),
  .UNSPECIFIED.,.F.,.F.,(5,3,3,3,5),(0.,0.243357319904,0.490734939949,
    0.742875804004,1.),.UNSPECIFIED.);
#2622 = CARTESIAN_POINT('',(-2.664353634828,-3.664164543403E-02));
#2623 = CARTESIAN_POINT('',(-2.667877459386,-2.735339402434E-02));
#2624 = CARTESIAN_POINT('',(-2.671405146895,-1.969647690986E-02));
#2625 = CARTESIAN_POINT('',(-2.674936057465,-1.362357437973E-02));
#2626 = CARTESIAN_POINT('',(-2.682061606148,-4.47968182715E-03));
#2627 = CARTESIAN_POINT('',(-2.68565633287,-1.459953254818E-03));
#2628 = CARTESIAN_POINT('',(-2.689253249836,1.799257765238E-05));
#2629 = CARTESIAN_POINT('',(-2.696519782512,-1.863505816242E-05));
#2630 = CARTESIAN_POINT('',(-2.700189463899,-1.591384986865E-03));
#2631 = CARTESIAN_POINT('',(-2.7038603996,-4.670017139419E-03));
#2632 = CARTESIAN_POINT('',(-2.711276484327,-1.383719453315E-02));
#2633 = CARTESIAN_POINT('',(-2.715021665595,-1.998402912965E-02));
#2634 = CARTESIAN_POINT('',(-2.718767243076,-2.760071989999E-02));
#2635 = CARTESIAN_POINT('',(-2.722512836075,-3.664166444989E-02));
#2636 = ( GEOMETRIC_REPRESENTATION_CONTEXT(2) 
PARAMETRIC_REPRESENTATION_CONTEXT() REPRESENTATION_CONTEXT('2D SPACE',''
  ) );
#2637 = PCURVE('',#989,#2638);
#2638 = DEFINITIONAL_REPRESENTATION('',(#2639),#2654);
#2639 = B_SPLINE_CURVE_WITH_KNOTS('',4,(#2640,#2641,#2642,#2643,#2644,
    #2645,#2646,#2647,#2648,#2649,#2650,#2651,#2652,#2653),
  .UNSPECIFIED.,.F.,.F.,(5,3,3,3,5),(0.,0.243357319904,0.490734939949,
    0.742875804004,1.),.UNSPECIFIED.);
#2640 = CARTESIAN_POINT('',(2.,7.19520235062E-02));
#2641 = CARTESIAN_POINT('',(1.936610997863,7.181933420035E-02));
#2642 = CARTESIAN_POINT('',(1.873651454646,7.170994967014E-02));
#2643 = CARTESIAN_POINT('',(1.811116407213,7.162319391971E-02));
#2644 = CARTESIAN_POINT('',(1.685857418582,7.149256688325E-02));
#2645 = CARTESIAN_POINT('',(1.623147436027,7.144942790364E-02));
#2646 = CARTESIAN_POINT('',(1.560863901668,7.142831439175E-02));
#2647 = CARTESIAN_POINT('',(1.435944909715,7.142883764369E-02));
#2648 = CARTESIAN_POINT('',(1.373325779164,7.145130549981E-02));
#2649 = CARTESIAN_POINT('',(1.311135391314,7.149528595913E-02));
#2650 = CARTESIAN_POINT('',(1.186375932507,7.162624563619E-02));
#2651 = CARTESIAN_POINT('',(1.123823680424,7.171405755899E-02));
#2652 = CARTESIAN_POINT('',(1.06170117331,7.182286742714E-02));
#2653 = CARTESIAN_POINT('',(1.,7.195202377786E-02));
#2654 = ( GEOMETRIC_REPRESENTATION_CONTEXT(2) 
PARAMETRIC_REPRESENTATION_CONTEXT() REPRESENTATION_CONTEXT('2D SPACE',''
  ) );
#2655 = ORIENTED_EDGE('',*,*,#2656,.F.);
#2656 = EDGE_CURVE('',#2657,#910,#2659,.T.);
#2657 = VERTEX_POINT('',#2658);
#2658 = CARTESIAN_POINT('',(-57.73732276081,29.856348745506,
    3.664164543402E-02));
#2659 = SURFACE_CURVE('',#2660,(#2675,#2693),.PCURVE_S1.);
#2660 = B_SPLINE_CURVE_WITH_KNOTS('',4,(#2661,#2662,#2663,#2664,#2665,
    #2666,#2667,#2668,#2669,#2670,#2671,#2672,#2673,#2674),
  .UNSPECIFIED.,.F.,.F.,(5,3,3,3,5),(0.,0.243357319904,0.490734939949,
    0.742875804004,1.),.UNSPECIFIED.);
#2661 = CARTESIAN_POINT('',(-57.73732276081,29.856348745506,
    3.664164543403E-02));
#2662 = CARTESIAN_POINT('',(-57.84253129574,29.652892549645,
    2.735339402434E-02));
#2663 = CARTESIAN_POINT('',(-57.94689923358,29.448718997843,
    1.969647690986E-02));
#2664 = CARTESIAN_POINT('',(-58.05039930276,29.243869359767,
    1.362357437973E-02));
#2665 = CARTESIAN_POINT('',(-58.25731369786,28.829497263514,
    4.47968182715E-03));
#2666 = CARTESIAN_POINT('',(-58.36069833372,28.619953539285,
    1.459953254818E-03));
#2667 = CARTESIAN_POINT('',(-58.46313914243,28.409788377634,
    -1.799257765238E-05));
#2668 = CARTESIAN_POINT('',(-58.66804836286,27.984226676123,
    1.863505816241E-05));
#2669 = CARTESIAN_POINT('',(-58.77047929877,27.768807350954,
    1.591384986865E-03));
#2670 = CARTESIAN_POINT('',(-58.8718891025,27.552815357665,
    4.670017139419E-03));
#2671 = CARTESIAN_POINT('',(-59.07461729699,27.115472071188,
    1.383719453315E-02));
#2672 = CARTESIAN_POINT('',(-59.17589424177,26.894099253591,
    1.998402912965E-02));
#2673 = CARTESIAN_POINT('',(-59.27607469814,26.672199813256,
    2.760071989999E-02));
#2674 = CARTESIAN_POINT('',(-59.37514490139,26.449804686209,
    3.664166444989E-02));
#2675 = PCURVE('',#45,#2676);
#2676 = DEFINITIONAL_REPRESENTATION('',(#2677),#2692);
#2677 = B_SPLINE_CURVE_WITH_KNOTS('',4,(#2678,#2679,#2680,#2681,#2682,
    #2683,#2684,#2685,#2686,#2687,#2688,#2689,#2690,#2691),
  .UNSPECIFIED.,.F.,.F.,(5,3,3,3,5),(0.,0.243357319904,0.490734939949,
    0.742875804004,1.),.UNSPECIFIED.);
#2678 = CARTESIAN_POINT('',(-2.664353634828,-3.664164543403E-02));
#2679 = CARTESIAN_POINT('',(-2.667877459386,-2.735339402434E-02));
#2680 = CARTESIAN_POINT('',(-2.671405146895,-1.969647690986E-02));
#2681 = CARTESIAN_POINT('',(-2.674936057465,-1.362357437973E-02));
#2682 = CARTESIAN_POINT('',(-2.682061606148,-4.47968182715E-03));
#2683 = CARTESIAN_POINT('',(-2.68565633287,-1.459953254818E-03));
#2684 = CARTESIAN_POINT('',(-2.689253249836,1.799257765238E-05));
#2685 = CARTESIAN_POINT('',(-2.696519782512,-1.863505816242E-05));
#2686 = CARTESIAN_POINT('',(-2.700189463899,-1.591384986865E-03));
#2687 = CARTESIAN_POINT('',(-2.7038603996,-4.670017139419E-03));
#2688 = CARTESIAN_POINT('',(-2.711276484327,-1.383719453315E-02));
#2689 = CARTESIAN_POINT('',(-2.715021665595,-1.998402912965E-02));
#2690 = CARTESIAN_POINT('',(-2.718767243076,-2.760071989999E-02));
#2691 = CARTESIAN_POINT('',(-2.722512836075,-3.664166444989E-02));
#2692 = ( GEOMETRIC_REPRESENTATION_CONTEXT(2) 
PARAMETRIC_REPRESENTATION_CONTEXT() REPRESENTATION_CONTEXT('2D SPACE',''
  ) );
#2693 = PCURVE('',#929,#2694);
#2694 = DEFINITIONAL_REPRESENTATION('',(#2695),#2710);
#2695 = B_SPLINE_CURVE_WITH_KNOTS('',4,(#2696,#2697,#2698,#2699,#2700,
    #2701,#2702,#2703,#2704,#2705,#2706,#2707,#2708,#2709),
  .UNSPECIFIED.,.F.,.F.,(5,3,3,3,5),(0.,0.243357319904,0.490734939949,
    0.742875804004,1.),.UNSPECIFIED.);
#2696 = CARTESIAN_POINT('',(2.,7.19520235062E-02));
#2697 = CARTESIAN_POINT('',(1.936610997863,7.181933420035E-02));
#2698 = CARTESIAN_POINT('',(1.873651454646,7.170994967014E-02));
#2699 = CARTESIAN_POINT('',(1.811116407213,7.162319391971E-02));
#2700 = CARTESIAN_POINT('',(1.685857418582,7.149256688325E-02));
#2701 = CARTESIAN_POINT('',(1.623147436027,7.144942790364E-02));
#2702 = CARTESIAN_POINT('',(1.560863901668,7.142831439175E-02));
#2703 = CARTESIAN_POINT('',(1.435944909715,7.142883764369E-02));
#2704 = CARTESIAN_POINT('',(1.373325779164,7.145130549981E-02));
#2705 = CARTESIAN_POINT('',(1.311135391314,7.149528595913E-02));
#2706 = CARTESIAN_POINT('',(1.186375932507,7.162624563619E-02));
#2707 = CARTESIAN_POINT('',(1.123823680424,7.171405755899E-02));
#2708 = CARTESIAN_POINT('',(1.06170117331,7.182286742714E-02));
#2709 = CARTESIAN_POINT('',(1.,7.195202377786E-02));
#2710 = ( GEOMETRIC_REPRESENTATION_CONTEXT(2) 
PARAMETRIC_REPRESENTATION_CONTEXT() REPRESENTATION_CONTEXT('2D SPACE',''
  ) );
#2711 = ORIENTED_EDGE('',*,*,#2712,.F.);
#2712 = EDGE_CURVE('',#826,#2657,#2713,.T.);
#2713 = SURFACE_CURVE('',#2714,(#2720,#2729),.PCURVE_S1.);
#2714 = B_SPLINE_CURVE_WITH_KNOTS('',3,(#2715,#2716,#2717,#2718,#2719),
  .UNSPECIFIED.,.F.,.F.,(4,1,4),(0.,0.545783123197,1.),.UNSPECIFIED.);
#2715 = CARTESIAN_POINT('',(-57.71820277551,29.893294705754,
    -6.000000001045E-07));
#2716 = CARTESIAN_POINT('',(-57.72168337988,29.886574328127,
    6.665643642237E-03));
#2717 = CARTESIAN_POINT('',(-57.72805849747,29.874259936107,
    1.887972911551E-02));
#2718 = CARTESIAN_POINT('',(-57.7344296764,29.861943500248,
    3.109380663439E-02));
#2719 = CARTESIAN_POINT('',(-57.73732276081,29.856348745506,
    3.664164543403E-02));
#2720 = PCURVE('',#45,#2721);
#2721 = DEFINITIONAL_REPRESENTATION('',(#2722),#2728);
#2722 = B_SPLINE_CURVE_WITH_KNOTS('',3,(#2723,#2724,#2725,#2726,#2727),
  .UNSPECIFIED.,.F.,.F.,(4,1,4),(0.,0.545783123197,1.),.UNSPECIFIED.);
#2723 = CARTESIAN_POINT('',(-2.663713631523,6.000000000034E-07));
#2724 = CARTESIAN_POINT('',(-2.663830065807,-6.665643642237E-03));
#2725 = CARTESIAN_POINT('',(-2.664043400208,-1.887972911551E-02));
#2726 = CARTESIAN_POINT('',(-2.664256734687,-3.109380663439E-02));
#2727 = CARTESIAN_POINT('',(-2.664353634828,-3.664164543403E-02));
#2728 = ( GEOMETRIC_REPRESENTATION_CONTEXT(2) 
PARAMETRIC_REPRESENTATION_CONTEXT() REPRESENTATION_CONTEXT('2D SPACE',''
  ) );
#2729 = PCURVE('',#869,#2730);
#2730 = DEFINITIONAL_REPRESENTATION('',(#2731),#2737);
#2731 = B_SPLINE_CURVE_WITH_KNOTS('',3,(#2732,#2733,#2734,#2735,#2736),
  .UNSPECIFIED.,.F.,.F.,(4,1,4),(0.,0.545783123197,1.),.UNSPECIFIED.);
#2732 = CARTESIAN_POINT('',(2.001616595821,7.142856288571E-02));
#2733 = CARTESIAN_POINT('',(2.001322597682,7.152379493774E-02));
#2734 = CARTESIAN_POINT('',(2.000783820725,7.169828183262E-02));
#2735 = CARTESIAN_POINT('',(2.000244849612,7.187276866621E-02));
#2736 = CARTESIAN_POINT('',(2.,7.19520235062E-02));
#2737 = ( GEOMETRIC_REPRESENTATION_CONTEXT(2) 
PARAMETRIC_REPRESENTATION_CONTEXT() REPRESENTATION_CONTEXT('2D SPACE',''
  ) );
#2738 = ORIENTED_EDGE('',*,*,#825,.F.);
#2739 = ORIENTED_EDGE('',*,*,#2740,.T.);
#2740 = EDGE_CURVE('',#766,#2741,#2743,.T.);
#2741 = VERTEX_POINT('',#2742);
#2742 = CARTESIAN_POINT('',(-16.34050732109,62.912541043017,
    3.66416644499E-02));
#2743 = SURFACE_CURVE('',#2744,(#2750,#2759),.PCURVE_S1.);
#2744 = B_SPLINE_CURVE_WITH_KNOTS('',3,(#2745,#2746,#2747,#2748,#2749),
  .UNSPECIFIED.,.F.,.F.,(4,1,4),(0.,0.545783361268,1.),.UNSPECIFIED.);
#2745 = CARTESIAN_POINT('',(-16.30029768994,62.922971125172,
    -6.000000001045E-07));
#2746 = CARTESIAN_POINT('',(-16.30761355127,62.921075939433,
    6.665642145154E-03));
#2747 = CARTESIAN_POINT('',(-16.32101727649,62.91760118808,
    1.887973145515E-02));
#2748 = CARTESIAN_POINT('',(-16.33441987006,62.914122159222,
    3.109381934301E-02));
#2749 = CARTESIAN_POINT('',(-16.34050732109,62.912541043017,
    3.664166444991E-02));
#2750 = PCURVE('',#45,#2751);
#2751 = DEFINITIONAL_REPRESENTATION('',(#2752),#2758);
#2752 = B_SPLINE_CURVE_WITH_KNOTS('',3,(#2753,#2754,#2755,#2756,#2757),
  .UNSPECIFIED.,.F.,.F.,(4,1,4),(0.,0.545783361268,1.),.UNSPECIFIED.);
#2753 = CARTESIAN_POINT('',(-1.824275852661,6.000000000034E-07));
#2754 = CARTESIAN_POINT('',(-1.824392119602,-6.665642145154E-03));
#2755 = CARTESIAN_POINT('',(-1.824605147222,-1.887973145515E-02));
#2756 = CARTESIAN_POINT('',(-1.824818174515,-3.109381934301E-02));
#2757 = CARTESIAN_POINT('',(-1.824914935049,-3.664166444991E-02));
#2758 = ( GEOMETRIC_REPRESENTATION_CONTEXT(2) 
PARAMETRIC_REPRESENTATION_CONTEXT() REPRESENTATION_CONTEXT('2D SPACE',''
  ) );
#2759 = PCURVE('',#785,#2760);
#2760 = DEFINITIONAL_REPRESENTATION('',(#2761),#2767);
#2761 = B_SPLINE_CURVE_WITH_KNOTS('',3,(#2762,#2763,#2764,#2765,#2766),
  .UNSPECIFIED.,.F.,.F.,(4,1,4),(0.,0.545783361268,1.),.UNSPECIFIED.);
#2762 = CARTESIAN_POINT('',(0.998383404179,7.142856288571E-02));
#2763 = CARTESIAN_POINT('',(0.998677402098,7.152379491636E-02));
#2764 = CARTESIAN_POINT('',(0.999216178944,7.169828186604E-02));
#2765 = CARTESIAN_POINT('',(0.999755150235,7.187276884776E-02));
#2766 = CARTESIAN_POINT('',(1.,7.195202377786E-02));
#2767 = ( GEOMETRIC_REPRESENTATION_CONTEXT(2) 
PARAMETRIC_REPRESENTATION_CONTEXT() REPRESENTATION_CONTEXT('2D SPACE',''
  ) );
#2768 = ORIENTED_EDGE('',*,*,#2769,.F.);
#2769 = EDGE_CURVE('',#646,#2741,#2770,.T.);
#2770 = SURFACE_CURVE('',#2771,(#2786,#2804),.PCURVE_S1.);
#2771 = B_SPLINE_CURVE_WITH_KNOTS('',4,(#2772,#2773,#2774,#2775,#2776,
    #2777,#2778,#2779,#2780,#2781,#2782,#2783,#2784,#2785),
  .UNSPECIFIED.,.F.,.F.,(5,3,3,3,5),(0.,0.243357319904,0.490734939949,
    0.742875804007,1.),.UNSPECIFIED.);
#2772 = CARTESIAN_POINT('',(-12.65599852721,63.755985611385,
    3.664164543405E-02));
#2773 = CARTESIAN_POINT('',(-12.88066343503,63.711388092968,
    2.735339402436E-02));
#2774 = CARTESIAN_POINT('',(-13.1053650906,63.665686105177,
    1.969647690987E-02));
#2775 = CARTESIAN_POINT('',(-13.33005422445,63.618884057443,
    1.362357437973E-02));
#2776 = CARTESIAN_POINT('',(-13.78303238996,63.52229946952,
    4.479681827146E-03));
#2777 = CARTESIAN_POINT('',(-14.01131953664,63.472480457541,
    1.459953254836E-03));
#2778 = CARTESIAN_POINT('',(-14.23950407606,63.421536071886,
    -1.799257764305E-05));
#2779 = CARTESIAN_POINT('',(-14.69998042128,63.316407170509,
    1.863505817142E-05));
#2780 = CARTESIAN_POINT('',(-14.93226667557,63.26217914862,
    1.591384986922E-03));
#2781 = CARTESIAN_POINT('',(-15.16436399432,63.206795720702,
    4.670017139515E-03));
#2782 = CARTESIAN_POINT('',(-15.63269170615,63.092615926509,
    1.383719453334E-02));
#2783 = CARTESIAN_POINT('',(-15.86891308654,63.033773736205,
    1.998402912982E-02));
#2784 = CARTESIAN_POINT('',(-16.10486254782,62.973745932835,
    2.760071990011E-02));
#2785 = CARTESIAN_POINT('',(-16.34050732109,62.912541043017,
    3.664166444991E-02));
#2786 = PCURVE('',#45,#2787);
#2787 = DEFINITIONAL_REPRESENTATION('',(#2788),#2803);
#2788 = B_SPLINE_CURVE_WITH_KNOTS('',4,(#2789,#2790,#2791,#2792,#2793,
    #2794,#2795,#2796,#2797,#2798,#2799,#2800,#2801,#2802),
  .UNSPECIFIED.,.F.,.F.,(5,3,3,3,5),(0.,0.243357319904,0.490734939949,
    0.742875804007,1.),.UNSPECIFIED.);
#2789 = CARTESIAN_POINT('',(-1.766755733802,-3.664164543405E-02));
#2790 = CARTESIAN_POINT('',(-1.77027955836,-2.735339402436E-02));
#2791 = CARTESIAN_POINT('',(-1.77380724587,-1.969647690987E-02));
#2792 = CARTESIAN_POINT('',(-1.777338156439,-1.362357437973E-02));
#2793 = CARTESIAN_POINT('',(-1.784463705122,-4.479681827146E-03));
#2794 = CARTESIAN_POINT('',(-1.788058431845,-1.459953254836E-03));
#2795 = CARTESIAN_POINT('',(-1.79165534881,1.799257764305E-05));
#2796 = CARTESIAN_POINT('',(-1.798921881487,-1.863505817142E-05));
#2797 = CARTESIAN_POINT('',(-1.802591562873,-1.591384986922E-03));
#2798 = CARTESIAN_POINT('',(-1.806262498575,-4.670017139515E-03));
#2799 = CARTESIAN_POINT('',(-1.813678583302,-1.383719453334E-02));
#2800 = CARTESIAN_POINT('',(-1.817423764569,-1.998402912982E-02));
#2801 = CARTESIAN_POINT('',(-1.82116934205,-2.760071990011E-02));
#2802 = CARTESIAN_POINT('',(-1.824914935049,-3.664166444991E-02));
#2803 = ( GEOMETRIC_REPRESENTATION_CONTEXT(2) 
PARAMETRIC_REPRESENTATION_CONTEXT() REPRESENTATION_CONTEXT('2D SPACE',''
  ) );
#2804 = PCURVE('',#725,#2805);
#2805 = DEFINITIONAL_REPRESENTATION('',(#2806),#2821);
#2806 = B_SPLINE_CURVE_WITH_KNOTS('',4,(#2807,#2808,#2809,#2810,#2811,
    #2812,#2813,#2814,#2815,#2816,#2817,#2818,#2819,#2820),
  .UNSPECIFIED.,.F.,.F.,(5,3,3,3,5),(0.,0.243357319904,0.490734939949,
    0.742875804007,1.),.UNSPECIFIED.);
#2807 = CARTESIAN_POINT('',(2.,7.19520235062E-02));
#2808 = CARTESIAN_POINT('',(1.936610997863,7.181933420035E-02));
#2809 = CARTESIAN_POINT('',(1.873651454646,7.170994967014E-02));
#2810 = CARTESIAN_POINT('',(1.811116407213,7.162319391971E-02));
#2811 = CARTESIAN_POINT('',(1.685857418582,7.149256688324E-02));
#2812 = CARTESIAN_POINT('',(1.623147436027,7.144942790364E-02));
#2813 = CARTESIAN_POINT('',(1.560863901668,7.142831439175E-02));
#2814 = CARTESIAN_POINT('',(1.435944909714,7.142883764369E-02));
#2815 = CARTESIAN_POINT('',(1.373325779162,7.145130549981E-02));
#2816 = CARTESIAN_POINT('',(1.311135391312,7.149528595914E-02));
#2817 = CARTESIAN_POINT('',(1.186375932504,7.162624563619E-02));
#2818 = CARTESIAN_POINT('',(1.123823680422,7.1714057559E-02));
#2819 = CARTESIAN_POINT('',(1.061701173309,7.182286742714E-02));
#2820 = CARTESIAN_POINT('',(1.,7.195202377786E-02));
#2821 = ( GEOMETRIC_REPRESENTATION_CONTEXT(2) 
PARAMETRIC_REPRESENTATION_CONTEXT() REPRESENTATION_CONTEXT('2D SPACE',''
  ) );
#2822 = ORIENTED_EDGE('',*,*,#2823,.F.);
#2823 = EDGE_CURVE('',#2824,#646,#2826,.T.);
#2824 = VERTEX_POINT('',#2825);
#2825 = CARTESIAN_POINT('',(-12.65599852721,63.755985611385,
    3.664164543404E-02));
#2826 = SURFACE_CURVE('',#2827,(#2842,#2860),.PCURVE_S1.);
#2827 = B_SPLINE_CURVE_WITH_KNOTS('',4,(#2828,#2829,#2830,#2831,#2832,
    #2833,#2834,#2835,#2836,#2837,#2838,#2839,#2840,#2841),
  .UNSPECIFIED.,.F.,.F.,(5,3,3,3,5),(0.,0.243357319904,0.490734939949,
    0.742875804007,1.),.UNSPECIFIED.);
#2828 = CARTESIAN_POINT('',(-12.65599852721,63.755985611385,
    3.664164543405E-02));
#2829 = CARTESIAN_POINT('',(-12.88066343503,63.711388092968,
    2.735339402436E-02));
#2830 = CARTESIAN_POINT('',(-13.1053650906,63.665686105177,
    1.969647690987E-02));
#2831 = CARTESIAN_POINT('',(-13.33005422445,63.618884057443,
    1.362357437973E-02));
#2832 = CARTESIAN_POINT('',(-13.78303238996,63.52229946952,
    4.479681827146E-03));
#2833 = CARTESIAN_POINT('',(-14.01131953664,63.472480457541,
    1.459953254836E-03));
#2834 = CARTESIAN_POINT('',(-14.23950407606,63.421536071886,
    -1.799257764305E-05));
#2835 = CARTESIAN_POINT('',(-14.69998042128,63.316407170509,
    1.863505817142E-05));
#2836 = CARTESIAN_POINT('',(-14.93226667557,63.26217914862,
    1.591384986922E-03));
#2837 = CARTESIAN_POINT('',(-15.16436399432,63.206795720702,
    4.670017139515E-03));
#2838 = CARTESIAN_POINT('',(-15.63269170615,63.092615926509,
    1.383719453334E-02));
#2839 = CARTESIAN_POINT('',(-15.86891308654,63.033773736205,
    1.998402912982E-02));
#2840 = CARTESIAN_POINT('',(-16.10486254782,62.973745932835,
    2.760071990011E-02));
#2841 = CARTESIAN_POINT('',(-16.34050732109,62.912541043017,
    3.664166444991E-02));
#2842 = PCURVE('',#45,#2843);
#2843 = DEFINITIONAL_REPRESENTATION('',(#2844),#2859);
#2844 = B_SPLINE_CURVE_WITH_KNOTS('',4,(#2845,#2846,#2847,#2848,#2849,
    #2850,#2851,#2852,#2853,#2854,#2855,#2856,#2857,#2858),
  .UNSPECIFIED.,.F.,.F.,(5,3,3,3,5),(0.,0.243357319904,0.490734939949,
    0.742875804007,1.),.UNSPECIFIED.);
#2845 = CARTESIAN_POINT('',(-1.766755733802,-3.664164543405E-02));
#2846 = CARTESIAN_POINT('',(-1.77027955836,-2.735339402436E-02));
#2847 = CARTESIAN_POINT('',(-1.77380724587,-1.969647690987E-02));
#2848 = CARTESIAN_POINT('',(-1.777338156439,-1.362357437973E-02));
#2849 = CARTESIAN_POINT('',(-1.784463705122,-4.479681827146E-03));
#2850 = CARTESIAN_POINT('',(-1.788058431845,-1.459953254836E-03));
#2851 = CARTESIAN_POINT('',(-1.79165534881,1.799257764305E-05));
#2852 = CARTESIAN_POINT('',(-1.798921881487,-1.863505817142E-05));
#2853 = CARTESIAN_POINT('',(-1.802591562873,-1.591384986922E-03));
#2854 = CARTESIAN_POINT('',(-1.806262498575,-4.670017139515E-03));
#2855 = CARTESIAN_POINT('',(-1.813678583302,-1.383719453334E-02));
#2856 = CARTESIAN_POINT('',(-1.817423764569,-1.998402912982E-02));
#2857 = CARTESIAN_POINT('',(-1.82116934205,-2.760071990011E-02));
#2858 = CARTESIAN_POINT('',(-1.824914935049,-3.664166444991E-02));
#2859 = ( GEOMETRIC_REPRESENTATION_CONTEXT(2) 
PARAMETRIC_REPRESENTATION_CONTEXT() REPRESENTATION_CONTEXT('2D SPACE',''
  ) );
#2860 = PCURVE('',#665,#2861);
#2861 = DEFINITIONAL_REPRESENTATION('',(#2862),#2877);
#2862 = B_SPLINE_CURVE_WITH_KNOTS('',4,(#2863,#2864,#2865,#2866,#2867,
    #2868,#2869,#2870,#2871,#2872,#2873,#2874,#2875,#2876),
  .UNSPECIFIED.,.F.,.F.,(5,3,3,3,5),(0.,0.243357319904,0.490734939949,
    0.742875804007,1.),.UNSPECIFIED.);
#2863 = CARTESIAN_POINT('',(2.,7.19520235062E-02));
#2864 = CARTESIAN_POINT('',(1.936610997863,7.181933420035E-02));
#2865 = CARTESIAN_POINT('',(1.873651454646,7.170994967014E-02));
#2866 = CARTESIAN_POINT('',(1.811116407213,7.162319391971E-02));
#2867 = CARTESIAN_POINT('',(1.685857418582,7.149256688324E-02));
#2868 = CARTESIAN_POINT('',(1.623147436027,7.144942790364E-02));
#2869 = CARTESIAN_POINT('',(1.560863901668,7.142831439175E-02));
#2870 = CARTESIAN_POINT('',(1.435944909714,7.142883764369E-02));
#2871 = CARTESIAN_POINT('',(1.373325779162,7.145130549981E-02));
#2872 = CARTESIAN_POINT('',(1.311135391312,7.149528595914E-02));
#2873 = CARTESIAN_POINT('',(1.186375932504,7.162624563619E-02));
#2874 = CARTESIAN_POINT('',(1.123823680422,7.1714057559E-02));
#2875 = CARTESIAN_POINT('',(1.061701173309,7.182286742714E-02));
#2876 = CARTESIAN_POINT('',(1.,7.195202377786E-02));
#2877 = ( GEOMETRIC_REPRESENTATION_CONTEXT(2) 
PARAMETRIC_REPRESENTATION_CONTEXT() REPRESENTATION_CONTEXT('2D SPACE',''
  ) );
#2878 = ORIENTED_EDGE('',*,*,#2879,.F.);
#2879 = EDGE_CURVE('',#562,#2824,#2880,.T.);
#2880 = SURFACE_CURVE('',#2881,(#2887,#2896),.PCURVE_S1.);
#2881 = B_SPLINE_CURVE_WITH_KNOTS('',3,(#2882,#2883,#2884,#2885,#2886),
  .UNSPECIFIED.,.F.,.F.,(4,1,4),(0.,0.545783123198,1.),.UNSPECIFIED.);
#2882 = CARTESIAN_POINT('',(-12.61519189649,63.764072434363,
    -6.000000001045E-07));
#2883 = CARTESIAN_POINT('',(-12.62261622062,63.762603593524,
    6.665643642242E-03));
#2884 = CARTESIAN_POINT('',(-12.63621882079,63.759909963321,
    1.887972911552E-02));
#2885 = CARTESIAN_POINT('',(-12.64982056319,63.757211979433,
    3.10938066344E-02));
#2886 = CARTESIAN_POINT('',(-12.65599852721,63.755985611385,
    3.664164543405E-02));
#2887 = PCURVE('',#45,#2888);
#2888 = DEFINITIONAL_REPRESENTATION('',(#2889),#2895);
#2889 = B_SPLINE_CURVE_WITH_KNOTS('',3,(#2890,#2891,#2892,#2893,#2894),
  .UNSPECIFIED.,.F.,.F.,(4,1,4),(0.,0.545783123198,1.),.UNSPECIFIED.);
#2890 = CARTESIAN_POINT('',(-1.766115730497,6.000000000034E-07));
#2891 = CARTESIAN_POINT('',(-1.766232164781,-6.665643642242E-03));
#2892 = CARTESIAN_POINT('',(-1.766445499182,-1.887972911552E-02));
#2893 = CARTESIAN_POINT('',(-1.766658833661,-3.10938066344E-02));
#2894 = CARTESIAN_POINT('',(-1.766755733802,-3.664164543405E-02));
#2895 = ( GEOMETRIC_REPRESENTATION_CONTEXT(2) 
PARAMETRIC_REPRESENTATION_CONTEXT() REPRESENTATION_CONTEXT('2D SPACE',''
  ) );
#2896 = PCURVE('',#605,#2897);
#2897 = DEFINITIONAL_REPRESENTATION('',(#2898),#2904);
#2898 = B_SPLINE_CURVE_WITH_KNOTS('',3,(#2899,#2900,#2901,#2902,#2903),
  .UNSPECIFIED.,.F.,.F.,(4,1,4),(0.,0.545783123198,1.),.UNSPECIFIED.);
#2899 = CARTESIAN_POINT('',(2.001616595821,7.142856288571E-02));
#2900 = CARTESIAN_POINT('',(2.001322597682,7.152379493774E-02));
#2901 = CARTESIAN_POINT('',(2.000783820725,7.169828183262E-02));
#2902 = CARTESIAN_POINT('',(2.000244849612,7.187276866621E-02));
#2903 = CARTESIAN_POINT('',(2.,7.19520235062E-02));
#2904 = ( GEOMETRIC_REPRESENTATION_CONTEXT(2) 
PARAMETRIC_REPRESENTATION_CONTEXT() REPRESENTATION_CONTEXT('2D SPACE',''
  ) );
#2905 = ORIENTED_EDGE('',*,*,#561,.F.);
#2906 = ORIENTED_EDGE('',*,*,#2907,.T.);
#2907 = EDGE_CURVE('',#502,#2908,#2910,.T.);
#2908 = VERTEX_POINT('',#2909);
#2909 = CARTESIAN_POINT('',(38.998865557592,52.000850812471,
    3.66416644499E-02));
#2910 = SURFACE_CURVE('',#2911,(#2917,#2926),.PCURVE_S1.);
#2911 = B_SPLINE_CURVE_WITH_KNOTS('',3,(#2912,#2913,#2914,#2915,#2916),
  .UNSPECIFIED.,.F.,.F.,(4,1,4),(0.,0.545783361268,1.),.UNSPECIFIED.);
#2912 = CARTESIAN_POINT('',(39.032090419145,51.975916706795,
    -6.000000001045E-07));
#2913 = CARTESIAN_POINT('',(39.026047338338,51.980454848523,
    6.665642145153E-03));
#2914 = CARTESIAN_POINT('',(39.014973582355,51.988767830851,
    1.887973145515E-02));
#2915 = CARTESIAN_POINT('',(39.003897187657,51.997077261435,
    3.109381934301E-02));
#2916 = CARTESIAN_POINT('',(38.998865557592,52.000850812471,
    3.664166444991E-02));
#2917 = PCURVE('',#45,#2918);
#2918 = DEFINITIONAL_REPRESENTATION('',(#2919),#2925);
#2919 = B_SPLINE_CURVE_WITH_KNOTS('',3,(#2920,#2921,#2922,#2923,#2924),
  .UNSPECIFIED.,.F.,.F.,(4,1,4),(0.,0.545783361268,1.),.UNSPECIFIED.);
#2920 = CARTESIAN_POINT('',(-0.926677951636,6.000000000034E-07));
#2921 = CARTESIAN_POINT('',(-0.926794218576,-6.665642145153E-03));
#2922 = CARTESIAN_POINT('',(-0.927007246196,-1.887973145515E-02));
#2923 = CARTESIAN_POINT('',(-0.92722027349,-3.109381934301E-02));
#2924 = CARTESIAN_POINT('',(-0.927317034023,-3.664166444991E-02));
#2925 = ( GEOMETRIC_REPRESENTATION_CONTEXT(2) 
PARAMETRIC_REPRESENTATION_CONTEXT() REPRESENTATION_CONTEXT('2D SPACE',''
  ) );
#2926 = PCURVE('',#521,#2927);
#2927 = DEFINITIONAL_REPRESENTATION('',(#2928),#2934);
#2928 = B_SPLINE_CURVE_WITH_KNOTS('',3,(#2929,#2930,#2931,#2932,#2933),
  .UNSPECIFIED.,.F.,.F.,(4,1,4),(0.,0.545783361268,1.),.UNSPECIFIED.);
#2929 = CARTESIAN_POINT('',(0.998383404179,7.142856288571E-02));
#2930 = CARTESIAN_POINT('',(0.998677402098,7.152379491636E-02));
#2931 = CARTESIAN_POINT('',(0.999216178944,7.169828186604E-02));
#2932 = CARTESIAN_POINT('',(0.999755150235,7.187276884776E-02));
#2933 = CARTESIAN_POINT('',(1.,7.195202377786E-02));
#2934 = ( GEOMETRIC_REPRESENTATION_CONTEXT(2) 
PARAMETRIC_REPRESENTATION_CONTEXT() REPRESENTATION_CONTEXT('2D SPACE',''
  ) );
#2935 = ORIENTED_EDGE('',*,*,#2936,.F.);
#2936 = EDGE_CURVE('',#382,#2908,#2937,.T.);
#2937 = SURFACE_CURVE('',#2938,(#2953,#2971),.PCURVE_S1.);
#2938 = B_SPLINE_CURVE_WITH_KNOTS('',4,(#2939,#2940,#2941,#2942,#2943,
    #2944,#2945,#2946,#2947,#2948,#2949,#2950,#2951,#2952),
  .UNSPECIFIED.,.F.,.F.,(5,3,3,3,5),(0.,0.243357319904,0.490734939949,
    0.742875804004,1.),.UNSPECIFIED.);
#2939 = CARTESIAN_POINT('',(41.955550732703,49.646064926796,
    3.664164543405E-02));
#2940 = CARTESIAN_POINT('',(41.780606709903,49.793908926814,
    2.735339402436E-02));
#2941 = CARTESIAN_POINT('',(41.604776266326,49.941093031991,
    1.969647690986E-02));
#2942 = CARTESIAN_POINT('',(41.428093568423,50.08758147113,
    1.362357437973E-02));
#2943 = CARTESIAN_POINT('',(41.070153430203,50.381514556211,
    4.479681827141E-03));
#2944 = CARTESIAN_POINT('',(40.888868650359,50.528934988625,
    1.459953254836E-03));
#2945 = CARTESIAN_POINT('',(40.706767992527,50.675573540439,
    -1.799257765159E-05));
#2946 = CARTESIAN_POINT('',(40.337472602474,50.970041646173,
    1.86350581616E-05));
#2947 = CARTESIAN_POINT('',(40.15024731707,51.117839734096,
    1.591384986871E-03));
#2948 = CARTESIAN_POINT('',(39.962236498241,51.264769722389,
    4.670017139415E-03));
#2949 = CARTESIAN_POINT('',(39.580969588226,51.559733134351,
    1.383719453314E-02));
#2950 = CARTESIAN_POINT('',(39.387683289693,51.7077309408,
    1.998402912964E-02));
#2951 = CARTESIAN_POINT('',(39.193639580329,51.854776934676,
    2.760071989999E-02));
#2952 = CARTESIAN_POINT('',(38.998865557592,52.000850812471,
    3.664166444989E-02));
#2953 = PCURVE('',#45,#2954);
#2954 = DEFINITIONAL_REPRESENTATION('',(#2955),#2970);
#2955 = B_SPLINE_CURVE_WITH_KNOTS('',4,(#2956,#2957,#2958,#2959,#2960,
    #2961,#2962,#2963,#2964,#2965,#2966,#2967,#2968,#2969),
  .UNSPECIFIED.,.F.,.F.,(5,3,3,3,5),(0.,0.243357319904,0.490734939949,
    0.742875804004,1.),.UNSPECIFIED.);
#2956 = CARTESIAN_POINT('',(-0.869157832777,-3.664164543405E-02));
#2957 = CARTESIAN_POINT('',(-0.872681657335,-2.735339402436E-02));
#2958 = CARTESIAN_POINT('',(-0.876209344844,-1.969647690986E-02));
#2959 = CARTESIAN_POINT('',(-0.879740255414,-1.362357437973E-02));
#2960 = CARTESIAN_POINT('',(-0.886865804097,-4.479681827141E-03));
#2961 = CARTESIAN_POINT('',(-0.890460530819,-1.459953254836E-03));
#2962 = CARTESIAN_POINT('',(-0.894057447785,1.799257765158E-05));
#2963 = CARTESIAN_POINT('',(-0.901323980461,-1.86350581616E-05));
#2964 = CARTESIAN_POINT('',(-0.904993661847,-1.591384986871E-03));
#2965 = CARTESIAN_POINT('',(-0.908664597549,-4.670017139415E-03));
#2966 = CARTESIAN_POINT('',(-0.916080682276,-1.383719453314E-02));
#2967 = CARTESIAN_POINT('',(-0.919825863543,-1.998402912964E-02));
#2968 = CARTESIAN_POINT('',(-0.923571441024,-2.760071989999E-02));
#2969 = CARTESIAN_POINT('',(-0.927317034023,-3.664166444989E-02));
#2970 = ( GEOMETRIC_REPRESENTATION_CONTEXT(2) 
PARAMETRIC_REPRESENTATION_CONTEXT() REPRESENTATION_CONTEXT('2D SPACE',''
  ) );
#2971 = PCURVE('',#461,#2972);
#2972 = DEFINITIONAL_REPRESENTATION('',(#2973),#2988);
#2973 = B_SPLINE_CURVE_WITH_KNOTS('',4,(#2974,#2975,#2976,#2977,#2978,
    #2979,#2980,#2981,#2982,#2983,#2984,#2985,#2986,#2987),
  .UNSPECIFIED.,.F.,.F.,(5,3,3,3,5),(0.,0.243357319904,0.490734939949,
    0.742875804004,1.),.UNSPECIFIED.);
#2974 = CARTESIAN_POINT('',(2.,7.19520235062E-02));
#2975 = CARTESIAN_POINT('',(1.936610997863,7.181933420035E-02));
#2976 = CARTESIAN_POINT('',(1.873651454646,7.170994967014E-02));
#2977 = CARTESIAN_POINT('',(1.811116407213,7.162319391971E-02));
#2978 = CARTESIAN_POINT('',(1.685857418582,7.149256688324E-02));
#2979 = CARTESIAN_POINT('',(1.623147436027,7.144942790364E-02));
#2980 = CARTESIAN_POINT('',(1.560863901668,7.142831439175E-02));
#2981 = CARTESIAN_POINT('',(1.435944909715,7.142883764369E-02));
#2982 = CARTESIAN_POINT('',(1.373325779164,7.145130549981E-02));
#2983 = CARTESIAN_POINT('',(1.311135391314,7.149528595913E-02));
#2984 = CARTESIAN_POINT('',(1.186375932506,7.162624563619E-02));
#2985 = CARTESIAN_POINT('',(1.123823680424,7.171405755899E-02));
#2986 = CARTESIAN_POINT('',(1.06170117331,7.182286742714E-02));
#2987 = CARTESIAN_POINT('',(1.,7.195202377786E-02));
#2988 = ( GEOMETRIC_REPRESENTATION_CONTEXT(2) 
PARAMETRIC_REPRESENTATION_CONTEXT() REPRESENTATION_CONTEXT('2D SPACE',''
  ) );
#2989 = ORIENTED_EDGE('',*,*,#2990,.F.);
#2990 = EDGE_CURVE('',#2991,#382,#2993,.T.);
#2991 = VERTEX_POINT('',#2992);
#2992 = CARTESIAN_POINT('',(41.955550732703,49.646064926796,
    3.664164543403E-02));
#2993 = SURFACE_CURVE('',#2994,(#3009,#3027),.PCURVE_S1.);
#2994 = B_SPLINE_CURVE_WITH_KNOTS('',4,(#2995,#2996,#2997,#2998,#2999,
    #3000,#3001,#3002,#3003,#3004,#3005,#3006,#3007,#3008),
  .UNSPECIFIED.,.F.,.F.,(5,3,3,3,5),(0.,0.243357319904,0.490734939949,
    0.742875804004,1.),.UNSPECIFIED.);
#2995 = CARTESIAN_POINT('',(41.955550732703,49.646064926796,
    3.664164543405E-02));
#2996 = CARTESIAN_POINT('',(41.780606709903,49.793908926814,
    2.735339402436E-02));
#2997 = CARTESIAN_POINT('',(41.604776266326,49.941093031991,
    1.969647690986E-02));
#2998 = CARTESIAN_POINT('',(41.428093568423,50.08758147113,
    1.362357437973E-02));
#2999 = CARTESIAN_POINT('',(41.070153430203,50.381514556211,
    4.479681827141E-03));
#3000 = CARTESIAN_POINT('',(40.888868650359,50.528934988625,
    1.459953254836E-03));
#3001 = CARTESIAN_POINT('',(40.706767992527,50.675573540439,
    -1.799257765159E-05));
#3002 = CARTESIAN_POINT('',(40.337472602474,50.970041646173,
    1.86350581616E-05));
#3003 = CARTESIAN_POINT('',(40.15024731707,51.117839734096,
    1.591384986871E-03));
#3004 = CARTESIAN_POINT('',(39.962236498241,51.264769722389,
    4.670017139415E-03));
#3005 = CARTESIAN_POINT('',(39.580969588226,51.559733134351,
    1.383719453314E-02));
#3006 = CARTESIAN_POINT('',(39.387683289693,51.7077309408,
    1.998402912964E-02));
#3007 = CARTESIAN_POINT('',(39.193639580329,51.854776934676,
    2.760071989999E-02));
#3008 = CARTESIAN_POINT('',(38.998865557592,52.000850812471,
    3.664166444989E-02));
#3009 = PCURVE('',#45,#3010);
#3010 = DEFINITIONAL_REPRESENTATION('',(#3011),#3026);
#3011 = B_SPLINE_CURVE_WITH_KNOTS('',4,(#3012,#3013,#3014,#3015,#3016,
    #3017,#3018,#3019,#3020,#3021,#3022,#3023,#3024,#3025),
  .UNSPECIFIED.,.F.,.F.,(5,3,3,3,5),(0.,0.243357319904,0.490734939949,
    0.742875804004,1.),.UNSPECIFIED.);
#3012 = CARTESIAN_POINT('',(-0.869157832777,-3.664164543405E-02));
#3013 = CARTESIAN_POINT('',(-0.872681657335,-2.735339402436E-02));
#3014 = CARTESIAN_POINT('',(-0.876209344844,-1.969647690986E-02));
#3015 = CARTESIAN_POINT('',(-0.879740255414,-1.362357437973E-02));
#3016 = CARTESIAN_POINT('',(-0.886865804097,-4.479681827141E-03));
#3017 = CARTESIAN_POINT('',(-0.890460530819,-1.459953254836E-03));
#3018 = CARTESIAN_POINT('',(-0.894057447785,1.799257765158E-05));
#3019 = CARTESIAN_POINT('',(-0.901323980461,-1.86350581616E-05));
#3020 = CARTESIAN_POINT('',(-0.904993661847,-1.591384986871E-03));
#3021 = CARTESIAN_POINT('',(-0.908664597549,-4.670017139415E-03));
#3022 = CARTESIAN_POINT('',(-0.916080682276,-1.383719453314E-02));
#3023 = CARTESIAN_POINT('',(-0.919825863543,-1.998402912964E-02));
#3024 = CARTESIAN_POINT('',(-0.923571441024,-2.760071989999E-02));
#3025 = CARTESIAN_POINT('',(-0.927317034023,-3.664166444989E-02));
#3026 = ( GEOMETRIC_REPRESENTATION_CONTEXT(2) 
PARAMETRIC_REPRESENTATION_CONTEXT() REPRESENTATION_CONTEXT('2D SPACE',''
  ) );
#3027 = PCURVE('',#401,#3028);
#3028 = DEFINITIONAL_REPRESENTATION('',(#3029),#3044);
#3029 = B_SPLINE_CURVE_WITH_KNOTS('',4,(#3030,#3031,#3032,#3033,#3034,
    #3035,#3036,#3037,#3038,#3039,#3040,#3041,#3042,#3043),
  .UNSPECIFIED.,.F.,.F.,(5,3,3,3,5),(0.,0.243357319904,0.490734939949,
    0.742875804004,1.),.UNSPECIFIED.);
#3030 = CARTESIAN_POINT('',(2.,7.19520235062E-02));
#3031 = CARTESIAN_POINT('',(1.936610997863,7.181933420035E-02));
#3032 = CARTESIAN_POINT('',(1.873651454646,7.170994967014E-02));
#3033 = CARTESIAN_POINT('',(1.811116407213,7.162319391971E-02));
#3034 = CARTESIAN_POINT('',(1.685857418582,7.149256688324E-02));
#3035 = CARTESIAN_POINT('',(1.623147436027,7.144942790364E-02));
#3036 = CARTESIAN_POINT('',(1.560863901668,7.142831439175E-02));
#3037 = CARTESIAN_POINT('',(1.435944909715,7.142883764369E-02));
#3038 = CARTESIAN_POINT('',(1.373325779164,7.145130549981E-02));
#3039 = CARTESIAN_POINT('',(1.311135391314,7.149528595913E-02));
#3040 = CARTESIAN_POINT('',(1.186375932506,7.162624563619E-02));
#3041 = CARTESIAN_POINT('',(1.123823680424,7.171405755899E-02));
#3042 = CARTESIAN_POINT('',(1.06170117331,7.182286742714E-02));
#3043 = CARTESIAN_POINT('',(1.,7.195202377786E-02));
#3044 = ( GEOMETRIC_REPRESENTATION_CONTEXT(2) 
PARAMETRIC_REPRESENTATION_CONTEXT() REPRESENTATION_CONTEXT('2D SPACE',''
  ) );
#3045 = ORIENTED_EDGE('',*,*,#3046,.F.);
#3046 = EDGE_CURVE('',#298,#2991,#3047,.T.);
#3047 = SURFACE_CURVE('',#3048,(#3054,#3063),.PCURVE_S1.);
#3048 = B_SPLINE_CURVE_WITH_KNOTS('',3,(#3049,#3050,#3051,#3052,#3053),
  .UNSPECIFIED.,.F.,.F.,(4,1,4),(0.,0.545783123199,1.),.UNSPECIFIED.);
#3049 = CARTESIAN_POINT('',(41.987315783603,49.61920306986,
    -6.000000001045E-07));
#3050 = CARTESIAN_POINT('',(41.98153840721,49.62409183292,
    6.665643642248E-03));
#3051 = CARTESIAN_POINT('',(41.970951359829,49.633047323017,
    1.887972911552E-02));
#3052 = CARTESIAN_POINT('',(41.960361443416,49.641999427996,
    3.10938066344E-02));
#3053 = CARTESIAN_POINT('',(41.955550732703,49.646064926796,
    3.664164543402E-02));
#3054 = PCURVE('',#45,#3055);
#3055 = DEFINITIONAL_REPRESENTATION('',(#3056),#3062);
#3056 = B_SPLINE_CURVE_WITH_KNOTS('',3,(#3057,#3058,#3059,#3060,#3061),
  .UNSPECIFIED.,.F.,.F.,(4,1,4),(0.,0.545783123199,1.),.UNSPECIFIED.);
#3057 = CARTESIAN_POINT('',(-0.868517829471,6.000000000034E-07));
#3058 = CARTESIAN_POINT('',(-0.868634263755,-6.665643642248E-03));
#3059 = CARTESIAN_POINT('',(-0.868847598157,-1.887972911552E-02));
#3060 = CARTESIAN_POINT('',(-0.869060932635,-3.10938066344E-02));
#3061 = CARTESIAN_POINT('',(-0.869157832777,-3.664164543402E-02));
#3062 = ( GEOMETRIC_REPRESENTATION_CONTEXT(2) 
PARAMETRIC_REPRESENTATION_CONTEXT() REPRESENTATION_CONTEXT('2D SPACE',''
  ) );
#3063 = PCURVE('',#341,#3064);
#3064 = DEFINITIONAL_REPRESENTATION('',(#3065),#3071);
#3065 = B_SPLINE_CURVE_WITH_KNOTS('',3,(#3066,#3067,#3068,#3069,#3070),
  .UNSPECIFIED.,.F.,.F.,(4,1,4),(0.,0.545783123199,1.),.UNSPECIFIED.);
#3066 = CARTESIAN_POINT('',(2.001616595821,7.142856288571E-02));
#3067 = CARTESIAN_POINT('',(2.001322597682,7.152379493774E-02));
#3068 = CARTESIAN_POINT('',(2.000783820725,7.169828183262E-02));
#3069 = CARTESIAN_POINT('',(2.000244849612,7.187276866621E-02));
#3070 = CARTESIAN_POINT('',(2.,7.19520235062E-02));
#3071 = ( GEOMETRIC_REPRESENTATION_CONTEXT(2) 
PARAMETRIC_REPRESENTATION_CONTEXT() REPRESENTATION_CONTEXT('2D SPACE',''
  ) );
#3072 = ORIENTED_EDGE('',*,*,#297,.F.);
#3073 = ORIENTED_EDGE('',*,*,#3074,.T.);
#3074 = EDGE_CURVE('',#238,#1918,#3075,.T.);
#3075 = SURFACE_CURVE('',#3076,(#3082,#3091),.PCURVE_S1.);
#3076 = B_SPLINE_CURVE_WITH_KNOTS('',3,(#3077,#3078,#3079,#3080,#3081),
  .UNSPECIFIED.,.F.,.F.,(4,1,4),(0.,0.545783361267,1.),.UNSPECIFIED.);
#3077 = CARTESIAN_POINT('',(64.972518333073,1.889936892719,
    -6.000000001045E-07));
#3078 = CARTESIAN_POINT('',(64.972298595893,1.897491048632,
    6.665642145142E-03));
#3079 = CARTESIAN_POINT('',(64.971893573267,1.911331919394,
    1.887973145513E-02));
#3080 = CARTESIAN_POINT('',(64.971484128563,1.925172638709,
    3.109381934299E-02));
#3081 = CARTESIAN_POINT('',(64.971297239531,1.93145929609,
    3.664166444989E-02));
#3082 = PCURVE('',#45,#3083);
#3083 = DEFINITIONAL_REPRESENTATION('',(#3084),#3090);
#3084 = B_SPLINE_CURVE_WITH_KNOTS('',3,(#3085,#3086,#3087,#3088,#3089),
  .UNSPECIFIED.,.F.,.F.,(4,1,4),(0.,0.545783361267,1.),.UNSPECIFIED.);
#3085 = CARTESIAN_POINT('',(-2.908005061001E-02,6.000000000034E-07));
#3086 = CARTESIAN_POINT('',(-2.919631755034E-02,-6.665642145142E-03));
#3087 = CARTESIAN_POINT('',(-2.940934517082E-02,-1.887973145513E-02));
#3088 = CARTESIAN_POINT('',(-2.962237246417E-02,-3.109381934299E-02));
#3089 = CARTESIAN_POINT('',(-2.971913299764E-02,-3.664166444989E-02));
#3090 = ( GEOMETRIC_REPRESENTATION_CONTEXT(2) 
PARAMETRIC_REPRESENTATION_CONTEXT() REPRESENTATION_CONTEXT('2D SPACE',''
  ) );
#3091 = PCURVE('',#257,#3092);
#3092 = DEFINITIONAL_REPRESENTATION('',(#3093),#3099);
#3093 = B_SPLINE_CURVE_WITH_KNOTS('',3,(#3094,#3095,#3096,#3097,#3098),
  .UNSPECIFIED.,.F.,.F.,(4,1,4),(0.,0.545783361267,1.),.UNSPECIFIED.);
#3094 = CARTESIAN_POINT('',(0.998383404179,7.142856288571E-02));
#3095 = CARTESIAN_POINT('',(0.998677402098,7.152379491636E-02));
#3096 = CARTESIAN_POINT('',(0.999216178944,7.169828186604E-02));
#3097 = CARTESIAN_POINT('',(0.999755150235,7.187276884776E-02));
#3098 = CARTESIAN_POINT('',(1.,7.195202377786E-02));
#3099 = ( GEOMETRIC_REPRESENTATION_CONTEXT(2) 
PARAMETRIC_REPRESENTATION_CONTEXT() REPRESENTATION_CONTEXT('2D SPACE',''
  ) );
#3100 = ADVANCED_FACE('',(#3101),#1839,.F.);
#3101 = FACE_BOUND('',#3102,.F.);
#3102 = EDGE_LOOP('',(#3103,#3104,#3105));
#3103 = ORIENTED_EDGE('',*,*,#2072,.F.);
#3104 = ORIENTED_EDGE('',*,*,#1821,.F.);
#3105 = ORIENTED_EDGE('',*,*,#3106,.T.);
#3106 = EDGE_CURVE('',#1762,#2073,#3107,.T.);
#3107 = SURFACE_CURVE('',#3108,(#3124,#3131),.PCURVE_S1.);
#3108 = ( BOUNDED_CURVE() B_SPLINE_CURVE(3,(#3109,#3110,#3111,#3112,
    #3113,#3114,#3115,#3116,#3117,#3118,#3119,#3120,#3121,#3122,#3123),
.UNSPECIFIED.,.F.,.F.) B_SPLINE_CURVE_WITH_KNOTS((4,1,1,1,1,1,1,1,1,1,1,
    1,4),(0.,8.333333333333E-02,0.166666666667,0.25,0.333333333333,
    0.416666666667,0.5,0.583333333333,0.666666666667,0.75,0.833333333333
,0.916666666667,1.),.QUASI_UNIFORM_KNOTS.) CURVE() 
GEOMETRIC_REPRESENTATION_ITEM() RATIONAL_B_SPLINE_CURVE((1.,1.,1.,1.,1.,
1.,1.,1.,1.,1.,1.,1.,1.,1.,1.)) REPRESENTATION_ITEM('') );
#3109 = CARTESIAN_POINT('',(39.643909446721,-56.20262556829,-5.));
#3110 = CARTESIAN_POINT('',(40.724469668771,-53.65567324288,
    -3.055555555556));
#3111 = CARTESIAN_POINT('',(42.503957310549,-48.53569880261,
    0.833333333333));
#3112 = CARTESIAN_POINT('',(44.055540433913,-40.92843072055,
    6.666666666667));
#3113 = CARTESIAN_POINT('',(44.535225001781,-33.53801859909,12.5));
#3114 = CARTESIAN_POINT('',(44.006132423978,-26.49971278757,
    18.333333333333));
#3115 = CARTESIAN_POINT('',(42.547369378519,-19.9378435822,
    24.166666666667));
#3116 = CARTESIAN_POINT('',(40.252420749947,-13.96401232982,30.));
#3117 = CARTESIAN_POINT('',(37.227334651303,-8.675501369962,
    35.833333333333));
#3118 = CARTESIAN_POINT('',(33.588721222613,-4.154016695024,
    41.666666666667));
#3119 = CARTESIAN_POINT('',(29.461717524455,-0.464536592983,47.5));
#3120 = CARTESIAN_POINT('',(24.977769218112,2.345512567435,
    53.333333333333));
#3121 = CARTESIAN_POINT('',(20.27235176994,4.246789661729,
    59.166666666667));
#3122 = CARTESIAN_POINT('',(17.079221870957,4.901121647837,
    63.055555555555));
#3123 = CARTESIAN_POINT('',(15.491379009491,5.076205356144,65.));
#3124 = PCURVE('',#1839,#3125);
#3125 = DEFINITIONAL_REPRESENTATION('',(#3126),#3130);
#3126 = LINE('',#3127,#3128);
#3127 = CARTESIAN_POINT('',(1.,0.));
#3128 = VECTOR('',#3129,1.);
#3129 = DIRECTION('',(0.,1.));
#3130 = ( GEOMETRIC_REPRESENTATION_CONTEXT(2) 
PARAMETRIC_REPRESENTATION_CONTEXT() REPRESENTATION_CONTEXT('2D SPACE',''
  ) );
#3131 = PCURVE('',#1781,#3132);
#3132 = DEFINITIONAL_REPRESENTATION('',(#3133),#3137);
#3133 = LINE('',#3134,#3135);
#3134 = CARTESIAN_POINT('',(1.,0.));
#3135 = VECTOR('',#3136,1.);
#3136 = DIRECTION('',(0.,1.));
#3137 = ( GEOMETRIC_REPRESENTATION_CONTEXT(2) 
PARAMETRIC_REPRESENTATION_CONTEXT() REPRESENTATION_CONTEXT('2D SPACE',''
  ) );
#3138 = ADVANCED_FACE('',(#3139),#77,.F.);
#3139 = FACE_BOUND('',#3140,.F.);
#3140 = EDGE_LOOP('',(#3141,#3174,#3175));
#3141 = ORIENTED_EDGE('',*,*,#3142,.F.);
#3142 = EDGE_CURVE('',#58,#2007,#3143,.T.);
#3143 = SURFACE_CURVE('',#3144,(#3160,#3167),.PCURVE_S1.);
#3144 = ( BOUNDED_CURVE() B_SPLINE_CURVE(3,(#3145,#3146,#3147,#3148,
    #3149,#3150,#3151,#3152,#3153,#3154,#3155,#3156,#3157,#3158,#3159),
.UNSPECIFIED.,.F.,.F.) B_SPLINE_CURVE_WITH_KNOTS((4,1,1,1,1,1,1,1,1,1,1,
    1,4),(0.,8.333333333333E-02,0.166666666667,0.25,0.333333333333,
    0.416666666667,0.5,0.583333333333,0.666666666667,0.75,0.833333333333
,0.916666666667,1.),.QUASI_UNIFORM_KNOTS.) CURVE() 
GEOMETRIC_REPRESENTATION_ITEM() RATIONAL_B_SPLINE_CURVE((1.,1.,1.,1.,1.,
1.,1.,1.,1.,1.,1.,1.,1.,1.,1.)) REPRESENTATION_ITEM('') );
#3145 = CARTESIAN_POINT('',(68.31821567512,-7.937007241847,-5.));
#3146 = CARTESIAN_POINT('',(67.136924852123,-5.46704693931,
    -3.055555555556));
#3147 = CARTESIAN_POINT('',(64.507145278794,-0.796198095095,
    0.833333333333));
#3148 = CARTESIAN_POINT('',(59.892863965957,5.325222373032,
    6.666666666667));
#3149 = CARTESIAN_POINT('',(54.748020269165,10.502632818054,12.5));
#3150 = CARTESIAN_POINT('',(49.216346930939,14.695953260418,
    18.333333333333));
#3151 = CARTESIAN_POINT('',(43.443823071136,17.884479867944,
    24.166666666667));
#3152 = CARTESIAN_POINT('',(37.576234732119,20.066890232711,30.));
#3153 = CARTESIAN_POINT('',(31.756752424236,21.260950832147,
    35.833333333333));
#3154 = CARTESIAN_POINT('',(26.123623979846,21.502864208128,
    41.666666666667));
#3155 = CARTESIAN_POINT('',(20.807906532291,20.846519862782,47.5));
#3156 = CARTESIAN_POINT('',(15.931303600095,19.362382397104,
    53.333333333333));
#3157 = CARTESIAN_POINT('',(11.604159255694,17.136125476834,
    59.166666666667));
#3158 = CARTESIAN_POINT('',(9.150468495582,15.223391755097,
    63.055555555555));
#3159 = CARTESIAN_POINT('',(8.045113836333,14.17839299053,65.));
#3160 = PCURVE('',#77,#3161);
#3161 = DEFINITIONAL_REPRESENTATION('',(#3162),#3166);
#3162 = LINE('',#3163,#3164);
#3163 = CARTESIAN_POINT('',(2.,0.));
#3164 = VECTOR('',#3165,1.);
#3165 = DIRECTION('',(0.,1.));
#3166 = ( GEOMETRIC_REPRESENTATION_CONTEXT(2) 
PARAMETRIC_REPRESENTATION_CONTEXT() REPRESENTATION_CONTEXT('2D SPACE',''
  ) );
#3167 = PCURVE('',#137,#3168);
#3168 = DEFINITIONAL_REPRESENTATION('',(#3169),#3173);
#3169 = LINE('',#3170,#3171);
#3170 = CARTESIAN_POINT('',(2.,0.));
#3171 = VECTOR('',#3172,1.);
#3172 = DIRECTION('',(0.,1.));
#3173 = ( GEOMETRIC_REPRESENTATION_CONTEXT(2) 
PARAMETRIC_REPRESENTATION_CONTEXT() REPRESENTATION_CONTEXT('2D SPACE',''
  ) );
#3174 = ORIENTED_EDGE('',*,*,#57,.F.);
#3175 = ORIENTED_EDGE('',*,*,#2044,.T.);
#3176 = ADVANCED_FACE('',(#3177),#1781,.F.);
#3177 = FACE_BOUND('',#3178,.F.);
#3178 = EDGE_LOOP('',(#3179,#3180,#3181));
#3179 = ORIENTED_EDGE('',*,*,#3106,.F.);
#3180 = ORIENTED_EDGE('',*,*,#1761,.F.);
#3181 = ORIENTED_EDGE('',*,*,#2101,.T.);
#3182 = ADVANCED_FACE('',(#3183),#137,.F.);
#3183 = FACE_BOUND('',#3184,.F.);
#3184 = EDGE_LOOP('',(#3185,#3186,#3187));
#3185 = ORIENTED_EDGE('',*,*,#2006,.T.);
#3186 = ORIENTED_EDGE('',*,*,#117,.F.);
#3187 = ORIENTED_EDGE('',*,*,#3142,.T.);
#3188 = ADVANCED_FACE('',(#3189),#1721,.F.);
#3189 = FACE_BOUND('',#3190,.F.);
#3190 = EDGE_LOOP('',(#3191,#3192,#3193));
#3191 = ORIENTED_EDGE('',*,*,#2155,.T.);
#3192 = ORIENTED_EDGE('',*,*,#1701,.F.);
#3193 = ORIENTED_EDGE('',*,*,#3194,.T.);
#3194 = EDGE_CURVE('',#1642,#2156,#3195,.T.);
#3195 = SURFACE_CURVE('',#3196,(#3212,#3219),.PCURVE_S1.);
#3196 = ( BOUNDED_CURVE() B_SPLINE_CURVE(3,(#3197,#3198,#3199,#3200,
    #3201,#3202,#3203,#3204,#3205,#3206,#3207,#3208,#3209,#3210,#3211),
.UNSPECIFIED.,.F.,.F.) B_SPLINE_CURVE_WITH_KNOTS((4,1,1,1,1,1,1,1,1,1,1,
    1,4),(0.,8.333333333333E-02,0.166666666667,0.25,0.333333333333,
    0.416666666667,0.5,0.583333333333,0.666666666667,0.75,0.833333333333
,0.916666666667,1.),.QUASI_UNIFORM_KNOTS.) CURVE() 
GEOMETRIC_REPRESENTATION_ITEM() RATIONAL_B_SPLINE_CURVE((1.,1.,1.,1.,1.,
1.,1.,1.,1.,1.,1.,1.,1.,1.,1.)) REPRESENTATION_ITEM('') );
#3197 = CARTESIAN_POINT('',(36.390308616371,-58.36197491342,-5.));
#3198 = CARTESIAN_POINT('',(37.584878560172,-55.89840949842,
    -3.055555555556));
#3199 = CARTESIAN_POINT('',(39.597054491321,-50.93013841565,
    0.833333333333));
#3200 = CARTESIAN_POINT('',(41.506016389266,-43.50590478154,
    6.666666666667));
#3201 = CARTESIAN_POINT('',(42.346121295736,-36.2554413945,12.5));
#3202 = CARTESIAN_POINT('',(42.175649320056,-29.31611249621,
    18.333333333333));
#3203 = CARTESIAN_POINT('',(41.069430046933,-22.81495778657,
    24.166666666667));
#3204 = CARTESIAN_POINT('',(39.11732568689,-16.86678189106,30.));
#3205 = CARTESIAN_POINT('',(36.422491984441,-11.57244280454,
    35.833333333333));
#3206 = CARTESIAN_POINT('',(33.099429340176,-7.017455119079,
    41.666666666667));
#3207 = CARTESIAN_POINT('',(29.271983049532,-3.270683872507,47.5));
#3208 = CARTESIAN_POINT('',(25.071125458615,-0.383346747027,
    53.333333333333));
#3209 = CARTESIAN_POINT('',(20.632637340381,1.611702444503,
    59.166666666667));
#3210 = CARTESIAN_POINT('',(17.607350733304,2.337505159825,
    63.055555555555));
#3211 = CARTESIAN_POINT('',(16.101160442546,2.550160159057,65.));
#3212 = PCURVE('',#1721,#3213);
#3213 = DEFINITIONAL_REPRESENTATION('',(#3214),#3218);
#3214 = LINE('',#3215,#3216);
#3215 = CARTESIAN_POINT('',(2.,0.));
#3216 = VECTOR('',#3217,1.);
#3217 = DIRECTION('',(0.,1.));
#3218 = ( GEOMETRIC_REPRESENTATION_CONTEXT(2) 
PARAMETRIC_REPRESENTATION_CONTEXT() REPRESENTATION_CONTEXT('2D SPACE',''
  ) );
#3219 = PCURVE('',#1661,#3220);
#3220 = DEFINITIONAL_REPRESENTATION('',(#3221),#3225);
#3221 = LINE('',#3222,#3223);
#3222 = CARTESIAN_POINT('',(2.,0.));
#3223 = VECTOR('',#3224,1.);
#3224 = DIRECTION('',(0.,1.));
#3225 = ( GEOMETRIC_REPRESENTATION_CONTEXT(2) 
PARAMETRIC_REPRESENTATION_CONTEXT() REPRESENTATION_CONTEXT('2D SPACE',''
  ) );
#3226 = ADVANCED_FACE('',(#3227),#197,.F.);
#3227 = FACE_BOUND('',#3228,.F.);
#3228 = EDGE_LOOP('',(#3229,#3262,#3263));
#3229 = ORIENTED_EDGE('',*,*,#3230,.F.);
#3230 = EDGE_CURVE('',#178,#1918,#3231,.T.);
#3231 = SURFACE_CURVE('',#3232,(#3248,#3255),.PCURVE_S1.);
#3232 = ( BOUNDED_CURVE() B_SPLINE_CURVE(3,(#3233,#3234,#3235,#3236,
    #3237,#3238,#3239,#3240,#3241,#3242,#3243,#3244,#3245,#3246,#3247),
.UNSPECIFIED.,.F.,.F.) B_SPLINE_CURVE_WITH_KNOTS((4,1,1,1,1,1,1,1,1,1,1,
    1,4),(0.,8.333333333333E-02,0.166666666667,0.25,0.333333333333,
    0.416666666667,0.5,0.583333333333,0.666666666667,0.75,0.833333333333
,0.916666666667,1.),.QUASI_UNIFORM_KNOTS.) CURVE() 
GEOMETRIC_REPRESENTATION_ITEM() RATIONAL_B_SPLINE_CURVE((1.,1.,1.,1.,1.,
1.,1.,1.,1.,1.,1.,1.,1.,1.,1.)) REPRESENTATION_ITEM('') );
#3233 = CARTESIAN_POINT('',(68.658555312495,-4.046907385956,-5.));
#3234 = CARTESIAN_POINT('',(67.34098607889,-1.614092584944,
    -3.055555555556));
#3235 = CARTESIAN_POINT('',(64.447521269234,2.969418725348,
    0.833333333333));
#3236 = CARTESIAN_POINT('',(59.467315841259,8.92554932803,6.666666666667
    ));
#3237 = CARTESIAN_POINT('',(53.988337412465,13.908428414105,12.5));
#3238 = CARTESIAN_POINT('',(48.155684519282,17.883079075485,
    18.333333333333));
#3239 = CARTESIAN_POINT('',(42.115884708516,20.833830731761,
    24.166666666667));
#3240 = CARTESIAN_POINT('',(36.01447829875,22.764190507181,30.));
#3241 = CARTESIAN_POINT('',(29.9936436027,23.696415608579,
    35.833333333333));
#3242 = CARTESIAN_POINT('',(24.189966170643,23.670732661583,
    41.666666666667));
#3243 = CARTESIAN_POINT('',(18.732269754893,22.744464459883,47.5));
#3244 = CARTESIAN_POINT('',(13.739588812928,20.990809502468,
    53.333333333333));
#3245 = CARTESIAN_POINT('',(9.319330731291,18.497392882133,
    59.166666666667));
#3246 = CARTESIAN_POINT('',(6.81686945654,16.408872719866,
    63.055555555555));
#3247 = CARTESIAN_POINT('',(5.68997967024,15.276610088161,65.));
#3248 = PCURVE('',#197,#3249);
#3249 = DEFINITIONAL_REPRESENTATION('',(#3250),#3254);
#3250 = LINE('',#3251,#3252);
#3251 = CARTESIAN_POINT('',(1.,0.));
#3252 = VECTOR('',#3253,1.);
#3253 = DIRECTION('',(0.,1.));
#3254 = ( GEOMETRIC_REPRESENTATION_CONTEXT(2) 
PARAMETRIC_REPRESENTATION_CONTEXT() REPRESENTATION_CONTEXT('2D SPACE',''
  ) );
#3255 = PCURVE('',#257,#3256);
#3256 = DEFINITIONAL_REPRESENTATION('',(#3257),#3261);
#3257 = LINE('',#3258,#3259);
#3258 = CARTESIAN_POINT('',(1.,0.));
#3259 = VECTOR('',#3260,1.);
#3260 = DIRECTION('',(0.,1.));
#3261 = ( GEOMETRIC_REPRESENTATION_CONTEXT(2) 
PARAMETRIC_REPRESENTATION_CONTEXT() REPRESENTATION_CONTEXT('2D SPACE',''
  ) );
#3262 = ORIENTED_EDGE('',*,*,#177,.F.);
#3263 = ORIENTED_EDGE('',*,*,#1917,.T.);
#3264 = ADVANCED_FACE('',(#3265),#1661,.F.);
#3265 = FACE_BOUND('',#3266,.F.);
#3266 = EDGE_LOOP('',(#3267,#3268,#3269));
#3267 = ORIENTED_EDGE('',*,*,#3194,.F.);
#3268 = ORIENTED_EDGE('',*,*,#1641,.F.);
#3269 = ORIENTED_EDGE('',*,*,#2211,.T.);
#3270 = ADVANCED_FACE('',(#3271),#257,.F.);
#3271 = FACE_BOUND('',#3272,.F.);
#3272 = EDGE_LOOP('',(#3273,#3274,#3275));
#3273 = ORIENTED_EDGE('',*,*,#3074,.F.);
#3274 = ORIENTED_EDGE('',*,*,#237,.F.);
#3275 = ORIENTED_EDGE('',*,*,#3230,.T.);
#3276 = ADVANCED_FACE('',(#3277),#1577,.F.);
#3277 = FACE_BOUND('',#3278,.F.);
#3278 = EDGE_LOOP('',(#3279,#3280,#3281));
#3279 = ORIENTED_EDGE('',*,*,#2239,.F.);
#3280 = ORIENTED_EDGE('',*,*,#1557,.F.);
#3281 = ORIENTED_EDGE('',*,*,#3282,.T.);
#3282 = EDGE_CURVE('',#1498,#2240,#3283,.T.);
#3283 = SURFACE_CURVE('',#3284,(#3300,#3307),.PCURVE_S1.);
#3284 = ( BOUNDED_CURVE() B_SPLINE_CURVE(3,(#3285,#3286,#3287,#3288,
    #3289,#3290,#3291,#3292,#3293,#3294,#3295,#3296,#3297,#3298,#3299),
.UNSPECIFIED.,.F.,.F.) B_SPLINE_CURVE_WITH_KNOTS((4,1,1,1,1,1,1,1,1,1,1,
    1,4),(0.,8.333333333333E-02,0.166666666667,0.25,0.333333333333,
    0.416666666667,0.5,0.583333333333,0.666666666667,0.75,0.833333333333
,0.916666666667,1.),.QUASI_UNIFORM_KNOTS.) CURVE() 
GEOMETRIC_REPRESENTATION_ITEM() RATIONAL_B_SPLINE_CURVE((1.,1.,1.,1.,1.,
1.,1.,1.,1.,1.,1.,1.,1.,1.,1.)) REPRESENTATION_ITEM('') );
#3285 = CARTESIAN_POINT('',(-19.22340882081,-66.03662037307,-5.));
#3286 = CARTESIAN_POINT('',(-16.55840302972,-65.29343757266,
    -3.055555555556));
#3287 = CARTESIAN_POINT('',(-11.4459534257,-63.49244518438,
    0.833333333333));
#3288 = CARTESIAN_POINT('',(-4.53095548942,-59.96246764872,
    6.666666666667));
#3289 = CARTESIAN_POINT('',(1.546179811723,-55.72965355627,12.5));
#3290 = CARTESIAN_POINT('',(6.719065051908,-50.92768042596,
    18.333333333333));
#3291 = CARTESIAN_POINT('',(10.93981709833,-45.69591502088,
    24.166666666667));
#3292 = CARTESIAN_POINT('',(14.179469376688,-40.17702906853,30.));
#3293 = CARTESIAN_POINT('',(16.428083408239,-34.51458886894,
    35.833333333333));
#3294 = CARTESIAN_POINT('',(17.694484108908,-28.85070675378,
    41.666666666667));
#3295 = CARTESIAN_POINT('',(18.005891088587,-23.32373211651,47.5));
#3296 = CARTESIAN_POINT('',(17.407179948419,-18.06600317061,
    53.333333333333));
#3297 = CARTESIAN_POINT('',(15.95987844521,-13.20173279267,
    59.166666666667));
#3298 = CARTESIAN_POINT('',(14.480571863909,-10.29727398967,
    63.055555555555));
#3299 = CARTESIAN_POINT('',(13.627453988053,-8.946685544768,65.));
#3300 = PCURVE('',#1577,#3301);
#3301 = DEFINITIONAL_REPRESENTATION('',(#3302),#3306);
#3302 = LINE('',#3303,#3304);
#3303 = CARTESIAN_POINT('',(1.,0.));
#3304 = VECTOR('',#3305,1.);
#3305 = DIRECTION('',(0.,1.));
#3306 = ( GEOMETRIC_REPRESENTATION_CONTEXT(2) 
PARAMETRIC_REPRESENTATION_CONTEXT() REPRESENTATION_CONTEXT('2D SPACE',''
  ) );
#3307 = PCURVE('',#1517,#3308);
#3308 = DEFINITIONAL_REPRESENTATION('',(#3309),#3313);
#3309 = LINE('',#3310,#3311);
#3310 = CARTESIAN_POINT('',(1.,0.));
#3311 = VECTOR('',#3312,1.);
#3312 = DIRECTION('',(0.,1.));
#3313 = ( GEOMETRIC_REPRESENTATION_CONTEXT(2) 
PARAMETRIC_REPRESENTATION_CONTEXT() REPRESENTATION_CONTEXT('2D SPACE',''
  ) );
#3314 = ADVANCED_FACE('',(#3315),#341,.F.);
#3315 = FACE_BOUND('',#3316,.F.);
#3316 = EDGE_LOOP('',(#3317,#3350,#3351));
#3317 = ORIENTED_EDGE('',*,*,#3318,.F.);
#3318 = EDGE_CURVE('',#322,#2991,#3319,.T.);
#3319 = SURFACE_CURVE('',#3320,(#3336,#3343),.PCURVE_S1.);
#3320 = ( BOUNDED_CURVE() B_SPLINE_CURVE(3,(#3321,#3322,#3323,#3324,
    #3325,#3326,#3327,#3328,#3329,#3330,#3331,#3332,#3333,#3334,#3335),
.UNSPECIFIED.,.F.,.F.) B_SPLINE_CURVE_WITH_KNOTS((4,1,1,1,1,1,1,1,1,1,1,
    1,4),(0.,8.333333333333E-02,0.166666666667,0.25,0.333333333333,
    0.416666666667,0.5,0.583333333333,0.666666666667,0.75,0.833333333333
,0.916666666667,1.),.QUASI_UNIFORM_KNOTS.) CURVE() 
GEOMETRIC_REPRESENTATION_ITEM() RATIONAL_B_SPLINE_CURVE((1.,1.,1.,1.,1.,
1.,1.,1.,1.,1.,1.,1.,1.,1.,1.)) REPRESENTATION_ITEM('') );
#3321 = CARTESIAN_POINT('',(48.801112892876,48.46468876828,-5.));
#3322 = CARTESIAN_POINT('',(46.133497386738,49.081113472538,
    -3.055555555556));
#3323 = CARTESIAN_POINT('',(40.842039965374,49.937295630549,
    0.833333333333));
#3324 = CARTESIAN_POINT('',(33.179163384507,50.146348465975,
    6.666666666667));
#3325 = CARTESIAN_POINT('',(25.923543323823,49.352010303954,12.5));
#3326 = CARTESIAN_POINT('',(19.196131472308,47.641666469141,
    18.333333333333));
#3327 = CARTESIAN_POINT('',(13.104131230284,45.116539404996,
    24.166666666667));
#3328 = CARTESIAN_POINT('',(7.739472608562,41.889784721294,30.));
#3329 = CARTESIAN_POINT('',(3.177530568886,38.084414847874,
    35.833333333333));
#3330 = CARTESIAN_POINT('',(-0.523803062123,33.831088208121,
    41.666666666667));
#3331 = CARTESIAN_POINT('',(-3.324948007705,29.265868949888,47.5));
#3332 = CARTESIAN_POINT('',(-5.205114808666,24.527842675594,
    53.333333333333));
#3333 = CARTESIAN_POINT('',(-6.162487430241,19.756696511852,
    59.166666666667));
#3334 = CARTESIAN_POINT('',(-6.196903154854,16.645753858181,
    63.055555555555));
#3335 = CARTESIAN_POINT('',(-6.069067579054,15.130006713625,65.));
#3336 = PCURVE('',#341,#3337);
#3337 = DEFINITIONAL_REPRESENTATION('',(#3338),#3342);
#3338 = LINE('',#3339,#3340);
#3339 = CARTESIAN_POINT('',(2.,0.));
#3340 = VECTOR('',#3341,1.);
#3341 = DIRECTION('',(0.,1.));
#3342 = ( GEOMETRIC_REPRESENTATION_CONTEXT(2) 
PARAMETRIC_REPRESENTATION_CONTEXT() REPRESENTATION_CONTEXT('2D SPACE',''
  ) );
#3343 = PCURVE('',#401,#3344);
#3344 = DEFINITIONAL_REPRESENTATION('',(#3345),#3349);
#3345 = LINE('',#3346,#3347);
#3346 = CARTESIAN_POINT('',(2.,0.));
#3347 = VECTOR('',#3348,1.);
#3348 = DIRECTION('',(0.,1.));
#3349 = ( GEOMETRIC_REPRESENTATION_CONTEXT(2) 
PARAMETRIC_REPRESENTATION_CONTEXT() REPRESENTATION_CONTEXT('2D SPACE',''
  ) );
#3350 = ORIENTED_EDGE('',*,*,#321,.F.);
#3351 = ORIENTED_EDGE('',*,*,#3046,.T.);
#3352 = ADVANCED_FACE('',(#3353),#1517,.F.);
#3353 = FACE_BOUND('',#3354,.F.);
#3354 = EDGE_LOOP('',(#3355,#3356,#3357));
#3355 = ORIENTED_EDGE('',*,*,#3282,.F.);
#3356 = ORIENTED_EDGE('',*,*,#1497,.F.);
#3357 = ORIENTED_EDGE('',*,*,#2268,.T.);
#3358 = ADVANCED_FACE('',(#3359),#401,.F.);
#3359 = FACE_BOUND('',#3360,.F.);
#3360 = EDGE_LOOP('',(#3361,#3362,#3363));
#3361 = ORIENTED_EDGE('',*,*,#2990,.T.);
#3362 = ORIENTED_EDGE('',*,*,#381,.F.);
#3363 = ORIENTED_EDGE('',*,*,#3318,.T.);
#3364 = ADVANCED_FACE('',(#3365),#1457,.F.);
#3365 = FACE_BOUND('',#3366,.F.);
#3366 = EDGE_LOOP('',(#3367,#3368,#3369));
#3367 = ORIENTED_EDGE('',*,*,#2322,.T.);
#3368 = ORIENTED_EDGE('',*,*,#1437,.F.);
#3369 = ORIENTED_EDGE('',*,*,#3370,.T.);
#3370 = EDGE_CURVE('',#1378,#2323,#3371,.T.);
#3371 = SURFACE_CURVE('',#3372,(#3388,#3395),.PCURVE_S1.);
#3372 = ( BOUNDED_CURVE() B_SPLINE_CURVE(3,(#3373,#3374,#3375,#3376,
    #3377,#3378,#3379,#3380,#3381,#3382,#3383,#3384,#3385,#3386,#3387),
.UNSPECIFIED.,.F.,.F.) B_SPLINE_CURVE_WITH_KNOTS((4,1,1,1,1,1,1,1,1,1,1,
    1,4),(0.,8.333333333333E-02,0.166666666667,0.25,0.333333333333,
    0.416666666667,0.5,0.583333333333,0.666666666667,0.75,0.833333333333
,0.916666666667,1.),.QUASI_UNIFORM_KNOTS.) CURVE() 
GEOMETRIC_REPRESENTATION_ITEM() RATIONAL_B_SPLINE_CURVE((1.,1.,1.,1.,1.,
1.,1.,1.,1.,1.,1.,1.,1.,1.,1.)) REPRESENTATION_ITEM('') );
#3373 = CARTESIAN_POINT('',(-22.94024305752,-64.83918510785,-5.));
#3374 = CARTESIAN_POINT('',(-20.26934787939,-64.23712958547,
    -3.055555555556));
#3375 = CARTESIAN_POINT('',(-15.13042596082,-62.71264572372,
    0.833333333333));
#3376 = CARTESIAN_POINT('',(-8.135708096979,-59.57619827689,
    6.666666666667));
#3377 = CARTESIAN_POINT('',(-1.943270716836,-55.71242876077,12.5));
#3378 = CARTESIAN_POINT('',(3.375827544711,-51.25254760348,
    18.333333333333));
#3379 = CARTESIAN_POINT('',(7.768918533691,-46.33426688747,
    24.166666666667));
#3380 = CARTESIAN_POINT('',(11.202272551406,-41.09942323122,30.));
#3381 = CARTESIAN_POINT('',(13.661352196925,-35.6915509746,
    35.833333333333));
#3382 = CARTESIAN_POINT('',(15.150689302041,-30.25348761162,
    41.666666666667));
#3383 = CARTESIAN_POINT('',(15.693659290838,-24.924995942,47.5));
#3384 = CARTESIAN_POINT('',(15.33187848904,-19.84040797179,
    53.333333333333));
#3385 = CARTESIAN_POINT('',(14.12431867866,-15.12636540127,
    59.166666666667));
#3386 = CARTESIAN_POINT('',(12.805538744348,-12.30857049721,
    63.055555555555));
#3387 = CARTESIAN_POINT('',(12.032704831705,-10.99839528597,65.));
#3388 = PCURVE('',#1457,#3389);
#3389 = DEFINITIONAL_REPRESENTATION('',(#3390),#3394);
#3390 = LINE('',#3391,#3392);
#3391 = CARTESIAN_POINT('',(2.,0.));
#3392 = VECTOR('',#3393,1.);
#3393 = DIRECTION('',(0.,1.));
#3394 = ( GEOMETRIC_REPRESENTATION_CONTEXT(2) 
PARAMETRIC_REPRESENTATION_CONTEXT() REPRESENTATION_CONTEXT('2D SPACE',''
  ) );
#3395 = PCURVE('',#1397,#3396);
#3396 = DEFINITIONAL_REPRESENTATION('',(#3397),#3401);
#3397 = LINE('',#3398,#3399);
#3398 = CARTESIAN_POINT('',(2.,0.));
#3399 = VECTOR('',#3400,1.);
#3400 = DIRECTION('',(0.,1.));
#3401 = ( GEOMETRIC_REPRESENTATION_CONTEXT(2) 
PARAMETRIC_REPRESENTATION_CONTEXT() REPRESENTATION_CONTEXT('2D SPACE',''
  ) );
#3402 = ADVANCED_FACE('',(#3403),#461,.F.);
#3403 = FACE_BOUND('',#3404,.F.);
#3404 = EDGE_LOOP('',(#3405,#3438,#3439));
#3405 = ORIENTED_EDGE('',*,*,#3406,.F.);
#3406 = EDGE_CURVE('',#442,#2908,#3407,.T.);
#3407 = SURFACE_CURVE('',#3408,(#3424,#3431),.PCURVE_S1.);
#3408 = ( BOUNDED_CURVE() B_SPLINE_CURVE(3,(#3409,#3410,#3411,#3412,
    #3413,#3414,#3415,#3416,#3417,#3418,#3419,#3420,#3421,#3422,#3423),
.UNSPECIFIED.,.F.,.F.) B_SPLINE_CURVE_WITH_KNOTS((4,1,1,1,1,1,1,1,1,1,1,
    1,4),(0.,8.333333333333E-02,0.166666666667,0.25,0.333333333333,
    0.416666666667,0.5,0.583333333333,0.666666666667,0.75,0.833333333333
,0.916666666667,1.),.QUASI_UNIFORM_KNOTS.) CURVE() 
GEOMETRIC_REPRESENTATION_ITEM() RATIONAL_B_SPLINE_CURVE((1.,1.,1.,1.,1.,
1.,1.,1.,1.,1.,1.,1.,1.,1.,1.)) REPRESENTATION_ITEM('') );
#3409 = CARTESIAN_POINT('',(45.971908648667,51.15621459987,-5.));
#3410 = CARTESIAN_POINT('',(43.248366465827,51.642932710949,
    -3.055555555556));
#3411 = CARTESIAN_POINT('',(37.860787222333,52.238503388018,
    0.833333333333));
#3412 = CARTESIAN_POINT('',(30.098989507962,52.05840868458,
    6.666666666667));
#3413 = CARTESIAN_POINT('',(22.78713059018,50.881545151249,12.5));
#3414 = CARTESIAN_POINT('',(16.04302397462,48.799547646371,
    18.333333333333));
#3415 = CARTESIAN_POINT('',(9.970279845517,45.917205572016,
    24.166666666667));
#3416 = CARTESIAN_POINT('',(4.656899127119,42.350493587421,30.));
#3417 = CARTESIAN_POINT('',(0.174127162436,38.224448315072,
    35.833333333333));
#3418 = CARTESIAN_POINT('',(-3.424326793206,33.670937529067,
    41.666666666667));
#3419 = CARTESIAN_POINT('',(-6.10295920877,28.826419871935,47.5));
#3420 = CARTESIAN_POINT('',(-7.844782204925,23.829598747661,
    53.333333333333));
#3421 = CARTESIAN_POINT('',(-8.651336427723,18.819081984239,
    59.166666666667));
#3422 = CARTESIAN_POINT('',(-8.578724697447,15.560407953832,
    63.055555555555));
#3423 = CARTESIAN_POINT('',(-8.396090415135,13.973415837738,65.));
#3424 = PCURVE('',#461,#3425);
#3425 = DEFINITIONAL_REPRESENTATION('',(#3426),#3430);
#3426 = LINE('',#3427,#3428);
#3427 = CARTESIAN_POINT('',(1.,0.));
#3428 = VECTOR('',#3429,1.);
#3429 = DIRECTION('',(0.,1.));
#3430 = ( GEOMETRIC_REPRESENTATION_CONTEXT(2) 
PARAMETRIC_REPRESENTATION_CONTEXT() REPRESENTATION_CONTEXT('2D SPACE',''
  ) );
#3431 = PCURVE('',#521,#3432);
#3432 = DEFINITIONAL_REPRESENTATION('',(#3433),#3437);
#3433 = LINE('',#3434,#3435);
#3434 = CARTESIAN_POINT('',(1.,0.));
#3435 = VECTOR('',#3436,1.);
#3436 = DIRECTION('',(0.,1.));
#3437 = ( GEOMETRIC_REPRESENTATION_CONTEXT(2) 
PARAMETRIC_REPRESENTATION_CONTEXT() REPRESENTATION_CONTEXT('2D SPACE',''
  ) );
#3438 = ORIENTED_EDGE('',*,*,#441,.F.);
#3439 = ORIENTED_EDGE('',*,*,#2936,.T.);
#3440 = ADVANCED_FACE('',(#3441),#1397,.F.);
#3441 = FACE_BOUND('',#3442,.F.);
#3442 = EDGE_LOOP('',(#3443,#3444,#3445));
#3443 = ORIENTED_EDGE('',*,*,#3370,.F.);
#3444 = ORIENTED_EDGE('',*,*,#1377,.F.);
#3445 = ORIENTED_EDGE('',*,*,#2378,.T.);
#3446 = ADVANCED_FACE('',(#3447),#521,.F.);
#3447 = FACE_BOUND('',#3448,.F.);
#3448 = EDGE_LOOP('',(#3449,#3450,#3451));
#3449 = ORIENTED_EDGE('',*,*,#2907,.F.);
#3450 = ORIENTED_EDGE('',*,*,#501,.F.);
#3451 = ORIENTED_EDGE('',*,*,#3406,.T.);
#3452 = ADVANCED_FACE('',(#3453),#1313,.F.);
#3453 = FACE_BOUND('',#3454,.F.);
#3454 = EDGE_LOOP('',(#3455,#3456,#3457));
#3455 = ORIENTED_EDGE('',*,*,#2406,.F.);
#3456 = ORIENTED_EDGE('',*,*,#1293,.F.);
#3457 = ORIENTED_EDGE('',*,*,#3458,.T.);
#3458 = EDGE_CURVE('',#1234,#2407,#3459,.T.);
#3459 = SURFACE_CURVE('',#3460,(#3476,#3483),.PCURVE_S1.);
#3460 = ( BOUNDED_CURVE() B_SPLINE_CURVE(3,(#3461,#3462,#3463,#3464,
    #3465,#3466,#3467,#3468,#3469,#3470,#3471,#3472,#3473,#3474,#3475),
.UNSPECIFIED.,.F.,.F.) B_SPLINE_CURVE_WITH_KNOTS((4,1,1,1,1,1,1,1,1,1,1,
    1,4),(0.,8.333333333333E-02,0.166666666667,0.25,0.333333333333,
    0.416666666667,0.5,0.583333333333,0.666666666667,0.75,0.833333333333
,0.916666666667,1.),.QUASI_UNIFORM_KNOTS.) CURVE() 
GEOMETRIC_REPRESENTATION_ITEM() RATIONAL_B_SPLINE_CURVE((1.,1.,1.,1.,1.,
1.,1.,1.,1.,1.,1.,1.,1.,1.,1.)) REPRESENTATION_ITEM('') );
#3461 = CARTESIAN_POINT('',(-63.61510816019,-26.14369313536,-5.));
#3462 = CARTESIAN_POINT('',(-61.37246051696,-27.76391166682,
    -3.055555555556));
#3463 = CARTESIAN_POINT('',(-56.77682777749,-30.63808533245,
    0.833333333333));
#3464 = CARTESIAN_POINT('',(-49.70554951457,-33.84354342597,
    6.666666666667));
#3465 = CARTESIAN_POINT('',(-42.60717031288,-35.95572270781,12.5));
#3466 = CARTESIAN_POINT('',(-35.62759534819,-37.00606596824,
    18.333333333333));
#3467 = CARTESIAN_POINT('',(-28.9056405885,-37.04403042204,
    24.166666666667));
#3468 = CARTESIAN_POINT('',(-22.57091164568,-36.13592345659,30.));
#3469 = CARTESIAN_POINT('',(-16.74184971306,-34.3634869803,
    35.833333333333));
#3470 = CARTESIAN_POINT('',(-11.5240604405,-31.82222617977,
    41.666666666667));
#3471 = CARTESIAN_POINT('',(-7.008738590228,-28.61968163888,47.5));
#3472 = CARTESIAN_POINT('',(-3.271370864194,-24.87345004188,
    53.333333333333));
#3473 = CARTESIAN_POINT('',(-0.370708870953,-20.70908118792,
    59.166666666667));
#3474 = CARTESIAN_POINT('',(0.977755893502,-17.74161228685,
    63.055555555555));
#3475 = CARTESIAN_POINT('',(1.501778164209,-16.23253975134,65.));
#3476 = PCURVE('',#1313,#3477);
#3477 = DEFINITIONAL_REPRESENTATION('',(#3478),#3482);
#3478 = LINE('',#3479,#3480);
#3479 = CARTESIAN_POINT('',(1.,0.));
#3480 = VECTOR('',#3481,1.);
#3481 = DIRECTION('',(0.,1.));
#3482 = ( GEOMETRIC_REPRESENTATION_CONTEXT(2) 
PARAMETRIC_REPRESENTATION_CONTEXT() REPRESENTATION_CONTEXT('2D SPACE',''
  ) );
#3483 = PCURVE('',#1253,#3484);
#3484 = DEFINITIONAL_REPRESENTATION('',(#3485),#3489);
#3485 = LINE('',#3486,#3487);
#3486 = CARTESIAN_POINT('',(1.,0.));
#3487 = VECTOR('',#3488,1.);
#3488 = DIRECTION('',(0.,1.));
#3489 = ( GEOMETRIC_REPRESENTATION_CONTEXT(2) 
PARAMETRIC_REPRESENTATION_CONTEXT() REPRESENTATION_CONTEXT('2D SPACE',''
  ) );
#3490 = ADVANCED_FACE('',(#3491),#605,.F.);
#3491 = FACE_BOUND('',#3492,.F.);
#3492 = EDGE_LOOP('',(#3493,#3526,#3527));
#3493 = ORIENTED_EDGE('',*,*,#3494,.F.);
#3494 = EDGE_CURVE('',#586,#2824,#3495,.T.);
#3495 = SURFACE_CURVE('',#3496,(#3512,#3519),.PCURVE_S1.);
#3496 = ( BOUNDED_CURVE() B_SPLINE_CURVE(3,(#3497,#3498,#3499,#3500,
    #3501,#3502,#3503,#3504,#3505,#3506,#3507,#3508,#3509,#3510,#3511),
.UNSPECIFIED.,.F.,.F.) B_SPLINE_CURVE_WITH_KNOTS((4,1,1,1,1,1,1,1,1,1,1,
    1,4),(0.,8.333333333333E-02,0.166666666667,0.25,0.333333333333,
    0.416666666667,0.5,0.583333333333,0.666666666667,0.75,0.833333333333
,0.916666666667,1.),.QUASI_UNIFORM_KNOTS.) CURVE() 
GEOMETRIC_REPRESENTATION_ITEM() RATIONAL_B_SPLINE_CURVE((1.,1.,1.,1.,1.,
1.,1.,1.,1.,1.,1.,1.,1.,1.,1.)) REPRESENTATION_ITEM('') );
#3497 = CARTESIAN_POINT('',(-7.464223258991,68.371485636406,-5.));
#3498 = CARTESIAN_POINT('',(-9.609394562708,66.670194367307,
    -3.055555555556));
#3499 = CARTESIAN_POINT('',(-13.57795446775,63.066987211199,
    0.833333333333));
#3500 = CARTESIAN_POINT('',(-18.51912395706,57.206251364948,
    6.666666666667));
#3501 = CARTESIAN_POINT('',(-22.42189048827,51.038317433431,12.5));
#3502 = CARTESIAN_POINT('',(-25.27916251469,44.71223311371,
    18.333333333333));
#3503 = CARTESIAN_POINT('',(-27.10323870253,38.374924560401,
    24.166666666667));
#3504 = CARTESIAN_POINT('',(-27.92527024571,32.168816918857,30.));
#3505 = CARTESIAN_POINT('',(-27.79443661464,26.229537702667,
    35.833333333333));
#3506 = CARTESIAN_POINT('',(-26.77679571467,20.683812758966,
    41.666666666667));
#3507 = CARTESIAN_POINT('',(-24.95404888132,15.647421802796,47.5));
#3508 = CARTESIAN_POINT('',(-22.4219756015,11.223337142552,
    53.333333333333));
#3509 = CARTESIAN_POINT('',(-19.28865538937,7.500072110281,
    59.166666666667));
#3510 = CARTESIAN_POINT('',(-16.87788033589,5.533523794557,
    63.055555555555));
#3511 = CARTESIAN_POINT('',(-15.61311732099,4.688416785469,65.));
#3512 = PCURVE('',#605,#3513);
#3513 = DEFINITIONAL_REPRESENTATION('',(#3514),#3518);
#3514 = LINE('',#3515,#3516);
#3515 = CARTESIAN_POINT('',(2.,0.));
#3516 = VECTOR('',#3517,1.);
#3517 = DIRECTION('',(0.,1.));
#3518 = ( GEOMETRIC_REPRESENTATION_CONTEXT(2) 
PARAMETRIC_REPRESENTATION_CONTEXT() REPRESENTATION_CONTEXT('2D SPACE',''
  ) );
#3519 = PCURVE('',#665,#3520);
#3520 = DEFINITIONAL_REPRESENTATION('',(#3521),#3525);
#3521 = LINE('',#3522,#3523);
#3522 = CARTESIAN_POINT('',(2.,0.));
#3523 = VECTOR('',#3524,1.);
#3524 = DIRECTION('',(0.,1.));
#3525 = ( GEOMETRIC_REPRESENTATION_CONTEXT(2) 
PARAMETRIC_REPRESENTATION_CONTEXT() REPRESENTATION_CONTEXT('2D SPACE',''
  ) );
#3526 = ORIENTED_EDGE('',*,*,#585,.F.);
#3527 = ORIENTED_EDGE('',*,*,#2879,.T.);
#3528 = ADVANCED_FACE('',(#3529),#1253,.F.);
#3529 = FACE_BOUND('',#3530,.F.);
#3530 = EDGE_LOOP('',(#3531,#3532,#3533));
#3531 = ORIENTED_EDGE('',*,*,#3458,.F.);
#3532 = ORIENTED_EDGE('',*,*,#1233,.F.);
#3533 = ORIENTED_EDGE('',*,*,#2435,.T.);
#3534 = ADVANCED_FACE('',(#3535),#665,.F.);
#3535 = FACE_BOUND('',#3536,.F.);
#3536 = EDGE_LOOP('',(#3537,#3538,#3539));
#3537 = ORIENTED_EDGE('',*,*,#2823,.T.);
#3538 = ORIENTED_EDGE('',*,*,#645,.F.);
#3539 = ORIENTED_EDGE('',*,*,#3494,.T.);
#3540 = ADVANCED_FACE('',(#3541),#1193,.F.);
#3541 = FACE_BOUND('',#3542,.F.);
#3542 = EDGE_LOOP('',(#3543,#3544,#3545));
#3543 = ORIENTED_EDGE('',*,*,#2489,.T.);
#3544 = ORIENTED_EDGE('',*,*,#1173,.F.);
#3545 = ORIENTED_EDGE('',*,*,#3546,.T.);
#3546 = EDGE_CURVE('',#1114,#2490,#3547,.T.);
#3547 = SURFACE_CURVE('',#3548,(#3564,#3571),.PCURVE_S1.);
#3548 = ( BOUNDED_CURVE() B_SPLINE_CURVE(3,(#3549,#3550,#3551,#3552,
    #3553,#3554,#3555,#3556,#3557,#3558,#3559,#3560,#3561,#3562,#3563),
.UNSPECIFIED.,.F.,.F.) B_SPLINE_CURVE_WITH_KNOTS((4,1,1,1,1,1,1,1,1,1,1,
    1,4),(0.,8.333333333333E-02,0.166666666667,0.25,0.333333333333,
    0.416666666667,0.5,0.583333333333,0.666666666667,0.75,0.833333333333
,0.916666666667,1.),.QUASI_UNIFORM_KNOTS.) CURVE() 
GEOMETRIC_REPRESENTATION_ITEM() RATIONAL_B_SPLINE_CURVE((1.,1.,1.,1.,1.,
1.,1.,1.,1.,1.,1.,1.,1.,1.,1.)) REPRESENTATION_ITEM('') );
#3549 = CARTESIAN_POINT('',(-64.99632381342,-22.49116643774,-5.));
#3550 = CARTESIAN_POINT('',(-62.86034194642,-24.20398089601,
    -3.055555555556));
#3551 = CARTESIAN_POINT('',(-58.46438706003,-27.27125169699,
    0.833333333333));
#3552 = CARTESIAN_POINT('',(-51.65107844799,-30.78439933676,
    6.666666666667));
#3553 = CARTESIAN_POINT('',(-44.76934024413,-33.21682094374,12.5));
#3554 = CARTESIAN_POINT('',(-37.96606122613,-34.59476900388,
    18.333333333333));
#3555 = CARTESIAN_POINT('',(-31.38174709247,-34.96292797531,
    24.166666666667));
#3556 = CARTESIAN_POINT('',(-25.1483203,-34.38336060281,30.));
#3557 = CARTESIAN_POINT('',(-19.38706443567,-32.93419328582,
    35.833333333333));
#3558 = CARTESIAN_POINT('',(-14.20682879827,-30.70802687393,
    41.666666666667));
#3559 = CARTESIAN_POINT('',(-9.702310006165,-27.81027768991,47.5));
#3560 = CARTESIAN_POINT('',(-5.952585696108,-24.35723732323,
    53.333333333333));
#3561 = CARTESIAN_POINT('',(-3.019900031686,-20.47397157827,
    59.166666666667));
#3562 = CARTESIAN_POINT('',(-1.639105104489,-17.68604152076,
    63.055555555555));
#3563 = CARTESIAN_POINT('',(-1.096622939858,-16.26493475428,65.));
#3564 = PCURVE('',#1193,#3565);
#3565 = DEFINITIONAL_REPRESENTATION('',(#3566),#3570);
#3566 = LINE('',#3567,#3568);
#3567 = CARTESIAN_POINT('',(2.,0.));
#3568 = VECTOR('',#3569,1.);
#3569 = DIRECTION('',(0.,1.));
#3570 = ( GEOMETRIC_REPRESENTATION_CONTEXT(2) 
PARAMETRIC_REPRESENTATION_CONTEXT() REPRESENTATION_CONTEXT('2D SPACE',''
  ) );
#3571 = PCURVE('',#1133,#3572);
#3572 = DEFINITIONAL_REPRESENTATION('',(#3573),#3577);
#3573 = LINE('',#3574,#3575);
#3574 = CARTESIAN_POINT('',(2.,0.));
#3575 = VECTOR('',#3576,1.);
#3576 = DIRECTION('',(0.,1.));
#3577 = ( GEOMETRIC_REPRESENTATION_CONTEXT(2) 
PARAMETRIC_REPRESENTATION_CONTEXT() REPRESENTATION_CONTEXT('2D SPACE',''
  ) );
#3578 = ADVANCED_FACE('',(#3579),#725,.F.);
#3579 = FACE_BOUND('',#3580,.F.);
#3580 = EDGE_LOOP('',(#3581,#3614,#3615));
#3581 = ORIENTED_EDGE('',*,*,#3582,.F.);
#3582 = EDGE_CURVE('',#706,#2741,#3583,.T.);
#3583 = SURFACE_CURVE('',#3584,(#3600,#3607),.PCURVE_S1.);
#3584 = ( BOUNDED_CURVE() B_SPLINE_CURVE(3,(#3585,#3586,#3587,#3588,
    #3589,#3590,#3591,#3592,#3593,#3594,#3595,#3596,#3597,#3598,#3599),
.UNSPECIFIED.,.F.,.F.) B_SPLINE_CURVE_WITH_KNOTS((4,1,1,1,1,1,1,1,1,1,1,
    1,4),(0.,8.333333333333E-02,0.166666666667,0.25,0.333333333333,
    0.416666666667,0.5,0.583333333333,0.666666666667,0.75,0.833333333333
,0.916666666667,1.),.QUASI_UNIFORM_KNOTS.) CURVE() 
GEOMETRIC_REPRESENTATION_ITEM() RATIONAL_B_SPLINE_CURVE((1.,1.,1.,1.,1.,
1.,1.,1.,1.,1.,1.,1.,1.,1.,1.)) REPRESENTATION_ITEM('') );
#3585 = CARTESIAN_POINT('',(-11.33252288364,67.837663595388,-5.));
#3586 = CARTESIAN_POINT('',(-13.4111552019,66.011776351651,
    -3.055555555556));
#3587 = CARTESIAN_POINT('',(-17.23589182229,62.170929528236,
    0.833333333333));
#3588 = CARTESIAN_POINT('',(-21.93448983232,55.990224503629,
    6.666666666667));
#3589 = CARTESIAN_POINT('',(-25.57325033926,49.539820595131,12.5));
#3590 = CARTESIAN_POINT('',(-28.15036084098,42.968961510179,
    18.333333333333));
#3591 = CARTESIAN_POINT('',(-29.6831490978,36.423988076244,
    24.166666666667));
#3592 = CARTESIAN_POINT('',(-30.20742007066,30.0460112037,30.));
#3593 = CARTESIAN_POINT('',(-29.77651058269,23.968691803669,
    35.833333333333));
#3594 = CARTESIAN_POINT('',(-28.46003183823,18.316239675208,
    41.666666666667));
#3595 = CARTESIAN_POINT('',(-26.34253541054,13.201493168615,47.5));
#3596 = CARTESIAN_POINT('',(-23.52187221807,8.724214100637,
    53.333333333333));
#3597 = CARTESIAN_POINT('',(-20.10737080155,4.9696185129,59.166666666667
    ));
#3598 = CARTESIAN_POINT('',(-17.51436418016,2.994638624085,
    63.055555555555));
#3599 = CARTESIAN_POINT('',(-16.15973316888,2.14795445576,65.));
#3600 = PCURVE('',#725,#3601);
#3601 = DEFINITIONAL_REPRESENTATION('',(#3602),#3606);
#3602 = LINE('',#3603,#3604);
#3603 = CARTESIAN_POINT('',(1.,0.));
#3604 = VECTOR('',#3605,1.);
#3605 = DIRECTION('',(0.,1.));
#3606 = ( GEOMETRIC_REPRESENTATION_CONTEXT(2) 
PARAMETRIC_REPRESENTATION_CONTEXT() REPRESENTATION_CONTEXT('2D SPACE',''
  ) );
#3607 = PCURVE('',#785,#3608);
#3608 = DEFINITIONAL_REPRESENTATION('',(#3609),#3613);
#3609 = LINE('',#3610,#3611);
#3610 = CARTESIAN_POINT('',(1.,0.));
#3611 = VECTOR('',#3612,1.);
#3612 = DIRECTION('',(0.,1.));
#3613 = ( GEOMETRIC_REPRESENTATION_CONTEXT(2) 
PARAMETRIC_REPRESENTATION_CONTEXT() REPRESENTATION_CONTEXT('2D SPACE',''
  ) );
#3614 = ORIENTED_EDGE('',*,*,#705,.F.);
#3615 = ORIENTED_EDGE('',*,*,#2769,.T.);
#3616 = ADVANCED_FACE('',(#3617),#1133,.F.);
#3617 = FACE_BOUND('',#3618,.F.);
#3618 = EDGE_LOOP('',(#3619,#3620,#3621));
#3619 = ORIENTED_EDGE('',*,*,#3546,.F.);
#3620 = ORIENTED_EDGE('',*,*,#1113,.F.);
#3621 = ORIENTED_EDGE('',*,*,#2545,.T.);
#3622 = ADVANCED_FACE('',(#3623),#785,.F.);
#3623 = FACE_BOUND('',#3624,.F.);
#3624 = EDGE_LOOP('',(#3625,#3626,#3627));
#3625 = ORIENTED_EDGE('',*,*,#2740,.F.);
#3626 = ORIENTED_EDGE('',*,*,#765,.F.);
#3627 = ORIENTED_EDGE('',*,*,#3582,.T.);
#3628 = ADVANCED_FACE('',(#3629),#1049,.F.);
#3629 = FACE_BOUND('',#3630,.F.);
#3630 = EDGE_LOOP('',(#3631,#3632,#3633));
#3631 = ORIENTED_EDGE('',*,*,#2573,.F.);
#3632 = ORIENTED_EDGE('',*,*,#1029,.F.);
#3633 = ORIENTED_EDGE('',*,*,#3634,.T.);
#3634 = EDGE_CURVE('',#970,#2574,#3635,.T.);
#3635 = SURFACE_CURVE('',#3636,(#3652,#3659),.PCURVE_S1.);
#3636 = ( BOUNDED_CURVE() B_SPLINE_CURVE(3,(#3637,#3638,#3639,#3640,
    #3641,#3642,#3643,#3644,#3645,#3646,#3647,#3648,#3649,#3650,#3651),
.UNSPECIFIED.,.F.,.F.) B_SPLINE_CURVE_WITH_KNOTS((4,1,1,1,1,1,1,1,1,1,1,
    1,4),(0.,8.333333333333E-02,0.166666666667,0.25,0.333333333333,
    0.416666666667,0.5,0.583333333333,0.666666666667,0.75,0.833333333333
,0.916666666667,1.),.QUASI_UNIFORM_KNOTS.) CURVE() 
GEOMETRIC_REPRESENTATION_ITEM() RATIONAL_B_SPLINE_CURVE((1.,1.,1.,1.,1.,
1.,1.,1.,1.,1.,1.,1.,1.,1.,1.)) REPRESENTATION_ITEM('') );
#3637 = CARTESIAN_POINT('',(-60.10333354323,33.435968267426,-5.));
#3638 = CARTESIAN_POINT('',(-59.97180346489,30.672406004719,
    -3.055555555556));
#3639 = CARTESIAN_POINT('',(-59.35359277661,25.287377677848,
    0.833333333333));
#3640 = CARTESIAN_POINT('',(-57.45085094681,17.760259279008,
    6.666666666667));
#3641 = CARTESIAN_POINT('',(-54.676452164,10.893600702703,12.5));
#3642 = CARTESIAN_POINT('',(-51.14594978061,4.781870949743,
    18.333333333333));
#3643 = CARTESIAN_POINT('',(-46.98456134457,-0.497235354891,
    24.166666666667));
#3644 = CARTESIAN_POINT('',(-42.32493583616,-4.88373044334,30.));
#3645 = CARTESIAN_POINT('',(-37.30482852892,-8.335978508107,
    35.833333333333));
#3646 = CARTESIAN_POINT('',(-32.06475243022,-10.83096023728,
    41.666666666667));
#3647 = CARTESIAN_POINT('',(-26.74564515838,-12.36442715205,47.5));
#3648 = CARTESIAN_POINT('',(-21.48651269226,-12.9506817057,
    53.333333333333));
#3649 = CARTESIAN_POINT('',(-16.4221448462,-12.62206906039,
    59.166666666667));
#3650 = CARTESIAN_POINT('',(-13.26133020729,-11.82615466909,
    63.055555555555));
#3651 = CARTESIAN_POINT('',(-11.75476724797,-11.29496044169,65.));
#3652 = PCURVE('',#1049,#3653);
#3653 = DEFINITIONAL_REPRESENTATION('',(#3654),#3658);
#3654 = LINE('',#3655,#3656);
#3655 = CARTESIAN_POINT('',(1.,0.));
#3656 = VECTOR('',#3657,1.);
#3657 = DIRECTION('',(0.,1.));
#3658 = ( GEOMETRIC_REPRESENTATION_CONTEXT(2) 
PARAMETRIC_REPRESENTATION_CONTEXT() REPRESENTATION_CONTEXT('2D SPACE',''
  ) );
#3659 = PCURVE('',#989,#3660);
#3660 = DEFINITIONAL_REPRESENTATION('',(#3661),#3665);
#3661 = LINE('',#3662,#3663);
#3662 = CARTESIAN_POINT('',(1.,0.));
#3663 = VECTOR('',#3664,1.);
#3664 = DIRECTION('',(0.,1.));
#3665 = ( GEOMETRIC_REPRESENTATION_CONTEXT(2) 
PARAMETRIC_REPRESENTATION_CONTEXT() REPRESENTATION_CONTEXT('2D SPACE',''
  ) );
#3666 = ADVANCED_FACE('',(#3667),#869,.F.);
#3667 = FACE_BOUND('',#3668,.F.);
#3668 = EDGE_LOOP('',(#3669,#3702,#3703));
#3669 = ORIENTED_EDGE('',*,*,#3670,.F.);
#3670 = EDGE_CURVE('',#850,#2657,#3671,.T.);
#3671 = SURFACE_CURVE('',#3672,(#3688,#3695),.PCURVE_S1.);
#3672 = ( BOUNDED_CURVE() B_SPLINE_CURVE(3,(#3673,#3674,#3675,#3676,
    #3677,#3678,#3679,#3680,#3681,#3682,#3683,#3684,#3685,#3686,#3687),
.UNSPECIFIED.,.F.,.F.) B_SPLINE_CURVE_WITH_KNOTS((4,1,1,1,1,1,1,1,1,1,1,
    1,4),(0.,8.333333333333E-02,0.166666666667,0.25,0.333333333333,
    0.416666666667,0.5,0.583333333333,0.666666666667,0.75,0.833333333333
,0.916666666667,1.),.QUASI_UNIFORM_KNOTS.) CURVE() 
GEOMETRIC_REPRESENTATION_ITEM() RATIONAL_B_SPLINE_CURVE((1.,1.,1.,1.,1.,
1.,1.,1.,1.,1.,1.,1.,1.,1.,1.)) REPRESENTATION_ITEM('') );
#3673 = CARTESIAN_POINT('',(-58.10884705443,36.793159296181,-5.));
#3674 = CARTESIAN_POINT('',(-58.1162164105,34.055259079373,
    -3.055555555556));
#3675 = CARTESIAN_POINT('',(-57.77347224687,28.705951089726,
    0.833333333333));
#3676 = CARTESIAN_POINT('',(-56.27213323768,21.18868019125,
    6.666666666667));
#3677 = CARTESIAN_POINT('',(-53.88318343948,14.291730543592,12.5));
#3678 = CARTESIAN_POINT('',(-50.71873152718,8.113576260317,
    18.333333333333));
#3679 = CARTESIAN_POINT('',(-46.90131708703,2.736208816021,
    24.166666666667));
#3680 = CARTESIAN_POINT('',(-42.56171503326,-1.775926147757,30.));
#3681 = CARTESIAN_POINT('',(-37.83662612416,-5.376716317711,
    35.833333333333));
#3682 = CARTESIAN_POINT('',(-32.86631504699,-8.03879557058,
    41.666666666667));
#3683 = CARTESIAN_POINT('',(-27.79224197747,-9.753853111037,47.5));
#3684 = CARTESIAN_POINT('',(-22.75463144146,-10.53257017318,
    53.333333333333));
#3685 = CARTESIAN_POINT('',(-17.89007242343,-10.40425956392,
    59.166666666667));
#3686 = CARTESIAN_POINT('',(-14.84946937799,-9.745562549684,
    63.055555555555));
#3687 = CARTESIAN_POINT('',(-13.40017127067,-9.283646608419,65.));
#3688 = PCURVE('',#869,#3689);
#3689 = DEFINITIONAL_REPRESENTATION('',(#3690),#3694);
#3690 = LINE('',#3691,#3692);
#3691 = CARTESIAN_POINT('',(2.,0.));
#3692 = VECTOR('',#3693,1.);
#3693 = DIRECTION('',(0.,1.));
#3694 = ( GEOMETRIC_REPRESENTATION_CONTEXT(2) 
PARAMETRIC_REPRESENTATION_CONTEXT() REPRESENTATION_CONTEXT('2D SPACE',''
  ) );
#3695 = PCURVE('',#929,#3696);
#3696 = DEFINITIONAL_REPRESENTATION('',(#3697),#3701);
#3697 = LINE('',#3698,#3699);
#3698 = CARTESIAN_POINT('',(2.,0.));
#3699 = VECTOR('',#3700,1.);
#3700 = DIRECTION('',(0.,1.));
#3701 = ( GEOMETRIC_REPRESENTATION_CONTEXT(2) 
PARAMETRIC_REPRESENTATION_CONTEXT() REPRESENTATION_CONTEXT('2D SPACE',''
  ) );
#3702 = ORIENTED_EDGE('',*,*,#849,.F.);
#3703 = ORIENTED_EDGE('',*,*,#2712,.T.);
#3704 = ADVANCED_FACE('',(#3705),#989,.F.);
#3705 = FACE_BOUND('',#3706,.F.);
#3706 = EDGE_LOOP('',(#3707,#3708,#3709));
#3707 = ORIENTED_EDGE('',*,*,#3634,.F.);
#3708 = ORIENTED_EDGE('',*,*,#969,.F.);
#3709 = ORIENTED_EDGE('',*,*,#2602,.T.);
#3710 = ADVANCED_FACE('',(#3711),#929,.F.);
#3711 = FACE_BOUND('',#3712,.F.);
#3712 = EDGE_LOOP('',(#3713,#3714,#3715));
#3713 = ORIENTED_EDGE('',*,*,#2656,.T.);
#3714 = ORIENTED_EDGE('',*,*,#909,.F.);
#3715 = ORIENTED_EDGE('',*,*,#3670,.T.);
#3716 = ADVANCED_FACE('',(#3717),#1902,.F.);
#3717 = FACE_BOUND('',#3718,.T.);
#3718 = EDGE_LOOP('',(#3719,#3720,#3743,#3774));
#3719 = ORIENTED_EDGE('',*,*,#1881,.T.);
#3720 = ORIENTED_EDGE('',*,*,#3721,.T.);
#3721 = EDGE_CURVE('',#1882,#3722,#3724,.T.);
#3722 = VERTEX_POINT('',#3723);
#3723 = CARTESIAN_POINT('',(7.5,0.,60.));
#3724 = SEAM_CURVE('',#3725,(#3729,#3736),.PCURVE_S1.);
#3725 = LINE('',#3726,#3727);
#3726 = CARTESIAN_POINT('',(7.5,0.,-10.));
#3727 = VECTOR('',#3728,1.);
#3728 = DIRECTION('',(0.,0.,1.));
#3729 = PCURVE('',#1902,#3730);
#3730 = DEFINITIONAL_REPRESENTATION('',(#3731),#3735);
#3731 = LINE('',#3732,#3733);
#3732 = CARTESIAN_POINT('',(-6.28318530718,0.));
#3733 = VECTOR('',#3734,1.);
#3734 = DIRECTION('',(-0.,-1.));
#3735 = ( GEOMETRIC_REPRESENTATION_CONTEXT(2) 
PARAMETRIC_REPRESENTATION_CONTEXT() REPRESENTATION_CONTEXT('2D SPACE',''
  ) );
#3736 = PCURVE('',#1902,#3737);
#3737 = DEFINITIONAL_REPRESENTATION('',(#3738),#3742);
#3738 = LINE('',#3739,#3740);
#3739 = CARTESIAN_POINT('',(-0.,0.));
#3740 = VECTOR('',#3741,1.);
#3741 = DIRECTION('',(-0.,-1.));
#3742 = ( GEOMETRIC_REPRESENTATION_CONTEXT(2) 
PARAMETRIC_REPRESENTATION_CONTEXT() REPRESENTATION_CONTEXT('2D SPACE',''
  ) );
#3743 = ORIENTED_EDGE('',*,*,#3744,.F.);
#3744 = EDGE_CURVE('',#3722,#3722,#3745,.T.);
#3745 = SURFACE_CURVE('',#3746,(#3751,#3758),.PCURVE_S1.);
#3746 = CIRCLE('',#3747,7.5);
#3747 = AXIS2_PLACEMENT_3D('',#3748,#3749,#3750);
#3748 = CARTESIAN_POINT('',(0.,0.,60.));
#3749 = DIRECTION('',(0.,0.,-1.));
#3750 = DIRECTION('',(1.,0.,0.));
#3751 = PCURVE('',#1902,#3752);
#3752 = DEFINITIONAL_REPRESENTATION('',(#3753),#3757);
#3753 = LINE('',#3754,#3755);
#3754 = CARTESIAN_POINT('',(-6.28318530718,-70.));
#3755 = VECTOR('',#3756,1.);
#3756 = DIRECTION('',(1.,-0.));
#3757 = ( GEOMETRIC_REPRESENTATION_CONTEXT(2) 
PARAMETRIC_REPRESENTATION_CONTEXT() REPRESENTATION_CONTEXT('2D SPACE',''
  ) );
#3758 = PCURVE('',#3759,#3764);
#3759 = PLANE('',#3760);
#3760 = AXIS2_PLACEMENT_3D('',#3761,#3762,#3763);
#3761 = CARTESIAN_POINT('',(0.,0.,60.));
#3762 = DIRECTION('',(0.,0.,1.));
#3763 = DIRECTION('',(1.,0.,0.));
#3764 = DEFINITIONAL_REPRESENTATION('',(#3765),#3773);
#3765 = ( BOUNDED_CURVE() B_SPLINE_CURVE(2,(#3766,#3767,#3768,#3769,
#3770,#3771,#3772),.UNSPECIFIED.,.T.,.F.) B_SPLINE_CURVE_WITH_KNOTS((1,2
    ,2,2,2,1),(-2.094395102393,0.,2.094395102393,4.188790204786,
6.28318530718,8.377580409573),.UNSPECIFIED.) CURVE() 
GEOMETRIC_REPRESENTATION_ITEM() RATIONAL_B_SPLINE_CURVE((1.,0.5,1.,0.5,
1.,0.5,1.)) REPRESENTATION_ITEM('') );
#3766 = CARTESIAN_POINT('',(7.5,0.));
#3767 = CARTESIAN_POINT('',(7.5,-12.99038105676));
#3768 = CARTESIAN_POINT('',(-3.75,-6.495190528383));
#3769 = CARTESIAN_POINT('',(-15.,-1.836970198721E-15));
#3770 = CARTESIAN_POINT('',(-3.75,6.495190528383));
#3771 = CARTESIAN_POINT('',(7.5,12.990381056767));
#3772 = CARTESIAN_POINT('',(7.5,0.));
#3773 = ( GEOMETRIC_REPRESENTATION_CONTEXT(2) 
PARAMETRIC_REPRESENTATION_CONTEXT() REPRESENTATION_CONTEXT('2D SPACE',''
  ) );
#3774 = ORIENTED_EDGE('',*,*,#3721,.F.);
#3775 = ADVANCED_FACE('',(#3776,#3779),#1993,.T.);
#3776 = FACE_BOUND('',#3777,.T.);
#3777 = EDGE_LOOP('',(#3778));
#3778 = ORIENTED_EDGE('',*,*,#1978,.T.);
#3779 = FACE_BOUND('',#3780,.T.);
#3780 = EDGE_LOOP('',(#3781,#3812,#3872,#3932,#3992,#4021,#4081,#4141,
    #4201,#4230,#4290,#4350,#4410,#4439,#4499,#4559,#4619,#4648,#4708,
    #4768,#4828,#4857,#4917,#4977,#5037,#5066,#5126,#5186));
#3781 = ORIENTED_EDGE('',*,*,#3782,.F.);
#3782 = EDGE_CURVE('',#3783,#3785,#3787,.T.);
#3783 = VERTEX_POINT('',#3784);
#3784 = CARTESIAN_POINT('',(-7.578293091474,-48.24172383117,2.));
#3785 = VERTEX_POINT('',#3786);
#3786 = CARTESIAN_POINT('',(30.494034042099,-38.14194976956,2.));
#3787 = SURFACE_CURVE('',#3788,(#3793,#3800),.PCURVE_S1.);
#3788 = CIRCLE('',#3789,48.833333333333);
#3789 = AXIS2_PLACEMENT_3D('',#3790,#3791,#3792);
#3790 = CARTESIAN_POINT('',(0.,0.,2.));
#3791 = DIRECTION('',(0.,0.,1.));
#3792 = DIRECTION('',(1.,0.,-0.));
#3793 = PCURVE('',#1993,#3794);
#3794 = DEFINITIONAL_REPRESENTATION('',(#3795),#3799);
#3795 = CIRCLE('',#3796,48.833333333333);
#3796 = AXIS2_PLACEMENT_2D('',#3797,#3798);
#3797 = CARTESIAN_POINT('',(3.408081561098E-15,-2.629491318856E-15));
#3798 = DIRECTION('',(1.,0.));
#3799 = ( GEOMETRIC_REPRESENTATION_CONTEXT(2) 
PARAMETRIC_REPRESENTATION_CONTEXT() REPRESENTATION_CONTEXT('2D SPACE',''
  ) );
#3800 = PCURVE('',#3801,#3806);
#3801 = CONICAL_SURFACE('',#3802,50.,0.528074448426);
#3802 = AXIS2_PLACEMENT_3D('',#3803,#3804,#3805);
#3803 = CARTESIAN_POINT('',(0.,0.,0.));
#3804 = DIRECTION('',(-0.,-0.,-1.));
#3805 = DIRECTION('',(1.,0.,0.));
#3806 = DEFINITIONAL_REPRESENTATION('',(#3807),#3811);
#3807 = LINE('',#3808,#3809);
#3808 = CARTESIAN_POINT('',(-0.,-2.));
#3809 = VECTOR('',#3810,1.);
#3810 = DIRECTION('',(-1.,-0.));
#3811 = ( GEOMETRIC_REPRESENTATION_CONTEXT(2) 
PARAMETRIC_REPRESENTATION_CONTEXT() REPRESENTATION_CONTEXT('2D SPACE',''
  ) );
#3812 = ORIENTED_EDGE('',*,*,#3813,.F.);
#3813 = EDGE_CURVE('',#3814,#3783,#3816,.T.);
#3814 = VERTEX_POINT('',#3815);
#3815 = CARTESIAN_POINT('',(-10.12838471404,-62.71481483783,2.));
#3816 = SURFACE_CURVE('',#3817,(#3823,#3832),.PCURVE_S1.);
#3817 = B_SPLINE_CURVE_WITH_KNOTS('',4,(#3818,#3819,#3820,#3821,#3822),
  .UNSPECIFIED.,.F.,.F.,(5,5),(0.,1.),.PIECEWISE_BEZIER_KNOTS.);
#3818 = CARTESIAN_POINT('',(-10.12838471404,-62.71481483783,2.));
#3819 = CARTESIAN_POINT('',(-9.489187806604,-59.08704130037,2.));
#3820 = CARTESIAN_POINT('',(-8.849990899165,-55.45926776291,2.));
#3821 = CARTESIAN_POINT('',(-8.210793991725,-51.83149422546,2.));
#3822 = CARTESIAN_POINT('',(-7.571597084285,-48.203720688,2.));
#3823 = PCURVE('',#1993,#3824);
#3824 = DEFINITIONAL_REPRESENTATION('',(#3825),#3831);
#3825 = B_SPLINE_CURVE_WITH_KNOTS('',4,(#3826,#3827,#3828,#3829,#3830),
  .UNSPECIFIED.,.F.,.F.,(5,5),(0.,1.),.PIECEWISE_BEZIER_KNOTS.);
#3826 = CARTESIAN_POINT('',(-10.12838471404,-62.71481483783));
#3827 = CARTESIAN_POINT('',(-9.489187806604,-59.08704130037));
#3828 = CARTESIAN_POINT('',(-8.849990899165,-55.45926776291));
#3829 = CARTESIAN_POINT('',(-8.210793991725,-51.83149422546));
#3830 = CARTESIAN_POINT('',(-7.571597084285,-48.203720688));
#3831 = ( GEOMETRIC_REPRESENTATION_CONTEXT(2) 
PARAMETRIC_REPRESENTATION_CONTEXT() REPRESENTATION_CONTEXT('2D SPACE',''
  ) );
#3832 = PCURVE('',#3833,#3864);
#3833 = ( BOUNDED_SURFACE() B_SPLINE_SURFACE(1,3,(
    (#3834,#3835,#3836,#3837,#3838,#3839,#3840,#3841,#3842,#3843,#3844
      ,#3845,#3846,#3847,#3848)
    ,(#3849,#3850,#3851,#3852,#3853,#3854,#3855,#3856,#3857,#3858,#3859
      ,#3860,#3861,#3862,#3863
)),.UNSPECIFIED.,.F.,.F.,.F.) B_SPLINE_SURFACE_WITH_KNOTS((2,2),(4,1,1,1
    ,1,1,1,1,1,1,1,1,4),(0.,1.),(0.,8.333333333333E-02,0.166666666667,
    0.25,0.333333333333,0.416666666667,0.5,0.583333333333,0.666666666667
    ,0.75,0.833333333333,0.916666666667,1.),.UNSPECIFIED.) 
GEOMETRIC_REPRESENTATION_ITEM() RATIONAL_B_SPLINE_SURFACE((
    (1.,1.,1.,1.,1.,1.,1.,1.,1.,1.,1.,1.,1.,1.,1.)
    ,(1.,1.,1.,1.,1.,1.,1.,1.,1.,1.,1.,1.,1.,1.,1.
))) REPRESENTATION_ITEM('') SURFACE() );
#3834 = CARTESIAN_POINT('',(-14.02163411142,-48.97649602745,-5.));
#3835 = CARTESIAN_POINT('',(-12.02735437392,-48.36769540835,
    -3.055555555556));
#3836 = CARTESIAN_POINT('',(-8.210951514144,-46.91317010977,
    0.833333333333));
#3837 = CARTESIAN_POINT('',(-3.079019488524,-44.11104628297,
    6.666666666667));
#3838 = CARTESIAN_POINT('',(1.397143330542,-40.78677067144,12.5));
#3839 = CARTESIAN_POINT('',(5.168293682548,-37.04453961567,
    18.333333333333));
#3840 = CARTESIAN_POINT('',(8.199567203323,-32.99275213892,
    24.166666666667));
#3841 = CARTESIAN_POINT('',(10.470778182218,-28.74216601273,30.));
#3842 = CARTESIAN_POINT('',(11.976489043738,-24.4040360576,
    35.833333333333));
#3843 = CARTESIAN_POINT('',(12.72579209333,-20.08830235406,
    41.666666666667));
#3844 = CARTESIAN_POINT('',(12.742014527543,-15.90180699945,47.5));
#3845 = CARTESIAN_POINT('',(12.062140614926,-11.9465565441,
    53.333333333333));
#3846 = CARTESIAN_POINT('',(10.736031578528,-8.318083628405,
    59.166666666667));
#3847 = CARTESIAN_POINT('',(9.462315315209,-6.175306790273,
    63.055555555555));
#3848 = CARTESIAN_POINT('',(8.740136097431,-5.185993170182,65.));
#3849 = CARTESIAN_POINT('',(-19.22340882081,-66.03662037307,-5.));
#3850 = CARTESIAN_POINT('',(-16.55840302972,-65.29343757266,
    -3.055555555556));
#3851 = CARTESIAN_POINT('',(-11.4459534257,-63.49244518438,
    0.833333333333));
#3852 = CARTESIAN_POINT('',(-4.53095548942,-59.96246764872,
    6.666666666667));
#3853 = CARTESIAN_POINT('',(1.546179811723,-55.72965355627,12.5));
#3854 = CARTESIAN_POINT('',(6.719065051908,-50.92768042596,
    18.333333333333));
#3855 = CARTESIAN_POINT('',(10.93981709833,-45.69591502088,
    24.166666666667));
#3856 = CARTESIAN_POINT('',(14.179469376688,-40.17702906853,30.));
#3857 = CARTESIAN_POINT('',(16.428083408239,-34.51458886894,
    35.833333333333));
#3858 = CARTESIAN_POINT('',(17.694484108908,-28.85070675378,
    41.666666666667));
#3859 = CARTESIAN_POINT('',(18.005891088587,-23.32373211651,47.5));
#3860 = CARTESIAN_POINT('',(17.407179948419,-18.06600317061,
    53.333333333333));
#3861 = CARTESIAN_POINT('',(15.95987844521,-13.20173279267,
    59.166666666667));
#3862 = CARTESIAN_POINT('',(14.480571863909,-10.29727398967,
    63.055555555555));
#3863 = CARTESIAN_POINT('',(13.627453988053,-8.946685544768,65.));
#3864 = DEFINITIONAL_REPRESENTATION('',(#3865),#3871);
#3865 = B_SPLINE_CURVE_WITH_KNOTS('',4,(#3866,#3867,#3868,#3869,#3870),
  .UNSPECIFIED.,.F.,.F.,(5,5),(0.,1.),.PIECEWISE_BEZIER_KNOTS.);
#3866 = CARTESIAN_POINT('',(1.,1.E-01));
#3867 = CARTESIAN_POINT('',(0.779005871749,1.E-01));
#3868 = CARTESIAN_POINT('',(0.558011743498,1.E-01));
#3869 = CARTESIAN_POINT('',(0.337017615247,1.E-01));
#3870 = CARTESIAN_POINT('',(0.116023486996,1.E-01));
#3871 = ( GEOMETRIC_REPRESENTATION_CONTEXT(2) 
PARAMETRIC_REPRESENTATION_CONTEXT() REPRESENTATION_CONTEXT('2D SPACE',''
  ) );
#3872 = ORIENTED_EDGE('',*,*,#3873,.F.);
#3873 = EDGE_CURVE('',#3874,#3814,#3876,.T.);
#3874 = VERTEX_POINT('',#3875);
#3875 = CARTESIAN_POINT('',(-13.79345150989,-62.01187689044,2.));
#3876 = SURFACE_CURVE('',#3877,(#3883,#3892),.PCURVE_S1.);
#3877 = B_SPLINE_CURVE_WITH_KNOTS('',4,(#3878,#3879,#3880,#3881,#3882),
  .UNSPECIFIED.,.F.,.F.,(5,5),(0.,1.),.PIECEWISE_BEZIER_KNOTS.);
#3878 = CARTESIAN_POINT('',(-13.79345150989,-62.01187689044,2.));
#3879 = CARTESIAN_POINT('',(-12.87718481093,-62.18761137728,2.));
#3880 = CARTESIAN_POINT('',(-11.96091811197,-62.36334586413,2.));
#3881 = CARTESIAN_POINT('',(-11.044651413,-62.53908035098,2.));
#3882 = CARTESIAN_POINT('',(-10.12838471404,-62.71481483783,2.));
#3883 = PCURVE('',#1993,#3884);
#3884 = DEFINITIONAL_REPRESENTATION('',(#3885),#3891);
#3885 = B_SPLINE_CURVE_WITH_KNOTS('',4,(#3886,#3887,#3888,#3889,#3890),
  .UNSPECIFIED.,.F.,.F.,(5,5),(0.,1.),.PIECEWISE_BEZIER_KNOTS.);
#3886 = CARTESIAN_POINT('',(-13.79345150989,-62.01187689044));
#3887 = CARTESIAN_POINT('',(-12.87718481093,-62.18761137728));
#3888 = CARTESIAN_POINT('',(-11.96091811197,-62.36334586413));
#3889 = CARTESIAN_POINT('',(-11.044651413,-62.53908035098));
#3890 = CARTESIAN_POINT('',(-10.12838471404,-62.71481483783));
#3891 = ( GEOMETRIC_REPRESENTATION_CONTEXT(2) 
PARAMETRIC_REPRESENTATION_CONTEXT() REPRESENTATION_CONTEXT('2D SPACE',''
  ) );
#3892 = PCURVE('',#3893,#3924);
#3893 = ( BOUNDED_SURFACE() B_SPLINE_SURFACE(1,3,(
    (#3894,#3895,#3896,#3897,#3898,#3899,#3900,#3901,#3902,#3903,#3904
      ,#3905,#3906,#3907,#3908)
    ,(#3909,#3910,#3911,#3912,#3913,#3914,#3915,#3916,#3917,#3918,#3919
      ,#3920,#3921,#3922,#3923
)),.UNSPECIFIED.,.F.,.F.,.F.) B_SPLINE_SURFACE_WITH_KNOTS((2,2),(4,1,1,1
    ,1,1,1,1,1,1,1,1,4),(1.,2.),(0.,8.333333333333E-02,0.166666666667,
    0.25,0.333333333333,0.416666666667,0.5,0.583333333333,0.666666666667
    ,0.75,0.833333333333,0.916666666667,1.),.UNSPECIFIED.) 
GEOMETRIC_REPRESENTATION_ITEM() RATIONAL_B_SPLINE_SURFACE((
    (1.,1.,1.,1.,1.,1.,1.,1.,1.,1.,1.,1.,1.,1.,1.)
    ,(1.,1.,1.,1.,1.,1.,1.,1.,1.,1.,1.,1.,1.,1.,1.
))) REPRESENTATION_ITEM('') SURFACE() );
#3894 = CARTESIAN_POINT('',(-19.22340882081,-66.03662037307,-5.));
#3895 = CARTESIAN_POINT('',(-16.55840302972,-65.29343757266,
    -3.055555555556));
#3896 = CARTESIAN_POINT('',(-11.4459534257,-63.49244518438,
    0.833333333333));
#3897 = CARTESIAN_POINT('',(-4.53095548942,-59.96246764872,
    6.666666666667));
#3898 = CARTESIAN_POINT('',(1.546179811723,-55.72965355627,12.5));
#3899 = CARTESIAN_POINT('',(6.719065051908,-50.92768042596,
    18.333333333333));
#3900 = CARTESIAN_POINT('',(10.93981709833,-45.69591502088,
    24.166666666667));
#3901 = CARTESIAN_POINT('',(14.179469376688,-40.17702906853,30.));
#3902 = CARTESIAN_POINT('',(16.428083408239,-34.51458886894,
    35.833333333333));
#3903 = CARTESIAN_POINT('',(17.694484108908,-28.85070675378,
    41.666666666667));
#3904 = CARTESIAN_POINT('',(18.005891088587,-23.32373211651,47.5));
#3905 = CARTESIAN_POINT('',(17.407179948419,-18.06600317061,
    53.333333333333));
#3906 = CARTESIAN_POINT('',(15.95987844521,-13.20173279267,
    59.166666666667));
#3907 = CARTESIAN_POINT('',(14.480571863909,-10.29727398967,
    63.055555555555));
#3908 = CARTESIAN_POINT('',(13.627453988053,-8.946685544768,65.));
#3909 = CARTESIAN_POINT('',(-22.94024305752,-64.83918510785,-5.));
#3910 = CARTESIAN_POINT('',(-20.26934787939,-64.23712958547,
    -3.055555555556));
#3911 = CARTESIAN_POINT('',(-15.13042596082,-62.71264572372,
    0.833333333333));
#3912 = CARTESIAN_POINT('',(-8.135708096979,-59.57619827689,
    6.666666666667));
#3913 = CARTESIAN_POINT('',(-1.943270716836,-55.71242876077,12.5));
#3914 = CARTESIAN_POINT('',(3.375827544711,-51.25254760348,
    18.333333333333));
#3915 = CARTESIAN_POINT('',(7.768918533691,-46.33426688747,
    24.166666666667));
#3916 = CARTESIAN_POINT('',(11.202272551406,-41.09942323122,30.));
#3917 = CARTESIAN_POINT('',(13.661352196925,-35.6915509746,
    35.833333333333));
#3918 = CARTESIAN_POINT('',(15.150689302041,-30.25348761162,
    41.666666666667));
#3919 = CARTESIAN_POINT('',(15.693659290838,-24.924995942,47.5));
#3920 = CARTESIAN_POINT('',(15.33187848904,-19.84040797179,
    53.333333333333));
#3921 = CARTESIAN_POINT('',(14.12431867866,-15.12636540127,
    59.166666666667));
#3922 = CARTESIAN_POINT('',(12.805538744348,-12.30857049721,
    63.055555555555));
#3923 = CARTESIAN_POINT('',(12.032704831705,-10.99839528597,65.));
#3924 = DEFINITIONAL_REPRESENTATION('',(#3925),#3931);
#3925 = B_SPLINE_CURVE_WITH_KNOTS('',4,(#3926,#3927,#3928,#3929,#3930),
  .UNSPECIFIED.,.F.,.F.,(5,5),(0.,1.),.PIECEWISE_BEZIER_KNOTS.);
#3926 = CARTESIAN_POINT('',(2.,1.E-01));
#3927 = CARTESIAN_POINT('',(1.75,1.E-01));
#3928 = CARTESIAN_POINT('',(1.5,1.E-01));
#3929 = CARTESIAN_POINT('',(1.25,1.E-01));
#3930 = CARTESIAN_POINT('',(1.,1.E-01));
#3931 = ( GEOMETRIC_REPRESENTATION_CONTEXT(2) 
PARAMETRIC_REPRESENTATION_CONTEXT() REPRESENTATION_CONTEXT('2D SPACE',''
  ) );
#3932 = ORIENTED_EDGE('',*,*,#3933,.F.);
#3933 = EDGE_CURVE('',#3934,#3874,#3936,.T.);
#3934 = VERTEX_POINT('',#3935);
#3935 = CARTESIAN_POINT('',(-10.80785788977,-47.62231254589,2.));
#3936 = SURFACE_CURVE('',#3937,(#3943,#3952),.PCURVE_S1.);
#3937 = B_SPLINE_CURVE_WITH_KNOTS('',4,(#3938,#3939,#3940,#3941,#3942),
  .UNSPECIFIED.,.F.,.F.,(5,5),(0.,1.),.PIECEWISE_BEZIER_KNOTS.);
#3938 = CARTESIAN_POINT('',(-10.80001835962,-47.58452877049,2.));
#3939 = CARTESIAN_POINT('',(-11.54837664719,-51.19136580048,2.));
#3940 = CARTESIAN_POINT('',(-12.29673493476,-54.79820283046,2.));
#3941 = CARTESIAN_POINT('',(-13.04509322232,-58.40503986045,2.));
#3942 = CARTESIAN_POINT('',(-13.79345150989,-62.01187689044,2.));
#3943 = PCURVE('',#1993,#3944);
#3944 = DEFINITIONAL_REPRESENTATION('',(#3945),#3951);
#3945 = B_SPLINE_CURVE_WITH_KNOTS('',4,(#3946,#3947,#3948,#3949,#3950),
  .UNSPECIFIED.,.F.,.F.,(5,5),(0.,1.),.PIECEWISE_BEZIER_KNOTS.);
#3946 = CARTESIAN_POINT('',(-10.80001835962,-47.58452877049));
#3947 = CARTESIAN_POINT('',(-11.54837664719,-51.19136580048));
#3948 = CARTESIAN_POINT('',(-12.29673493476,-54.79820283046));
#3949 = CARTESIAN_POINT('',(-13.04509322232,-58.40503986045));
#3950 = CARTESIAN_POINT('',(-13.79345150989,-62.01187689044));
#3951 = ( GEOMETRIC_REPRESENTATION_CONTEXT(2) 
PARAMETRIC_REPRESENTATION_CONTEXT() REPRESENTATION_CONTEXT('2D SPACE',''
  ) );
#3952 = PCURVE('',#3953,#3984);
#3953 = ( BOUNDED_SURFACE() B_SPLINE_SURFACE(1,3,(
    (#3954,#3955,#3956,#3957,#3958,#3959,#3960,#3961,#3962,#3963,#3964
      ,#3965,#3966,#3967,#3968)
    ,(#3969,#3970,#3971,#3972,#3973,#3974,#3975,#3976,#3977,#3978,#3979
      ,#3980,#3981,#3982,#3983
)),.UNSPECIFIED.,.F.,.F.,.F.) B_SPLINE_SURFACE_WITH_KNOTS((2,2),(4,1,1,1
    ,1,1,1,1,1,1,1,1,4),(2.,3.),(0.,8.333333333333E-02,0.166666666667,
    0.25,0.333333333333,0.416666666667,0.5,0.583333333333,0.666666666667
    ,0.75,0.833333333333,0.916666666667,1.),.UNSPECIFIED.) 
GEOMETRIC_REPRESENTATION_ITEM() RATIONAL_B_SPLINE_SURFACE((
    (1.,1.,1.,1.,1.,1.,1.,1.,1.,1.,1.,1.,1.,1.,1.)
    ,(1.,1.,1.,1.,1.,1.,1.,1.,1.,1.,1.,1.,1.,1.,1.
))) REPRESENTATION_ITEM('') SURFACE() );
#3954 = CARTESIAN_POINT('',(-22.94024305752,-64.83918510785,-5.));
#3955 = CARTESIAN_POINT('',(-20.26934787939,-64.23712958547,
    -3.055555555556));
#3956 = CARTESIAN_POINT('',(-15.13042596082,-62.71264572372,
    0.833333333333));
#3957 = CARTESIAN_POINT('',(-8.135708096979,-59.57619827689,
    6.666666666667));
#3958 = CARTESIAN_POINT('',(-1.943270716836,-55.71242876077,12.5));
#3959 = CARTESIAN_POINT('',(3.375827544711,-51.25254760348,
    18.333333333333));
#3960 = CARTESIAN_POINT('',(7.768918533691,-46.33426688747,
    24.166666666667));
#3961 = CARTESIAN_POINT('',(11.202272551406,-41.09942323122,30.));
#3962 = CARTESIAN_POINT('',(13.661352196925,-35.6915509746,
    35.833333333333));
#3963 = CARTESIAN_POINT('',(15.150689302041,-30.25348761162,
    41.666666666667));
#3964 = CARTESIAN_POINT('',(15.693659290838,-24.924995942,47.5));
#3965 = CARTESIAN_POINT('',(15.33187848904,-19.84040797179,
    53.333333333333));
#3966 = CARTESIAN_POINT('',(14.12431867866,-15.12636540127,
    59.166666666667));
#3967 = CARTESIAN_POINT('',(12.805538744348,-12.30857049721,
    63.055555555555));
#3968 = CARTESIAN_POINT('',(12.032704831705,-10.99839528597,65.));
#3969 = CARTESIAN_POINT('',(-17.20502200695,-47.95091869842,-5.));
#3970 = CARTESIAN_POINT('',(-15.21425559996,-47.46023364448,
    -3.055555555556));
#3971 = CARTESIAN_POINT('',(-11.39298742913,-46.23872203272,
    0.833333333333));
#3972 = CARTESIAN_POINT('',(-6.220724697427,-43.77337680838,
    6.666666666667));
#3973 = CARTESIAN_POINT('',(-1.674077739452,-40.7705538061,12.5));
#3974 = CARTESIAN_POINT('',(2.194681808322,-37.33238904378,
    18.333333333333));
#3975 = CARTESIAN_POINT('',(5.347602742825,-33.56574805457,
    24.166666666667));
#3976 = CARTESIAN_POINT('',(7.761445378102,-29.58036902014,30.));
#3977 = CARTESIAN_POINT('',(9.427840603224,-25.48697053511,
    35.833333333333));
#3978 = CARTESIAN_POINT('',(10.353153585295,-21.39539042301,
    41.666666666667));
#3979 = CARTESIAN_POINT('',(10.558263664343,-17.41274019558,47.5));
#3980 = CARTESIAN_POINT('',(10.078048194512,-13.64158591993,
    53.333333333333));
#3981 = CARTESIAN_POINT('',(8.960645528245,-10.17821431918,
    59.166666666667));
#3982 = CARTESIAN_POINT('',(7.831220074437,-8.133403827256,
    63.055555555555));
#3983 = CARTESIAN_POINT('',(7.182321426623,-7.190185191458,65.));
#3984 = DEFINITIONAL_REPRESENTATION('',(#3985),#3991);
#3985 = B_SPLINE_CURVE_WITH_KNOTS('',4,(#3986,#3987,#3988,#3989,#3990),
  .UNSPECIFIED.,.F.,.F.,(5,5),(0.,1.),.PIECEWISE_BEZIER_KNOTS.);
#3986 = CARTESIAN_POINT('',(2.883976513004,1.E-01));
#3987 = CARTESIAN_POINT('',(2.662982384753,1.E-01));
#3988 = CARTESIAN_POINT('',(2.441988256502,1.E-01));
#3989 = CARTESIAN_POINT('',(2.220994128251,1.E-01));
#3990 = CARTESIAN_POINT('',(2.,1.E-01));
#3991 = ( GEOMETRIC_REPRESENTATION_CONTEXT(2) 
PARAMETRIC_REPRESENTATION_CONTEXT() REPRESENTATION_CONTEXT('2D SPACE',''
  ) );
#3992 = ORIENTED_EDGE('',*,*,#3993,.F.);
#3993 = EDGE_CURVE('',#3994,#3934,#3996,.T.);
#3994 = VERTEX_POINT('',#3995);
#3995 = CARTESIAN_POINT('',(-42.44188691777,-24.15327471053,2.));
#3996 = SURFACE_CURVE('',#3997,(#4002,#4009),.PCURVE_S1.);
#3997 = CIRCLE('',#3998,48.833333333333);
#3998 = AXIS2_PLACEMENT_3D('',#3999,#4000,#4001);
#3999 = CARTESIAN_POINT('',(0.,0.,2.));
#4000 = DIRECTION('',(0.,0.,1.));
#4001 = DIRECTION('',(1.,0.,-0.));
#4002 = PCURVE('',#1993,#4003);
#4003 = DEFINITIONAL_REPRESENTATION('',(#4004),#4008);
#4004 = CIRCLE('',#4005,48.833333333333);
#4005 = AXIS2_PLACEMENT_2D('',#4006,#4007);
#4006 = CARTESIAN_POINT('',(3.408081561098E-15,-2.629491318856E-15));
#4007 = DIRECTION('',(1.,0.));
#4008 = ( GEOMETRIC_REPRESENTATION_CONTEXT(2) 
PARAMETRIC_REPRESENTATION_CONTEXT() REPRESENTATION_CONTEXT('2D SPACE',''
  ) );
#4009 = PCURVE('',#4010,#4015);
#4010 = CONICAL_SURFACE('',#4011,50.,0.528074448426);
#4011 = AXIS2_PLACEMENT_3D('',#4012,#4013,#4014);
#4012 = CARTESIAN_POINT('',(0.,0.,0.));
#4013 = DIRECTION('',(-0.,-0.,-1.));
#4014 = DIRECTION('',(1.,0.,0.));
#4015 = DEFINITIONAL_REPRESENTATION('',(#4016),#4020);
#4016 = LINE('',#4017,#4018);
#4017 = CARTESIAN_POINT('',(-0.,-2.));
#4018 = VECTOR('',#4019,1.);
#4019 = DIRECTION('',(-1.,-0.));
#4020 = ( GEOMETRIC_REPRESENTATION_CONTEXT(2) 
PARAMETRIC_REPRESENTATION_CONTEXT() REPRESENTATION_CONTEXT('2D SPACE',''
  ) );
#4021 = ORIENTED_EDGE('',*,*,#4022,.F.);
#4022 = EDGE_CURVE('',#4023,#3994,#4025,.T.);
#4023 = VERTEX_POINT('',#4024);
#4024 = CARTESIAN_POINT('',(-55.34736123587,-31.18335744085,2.));
#4025 = SURFACE_CURVE('',#4026,(#4032,#4041),.PCURVE_S1.);
#4026 = B_SPLINE_CURVE_WITH_KNOTS('',4,(#4027,#4028,#4029,#4030,#4031),
  .UNSPECIFIED.,.F.,.F.,(5,5),(0.,1.),.PIECEWISE_BEZIER_KNOTS.);
#4027 = CARTESIAN_POINT('',(-55.34736123587,-31.18335744085,2.));
#4028 = CARTESIAN_POINT('',(-52.11252091986,-29.42122190253,2.));
#4029 = CARTESIAN_POINT('',(-48.87768060384,-27.65908636421,2.));
#4030 = CARTESIAN_POINT('',(-45.64284028783,-25.89695082588,2.));
#4031 = CARTESIAN_POINT('',(-42.40799997181,-24.13481528756,2.));
#4032 = PCURVE('',#1993,#4033);
#4033 = DEFINITIONAL_REPRESENTATION('',(#4034),#4040);
#4034 = B_SPLINE_CURVE_WITH_KNOTS('',4,(#4035,#4036,#4037,#4038,#4039),
  .UNSPECIFIED.,.F.,.F.,(5,5),(0.,1.),.PIECEWISE_BEZIER_KNOTS.);
#4035 = CARTESIAN_POINT('',(-55.34736123587,-31.18335744085));
#4036 = CARTESIAN_POINT('',(-52.11252091986,-29.42122190253));
#4037 = CARTESIAN_POINT('',(-48.87768060384,-27.65908636421));
#4038 = CARTESIAN_POINT('',(-45.64284028783,-25.89695082588));
#4039 = CARTESIAN_POINT('',(-42.40799997181,-24.13481528756));
#4040 = ( GEOMETRIC_REPRESENTATION_CONTEXT(2) 
PARAMETRIC_REPRESENTATION_CONTEXT() REPRESENTATION_CONTEXT('2D SPACE',''
  ) );
#4041 = PCURVE('',#4042,#4073);
#4042 = ( BOUNDED_SURFACE() B_SPLINE_SURFACE(1,3,(
    (#4043,#4044,#4045,#4046,#4047,#4048,#4049,#4050,#4051,#4052,#4053
      ,#4054,#4055,#4056,#4057)
    ,(#4058,#4059,#4060,#4061,#4062,#4063,#4064,#4065,#4066,#4067,#4068
      ,#4069,#4070,#4071,#4072
)),.UNSPECIFIED.,.F.,.F.,.F.) B_SPLINE_SURFACE_WITH_KNOTS((2,2),(4,1,1,1
    ,1,1,1,1,1,1,1,1,4),(0.,1.),(0.,8.333333333333E-02,0.166666666667,
    0.25,0.333333333333,0.416666666667,0.5,0.583333333333,0.666666666667
    ,0.75,0.833333333333,0.916666666667,1.),.UNSPECIFIED.) 
GEOMETRIC_REPRESENTATION_ITEM() RATIONAL_B_SPLINE_SURFACE((
    (1.,1.,1.,1.,1.,1.,1.,1.,1.,1.,1.,1.,1.,1.,1.)
    ,(1.,1.,1.,1.,1.,1.,1.,1.,1.,1.,1.,1.,1.,1.,1.
))) REPRESENTATION_ITEM('') SURFACE() );
#4043 = CARTESIAN_POINT('',(-47.0337123691,-19.57379081993,-5.));
#4044 = CARTESIAN_POINT('',(-45.31431980016,-20.75340052618,
    -3.055555555556));
#4045 = CARTESIAN_POINT('',(-41.79763786682,-22.83030274153,
    0.833333333333));
#4046 = CARTESIAN_POINT('',(-36.40714195945,-25.09551313549,
    6.666666666667));
#4047 = CARTESIAN_POINT('',(-31.01727676081,-26.52246620573,12.5));
#4048 = CARTESIAN_POINT('',(-25.74020892098,-27.13762737658,
    18.333333333333));
#4049 = CARTESIAN_POINT('',(-20.68242578454,-26.98132427604,
    24.166666666667));
#4050 = CARTESIAN_POINT('',(-15.94310684894,-26.10683142106,30.));
#4051 = CARTESIAN_POINT('',(-11.61262490827,-24.57926378993,
    35.833333333333));
#4052 = CARTESIAN_POINT('',(-7.771265618975,-22.47427655231,
    41.666666666667));
#4053 = CARTESIAN_POINT('',(-4.488017227246,-19.87672260298,47.5));
#4054 = CARTESIAN_POINT('',(-1.819572351272,-16.87911745128,
    53.333333333333));
#4055 = CARTESIAN_POINT('',(0.190466547157,-13.58000779818,
    59.166666666667));
#4056 = CARTESIAN_POINT('',(1.07160783847,-11.24817681755,
    63.055555555555));
#4057 = CARTESIAN_POINT('',(1.394812995294,-10.06672741614,65.));
#4058 = CARTESIAN_POINT('',(-63.61510816019,-26.14369313536,-5.));
#4059 = CARTESIAN_POINT('',(-61.37246051696,-27.76391166682,
    -3.055555555556));
#4060 = CARTESIAN_POINT('',(-56.77682777749,-30.63808533245,
    0.833333333333));
#4061 = CARTESIAN_POINT('',(-49.70554951457,-33.84354342597,
    6.666666666667));
#4062 = CARTESIAN_POINT('',(-42.60717031288,-35.95572270781,12.5));
#4063 = CARTESIAN_POINT('',(-35.62759534819,-37.00606596824,
    18.333333333333));
#4064 = CARTESIAN_POINT('',(-28.9056405885,-37.04403042204,
    24.166666666667));
#4065 = CARTESIAN_POINT('',(-22.57091164568,-36.13592345659,30.));
#4066 = CARTESIAN_POINT('',(-16.74184971306,-34.3634869803,
    35.833333333333));
#4067 = CARTESIAN_POINT('',(-11.5240604405,-31.82222617977,
    41.666666666667));
#4068 = CARTESIAN_POINT('',(-7.008738590228,-28.61968163888,47.5));
#4069 = CARTESIAN_POINT('',(-3.271370864194,-24.87345004188,
    53.333333333333));
#4070 = CARTESIAN_POINT('',(-0.370708870953,-20.70908118792,
    59.166666666667));
#4071 = CARTESIAN_POINT('',(0.977755893502,-17.74161228685,
    63.055555555555));
#4072 = CARTESIAN_POINT('',(1.501778164209,-16.23253975134,65.));
#4073 = DEFINITIONAL_REPRESENTATION('',(#4074),#4080);
#4074 = B_SPLINE_CURVE_WITH_KNOTS('',4,(#4075,#4076,#4077,#4078,#4079),
  .UNSPECIFIED.,.F.,.F.,(5,5),(0.,1.),.PIECEWISE_BEZIER_KNOTS.);
#4075 = CARTESIAN_POINT('',(1.,1.E-01));
#4076 = CARTESIAN_POINT('',(0.779005871749,1.E-01));
#4077 = CARTESIAN_POINT('',(0.558011743498,1.E-01));
#4078 = CARTESIAN_POINT('',(0.337017615247,1.E-01));
#4079 = CARTESIAN_POINT('',(0.116023486996,1.E-01));
#4080 = ( GEOMETRIC_REPRESENTATION_CONTEXT(2) 
PARAMETRIC_REPRESENTATION_CONTEXT() REPRESENTATION_CONTEXT('2D SPACE',''
  ) );
#4081 = ORIENTED_EDGE('',*,*,#4082,.F.);
#4082 = EDGE_CURVE('',#4083,#4023,#4085,.T.);
#4083 = VERTEX_POINT('',#4084);
#4084 = CARTESIAN_POINT('',(-57.08291398873,-27.87961819297,2.));
#4085 = SURFACE_CURVE('',#4086,(#4092,#4101),.PCURVE_S1.);
#4086 = B_SPLINE_CURVE_WITH_KNOTS('',4,(#4087,#4088,#4089,#4090,#4091),
  .UNSPECIFIED.,.F.,.F.,(5,5),(0.,1.),.PIECEWISE_BEZIER_KNOTS.);
#4087 = CARTESIAN_POINT('',(-57.08291398873,-27.87961819297,2.));
#4088 = CARTESIAN_POINT('',(-56.64902580051,-28.70555300494,2.));
#4089 = CARTESIAN_POINT('',(-56.2151376123,-29.53148781691,2.));
#4090 = CARTESIAN_POINT('',(-55.78124942409,-30.35742262888,2.));
#4091 = CARTESIAN_POINT('',(-55.34736123587,-31.18335744085,2.));
#4092 = PCURVE('',#1993,#4093);
#4093 = DEFINITIONAL_REPRESENTATION('',(#4094),#4100);
#4094 = B_SPLINE_CURVE_WITH_KNOTS('',4,(#4095,#4096,#4097,#4098,#4099),
  .UNSPECIFIED.,.F.,.F.,(5,5),(0.,1.),.PIECEWISE_BEZIER_KNOTS.);
#4095 = CARTESIAN_POINT('',(-57.08291398873,-27.87961819297));
#4096 = CARTESIAN_POINT('',(-56.64902580051,-28.70555300494));
#4097 = CARTESIAN_POINT('',(-56.2151376123,-29.53148781691));
#4098 = CARTESIAN_POINT('',(-55.78124942409,-30.35742262888));
#4099 = CARTESIAN_POINT('',(-55.34736123587,-31.18335744085));
#4100 = ( GEOMETRIC_REPRESENTATION_CONTEXT(2) 
PARAMETRIC_REPRESENTATION_CONTEXT() REPRESENTATION_CONTEXT('2D SPACE',''
  ) );
#4101 = PCURVE('',#4102,#4133);
#4102 = ( BOUNDED_SURFACE() B_SPLINE_SURFACE(1,3,(
    (#4103,#4104,#4105,#4106,#4107,#4108,#4109,#4110,#4111,#4112,#4113
      ,#4114,#4115,#4116,#4117)
    ,(#4118,#4119,#4120,#4121,#4122,#4123,#4124,#4125,#4126,#4127,#4128
      ,#4129,#4130,#4131,#4132
)),.UNSPECIFIED.,.F.,.F.,.F.) B_SPLINE_SURFACE_WITH_KNOTS((2,2),(4,1,1,1
    ,1,1,1,1,1,1,1,1,4),(1.,2.),(0.,8.333333333333E-02,0.166666666667,
    0.25,0.333333333333,0.416666666667,0.5,0.583333333333,0.666666666667
    ,0.75,0.833333333333,0.916666666667,1.),.UNSPECIFIED.) 
GEOMETRIC_REPRESENTATION_ITEM() RATIONAL_B_SPLINE_SURFACE((
    (1.,1.,1.,1.,1.,1.,1.,1.,1.,1.,1.,1.,1.,1.,1.)
    ,(1.,1.,1.,1.,1.,1.,1.,1.,1.,1.,1.,1.,1.,1.,1.
))) REPRESENTATION_ITEM('') SURFACE() );
#4103 = CARTESIAN_POINT('',(-63.61510816019,-26.14369313536,-5.));
#4104 = CARTESIAN_POINT('',(-61.37246051696,-27.76391166682,
    -3.055555555556));
#4105 = CARTESIAN_POINT('',(-56.77682777749,-30.63808533245,
    0.833333333333));
#4106 = CARTESIAN_POINT('',(-49.70554951457,-33.84354342597,
    6.666666666667));
#4107 = CARTESIAN_POINT('',(-42.60717031288,-35.95572270781,12.5));
#4108 = CARTESIAN_POINT('',(-35.62759534819,-37.00606596824,
    18.333333333333));
#4109 = CARTESIAN_POINT('',(-28.9056405885,-37.04403042204,
    24.166666666667));
#4110 = CARTESIAN_POINT('',(-22.57091164568,-36.13592345659,30.));
#4111 = CARTESIAN_POINT('',(-16.74184971306,-34.3634869803,
    35.833333333333));
#4112 = CARTESIAN_POINT('',(-11.5240604405,-31.82222617977,
    41.666666666667));
#4113 = CARTESIAN_POINT('',(-7.008738590228,-28.61968163888,47.5));
#4114 = CARTESIAN_POINT('',(-3.271370864194,-24.87345004188,
    53.333333333333));
#4115 = CARTESIAN_POINT('',(-0.370708870953,-20.70908118792,
    59.166666666667));
#4116 = CARTESIAN_POINT('',(0.977755893502,-17.74161228685,
    63.055555555555));
#4117 = CARTESIAN_POINT('',(1.501778164209,-16.23253975134,65.));
#4118 = CARTESIAN_POINT('',(-64.99632381342,-22.49116643774,-5.));
#4119 = CARTESIAN_POINT('',(-62.86034194642,-24.20398089601,
    -3.055555555556));
#4120 = CARTESIAN_POINT('',(-58.46438706003,-27.27125169699,
    0.833333333333));
#4121 = CARTESIAN_POINT('',(-51.65107844799,-30.78439933676,
    6.666666666667));
#4122 = CARTESIAN_POINT('',(-44.76934024413,-33.21682094374,12.5));
#4123 = CARTESIAN_POINT('',(-37.96606122613,-34.59476900388,
    18.333333333333));
#4124 = CARTESIAN_POINT('',(-31.38174709247,-34.96292797531,
    24.166666666667));
#4125 = CARTESIAN_POINT('',(-25.1483203,-34.38336060281,30.));
#4126 = CARTESIAN_POINT('',(-19.38706443567,-32.93419328582,
    35.833333333333));
#4127 = CARTESIAN_POINT('',(-14.20682879827,-30.70802687393,
    41.666666666667));
#4128 = CARTESIAN_POINT('',(-9.702310006165,-27.81027768991,47.5));
#4129 = CARTESIAN_POINT('',(-5.952585696108,-24.35723732323,
    53.333333333333));
#4130 = CARTESIAN_POINT('',(-3.019900031686,-20.47397157827,
    59.166666666667));
#4131 = CARTESIAN_POINT('',(-1.639105104489,-17.68604152076,
    63.055555555555));
#4132 = CARTESIAN_POINT('',(-1.096622939858,-16.26493475428,65.));
#4133 = DEFINITIONAL_REPRESENTATION('',(#4134),#4140);
#4134 = B_SPLINE_CURVE_WITH_KNOTS('',4,(#4135,#4136,#4137,#4138,#4139),
  .UNSPECIFIED.,.F.,.F.,(5,5),(0.,1.),.PIECEWISE_BEZIER_KNOTS.);
#4135 = CARTESIAN_POINT('',(2.,1.E-01));
#4136 = CARTESIAN_POINT('',(1.75,1.E-01));
#4137 = CARTESIAN_POINT('',(1.5,1.E-01));
#4138 = CARTESIAN_POINT('',(1.25,1.E-01));
#4139 = CARTESIAN_POINT('',(1.,1.E-01));
#4140 = ( GEOMETRIC_REPRESENTATION_CONTEXT(2) 
PARAMETRIC_REPRESENTATION_CONTEXT() REPRESENTATION_CONTEXT('2D SPACE',''
  ) );
#4141 = ORIENTED_EDGE('',*,*,#4142,.F.);
#4142 = EDGE_CURVE('',#4143,#4083,#4145,.T.);
#4143 = VERTEX_POINT('',#4144);
#4144 = CARTESIAN_POINT('',(-43.97121239052,-21.24210265702,2.));
#4145 = SURFACE_CURVE('',#4146,(#4152,#4161),.PCURVE_S1.);
#4146 = B_SPLINE_CURVE_WITH_KNOTS('',4,(#4147,#4148,#4149,#4150,#4151),
  .UNSPECIFIED.,.F.,.F.,(5,5),(0.,1.),.PIECEWISE_BEZIER_KNOTS.);
#4147 = CARTESIAN_POINT('',(-43.93678397829,-21.22467404987,2.));
#4148 = CARTESIAN_POINT('',(-47.2233164809,-22.88841008564,2.));
#4149 = CARTESIAN_POINT('',(-50.50984898351,-24.55214612142,2.));
#4150 = CARTESIAN_POINT('',(-53.79638148612,-26.2158821572,2.));
#4151 = CARTESIAN_POINT('',(-57.08291398873,-27.87961819297,2.));
#4152 = PCURVE('',#1993,#4153);
#4153 = DEFINITIONAL_REPRESENTATION('',(#4154),#4160);
#4154 = B_SPLINE_CURVE_WITH_KNOTS('',4,(#4155,#4156,#4157,#4158,#4159),
  .UNSPECIFIED.,.F.,.F.,(5,5),(0.,1.),.PIECEWISE_BEZIER_KNOTS.);
#4155 = CARTESIAN_POINT('',(-43.93678397829,-21.22467404987));
#4156 = CARTESIAN_POINT('',(-47.2233164809,-22.88841008564));
#4157 = CARTESIAN_POINT('',(-50.50984898351,-24.55214612142));
#4158 = CARTESIAN_POINT('',(-53.79638148612,-26.2158821572));
#4159 = CARTESIAN_POINT('',(-57.08291398873,-27.87961819297));
#4160 = ( GEOMETRIC_REPRESENTATION_CONTEXT(2) 
PARAMETRIC_REPRESENTATION_CONTEXT() REPRESENTATION_CONTEXT('2D SPACE',''
  ) );
#4161 = PCURVE('',#4162,#4193);
#4162 = ( BOUNDED_SURFACE() B_SPLINE_SURFACE(1,3,(
    (#4163,#4164,#4165,#4166,#4167,#4168,#4169,#4170,#4171,#4172,#4173
      ,#4174,#4175,#4176,#4177)
    ,(#4178,#4179,#4180,#4181,#4182,#4183,#4184,#4185,#4186,#4187,#4188
      ,#4189,#4190,#4191,#4192
)),.UNSPECIFIED.,.F.,.F.,.F.) B_SPLINE_SURFACE_WITH_KNOTS((2,2),(4,1,1,1
    ,1,1,1,1,1,1,1,1,4),(2.,3.),(0.,8.333333333333E-02,0.166666666667,
    0.25,0.333333333333,0.416666666667,0.5,0.583333333333,0.666666666667
    ,0.75,0.833333333333,0.916666666667,1.),.UNSPECIFIED.) 
GEOMETRIC_REPRESENTATION_ITEM() RATIONAL_B_SPLINE_SURFACE((
    (1.,1.,1.,1.,1.,1.,1.,1.,1.,1.,1.,1.,1.,1.,1.)
    ,(1.,1.,1.,1.,1.,1.,1.,1.,1.,1.,1.,1.,1.,1.,1.
))) REPRESENTATION_ITEM('') SURFACE() );
#4163 = CARTESIAN_POINT('',(-64.99632381342,-22.49116643774,-5.));
#4164 = CARTESIAN_POINT('',(-62.86034194642,-24.20398089601,
    -3.055555555556));
#4165 = CARTESIAN_POINT('',(-58.46438706003,-27.27125169699,
    0.833333333333));
#4166 = CARTESIAN_POINT('',(-51.65107844799,-30.78439933676,
    6.666666666667));
#4167 = CARTESIAN_POINT('',(-44.76934024413,-33.21682094374,12.5));
#4168 = CARTESIAN_POINT('',(-37.96606122613,-34.59476900388,
    18.333333333333));
#4169 = CARTESIAN_POINT('',(-31.38174709247,-34.96292797531,
    24.166666666667));
#4170 = CARTESIAN_POINT('',(-25.1483203,-34.38336060281,30.));
#4171 = CARTESIAN_POINT('',(-19.38706443567,-32.93419328582,
    35.833333333333));
#4172 = CARTESIAN_POINT('',(-14.20682879827,-30.70802687393,
    41.666666666667));
#4173 = CARTESIAN_POINT('',(-9.702310006165,-27.81027768991,47.5));
#4174 = CARTESIAN_POINT('',(-5.952585696108,-24.35723732323,
    53.333333333333));
#4175 = CARTESIAN_POINT('',(-3.019900031686,-20.47397157827,
    59.166666666667));
#4176 = CARTESIAN_POINT('',(-1.639105104489,-17.68604152076,
    63.055555555555));
#4177 = CARTESIAN_POINT('',(-1.096622939858,-16.26493475428,65.));
#4178 = CARTESIAN_POINT('',(-48.21669361378,-16.44548093663,-5.));
#4179 = CARTESIAN_POINT('',(-46.591838038,-17.69598766079,
    -3.055555555556));
#4180 = CARTESIAN_POINT('',(-43.25430006904,-19.92197538692,
    0.833333333333));
#4181 = CARTESIAN_POINT('',(-38.10196249175,-22.42869562073,
    6.666666666667));
#4182 = CARTESIAN_POINT('',(-32.91947292133,-24.11117783343,12.5));
#4183 = CARTESIAN_POINT('',(-27.81927534436,-24.99223517957,
    18.333333333333));
#4184 = CARTESIAN_POINT('',(-22.90858278711,-25.10882578385,
    24.166666666667));
#4185 = CARTESIAN_POINT('',(-18.28768172204,-24.51120076533,30.));
#4186 = CARTESIAN_POINT('',(-14.04835348742,-23.26184880421,
    35.833333333333));
#4187 = CARTESIAN_POINT('',(-10.27250413489,-21.43422915134,
    41.666666666667));
#4188 = CARTESIAN_POINT('',(-7.030858760889,-19.11144886734,47.5));
#4189 = CARTESIAN_POINT('',(-4.381861071081,-16.38472506256,
    53.333333333333));
#4190 = CARTESIAN_POINT('',(-2.37077728511,-13.35172760636,
    59.166666666667));
#4191 = CARTESIAN_POINT('',(-1.476265319252,-11.19378874102,
    63.055555555555));
#4192 = CARTESIAN_POINT('',(-1.143408984286,-10.09837214888,65.));
#4193 = DEFINITIONAL_REPRESENTATION('',(#4194),#4200);
#4194 = B_SPLINE_CURVE_WITH_KNOTS('',4,(#4195,#4196,#4197,#4198,#4199),
  .UNSPECIFIED.,.F.,.F.,(5,5),(0.,1.),.PIECEWISE_BEZIER_KNOTS.);
#4195 = CARTESIAN_POINT('',(2.883976513004,1.E-01));
#4196 = CARTESIAN_POINT('',(2.662982384753,1.E-01));
#4197 = CARTESIAN_POINT('',(2.441988256502,1.E-01));
#4198 = CARTESIAN_POINT('',(2.220994128251,1.E-01));
#4199 = CARTESIAN_POINT('',(2.,1.E-01));
#4200 = ( GEOMETRIC_REPRESENTATION_CONTEXT(2) 
PARAMETRIC_REPRESENTATION_CONTEXT() REPRESENTATION_CONTEXT('2D SPACE',''
  ) );
#4201 = ORIENTED_EDGE('',*,*,#4202,.F.);
#4202 = EDGE_CURVE('',#4203,#4143,#4205,.T.);
#4203 = VERTEX_POINT('',#4204);
#4204 = CARTESIAN_POINT('',(-45.34587423827,18.123082904149,2.));
#4205 = SURFACE_CURVE('',#4206,(#4211,#4218),.PCURVE_S1.);
#4206 = CIRCLE('',#4207,48.833333333333);
#4207 = AXIS2_PLACEMENT_3D('',#4208,#4209,#4210);
#4208 = CARTESIAN_POINT('',(0.,0.,2.));
#4209 = DIRECTION('',(0.,0.,1.));
#4210 = DIRECTION('',(1.,0.,-0.));
#4211 = PCURVE('',#1993,#4212);
#4212 = DEFINITIONAL_REPRESENTATION('',(#4213),#4217);
#4213 = CIRCLE('',#4214,48.833333333333);
#4214 = AXIS2_PLACEMENT_2D('',#4215,#4216);
#4215 = CARTESIAN_POINT('',(3.408081561098E-15,-2.629491318856E-15));
#4216 = DIRECTION('',(1.,0.));
#4217 = ( GEOMETRIC_REPRESENTATION_CONTEXT(2) 
PARAMETRIC_REPRESENTATION_CONTEXT() REPRESENTATION_CONTEXT('2D SPACE',''
  ) );
#4218 = PCURVE('',#4219,#4224);
#4219 = CONICAL_SURFACE('',#4220,50.,0.528074448426);
#4220 = AXIS2_PLACEMENT_3D('',#4221,#4222,#4223);
#4221 = CARTESIAN_POINT('',(0.,0.,0.));
#4222 = DIRECTION('',(-0.,-0.,-1.));
#4223 = DIRECTION('',(1.,0.,0.));
#4224 = DEFINITIONAL_REPRESENTATION('',(#4225),#4229);
#4225 = LINE('',#4226,#4227);
#4226 = CARTESIAN_POINT('',(-0.,-2.));
#4227 = VECTOR('',#4228,1.);
#4228 = DIRECTION('',(-1.,-0.));
#4229 = ( GEOMETRIC_REPRESENTATION_CONTEXT(2) 
PARAMETRIC_REPRESENTATION_CONTEXT() REPRESENTATION_CONTEXT('2D SPACE',''
  ) );
#4230 = ORIENTED_EDGE('',*,*,#4231,.F.);
#4231 = EDGE_CURVE('',#4232,#4203,#4234,.T.);
#4232 = VERTEX_POINT('',#4233);
#4233 = CARTESIAN_POINT('',(-58.88864586667,23.829804133648,2.));
#4234 = SURFACE_CURVE('',#4235,(#4241,#4250),.PCURVE_S1.);
#4235 = B_SPLINE_CURVE_WITH_KNOTS('',4,(#4236,#4237,#4238,#4239,#4240),
  .UNSPECIFIED.,.F.,.F.,(5,5),(0.,1.),.PIECEWISE_BEZIER_KNOTS.);
#4236 = CARTESIAN_POINT('',(-58.88864586667,23.829804133648,2.));
#4237 = CARTESIAN_POINT('',(-55.49406287876,22.399377671469,2.));
#4238 = CARTESIAN_POINT('',(-52.09947989084,20.968951209289,2.));
#4239 = CARTESIAN_POINT('',(-48.70489690293,19.538524747109,2.));
#4240 = CARTESIAN_POINT('',(-45.31031391501,18.108098284929,2.));
#4241 = PCURVE('',#1993,#4242);
#4242 = DEFINITIONAL_REPRESENTATION('',(#4243),#4249);
#4243 = B_SPLINE_CURVE_WITH_KNOTS('',4,(#4244,#4245,#4246,#4247,#4248),
  .UNSPECIFIED.,.F.,.F.,(5,5),(0.,1.),.PIECEWISE_BEZIER_KNOTS.);
#4244 = CARTESIAN_POINT('',(-58.88864586667,23.829804133648));
#4245 = CARTESIAN_POINT('',(-55.49406287876,22.399377671469));
#4246 = CARTESIAN_POINT('',(-52.09947989084,20.968951209289));
#4247 = CARTESIAN_POINT('',(-48.70489690293,19.538524747109));
#4248 = CARTESIAN_POINT('',(-45.31031391501,18.108098284929));
#4249 = ( GEOMETRIC_REPRESENTATION_CONTEXT(2) 
PARAMETRIC_REPRESENTATION_CONTEXT() REPRESENTATION_CONTEXT('2D SPACE',''
  ) );
#4250 = PCURVE('',#4251,#4282);
#4251 = ( BOUNDED_SURFACE() B_SPLINE_SURFACE(1,3,(
    (#4252,#4253,#4254,#4255,#4256,#4257,#4258,#4259,#4260,#4261,#4262
      ,#4263,#4264,#4265,#4266)
    ,(#4267,#4268,#4269,#4270,#4271,#4272,#4273,#4274,#4275,#4276,#4277
      ,#4278,#4279,#4280,#4281
)),.UNSPECIFIED.,.F.,.F.,.F.) B_SPLINE_SURFACE_WITH_KNOTS((2,2),(4,1,1,1
    ,1,1,1,1,1,1,1,1,4),(0.,1.),(0.,8.333333333333E-02,0.166666666667,
    0.25,0.333333333333,0.416666666667,0.5,0.583333333333,0.666666666667
    ,0.75,0.833333333333,0.916666666667,1.),.UNSPECIFIED.) 
GEOMETRIC_REPRESENTATION_ITEM() RATIONAL_B_SPLINE_SURFACE((
    (1.,1.,1.,1.,1.,1.,1.,1.,1.,1.,1.,1.,1.,1.,1.)
    ,(1.,1.,1.,1.,1.,1.,1.,1.,1.,1.,1.,1.,1.,1.,1.
))) REPRESENTATION_ITEM('') SURFACE() );
#4252 = CARTESIAN_POINT('',(-44.62844589996,24.568378107567,-5.));
#4253 = CARTESIAN_POINT('',(-44.4786781732,22.488628244422,
    -3.055555555556));
#4254 = CARTESIAN_POINT('',(-43.90985038935,18.44424824439,
    0.833333333333));
#4255 = CARTESIAN_POINT('',(-42.31994396455,12.817453258191,
    6.666666666667));
#4256 = CARTESIAN_POINT('',(-40.07505481413,7.713796272608,12.5));
#4257 = CARTESIAN_POINT('',(-37.26580920244,3.204471783793,
    18.333333333333));
#4258 = CARTESIAN_POINT('',(-33.99013031205,-0.652408914588,
    24.166666666667));
#4259 = CARTESIAN_POINT('',(-30.35150724273,-3.812520287028,30.));
#4260 = CARTESIAN_POINT('',(-26.45719544997,-6.245804562838,
    35.833333333333));
#4261 = CARTESIAN_POINT('',(-22.41640181526,-7.936662114987,
    41.666666666667));
#4262 = CARTESIAN_POINT('',(-18.33848047105,-8.884060675216,47.5));
#4263 = CARTESIAN_POINT('',(-14.33111022445,-9.101358646398,
    53.333333333333));
#4264 = CARTESIAN_POINT('',(-10.49852367903,-8.615909114253,
    59.166666666667));
#4265 = CARTESIAN_POINT('',(-8.126042197453,-7.850940280224,
    63.055555555555));
#4266 = CARTESIAN_POINT('',(-7.0008327413,-7.367010593934,65.));
#4267 = CARTESIAN_POINT('',(-60.10333354323,33.435968267426,-5.));
#4268 = CARTESIAN_POINT('',(-59.97180346489,30.672406004719,
    -3.055555555556));
#4269 = CARTESIAN_POINT('',(-59.35359277661,25.287377677848,
    0.833333333333));
#4270 = CARTESIAN_POINT('',(-57.45085094681,17.760259279008,
    6.666666666667));
#4271 = CARTESIAN_POINT('',(-54.676452164,10.893600702703,12.5));
#4272 = CARTESIAN_POINT('',(-51.14594978061,4.781870949743,
    18.333333333333));
#4273 = CARTESIAN_POINT('',(-46.98456134457,-0.497235354891,
    24.166666666667));
#4274 = CARTESIAN_POINT('',(-42.32493583616,-4.88373044334,30.));
#4275 = CARTESIAN_POINT('',(-37.30482852892,-8.335978508107,
    35.833333333333));
#4276 = CARTESIAN_POINT('',(-32.06475243022,-10.83096023728,
    41.666666666667));
#4277 = CARTESIAN_POINT('',(-26.74564515838,-12.36442715205,47.5));
#4278 = CARTESIAN_POINT('',(-21.48651269226,-12.9506817057,
    53.333333333333));
#4279 = CARTESIAN_POINT('',(-16.4221448462,-12.62206906039,
    59.166666666667));
#4280 = CARTESIAN_POINT('',(-13.26133020729,-11.82615466909,
    63.055555555555));
#4281 = CARTESIAN_POINT('',(-11.75476724797,-11.29496044169,65.));
#4282 = DEFINITIONAL_REPRESENTATION('',(#4283),#4289);
#4283 = B_SPLINE_CURVE_WITH_KNOTS('',4,(#4284,#4285,#4286,#4287,#4288),
  .UNSPECIFIED.,.F.,.F.,(5,5),(0.,1.),.PIECEWISE_BEZIER_KNOTS.);
#4284 = CARTESIAN_POINT('',(1.,1.E-01));
#4285 = CARTESIAN_POINT('',(0.779005871749,1.E-01));
#4286 = CARTESIAN_POINT('',(0.558011743498,1.E-01));
#4287 = CARTESIAN_POINT('',(0.337017615247,1.E-01));
#4288 = CARTESIAN_POINT('',(0.116023486996,1.E-01));
#4289 = ( GEOMETRIC_REPRESENTATION_CONTEXT(2) 
PARAMETRIC_REPRESENTATION_CONTEXT() REPRESENTATION_CONTEXT('2D SPACE',''
  ) );
#4290 = ORIENTED_EDGE('',*,*,#4291,.F.);
#4291 = EDGE_CURVE('',#4292,#4232,#4294,.T.);
#4292 = VERTEX_POINT('',#4293);
#4293 = CARTESIAN_POINT('',(-57.38777795481,27.24656164437,2.));
#4294 = SURFACE_CURVE('',#4295,(#4301,#4310),.PCURVE_S1.);
#4295 = B_SPLINE_CURVE_WITH_KNOTS('',4,(#4296,#4297,#4298,#4299,#4300),
  .UNSPECIFIED.,.F.,.F.,(5,5),(0.,1.),.PIECEWISE_BEZIER_KNOTS.);
#4296 = CARTESIAN_POINT('',(-57.38777795481,27.24656164437,2.));
#4297 = CARTESIAN_POINT('',(-57.76299493277,26.39237226669,2.));
#4298 = CARTESIAN_POINT('',(-58.13821191074,25.538182889009,2.));
#4299 = CARTESIAN_POINT('',(-58.51342888871,24.683993511329,2.));
#4300 = CARTESIAN_POINT('',(-58.88864586667,23.829804133648,2.));
#4301 = PCURVE('',#1993,#4302);
#4302 = DEFINITIONAL_REPRESENTATION('',(#4303),#4309);
#4303 = B_SPLINE_CURVE_WITH_KNOTS('',4,(#4304,#4305,#4306,#4307,#4308),
  .UNSPECIFIED.,.F.,.F.,(5,5),(0.,1.),.PIECEWISE_BEZIER_KNOTS.);
#4304 = CARTESIAN_POINT('',(-57.38777795481,27.24656164437));
#4305 = CARTESIAN_POINT('',(-57.76299493277,26.39237226669));
#4306 = CARTESIAN_POINT('',(-58.13821191074,25.538182889009));
#4307 = CARTESIAN_POINT('',(-58.51342888871,24.683993511329));
#4308 = CARTESIAN_POINT('',(-58.88864586667,23.829804133648));
#4309 = ( GEOMETRIC_REPRESENTATION_CONTEXT(2) 
PARAMETRIC_REPRESENTATION_CONTEXT() REPRESENTATION_CONTEXT('2D SPACE',''
  ) );
#4310 = PCURVE('',#4311,#4342);
#4311 = ( BOUNDED_SURFACE() B_SPLINE_SURFACE(1,3,(
    (#4312,#4313,#4314,#4315,#4316,#4317,#4318,#4319,#4320,#4321,#4322
      ,#4323,#4324,#4325,#4326)
    ,(#4327,#4328,#4329,#4330,#4331,#4332,#4333,#4334,#4335,#4336,#4337
      ,#4338,#4339,#4340,#4341
)),.UNSPECIFIED.,.F.,.F.,.F.) B_SPLINE_SURFACE_WITH_KNOTS((2,2),(4,1,1,1
    ,1,1,1,1,1,1,1,1,4),(1.,2.),(0.,8.333333333333E-02,0.166666666667,
    0.25,0.333333333333,0.416666666667,0.5,0.583333333333,0.666666666667
    ,0.75,0.833333333333,0.916666666667,1.),.UNSPECIFIED.) 
GEOMETRIC_REPRESENTATION_ITEM() RATIONAL_B_SPLINE_SURFACE((
    (1.,1.,1.,1.,1.,1.,1.,1.,1.,1.,1.,1.,1.,1.,1.)
    ,(1.,1.,1.,1.,1.,1.,1.,1.,1.,1.,1.,1.,1.,1.,1.
))) REPRESENTATION_ITEM('') SURFACE() );
#4312 = CARTESIAN_POINT('',(-60.10333354323,33.435968267426,-5.));
#4313 = CARTESIAN_POINT('',(-59.97180346489,30.672406004719,
    -3.055555555556));
#4314 = CARTESIAN_POINT('',(-59.35359277661,25.287377677848,
    0.833333333333));
#4315 = CARTESIAN_POINT('',(-57.45085094681,17.760259279008,
    6.666666666667));
#4316 = CARTESIAN_POINT('',(-54.676452164,10.893600702703,12.5));
#4317 = CARTESIAN_POINT('',(-51.14594978061,4.781870949743,
    18.333333333333));
#4318 = CARTESIAN_POINT('',(-46.98456134457,-0.497235354891,
    24.166666666667));
#4319 = CARTESIAN_POINT('',(-42.32493583616,-4.88373044334,30.));
#4320 = CARTESIAN_POINT('',(-37.30482852892,-8.335978508107,
    35.833333333333));
#4321 = CARTESIAN_POINT('',(-32.06475243022,-10.83096023728,
    41.666666666667));
#4322 = CARTESIAN_POINT('',(-26.74564515838,-12.36442715205,47.5));
#4323 = CARTESIAN_POINT('',(-21.48651269226,-12.9506817057,
    53.333333333333));
#4324 = CARTESIAN_POINT('',(-16.4221448462,-12.62206906039,
    59.166666666667));
#4325 = CARTESIAN_POINT('',(-13.26133020729,-11.82615466909,
    63.055555555555));
#4326 = CARTESIAN_POINT('',(-11.75476724797,-11.29496044169,65.));
#4327 = CARTESIAN_POINT('',(-58.10884705443,36.793159296181,-5.));
#4328 = CARTESIAN_POINT('',(-58.1162164105,34.055259079373,
    -3.055555555556));
#4329 = CARTESIAN_POINT('',(-57.77347224687,28.705951089726,
    0.833333333333));
#4330 = CARTESIAN_POINT('',(-56.27213323768,21.18868019125,
    6.666666666667));
#4331 = CARTESIAN_POINT('',(-53.88318343948,14.291730543592,12.5));
#4332 = CARTESIAN_POINT('',(-50.71873152718,8.113576260317,
    18.333333333333));
#4333 = CARTESIAN_POINT('',(-46.90131708703,2.736208816021,
    24.166666666667));
#4334 = CARTESIAN_POINT('',(-42.56171503326,-1.775926147757,30.));
#4335 = CARTESIAN_POINT('',(-37.83662612416,-5.376716317711,
    35.833333333333));
#4336 = CARTESIAN_POINT('',(-32.86631504699,-8.03879557058,
    41.666666666667));
#4337 = CARTESIAN_POINT('',(-27.79224197747,-9.753853111037,47.5));
#4338 = CARTESIAN_POINT('',(-22.75463144146,-10.53257017318,
    53.333333333333));
#4339 = CARTESIAN_POINT('',(-17.89007242343,-10.40425956392,
    59.166666666667));
#4340 = CARTESIAN_POINT('',(-14.84946937799,-9.745562549684,
    63.055555555555));
#4341 = CARTESIAN_POINT('',(-13.40017127067,-9.283646608419,65.));
#4342 = DEFINITIONAL_REPRESENTATION('',(#4343),#4349);
#4343 = B_SPLINE_CURVE_WITH_KNOTS('',4,(#4344,#4345,#4346,#4347,#4348),
  .UNSPECIFIED.,.F.,.F.,(5,5),(0.,1.),.PIECEWISE_BEZIER_KNOTS.);
#4344 = CARTESIAN_POINT('',(2.,1.E-01));
#4345 = CARTESIAN_POINT('',(1.75,1.E-01));
#4346 = CARTESIAN_POINT('',(1.5,1.E-01));
#4347 = CARTESIAN_POINT('',(1.25,1.E-01));
#4348 = CARTESIAN_POINT('',(1.,1.E-01));
#4349 = ( GEOMETRIC_REPRESENTATION_CONTEXT(2) 
PARAMETRIC_REPRESENTATION_CONTEXT() REPRESENTATION_CONTEXT('2D SPACE',''
  ) );
#4350 = ORIENTED_EDGE('',*,*,#4351,.F.);
#4351 = EDGE_CURVE('',#4352,#4292,#4354,.T.);
#4352 = VERTEX_POINT('',#4353);
#4353 = CARTESIAN_POINT('',(-44.02334711194,21.13384379251,2.));
#4354 = SURFACE_CURVE('',#4355,(#4361,#4370),.PCURVE_S1.);
#4355 = B_SPLINE_CURVE_WITH_KNOTS('',4,(#4356,#4357,#4358,#4359,#4360),
  .UNSPECIFIED.,.F.,.F.,(5,5),(0.,1.),.PIECEWISE_BEZIER_KNOTS.);
#4356 = CARTESIAN_POINT('',(-43.98825511424,21.117793134755,2.));
#4357 = CARTESIAN_POINT('',(-47.33813582438,22.649985262159,2.));
#4358 = CARTESIAN_POINT('',(-50.68801653452,24.182177389563,2.));
#4359 = CARTESIAN_POINT('',(-54.03789724467,25.714369516966,2.));
#4360 = CARTESIAN_POINT('',(-57.38777795481,27.24656164437,2.));
#4361 = PCURVE('',#1993,#4362);
#4362 = DEFINITIONAL_REPRESENTATION('',(#4363),#4369);
#4363 = B_SPLINE_CURVE_WITH_KNOTS('',4,(#4364,#4365,#4366,#4367,#4368),
  .UNSPECIFIED.,.F.,.F.,(5,5),(0.,1.),.PIECEWISE_BEZIER_KNOTS.);
#4364 = CARTESIAN_POINT('',(-43.98825511424,21.117793134755));
#4365 = CARTESIAN_POINT('',(-47.33813582438,22.649985262159));
#4366 = CARTESIAN_POINT('',(-50.68801653452,24.182177389563));
#4367 = CARTESIAN_POINT('',(-54.03789724467,25.714369516966));
#4368 = CARTESIAN_POINT('',(-57.38777795481,27.24656164437));
#4369 = ( GEOMETRIC_REPRESENTATION_CONTEXT(2) 
PARAMETRIC_REPRESENTATION_CONTEXT() REPRESENTATION_CONTEXT('2D SPACE',''
  ) );
#4370 = PCURVE('',#4371,#4402);
#4371 = ( BOUNDED_SURFACE() B_SPLINE_SURFACE(1,3,(
    (#4372,#4373,#4374,#4375,#4376,#4377,#4378,#4379,#4380,#4381,#4382
      ,#4383,#4384,#4385,#4386)
    ,(#4387,#4388,#4389,#4390,#4391,#4392,#4393,#4394,#4395,#4396,#4397
      ,#4398,#4399,#4400,#4401
)),.UNSPECIFIED.,.F.,.F.,.F.) B_SPLINE_SURFACE_WITH_KNOTS((2,2),(4,1,1,1
    ,1,1,1,1,1,1,1,1,4),(2.,3.),(0.,8.333333333333E-02,0.166666666667,
    0.25,0.333333333333,0.416666666667,0.5,0.583333333333,0.666666666667
    ,0.75,0.833333333333,0.916666666667,1.),.UNSPECIFIED.) 
GEOMETRIC_REPRESENTATION_ITEM() RATIONAL_B_SPLINE_SURFACE((
    (1.,1.,1.,1.,1.,1.,1.,1.,1.,1.,1.,1.,1.,1.,1.)
    ,(1.,1.,1.,1.,1.,1.,1.,1.,1.,1.,1.,1.,1.,1.,1.
))) REPRESENTATION_ITEM('') SURFACE() );
#4372 = CARTESIAN_POINT('',(-58.10884705443,36.793159296181,-5.));
#4373 = CARTESIAN_POINT('',(-58.1162164105,34.055259079373,
    -3.055555555556));
#4374 = CARTESIAN_POINT('',(-57.77347224687,28.705951089726,
    0.833333333333));
#4375 = CARTESIAN_POINT('',(-56.27213323768,21.18868019125,
    6.666666666667));
#4376 = CARTESIAN_POINT('',(-53.88318343948,14.291730543592,12.5));
#4377 = CARTESIAN_POINT('',(-50.71873152718,8.113576260317,
    18.333333333333));
#4378 = CARTESIAN_POINT('',(-46.90131708703,2.736208816021,
    24.166666666667));
#4379 = CARTESIAN_POINT('',(-42.56171503326,-1.775926147757,30.));
#4380 = CARTESIAN_POINT('',(-37.83662612416,-5.376716317711,
    35.833333333333));
#4381 = CARTESIAN_POINT('',(-32.86631504699,-8.03879557058,
    41.666666666667));
#4382 = CARTESIAN_POINT('',(-27.79224197747,-9.753853111037,47.5));
#4383 = CARTESIAN_POINT('',(-22.75463144146,-10.53257017318,
    53.333333333333));
#4384 = CARTESIAN_POINT('',(-17.89007242343,-10.40425956392,
    59.166666666667));
#4385 = CARTESIAN_POINT('',(-14.84946937799,-9.745562549684,
    63.055555555555));
#4386 = CARTESIAN_POINT('',(-13.40017127067,-9.283646608419,65.));
#4387 = CARTESIAN_POINT('',(-42.92021148812,27.443739397116,-5.));
#4388 = CARTESIAN_POINT('',(-42.88481613312,25.393697963834,
    -3.055555555556));
#4389 = CARTESIAN_POINT('',(-42.54424253003,21.39642505947,
    0.833333333333));
#4390 = CARTESIAN_POINT('',(-41.29164539139,15.805250831345,
    6.666666666667));
#4391 = CARTESIAN_POINT('',(-39.37583355858,10.704406826205,12.5));
#4392 = CARTESIAN_POINT('',(-36.88475075294,6.167581523553,
    18.333333333333));
#4393 = CARTESIAN_POINT('',(-33.91413822842,2.255554428806,
    24.166666666667));
#4394 = CARTESIAN_POINT('',(-30.56581148476,-0.984598396852,30.));
#4395 = CARTESIAN_POINT('',(-26.94585086786,-3.520080468493,
    35.833333333333));
#4396 = CARTESIAN_POINT('',(-23.16275672061,-5.332656150122,
    41.666666666667));
#4397 = CARTESIAN_POINT('',(-19.32560113578,-6.418846739483,47.5));
#4398 = CARTESIAN_POINT('',(-15.54213957647,-6.789832045593,
    53.333333333333));
#4399 = CARTESIAN_POINT('',(-11.91695644773,-6.471117680342,
    59.166666666667));
#4400 = CARTESIAN_POINT('',(-9.67209281722,-5.825022421122,
    63.055555555555));
#4401 = CARTESIAN_POINT('',(-8.608129108735,-5.402278908955,65.));
#4402 = DEFINITIONAL_REPRESENTATION('',(#4403),#4409);
#4403 = B_SPLINE_CURVE_WITH_KNOTS('',4,(#4404,#4405,#4406,#4407,#4408),
  .UNSPECIFIED.,.F.,.F.,(5,5),(0.,1.),.PIECEWISE_BEZIER_KNOTS.);
#4404 = CARTESIAN_POINT('',(2.883976513004,1.E-01));
#4405 = CARTESIAN_POINT('',(2.662982384753,1.E-01));
#4406 = CARTESIAN_POINT('',(2.441988256502,1.E-01));
#4407 = CARTESIAN_POINT('',(2.220994128251,1.E-01));
#4408 = CARTESIAN_POINT('',(2.,1.E-01));
#4409 = ( GEOMETRIC_REPRESENTATION_CONTEXT(2) 
PARAMETRIC_REPRESENTATION_CONTEXT() REPRESENTATION_CONTEXT('2D SPACE',''
  ) );
#4410 = ORIENTED_EDGE('',*,*,#4411,.F.);
#4411 = EDGE_CURVE('',#4412,#4352,#4414,.T.);
#4412 = VERTEX_POINT('',#4413);
#4413 = CARTESIAN_POINT('',(-14.10349337008,46.752389448494,2.));
#4414 = SURFACE_CURVE('',#4415,(#4420,#4427),.PCURVE_S1.);
#4415 = CIRCLE('',#4416,48.833333333333);
#4416 = AXIS2_PLACEMENT_3D('',#4417,#4418,#4419);
#4417 = CARTESIAN_POINT('',(0.,0.,2.));
#4418 = DIRECTION('',(0.,0.,1.));
#4419 = DIRECTION('',(1.,0.,-0.));
#4420 = PCURVE('',#1993,#4421);
#4421 = DEFINITIONAL_REPRESENTATION('',(#4422),#4426);
#4422 = CIRCLE('',#4423,48.833333333333);
#4423 = AXIS2_PLACEMENT_2D('',#4424,#4425);
#4424 = CARTESIAN_POINT('',(3.408081561098E-15,-2.629491318856E-15));
#4425 = DIRECTION('',(1.,0.));
#4426 = ( GEOMETRIC_REPRESENTATION_CONTEXT(2) 
PARAMETRIC_REPRESENTATION_CONTEXT() REPRESENTATION_CONTEXT('2D SPACE',''
  ) );
#4427 = PCURVE('',#4428,#4433);
#4428 = CONICAL_SURFACE('',#4429,50.,0.528074448426);
#4429 = AXIS2_PLACEMENT_3D('',#4430,#4431,#4432);
#4430 = CARTESIAN_POINT('',(0.,0.,0.));
#4431 = DIRECTION('',(-0.,-0.,-1.));
#4432 = DIRECTION('',(1.,0.,0.));
#4433 = DEFINITIONAL_REPRESENTATION('',(#4434),#4438);
#4434 = LINE('',#4435,#4436);
#4435 = CARTESIAN_POINT('',(-0.,-2.));
#4436 = VECTOR('',#4437,1.);
#4437 = DIRECTION('',(-1.,-0.));
#4438 = ( GEOMETRIC_REPRESENTATION_CONTEXT(2) 
PARAMETRIC_REPRESENTATION_CONTEXT() REPRESENTATION_CONTEXT('2D SPACE',''
  ) );
#4439 = ORIENTED_EDGE('',*,*,#4440,.F.);
#4440 = EDGE_CURVE('',#4441,#4412,#4443,.T.);
#4441 = VERTEX_POINT('',#4442);
#4442 = CARTESIAN_POINT('',(-18.08557905041,60.8986371561,2.));
#4443 = SURFACE_CURVE('',#4444,(#4450,#4459),.PCURVE_S1.);
#4444 = B_SPLINE_CURVE_WITH_KNOTS('',4,(#4445,#4446,#4447,#4448,#4449),
  .UNSPECIFIED.,.F.,.F.,(5,5),(0.,1.),.PIECEWISE_BEZIER_KNOTS.);
#4445 = CARTESIAN_POINT('',(-18.08557905041,60.8986371561,2.));
#4446 = CARTESIAN_POINT('',(-17.08744361737,57.35278899482,2.));
#4447 = CARTESIAN_POINT('',(-16.08930818433,53.80694083354,2.));
#4448 = CARTESIAN_POINT('',(-15.09117275129,50.26109267226,2.));
#4449 = CARTESIAN_POINT('',(-14.09303731825,46.71524451098,2.));
#4450 = PCURVE('',#1993,#4451);
#4451 = DEFINITIONAL_REPRESENTATION('',(#4452),#4458);
#4452 = B_SPLINE_CURVE_WITH_KNOTS('',4,(#4453,#4454,#4455,#4456,#4457),
  .UNSPECIFIED.,.F.,.F.,(5,5),(0.,1.),.PIECEWISE_BEZIER_KNOTS.);
#4453 = CARTESIAN_POINT('',(-18.08557905041,60.8986371561));
#4454 = CARTESIAN_POINT('',(-17.08744361737,57.35278899482));
#4455 = CARTESIAN_POINT('',(-16.08930818433,53.80694083354));
#4456 = CARTESIAN_POINT('',(-15.09117275129,50.26109267226));
#4457 = CARTESIAN_POINT('',(-14.09303731825,46.71524451098));
#4458 = ( GEOMETRIC_REPRESENTATION_CONTEXT(2) 
PARAMETRIC_REPRESENTATION_CONTEXT() REPRESENTATION_CONTEXT('2D SPACE',''
  ) );
#4459 = PCURVE('',#4460,#4491);
#4460 = ( BOUNDED_SURFACE() B_SPLINE_SURFACE(1,3,(
    (#4461,#4462,#4463,#4464,#4465,#4466,#4467,#4468,#4469,#4470,#4471
      ,#4472,#4473,#4474,#4475)
    ,(#4476,#4477,#4478,#4479,#4480,#4481,#4482,#4483,#4484,#4485,#4486
      ,#4487,#4488,#4489,#4490
)),.UNSPECIFIED.,.F.,.F.,.F.) B_SPLINE_SURFACE_WITH_KNOTS((2,2),(4,1,1,1
    ,1,1,1,1,1,1,1,1,4),(0.,1.),(0.,8.333333333333E-02,0.166666666667,
    0.25,0.333333333333,0.416666666667,0.5,0.583333333333,0.666666666667
    ,0.75,0.833333333333,0.916666666667,1.),.UNSPECIFIED.) 
GEOMETRIC_REPRESENTATION_ITEM() RATIONAL_B_SPLINE_SURFACE((
    (1.,1.,1.,1.,1.,1.,1.,1.,1.,1.,1.,1.,1.,1.,1.)
    ,(1.,1.,1.,1.,1.,1.,1.,1.,1.,1.,1.,1.,1.,1.,1.
))) REPRESENTATION_ITEM('') SURFACE() );
#4461 = CARTESIAN_POINT('',(-8.617049413757,50.210057216489,-5.));
#4462 = CARTESIAN_POINT('',(-10.14968468214,48.796261262566,
    -3.055555555556));
#4463 = CARTESIAN_POINT('',(-12.95704997098,45.829904108189,
    0.833333333333));
#4464 = CARTESIAN_POINT('',(-16.36496499481,41.078615920056,
    6.666666666667));
#4465 = CARTESIAN_POINT('',(-18.95549921027,36.141412824909,12.5));
#4466 = CARTESIAN_POINT('',(-20.72949507049,31.133538331659,
    18.333333333333));
#4467 = CARTESIAN_POINT('',(-21.70257344228,26.167783666267,
    24.166666666667));
#4468 = CARTESIAN_POINT('',(-21.90460362483,21.352696384385,30.));
#4469 = CARTESIAN_POINT('',(-21.37895818941,16.790872891271,
    35.833333333333));
#4470 = CARTESIAN_POINT('',(-20.18153023339,12.577420773333,
    41.666666666667));
#4471 = CARTESIAN_POINT('',(-18.37969388332,8.798480142801,47.5));
#4472 = CARTESIAN_POINT('',(-16.05102979724,5.529908853107,
    53.333333333333));
#4473 = CARTESIAN_POINT('',(-13.28191144405,2.836144865226,
    59.166666666667));
#4474 = CARTESIAN_POINT('',(-11.20461671764,1.45821441811,
    63.055555555555));
#4475 = CARTESIAN_POINT('',(-10.12470863273,0.880215465138,65.));
#4476 = CARTESIAN_POINT('',(-11.33252288364,67.837663595388,-5.));
#4477 = CARTESIAN_POINT('',(-13.4111552019,66.011776351651,
    -3.055555555556));
#4478 = CARTESIAN_POINT('',(-17.23589182229,62.170929528236,
    0.833333333333));
#4479 = CARTESIAN_POINT('',(-21.93448983232,55.990224503629,
    6.666666666667));
#4480 = CARTESIAN_POINT('',(-25.57325033926,49.539820595131,12.5));
#4481 = CARTESIAN_POINT('',(-28.15036084098,42.968961510179,
    18.333333333333));
#4482 = CARTESIAN_POINT('',(-29.6831490978,36.423988076244,
    24.166666666667));
#4483 = CARTESIAN_POINT('',(-30.20742007066,30.0460112037,30.));
#4484 = CARTESIAN_POINT('',(-29.77651058269,23.968691803669,
    35.833333333333));
#4485 = CARTESIAN_POINT('',(-28.46003183823,18.316239675208,
    41.666666666667));
#4486 = CARTESIAN_POINT('',(-26.34253541054,13.201493168615,47.5));
#4487 = CARTESIAN_POINT('',(-23.52187221807,8.724214100637,
    53.333333333333));
#4488 = CARTESIAN_POINT('',(-20.10737080155,4.9696185129,59.166666666667
    ));
#4489 = CARTESIAN_POINT('',(-17.51436418016,2.994638624085,
    63.055555555555));
#4490 = CARTESIAN_POINT('',(-16.15973316888,2.14795445576,65.));
#4491 = DEFINITIONAL_REPRESENTATION('',(#4492),#4498);
#4492 = B_SPLINE_CURVE_WITH_KNOTS('',4,(#4493,#4494,#4495,#4496,#4497),
  .UNSPECIFIED.,.F.,.F.,(5,5),(0.,1.),.PIECEWISE_BEZIER_KNOTS.);
#4493 = CARTESIAN_POINT('',(1.,1.E-01));
#4494 = CARTESIAN_POINT('',(0.779005871749,1.E-01));
#4495 = CARTESIAN_POINT('',(0.558011743498,1.E-01));
#4496 = CARTESIAN_POINT('',(0.337017615247,1.E-01));
#4497 = CARTESIAN_POINT('',(0.116023486996,1.E-01));
#4498 = ( GEOMETRIC_REPRESENTATION_CONTEXT(2) 
PARAMETRIC_REPRESENTATION_CONTEXT() REPRESENTATION_CONTEXT('2D SPACE',''
  ) );
#4499 = ORIENTED_EDGE('',*,*,#4500,.F.);
#4500 = EDGE_CURVE('',#4501,#4441,#4503,.T.);
#4501 = VERTEX_POINT('',#4502);
#4502 = CARTESIAN_POINT('',(-14.47847462358,61.855524834937,2.));
#4503 = SURFACE_CURVE('',#4504,(#4510,#4519),.PCURVE_S1.);
#4504 = B_SPLINE_CURVE_WITH_KNOTS('',4,(#4505,#4506,#4507,#4508,#4509),
  .UNSPECIFIED.,.F.,.F.,(5,5),(0.,1.),.PIECEWISE_BEZIER_KNOTS.);
#4505 = CARTESIAN_POINT('',(-14.47847462358,61.855524834937,2.));
#4506 = CARTESIAN_POINT('',(-15.38025073029,61.616302915228,2.));
#4507 = CARTESIAN_POINT('',(-16.28202683699,61.377080995518,2.));
#4508 = CARTESIAN_POINT('',(-17.1838029437,61.137859075809,2.));
#4509 = CARTESIAN_POINT('',(-18.08557905041,60.8986371561,2.));
#4510 = PCURVE('',#1993,#4511);
#4511 = DEFINITIONAL_REPRESENTATION('',(#4512),#4518);
#4512 = B_SPLINE_CURVE_WITH_KNOTS('',4,(#4513,#4514,#4515,#4516,#4517),
  .UNSPECIFIED.,.F.,.F.,(5,5),(0.,1.),.PIECEWISE_BEZIER_KNOTS.);
#4513 = CARTESIAN_POINT('',(-14.47847462358,61.855524834937));
#4514 = CARTESIAN_POINT('',(-15.38025073029,61.616302915228));
#4515 = CARTESIAN_POINT('',(-16.28202683699,61.377080995518));
#4516 = CARTESIAN_POINT('',(-17.1838029437,61.137859075809));
#4517 = CARTESIAN_POINT('',(-18.08557905041,60.8986371561));
#4518 = ( GEOMETRIC_REPRESENTATION_CONTEXT(2) 
PARAMETRIC_REPRESENTATION_CONTEXT() REPRESENTATION_CONTEXT('2D SPACE',''
  ) );
#4519 = PCURVE('',#4520,#4551);
#4520 = ( BOUNDED_SURFACE() B_SPLINE_SURFACE(1,3,(
    (#4521,#4522,#4523,#4524,#4525,#4526,#4527,#4528,#4529,#4530,#4531
      ,#4532,#4533,#4534,#4535)
    ,(#4536,#4537,#4538,#4539,#4540,#4541,#4542,#4543,#4544,#4545,#4546
      ,#4547,#4548,#4549,#4550
)),.UNSPECIFIED.,.F.,.F.,.F.) B_SPLINE_SURFACE_WITH_KNOTS((2,2),(4,1,1,1
    ,1,1,1,1,1,1,1,1,4),(1.,2.),(0.,8.333333333333E-02,0.166666666667,
    0.25,0.333333333333,0.416666666667,0.5,0.583333333333,0.666666666667
    ,0.75,0.833333333333,0.916666666667,1.),.UNSPECIFIED.) 
GEOMETRIC_REPRESENTATION_ITEM() RATIONAL_B_SPLINE_SURFACE((
    (1.,1.,1.,1.,1.,1.,1.,1.,1.,1.,1.,1.,1.,1.,1.)
    ,(1.,1.,1.,1.,1.,1.,1.,1.,1.,1.,1.,1.,1.,1.,1.
))) REPRESENTATION_ITEM('') SURFACE() );
#4521 = CARTESIAN_POINT('',(-11.33252288364,67.837663595388,-5.));
#4522 = CARTESIAN_POINT('',(-13.4111552019,66.011776351651,
    -3.055555555556));
#4523 = CARTESIAN_POINT('',(-17.23589182229,62.170929528236,
    0.833333333333));
#4524 = CARTESIAN_POINT('',(-21.93448983232,55.990224503629,
    6.666666666667));
#4525 = CARTESIAN_POINT('',(-25.57325033926,49.539820595131,12.5));
#4526 = CARTESIAN_POINT('',(-28.15036084098,42.968961510179,
    18.333333333333));
#4527 = CARTESIAN_POINT('',(-29.6831490978,36.423988076244,
    24.166666666667));
#4528 = CARTESIAN_POINT('',(-30.20742007066,30.0460112037,30.));
#4529 = CARTESIAN_POINT('',(-29.77651058269,23.968691803669,
    35.833333333333));
#4530 = CARTESIAN_POINT('',(-28.46003183823,18.316239675208,
    41.666666666667));
#4531 = CARTESIAN_POINT('',(-26.34253541054,13.201493168615,47.5));
#4532 = CARTESIAN_POINT('',(-23.52187221807,8.724214100637,
    53.333333333333));
#4533 = CARTESIAN_POINT('',(-20.10737080155,4.9696185129,59.166666666667
    ));
#4534 = CARTESIAN_POINT('',(-17.51436418016,2.994638624085,
    63.055555555555));
#4535 = CARTESIAN_POINT('',(-16.15973316888,2.14795445576,65.));
#4536 = CARTESIAN_POINT('',(-7.464223258991,68.371485636406,-5.));
#4537 = CARTESIAN_POINT('',(-9.609394562708,66.670194367307,
    -3.055555555556));
#4538 = CARTESIAN_POINT('',(-13.57795446775,63.066987211199,
    0.833333333333));
#4539 = CARTESIAN_POINT('',(-18.51912395706,57.206251364948,
    6.666666666667));
#4540 = CARTESIAN_POINT('',(-22.42189048827,51.038317433431,12.5));
#4541 = CARTESIAN_POINT('',(-25.27916251469,44.71223311371,
    18.333333333333));
#4542 = CARTESIAN_POINT('',(-27.10323870253,38.374924560401,
    24.166666666667));
#4543 = CARTESIAN_POINT('',(-27.92527024571,32.168816918857,30.));
#4544 = CARTESIAN_POINT('',(-27.79443661464,26.229537702667,
    35.833333333333));
#4545 = CARTESIAN_POINT('',(-26.77679571467,20.683812758966,
    41.666666666667));
#4546 = CARTESIAN_POINT('',(-24.95404888132,15.647421802796,47.5));
#4547 = CARTESIAN_POINT('',(-22.4219756015,11.223337142552,
    53.333333333333));
#4548 = CARTESIAN_POINT('',(-19.28865538937,7.500072110281,
    59.166666666667));
#4549 = CARTESIAN_POINT('',(-16.87788033589,5.533523794557,
    63.055555555555));
#4550 = CARTESIAN_POINT('',(-15.61311732099,4.688416785469,65.));
#4551 = DEFINITIONAL_REPRESENTATION('',(#4552),#4558);
#4552 = B_SPLINE_CURVE_WITH_KNOTS('',4,(#4553,#4554,#4555,#4556,#4557),
  .UNSPECIFIED.,.F.,.F.,(5,5),(0.,1.),.PIECEWISE_BEZIER_KNOTS.);
#4553 = CARTESIAN_POINT('',(2.,1.E-01));
#4554 = CARTESIAN_POINT('',(1.75,1.E-01));
#4555 = CARTESIAN_POINT('',(1.5,1.E-01));
#4556 = CARTESIAN_POINT('',(1.25,1.E-01));
#4557 = CARTESIAN_POINT('',(1.,1.E-01));
#4558 = ( GEOMETRIC_REPRESENTATION_CONTEXT(2) 
PARAMETRIC_REPRESENTATION_CONTEXT() REPRESENTATION_CONTEXT('2D SPACE',''
  ) );
#4559 = ORIENTED_EDGE('',*,*,#4560,.F.);
#4560 = EDGE_CURVE('',#4561,#4501,#4563,.T.);
#4561 = VERTEX_POINT('',#4562);
#4562 = CARTESIAN_POINT('',(-10.92500354543,47.595574814438,2.));
#4563 = SURFACE_CURVE('',#4564,(#4570,#4579),.PCURVE_S1.);
#4564 = B_SPLINE_CURVE_WITH_KNOTS('',4,(#4565,#4566,#4567,#4568,#4569),
  .UNSPECIFIED.,.F.,.F.,(5,5),(0.,1.),.PIECEWISE_BEZIER_KNOTS.);
#4565 = CARTESIAN_POINT('',(-10.91567295229,47.558131364435,2.));
#4566 = CARTESIAN_POINT('',(-11.80637337011,51.13247973206,2.));
#4567 = CARTESIAN_POINT('',(-12.69707378793,54.706828099686,2.));
#4568 = CARTESIAN_POINT('',(-13.58777420576,58.281176467311,2.));
#4569 = CARTESIAN_POINT('',(-14.47847462358,61.855524834937,2.));
#4570 = PCURVE('',#1993,#4571);
#4571 = DEFINITIONAL_REPRESENTATION('',(#4572),#4578);
#4572 = B_SPLINE_CURVE_WITH_KNOTS('',4,(#4573,#4574,#4575,#4576,#4577),
  .UNSPECIFIED.,.F.,.F.,(5,5),(0.,1.),.PIECEWISE_BEZIER_KNOTS.);
#4573 = CARTESIAN_POINT('',(-10.91567295229,47.558131364435));
#4574 = CARTESIAN_POINT('',(-11.80637337011,51.13247973206));
#4575 = CARTESIAN_POINT('',(-12.69707378793,54.706828099686));
#4576 = CARTESIAN_POINT('',(-13.58777420576,58.281176467311));
#4577 = CARTESIAN_POINT('',(-14.47847462358,61.855524834937));
#4578 = ( GEOMETRIC_REPRESENTATION_CONTEXT(2) 
PARAMETRIC_REPRESENTATION_CONTEXT() REPRESENTATION_CONTEXT('2D SPACE',''
  ) );
#4579 = PCURVE('',#4580,#4611);
#4580 = ( BOUNDED_SURFACE() B_SPLINE_SURFACE(1,3,(
    (#4581,#4582,#4583,#4584,#4585,#4586,#4587,#4588,#4589,#4590,#4591
      ,#4592,#4593,#4594,#4595)
    ,(#4596,#4597,#4598,#4599,#4600,#4601,#4602,#4603,#4604,#4605,#4606
      ,#4607,#4608,#4609,#4610
)),.UNSPECIFIED.,.F.,.F.,.F.) B_SPLINE_SURFACE_WITH_KNOTS((2,2),(4,1,1,1
    ,1,1,1,1,1,1,1,1,4),(2.,3.),(0.,8.333333333333E-02,0.166666666667,
    0.25,0.333333333333,0.416666666667,0.5,0.583333333333,0.666666666667
    ,0.75,0.833333333333,0.916666666667,1.),.UNSPECIFIED.) 
GEOMETRIC_REPRESENTATION_ITEM() RATIONAL_B_SPLINE_SURFACE((
    (1.,1.,1.,1.,1.,1.,1.,1.,1.,1.,1.,1.,1.,1.,1.)
    ,(1.,1.,1.,1.,1.,1.,1.,1.,1.,1.,1.,1.,1.,1.,1.
))) REPRESENTATION_ITEM('') SURFACE() );
#4581 = CARTESIAN_POINT('',(-7.464223258991,68.371485636406,-5.));
#4582 = CARTESIAN_POINT('',(-9.609394562708,66.670194367307,
    -3.055555555556));
#4583 = CARTESIAN_POINT('',(-13.57795446775,63.066987211199,
    0.833333333333));
#4584 = CARTESIAN_POINT('',(-18.51912395706,57.206251364948,
    6.666666666667));
#4585 = CARTESIAN_POINT('',(-22.42189048827,51.038317433431,12.5));
#4586 = CARTESIAN_POINT('',(-25.27916251469,44.71223311371,
    18.333333333333));
#4587 = CARTESIAN_POINT('',(-27.10323870253,38.374924560401,
    24.166666666667));
#4588 = CARTESIAN_POINT('',(-27.92527024571,32.168816918857,30.));
#4589 = CARTESIAN_POINT('',(-27.79443661464,26.229537702667,
    35.833333333333));
#4590 = CARTESIAN_POINT('',(-26.77679571467,20.683812758966,
    41.666666666667));
#4591 = CARTESIAN_POINT('',(-24.95404888132,15.647421802796,47.5));
#4592 = CARTESIAN_POINT('',(-22.4219756015,11.223337142552,
    53.333333333333));
#4593 = CARTESIAN_POINT('',(-19.28865538937,7.500072110281,
    59.166666666667));
#4594 = CARTESIAN_POINT('',(-16.87788033589,5.533523794557,
    63.055555555555));
#4595 = CARTESIAN_POINT('',(-15.61311732099,4.688416785469,65.));
#4596 = CARTESIAN_POINT('',(-5.303934699152,50.667264214573,-5.));
#4597 = CARTESIAN_POINT('',(-6.88465298918,49.361411084662,
    -3.055555555556));
#4598 = CARTESIAN_POINT('',(-9.79750262152,46.602881028551,
    0.833333333333));
#4599 = CARTESIAN_POINT('',(-13.38787711525,42.13752103906,
    6.666666666667));
#4600 = CARTESIAN_POINT('',(-16.18138840559,37.459354815609,12.5));
#4601 = CARTESIAN_POINT('',(-18.17525653276,32.683083543706,
    18.333333333333));
#4602 = CARTESIAN_POINT('',(-19.38165586139,27.921456151654,
    24.166666666667));
#4603 = CARTESIAN_POINT('',(-19.82726177053,23.283426646608,30.));
#4604 = CARTESIAN_POINT('',(-19.5525729496,18.872380256555,
    35.833333333333));
#4605 = CARTESIAN_POINT('',(-18.61098106157,14.784515698503,
    41.666666666667));
#4606 = CARTESIAN_POINT('',(-17.06777168501,11.107277903818,47.5));
#4607 = CARTESIAN_POINT('',(-14.99886997891,7.917942989039,
    53.333333333333));
#4608 = CARTESIAN_POINT('',(-12.4894243436,5.282375845718,
    59.166666666667));
#4609 = CARTESIAN_POINT('',(-10.58463714908,3.930104590687,
    63.055555555555));
#4610 = CARTESIAN_POINT('',(-9.590752440474,3.361840535829,65.));
#4611 = DEFINITIONAL_REPRESENTATION('',(#4612),#4618);
#4612 = B_SPLINE_CURVE_WITH_KNOTS('',4,(#4613,#4614,#4615,#4616,#4617),
  .UNSPECIFIED.,.F.,.F.,(5,5),(0.,1.),.PIECEWISE_BEZIER_KNOTS.);
#4613 = CARTESIAN_POINT('',(2.883976513004,1.E-01));
#4614 = CARTESIAN_POINT('',(2.662982384753,1.E-01));
#4615 = CARTESIAN_POINT('',(2.441988256502,1.E-01));
#4616 = CARTESIAN_POINT('',(2.220994128251,1.E-01));
#4617 = CARTESIAN_POINT('',(2.,1.E-01));
#4618 = ( GEOMETRIC_REPRESENTATION_CONTEXT(2) 
PARAMETRIC_REPRESENTATION_CONTEXT() REPRESENTATION_CONTEXT('2D SPACE',''
  ) );
#4619 = ORIENTED_EDGE('',*,*,#4620,.F.);
#4620 = EDGE_CURVE('',#4621,#4561,#4623,.T.);
#4621 = VERTEX_POINT('',#4622);
#4622 = CARTESIAN_POINT('',(27.759105664606,40.176193163178,2.));
#4623 = SURFACE_CURVE('',#4624,(#4629,#4636),.PCURVE_S1.);
#4624 = CIRCLE('',#4625,48.833333333333);
#4625 = AXIS2_PLACEMENT_3D('',#4626,#4627,#4628);
#4626 = CARTESIAN_POINT('',(0.,0.,2.));
#4627 = DIRECTION('',(0.,0.,1.));
#4628 = DIRECTION('',(1.,0.,-0.));
#4629 = PCURVE('',#1993,#4630);
#4630 = DEFINITIONAL_REPRESENTATION('',(#4631),#4635);
#4631 = CIRCLE('',#4632,48.833333333333);
#4632 = AXIS2_PLACEMENT_2D('',#4633,#4634);
#4633 = CARTESIAN_POINT('',(3.408081561098E-15,-2.629491318856E-15));
#4634 = DIRECTION('',(1.,0.));
#4635 = ( GEOMETRIC_REPRESENTATION_CONTEXT(2) 
PARAMETRIC_REPRESENTATION_CONTEXT() REPRESENTATION_CONTEXT('2D SPACE',''
  ) );
#4636 = PCURVE('',#4637,#4642);
#4637 = CONICAL_SURFACE('',#4638,50.,0.528074448426);
#4638 = AXIS2_PLACEMENT_3D('',#4639,#4640,#4641);
#4639 = CARTESIAN_POINT('',(0.,0.,0.));
#4640 = DIRECTION('',(-0.,-0.,-1.));
#4641 = DIRECTION('',(1.,0.,0.));
#4642 = DEFINITIONAL_REPRESENTATION('',(#4643),#4647);
#4643 = LINE('',#4644,#4645);
#4644 = CARTESIAN_POINT('',(-0.,-2.));
#4645 = VECTOR('',#4646,1.);
#4646 = DIRECTION('',(-1.,-0.));
#4647 = ( GEOMETRIC_REPRESENTATION_CONTEXT(2) 
PARAMETRIC_REPRESENTATION_CONTEXT() REPRESENTATION_CONTEXT('2D SPACE',''
  ) );
#4648 = ORIENTED_EDGE('',*,*,#4649,.F.);
#4649 = EDGE_CURVE('',#4650,#4621,#4652,.T.);
#4650 = VERTEX_POINT('',#4651);
#4651 = CARTESIAN_POINT('',(36.336297669395,52.109554294199,2.));
#4652 = SURFACE_CURVE('',#4653,(#4659,#4668),.PCURVE_S1.);
#4653 = B_SPLINE_CURVE_WITH_KNOTS('',4,(#4654,#4655,#4656,#4657,#4658),
  .UNSPECIFIED.,.F.,.F.,(5,5),(0.,1.),.PIECEWISE_BEZIER_KNOTS.);
#4654 = CARTESIAN_POINT('',(36.336297669395,52.109554294199,2.));
#4655 = CARTESIAN_POINT('',(34.18636920823,49.118380421384,2.));
#4656 = CARTESIAN_POINT('',(32.036440747064,46.127206548568,2.));
#4657 = CARTESIAN_POINT('',(29.886512285899,43.136032675753,2.));
#4658 = CARTESIAN_POINT('',(27.736583824733,40.144858802938,2.));
#4659 = PCURVE('',#1993,#4660);
#4660 = DEFINITIONAL_REPRESENTATION('',(#4661),#4667);
#4661 = B_SPLINE_CURVE_WITH_KNOTS('',4,(#4662,#4663,#4664,#4665,#4666),
  .UNSPECIFIED.,.F.,.F.,(5,5),(0.,1.),.PIECEWISE_BEZIER_KNOTS.);
#4662 = CARTESIAN_POINT('',(36.336297669395,52.109554294199));
#4663 = CARTESIAN_POINT('',(34.18636920823,49.118380421384));
#4664 = CARTESIAN_POINT('',(32.036440747064,46.127206548568));
#4665 = CARTESIAN_POINT('',(29.886512285899,43.136032675753));
#4666 = CARTESIAN_POINT('',(27.736583824733,40.144858802938));
#4667 = ( GEOMETRIC_REPRESENTATION_CONTEXT(2) 
PARAMETRIC_REPRESENTATION_CONTEXT() REPRESENTATION_CONTEXT('2D SPACE',''
  ) );
#4668 = PCURVE('',#4669,#4700);
#4669 = ( BOUNDED_SURFACE() B_SPLINE_SURFACE(1,3,(
    (#4670,#4671,#4672,#4673,#4674,#4675,#4676,#4677,#4678,#4679,#4680
      ,#4681,#4682,#4683,#4684)
    ,(#4685,#4686,#4687,#4688,#4689,#4690,#4691,#4692,#4693,#4694,#4695
      ,#4696,#4697,#4698,#4699
)),.UNSPECIFIED.,.F.,.F.,.F.) B_SPLINE_SURFACE_WITH_KNOTS((2,2),(4,1,1,1
    ,1,1,1,1,1,1,1,1,4),(0.,1.),(0.,8.333333333333E-02,0.166666666667,
    0.25,0.333333333333,0.416666666667,0.5,0.583333333333,0.666666666667
    ,0.75,0.833333333333,0.916666666667,1.),.UNSPECIFIED.) 
GEOMETRIC_REPRESENTATION_ITEM() RATIONAL_B_SPLINE_SURFACE((
    (1.,1.,1.,1.,1.,1.,1.,1.,1.,1.,1.,1.,1.,1.,1.)
    ,(1.,1.,1.,1.,1.,1.,1.,1.,1.,1.,1.,1.,1.,1.,1.
))) REPRESENTATION_ITEM('') SURFACE() );
#4670 = CARTESIAN_POINT('',(33.883161036782,38.042539142882,-5.));
#4671 = CARTESIAN_POINT('',(31.822228390412,38.359314287667,
    -3.055555555556));
#4672 = CARTESIAN_POINT('',(27.752673351188,38.704707418849,
    0.833333333333));
#4673 = CARTESIAN_POINT('',(21.913166400468,38.406742943063,
    6.666666666667));
#4674 = CARTESIAN_POINT('',(16.437933920641,37.353808369587,12.5));
#4675 = CARTESIAN_POINT('',(11.416551654185,35.618415507342,
    18.333333333333));
#4676 = CARTESIAN_POINT('',(6.927463881347,33.283101420914,
    24.166666666667));
#4677 = CARTESIAN_POINT('',(3.036913295052,30.438897162727,30.));
#4678 = CARTESIAN_POINT('',(-0.20192936095,27.183680586866,
    35.833333333333));
#4679 = CARTESIAN_POINT('',(-2.749554757585,23.620449286706,
    41.666666666667));
#4680 = CARTESIAN_POINT('',(-4.580622924027,19.855585957003,47.5));
#4681 = CARTESIAN_POINT('',(-5.684196551375,15.997042196638,
    53.333333333333));
#4682 = CARTESIAN_POINT('',(-6.063748990086,12.152523914377,
    59.166666666667));
#4683 = CARTESIAN_POINT('',(-5.845886316918,9.669303917455,
    63.055555555555));
#4684 = CARTESIAN_POINT('',(-5.624472417299,8.464621325838,65.));
#4685 = CARTESIAN_POINT('',(45.971908648667,51.15621459987,-5.));
#4686 = CARTESIAN_POINT('',(43.248366465827,51.642932710949,
    -3.055555555556));
#4687 = CARTESIAN_POINT('',(37.860787222333,52.238503388018,
    0.833333333333));
#4688 = CARTESIAN_POINT('',(30.098989507962,52.05840868458,
    6.666666666667));
#4689 = CARTESIAN_POINT('',(22.78713059018,50.881545151249,12.5));
#4690 = CARTESIAN_POINT('',(16.04302397462,48.799547646371,
    18.333333333333));
#4691 = CARTESIAN_POINT('',(9.970279845517,45.917205572016,
    24.166666666667));
#4692 = CARTESIAN_POINT('',(4.656899127119,42.350493587421,30.));
#4693 = CARTESIAN_POINT('',(0.174127162436,38.224448315072,
    35.833333333333));
#4694 = CARTESIAN_POINT('',(-3.424326793206,33.670937529067,
    41.666666666667));
#4695 = CARTESIAN_POINT('',(-6.10295920877,28.826419871935,47.5));
#4696 = CARTESIAN_POINT('',(-7.844782204925,23.829598747661,
    53.333333333333));
#4697 = CARTESIAN_POINT('',(-8.651336427723,18.819081984239,
    59.166666666667));
#4698 = CARTESIAN_POINT('',(-8.578724697447,15.560407953832,
    63.055555555555));
#4699 = CARTESIAN_POINT('',(-8.396090415135,13.973415837738,65.));
#4700 = DEFINITIONAL_REPRESENTATION('',(#4701),#4707);
#4701 = B_SPLINE_CURVE_WITH_KNOTS('',4,(#4702,#4703,#4704,#4705,#4706),
  .UNSPECIFIED.,.F.,.F.,(5,5),(0.,1.),.PIECEWISE_BEZIER_KNOTS.);
#4702 = CARTESIAN_POINT('',(1.,1.E-01));
#4703 = CARTESIAN_POINT('',(0.779005871749,1.E-01));
#4704 = CARTESIAN_POINT('',(0.558011743498,1.E-01));
#4705 = CARTESIAN_POINT('',(0.337017615247,1.E-01));
#4706 = CARTESIAN_POINT('',(0.116023486996,1.E-01));
#4707 = ( GEOMETRIC_REPRESENTATION_CONTEXT(2) 
PARAMETRIC_REPRESENTATION_CONTEXT() REPRESENTATION_CONTEXT('2D SPACE',''
  ) );
#4708 = ORIENTED_EDGE('',*,*,#4709,.F.);
#4709 = EDGE_CURVE('',#4710,#4650,#4712,.T.);
#4710 = VERTEX_POINT('',#4711);
#4711 = CARTESIAN_POINT('',(39.333415406262,49.886016202035,2.));
#4712 = SURFACE_CURVE('',#4713,(#4719,#4728),.PCURVE_S1.);
#4713 = B_SPLINE_CURVE_WITH_KNOTS('',4,(#4714,#4715,#4716,#4717,#4718),
  .UNSPECIFIED.,.F.,.F.,(5,5),(0.,1.),.PIECEWISE_BEZIER_KNOTS.);
#4714 = CARTESIAN_POINT('',(39.333415406262,49.886016202035,2.));
#4715 = CARTESIAN_POINT('',(38.584135972045,50.441900725076,2.));
#4716 = CARTESIAN_POINT('',(37.834856537828,50.997785248117,2.));
#4717 = CARTESIAN_POINT('',(37.085577103612,51.553669771158,2.));
#4718 = CARTESIAN_POINT('',(36.336297669395,52.109554294199,2.));
#4719 = PCURVE('',#1993,#4720);
#4720 = DEFINITIONAL_REPRESENTATION('',(#4721),#4727);
#4721 = B_SPLINE_CURVE_WITH_KNOTS('',4,(#4722,#4723,#4724,#4725,#4726),
  .UNSPECIFIED.,.F.,.F.,(5,5),(0.,1.),.PIECEWISE_BEZIER_KNOTS.);
#4722 = CARTESIAN_POINT('',(39.333415406262,49.886016202035));
#4723 = CARTESIAN_POINT('',(38.584135972045,50.441900725076));
#4724 = CARTESIAN_POINT('',(37.834856537828,50.997785248117));
#4725 = CARTESIAN_POINT('',(37.085577103612,51.553669771158));
#4726 = CARTESIAN_POINT('',(36.336297669395,52.109554294199));
#4727 = ( GEOMETRIC_REPRESENTATION_CONTEXT(2) 
PARAMETRIC_REPRESENTATION_CONTEXT() REPRESENTATION_CONTEXT('2D SPACE',''
  ) );
#4728 = PCURVE('',#4729,#4760);
#4729 = ( BOUNDED_SURFACE() B_SPLINE_SURFACE(1,3,(
    (#4730,#4731,#4732,#4733,#4734,#4735,#4736,#4737,#4738,#4739,#4740
      ,#4741,#4742,#4743,#4744)
    ,(#4745,#4746,#4747,#4748,#4749,#4750,#4751,#4752,#4753,#4754,#4755
      ,#4756,#4757,#4758,#4759
)),.UNSPECIFIED.,.F.,.F.,.F.) B_SPLINE_SURFACE_WITH_KNOTS((2,2),(4,1,1,1
    ,1,1,1,1,1,1,1,1,4),(1.,2.),(0.,8.333333333333E-02,0.166666666667,
    0.25,0.333333333333,0.416666666667,0.5,0.583333333333,0.666666666667
    ,0.75,0.833333333333,0.916666666667,1.),.UNSPECIFIED.) 
GEOMETRIC_REPRESENTATION_ITEM() RATIONAL_B_SPLINE_SURFACE((
    (1.,1.,1.,1.,1.,1.,1.,1.,1.,1.,1.,1.,1.,1.,1.)
    ,(1.,1.,1.,1.,1.,1.,1.,1.,1.,1.,1.,1.,1.,1.,1.
))) REPRESENTATION_ITEM('') SURFACE() );
#4730 = CARTESIAN_POINT('',(45.971908648667,51.15621459987,-5.));
#4731 = CARTESIAN_POINT('',(43.248366465827,51.642932710949,
    -3.055555555556));
#4732 = CARTESIAN_POINT('',(37.860787222333,52.238503388018,
    0.833333333333));
#4733 = CARTESIAN_POINT('',(30.098989507962,52.05840868458,
    6.666666666667));
#4734 = CARTESIAN_POINT('',(22.78713059018,50.881545151249,12.5));
#4735 = CARTESIAN_POINT('',(16.04302397462,48.799547646371,
    18.333333333333));
#4736 = CARTESIAN_POINT('',(9.970279845517,45.917205572016,
    24.166666666667));
#4737 = CARTESIAN_POINT('',(4.656899127119,42.350493587421,30.));
#4738 = CARTESIAN_POINT('',(0.174127162436,38.224448315072,
    35.833333333333));
#4739 = CARTESIAN_POINT('',(-3.424326793206,33.670937529067,
    41.666666666667));
#4740 = CARTESIAN_POINT('',(-6.10295920877,28.826419871935,47.5));
#4741 = CARTESIAN_POINT('',(-7.844782204925,23.829598747661,
    53.333333333333));
#4742 = CARTESIAN_POINT('',(-8.651336427723,18.819081984239,
    59.166666666667));
#4743 = CARTESIAN_POINT('',(-8.578724697447,15.560407953832,
    63.055555555555));
#4744 = CARTESIAN_POINT('',(-8.396090415135,13.973415837738,65.));
#4745 = CARTESIAN_POINT('',(48.801112892876,48.46468876828,-5.));
#4746 = CARTESIAN_POINT('',(46.133497386738,49.081113472538,
    -3.055555555556));
#4747 = CARTESIAN_POINT('',(40.842039965374,49.937295630549,
    0.833333333333));
#4748 = CARTESIAN_POINT('',(33.179163384507,50.146348465975,
    6.666666666667));
#4749 = CARTESIAN_POINT('',(25.923543323823,49.352010303954,12.5));
#4750 = CARTESIAN_POINT('',(19.196131472308,47.641666469141,
    18.333333333333));
#4751 = CARTESIAN_POINT('',(13.104131230284,45.116539404996,
    24.166666666667));
#4752 = CARTESIAN_POINT('',(7.739472608562,41.889784721294,30.));
#4753 = CARTESIAN_POINT('',(3.177530568886,38.084414847874,
    35.833333333333));
#4754 = CARTESIAN_POINT('',(-0.523803062123,33.831088208121,
    41.666666666667));
#4755 = CARTESIAN_POINT('',(-3.324948007705,29.265868949888,47.5));
#4756 = CARTESIAN_POINT('',(-5.205114808666,24.527842675594,
    53.333333333333));
#4757 = CARTESIAN_POINT('',(-6.162487430241,19.756696511852,
    59.166666666667));
#4758 = CARTESIAN_POINT('',(-6.196903154854,16.645753858181,
    63.055555555555));
#4759 = CARTESIAN_POINT('',(-6.069067579054,15.130006713625,65.));
#4760 = DEFINITIONAL_REPRESENTATION('',(#4761),#4767);
#4761 = B_SPLINE_CURVE_WITH_KNOTS('',4,(#4762,#4763,#4764,#4765,#4766),
  .UNSPECIFIED.,.F.,.F.,(5,5),(0.,1.),.PIECEWISE_BEZIER_KNOTS.);
#4762 = CARTESIAN_POINT('',(2.,1.E-01));
#4763 = CARTESIAN_POINT('',(1.75,1.E-01));
#4764 = CARTESIAN_POINT('',(1.5,1.E-01));
#4765 = CARTESIAN_POINT('',(1.25,1.E-01));
#4766 = CARTESIAN_POINT('',(1.,1.E-01));
#4767 = ( GEOMETRIC_REPRESENTATION_CONTEXT(2) 
PARAMETRIC_REPRESENTATION_CONTEXT() REPRESENTATION_CONTEXT('2D SPACE',''
  ) );
#4768 = ORIENTED_EDGE('',*,*,#4769,.F.);
#4769 = EDGE_CURVE('',#4770,#4710,#4772,.T.);
#4770 = VERTEX_POINT('',#4771);
#4771 = CARTESIAN_POINT('',(30.400090520241,38.216867228303,2.));
#4772 = SURFACE_CURVE('',#4773,(#4779,#4788),.PCURVE_S1.);
#4773 = B_SPLINE_CURVE_WITH_KNOTS('',4,(#4774,#4775,#4776,#4777,#4778),
  .UNSPECIFIED.,.F.,.F.,(5,5),(0.,1.),.PIECEWISE_BEZIER_KNOTS.);
#4774 = CARTESIAN_POINT('',(30.376633581885,38.186226667611,2.));
#4775 = CARTESIAN_POINT('',(32.615829037979,41.111174051217,2.));
#4776 = CARTESIAN_POINT('',(34.855024494073,44.036121434823,2.));
#4777 = CARTESIAN_POINT('',(37.094219950167,46.961068818429,2.));
#4778 = CARTESIAN_POINT('',(39.333415406262,49.886016202035,2.));
#4779 = PCURVE('',#1993,#4780);
#4780 = DEFINITIONAL_REPRESENTATION('',(#4781),#4787);
#4781 = B_SPLINE_CURVE_WITH_KNOTS('',4,(#4782,#4783,#4784,#4785,#4786),
  .UNSPECIFIED.,.F.,.F.,(5,5),(0.,1.),.PIECEWISE_BEZIER_KNOTS.);
#4782 = CARTESIAN_POINT('',(30.376633581885,38.186226667611));
#4783 = CARTESIAN_POINT('',(32.615829037979,41.111174051217));
#4784 = CARTESIAN_POINT('',(34.855024494073,44.036121434823));
#4785 = CARTESIAN_POINT('',(37.094219950167,46.961068818429));
#4786 = CARTESIAN_POINT('',(39.333415406262,49.886016202035));
#4787 = ( GEOMETRIC_REPRESENTATION_CONTEXT(2) 
PARAMETRIC_REPRESENTATION_CONTEXT() REPRESENTATION_CONTEXT('2D SPACE',''
  ) );
#4788 = PCURVE('',#4789,#4820);
#4789 = ( BOUNDED_SURFACE() B_SPLINE_SURFACE(1,3,(
    (#4790,#4791,#4792,#4793,#4794,#4795,#4796,#4797,#4798,#4799,#4800
      ,#4801,#4802,#4803,#4804)
    ,(#4805,#4806,#4807,#4808,#4809,#4810,#4811,#4812,#4813,#4814,#4815
      ,#4816,#4817,#4818,#4819
)),.UNSPECIFIED.,.F.,.F.,.F.) B_SPLINE_SURFACE_WITH_KNOTS((2,2),(4,1,1,1
    ,1,1,1,1,1,1,1,1,4),(2.,3.),(0.,8.333333333333E-02,0.166666666667,
    0.25,0.333333333333,0.416666666667,0.5,0.583333333333,0.666666666667
    ,0.75,0.833333333333,0.916666666667,1.),.UNSPECIFIED.) 
GEOMETRIC_REPRESENTATION_ITEM() RATIONAL_B_SPLINE_SURFACE((
    (1.,1.,1.,1.,1.,1.,1.,1.,1.,1.,1.,1.,1.,1.,1.)
    ,(1.,1.,1.,1.,1.,1.,1.,1.,1.,1.,1.,1.,1.,1.,1.
))) REPRESENTATION_ITEM('') SURFACE() );
#4790 = CARTESIAN_POINT('',(48.801112892876,48.46468876828,-5.));
#4791 = CARTESIAN_POINT('',(46.133497386738,49.081113472538,
    -3.055555555556));
#4792 = CARTESIAN_POINT('',(40.842039965374,49.937295630549,
    0.833333333333));
#4793 = CARTESIAN_POINT('',(33.179163384507,50.146348465975,
    6.666666666667));
#4794 = CARTESIAN_POINT('',(25.923543323823,49.352010303954,12.5));
#4795 = CARTESIAN_POINT('',(19.196131472308,47.641666469141,
    18.333333333333));
#4796 = CARTESIAN_POINT('',(13.104131230284,45.116539404996,
    24.166666666667));
#4797 = CARTESIAN_POINT('',(7.739472608562,41.889784721294,30.));
#4798 = CARTESIAN_POINT('',(3.177530568886,38.084414847874,
    35.833333333333));
#4799 = CARTESIAN_POINT('',(-0.523803062123,33.831088208121,
    41.666666666667));
#4800 = CARTESIAN_POINT('',(-3.324948007705,29.265868949888,47.5));
#4801 = CARTESIAN_POINT('',(-5.205114808666,24.527842675594,
    53.333333333333));
#4802 = CARTESIAN_POINT('',(-6.162487430241,19.756696511852,
    59.166666666667));
#4803 = CARTESIAN_POINT('',(-6.196903154854,16.645753858181,
    63.055555555555));
#4804 = CARTESIAN_POINT('',(-6.069067579054,15.130006713625,65.));
#4805 = CARTESIAN_POINT('',(36.306313098833,35.73730565462,-5.));
#4806 = CARTESIAN_POINT('',(34.299794276945,36.158974869452,
    -3.055555555556));
#4807 = CARTESIAN_POINT('',(30.326956593631,36.716417057605,
    0.833333333333));
#4808 = CARTESIAN_POINT('',(24.597235691599,36.739378455579,
    6.666666666667));
#4809 = CARTESIAN_POINT('',(19.197972256982,36.006644597275,12.5));
#4810 = CARTESIAN_POINT('',(14.22057656426,34.587557042042,
    18.333333333333));
#4811 = CARTESIAN_POINT('',(9.745608683001,32.561931898398,
    24.166666666667));
#4812 = CARTESIAN_POINT('',(5.841620459342,30.018556529823,30.));
#4813 = CARTESIAN_POINT('',(2.564191199505,27.053553722017,
    35.833333333333));
#4814 = CARTESIAN_POINT('',(-4.475706834783E-02,23.768645676996,
    41.666666666667));
#4815 = CARTESIAN_POINT('',(-1.957562036336,20.269395738366,47.5));
#4816 = CARTESIAN_POINT('',(-3.161145366039,16.663345456322,
    53.333333333333));
#4817 = CARTESIAN_POINT('',(-3.657100970912,13.058132619122,
    59.166666666667));
#4818 = CARTESIAN_POINT('',(-3.526733820437,10.725782686185,
    63.055555555555));
#4819 = CARTESIAN_POINT('',(-3.351343568839,9.594425488084,65.));
#4820 = DEFINITIONAL_REPRESENTATION('',(#4821),#4827);
#4821 = B_SPLINE_CURVE_WITH_KNOTS('',4,(#4822,#4823,#4824,#4825,#4826),
  .UNSPECIFIED.,.F.,.F.,(5,5),(0.,1.),.PIECEWISE_BEZIER_KNOTS.);
#4822 = CARTESIAN_POINT('',(2.883976513004,1.E-01));
#4823 = CARTESIAN_POINT('',(2.662982384753,1.E-01));
#4824 = CARTESIAN_POINT('',(2.441988256502,1.E-01));
#4825 = CARTESIAN_POINT('',(2.220994128251,1.E-01));
#4826 = CARTESIAN_POINT('',(2.,1.E-01));
#4827 = ( GEOMETRIC_REPRESENTATION_CONTEXT(2) 
PARAMETRIC_REPRESENTATION_CONTEXT() REPRESENTATION_CONTEXT('2D SPACE',''
  ) );
#4828 = ORIENTED_EDGE('',*,*,#4829,.F.);
#4829 = EDGE_CURVE('',#4830,#4770,#4832,.T.);
#4830 = VERTEX_POINT('',#4831);
#4831 = CARTESIAN_POINT('',(48.71853195129,3.346503981003,2.));
#4832 = SURFACE_CURVE('',#4833,(#4838,#4845),.PCURVE_S1.);
#4833 = CIRCLE('',#4834,48.833333333333);
#4834 = AXIS2_PLACEMENT_3D('',#4835,#4836,#4837);
#4835 = CARTESIAN_POINT('',(0.,0.,2.));
#4836 = DIRECTION('',(0.,0.,1.));
#4837 = DIRECTION('',(1.,0.,-0.));
#4838 = PCURVE('',#1993,#4839);
#4839 = DEFINITIONAL_REPRESENTATION('',(#4840),#4844);
#4840 = CIRCLE('',#4841,48.833333333333);
#4841 = AXIS2_PLACEMENT_2D('',#4842,#4843);
#4842 = CARTESIAN_POINT('',(3.408081561098E-15,-2.629491318856E-15));
#4843 = DIRECTION('',(1.,0.));
#4844 = ( GEOMETRIC_REPRESENTATION_CONTEXT(2) 
PARAMETRIC_REPRESENTATION_CONTEXT() REPRESENTATION_CONTEXT('2D SPACE',''
  ) );
#4845 = PCURVE('',#4846,#4851);
#4846 = CONICAL_SURFACE('',#4847,50.,0.528074448426);
#4847 = AXIS2_PLACEMENT_3D('',#4848,#4849,#4850);
#4848 = CARTESIAN_POINT('',(0.,0.,0.));
#4849 = DIRECTION('',(-0.,-0.,-1.));
#4850 = DIRECTION('',(1.,0.,0.));
#4851 = DEFINITIONAL_REPRESENTATION('',(#4852),#4856);
#4852 = LINE('',#4853,#4854);
#4853 = CARTESIAN_POINT('',(-0.,-2.));
#4854 = VECTOR('',#4855,1.);
#4855 = DIRECTION('',(-1.,-0.));
#4856 = ( GEOMETRIC_REPRESENTATION_CONTEXT(2) 
PARAMETRIC_REPRESENTATION_CONTEXT() REPRESENTATION_CONTEXT('2D SPACE',''
  ) );
#4857 = ORIENTED_EDGE('',*,*,#4858,.F.);
#4858 = EDGE_CURVE('',#4859,#4830,#4861,.T.);
#4859 = VERTEX_POINT('',#4860);
#4860 = CARTESIAN_POINT('',(63.396201118753,4.080914207574,2.));
#4861 = SURFACE_CURVE('',#4862,(#4868,#4877),.PCURVE_S1.);
#4862 = B_SPLINE_CURVE_WITH_KNOTS('',4,(#4863,#4864,#4865,#4866,#4867),
  .UNSPECIFIED.,.F.,.F.,(5,5),(0.,1.),.PIECEWISE_BEZIER_KNOTS.);
#4863 = CARTESIAN_POINT('',(63.396201118753,4.080914207574,2.));
#4864 = CARTESIAN_POINT('',(59.717148745188,3.896829558281,2.));
#4865 = CARTESIAN_POINT('',(56.038096371622,3.712744908987,2.));
#4866 = CARTESIAN_POINT('',(52.359043998057,3.528660259694,2.));
#4867 = CARTESIAN_POINT('',(48.679991624491,3.344575610401,2.));
#4868 = PCURVE('',#1993,#4869);
#4869 = DEFINITIONAL_REPRESENTATION('',(#4870),#4876);
#4870 = B_SPLINE_CURVE_WITH_KNOTS('',4,(#4871,#4872,#4873,#4874,#4875),
  .UNSPECIFIED.,.F.,.F.,(5,5),(0.,1.),.PIECEWISE_BEZIER_KNOTS.);
#4871 = CARTESIAN_POINT('',(63.396201118753,4.080914207574));
#4872 = CARTESIAN_POINT('',(59.717148745188,3.896829558281));
#4873 = CARTESIAN_POINT('',(56.038096371622,3.712744908987));
#4874 = CARTESIAN_POINT('',(52.359043998057,3.528660259694));
#4875 = CARTESIAN_POINT('',(48.679991624491,3.344575610401));
#4876 = ( GEOMETRIC_REPRESENTATION_CONTEXT(2) 
PARAMETRIC_REPRESENTATION_CONTEXT() REPRESENTATION_CONTEXT('2D SPACE',''
  ) );
#4877 = PCURVE('',#4878,#4909);
#4878 = ( BOUNDED_SURFACE() B_SPLINE_SURFACE(1,3,(
    (#4879,#4880,#4881,#4882,#4883,#4884,#4885,#4886,#4887,#4888,#4889
      ,#4890,#4891,#4892,#4893)
    ,(#4894,#4895,#4896,#4897,#4898,#4899,#4900,#4901,#4902,#4903,#4904
      ,#4905,#4906,#4907,#4908
)),.UNSPECIFIED.,.F.,.F.,.F.) B_SPLINE_SURFACE_WITH_KNOTS((2,2),(4,1,1,1
    ,1,1,1,1,1,1,1,1,4),(0.,1.),(0.,8.333333333333E-02,0.166666666667,
    0.25,0.333333333333,0.416666666667,0.5,0.583333333333,0.666666666667
    ,0.75,0.833333333333,0.916666666667,1.),.UNSPECIFIED.) 
GEOMETRIC_REPRESENTATION_ITEM() RATIONAL_B_SPLINE_SURFACE((
    (1.,1.,1.,1.,1.,1.,1.,1.,1.,1.,1.,1.,1.,1.,1.)
    ,(1.,1.,1.,1.,1.,1.,1.,1.,1.,1.,1.,1.,1.,1.,1.
))) REPRESENTATION_ITEM('') SURFACE() );
#4879 = CARTESIAN_POINT('',(50.868660136099,-2.771786831692,-5.));
#4880 = CARTESIAN_POINT('',(49.831354429825,-0.962978733257,
    -3.055555555556));
#4881 = CARTESIAN_POINT('',(47.564067588553,2.434076610968,
    0.833333333333));
#4882 = CARTESIAN_POINT('',(43.690236549068,6.813809175163,
    6.666666666667));
#4883 = CARTESIAN_POINT('',(39.453267536569,10.438024333136,12.5));
#4884 = CARTESIAN_POINT('',(34.965702128045,13.28189932273,
    18.333333333333));
#4885 = CARTESIAN_POINT('',(30.340979607812,15.335564954072,
    24.166666666667));
#4886 = CARTESIAN_POINT('',(25.691572562021,16.60398753719,30.));
#4887 = CARTESIAN_POINT('',(21.127156394919,17.106622354521,
    35.833333333333));
#4888 = CARTESIAN_POINT('',(16.75289153138,16.876797717832,
    41.666666666667));
#4889 = CARTESIAN_POINT('',(12.667750524744,15.96103056544,47.5));
#4890 = CARTESIAN_POINT('',(8.962952634158,14.418076485909,
    53.333333333333));
#4891 = CARTESIAN_POINT('',(5.720540131356,12.317804589692,
    59.166666666667));
#4892 = CARTESIAN_POINT('',(3.914915714794,10.599210349101,
    63.055555555555));
#4893 = CARTESIAN_POINT('',(3.111106246689,9.674994681374,65.));
#4894 = CARTESIAN_POINT('',(68.658555312495,-4.046907385956,-5.));
#4895 = CARTESIAN_POINT('',(67.34098607889,-1.614092584944,
    -3.055555555556));
#4896 = CARTESIAN_POINT('',(64.447521269234,2.969418725348,
    0.833333333333));
#4897 = CARTESIAN_POINT('',(59.467315841259,8.92554932803,6.666666666667
    ));
#4898 = CARTESIAN_POINT('',(53.988337412465,13.908428414105,12.5));
#4899 = CARTESIAN_POINT('',(48.155684519282,17.883079075485,
    18.333333333333));
#4900 = CARTESIAN_POINT('',(42.115884708516,20.833830731761,
    24.166666666667));
#4901 = CARTESIAN_POINT('',(36.01447829875,22.764190507181,30.));
#4902 = CARTESIAN_POINT('',(29.9936436027,23.696415608579,
    35.833333333333));
#4903 = CARTESIAN_POINT('',(24.189966170643,23.670732661583,
    41.666666666667));
#4904 = CARTESIAN_POINT('',(18.732269754893,22.744464459883,47.5));
#4905 = CARTESIAN_POINT('',(13.739588812928,20.990809502468,
    53.333333333333));
#4906 = CARTESIAN_POINT('',(9.319330731291,18.497392882133,
    59.166666666667));
#4907 = CARTESIAN_POINT('',(6.81686945654,16.408872719866,
    63.055555555555));
#4908 = CARTESIAN_POINT('',(5.68997967024,15.276610088161,65.));
#4909 = DEFINITIONAL_REPRESENTATION('',(#4910),#4916);
#4910 = B_SPLINE_CURVE_WITH_KNOTS('',4,(#4911,#4912,#4913,#4914,#4915),
  .UNSPECIFIED.,.F.,.F.,(5,5),(0.,1.),.PIECEWISE_BEZIER_KNOTS.);
#4911 = CARTESIAN_POINT('',(1.,1.E-01));
#4912 = CARTESIAN_POINT('',(0.779005871749,1.E-01));
#4913 = CARTESIAN_POINT('',(0.558011743498,1.E-01));
#4914 = CARTESIAN_POINT('',(0.337017615247,1.E-01));
#4915 = CARTESIAN_POINT('',(0.116023486996,1.E-01));
#4916 = ( GEOMETRIC_REPRESENTATION_CONTEXT(2) 
PARAMETRIC_REPRESENTATION_CONTEXT() REPRESENTATION_CONTEXT('2D SPACE',''
  ) );
#4917 = ORIENTED_EDGE('',*,*,#4918,.F.);
#4918 = EDGE_CURVE('',#4919,#4859,#4921,.T.);
#4919 = VERTEX_POINT('',#4920);
#4920 = CARTESIAN_POINT('',(63.526441379739,0.35131987972,2.));
#4921 = SURFACE_CURVE('',#4922,(#4928,#4937),.PCURVE_S1.);
#4922 = B_SPLINE_CURVE_WITH_KNOTS('',4,(#4923,#4924,#4925,#4926,#4927),
  .UNSPECIFIED.,.F.,.F.,(5,5),(0.,1.),.PIECEWISE_BEZIER_KNOTS.);
#4923 = CARTESIAN_POINT('',(63.526441379739,0.35131987972,2.));
#4924 = CARTESIAN_POINT('',(63.493881314492,1.283718461684,2.));
#4925 = CARTESIAN_POINT('',(63.461321249246,2.216117043647,2.));
#4926 = CARTESIAN_POINT('',(63.428761183999,3.148515625611,2.));
#4927 = CARTESIAN_POINT('',(63.396201118753,4.080914207574,2.));
#4928 = PCURVE('',#1993,#4929);
#4929 = DEFINITIONAL_REPRESENTATION('',(#4930),#4936);
#4930 = B_SPLINE_CURVE_WITH_KNOTS('',4,(#4931,#4932,#4933,#4934,#4935),
  .UNSPECIFIED.,.F.,.F.,(5,5),(0.,1.),.PIECEWISE_BEZIER_KNOTS.);
#4931 = CARTESIAN_POINT('',(63.526441379739,0.35131987972));
#4932 = CARTESIAN_POINT('',(63.493881314492,1.283718461684));
#4933 = CARTESIAN_POINT('',(63.461321249246,2.216117043647));
#4934 = CARTESIAN_POINT('',(63.428761183999,3.148515625611));
#4935 = CARTESIAN_POINT('',(63.396201118753,4.080914207574));
#4936 = ( GEOMETRIC_REPRESENTATION_CONTEXT(2) 
PARAMETRIC_REPRESENTATION_CONTEXT() REPRESENTATION_CONTEXT('2D SPACE',''
  ) );
#4937 = PCURVE('',#4938,#4969);
#4938 = ( BOUNDED_SURFACE() B_SPLINE_SURFACE(1,3,(
    (#4939,#4940,#4941,#4942,#4943,#4944,#4945,#4946,#4947,#4948,#4949
      ,#4950,#4951,#4952,#4953)
    ,(#4954,#4955,#4956,#4957,#4958,#4959,#4960,#4961,#4962,#4963,#4964
      ,#4965,#4966,#4967,#4968
)),.UNSPECIFIED.,.F.,.F.,.F.) B_SPLINE_SURFACE_WITH_KNOTS((2,2),(4,1,1,1
    ,1,1,1,1,1,1,1,1,4),(1.,2.),(0.,8.333333333333E-02,0.166666666667,
    0.25,0.333333333333,0.416666666667,0.5,0.583333333333,0.666666666667
    ,0.75,0.833333333333,0.916666666667,1.),.UNSPECIFIED.) 
GEOMETRIC_REPRESENTATION_ITEM() RATIONAL_B_SPLINE_SURFACE((
    (1.,1.,1.,1.,1.,1.,1.,1.,1.,1.,1.,1.,1.,1.,1.)
    ,(1.,1.,1.,1.,1.,1.,1.,1.,1.,1.,1.,1.,1.,1.,1.
))) REPRESENTATION_ITEM('') SURFACE() );
#4939 = CARTESIAN_POINT('',(68.658555312495,-4.046907385956,-5.));
#4940 = CARTESIAN_POINT('',(67.34098607889,-1.614092584944,
    -3.055555555556));
#4941 = CARTESIAN_POINT('',(64.447521269234,2.969418725348,
    0.833333333333));
#4942 = CARTESIAN_POINT('',(59.467315841259,8.92554932803,6.666666666667
    ));
#4943 = CARTESIAN_POINT('',(53.988337412465,13.908428414105,12.5));
#4944 = CARTESIAN_POINT('',(48.155684519282,17.883079075485,
    18.333333333333));
#4945 = CARTESIAN_POINT('',(42.115884708516,20.833830731761,
    24.166666666667));
#4946 = CARTESIAN_POINT('',(36.01447829875,22.764190507181,30.));
#4947 = CARTESIAN_POINT('',(29.9936436027,23.696415608579,
    35.833333333333));
#4948 = CARTESIAN_POINT('',(24.189966170643,23.670732661583,
    41.666666666667));
#4949 = CARTESIAN_POINT('',(18.732269754893,22.744464459883,47.5));
#4950 = CARTESIAN_POINT('',(13.739588812928,20.990809502468,
    53.333333333333));
#4951 = CARTESIAN_POINT('',(9.319330731291,18.497392882133,
    59.166666666667));
#4952 = CARTESIAN_POINT('',(6.81686945654,16.408872719866,
    63.055555555555));
#4953 = CARTESIAN_POINT('',(5.68997967024,15.276610088161,65.));
#4954 = CARTESIAN_POINT('',(68.31821567512,-7.937007241847,-5.));
#4955 = CARTESIAN_POINT('',(67.136924852123,-5.46704693931,
    -3.055555555556));
#4956 = CARTESIAN_POINT('',(64.507145278794,-0.796198095095,
    0.833333333333));
#4957 = CARTESIAN_POINT('',(59.892863965957,5.325222373032,
    6.666666666667));
#4958 = CARTESIAN_POINT('',(54.748020269165,10.502632818054,12.5));
#4959 = CARTESIAN_POINT('',(49.216346930939,14.695953260418,
    18.333333333333));
#4960 = CARTESIAN_POINT('',(43.443823071136,17.884479867944,
    24.166666666667));
#4961 = CARTESIAN_POINT('',(37.576234732119,20.066890232711,30.));
#4962 = CARTESIAN_POINT('',(31.756752424236,21.260950832147,
    35.833333333333));
#4963 = CARTESIAN_POINT('',(26.123623979846,21.502864208128,
    41.666666666667));
#4964 = CARTESIAN_POINT('',(20.807906532291,20.846519862782,47.5));
#4965 = CARTESIAN_POINT('',(15.931303600095,19.362382397104,
    53.333333333333));
#4966 = CARTESIAN_POINT('',(11.604159255694,17.136125476834,
    59.166666666667));
#4967 = CARTESIAN_POINT('',(9.150468495582,15.223391755097,
    63.055555555555));
#4968 = CARTESIAN_POINT('',(8.045113836333,14.17839299053,65.));
#4969 = DEFINITIONAL_REPRESENTATION('',(#4970),#4976);
#4970 = B_SPLINE_CURVE_WITH_KNOTS('',4,(#4971,#4972,#4973,#4974,#4975),
  .UNSPECIFIED.,.F.,.F.,(5,5),(0.,1.),.PIECEWISE_BEZIER_KNOTS.);
#4971 = CARTESIAN_POINT('',(2.,1.E-01));
#4972 = CARTESIAN_POINT('',(1.75,1.E-01));
#4973 = CARTESIAN_POINT('',(1.5,1.E-01));
#4974 = CARTESIAN_POINT('',(1.25,1.E-01));
#4975 = CARTESIAN_POINT('',(1.,1.E-01));
#4976 = ( GEOMETRIC_REPRESENTATION_CONTEXT(2) 
PARAMETRIC_REPRESENTATION_CONTEXT() REPRESENTATION_CONTEXT('2D SPACE',''
  ) );
#4977 = ORIENTED_EDGE('',*,*,#4978,.F.);
#4978 = EDGE_CURVE('',#4979,#4919,#4981,.T.);
#4979 = VERTEX_POINT('',#4980);
#4980 = CARTESIAN_POINT('',(48.833296375916,6.007916599169E-02,2.));
#4981 = SURFACE_CURVE('',#4982,(#4988,#4997),.PCURVE_S1.);
#4982 = B_SPLINE_CURVE_WITH_KNOTS('',4,(#4983,#4984,#4985,#4986,#4987),
  .UNSPECIFIED.,.F.,.F.,(5,5),(0.,1.),.PIECEWISE_BEZIER_KNOTS.);
#4983 = CARTESIAN_POINT('',(48.794715458504,5.931443300841E-02,2.));
#4984 = CARTESIAN_POINT('',(52.477646938812,0.132315794686,2.));
#4985 = CARTESIAN_POINT('',(56.160578419121,0.205317156364,2.));
#4986 = CARTESIAN_POINT('',(59.84350989943,0.278318518042,2.));
#4987 = CARTESIAN_POINT('',(63.526441379739,0.35131987972,2.));
#4988 = PCURVE('',#1993,#4989);
#4989 = DEFINITIONAL_REPRESENTATION('',(#4990),#4996);
#4990 = B_SPLINE_CURVE_WITH_KNOTS('',4,(#4991,#4992,#4993,#4994,#4995),
  .UNSPECIFIED.,.F.,.F.,(5,5),(0.,1.),.PIECEWISE_BEZIER_KNOTS.);
#4991 = CARTESIAN_POINT('',(48.794715458504,5.931443300841E-02));
#4992 = CARTESIAN_POINT('',(52.477646938812,0.132315794686));
#4993 = CARTESIAN_POINT('',(56.160578419121,0.205317156364));
#4994 = CARTESIAN_POINT('',(59.84350989943,0.278318518042));
#4995 = CARTESIAN_POINT('',(63.526441379739,0.35131987972));
#4996 = ( GEOMETRIC_REPRESENTATION_CONTEXT(2) 
PARAMETRIC_REPRESENTATION_CONTEXT() REPRESENTATION_CONTEXT('2D SPACE',''
  ) );
#4997 = PCURVE('',#4998,#5029);
#4998 = ( BOUNDED_SURFACE() B_SPLINE_SURFACE(1,3,(
    (#4999,#5000,#5001,#5002,#5003,#5004,#5005,#5006,#5007,#5008,#5009
      ,#5010,#5011,#5012,#5013)
    ,(#5014,#5015,#5016,#5017,#5018,#5019,#5020,#5021,#5022,#5023,#5024
      ,#5025,#5026,#5027,#5028
)),.UNSPECIFIED.,.F.,.F.,.F.) B_SPLINE_SURFACE_WITH_KNOTS((2,2),(4,1,1,1
    ,1,1,1,1,1,1,1,1,4),(2.,3.),(0.,8.333333333333E-02,0.166666666667,
    0.25,0.333333333333,0.416666666667,0.5,0.583333333333,0.666666666667
    ,0.75,0.833333333333,0.916666666667,1.),.UNSPECIFIED.) 
GEOMETRIC_REPRESENTATION_ITEM() RATIONAL_B_SPLINE_SURFACE((
    (1.,1.,1.,1.,1.,1.,1.,1.,1.,1.,1.,1.,1.,1.,1.)
    ,(1.,1.,1.,1.,1.,1.,1.,1.,1.,1.,1.,1.,1.,1.,1.
))) REPRESENTATION_ITEM('') SURFACE() );
#4999 = CARTESIAN_POINT('',(68.31821567512,-7.937007241847,-5.));
#5000 = CARTESIAN_POINT('',(67.136924852123,-5.46704693931,
    -3.055555555556));
#5001 = CARTESIAN_POINT('',(64.507145278794,-0.796198095095,
    0.833333333333));
#5002 = CARTESIAN_POINT('',(59.892863965957,5.325222373032,
    6.666666666667));
#5003 = CARTESIAN_POINT('',(54.748020269165,10.502632818054,12.5));
#5004 = CARTESIAN_POINT('',(49.216346930939,14.695953260418,
    18.333333333333));
#5005 = CARTESIAN_POINT('',(43.443823071136,17.884479867944,
    24.166666666667));
#5006 = CARTESIAN_POINT('',(37.576234732119,20.066890232711,30.));
#5007 = CARTESIAN_POINT('',(31.756752424236,21.260950832147,
    35.833333333333));
#5008 = CARTESIAN_POINT('',(26.123623979846,21.502864208128,
    41.666666666667));
#5009 = CARTESIAN_POINT('',(20.807906532291,20.846519862782,47.5));
#5010 = CARTESIAN_POINT('',(15.931303600095,19.362382397104,
    53.333333333333));
#5011 = CARTESIAN_POINT('',(11.604159255694,17.136125476834,
    59.166666666667));
#5012 = CARTESIAN_POINT('',(9.150468495582,15.223391755097,
    63.055555555555));
#5013 = CARTESIAN_POINT('',(8.045113836333,14.17839299053,65.));
#5014 = CARTESIAN_POINT('',(50.577166619577,-6.103572971445,-5.));
#5015 = CARTESIAN_POINT('',(49.655796864235,-4.271906931123,
    -3.055555555556));
#5016 = CARTESIAN_POINT('',(47.614598936603,-0.818257836134,
    0.833333333333));
#5017 = CARTESIAN_POINT('',(44.060128330507,3.675734548304,
    6.666666666667));
#5018 = CARTESIAN_POINT('',(40.120868242782,7.440196595497,12.5));
#5019 = CARTESIAN_POINT('',(35.908025461494,10.446894630135,
    18.333333333333));
#5020 = CARTESIAN_POINT('',(31.534231114905,12.682608783286,
    24.166666666667));
#5021 = CARTESIAN_POINT('',(27.111643335991,14.149101079122,30.));
#5022 = CARTESIAN_POINT('',(22.75006707542,14.862849442875,
    35.833333333333));
#5023 = CARTESIAN_POINT('',(18.555169910227,14.854500668698,
    41.666666666667));
#5024 = CARTESIAN_POINT('',(14.626731752696,14.168245161602,47.5));
#5025 = CARTESIAN_POINT('',(11.056986183075,12.860908924693,
    53.333333333333));
#5026 = CARTESIAN_POINT('',(7.929094024141,11.000849192965,
    59.166666666667));
#5027 = CARTESIAN_POINT('',(6.186872007257,9.444727652892,
    63.055555555555));
#5028 = CARTESIAN_POINT('',(5.411695365082,8.602212357199,65.));
#5029 = DEFINITIONAL_REPRESENTATION('',(#5030),#5036);
#5030 = B_SPLINE_CURVE_WITH_KNOTS('',4,(#5031,#5032,#5033,#5034,#5035),
  .UNSPECIFIED.,.F.,.F.,(5,5),(0.,1.),.PIECEWISE_BEZIER_KNOTS.);
#5031 = CARTESIAN_POINT('',(2.883976513004,1.E-01));
#5032 = CARTESIAN_POINT('',(2.662982384753,1.E-01));
#5033 = CARTESIAN_POINT('',(2.441988256502,1.E-01));
#5034 = CARTESIAN_POINT('',(2.220994128251,1.E-01));
#5035 = CARTESIAN_POINT('',(2.,1.E-01));
#5036 = ( GEOMETRIC_REPRESENTATION_CONTEXT(2) 
PARAMETRIC_REPRESENTATION_CONTEXT() REPRESENTATION_CONTEXT('2D SPACE',''
  ) );
#5037 = ORIENTED_EDGE('',*,*,#5038,.F.);
#5038 = EDGE_CURVE('',#5039,#4979,#5041,.T.);
#5039 = VERTEX_POINT('',#5040);
#5040 = CARTESIAN_POINT('',(32.991910001711,-36.0031709551,2.));
#5041 = SURFACE_CURVE('',#5042,(#5047,#5054),.PCURVE_S1.);
#5042 = CIRCLE('',#5043,48.833333333333);
#5043 = AXIS2_PLACEMENT_3D('',#5044,#5045,#5046);
#5044 = CARTESIAN_POINT('',(0.,0.,2.));
#5045 = DIRECTION('',(0.,0.,1.));
#5046 = DIRECTION('',(1.,0.,-0.));
#5047 = PCURVE('',#1993,#5048);
#5048 = DEFINITIONAL_REPRESENTATION('',(#5049),#5053);
#5049 = CIRCLE('',#5050,48.833333333333);
#5050 = AXIS2_PLACEMENT_2D('',#5051,#5052);
#5051 = CARTESIAN_POINT('',(3.408081561098E-15,-2.629491318856E-15));
#5052 = DIRECTION('',(1.,0.));
#5053 = ( GEOMETRIC_REPRESENTATION_CONTEXT(2) 
PARAMETRIC_REPRESENTATION_CONTEXT() REPRESENTATION_CONTEXT('2D SPACE',''
  ) );
#5054 = PCURVE('',#5055,#5060);
#5055 = CONICAL_SURFACE('',#5056,50.,0.528074448426);
#5056 = AXIS2_PLACEMENT_3D('',#5057,#5058,#5059);
#5057 = CARTESIAN_POINT('',(0.,0.,0.));
#5058 = DIRECTION('',(-0.,-0.,-1.));
#5059 = DIRECTION('',(1.,0.,0.));
#5060 = DEFINITIONAL_REPRESENTATION('',(#5061),#5065);
#5061 = LINE('',#5062,#5063);
#5062 = CARTESIAN_POINT('',(-0.,-2.));
#5063 = VECTOR('',#5064,1.);
#5064 = DIRECTION('',(-1.,-0.));
#5065 = ( GEOMETRIC_REPRESENTATION_CONTEXT(2) 
PARAMETRIC_REPRESENTATION_CONTEXT() REPRESENTATION_CONTEXT('2D SPACE',''
  ) );
#5066 = ORIENTED_EDGE('',*,*,#5067,.F.);
#5067 = EDGE_CURVE('',#5068,#5039,#5070,.T.);
#5068 = VERTEX_POINT('',#5069);
#5069 = CARTESIAN_POINT('',(42.71747207886,-47.02073751283,2.));
#5070 = SURFACE_CURVE('',#5071,(#5077,#5086),.PCURVE_S1.);
#5071 = B_SPLINE_CURVE_WITH_KNOTS('',4,(#5072,#5073,#5074,#5075,#5076),
  .UNSPECIFIED.,.F.,.F.,(5,5),(0.,1.),.PIECEWISE_BEZIER_KNOTS.);
#5072 = CARTESIAN_POINT('',(42.71747207886,-47.02073751283,2.));
#5073 = CARTESIAN_POINT('',(40.279697269181,-44.25911344304,2.));
#5074 = CARTESIAN_POINT('',(37.841922459503,-41.49748937325,2.));
#5075 = CARTESIAN_POINT('',(35.404147649824,-38.73586530346,2.));
#5076 = CARTESIAN_POINT('',(32.966372840145,-35.97424123367,2.));
#5077 = PCURVE('',#1993,#5078);
#5078 = DEFINITIONAL_REPRESENTATION('',(#5079),#5085);
#5079 = B_SPLINE_CURVE_WITH_KNOTS('',4,(#5080,#5081,#5082,#5083,#5084),
  .UNSPECIFIED.,.F.,.F.,(5,5),(0.,1.),.PIECEWISE_BEZIER_KNOTS.);
#5080 = CARTESIAN_POINT('',(42.71747207886,-47.02073751283));
#5081 = CARTESIAN_POINT('',(40.279697269181,-44.25911344304));
#5082 = CARTESIAN_POINT('',(37.841922459503,-41.49748937325));
#5083 = CARTESIAN_POINT('',(35.404147649824,-38.73586530346));
#5084 = CARTESIAN_POINT('',(32.966372840145,-35.97424123367));
#5085 = ( GEOMETRIC_REPRESENTATION_CONTEXT(2) 
PARAMETRIC_REPRESENTATION_CONTEXT() REPRESENTATION_CONTEXT('2D SPACE',''
  ) );
#5086 = PCURVE('',#5087,#5118);
#5087 = ( BOUNDED_SURFACE() B_SPLINE_SURFACE(1,3,(
    (#5088,#5089,#5090,#5091,#5092,#5093,#5094,#5095,#5096,#5097,#5098
      ,#5099,#5100,#5101,#5102)
    ,(#5103,#5104,#5105,#5106,#5107,#5108,#5109,#5110,#5111,#5112,#5113
      ,#5114,#5115,#5116,#5117
)),.UNSPECIFIED.,.F.,.F.,.F.) B_SPLINE_SURFACE_WITH_KNOTS((2,2),(4,1,1,1
    ,1,1,1,1,1,1,1,1,4),(0.,1.),(0.,8.333333333333E-02,0.166666666667,
    0.25,0.333333333333,0.416666666667,0.5,0.583333333333,0.666666666667
    ,0.75,0.833333333333,0.916666666667,1.),.UNSPECIFIED.) 
GEOMETRIC_REPRESENTATION_ITEM() RATIONAL_B_SPLINE_SURFACE((
    (1.,1.,1.,1.,1.,1.,1.,1.,1.,1.,1.,1.,1.,1.,1.)
    ,(1.,1.,1.,1.,1.,1.,1.,1.,1.,1.,1.,1.,1.,1.,1.
))) REPRESENTATION_ITEM('') SURFACE() );
#5088 = CARTESIAN_POINT('',(29.549020621368,-41.49890078785,-5.));
#5089 = CARTESIAN_POINT('',(30.316454209197,-39.56012912685,
    -3.055555555556));
#5090 = CARTESIAN_POINT('',(31.558748801576,-35.66946353108,
    0.833333333333));
#5091 = CARTESIAN_POINT('',(32.567667457812,-29.91006187801,
    6.666666666667));
#5092 = CARTESIAN_POINT('',(32.759485997468,-24.33780492305,12.5));
#5093 = CARTESIAN_POINT('',(32.184965729148,-19.05615795326,
    18.333333333333));
#5094 = CARTESIAN_POINT('',(30.907118846401,-14.1599647117,
    24.166666666667));
#5095 = CARTESIAN_POINT('',(28.999953677216,-9.734063363473,30.));
#5096 = CARTESIAN_POINT('',(26.547062469963,-5.852071422281,
    35.833333333333));
#5097 = CARTESIAN_POINT('',(23.640068800507,-2.575426756504,
    41.666666666667));
#5098 = CARTESIAN_POINT('',(20.377049453364,4.749361241189E-02,47.5));
#5099 = CARTESIAN_POINT('',(16.860815675256,1.982005106129,
    53.333333333333));
#5100 = CARTESIAN_POINT('',(13.197145856134,3.207527171546,
    59.166666666667));
#5101 = CARTESIAN_POINT('',(10.727706363539,3.547695203385,
    63.055555555555));
#5102 = CARTESIAN_POINT('',(9.503958451918,3.59989970791,65.));
#5103 = CARTESIAN_POINT('',(39.643909446721,-56.20262556829,-5.));
#5104 = CARTESIAN_POINT('',(40.724469668771,-53.65567324288,
    -3.055555555556));
#5105 = CARTESIAN_POINT('',(42.503957310549,-48.53569880261,
    0.833333333333));
#5106 = CARTESIAN_POINT('',(44.055540433913,-40.92843072055,
    6.666666666667));
#5107 = CARTESIAN_POINT('',(44.535225001781,-33.53801859909,12.5));
#5108 = CARTESIAN_POINT('',(44.006132423978,-26.49971278757,
    18.333333333333));
#5109 = CARTESIAN_POINT('',(42.547369378519,-19.9378435822,
    24.166666666667));
#5110 = CARTESIAN_POINT('',(40.252420749947,-13.96401232982,30.));
#5111 = CARTESIAN_POINT('',(37.227334651303,-8.675501369962,
    35.833333333333));
#5112 = CARTESIAN_POINT('',(33.588721222613,-4.154016695024,
    41.666666666667));
#5113 = CARTESIAN_POINT('',(29.461717524455,-0.464536592983,47.5));
#5114 = CARTESIAN_POINT('',(24.977769218112,2.345512567435,
    53.333333333333));
#5115 = CARTESIAN_POINT('',(20.27235176994,4.246789661729,
    59.166666666667));
#5116 = CARTESIAN_POINT('',(17.079221870957,4.901121647837,
    63.055555555555));
#5117 = CARTESIAN_POINT('',(15.491379009491,5.076205356144,65.));
#5118 = DEFINITIONAL_REPRESENTATION('',(#5119),#5125);
#5119 = B_SPLINE_CURVE_WITH_KNOTS('',4,(#5120,#5121,#5122,#5123,#5124),
  .UNSPECIFIED.,.F.,.F.,(5,5),(0.,1.),.PIECEWISE_BEZIER_KNOTS.);
#5120 = CARTESIAN_POINT('',(1.,1.E-01));
#5121 = CARTESIAN_POINT('',(0.779005871749,1.E-01));
#5122 = CARTESIAN_POINT('',(0.558011743498,1.E-01));
#5123 = CARTESIAN_POINT('',(0.337017615247,1.E-01));
#5124 = CARTESIAN_POINT('',(0.116023486996,1.E-01));
#5125 = ( GEOMETRIC_REPRESENTATION_CONTEXT(2) 
PARAMETRIC_REPRESENTATION_CONTEXT() REPRESENTATION_CONTEXT('2D SPACE',''
  ) );
#5126 = ORIENTED_EDGE('',*,*,#5127,.F.);
#5127 = EDGE_CURVE('',#5128,#5068,#5130,.T.);
#5128 = VERTEX_POINT('',#5129);
#5129 = CARTESIAN_POINT('',(39.882761291026,-49.44792747764,2.));
#5130 = SURFACE_CURVE('',#5131,(#5137,#5146),.PCURVE_S1.);
#5131 = B_SPLINE_CURVE_WITH_KNOTS('',4,(#5132,#5133,#5134,#5135,#5136),
  .UNSPECIFIED.,.F.,.F.,(5,5),(0.,1.),.PIECEWISE_BEZIER_KNOTS.);
#5132 = CARTESIAN_POINT('',(39.882761291026,-49.44792747764,2.));
#5133 = CARTESIAN_POINT('',(40.591438987984,-48.84112998644,2.));
#5134 = CARTESIAN_POINT('',(41.300116684943,-48.23433249523,2.));
#5135 = CARTESIAN_POINT('',(42.008794381902,-47.62753500403,2.));
#5136 = CARTESIAN_POINT('',(42.71747207886,-47.02073751283,2.));
#5137 = PCURVE('',#1993,#5138);
#5138 = DEFINITIONAL_REPRESENTATION('',(#5139),#5145);
#5139 = B_SPLINE_CURVE_WITH_KNOTS('',4,(#5140,#5141,#5142,#5143,#5144),
  .UNSPECIFIED.,.F.,.F.,(5,5),(0.,1.),.PIECEWISE_BEZIER_KNOTS.);
#5140 = CARTESIAN_POINT('',(39.882761291026,-49.44792747764));
#5141 = CARTESIAN_POINT('',(40.591438987984,-48.84112998644));
#5142 = CARTESIAN_POINT('',(41.300116684943,-48.23433249523));
#5143 = CARTESIAN_POINT('',(42.008794381902,-47.62753500403));
#5144 = CARTESIAN_POINT('',(42.71747207886,-47.02073751283));
#5145 = ( GEOMETRIC_REPRESENTATION_CONTEXT(2) 
PARAMETRIC_REPRESENTATION_CONTEXT() REPRESENTATION_CONTEXT('2D SPACE',''
  ) );
#5146 = PCURVE('',#5147,#5178);
#5147 = ( BOUNDED_SURFACE() B_SPLINE_SURFACE(1,3,(
    (#5148,#5149,#5150,#5151,#5152,#5153,#5154,#5155,#5156,#5157,#5158
      ,#5159,#5160,#5161,#5162)
    ,(#5163,#5164,#5165,#5166,#5167,#5168,#5169,#5170,#5171,#5172,#5173
      ,#5174,#5175,#5176,#5177
)),.UNSPECIFIED.,.F.,.F.,.F.) B_SPLINE_SURFACE_WITH_KNOTS((2,2),(4,1,1,1
    ,1,1,1,1,1,1,1,1,4),(1.,2.),(0.,8.333333333333E-02,0.166666666667,
    0.25,0.333333333333,0.416666666667,0.5,0.583333333333,0.666666666667
    ,0.75,0.833333333333,0.916666666667,1.),.UNSPECIFIED.) 
GEOMETRIC_REPRESENTATION_ITEM() RATIONAL_B_SPLINE_SURFACE((
    (1.,1.,1.,1.,1.,1.,1.,1.,1.,1.,1.,1.,1.,1.,1.)
    ,(1.,1.,1.,1.,1.,1.,1.,1.,1.,1.,1.,1.,1.,1.,1.
))) REPRESENTATION_ITEM('') SURFACE() );
#5148 = CARTESIAN_POINT('',(39.643909446721,-56.20262556829,-5.));
#5149 = CARTESIAN_POINT('',(40.724469668771,-53.65567324288,
    -3.055555555556));
#5150 = CARTESIAN_POINT('',(42.503957310549,-48.53569880261,
    0.833333333333));
#5151 = CARTESIAN_POINT('',(44.055540433913,-40.92843072055,
    6.666666666667));
#5152 = CARTESIAN_POINT('',(44.535225001781,-33.53801859909,12.5));
#5153 = CARTESIAN_POINT('',(44.006132423978,-26.49971278757,
    18.333333333333));
#5154 = CARTESIAN_POINT('',(42.547369378519,-19.9378435822,
    24.166666666667));
#5155 = CARTESIAN_POINT('',(40.252420749947,-13.96401232982,30.));
#5156 = CARTESIAN_POINT('',(37.227334651303,-8.675501369962,
    35.833333333333));
#5157 = CARTESIAN_POINT('',(33.588721222613,-4.154016695024,
    41.666666666667));
#5158 = CARTESIAN_POINT('',(29.461717524455,-0.464536592983,47.5));
#5159 = CARTESIAN_POINT('',(24.977769218112,2.345512567435,
    53.333333333333));
#5160 = CARTESIAN_POINT('',(20.27235176994,4.246789661729,
    59.166666666667));
#5161 = CARTESIAN_POINT('',(17.079221870957,4.901121647837,
    63.055555555555));
#5162 = CARTESIAN_POINT('',(15.491379009491,5.076205356144,65.));
#5163 = CARTESIAN_POINT('',(36.390308616371,-58.36197491342,-5.));
#5164 = CARTESIAN_POINT('',(37.584878560172,-55.89840949842,
    -3.055555555556));
#5165 = CARTESIAN_POINT('',(39.597054491321,-50.93013841565,
    0.833333333333));
#5166 = CARTESIAN_POINT('',(41.506016389266,-43.50590478154,
    6.666666666667));
#5167 = CARTESIAN_POINT('',(42.346121295736,-36.2554413945,12.5));
#5168 = CARTESIAN_POINT('',(42.175649320056,-29.31611249621,
    18.333333333333));
#5169 = CARTESIAN_POINT('',(41.069430046933,-22.81495778657,
    24.166666666667));
#5170 = CARTESIAN_POINT('',(39.11732568689,-16.86678189106,30.));
#5171 = CARTESIAN_POINT('',(36.422491984441,-11.57244280454,
    35.833333333333));
#5172 = CARTESIAN_POINT('',(33.099429340176,-7.017455119079,
    41.666666666667));
#5173 = CARTESIAN_POINT('',(29.271983049532,-3.270683872507,47.5));
#5174 = CARTESIAN_POINT('',(25.071125458615,-0.383346747027,
    53.333333333333));
#5175 = CARTESIAN_POINT('',(20.632637340381,1.611702444503,
    59.166666666667));
#5176 = CARTESIAN_POINT('',(17.607350733304,2.337505159825,
    63.055555555555));
#5177 = CARTESIAN_POINT('',(16.101160442546,2.550160159057,65.));
#5178 = DEFINITIONAL_REPRESENTATION('',(#5179),#5185);
#5179 = B_SPLINE_CURVE_WITH_KNOTS('',4,(#5180,#5181,#5182,#5183,#5184),
  .UNSPECIFIED.,.F.,.F.,(5,5),(0.,1.),.PIECEWISE_BEZIER_KNOTS.);
#5180 = CARTESIAN_POINT('',(2.,1.E-01));
#5181 = CARTESIAN_POINT('',(1.75,1.E-01));
#5182 = CARTESIAN_POINT('',(1.5,1.E-01));
#5183 = CARTESIAN_POINT('',(1.25,1.E-01));
#5184 = CARTESIAN_POINT('',(1.,1.E-01));
#5185 = ( GEOMETRIC_REPRESENTATION_CONTEXT(2) 
PARAMETRIC_REPRESENTATION_CONTEXT() REPRESENTATION_CONTEXT('2D SPACE',''
  ) );
#5186 = ORIENTED_EDGE('',*,*,#5187,.F.);
#5187 = EDGE_CURVE('',#3785,#5128,#5188,.T.);
#5188 = SURFACE_CURVE('',#5189,(#5195,#5204),.PCURVE_S1.);
#5189 = B_SPLINE_CURVE_WITH_KNOTS('',4,(#5190,#5191,#5192,#5193,#5194),
  .UNSPECIFIED.,.F.,.F.,(5,5),(0.,1.),.PIECEWISE_BEZIER_KNOTS.);
#5190 = CARTESIAN_POINT('',(30.469381364066,-38.11226277944,2.));
#5191 = CARTESIAN_POINT('',(32.822726345806,-40.94617895399,2.));
#5192 = CARTESIAN_POINT('',(35.176071327546,-43.78009512854,2.));
#5193 = CARTESIAN_POINT('',(37.529416309286,-46.61401130309,2.));
#5194 = CARTESIAN_POINT('',(39.882761291026,-49.44792747764,2.));
#5195 = PCURVE('',#1993,#5196);
#5196 = DEFINITIONAL_REPRESENTATION('',(#5197),#5203);
#5197 = B_SPLINE_CURVE_WITH_KNOTS('',4,(#5198,#5199,#5200,#5201,#5202),
  .UNSPECIFIED.,.F.,.F.,(5,5),(0.,1.),.PIECEWISE_BEZIER_KNOTS.);
#5198 = CARTESIAN_POINT('',(30.469381364066,-38.11226277944));
#5199 = CARTESIAN_POINT('',(32.822726345806,-40.94617895399));
#5200 = CARTESIAN_POINT('',(35.176071327546,-43.78009512854));
#5201 = CARTESIAN_POINT('',(37.529416309286,-46.61401130309));
#5202 = CARTESIAN_POINT('',(39.882761291026,-49.44792747764));
#5203 = ( GEOMETRIC_REPRESENTATION_CONTEXT(2) 
PARAMETRIC_REPRESENTATION_CONTEXT() REPRESENTATION_CONTEXT('2D SPACE',''
  ) );
#5204 = PCURVE('',#5205,#5236);
#5205 = ( BOUNDED_SURFACE() B_SPLINE_SURFACE(1,3,(
    (#5206,#5207,#5208,#5209,#5210,#5211,#5212,#5213,#5214,#5215,#5216
      ,#5217,#5218,#5219,#5220)
    ,(#5221,#5222,#5223,#5224,#5225,#5226,#5227,#5228,#5229,#5230,#5231
      ,#5232,#5233,#5234,#5235
)),.UNSPECIFIED.,.F.,.F.,.F.) B_SPLINE_SURFACE_WITH_KNOTS((2,2),(4,1,1,1
    ,1,1,1,1,1,1,1,1,4),(2.,3.),(0.,8.333333333333E-02,0.166666666667,
    0.25,0.333333333333,0.416666666667,0.5,0.583333333333,0.666666666667
    ,0.75,0.833333333333,0.916666666667,1.),.UNSPECIFIED.) 
GEOMETRIC_REPRESENTATION_ITEM() RATIONAL_B_SPLINE_SURFACE((
    (1.,1.,1.,1.,1.,1.,1.,1.,1.,1.,1.,1.,1.,1.,1.)
    ,(1.,1.,1.,1.,1.,1.,1.,1.,1.,1.,1.,1.,1.,1.,1.
))) REPRESENTATION_ITEM('') SURFACE() );
#5206 = CARTESIAN_POINT('',(36.390308616371,-58.36197491342,-5.));
#5207 = CARTESIAN_POINT('',(37.584878560172,-55.89840949842,
    -3.055555555556));
#5208 = CARTESIAN_POINT('',(39.597054491321,-50.93013841565,
    0.833333333333));
#5209 = CARTESIAN_POINT('',(41.506016389266,-43.50590478154,
    6.666666666667));
#5210 = CARTESIAN_POINT('',(42.346121295736,-36.2554413945,12.5));
#5211 = CARTESIAN_POINT('',(42.175649320056,-29.31611249621,
    18.333333333333));
#5212 = CARTESIAN_POINT('',(41.069430046933,-22.81495778657,
    24.166666666667));
#5213 = CARTESIAN_POINT('',(39.11732568689,-16.86678189106,30.));
#5214 = CARTESIAN_POINT('',(36.422491984441,-11.57244280454,
    35.833333333333));
#5215 = CARTESIAN_POINT('',(33.099429340176,-7.017455119079,
    41.666666666667));
#5216 = CARTESIAN_POINT('',(29.271983049532,-3.270683872507,47.5));
#5217 = CARTESIAN_POINT('',(25.071125458615,-0.383346747027,
    53.333333333333));
#5218 = CARTESIAN_POINT('',(20.632637340381,1.611702444503,
    59.166666666667));
#5219 = CARTESIAN_POINT('',(17.607350733304,2.337505159825,
    63.055555555555));
#5220 = CARTESIAN_POINT('',(16.101160442546,2.550160159057,65.));
#5221 = CARTESIAN_POINT('',(26.7623820896,-43.34833665981,-5.));
#5222 = CARTESIAN_POINT('',(27.619971619095,-41.48595568154,
    -3.055555555556));
#5223 = CARTESIAN_POINT('',(29.0474771195,-37.73676788984,0.833333333333
    ));
#5224 = CARTESIAN_POINT('',(30.344845673717,-32.15581244516,
    6.666666666667));
#5225 = CARTESIAN_POINT('',(30.831932125204,-26.72887119504,12.5));
#5226 = CARTESIAN_POINT('',(30.555998795991,-21.56049251607,
    18.333333333333));
#5227 = CARTESIAN_POINT('',(29.576934336198,-16.74697742371,
    24.166666666667));
#5228 = CARTESIAN_POINT('',(27.966045803901,-12.37491607322,30.));
#5229 = CARTESIAN_POINT('',(25.804678426748,-8.519883613628,
    35.833333333333));
#5230 = CARTESIAN_POINT('',(23.182675489913,-5.245386319722,
    41.666666666667));
#5231 = CARTESIAN_POINT('',(20.196798200995,-2.60188300138,47.5));
#5232 = CARTESIAN_POINT('',(16.948981614919,-0.626054341962,
    53.333333333333));
#5233 = CARTESIAN_POINT('',(13.544519494974,0.659701948077,
    59.166666666667));
#5234 = CARTESIAN_POINT('',(11.241637024298,1.051600059637,
    63.055555555555));
#5235 = CARTESIAN_POINT('',(10.099617310628,1.132357868189,65.));
#5236 = DEFINITIONAL_REPRESENTATION('',(#5237),#5243);
#5237 = B_SPLINE_CURVE_WITH_KNOTS('',4,(#5238,#5239,#5240,#5241,#5242),
  .UNSPECIFIED.,.F.,.F.,(5,5),(0.,1.),.PIECEWISE_BEZIER_KNOTS.);
#5238 = CARTESIAN_POINT('',(2.883976513004,1.E-01));
#5239 = CARTESIAN_POINT('',(2.662982384753,1.E-01));
#5240 = CARTESIAN_POINT('',(2.441988256502,1.E-01));
#5241 = CARTESIAN_POINT('',(2.220994128251,1.E-01));
#5242 = CARTESIAN_POINT('',(2.,1.E-01));
#5243 = ( GEOMETRIC_REPRESENTATION_CONTEXT(2) 
PARAMETRIC_REPRESENTATION_CONTEXT() REPRESENTATION_CONTEXT('2D SPACE',''
  ) );
#5244 = ADVANCED_FACE('',(#5245,#6044),#3759,.T.);
#5245 = FACE_BOUND('',#5246,.T.);
#5246 = EDGE_LOOP('',(#5247,#5277,#5306,#5335,#5364,#5388,#5417,#5446,
    #5475,#5499,#5528,#5557,#5586,#5614,#5643,#5672,#5701,#5729,#5758,
    #5787,#5816,#5844,#5873,#5902,#5931,#5959,#5988,#6017));
#5247 = ORIENTED_EDGE('',*,*,#5248,.F.);
#5248 = EDGE_CURVE('',#5249,#5251,#5253,.T.);
#5249 = VERTEX_POINT('',#5250);
#5250 = CARTESIAN_POINT('',(8.592258077041,12.295247095424,60.));
#5251 = VERTEX_POINT('',#5252);
#5252 = CARTESIAN_POINT('',(14.58442712171,3.506349316813,60.));
#5253 = SURFACE_CURVE('',#5254,(#5259,#5270),.PCURVE_S1.);
#5254 = CIRCLE('',#5255,15.);
#5255 = AXIS2_PLACEMENT_3D('',#5256,#5257,#5258);
#5256 = CARTESIAN_POINT('',(0.,0.,60.));
#5257 = DIRECTION('',(0.,0.,-1.));
#5258 = DIRECTION('',(0.572817205136,0.819683139695,0.));
#5259 = PCURVE('',#3759,#5260);
#5260 = DEFINITIONAL_REPRESENTATION('',(#5261),#5269);
#5261 = ( BOUNDED_CURVE() B_SPLINE_CURVE(2,(#5262,#5263,#5264,#5265,
#5266,#5267,#5268),.UNSPECIFIED.,.T.,.F.) B_SPLINE_CURVE_WITH_KNOTS((1,2
    ,2,2,2,1),(-2.094395102393,0.,2.094395102393,4.188790204786,
6.28318530718,8.377580409573),.UNSPECIFIED.) CURVE() 
GEOMETRIC_REPRESENTATION_ITEM() RATIONAL_B_SPLINE_CURVE((1.,0.5,1.,0.5,
1.,0.5,1.)) REPRESENTATION_ITEM('') );
#5262 = CARTESIAN_POINT('',(8.592258077041,12.295247095424));
#5263 = CARTESIAN_POINT('',(29.888250737928,-2.586980445755));
#5264 = CARTESIAN_POINT('',(6.351867291923,-13.5887373183));
#5265 = CARTESIAN_POINT('',(-17.18451615408,-24.59049419084));
#5266 = CARTESIAN_POINT('',(-14.94412536896,1.293490222877));
#5267 = CARTESIAN_POINT('',(-12.70373458384,27.177474636602));
#5268 = CARTESIAN_POINT('',(8.592258077041,12.295247095424));
#5269 = ( GEOMETRIC_REPRESENTATION_CONTEXT(2) 
PARAMETRIC_REPRESENTATION_CONTEXT() REPRESENTATION_CONTEXT('2D SPACE',''
  ) );
#5270 = PCURVE('',#5055,#5271);
#5271 = DEFINITIONAL_REPRESENTATION('',(#5272),#5276);
#5272 = LINE('',#5273,#5274);
#5273 = CARTESIAN_POINT('',(-7.244042945521,-60.));
#5274 = VECTOR('',#5275,1.);
#5275 = DIRECTION('',(1.,-0.));
#5276 = ( GEOMETRIC_REPRESENTATION_CONTEXT(2) 
PARAMETRIC_REPRESENTATION_CONTEXT() REPRESENTATION_CONTEXT('2D SPACE',''
  ) );
#5277 = ORIENTED_EDGE('',*,*,#5278,.T.);
#5278 = EDGE_CURVE('',#5249,#5279,#5281,.T.);
#5279 = VERTEX_POINT('',#5280);
#5280 = CARTESIAN_POINT('',(11.146588162997,16.658525091133,60.));
#5281 = SURFACE_CURVE('',#5282,(#5288,#5297),.PCURVE_S1.);
#5282 = B_SPLINE_CURVE_WITH_KNOTS('',4,(#5283,#5284,#5285,#5286,#5287),
  .UNSPECIFIED.,.F.,.F.,(5,5),(0.,1.),.PIECEWISE_BEZIER_KNOTS.);
#5283 = CARTESIAN_POINT('',(7.610046633281,10.61744452666,60.));
#5284 = CARTESIAN_POINT('',(8.49418201571,12.127714667778,60.));
#5285 = CARTESIAN_POINT('',(9.378317398139,13.637984808896,60.));
#5286 = CARTESIAN_POINT('',(10.262452780568,15.148254950014,60.));
#5287 = CARTESIAN_POINT('',(11.146588162997,16.658525091133,60.));
#5288 = PCURVE('',#3759,#5289);
#5289 = DEFINITIONAL_REPRESENTATION('',(#5290),#5296);
#5290 = B_SPLINE_CURVE_WITH_KNOTS('',4,(#5291,#5292,#5293,#5294,#5295),
  .UNSPECIFIED.,.F.,.F.,(5,5),(0.,1.),.PIECEWISE_BEZIER_KNOTS.);
#5291 = CARTESIAN_POINT('',(7.610046633281,10.61744452666));
#5292 = CARTESIAN_POINT('',(8.49418201571,12.127714667778));
#5293 = CARTESIAN_POINT('',(9.378317398139,13.637984808896));
#5294 = CARTESIAN_POINT('',(10.262452780568,15.148254950014));
#5295 = CARTESIAN_POINT('',(11.146588162997,16.658525091133));
#5296 = ( GEOMETRIC_REPRESENTATION_CONTEXT(2) 
PARAMETRIC_REPRESENTATION_CONTEXT() REPRESENTATION_CONTEXT('2D SPACE',''
  ) );
#5297 = PCURVE('',#4998,#5298);
#5298 = DEFINITIONAL_REPRESENTATION('',(#5299),#5305);
#5299 = B_SPLINE_CURVE_WITH_KNOTS('',4,(#5300,#5301,#5302,#5303,#5304),
  .UNSPECIFIED.,.F.,.F.,(5,5),(0.,1.),.PIECEWISE_BEZIER_KNOTS.);
#5300 = CARTESIAN_POINT('',(3.,0.928571428571));
#5301 = CARTESIAN_POINT('',(2.75,0.928571428571));
#5302 = CARTESIAN_POINT('',(2.5,0.928571428571));
#5303 = CARTESIAN_POINT('',(2.25,0.928571428571));
#5304 = CARTESIAN_POINT('',(2.,0.928571428571));
#5305 = ( GEOMETRIC_REPRESENTATION_CONTEXT(2) 
PARAMETRIC_REPRESENTATION_CONTEXT() REPRESENTATION_CONTEXT('2D SPACE',''
  ) );
#5306 = ORIENTED_EDGE('',*,*,#5307,.T.);
#5307 = EDGE_CURVE('',#5279,#5308,#5310,.T.);
#5308 = VERTEX_POINT('',#5309);
#5309 = CARTESIAN_POINT('',(8.853411837003,17.982491060245,60.));
#5310 = SURFACE_CURVE('',#5311,(#5317,#5326),.PCURVE_S1.);
#5311 = B_SPLINE_CURVE_WITH_KNOTS('',4,(#5312,#5313,#5314,#5315,#5316),
  .UNSPECIFIED.,.F.,.F.,(5,5),(0.,1.),.PIECEWISE_BEZIER_KNOTS.);
#5312 = CARTESIAN_POINT('',(11.146588162997,16.658525091133,60.));
#5313 = CARTESIAN_POINT('',(10.573294081499,16.989516583411,60.));
#5314 = CARTESIAN_POINT('',(10.,17.320508075689,60.));
#5315 = CARTESIAN_POINT('',(9.426705918501,17.651499567967,60.));
#5316 = CARTESIAN_POINT('',(8.853411837003,17.982491060245,60.));
#5317 = PCURVE('',#3759,#5318);
#5318 = DEFINITIONAL_REPRESENTATION('',(#5319),#5325);
#5319 = B_SPLINE_CURVE_WITH_KNOTS('',4,(#5320,#5321,#5322,#5323,#5324),
  .UNSPECIFIED.,.F.,.F.,(5,5),(0.,1.),.PIECEWISE_BEZIER_KNOTS.);
#5320 = CARTESIAN_POINT('',(11.146588162997,16.658525091133));
#5321 = CARTESIAN_POINT('',(10.573294081499,16.989516583411));
#5322 = CARTESIAN_POINT('',(10.,17.320508075689));
#5323 = CARTESIAN_POINT('',(9.426705918501,17.651499567967));
#5324 = CARTESIAN_POINT('',(8.853411837003,17.982491060245));
#5325 = ( GEOMETRIC_REPRESENTATION_CONTEXT(2) 
PARAMETRIC_REPRESENTATION_CONTEXT() REPRESENTATION_CONTEXT('2D SPACE',''
  ) );
#5326 = PCURVE('',#4938,#5327);
#5327 = DEFINITIONAL_REPRESENTATION('',(#5328),#5334);
#5328 = B_SPLINE_CURVE_WITH_KNOTS('',4,(#5329,#5330,#5331,#5332,#5333),
  .UNSPECIFIED.,.F.,.F.,(5,5),(0.,1.),.PIECEWISE_BEZIER_KNOTS.);
#5329 = CARTESIAN_POINT('',(2.,0.928571428571));
#5330 = CARTESIAN_POINT('',(1.75,0.928571428571));
#5331 = CARTESIAN_POINT('',(1.5,0.928571428571));
#5332 = CARTESIAN_POINT('',(1.25,0.928571428571));
#5333 = CARTESIAN_POINT('',(1.,0.928571428571));
#5334 = ( GEOMETRIC_REPRESENTATION_CONTEXT(2) 
PARAMETRIC_REPRESENTATION_CONTEXT() REPRESENTATION_CONTEXT('2D SPACE',''
  ) );
#5335 = ORIENTED_EDGE('',*,*,#5336,.T.);
#5336 = EDGE_CURVE('',#5308,#5337,#5339,.T.);
#5337 = VERTEX_POINT('',#5338);
#5338 = CARTESIAN_POINT('',(6.351867291923,13.588737318301,60.));
#5339 = SURFACE_CURVE('',#5340,(#5346,#5355),.PCURVE_S1.);
#5340 = B_SPLINE_CURVE_WITH_KNOTS('',4,(#5341,#5342,#5343,#5344,#5345),
  .UNSPECIFIED.,.F.,.F.,(5,5),(0.,1.),.PIECEWISE_BEZIER_KNOTS.);
#5341 = CARTESIAN_POINT('',(8.853411837003,17.982491060245,60.));
#5342 = CARTESIAN_POINT('',(7.987547219432,16.461672288118,60.));
#5343 = CARTESIAN_POINT('',(7.121682601861,14.94085351599,60.));
#5344 = CARTESIAN_POINT('',(6.25581798429,13.420034743863,60.));
#5345 = CARTESIAN_POINT('',(5.389953366719,11.899215971736,60.));
#5346 = PCURVE('',#3759,#5347);
#5347 = DEFINITIONAL_REPRESENTATION('',(#5348),#5354);
#5348 = B_SPLINE_CURVE_WITH_KNOTS('',4,(#5349,#5350,#5351,#5352,#5353),
  .UNSPECIFIED.,.F.,.F.,(5,5),(0.,1.),.PIECEWISE_BEZIER_KNOTS.);
#5349 = CARTESIAN_POINT('',(8.853411837003,17.982491060245));
#5350 = CARTESIAN_POINT('',(7.987547219432,16.461672288118));
#5351 = CARTESIAN_POINT('',(7.121682601861,14.94085351599));
#5352 = CARTESIAN_POINT('',(6.25581798429,13.420034743863));
#5353 = CARTESIAN_POINT('',(5.389953366719,11.899215971736));
#5354 = ( GEOMETRIC_REPRESENTATION_CONTEXT(2) 
PARAMETRIC_REPRESENTATION_CONTEXT() REPRESENTATION_CONTEXT('2D SPACE',''
  ) );
#5355 = PCURVE('',#4878,#5356);
#5356 = DEFINITIONAL_REPRESENTATION('',(#5357),#5363);
#5357 = B_SPLINE_CURVE_WITH_KNOTS('',4,(#5358,#5359,#5360,#5361,#5362),
  .UNSPECIFIED.,.F.,.F.,(5,5),(0.,1.),.PIECEWISE_BEZIER_KNOTS.);
#5358 = CARTESIAN_POINT('',(1.,0.928571428571));
#5359 = CARTESIAN_POINT('',(0.75,0.928571428571));
#5360 = CARTESIAN_POINT('',(0.5,0.928571428571));
#5361 = CARTESIAN_POINT('',(0.25,0.928571428571));
#5362 = CARTESIAN_POINT('',(0.,0.928571428571));
#5363 = ( GEOMETRIC_REPRESENTATION_CONTEXT(2) 
PARAMETRIC_REPRESENTATION_CONTEXT() REPRESENTATION_CONTEXT('2D SPACE',''
  ) );
#5364 = ORIENTED_EDGE('',*,*,#5365,.T.);
#5365 = EDGE_CURVE('',#5337,#5366,#5368,.T.);
#5366 = VERTEX_POINT('',#5367);
#5367 = CARTESIAN_POINT('',(-4.255625977953,14.383659045451,60.));
#5368 = SURFACE_CURVE('',#5369,(#5374,#5381),.PCURVE_S1.);
#5369 = CIRCLE('',#5370,15.);
#5370 = AXIS2_PLACEMENT_3D('',#5371,#5372,#5373);
#5371 = CARTESIAN_POINT('',(0.,0.,60.));
#5372 = DIRECTION('',(0.,0.,1.));
#5373 = DIRECTION('',(1.,0.,0.));
#5374 = PCURVE('',#3759,#5375);
#5375 = DEFINITIONAL_REPRESENTATION('',(#5376),#5380);
#5376 = CIRCLE('',#5377,15.);
#5377 = AXIS2_PLACEMENT_2D('',#5378,#5379);
#5378 = CARTESIAN_POINT('',(0.,0.));
#5379 = DIRECTION('',(1.,0.));
#5380 = ( GEOMETRIC_REPRESENTATION_CONTEXT(2) 
PARAMETRIC_REPRESENTATION_CONTEXT() REPRESENTATION_CONTEXT('2D SPACE',''
  ) );
#5381 = PCURVE('',#4846,#5382);
#5382 = DEFINITIONAL_REPRESENTATION('',(#5383),#5387);
#5383 = LINE('',#5384,#5385);
#5384 = CARTESIAN_POINT('',(-0.,-60.));
#5385 = VECTOR('',#5386,1.);
#5386 = DIRECTION('',(-1.,-0.));
#5387 = ( GEOMETRIC_REPRESENTATION_CONTEXT(2) 
PARAMETRIC_REPRESENTATION_CONTEXT() REPRESENTATION_CONTEXT('2D SPACE',''
  ) );
#5388 = ORIENTED_EDGE('',*,*,#5389,.T.);
#5389 = EDGE_CURVE('',#5366,#5390,#5392,.T.);
#5390 = VERTEX_POINT('',#5391);
#5391 = CARTESIAN_POINT('',(-6.074375322583,19.101174056266,60.));
#5392 = SURFACE_CURVE('',#5393,(#5399,#5408),.PCURVE_S1.);
#5393 = B_SPLINE_CURVE_WITH_KNOTS('',4,(#5394,#5395,#5396,#5397,#5398),
  .UNSPECIFIED.,.F.,.F.,(5,5),(0.,1.),.PIECEWISE_BEZIER_KNOTS.);
#5394 = CARTESIAN_POINT('',(-3.55626592678,12.569642425122,60.));
#5395 = CARTESIAN_POINT('',(-4.185793275731,14.202525332908,60.));
#5396 = CARTESIAN_POINT('',(-4.815320624682,15.835408240694,60.));
#5397 = CARTESIAN_POINT('',(-5.444847973632,17.46829114848,60.));
#5398 = CARTESIAN_POINT('',(-6.074375322583,19.101174056266,60.));
#5399 = PCURVE('',#3759,#5400);
#5400 = DEFINITIONAL_REPRESENTATION('',(#5401),#5407);
#5401 = B_SPLINE_CURVE_WITH_KNOTS('',4,(#5402,#5403,#5404,#5405,#5406),
  .UNSPECIFIED.,.F.,.F.,(5,5),(0.,1.),.PIECEWISE_BEZIER_KNOTS.);
#5402 = CARTESIAN_POINT('',(-3.55626592678,12.569642425122));
#5403 = CARTESIAN_POINT('',(-4.185793275731,14.202525332908));
#5404 = CARTESIAN_POINT('',(-4.815320624682,15.835408240694));
#5405 = CARTESIAN_POINT('',(-5.444847973632,17.46829114848));
#5406 = CARTESIAN_POINT('',(-6.074375322583,19.101174056266));
#5407 = ( GEOMETRIC_REPRESENTATION_CONTEXT(2) 
PARAMETRIC_REPRESENTATION_CONTEXT() REPRESENTATION_CONTEXT('2D SPACE',''
  ) );
#5408 = PCURVE('',#4789,#5409);
#5409 = DEFINITIONAL_REPRESENTATION('',(#5410),#5416);
#5410 = B_SPLINE_CURVE_WITH_KNOTS('',4,(#5411,#5412,#5413,#5414,#5415),
  .UNSPECIFIED.,.F.,.F.,(5,5),(0.,1.),.PIECEWISE_BEZIER_KNOTS.);
#5411 = CARTESIAN_POINT('',(3.,0.928571428571));
#5412 = CARTESIAN_POINT('',(2.75,0.928571428571));
#5413 = CARTESIAN_POINT('',(2.5,0.928571428571));
#5414 = CARTESIAN_POINT('',(2.25,0.928571428571));
#5415 = CARTESIAN_POINT('',(2.,0.928571428571));
#5416 = ( GEOMETRIC_REPRESENTATION_CONTEXT(2) 
PARAMETRIC_REPRESENTATION_CONTEXT() REPRESENTATION_CONTEXT('2D SPACE',''
  ) );
#5417 = ORIENTED_EDGE('',*,*,#5418,.T.);
#5418 = EDGE_CURVE('',#5390,#5419,#5421,.T.);
#5419 = VERTEX_POINT('',#5420);
#5420 = CARTESIAN_POINT('',(-8.539265652073,18.133775889502,60.));
#5421 = SURFACE_CURVE('',#5422,(#5428,#5437),.PCURVE_S1.);
#5422 = B_SPLINE_CURVE_WITH_KNOTS('',4,(#5423,#5424,#5425,#5426,#5427),
  .UNSPECIFIED.,.F.,.F.,(5,5),(0.,1.),.PIECEWISE_BEZIER_KNOTS.);
#5423 = CARTESIAN_POINT('',(-6.074375322583,19.101174056266,60.));
#5424 = CARTESIAN_POINT('',(-6.690597904956,18.859324514575,60.));
#5425 = CARTESIAN_POINT('',(-7.306820487328,18.617474972884,60.));
#5426 = CARTESIAN_POINT('',(-7.9230430697,18.375625431193,60.));
#5427 = CARTESIAN_POINT('',(-8.539265652073,18.133775889502,60.));
#5428 = PCURVE('',#3759,#5429);
#5429 = DEFINITIONAL_REPRESENTATION('',(#5430),#5436);
#5430 = B_SPLINE_CURVE_WITH_KNOTS('',4,(#5431,#5432,#5433,#5434,#5435),
  .UNSPECIFIED.,.F.,.F.,(5,5),(0.,1.),.PIECEWISE_BEZIER_KNOTS.);
#5431 = CARTESIAN_POINT('',(-6.074375322583,19.101174056266));
#5432 = CARTESIAN_POINT('',(-6.690597904956,18.859324514575));
#5433 = CARTESIAN_POINT('',(-7.306820487328,18.617474972884));
#5434 = CARTESIAN_POINT('',(-7.9230430697,18.375625431193));
#5435 = CARTESIAN_POINT('',(-8.539265652073,18.133775889502));
#5436 = ( GEOMETRIC_REPRESENTATION_CONTEXT(2) 
PARAMETRIC_REPRESENTATION_CONTEXT() REPRESENTATION_CONTEXT('2D SPACE',''
  ) );
#5437 = PCURVE('',#4729,#5438);
#5438 = DEFINITIONAL_REPRESENTATION('',(#5439),#5445);
#5439 = B_SPLINE_CURVE_WITH_KNOTS('',4,(#5440,#5441,#5442,#5443,#5444),
  .UNSPECIFIED.,.F.,.F.,(5,5),(0.,1.),.PIECEWISE_BEZIER_KNOTS.);
#5440 = CARTESIAN_POINT('',(2.,0.928571428571));
#5441 = CARTESIAN_POINT('',(1.75,0.928571428571));
#5442 = CARTESIAN_POINT('',(1.5,0.928571428571));
#5443 = CARTESIAN_POINT('',(1.25,0.928571428571));
#5444 = CARTESIAN_POINT('',(1.,0.928571428571));
#5445 = ( GEOMETRIC_REPRESENTATION_CONTEXT(2) 
PARAMETRIC_REPRESENTATION_CONTEXT() REPRESENTATION_CONTEXT('2D SPACE',''
  ) );
#5446 = ORIENTED_EDGE('',*,*,#5447,.T.);
#5447 = EDGE_CURVE('',#5419,#5448,#5450,.T.);
#5448 = VERTEX_POINT('',#5449);
#5449 = CARTESIAN_POINT('',(-6.663778163162,13.438528959383,60.));
#5450 = SURFACE_CURVE('',#5451,(#5457,#5466),.PCURVE_S1.);
#5451 = B_SPLINE_CURVE_WITH_KNOTS('',4,(#5452,#5453,#5454,#5455,#5456),
  .UNSPECIFIED.,.F.,.F.,(5,5),(0.,1.),.PIECEWISE_BEZIER_KNOTS.);
#5452 = CARTESIAN_POINT('',(-8.539265652073,18.133775889502,60.));
#5453 = CARTESIAN_POINT('',(-7.890099415741,16.508600677034,60.));
#5454 = CARTESIAN_POINT('',(-7.240933179409,14.883425464565,60.));
#5455 = CARTESIAN_POINT('',(-6.591766943078,13.258250252096,60.));
#5456 = CARTESIAN_POINT('',(-5.942600706746,11.633075039627,60.));
#5457 = PCURVE('',#3759,#5458);
#5458 = DEFINITIONAL_REPRESENTATION('',(#5459),#5465);
#5459 = B_SPLINE_CURVE_WITH_KNOTS('',4,(#5460,#5461,#5462,#5463,#5464),
  .UNSPECIFIED.,.F.,.F.,(5,5),(0.,1.),.PIECEWISE_BEZIER_KNOTS.);
#5460 = CARTESIAN_POINT('',(-8.539265652073,18.133775889502));
#5461 = CARTESIAN_POINT('',(-7.890099415741,16.508600677034));
#5462 = CARTESIAN_POINT('',(-7.240933179409,14.883425464565));
#5463 = CARTESIAN_POINT('',(-6.591766943078,13.258250252096));
#5464 = CARTESIAN_POINT('',(-5.942600706746,11.633075039627));
#5465 = ( GEOMETRIC_REPRESENTATION_CONTEXT(2) 
PARAMETRIC_REPRESENTATION_CONTEXT() REPRESENTATION_CONTEXT('2D SPACE',''
  ) );
#5466 = PCURVE('',#4669,#5467);
#5467 = DEFINITIONAL_REPRESENTATION('',(#5468),#5474);
#5468 = B_SPLINE_CURVE_WITH_KNOTS('',4,(#5469,#5470,#5471,#5472,#5473),
  .UNSPECIFIED.,.F.,.F.,(5,5),(0.,1.),.PIECEWISE_BEZIER_KNOTS.);
#5469 = CARTESIAN_POINT('',(1.,0.928571428571));
#5470 = CARTESIAN_POINT('',(0.75,0.928571428571));
#5471 = CARTESIAN_POINT('',(0.5,0.928571428571));
#5472 = CARTESIAN_POINT('',(0.25,0.928571428571));
#5473 = CARTESIAN_POINT('',(0.,0.928571428571));
#5474 = ( GEOMETRIC_REPRESENTATION_CONTEXT(2) 
PARAMETRIC_REPRESENTATION_CONTEXT() REPRESENTATION_CONTEXT('2D SPACE',''
  ) );
#5475 = ORIENTED_EDGE('',*,*,#5476,.T.);
#5476 = EDGE_CURVE('',#5448,#5477,#5479,.T.);
#5477 = VERTEX_POINT('',#5478);
#5478 = CARTESIAN_POINT('',(-13.89893687259,5.640882361079,60.));
#5479 = SURFACE_CURVE('',#5480,(#5485,#5492),.PCURVE_S1.);
#5480 = CIRCLE('',#5481,15.);
#5481 = AXIS2_PLACEMENT_3D('',#5482,#5483,#5484);
#5482 = CARTESIAN_POINT('',(0.,0.,60.));
#5483 = DIRECTION('',(0.,0.,1.));
#5484 = DIRECTION('',(1.,0.,0.));
#5485 = PCURVE('',#3759,#5486);
#5486 = DEFINITIONAL_REPRESENTATION('',(#5487),#5491);
#5487 = CIRCLE('',#5488,15.);
#5488 = AXIS2_PLACEMENT_2D('',#5489,#5490);
#5489 = CARTESIAN_POINT('',(0.,0.));
#5490 = DIRECTION('',(1.,0.));
#5491 = ( GEOMETRIC_REPRESENTATION_CONTEXT(2) 
PARAMETRIC_REPRESENTATION_CONTEXT() REPRESENTATION_CONTEXT('2D SPACE',''
  ) );
#5492 = PCURVE('',#4637,#5493);
#5493 = DEFINITIONAL_REPRESENTATION('',(#5494),#5498);
#5494 = LINE('',#5495,#5496);
#5495 = CARTESIAN_POINT('',(-0.,-60.));
#5496 = VECTOR('',#5497,1.);
#5497 = DIRECTION('',(-1.,-0.));
#5498 = ( GEOMETRIC_REPRESENTATION_CONTEXT(2) 
PARAMETRIC_REPRESENTATION_CONTEXT() REPRESENTATION_CONTEXT('2D SPACE',''
  ) );
#5499 = ORIENTED_EDGE('',*,*,#5500,.T.);
#5500 = EDGE_CURVE('',#5477,#5501,#5503,.T.);
#5501 = VERTEX_POINT('',#5502);
#5502 = CARTESIAN_POINT('',(-18.72121029558,7.160249364088,60.));
#5503 = SURFACE_CURVE('',#5504,(#5510,#5519),.PCURVE_S1.);
#5504 = B_SPLINE_CURVE_WITH_KNOTS('',4,(#5505,#5506,#5507,#5508,#5509),
  .UNSPECIFIED.,.F.,.F.,(5,5),(0.,1.),.PIECEWISE_BEZIER_KNOTS.);
#5505 = CARTESIAN_POINT('',(-12.04463770937,5.05664320349,60.));
#5506 = CARTESIAN_POINT('',(-13.71378085592,5.582544743639,60.));
#5507 = CARTESIAN_POINT('',(-15.38292400247,6.108446283789,60.));
#5508 = CARTESIAN_POINT('',(-17.05206714903,6.634347823938,60.));
#5509 = CARTESIAN_POINT('',(-18.72121029558,7.160249364088,60.));
#5510 = PCURVE('',#3759,#5511);
#5511 = DEFINITIONAL_REPRESENTATION('',(#5512),#5518);
#5512 = B_SPLINE_CURVE_WITH_KNOTS('',4,(#5513,#5514,#5515,#5516,#5517),
  .UNSPECIFIED.,.F.,.F.,(5,5),(0.,1.),.PIECEWISE_BEZIER_KNOTS.);
#5513 = CARTESIAN_POINT('',(-12.04463770937,5.05664320349));
#5514 = CARTESIAN_POINT('',(-13.71378085592,5.582544743639));
#5515 = CARTESIAN_POINT('',(-15.38292400247,6.108446283789));
#5516 = CARTESIAN_POINT('',(-17.05206714903,6.634347823938));
#5517 = CARTESIAN_POINT('',(-18.72121029558,7.160249364088));
#5518 = ( GEOMETRIC_REPRESENTATION_CONTEXT(2) 
PARAMETRIC_REPRESENTATION_CONTEXT() REPRESENTATION_CONTEXT('2D SPACE',''
  ) );
#5519 = PCURVE('',#4580,#5520);
#5520 = DEFINITIONAL_REPRESENTATION('',(#5521),#5527);
#5521 = B_SPLINE_CURVE_WITH_KNOTS('',4,(#5522,#5523,#5524,#5525,#5526),
  .UNSPECIFIED.,.F.,.F.,(5,5),(0.,1.),.PIECEWISE_BEZIER_KNOTS.);
#5522 = CARTESIAN_POINT('',(3.,0.928571428571));
#5523 = CARTESIAN_POINT('',(2.75,0.928571428571));
#5524 = CARTESIAN_POINT('',(2.5,0.928571428571));
#5525 = CARTESIAN_POINT('',(2.25,0.928571428571));
#5526 = CARTESIAN_POINT('',(2.,0.928571428571));
#5527 = ( GEOMETRIC_REPRESENTATION_CONTEXT(2) 
PARAMETRIC_REPRESENTATION_CONTEXT() REPRESENTATION_CONTEXT('2D SPACE',''
  ) );
#5528 = ORIENTED_EDGE('',*,*,#5529,.T.);
#5529 = EDGE_CURVE('',#5501,#5530,#5532,.T.);
#5530 = VERTEX_POINT('',#5531);
#5531 = CARTESIAN_POINT('',(-19.50170193586,4.629957612348,60.));
#5532 = SURFACE_CURVE('',#5533,(#5539,#5548),.PCURVE_S1.);
#5533 = B_SPLINE_CURVE_WITH_KNOTS('',4,(#5534,#5535,#5536,#5537,#5538),
  .UNSPECIFIED.,.F.,.F.,(5,5),(0.,1.),.PIECEWISE_BEZIER_KNOTS.);
#5534 = CARTESIAN_POINT('',(-18.72121029558,7.160249364088,60.));
#5535 = CARTESIAN_POINT('',(-18.91633320565,6.527676426153,60.));
#5536 = CARTESIAN_POINT('',(-19.11145611572,5.895103488218,60.));
#5537 = CARTESIAN_POINT('',(-19.30657902579,5.262530550283,60.));
#5538 = CARTESIAN_POINT('',(-19.50170193586,4.629957612348,60.));
#5539 = PCURVE('',#3759,#5540);
#5540 = DEFINITIONAL_REPRESENTATION('',(#5541),#5547);
#5541 = B_SPLINE_CURVE_WITH_KNOTS('',4,(#5542,#5543,#5544,#5545,#5546),
  .UNSPECIFIED.,.F.,.F.,(5,5),(0.,1.),.PIECEWISE_BEZIER_KNOTS.);
#5542 = CARTESIAN_POINT('',(-18.72121029558,7.160249364088));
#5543 = CARTESIAN_POINT('',(-18.91633320565,6.527676426153));
#5544 = CARTESIAN_POINT('',(-19.11145611572,5.895103488218));
#5545 = CARTESIAN_POINT('',(-19.30657902579,5.262530550283));
#5546 = CARTESIAN_POINT('',(-19.50170193586,4.629957612348));
#5547 = ( GEOMETRIC_REPRESENTATION_CONTEXT(2) 
PARAMETRIC_REPRESENTATION_CONTEXT() REPRESENTATION_CONTEXT('2D SPACE',''
  ) );
#5548 = PCURVE('',#4520,#5549);
#5549 = DEFINITIONAL_REPRESENTATION('',(#5550),#5556);
#5550 = B_SPLINE_CURVE_WITH_KNOTS('',4,(#5551,#5552,#5553,#5554,#5555),
  .UNSPECIFIED.,.F.,.F.,(5,5),(0.,1.),.PIECEWISE_BEZIER_KNOTS.);
#5551 = CARTESIAN_POINT('',(2.,0.928571428571));
#5552 = CARTESIAN_POINT('',(1.75,0.928571428571));
#5553 = CARTESIAN_POINT('',(1.5,0.928571428571));
#5554 = CARTESIAN_POINT('',(1.25,0.928571428571));
#5555 = CARTESIAN_POINT('',(1.,0.928571428571));
#5556 = ( GEOMETRIC_REPRESENTATION_CONTEXT(2) 
PARAMETRIC_REPRESENTATION_CONTEXT() REPRESENTATION_CONTEXT('2D SPACE',''
  ) );
#5557 = ORIENTED_EDGE('',*,*,#5558,.T.);
#5558 = EDGE_CURVE('',#5530,#5559,#5561,.T.);
#5559 = VERTEX_POINT('',#5560);
#5560 = CARTESIAN_POINT('',(-14.66146274508,3.168834198016,60.));
#5561 = SURFACE_CURVE('',#5562,(#5568,#5577),.PCURVE_S1.);
#5562 = B_SPLINE_CURVE_WITH_KNOTS('',4,(#5563,#5564,#5565,#5566,#5567),
  .UNSPECIFIED.,.F.,.F.,(5,5),(0.,1.),.PIECEWISE_BEZIER_KNOTS.);
#5563 = CARTESIAN_POINT('',(-19.50170193586,4.629957612348,60.));
#5564 = CARTESIAN_POINT('',(-17.82634026216,4.12421604206,60.));
#5565 = CARTESIAN_POINT('',(-16.15097858846,3.618474471771,60.));
#5566 = CARTESIAN_POINT('',(-14.47561691476,3.112732901482,60.));
#5567 = CARTESIAN_POINT('',(-12.80025524106,2.606991331194,60.));
#5568 = PCURVE('',#3759,#5569);
#5569 = DEFINITIONAL_REPRESENTATION('',(#5570),#5576);
#5570 = B_SPLINE_CURVE_WITH_KNOTS('',4,(#5571,#5572,#5573,#5574,#5575),
  .UNSPECIFIED.,.F.,.F.,(5,5),(0.,1.),.PIECEWISE_BEZIER_KNOTS.);
#5571 = CARTESIAN_POINT('',(-19.50170193586,4.629957612348));
#5572 = CARTESIAN_POINT('',(-17.82634026216,4.12421604206));
#5573 = CARTESIAN_POINT('',(-16.15097858846,3.618474471771));
#5574 = CARTESIAN_POINT('',(-14.47561691476,3.112732901482));
#5575 = CARTESIAN_POINT('',(-12.80025524106,2.606991331194));
#5576 = ( GEOMETRIC_REPRESENTATION_CONTEXT(2) 
PARAMETRIC_REPRESENTATION_CONTEXT() REPRESENTATION_CONTEXT('2D SPACE',''
  ) );
#5577 = PCURVE('',#4460,#5578);
#5578 = DEFINITIONAL_REPRESENTATION('',(#5579),#5585);
#5579 = B_SPLINE_CURVE_WITH_KNOTS('',4,(#5580,#5581,#5582,#5583,#5584),
  .UNSPECIFIED.,.F.,.F.,(5,5),(0.,1.),.PIECEWISE_BEZIER_KNOTS.);
#5580 = CARTESIAN_POINT('',(1.,0.928571428571));
#5581 = CARTESIAN_POINT('',(0.75,0.928571428571));
#5582 = CARTESIAN_POINT('',(0.5,0.928571428571));
#5583 = CARTESIAN_POINT('',(0.25,0.928571428571));
#5584 = CARTESIAN_POINT('',(0.,0.928571428571));
#5585 = ( GEOMETRIC_REPRESENTATION_CONTEXT(2) 
PARAMETRIC_REPRESENTATION_CONTEXT() REPRESENTATION_CONTEXT('2D SPACE',''
  ) );
#5586 = ORIENTED_EDGE('',*,*,#5587,.F.);
#5587 = EDGE_CURVE('',#5588,#5559,#5590,.T.);
#5588 = VERTEX_POINT('',#5589);
#5589 = CARTESIAN_POINT('',(-13.07606481553,-7.349593794215,60.));
#5590 = SURFACE_CURVE('',#5591,(#5596,#5607),.PCURVE_S1.);
#5591 = CIRCLE('',#5592,15.);
#5592 = AXIS2_PLACEMENT_3D('',#5593,#5594,#5595);
#5593 = CARTESIAN_POINT('',(0.,0.,60.));
#5594 = DIRECTION('',(0.,0.,-1.));
#5595 = DIRECTION('',(0.572817205136,0.819683139695,0.));
#5596 = PCURVE('',#3759,#5597);
#5597 = DEFINITIONAL_REPRESENTATION('',(#5598),#5606);
#5598 = ( BOUNDED_CURVE() B_SPLINE_CURVE(2,(#5599,#5600,#5601,#5602,
#5603,#5604,#5605),.UNSPECIFIED.,.T.,.F.) B_SPLINE_CURVE_WITH_KNOTS((1,2
    ,2,2,2,1),(-2.094395102393,0.,2.094395102393,4.188790204786,
6.28318530718,8.377580409573),.UNSPECIFIED.) CURVE() 
GEOMETRIC_REPRESENTATION_ITEM() RATIONAL_B_SPLINE_CURVE((1.,0.5,1.,0.5,
1.,0.5,1.)) REPRESENTATION_ITEM('') );
#5599 = CARTESIAN_POINT('',(8.592258077041,12.295247095424));
#5600 = CARTESIAN_POINT('',(29.888250737928,-2.586980445755));
#5601 = CARTESIAN_POINT('',(6.351867291923,-13.5887373183));
#5602 = CARTESIAN_POINT('',(-17.18451615408,-24.59049419084));
#5603 = CARTESIAN_POINT('',(-14.94412536896,1.293490222877));
#5604 = CARTESIAN_POINT('',(-12.70373458384,27.177474636602));
#5605 = CARTESIAN_POINT('',(8.592258077041,12.295247095424));
#5606 = ( GEOMETRIC_REPRESENTATION_CONTEXT(2) 
PARAMETRIC_REPRESENTATION_CONTEXT() REPRESENTATION_CONTEXT('2D SPACE',''
  ) );
#5607 = PCURVE('',#4428,#5608);
#5608 = DEFINITIONAL_REPRESENTATION('',(#5609),#5613);
#5609 = LINE('',#5610,#5611);
#5610 = CARTESIAN_POINT('',(-7.244042945521,-60.));
#5611 = VECTOR('',#5612,1.);
#5612 = DIRECTION('',(1.,-0.));
#5613 = ( GEOMETRIC_REPRESENTATION_CONTEXT(2) 
PARAMETRIC_REPRESENTATION_CONTEXT() REPRESENTATION_CONTEXT('2D SPACE',''
  ) );
#5614 = ORIENTED_EDGE('',*,*,#5615,.T.);
#5615 = EDGE_CURVE('',#5588,#5616,#5618,.T.);
#5616 = VERTEX_POINT('',#5617);
#5617 = CARTESIAN_POINT('',(-17.27059207291,-10.17248914171,60.));
#5618 = SURFACE_CURVE('',#5619,(#5625,#5634),.PCURVE_S1.);
#5619 = B_SPLINE_CURVE_WITH_KNOTS('',4,(#5620,#5621,#5622,#5623,#5624),
  .UNSPECIFIED.,.F.,.F.,(5,5),(0.,1.),.PIECEWISE_BEZIER_KNOTS.);
#5620 = CARTESIAN_POINT('',(-11.46315163097,-6.264111487094,60.));
#5621 = CARTESIAN_POINT('',(-12.91501174145,-7.24120590075,60.));
#5622 = CARTESIAN_POINT('',(-14.36687185194,-8.218300314406,60.));
#5623 = CARTESIAN_POINT('',(-15.81873196242,-9.195394728061,60.));
#5624 = CARTESIAN_POINT('',(-17.27059207291,-10.17248914171,60.));
#5625 = PCURVE('',#3759,#5626);
#5626 = DEFINITIONAL_REPRESENTATION('',(#5627),#5633);
#5627 = B_SPLINE_CURVE_WITH_KNOTS('',4,(#5628,#5629,#5630,#5631,#5632),
  .UNSPECIFIED.,.F.,.F.,(5,5),(0.,1.),.PIECEWISE_BEZIER_KNOTS.);
#5628 = CARTESIAN_POINT('',(-11.46315163097,-6.264111487094));
#5629 = CARTESIAN_POINT('',(-12.91501174145,-7.24120590075));
#5630 = CARTESIAN_POINT('',(-14.36687185194,-8.218300314406));
#5631 = CARTESIAN_POINT('',(-15.81873196242,-9.195394728061));
#5632 = CARTESIAN_POINT('',(-17.27059207291,-10.17248914171));
#5633 = ( GEOMETRIC_REPRESENTATION_CONTEXT(2) 
PARAMETRIC_REPRESENTATION_CONTEXT() REPRESENTATION_CONTEXT('2D SPACE',''
  ) );
#5634 = PCURVE('',#4371,#5635);
#5635 = DEFINITIONAL_REPRESENTATION('',(#5636),#5642);
#5636 = B_SPLINE_CURVE_WITH_KNOTS('',4,(#5637,#5638,#5639,#5640,#5641),
  .UNSPECIFIED.,.F.,.F.,(5,5),(0.,1.),.PIECEWISE_BEZIER_KNOTS.);
#5637 = CARTESIAN_POINT('',(3.,0.928571428571));
#5638 = CARTESIAN_POINT('',(2.75,0.928571428571));
#5639 = CARTESIAN_POINT('',(2.5,0.928571428571));
#5640 = CARTESIAN_POINT('',(2.25,0.928571428571));
#5641 = CARTESIAN_POINT('',(2.,0.928571428571));
#5642 = ( GEOMETRIC_REPRESENTATION_CONTEXT(2) 
PARAMETRIC_REPRESENTATION_CONTEXT() REPRESENTATION_CONTEXT('2D SPACE',''
  ) );
#5643 = ORIENTED_EDGE('',*,*,#5644,.T.);
#5644 = EDGE_CURVE('',#5616,#5645,#5647,.T.);
#5645 = VERTEX_POINT('',#5646);
#5646 = CARTESIAN_POINT('',(-15.77895889972,-12.36031318082,60.));
#5647 = SURFACE_CURVE('',#5648,(#5654,#5663),.PCURVE_S1.);
#5648 = B_SPLINE_CURVE_WITH_KNOTS('',4,(#5649,#5650,#5651,#5652,#5653),
  .UNSPECIFIED.,.F.,.F.,(5,5),(0.,1.),.PIECEWISE_BEZIER_KNOTS.);
#5649 = CARTESIAN_POINT('',(-17.27059207291,-10.17248914171,60.));
#5650 = CARTESIAN_POINT('',(-16.89768377961,-10.71944515149,60.));
#5651 = CARTESIAN_POINT('',(-16.52477548632,-11.26640116127,60.));
#5652 = CARTESIAN_POINT('',(-16.15186719302,-11.81335717105,60.));
#5653 = CARTESIAN_POINT('',(-15.77895889972,-12.36031318082,60.));
#5654 = PCURVE('',#3759,#5655);
#5655 = DEFINITIONAL_REPRESENTATION('',(#5656),#5662);
#5656 = B_SPLINE_CURVE_WITH_KNOTS('',4,(#5657,#5658,#5659,#5660,#5661),
  .UNSPECIFIED.,.F.,.F.,(5,5),(0.,1.),.PIECEWISE_BEZIER_KNOTS.);
#5657 = CARTESIAN_POINT('',(-17.27059207291,-10.17248914171));
#5658 = CARTESIAN_POINT('',(-16.89768377961,-10.71944515149));
#5659 = CARTESIAN_POINT('',(-16.52477548632,-11.26640116127));
#5660 = CARTESIAN_POINT('',(-16.15186719302,-11.81335717105));
#5661 = CARTESIAN_POINT('',(-15.77895889972,-12.36031318082));
#5662 = ( GEOMETRIC_REPRESENTATION_CONTEXT(2) 
PARAMETRIC_REPRESENTATION_CONTEXT() REPRESENTATION_CONTEXT('2D SPACE',''
  ) );
#5663 = PCURVE('',#4311,#5664);
#5664 = DEFINITIONAL_REPRESENTATION('',(#5665),#5671);
#5665 = B_SPLINE_CURVE_WITH_KNOTS('',4,(#5666,#5667,#5668,#5669,#5670),
  .UNSPECIFIED.,.F.,.F.,(5,5),(0.,1.),.PIECEWISE_BEZIER_KNOTS.);
#5666 = CARTESIAN_POINT('',(2.,0.928571428571));
#5667 = CARTESIAN_POINT('',(1.75,0.928571428571));
#5668 = CARTESIAN_POINT('',(1.5,0.928571428571));
#5669 = CARTESIAN_POINT('',(1.25,0.928571428571));
#5670 = CARTESIAN_POINT('',(1.,0.928571428571));
#5671 = ( GEOMETRIC_REPRESENTATION_CONTEXT(2) 
PARAMETRIC_REPRESENTATION_CONTEXT() REPRESENTATION_CONTEXT('2D SPACE',''
  ) );
#5672 = ORIENTED_EDGE('',*,*,#5673,.T.);
#5673 = EDGE_CURVE('',#5645,#5674,#5676,.T.);
#5674 = VERTEX_POINT('',#5675);
#5675 = CARTESIAN_POINT('',(-11.61876684062,-9.487057346895,60.));
#5676 = SURFACE_CURVE('',#5677,(#5683,#5692),.PCURVE_S1.);
#5677 = B_SPLINE_CURVE_WITH_KNOTS('',4,(#5678,#5679,#5680,#5681,#5682),
  .UNSPECIFIED.,.F.,.F.,(5,5),(0.,1.),.PIECEWISE_BEZIER_KNOTS.);
#5678 = CARTESIAN_POINT('',(-15.77895889972,-12.36031318082,60.));
#5679 = CARTESIAN_POINT('',(-14.3389833001,-11.36578739126,60.));
#5680 = CARTESIAN_POINT('',(-12.89900770048,-10.37126160169,60.));
#5681 = CARTESIAN_POINT('',(-11.45903210086,-9.376735812127,60.));
#5682 = CARTESIAN_POINT('',(-10.01905650124,-8.38221002256,60.));
#5683 = PCURVE('',#3759,#5684);
#5684 = DEFINITIONAL_REPRESENTATION('',(#5685),#5691);
#5685 = B_SPLINE_CURVE_WITH_KNOTS('',4,(#5686,#5687,#5688,#5689,#5690),
  .UNSPECIFIED.,.F.,.F.,(5,5),(0.,1.),.PIECEWISE_BEZIER_KNOTS.);
#5686 = CARTESIAN_POINT('',(-15.77895889972,-12.36031318082));
#5687 = CARTESIAN_POINT('',(-14.3389833001,-11.36578739126));
#5688 = CARTESIAN_POINT('',(-12.89900770048,-10.37126160169));
#5689 = CARTESIAN_POINT('',(-11.45903210086,-9.376735812127));
#5690 = CARTESIAN_POINT('',(-10.01905650124,-8.38221002256));
#5691 = ( GEOMETRIC_REPRESENTATION_CONTEXT(2) 
PARAMETRIC_REPRESENTATION_CONTEXT() REPRESENTATION_CONTEXT('2D SPACE',''
  ) );
#5692 = PCURVE('',#4251,#5693);
#5693 = DEFINITIONAL_REPRESENTATION('',(#5694),#5700);
#5694 = B_SPLINE_CURVE_WITH_KNOTS('',4,(#5695,#5696,#5697,#5698,#5699),
  .UNSPECIFIED.,.F.,.F.,(5,5),(0.,1.),.PIECEWISE_BEZIER_KNOTS.);
#5695 = CARTESIAN_POINT('',(1.,0.928571428571));
#5696 = CARTESIAN_POINT('',(0.75,0.928571428571));
#5697 = CARTESIAN_POINT('',(0.5,0.928571428571));
#5698 = CARTESIAN_POINT('',(0.25,0.928571428571));
#5699 = CARTESIAN_POINT('',(0.,0.928571428571));
#5700 = ( GEOMETRIC_REPRESENTATION_CONTEXT(2) 
PARAMETRIC_REPRESENTATION_CONTEXT() REPRESENTATION_CONTEXT('2D SPACE',''
  ) );
#5701 = ORIENTED_EDGE('',*,*,#5702,.F.);
#5702 = EDGE_CURVE('',#5703,#5674,#5705,.T.);
#5703 = VERTEX_POINT('',#5704);
#5704 = CARTESIAN_POINT('',(-2.40664924926,-14.80567591807,60.));
#5705 = SURFACE_CURVE('',#5706,(#5711,#5722),.PCURVE_S1.);
#5706 = CIRCLE('',#5707,15.);
#5707 = AXIS2_PLACEMENT_3D('',#5708,#5709,#5710);
#5708 = CARTESIAN_POINT('',(0.,0.,60.));
#5709 = DIRECTION('',(0.,0.,-1.));
#5710 = DIRECTION('',(0.572817205136,0.819683139695,0.));
#5711 = PCURVE('',#3759,#5712);
#5712 = DEFINITIONAL_REPRESENTATION('',(#5713),#5721);
#5713 = ( BOUNDED_CURVE() B_SPLINE_CURVE(2,(#5714,#5715,#5716,#5717,
#5718,#5719,#5720),.UNSPECIFIED.,.T.,.F.) B_SPLINE_CURVE_WITH_KNOTS((1,2
    ,2,2,2,1),(-2.094395102393,0.,2.094395102393,4.188790204786,
6.28318530718,8.377580409573),.UNSPECIFIED.) CURVE() 
GEOMETRIC_REPRESENTATION_ITEM() RATIONAL_B_SPLINE_CURVE((1.,0.5,1.,0.5,
1.,0.5,1.)) REPRESENTATION_ITEM('') );
#5714 = CARTESIAN_POINT('',(8.592258077041,12.295247095424));
#5715 = CARTESIAN_POINT('',(29.888250737928,-2.586980445755));
#5716 = CARTESIAN_POINT('',(6.351867291923,-13.5887373183));
#5717 = CARTESIAN_POINT('',(-17.18451615408,-24.59049419084));
#5718 = CARTESIAN_POINT('',(-14.94412536896,1.293490222877));
#5719 = CARTESIAN_POINT('',(-12.70373458384,27.177474636602));
#5720 = CARTESIAN_POINT('',(8.592258077041,12.295247095424));
#5721 = ( GEOMETRIC_REPRESENTATION_CONTEXT(2) 
PARAMETRIC_REPRESENTATION_CONTEXT() REPRESENTATION_CONTEXT('2D SPACE',''
  ) );
#5722 = PCURVE('',#4219,#5723);
#5723 = DEFINITIONAL_REPRESENTATION('',(#5724),#5728);
#5724 = LINE('',#5725,#5726);
#5725 = CARTESIAN_POINT('',(-7.244042945521,-60.));
#5726 = VECTOR('',#5727,1.);
#5727 = DIRECTION('',(1.,-0.));
#5728 = ( GEOMETRIC_REPRESENTATION_CONTEXT(2) 
PARAMETRIC_REPRESENTATION_CONTEXT() REPRESENTATION_CONTEXT('2D SPACE',''
  ) );
#5729 = ORIENTED_EDGE('',*,*,#5730,.T.);
#5730 = EDGE_CURVE('',#5703,#5731,#5733,.T.);
#5731 = VERTEX_POINT('',#5732);
#5732 = CARTESIAN_POINT('',(-2.814865763466,-19.84513584284,60.));
#5733 = SURFACE_CURVE('',#5734,(#5740,#5749),.PCURVE_S1.);
#5734 = B_SPLINE_CURVE_WITH_KNOTS('',4,(#5735,#5736,#5737,#5738,#5739),
  .UNSPECIFIED.,.F.,.F.,(5,5),(0.,1.),.PIECEWISE_BEZIER_KNOTS.);
#5735 = CARTESIAN_POINT('',(-2.249678568772,-12.8678624633,60.));
#5736 = CARTESIAN_POINT('',(-2.390975367445,-14.61218080819,60.));
#5737 = CARTESIAN_POINT('',(-2.532272166119,-16.35649915307,60.));
#5738 = CARTESIAN_POINT('',(-2.673568964792,-18.10081749796,60.));
#5739 = CARTESIAN_POINT('',(-2.814865763466,-19.84513584284,60.));
#5740 = PCURVE('',#3759,#5741);
#5741 = DEFINITIONAL_REPRESENTATION('',(#5742),#5748);
#5742 = B_SPLINE_CURVE_WITH_KNOTS('',4,(#5743,#5744,#5745,#5746,#5747),
  .UNSPECIFIED.,.F.,.F.,(5,5),(0.,1.),.PIECEWISE_BEZIER_KNOTS.);
#5743 = CARTESIAN_POINT('',(-2.249678568772,-12.8678624633));
#5744 = CARTESIAN_POINT('',(-2.390975367445,-14.61218080819));
#5745 = CARTESIAN_POINT('',(-2.532272166119,-16.35649915307));
#5746 = CARTESIAN_POINT('',(-2.673568964792,-18.10081749796));
#5747 = CARTESIAN_POINT('',(-2.814865763466,-19.84513584284));
#5748 = ( GEOMETRIC_REPRESENTATION_CONTEXT(2) 
PARAMETRIC_REPRESENTATION_CONTEXT() REPRESENTATION_CONTEXT('2D SPACE',''
  ) );
#5749 = PCURVE('',#4162,#5750);
#5750 = DEFINITIONAL_REPRESENTATION('',(#5751),#5757);
#5751 = B_SPLINE_CURVE_WITH_KNOTS('',4,(#5752,#5753,#5754,#5755,#5756),
  .UNSPECIFIED.,.F.,.F.,(5,5),(0.,1.),.PIECEWISE_BEZIER_KNOTS.);
#5752 = CARTESIAN_POINT('',(3.,0.928571428571));
#5753 = CARTESIAN_POINT('',(2.75,0.928571428571));
#5754 = CARTESIAN_POINT('',(2.5,0.928571428571));
#5755 = CARTESIAN_POINT('',(2.25,0.928571428571));
#5756 = CARTESIAN_POINT('',(2.,0.928571428571));
#5757 = ( GEOMETRIC_REPRESENTATION_CONTEXT(2) 
PARAMETRIC_REPRESENTATION_CONTEXT() REPRESENTATION_CONTEXT('2D SPACE',''
  ) );
#5758 = ORIENTED_EDGE('',*,*,#5759,.T.);
#5759 = EDGE_CURVE('',#5731,#5760,#5762,.T.);
#5760 = VERTEX_POINT('',#5761);
#5761 = CARTESIAN_POINT('',(-0.174337979991,-20.0430160444,60.));
#5762 = SURFACE_CURVE('',#5763,(#5769,#5778),.PCURVE_S1.);
#5763 = B_SPLINE_CURVE_WITH_KNOTS('',4,(#5764,#5765,#5766,#5767,#5768),
  .UNSPECIFIED.,.F.,.F.,(5,5),(0.,1.),.PIECEWISE_BEZIER_KNOTS.);
#5764 = CARTESIAN_POINT('',(-2.814865763466,-19.84513584284,60.));
#5765 = CARTESIAN_POINT('',(-2.154733817597,-19.89460589323,60.));
#5766 = CARTESIAN_POINT('',(-1.494601871728,-19.94407594362,60.));
#5767 = CARTESIAN_POINT('',(-0.83446992586,-19.99354599401,60.));
#5768 = CARTESIAN_POINT('',(-0.174337979991,-20.0430160444,60.));
#5769 = PCURVE('',#3759,#5770);
#5770 = DEFINITIONAL_REPRESENTATION('',(#5771),#5777);
#5771 = B_SPLINE_CURVE_WITH_KNOTS('',4,(#5772,#5773,#5774,#5775,#5776),
  .UNSPECIFIED.,.F.,.F.,(5,5),(0.,1.),.PIECEWISE_BEZIER_KNOTS.);
#5772 = CARTESIAN_POINT('',(-2.814865763466,-19.84513584284));
#5773 = CARTESIAN_POINT('',(-2.154733817597,-19.89460589323));
#5774 = CARTESIAN_POINT('',(-1.494601871728,-19.94407594362));
#5775 = CARTESIAN_POINT('',(-0.83446992586,-19.99354599401));
#5776 = CARTESIAN_POINT('',(-0.174337979991,-20.0430160444));
#5777 = ( GEOMETRIC_REPRESENTATION_CONTEXT(2) 
PARAMETRIC_REPRESENTATION_CONTEXT() REPRESENTATION_CONTEXT('2D SPACE',''
  ) );
#5778 = PCURVE('',#4102,#5779);
#5779 = DEFINITIONAL_REPRESENTATION('',(#5780),#5786);
#5780 = B_SPLINE_CURVE_WITH_KNOTS('',4,(#5781,#5782,#5783,#5784,#5785),
  .UNSPECIFIED.,.F.,.F.,(5,5),(0.,1.),.PIECEWISE_BEZIER_KNOTS.);
#5781 = CARTESIAN_POINT('',(2.,0.928571428571));
#5782 = CARTESIAN_POINT('',(1.75,0.928571428571));
#5783 = CARTESIAN_POINT('',(1.5,0.928571428571));
#5784 = CARTESIAN_POINT('',(1.25,0.928571428571));
#5785 = CARTESIAN_POINT('',(1.,0.928571428571));
#5786 = ( GEOMETRIC_REPRESENTATION_CONTEXT(2) 
PARAMETRIC_REPRESENTATION_CONTEXT() REPRESENTATION_CONTEXT('2D SPACE',''
  ) );
#5787 = ORIENTED_EDGE('',*,*,#5788,.T.);
#5788 = EDGE_CURVE('',#5760,#5789,#5791,.T.);
#5789 = VERTEX_POINT('',#5790);
#5790 = CARTESIAN_POINT('',(0.17309747448,-14.99900120889,60.));
#5791 = SURFACE_CURVE('',#5792,(#5798,#5807),.PCURVE_S1.);
#5792 = B_SPLINE_CURVE_WITH_KNOTS('',4,(#5793,#5794,#5795,#5796,#5797),
  .UNSPECIFIED.,.F.,.F.,(5,5),(0.,1.),.PIECEWISE_BEZIER_KNOTS.);
#5793 = CARTESIAN_POINT('',(-0.174337979991,-20.0430160444,60.));
#5794 = CARTESIAN_POINT('',(-5.407945111231E-02,-18.29712109915,60.));
#5795 = CARTESIAN_POINT('',(6.617907776672E-02,-16.5512261539,60.));
#5796 = CARTESIAN_POINT('',(0.186437606646,-14.80533120865,60.));
#5797 = CARTESIAN_POINT('',(0.306696135525,-13.0594362634,60.));
#5798 = PCURVE('',#3759,#5799);
#5799 = DEFINITIONAL_REPRESENTATION('',(#5800),#5806);
#5800 = B_SPLINE_CURVE_WITH_KNOTS('',4,(#5801,#5802,#5803,#5804,#5805),
  .UNSPECIFIED.,.F.,.F.,(5,5),(0.,1.),.PIECEWISE_BEZIER_KNOTS.);
#5801 = CARTESIAN_POINT('',(-0.174337979991,-20.0430160444));
#5802 = CARTESIAN_POINT('',(-5.407945111231E-02,-18.29712109915));
#5803 = CARTESIAN_POINT('',(6.617907776672E-02,-16.5512261539));
#5804 = CARTESIAN_POINT('',(0.186437606646,-14.80533120865));
#5805 = CARTESIAN_POINT('',(0.306696135525,-13.0594362634));
#5806 = ( GEOMETRIC_REPRESENTATION_CONTEXT(2) 
PARAMETRIC_REPRESENTATION_CONTEXT() REPRESENTATION_CONTEXT('2D SPACE',''
  ) );
#5807 = PCURVE('',#4042,#5808);
#5808 = DEFINITIONAL_REPRESENTATION('',(#5809),#5815);
#5809 = B_SPLINE_CURVE_WITH_KNOTS('',4,(#5810,#5811,#5812,#5813,#5814),
  .UNSPECIFIED.,.F.,.F.,(5,5),(0.,1.),.PIECEWISE_BEZIER_KNOTS.);
#5810 = CARTESIAN_POINT('',(1.,0.928571428571));
#5811 = CARTESIAN_POINT('',(0.75,0.928571428571));
#5812 = CARTESIAN_POINT('',(0.5,0.928571428571));
#5813 = CARTESIAN_POINT('',(0.25,0.928571428571));
#5814 = CARTESIAN_POINT('',(0.,0.928571428571));
#5815 = ( GEOMETRIC_REPRESENTATION_CONTEXT(2) 
PARAMETRIC_REPRESENTATION_CONTEXT() REPRESENTATION_CONTEXT('2D SPACE',''
  ) );
#5816 = ORIENTED_EDGE('',*,*,#5817,.F.);
#5817 = EDGE_CURVE('',#5818,#5789,#5820,.T.);
#5818 = VERTEX_POINT('',#5819);
#5819 = CARTESIAN_POINT('',(10.075022288404,-11.11278209487,60.));
#5820 = SURFACE_CURVE('',#5821,(#5826,#5837),.PCURVE_S1.);
#5821 = CIRCLE('',#5822,15.);
#5822 = AXIS2_PLACEMENT_3D('',#5823,#5824,#5825);
#5823 = CARTESIAN_POINT('',(0.,0.,60.));
#5824 = DIRECTION('',(0.,0.,-1.));
#5825 = DIRECTION('',(0.572817205136,0.819683139695,0.));
#5826 = PCURVE('',#3759,#5827);
#5827 = DEFINITIONAL_REPRESENTATION('',(#5828),#5836);
#5828 = ( BOUNDED_CURVE() B_SPLINE_CURVE(2,(#5829,#5830,#5831,#5832,
#5833,#5834,#5835),.UNSPECIFIED.,.T.,.F.) B_SPLINE_CURVE_WITH_KNOTS((1,2
    ,2,2,2,1),(-2.094395102393,0.,2.094395102393,4.188790204786,
6.28318530718,8.377580409573),.UNSPECIFIED.) CURVE() 
GEOMETRIC_REPRESENTATION_ITEM() RATIONAL_B_SPLINE_CURVE((1.,0.5,1.,0.5,
1.,0.5,1.)) REPRESENTATION_ITEM('') );
#5829 = CARTESIAN_POINT('',(8.592258077041,12.295247095424));
#5830 = CARTESIAN_POINT('',(29.888250737928,-2.586980445755));
#5831 = CARTESIAN_POINT('',(6.351867291923,-13.5887373183));
#5832 = CARTESIAN_POINT('',(-17.18451615408,-24.59049419084));
#5833 = CARTESIAN_POINT('',(-14.94412536896,1.293490222877));
#5834 = CARTESIAN_POINT('',(-12.70373458384,27.177474636602));
#5835 = CARTESIAN_POINT('',(8.592258077041,12.295247095424));
#5836 = ( GEOMETRIC_REPRESENTATION_CONTEXT(2) 
PARAMETRIC_REPRESENTATION_CONTEXT() REPRESENTATION_CONTEXT('2D SPACE',''
  ) );
#5837 = PCURVE('',#4010,#5838);
#5838 = DEFINITIONAL_REPRESENTATION('',(#5839),#5843);
#5839 = LINE('',#5840,#5841);
#5840 = CARTESIAN_POINT('',(-7.244042945521,-60.));
#5841 = VECTOR('',#5842,1.);
#5842 = DIRECTION('',(1.,-0.));
#5843 = ( GEOMETRIC_REPRESENTATION_CONTEXT(2) 
PARAMETRIC_REPRESENTATION_CONTEXT() REPRESENTATION_CONTEXT('2D SPACE',''
  ) );
#5844 = ORIENTED_EDGE('',*,*,#5845,.T.);
#5845 = EDGE_CURVE('',#5818,#5846,#5848,.T.);
#5846 = VERTEX_POINT('',#5847);
#5847 = CARTESIAN_POINT('',(13.76051187867,-14.57399048731,60.));
#5848 = SURFACE_CURVE('',#5849,(#5855,#5864),.PCURVE_S1.);
#5849 = B_SPLINE_CURVE_WITH_KNOTS('',4,(#5850,#5851,#5852,#5853,#5854),
  .UNSPECIFIED.,.F.,.F.,(5,5),(0.,1.),.PIECEWISE_BEZIER_KNOTS.);
#5850 = CARTESIAN_POINT('',(8.657848340794,-9.781850548093,60.));
#5851 = CARTESIAN_POINT('',(9.933514225263,-10.97988553289,60.));
#5852 = CARTESIAN_POINT('',(11.209180109732,-12.1779205177,60.));
#5853 = CARTESIAN_POINT('',(12.484845994201,-13.3759555025,60.));
#5854 = CARTESIAN_POINT('',(13.76051187867,-14.57399048731,60.));
#5855 = PCURVE('',#3759,#5856);
#5856 = DEFINITIONAL_REPRESENTATION('',(#5857),#5863);
#5857 = B_SPLINE_CURVE_WITH_KNOTS('',4,(#5858,#5859,#5860,#5861,#5862),
  .UNSPECIFIED.,.F.,.F.,(5,5),(0.,1.),.PIECEWISE_BEZIER_KNOTS.);
#5858 = CARTESIAN_POINT('',(8.657848340794,-9.781850548093));
#5859 = CARTESIAN_POINT('',(9.933514225263,-10.97988553289));
#5860 = CARTESIAN_POINT('',(11.209180109732,-12.1779205177));
#5861 = CARTESIAN_POINT('',(12.484845994201,-13.3759555025));
#5862 = CARTESIAN_POINT('',(13.76051187867,-14.57399048731));
#5863 = ( GEOMETRIC_REPRESENTATION_CONTEXT(2) 
PARAMETRIC_REPRESENTATION_CONTEXT() REPRESENTATION_CONTEXT('2D SPACE',''
  ) );
#5864 = PCURVE('',#3953,#5865);
#5865 = DEFINITIONAL_REPRESENTATION('',(#5866),#5872);
#5866 = B_SPLINE_CURVE_WITH_KNOTS('',4,(#5867,#5868,#5869,#5870,#5871),
  .UNSPECIFIED.,.F.,.F.,(5,5),(0.,1.),.PIECEWISE_BEZIER_KNOTS.);
#5867 = CARTESIAN_POINT('',(3.,0.928571428571));
#5868 = CARTESIAN_POINT('',(2.75,0.928571428571));
#5869 = CARTESIAN_POINT('',(2.5,0.928571428571));
#5870 = CARTESIAN_POINT('',(2.25,0.928571428571));
#5871 = CARTESIAN_POINT('',(2.,0.928571428571));
#5872 = ( GEOMETRIC_REPRESENTATION_CONTEXT(2) 
PARAMETRIC_REPRESENTATION_CONTEXT() REPRESENTATION_CONTEXT('2D SPACE',''
  ) );
#5873 = ORIENTED_EDGE('',*,*,#5874,.T.);
#5874 = EDGE_CURVE('',#5846,#5875,#5877,.T.);
#5875 = VERTEX_POINT('',#5876);
#5876 = CARTESIAN_POINT('',(15.561562994523,-12.63291902352,60.));
#5877 = SURFACE_CURVE('',#5878,(#5884,#5893),.PCURVE_S1.);
#5878 = B_SPLINE_CURVE_WITH_KNOTS('',4,(#5879,#5880,#5881,#5882,#5883),
  .UNSPECIFIED.,.F.,.F.,(5,5),(0.,1.),.PIECEWISE_BEZIER_KNOTS.);
#5879 = CARTESIAN_POINT('',(13.76051187867,-14.57399048731,60.));
#5880 = CARTESIAN_POINT('',(14.210774657633,-14.08872262136,60.));
#5881 = CARTESIAN_POINT('',(14.661037436597,-13.60345475541,60.));
#5882 = CARTESIAN_POINT('',(15.11130021556,-13.11818688947,60.));
#5883 = CARTESIAN_POINT('',(15.561562994523,-12.63291902352,60.));
#5884 = PCURVE('',#3759,#5885);
#5885 = DEFINITIONAL_REPRESENTATION('',(#5886),#5892);
#5886 = B_SPLINE_CURVE_WITH_KNOTS('',4,(#5887,#5888,#5889,#5890,#5891),
  .UNSPECIFIED.,.F.,.F.,(5,5),(0.,1.),.PIECEWISE_BEZIER_KNOTS.);
#5887 = CARTESIAN_POINT('',(13.76051187867,-14.57399048731));
#5888 = CARTESIAN_POINT('',(14.210774657633,-14.08872262136));
#5889 = CARTESIAN_POINT('',(14.661037436597,-13.60345475541));
#5890 = CARTESIAN_POINT('',(15.11130021556,-13.11818688947));
#5891 = CARTESIAN_POINT('',(15.561562994523,-12.63291902352));
#5892 = ( GEOMETRIC_REPRESENTATION_CONTEXT(2) 
PARAMETRIC_REPRESENTATION_CONTEXT() REPRESENTATION_CONTEXT('2D SPACE',''
  ) );
#5893 = PCURVE('',#3893,#5894);
#5894 = DEFINITIONAL_REPRESENTATION('',(#5895),#5901);
#5895 = B_SPLINE_CURVE_WITH_KNOTS('',4,(#5896,#5897,#5898,#5899,#5900),
  .UNSPECIFIED.,.F.,.F.,(5,5),(0.,1.),.PIECEWISE_BEZIER_KNOTS.);
#5896 = CARTESIAN_POINT('',(2.,0.928571428571));
#5897 = CARTESIAN_POINT('',(1.75,0.928571428571));
#5898 = CARTESIAN_POINT('',(1.5,0.928571428571));
#5899 = CARTESIAN_POINT('',(1.25,0.928571428571));
#5900 = CARTESIAN_POINT('',(1.,0.928571428571));
#5901 = ( GEOMETRIC_REPRESENTATION_CONTEXT(2) 
PARAMETRIC_REPRESENTATION_CONTEXT() REPRESENTATION_CONTEXT('2D SPACE',''
  ) );
#5902 = ORIENTED_EDGE('',*,*,#5903,.T.);
#5903 = EDGE_CURVE('',#5875,#5904,#5906,.T.);
#5904 = VERTEX_POINT('',#5905);
#5905 = CARTESIAN_POINT('',(11.834615860753,-9.216391236726,60.));
#5906 = SURFACE_CURVE('',#5907,(#5913,#5922),.PCURVE_S1.);
#5907 = B_SPLINE_CURVE_WITH_KNOTS('',4,(#5908,#5909,#5910,#5911,#5912),
  .UNSPECIFIED.,.F.,.F.,(5,5),(0.,1.),.PIECEWISE_BEZIER_KNOTS.);
#5908 = CARTESIAN_POINT('',(15.561562994523,-12.63291902352,60.));
#5909 = CARTESIAN_POINT('',(14.271547327588,-11.45034942612,60.));
#5910 = CARTESIAN_POINT('',(12.981531660652,-10.26777982873,60.));
#5911 = CARTESIAN_POINT('',(11.691515993717,-9.085210231344,60.));
#5912 = CARTESIAN_POINT('',(10.401500326782,-7.902640633951,60.));
#5913 = PCURVE('',#3759,#5914);
#5914 = DEFINITIONAL_REPRESENTATION('',(#5915),#5921);
#5915 = B_SPLINE_CURVE_WITH_KNOTS('',4,(#5916,#5917,#5918,#5919,#5920),
  .UNSPECIFIED.,.F.,.F.,(5,5),(0.,1.),.PIECEWISE_BEZIER_KNOTS.);
#5916 = CARTESIAN_POINT('',(15.561562994523,-12.63291902352));
#5917 = CARTESIAN_POINT('',(14.271547327588,-11.45034942612));
#5918 = CARTESIAN_POINT('',(12.981531660652,-10.26777982873));
#5919 = CARTESIAN_POINT('',(11.691515993717,-9.085210231344));
#5920 = CARTESIAN_POINT('',(10.401500326782,-7.902640633951));
#5921 = ( GEOMETRIC_REPRESENTATION_CONTEXT(2) 
PARAMETRIC_REPRESENTATION_CONTEXT() REPRESENTATION_CONTEXT('2D SPACE',''
  ) );
#5922 = PCURVE('',#3833,#5923);
#5923 = DEFINITIONAL_REPRESENTATION('',(#5924),#5930);
#5924 = B_SPLINE_CURVE_WITH_KNOTS('',4,(#5925,#5926,#5927,#5928,#5929),
  .UNSPECIFIED.,.F.,.F.,(5,5),(0.,1.),.PIECEWISE_BEZIER_KNOTS.);
#5925 = CARTESIAN_POINT('',(1.,0.928571428571));
#5926 = CARTESIAN_POINT('',(0.75,0.928571428571));
#5927 = CARTESIAN_POINT('',(0.5,0.928571428571));
#5928 = CARTESIAN_POINT('',(0.25,0.928571428571));
#5929 = CARTESIAN_POINT('',(0.,0.928571428571));
#5930 = ( GEOMETRIC_REPRESENTATION_CONTEXT(2) 
PARAMETRIC_REPRESENTATION_CONTEXT() REPRESENTATION_CONTEXT('2D SPACE',''
  ) );
#5931 = ORIENTED_EDGE('',*,*,#5932,.F.);
#5932 = EDGE_CURVE('',#5933,#5904,#5935,.T.);
#5933 = VERTEX_POINT('',#5934);
#5934 = CARTESIAN_POINT('',(14.969996549899,0.948263305209,60.));
#5935 = SURFACE_CURVE('',#5936,(#5941,#5952),.PCURVE_S1.);
#5936 = CIRCLE('',#5937,15.);
#5937 = AXIS2_PLACEMENT_3D('',#5938,#5939,#5940);
#5938 = CARTESIAN_POINT('',(0.,0.,60.));
#5939 = DIRECTION('',(0.,0.,-1.));
#5940 = DIRECTION('',(0.572817205136,0.819683139695,0.));
#5941 = PCURVE('',#3759,#5942);
#5942 = DEFINITIONAL_REPRESENTATION('',(#5943),#5951);
#5943 = ( BOUNDED_CURVE() B_SPLINE_CURVE(2,(#5944,#5945,#5946,#5947,
#5948,#5949,#5950),.UNSPECIFIED.,.T.,.F.) B_SPLINE_CURVE_WITH_KNOTS((1,2
    ,2,2,2,1),(-2.094395102393,0.,2.094395102393,4.188790204786,
6.28318530718,8.377580409573),.UNSPECIFIED.) CURVE() 
GEOMETRIC_REPRESENTATION_ITEM() RATIONAL_B_SPLINE_CURVE((1.,0.5,1.,0.5,
1.,0.5,1.)) REPRESENTATION_ITEM('') );
#5944 = CARTESIAN_POINT('',(8.592258077041,12.295247095424));
#5945 = CARTESIAN_POINT('',(29.888250737928,-2.586980445755));
#5946 = CARTESIAN_POINT('',(6.351867291923,-13.5887373183));
#5947 = CARTESIAN_POINT('',(-17.18451615408,-24.59049419084));
#5948 = CARTESIAN_POINT('',(-14.94412536896,1.293490222877));
#5949 = CARTESIAN_POINT('',(-12.70373458384,27.177474636602));
#5950 = CARTESIAN_POINT('',(8.592258077041,12.295247095424));
#5951 = ( GEOMETRIC_REPRESENTATION_CONTEXT(2) 
PARAMETRIC_REPRESENTATION_CONTEXT() REPRESENTATION_CONTEXT('2D SPACE',''
  ) );
#5952 = PCURVE('',#3801,#5953);
#5953 = DEFINITIONAL_REPRESENTATION('',(#5954),#5958);
#5954 = LINE('',#5955,#5956);
#5955 = CARTESIAN_POINT('',(-7.244042945521,-60.));
#5956 = VECTOR('',#5957,1.);
#5957 = DIRECTION('',(1.,-0.));
#5958 = ( GEOMETRIC_REPRESENTATION_CONTEXT(2) 
PARAMETRIC_REPRESENTATION_CONTEXT() REPRESENTATION_CONTEXT('2D SPACE',''
  ) );
#5959 = ORIENTED_EDGE('',*,*,#5960,.T.);
#5960 = EDGE_CURVE('',#5933,#5961,#5963,.T.);
#5961 = VERTEX_POINT('',#5962);
#5962 = CARTESIAN_POINT('',(19.973943412879,1.671666960393,60.));
#5963 = SURFACE_CURVE('',#5964,(#5970,#5979),.PCURVE_S1.);
#5964 = B_SPLINE_CURVE_WITH_KNOTS('',4,(#5965,#5966,#5967,#5968,#5969),
  .UNSPECIFIED.,.F.,.F.,(5,5),(0.,1.),.PIECEWISE_BEZIER_KNOTS.);
#5965 = CARTESIAN_POINT('',(13.045838861821,0.670094343224,60.));
#5966 = CARTESIAN_POINT('',(14.777864999585,0.920487497516,60.));
#5967 = CARTESIAN_POINT('',(16.50989113735,1.170880651808,60.));
#5968 = CARTESIAN_POINT('',(18.241917275115,1.4212738061,60.));
#5969 = CARTESIAN_POINT('',(19.973943412879,1.671666960393,60.));
#5970 = PCURVE('',#3759,#5971);
#5971 = DEFINITIONAL_REPRESENTATION('',(#5972),#5978);
#5972 = B_SPLINE_CURVE_WITH_KNOTS('',4,(#5973,#5974,#5975,#5976,#5977),
  .UNSPECIFIED.,.F.,.F.,(5,5),(0.,1.),.PIECEWISE_BEZIER_KNOTS.);
#5973 = CARTESIAN_POINT('',(13.045838861821,0.670094343224));
#5974 = CARTESIAN_POINT('',(14.777864999585,0.920487497516));
#5975 = CARTESIAN_POINT('',(16.50989113735,1.170880651808));
#5976 = CARTESIAN_POINT('',(18.241917275115,1.4212738061));
#5977 = CARTESIAN_POINT('',(19.973943412879,1.671666960393));
#5978 = ( GEOMETRIC_REPRESENTATION_CONTEXT(2) 
PARAMETRIC_REPRESENTATION_CONTEXT() REPRESENTATION_CONTEXT('2D SPACE',''
  ) );
#5979 = PCURVE('',#5205,#5980);
#5980 = DEFINITIONAL_REPRESENTATION('',(#5981),#5987);
#5981 = B_SPLINE_CURVE_WITH_KNOTS('',4,(#5982,#5983,#5984,#5985,#5986),
  .UNSPECIFIED.,.F.,.F.,(5,5),(0.,1.),.PIECEWISE_BEZIER_KNOTS.);
#5982 = CARTESIAN_POINT('',(3.,0.928571428571));
#5983 = CARTESIAN_POINT('',(2.75,0.928571428571));
#5984 = CARTESIAN_POINT('',(2.5,0.928571428571));
#5985 = CARTESIAN_POINT('',(2.25,0.928571428571));
#5986 = CARTESIAN_POINT('',(2.,0.928571428571));
#5987 = ( GEOMETRIC_REPRESENTATION_CONTEXT(2) 
PARAMETRIC_REPRESENTATION_CONTEXT() REPRESENTATION_CONTEXT('2D SPACE',''
  ) );
#5988 = ORIENTED_EDGE('',*,*,#5989,.T.);
#5989 = EDGE_CURVE('',#5961,#5990,#5992,.T.);
#5990 = VERTEX_POINT('',#5991);
#5991 = CARTESIAN_POINT('',(19.579289636126,4.290023686654,60.));
#5992 = SURFACE_CURVE('',#5993,(#5999,#6008),.PCURVE_S1.);
#5993 = B_SPLINE_CURVE_WITH_KNOTS('',4,(#5994,#5995,#5996,#5997,#5998),
  .UNSPECIFIED.,.F.,.F.,(5,5),(0.,1.),.PIECEWISE_BEZIER_KNOTS.);
#5994 = CARTESIAN_POINT('',(19.973943412879,1.671666960393,60.));
#5995 = CARTESIAN_POINT('',(19.875279968691,2.326256141958,60.));
#5996 = CARTESIAN_POINT('',(19.776616524503,2.980845323523,60.));
#5997 = CARTESIAN_POINT('',(19.677953080314,3.635434505089,60.));
#5998 = CARTESIAN_POINT('',(19.579289636126,4.290023686654,60.));
#5999 = PCURVE('',#3759,#6000);
#6000 = DEFINITIONAL_REPRESENTATION('',(#6001),#6007);
#6001 = B_SPLINE_CURVE_WITH_KNOTS('',4,(#6002,#6003,#6004,#6005,#6006),
  .UNSPECIFIED.,.F.,.F.,(5,5),(0.,1.),.PIECEWISE_BEZIER_KNOTS.);
#6002 = CARTESIAN_POINT('',(19.973943412879,1.671666960393));
#6003 = CARTESIAN_POINT('',(19.875279968691,2.326256141958));
#6004 = CARTESIAN_POINT('',(19.776616524503,2.980845323523));
#6005 = CARTESIAN_POINT('',(19.677953080314,3.635434505089));
#6006 = CARTESIAN_POINT('',(19.579289636126,4.290023686654));
#6007 = ( GEOMETRIC_REPRESENTATION_CONTEXT(2) 
PARAMETRIC_REPRESENTATION_CONTEXT() REPRESENTATION_CONTEXT('2D SPACE',''
  ) );
#6008 = PCURVE('',#5147,#6009);
#6009 = DEFINITIONAL_REPRESENTATION('',(#6010),#6016);
#6010 = B_SPLINE_CURVE_WITH_KNOTS('',4,(#6011,#6012,#6013,#6014,#6015),
  .UNSPECIFIED.,.F.,.F.,(5,5),(0.,1.),.PIECEWISE_BEZIER_KNOTS.);
#6011 = CARTESIAN_POINT('',(2.,0.928571428571));
#6012 = CARTESIAN_POINT('',(1.75,0.928571428571));
#6013 = CARTESIAN_POINT('',(1.5,0.928571428571));
#6014 = CARTESIAN_POINT('',(1.25,0.928571428571));
#6015 = CARTESIAN_POINT('',(1.,0.928571428571));
#6016 = ( GEOMETRIC_REPRESENTATION_CONTEXT(2) 
PARAMETRIC_REPRESENTATION_CONTEXT() REPRESENTATION_CONTEXT('2D SPACE',''
  ) );
#6017 = ORIENTED_EDGE('',*,*,#6018,.T.);
#6018 = EDGE_CURVE('',#5990,#5251,#6019,.T.);
#6019 = SURFACE_CURVE('',#6020,(#6026,#6035),.PCURVE_S1.);
#6020 = B_SPLINE_CURVE_WITH_KNOTS('',4,(#6021,#6022,#6023,#6024,#6025),
  .UNSPECIFIED.,.F.,.F.,(5,5),(0.,1.),.PIECEWISE_BEZIER_KNOTS.);
#6021 = CARTESIAN_POINT('',(19.579289636126,4.290023686654,60.));
#6022 = CARTESIAN_POINT('',(17.850407882103,4.01876890933,60.));
#6023 = CARTESIAN_POINT('',(16.121526128079,3.747514132006,60.));
#6024 = CARTESIAN_POINT('',(14.392644374056,3.476259354681,60.));
#6025 = CARTESIAN_POINT('',(12.663762620033,3.205004577357,60.));
#6026 = PCURVE('',#3759,#6027);
#6027 = DEFINITIONAL_REPRESENTATION('',(#6028),#6034);
#6028 = B_SPLINE_CURVE_WITH_KNOTS('',4,(#6029,#6030,#6031,#6032,#6033),
  .UNSPECIFIED.,.F.,.F.,(5,5),(0.,1.),.PIECEWISE_BEZIER_KNOTS.);
#6029 = CARTESIAN_POINT('',(19.579289636126,4.290023686654));
#6030 = CARTESIAN_POINT('',(17.850407882103,4.01876890933));
#6031 = CARTESIAN_POINT('',(16.121526128079,3.747514132006));
#6032 = CARTESIAN_POINT('',(14.392644374056,3.476259354681));
#6033 = CARTESIAN_POINT('',(12.663762620033,3.205004577357));
#6034 = ( GEOMETRIC_REPRESENTATION_CONTEXT(2) 
PARAMETRIC_REPRESENTATION_CONTEXT() REPRESENTATION_CONTEXT('2D SPACE',''
  ) );
#6035 = PCURVE('',#5087,#6036);
#6036 = DEFINITIONAL_REPRESENTATION('',(#6037),#6043);
#6037 = B_SPLINE_CURVE_WITH_KNOTS('',4,(#6038,#6039,#6040,#6041,#6042),
  .UNSPECIFIED.,.F.,.F.,(5,5),(0.,1.),.PIECEWISE_BEZIER_KNOTS.);
#6038 = CARTESIAN_POINT('',(1.,0.928571428571));
#6039 = CARTESIAN_POINT('',(0.75,0.928571428571));
#6040 = CARTESIAN_POINT('',(0.5,0.928571428571));
#6041 = CARTESIAN_POINT('',(0.25,0.928571428571));
#6042 = CARTESIAN_POINT('',(0.,0.928571428571));
#6043 = ( GEOMETRIC_REPRESENTATION_CONTEXT(2) 
PARAMETRIC_REPRESENTATION_CONTEXT() REPRESENTATION_CONTEXT('2D SPACE',''
  ) );
#6044 = FACE_BOUND('',#6045,.T.);
#6045 = EDGE_LOOP('',(#6046));
#6046 = ORIENTED_EDGE('',*,*,#3744,.T.);
#6047 = ADVANCED_FACE('',(#6048),#3801,.T.);
#6048 = FACE_BOUND('',#6049,.T.);
#6049 = EDGE_LOOP('',(#6050,#6446,#6447,#6894));
#6050 = ORIENTED_EDGE('',*,*,#6051,.F.);
#6051 = EDGE_CURVE('',#3783,#5904,#6052,.T.);
#6052 = SURFACE_CURVE('',#6053,(#6182,#6314),.PCURVE_S1.);
#6053 = B_SPLINE_CURVE_WITH_KNOTS('',8,(#6054,#6055,#6056,#6057,#6058,
    #6059,#6060,#6061,#6062,#6063,#6064,#6065,#6066,#6067,#6068,#6069,
    #6070,#6071,#6072,#6073,#6074,#6075,#6076,#6077,#6078,#6079,#6080,
    #6081,#6082,#6083,#6084,#6085,#6086,#6087,#6088,#6089,#6090,#6091,
    #6092,#6093,#6094,#6095,#6096,#6097,#6098,#6099,#6100,#6101,#6102,
    #6103,#6104,#6105,#6106,#6107,#6108,#6109,#6110,#6111,#6112,#6113,
    #6114,#6115,#6116,#6117,#6118,#6119,#6120,#6121,#6122,#6123,#6124,
    #6125,#6126,#6127,#6128,#6129,#6130,#6131,#6132,#6133,#6134,#6135,
    #6136,#6137,#6138,#6139,#6140,#6141,#6142,#6143,#6144,#6145,#6146,
    #6147,#6148,#6149,#6150,#6151,#6152,#6153,#6154,#6155,#6156,#6157,
    #6158,#6159,#6160,#6161,#6162,#6163,#6164,#6165,#6166,#6167,#6168,
    #6169,#6170,#6171,#6172,#6173,#6174,#6175,#6176,#6177,#6178,#6179,
    #6180,#6181),.UNSPECIFIED.,.F.,.F.,(9,7,7,7,7,7,7,7,7,7,7,7,7,7,7,7,
    7,7,9),(0.,5.884725090931E-02,0.118953771377,0.219637989065,
    0.318978972092,0.417068048632,0.437012590688,0.514000056739,
    0.538353160798,0.611022271419,0.637412478362,0.705927004249,
    0.7354759002,0.799979884508,0.831535120078,0.894408423124,
    0.924617178262,0.962568698087,1.),.UNSPECIFIED.);
#6054 = CARTESIAN_POINT('',(-9.500736906037,-49.0890619002,
    2.23366299002E-16));
#6055 = CARTESIAN_POINT('',(-9.095174084805,-48.92128068543,
    0.414492620631));
#6056 = CARTESIAN_POINT('',(-8.692454340676,-48.7495275471,
    0.829486831427));
#6057 = CARTESIAN_POINT('',(-8.292632449659,-48.57383760847,
    1.244981852996));
#6058 = CARTESIAN_POINT('',(-7.895780296174,-48.39424031599,
    1.660983857666));
#6059 = CARTESIAN_POINT('',(-7.501917748951,-48.21078619032,
    2.077480001923));
#6060 = CARTESIAN_POINT('',(-7.111122613637,-48.02350369579,
    2.494478509353));
#6061 = CARTESIAN_POINT('',(-6.723433586518,-47.83243771017,
    2.911973466345));
#6062 = CARTESIAN_POINT('',(-5.94615196452,-47.43864725817,
    3.756902335008));
#6063 = CARTESIAN_POINT('',(-5.556695587963,-47.23576101942,
    4.184357577488));
#6064 = CARTESIAN_POINT('',(-5.170593440795,-47.02901106642,
    4.612330503862));
#6065 = CARTESIAN_POINT('',(-4.787901539635,-46.81844114074,
    5.040820519806));
#6066 = CARTESIAN_POINT('',(-4.408676259797,-46.60409587583,
    5.469827248946));
#6067 = CARTESIAN_POINT('',(-4.032974239212,-46.38602087172,
    5.899350517938));
#6068 = CARTESIAN_POINT('',(-3.660852282361,-46.16426276968,
    6.329390341542));
#6069 = CARTESIAN_POINT('',(-2.675119326803,-45.56131357635,
    7.481170673367));
#6070 = CARTESIAN_POINT('',(-2.068074095208,-45.1735580639,
    8.203843279156));
#6071 = CARTESIAN_POINT('',(-1.471465852122,-44.77583528532,
    8.927955670173));
#6072 = CARTESIAN_POINT('',(-0.885530705761,-44.36838353116,
    9.653500263264));
#6073 = CARTESIAN_POINT('',(-0.31050634167,-43.95144761885,
    10.380471052759));
#6074 = CARTESIAN_POINT('',(0.253368225458,-43.52527962469,
    11.108863716219));
#6075 = CARTESIAN_POINT('',(0.80585289997,-43.09013961596,
    11.838675720177));
#6076 = CARTESIAN_POINT('',(1.880345040649,-42.20837449104,
    13.291381735465));
#6077 = CARTESIAN_POINT('',(2.402662715384,-41.7619806892,
    14.014236938952));
#6078 = CARTESIAN_POINT('',(2.913463881083,-41.30737778624,
    14.738461415452));
#6079 = CARTESIAN_POINT('',(3.4125517625,-40.8448342346,15.464045870071)
  );
#6080 = CARTESIAN_POINT('',(3.899728970677,-40.3746248271,
    16.190982455912));
#6081 = CARTESIAN_POINT('',(4.374797767918,-39.89703139368,
    16.919264896062));
#6082 = CARTESIAN_POINT('',(4.837560332774,-39.41234349825,
    17.648888605582));
#6083 = CARTESIAN_POINT('',(5.732403505466,-38.43556851506,
    19.101601351637));
#6084 = CARTESIAN_POINT('',(6.164798602539,-37.94365205806,
    19.824655862407));
#6085 = CARTESIAN_POINT('',(6.584850964554,-37.4453972004,
    20.549002132417));
#6086 = CARTESIAN_POINT('',(6.992407225581,-36.94109670405,
    21.274629133618));
#6087 = CARTESIAN_POINT('',(7.387314298794,-36.4310493213,22.00152715663
    ));
#6088 = CARTESIAN_POINT('',(7.769419669824,-35.91556045906,
    22.729687944056));
#6089 = CARTESIAN_POINT('',(8.138571690107,-35.39494284317,
    23.45910482381));
#6090 = CARTESIAN_POINT('',(8.567015473829,-34.76268190033,
    24.338340241987));
#6091 = CARTESIAN_POINT('',(8.638869351088,-34.65564784318,
    24.486959345309));
#6092 = CARTESIAN_POINT('',(8.710180563241,-34.54841767633,
    24.635630028626));
#6093 = CARTESIAN_POINT('',(8.780948173569,-34.44099407369,
    24.784352170687));
#6094 = CARTESIAN_POINT('',(8.851171247397,-34.33337971797,
    24.933125652766));
#6095 = CARTESIAN_POINT('',(8.920848852101,-34.22557730068,
    25.081950358656));
#6096 = CARTESIAN_POINT('',(8.989980057101,-34.1175895221,
    25.230826174675));
#6097 = CARTESIAN_POINT('',(9.323302972204,-33.59187291017,
    25.954621947833));
#6098 = CARTESIAN_POINT('',(9.579886665266,-33.17160524497,
    26.530250711975));
#6099 = CARTESIAN_POINT('',(9.828261699651,-32.74877184658,
    27.106633015607));
#6100 = CARTESIAN_POINT('',(10.068375113959,-32.3235306301,
    27.68376302528));
#6101 = CARTESIAN_POINT('',(10.300174422031,-31.89604187484,
    28.261635382793));
#6102 = CARTESIAN_POINT('',(10.52360773619,-31.46646842422,
    28.840245247407));
#6103 = CARTESIAN_POINT('',(10.738623890484,-31.03497588574,
    29.419588338067));
#6104 = CARTESIAN_POINT('',(11.010509190727,-30.46468697488,
    30.183152783153));
#6105 = CARTESIAN_POINT('',(11.074998541804,-30.32746596774,
    30.366717579843));
#6106 = CARTESIAN_POINT('',(11.138639640511,-30.19007501148,
    30.550355107264));
#6107 = CARTESIAN_POINT('',(11.201431517482,-30.05251932606,
    30.734065112361));
#6108 = CARTESIAN_POINT('',(11.26337321064,-29.9148041496,
    30.917847347442));
#6109 = CARTESIAN_POINT('',(11.324463765189,-29.77693473829,
    31.101701570177));
#6110 = CARTESIAN_POINT('',(11.38470223362,-29.63891636643,
    31.285627543597));
#6111 = CARTESIAN_POINT('',(11.621292489109,-29.08848193016,
    32.018669383973));
#6112 = CARTESIAN_POINT('',(11.790901807558,-28.6749303671,
    32.56835047267));
#6113 = CARTESIAN_POINT('',(11.952890755245,-28.26024019598,
    33.118662248156));
#6114 = CARTESIAN_POINT('',(12.107234932794,-27.84455363902,
    33.669598978918));
#6115 = CARTESIAN_POINT('',(12.253910560585,-27.42801471715,
    34.221155285989));
#6116 = CARTESIAN_POINT('',(12.39289462208,-27.0107693854,
    34.773326172955));
#6117 = CARTESIAN_POINT('',(12.524165007143,-26.59296566815,
    35.326107055976));
#6118 = CARTESIAN_POINT('',(12.692563339026,-26.02287773881,
    36.080459381592));
#6119 = CARTESIAN_POINT('',(12.736406076294,-25.87094781989,
    36.281504831634));
#6120 = CARTESIAN_POINT('',(12.779228658133,-25.71897095351,
    36.482629772973));
#6121 = CARTESIAN_POINT('',(12.821030888725,-25.5669540774,
    36.683833841629));
#6122 = CARTESIAN_POINT('',(12.861812585475,-25.41490415123,
    36.885116680585));
#6123 = CARTESIAN_POINT('',(12.90157357901,-25.26282815664,
    37.08647793979));
#6124 = CARTESIAN_POINT('',(12.940313713179,-25.11073309721,
    37.287917276159));
#6125 = CARTESIAN_POINT('',(13.07595964201,-24.56372398897,
    38.012615056423));
#6126 = CARTESIAN_POINT('',(13.16700455175,-24.16874089057,
    38.536319694082));
#6127 = CARTESIAN_POINT('',(13.251165127728,-23.77379961046,
    39.060542470242));
#6128 = CARTESIAN_POINT('',(13.328439499095,-23.37902424277,
    39.585277812782));
#6129 = CARTESIAN_POINT('',(13.398826475343,-22.98454017051,
    40.110520401128));
#6130 = CARTESIAN_POINT('',(13.462325650956,-22.59047416751,
    40.636265193616));
#6131 = CARTESIAN_POINT('',(13.518937510057,-22.19695450037,
    41.162507454856));
#6132 = CARTESIAN_POINT('',(13.590109334,-21.63468577829,41.916412820484
    ));
#6133 = CARTESIAN_POINT('',(13.610274439872,-21.46538627273,
    42.14367453928));
#6134 = CARTESIAN_POINT('',(13.629160095604,-21.29622237979,
    42.371027357186));
#6135 = CARTESIAN_POINT('',(13.646767572328,-21.1272039938,
    42.598470701996));
#6136 = CARTESIAN_POINT('',(13.663098165381,-20.95834103728,
    42.826004011589));
#6137 = CARTESIAN_POINT('',(13.678153194301,-20.78964346101,
    43.053626733932));
#6138 = CARTESIAN_POINT('',(13.691934002832,-20.62112124396,
    43.28133832708));
#6139 = CARTESIAN_POINT('',(13.731746295589,-20.08531220111,
    44.006415831558));
#6140 = CARTESIAN_POINT('',(13.752985182823,-19.71872345879,
    44.504114337901));
#6141 = CARTESIAN_POINT('',(13.768172722355,-19.35312210654,
    45.002228266814));
#6142 = CARTESIAN_POINT('',(13.777323741094,-18.98861303224,
    45.50075230328));
#6143 = CARTESIAN_POINT('',(13.780453791125,-18.62530207149,
    45.999681328654));
#6144 = CARTESIAN_POINT('',(13.777579149707,-18.26329600759,
    46.499010420663));
#6145 = CARTESIAN_POINT('',(13.768716819277,-17.90270257154,
    46.998734853404));
#6146 = CARTESIAN_POINT('',(13.74662859639,-17.36797298843,
    47.743505594281));
#6147 = CARTESIAN_POINT('',(13.737943981453,-17.19267964058,
    47.988254609034));
#6148 = CARTESIAN_POINT('',(13.727834123833,-17.0177622686,
    48.233096356971));
#6149 = CARTESIAN_POINT('',(13.716302497432,-16.84323276934,
    48.478030065055));
#6150 = CARTESIAN_POINT('',(13.703352608855,-16.66910306638,
    48.723054971849));
#6151 = CARTESIAN_POINT('',(13.688987997412,-16.49538511005,
    48.968170327516));
#6152 = CARTESIAN_POINT('',(13.673212235115,-16.3220908774,
    49.213375393819));
#6153 = CARTESIAN_POINT('',(13.621791458983,-15.80481456068,
    49.94741392286));
#6154 = CARTESIAN_POINT('',(13.581966133466,-15.46212668344,
    50.436511637788));
#6155 = CARTESIAN_POINT('',(13.536581329479,-15.12126357907,
    50.925956863698));
#6156 = CARTESIAN_POINT('',(13.48566612984,-14.78232077483,
    51.415744021429));
#6157 = CARTESIAN_POINT('',(13.429250320827,-14.44539448674,
    51.905867677869));
#6158 = CARTESIAN_POINT('',(13.367364392185,-14.1105816195,
    52.396322545951));
#6159 = CARTESIAN_POINT('',(13.300039537122,-13.7779797666,
    52.887103484657));
#6160 = CARTESIAN_POINT('',(13.19236214138,-13.28899144467,
    53.614165434001));
#6161 = CARTESIAN_POINT('',(13.156168581709,-13.1308286817,
    53.850199452803));
#6162 = CARTESIAN_POINT('',(13.118731648532,-12.97320889236,
    54.086306798004));
#6163 = CARTESIAN_POINT('',(13.080056040886,-12.81614206029,
    54.322486719853));
#6164 = CARTESIAN_POINT('',(13.040146481615,-12.65963818171,
    54.558738476268));
#6165 = CARTESIAN_POINT('',(12.999007717362,-12.50370726543,
    54.795061332834));
#6166 = CARTESIAN_POINT('',(12.956644518577,-12.34835933287,
    55.031454562801));
#6167 = CARTESIAN_POINT('',(12.858308182618,-11.99918448271,
    55.564987809632));
#6168 = CARTESIAN_POINT('',(12.801629720513,-11.80570052597,
    55.862168104038));
#6169 = CARTESIAN_POINT('',(12.743035794353,-11.61317243962,
    56.159456905981));
#6170 = CARTESIAN_POINT('',(12.682535979411,-11.42162017246,
    56.456852805345));
#6171 = CARTESIAN_POINT('',(12.62013992508,-11.23106373031,
    56.754354406231));
#6172 = CARTESIAN_POINT('',(12.555857354874,-11.04152317602,
    57.051960326949));
#6173 = CARTESIAN_POINT('',(12.489698066425,-10.8530186294,
    57.349669200021));
#6174 = CARTESIAN_POINT('',(12.354578260235,-10.48069134105,
    57.941207927275));
#6175 = CARTESIAN_POINT('',(12.285668806718,-10.29683956116,
    58.235035007959));
#6176 = CARTESIAN_POINT('',(12.21495168863,-10.11403583483,
    58.528959818848));
#6177 = CARTESIAN_POINT('',(12.142439601478,-9.932296165887,
    58.822980508365));
#6178 = CARTESIAN_POINT('',(12.068139369033,-9.75164314981,
    59.117096262531));
#6179 = CARTESIAN_POINT('',(11.992059085371,-9.572098203519,
    59.411306116609));
#6180 = CARTESIAN_POINT('',(11.914214445403,-9.393674582313,
    59.705607846278));
#6181 = CARTESIAN_POINT('',(11.834615860753,-9.216391236726,60.));
#6182 = PCURVE('',#3801,#6183);
#6183 = DEFINITIONAL_REPRESENTATION('',(#6184),#6313);
#6184 = B_SPLINE_CURVE_WITH_KNOTS('',8,(#6185,#6186,#6187,#6188,#6189,
    #6190,#6191,#6192,#6193,#6194,#6195,#6196,#6197,#6198,#6199,#6200,
    #6201,#6202,#6203,#6204,#6205,#6206,#6207,#6208,#6209,#6210,#6211,
    #6212,#6213,#6214,#6215,#6216,#6217,#6218,#6219,#6220,#6221,#6222,
    #6223,#6224,#6225,#6226,#6227,#6228,#6229,#6230,#6231,#6232,#6233,
    #6234,#6235,#6236,#6237,#6238,#6239,#6240,#6241,#6242,#6243,#6244,
    #6245,#6246,#6247,#6248,#6249,#6250,#6251,#6252,#6253,#6254,#6255,
    #6256,#6257,#6258,#6259,#6260,#6261,#6262,#6263,#6264,#6265,#6266,
    #6267,#6268,#6269,#6270,#6271,#6272,#6273,#6274,#6275,#6276,#6277,
    #6278,#6279,#6280,#6281,#6282,#6283,#6284,#6285,#6286,#6287,#6288,
    #6289,#6290,#6291,#6292,#6293,#6294,#6295,#6296,#6297,#6298,#6299,
    #6300,#6301,#6302,#6303,#6304,#6305,#6306,#6307,#6308,#6309,#6310,
    #6311,#6312),.UNSPECIFIED.,.F.,.F.,(9,7,7,7,7,7,7,7,7,7,7,7,7,7,7,7,
    7,7,9),(0.,5.884725090931E-02,0.118953771377,0.219637989065,
    0.318978972092,0.417068048632,0.437012590688,0.514000056739,
    0.538353160798,0.611022271419,0.637412478362,0.705927004249,
    0.7354759002,0.799979884508,0.831535120078,0.894408423124,
    0.924617178262,0.962568698087,1.),.UNSPECIFIED.);
#6185 = CARTESIAN_POINT('',(-4.521211822262,0.));
#6186 = CARTESIAN_POINT('',(-4.528537683564,-0.414492620625));
#6187 = CARTESIAN_POINT('',(-4.535873598371,-0.829486831448));
#6188 = CARTESIAN_POINT('',(-4.543219591089,-1.244981852962));
#6189 = CARTESIAN_POINT('',(-4.550575310452,-1.660983857698));
#6190 = CARTESIAN_POINT('',(-4.557941506842,-2.077480001906));
#6191 = CARTESIAN_POINT('',(-4.565317691366,-2.494478509357));
#6192 = CARTESIAN_POINT('',(-4.572704197809,-2.911973466345));
#6193 = CARTESIAN_POINT('',(-4.587656037389,-3.756902335008));
#6194 = CARTESIAN_POINT('',(-4.595221827013,-4.184357577488));
#6195 = CARTESIAN_POINT('',(-4.602798386264,-4.612330503862));
#6196 = CARTESIAN_POINT('',(-4.610385737187,-5.040820519806));
#6197 = CARTESIAN_POINT('',(-4.61798388324,-5.469827248946));
#6198 = CARTESIAN_POINT('',(-4.625592810113,-5.899350517938));
#6199 = CARTESIAN_POINT('',(-4.633212486547,-6.329390341542));
#6200 = CARTESIAN_POINT('',(-4.653624485092,-7.481170673367));
#6201 = CARTESIAN_POINT('',(-4.666436187882,-8.203843279156));
#6202 = CARTESIAN_POINT('',(-4.679278477018,-8.927955670173));
#6203 = CARTESIAN_POINT('',(-4.692151733611,-9.653500263264));
#6204 = CARTESIAN_POINT('',(-4.705056202681,-10.38047105275));
#6205 = CARTESIAN_POINT('',(-4.71799197946,-11.10886371621));
#6206 = CARTESIAN_POINT('',(-4.730958995697,-11.83867572017));
#6207 = CARTESIAN_POINT('',(-4.756781608911,-13.29138173546));
#6208 = CARTESIAN_POINT('',(-4.76963642961,-14.01423693895));
#6209 = CARTESIAN_POINT('',(-4.782522055346,-14.73846141545));
#6210 = CARTESIAN_POINT('',(-4.795438947055,-15.46404587007));
#6211 = CARTESIAN_POINT('',(-4.808387422062,-16.19098245591));
#6212 = CARTESIAN_POINT('',(-4.821367636822,-16.91926489606));
#6213 = CARTESIAN_POINT('',(-4.834379569661,-17.64888860558));
#6214 = CARTESIAN_POINT('',(-4.860302062543,-19.10160135163));
#6215 = CARTESIAN_POINT('',(-4.873211865801,-19.8246558624));
#6216 = CARTESIAN_POINT('',(-4.886153126303,-20.54900213241));
#6217 = CARTESIAN_POINT('',(-4.899126428467,-21.27462913361));
#6218 = CARTESIAN_POINT('',(-4.912132207388,-22.00152715663));
#6219 = CARTESIAN_POINT('',(-4.925170728088,-22.72968794405));
#6220 = CARTESIAN_POINT('',(-4.93824206477,-23.45910482381));
#6221 = CARTESIAN_POINT('',(-4.954010531539,-24.33834024198));
#6222 = CARTESIAN_POINT('',(-4.956676334809,-24.4869593453));
#6223 = CARTESIAN_POINT('',(-4.959343497739,-24.63563002862));
#6224 = CARTESIAN_POINT('',(-4.962012027951,-24.78435217068));
#6225 = CARTESIAN_POINT('',(-4.964681932828,-24.93312565276));
#6226 = CARTESIAN_POINT('',(-4.967353219514,-25.08195035865));
#6227 = CARTESIAN_POINT('',(-4.970025894913,-25.23082617467));
#6228 = CARTESIAN_POINT('',(-4.983022084522,-25.95462194783));
#6229 = CARTESIAN_POINT('',(-4.99336499323,-26.53025071197));
#6230 = CARTESIAN_POINT('',(-5.003729075868,-27.1066330156));
#6231 = CARTESIAN_POINT('',(-5.014114658351,-27.68376302528));
#6232 = CARTESIAN_POINT('',(-5.024522000611,-28.26163538279));
#6233 = CARTESIAN_POINT('',(-5.034951288756,-28.8402452474));
#6234 = CARTESIAN_POINT('',(-5.045402627226,-29.41958833806));
#6235 = CARTESIAN_POINT('',(-5.059189036352,-30.18315278315));
#6236 = CARTESIAN_POINT('',(-5.062504249375,-30.36671757984));
#6237 = CARTESIAN_POINT('',(-5.065821689718,-30.55035510726));
#6238 = CARTESIAN_POINT('',(-5.069141376554,-30.73406511236));
#6239 = CARTESIAN_POINT('',(-5.072463328527,-30.91784734744));
#6240 = CARTESIAN_POINT('',(-5.075787563758,-31.10170157017));
#6241 = CARTESIAN_POINT('',(-5.079114099836,-31.28562754359));
#6242 = CARTESIAN_POINT('',(-5.092376178705,-32.01866938397));
#6243 = CARTESIAN_POINT('',(-5.102330040551,-32.56835047267));
#6244 = CARTESIAN_POINT('',(-5.112304994239,-33.11866224815));
#6245 = CARTESIAN_POINT('',(-5.122301445957,-33.66959897891));
#6246 = CARTESIAN_POINT('',(-5.13231974751,-34.22115528598));
#6247 = CARTESIAN_POINT('',(-5.142360190628,-34.77332617295));
#6248 = CARTESIAN_POINT('',(-5.152423001265,-35.32610705597));
#6249 = CARTESIAN_POINT('',(-5.166170880664,-36.08045938159));
#6250 = CARTESIAN_POINT('',(-5.169836402048,-36.28150483163));
#6251 = CARTESIAN_POINT('',(-5.173504934463,-36.48262977297));
#6252 = CARTESIAN_POINT('',(-5.177176513735,-36.68383384162));
#6253 = CARTESIAN_POINT('',(-5.180851175113,-36.88511668058));
#6254 = CARTESIAN_POINT('',(-5.184528953265,-37.08647793979));
#6255 = CARTESIAN_POINT('',(-5.188209882283,-37.28791727615));
#6256 = CARTESIAN_POINT('',(-5.201458728658,-38.01261505642));
#6257 = CARTESIAN_POINT('',(-5.21104492388,-38.53631969408));
#6258 = CARTESIAN_POINT('',(-5.22065316803,-39.06054247024));
#6259 = CARTESIAN_POINT('',(-5.230284016635,-39.58527781278));
#6260 = CARTESIAN_POINT('',(-5.239937989445,-40.11052040112));
#6261 = CARTESIAN_POINT('',(-5.249615565814,-40.63626519361));
#6262 = CARTESIAN_POINT('',(-5.259317180079,-41.16250745485));
#6263 = CARTESIAN_POINT('',(-5.273237855193,-41.91641282048));
#6264 = CARTESIAN_POINT('',(-5.277437039275,-42.14367453928));
#6265 = CARTESIAN_POINT('',(-5.281640848691,-42.37102735718));
#6266 = CARTESIAN_POINT('',(-5.285849362823,-42.59847070199));
#6267 = CARTESIAN_POINT('',(-5.290062660939,-42.82600401158));
#6268 = CARTESIAN_POINT('',(-5.294280822184,-43.05362673393));
#6269 = CARTESIAN_POINT('',(-5.298503925585,-43.28133832708));
#6270 = CARTESIAN_POINT('',(-5.311961866101,-44.00641583155));
#6271 = CARTESIAN_POINT('',(-5.32121560675,-44.5041143379));
#6272 = CARTESIAN_POINT('',(-5.330494095797,-45.00222826681));
#6273 = CARTESIAN_POINT('',(-5.339798149039,-45.50075230328));
#6274 = CARTESIAN_POINT('',(-5.349128574263,-45.99968132865));
#6275 = CARTESIAN_POINT('',(-5.358486171253,-46.49901042066));
#6276 = CARTESIAN_POINT('',(-5.367871731784,-46.9987348534));
#6277 = CARTESIAN_POINT('',(-5.381891502449,-47.74350559428));
#6278 = CARTESIAN_POINT('',(-5.386503844241,-47.98825460903));
#6279 = CARTESIAN_POINT('',(-5.391123227694,-48.23309635697));
#6280 = CARTESIAN_POINT('',(-5.39574981829,-48.47803006505));
#6281 = CARTESIAN_POINT('',(-5.4003837843,-48.72305497184));
#6282 = CARTESIAN_POINT('',(-5.405025296784,-48.96817032751));
#6283 = CARTESIAN_POINT('',(-5.409674529589,-49.21337539381));
#6284 = CARTESIAN_POINT('',(-5.423610916053,-49.94741392286));
#6285 = CARTESIAN_POINT('',(-5.432921532295,-50.43651163778));
#6286 = CARTESIAN_POINT('',(-5.442264891833,-50.92595686369));
#6287 = CARTESIAN_POINT('',(-5.451642441394,-51.41574402142));
#6288 = CARTESIAN_POINT('',(-5.461055690678,-51.90586767786));
#6289 = CARTESIAN_POINT('',(-5.470506212361,-52.39632254595));
#6290 = CARTESIAN_POINT('',(-5.479995642092,-52.88710348465));
#6291 = CARTESIAN_POINT('',(-5.494104577998,-53.614165434));
#6292 = CARTESIAN_POINT('',(-5.49869286472,-53.8501994528));
#6293 = CARTESIAN_POINT('',(-5.503290805496,-54.086306798));
#6294 = CARTESIAN_POINT('',(-5.50789867673,-54.32248671985));
#6295 = CARTESIAN_POINT('',(-5.512516764394,-54.55873847626));
#6296 = CARTESIAN_POINT('',(-5.517145364031,-54.79506133283));
#6297 = CARTESIAN_POINT('',(-5.521784780755,-55.0314545628));
#6298 = CARTESIAN_POINT('',(-5.532277853458,-55.56498780963));
#6299 = CARTESIAN_POINT('',(-5.538137951356,-55.86216810403));
#6300 = CARTESIAN_POINT('',(-5.544016243445,-56.15945690598));
#6301 = CARTESIAN_POINT('',(-5.549913383782,-56.45685280534));
#6302 = CARTESIAN_POINT('',(-5.555830059979,-56.75435440623));
#6303 = CARTESIAN_POINT('',(-5.561766993204,-57.05196032694));
#6304 = CARTESIAN_POINT('',(-5.567724938178,-57.34966920002));
#6305 = CARTESIAN_POINT('',(-5.579602461221,-57.94120792727));
#6306 = CARTESIAN_POINT('',(-5.585521473402,-58.23503500795));
#6307 = CARTESIAN_POINT('',(-5.591462347834,-58.52895981885));
#6308 = CARTESIAN_POINT('',(-5.59742619076,-58.82298050836));
#6309 = CARTESIAN_POINT('',(-5.603413576148,-59.11709626252));
#6310 = CARTESIAN_POINT('',(-5.609425231658,-59.41130611661));
#6311 = CARTESIAN_POINT('',(-5.615462664311,-59.70560784627));
#6312 = CARTESIAN_POINT('',(-5.62152696918,-60.));
#6313 = ( GEOMETRIC_REPRESENTATION_CONTEXT(2) 
PARAMETRIC_REPRESENTATION_CONTEXT() REPRESENTATION_CONTEXT('2D SPACE',''
  ) );
#6314 = PCURVE('',#3833,#6315);
#6315 = DEFINITIONAL_REPRESENTATION('',(#6316),#6445);
#6316 = B_SPLINE_CURVE_WITH_KNOTS('',8,(#6317,#6318,#6319,#6320,#6321,
    #6322,#6323,#6324,#6325,#6326,#6327,#6328,#6329,#6330,#6331,#6332,
    #6333,#6334,#6335,#6336,#6337,#6338,#6339,#6340,#6341,#6342,#6343,
    #6344,#6345,#6346,#6347,#6348,#6349,#6350,#6351,#6352,#6353,#6354,
    #6355,#6356,#6357,#6358,#6359,#6360,#6361,#6362,#6363,#6364,#6365,
    #6366,#6367,#6368,#6369,#6370,#6371,#6372,#6373,#6374,#6375,#6376,
    #6377,#6378,#6379,#6380,#6381,#6382,#6383,#6384,#6385,#6386,#6387,
    #6388,#6389,#6390,#6391,#6392,#6393,#6394,#6395,#6396,#6397,#6398,
    #6399,#6400,#6401,#6402,#6403,#6404,#6405,#6406,#6407,#6408,#6409,
    #6410,#6411,#6412,#6413,#6414,#6415,#6416,#6417,#6418,#6419,#6420,
    #6421,#6422,#6423,#6424,#6425,#6426,#6427,#6428,#6429,#6430,#6431,
    #6432,#6433,#6434,#6435,#6436,#6437,#6438,#6439,#6440,#6441,#6442,
    #6443,#6444),.UNSPECIFIED.,.F.,.F.,(9,7,7,7,7,7,7,7,7,7,7,7,7,7,7,7,
    7,7,9),(0.,5.884725090931E-02,0.118953771377,0.219637989065,
    0.318978972092,0.417068048632,0.437012590688,0.514000056739,
    0.538353160798,0.611022271419,0.637412478362,0.705927004249,
    0.7354759002,0.799979884508,0.831535120078,0.894408423124,
    0.924617178262,0.962568698087,1.),.UNSPECIFIED.);
#6317 = CARTESIAN_POINT('',(0.116024100271,7.142857142857E-02));
#6318 = CARTESIAN_POINT('',(0.116494271907,7.734989458045E-02));
#6319 = CARTESIAN_POINT('',(0.116969249707,8.32783833061E-02));
#6320 = CARTESIAN_POINT('',(0.117449605821,8.921402647136E-02));
#6321 = CARTESIAN_POINT('',(0.11793498499,9.515691225238E-02));
#6322 = CARTESIAN_POINT('',(0.118425735105,0.10110685717));
#6323 = CARTESIAN_POINT('',(0.118921619913,0.107063978705));
#6324 = CARTESIAN_POINT('',(0.119422859154,0.113028192376));
#6325 = CARTESIAN_POINT('',(0.120446925263,0.125098604786));
#6326 = CARTESIAN_POINT('',(0.120969995253,0.13120510825));
#6327 = CARTESIAN_POINT('',(0.121498761108,0.137319007198));
#6328 = CARTESIAN_POINT('',(0.122033329038,0.14344029314));
#6329 = CARTESIAN_POINT('',(0.122573835637,0.149568960699));
#6330 = CARTESIAN_POINT('',(0.123120451481,0.155705007399));
#6331 = CARTESIAN_POINT('',(0.123673384723,0.161848433451));
#6332 = CARTESIAN_POINT('',(0.125170101083,0.178302438191));
#6333 = CARTESIAN_POINT('',(0.126125664796,0.188626332559));
#6334 = CARTESIAN_POINT('',(0.127099810918,0.198970795288));
#6335 = CARTESIAN_POINT('',(0.128092848848,0.209335718047));
#6336 = CARTESIAN_POINT('',(0.129105240855,0.219721015039));
#6337 = CARTESIAN_POINT('',(0.130137680631,0.230126624517));
#6338 = CARTESIAN_POINT('',(0.131191171851,0.240552510288));
#6339 = CARTESIAN_POINT('',(0.133328687487,0.261305453364));
#6340 = CARTESIAN_POINT('',(0.13441205239,0.271631956271));
#6341 = CARTESIAN_POINT('',(0.135517593631,0.281978020221));
#6342 = CARTESIAN_POINT('',(0.136645773668,0.29234351243));
#6343 = CARTESIAN_POINT('',(0.137797210889,0.302728320799));
#6344 = CARTESIAN_POINT('',(0.138972765279,0.313132355658));
#6345 = CARTESIAN_POINT('',(0.140173624085,0.323555551508));
#6346 = CARTESIAN_POINT('',(0.142613678462,0.344308590738));
#6347 = CARTESIAN_POINT('',(0.143852155297,0.354637940892));
#6348 = CARTESIAN_POINT('',(0.145117420142,0.364985744749));
#6349 = CARTESIAN_POINT('',(0.14641014454,0.375351844766));
#6350 = CARTESIAN_POINT('',(0.147731163114,0.385736102238));
#6351 = CARTESIAN_POINT('',(0.149081567266,0.396138399201));
#6352 = CARTESIAN_POINT('',(0.150462798875,0.40655864034));
#6353 = CARTESIAN_POINT('',(0.15216424275,0.419119146314));
#6354 = CARTESIAN_POINT('',(0.152453093225,0.421242276362));
#6355 = CARTESIAN_POINT('',(0.152743302992,0.423366143266));
#6356 = CARTESIAN_POINT('',(0.153034879862,0.425490745296));
#6357 = CARTESIAN_POINT('',(0.15332783188,0.427616080754));
#6358 = CARTESIAN_POINT('',(0.153622167326,0.429742147981));
#6359 = CARTESIAN_POINT('',(0.153917894713,0.431868945353));
#6360 = CARTESIAN_POINT('',(0.155361960011,0.442208884969));
#6361 = CARTESIAN_POINT('',(0.156529766885,0.450432153028));
#6362 = CARTESIAN_POINT('',(0.157718953958,0.458666185937));
#6363 = CARTESIAN_POINT('',(0.158930090879,0.466910900361));
#6364 = CARTESIAN_POINT('',(0.160163840958,0.475166219754));
#6365 = CARTESIAN_POINT('',(0.161420995721,0.483432074963));
#6366 = CARTESIAN_POINT('',(0.162702509467,0.49170840483));
#6367 = CARTESIAN_POINT('',(0.164422979052,0.502616468331));
#6368 = CARTESIAN_POINT('',(0.164838977131,0.505238822569));
#6369 = CARTESIAN_POINT('',(0.165257548839,0.507862215818));
#6370 = CARTESIAN_POINT('',(0.165678715617,0.510486644462));
#6371 = CARTESIAN_POINT('',(0.166102499578,0.513112104963));
#6372 = CARTESIAN_POINT('',(0.166528923501,0.51573859386));
#6373 = CARTESIAN_POINT('',(0.166958010836,0.518366107766));
#6374 = CARTESIAN_POINT('',(0.168678192107,0.528838134057));
#6375 = CARTESIAN_POINT('',(0.169990528636,0.536690721038));
#6376 = CARTESIAN_POINT('',(0.17132744392,0.544552317831));
#6377 = CARTESIAN_POINT('',(0.172689650667,0.552422842556));
#6378 = CARTESIAN_POINT('',(0.174077956293,0.560302218371));
#6379 = CARTESIAN_POINT('',(0.175493293564,0.568190373899));
#6380 = CARTESIAN_POINT('',(0.176936751232,0.576087243657));
#6381 = CARTESIAN_POINT('',(0.178944479903,0.586863705451));
#6382 = CARTESIAN_POINT('',(0.179483228836,0.589735783309));
#6383 = CARTESIAN_POINT('',(0.180025891292,0.592608996757));
#6384 = CARTESIAN_POINT('',(0.180572508324,0.595483340595));
#6385 = CARTESIAN_POINT('',(0.181123122227,0.598358809723));
#6386 = CARTESIAN_POINT('',(0.181677776532,0.60123539914));
#6387 = CARTESIAN_POINT('',(0.182236516007,0.604113103945));
#6388 = CARTESIAN_POINT('',(0.184260717217,0.614465929377));
#6389 = CARTESIAN_POINT('',(0.18574989329,0.621947424201));
#6390 = CARTESIAN_POINT('',(0.187267729387,0.629436321003));
#6391 = CARTESIAN_POINT('',(0.188815107362,0.636932540183));
#6392 = CARTESIAN_POINT('',(0.190393005024,0.64443600573));
#6393 = CARTESIAN_POINT('',(0.192002524763,0.651946645623));
#6394 = CARTESIAN_POINT('',(0.193644922158,0.659464392212));
#6395 = CARTESIAN_POINT('',(0.196044765949,0.670234468864));
#6396 = CARTESIAN_POINT('',(0.196774278292,0.673481064847));
#6397 = CARTESIAN_POINT('',(0.197510255747,0.676728962246));
#6398 = CARTESIAN_POINT('',(0.198252785174,0.679978152886));
#6399 = CARTESIAN_POINT('',(0.199001956178,0.683228628737));
#6400 = CARTESIAN_POINT('',(0.199757861105,0.686480381913));
#6401 = CARTESIAN_POINT('',(0.200520595045,0.689733404673));
#6402 = CARTESIAN_POINT('',(0.202970392622,0.700091654737));
#6403 = CARTESIAN_POINT('',(0.204683565701,0.707201633399));
#6404 = CARTESIAN_POINT('',(0.2064307501,0.714317546669));
#6405 = CARTESIAN_POINT('',(0.208213049897,0.721439318618));
#6406 = CARTESIAN_POINT('',(0.210031698218,0.728566876124));
#6407 = CARTESIAN_POINT('',(0.211888057239,0.735700148867));
#6408 = CARTESIAN_POINT('',(0.213783618182,0.742839069334));
#6409 = CARTESIAN_POINT('',(0.216667276541,0.753478651347));
#6410 = CARTESIAN_POINT('',(0.217624328582,0.756975065843));
#6411 = CARTESIAN_POINT('',(0.218591313475,0.7604728051));
#6412 = CARTESIAN_POINT('',(0.219568392538,0.763971858072));
#6413 = CARTESIAN_POINT('',(0.220555732368,0.767472213884));
#6414 = CARTESIAN_POINT('',(0.221553504847,0.770973861822));
#6415 = CARTESIAN_POINT('',(0.222561887136,0.77447679134));
#6416 = CARTESIAN_POINT('',(0.225611750692,0.784963056041));
#6417 = CARTESIAN_POINT('',(0.227685317183,0.791950166254));
#6418 = CARTESIAN_POINT('',(0.229803157264,0.79894224091));
#6419 = CARTESIAN_POINT('',(0.231966828412,0.805939200306));
#6420 = CARTESIAN_POINT('',(0.23417804947,0.812940966827));
#6421 = CARTESIAN_POINT('',(0.236438700654,0.819947464942));
#6422 = CARTESIAN_POINT('',(0.238750823547,0.826958621209));
#6423 = CARTESIAN_POINT('',(0.242253316571,0.837345220486));
#6424 = CARTESIAN_POINT('',(0.243402406022,0.84071713504));
#6425 = CARTESIAN_POINT('',(0.244564102388,0.844090097114));
#6426 = CARTESIAN_POINT('',(0.245738625382,0.847464095998));
#6427 = CARTESIAN_POINT('',(0.246926201491,0.85083912109));
#6428 = CARTESIAN_POINT('',(0.248127063978,0.854215161898));
#6429 = CARTESIAN_POINT('',(0.249341452882,0.85759220804));
#6430 = CARTESIAN_POINT('',(0.2521125657,0.865214111566));
#6431 = CARTESIAN_POINT('',(0.253677258778,0.869459544343));
#6432 = CARTESIAN_POINT('',(0.255264180924,0.873706527228));
#6433 = CARTESIAN_POINT('',(0.256873844805,0.877955040076));
#6434 = CARTESIAN_POINT('',(0.258506789081,0.882205062946));
#6435 = CARTESIAN_POINT('',(0.260163578404,0.886456576099));
#6436 = CARTESIAN_POINT('',(0.261844803419,0.89070956));
#6437 = CARTESIAN_POINT('',(0.265233969423,0.899160113247));
#6438 = CARTESIAN_POINT('',(0.266941221064,0.903357642971));
#6439 = CARTESIAN_POINT('',(0.268673491467,0.907556568841));
#6440 = CARTESIAN_POINT('',(0.270431277207,0.911756864405));
#6441 = CARTESIAN_POINT('',(0.272215352967,0.915958518036));
#6442 = CARTESIAN_POINT('',(0.274026492364,0.920161515952));
#6443 = CARTESIAN_POINT('',(0.27586520164,0.924365826375));
#6444 = CARTESIAN_POINT('',(0.277732195566,0.928571428571));
#6445 = ( GEOMETRIC_REPRESENTATION_CONTEXT(2) 
PARAMETRIC_REPRESENTATION_CONTEXT() REPRESENTATION_CONTEXT('2D SPACE',''
  ) );
#6446 = ORIENTED_EDGE('',*,*,#3782,.T.);
#6447 = ORIENTED_EDGE('',*,*,#6448,.T.);
#6448 = EDGE_CURVE('',#3785,#5933,#6449,.T.);
#6449 = SURFACE_CURVE('',#6450,(#6572,#6733),.PCURVE_S1.);
#6450 = B_SPLINE_CURVE_WITH_KNOTS('',8,(#6451,#6452,#6453,#6454,#6455,
    #6456,#6457,#6458,#6459,#6460,#6461,#6462,#6463,#6464,#6465,#6466,
    #6467,#6468,#6469,#6470,#6471,#6472,#6473,#6474,#6475,#6476,#6477,
    #6478,#6479,#6480,#6481,#6482,#6483,#6484,#6485,#6486,#6487,#6488,
    #6489,#6490,#6491,#6492,#6493,#6494,#6495,#6496,#6497,#6498,#6499,
    #6500,#6501,#6502,#6503,#6504,#6505,#6506,#6507,#6508,#6509,#6510,
    #6511,#6512,#6513,#6514,#6515,#6516,#6517,#6518,#6519,#6520,#6521,
    #6522,#6523,#6524,#6525,#6526,#6527,#6528,#6529,#6530,#6531,#6532,
    #6533,#6534,#6535,#6536,#6537,#6538,#6539,#6540,#6541,#6542,#6543,
    #6544,#6545,#6546,#6547,#6548,#6549,#6550,#6551,#6552,#6553,#6554,
    #6555,#6556,#6557,#6558,#6559,#6560,#6561,#6562,#6563,#6564,#6565,
    #6566,#6567,#6568,#6569,#6570,#6571),.UNSPECIFIED.,.F.,.F.,(9,7,7,7,
    7,7,7,7,7,7,7,7,7,7,7,7,7,9),(0.,6.325184324448E-02,0.126531868405,
    0.236013929138,0.342702803332,0.361833484283,0.4480097243,
    0.471932319118,0.552037369422,0.656124898807,0.686888136976,
    0.757905506095,0.790805048065,0.858739292689,0.893768716968,
    0.95994423744,1.036560249754,1.073078555514),.UNSPECIFIED.);
#6451 = CARTESIAN_POINT('',(29.858813901506,-40.10550127345,
    2.23366299002E-16));
#6452 = CARTESIAN_POINT('',(30.000884893831,-39.69831802754,
    0.414453149699));
#6453 = CARTESIAN_POINT('',(30.138174212772,-39.29068775503,
    0.82941897093));
#6454 = CARTESIAN_POINT('',(30.270672763006,-38.88267434617,
    1.24489678127));
#6455 = CARTESIAN_POINT('',(30.398355546049,-38.47435065919,
    1.66089278414));
#6456 = CARTESIAN_POINT('',(30.521248722033,-38.06576478541,
    2.077394377758));
#6457 = CARTESIAN_POINT('',(30.639322537325,-37.65699332476,
    2.494409786494));
#6458 = CARTESIAN_POINT('',(30.752586117679,-37.24809463143,
    2.911933256507));
#6459 = CARTESIAN_POINT('',(30.969526011445,-36.42999524303,
    3.748184208122));
#6460 = CARTESIAN_POINT('',(31.073198643991,-36.02079421426,
    4.166911975439));
#6461 = CARTESIAN_POINT('',(31.17204615489,-35.61159837334,
    4.586148246872));
#6462 = CARTESIAN_POINT('',(31.266065369607,-35.20247391075,
    5.005892551958));
#6463 = CARTESIAN_POINT('',(31.355253587324,-34.79348779102,
    5.426144609815));
#6464 = CARTESIAN_POINT('',(31.43960858094,-34.38470775267,
    5.846904329148));
#6465 = CARTESIAN_POINT('',(31.51912859707,-33.97620230823,
    6.268171808242));
#6466 = CARTESIAN_POINT('',(31.723024248973,-32.86187210702,
    7.419669766566));
#6467 = CARTESIAN_POINT('',(31.837760418429,-32.15673276668,
    8.150912419392));
#6468 = CARTESIAN_POINT('',(31.938045406139,-31.45296121475,
    8.883666405259));
#6469 = CARTESIAN_POINT('',(32.023906945816,-30.75090129547,
    9.617924336299));
#6470 = CARTESIAN_POINT('',(32.095376693035,-30.0509025244,
    10.353680434979));
#6471 = CARTESIAN_POINT('',(32.152490955117,-29.35332040701,
    11.090930644106));
#6472 = CARTESIAN_POINT('',(32.195291420997,-28.65851675722,
    11.829672736843));
#6473 = CARTESIAN_POINT('',(32.251632368916,-27.29284932821,
    13.291254732415));
#6474 = CARTESIAN_POINT('',(32.265893317785,-26.62182601958,
    14.014018266604));
#6475 = CARTESIAN_POINT('',(32.266680786488,-25.95410759084,
    14.738186949165));
#6476 = CARTESIAN_POINT('',(32.254070384757,-25.29001585654,
    15.463751978486));
#6477 = CARTESIAN_POINT('',(32.22814195308,-24.62987720562,
    16.190705948204));
#6478 = CARTESIAN_POINT('',(32.188980232484,-23.9740228619,
    16.919042963945));
#6479 = CARTESIAN_POINT('',(32.136675534334,-23.3227891447,
    17.648758760064));
#6480 = CARTESIAN_POINT('',(32.059606116936,-22.56063299117,
    18.510944981368));
#6481 = CARTESIAN_POINT('',(32.04746838161,-22.44490777417,
    18.642083372596));
#6482 = CARTESIAN_POINT('',(32.03491191532,-22.32934388728,
    18.773265917433));
#6483 = CARTESIAN_POINT('',(32.021937433805,-22.21394314289,
    18.904492544845));
#6484 = CARTESIAN_POINT('',(32.008545657365,-22.0987073568,
    19.035763185407));
#6485 = CARTESIAN_POINT('',(31.994737310861,-21.98363834826,
    19.1670777713));
#6486 = CARTESIAN_POINT('',(31.980513123713,-21.86873793993,
    19.298436236311));
#6487 = CARTESIAN_POINT('',(31.899929533396,-21.23719423387,
    20.021754423494));
#6488 = CARTESIAN_POINT('',(31.825562103684,-20.72383881884,
    20.614559292175));
#6489 = CARTESIAN_POINT('',(31.742838662841,-20.21410848145,
    21.208247361591));
#6490 = CARTESIAN_POINT('',(31.651828257672,-19.70817166822,
    21.802813390599));
#6491 = CARTESIAN_POINT('',(31.552602115412,-19.20619856934,
    22.398252700011));
#6492 = CARTESIAN_POINT('',(31.445233899413,-18.70836118442,
    22.994561215413));
#6493 = CARTESIAN_POINT('',(31.329799964841,-18.21483338824,
    23.591735509981));
#6494 = CARTESIAN_POINT('',(31.172118023976,-17.59003242793,
    24.355788502006));
#6495 = CARTESIAN_POINT('',(31.137241014014,-17.45461948455,
    24.521870644243));
#6496 = CARTESIAN_POINT('',(31.101750563973,-17.31955555564,
    24.688019106192));
#6497 = CARTESIAN_POINT('',(31.065648665365,-17.18484403698,
    24.854233723798));
#6498 = CARTESIAN_POINT('',(31.028937321722,-17.05048833081,
    25.020514336774));
#6499 = CARTESIAN_POINT('',(30.991618548592,-16.9164918458,
    25.186860788598));
#6500 = CARTESIAN_POINT('',(30.953694373541,-16.78285799711,
    25.353272926514));
#6501 = CARTESIAN_POINT('',(30.786156988186,-16.20334166319,
    26.07720277733));
#6502 = CARTESIAN_POINT('',(30.6503819478,-15.76119762603,
    26.635389707115));
#6503 = CARTESIAN_POINT('',(30.507918305261,-15.32328646721,
    27.194305911647));
#6504 = CARTESIAN_POINT('',(30.358844252574,-14.88973756876,
    27.753946266547));
#6505 = CARTESIAN_POINT('',(30.203239768084,-14.4606813562,
    28.314306035411));
#6506 = CARTESIAN_POINT('',(30.041186801068,-14.03624933239,
    28.875380902922));
#6507 = CARTESIAN_POINT('',(29.872769456333,-13.61657411137,
    29.437167007959));
#6508 = CARTESIAN_POINT('',(29.471077257105,-12.66282330432,
    30.730558807482));
#6509 = CARTESIAN_POINT('',(29.233480747146,-12.13211484288,
    31.462651311228));
#6510 = CARTESIAN_POINT('',(28.985495270949,-11.60992204695,
    32.19592296369));
#6511 = CARTESIAN_POINT('',(28.727335548469,-11.09650477647,
    32.930359113182));
#6512 = CARTESIAN_POINT('',(28.459221081592,-10.59212485018,
    33.665946116347));
#6513 = CARTESIAN_POINT('',(28.181376838122,-10.09704612337,
    34.402671473908));
#6514 = CARTESIAN_POINT('',(27.894033935765,-9.611534565736,
    35.140523966418));
#6515 = CARTESIAN_POINT('',(27.509768648124,-8.995271458735,
    36.097897520193));
#6516 = CARTESIAN_POINT('',(27.421298126522,-8.855543569643,
    36.316398783897));
#6517 = CARTESIAN_POINT('',(27.332025368427,-8.716680577235,
    36.534997111886));
#6518 = CARTESIAN_POINT('',(27.241957014017,-8.578688392516,
    36.753692043856));
#6519 = CARTESIAN_POINT('',(27.151099736541,-8.441572932156,
    36.972483128436));
#6520 = CARTESIAN_POINT('',(27.059460242325,-8.305340118496,
    37.191369923193));
#6521 = CARTESIAN_POINT('',(26.967045270764,-8.169995879545,
    37.410351994622));
#6522 = CARTESIAN_POINT('',(26.658745763254,-7.725167050025,
    38.135171085441));
#6523 = CARTESIAN_POINT('',(26.439533457948,-7.419555036991,
    38.641418706219));
#6524 = CARTESIAN_POINT('',(26.216307796023,-7.11878307515,
    39.148166590141));
#6525 = CARTESIAN_POINT('',(25.989153158919,-6.822924405339,
    39.655409753679));
#6526 = CARTESIAN_POINT('',(25.758155191905,-6.532052543964,
    40.163143420121));
#6527 = CARTESIAN_POINT('',(25.523400804082,-6.246241282994,
    40.671363019578));
#6528 = CARTESIAN_POINT('',(25.284978168379,-5.965564689964,
    41.180064188979));
#6529 = CARTESIAN_POINT('',(24.930867010153,-5.562483858039,
    41.925125097371));
#6530 = CARTESIAN_POINT('',(24.817989312499,-5.435988427359,
    42.161109853552));
#6531 = CARTESIAN_POINT('',(24.704352989788,-5.3106168279,
    42.397196394954));
#6532 = CARTESIAN_POINT('',(24.589967442386,-5.186375071189,
    42.633384086377));
#6533 = CARTESIAN_POINT('',(24.474842109832,-5.063269168312,
    42.869672303086));
#6534 = CARTESIAN_POINT('',(24.358986470834,-4.94130512991,
    43.106060430806));
#6535 = CARTESIAN_POINT('',(24.242410043275,-4.820488966185,
    43.342547865727));
#6536 = CARTESIAN_POINT('',(23.882935166842,-4.453736117646,
    44.067660612228));
#6537 = CARTESIAN_POINT('',(23.637715508616,-4.211565520857,
    44.556608070957));
#6538 = CARTESIAN_POINT('',(23.389547400489,-3.974367790893,
    45.045971197719));
#6539 = CARTESIAN_POINT('',(23.138515820724,-3.742195896571,
    45.535744942234));
#6540 = CARTESIAN_POINT('',(22.884706734883,-3.515102881165,
    46.025924396904));
#6541 = CARTESIAN_POINT('',(22.628207095833,-3.293141862402,
    46.516504796821));
#6542 = CARTESIAN_POINT('',(22.369104843742,-3.076366032468,
    47.007481519763));
#6543 = CARTESIAN_POINT('',(21.972589994211,-2.755752116676,
    47.752218002275));
#6544 = CARTESIAN_POINT('',(21.837022770797,-2.648068397875,
    48.005690090845));
#6545 = CARTESIAN_POINT('',(21.700799827804,-2.54178299968,
    48.259265486228));
#6546 = CARTESIAN_POINT('',(21.563933798045,-2.436901411333,
    48.512943334108));
#6547 = CARTESIAN_POINT('',(21.426437355178,-2.333429113234,
    48.766722791527));
#6548 = CARTESIAN_POINT('',(21.288323213708,-2.231371576942,
    49.020603026887));
#6549 = CARTESIAN_POINT('',(21.149604128991,-2.130734265177,
    49.27458321995));
#6550 = CARTESIAN_POINT('',(20.747114342064,-1.844097870782,
    50.008654255583));
#6551 = CARTESIAN_POINT('',(20.481822600699,-1.661761157679,
    50.488999757593));
#6552 = CARTESIAN_POINT('',(20.214503828877,-1.484549272369,
    50.9696936483));
#6553 = CARTESIAN_POINT('',(19.945244942421,-1.312498941314,
    51.45073059787));
#6554 = CARTESIAN_POINT('',(19.674133617232,-1.145646837567,
    51.932105366197));
#6555 = CARTESIAN_POINT('',(19.401258289289,-0.984029580781,
    52.413812802906));
#6556 = CARTESIAN_POINT('',(19.126708154644,-0.827683737201,
    52.895847847353));
#6557 = CARTESIAN_POINT('',(18.530872451152,-0.50177869559,
    53.936664635313));
#6558 = CARTESIAN_POINT('',(18.209047610932,-0.33402535818,
    54.49555601546));
#6559 = CARTESIAN_POINT('',(17.885240382744,-0.173422371234,
    55.054869705051));
#6560 = CARTESIAN_POINT('',(17.559593090704,-2.000600980924E-02,
    55.614595920117));
#6561 = CARTESIAN_POINT('',(17.232248742675,0.126187690396,
    56.174725028642));
#6562 = CARTESIAN_POINT('',(16.90335053667,0.265123211091,
    56.735247695219));
#6563 = CARTESIAN_POINT('',(16.573043233602,0.396764743753,
    57.296154479986));
#6564 = CARTESIAN_POINT('',(16.083432006932,0.580329056314,
    58.124965662325));
#6565 = CARTESIAN_POINT('',(15.925104647232,0.637916322928,
    58.392580432845));
#6566 = CARTESIAN_POINT('',(15.766505931342,0.693833589496,
    58.660279446587));
#6567 = CARTESIAN_POINT('',(15.607651638639,0.748080131367,
    58.928061385545));
#6568 = CARTESIAN_POINT('',(15.448557644191,0.800648721671,
    59.195925529621));
#6569 = CARTESIAN_POINT('',(15.289239867186,0.851534221141,
    59.463871009419));
#6570 = CARTESIAN_POINT('',(15.129714201868,0.900740338027,
    59.731896181372));
#6571 = CARTESIAN_POINT('',(14.969996549899,0.948263305209,60.));
#6572 = PCURVE('',#3801,#6573);
#6573 = DEFINITIONAL_REPRESENTATION('',(#6574),#6732);
#6574 = B_SPLINE_CURVE_WITH_KNOTS('',3,(#6575,#6576,#6577,#6578,#6579,
    #6580,#6581,#6582,#6583,#6584,#6585,#6586,#6587,#6588,#6589,#6590,
    #6591,#6592,#6593,#6594,#6595,#6596,#6597,#6598,#6599,#6600,#6601,
    #6602,#6603,#6604,#6605,#6606,#6607,#6608,#6609,#6610,#6611,#6612,
    #6613,#6614,#6615,#6616,#6617,#6618,#6619,#6620,#6621,#6622,#6623,
    #6624,#6625,#6626,#6627,#6628,#6629,#6630,#6631,#6632,#6633,#6634,
    #6635,#6636,#6637,#6638,#6639,#6640,#6641,#6642,#6643,#6644,#6645,
    #6646,#6647,#6648,#6649,#6650,#6651,#6652,#6653,#6654,#6655,#6656,
    #6657,#6658,#6659,#6660,#6661,#6662,#6663,#6664,#6665,#6666,#6667,
    #6668,#6669,#6670,#6671,#6672,#6673,#6674,#6675,#6676,#6677,#6678,
    #6679,#6680,#6681,#6682,#6683,#6684,#6685,#6686,#6687,#6688,#6689,
    #6690,#6691,#6692,#6693,#6694,#6695,#6696,#6697,#6698,#6699,#6700,
    #6701,#6702,#6703,#6704,#6705,#6706,#6707,#6708,#6709,#6710,#6711,
    #6712,#6713,#6714,#6715,#6716,#6717,#6718,#6719,#6720,#6721,#6722,
    #6723,#6724,#6725,#6726,#6727,#6728,#6729,#6730,#6731),
  .UNSPECIFIED.,.F.,.F.,(4,1,1,1,1,1,1,1,1,1,1,1,1,1,1,1,1,1,1,1,1,1,1,1
    ,1,1,1,1,1,1,1,1,1,1,1,1,1,1,1,1,1,1,1,1,1,1,1,1,1,1,1,1,1,1,1,1,1,1
    ,1,1,1,1,1,1,1,1,1,1,1,1,1,1,1,1,1,1,1,1,1,1,1,1,1,1,1,1,1,1,1,1,1,1
    ,1,1,1,1,1,1,1,1,1,1,1,1,1,1,1,1,1,1,1,1,1,1,1,1,1,1,1,1,1,1,1,1,1,1
    ,1,1,1,1,1,1,1,1,1,1,1,1,1,1,1,1,1,1,1,1,1,1,1,1,1,1,1,1,4),(0.,
    6.968042568272E-03,1.393608513654E-02,2.090412770482E-02,
    2.787217027309E-02,3.484021284136E-02,4.180825540963E-02,
    4.877629797791E-02,5.574434054618E-02,6.271238311445E-02,
    6.968042568272E-02,7.6648468251E-02,8.361651081927E-02,
    9.058455338754E-02,9.755259595581E-02,0.104520638524,0.111488681092,
    0.118456723661,0.125424766229,0.132392808797,0.139360851365,
    0.146328893934,0.153296936502,0.16026497907,0.167233021639,
    0.174201064207,0.181169106775,0.188137149343,0.195105191912,
    0.20207323448,0.209041277048,0.216009319616,0.222977362185,
    0.229945404753,0.236913447321,0.24388148989,0.250849532458,
    0.257817575026,0.264785617594,0.271753660163,0.278721702731,
    0.285689745299,0.292657787867,0.299625830436,0.306593873004,
    0.313561915572,0.320529958141,0.327498000709,0.334466043277,
    0.341434085845,0.348402128414,0.355370170982,0.36233821355,
    0.369306256118,0.376274298687,0.383242341255,0.390210383823,
    0.397178426392,0.40414646896,0.411114511528,0.418082554096,
    0.425050596665,0.432018639233,0.438986681801,0.445954724369,
    0.452922766938,0.459890809506,0.466858852074,0.473826894643,
    0.480794937211,0.487762979779,0.494731022347,0.501699064916,
    0.508667107484,0.515635150052,0.52260319262,0.529571235189,
    0.536539277757,0.543507320325,0.550475362894,0.557443405462,
    0.56441144803,0.571379490598,0.578347533167,0.585315575735,
    0.592283618303,0.599251660871,0.60621970344,0.613187746008,
    0.620155788576,0.627123831145,0.634091873713,0.641059916281,
    0.648027958849,0.654996001418,0.661964043986,0.668932086554,
    0.675900129122,0.682868171691,0.689836214259,0.696804256827,
    0.703772299396,0.710740341964,0.717708384532,0.7246764271,
    0.731644469669,0.738612512237,0.745580554805,0.752548597373,
    0.759516639942,0.76648468251,0.773452725078,0.780420767647,
    0.787388810215,0.794356852783,0.801324895351,0.80829293792,
    0.815260980488,0.822229023056,0.829197065624,0.836165108193,
    0.843133150761,0.850101193329,0.857069235897,0.864037278466,
    0.871005321034,0.877973363602,0.884941406171,0.891909448739,
    0.898877491307,0.905845533875,0.912813576444,0.919781619012,
    0.92674966158,0.933717704148,0.940685746717,0.947653789285,
    0.954621831853,0.961589874422,0.96855791699,0.975525959558,
    0.982494002126,0.989462044695,0.996430087263,1.003398129831,
    1.010366172399,1.017334214968,1.024302257536,1.031270300104,
    1.038238342673,1.045206385241,1.052174427809,1.059142470377,
    1.066110512946,1.073078555514),.QUASI_UNIFORM_KNOTS.);
#6575 = CARTESIAN_POINT('',(-5.352365089021,-1.666567204989E-16));
#6576 = CARTESIAN_POINT('',(-5.354463288308,-0.12175358183));
#6577 = CARTESIAN_POINT('',(-5.358661399724,-0.365376895245));
#6578 = CARTESIAN_POINT('',(-5.364963671264,-0.731160421295));
#6579 = CARTESIAN_POINT('',(-5.371271002579,-1.097292775412));
#6580 = CARTESIAN_POINT('',(-5.377583385884,-1.463773650582));
#6581 = CARTESIAN_POINT('',(-5.383900829664,-1.830602450974));
#6582 = CARTESIAN_POINT('',(-5.390223340835,-2.197778582831));
#6583 = CARTESIAN_POINT('',(-5.396550915912,-2.565301598869));
#6584 = CARTESIAN_POINT('',(-5.402883546534,-2.933171110205));
#6585 = CARTESIAN_POINT('',(-5.40922122932,-3.301386617836));
#6586 = CARTESIAN_POINT('',(-5.415563946571,-3.669947875733));
#6587 = CARTESIAN_POINT('',(-5.421911682917,-4.038854599293));
#6588 = CARTESIAN_POINT('',(-5.428264415563,-4.408106571388));
#6589 = CARTESIAN_POINT('',(-5.434622117941,-4.777703608217));
#6590 = CARTESIAN_POINT('',(-5.440984758582,-5.147645570785));
#6591 = CARTESIAN_POINT('',(-5.447352301192,-5.517932365038));
#6592 = CARTESIAN_POINT('',(-5.453724704555,-5.888563944123));
#6593 = CARTESIAN_POINT('',(-5.460101921895,-6.259540313711));
#6594 = CARTESIAN_POINT('',(-5.466483902567,-6.630861523133));
#6595 = CARTESIAN_POINT('',(-5.47287058494,-7.002527710398));
#6596 = CARTESIAN_POINT('',(-5.479261969135,-7.374538110908));
#6597 = CARTESIAN_POINT('',(-5.485658058426,-7.746892011577));
#6598 = CARTESIAN_POINT('',(-5.492058849331,-8.119588741227));
#6599 = CARTESIAN_POINT('',(-5.498464334127,-8.49262767242));
#6600 = CARTESIAN_POINT('',(-5.504874500043,-8.866008221974));
#6601 = CARTESIAN_POINT('',(-5.511289329339,-9.239729851816));
#6602 = CARTESIAN_POINT('',(-5.517708799141,-9.613792069742));
#6603 = CARTESIAN_POINT('',(-5.524132881335,-9.988194430181));
#6604 = CARTESIAN_POINT('',(-5.530561542427,-10.36293653502));
#6605 = CARTESIAN_POINT('',(-5.536994743424,-10.73801803418));
#6606 = CARTESIAN_POINT('',(-5.543432439654,-11.11343862711));
#6607 = CARTESIAN_POINT('',(-5.549874580751,-11.48919806084));
#6608 = CARTESIAN_POINT('',(-5.556321109989,-11.86529614098));
#6609 = CARTESIAN_POINT('',(-5.562771966034,-12.24173269422));
#6610 = CARTESIAN_POINT('',(-5.569227075606,-12.61850771213));
#6611 = CARTESIAN_POINT('',(-5.575686380766,-12.99562080139));
#6612 = CARTESIAN_POINT('',(-5.582149888445,-13.37307087465));
#6613 = CARTESIAN_POINT('',(-5.588617588512,-13.75085709832));
#6614 = CARTESIAN_POINT('',(-5.595089468305,-14.12897862266));
#6615 = CARTESIAN_POINT('',(-5.601565508555,-14.50743465527));
#6616 = CARTESIAN_POINT('',(-5.608045684291,-14.88622444258));
#6617 = CARTESIAN_POINT('',(-5.614529964398,-15.26534727602));
#6618 = CARTESIAN_POINT('',(-5.621018311524,-15.64480249145));
#6619 = CARTESIAN_POINT('',(-5.627510681885,-16.02458947058));
#6620 = CARTESIAN_POINT('',(-5.634007025082,-16.40470764172));
#6621 = CARTESIAN_POINT('',(-5.640507283916,-16.78515648072));
#6622 = CARTESIAN_POINT('',(-5.64701139414,-17.16593551212));
#6623 = CARTESIAN_POINT('',(-5.653519284401,-17.5470443093));
#6624 = CARTESIAN_POINT('',(-5.660030875441,-17.92848249844));
#6625 = CARTESIAN_POINT('',(-5.666546081985,-18.3102497482));
#6626 = CARTESIAN_POINT('',(-5.673064804571,-18.69234581291));
#6627 = CARTESIAN_POINT('',(-5.679587027915,-19.07476948903));
#6628 = CARTESIAN_POINT('',(-5.686112736502,-19.45751967324));
#6629 = CARTESIAN_POINT('',(-5.692641905992,-19.84059526762));
#6630 = CARTESIAN_POINT('',(-5.699174506468,-20.22399525448));
#6631 = CARTESIAN_POINT('',(-5.705710501102,-20.60771867474));
#6632 = CARTESIAN_POINT('',(-5.712249845562,-20.99176460322));
#6633 = CARTESIAN_POINT('',(-5.718792487898,-21.37613215654));
#6634 = CARTESIAN_POINT('',(-5.725338368278,-21.76082049224));
#6635 = CARTESIAN_POINT('',(-5.731887418747,-22.14582881035));
#6636 = CARTESIAN_POINT('',(-5.738439562989,-22.53115635403));
#6637 = CARTESIAN_POINT('',(-5.74499471597,-22.91680241129));
#6638 = CARTESIAN_POINT('',(-5.751552783974,-23.30276631343));
#6639 = CARTESIAN_POINT('',(-5.758113663087,-23.6890474456));
#6640 = CARTESIAN_POINT('',(-5.764677243437,-24.07564521208));
#6641 = CARTESIAN_POINT('',(-5.77124339184,-24.46255917079));
#6642 = CARTESIAN_POINT('',(-5.777812060958,-24.8497880719));
#6643 = CARTESIAN_POINT('',(-5.784383223702,-25.23733053857));
#6644 = CARTESIAN_POINT('',(-5.790956838059,-25.62518529351));
#6645 = CARTESIAN_POINT('',(-5.797532854978,-26.0133510563));
#6646 = CARTESIAN_POINT('',(-5.804111217177,-26.40182664032));
#6647 = CARTESIAN_POINT('',(-5.810691858381,-26.7906108964));
#6648 = CARTESIAN_POINT('',(-5.817274702779,-27.17970271151));
#6649 = CARTESIAN_POINT('',(-5.823859664769,-27.56910101052));
#6650 = CARTESIAN_POINT('',(-5.830446648583,-27.95880475714));
#6651 = CARTESIAN_POINT('',(-5.83703554796,-28.34881295498));
#6652 = CARTESIAN_POINT('',(-5.843626245655,-28.73912464905));
#6653 = CARTESIAN_POINT('',(-5.850218613424,-29.12973892534));
#6654 = CARTESIAN_POINT('',(-5.856812510165,-29.52065491767));
#6655 = CARTESIAN_POINT('',(-5.863407786802,-29.9118717873));
#6656 = CARTESIAN_POINT('',(-5.870004265923,-30.30338880451));
#6657 = CARTESIAN_POINT('',(-5.876601870459,-30.69520444282));
#6658 = CARTESIAN_POINT('',(-5.883200546566,-31.08731716531));
#6659 = CARTESIAN_POINT('',(-5.889800221471,-31.47972548006));
#6660 = CARTESIAN_POINT('',(-5.8964008138,-31.87242792438));
#6661 = CARTESIAN_POINT('',(-5.903002230312,-32.2654230706));
#6662 = CARTESIAN_POINT('',(-5.909604366241,-32.65870952611));
#6663 = CARTESIAN_POINT('',(-5.916207104643,-33.05228593488));
#6664 = CARTESIAN_POINT('',(-5.922810315979,-33.44615097862));
#6665 = CARTESIAN_POINT('',(-5.929413857593,-33.84030337803));
#6666 = CARTESIAN_POINT('',(-5.936017573207,-34.23474189402));
#6667 = CARTESIAN_POINT('',(-5.942621292296,-34.62946532896));
#6668 = CARTESIAN_POINT('',(-5.949224829719,-35.02447252776));
#6669 = CARTESIAN_POINT('',(-5.955827984298,-35.4197623796));
#6670 = CARTESIAN_POINT('',(-5.962430541105,-35.81533381747));
#6671 = CARTESIAN_POINT('',(-5.969032259777,-36.21118582553));
#6672 = CARTESIAN_POINT('',(-5.975633035251,-36.6073165174));
#6673 = CARTESIAN_POINT('',(-5.982232756308,-37.00372412959));
#6674 = CARTESIAN_POINT('',(-5.988831296026,-37.40040691521));
#6675 = CARTESIAN_POINT('',(-5.995428513738,-37.79736318042));
#6676 = CARTESIAN_POINT('',(-6.002024253574,-38.19459122717));
#6677 = CARTESIAN_POINT('',(-6.008618343721,-38.59208946266));
#6678 = CARTESIAN_POINT('',(-6.01521059592,-38.98985630692));
#6679 = CARTESIAN_POINT('',(-6.021800804608,-39.38789020648));
#6680 = CARTESIAN_POINT('',(-6.028388746093,-39.78618963432));
#6681 = CARTESIAN_POINT('',(-6.034974177566,-40.18475309415));
#6682 = CARTESIAN_POINT('',(-6.041556836508,-40.58357912132));
#6683 = CARTESIAN_POINT('',(-6.048136438413,-40.98266629284));
#6684 = CARTESIAN_POINT('',(-6.054712680531,-41.3820132045));
#6685 = CARTESIAN_POINT('',(-6.061285222952,-41.78161857049));
#6686 = CARTESIAN_POINT('',(-6.067853757758,-42.18148084107));
#6687 = CARTESIAN_POINT('',(-6.074418110574,-42.58159789248));
#6688 = CARTESIAN_POINT('',(-6.080978064386,-42.98196774807));
#6689 = CARTESIAN_POINT('',(-6.087533388385,-43.38258843477));
#6690 = CARTESIAN_POINT('',(-6.094083829035,-43.78345802818));
#6691 = CARTESIAN_POINT('',(-6.100629110728,-44.18457460039));
#6692 = CARTESIAN_POINT('',(-6.107168934315,-44.58593631941));
#6693 = CARTESIAN_POINT('',(-6.113702975908,-44.98754135807));
#6694 = CARTESIAN_POINT('',(-6.12023088547,-45.38938791207));
#6695 = CARTESIAN_POINT('',(-6.126752285445,-45.79147419871));
#6696 = CARTESIAN_POINT('',(-6.133266769066,-46.19379846137));
#6697 = CARTESIAN_POINT('',(-6.139773899405,-46.5963589704));
#6698 = CARTESIAN_POINT('',(-6.146273205207,-46.99915403257));
#6699 = CARTESIAN_POINT('',(-6.152764188279,-47.40218196964));
#6700 = CARTESIAN_POINT('',(-6.159246287241,-47.80544121212));
#6701 = CARTESIAN_POINT('',(-6.165719098883,-48.20892957186));
#6702 = CARTESIAN_POINT('',(-6.172182247416,-48.61264477401));
#6703 = CARTESIAN_POINT('',(-6.178635310834,-49.01658460064));
#6704 = CARTESIAN_POINT('',(-6.185077837508,-49.42074685928));
#6705 = CARTESIAN_POINT('',(-6.191509339388,-49.825129382));
#6706 = CARTESIAN_POINT('',(-6.197929290709,-50.22973001279));
#6707 = CARTESIAN_POINT('',(-6.204337125419,-50.63454667028));
#6708 = CARTESIAN_POINT('',(-6.210732234927,-51.03957726888));
#6709 = CARTESIAN_POINT('',(-6.217113965451,-51.44481974038));
#6710 = CARTESIAN_POINT('',(-6.223481615035,-51.85027203191));
#6711 = CARTESIAN_POINT('',(-6.229834431137,-52.25593210813));
#6712 = CARTESIAN_POINT('',(-6.236171605069,-52.6617979597));
#6713 = CARTESIAN_POINT('',(-6.242492277102,-53.067867582));
#6714 = CARTESIAN_POINT('',(-6.248795500625,-53.47413906649));
#6715 = CARTESIAN_POINT('',(-6.255080366047,-53.88061024391));
#6716 = CARTESIAN_POINT('',(-6.261346123313,-54.28727853735));
#6717 = CARTESIAN_POINT('',(-6.267591924449,-54.69414148348));
#6718 = CARTESIAN_POINT('',(-6.273816868537,-55.10119661257));
#6719 = CARTESIAN_POINT('',(-6.280019984283,-55.50844148313));
#6720 = CARTESIAN_POINT('',(-6.286200228741,-55.9158736728));
#6721 = CARTESIAN_POINT('',(-6.292356481088,-56.32349077762));
#6722 = CARTESIAN_POINT('',(-6.298487536981,-56.73129040715));
#6723 = CARTESIAN_POINT('',(-6.304592102336,-57.13927017699));
#6724 = CARTESIAN_POINT('',(-6.310668785753,-57.54742771298));
#6725 = CARTESIAN_POINT('',(-6.3167160944,-57.95576062036));
#6726 = CARTESIAN_POINT('',(-6.322732418267,-58.36426661838));
#6727 = CARTESIAN_POINT('',(-6.32871604288,-58.77294329562));
#6728 = CARTESIAN_POINT('',(-6.334665090844,-59.18178828728));
#6729 = CARTESIAN_POINT('',(-6.340577599162,-59.59079921967));
#6730 = CARTESIAN_POINT('',(-6.344493698317,-59.86358191613));
#6731 = CARTESIAN_POINT('',(-6.346445044496,-60.));
#6732 = ( GEOMETRIC_REPRESENTATION_CONTEXT(2) 
PARAMETRIC_REPRESENTATION_CONTEXT() REPRESENTATION_CONTEXT('2D SPACE',''
  ) );
#6733 = PCURVE('',#5205,#6734);
#6734 = DEFINITIONAL_REPRESENTATION('',(#6735),#6893);
#6735 = B_SPLINE_CURVE_WITH_KNOTS('',3,(#6736,#6737,#6738,#6739,#6740,
    #6741,#6742,#6743,#6744,#6745,#6746,#6747,#6748,#6749,#6750,#6751,
    #6752,#6753,#6754,#6755,#6756,#6757,#6758,#6759,#6760,#6761,#6762,
    #6763,#6764,#6765,#6766,#6767,#6768,#6769,#6770,#6771,#6772,#6773,
    #6774,#6775,#6776,#6777,#6778,#6779,#6780,#6781,#6782,#6783,#6784,
    #6785,#6786,#6787,#6788,#6789,#6790,#6791,#6792,#6793,#6794,#6795,
    #6796,#6797,#6798,#6799,#6800,#6801,#6802,#6803,#6804,#6805,#6806,
    #6807,#6808,#6809,#6810,#6811,#6812,#6813,#6814,#6815,#6816,#6817,
    #6818,#6819,#6820,#6821,#6822,#6823,#6824,#6825,#6826,#6827,#6828,
    #6829,#6830,#6831,#6832,#6833,#6834,#6835,#6836,#6837,#6838,#6839,
    #6840,#6841,#6842,#6843,#6844,#6845,#6846,#6847,#6848,#6849,#6850,
    #6851,#6852,#6853,#6854,#6855,#6856,#6857,#6858,#6859,#6860,#6861,
    #6862,#6863,#6864,#6865,#6866,#6867,#6868,#6869,#6870,#6871,#6872,
    #6873,#6874,#6875,#6876,#6877,#6878,#6879,#6880,#6881,#6882,#6883,
    #6884,#6885,#6886,#6887,#6888,#6889,#6890,#6891,#6892),
  .UNSPECIFIED.,.F.,.F.,(4,1,1,1,1,1,1,1,1,1,1,1,1,1,1,1,1,1,1,1,1,1,1,1
    ,1,1,1,1,1,1,1,1,1,1,1,1,1,1,1,1,1,1,1,1,1,1,1,1,1,1,1,1,1,1,1,1,1,1
    ,1,1,1,1,1,1,1,1,1,1,1,1,1,1,1,1,1,1,1,1,1,1,1,1,1,1,1,1,1,1,1,1,1,1
    ,1,1,1,1,1,1,1,1,1,1,1,1,1,1,1,1,1,1,1,1,1,1,1,1,1,1,1,1,1,1,1,1,1,1
    ,1,1,1,1,1,1,1,1,1,1,1,1,1,1,1,1,1,1,1,1,1,1,1,1,1,1,1,1,4),(0.,
    6.968042568272E-03,1.393608513654E-02,2.090412770482E-02,
    2.787217027309E-02,3.484021284136E-02,4.180825540963E-02,
    4.877629797791E-02,5.574434054618E-02,6.271238311445E-02,
    6.968042568272E-02,7.6648468251E-02,8.361651081927E-02,
    9.058455338754E-02,9.755259595581E-02,0.104520638524,0.111488681092,
    0.118456723661,0.125424766229,0.132392808797,0.139360851365,
    0.146328893934,0.153296936502,0.16026497907,0.167233021639,
    0.174201064207,0.181169106775,0.188137149343,0.195105191912,
    0.20207323448,0.209041277048,0.216009319616,0.222977362185,
    0.229945404753,0.236913447321,0.24388148989,0.250849532458,
    0.257817575026,0.264785617594,0.271753660163,0.278721702731,
    0.285689745299,0.292657787867,0.299625830436,0.306593873004,
    0.313561915572,0.320529958141,0.327498000709,0.334466043277,
    0.341434085845,0.348402128414,0.355370170982,0.36233821355,
    0.369306256118,0.376274298687,0.383242341255,0.390210383823,
    0.397178426392,0.40414646896,0.411114511528,0.418082554096,
    0.425050596665,0.432018639233,0.438986681801,0.445954724369,
    0.452922766938,0.459890809506,0.466858852074,0.473826894643,
    0.480794937211,0.487762979779,0.494731022347,0.501699064916,
    0.508667107484,0.515635150052,0.52260319262,0.529571235189,
    0.536539277757,0.543507320325,0.550475362894,0.557443405462,
    0.56441144803,0.571379490598,0.578347533167,0.585315575735,
    0.592283618303,0.599251660871,0.60621970344,0.613187746008,
    0.620155788576,0.627123831145,0.634091873713,0.641059916281,
    0.648027958849,0.654996001418,0.661964043986,0.668932086554,
    0.675900129122,0.682868171691,0.689836214259,0.696804256827,
    0.703772299396,0.710740341964,0.717708384532,0.7246764271,
    0.731644469669,0.738612512237,0.745580554805,0.752548597373,
    0.759516639942,0.76648468251,0.773452725078,0.780420767647,
    0.787388810215,0.794356852783,0.801324895351,0.80829293792,
    0.815260980488,0.822229023056,0.829197065624,0.836165108193,
    0.843133150761,0.850101193329,0.857069235897,0.864037278466,
    0.871005321034,0.877973363602,0.884941406171,0.891909448739,
    0.898877491307,0.905845533875,0.912813576444,0.919781619012,
    0.92674966158,0.933717704148,0.940685746717,0.947653789285,
    0.954621831853,0.961589874422,0.96855791699,0.975525959558,
    0.982494002126,0.989462044695,0.996430087263,1.003398129831,
    1.010366172399,1.017334214968,1.024302257536,1.031270300104,
    1.038238342673,1.045206385241,1.052174427809,1.059142470377,
    1.066110512946,1.073078555514),.QUASI_UNIFORM_KNOTS.);
#6736 = CARTESIAN_POINT('',(2.883975913004,7.142857142857E-02));
#6737 = CARTESIAN_POINT('',(2.883837798877,7.316790867549E-02));
#6738 = CARTESIAN_POINT('',(2.883560458356,7.664824174815E-02));
#6739 = CARTESIAN_POINT('',(2.883141035196,8.187371981184E-02));
#6740 = CARTESIAN_POINT('',(2.882718104524,8.710418262669E-02));
#6741 = CARTESIAN_POINT('',(2.882291639651,9.233962396558E-02));
#6742 = CARTESIAN_POINT('',(2.8818616323,9.758003459824E-02));
#6743 = CARTESIAN_POINT('',(2.881428057707,0.102825408301));
#6744 = CARTESIAN_POINT('',(2.880990898623,0.108075737542));
#6745 = CARTESIAN_POINT('',(2.880550134572,0.11333101542));
#6746 = CARTESIAN_POINT('',(2.880105730124,0.118591237483));
#6747 = CARTESIAN_POINT('',(2.879657657391,0.123856398265));
#6748 = CARTESIAN_POINT('',(2.879205876822,0.129126494494));
#6749 = CARTESIAN_POINT('',(2.878750347526,0.134401522672));
#6750 = CARTESIAN_POINT('',(2.878291020358,0.139681480234));
#6751 = CARTESIAN_POINT('',(2.877827839486,0.144966365239));
#6752 = CARTESIAN_POINT('',(2.87736074171,0.150256176439));
#6753 = CARTESIAN_POINT('',(2.876889656522,0.155550913247));
#6754 = CARTESIAN_POINT('',(2.876414505387,0.160850575762));
#6755 = CARTESIAN_POINT('',(2.875935203428,0.166155164647));
#6756 = CARTESIAN_POINT('',(2.875451652213,0.171464681544));
#6757 = CARTESIAN_POINT('',(2.874963819467,0.176779115749));
#6758 = CARTESIAN_POINT('',(2.874471679735,0.182098457131));
#6759 = CARTESIAN_POINT('',(2.873975202415,0.187422696133));
#6760 = CARTESIAN_POINT('',(2.873474354236,0.192751823786));
#6761 = CARTESIAN_POINT('',(2.872969097929,0.198085831735));
#6762 = CARTESIAN_POINT('',(2.872459391907,0.203424712262));
#6763 = CARTESIAN_POINT('',(2.871945189649,0.208768458303));
#6764 = CARTESIAN_POINT('',(2.871426439151,0.214117063468));
#6765 = CARTESIAN_POINT('',(2.87090308234,0.219470522055));
#6766 = CARTESIAN_POINT('',(2.870375054489,0.224828829068));
#6767 = CARTESIAN_POINT('',(2.869842283559,0.230191980239));
#6768 = CARTESIAN_POINT('',(2.869304689757,0.235559971996));
#6769 = CARTESIAN_POINT('',(2.868762184225,0.240932801638));
#6770 = CARTESIAN_POINT('',(2.868214670886,0.24631046674));
#6771 = CARTESIAN_POINT('',(2.867662036447,0.25169296741));
#6772 = CARTESIAN_POINT('',(2.867104188684,0.257080297103));
#6773 = CARTESIAN_POINT('',(2.866541091586,0.262472440984));
#6774 = CARTESIAN_POINT('',(2.865972698457,0.267869387011));
#6775 = CARTESIAN_POINT('',(2.865398961522,0.273271123097));
#6776 = CARTESIAN_POINT('',(2.864819828621,0.2786776379));
#6777 = CARTESIAN_POINT('',(2.86423524334,0.284088920637));
#6778 = CARTESIAN_POINT('',(2.863645144203,0.289504961165));
#6779 = CARTESIAN_POINT('',(2.863049464091,0.294925749978));
#6780 = CARTESIAN_POINT('',(2.862448129589,0.300351278234));
#6781 = CARTESIAN_POINT('',(2.861841060322,0.305781537766));
#6782 = CARTESIAN_POINT('',(2.861228168279,0.311216521101));
#6783 = CARTESIAN_POINT('',(2.860609357108,0.316656221467));
#6784 = CARTESIAN_POINT('',(2.859984521456,0.32210063281));
#6785 = CARTESIAN_POINT('',(2.859353546017,0.327549749795));
#6786 = CARTESIAN_POINT('',(2.858716305628,0.333003567836));
#6787 = CARTESIAN_POINT('',(2.858072661349,0.338462083041));
#6788 = CARTESIAN_POINT('',(2.857422544569,0.343925278414));
#6789 = CARTESIAN_POINT('',(2.856765889188,0.349393138192));
#6790 = CARTESIAN_POINT('',(2.856102624635,0.354865646668));
#6791 = CARTESIAN_POINT('',(2.855432676403,0.360342789324));
#6792 = CARTESIAN_POINT('',(2.85475596524,0.365824552473));
#6793 = CARTESIAN_POINT('',(2.854072406659,0.371310922895));
#6794 = CARTESIAN_POINT('',(2.853381910174,0.376801887961));
#6795 = CARTESIAN_POINT('',(2.852684378582,0.382297435626));
#6796 = CARTESIAN_POINT('',(2.851979707198,0.387797554456));
#6797 = CARTESIAN_POINT('',(2.851267783102,0.393302233637));
#6798 = CARTESIAN_POINT('',(2.850548484273,0.398811463003));
#6799 = CARTESIAN_POINT('',(2.849821679014,0.404325233013));
#6800 = CARTESIAN_POINT('',(2.849087224212,0.409843534893));
#6801 = CARTESIAN_POINT('',(2.848344967824,0.415366360164));
#6802 = CARTESIAN_POINT('',(2.847594735473,0.420893702444));
#6803 = CARTESIAN_POINT('',(2.846836414077,0.426425543884));
#6804 = CARTESIAN_POINT('',(2.84606990777,0.431961864835));
#6805 = CARTESIAN_POINT('',(2.845295111757,0.437502647052));
#6806 = CARTESIAN_POINT('',(2.844511918433,0.443047872225));
#6807 = CARTESIAN_POINT('',(2.843720214301,0.448597523423));
#6808 = CARTESIAN_POINT('',(2.842919880141,0.454151584229));
#6809 = CARTESIAN_POINT('',(2.842110789995,0.459710038738));
#6810 = CARTESIAN_POINT('',(2.841292810385,0.465272871587));
#6811 = CARTESIAN_POINT('',(2.840465799436,0.470840067967));
#6812 = CARTESIAN_POINT('',(2.839629606006,0.476411613644));
#6813 = CARTESIAN_POINT('',(2.838784068708,0.481987494981));
#6814 = CARTESIAN_POINT('',(2.837929015204,0.487567698924));
#6815 = CARTESIAN_POINT('',(2.837064260347,0.493152213102));
#6816 = CARTESIAN_POINT('',(2.836189608487,0.498741025537));
#6817 = CARTESIAN_POINT('',(2.83530484011,0.504334125766));
#6818 = CARTESIAN_POINT('',(2.834409795491,0.509931491974));
#6819 = CARTESIAN_POINT('',(2.833504329864,0.51553310227));
#6820 = CARTESIAN_POINT('',(2.832588289242,0.521138935348));
#6821 = CARTESIAN_POINT('',(2.831661515615,0.526748970308));
#6822 = CARTESIAN_POINT('',(2.830723844444,0.532363186737));
#6823 = CARTESIAN_POINT('',(2.829775104189,0.537981564721));
#6824 = CARTESIAN_POINT('',(2.828815115249,0.54360408487));
#6825 = CARTESIAN_POINT('',(2.82784368902,0.549230728341));
#6826 = CARTESIAN_POINT('',(2.826860626884,0.55486147686));
#6827 = CARTESIAN_POINT('',(2.825865719167,0.560496312733));
#6828 = CARTESIAN_POINT('',(2.82485874406,0.566135218873));
#6829 = CARTESIAN_POINT('',(2.823839466541,0.571778178813));
#6830 = CARTESIAN_POINT('',(2.822807637087,0.577425176691));
#6831 = CARTESIAN_POINT('',(2.821762991014,0.5830761974));
#6832 = CARTESIAN_POINT('',(2.820705245287,0.588731226081));
#6833 = CARTESIAN_POINT('',(2.819634180633,0.594390235967));
#6834 = CARTESIAN_POINT('',(2.818549577012,0.600053201845));
#6835 = CARTESIAN_POINT('',(2.817451206648,0.605720098791));
#6836 = CARTESIAN_POINT('',(2.816338836099,0.611390902564));
#6837 = CARTESIAN_POINT('',(2.815212219039,0.617065589206));
#6838 = CARTESIAN_POINT('',(2.814071109154,0.622744135599));
#6839 = CARTESIAN_POINT('',(2.812915246331,0.628426519072));
#6840 = CARTESIAN_POINT('',(2.811744357687,0.634112717438));
#6841 = CARTESIAN_POINT('',(2.810558156589,0.639802708976));
#6842 = CARTESIAN_POINT('',(2.809356342163,0.645496472435));
#6843 = CARTESIAN_POINT('',(2.808138598736,0.651193987006));
#6844 = CARTESIAN_POINT('',(2.806904594911,0.656895232406));
#6845 = CARTESIAN_POINT('',(2.805653984046,0.66260018855));
#6846 = CARTESIAN_POINT('',(2.804386399349,0.668308836743));
#6847 = CARTESIAN_POINT('',(2.803101469875,0.674021154874));
#6848 = CARTESIAN_POINT('',(2.801798875365,0.679737112753));
#6849 = CARTESIAN_POINT('',(2.800478280837,0.685456682107));
#6850 = CARTESIAN_POINT('',(2.799139343896,0.691179834781));
#6851 = CARTESIAN_POINT('',(2.797781712347,0.696906543261));
#6852 = CARTESIAN_POINT('',(2.796405019146,0.702636780214));
#6853 = CARTESIAN_POINT('',(2.795008892711,0.708370519161));
#6854 = CARTESIAN_POINT('',(2.793592943621,0.71410773395));
#6855 = CARTESIAN_POINT('',(2.792156765918,0.719848398827));
#6856 = CARTESIAN_POINT('',(2.790699935783,0.725592488417));
#6857 = CARTESIAN_POINT('',(2.789222010812,0.731339977731));
#6858 = CARTESIAN_POINT('',(2.787722529342,0.737090842137));
#6859 = CARTESIAN_POINT('',(2.786201008732,0.742845057455));
#6860 = CARTESIAN_POINT('',(2.784656947555,0.748602599592));
#6861 = CARTESIAN_POINT('',(2.783089812971,0.754363445885));
#6862 = CARTESIAN_POINT('',(2.781499098566,0.760127565323));
#6863 = CARTESIAN_POINT('',(2.779884309227,0.765894925339));
#6864 = CARTESIAN_POINT('',(2.778244930801,0.771665494288));
#6865 = CARTESIAN_POINT('',(2.776580437153,0.777439240838));
#6866 = CARTESIAN_POINT('',(2.774890285604,0.783216134064));
#6867 = CARTESIAN_POINT('',(2.773173915611,0.788996143252));
#6868 = CARTESIAN_POINT('',(2.771430753641,0.794779238421));
#6869 = CARTESIAN_POINT('',(2.769660201924,0.800565389756));
#6870 = CARTESIAN_POINT('',(2.767861639725,0.806354567745));
#6871 = CARTESIAN_POINT('',(2.766034421514,0.812146743145));
#6872 = CARTESIAN_POINT('',(2.764177875974,0.81794188697));
#6873 = CARTESIAN_POINT('',(2.76229130439,0.823739970575));
#6874 = CARTESIAN_POINT('',(2.760373980294,0.82954096534));
#6875 = CARTESIAN_POINT('',(2.758425144331,0.835344843837));
#6876 = CARTESIAN_POINT('',(2.756444019349,0.841151574914));
#6877 = CARTESIAN_POINT('',(2.754429844552,0.846961121971));
#6878 = CARTESIAN_POINT('',(2.752381835889,0.85277344976));
#6879 = CARTESIAN_POINT('',(2.750299188766,0.858588523028));
#6880 = CARTESIAN_POINT('',(2.748181075716,0.864406306899));
#6881 = CARTESIAN_POINT('',(2.746026645031,0.870226766762));
#6882 = CARTESIAN_POINT('',(2.743835018616,0.876049868259));
#6883 = CARTESIAN_POINT('',(2.741605289699,0.881875577224));
#6884 = CARTESIAN_POINT('',(2.73933652006,0.887703859614));
#6885 = CARTESIAN_POINT('',(2.73702773852,0.893534681501));
#6886 = CARTESIAN_POINT('',(2.734677935803,0.899368008899));
#6887 = CARTESIAN_POINT('',(2.732286075887,0.905203808728));
#6888 = CARTESIAN_POINT('',(2.72985107047,0.911042047228));
#6889 = CARTESIAN_POINT('',(2.727371802604,0.916882689644));
#6890 = CARTESIAN_POINT('',(2.724847095267,0.922725703199));
#6891 = CARTESIAN_POINT('',(2.723132878645,0.926622598872));
#6892 = CARTESIAN_POINT('',(2.722267804434,0.928571428571));
#6893 = ( GEOMETRIC_REPRESENTATION_CONTEXT(2) 
PARAMETRIC_REPRESENTATION_CONTEXT() REPRESENTATION_CONTEXT('2D SPACE',''
  ) );
#6894 = ORIENTED_EDGE('',*,*,#5932,.T.);
#6895 = ADVANCED_FACE('',(#6896),#5205,.F.);
#6896 = FACE_BOUND('',#6897,.F.);
#6897 = EDGE_LOOP('',(#6898,#6931,#6932,#6933));
#6898 = ORIENTED_EDGE('',*,*,#6899,.F.);
#6899 = EDGE_CURVE('',#5128,#5961,#6900,.T.);
#6900 = SURFACE_CURVE('',#6901,(#6917,#6924),.PCURVE_S1.);
#6901 = ( BOUNDED_CURVE() B_SPLINE_CURVE(3,(#6902,#6903,#6904,#6905,
    #6906,#6907,#6908,#6909,#6910,#6911,#6912,#6913,#6914,#6915,#6916),
.UNSPECIFIED.,.F.,.F.) B_SPLINE_CURVE_WITH_KNOTS((4,1,1,1,1,1,1,1,1,1,1,
    1,4),(0.,8.333333333333E-02,0.166666666667,0.25,0.333333333333,
    0.416666666667,0.5,0.583333333333,0.666666666667,0.75,0.833333333333
,0.916666666667,1.),.QUASI_UNIFORM_KNOTS.) CURVE() 
GEOMETRIC_REPRESENTATION_ITEM() RATIONAL_B_SPLINE_CURVE((1.,1.,1.,1.,1.,
1.,1.,1.,1.,1.,1.,1.,1.,1.,1.)) REPRESENTATION_ITEM('') );
#6902 = CARTESIAN_POINT('',(36.390308616371,-58.36197491342,-5.));
#6903 = CARTESIAN_POINT('',(37.584878560172,-55.89840949842,
    -3.055555555556));
#6904 = CARTESIAN_POINT('',(39.597054491321,-50.93013841565,
    0.833333333333));
#6905 = CARTESIAN_POINT('',(41.506016389266,-43.50590478154,
    6.666666666667));
#6906 = CARTESIAN_POINT('',(42.346121295736,-36.2554413945,12.5));
#6907 = CARTESIAN_POINT('',(42.175649320056,-29.31611249621,
    18.333333333333));
#6908 = CARTESIAN_POINT('',(41.069430046933,-22.81495778657,
    24.166666666667));
#6909 = CARTESIAN_POINT('',(39.11732568689,-16.86678189106,30.));
#6910 = CARTESIAN_POINT('',(36.422491984441,-11.57244280454,
    35.833333333333));
#6911 = CARTESIAN_POINT('',(33.099429340176,-7.017455119079,
    41.666666666667));
#6912 = CARTESIAN_POINT('',(29.271983049532,-3.270683872507,47.5));
#6913 = CARTESIAN_POINT('',(25.071125458615,-0.383346747027,
    53.333333333333));
#6914 = CARTESIAN_POINT('',(20.632637340381,1.611702444503,
    59.166666666667));
#6915 = CARTESIAN_POINT('',(17.607350733304,2.337505159825,
    63.055555555555));
#6916 = CARTESIAN_POINT('',(16.101160442546,2.550160159057,65.));
#6917 = PCURVE('',#5205,#6918);
#6918 = DEFINITIONAL_REPRESENTATION('',(#6919),#6923);
#6919 = LINE('',#6920,#6921);
#6920 = CARTESIAN_POINT('',(2.,0.));
#6921 = VECTOR('',#6922,1.);
#6922 = DIRECTION('',(0.,1.));
#6923 = ( GEOMETRIC_REPRESENTATION_CONTEXT(2) 
PARAMETRIC_REPRESENTATION_CONTEXT() REPRESENTATION_CONTEXT('2D SPACE',''
  ) );
#6924 = PCURVE('',#5147,#6925);
#6925 = DEFINITIONAL_REPRESENTATION('',(#6926),#6930);
#6926 = LINE('',#6927,#6928);
#6927 = CARTESIAN_POINT('',(2.,0.));
#6928 = VECTOR('',#6929,1.);
#6929 = DIRECTION('',(0.,1.));
#6930 = ( GEOMETRIC_REPRESENTATION_CONTEXT(2) 
PARAMETRIC_REPRESENTATION_CONTEXT() REPRESENTATION_CONTEXT('2D SPACE',''
  ) );
#6931 = ORIENTED_EDGE('',*,*,#5187,.F.);
#6932 = ORIENTED_EDGE('',*,*,#6448,.T.);
#6933 = ORIENTED_EDGE('',*,*,#5960,.T.);
#6934 = ADVANCED_FACE('',(#6935),#5147,.F.);
#6935 = FACE_BOUND('',#6936,.F.);
#6936 = EDGE_LOOP('',(#6937,#6970,#6971,#6972));
#6937 = ORIENTED_EDGE('',*,*,#6938,.F.);
#6938 = EDGE_CURVE('',#5068,#5990,#6939,.T.);
#6939 = SURFACE_CURVE('',#6940,(#6956,#6963),.PCURVE_S1.);
#6940 = ( BOUNDED_CURVE() B_SPLINE_CURVE(3,(#6941,#6942,#6943,#6944,
    #6945,#6946,#6947,#6948,#6949,#6950,#6951,#6952,#6953,#6954,#6955),
.UNSPECIFIED.,.F.,.F.) B_SPLINE_CURVE_WITH_KNOTS((4,1,1,1,1,1,1,1,1,1,1,
    1,4),(0.,8.333333333333E-02,0.166666666667,0.25,0.333333333333,
    0.416666666667,0.5,0.583333333333,0.666666666667,0.75,0.833333333333
,0.916666666667,1.),.QUASI_UNIFORM_KNOTS.) CURVE() 
GEOMETRIC_REPRESENTATION_ITEM() RATIONAL_B_SPLINE_CURVE((1.,1.,1.,1.,1.,
1.,1.,1.,1.,1.,1.,1.,1.,1.,1.)) REPRESENTATION_ITEM('') );
#6941 = CARTESIAN_POINT('',(39.643909446721,-56.20262556829,-5.));
#6942 = CARTESIAN_POINT('',(40.724469668771,-53.65567324288,
    -3.055555555556));
#6943 = CARTESIAN_POINT('',(42.503957310549,-48.53569880261,
    0.833333333333));
#6944 = CARTESIAN_POINT('',(44.055540433913,-40.92843072055,
    6.666666666667));
#6945 = CARTESIAN_POINT('',(44.535225001781,-33.53801859909,12.5));
#6946 = CARTESIAN_POINT('',(44.006132423978,-26.49971278757,
    18.333333333333));
#6947 = CARTESIAN_POINT('',(42.547369378519,-19.9378435822,
    24.166666666667));
#6948 = CARTESIAN_POINT('',(40.252420749947,-13.96401232982,30.));
#6949 = CARTESIAN_POINT('',(37.227334651303,-8.675501369962,
    35.833333333333));
#6950 = CARTESIAN_POINT('',(33.588721222613,-4.154016695024,
    41.666666666667));
#6951 = CARTESIAN_POINT('',(29.461717524455,-0.464536592983,47.5));
#6952 = CARTESIAN_POINT('',(24.977769218112,2.345512567435,
    53.333333333333));
#6953 = CARTESIAN_POINT('',(20.27235176994,4.246789661729,
    59.166666666667));
#6954 = CARTESIAN_POINT('',(17.079221870957,4.901121647837,
    63.055555555555));
#6955 = CARTESIAN_POINT('',(15.491379009491,5.076205356144,65.));
#6956 = PCURVE('',#5147,#6957);
#6957 = DEFINITIONAL_REPRESENTATION('',(#6958),#6962);
#6958 = LINE('',#6959,#6960);
#6959 = CARTESIAN_POINT('',(1.,0.));
#6960 = VECTOR('',#6961,1.);
#6961 = DIRECTION('',(0.,1.));
#6962 = ( GEOMETRIC_REPRESENTATION_CONTEXT(2) 
PARAMETRIC_REPRESENTATION_CONTEXT() REPRESENTATION_CONTEXT('2D SPACE',''
  ) );
#6963 = PCURVE('',#5087,#6964);
#6964 = DEFINITIONAL_REPRESENTATION('',(#6965),#6969);
#6965 = LINE('',#6966,#6967);
#6966 = CARTESIAN_POINT('',(1.,0.));
#6967 = VECTOR('',#6968,1.);
#6968 = DIRECTION('',(0.,1.));
#6969 = ( GEOMETRIC_REPRESENTATION_CONTEXT(2) 
PARAMETRIC_REPRESENTATION_CONTEXT() REPRESENTATION_CONTEXT('2D SPACE',''
  ) );
#6970 = ORIENTED_EDGE('',*,*,#5127,.F.);
#6971 = ORIENTED_EDGE('',*,*,#6899,.T.);
#6972 = ORIENTED_EDGE('',*,*,#5989,.T.);
#6973 = ADVANCED_FACE('',(#6974),#5087,.F.);
#6974 = FACE_BOUND('',#6975,.F.);
#6975 = EDGE_LOOP('',(#6976,#6977,#7474,#7475));
#6976 = ORIENTED_EDGE('',*,*,#6018,.T.);
#6977 = ORIENTED_EDGE('',*,*,#6978,.T.);
#6978 = EDGE_CURVE('',#5251,#5039,#6979,.T.);
#6979 = SURFACE_CURVE('',#6980,(#7108,#7291),.PCURVE_S1.);
#6980 = B_SPLINE_CURVE_WITH_KNOTS('',8,(#6981,#6982,#6983,#6984,#6985,
    #6986,#6987,#6988,#6989,#6990,#6991,#6992,#6993,#6994,#6995,#6996,
    #6997,#6998,#6999,#7000,#7001,#7002,#7003,#7004,#7005,#7006,#7007,
    #7008,#7009,#7010,#7011,#7012,#7013,#7014,#7015,#7016,#7017,#7018,
    #7019,#7020,#7021,#7022,#7023,#7024,#7025,#7026,#7027,#7028,#7029,
    #7030,#7031,#7032,#7033,#7034,#7035,#7036,#7037,#7038,#7039,#7040,
    #7041,#7042,#7043,#7044,#7045,#7046,#7047,#7048,#7049,#7050,#7051,
    #7052,#7053,#7054,#7055,#7056,#7057,#7058,#7059,#7060,#7061,#7062,
    #7063,#7064,#7065,#7066,#7067,#7068,#7069,#7070,#7071,#7072,#7073,
    #7074,#7075,#7076,#7077,#7078,#7079,#7080,#7081,#7082,#7083,#7084,
    #7085,#7086,#7087,#7088,#7089,#7090,#7091,#7092,#7093,#7094,#7095,
    #7096,#7097,#7098,#7099,#7100,#7101,#7102,#7103,#7104,#7105,#7106,
    #7107),.UNSPECIFIED.,.F.,.F.,(9,7,7,7,7,6,7,7,7,7,7,7,7,7,7,7,7,7,9)
  ,(0.,0.194026247991,0.390749060742,0.547337026332,0.873242631149,1.,
    1.371168480191,1.52433608985,1.879483238986,2.016277687166,
    2.392960253864,2.519195316677,2.918262211372,3.02164535765,
    3.530093098377,4.045030134833,4.566929869402,4.878493864223,
    5.183530396611),.UNSPECIFIED.);
#6981 = CARTESIAN_POINT('',(14.58442712171,3.506349316813,60.));
#6982 = CARTESIAN_POINT('',(14.772661728376,3.45804763824,
    59.705607846281));
#6983 = CARTESIAN_POINT('',(14.96069427181,3.407663720273,59.4113061166)
  );
#6984 = CARTESIAN_POINT('',(15.148503444311,3.355201238252,
    59.117096262537));
#6985 = CARTESIAN_POINT('',(15.336069096893,3.300656185931,
    58.822980508367));
#6986 = CARTESIAN_POINT('',(15.523369438549,3.244035588339,
    58.528959818842));
#6987 = CARTESIAN_POINT('',(15.710382548835,3.18534819851,
    58.235035007963));
#6988 = CARTESIAN_POINT('',(15.897087999985,3.124594068893,
    57.941207927274));
#6989 = CARTESIAN_POINT('',(16.272431016992,2.998092720034,
    57.349669200021));
#6990 = CARTESIAN_POINT('',(16.461059447772,2.932287472181,
    57.051960326949));
#6991 = CARTESIAN_POINT('',(16.649327747286,2.8643690067,56.754354406231
    ));
#6992 = CARTESIAN_POINT('',(16.837214076491,2.794342208004,
    56.456852805345));
#6993 = CARTESIAN_POINT('',(17.024696687126,2.722211982912,
    56.159456905981));
#6994 = CARTESIAN_POINT('',(17.211753921709,2.647983260651,
    55.862168104038));
#6995 = CARTESIAN_POINT('',(17.398364213544,2.571660992855,
    55.564987809632));
#6996 = CARTESIAN_POINT('',(17.73267180691,2.430836478037,
    55.031454562801));
#6997 = CARTESIAN_POINT('',(17.880540733741,2.367099508851,
    54.795061332834));
#6998 = CARTESIAN_POINT('',(18.028102033146,2.302041753803,
    54.558738476268));
#6999 = CARTESIAN_POINT('',(18.175344895751,2.235665731447,
    54.322486719853));
#7000 = CARTESIAN_POINT('',(18.322258536865,2.1679739711,54.086306798004
    ));
#7001 = CARTESIAN_POINT('',(18.468832196481,2.09896901284,
    53.850199452803));
#7002 = CARTESIAN_POINT('',(18.615055139273,2.028653407508,
    53.614165434001));
#7003 = CARTESIAN_POINT('',(19.064497362053,1.807959753498,
    52.887103484656));
#7004 = CARTESIAN_POINT('',(19.366512322323,1.653222581374,
    52.396322545951));
#7005 = CARTESIAN_POINT('',(19.666864808047,1.492854540458,
    51.905867677869));
#7006 = CARTESIAN_POINT('',(19.965459068936,1.326892091446,
    51.415744021429));
#7007 = CARTESIAN_POINT('',(20.262200331777,1.155371815607,
    50.925956863698));
#7008 = CARTESIAN_POINT('',(20.55699480043,0.978330414785,
    50.436511637788));
#7009 = CARTESIAN_POINT('',(20.849749655831,0.795804711395,
    49.94741392286));
#7010 = CARTESIAN_POINT('',(21.25340780282,0.534721611275,
    49.268577702067));
#7011 = CARTESIAN_POINT('',(21.366120097616,0.460787531706,
    49.07853939999));
#7012 = CARTESIAN_POINT('',(21.478504525683,0.386031581422,
    48.888554875713));
#7013 = CARTESIAN_POINT('',(21.590555687599,0.310455935283,
    48.698624471436));
#7014 = CARTESIAN_POINT('',(21.702268199218,0.234062771308,
    48.508748533734));
#7015 = CARTESIAN_POINT('',(21.813636691668,0.156854270681,
    48.318927413563));
#7016 = CARTESIAN_POINT('',(22.249739862389,-0.149629049374,
    47.573492460126));
#7017 = CARTESIAN_POINT('',(22.680369562568,-0.468624715506,
    46.828914588315));
#7018 = CARTESIAN_POINT('',(22.998196744446,-0.713324197117,
    46.274371526626));
#7019 = CARTESIAN_POINT('',(23.312720267785,-0.964816868984,
    45.720315058959));
#7020 = CARTESIAN_POINT('',(23.623808093354,-1.223072894715,
    45.166758558351));
#7021 = CARTESIAN_POINT('',(23.931335998711,-1.48798740966,
    44.613704400244));
#7022 = CARTESIAN_POINT('',(24.23517788672,-1.759501902783,
    44.061161985154));
#7023 = CARTESIAN_POINT('',(24.659023010808,-2.152273739213,
    43.281338327079));
#7024 = CARTESIAN_POINT('',(24.782186792017,-2.268119892898,
    43.053626733931));
#7025 = CARTESIAN_POINT('',(24.904693211164,-2.385071606881,
    42.826004011588));
#7026 = CARTESIAN_POINT('',(25.026533628561,-2.503123709954,
    42.598470701996));
#7027 = CARTESIAN_POINT('',(25.147699441674,-2.622271029578,
    42.371027357186));
#7028 = CARTESIAN_POINT('',(25.268182085119,-2.742508391886,
    42.14367453928));
#7029 = CARTESIAN_POINT('',(25.387973030669,-2.863830621682,
    41.916412820484));
#7030 = CARTESIAN_POINT('',(25.783197512792,-3.270043808428,
    41.162507454856));
#7031 = CARTESIAN_POINT('',(26.055566660718,-3.559660241446,
    40.636265193616));
#7032 = CARTESIAN_POINT('',(26.324068779608,-3.855002030177,
    40.110520401127));
#7033 = CARTESIAN_POINT('',(26.588603284758,-4.155989580213,
    39.585277812782));
#7034 = CARTESIAN_POINT('',(26.849071313229,-4.462543532316,
    39.060542470242));
#7035 = CARTESIAN_POINT('',(27.105375578907,-4.774584780682,
    38.536319694082));
#7036 = CARTESIAN_POINT('',(27.357420227549,-5.092034491196,
    38.012615056423));
#7037 = CARTESIAN_POINT('',(27.700515316274,-5.539141349334,
    37.287917276159));
#7038 = CARTESIAN_POINT('',(27.795273943488,-5.66425932433,
    37.08647793979));
#7039 = CARTESIAN_POINT('',(27.889381169807,-5.790163552586,
    36.885116680585));
#7040 = CARTESIAN_POINT('',(27.982831616966,-5.916849545353,
    36.683833841629));
#7041 = CARTESIAN_POINT('',(28.075619932106,-6.044312817232,
    36.482629772973));
#7042 = CARTESIAN_POINT('',(28.16774078778,-6.172548886178,
    36.281504831634));
#7043 = CARTESIAN_POINT('',(28.259188881947,-6.301553273494,
    36.080459381592));
#7044 = CARTESIAN_POINT('',(28.599906930307,-6.788656401067,
    35.326107055976));
#7045 = CARTESIAN_POINT('',(28.844713283568,-7.151784077705,
    34.773326172955));
#7046 = CARTESIAN_POINT('',(29.084273674882,-7.520594401764,
    34.221155285989));
#7047 = CARTESIAN_POINT('',(29.318486159563,-7.894977795145,
    33.669598978918));
#7048 = CARTESIAN_POINT('',(29.547250975959,-8.274825261326,
    33.118662248155));
#7049 = CARTESIAN_POINT('',(29.770470350308,-8.660028413059,
    32.56835047267));
#7050 = CARTESIAN_POINT('',(29.988048301585,-9.050479500058,
    32.018669383973));
#7051 = CARTESIAN_POINT('',(30.270883661376,-9.578643467848,
    31.285627543597));
#7052 = CARTESIAN_POINT('',(30.341232698905,-9.711792846243,
    31.101701570177));
#7053 = CARTESIAN_POINT('',(30.410934007388,-9.845515537014,
    30.917847347442));
#7054 = CARTESIAN_POINT('',(30.479984053968,-9.979807510888,
    30.734065112361));
#7055 = CARTESIAN_POINT('',(30.548379324485,-10.11466474419,
    30.550355107264));
#7056 = CARTESIAN_POINT('',(30.616116323479,-10.25008321883,
    30.366717579843));
#7057 = CARTESIAN_POINT('',(30.683191574186,-10.38605892234,
    30.183152783153));
#7058 = CARTESIAN_POINT('',(30.959543686828,-10.95419672973,
    29.419588338066));
#7059 = CARTESIAN_POINT('',(31.162837758418,-11.39133432571,
    28.840245247407));
#7060 = CARTESIAN_POINT('',(31.359383413375,-11.83385619056,
    28.261635382793));
#7061 = CARTESIAN_POINT('',(31.549083075979,-12.28161906655,
    27.68376302528));
#7062 = CARTESIAN_POINT('',(31.731841781551,-12.73448085502,
    27.106633015607));
#7063 = CARTESIAN_POINT('',(31.907566943279,-13.19230058814,
    26.530250711975));
#7064 = CARTESIAN_POINT('',(32.076168119049,-13.65493840057,
    25.954621947833));
#7065 = CARTESIAN_POINT('',(32.279366478815,-14.24331969563,
    25.230826174675));
#7066 = CARTESIAN_POINT('',(32.320692122528,-14.36469792679,
    25.081950358656));
#7067 = CARTESIAN_POINT('',(32.361532170302,-14.48638777957,
    24.933125652766));
#7068 = CARTESIAN_POINT('',(32.401885091177,-14.6083868428,
    24.784352170687));
#7069 = CARTESIAN_POINT('',(32.441749362339,-14.73069270922,
    24.635630028626));
#7070 = CARTESIAN_POINT('',(32.481123469121,-14.85330297542,
    24.486959345309));
#7071 = CARTESIAN_POINT('',(32.520005905002,-14.97621524188,
    24.338340241987));
#7072 = CARTESIAN_POINT('',(32.747197085424,-15.70539433044,
    23.45910482381));
#7073 = CARTESIAN_POINT('',(32.92406980788,-16.31860877589,
    22.729687944056));
#7074 = CARTESIAN_POINT('',(33.088856427164,-16.93875283316,
    22.00152715663));
#7075 = CARTESIAN_POINT('',(33.241406995716,-17.56551295725,
    21.274629133618));
#7076 = CARTESIAN_POINT('',(33.381577827953,-18.19857948955,
    20.549002132417));
#7077 = CARTESIAN_POINT('',(33.509230798003,-18.83764647293,
    19.824655862407));
#7078 = CARTESIAN_POINT('',(33.624232637429,-19.482411467,
    19.101601351636));
#7079 = CARTESIAN_POINT('',(33.829980478143,-20.79103727201,
    17.648888605582));
#7080 = CARTESIAN_POINT('',(33.920396994091,-21.45503757401,
    16.919264896062));
#7081 = CARTESIAN_POINT('',(33.997594025892,-22.1242359512,
    16.190982455912));
#7082 = CARTESIAN_POINT('',(34.061468523034,-22.79829720041,
    15.464045870071));
#7083 = CARTESIAN_POINT('',(34.111923429422,-23.47689100598,
    14.738461415452));
#7084 = CARTESIAN_POINT('',(34.148866973391,-24.1596917125,
    14.014236938952));
#7085 = CARTESIAN_POINT('',(34.172211957721,-24.84637809752,
    13.291381735465));
#7086 = CARTESIAN_POINT('',(34.191668800637,-26.23622144379,
    11.838675720177));
#7087 = CARTESIAN_POINT('',(34.187406398502,-26.93947671372,
    11.108863716219));
#7088 = CARTESIAN_POINT('',(34.169027911017,-27.6460430007,
    10.380471052759));
#7089 = CARTESIAN_POINT('',(34.136479706608,-28.35557044109,
    9.653500263264));
#7090 = CARTESIAN_POINT('',(34.08971372729,-29.06771499867,
    8.927955670173));
#7091 = CARTESIAN_POINT('',(34.028686761607,-29.78213820222,
    8.203843279156));
#7092 = CARTESIAN_POINT('',(33.953359717572,-30.49850688319,
    7.481170673367));
#7093 = CARTESIAN_POINT('',(33.810169934104,-31.64511661424,
    6.329390341542));
#7094 = CARTESIAN_POINT('',(33.751533154622,-32.07431719052,
    5.899350517938));
#7095 = CARTESIAN_POINT('',(33.687784680006,-32.50402039934,
    5.469827248946));
#7096 = CARTESIAN_POINT('',(33.618923461644,-32.93415274882,
    5.040820519805));
#7097 = CARTESIAN_POINT('',(33.544949161174,-33.36464152647,
    4.612330503862));
#7098 = CARTESIAN_POINT('',(33.465862032191,-33.7954148278,
    4.184357577488));
#7099 = CARTESIAN_POINT('',(33.381662801952,-34.22640158484,
    3.756902335008));
#7100 = CARTESIAN_POINT('',(33.204913410338,-35.07962915856,
    2.911973466345));
#7101 = CARTESIAN_POINT('',(33.112574658421,-35.50186433888,
    2.494478509354));
#7102 = CARTESIAN_POINT('',(33.015341227274,-35.92416900428,
    2.07748000192));
#7103 = CARTESIAN_POINT('',(32.913202156797,-36.34648491992,
    1.66098385767));
#7104 = CARTESIAN_POINT('',(32.806183703663,-36.7687335077,
    1.244981852993));
#7105 = CARTESIAN_POINT('',(32.69425875724,-37.1908677345,0.829486831429
    ));
#7106 = CARTESIAN_POINT('',(32.577449114522,-37.61281303926,
    0.414492620631));
#7107 = CARTESIAN_POINT('',(32.455761467346,-38.03450469737,
    2.23366299002E-16));
#7108 = PCURVE('',#5087,#7109);
#7109 = DEFINITIONAL_REPRESENTATION('',(#7110),#7290);
#7110 = B_SPLINE_CURVE_WITH_KNOTS('',3,(#7111,#7112,#7113,#7114,#7115,
    #7116,#7117,#7118,#7119,#7120,#7121,#7122,#7123,#7124,#7125,#7126,
    #7127,#7128,#7129,#7130,#7131,#7132,#7133,#7134,#7135,#7136,#7137,
    #7138,#7139,#7140,#7141,#7142,#7143,#7144,#7145,#7146,#7147,#7148,
    #7149,#7150,#7151,#7152,#7153,#7154,#7155,#7156,#7157,#7158,#7159,
    #7160,#7161,#7162,#7163,#7164,#7165,#7166,#7167,#7168,#7169,#7170,
    #7171,#7172,#7173,#7174,#7175,#7176,#7177,#7178,#7179,#7180,#7181,
    #7182,#7183,#7184,#7185,#7186,#7187,#7188,#7189,#7190,#7191,#7192,
    #7193,#7194,#7195,#7196,#7197,#7198,#7199,#7200,#7201,#7202,#7203,
    #7204,#7205,#7206,#7207,#7208,#7209,#7210,#7211,#7212,#7213,#7214,
    #7215,#7216,#7217,#7218,#7219,#7220,#7221,#7222,#7223,#7224,#7225,
    #7226,#7227,#7228,#7229,#7230,#7231,#7232,#7233,#7234,#7235,#7236,
    #7237,#7238,#7239,#7240,#7241,#7242,#7243,#7244,#7245,#7246,#7247,
    #7248,#7249,#7250,#7251,#7252,#7253,#7254,#7255,#7256,#7257,#7258,
    #7259,#7260,#7261,#7262,#7263,#7264,#7265,#7266,#7267,#7268,#7269,
    #7270,#7271,#7272,#7273,#7274,#7275,#7276,#7277,#7278,#7279,#7280,
    #7281,#7282,#7283,#7284,#7285,#7286,#7287,#7288,#7289),
  .UNSPECIFIED.,.F.,.F.,(4,1,1,1,1,1,1,1,1,1,1,1,1,1,1,1,1,1,1,1,1,1,1,1
    ,1,1,1,1,1,1,1,1,1,1,1,1,1,1,1,1,1,1,1,1,1,1,1,1,1,1,1,1,1,1,1,1,1,1
    ,1,1,1,1,1,1,1,1,1,1,1,1,1,1,1,1,1,1,1,1,1,1,1,1,1,1,1,1,1,1,1,1,1,1
    ,1,1,1,1,1,1,1,1,1,1,1,1,1,1,1,1,1,1,1,1,1,1,1,1,1,1,1,1,1,1,1,1,1,1
    ,1,1,1,1,1,1,1,1,1,1,1,1,1,1,1,1,1,1,1,1,1,1,1,1,1,1,1,1,1,1,1,1,1,1
    ,1,1,1,1,1,1,1,1,1,1,1,1,1,1,1,1,4),(0.,2.945187725347E-02,
    5.890375450695E-02,8.835563176042E-02,0.117807509014,0.147259386267,
    0.176711263521,0.206163140774,0.235615018028,0.265066895281,
    0.294518772535,0.323970649788,0.353422527042,0.382874404295,
    0.412326281549,0.441778158802,0.471230036056,0.500681913309,
    0.530133790563,0.559585667816,0.589037545069,0.618489422323,
    0.647941299576,0.67739317683,0.706845054083,0.736296931337,
    0.76574880859,0.795200685844,0.824652563097,0.854104440351,
    0.883556317604,0.913008194858,0.942460072111,0.971911949365,
    1.001363826618,1.030815703872,1.060267581125,1.089719458379,
    1.119171335632,1.148623212885,1.178075090139,1.207526967392,
    1.236978844646,1.266430721899,1.295882599153,1.325334476406,
    1.35478635366,1.384238230913,1.413690108167,1.44314198542,
    1.472593862674,1.502045739927,1.531497617181,1.560949494434,
    1.590401371688,1.619853248941,1.649305126195,1.678757003448,
    1.708208880702,1.737660757955,1.767112635208,1.796564512462,
    1.826016389715,1.855468266969,1.884920144222,1.914372021476,
    1.943823898729,1.973275775983,2.002727653236,2.03217953049,
    2.061631407743,2.091083284997,2.12053516225,2.149987039504,
    2.179438916757,2.208890794011,2.238342671264,2.267794548518,
    2.297246425771,2.326698303024,2.356150180278,2.385602057531,
    2.415053934785,2.444505812038,2.473957689292,2.503409566545,
    2.532861443799,2.562313321052,2.591765198306,2.621217075559,
    2.650668952813,2.680120830066,2.70957270732,2.739024584573,
    2.768476461827,2.79792833908,2.827380216334,2.856832093587,
    2.88628397084,2.915735848094,2.945187725347,2.974639602601,
    3.004091479854,3.033543357108,3.062995234361,3.092447111615,
    3.121898988868,3.151350866122,3.180802743375,3.210254620629,
    3.239706497882,3.269158375136,3.298610252389,3.328062129643,
    3.357514006896,3.38696588415,3.416417761403,3.445869638656,
    3.47532151591,3.504773393163,3.534225270417,3.56367714767,
    3.593129024924,3.622580902177,3.652032779431,3.681484656684,
    3.710936533938,3.740388411191,3.769840288445,3.799292165698,
    3.828744042952,3.858195920205,3.887647797459,3.917099674712,
    3.946551551966,3.976003429219,4.005455306473,4.034907183726,
    4.064359060979,4.093810938233,4.123262815486,4.15271469274,
    4.182166569993,4.211618447247,4.2410703245,4.270522201754,
    4.299974079007,4.329425956261,4.358877833514,4.388329710768,
    4.417781588021,4.447233465275,4.476685342528,4.506137219782,
    4.535589097035,4.565040974289,4.594492851542,4.623944728795,
    4.653396606049,4.682848483302,4.712300360556,4.741752237809,
    4.771204115063,4.800655992316,4.83010786957,4.859559746823,
    4.889011624077,4.91846350133,4.947915378584,4.977367255837,
    5.006819133091,5.036271010344,5.065722887598,5.095174764851,
    5.124626642105,5.154078519358,5.183530396611),
  .QUASI_UNIFORM_KNOTS.);
#7111 = CARTESIAN_POINT('',(0.277732195566,0.928571428571));
#7112 = CARTESIAN_POINT('',(0.276976471081,0.926869076316));
#7113 = CARTESIAN_POINT('',(0.275477181052,0.923464927465));
#7114 = CARTESIAN_POINT('',(0.273263956928,0.918360397659));
#7115 = CARTESIAN_POINT('',(0.271085691643,0.913257589389));
#7116 = CARTESIAN_POINT('',(0.268941584719,0.908156525188));
#7117 = CARTESIAN_POINT('',(0.266830834834,0.90305722625));
#7118 = CARTESIAN_POINT('',(0.264752682861,0.897959714758));
#7119 = CARTESIAN_POINT('',(0.262706393862,0.892864012362));
#7120 = CARTESIAN_POINT('',(0.260691264469,0.887770140928));
#7121 = CARTESIAN_POINT('',(0.258706617205,0.882678122158));
#7122 = CARTESIAN_POINT('',(0.256751799052,0.877587978243));
#7123 = CARTESIAN_POINT('',(0.254826179682,0.872499731464));
#7124 = CARTESIAN_POINT('',(0.252929150628,0.867413404293));
#7125 = CARTESIAN_POINT('',(0.251060124304,0.862329019366));
#7126 = CARTESIAN_POINT('',(0.249218532979,0.857246599499));
#7127 = CARTESIAN_POINT('',(0.24740382514,0.852166167789));
#7128 = CARTESIAN_POINT('',(0.24561546659,0.847087747461));
#7129 = CARTESIAN_POINT('',(0.243852938127,0.842011362025));
#7130 = CARTESIAN_POINT('',(0.242115732916,0.836937035107));
#7131 = CARTESIAN_POINT('',(0.240403364746,0.831864790969));
#7132 = CARTESIAN_POINT('',(0.238715327844,0.826794652411));
#7133 = CARTESIAN_POINT('',(0.237051078931,0.821726636727));
#7134 = CARTESIAN_POINT('',(0.235410105639,0.816660762208));
#7135 = CARTESIAN_POINT('',(0.233791913574,0.811597047169));
#7136 = CARTESIAN_POINT('',(0.232196028719,0.806535510215));
#7137 = CARTESIAN_POINT('',(0.230621995773,0.801476170171));
#7138 = CARTESIAN_POINT('',(0.229069377635,0.796419046104));
#7139 = CARTESIAN_POINT('',(0.227537754562,0.791364157321));
#7140 = CARTESIAN_POINT('',(0.226026723673,0.786311523369));
#7141 = CARTESIAN_POINT('',(0.22453589758,0.781261164052));
#7142 = CARTESIAN_POINT('',(0.22306490633,0.776213099381));
#7143 = CARTESIAN_POINT('',(0.221613384729,0.77116734982));
#7144 = CARTESIAN_POINT('',(0.220180981557,0.766123935986));
#7145 = CARTESIAN_POINT('',(0.218767355736,0.761082878652));
#7146 = CARTESIAN_POINT('',(0.217372178754,0.756044199296));
#7147 = CARTESIAN_POINT('',(0.215995125924,0.751007919936));
#7148 = CARTESIAN_POINT('',(0.214635890629,0.745974062923));
#7149 = CARTESIAN_POINT('',(0.213294104768,0.740942643826));
#7150 = CARTESIAN_POINT('',(0.211969401857,0.735913677131));
#7151 = CARTESIAN_POINT('',(0.210661441219,0.73088717889));
#7152 = CARTESIAN_POINT('',(0.209369894082,0.725863164902));
#7153 = CARTESIAN_POINT('',(0.208094445969,0.720841651119));
#7154 = CARTESIAN_POINT('',(0.206834796454,0.715822653839));
#7155 = CARTESIAN_POINT('',(0.205590658953,0.710806189869));
#7156 = CARTESIAN_POINT('',(0.204361759112,0.705792276399));
#7157 = CARTESIAN_POINT('',(0.203147832941,0.700780930734));
#7158 = CARTESIAN_POINT('',(0.201948625169,0.695772169982));
#7159 = CARTESIAN_POINT('',(0.200763891953,0.690766012212));
#7160 = CARTESIAN_POINT('',(0.199593397507,0.68576247557));
#7161 = CARTESIAN_POINT('',(0.198436913609,0.680761578388));
#7162 = CARTESIAN_POINT('',(0.197294219223,0.675763339507));
#7163 = CARTESIAN_POINT('',(0.196165098596,0.670767777994));
#7164 = CARTESIAN_POINT('',(0.195049345722,0.665774913499));
#7165 = CARTESIAN_POINT('',(0.193946745952,0.66078476508));
#7166 = CARTESIAN_POINT('',(0.192857027721,0.655797344529));
#7167 = CARTESIAN_POINT('',(0.191779941183,0.650812664672));
#7168 = CARTESIAN_POINT('',(0.190715247286,0.645830738511));
#7169 = CARTESIAN_POINT('',(0.189662719609,0.640851579447));
#7170 = CARTESIAN_POINT('',(0.188622142823,0.635875201206));
#7171 = CARTESIAN_POINT('',(0.187593312086,0.630901617846));
#7172 = CARTESIAN_POINT('',(0.186576032227,0.62593084374));
#7173 = CARTESIAN_POINT('',(0.185570117013,0.620962893569));
#7174 = CARTESIAN_POINT('',(0.184575388427,0.615997782299));
#7175 = CARTESIAN_POINT('',(0.183591675984,0.611035525205));
#7176 = CARTESIAN_POINT('',(0.182618816028,0.606076137709));
#7177 = CARTESIAN_POINT('',(0.181656651182,0.60111963597));
#7178 = CARTESIAN_POINT('',(0.180705030025,0.596166036439));
#7179 = CARTESIAN_POINT('',(0.179763806283,0.591215355838));
#7180 = CARTESIAN_POINT('',(0.178832836273,0.586267611079));
#7181 = CARTESIAN_POINT('',(0.177911987781,0.581322820193));
#7182 = CARTESIAN_POINT('',(0.177001099724,0.576380998304));
#7183 = CARTESIAN_POINT('',(0.176099971073,0.571442154363));
#7184 = CARTESIAN_POINT('',(0.175208421318,0.566506298861));
#7185 = CARTESIAN_POINT('',(0.174326277854,0.561573442377));
#7186 = CARTESIAN_POINT('',(0.173453378466,0.556643595949));
#7187 = CARTESIAN_POINT('',(0.172589569802,0.551716770966));
#7188 = CARTESIAN_POINT('',(0.171734706945,0.546792979184));
#7189 = CARTESIAN_POINT('',(0.170888652716,0.541872232703));
#7190 = CARTESIAN_POINT('',(0.170051277077,0.53695454396));
#7191 = CARTESIAN_POINT('',(0.169222456528,0.532039925711));
#7192 = CARTESIAN_POINT('',(0.168402073534,0.527128391024));
#7193 = CARTESIAN_POINT('',(0.16759001597,0.522219953242));
#7194 = CARTESIAN_POINT('',(0.166786176555,0.51731462604));
#7195 = CARTESIAN_POINT('',(0.16599045275,0.512412423979));
#7196 = CARTESIAN_POINT('',(0.165202746311,0.50751336163));
#7197 = CARTESIAN_POINT('',(0.164422960173,0.50261745379));
#7198 = CARTESIAN_POINT('',(0.163651008621,0.497724716571));
#7199 = CARTESIAN_POINT('',(0.162886771965,0.492835162297));
#7200 = CARTESIAN_POINT('',(0.162130096676,0.487948797548));
#7201 = CARTESIAN_POINT('',(0.161380847421,0.483065630502));
#7202 = CARTESIAN_POINT('',(0.160638895131,0.47818566942));
#7203 = CARTESIAN_POINT('',(0.159904119483,0.473308923044));
#7204 = CARTESIAN_POINT('',(0.159176407539,0.468435400484));
#7205 = CARTESIAN_POINT('',(0.158455653432,0.463565111235));
#7206 = CARTESIAN_POINT('',(0.157741757788,0.458698065167));
#7207 = CARTESIAN_POINT('',(0.157034627237,0.453834272513));
#7208 = CARTESIAN_POINT('',(0.156334173918,0.448973743862));
#7209 = CARTESIAN_POINT('',(0.155640315002,0.444116490143));
#7210 = CARTESIAN_POINT('',(0.154952972215,0.439262522634));
#7211 = CARTESIAN_POINT('',(0.154272071418,0.434411852878));
#7212 = CARTESIAN_POINT('',(0.153597542042,0.429564492928));
#7213 = CARTESIAN_POINT('',(0.152929317491,0.424720455622));
#7214 = CARTESIAN_POINT('',(0.152267332262,0.419879753647));
#7215 = CARTESIAN_POINT('',(0.151611529319,0.415042400822));
#7216 = CARTESIAN_POINT('',(0.150961829336,0.410208409003));
#7217 = CARTESIAN_POINT('',(0.150318109258,0.405377782279));
#7218 = CARTESIAN_POINT('',(0.149680262832,0.4005505264));
#7219 = CARTESIAN_POINT('',(0.149048189027,0.395726647225));
#7220 = CARTESIAN_POINT('',(0.14842179454,0.390906151137));
#7221 = CARTESIAN_POINT('',(0.147800992537,0.386089044916));
#7222 = CARTESIAN_POINT('',(0.147185702417,0.381275335775));
#7223 = CARTESIAN_POINT('',(0.146575849323,0.376465031336));
#7224 = CARTESIAN_POINT('',(0.14597136372,0.371658139628));
#7225 = CARTESIAN_POINT('',(0.145372180979,0.36685466908));
#7226 = CARTESIAN_POINT('',(0.144778240965,0.362054628508));
#7227 = CARTESIAN_POINT('',(0.144189487637,0.357258027111));
#7228 = CARTESIAN_POINT('',(0.143605868659,0.352464874455));
#7229 = CARTESIAN_POINT('',(0.143027335016,0.347675180471));
#7230 = CARTESIAN_POINT('',(0.142453840654,0.34288895541));
#7231 = CARTESIAN_POINT('',(0.141885342062,0.338106209966));
#7232 = CARTESIAN_POINT('',(0.141321798118,0.333326954742));
#7233 = CARTESIAN_POINT('',(0.14076316875,0.328551202234));
#7234 = CARTESIAN_POINT('',(0.140209358234,0.323778955948));
#7235 = CARTESIAN_POINT('',(0.139660277061,0.319010218906));
#7236 = CARTESIAN_POINT('',(0.139115842874,0.314244994829));
#7237 = CARTESIAN_POINT('',(0.138575979687,0.309483287819));
#7238 = CARTESIAN_POINT('',(0.138040617591,0.304725102434));
#7239 = CARTESIAN_POINT('',(0.137509692326,0.29997044366));
#7240 = CARTESIAN_POINT('',(0.136983144911,0.295219316916));
#7241 = CARTESIAN_POINT('',(0.136460921262,0.290471728041));
#7242 = CARTESIAN_POINT('',(0.135942971827,0.285727683286));
#7243 = CARTESIAN_POINT('',(0.13542925122,0.280987189309));
#7244 = CARTESIAN_POINT('',(0.134919717879,0.276250253164));
#7245 = CARTESIAN_POINT('',(0.134414333706,0.271516882291));
#7246 = CARTESIAN_POINT('',(0.133913063765,0.266787084509));
#7247 = CARTESIAN_POINT('',(0.133415875822,0.262060867987));
#7248 = CARTESIAN_POINT('',(0.132922740528,0.257338241308));
#7249 = CARTESIAN_POINT('',(0.132433629203,0.252619213165));
#7250 = CARTESIAN_POINT('',(0.13194852063,0.24790379344));
#7251 = CARTESIAN_POINT('',(0.131467366596,0.243191989653));
#7252 = CARTESIAN_POINT('',(0.130990083687,0.238483801648));
#7253 = CARTESIAN_POINT('',(0.130516602512,0.233779231204));
#7254 = CARTESIAN_POINT('',(0.130046857668,0.229078280161));
#7255 = CARTESIAN_POINT('',(0.129580789978,0.224380950919));
#7256 = CARTESIAN_POINT('',(0.129118345436,0.219687246297));
#7257 = CARTESIAN_POINT('',(0.128659475063,0.214997169561));
#7258 = CARTESIAN_POINT('',(0.12820413451,0.210310724411));
#7259 = CARTESIAN_POINT('',(0.12775228375,0.205627914974));
#7260 = CARTESIAN_POINT('',(0.12730388675,0.200948745794));
#7261 = CARTESIAN_POINT('',(0.126858911153,0.19627322183));
#7262 = CARTESIAN_POINT('',(0.126417327975,0.191601348437));
#7263 = CARTESIAN_POINT('',(0.125979111294,0.186933131364));
#7264 = CARTESIAN_POINT('',(0.125544237985,0.182268576743));
#7265 = CARTESIAN_POINT('',(0.125112687307,0.177607691052));
#7266 = CARTESIAN_POINT('',(0.124684441098,0.172950481215));
#7267 = CARTESIAN_POINT('',(0.124259481701,0.168296954173));
#7268 = CARTESIAN_POINT('',(0.12383779841,0.163647118406));
#7269 = CARTESIAN_POINT('',(0.12341934341,0.159000977256));
#7270 = CARTESIAN_POINT('',(0.123004046593,0.154358529126));
#7271 = CARTESIAN_POINT('',(0.122591850529,0.149719774182));
#7272 = CARTESIAN_POINT('',(0.122182701695,0.145084712734));
#7273 = CARTESIAN_POINT('',(0.121776552296,0.140453345638));
#7274 = CARTESIAN_POINT('',(0.121373359256,0.13582567416));
#7275 = CARTESIAN_POINT('',(0.120973084016,0.131201699978));
#7276 = CARTESIAN_POINT('',(0.120575692047,0.126581425144));
#7277 = CARTESIAN_POINT('',(0.120181152772,0.121964852088));
#7278 = CARTESIAN_POINT('',(0.119789438219,0.117351983465));
#7279 = CARTESIAN_POINT('',(0.119400524867,0.112742822275));
#7280 = CARTESIAN_POINT('',(0.119014394766,0.108137372738));
#7281 = CARTESIAN_POINT('',(0.118631025139,0.103535638267));
#7282 = CARTESIAN_POINT('',(0.118250403035,9.893762392966E-02));
#7283 = CARTESIAN_POINT('',(0.117872517643,9.434333516558E-02));
#7284 = CARTESIAN_POINT('',(0.117497357283,8.975277722948E-02));
#7285 = CARTESIAN_POINT('',(0.117124906622,8.516595466928E-02));
#7286 = CARTESIAN_POINT('',(0.11675517243,8.058287616482E-02));
#7287 = CARTESIAN_POINT('',(0.116388110101,7.600354153816E-02));
#7288 = CARTESIAN_POINT('',(0.116145143807,7.295314597794E-02));
#7289 = CARTESIAN_POINT('',(0.116024086996,7.142857142857E-02));
#7290 = ( GEOMETRIC_REPRESENTATION_CONTEXT(2) 
PARAMETRIC_REPRESENTATION_CONTEXT() REPRESENTATION_CONTEXT('2D SPACE',''
  ) );
#7291 = PCURVE('',#5055,#7292);
#7292 = DEFINITIONAL_REPRESENTATION('',(#7293),#7473);
#7293 = B_SPLINE_CURVE_WITH_KNOTS('',3,(#7294,#7295,#7296,#7297,#7298,
    #7299,#7300,#7301,#7302,#7303,#7304,#7305,#7306,#7307,#7308,#7309,
    #7310,#7311,#7312,#7313,#7314,#7315,#7316,#7317,#7318,#7319,#7320,
    #7321,#7322,#7323,#7324,#7325,#7326,#7327,#7328,#7329,#7330,#7331,
    #7332,#7333,#7334,#7335,#7336,#7337,#7338,#7339,#7340,#7341,#7342,
    #7343,#7344,#7345,#7346,#7347,#7348,#7349,#7350,#7351,#7352,#7353,
    #7354,#7355,#7356,#7357,#7358,#7359,#7360,#7361,#7362,#7363,#7364,
    #7365,#7366,#7367,#7368,#7369,#7370,#7371,#7372,#7373,#7374,#7375,
    #7376,#7377,#7378,#7379,#7380,#7381,#7382,#7383,#7384,#7385,#7386,
    #7387,#7388,#7389,#7390,#7391,#7392,#7393,#7394,#7395,#7396,#7397,
    #7398,#7399,#7400,#7401,#7402,#7403,#7404,#7405,#7406,#7407,#7408,
    #7409,#7410,#7411,#7412,#7413,#7414,#7415,#7416,#7417,#7418,#7419,
    #7420,#7421,#7422,#7423,#7424,#7425,#7426,#7427,#7428,#7429,#7430,
    #7431,#7432,#7433,#7434,#7435,#7436,#7437,#7438,#7439,#7440,#7441,
    #7442,#7443,#7444,#7445,#7446,#7447,#7448,#7449,#7450,#7451,#7452,
    #7453,#7454,#7455,#7456,#7457,#7458,#7459,#7460,#7461,#7462,#7463,
    #7464,#7465,#7466,#7467,#7468,#7469,#7470,#7471,#7472),
  .UNSPECIFIED.,.F.,.F.,(4,1,1,1,1,1,1,1,1,1,1,1,1,1,1,1,1,1,1,1,1,1,1,1
    ,1,1,1,1,1,1,1,1,1,1,1,1,1,1,1,1,1,1,1,1,1,1,1,1,1,1,1,1,1,1,1,1,1,1
    ,1,1,1,1,1,1,1,1,1,1,1,1,1,1,1,1,1,1,1,1,1,1,1,1,1,1,1,1,1,1,1,1,1,1
    ,1,1,1,1,1,1,1,1,1,1,1,1,1,1,1,1,1,1,1,1,1,1,1,1,1,1,1,1,1,1,1,1,1,1
    ,1,1,1,1,1,1,1,1,1,1,1,1,1,1,1,1,1,1,1,1,1,1,1,1,1,1,1,1,1,1,1,1,1,1
    ,1,1,1,1,1,1,1,1,1,1,1,1,1,1,1,1,4),(0.,2.945187725347E-02,
    5.890375450695E-02,8.835563176042E-02,0.117807509014,0.147259386267,
    0.176711263521,0.206163140774,0.235615018028,0.265066895281,
    0.294518772535,0.323970649788,0.353422527042,0.382874404295,
    0.412326281549,0.441778158802,0.471230036056,0.500681913309,
    0.530133790563,0.559585667816,0.589037545069,0.618489422323,
    0.647941299576,0.67739317683,0.706845054083,0.736296931337,
    0.76574880859,0.795200685844,0.824652563097,0.854104440351,
    0.883556317604,0.913008194858,0.942460072111,0.971911949365,
    1.001363826618,1.030815703872,1.060267581125,1.089719458379,
    1.119171335632,1.148623212885,1.178075090139,1.207526967392,
    1.236978844646,1.266430721899,1.295882599153,1.325334476406,
    1.35478635366,1.384238230913,1.413690108167,1.44314198542,
    1.472593862674,1.502045739927,1.531497617181,1.560949494434,
    1.590401371688,1.619853248941,1.649305126195,1.678757003448,
    1.708208880702,1.737660757955,1.767112635208,1.796564512462,
    1.826016389715,1.855468266969,1.884920144222,1.914372021476,
    1.943823898729,1.973275775983,2.002727653236,2.03217953049,
    2.061631407743,2.091083284997,2.12053516225,2.149987039504,
    2.179438916757,2.208890794011,2.238342671264,2.267794548518,
    2.297246425771,2.326698303024,2.356150180278,2.385602057531,
    2.415053934785,2.444505812038,2.473957689292,2.503409566545,
    2.532861443799,2.562313321052,2.591765198306,2.621217075559,
    2.650668952813,2.680120830066,2.70957270732,2.739024584573,
    2.768476461827,2.79792833908,2.827380216334,2.856832093587,
    2.88628397084,2.915735848094,2.945187725347,2.974639602601,
    3.004091479854,3.033543357108,3.062995234361,3.092447111615,
    3.121898988868,3.151350866122,3.180802743375,3.210254620629,
    3.239706497882,3.269158375136,3.298610252389,3.328062129643,
    3.357514006896,3.38696588415,3.416417761403,3.445869638656,
    3.47532151591,3.504773393163,3.534225270417,3.56367714767,
    3.593129024924,3.622580902177,3.652032779431,3.681484656684,
    3.710936533938,3.740388411191,3.769840288445,3.799292165698,
    3.828744042952,3.858195920205,3.887647797459,3.917099674712,
    3.946551551966,3.976003429219,4.005455306473,4.034907183726,
    4.064359060979,4.093810938233,4.123262815486,4.15271469274,
    4.182166569993,4.211618447247,4.2410703245,4.270522201754,
    4.299974079007,4.329425956261,4.358877833514,4.388329710768,
    4.417781588021,4.447233465275,4.476685342528,4.506137219782,
    4.535589097035,4.565040974289,4.594492851542,4.623944728795,
    4.653396606049,4.682848483302,4.712300360556,4.741752237809,
    4.771204115063,4.800655992316,4.83010786957,4.859559746823,
    4.889011624077,4.91846350133,4.947915378584,4.977367255837,
    5.006819133091,5.036271010344,5.065722887598,5.095174764851,
    5.124626642105,5.154078519358,5.183530396611),
  .QUASI_UNIFORM_KNOTS.);
#7294 = CARTESIAN_POINT('',(-6.519124870206,-60.));
#7295 = CARTESIAN_POINT('',(-6.51667015593,-59.8808353385));
#7296 = CARTESIAN_POINT('',(-6.511772265218,-59.64254491918));
#7297 = CARTESIAN_POINT('',(-6.504458739035,-59.285227843));
#7298 = CARTESIAN_POINT('',(-6.497177149897,-58.9280312515));
#7299 = CARTESIAN_POINT('',(-6.489926367184,-58.5709567613));
#7300 = CARTESIAN_POINT('',(-6.482705393229,-58.2140058463));
#7301 = CARTESIAN_POINT('',(-6.475513259241,-57.85718002122));
#7302 = CARTESIAN_POINT('',(-6.468349015021,-57.50048086844));
#7303 = CARTESIAN_POINT('',(-6.461211773245,-57.14390986576));
#7304 = CARTESIAN_POINT('',(-6.45410066191,-56.78746855275));
#7305 = CARTESIAN_POINT('',(-6.447014848304,-56.43115847684));
#7306 = CARTESIAN_POINT('',(-6.439953527594,-56.07498120084));
#7307 = CARTESIAN_POINT('',(-6.43291592358,-55.718938299));
#7308 = CARTESIAN_POINT('',(-6.425901286333,-55.36303135575));
#7309 = CARTESIAN_POINT('',(-6.41890889092,-55.00726196506));
#7310 = CARTESIAN_POINT('',(-6.411938036085,-54.65163174575));
#7311 = CARTESIAN_POINT('',(-6.404988042984,-54.29614232218));
#7312 = CARTESIAN_POINT('',(-6.398058252979,-53.94079534133));
#7313 = CARTESIAN_POINT('',(-6.39114803139,-53.585592457));
#7314 = CARTESIAN_POINT('',(-6.384256747536,-53.23053536921));
#7315 = CARTESIAN_POINT('',(-6.377383845897,-52.87562568922));
#7316 = CARTESIAN_POINT('',(-6.370528928641,-52.52086460166));
#7317 = CARTESIAN_POINT('',(-6.363691581686,-52.16625338476));
#7318 = CARTESIAN_POINT('',(-6.356871405768,-51.81179332035));
#7319 = CARTESIAN_POINT('',(-6.350068007593,-51.45748571558));
#7320 = CARTESIAN_POINT('',(-6.343281001736,-51.10333189469));
#7321 = CARTESIAN_POINT('',(-6.336510009685,-50.74933319877));
#7322 = CARTESIAN_POINT('',(-6.329754659682,-50.39549098369));
#7323 = CARTESIAN_POINT('',(-6.323014586392,-50.0418066174));
#7324 = CARTESIAN_POINT('',(-6.316289430609,-49.68828148199));
#7325 = CARTESIAN_POINT('',(-6.309578839103,-49.33491695706));
#7326 = CARTESIAN_POINT('',(-6.302882463922,-48.98171448784));
#7327 = CARTESIAN_POINT('',(-6.2961999627,-48.62867551806));
#7328 = CARTESIAN_POINT('',(-6.289530996925,-48.27580151334));
#7329 = CARTESIAN_POINT('',(-6.282875237403,-47.92309394623));
#7330 = CARTESIAN_POINT('',(-6.276232355791,-47.57055439784));
#7331 = CARTESIAN_POINT('',(-6.269602023136,-47.21818438782));
#7332 = CARTESIAN_POINT('',(-6.262984031952,-46.86598503706));
#7333 = CARTESIAN_POINT('',(-6.256378202804,-46.51395739781));
#7334 = CARTESIAN_POINT('',(-6.249784360106,-46.16210253139));
#7335 = CARTESIAN_POINT('',(-6.243202321749,-45.81042154199));
#7336 = CARTESIAN_POINT('',(-6.236631901461,-45.4589155673));
#7337 = CARTESIAN_POINT('',(-6.230072913009,-45.10758576392));
#7338 = CARTESIAN_POINT('',(-6.223525172403,-44.75643329936));
#7339 = CARTESIAN_POINT('',(-6.216988496232,-44.40545935593));
#7340 = CARTESIAN_POINT('',(-6.210462698389,-44.05466514023));
#7341 = CARTESIAN_POINT('',(-6.203947586476,-43.7040518925));
#7342 = CARTESIAN_POINT('',(-6.197442975287,-43.35362085654));
#7343 = CARTESIAN_POINT('',(-6.190948677845,-43.00337329004));
#7344 = CARTESIAN_POINT('',(-6.184464503994,-42.65331048738));
#7345 = CARTESIAN_POINT('',(-6.177990264776,-42.30343376498));
#7346 = CARTESIAN_POINT('',(-6.171525771979,-41.95374445925));
#7347 = CARTESIAN_POINT('',(-6.165070831533,-41.60424394522));
#7348 = CARTESIAN_POINT('',(-6.158625271011,-41.25493355757));
#7349 = CARTESIAN_POINT('',(-6.152189023974,-40.90581411851));
#7350 = CARTESIAN_POINT('',(-6.145762007323,-40.55688652756));
#7351 = CARTESIAN_POINT('',(-6.139344137675,-40.20815169535));
#7352 = CARTESIAN_POINT('',(-6.132935327169,-39.85961056038));
#7353 = CARTESIAN_POINT('',(-6.126535484771,-39.5112640836));
#7354 = CARTESIAN_POINT('',(-6.120144516096,-39.16311324896));
#7355 = CARTESIAN_POINT('',(-6.113762323612,-38.81515906227));
#7356 = CARTESIAN_POINT('',(-6.107388806741,-38.46740255081));
#7357 = CARTESIAN_POINT('',(-6.101023861952,-38.11984476183));
#7358 = CARTESIAN_POINT('',(-6.094667382917,-37.77248676462));
#7359 = CARTESIAN_POINT('',(-6.088319260389,-37.42532963946));
#7360 = CARTESIAN_POINT('',(-6.081979383165,-37.07837451823));
#7361 = CARTESIAN_POINT('',(-6.075647637867,-36.73162255073));
#7362 = CARTESIAN_POINT('',(-6.069323907857,-36.38507490869));
#7363 = CARTESIAN_POINT('',(-6.063008077576,-36.03873277426));
#7364 = CARTESIAN_POINT('',(-6.056700017811,-35.69259741809));
#7365 = CARTESIAN_POINT('',(-6.050399645958,-35.34666988876));
#7366 = CARTESIAN_POINT('',(-6.044106943644,-35.00095081007));
#7367 = CARTESIAN_POINT('',(-6.037821874202,-34.65544092134));
#7368 = CARTESIAN_POINT('',(-6.031544400452,-34.31014096439));
#7369 = CARTESIAN_POINT('',(-6.025274480121,-33.96505171314));
#7370 = CARTESIAN_POINT('',(-6.019012067229,-33.62017396491));
#7371 = CARTESIAN_POINT('',(-6.012757111876,-33.27550854201));
#7372 = CARTESIAN_POINT('',(-6.006509560447,-32.93105629057));
#7373 = CARTESIAN_POINT('',(-6.00026935569,-32.58681808009));
#7374 = CARTESIAN_POINT('',(-5.994036436827,-32.24279480277));
#7375 = CARTESIAN_POINT('',(-5.987810739647,-31.89898737325));
#7376 = CARTESIAN_POINT('',(-5.981592196583,-31.55539672665));
#7377 = CARTESIAN_POINT('',(-5.975380736826,-31.212023823));
#7378 = CARTESIAN_POINT('',(-5.969176287817,-30.86886967864));
#7379 = CARTESIAN_POINT('',(-5.962978772743,-30.52593531394));
#7380 = CARTESIAN_POINT('',(-5.956788114996,-30.18322176524));
#7381 = CARTESIAN_POINT('',(-5.950604225308,-29.84073015996));
#7382 = CARTESIAN_POINT('',(-5.944427058054,-29.49846136144));
#7383 = CARTESIAN_POINT('',(-5.938256615582,-29.15641582932));
#7384 = CARTESIAN_POINT('',(-5.932092885064,-28.81459413588));
#7385 = CARTESIAN_POINT('',(-5.925935852353,-28.47299685957));
#7386 = CARTESIAN_POINT('',(-5.919785498452,-28.13162461267));
#7387 = CARTESIAN_POINT('',(-5.913641800629,-27.79047803309));
#7388 = CARTESIAN_POINT('',(-5.907504732282,-27.44955778577));
#7389 = CARTESIAN_POINT('',(-5.901374263128,-27.10886456146));
#7390 = CARTESIAN_POINT('',(-5.895250359297,-26.76839907629));
#7391 = CARTESIAN_POINT('',(-5.889132983449,-26.42816207118));
#7392 = CARTESIAN_POINT('',(-5.883022094862,-26.08815431092));
#7393 = CARTESIAN_POINT('',(-5.876917649569,-25.74837658478));
#7394 = CARTESIAN_POINT('',(-5.870819600303,-25.40882970136));
#7395 = CARTESIAN_POINT('',(-5.86472789712,-25.06951450508));
#7396 = CARTESIAN_POINT('',(-5.858642487229,-24.73043189352));
#7397 = CARTESIAN_POINT('',(-5.852563316411,-24.39158275506));
#7398 = CARTESIAN_POINT('',(-5.846490321151,-24.05296805829));
#7399 = CARTESIAN_POINT('',(-5.840423463546,-23.71458863464));
#7400 = CARTESIAN_POINT('',(-5.834362756844,-23.37644476523));
#7401 = CARTESIAN_POINT('',(-5.82830820057,-23.03853685335));
#7402 = CARTESIAN_POINT('',(-5.822259793012,-22.70086530932));
#7403 = CARTESIAN_POINT('',(-5.816217528023,-22.36343058053));
#7404 = CARTESIAN_POINT('',(-5.810181396028,-22.02623314259));
#7405 = CARTESIAN_POINT('',(-5.804151383891,-21.68927350089));
#7406 = CARTESIAN_POINT('',(-5.798127475085,-21.35255218949));
#7407 = CARTESIAN_POINT('',(-5.792109649774,-21.01606977059));
#7408 = CARTESIAN_POINT('',(-5.786097884906,-20.67982683394));
#7409 = CARTESIAN_POINT('',(-5.780092154306,-20.34382399629));
#7410 = CARTESIAN_POINT('',(-5.774092428761,-20.0080619008));
#7411 = CARTESIAN_POINT('',(-5.768098676094,-19.67254121632));
#7412 = CARTESIAN_POINT('',(-5.762110861254,-19.33726263759));
#7413 = CARTESIAN_POINT('',(-5.756128946344,-19.00222688181));
#7414 = CARTESIAN_POINT('',(-5.750152890855,-18.6674346987));
#7415 = CARTESIAN_POINT('',(-5.744182651114,-18.33288683043));
#7416 = CARTESIAN_POINT('',(-5.738218182446,-17.99858416792));
#7417 = CARTESIAN_POINT('',(-5.732259498518,-17.66452692916));
#7418 = CARTESIAN_POINT('',(-5.726306606824,-17.33071533482));
#7419 = CARTESIAN_POINT('',(-5.720359512146,-16.99714964513));
#7420 = CARTESIAN_POINT('',(-5.714418215751,-16.66383014928));
#7421 = CARTESIAN_POINT('',(-5.708482715716,-16.33075716759));
#7422 = CARTESIAN_POINT('',(-5.702553006956,-15.99793105028));
#7423 = CARTESIAN_POINT('',(-5.69662908132,-15.66535217709));
#7424 = CARTESIAN_POINT('',(-5.690710927666,-15.33302095681));
#7425 = CARTESIAN_POINT('',(-5.684798531933,-15.00093782669));
#7426 = CARTESIAN_POINT('',(-5.678891877219,-14.66910325201));
#7427 = CARTESIAN_POINT('',(-5.672990943836,-14.33751772558));
#7428 = CARTESIAN_POINT('',(-5.667095709398,-14.00618176708));
#7429 = CARTESIAN_POINT('',(-5.661206148822,-13.67509592322));
#7430 = CARTESIAN_POINT('',(-5.655322234577,-13.34426076489));
#7431 = CARTESIAN_POINT('',(-5.649443936051,-13.01367689549));
#7432 = CARTESIAN_POINT('',(-5.643571222154,-12.68334491743));
#7433 = CARTESIAN_POINT('',(-5.63770405185,-12.35326555501));
#7434 = CARTESIAN_POINT('',(-5.631842413765,-12.02343930138));
#7435 = CARTESIAN_POINT('',(-5.625986324943,-11.69386613945));
#7436 = CARTESIAN_POINT('',(-5.620135792353,-11.36454620125));
#7437 = CARTESIAN_POINT('',(-5.614290821947,-11.03547961858));
#7438 = CARTESIAN_POINT('',(-5.608451416319,-10.70666656248));
#7439 = CARTESIAN_POINT('',(-5.602617575418,-10.37810723213));
#7440 = CARTESIAN_POINT('',(-5.596789296436,-10.04980185729));
#7441 = CARTESIAN_POINT('',(-5.590966573917,-9.721750697128));
#7442 = CARTESIAN_POINT('',(-5.585149399798,-9.393954040026));
#7443 = CARTESIAN_POINT('',(-5.579337763469,-9.066412203108));
#7444 = CARTESIAN_POINT('',(-5.573531651826,-8.739125531839));
#7445 = CARTESIAN_POINT('',(-5.56773104931,-8.412094399685));
#7446 = CARTESIAN_POINT('',(-5.561935937976,-8.085319207439));
#7447 = CARTESIAN_POINT('',(-5.55614629748,-7.75880038382));
#7448 = CARTESIAN_POINT('',(-5.550362105313,-7.432538381329));
#7449 = CARTESIAN_POINT('',(-5.544583336124,-7.10653368977));
#7450 = CARTESIAN_POINT('',(-5.538809964444,-6.780786783853));
#7451 = CARTESIAN_POINT('',(-5.533041954683,-6.455298316781));
#7452 = CARTESIAN_POINT('',(-5.527279310233,-6.130068424675));
#7453 = CARTESIAN_POINT('',(-5.521522043808,-5.805097041157));
#7454 = CARTESIAN_POINT('',(-5.515770162819,-5.480384184216));
#7455 = CARTESIAN_POINT('',(-5.510023673209,-5.155929881232));
#7456 = CARTESIAN_POINT('',(-5.504282578375,-4.831734190148));
#7457 = CARTESIAN_POINT('',(-5.498546879403,-4.50779719492));
#7458 = CARTESIAN_POINT('',(-5.492816574965,-4.184119007348));
#7459 = CARTESIAN_POINT('',(-5.487091661242,-3.860699768732));
#7460 = CARTESIAN_POINT('',(-5.481372132092,-3.537539645487));
#7461 = CARTESIAN_POINT('',(-5.475657978185,-3.214638848708));
#7462 = CARTESIAN_POINT('',(-5.469949188718,-2.891997581679));
#7463 = CARTESIAN_POINT('',(-5.464245753295,-2.569616066426));
#7464 = CARTESIAN_POINT('',(-5.458547653106,-2.24749467434));
#7465 = CARTESIAN_POINT('',(-5.452854873347,-1.925633700267));
#7466 = CARTESIAN_POINT('',(-5.447167397341,-1.60403346325));
#7467 = CARTESIAN_POINT('',(-5.441485203007,-1.282694365445));
#7468 = CARTESIAN_POINT('',(-5.435808264489,-0.961616863385));
#7469 = CARTESIAN_POINT('',(-5.430136560533,-0.640801328941));
#7470 = CARTESIAN_POINT('',(-5.424470084143,-0.320247890075));
#7471 = CARTESIAN_POINT('',(-5.420695927096,-0.106720205784));
#7472 = CARTESIAN_POINT('',(-5.418809723287,-1.666567204989E-16));
#7473 = ( GEOMETRIC_REPRESENTATION_CONTEXT(2) 
PARAMETRIC_REPRESENTATION_CONTEXT() REPRESENTATION_CONTEXT('2D SPACE',''
  ) );
#7474 = ORIENTED_EDGE('',*,*,#5067,.F.);
#7475 = ORIENTED_EDGE('',*,*,#6938,.T.);
#7476 = ADVANCED_FACE('',(#7477),#5055,.T.);
#7477 = FACE_BOUND('',#7478,.T.);
#7478 = EDGE_LOOP('',(#7479,#7480,#7481,#7482));
#7479 = ORIENTED_EDGE('',*,*,#5248,.T.);
#7480 = ORIENTED_EDGE('',*,*,#6978,.T.);
#7481 = ORIENTED_EDGE('',*,*,#5038,.T.);
#7482 = ORIENTED_EDGE('',*,*,#7483,.T.);
#7483 = EDGE_CURVE('',#4979,#5249,#7484,.T.);
#7484 = SURFACE_CURVE('',#7485,(#7590,#7698),.PCURVE_S1.);
#7485 = B_SPLINE_CURVE_WITH_KNOTS('',7,(#7486,#7487,#7488,#7489,#7490,
    #7491,#7492,#7493,#7494,#7495,#7496,#7497,#7498,#7499,#7500,#7501,
    #7502,#7503,#7504,#7505,#7506,#7507,#7508,#7509,#7510,#7511,#7512,
    #7513,#7514,#7515,#7516,#7517,#7518,#7519,#7520,#7521,#7522,#7523,
    #7524,#7525,#7526,#7527,#7528,#7529,#7530,#7531,#7532,#7533,#7534,
    #7535,#7536,#7537,#7538,#7539,#7540,#7541,#7542,#7543,#7544,#7545,
    #7546,#7547,#7548,#7549,#7550,#7551,#7552,#7553,#7554,#7555,#7556,
    #7557,#7558,#7559,#7560,#7561,#7562,#7563,#7564,#7565,#7566,#7567,
    #7568,#7569,#7570,#7571,#7572,#7573,#7574,#7575,#7576,#7577,#7578,
    #7579,#7580,#7581,#7582,#7583,#7584,#7585,#7586,#7587,#7588,#7589),
  .UNSPECIFIED.,.F.,.F.,(8,6,6,6,6,6,6,6,6,6,6,6,6,6,6,6,6,8),(0.,
    8.667986222212E-02,0.192318783468,0.295262567166,0.313721705447,
    0.396872908225,0.419955750227,0.49724887975,0.597682633424,
    0.627365992254,0.695890444693,0.727635116833,0.793184671433,
    0.826984460804,0.890837027598,0.923226509288,0.961306534301,1.),
  .UNSPECIFIED.);
#7486 = CARTESIAN_POINT('',(48.875010745467,1.947024545248E-16,
    1.928553007771));
#7487 = CARTESIAN_POINT('',(48.48062274971,0.569014791381,2.604646714784
    ));
#7488 = CARTESIAN_POINT('',(48.077704542446,1.128295372626,3.28211442295
    ));
#7489 = CARTESIAN_POINT('',(47.666472956993,1.677643550376,
    3.960951351523));
#7490 = CARTESIAN_POINT('',(47.247150729752,2.216859767302,4.64115413565
    ));
#7491 = CARTESIAN_POINT('',(46.819967202917,2.74574336203,5.322720927503
    ));
#7492 = CARTESIAN_POINT('',(46.385159027189,3.264092829064,
    6.005651497405));
#7493 = CARTESIAN_POINT('',(45.404065064456,4.390347072448,
    7.523915828223));
#7494 = CARTESIAN_POINT('',(44.854198292138,4.993042289554,
    8.359911283115));
#7495 = CARTESIAN_POINT('',(44.29381845923,5.579484756435,9.197919478545
    ));
#7496 = CARTESIAN_POINT('',(43.723385827686,6.14936581591,
    10.037929194053));
#7497 = CARTESIAN_POINT('',(43.14337488741,6.70237611926,10.879932503188
    ));
#7498 = CARTESIAN_POINT('',(42.55427623396,7.238206618268,
    11.723925066861));
#7499 = CARTESIAN_POINT('',(41.374169052104,8.26166815147,
    13.394304490372));
#7500 = CARTESIAN_POINT('',(40.783593161832,8.750182850483,
    14.220589525348));
#7501 = CARTESIAN_POINT('',(40.185339821446,9.221867048728,
    15.048745403455));
#7502 = CARTESIAN_POINT('',(39.579889262745,9.67649432955,
    15.878758553516));
#7503 = CARTESIAN_POINT('',(38.967734560164,10.113839428428,
    16.710618272682));
#7504 = CARTESIAN_POINT('',(38.349383287623,10.533679196213,
    17.544317037733));
#7505 = CARTESIAN_POINT('',(37.613463663434,11.007897815971,
    18.529672719222));
#7506 = CARTESIAN_POINT('',(37.501385752538,11.079432212391,
    18.679553590387));
#7507 = CARTESIAN_POINT('',(37.389128415006,11.150395836674,
    18.82949331366));
#7508 = CARTESIAN_POINT('',(37.276694634209,11.220787776735,
    18.97949177603));
#7509 = CARTESIAN_POINT('',(37.164087404578,11.290607123342,
    19.129548867702));
#7510 = CARTESIAN_POINT('',(37.0513097316,11.359852970108,
    19.279664482093));
#7511 = CARTESIAN_POINT('',(36.429591104497,11.737862424141,
    20.106313838874));
#7512 = CARTESIAN_POINT('',(35.91742034681,12.035544846607,
    20.783974443275));
#7513 = CARTESIAN_POINT('',(35.402127934555,12.321489280295,
    21.462811112581));
#7514 = CARTESIAN_POINT('',(34.883994467331,12.59561424191,
    22.142815668618));
#7515 = CARTESIAN_POINT('',(34.363306130747,12.857839589235,
    22.823981085667));
#7516 = CARTESIAN_POINT('',(33.840355258619,13.108086944905,
    23.50630160465));
#7517 = CARTESIAN_POINT('',(33.169724237923,13.412402740741,
    24.379505024107));
#7518 = CARTESIAN_POINT('',(33.023856264395,13.477596497098,
    24.569325850955));
#7519 = CARTESIAN_POINT('',(32.877843189115,13.541860484324,
    24.759235059334));
#7520 = CARTESIAN_POINT('',(32.731691251681,13.60519380824,
    24.949232388263));
#7521 = CARTESIAN_POINT('',(32.585406716767,13.66759558541,
    25.139317584294));
#7522 = CARTESIAN_POINT('',(32.438995874129,13.729064943142,
    25.329490401511));
#7523 = CARTESIAN_POINT('',(31.801805056234,13.992306682393,
    26.156838802444));
#7524 = CARTESIAN_POINT('',(31.309799745203,14.184547867933,
    26.794906675339));
#7525 = CARTESIAN_POINT('',(30.816686095621,14.366292322995,
    27.433945453432));
#7526 = CARTESIAN_POINT('',(30.322704673675,14.537509040056,
    28.073947079662));
#7527 = CARTESIAN_POINT('',(29.828099999119,14.698168585757,
    28.714904294993));
#7528 = CARTESIAN_POINT('',(29.333120922774,14.848243429474,
    29.356810726708));
#7529 = CARTESIAN_POINT('',(28.194694183247,15.16892719415,
    30.834972783305));
#7530 = CARTESIAN_POINT('',(27.551163874603,15.332231882915,
    31.671877487203));
#7531 = CARTESIAN_POINT('',(26.907962904946,15.477628456021,
    32.510350249583));
#7532 = CARTESIAN_POINT('',(26.265632152357,15.60512709359,
    33.35036797678));
#7533 = CARTESIAN_POINT('',(25.624721845597,15.714743334691,
    34.191909682289));
#7534 = CARTESIAN_POINT('',(24.985792863571,15.806499374005,
    35.034956848762));
#7535 = CARTESIAN_POINT('',(24.161336421755,15.902274303123,
    36.129098053076));
#7536 = CARTESIAN_POINT('',(23.97347784972,15.922565978784,
    36.378832360837));
#7537 = CARTESIAN_POINT('',(23.785856296982,15.941302759426,
    36.628695962515));
#7538 = CARTESIAN_POINT('',(23.598485791949,15.958487063658,
    36.878688125196));
#7539 = CARTESIAN_POINT('',(23.411380413132,15.974121354735,
    37.128808133837));
#7540 = CARTESIAN_POINT('',(23.22455428915,15.98820814056,37.37905529126
    ));
#7541 = CARTESIAN_POINT('',(22.607408252488,16.029702972305,
    38.207419966482));
#7542 = CARTESIAN_POINT('',(22.178358836847,16.050422661627,
    38.786084952798));
#7543 = CARTESIAN_POINT('',(21.751047543048,16.062940227027,
    39.365415572547));
#7544 = CARTESIAN_POINT('',(21.3256505692,16.067288486461,39.94540393481
    ));
#7545 = CARTESIAN_POINT('',(20.902346120277,16.063501890464,
    40.526042562306));
#7546 = CARTESIAN_POINT('',(20.481314408108,16.051616522152,
    41.107324391394));
#7547 = CARTESIAN_POINT('',(19.868827573529,16.02242970642,
    41.958822572413));
#7548 = CARTESIAN_POINT('',(19.675444315254,16.011459469309,
    42.228538947265));
#7549 = CARTESIAN_POINT('',(19.482604735692,15.998765098646,
    42.498390863568));
#7550 = CARTESIAN_POINT('',(19.290325742126,15.984352368995,
    42.768377309187));
#7551 = CARTESIAN_POINT('',(19.098624289998,15.968227116722,
    43.038497292916));
#7552 = CARTESIAN_POINT('',(18.907517382902,15.950395239994,
    43.308749844473));
#7553 = CARTESIAN_POINT('',(18.323668419755,15.890529966068,
    44.137450126189));
#7554 = CARTESIAN_POINT('',(17.932922624806,15.842946019503,
    44.696327385879));
#7555 = CARTESIAN_POINT('',(17.544934642914,15.788163159375,
    45.255757484824));
#7556 = CARTESIAN_POINT('',(17.159855776826,15.726235136938,
    45.815732399644));
#7557 = CARTESIAN_POINT('',(16.777838676853,15.657217154408,
    46.376244392338));
#7558 = CARTESIAN_POINT('',(16.399037340877,15.581165864964,
    46.937286010273));
#7559 = CARTESIAN_POINT('',(15.830021320246,15.45532782405,
    47.788413418858));
#7560 = CARTESIAN_POINT('',(15.637331882233,15.410661718491,
    48.078115648174));
#7561 = CARTESIAN_POINT('',(15.445558239565,15.364151322947,
    48.367955389061));
#7562 = CARTESIAN_POINT('',(15.254719868612,15.315806979187,
    48.657931279155));
#7563 = CARTESIAN_POINT('',(15.064836282852,15.265639103876,
    48.948041978813));
#7564 = CARTESIAN_POINT('',(14.875927032875,15.213658188576,
    49.238286171109));
#7565 = CARTESIAN_POINT('',(14.333013164692,15.058270396526,
    50.077224497547));
#7566 = CARTESIAN_POINT('',(13.981561884344,14.950233324644,
    50.626258177608));
#7567 = CARTESIAN_POINT('',(13.633789821957,14.835834667946,
    51.175754930715));
#7568 = CARTESIAN_POINT('',(13.289829798441,14.715146765377,
    51.725706265024));
#7569 = CARTESIAN_POINT('',(12.949815499,14.588243210984,52.276103868151
    ));
#7570 = CARTESIAN_POINT('',(12.613881473132,14.455198853909,
    52.826939607172));
#7571 = CARTESIAN_POINT('',(12.113897619381,14.245526147895,
    53.657837473996));
#7572 = CARTESIAN_POINT('',(11.946716643677,14.17340223892,
    53.937580059082));
#7573 = CARTESIAN_POINT('',(11.780635949367,14.099729916569,
    54.217431941482));
#7574 = CARTESIAN_POINT('',(11.615671287325,14.024521072715,
    54.497391792673));
#7575 = CARTESIAN_POINT('',(11.451838417449,13.947787646002,54.777458298
    ));
#7576 = CARTESIAN_POINT('',(11.289153108664,13.869541621846,
    55.057630156681));
#7577 = CARTESIAN_POINT('',(10.93773119835,13.696037677856,
    55.667423989538));
#7578 = CARTESIAN_POINT('',(10.749439294793,13.600206173289,
    55.997085736003));
#7579 = CARTESIAN_POINT('',(10.562781067034,13.502320069647,
    56.326889232849));
#7580 = CARTESIAN_POINT('',(10.377782207816,13.402399023706,
    56.656832404878));
#7581 = CARTESIAN_POINT('',(10.194468463844,13.300462798106,
    56.986913190038));
#7582 = CARTESIAN_POINT('',(10.012865635783,13.196531261351,
    57.317129539431));
#7583 = CARTESIAN_POINT('',(9.650236013239,12.983011433847,
    57.983150984325));
#7584 = CARTESIAN_POINT('',(9.469265211555,12.873359278942,
    58.318960424285));
#7585 = CARTESIAN_POINT('',(9.290117031589,12.761686809882,
    58.654905818444));
#7586 = CARTESIAN_POINT('',(9.112810380693,12.648021615303,
    58.990984139283));
#7587 = CARTESIAN_POINT('',(8.937387240965,12.532373403362,
    59.327194741727));
#7588 = CARTESIAN_POINT('',(8.763861090399,12.414774478037,
    59.663534162118));
#7589 = CARTESIAN_POINT('',(8.592258077041,12.295247095424,60.));
#7590 = PCURVE('',#5055,#7591);
#7591 = DEFINITIONAL_REPRESENTATION('',(#7592),#7697);
#7592 = B_SPLINE_CURVE_WITH_KNOTS('',7,(#7593,#7594,#7595,#7596,#7597,
    #7598,#7599,#7600,#7601,#7602,#7603,#7604,#7605,#7606,#7607,#7608,
    #7609,#7610,#7611,#7612,#7613,#7614,#7615,#7616,#7617,#7618,#7619,
    #7620,#7621,#7622,#7623,#7624,#7625,#7626,#7627,#7628,#7629,#7630,
    #7631,#7632,#7633,#7634,#7635,#7636,#7637,#7638,#7639,#7640,#7641,
    #7642,#7643,#7644,#7645,#7646,#7647,#7648,#7649,#7650,#7651,#7652,
    #7653,#7654,#7655,#7656,#7657,#7658,#7659,#7660,#7661,#7662,#7663,
    #7664,#7665,#7666,#7667,#7668,#7669,#7670,#7671,#7672,#7673,#7674,
    #7675,#7676,#7677,#7678,#7679,#7680,#7681,#7682,#7683,#7684,#7685,
    #7686,#7687,#7688,#7689,#7690,#7691,#7692,#7693,#7694,#7695,#7696),
  .UNSPECIFIED.,.F.,.F.,(8,6,6,6,6,6,6,6,6,6,6,6,6,6,6,6,6,8),(0.,
    8.667986222212E-02,0.192318783468,0.295262567166,0.313721705447,
    0.396872908225,0.419955750227,0.49724887975,0.597682633424,
    0.627365992254,0.695890444693,0.727635116833,0.793184671433,
    0.826984460804,0.890837027598,0.923226509288,0.961306534301,1.),
  .UNSPECIFIED.);
#7593 = CARTESIAN_POINT('',(-6.28318530718,-1.928553007771));
#7594 = CARTESIAN_POINT('',(-6.294827550991,-2.604646714784));
#7595 = CARTESIAN_POINT('',(-6.306489834712,-3.28211442295));
#7596 = CARTESIAN_POINT('',(-6.318172160277,-3.960951351523));
#7597 = CARTESIAN_POINT('',(-6.329874398799,-4.64115413565));
#7598 = CARTESIAN_POINT('',(-6.34159627468,-5.322720927503));
#7599 = CARTESIAN_POINT('',(-6.353337349721,-6.005651497405));
#7600 = CARTESIAN_POINT('',(-6.379428796669,-7.523915828223));
#7601 = CARTESIAN_POINT('',(-6.393788200124,-8.359911283115));
#7602 = CARTESIAN_POINT('',(-6.408175356144,-9.197919478545));
#7603 = CARTESIAN_POINT('',(-6.42259008664,-10.03792919405));
#7604 = CARTESIAN_POINT('',(-6.437031846558,-10.87993250318));
#7605 = CARTESIAN_POINT('',(-6.451499673563,-11.72392506686));
#7606 = CARTESIAN_POINT('',(-6.480114859489,-13.39430449037));
#7607 = CARTESIAN_POINT('',(-6.494261038619,-14.22058952534));
#7608 = CARTESIAN_POINT('',(-6.508430688938,-15.04874540345));
#7609 = CARTESIAN_POINT('',(-6.522623488428,-15.87875855351));
#7610 = CARTESIAN_POINT('',(-6.536838716847,-16.71061827268));
#7611 = CARTESIAN_POINT('',(-6.551075193364,-17.54431703773));
#7612 = CARTESIAN_POINT('',(-6.567887501232,-18.52967271922));
#7613 = CARTESIAN_POINT('',(-6.570444418299,-18.67955359038));
#7614 = CARTESIAN_POINT('',(-6.573001964543,-18.82949331366));
#7615 = CARTESIAN_POINT('',(-6.575560138683,-18.97949177603));
#7616 = CARTESIAN_POINT('',(-6.578118939008,-19.1295488677));
#7617 = CARTESIAN_POINT('',(-6.580678363375,-19.27966448209));
#7618 = CARTESIAN_POINT('',(-6.594770415055,-20.10631383887));
#7619 = CARTESIAN_POINT('',(-6.606315029203,-20.78397444327));
#7620 = CARTESIAN_POINT('',(-6.61787201792,-21.46281111258));
#7621 = CARTESIAN_POINT('',(-6.629440958376,-22.14281566861));
#7622 = CARTESIAN_POINT('',(-6.641021207914,-22.82398108566));
#7623 = CARTESIAN_POINT('',(-6.65261187333,-23.50630160465));
#7624 = CARTESIAN_POINT('',(-6.667431923767,-24.3795050241));
#7625 = CARTESIAN_POINT('',(-6.67065278102,-24.56932585095));
#7626 = CARTESIAN_POINT('',(-6.673874347428,-24.75923505933));
#7627 = CARTESIAN_POINT('',(-6.677096617215,-24.94923238826));
#7628 = CARTESIAN_POINT('',(-6.680319583287,-25.13931758429));
#7629 = CARTESIAN_POINT('',(-6.683543237236,-25.32949040151));
#7630 = CARTESIAN_POINT('',(-6.697564277956,-26.15683880244));
#7631 = CARTESIAN_POINT('',(-6.708368588643,-26.79490667533));
#7632 = CARTESIAN_POINT('',(-6.719180135113,-27.43394545343));
#7633 = CARTESIAN_POINT('',(-6.729998373596,-28.07394707966));
#7634 = CARTESIAN_POINT('',(-6.74082255223,-28.71490429499));
#7635 = CARTESIAN_POINT('',(-6.751651680454,-29.3568107267));
#7636 = CARTESIAN_POINT('',(-6.776560530449,-30.8349727833));
#7637 = CARTESIAN_POINT('',(-6.790642781932,-31.6718774872));
#7638 = CARTESIAN_POINT('',(-6.804730479452,-32.51035024958));
#7639 = CARTESIAN_POINT('',(-6.81882230131,-33.35036797678));
#7640 = CARTESIAN_POINT('',(-6.832916226891,-34.19190968228));
#7641 = CARTESIAN_POINT('',(-6.847009386043,-35.03495684876));
#7642 = CARTESIAN_POINT('',(-6.865261794126,-36.12909805307));
#7643 = CARTESIAN_POINT('',(-6.86942528113,-36.37883236083));
#7644 = CARTESIAN_POINT('',(-6.873588330856,-36.62869596251));
#7645 = CARTESIAN_POINT('',(-6.87775089838,-36.87868812519));
#7646 = CARTESIAN_POINT('',(-6.881912932483,-37.12880813383));
#7647 = CARTESIAN_POINT('',(-6.886074375646,-37.37905529126));
#7648 = CARTESIAN_POINT('',(-6.899840402761,-38.20741996648));
#7649 = CARTESIAN_POINT('',(-6.90944213108,-38.78608495279));
#7650 = CARTESIAN_POINT('',(-6.919039603073,-39.36541557254));
#7651 = CARTESIAN_POINT('',(-6.92863181902,-39.94540393481));
#7652 = CARTESIAN_POINT('',(-6.938217525421,-40.5260425623));
#7653 = CARTESIAN_POINT('',(-6.947795214992,-41.10732439139));
#7654 = CARTESIAN_POINT('',(-6.961795562225,-41.95882257241));
#7655 = CARTESIAN_POINT('',(-6.966225899444,-42.22853894726));
#7656 = CARTESIAN_POINT('',(-6.97065404941,-42.49839086356));
#7657 = CARTESIAN_POINT('',(-6.975079911234,-42.76837730918));
#7658 = CARTESIAN_POINT('',(-6.979503372061,-43.03849729291));
#7659 = CARTESIAN_POINT('',(-6.983924307064,-43.30874984447));
#7660 = CARTESIAN_POINT('',(-6.99746586747,-44.13745012618));
#7661 = CARTESIAN_POINT('',(-7.006577773392,-44.69632738587));
#7662 = CARTESIAN_POINT('',(-7.01567714452,-45.25575748482));
#7663 = CARTESIAN_POINT('',(-7.024762507586,-45.81573239964));
#7664 = CARTESIAN_POINT('',(-7.033832068758,-46.37624439233));
#7665 = CARTESIAN_POINT('',(-7.042883713632,-46.93728601027));
#7666 = CARTESIAN_POINT('',(-7.056571878261,-47.78841341885));
#7667 = CARTESIAN_POINT('',(-7.061223328805,-48.07811564817));
#7668 = CARTESIAN_POINT('',(-7.065869149965,-48.36795538906));
#7669 = CARTESIAN_POINT('',(-7.070509107671,-48.65793127915));
#7670 = CARTESIAN_POINT('',(-7.075142942692,-48.94804197881));
#7671 = CARTESIAN_POINT('',(-7.079770370631,-49.2382861711));
#7672 = CARTESIAN_POINT('',(-7.09312025694,-50.07722449754));
#7673 = CARTESIAN_POINT('',(-7.101825410708,-50.6262581776));
#7674 = CARTESIAN_POINT('',(-7.110504542106,-51.17575493071));
#7675 = CARTESIAN_POINT('',(-7.11915515152,-51.72570626502));
#7676 = CARTESIAN_POINT('',(-7.127774240851,-52.27610386815));
#7677 = CARTESIAN_POINT('',(-7.136358313511,-52.82693960717));
#7678 = CARTESIAN_POINT('',(-7.149237892333,-53.65783747399));
#7679 = CARTESIAN_POINT('',(-7.153562372396,-53.93758005908));
#7680 = CARTESIAN_POINT('',(-7.157876425875,-54.21743194148));
#7681 = CARTESIAN_POINT('',(-7.162179622953,-54.49739179267));
#7682 = CARTESIAN_POINT('',(-7.166471492733,-54.777458298));
#7683 = CARTESIAN_POINT('',(-7.170751523239,-55.05763015668));
#7684 = CARTESIAN_POINT('',(-7.180036585599,-55.66742398953));
#7685 = CARTESIAN_POINT('',(-7.185036869763,-55.997085736));
#7686 = CARTESIAN_POINT('',(-7.190019123478,-56.32688923284));
#7687 = CARTESIAN_POINT('',(-7.194982342769,-56.65683240487));
#7688 = CARTESIAN_POINT('',(-7.199925410119,-56.98691319003));
#7689 = CARTESIAN_POINT('',(-7.204847094465,-57.31712953943));
#7690 = CARTESIAN_POINT('',(-7.214723926466,-57.98315098432));
#7691 = CARTESIAN_POINT('',(-7.219678361223,-58.31896042428));
#7692 = CARTESIAN_POINT('',(-7.224607698935,-58.65490581845));
#7693 = CARTESIAN_POINT('',(-7.229511051351,-58.99098413927));
#7694 = CARTESIAN_POINT('',(-7.234385454374,-59.32719474173));
#7695 = CARTESIAN_POINT('',(-7.239230095153,-59.66353416211));
#7696 = CARTESIAN_POINT('',(-7.244042945521,-60.));
#7697 = ( GEOMETRIC_REPRESENTATION_CONTEXT(2) 
PARAMETRIC_REPRESENTATION_CONTEXT() REPRESENTATION_CONTEXT('2D SPACE',''
  ) );
#7698 = PCURVE('',#4998,#7699);
#7699 = DEFINITIONAL_REPRESENTATION('',(#7700),#7805);
#7700 = B_SPLINE_CURVE_WITH_KNOTS('',7,(#7701,#7702,#7703,#7704,#7705,
    #7706,#7707,#7708,#7709,#7710,#7711,#7712,#7713,#7714,#7715,#7716,
    #7717,#7718,#7719,#7720,#7721,#7722,#7723,#7724,#7725,#7726,#7727,
    #7728,#7729,#7730,#7731,#7732,#7733,#7734,#7735,#7736,#7737,#7738,
    #7739,#7740,#7741,#7742,#7743,#7744,#7745,#7746,#7747,#7748,#7749,
    #7750,#7751,#7752,#7753,#7754,#7755,#7756,#7757,#7758,#7759,#7760,
    #7761,#7762,#7763,#7764,#7765,#7766,#7767,#7768,#7769,#7770,#7771,
    #7772,#7773,#7774,#7775,#7776,#7777,#7778,#7779,#7780,#7781,#7782,
    #7783,#7784,#7785,#7786,#7787,#7788,#7789,#7790,#7791,#7792,#7793,
    #7794,#7795,#7796,#7797,#7798,#7799,#7800,#7801,#7802,#7803,#7804),
  .UNSPECIFIED.,.F.,.F.,(8,6,6,6,6,6,6,6,6,6,6,6,6,6,6,6,6,8),(0.,
    8.667986222212E-02,0.192318783468,0.295262567166,0.313721705447,
    0.396872908225,0.419955750227,0.49724887975,0.597682633424,
    0.627365992254,0.695890444693,0.727635116833,0.793184671433,
    0.826984460804,0.890837027598,0.923226509288,0.961306534301,1.),
  .UNSPECIFIED.);
#7701 = CARTESIAN_POINT('',(2.881745750633,9.897932868244E-02));
#7702 = CARTESIAN_POINT('',(2.880948750871,0.108637810211));
#7703 = CARTESIAN_POINT('',(2.880137627549,0.118315920328));
#7704 = CARTESIAN_POINT('',(2.879312174152,0.128013590736));
#7705 = CARTESIAN_POINT('',(2.878472086274,0.137730773366));
#7706 = CARTESIAN_POINT('',(2.877616887715,0.147467441821));
#7707 = CARTESIAN_POINT('',(2.876745856568,0.15722359282));
#7708 = CARTESIAN_POINT('',(2.87477583891,0.17891308326));
#7709 = CARTESIAN_POINT('',(2.873668693005,0.190855875473));
#7710 = CARTESIAN_POINT('',(2.872536059951,0.202827421122));
#7711 = CARTESIAN_POINT('',(2.871377362962,0.214827559915));
#7712 = CARTESIAN_POINT('',(2.870191689161,0.226856178617));
#7713 = CARTESIAN_POINT('',(2.86897757664,0.238913215241));
#7714 = CARTESIAN_POINT('',(2.866519784008,0.262775778434));
#7715 = CARTESIAN_POINT('',(2.865277725598,0.274579850362));
#7716 = CARTESIAN_POINT('',(2.864005917806,0.286410648621));
#7717 = CARTESIAN_POINT('',(2.862703539246,0.298267979336));
#7718 = CARTESIAN_POINT('',(2.86136943901,0.31015168961));
#7719 = CARTESIAN_POINT('',(2.860001920056,0.322061671968));
#7720 = CARTESIAN_POINT('',(2.858346875467,0.336138181703));
#7721 = CARTESIAN_POINT('',(2.858094076272,0.338279337006));
#7722 = CARTESIAN_POINT('',(2.8578401188,0.340421333052));
#7723 = CARTESIAN_POINT('',(2.857584996625,0.342564168229));
#7724 = CARTESIAN_POINT('',(2.85732870311,0.344707840967));
#7725 = CARTESIAN_POINT('',(2.857071231404,0.346852349744));
#7726 = CARTESIAN_POINT('',(2.855647425935,0.35866162627));
#7727 = CARTESIAN_POINT('',(2.854458227995,0.368342492047));
#7728 = CARTESIAN_POINT('',(2.853244325383,0.378040158751));
#7729 = CARTESIAN_POINT('',(2.852004963704,0.387754509552));
#7730 = CARTESIAN_POINT('',(2.850739199784,0.397485444081));
#7731 = CARTESIAN_POINT('',(2.849445812044,0.407232880066));
#7732 = CARTESIAN_POINT('',(2.847756055706,0.41970721463));
#7733 = CARTESIAN_POINT('',(2.847386650436,0.422418940728));
#7734 = CARTESIAN_POINT('',(2.847014976669,0.425131929419));
#7735 = CARTESIAN_POINT('',(2.846641015384,0.427846176975));
#7736 = CARTESIAN_POINT('',(2.846264746937,0.430561679776));
#7737 = CARTESIAN_POINT('',(2.845886151061,0.433278434307));
#7738 = CARTESIAN_POINT('',(2.844229611378,0.445097697178));
#7739 = CARTESIAN_POINT('',(2.842927685928,0.454212952505));
#7740 = CARTESIAN_POINT('',(2.841598635454,0.463342077906));
#7741 = CARTESIAN_POINT('',(2.840241571075,0.472484958281));
#7742 = CARTESIAN_POINT('',(2.838855437128,0.481641489928));
#7743 = CARTESIAN_POINT('',(2.837438938201,0.49081158181));
#7744 = CARTESIAN_POINT('',(2.834108339204,0.511928182619));
#7745 = CARTESIAN_POINT('',(2.832172233517,0.523883964103));
#7746 = CARTESIAN_POINT('',(2.83017984558,0.535862146423));
#7747 = CARTESIAN_POINT('',(2.828128732468,0.547862399668));
#7748 = CARTESIAN_POINT('',(2.82601601704,0.559884424033));
#7749 = CARTESIAN_POINT('',(2.82383809313,0.571927954982));
#7750 = CARTESIAN_POINT('',(2.820926000906,0.587558543615));
#7751 = CARTESIAN_POINT('',(2.82025557387,0.591126176583));
#7752 = CARTESIAN_POINT('',(2.81957896257,0.594695656607));
#7753 = CARTESIAN_POINT('',(2.818896077026,0.598266973217));
#7754 = CARTESIAN_POINT('',(2.818206824332,0.601840116198));
#7755 = CARTESIAN_POINT('',(2.817511108653,0.605415075589));
#7756 = CARTESIAN_POINT('',(2.815187613894,0.617248856664));
#7757 = CARTESIAN_POINT('',(2.813531398532,0.625515499326));
#7758 = CARTESIAN_POINT('',(2.811839024814,0.633791651036));
#7759 = CARTESIAN_POINT('',(2.810109143814,0.642077199069));
#7760 = CARTESIAN_POINT('',(2.808340218014,0.650372036604));
#7761 = CARTESIAN_POINT('',(2.806530521304,0.658676062734));
#7762 = CARTESIAN_POINT('',(2.803820003413,0.670840322463));
#7763 = CARTESIAN_POINT('',(2.802952702467,0.674693413532));
#7764 = CARTESIAN_POINT('',(2.80207607669,0.678548440908));
#7765 = CARTESIAN_POINT('',(2.801189961251,0.682405390131));
#7766 = CARTESIAN_POINT('',(2.800294185929,0.686264247042));
#7767 = CARTESIAN_POINT('',(2.799388575117,0.690124997778));
#7768 = CARTESIAN_POINT('',(2.796582269571,0.701963573231));
#7769 = CARTESIAN_POINT('',(2.794648854097,0.709947534084));
#7770 = CARTESIAN_POINT('',(2.792671158977,0.71793939264));
#7771 = CARTESIAN_POINT('',(2.790647438043,0.725939034281));
#7772 = CARTESIAN_POINT('',(2.788575741389,0.733946348462));
#7773 = CARTESIAN_POINT('',(2.786453915367,0.741961228718));
#7774 = CARTESIAN_POINT('',(2.783158446019,0.754120191698));
#7775 = CARTESIAN_POINT('',(2.782023325686,0.758258794974));
#7776 = CARTESIAN_POINT('',(2.780873949792,0.762399362701));
#7777 = CARTESIAN_POINT('',(2.779710016102,0.766541875417));
#7778 = CARTESIAN_POINT('',(2.778531211937,0.770686313983));
#7779 = CARTESIAN_POINT('',(2.777337214181,0.774832659587));
#7780 = CARTESIAN_POINT('',(2.773842726227,0.786817492822));
#7781 = CARTESIAN_POINT('',(2.77150231713,0.794660831109));
#7782 = CARTESIAN_POINT('',(2.769104265933,0.802510784725));
#7783 = CARTESIAN_POINT('',(2.766646125523,0.810367232357));
#7784 = CARTESIAN_POINT('',(2.764125197727,0.818230055259));
#7785 = CARTESIAN_POINT('',(2.761538533315,0.826099137245));
#7786 = CARTESIAN_POINT('',(2.757535867111,0.837969106771));
#7787 = CARTESIAN_POINT('',(2.756171058531,0.841965429415));
#7788 = CARTESIAN_POINT('',(2.754788108701,0.84596331345));
#7789 = CARTESIAN_POINT('',(2.75338660633,0.849962739895));
#7790 = CARTESIAN_POINT('',(2.751966126396,0.853963689971));
#7791 = CARTESIAN_POINT('',(2.750526230139,0.857966145095));
#7792 = CARTESIAN_POINT('',(2.74735023228,0.866677485565));
#7793 = CARTESIAN_POINT('',(2.745606532166,0.871386939086));
#7794 = CARTESIAN_POINT('',(2.743834631522,0.876098417612));
#7795 = CARTESIAN_POINT('',(2.742033758463,0.880811891498));
#7796 = CARTESIAN_POINT('',(2.740203102415,0.885527331286));
#7797 = CARTESIAN_POINT('',(2.738341814123,0.890244707706));
#7798 = CARTESIAN_POINT('',(2.73452570544,0.899759299776));
#7799 = CARTESIAN_POINT('',(2.732569861776,0.90455657749));
#7800 = CARTESIAN_POINT('',(2.730580515108,0.909355797406));
#7801 = CARTESIAN_POINT('',(2.728556743658,0.914156916275));
#7802 = CARTESIAN_POINT('',(2.726497397803,0.918959924882));
#7803 = CARTESIAN_POINT('',(2.724401457184,0.923764773745));
#7804 = CARTESIAN_POINT('',(2.722267804434,0.928571428571));
#7805 = ( GEOMETRIC_REPRESENTATION_CONTEXT(2) 
PARAMETRIC_REPRESENTATION_CONTEXT() REPRESENTATION_CONTEXT('2D SPACE',''
  ) );
#7806 = ADVANCED_FACE('',(#7807),#4998,.F.);
#7807 = FACE_BOUND('',#7808,.F.);
#7808 = EDGE_LOOP('',(#7809,#7842,#7843,#7844));
#7809 = ORIENTED_EDGE('',*,*,#7810,.F.);
#7810 = EDGE_CURVE('',#4919,#5279,#7811,.T.);
#7811 = SURFACE_CURVE('',#7812,(#7828,#7835),.PCURVE_S1.);
#7812 = ( BOUNDED_CURVE() B_SPLINE_CURVE(3,(#7813,#7814,#7815,#7816,
    #7817,#7818,#7819,#7820,#7821,#7822,#7823,#7824,#7825,#7826,#7827),
.UNSPECIFIED.,.F.,.F.) B_SPLINE_CURVE_WITH_KNOTS((4,1,1,1,1,1,1,1,1,1,1,
    1,4),(0.,8.333333333333E-02,0.166666666667,0.25,0.333333333333,
    0.416666666667,0.5,0.583333333333,0.666666666667,0.75,0.833333333333
,0.916666666667,1.),.QUASI_UNIFORM_KNOTS.) CURVE() 
GEOMETRIC_REPRESENTATION_ITEM() RATIONAL_B_SPLINE_CURVE((1.,1.,1.,1.,1.,
1.,1.,1.,1.,1.,1.,1.,1.,1.,1.)) REPRESENTATION_ITEM('') );
#7813 = CARTESIAN_POINT('',(68.31821567512,-7.937007241847,-5.));
#7814 = CARTESIAN_POINT('',(67.136924852123,-5.46704693931,
    -3.055555555556));
#7815 = CARTESIAN_POINT('',(64.507145278794,-0.796198095095,
    0.833333333333));
#7816 = CARTESIAN_POINT('',(59.892863965957,5.325222373032,
    6.666666666667));
#7817 = CARTESIAN_POINT('',(54.748020269165,10.502632818054,12.5));
#7818 = CARTESIAN_POINT('',(49.216346930939,14.695953260418,
    18.333333333333));
#7819 = CARTESIAN_POINT('',(43.443823071136,17.884479867944,
    24.166666666667));
#7820 = CARTESIAN_POINT('',(37.576234732119,20.066890232711,30.));
#7821 = CARTESIAN_POINT('',(31.756752424236,21.260950832147,
    35.833333333333));
#7822 = CARTESIAN_POINT('',(26.123623979846,21.502864208128,
    41.666666666667));
#7823 = CARTESIAN_POINT('',(20.807906532291,20.846519862782,47.5));
#7824 = CARTESIAN_POINT('',(15.931303600095,19.362382397104,
    53.333333333333));
#7825 = CARTESIAN_POINT('',(11.604159255694,17.136125476834,
    59.166666666667));
#7826 = CARTESIAN_POINT('',(9.150468495582,15.223391755097,
    63.055555555555));
#7827 = CARTESIAN_POINT('',(8.045113836333,14.17839299053,65.));
#7828 = PCURVE('',#4998,#7829);
#7829 = DEFINITIONAL_REPRESENTATION('',(#7830),#7834);
#7830 = LINE('',#7831,#7832);
#7831 = CARTESIAN_POINT('',(2.,0.));
#7832 = VECTOR('',#7833,1.);
#7833 = DIRECTION('',(0.,1.));
#7834 = ( GEOMETRIC_REPRESENTATION_CONTEXT(2) 
PARAMETRIC_REPRESENTATION_CONTEXT() REPRESENTATION_CONTEXT('2D SPACE',''
  ) );
#7835 = PCURVE('',#4938,#7836);
#7836 = DEFINITIONAL_REPRESENTATION('',(#7837),#7841);
#7837 = LINE('',#7838,#7839);
#7838 = CARTESIAN_POINT('',(2.,0.));
#7839 = VECTOR('',#7840,1.);
#7840 = DIRECTION('',(0.,1.));
#7841 = ( GEOMETRIC_REPRESENTATION_CONTEXT(2) 
PARAMETRIC_REPRESENTATION_CONTEXT() REPRESENTATION_CONTEXT('2D SPACE',''
  ) );
#7842 = ORIENTED_EDGE('',*,*,#4978,.F.);
#7843 = ORIENTED_EDGE('',*,*,#7483,.T.);
#7844 = ORIENTED_EDGE('',*,*,#5278,.T.);
#7845 = ADVANCED_FACE('',(#7846),#4938,.F.);
#7846 = FACE_BOUND('',#7847,.F.);
#7847 = EDGE_LOOP('',(#7848,#7881,#7882,#7883));
#7848 = ORIENTED_EDGE('',*,*,#7849,.F.);
#7849 = EDGE_CURVE('',#4859,#5308,#7850,.T.);
#7850 = SURFACE_CURVE('',#7851,(#7867,#7874),.PCURVE_S1.);
#7851 = ( BOUNDED_CURVE() B_SPLINE_CURVE(3,(#7852,#7853,#7854,#7855,
    #7856,#7857,#7858,#7859,#7860,#7861,#7862,#7863,#7864,#7865,#7866),
.UNSPECIFIED.,.F.,.F.) B_SPLINE_CURVE_WITH_KNOTS((4,1,1,1,1,1,1,1,1,1,1,
    1,4),(0.,8.333333333333E-02,0.166666666667,0.25,0.333333333333,
    0.416666666667,0.5,0.583333333333,0.666666666667,0.75,0.833333333333
,0.916666666667,1.),.QUASI_UNIFORM_KNOTS.) CURVE() 
GEOMETRIC_REPRESENTATION_ITEM() RATIONAL_B_SPLINE_CURVE((1.,1.,1.,1.,1.,
1.,1.,1.,1.,1.,1.,1.,1.,1.,1.)) REPRESENTATION_ITEM('') );
#7852 = CARTESIAN_POINT('',(68.658555312495,-4.046907385956,-5.));
#7853 = CARTESIAN_POINT('',(67.34098607889,-1.614092584944,
    -3.055555555556));
#7854 = CARTESIAN_POINT('',(64.447521269234,2.969418725348,
    0.833333333333));
#7855 = CARTESIAN_POINT('',(59.467315841259,8.92554932803,6.666666666667
    ));
#7856 = CARTESIAN_POINT('',(53.988337412465,13.908428414105,12.5));
#7857 = CARTESIAN_POINT('',(48.155684519282,17.883079075485,
    18.333333333333));
#7858 = CARTESIAN_POINT('',(42.115884708516,20.833830731761,
    24.166666666667));
#7859 = CARTESIAN_POINT('',(36.01447829875,22.764190507181,30.));
#7860 = CARTESIAN_POINT('',(29.9936436027,23.696415608579,
    35.833333333333));
#7861 = CARTESIAN_POINT('',(24.189966170643,23.670732661583,
    41.666666666667));
#7862 = CARTESIAN_POINT('',(18.732269754893,22.744464459883,47.5));
#7863 = CARTESIAN_POINT('',(13.739588812928,20.990809502468,
    53.333333333333));
#7864 = CARTESIAN_POINT('',(9.319330731291,18.497392882133,
    59.166666666667));
#7865 = CARTESIAN_POINT('',(6.81686945654,16.408872719866,
    63.055555555555));
#7866 = CARTESIAN_POINT('',(5.68997967024,15.276610088161,65.));
#7867 = PCURVE('',#4938,#7868);
#7868 = DEFINITIONAL_REPRESENTATION('',(#7869),#7873);
#7869 = LINE('',#7870,#7871);
#7870 = CARTESIAN_POINT('',(1.,0.));
#7871 = VECTOR('',#7872,1.);
#7872 = DIRECTION('',(0.,1.));
#7873 = ( GEOMETRIC_REPRESENTATION_CONTEXT(2) 
PARAMETRIC_REPRESENTATION_CONTEXT() REPRESENTATION_CONTEXT('2D SPACE',''
  ) );
#7874 = PCURVE('',#4878,#7875);
#7875 = DEFINITIONAL_REPRESENTATION('',(#7876),#7880);
#7876 = LINE('',#7877,#7878);
#7877 = CARTESIAN_POINT('',(1.,0.));
#7878 = VECTOR('',#7879,1.);
#7879 = DIRECTION('',(0.,1.));
#7880 = ( GEOMETRIC_REPRESENTATION_CONTEXT(2) 
PARAMETRIC_REPRESENTATION_CONTEXT() REPRESENTATION_CONTEXT('2D SPACE',''
  ) );
#7881 = ORIENTED_EDGE('',*,*,#4918,.F.);
#7882 = ORIENTED_EDGE('',*,*,#7810,.T.);
#7883 = ORIENTED_EDGE('',*,*,#5307,.T.);
#7884 = ADVANCED_FACE('',(#7885),#4878,.F.);
#7885 = FACE_BOUND('',#7886,.F.);
#7886 = EDGE_LOOP('',(#7887,#8283,#8284,#8285));
#7887 = ORIENTED_EDGE('',*,*,#7888,.F.);
#7888 = EDGE_CURVE('',#4830,#5337,#7889,.T.);
#7889 = SURFACE_CURVE('',#7890,(#8019,#8151),.PCURVE_S1.);
#7890 = B_SPLINE_CURVE_WITH_KNOTS('',8,(#7891,#7892,#7893,#7894,#7895,
    #7896,#7897,#7898,#7899,#7900,#7901,#7902,#7903,#7904,#7905,#7906,
    #7907,#7908,#7909,#7910,#7911,#7912,#7913,#7914,#7915,#7916,#7917,
    #7918,#7919,#7920,#7921,#7922,#7923,#7924,#7925,#7926,#7927,#7928,
    #7929,#7930,#7931,#7932,#7933,#7934,#7935,#7936,#7937,#7938,#7939,
    #7940,#7941,#7942,#7943,#7944,#7945,#7946,#7947,#7948,#7949,#7950,
    #7951,#7952,#7953,#7954,#7955,#7956,#7957,#7958,#7959,#7960,#7961,
    #7962,#7963,#7964,#7965,#7966,#7967,#7968,#7969,#7970,#7971,#7972,
    #7973,#7974,#7975,#7976,#7977,#7978,#7979,#7980,#7981,#7982,#7983,
    #7984,#7985,#7986,#7987,#7988,#7989,#7990,#7991,#7992,#7993,#7994,
    #7995,#7996,#7997,#7998,#7999,#8000,#8001,#8002,#8003,#8004,#8005,
    #8006,#8007,#8008,#8009,#8010,#8011,#8012,#8013,#8014,#8015,#8016,
    #8017,#8018),.UNSPECIFIED.,.F.,.F.,(9,7,7,7,7,7,7,7,7,7,7,7,7,7,7,7,
    7,7,9),(0.,5.884725090906E-02,0.118953771377,0.219637989065,
    0.318978972092,0.417068048632,0.437012590688,0.514000056739,
    0.538353160797,0.611022271418,0.637412478362,0.705927004249,
    0.7354759002,0.799979884507,0.831535120078,0.894408423124,
    0.924617178262,0.962568698087,1.),.UNSPECIFIED.);
#7891 = CARTESIAN_POINT('',(49.972409478937,1.660810305082,
    2.23366299002E-16));
#7892 = CARTESIAN_POINT('',(49.718588671757,2.018869987034,
    0.414492620633));
#7893 = CARTESIAN_POINT('',(49.461528169619,2.373274037614,
    0.829486831419));
#7894 = CARTESIAN_POINT('',(49.201274403929,2.723976869858,
    1.244981853015));
#7895 = CARTESIAN_POINT('',(48.937872078737,3.070914954007,
    1.660983857641));
#7896 = CARTESIAN_POINT('',(48.671374869129,3.414080161511,
    2.077480001943));
#7897 = CARTESIAN_POINT('',(48.401827839263,3.753402971253,
    2.494478509344));
#7898 = CARTESIAN_POINT('',(48.129283352413,4.08885564348,2.911973466346
    ));
#7899 = CARTESIAN_POINT('',(47.572404616729,4.759022573226,
    3.756902335008));
#7900 = CARTESIAN_POINT('',(47.287942962928,5.093568029976,
    4.184357577488));
#7901 = CARTESIAN_POINT('',(47.000460852518,5.423983597567,
    4.612330503862));
#7902 = CARTESIAN_POINT('',(46.710013395244,5.750224397248,
    5.040820519805));
#7903 = CARTESIAN_POINT('',(46.41665665019,6.072245399031,5.469827248946
    ));
#7904 = CARTESIAN_POINT('',(46.12044767722,6.390001531974,5.899350517938
    ));
#7905 = CARTESIAN_POINT('',(45.82144458841,6.703447794467,6.329390341542
    ));
#7906 = CARTESIAN_POINT('',(45.014266372297,7.530297549169,
    7.481170673367));
#7907 = CARTESIAN_POINT('',(44.501152428223,8.035839170631,
    8.203843279156));
#7908 = CARTESIAN_POINT('',(43.98064356662,8.528987555309,8.927955670173
    ));
#7909 = CARTESIAN_POINT('',(43.453024642617,9.009565539347,
    9.653500263264));
#7910 = CARTESIAN_POINT('',(42.918587225562,9.477395873474,
    10.380471052759));
#7911 = CARTESIAN_POINT('',(42.377630257474,9.932301627857,
    11.108863716219));
#7912 = CARTESIAN_POINT('',(41.830460711487,10.374106596947,
    11.838675720177));
#7913 = CARTESIAN_POINT('',(40.73170628454,11.225447777187,
    13.291381735465));
#7914 = CARTESIAN_POINT('',(40.180277890496,11.635337891614,
    14.014236938952));
#7915 = CARTESIAN_POINT('',(39.623408878978,12.032173543082,
    14.738461415452));
#7916 = CARTESIAN_POINT('',(39.061404758388,12.415822626201,
    15.464045870071));
#7917 = CARTESIAN_POINT('',(38.494577355078,12.786153848119,
    16.190982455912));
#7918 = CARTESIAN_POINT('',(37.923245433713,13.143037141901,
    16.919264896062));
#7919 = CARTESIAN_POINT('',(37.347735317631,13.486344079924,
    17.648888605582));
#7920 = CARTESIAN_POINT('',(36.196328784059,14.141398784481,
    19.101601351637));
#7921 = CARTESIAN_POINT('',(35.620528738831,14.453491124269,
    19.824655862407));
#7922 = CARTESIAN_POINT('',(35.041295726811,14.7521397603,
    20.549002132417));
#7923 = CARTESIAN_POINT('',(34.458949296948,15.037260317516,
    21.274629133618));
#7924 = CARTESIAN_POINT('',(33.873814776216,15.308770025939,
    22.00152715663));
#7925 = CARTESIAN_POINT('',(33.286223851972,15.566588154482,
    22.729687944056));
#7926 = CARTESIAN_POINT('',(32.696515154333,15.81063644477,
    23.45910482381));
#7927 = CARTESIAN_POINT('',(31.98476860248,16.087646952818,
    24.338340241987));
#7928 = CARTESIAN_POINT('',(31.864429120735,16.133881984994,
    24.486959345309));
#7929 = CARTESIAN_POINT('',(31.744019200511,16.179544319297,
    24.635630028626));
#7930 = CARTESIAN_POINT('',(31.623541657127,16.224633637496,
    24.784352170687));
#7931 = CARTESIAN_POINT('',(31.502999314016,16.26914962531,
    24.933125652766));
#7932 = CARTESIAN_POINT('',(31.382395002723,16.313091972411,
    25.081950358656));
#7933 = CARTESIAN_POINT('',(31.261731562903,16.356460372421,
    25.230826174675));
#7934 = CARTESIAN_POINT('',(30.675024437664,16.564443234643,
    25.954621947833));
#7935 = CARTESIAN_POINT('',(30.208198517253,16.721075485448,
    26.530250711975));
#7936 = CARTESIAN_POINT('',(29.740697790333,16.869133956441,
    27.106633015607));
#7937 = CARTESIAN_POINT('',(29.272687997775,17.008602153492,
    27.68376302528));
#7938 = CARTESIAN_POINT('',(28.804337079604,17.13946457188,
    28.261635382793));
#7939 = CARTESIAN_POINT('',(28.335815342513,17.261706860929,
    28.840245247407));
#7940 = CARTESIAN_POINT('',(27.86729562739,17.375315988664,
    29.419588338067));
#7941 = CARTESIAN_POINT('',(27.250804879238,17.513483335712,
    30.183152783153));
#7942 = CARTESIAN_POINT('',(27.102674058615,17.54582125745,
    30.366717579842));
#7943 = CARTESIAN_POINT('',(26.954566303746,17.577294377035,
    30.550355107264));
#7944 = CARTESIAN_POINT('',(26.806486919449,17.607902910963,
    30.734065112361));
#7945 = CARTESIAN_POINT('',(26.658441226571,17.637647086864,
    30.917847347442));
#7946 = CARTESIAN_POINT('',(26.510434561991,17.666527143495,
    31.101701570177));
#7947 = CARTESIAN_POINT('',(26.36247227862,17.694543330747,
    31.285627543597));
#7948 = CARTESIAN_POINT('',(25.773192098263,17.802718589734,
    32.018669383972));
#7949 = CARTESIAN_POINT('',(25.332267512352,17.876051568403,
    32.568350472671));
#7950 = CARTESIAN_POINT('',(24.891928557697,17.94170187079,
    33.118662248156));
#7951 = CARTESIAN_POINT('',(24.452319320054,17.999677356676,
    33.669598978918));
#7952 = CARTESIAN_POINT('',(24.01358550093,18.049986890323,
    34.221155285988));
#7953 = CARTESIAN_POINT('',(23.575874517607,18.092640510312,
    34.773326172955));
#7954 = CARTESIAN_POINT('',(23.139335603167,18.127649599381,
    35.326107055976));
#7955 = CARTESIAN_POINT('',(22.546068814361,18.164969335024,
    36.080459381592));
#7956 = CARTESIAN_POINT('',(22.388192168868,18.173905255879,
    36.281504831634));
#7957 = CARTESIAN_POINT('',(22.230496758927,18.181836151939,
    36.482629772973));
#7958 = CARTESIAN_POINT('',(22.072989391892,18.188763376086,
    36.683833841629));
#7959 = CARTESIAN_POINT('',(21.915676893577,18.194688298975,
    36.885116680585));
#7960 = CARTESIAN_POINT('',(21.758566108259,18.199612309039,
    37.08647793979));
#7961 = CARTESIAN_POINT('',(21.601663898679,18.203536812487,
    37.287917276159));
#7962 = CARTESIAN_POINT('',(21.038185392071,18.214060837032,
    38.012615056423));
#7963 = CARTESIAN_POINT('',(20.632845946249,18.214931052845,
    38.536319694082));
#7964 = CARTESIAN_POINT('',(20.229079178625,18.209098844962,
    39.060542470242));
#7965 = CARTESIAN_POINT('',(19.827006488333,18.196590002983,
    39.585277812782));
#7966 = CARTESIAN_POINT('',(19.426750379685,18.177431266592,
    40.110520401127));
#7967 = CARTESIAN_POINT('',(19.028434538261,18.15165045027,
    40.636265193616));
#7968 = CARTESIAN_POINT('',(18.632183907013,18.119276568006,
    41.162507454857));
#7969 = CARTESIAN_POINT('',(18.068175214974,18.063547404557,
    41.916412820484));
#7970 = CARTESIAN_POINT('',(17.898633243291,18.045534245028,
    42.14367453928));
#7971 = CARTESIAN_POINT('',(17.72950818858,18.026303890492,
    42.371027357186));
#7972 = CARTESIAN_POINT('',(17.560809414237,18.005859781907,
    42.598470701996));
#7973 = CARTESIAN_POINT('',(17.392546305781,17.984205390103,
    42.826004011588));
#7974 = CARTESIAN_POINT('',(17.22472827086,17.961344215788,
    43.053626733931));
#7975 = CARTESIAN_POINT('',(17.057364739245,17.937279789545,
    43.281338327079));
#7976 = CARTESIAN_POINT('',(16.526130479208,17.856865176366,
    44.006415831558));
#7977 = CARTESIAN_POINT('',(16.164006785007,17.795997891035,
    44.5041143379));
#7978 = CARTESIAN_POINT('',(15.804192276483,17.729450692883,
    45.002228266813));
#7979 = CARTESIAN_POINT('',(15.44678591247,17.657261376828,
    45.50075230328));
#7980 = CARTESIAN_POINT('',(15.091887414377,17.579468655667,
    45.999681328654));
#7981 = CARTESIAN_POINT('',(14.739597266193,17.496112160074,
    46.499010420663));
#7982 = CARTESIAN_POINT('',(14.390016714486,17.407232438603,
    46.998734853404));
#7983 = CARTESIAN_POINT('',(13.87360901043,17.266709487332,
    47.74350559428));
#7984 = CARTESIAN_POINT('',(13.704643141413,17.219236174344,
    47.988254609034));
#7985 = CARTESIAN_POINT('',(13.536360968105,17.170457014984,
    48.233096356971));
#7986 = CARTESIAN_POINT('',(13.368773316054,17.120378043354,
    48.478030065055));
#7987 = CARTESIAN_POINT('',(13.2018910296,17.069005331389,
    48.723054971849));
#7988 = CARTESIAN_POINT('',(13.035724971876,17.016344988856,
    48.968170327516));
#7989 = CARTESIAN_POINT('',(12.870286024809,16.962403163359,
    49.213375393819));
#7990 = CARTESIAN_POINT('',(12.377421104454,16.797166804332,
    49.94741392286));
#7991 = CARTESIAN_POINT('',(12.052187096396,16.682084756374,
    50.436511637788));
#7992 = CARTESIAN_POINT('',(11.729969210683,16.561988667843,
    50.925956863698));
#7993 = CARTESIAN_POINT('',(11.410854107979,16.436928149204,
    51.415744021429));
#7994 = CARTESIAN_POINT('',(11.094928963877,16.306953650008,
    51.905867677869));
#7995 = CARTESIAN_POINT('',(10.782281468895,16.172116458886,
    52.396322545951));
#7996 = CARTESIAN_POINT('',(10.472999828483,16.032468703559,
    52.887103484656));
#7997 = CARTESIAN_POINT('',(10.020231939369,15.818680866849,
    53.614165434001));
#7998 = CARTESIAN_POINT('',(9.874088471783,15.748200229551,
    53.850199452803));
#7999 = CARTESIAN_POINT('',(9.728751040978,15.676628215716,
    54.086306798004));
#8000 = CARTESIAN_POINT('',(9.584228334646,15.603971628135,
    54.322486719853));
#8001 = CARTESIAN_POINT('',(9.440529047456,15.530237295609,
    54.558738476268));
#8002 = CARTESIAN_POINT('',(9.297661881053,15.455432072944,
    54.795061332834));
#8003 = CARTESIAN_POINT('',(9.155635544056,15.379562840958,
    55.031454562801));
#8004 = CARTESIAN_POINT('',(8.837097129719,15.205993288477,
    55.564987809632));
#8005 = CARTESIAN_POINT('',(8.661076364063,15.107681642994,
    55.862168104038));
#8006 = CARTESIAN_POINT('',(8.486413733969,15.007715259307,
    56.15945690598));
#8007 = CARTESIAN_POINT('',(8.313126557398,14.906107911649,
    56.456852805345));
#8008 = CARTESIAN_POINT('',(8.141232191393,14.802873459194,
    56.754354406231));
#8009 = CARTESIAN_POINT('',(7.970748032078,14.698025846069,
    57.051960326949));
#8010 = CARTESIAN_POINT('',(7.801691514663,14.591579101342,
    57.349669200021));
#8011 = CARTESIAN_POINT('',(7.468766234247,14.376996414856,
    57.941207927276));
#8012 = CARTESIAN_POINT('',(7.304857798284,14.268903795439,
    58.235035007955));
#8013 = CARTESIAN_POINT('',(7.142373382205,14.159282047232,
    58.528959818853));
#8014 = CARTESIAN_POINT('',(6.981325763551,14.048147108627,
    58.822980508365));
#8015 = CARTESIAN_POINT('',(6.821735452874,13.935510660276,
    59.117096262526));
#8016 = CARTESIAN_POINT('',(6.663621529021,13.82138535903,
    59.411306116612));
#8017 = CARTESIAN_POINT('',(6.506993422503,13.705789455881,
    59.705607846277));
#8018 = CARTESIAN_POINT('',(6.351867291923,13.588737318301,60.));
#8019 = PCURVE('',#4878,#8020);
#8020 = DEFINITIONAL_REPRESENTATION('',(#8021),#8150);
#8021 = B_SPLINE_CURVE_WITH_KNOTS('',8,(#8022,#8023,#8024,#8025,#8026,
    #8027,#8028,#8029,#8030,#8031,#8032,#8033,#8034,#8035,#8036,#8037,
    #8038,#8039,#8040,#8041,#8042,#8043,#8044,#8045,#8046,#8047,#8048,
    #8049,#8050,#8051,#8052,#8053,#8054,#8055,#8056,#8057,#8058,#8059,
    #8060,#8061,#8062,#8063,#8064,#8065,#8066,#8067,#8068,#8069,#8070,
    #8071,#8072,#8073,#8074,#8075,#8076,#8077,#8078,#8079,#8080,#8081,
    #8082,#8083,#8084,#8085,#8086,#8087,#8088,#8089,#8090,#8091,#8092,
    #8093,#8094,#8095,#8096,#8097,#8098,#8099,#8100,#8101,#8102,#8103,
    #8104,#8105,#8106,#8107,#8108,#8109,#8110,#8111,#8112,#8113,#8114,
    #8115,#8116,#8117,#8118,#8119,#8120,#8121,#8122,#8123,#8124,#8125,
    #8126,#8127,#8128,#8129,#8130,#8131,#8132,#8133,#8134,#8135,#8136,
    #8137,#8138,#8139,#8140,#8141,#8142,#8143,#8144,#8145,#8146,#8147,
    #8148,#8149),.UNSPECIFIED.,.F.,.F.,(9,7,7,7,7,7,7,7,7,7,7,7,7,7,7,7,
    7,7,9),(0.,5.884725090906E-02,0.118953771377,0.219637989065,
    0.318978972092,0.417068048632,0.437012590688,0.514000056739,
    0.538353160797,0.611022271418,0.637412478362,0.705927004249,
    0.7354759002,0.799979884507,0.831535120078,0.894408423124,
    0.924617178262,0.962568698087,1.),.UNSPECIFIED.);
#8022 = CARTESIAN_POINT('',(0.116024100271,7.142857142857E-02));
#8023 = CARTESIAN_POINT('',(0.116494271907,7.734989458047E-02));
#8024 = CARTESIAN_POINT('',(0.116969249707,8.327838330599E-02));
#8025 = CARTESIAN_POINT('',(0.117449605821,8.921402647163E-02));
#8026 = CARTESIAN_POINT('',(0.11793498499,9.515691225202E-02));
#8027 = CARTESIAN_POINT('',(0.118425735105,0.101106857171));
#8028 = CARTESIAN_POINT('',(0.118921619913,0.107063978705));
#8029 = CARTESIAN_POINT('',(0.119422859154,0.113028192376));
#8030 = CARTESIAN_POINT('',(0.120446925263,0.125098604786));
#8031 = CARTESIAN_POINT('',(0.120969995253,0.13120510825));
#8032 = CARTESIAN_POINT('',(0.121498761108,0.137319007198));
#8033 = CARTESIAN_POINT('',(0.122033329038,0.14344029314));
#8034 = CARTESIAN_POINT('',(0.122573835637,0.149568960699));
#8035 = CARTESIAN_POINT('',(0.123120451481,0.155705007399));
#8036 = CARTESIAN_POINT('',(0.123673384723,0.161848433451));
#8037 = CARTESIAN_POINT('',(0.125170101083,0.178302438191));
#8038 = CARTESIAN_POINT('',(0.126125664796,0.188626332559));
#8039 = CARTESIAN_POINT('',(0.127099810918,0.198970795288));
#8040 = CARTESIAN_POINT('',(0.128092848848,0.209335718047));
#8041 = CARTESIAN_POINT('',(0.129105240855,0.219721015039));
#8042 = CARTESIAN_POINT('',(0.130137680631,0.230126624517));
#8043 = CARTESIAN_POINT('',(0.131191171851,0.240552510288));
#8044 = CARTESIAN_POINT('',(0.133328687487,0.261305453364));
#8045 = CARTESIAN_POINT('',(0.13441205239,0.271631956271));
#8046 = CARTESIAN_POINT('',(0.135517593631,0.281978020221));
#8047 = CARTESIAN_POINT('',(0.136645773668,0.29234351243));
#8048 = CARTESIAN_POINT('',(0.137797210889,0.302728320799));
#8049 = CARTESIAN_POINT('',(0.138972765279,0.313132355658));
#8050 = CARTESIAN_POINT('',(0.140173624085,0.323555551508));
#8051 = CARTESIAN_POINT('',(0.142613678462,0.344308590738));
#8052 = CARTESIAN_POINT('',(0.143852155297,0.354637940892));
#8053 = CARTESIAN_POINT('',(0.145117420142,0.364985744749));
#8054 = CARTESIAN_POINT('',(0.14641014454,0.375351844766));
#8055 = CARTESIAN_POINT('',(0.147731163114,0.385736102238));
#8056 = CARTESIAN_POINT('',(0.149081567266,0.396138399201));
#8057 = CARTESIAN_POINT('',(0.150462798875,0.40655864034));
#8058 = CARTESIAN_POINT('',(0.15216424275,0.419119146314));
#8059 = CARTESIAN_POINT('',(0.152453093225,0.421242276362));
#8060 = CARTESIAN_POINT('',(0.152743302992,0.423366143266));
#8061 = CARTESIAN_POINT('',(0.153034879862,0.425490745296));
#8062 = CARTESIAN_POINT('',(0.15332783188,0.427616080754));
#8063 = CARTESIAN_POINT('',(0.153622167326,0.429742147981));
#8064 = CARTESIAN_POINT('',(0.153917894713,0.431868945353));
#8065 = CARTESIAN_POINT('',(0.155361960011,0.442208884969));
#8066 = CARTESIAN_POINT('',(0.156529766885,0.450432153028));
#8067 = CARTESIAN_POINT('',(0.157718953958,0.458666185937));
#8068 = CARTESIAN_POINT('',(0.158930090879,0.466910900361));
#8069 = CARTESIAN_POINT('',(0.160163840958,0.475166219754));
#8070 = CARTESIAN_POINT('',(0.161420995721,0.483432074963));
#8071 = CARTESIAN_POINT('',(0.162702509467,0.49170840483));
#8072 = CARTESIAN_POINT('',(0.164422979052,0.502616468331));
#8073 = CARTESIAN_POINT('',(0.164838977131,0.505238822569));
#8074 = CARTESIAN_POINT('',(0.165257548839,0.507862215818));
#8075 = CARTESIAN_POINT('',(0.165678715617,0.510486644462));
#8076 = CARTESIAN_POINT('',(0.166102499578,0.513112104963));
#8077 = CARTESIAN_POINT('',(0.166528923501,0.51573859386));
#8078 = CARTESIAN_POINT('',(0.166958010836,0.518366107766));
#8079 = CARTESIAN_POINT('',(0.168678192107,0.528838134057));
#8080 = CARTESIAN_POINT('',(0.169990528636,0.536690721038));
#8081 = CARTESIAN_POINT('',(0.17132744392,0.544552317831));
#8082 = CARTESIAN_POINT('',(0.172689650667,0.552422842556));
#8083 = CARTESIAN_POINT('',(0.174077956293,0.560302218371));
#8084 = CARTESIAN_POINT('',(0.175493293564,0.568190373899));
#8085 = CARTESIAN_POINT('',(0.176936751232,0.576087243657));
#8086 = CARTESIAN_POINT('',(0.178944479903,0.586863705451));
#8087 = CARTESIAN_POINT('',(0.179483228836,0.589735783309));
#8088 = CARTESIAN_POINT('',(0.180025891292,0.592608996757));
#8089 = CARTESIAN_POINT('',(0.180572508324,0.595483340595));
#8090 = CARTESIAN_POINT('',(0.181123122227,0.598358809723));
#8091 = CARTESIAN_POINT('',(0.181677776532,0.60123539914));
#8092 = CARTESIAN_POINT('',(0.182236516007,0.604113103945));
#8093 = CARTESIAN_POINT('',(0.184260717217,0.614465929377));
#8094 = CARTESIAN_POINT('',(0.18574989329,0.621947424201));
#8095 = CARTESIAN_POINT('',(0.187267729387,0.629436321003));
#8096 = CARTESIAN_POINT('',(0.188815107362,0.636932540183));
#8097 = CARTESIAN_POINT('',(0.190393005024,0.64443600573));
#8098 = CARTESIAN_POINT('',(0.192002524763,0.651946645623));
#8099 = CARTESIAN_POINT('',(0.193644922158,0.659464392212));
#8100 = CARTESIAN_POINT('',(0.196044765949,0.670234468864));
#8101 = CARTESIAN_POINT('',(0.196774278292,0.673481064847));
#8102 = CARTESIAN_POINT('',(0.197510255747,0.676728962246));
#8103 = CARTESIAN_POINT('',(0.198252785174,0.679978152886));
#8104 = CARTESIAN_POINT('',(0.199001956178,0.683228628737));
#8105 = CARTESIAN_POINT('',(0.199757861105,0.686480381913));
#8106 = CARTESIAN_POINT('',(0.200520595045,0.689733404673));
#8107 = CARTESIAN_POINT('',(0.202970392622,0.700091654737));
#8108 = CARTESIAN_POINT('',(0.204683565701,0.707201633399));
#8109 = CARTESIAN_POINT('',(0.2064307501,0.714317546669));
#8110 = CARTESIAN_POINT('',(0.208213049897,0.721439318618));
#8111 = CARTESIAN_POINT('',(0.210031698218,0.728566876124));
#8112 = CARTESIAN_POINT('',(0.211888057239,0.735700148867));
#8113 = CARTESIAN_POINT('',(0.213783618182,0.742839069334));
#8114 = CARTESIAN_POINT('',(0.216667276541,0.753478651347));
#8115 = CARTESIAN_POINT('',(0.217624328582,0.756975065843));
#8116 = CARTESIAN_POINT('',(0.218591313475,0.7604728051));
#8117 = CARTESIAN_POINT('',(0.219568392538,0.763971858072));
#8118 = CARTESIAN_POINT('',(0.220555732368,0.767472213884));
#8119 = CARTESIAN_POINT('',(0.221553504847,0.770973861822));
#8120 = CARTESIAN_POINT('',(0.222561887136,0.77447679134));
#8121 = CARTESIAN_POINT('',(0.225611750692,0.784963056041));
#8122 = CARTESIAN_POINT('',(0.227685317183,0.791950166254));
#8123 = CARTESIAN_POINT('',(0.229803157264,0.79894224091));
#8124 = CARTESIAN_POINT('',(0.231966828412,0.805939200306));
#8125 = CARTESIAN_POINT('',(0.23417804947,0.812940966827));
#8126 = CARTESIAN_POINT('',(0.236438700654,0.819947464942));
#8127 = CARTESIAN_POINT('',(0.238750823547,0.826958621209));
#8128 = CARTESIAN_POINT('',(0.242253316571,0.837345220486));
#8129 = CARTESIAN_POINT('',(0.243402406022,0.84071713504));
#8130 = CARTESIAN_POINT('',(0.244564102388,0.844090097114));
#8131 = CARTESIAN_POINT('',(0.245738625382,0.847464095998));
#8132 = CARTESIAN_POINT('',(0.246926201491,0.85083912109));
#8133 = CARTESIAN_POINT('',(0.248127063978,0.854215161898));
#8134 = CARTESIAN_POINT('',(0.249341452882,0.85759220804));
#8135 = CARTESIAN_POINT('',(0.2521125657,0.865214111566));
#8136 = CARTESIAN_POINT('',(0.253677258778,0.869459544343));
#8137 = CARTESIAN_POINT('',(0.255264180924,0.873706527228));
#8138 = CARTESIAN_POINT('',(0.256873844805,0.877955040076));
#8139 = CARTESIAN_POINT('',(0.258506789081,0.882205062946));
#8140 = CARTESIAN_POINT('',(0.260163578404,0.886456576099));
#8141 = CARTESIAN_POINT('',(0.261844803419,0.89070956));
#8142 = CARTESIAN_POINT('',(0.265233969423,0.899160113247));
#8143 = CARTESIAN_POINT('',(0.266941221064,0.903357642971));
#8144 = CARTESIAN_POINT('',(0.268673491467,0.907556568841));
#8145 = CARTESIAN_POINT('',(0.270431277207,0.911756864405));
#8146 = CARTESIAN_POINT('',(0.272215352967,0.915958518036));
#8147 = CARTESIAN_POINT('',(0.274026492364,0.920161515952));
#8148 = CARTESIAN_POINT('',(0.27586520164,0.924365826375));
#8149 = CARTESIAN_POINT('',(0.277732195566,0.928571428571));
#8150 = ( GEOMETRIC_REPRESENTATION_CONTEXT(2) 
PARAMETRIC_REPRESENTATION_CONTEXT() REPRESENTATION_CONTEXT('2D SPACE',''
  ) );
#8151 = PCURVE('',#4846,#8152);
#8152 = DEFINITIONAL_REPRESENTATION('',(#8153),#8282);
#8153 = B_SPLINE_CURVE_WITH_KNOTS('',8,(#8154,#8155,#8156,#8157,#8158,
    #8159,#8160,#8161,#8162,#8163,#8164,#8165,#8166,#8167,#8168,#8169,
    #8170,#8171,#8172,#8173,#8174,#8175,#8176,#8177,#8178,#8179,#8180,
    #8181,#8182,#8183,#8184,#8185,#8186,#8187,#8188,#8189,#8190,#8191,
    #8192,#8193,#8194,#8195,#8196,#8197,#8198,#8199,#8200,#8201,#8202,
    #8203,#8204,#8205,#8206,#8207,#8208,#8209,#8210,#8211,#8212,#8213,
    #8214,#8215,#8216,#8217,#8218,#8219,#8220,#8221,#8222,#8223,#8224,
    #8225,#8226,#8227,#8228,#8229,#8230,#8231,#8232,#8233,#8234,#8235,
    #8236,#8237,#8238,#8239,#8240,#8241,#8242,#8243,#8244,#8245,#8246,
    #8247,#8248,#8249,#8250,#8251,#8252,#8253,#8254,#8255,#8256,#8257,
    #8258,#8259,#8260,#8261,#8262,#8263,#8264,#8265,#8266,#8267,#8268,
    #8269,#8270,#8271,#8272,#8273,#8274,#8275,#8276,#8277,#8278,#8279,
    #8280,#8281),.UNSPECIFIED.,.F.,.F.,(9,7,7,7,7,7,7,7,7,7,7,7,7,7,7,7,
    7,7,9),(0.,5.884725090906E-02,0.118953771377,0.219637989065,
    0.318978972092,0.417068048632,0.437012590688,0.514000056739,
    0.538353160797,0.611022271418,0.637412478362,0.705927004249,
    0.7354759002,0.799979884507,0.831535120078,0.894408423124,
    0.924617178262,0.962568698087,1.),.UNSPECIFIED.);
#8154 = CARTESIAN_POINT('',(-3.32223171334E-02,0.));
#8155 = CARTESIAN_POINT('',(-4.054817843606E-02,-0.414492620626));
#8156 = CARTESIAN_POINT('',(-4.788409324276E-02,-0.82948683144));
#8157 = CARTESIAN_POINT('',(-5.523008596106E-02,-1.244981852982));
#8158 = CARTESIAN_POINT('',(-6.258580532354E-02,-1.660983857672));
#8159 = CARTESIAN_POINT('',(-6.995200171442E-02,-2.077480001926));
#8160 = CARTESIAN_POINT('',(-7.732818623721E-02,-2.494478509349));
#8161 = CARTESIAN_POINT('',(-8.471469268079E-02,-2.911973466346));
#8162 = CARTESIAN_POINT('',(-9.966653226092E-02,-3.756902335008));
#8163 = CARTESIAN_POINT('',(-0.107232321884,-4.184357577488));
#8164 = CARTESIAN_POINT('',(-0.114808881136,-4.612330503862));
#8165 = CARTESIAN_POINT('',(-0.122396232059,-5.040820519805));
#8166 = CARTESIAN_POINT('',(-0.129994378112,-5.469827248946));
#8167 = CARTESIAN_POINT('',(-0.137603304985,-5.899350517938));
#8168 = CARTESIAN_POINT('',(-0.145222981419,-6.329390341542));
#8169 = CARTESIAN_POINT('',(-0.165634979964,-7.481170673367));
#8170 = CARTESIAN_POINT('',(-0.178446682753,-8.203843279156));
#8171 = CARTESIAN_POINT('',(-0.19128897189,-8.927955670173));
#8172 = CARTESIAN_POINT('',(-0.204162228483,-9.653500263264));
#8173 = CARTESIAN_POINT('',(-0.217066697552,-10.38047105275));
#8174 = CARTESIAN_POINT('',(-0.230002474332,-11.10886371621));
#8175 = CARTESIAN_POINT('',(-0.242969490569,-11.83867572017));
#8176 = CARTESIAN_POINT('',(-0.268792103783,-13.29138173546));
#8177 = CARTESIAN_POINT('',(-0.281646924482,-14.01423693895));
#8178 = CARTESIAN_POINT('',(-0.294532550218,-14.73846141545));
#8179 = CARTESIAN_POINT('',(-0.307449441927,-15.46404587007));
#8180 = CARTESIAN_POINT('',(-0.320397916934,-16.19098245591));
#8181 = CARTESIAN_POINT('',(-0.333378131693,-16.91926489606));
#8182 = CARTESIAN_POINT('',(-0.346390064533,-17.64888860558));
#8183 = CARTESIAN_POINT('',(-0.372312557415,-19.10160135163));
#8184 = CARTESIAN_POINT('',(-0.385222360673,-19.8246558624));
#8185 = CARTESIAN_POINT('',(-0.398163621175,-20.54900213241));
#8186 = CARTESIAN_POINT('',(-0.411136923339,-21.27462913361));
#8187 = CARTESIAN_POINT('',(-0.42414270226,-22.00152715663));
#8188 = CARTESIAN_POINT('',(-0.43718122296,-22.72968794405));
#8189 = CARTESIAN_POINT('',(-0.450252559641,-23.45910482381));
#8190 = CARTESIAN_POINT('',(-0.466021026411,-24.33834024198));
#8191 = CARTESIAN_POINT('',(-0.46868682968,-24.4869593453));
#8192 = CARTESIAN_POINT('',(-0.47135399261,-24.63563002862));
#8193 = CARTESIAN_POINT('',(-0.474022522823,-24.78435217068));
#8194 = CARTESIAN_POINT('',(-0.4766924277,-24.93312565276));
#8195 = CARTESIAN_POINT('',(-0.479363714386,-25.08195035865));
#8196 = CARTESIAN_POINT('',(-0.482036389785,-25.23082617467));
#8197 = CARTESIAN_POINT('',(-0.495032579394,-25.95462194783));
#8198 = CARTESIAN_POINT('',(-0.505375488102,-26.53025071197));
#8199 = CARTESIAN_POINT('',(-0.51573957074,-27.1066330156));
#8200 = CARTESIAN_POINT('',(-0.526125153222,-27.68376302528));
#8201 = CARTESIAN_POINT('',(-0.536532495482,-28.26163538279));
#8202 = CARTESIAN_POINT('',(-0.546961783628,-28.8402452474));
#8203 = CARTESIAN_POINT('',(-0.557413122098,-29.41958833806));
#8204 = CARTESIAN_POINT('',(-0.571199531224,-30.18315278315));
#8205 = CARTESIAN_POINT('',(-0.574514744246,-30.36671757984));
#8206 = CARTESIAN_POINT('',(-0.577832184589,-30.55035510726));
#8207 = CARTESIAN_POINT('',(-0.581151871425,-30.73406511236));
#8208 = CARTESIAN_POINT('',(-0.584473823399,-30.91784734744));
#8209 = CARTESIAN_POINT('',(-0.587798058629,-31.10170157017));
#8210 = CARTESIAN_POINT('',(-0.591124594708,-31.28562754359));
#8211 = CARTESIAN_POINT('',(-0.604386673577,-32.01866938397));
#8212 = CARTESIAN_POINT('',(-0.614340535423,-32.56835047267));
#8213 = CARTESIAN_POINT('',(-0.624315489111,-33.11866224815));
#8214 = CARTESIAN_POINT('',(-0.634311940828,-33.66959897891));
#8215 = CARTESIAN_POINT('',(-0.644330242382,-34.22115528598));
#8216 = CARTESIAN_POINT('',(-0.6543706855,-34.77332617295));
#8217 = CARTESIAN_POINT('',(-0.664433496136,-35.32610705597));
#8218 = CARTESIAN_POINT('',(-0.678181375535,-36.08045938159));
#8219 = CARTESIAN_POINT('',(-0.681846896919,-36.28150483163));
#8220 = CARTESIAN_POINT('',(-0.685515429334,-36.48262977297));
#8221 = CARTESIAN_POINT('',(-0.689187008607,-36.68383384162));
#8222 = CARTESIAN_POINT('',(-0.692861669984,-36.88511668058));
#8223 = CARTESIAN_POINT('',(-0.696539448137,-37.08647793979));
#8224 = CARTESIAN_POINT('',(-0.700220377155,-37.28791727615));
#8225 = CARTESIAN_POINT('',(-0.71346922353,-38.01261505642));
#8226 = CARTESIAN_POINT('',(-0.723055418752,-38.53631969408));
#8227 = CARTESIAN_POINT('',(-0.732663662902,-39.06054247024));
#8228 = CARTESIAN_POINT('',(-0.742294511506,-39.58527781278));
#8229 = CARTESIAN_POINT('',(-0.751948484316,-40.11052040112));
#8230 = CARTESIAN_POINT('',(-0.761626060685,-40.63626519361));
#8231 = CARTESIAN_POINT('',(-0.77132767495,-41.16250745485));
#8232 = CARTESIAN_POINT('',(-0.785248350065,-41.91641282048));
#8233 = CARTESIAN_POINT('',(-0.789447534147,-42.14367453928));
#8234 = CARTESIAN_POINT('',(-0.793651343562,-42.37102735718));
#8235 = CARTESIAN_POINT('',(-0.797859857695,-42.59847070199));
#8236 = CARTESIAN_POINT('',(-0.802073155811,-42.82600401158));
#8237 = CARTESIAN_POINT('',(-0.806291317055,-43.05362673393));
#8238 = CARTESIAN_POINT('',(-0.810514420456,-43.28133832707));
#8239 = CARTESIAN_POINT('',(-0.823972360973,-44.00641583155));
#8240 = CARTESIAN_POINT('',(-0.833226101621,-44.5041143379));
#8241 = CARTESIAN_POINT('',(-0.842504590669,-45.00222826681));
#8242 = CARTESIAN_POINT('',(-0.85180864391,-45.50075230328));
#8243 = CARTESIAN_POINT('',(-0.861139069135,-45.99968132865));
#8244 = CARTESIAN_POINT('',(-0.870496666125,-46.49901042066));
#8245 = CARTESIAN_POINT('',(-0.879882226656,-46.9987348534));
#8246 = CARTESIAN_POINT('',(-0.893901997321,-47.74350559428));
#8247 = CARTESIAN_POINT('',(-0.898514339113,-47.98825460903));
#8248 = CARTESIAN_POINT('',(-0.903133722566,-48.23309635697));
#8249 = CARTESIAN_POINT('',(-0.907760313162,-48.47803006505));
#8250 = CARTESIAN_POINT('',(-0.912394279172,-48.72305497184));
#8251 = CARTESIAN_POINT('',(-0.917035791655,-48.96817032751));
#8252 = CARTESIAN_POINT('',(-0.921685024461,-49.21337539381));
#8253 = CARTESIAN_POINT('',(-0.935621410925,-49.94741392286));
#8254 = CARTESIAN_POINT('',(-0.944932027167,-50.43651163778));
#8255 = CARTESIAN_POINT('',(-0.954275386705,-50.92595686369));
#8256 = CARTESIAN_POINT('',(-0.963652936266,-51.41574402142));
#8257 = CARTESIAN_POINT('',(-0.97306618555,-51.90586767786));
#8258 = CARTESIAN_POINT('',(-0.982516707233,-52.39632254595));
#8259 = CARTESIAN_POINT('',(-0.992006136964,-52.88710348465));
#8260 = CARTESIAN_POINT('',(-1.006115072869,-53.614165434));
#8261 = CARTESIAN_POINT('',(-1.010703359592,-53.8501994528));
#8262 = CARTESIAN_POINT('',(-1.015301300368,-54.086306798));
#8263 = CARTESIAN_POINT('',(-1.019909171601,-54.32248671985));
#8264 = CARTESIAN_POINT('',(-1.024527259265,-54.55873847626));
#8265 = CARTESIAN_POINT('',(-1.029155858903,-54.79506133283));
#8266 = CARTESIAN_POINT('',(-1.033795275627,-55.0314545628));
#8267 = CARTESIAN_POINT('',(-1.04428834833,-55.56498780963));
#8268 = CARTESIAN_POINT('',(-1.050148446228,-55.86216810403));
#8269 = CARTESIAN_POINT('',(-1.056026738317,-56.15945690598));
#8270 = CARTESIAN_POINT('',(-1.061923878653,-56.45685280534));
#8271 = CARTESIAN_POINT('',(-1.067840554851,-56.75435440623));
#8272 = CARTESIAN_POINT('',(-1.073777488076,-57.05196032694));
#8273 = CARTESIAN_POINT('',(-1.079735433049,-57.34966920002));
#8274 = CARTESIAN_POINT('',(-1.091612956093,-57.94120792727));
#8275 = CARTESIAN_POINT('',(-1.097531968274,-58.23503500795));
#8276 = CARTESIAN_POINT('',(-1.103472842706,-58.52895981885));
#8277 = CARTESIAN_POINT('',(-1.109436685632,-58.82298050836));
#8278 = CARTESIAN_POINT('',(-1.11542407102,-59.11709626252));
#8279 = CARTESIAN_POINT('',(-1.12143572653,-59.41130611661));
#8280 = CARTESIAN_POINT('',(-1.127473159183,-59.70560784627));
#8281 = CARTESIAN_POINT('',(-1.133537464052,-60.));
#8282 = ( GEOMETRIC_REPRESENTATION_CONTEXT(2) 
PARAMETRIC_REPRESENTATION_CONTEXT() REPRESENTATION_CONTEXT('2D SPACE',''
  ) );
#8283 = ORIENTED_EDGE('',*,*,#4858,.F.);
#8284 = ORIENTED_EDGE('',*,*,#7849,.T.);
#8285 = ORIENTED_EDGE('',*,*,#5336,.T.);
#8286 = ADVANCED_FACE('',(#8287),#4846,.T.);
#8287 = FACE_BOUND('',#8288,.T.);
#8288 = EDGE_LOOP('',(#8289,#8290,#8291,#8687));
#8289 = ORIENTED_EDGE('',*,*,#7888,.F.);
#8290 = ORIENTED_EDGE('',*,*,#4829,.T.);
#8291 = ORIENTED_EDGE('',*,*,#8292,.T.);
#8292 = EDGE_CURVE('',#4770,#5366,#8293,.T.);
#8293 = SURFACE_CURVE('',#8294,(#8423,#8555),.PCURVE_S1.);
#8294 = B_SPLINE_CURVE_WITH_KNOTS('',8,(#8295,#8296,#8297,#8298,#8299,
    #8300,#8301,#8302,#8303,#8304,#8305,#8306,#8307,#8308,#8309,#8310,
    #8311,#8312,#8313,#8314,#8315,#8316,#8317,#8318,#8319,#8320,#8321,
    #8322,#8323,#8324,#8325,#8326,#8327,#8328,#8329,#8330,#8331,#8332,
    #8333,#8334,#8335,#8336,#8337,#8338,#8339,#8340,#8341,#8342,#8343,
    #8344,#8345,#8346,#8347,#8348,#8349,#8350,#8351,#8352,#8353,#8354,
    #8355,#8356,#8357,#8358,#8359,#8360,#8361,#8362,#8363,#8364,#8365,
    #8366,#8367,#8368,#8369,#8370,#8371,#8372,#8373,#8374,#8375,#8376,
    #8377,#8378,#8379,#8380,#8381,#8382,#8383,#8384,#8385,#8386,#8387,
    #8388,#8389,#8390,#8391,#8392,#8393,#8394,#8395,#8396,#8397,#8398,
    #8399,#8400,#8401,#8402,#8403,#8404,#8405,#8406,#8407,#8408,#8409,
    #8410,#8411,#8412,#8413,#8414,#8415,#8416,#8417,#8418,#8419,#8420,
    #8421,#8422),.UNSPECIFIED.,.F.,.F.,(9,7,7,7,7,7,7,7,7,7,7,7,7,7,7,7,
    7,7,9),(0.,5.894428045258E-02,0.117914823584,0.219940961659,
    0.319364134157,0.33719198178,0.417499466896,0.439792890546,
    0.514442644746,0.611441628633,0.64010983568,0.706290795913,
    0.736949820681,0.800257622668,0.83290148098,0.894570331052,
    0.925852113298,0.962629825945,1.),.UNSPECIFIED.);
#8295 = CARTESIAN_POINT('',(32.455761467346,38.034504697376,
    2.23366299002E-16));
#8296 = CARTESIAN_POINT('',(32.027173385626,38.082406877134,
    0.414453149703));
#8297 = CARTESIAN_POINT('',(31.599213507663,38.125547797264,
    0.829418970914));
#8298 = CARTESIAN_POINT('',(31.171946145605,38.163932807413,
    1.244896781302));
#8299 = CARTESIAN_POINT('',(30.74544789393,38.197553748308,
    1.660892784102));
#8300 = CARTESIAN_POINT('',(30.319759816674,38.226446825573,
    2.077394377786));
#8301 = CARTESIAN_POINT('',(29.89496321438,38.250600076592,
    2.494409786482));
#8302 = CARTESIAN_POINT('',(29.471112947297,38.270035383381,
    2.91193325651));
#8303 = CARTESIAN_POINT('',(28.62525135083,38.299491901102,
    3.748184208122));
#8304 = CARTESIAN_POINT('',(28.20324051517,38.309509449203,
    4.166911975439));
#8305 = CARTESIAN_POINT('',(27.782308427862,38.314824005935,
    4.586148246872));
#8306 = CARTESIAN_POINT('',(27.362520326266,38.315447205126,
    5.005892551958));
#8307 = CARTESIAN_POINT('',(26.94394209694,38.311391314678,
    5.426144609815));
#8308 = CARTESIAN_POINT('',(26.526640275641,38.302669236569,
    5.846904329148));
#8309 = CARTESIAN_POINT('',(26.110682047324,38.289294506848,
    6.268171808242));
#8310 = CARTESIAN_POINT('',(24.978919379884,38.240116271952,
    7.419669766566));
#8311 = CARTESIAN_POINT('',(24.265928155427,38.195067501511,
    8.150912419392));
#8312 = CARTESIAN_POINT('',(23.557486116524,38.136234232175,
    8.883666405259));
#8313 = CARTESIAN_POINT('',(22.853922315193,38.063720014856,
    9.617924336299));
#8314 = CARTESIAN_POINT('',(22.155570459887,37.977633485992,
    10.353680434979));
#8315 = CARTESIAN_POINT('',(21.462769063663,37.878089150005,
    11.090930644106));
#8316 = CARTESIAN_POINT('',(20.775861592351,37.765208161778,
    11.829672736843));
#8317 = CARTESIAN_POINT('',(19.431897256703,37.516246932727,
    13.291254732416));
#8318 = CARTESIAN_POINT('',(18.774524543735,37.38083359649,
    14.014018266604));
#8319 = CARTESIAN_POINT('',(18.123371981805,37.233019993325,
    14.738186949165));
#8320 = CARTESIAN_POINT('',(17.478736492162,37.072951447746,
    15.463751978485));
#8321 = CARTESIAN_POINT('',(16.840918514295,36.90077842684,
    16.190705948204));
#8322 = CARTESIAN_POINT('',(16.210222110918,36.716657251238,
    16.919042963945));
#8323 = CARTESIAN_POINT('',(15.58695507295,36.520750806099,
    17.648758760065));
#8324 = CARTESIAN_POINT('',(14.861057324178,36.276017980798,
    18.510944981368));
#8325 = CARTESIAN_POINT('',(14.750934480174,36.238433280468,
    18.642083372596));
#8326 = CARTESIAN_POINT('',(14.641062097817,36.200476246962,
    18.773265917433));
#8327 = CARTESIAN_POINT('',(14.531441784769,36.162147981367,
    18.904492544845));
#8328 = CARTESIAN_POINT('',(14.42207515103,36.123449589976,
    19.035763185407));
#8329 = CARTESIAN_POINT('',(14.312963808932,36.084382184296,
    19.1670777713));
#8330 = CARTESIAN_POINT('',(14.20410937314,36.044946881044,
    19.298436236311));
#8331 = CARTESIAN_POINT('',(13.606331322114,35.825851994273,
    20.021754423494));
#8332 = CARTESIAN_POINT('',(13.122395109049,35.639116784886,
    20.614559292175));
#8333 = CARTESIAN_POINT('',(12.643852472758,35.445041722674,
    21.208247361591));
#8334 = CARTESIAN_POINT('',(12.170852272098,35.243731606174,
    21.802813390599));
#8335 = CARTESIAN_POINT('',(11.703544580687,35.035293747684,
    22.398252700011));
#8336 = CARTESIAN_POINT('',(11.242080694105,34.819838237175,
    22.994561215413));
#8337 = CARTESIAN_POINT('',(10.786613137097,34.597478206206,
    23.591735509981));
#8338 = CARTESIAN_POINT('',(10.212564774088,34.304718387587,
    24.355788502006));
#8339 = CARTESIAN_POINT('',(10.08830778074,34.240583602449,
    24.521870644243));
#8340 = CARTESIAN_POINT('',(9.964527554606,34.175928420483,
    24.688019106192));
#8341 = CARTESIAN_POINT('',(9.84122696317,34.110755538902,
    24.854233723798));
#8342 = CARTESIAN_POINT('',(9.718408877535,34.04506766807,
    25.020514336774));
#8343 = CARTESIAN_POINT('',(9.596076172422,33.978867531507,
    25.186860788598));
#8344 = CARTESIAN_POINT('',(9.47423172617,33.912157865884,
    25.353272926514));
#8345 = CARTESIAN_POINT('',(8.946525652133,33.619866476702,
    26.07720277733));
#8346 = CARTESIAN_POINT('',(8.545679877891,33.389109295959,
    26.635389707116));
#8347 = CARTESIAN_POINT('',(8.150449208896,33.152773114326,
    27.194305911647));
#8348 = CARTESIAN_POINT('',(7.760942383938,32.910962953582,
    27.753946266547));
#8349 = CARTESIAN_POINT('',(7.377268761634,32.663785809253,
    28.314306035411));
#8350 = CARTESIAN_POINT('',(6.999538312361,32.411350838116,
    28.875380902922));
#8351 = CARTESIAN_POINT('',(6.627861610184,32.1537695457,29.437167007959
    ));
#8352 = CARTESIAN_POINT('',(5.78740825046,31.54991908822,30.730558807482
    ));
#8353 = CARTESIAN_POINT('',(5.322875955475,31.200185876326,
    31.462651311229));
#8354 = CARTESIAN_POINT('',(4.868957582951,30.84221908511,32.19592296369
    ));
#8355 = CARTESIAN_POINT('',(4.425858697925,30.476285875328,
    32.930359113182));
#8356 = CARTESIAN_POINT('',(3.993785711014,30.102658505643,
    33.665946116347));
#8357 = CARTESIAN_POINT('',(3.572945802069,29.721615016772,
    34.402671473908));
#8358 = CARTESIAN_POINT('',(3.16354684384,29.333439915646,
    35.140523966418));
#8359 = CARTESIAN_POINT('',(2.648241810271,28.821677518909,
    36.097897520193));
#8360 = CARTESIAN_POINT('',(2.531703734179,28.704332757613,
    36.316398783897));
#8361 = CARTESIAN_POINT('',(2.41618738442,28.586398331187,
    36.534997111886));
#8362 = CARTESIAN_POINT('',(2.301697046217,28.467882028645,
    36.753692043856));
#8363 = CARTESIAN_POINT('',(2.188237002961,28.348791672511,
    36.972483128437));
#8364 = CARTESIAN_POINT('',(2.07581153621,28.22913511881,37.191369923193
    ));
#8365 = CARTESIAN_POINT('',(1.964424925686,28.108920257075,
    37.410351994622));
#8366 = CARTESIAN_POINT('',(1.599351977994,27.709366735295,
    38.135171085441));
#8367 = CARTESIAN_POINT('',(1.3501816231,27.42764546959,38.641418706219)
  );
#8368 = CARTESIAN_POINT('',(1.106623025074,27.143088483207,
    39.148166590141));
#8369 = CARTESIAN_POINT('',(0.868728811815,26.855794339587,
    39.655409753679));
#8370 = CARTESIAN_POINT('',(0.636551598654,26.565862895634,
    40.163143420121));
#8371 = CARTESIAN_POINT('',(0.410143988347,26.273395301712,
    40.671363019578));
#8372 = CARTESIAN_POINT('',(0.189558571079,25.978494001649,
    41.180064188979));
#8373 = CARTESIAN_POINT('',(-0.124619037177,25.543567226298,
    41.925125097371));
#8374 = CARTESIAN_POINT('',(-0.222825312606,25.405371726817,
    42.161109853553));
#8375 = CARTESIAN_POINT('',(-0.319767123652,25.266686698565,
    42.397196394954));
#8376 = CARTESIAN_POINT('',(-0.415440701289,25.127522643913,
    42.633384086377));
#8377 = CARTESIAN_POINT('',(-0.509842285637,24.987890103323,
    42.869672303086));
#8378 = CARTESIAN_POINT('',(-0.602968125963,24.847799655346,
    43.106060430806));
#8379 = CARTESIAN_POINT('',(-0.694814480683,24.707261916627,
    43.342547865727));
#8380 = CARTESIAN_POINT('',(-0.972381384359,24.275189639476,
    44.067660612228));
#8381 = CARTESIAN_POINT('',(-1.153913751304,23.982230122682,
    44.556608070957));
#8382 = CARTESIAN_POINT('',(-1.329941839754,23.687502646752,
    45.04597119772));
#8383 = CARTESIAN_POINT('',(-1.500432918371,23.391101846037,
    45.535744942234));
#8384 = CARTESIAN_POINT('',(-1.665354402924,23.093123334002,
    46.025924396904));
#8385 = CARTESIAN_POINT('',(-1.824673856291,22.793663703231,
    46.516504796822));
#8386 = CARTESIAN_POINT('',(-1.978358988455,22.492820525422,
    47.007481519763));
#8387 = CARTESIAN_POINT('',(-2.20270158935,22.034903823038,
    47.752218002275));
#8388 = CARTESIAN_POINT('',(-2.277518907328,21.878773671275,
    48.005690090845));
#8389 = CARTESIAN_POINT('',(-2.350827052185,21.7223153958,
    48.259265486228));
#8390 = CARTESIAN_POINT('',(-2.422623483369,21.565542534164,
    48.512943334108));
#8391 = CARTESIAN_POINT('',(-2.492905678041,21.408468661775,
    48.766722791527));
#8392 = CARTESIAN_POINT('',(-2.561671131068,21.251107391897,
    49.020603026887));
#8393 = CARTESIAN_POINT('',(-2.628917355026,21.093472375649,
    49.27458321995));
#8394 = CARTESIAN_POINT('',(-2.818804773274,20.637291249819,
    50.008654255583));
#8395 = CARTESIAN_POINT('',(-2.937536958235,20.338077190597,
    50.488999757593));
#8396 = CARTESIAN_POINT('',(-3.050821748823,20.03802730427,50.9696936483
    ));
#8397 = CARTESIAN_POINT('',(-3.158642679979,19.737234499907,
    51.45073059787));
#8398 = CARTESIAN_POINT('',(-3.260983507841,19.435792415714,
    51.932105366197));
#8399 = CARTESIAN_POINT('',(-3.357828209744,19.133795419032,
    52.413812802906));
#8400 = CARTESIAN_POINT('',(-3.449160984225,18.83133860634,
    52.895847847353));
#8401 = CARTESIAN_POINT('',(-3.57849133164,18.374910683764,
    53.622883480824));
#8402 = CARTESIAN_POINT('',(-3.620594368356,18.221209905708,
    53.86764441281));
#8403 = CARTESIAN_POINT('',(-3.661275014909,18.067427777068,
    54.112487485582));
#8404 = CARTESIAN_POINT('',(-3.700532940512,17.913576623937,
    54.357411867078));
#8405 = CARTESIAN_POINT('',(-3.73836782985,17.759668790516,
    54.602416732171));
#8406 = CARTESIAN_POINT('',(-3.774779383079,17.605716639112,
    54.84750126267));
#8407 = CARTESIAN_POINT('',(-3.809767315823,17.451732550145,
    55.092664647322));
#8408 = CARTESIAN_POINT('',(-3.882792305873,17.116668228969,
    55.626234251071));
#8409 = CARTESIAN_POINT('',(-3.920285079741,16.935580537743,
    55.914670299387));
#8410 = CARTESIAN_POINT('',(-3.955809243279,16.75448599534,
    56.203212921532));
#8411 = CARTESIAN_POINT('',(-3.989364383548,16.573404802735,
    56.491860818864));
#8412 = CARTESIAN_POINT('',(-4.020950112171,16.392357214999,
    56.780612699313));
#8413 = CARTESIAN_POINT('',(-4.050566065334,16.211363541296,
    57.069467277386));
#8414 = CARTESIAN_POINT('',(-4.078211903783,16.030444144889,
    57.358423274166));
#8415 = CARTESIAN_POINT('',(-4.129976333488,15.665881790857,
    57.941192038446));
#8416 = CARTESIAN_POINT('',(-4.154031293284,15.48224180194,
    58.235008064297));
#8417 = CARTESIAN_POINT('',(-4.176049785895,15.298721426361,
    58.528926295634));
#8418 = CARTESIAN_POINT('',(-4.196036220619,15.115341045903,
    58.822944978861));
#8419 = CARTESIAN_POINT('',(-4.213986073261,14.932123234913,
    59.1170631152));
#8420 = CARTESIAN_POINT('',(-4.229896587568,14.749090241527,
    59.411279596828));
#8421 = CARTESIAN_POINT('',(-4.243776327156,14.56626169508,
    59.705592391851));
#8422 = CARTESIAN_POINT('',(-4.255625977953,14.383659045451,60.));
#8423 = PCURVE('',#4846,#8424);
#8424 = DEFINITIONAL_REPRESENTATION('',(#8425),#8554);
#8425 = B_SPLINE_CURVE_WITH_KNOTS('',8,(#8426,#8427,#8428,#8429,#8430,
    #8431,#8432,#8433,#8434,#8435,#8436,#8437,#8438,#8439,#8440,#8441,
    #8442,#8443,#8444,#8445,#8446,#8447,#8448,#8449,#8450,#8451,#8452,
    #8453,#8454,#8455,#8456,#8457,#8458,#8459,#8460,#8461,#8462,#8463,
    #8464,#8465,#8466,#8467,#8468,#8469,#8470,#8471,#8472,#8473,#8474,
    #8475,#8476,#8477,#8478,#8479,#8480,#8481,#8482,#8483,#8484,#8485,
    #8486,#8487,#8488,#8489,#8490,#8491,#8492,#8493,#8494,#8495,#8496,
    #8497,#8498,#8499,#8500,#8501,#8502,#8503,#8504,#8505,#8506,#8507,
    #8508,#8509,#8510,#8511,#8512,#8513,#8514,#8515,#8516,#8517,#8518,
    #8519,#8520,#8521,#8522,#8523,#8524,#8525,#8526,#8527,#8528,#8529,
    #8530,#8531,#8532,#8533,#8534,#8535,#8536,#8537,#8538,#8539,#8540,
    #8541,#8542,#8543,#8544,#8545,#8546,#8547,#8548,#8549,#8550,#8551,
    #8552,#8553),.UNSPECIFIED.,.F.,.F.,(9,7,7,7,7,7,7,7,7,7,7,7,7,7,7,7,
    7,7,9),(0.,5.894428045258E-02,0.117914823584,0.219940961659,
    0.319364134157,0.33719198178,0.417499466896,0.439792890546,
    0.514442644746,0.611441628633,0.64010983568,0.706290795913,
    0.736949820681,0.800257622668,0.83290148098,0.894570331052,
    0.925852113298,0.962629825945,1.),.UNSPECIFIED.);
#8426 = CARTESIAN_POINT('',(-0.864375583892,0.));
#8427 = CARTESIAN_POINT('',(-0.871517918743,-0.414453149709));
#8428 = CARTESIAN_POINT('',(-0.878667821617,-0.829418970893));
#8429 = CARTESIAN_POINT('',(-0.885825257471,-1.244896781335));
#8430 = CARTESIAN_POINT('',(-0.892989808063,-1.660892784071));
#8431 = CARTESIAN_POINT('',(-0.900162169582,-2.077394377803));
#8432 = CARTESIAN_POINT('',(-0.907341779892,-2.494409786477));
#8433 = CARTESIAN_POINT('',(-0.91452890809,-2.91193325651));
#8434 = CARTESIAN_POINT('',(-0.928921160267,-3.748184208122));
#8435 = CARTESIAN_POINT('',(-0.936126302627,-4.166911975439));
#8436 = CARTESIAN_POINT('',(-0.943338825727,-4.586148246872));
#8437 = CARTESIAN_POINT('',(-0.950558676735,-5.005892551958));
#8438 = CARTESIAN_POINT('',(-0.957785782759,-5.426144609815));
#8439 = CARTESIAN_POINT('',(-0.965020050845,-5.846904329148));
#8440 = CARTESIAN_POINT('',(-0.972261367977,-6.268171808242));
#8441 = CARTESIAN_POINT('',(-0.992049916836,-7.419669766566));
#8442 = CARTESIAN_POINT('',(-1.004610943106,-8.150912419392));
#8443 = CARTESIAN_POINT('',(-1.017192766483,-8.883666405259));
#8444 = CARTESIAN_POINT('',(-1.029795315238,-9.617924336299));
#8445 = CARTESIAN_POINT('',(-1.042418340455,-10.35368043497));
#8446 = CARTESIAN_POINT('',(-1.055061397155,-11.0909306441));
#8447 = CARTESIAN_POINT('',(-1.067723825427,-11.82967273684));
#8448 = CARTESIAN_POINT('',(-1.092762113112,-13.29125473241));
#8449 = CARTESIAN_POINT('',(-1.105137087683,-14.0140182666));
#8450 = CARTESIAN_POINT('',(-1.117529663915,-14.73818694916));
#8451 = CARTESIAN_POINT('',(-1.129939682529,-15.46375197848));
#8452 = CARTESIAN_POINT('',(-1.142366792931,-16.1907059482));
#8453 = CARTESIAN_POINT('',(-1.154810429822,-16.91904296394));
#8454 = CARTESIAN_POINT('',(-1.167269789814,-17.64875876006));
#8455 = CARTESIAN_POINT('',(-1.181980559199,-18.51094498136));
#8456 = CARTESIAN_POINT('',(-1.184217782878,-18.64208337259));
#8457 = CARTESIAN_POINT('',(-1.186455478548,-18.77326591743));
#8458 = CARTESIAN_POINT('',(-1.188693645459,-18.90449254484));
#8459 = CARTESIAN_POINT('',(-1.190932282651,-19.0357631854));
#8460 = CARTESIAN_POINT('',(-1.193171388946,-19.1670777713));
#8461 = CARTESIAN_POINT('',(-1.195410962951,-19.29843623631));
#8462 = CARTESIAN_POINT('',(-1.207741508171,-20.02175442349));
#8463 = CARTESIAN_POINT('',(-1.217841469512,-20.61455929217));
#8464 = CARTESIAN_POINT('',(-1.227950740998,-21.20824736159));
#8465 = CARTESIAN_POINT('',(-1.238069081994,-21.80281339059));
#8466 = CARTESIAN_POINT('',(-1.248196145799,-22.39825270001));
#8467 = CARTESIAN_POINT('',(-1.258331468114,-22.99456121541));
#8468 = CARTESIAN_POINT('',(-1.268474455527,-23.59173550998));
#8469 = CARTESIAN_POINT('',(-1.28144199966,-24.355788502));
#8470 = CARTESIAN_POINT('',(-1.284260160553,-24.52187064424));
#8471 = CARTESIAN_POINT('',(-1.287078853871,-24.68801910619));
#8472 = CARTESIAN_POINT('',(-1.289898076168,-24.85423372379));
#8473 = CARTESIAN_POINT('',(-1.292717823338,-25.02051433677));
#8474 = CARTESIAN_POINT('',(-1.29553809062,-25.18686078859));
#8475 = CARTESIAN_POINT('',(-1.298358872595,-25.35327292651));
#8476 = CARTESIAN_POINT('',(-1.310627283225,-26.07720277733));
#8477 = CARTESIAN_POINT('',(-1.320080104817,-26.63538970711));
#8478 = CARTESIAN_POINT('',(-1.329538399033,-27.19430591164));
#8479 = CARTESIAN_POINT('',(-1.339001848201,-27.75394626654));
#8480 = CARTESIAN_POINT('',(-1.34847003443,-28.31430603541));
#8481 = CARTESIAN_POINT('',(-1.357942428132,-28.87538090292));
#8482 = CARTESIAN_POINT('',(-1.367418376543,-29.43716700795));
#8483 = CARTESIAN_POINT('',(-1.389213620288,-30.73055880748));
#8484 = CARTESIAN_POINT('',(-1.401534812908,-31.46265131122));
#8485 = CARTESIAN_POINT('',(-1.413860186728,-32.19592296369));
#8486 = CARTESIAN_POINT('',(-1.426188984227,-32.93035911318));
#8487 = CARTESIAN_POINT('',(-1.438520117249,-33.66594611634));
#8488 = CARTESIAN_POINT('',(-1.450852110525,-34.4026714739));
#8489 = CARTESIAN_POINT('',(-1.463183045192,-35.14052396641));
#8490 = CARTESIAN_POINT('',(-1.479153902264,-36.09789752019));
#8491 = CARTESIAN_POINT('',(-1.482797003225,-36.31639878389));
#8492 = CARTESIAN_POINT('',(-1.486439781055,-36.53499711188));
#8493 = CARTESIAN_POINT('',(-1.490082208464,-36.75369204385));
#8494 = CARTESIAN_POINT('',(-1.493724255015,-36.97248312843));
#8495 = CARTESIAN_POINT('',(-1.49736588712,-37.19136992319));
#8496 = CARTESIAN_POINT('',(-1.501007068042,-37.41035199462));
#8497 = CARTESIAN_POINT('',(-1.513052341769,-38.13517108544));
#8498 = CARTESIAN_POINT('',(-1.521454292847,-38.64141870621));
#8499 = CARTESIAN_POINT('',(-1.529853144922,-39.14816659014));
#8500 = CARTESIAN_POINT('',(-1.538248304892,-39.65540975367));
#8501 = CARTESIAN_POINT('',(-1.546639052766,-40.16314342012));
#8502 = CARTESIAN_POINT('',(-1.55502454166,-40.67136301957));
#8503 = CARTESIAN_POINT('',(-1.563403797798,-41.18006418897));
#8504 = CARTESIAN_POINT('',(-1.575654101627,-41.92512509737));
#8505 = CARTESIAN_POINT('',(-1.579530908986,-42.16110985355));
#8506 = CARTESIAN_POINT('',(-1.583406087019,-42.39719639495));
#8507 = CARTESIAN_POINT('',(-1.587279574168,-42.63338408637));
#8508 = CARTESIAN_POINT('',(-1.59115130289,-42.86967230308));
#8509 = CARTESIAN_POINT('',(-1.595021199657,-43.1060604308));
#8510 = CARTESIAN_POINT('',(-1.598889184958,-43.34254786572));
#8511 = CARTESIAN_POINT('',(-1.610738050314,-44.06766061222));
#8512 = CARTESIAN_POINT('',(-1.618712390758,-44.55660807095));
#8513 = CARTESIAN_POINT('',(-1.626677474193,-45.04597119771));
#8514 = CARTESIAN_POINT('',(-1.634632419899,-45.53574494223));
#8515 = CARTESIAN_POINT('',(-1.642576186872,-46.0259243969));
#8516 = CARTESIAN_POINT('',(-1.650507573823,-46.51650479682));
#8517 = CARTESIAN_POINT('',(-1.658425219178,-47.00748151976));
#8518 = CARTESIAN_POINT('',(-1.670402363229,-47.75221800227));
#8519 = CARTESIAN_POINT('',(-1.674473060015,-48.00569009084));
#8520 = CARTESIAN_POINT('',(-1.678539560876,-48.25926548622));
#8521 = CARTESIAN_POINT('',(-1.682601722664,-48.5129433341));
#8522 = CARTESIAN_POINT('',(-1.68665938965,-48.76672279152));
#8523 = CARTESIAN_POINT('',(-1.690712393523,-49.02060302688));
#8524 = CARTESIAN_POINT('',(-1.694760553389,-49.27458321995));
#8525 = CARTESIAN_POINT('',(-1.70644170391,-50.00865425558));
#8526 = CARTESIAN_POINT('',(-1.714061716112,-50.48899975759));
#8527 = CARTESIAN_POINT('',(-1.721662461678,-50.9696936483));
#8528 = CARTESIAN_POINT('',(-1.729242440659,-51.45073059787));
#8529 = CARTESIAN_POINT('',(-1.736799903865,-51.93210536619));
#8530 = CARTESIAN_POINT('',(-1.744332852862,-52.4138128029));
#8531 = CARTESIAN_POINT('',(-1.751839039972,-52.89584784735));
#8532 = CARTESIAN_POINT('',(-1.763108671441,-53.62288348082));
#8533 = CARTESIAN_POINT('',(-1.766893846226,-53.86764441281));
#8534 = CARTESIAN_POINT('',(-1.770671249666,-54.11248748558));
#8535 = CARTESIAN_POINT('',(-1.77444061826,-54.35741186707));
#8536 = CARTESIAN_POINT('',(-1.778201667966,-54.60241673217));
#8537 = CARTESIAN_POINT('',(-1.781954094206,-54.84750126267));
#8538 = CARTESIAN_POINT('',(-1.785697571858,-55.09266464732));
#8539 = CARTESIAN_POINT('',(-1.793822001423,-55.62623425107));
#8540 = CARTESIAN_POINT('',(-1.798199392568,-55.91467029938));
#8541 = CARTESIAN_POINT('',(-1.802563372181,-56.20321292153));
#8542 = CARTESIAN_POINT('',(-1.80691332697,-56.49186081886));
#8543 = CARTESIAN_POINT('',(-1.811248586871,-56.78061269931));
#8544 = CARTESIAN_POINT('',(-1.815568425052,-57.06946727738));
#8545 = CARTESIAN_POINT('',(-1.819872057904,-57.35842327416));
#8546 = CARTESIAN_POINT('',(-1.828514285904,-57.94119203844));
#8547 = CARTESIAN_POINT('',(-1.83285234638,-58.23500806429));
#8548 = CARTESIAN_POINT('',(-1.837171791139,-58.52892629563));
#8549 = CARTESIAN_POINT('',(-1.841471968989,-58.82294497886));
#8550 = CARTESIAN_POINT('',(-1.845751546331,-59.11706311519));
#8551 = CARTESIAN_POINT('',(-1.850009208415,-59.41127959682));
#8552 = CARTESIAN_POINT('',(-1.854244295295,-59.70559239185));
#8553 = CARTESIAN_POINT('',(-1.858455539367,-60.));
#8554 = ( GEOMETRIC_REPRESENTATION_CONTEXT(2) 
PARAMETRIC_REPRESENTATION_CONTEXT() REPRESENTATION_CONTEXT('2D SPACE',''
  ) );
#8555 = PCURVE('',#4789,#8556);
#8556 = DEFINITIONAL_REPRESENTATION('',(#8557),#8686);
#8557 = B_SPLINE_CURVE_WITH_KNOTS('',8,(#8558,#8559,#8560,#8561,#8562,
    #8563,#8564,#8565,#8566,#8567,#8568,#8569,#8570,#8571,#8572,#8573,
    #8574,#8575,#8576,#8577,#8578,#8579,#8580,#8581,#8582,#8583,#8584,
    #8585,#8586,#8587,#8588,#8589,#8590,#8591,#8592,#8593,#8594,#8595,
    #8596,#8597,#8598,#8599,#8600,#8601,#8602,#8603,#8604,#8605,#8606,
    #8607,#8608,#8609,#8610,#8611,#8612,#8613,#8614,#8615,#8616,#8617,
    #8618,#8619,#8620,#8621,#8622,#8623,#8624,#8625,#8626,#8627,#8628,
    #8629,#8630,#8631,#8632,#8633,#8634,#8635,#8636,#8637,#8638,#8639,
    #8640,#8641,#8642,#8643,#8644,#8645,#8646,#8647,#8648,#8649,#8650,
    #8651,#8652,#8653,#8654,#8655,#8656,#8657,#8658,#8659,#8660,#8661,
    #8662,#8663,#8664,#8665,#8666,#8667,#8668,#8669,#8670,#8671,#8672,
    #8673,#8674,#8675,#8676,#8677,#8678,#8679,#8680,#8681,#8682,#8683,
    #8684,#8685),.UNSPECIFIED.,.F.,.F.,(9,7,7,7,7,7,7,7,7,7,7,7,7,7,7,7,
    7,7,9),(0.,5.894428045258E-02,0.117914823584,0.219940961659,
    0.319364134157,0.33719198178,0.417499466896,0.439792890546,
    0.514442644746,0.611441628633,0.64010983568,0.706290795913,
    0.736949820681,0.800257622668,0.83290148098,0.894570331052,
    0.925852113298,0.962629825945,1.),.UNSPECIFIED.);
#8558 = CARTESIAN_POINT('',(2.883975899738,7.142857142857E-02));
#8559 = CARTESIAN_POINT('',(2.883505758598,7.734933071004E-02));
#8560 = CARTESIAN_POINT('',(2.883030802586,8.32774138702E-02));
#8561 = CARTESIAN_POINT('',(2.882550458701,8.921281116145E-02));
#8562 = CARTESIAN_POINT('',(2.882065122191,9.515561120146E-02));
#8563 = CARTESIAN_POINT('',(2.881574367162,0.101105633968));
#8564 = CARTESIAN_POINT('',(2.881078483829,0.10706299695));
#8565 = CARTESIAN_POINT('',(2.880577218729,0.11302761795));
#8566 = CARTESIAN_POINT('',(2.879563676238,0.124974060116));
#8567 = CARTESIAN_POINT('',(2.879051378604,0.130955885363));
#8568 = CARTESIAN_POINT('',(2.878533598247,0.136944974955));
#8569 = CARTESIAN_POINT('',(2.878010236215,0.142941322171));
#8570 = CARTESIAN_POINT('',(2.877481163814,0.148944922997));
#8571 = CARTESIAN_POINT('',(2.876946222608,0.154955776131));
#8572 = CARTESIAN_POINT('',(2.876405224415,0.160973882975));
#8573 = CARTESIAN_POINT('',(2.87491110296,0.177423853808));
#8574 = CARTESIAN_POINT('',(2.873945479481,0.18787017742));
#8575 = CARTESIAN_POINT('',(2.872960797346,0.198338091504));
#8576 = CARTESIAN_POINT('',(2.871956711456,0.208827490519));
#8577 = CARTESIAN_POINT('',(2.870932735287,0.219338291928));
#8578 = CARTESIAN_POINT('',(2.869888161031,0.229870437773));
#8579 = CARTESIAN_POINT('',(2.86882197975,0.240423896241));
#8580 = CARTESIAN_POINT('',(2.866671411197,0.261303639035));
#8581 = CARTESIAN_POINT('',(2.8655882402,0.27162883238));
#8582 = CARTESIAN_POINT('',(2.864482845728,0.281974099274));
#8583 = CARTESIAN_POINT('',(2.863354728526,0.292339313978));
#8584 = CARTESIAN_POINT('',(2.862203251657,0.302724370689));
#8585 = CARTESIAN_POINT('',(2.861027559271,0.313129185199));
#8586 = CARTESIAN_POINT('',(2.859826495374,0.323553696572));
#8587 = CARTESIAN_POINT('',(2.858378331358,0.335870642591));
#8588 = CARTESIAN_POINT('',(2.858157276071,0.33774404818));
#8589 = CARTESIAN_POINT('',(2.857935352852,0.339618084535));
#8590 = CARTESIAN_POINT('',(2.857712557713,0.341492750641));
#8591 = CARTESIAN_POINT('',(2.857488886557,0.343368045506));
#8592 = CARTESIAN_POINT('',(2.857264335184,0.345243968161));
#8593 = CARTESIAN_POINT('',(2.857038899284,0.347120517662));
#8594 = CARTESIAN_POINT('',(2.855793069498,0.357453634621));
#8595 = CARTESIAN_POINT('',(2.85475552748,0.365922275602));
#8596 = CARTESIAN_POINT('',(2.853699538862,0.374403533737));
#8597 = CARTESIAN_POINT('',(2.852624644543,0.382897334151));
#8598 = CARTESIAN_POINT('',(2.851530302234,0.39140361));
#8599 = CARTESIAN_POINT('',(2.850415852849,0.399922303077));
#8600 = CARTESIAN_POINT('',(2.849280486898,0.408453364428));
#8601 = CARTESIAN_POINT('',(2.847801950102,0.419368407172));
#8602 = CARTESIAN_POINT('',(2.847479001754,0.421741009203));
#8603 = CARTESIAN_POINT('',(2.847154354332,0.42411455866));
#8604 = CARTESIAN_POINT('',(2.846827996026,0.426489053197));
#8605 = CARTESIAN_POINT('',(2.846499914716,0.428864490525));
#8606 = CARTESIAN_POINT('',(2.846170097968,0.431240868409));
#8607 = CARTESIAN_POINT('',(2.845838533037,0.433618184664));
#8608 = CARTESIAN_POINT('',(2.844389060814,0.443960039676));
#8609 = CARTESIAN_POINT('',(2.843253167291,0.451934138673));
#8610 = CARTESIAN_POINT('',(2.842097029382,0.459918655881));
#8611 = CARTESIAN_POINT('',(2.840920103264,0.467913518094));
#8612 = CARTESIAN_POINT('',(2.839721770845,0.475918657649));
#8613 = CARTESIAN_POINT('',(2.838501312396,0.483934012899));
#8614 = CARTESIAN_POINT('',(2.837257879197,0.491959528685));
#8615 = CARTESIAN_POINT('',(2.834343605075,0.510436554393));
#8616 = CARTESIAN_POINT('',(2.832656259939,0.520895018732));
#8617 = CARTESIAN_POINT('',(2.830926991057,0.531370328053));
#8618 = CARTESIAN_POINT('',(2.829154289024,0.541862273045));
#8619 = CARTESIAN_POINT('',(2.827336464183,0.552370658805));
#8620 = CARTESIAN_POINT('',(2.825471536063,0.56289530677));
#8621 = CARTESIAN_POINT('',(2.82355712283,0.573436056663));
#8622 = CARTESIAN_POINT('',(2.821009042134,0.587112821717));
#8623 = CARTESIAN_POINT('',(2.820423180629,0.590234268341));
#8624 = CARTESIAN_POINT('',(2.819832691807,0.593357101598));
#8625 = CARTESIAN_POINT('',(2.819237519798,0.596481314912));
#8626 = CARTESIAN_POINT('',(2.818637607265,0.599606901835));
#8627 = CARTESIAN_POINT('',(2.818032895412,0.602733856046));
#8628 = CARTESIAN_POINT('',(2.817423323975,0.605862171352));
#8629 = CARTESIAN_POINT('',(2.815390266061,0.616216729792));
#8630 = CARTESIAN_POINT('',(2.813945452372,0.62344883866));
#8631 = CARTESIAN_POINT('',(2.812473664958,0.630688094145));
#8632 = CARTESIAN_POINT('',(2.810974084314,0.637934425053));
#8633 = CARTESIAN_POINT('',(2.809445796639,0.645187763145));
#8634 = CARTESIAN_POINT('',(2.807887793837,0.652448043137));
#8635 = CARTESIAN_POINT('',(2.806298973513,0.6597152027));
#8636 = CARTESIAN_POINT('',(2.803927270359,0.670358929962));
#8637 = CARTESIAN_POINT('',(2.803169527703,0.673730140765));
#8638 = CARTESIAN_POINT('',(2.802404811356,0.677102805642));
#8639 = CARTESIAN_POINT('',(2.801633018971,0.68047691552));
#8640 = CARTESIAN_POINT('',(2.800854045505,0.683852461473));
#8641 = CARTESIAN_POINT('',(2.800067783226,0.687229434726));
#8642 = CARTESIAN_POINT('',(2.799274121706,0.690607826653));
#8643 = CARTESIAN_POINT('',(2.796818604352,0.700966580175));
#8644 = CARTESIAN_POINT('',(2.795132207966,0.707951543871));
#8645 = CARTESIAN_POINT('',(2.793412794647,0.714942445682));
#8646 = CARTESIAN_POINT('',(2.79165929851,0.72193921346));
#8647 = CARTESIAN_POINT('',(2.789870551798,0.728941777099));
#8648 = CARTESIAN_POINT('',(2.788045284883,0.735950068526));
#8649 = CARTESIAN_POINT('',(2.78618212627,0.742964021711));
#8650 = CARTESIAN_POINT('',(2.783298590591,0.753603114318));
#8651 = CARTESIAN_POINT('',(2.782307105769,0.757224144155));
#8652 = CARTESIAN_POINT('',(2.781304965752,0.760846649803));
#8653 = CARTESIAN_POINT('',(2.780291982947,0.764470619059));
#8654 = CARTESIAN_POINT('',(2.77926796454,0.768096039879));
#8655 = CARTESIAN_POINT('',(2.778232712498,0.771722900384));
#8656 = CARTESIAN_POINT('',(2.777186023567,0.775351188856));
#8657 = CARTESIAN_POINT('',(2.774128346608,0.785837917937));
#8658 = CARTESIAN_POINT('',(2.772087419404,0.792699996537));
#8659 = CARTESIAN_POINT('',(2.770003535132,0.799567052119));
#8660 = CARTESIAN_POINT('',(2.767875195728,0.806439008541));
#8661 = CARTESIAN_POINT('',(2.765700777599,0.813315790946));
#8662 = CARTESIAN_POINT('',(2.763478531624,0.820197325756));
#8663 = CARTESIAN_POINT('',(2.761206583149,0.827083540676));
#8664 = CARTESIAN_POINT('',(2.757704250221,0.837469764012));
#8665 = CARTESIAN_POINT('',(2.756512260676,0.840966348754));
#8666 = CARTESIAN_POINT('',(2.755306714887,0.844464106937));
#8667 = CARTESIAN_POINT('',(2.754087357515,0.847963026673));
#8668 = CARTESIAN_POINT('',(2.752853926355,0.851463096174));
#8669 = CARTESIAN_POINT('',(2.751606152332,0.854964303752));
#8670 = CARTESIAN_POINT('',(2.750343759505,0.858466637819));
#8671 = CARTESIAN_POINT('',(2.747564761378,0.86608906073));
#8672 = CARTESIAN_POINT('',(2.746042457194,0.870209575706));
#8673 = CARTESIAN_POINT('',(2.744499094264,0.874331613165));
#8674 = CARTESIAN_POINT('',(2.742934194993,0.878455154555));
#8675 = CARTESIAN_POINT('',(2.741347262445,0.882580181419));
#8676 = CARTESIAN_POINT('',(2.739737780342,0.886706675391));
#8677 = CARTESIAN_POINT('',(2.738105213063,0.890834618202));
#8678 = CARTESIAN_POINT('',(2.734766117965,0.899159886264));
#8679 = CARTESIAN_POINT('',(2.733058822692,0.903357258061));
#8680 = CARTESIAN_POINT('',(2.731326520109,0.907556089938));
#8681 = CARTESIAN_POINT('',(2.729568629383,0.911756356841));
#8682 = CARTESIAN_POINT('',(2.727784488963,0.915958044503));
#8683 = CARTESIAN_POINT('',(2.725973412648,0.920161137098));
#8684 = CARTESIAN_POINT('',(2.72413475059,0.924365605598));
#8685 = CARTESIAN_POINT('',(2.722267804434,0.928571428571));
#8686 = ( GEOMETRIC_REPRESENTATION_CONTEXT(2) 
PARAMETRIC_REPRESENTATION_CONTEXT() REPRESENTATION_CONTEXT('2D SPACE',''
  ) );
#8687 = ORIENTED_EDGE('',*,*,#5365,.F.);
#8688 = ADVANCED_FACE('',(#8689),#4789,.F.);
#8689 = FACE_BOUND('',#8690,.F.);
#8690 = EDGE_LOOP('',(#8691,#8724,#8725,#8726));
#8691 = ORIENTED_EDGE('',*,*,#8692,.F.);
#8692 = EDGE_CURVE('',#4710,#5390,#8693,.T.);
#8693 = SURFACE_CURVE('',#8694,(#8710,#8717),.PCURVE_S1.);
#8694 = ( BOUNDED_CURVE() B_SPLINE_CURVE(3,(#8695,#8696,#8697,#8698,
    #8699,#8700,#8701,#8702,#8703,#8704,#8705,#8706,#8707,#8708,#8709),
.UNSPECIFIED.,.F.,.F.) B_SPLINE_CURVE_WITH_KNOTS((4,1,1,1,1,1,1,1,1,1,1,
    1,4),(0.,8.333333333333E-02,0.166666666667,0.25,0.333333333333,
    0.416666666667,0.5,0.583333333333,0.666666666667,0.75,0.833333333333
,0.916666666667,1.),.QUASI_UNIFORM_KNOTS.) CURVE() 
GEOMETRIC_REPRESENTATION_ITEM() RATIONAL_B_SPLINE_CURVE((1.,1.,1.,1.,1.,
1.,1.,1.,1.,1.,1.,1.,1.,1.,1.)) REPRESENTATION_ITEM('') );
#8695 = CARTESIAN_POINT('',(48.801112892876,48.46468876828,-5.));
#8696 = CARTESIAN_POINT('',(46.133497386738,49.081113472538,
    -3.055555555556));
#8697 = CARTESIAN_POINT('',(40.842039965374,49.937295630549,
    0.833333333333));
#8698 = CARTESIAN_POINT('',(33.179163384507,50.146348465975,
    6.666666666667));
#8699 = CARTESIAN_POINT('',(25.923543323823,49.352010303954,12.5));
#8700 = CARTESIAN_POINT('',(19.196131472308,47.641666469141,
    18.333333333333));
#8701 = CARTESIAN_POINT('',(13.104131230284,45.116539404996,
    24.166666666667));
#8702 = CARTESIAN_POINT('',(7.739472608562,41.889784721294,30.));
#8703 = CARTESIAN_POINT('',(3.177530568886,38.084414847874,
    35.833333333333));
#8704 = CARTESIAN_POINT('',(-0.523803062123,33.831088208121,
    41.666666666667));
#8705 = CARTESIAN_POINT('',(-3.324948007705,29.265868949888,47.5));
#8706 = CARTESIAN_POINT('',(-5.205114808666,24.527842675594,
    53.333333333333));
#8707 = CARTESIAN_POINT('',(-6.162487430241,19.756696511852,
    59.166666666667));
#8708 = CARTESIAN_POINT('',(-6.196903154854,16.645753858181,
    63.055555555555));
#8709 = CARTESIAN_POINT('',(-6.069067579054,15.130006713625,65.));
#8710 = PCURVE('',#4789,#8711);
#8711 = DEFINITIONAL_REPRESENTATION('',(#8712),#8716);
#8712 = LINE('',#8713,#8714);
#8713 = CARTESIAN_POINT('',(2.,0.));
#8714 = VECTOR('',#8715,1.);
#8715 = DIRECTION('',(0.,1.));
#8716 = ( GEOMETRIC_REPRESENTATION_CONTEXT(2) 
PARAMETRIC_REPRESENTATION_CONTEXT() REPRESENTATION_CONTEXT('2D SPACE',''
  ) );
#8717 = PCURVE('',#4729,#8718);
#8718 = DEFINITIONAL_REPRESENTATION('',(#8719),#8723);
#8719 = LINE('',#8720,#8721);
#8720 = CARTESIAN_POINT('',(2.,0.));
#8721 = VECTOR('',#8722,1.);
#8722 = DIRECTION('',(0.,1.));
#8723 = ( GEOMETRIC_REPRESENTATION_CONTEXT(2) 
PARAMETRIC_REPRESENTATION_CONTEXT() REPRESENTATION_CONTEXT('2D SPACE',''
  ) );
#8724 = ORIENTED_EDGE('',*,*,#4769,.F.);
#8725 = ORIENTED_EDGE('',*,*,#8292,.T.);
#8726 = ORIENTED_EDGE('',*,*,#5389,.T.);
#8727 = ADVANCED_FACE('',(#8728),#4729,.F.);
#8728 = FACE_BOUND('',#8729,.F.);
#8729 = EDGE_LOOP('',(#8730,#8763,#8764,#8765));
#8730 = ORIENTED_EDGE('',*,*,#8731,.F.);
#8731 = EDGE_CURVE('',#4650,#5419,#8732,.T.);
#8732 = SURFACE_CURVE('',#8733,(#8749,#8756),.PCURVE_S1.);
#8733 = ( BOUNDED_CURVE() B_SPLINE_CURVE(3,(#8734,#8735,#8736,#8737,
    #8738,#8739,#8740,#8741,#8742,#8743,#8744,#8745,#8746,#8747,#8748),
.UNSPECIFIED.,.F.,.F.) B_SPLINE_CURVE_WITH_KNOTS((4,1,1,1,1,1,1,1,1,1,1,
    1,4),(0.,8.333333333333E-02,0.166666666667,0.25,0.333333333333,
    0.416666666667,0.5,0.583333333333,0.666666666667,0.75,0.833333333333
,0.916666666667,1.),.QUASI_UNIFORM_KNOTS.) CURVE() 
GEOMETRIC_REPRESENTATION_ITEM() RATIONAL_B_SPLINE_CURVE((1.,1.,1.,1.,1.,
1.,1.,1.,1.,1.,1.,1.,1.,1.,1.)) REPRESENTATION_ITEM('') );
#8734 = CARTESIAN_POINT('',(45.971908648667,51.15621459987,-5.));
#8735 = CARTESIAN_POINT('',(43.248366465827,51.642932710949,
    -3.055555555556));
#8736 = CARTESIAN_POINT('',(37.860787222333,52.238503388018,
    0.833333333333));
#8737 = CARTESIAN_POINT('',(30.098989507962,52.05840868458,
    6.666666666667));
#8738 = CARTESIAN_POINT('',(22.78713059018,50.881545151249,12.5));
#8739 = CARTESIAN_POINT('',(16.04302397462,48.799547646371,
    18.333333333333));
#8740 = CARTESIAN_POINT('',(9.970279845517,45.917205572016,
    24.166666666667));
#8741 = CARTESIAN_POINT('',(4.656899127119,42.350493587421,30.));
#8742 = CARTESIAN_POINT('',(0.174127162436,38.224448315072,
    35.833333333333));
#8743 = CARTESIAN_POINT('',(-3.424326793206,33.670937529067,
    41.666666666667));
#8744 = CARTESIAN_POINT('',(-6.10295920877,28.826419871935,47.5));
#8745 = CARTESIAN_POINT('',(-7.844782204925,23.829598747661,
    53.333333333333));
#8746 = CARTESIAN_POINT('',(-8.651336427723,18.819081984239,
    59.166666666667));
#8747 = CARTESIAN_POINT('',(-8.578724697447,15.560407953832,
    63.055555555555));
#8748 = CARTESIAN_POINT('',(-8.396090415135,13.973415837738,65.));
#8749 = PCURVE('',#4729,#8750);
#8750 = DEFINITIONAL_REPRESENTATION('',(#8751),#8755);
#8751 = LINE('',#8752,#8753);
#8752 = CARTESIAN_POINT('',(1.,0.));
#8753 = VECTOR('',#8754,1.);
#8754 = DIRECTION('',(0.,1.));
#8755 = ( GEOMETRIC_REPRESENTATION_CONTEXT(2) 
PARAMETRIC_REPRESENTATION_CONTEXT() REPRESENTATION_CONTEXT('2D SPACE',''
  ) );
#8756 = PCURVE('',#4669,#8757);
#8757 = DEFINITIONAL_REPRESENTATION('',(#8758),#8762);
#8758 = LINE('',#8759,#8760);
#8759 = CARTESIAN_POINT('',(1.,0.));
#8760 = VECTOR('',#8761,1.);
#8761 = DIRECTION('',(0.,1.));
#8762 = ( GEOMETRIC_REPRESENTATION_CONTEXT(2) 
PARAMETRIC_REPRESENTATION_CONTEXT() REPRESENTATION_CONTEXT('2D SPACE',''
  ) );
#8763 = ORIENTED_EDGE('',*,*,#4709,.F.);
#8764 = ORIENTED_EDGE('',*,*,#8692,.T.);
#8765 = ORIENTED_EDGE('',*,*,#5418,.T.);
#8766 = ADVANCED_FACE('',(#8767),#4669,.F.);
#8767 = FACE_BOUND('',#8768,.F.);
#8768 = EDGE_LOOP('',(#8769,#9165,#9166,#9167));
#8769 = ORIENTED_EDGE('',*,*,#8770,.F.);
#8770 = EDGE_CURVE('',#4621,#5448,#8771,.T.);
#8771 = SURFACE_CURVE('',#8772,(#8901,#9033),.PCURVE_S1.);
#8772 = B_SPLINE_CURVE_WITH_KNOTS('',8,(#8773,#8774,#8775,#8776,#8777,
    #8778,#8779,#8780,#8781,#8782,#8783,#8784,#8785,#8786,#8787,#8788,
    #8789,#8790,#8791,#8792,#8793,#8794,#8795,#8796,#8797,#8798,#8799,
    #8800,#8801,#8802,#8803,#8804,#8805,#8806,#8807,#8808,#8809,#8810,
    #8811,#8812,#8813,#8814,#8815,#8816,#8817,#8818,#8819,#8820,#8821,
    #8822,#8823,#8824,#8825,#8826,#8827,#8828,#8829,#8830,#8831,#8832,
    #8833,#8834,#8835,#8836,#8837,#8838,#8839,#8840,#8841,#8842,#8843,
    #8844,#8845,#8846,#8847,#8848,#8849,#8850,#8851,#8852,#8853,#8854,
    #8855,#8856,#8857,#8858,#8859,#8860,#8861,#8862,#8863,#8864,#8865,
    #8866,#8867,#8868,#8869,#8870,#8871,#8872,#8873,#8874,#8875,#8876,
    #8877,#8878,#8879,#8880,#8881,#8882,#8883,#8884,#8885,#8886,#8887,
    #8888,#8889,#8890,#8891,#8892,#8893,#8894,#8895,#8896,#8897,#8898,
    #8899,#8900),.UNSPECIFIED.,.F.,.F.,(9,7,7,7,7,7,7,7,7,7,7,7,7,7,7,7,
    7,7,9),(0.,5.884725090961E-02,0.118953771378,0.219637989065,
    0.318978972092,0.417068048632,0.437012590688,0.514000056739,
    0.538353160798,0.611022271419,0.637412478362,0.705927004249,
    0.7354759002,0.799979884507,0.831535120078,0.894408423124,
    0.924617178262,0.962568698087,1.),.UNSPECIFIED.);
#8773 = CARTESIAN_POINT('',(29.858813901506,40.105501273457,
    2.23366299002E-16));
#8774 = CARTESIAN_POINT('',(29.420616884782,40.130302735652,
    0.414492620628));
#8775 = CARTESIAN_POINT('',(28.983258038946,40.150292053456,
    0.82948683144));
#8776 = CARTESIAN_POINT('',(28.546801955,40.165477105397,1.24498185297)
  );
#8777 = CARTESIAN_POINT('',(28.111326174652,40.175853232348,
    1.660983857696));
#8778 = CARTESIAN_POINT('',(27.676870519468,40.181457331119,
    2.077480001901));
#8779 = CARTESIAN_POINT('',(27.243517439764,40.182281288576,
    2.494478509363));
#8780 = CARTESIAN_POINT('',(26.811321271663,40.178348748523,
    2.911973466342));
#8781 = CARTESIAN_POINT('',(25.940155454903,40.160805667288,
    3.756902335008));
#8782 = CARTESIAN_POINT('',(25.501238344335,40.146990271333,
    4.184357577488));
#8783 = CARTESIAN_POINT('',(25.063666887237,40.128238443537,
    4.612330503862));
#8784 = CARTESIAN_POINT('',(24.627510531595,40.104565288989,
    5.040820519805));
#8785 = CARTESIAN_POINT('',(24.192839435538,40.075986560707,
    5.469827248946));
#8786 = CARTESIAN_POINT('',(23.75972441319,40.042518768617,
    5.899350517938));
#8787 = CARTESIAN_POINT('',(23.328236880514,40.004179288526,
    6.329390341542));
#8788 = CARTESIAN_POINT('',(22.178512324987,39.888634336932,
    7.481170673367));
#8789 = CARTESIAN_POINT('',(21.463342658308,39.802665746759,
    8.203843279156));
#8790 = CARTESIAN_POINT('',(20.753251758653,39.703188520504,
    8.927955670173));
#8791 = CARTESIAN_POINT('',(20.048555742567,39.590314907017,
    9.653500263264));
#8792 = CARTESIAN_POINT('',(19.349574979627,39.464162351284,
    10.380471052759));
#8793 = CARTESIAN_POINT('',(18.656634186448,39.324854261637,
    11.108863716219));
#8794 = CARTESIAN_POINT('',(17.970062520692,39.172520776975,
    11.838675720177));
#8795 = CARTESIAN_POINT('',(16.61939500371,38.844282518268,
    13.291381735465));
#8796 = CARTESIAN_POINT('',(15.955120027757,38.668720745706,
    14.014236938952));
#8797 = CARTESIAN_POINT('',(15.297659272422,38.480766002594,
    14.738461415452));
#8798 = CARTESIAN_POINT('',(14.647306503228,38.280574778657,
    15.464045870071));
#8799 = CARTESIAN_POINT('',(14.004358789614,38.068309009799,
    16.190982455912));
#8800 = CARTESIAN_POINT('',(13.369116568521,37.844136820865,
    16.919264896062));
#8801 = CARTESIAN_POINT('',(12.741883707981,37.608233268398,
    17.648888605582));
#8802 = CARTESIAN_POINT('',(11.511851085744,37.116447319283,
    19.101601351637));
#8803 = CARTESIAN_POINT('',(10.908842012952,36.860855107413,
    19.824655862407));
#8804 = CARTESIAN_POINT('',(10.314203231212,36.594196881834,
    20.549002132417));
#8805 = CARTESIAN_POINT('',(9.728199943113,36.31666986899,
    21.274629133618));
#8806 = CARTESIAN_POINT('',(9.15109969888,36.02847681351,22.00152715663)
  );
#8807 = CARTESIAN_POINT('',(8.583172420303,35.729826704005,
    22.729687944056));
#8808 = CARTESIAN_POINT('',(8.024690424669,35.420935498861,
    23.45910482381));
#8809 = CARTESIAN_POINT('',(7.364348171914,35.03718286386,
    24.338340241987));
#8810 = CARTESIAN_POINT('',(7.253169728537,34.971924739498,
    24.486959345309));
#8811 = CARTESIAN_POINT('',(7.142395120713,34.906254472832,
    24.635630028626));
#8812 = CARTESIAN_POINT('',(7.032026352569,34.840174066554,
    24.784352170687));
#8813 = CARTESIAN_POINT('',(6.922065430201,34.773685532161,
    24.933125652766));
#8814 = CARTESIAN_POINT('',(6.812514361673,34.706790889958,
    25.081950358656));
#8815 = CARTESIAN_POINT('',(6.703375157016,34.639492169053,
    25.230826174675));
#8816 = CARTESIAN_POINT('',(6.174961698252,34.31046126111,
    25.954621947833));
#8817 = CARTESIAN_POINT('',(5.761440472784,34.04314067072,
    26.530250711975));
#8818 = CARTESIAN_POINT('',(5.35420176332,33.769946831079,
    27.106633015607));
#8819 = CARTESIAN_POINT('',(4.953361803231,33.4909990397,27.68376302528)
  );
#8820 = CARTESIAN_POINT('',(4.559037423493,33.206418930341,
    28.261635382793));
#8821 = CARTESIAN_POINT('',(4.171346028401,32.916330706642,
    28.840245247407));
#8822 = CARTESIAN_POINT('',(3.790405571293,32.620861375743,
    29.419588338066));
#8823 = CARTESIAN_POINT('',(3.298006295108,32.225015432021,
    30.183152783153));
#8824 = CARTESIAN_POINT('',(3.180365433817,32.129364457351,
    30.366717579843));
#8825 = CARTESIAN_POINT('',(3.063415083337,32.033192320891,
    30.550355107264));
#8826 = CARTESIAN_POINT('',(2.947158381904,31.936503305097,
    30.734065112361));
#8827 = CARTESIAN_POINT('',(2.831598469047,31.839301711899,
    30.917847347442));
#8828 = CARTESIAN_POINT('',(2.716738485584,31.741591862703,
    31.101701570177));
#8829 = CARTESIAN_POINT('',(2.60258157363,31.643378098384,
    31.285627543597));
#8830 = CARTESIAN_POINT('',(2.15059656764,31.250106472178,
    32.018669383972));
#8831 = CARTESIAN_POINT('',(1.818350553509,30.951100113859,
    32.56835047267));
#8832 = CARTESIAN_POINT('',(1.492476232681,30.64776155018,
    33.118662248156));
#8833 = CARTESIAN_POINT('',(1.173057296131,30.340208332415,
    33.669598978918));
#8834 = CARTESIAN_POINT('',(0.860177656903,30.028559901365,
    34.221155285989));
#8835 = CARTESIAN_POINT('',(0.553921379691,29.712937771457,
    34.773326172955));
#8836 = CARTESIAN_POINT('',(0.254372610416,29.393465714832,
    35.326107055976));
#8837 = CARTESIAN_POINT('',(-0.144700926428,28.952899536422,
    36.080459381592));
#8838 = CARTESIAN_POINT('',(-0.250121789095,28.835038060153,
    36.281504831634));
#8839 = CARTESIAN_POINT('',(-0.354643893217,28.716691656833,
    36.482629772973));
#8840 = CARTESIAN_POINT('',(-0.458264052205,28.597866492175,
    36.683833841629));
#8841 = CARTESIAN_POINT('',(-0.560979081855,28.478568757405,
    36.885116680585));
#8842 = CARTESIAN_POINT('',(-0.662785800351,28.358804669268,
    37.08647793979));
#8843 = CARTESIAN_POINT('',(-0.763681028262,28.238580470026,
    37.287917276159));
#8844 = CARTESIAN_POINT('',(-1.12323214441,27.804596855844,
    38.012615056423));
#8845 = CARTESIAN_POINT('',(-1.37663751729,27.488232286699,
    38.536319694082));
#8846 = CARTESIAN_POINT('',(-1.623822175498,27.168918394059,
    39.060542470242));
#8847 = CARTESIAN_POINT('',(-1.864730591032,26.846766171141,
    39.585277812782));
#8848 = CARTESIAN_POINT('',(-2.099307289631,26.521888067593,
    40.110520401127));
#8849 = CARTESIAN_POINT('',(-2.327496900834,26.194398126742,
    40.636265193616));
#8850 = CARTESIAN_POINT('',(-2.549244208033,25.864412122847,
    41.162507454856));
#8851 = CARTESIAN_POINT('',(-2.857327061204,25.388705805948,
    41.916412820483));
#8852 = CARTESIAN_POINT('',(-2.948951496316,25.244921533621,
    42.14367453928));
#8853 = CARTESIAN_POINT('',(-3.039364346572,25.100704311435,
    42.371027357186));
#8854 = CARTESIAN_POINT('',(-3.128562464238,24.956063605389,
    42.598470701996));
#8855 = CARTESIAN_POINT('',(-3.216542711143,24.811008917405,
    42.826004011588));
#8856 = CARTESIAN_POINT('',(-3.303301958679,24.665549785333,
    43.053626733931));
#8857 = CARTESIAN_POINT('',(-3.3888370878,24.51969578295,43.281338327079
    ));
#8858 = CARTESIAN_POINT('',(-3.657185555097,24.05422242265,
    44.006415831558));
#8859 = CARTESIAN_POINT('',(-3.835378025518,23.733152586305,
    44.5041143379));
#8860 = CARTESIAN_POINT('',(-4.007690007559,23.410346776302,
    45.002228266813));
#8861 = CARTESIAN_POINT('',(-4.174089350651,23.085905926519,
    45.50075230328));
#8862 = CARTESIAN_POINT('',(-4.334544146396,22.759932139326,
    45.999681328654));
#8863 = CARTESIAN_POINT('',(-4.489022728562,22.432528685592,
    46.499010420663));
#8864 = CARTESIAN_POINT('',(-4.63749367308,22.10380000468,
    46.998734853404));
#8865 = CARTESIAN_POINT('',(-4.849603342848,21.612441576815,
    47.74350559428));
#8866 = CARTESIAN_POINT('',(-4.91783570837,21.450739614446,
    47.988254609034));
#8867 = CARTESIAN_POINT('',(-4.984620844786,21.288758005012,
    48.233096356971));
#8868 = CARTESIAN_POINT('',(-5.049956720128,21.126508974467,
    48.478030065055));
#8869 = CARTESIAN_POINT('',(-5.113841320288,20.964004787047,
    48.723054971849));
#8870 = CARTESIAN_POINT('',(-5.176272649025,20.80125774527,
    48.968170327516));
#8871 = CARTESIAN_POINT('',(-5.237248727956,20.638280189935,
    49.213375393819));
#8872 = CARTESIAN_POINT('',(-5.415357991956,20.149919693847,
    49.94741392286));
#8873 = CARTESIAN_POINT('',(-5.528163311037,19.8238890239,
    50.436511637788));
#8874 = CARTESIAN_POINT('',(-5.63516797382,19.497090250193,
    50.925956863698));
#8875 = CARTESIAN_POINT('',(-5.73635673529,19.169622058382,
    51.415744021429));
#8876 = CARTESIAN_POINT('',(-5.831714685399,18.841584059868,
    51.905867677869));
#8877 = CARTESIAN_POINT('',(-5.92122724907,18.513076791801,
    52.396322545951));
#8878 = CARTESIAN_POINT('',(-6.004880186198,18.184201717079,
    52.887103484656));
#8879 = CARTESIAN_POINT('',(-6.120030286361,17.696918991168,
    53.614165434001));
#8880 = CARTESIAN_POINT('',(-6.156045266865,17.538715468669,
    53.850199452803));
#8881 = CARTESIAN_POINT('',(-6.190704419121,17.38046166896,
    54.086306798004));
#8882 = CARTESIAN_POINT('',(-6.224007645077,17.222168625824,
    54.322486719853));
#8883 = CARTESIAN_POINT('',(-6.255954862666,17.063847394713,
    54.558738476268));
#8884 = CARTESIAN_POINT('',(-6.286546005807,16.905509052751,
    54.795061332834));
#8885 = CARTESIAN_POINT('',(-6.315781024402,16.747164698729,
    55.031454562801));
#8886 = CARTESIAN_POINT('',(-6.378684336714,16.38990249214,
    55.564987809632));
#8887 = CARTESIAN_POINT('',(-6.411568349484,16.190987607619,
    55.862168104038));
#8888 = CARTESIAN_POINT('',(-6.442311852159,15.992102843844,
    56.15945690598));
#8889 = CARTESIAN_POINT('',(-6.470914816294,15.793270328633,
    56.456852805345));
#8890 = CARTESIAN_POINT('',(-6.497377255491,15.594512273326,
    56.754354406231));
#8891 = CARTESIAN_POINT('',(-6.521699225399,15.395850972779,
    57.051960326949));
#8892 = CARTESIAN_POINT('',(-6.543880823711,15.197308805369,
    57.349669200021));
#8893 = CARTESIAN_POINT('',(-6.583688840944,14.80322722315,
    57.941207927277));
#8894 = CARTESIAN_POINT('',(-6.601373866323,14.607683801811,
    58.235035007953));
#8895 = CARTESIAN_POINT('',(-6.616975508798,14.412300327841,
    58.528959818852));
#8896 = CARTESIAN_POINT('',(-6.630498262839,14.217096728548,
    58.822980508368));
#8897 = CARTESIAN_POINT('',(-6.641938472627,14.0220963225,
    59.117096262527));
#8898 = CARTESIAN_POINT('',(-6.651294138221,13.827321917557,
    59.411306116609));
#8899 = CARTESIAN_POINT('',(-6.658573648994,13.63279226609,
    59.705607846278));
#8900 = CARTESIAN_POINT('',(-6.663778163162,13.438528959383,60.));
#8901 = PCURVE('',#4669,#8902);
#8902 = DEFINITIONAL_REPRESENTATION('',(#8903),#9032);
#8903 = B_SPLINE_CURVE_WITH_KNOTS('',8,(#8904,#8905,#8906,#8907,#8908,
    #8909,#8910,#8911,#8912,#8913,#8914,#8915,#8916,#8917,#8918,#8919,
    #8920,#8921,#8922,#8923,#8924,#8925,#8926,#8927,#8928,#8929,#8930,
    #8931,#8932,#8933,#8934,#8935,#8936,#8937,#8938,#8939,#8940,#8941,
    #8942,#8943,#8944,#8945,#8946,#8947,#8948,#8949,#8950,#8951,#8952,
    #8953,#8954,#8955,#8956,#8957,#8958,#8959,#8960,#8961,#8962,#8963,
    #8964,#8965,#8966,#8967,#8968,#8969,#8970,#8971,#8972,#8973,#8974,
    #8975,#8976,#8977,#8978,#8979,#8980,#8981,#8982,#8983,#8984,#8985,
    #8986,#8987,#8988,#8989,#8990,#8991,#8992,#8993,#8994,#8995,#8996,
    #8997,#8998,#8999,#9000,#9001,#9002,#9003,#9004,#9005,#9006,#9007,
    #9008,#9009,#9010,#9011,#9012,#9013,#9014,#9015,#9016,#9017,#9018,
    #9019,#9020,#9021,#9022,#9023,#9024,#9025,#9026,#9027,#9028,#9029,
    #9030,#9031),.UNSPECIFIED.,.F.,.F.,(9,7,7,7,7,7,7,7,7,7,7,7,7,7,7,7,
    7,7,9),(0.,5.884725090961E-02,0.118953771378,0.219637989065,
    0.318978972092,0.417068048632,0.437012590688,0.514000056739,
    0.538353160798,0.611022271419,0.637412478362,0.705927004249,
    0.7354759002,0.799979884507,0.831535120078,0.894408423124,
    0.924617178262,0.962568698087,1.),.UNSPECIFIED.);
#8904 = CARTESIAN_POINT('',(0.116024100271,7.142857142857E-02));
#8905 = CARTESIAN_POINT('',(0.116494271907,7.73498945804E-02));
#8906 = CARTESIAN_POINT('',(0.116969249707,8.327838330629E-02));
#8907 = CARTESIAN_POINT('',(0.117449605821,8.9214026471E-02));
#8908 = CARTESIAN_POINT('',(0.11793498499,9.51569122528E-02));
#8909 = CARTESIAN_POINT('',(0.118425735104,0.10110685717));
#8910 = CARTESIAN_POINT('',(0.118921619913,0.107063978705));
#8911 = CARTESIAN_POINT('',(0.119422859154,0.113028192376));
#8912 = CARTESIAN_POINT('',(0.120446925263,0.125098604786));
#8913 = CARTESIAN_POINT('',(0.120969995253,0.13120510825));
#8914 = CARTESIAN_POINT('',(0.121498761108,0.137319007198));
#8915 = CARTESIAN_POINT('',(0.122033329038,0.14344029314));
#8916 = CARTESIAN_POINT('',(0.122573835637,0.149568960699));
#8917 = CARTESIAN_POINT('',(0.123120451481,0.155705007399));
#8918 = CARTESIAN_POINT('',(0.123673384723,0.161848433451));
#8919 = CARTESIAN_POINT('',(0.125170101083,0.178302438191));
#8920 = CARTESIAN_POINT('',(0.126125664796,0.188626332559));
#8921 = CARTESIAN_POINT('',(0.127099810918,0.198970795288));
#8922 = CARTESIAN_POINT('',(0.128092848848,0.209335718047));
#8923 = CARTESIAN_POINT('',(0.129105240855,0.219721015039));
#8924 = CARTESIAN_POINT('',(0.130137680631,0.230126624517));
#8925 = CARTESIAN_POINT('',(0.131191171851,0.240552510288));
#8926 = CARTESIAN_POINT('',(0.133328687487,0.261305453364));
#8927 = CARTESIAN_POINT('',(0.13441205239,0.271631956271));
#8928 = CARTESIAN_POINT('',(0.135517593631,0.281978020221));
#8929 = CARTESIAN_POINT('',(0.136645773668,0.29234351243));
#8930 = CARTESIAN_POINT('',(0.137797210889,0.302728320799));
#8931 = CARTESIAN_POINT('',(0.138972765279,0.313132355658));
#8932 = CARTESIAN_POINT('',(0.140173624085,0.323555551508));
#8933 = CARTESIAN_POINT('',(0.142613678462,0.344308590738));
#8934 = CARTESIAN_POINT('',(0.143852155297,0.354637940892));
#8935 = CARTESIAN_POINT('',(0.145117420142,0.364985744749));
#8936 = CARTESIAN_POINT('',(0.14641014454,0.375351844766));
#8937 = CARTESIAN_POINT('',(0.147731163114,0.385736102238));
#8938 = CARTESIAN_POINT('',(0.149081567266,0.396138399201));
#8939 = CARTESIAN_POINT('',(0.150462798875,0.40655864034));
#8940 = CARTESIAN_POINT('',(0.15216424275,0.419119146314));
#8941 = CARTESIAN_POINT('',(0.152453093225,0.421242276362));
#8942 = CARTESIAN_POINT('',(0.152743302992,0.423366143266));
#8943 = CARTESIAN_POINT('',(0.153034879862,0.425490745296));
#8944 = CARTESIAN_POINT('',(0.15332783188,0.427616080754));
#8945 = CARTESIAN_POINT('',(0.153622167326,0.429742147981));
#8946 = CARTESIAN_POINT('',(0.153917894713,0.431868945353));
#8947 = CARTESIAN_POINT('',(0.155361960011,0.442208884969));
#8948 = CARTESIAN_POINT('',(0.156529766885,0.450432153028));
#8949 = CARTESIAN_POINT('',(0.157718953958,0.458666185937));
#8950 = CARTESIAN_POINT('',(0.158930090879,0.466910900361));
#8951 = CARTESIAN_POINT('',(0.160163840958,0.475166219754));
#8952 = CARTESIAN_POINT('',(0.161420995721,0.483432074963));
#8953 = CARTESIAN_POINT('',(0.162702509467,0.49170840483));
#8954 = CARTESIAN_POINT('',(0.164422979052,0.502616468331));
#8955 = CARTESIAN_POINT('',(0.164838977131,0.505238822569));
#8956 = CARTESIAN_POINT('',(0.165257548839,0.507862215818));
#8957 = CARTESIAN_POINT('',(0.165678715617,0.510486644462));
#8958 = CARTESIAN_POINT('',(0.166102499578,0.513112104963));
#8959 = CARTESIAN_POINT('',(0.166528923501,0.51573859386));
#8960 = CARTESIAN_POINT('',(0.166958010836,0.518366107766));
#8961 = CARTESIAN_POINT('',(0.168678192107,0.528838134057));
#8962 = CARTESIAN_POINT('',(0.169990528636,0.536690721038));
#8963 = CARTESIAN_POINT('',(0.17132744392,0.544552317831));
#8964 = CARTESIAN_POINT('',(0.172689650667,0.552422842556));
#8965 = CARTESIAN_POINT('',(0.174077956293,0.560302218371));
#8966 = CARTESIAN_POINT('',(0.175493293564,0.568190373899));
#8967 = CARTESIAN_POINT('',(0.176936751232,0.576087243657));
#8968 = CARTESIAN_POINT('',(0.178944479903,0.586863705451));
#8969 = CARTESIAN_POINT('',(0.179483228836,0.589735783309));
#8970 = CARTESIAN_POINT('',(0.180025891292,0.592608996757));
#8971 = CARTESIAN_POINT('',(0.180572508324,0.595483340595));
#8972 = CARTESIAN_POINT('',(0.181123122227,0.598358809723));
#8973 = CARTESIAN_POINT('',(0.181677776532,0.60123539914));
#8974 = CARTESIAN_POINT('',(0.182236516007,0.604113103945));
#8975 = CARTESIAN_POINT('',(0.184260717217,0.614465929377));
#8976 = CARTESIAN_POINT('',(0.18574989329,0.621947424201));
#8977 = CARTESIAN_POINT('',(0.187267729387,0.629436321003));
#8978 = CARTESIAN_POINT('',(0.188815107362,0.636932540183));
#8979 = CARTESIAN_POINT('',(0.190393005024,0.64443600573));
#8980 = CARTESIAN_POINT('',(0.192002524763,0.651946645623));
#8981 = CARTESIAN_POINT('',(0.193644922158,0.659464392212));
#8982 = CARTESIAN_POINT('',(0.196044765949,0.670234468864));
#8983 = CARTESIAN_POINT('',(0.196774278292,0.673481064847));
#8984 = CARTESIAN_POINT('',(0.197510255747,0.676728962246));
#8985 = CARTESIAN_POINT('',(0.198252785174,0.679978152886));
#8986 = CARTESIAN_POINT('',(0.199001956178,0.683228628737));
#8987 = CARTESIAN_POINT('',(0.199757861105,0.686480381913));
#8988 = CARTESIAN_POINT('',(0.200520595045,0.689733404673));
#8989 = CARTESIAN_POINT('',(0.202970392622,0.700091654737));
#8990 = CARTESIAN_POINT('',(0.204683565701,0.707201633399));
#8991 = CARTESIAN_POINT('',(0.2064307501,0.714317546669));
#8992 = CARTESIAN_POINT('',(0.208213049897,0.721439318618));
#8993 = CARTESIAN_POINT('',(0.210031698218,0.728566876124));
#8994 = CARTESIAN_POINT('',(0.211888057239,0.735700148867));
#8995 = CARTESIAN_POINT('',(0.213783618182,0.742839069334));
#8996 = CARTESIAN_POINT('',(0.216667276541,0.753478651347));
#8997 = CARTESIAN_POINT('',(0.217624328582,0.756975065843));
#8998 = CARTESIAN_POINT('',(0.218591313475,0.7604728051));
#8999 = CARTESIAN_POINT('',(0.219568392538,0.763971858072));
#9000 = CARTESIAN_POINT('',(0.220555732368,0.767472213884));
#9001 = CARTESIAN_POINT('',(0.221553504847,0.770973861822));
#9002 = CARTESIAN_POINT('',(0.222561887136,0.77447679134));
#9003 = CARTESIAN_POINT('',(0.225611750692,0.784963056041));
#9004 = CARTESIAN_POINT('',(0.227685317183,0.791950166254));
#9005 = CARTESIAN_POINT('',(0.229803157264,0.79894224091));
#9006 = CARTESIAN_POINT('',(0.231966828412,0.805939200306));
#9007 = CARTESIAN_POINT('',(0.23417804947,0.812940966827));
#9008 = CARTESIAN_POINT('',(0.236438700654,0.819947464942));
#9009 = CARTESIAN_POINT('',(0.238750823547,0.826958621209));
#9010 = CARTESIAN_POINT('',(0.242253316571,0.837345220486));
#9011 = CARTESIAN_POINT('',(0.243402406022,0.84071713504));
#9012 = CARTESIAN_POINT('',(0.244564102388,0.844090097114));
#9013 = CARTESIAN_POINT('',(0.245738625382,0.847464095998));
#9014 = CARTESIAN_POINT('',(0.246926201491,0.85083912109));
#9015 = CARTESIAN_POINT('',(0.248127063978,0.854215161898));
#9016 = CARTESIAN_POINT('',(0.249341452882,0.85759220804));
#9017 = CARTESIAN_POINT('',(0.2521125657,0.865214111566));
#9018 = CARTESIAN_POINT('',(0.253677258778,0.869459544343));
#9019 = CARTESIAN_POINT('',(0.255264180924,0.873706527228));
#9020 = CARTESIAN_POINT('',(0.256873844805,0.877955040076));
#9021 = CARTESIAN_POINT('',(0.258506789081,0.882205062946));
#9022 = CARTESIAN_POINT('',(0.260163578404,0.886456576099));
#9023 = CARTESIAN_POINT('',(0.261844803419,0.89070956));
#9024 = CARTESIAN_POINT('',(0.265233969423,0.899160113247));
#9025 = CARTESIAN_POINT('',(0.266941221064,0.903357642971));
#9026 = CARTESIAN_POINT('',(0.268673491467,0.907556568841));
#9027 = CARTESIAN_POINT('',(0.270431277207,0.911756864405));
#9028 = CARTESIAN_POINT('',(0.272215352967,0.915958518036));
#9029 = CARTESIAN_POINT('',(0.274026492364,0.920161515952));
#9030 = CARTESIAN_POINT('',(0.27586520164,0.924365826375));
#9031 = CARTESIAN_POINT('',(0.277732195566,0.928571428571));
#9032 = ( GEOMETRIC_REPRESENTATION_CONTEXT(2) 
PARAMETRIC_REPRESENTATION_CONTEXT() REPRESENTATION_CONTEXT('2D SPACE',''
  ) );
#9033 = PCURVE('',#4637,#9034);
#9034 = DEFINITIONAL_REPRESENTATION('',(#9035),#9164);
#9035 = B_SPLINE_CURVE_WITH_KNOTS('',8,(#9036,#9037,#9038,#9039,#9040,
    #9041,#9042,#9043,#9044,#9045,#9046,#9047,#9048,#9049,#9050,#9051,
    #9052,#9053,#9054,#9055,#9056,#9057,#9058,#9059,#9060,#9061,#9062,
    #9063,#9064,#9065,#9066,#9067,#9068,#9069,#9070,#9071,#9072,#9073,
    #9074,#9075,#9076,#9077,#9078,#9079,#9080,#9081,#9082,#9083,#9084,
    #9085,#9086,#9087,#9088,#9089,#9090,#9091,#9092,#9093,#9094,#9095,
    #9096,#9097,#9098,#9099,#9100,#9101,#9102,#9103,#9104,#9105,#9106,
    #9107,#9108,#9109,#9110,#9111,#9112,#9113,#9114,#9115,#9116,#9117,
    #9118,#9119,#9120,#9121,#9122,#9123,#9124,#9125,#9126,#9127,#9128,
    #9129,#9130,#9131,#9132,#9133,#9134,#9135,#9136,#9137,#9138,#9139,
    #9140,#9141,#9142,#9143,#9144,#9145,#9146,#9147,#9148,#9149,#9150,
    #9151,#9152,#9153,#9154,#9155,#9156,#9157,#9158,#9159,#9160,#9161,
    #9162,#9163),.UNSPECIFIED.,.F.,.F.,(9,7,7,7,7,7,7,7,7,7,7,7,7,7,7,7,
    7,7,9),(0.,5.884725090961E-02,0.118953771378,0.219637989065,
    0.318978972092,0.417068048632,0.437012590688,0.514000056739,
    0.538353160798,0.611022271419,0.637412478362,0.705927004249,
    0.7354759002,0.799979884507,0.831535120078,0.894408423124,
    0.924617178262,0.962568698087,1.),.UNSPECIFIED.);
#9036 = CARTESIAN_POINT('',(-0.930820218159,0.));
#9037 = CARTESIAN_POINT('',(-0.938146079462,-0.414492620621));
#9038 = CARTESIAN_POINT('',(-0.945481994269,-0.829486831461));
#9039 = CARTESIAN_POINT('',(-0.952827986986,-1.244981852936));
#9040 = CARTESIAN_POINT('',(-0.96018370635,-1.660983857728));
#9041 = CARTESIAN_POINT('',(-0.967549902739,-2.077480001884));
#9042 = CARTESIAN_POINT('',(-0.974926087263,-2.494478509367));
#9043 = CARTESIAN_POINT('',(-0.982312593706,-2.911973466342));
#9044 = CARTESIAN_POINT('',(-0.997264433287,-3.756902335008));
#9045 = CARTESIAN_POINT('',(-1.00483022291,-4.184357577488));
#9046 = CARTESIAN_POINT('',(-1.012406782162,-4.612330503862));
#9047 = CARTESIAN_POINT('',(-1.019994133085,-5.040820519805));
#9048 = CARTESIAN_POINT('',(-1.027592279138,-5.469827248946));
#9049 = CARTESIAN_POINT('',(-1.03520120601,-5.899350517938));
#9050 = CARTESIAN_POINT('',(-1.042820882444,-6.329390341542));
#9051 = CARTESIAN_POINT('',(-1.063232880989,-7.481170673367));
#9052 = CARTESIAN_POINT('',(-1.076044583779,-8.203843279156));
#9053 = CARTESIAN_POINT('',(-1.088886872916,-8.927955670173));
#9054 = CARTESIAN_POINT('',(-1.101760129508,-9.653500263264));
#9055 = CARTESIAN_POINT('',(-1.114664598578,-10.38047105275));
#9056 = CARTESIAN_POINT('',(-1.127600375358,-11.10886371621));
#9057 = CARTESIAN_POINT('',(-1.140567391594,-11.83867572017));
#9058 = CARTESIAN_POINT('',(-1.166390004808,-13.29138173546));
#9059 = CARTESIAN_POINT('',(-1.179244825508,-14.01423693895));
#9060 = CARTESIAN_POINT('',(-1.192130451243,-14.73846141545));
#9061 = CARTESIAN_POINT('',(-1.205047342953,-15.46404587007));
#9062 = CARTESIAN_POINT('',(-1.21799581796,-16.19098245591));
#9063 = CARTESIAN_POINT('',(-1.230976032719,-16.91926489606));
#9064 = CARTESIAN_POINT('',(-1.243987965559,-17.64888860558));
#9065 = CARTESIAN_POINT('',(-1.26991045844,-19.10160135163));
#9066 = CARTESIAN_POINT('',(-1.282820261699,-19.8246558624));
#9067 = CARTESIAN_POINT('',(-1.2957615222,-20.54900213241));
#9068 = CARTESIAN_POINT('',(-1.308734824364,-21.27462913361));
#9069 = CARTESIAN_POINT('',(-1.321740603286,-22.00152715663));
#9070 = CARTESIAN_POINT('',(-1.334779123986,-22.72968794405));
#9071 = CARTESIAN_POINT('',(-1.347850460667,-23.45910482381));
#9072 = CARTESIAN_POINT('',(-1.363618927436,-24.33834024198));
#9073 = CARTESIAN_POINT('',(-1.366284730706,-24.4869593453));
#9074 = CARTESIAN_POINT('',(-1.368951893636,-24.63563002862));
#9075 = CARTESIAN_POINT('',(-1.371620423848,-24.78435217068));
#9076 = CARTESIAN_POINT('',(-1.374290328726,-24.93312565276));
#9077 = CARTESIAN_POINT('',(-1.376961615412,-25.08195035865));
#9078 = CARTESIAN_POINT('',(-1.379634290811,-25.23082617467));
#9079 = CARTESIAN_POINT('',(-1.39263048042,-25.95462194783));
#9080 = CARTESIAN_POINT('',(-1.402973389127,-26.53025071197));
#9081 = CARTESIAN_POINT('',(-1.413337471765,-27.1066330156));
#9082 = CARTESIAN_POINT('',(-1.423723054248,-27.68376302528));
#9083 = CARTESIAN_POINT('',(-1.434130396508,-28.26163538279));
#9084 = CARTESIAN_POINT('',(-1.444559684653,-28.8402452474));
#9085 = CARTESIAN_POINT('',(-1.455011023124,-29.41958833806));
#9086 = CARTESIAN_POINT('',(-1.46879743225,-30.18315278315));
#9087 = CARTESIAN_POINT('',(-1.472112645272,-30.36671757984));
#9088 = CARTESIAN_POINT('',(-1.475430085615,-30.55035510726));
#9089 = CARTESIAN_POINT('',(-1.478749772451,-30.73406511236));
#9090 = CARTESIAN_POINT('',(-1.482071724425,-30.91784734744));
#9091 = CARTESIAN_POINT('',(-1.485395959655,-31.10170157017));
#9092 = CARTESIAN_POINT('',(-1.488722495734,-31.28562754359));
#9093 = CARTESIAN_POINT('',(-1.501984574603,-32.01866938397));
#9094 = CARTESIAN_POINT('',(-1.511938436448,-32.56835047267));
#9095 = CARTESIAN_POINT('',(-1.521913390136,-33.11866224815));
#9096 = CARTESIAN_POINT('',(-1.531909841854,-33.66959897891));
#9097 = CARTESIAN_POINT('',(-1.541928143408,-34.22115528598));
#9098 = CARTESIAN_POINT('',(-1.551968586525,-34.77332617295));
#9099 = CARTESIAN_POINT('',(-1.562031397162,-35.32610705597));
#9100 = CARTESIAN_POINT('',(-1.575779276561,-36.08045938159));
#9101 = CARTESIAN_POINT('',(-1.579444797945,-36.28150483163));
#9102 = CARTESIAN_POINT('',(-1.58311333036,-36.48262977297));
#9103 = CARTESIAN_POINT('',(-1.586784909632,-36.68383384162));
#9104 = CARTESIAN_POINT('',(-1.59045957101,-36.88511668058));
#9105 = CARTESIAN_POINT('',(-1.594137349162,-37.08647793979));
#9106 = CARTESIAN_POINT('',(-1.59781827818,-37.28791727615));
#9107 = CARTESIAN_POINT('',(-1.611067124555,-38.01261505642));
#9108 = CARTESIAN_POINT('',(-1.620653319778,-38.53631969408));
#9109 = CARTESIAN_POINT('',(-1.630261563928,-39.06054247024));
#9110 = CARTESIAN_POINT('',(-1.639892412532,-39.58527781278));
#9111 = CARTESIAN_POINT('',(-1.649546385342,-40.11052040112));
#9112 = CARTESIAN_POINT('',(-1.659223961711,-40.63626519361));
#9113 = CARTESIAN_POINT('',(-1.668925575976,-41.16250745485));
#9114 = CARTESIAN_POINT('',(-1.68284625109,-41.91641282048));
#9115 = CARTESIAN_POINT('',(-1.687045435173,-42.14367453928));
#9116 = CARTESIAN_POINT('',(-1.691249244588,-42.37102735718));
#9117 = CARTESIAN_POINT('',(-1.695457758721,-42.59847070199));
#9118 = CARTESIAN_POINT('',(-1.699671056836,-42.82600401158));
#9119 = CARTESIAN_POINT('',(-1.703889218081,-43.05362673393));
#9120 = CARTESIAN_POINT('',(-1.708112321482,-43.28133832707));
#9121 = CARTESIAN_POINT('',(-1.721570261998,-44.00641583155));
#9122 = CARTESIAN_POINT('',(-1.730824002647,-44.5041143379));
#9123 = CARTESIAN_POINT('',(-1.740102491694,-45.00222826681));
#9124 = CARTESIAN_POINT('',(-1.749406544936,-45.50075230328));
#9125 = CARTESIAN_POINT('',(-1.758736970161,-45.99968132865));
#9126 = CARTESIAN_POINT('',(-1.768094567151,-46.49901042066));
#9127 = CARTESIAN_POINT('',(-1.777480127682,-46.9987348534));
#9128 = CARTESIAN_POINT('',(-1.791499898347,-47.74350559428));
#9129 = CARTESIAN_POINT('',(-1.796112240138,-47.98825460903));
#9130 = CARTESIAN_POINT('',(-1.800731623592,-48.23309635697));
#9131 = CARTESIAN_POINT('',(-1.805358214188,-48.47803006505));
#9132 = CARTESIAN_POINT('',(-1.809992180198,-48.72305497184));
#9133 = CARTESIAN_POINT('',(-1.814633692681,-48.96817032751));
#9134 = CARTESIAN_POINT('',(-1.819282925486,-49.21337539381));
#9135 = CARTESIAN_POINT('',(-1.83321931195,-49.94741392286));
#9136 = CARTESIAN_POINT('',(-1.842529928192,-50.43651163778));
#9137 = CARTESIAN_POINT('',(-1.85187328773,-50.92595686369));
#9138 = CARTESIAN_POINT('',(-1.861250837291,-51.41574402142));
#9139 = CARTESIAN_POINT('',(-1.870664086576,-51.90586767786));
#9140 = CARTESIAN_POINT('',(-1.880114608259,-52.39632254595));
#9141 = CARTESIAN_POINT('',(-1.88960403799,-52.88710348465));
#9142 = CARTESIAN_POINT('',(-1.903712973895,-53.614165434));
#9143 = CARTESIAN_POINT('',(-1.908301260618,-53.8501994528));
#9144 = CARTESIAN_POINT('',(-1.912899201394,-54.086306798));
#9145 = CARTESIAN_POINT('',(-1.917507072627,-54.32248671985));
#9146 = CARTESIAN_POINT('',(-1.922125160291,-54.55873847626));
#9147 = CARTESIAN_POINT('',(-1.926753759929,-54.79506133283));
#9148 = CARTESIAN_POINT('',(-1.931393176653,-55.0314545628));
#9149 = CARTESIAN_POINT('',(-1.941886249356,-55.56498780963));
#9150 = CARTESIAN_POINT('',(-1.947746347254,-55.86216810403));
#9151 = CARTESIAN_POINT('',(-1.953624639342,-56.15945690598));
#9152 = CARTESIAN_POINT('',(-1.959521779679,-56.45685280534));
#9153 = CARTESIAN_POINT('',(-1.965438455877,-56.75435440623));
#9154 = CARTESIAN_POINT('',(-1.971375389101,-57.05196032694));
#9155 = CARTESIAN_POINT('',(-1.977333334075,-57.34966920002));
#9156 = CARTESIAN_POINT('',(-1.989210857118,-57.94120792727));
#9157 = CARTESIAN_POINT('',(-1.995129869299,-58.23503500795));
#9158 = CARTESIAN_POINT('',(-2.001070743731,-58.52895981885));
#9159 = CARTESIAN_POINT('',(-2.007034586658,-58.82298050836));
#9160 = CARTESIAN_POINT('',(-2.013021972045,-59.11709626252));
#9161 = CARTESIAN_POINT('',(-2.019033627555,-59.41130611661));
#9162 = CARTESIAN_POINT('',(-2.025071060208,-59.70560784627));
#9163 = CARTESIAN_POINT('',(-2.031135365077,-60.));
#9164 = ( GEOMETRIC_REPRESENTATION_CONTEXT(2) 
PARAMETRIC_REPRESENTATION_CONTEXT() REPRESENTATION_CONTEXT('2D SPACE',''
  ) );
#9165 = ORIENTED_EDGE('',*,*,#4649,.F.);
#9166 = ORIENTED_EDGE('',*,*,#8731,.T.);
#9167 = ORIENTED_EDGE('',*,*,#5447,.T.);
#9168 = ADVANCED_FACE('',(#9169),#4637,.T.);
#9169 = FACE_BOUND('',#9170,.T.);
#9170 = EDGE_LOOP('',(#9171,#9172,#9173,#9569));
#9171 = ORIENTED_EDGE('',*,*,#8770,.F.);
#9172 = ORIENTED_EDGE('',*,*,#4620,.T.);
#9173 = ORIENTED_EDGE('',*,*,#9174,.T.);
#9174 = EDGE_CURVE('',#4561,#5477,#9175,.T.);
#9175 = SURFACE_CURVE('',#9176,(#9305,#9437),.PCURVE_S1.);
#9176 = B_SPLINE_CURVE_WITH_KNOTS('',8,(#9177,#9178,#9179,#9180,#9181,
    #9182,#9183,#9184,#9185,#9186,#9187,#9188,#9189,#9190,#9191,#9192,
    #9193,#9194,#9195,#9196,#9197,#9198,#9199,#9200,#9201,#9202,#9203,
    #9204,#9205,#9206,#9207,#9208,#9209,#9210,#9211,#9212,#9213,#9214,
    #9215,#9216,#9217,#9218,#9219,#9220,#9221,#9222,#9223,#9224,#9225,
    #9226,#9227,#9228,#9229,#9230,#9231,#9232,#9233,#9234,#9235,#9236,
    #9237,#9238,#9239,#9240,#9241,#9242,#9243,#9244,#9245,#9246,#9247,
    #9248,#9249,#9250,#9251,#9252,#9253,#9254,#9255,#9256,#9257,#9258,
    #9259,#9260,#9261,#9262,#9263,#9264,#9265,#9266,#9267,#9268,#9269,
    #9270,#9271,#9272,#9273,#9274,#9275,#9276,#9277,#9278,#9279,#9280,
    #9281,#9282,#9283,#9284,#9285,#9286,#9287,#9288,#9289,#9290,#9291,
    #9292,#9293,#9294,#9295,#9296,#9297,#9298,#9299,#9300,#9301,#9302,
    #9303,#9304),.UNSPECIFIED.,.F.,.F.,(9,7,7,7,7,7,7,7,7,7,7,7,7,7,7,7,
    7,7,9),(0.,5.894428045289E-02,0.117914823584,0.219940961659,
    0.319364134157,0.33719198178,0.417499466896,0.439792890546,
    0.514442644745,0.611441628632,0.64010983568,0.706290795913,
    0.736949820681,0.800257622668,0.832901480979,0.894570331051,
    0.925852113297,0.962629825944,1.),.UNSPECIFIED.);
#9177 = CARTESIAN_POINT('',(-9.500736906037,49.089061900206,
    2.23366299002E-16));
#9178 = CARTESIAN_POINT('',(-9.805408636398,48.783844765476,
    0.414453149698));
#9179 = CARTESIAN_POINT('',(-10.10596618547,48.476150183372,
    0.829418970932));
#9180 = CARTESIAN_POINT('',(-10.40237363772,48.166031770722,
    1.244896781268));
#9181 = CARTESIAN_POINT('',(-10.69457685828,47.85354432402,1.66089278414
    ));
#9182 = CARTESIAN_POINT('',(-10.98257855059,47.538742522624,
    2.077394377759));
#9183 = CARTESIAN_POINT('',(-11.26631867207,47.221682470943,
    2.494409786493));
#9184 = CARTESIAN_POINT('',(-11.54578012582,46.902420703881,
    2.911933256507));
#9185 = CARTESIAN_POINT('',(-12.09619623792,46.259465316348,
    3.748184208122));
#9186 = CARTESIAN_POINT('',(-12.36714772471,45.935769798167,
    4.166911975439));
#9187 = CARTESIAN_POINT('',(-12.63374967619,45.609985412252,
    4.586148246872));
#9188 = CARTESIAN_POINT('',(-12.89597051323,45.282170416799,
    5.005892551958));
#9189 = CARTESIAN_POINT('',(-13.15377874765,44.952383972904,
    5.426144609815));
#9190 = CARTESIAN_POINT('',(-13.40714298227,44.620686144569,
    5.846904329148));
#9191 = CARTESIAN_POINT('',(-13.65603191086,44.287137898697,
    6.268171808242));
#9192 = CARTESIAN_POINT('',(-14.32322529984,43.371628086678,
    7.419669766566));
#9193 = CARTESIAN_POINT('',(-14.73254751012,42.786101651718,
    8.150912419392));
#9194 = CARTESIAN_POINT('',(-15.1282561944,42.195537418759,
    8.883666405259));
#9195 = CARTESIAN_POINT('',(-15.51022715146,41.600257213966,
    9.617924336299));
#9196 = CARTESIAN_POINT('',(-15.87833725287,41.000589674823,
    10.353680434979));
#9197 = CARTESIAN_POINT('',(-16.23246496236,40.396870853837,
    11.090930644106));
#9198 = CARTESIAN_POINT('',(-16.57249085517,39.78944482224,
    11.829672736843));
#9199 = CARTESIAN_POINT('',(-17.21579318572,38.583466405944,
    13.291254732416));
#9200 = CARTESIAN_POINT('',(-17.51978795887,37.985082889051,
    14.014018266604));
#9201 = CARTESIAN_POINT('',(-17.81020961219,37.383831042095,
    14.738186949164));
#9202 = CARTESIAN_POINT('',(-18.08698663761,36.780033615809,
    15.463751978485));
#9203 = CARTESIAN_POINT('',(-18.35004935408,36.174019317937,
    16.190705948204));
#9204 = CARTESIAN_POINT('',(-18.59933039798,35.566123338604,
    16.919042963945));
#9205 = CARTESIAN_POINT('',(-18.83476521356,34.956687875674,
    17.648758760064));
#9206 = CARTESIAN_POINT('',(-19.0960152295,34.236569741876,
    18.510944981368));
#9207 = CARTESIAN_POINT('',(-19.13529079771,34.127038558133,
    18.642083372596));
#9208 = CARTESIAN_POINT('',(-19.17411910384,34.017471047253,
    18.773265917433));
#9209 = CARTESIAN_POINT('',(-19.21250000639,33.907869152672,
    18.904492544845));
#9210 = CARTESIAN_POINT('',(-19.25043336648,33.798234822903,
    19.035763185407));
#9211 = CARTESIAN_POINT('',(-19.28791904784,33.68857001153,19.1670777713
    ));
#9212 = CARTESIAN_POINT('',(-19.32495691685,33.578876677211,
    19.298436236311));
#9213 = CARTESIAN_POINT('',(-19.52637015531,32.97491154985,
    20.021754423494));
#9214 = CARTESIAN_POINT('',(-19.68210398332,32.480127484268,
    20.614559292175));
#9215 = CARTESIAN_POINT('',(-19.8287364432,31.984983963428,
    21.208247361591));
#9216 = CARTESIAN_POINT('',(-19.96625665777,31.48966271069,
    21.802813390599));
#9217 = CARTESIAN_POINT('',(-20.09465495779,30.994347966455,
    22.398252700011));
#9218 = CARTESIAN_POINT('',(-20.21392308382,30.499226658346,
    22.994561215413));
#9219 = CARTESIAN_POINT('',(-20.32405438803,30.004488571386,
    23.591735509981));
#9220 = CARTESIAN_POINT('',(-20.45307884515,29.373146727422,
    24.355788502006));
#9221 = CARTESIAN_POINT('',(-20.48040921917,29.236011313628,
    24.521870644243));
#9222 = CARTESIAN_POINT('',(-20.50703547107,29.098924189337,
    24.688019106192));
#9223 = CARTESIAN_POINT('',(-20.53295792177,28.961889278121,
    24.854233723798));
#9224 = CARTESIAN_POINT('',(-20.55817690021,28.824910514586,
    25.020514336774));
#9225 = CARTESIAN_POINT('',(-20.58269274337,28.687991844364,
    25.186860788598));
#9226 = CARTESIAN_POINT('',(-20.60650579626,28.55113722412,
    25.353272926514));
#9227 = CARTESIAN_POINT('',(-20.70700254168,27.956319301622,
    26.07720277733));
#9228 = CARTESIAN_POINT('',(-20.77651256533,27.499050706805,
    26.635389707116));
#9229 = CARTESIAN_POINT('',(-20.83815978958,27.042693727891,
    27.194305911647));
#9230 = CARTESIAN_POINT('',(-20.89195852625,26.587398860292,
    27.753946266547));
#9231 = CARTESIAN_POINT('',(-20.93792424381,26.133318314641,
    28.314306035411));
#9232 = CARTESIAN_POINT('',(-20.97607371907,25.680606127376,
    28.875380902922));
#9233 = CARTESIAN_POINT('',(-21.00642518876,25.229418271342,
    29.437167007959));
#9234 = CARTESIAN_POINT('',(-21.05832998913,24.195830773079,
    30.730558807481));
#9235 = CARTESIAN_POINT('',(-21.07452870216,23.614589709249,
    31.462651311229));
#9236 = CARTESIAN_POINT('',(-21.07767247126,23.036513391411,
    32.19592296369));
#9237 = CARTESIAN_POINT('',(-21.0678420034,22.461929108792,
    32.930359113182));
#9238 = CARTESIAN_POINT('',(-21.04512146406,21.891167990206,
    33.665946116346));
#9239 = CARTESIAN_POINT('',(-21.00959905972,21.324565370938,
    34.402671473907));
#9240 = CARTESIAN_POINT('',(-20.96136762029,20.762461159618,
    35.140523966418));
#9241 = CARTESIAN_POINT('',(-20.88254310026,20.040500825958,
    36.097897520193));
#9242 = CARTESIAN_POINT('',(-20.86345957355,19.876224427195,
    36.316398783897));
#9243 = CARTESIAN_POINT('',(-20.84327799212,19.712379196048,
    36.534997111886));
#9244 = CARTESIAN_POINT('',(-20.82200177389,19.548973339214,
    36.753692043855));
#9245 = CARTESIAN_POINT('',(-20.7996343641,19.386015082845,
    36.972483128436));
#9246 = CARTESIAN_POINT('',(-20.77617923532,19.223512672549,
    37.191369923193));
#9247 = CARTESIAN_POINT('',(-20.75163988748,19.061474373392,
    37.410351994622));
#9248 = CARTESIAN_POINT('',(-20.66687562504,18.526931303363,
    38.135171085441));
#9249 = CARTESIAN_POINT('',(-20.60197224543,18.156471739276,
    38.641418706219));
#9250 = CARTESIAN_POINT('',(-20.53135293695,17.788631580456,
    39.148166590141));
#9251 = CARTESIAN_POINT('',(-20.45506194662,17.423513426353,
    39.655409753679));
#9252 = CARTESIAN_POINT('',(-20.37314454061,17.061220673049,
    40.163143420121));
#9253 = CARTESIAN_POINT('',(-20.28564700417,16.701857513256,
    40.671363019578));
#9254 = CARTESIAN_POINT('',(-20.19261664167,16.345528936317,
    41.180064188979));
#9255 = CARTESIAN_POINT('',(-20.04846373085,15.828722582111,
    41.925125097371));
#9256 = CARTESIAN_POINT('',(-20.00164874983,15.665778339615,
    42.161109853552));
#9257 = CARTESIAN_POINT('',(-19.95366265916,15.503517478986,
    42.397196394954));
#9258 = CARTESIAN_POINT('',(-19.90451131997,15.341949495088,
    42.633384086377));
#9259 = CARTESIAN_POINT('',(-19.85420062888,15.181083899385,
    42.869672303085));
#9260 = CARTESIAN_POINT('',(-19.80273651799,15.020930219935,
    43.106060430806));
#9261 = CARTESIAN_POINT('',(-19.75012495489,14.861498001397,
    43.342547865727));
#9262 = CARTESIAN_POINT('',(-19.58537737968,14.375094799143,
    44.067660612228));
#9263 = CARTESIAN_POINT('',(-19.46951598586,14.050509808499,
    44.556608070957));
#9264 = CARTESIAN_POINT('',(-19.34884048442,13.72912593158,
    45.045971197719));
#9265 = CARTESIAN_POINT('',(-19.22340445582,13.411027762329,
    45.535744942234));
#9266 = CARTESIAN_POINT('',(-19.09326233774,13.096300390143,
    46.025924396904));
#9267 = CARTESIAN_POINT('',(-18.95846942509,12.785029399877,
    46.516504796821));
#9268 = CARTESIAN_POINT('',(-18.81908186999,12.477300871842,
    47.007481519763));
#9269 = CARTESIAN_POINT('',(-18.6009434995,12.016396369566,
    47.752218002275));
#9270 = CARTESIAN_POINT('',(-18.52552386625,11.86055627755,
    48.005690090845));
#9271 = CARTESIAN_POINT('',(-18.4489067415,11.705691522805,
    48.259265486228));
#9272 = CARTESIAN_POINT('',(-18.37110112533,11.551812532138,
    48.512943334108));
#9273 = CARTESIAN_POINT('',(-18.29211605846,11.398929742113,
    48.766722791527));
#9274 = CARTESIAN_POINT('',(-18.21196062223,11.247053599054,
    49.020603026887));
#9275 = CARTESIAN_POINT('',(-18.13064393864,11.09619455904,
    49.27458321995));
#9276 = CARTESIAN_POINT('',(-17.89238004153,10.663310317574,
    50.008654255583));
#9277 = CARTESIAN_POINT('',(-17.73247337651,10.383924842892,
    50.488999757592));
#9278 = CARTESIAN_POINT('',(-17.56851684071,10.108277182951,
    50.9696936483));
#9279 = CARTESIAN_POINT('',(-17.40057280756,9.836438138512,
    51.45073059787));
#9280 = CARTESIAN_POINT('',(-17.22870435848,9.568478792002,
    51.932105366197));
#9281 = CARTESIAN_POINT('',(-17.05297528287,9.304470507521,
    52.413812802906));
#9282 = CARTESIAN_POINT('',(-16.87345007808,9.044484930834,
    52.895847847353));
#9283 = CARTESIAN_POINT('',(-16.59723651142,8.658792238577,
    53.622883480824));
#9284 = CARTESIAN_POINT('',(-16.50331921827,8.530043891309,
    53.86764441281));
#9285 = CARTESIAN_POINT('',(-16.40845147692,8.402356892192,
    54.112487485582));
#9286 = CARTESIAN_POINT('',(-16.31264271804,8.275739185038,
    54.357411867078));
#9287 = CARTESIAN_POINT('',(-16.21590239613,8.150198712853,
    54.602416732171));
#9288 = CARTESIAN_POINT('',(-16.11823998948,8.025743417839,
    54.84750126267));
#9289 = CARTESIAN_POINT('',(-16.01966500018,7.902381241394,
    55.092664647322));
#9290 = CARTESIAN_POINT('',(-15.80323150181,7.636378817945,
    55.626234251071));
#9291 = CARTESIAN_POINT('',(-15.68502780587,7.494159458249,
    55.914670299386));
#9292 = CARTESIAN_POINT('',(-15.56559134501,7.353474948446,
    56.203212921532));
#9293 = CARTESIAN_POINT('',(-15.4449376555,7.214338206488,
    56.491860818864));
#9294 = CARTESIAN_POINT('',(-15.32308233126,7.076762164848,
    56.780612699313));
#9295 = CARTESIAN_POINT('',(-15.20004102381,6.940759770528,
    57.069467277386));
#9296 = CARTESIAN_POINT('',(-15.07582944224,6.806343985051,
    57.358423274166));
#9297 = CARTESIAN_POINT('',(-14.82307771056,6.538572014352,
    57.941192038453));
#9298 = CARTESIAN_POINT('',(-14.69450020791,6.405267429182,
    58.235008064276));
#9299 = CARTESIAN_POINT('',(-14.56474650619,6.273629595839,
    58.528926295655));
#9300 = CARTESIAN_POINT('',(-14.43383528971,6.14366777488,
    58.822944978864));
#9301 = CARTESIAN_POINT('',(-14.301781387,6.015399578316,59.117063115179
    ));
#9302 = CARTESIAN_POINT('',(-14.16860047384,5.888841032537,
    59.411279596843));
#9303 = CARTESIAN_POINT('',(-14.03431323643,5.763997680966,
    59.705592391848));
#9304 = CARTESIAN_POINT('',(-13.89893687259,5.640882361079,60.));
#9305 = PCURVE('',#4637,#9306);
#9306 = DEFINITIONAL_REPRESENTATION('',(#9307),#9436);
#9307 = B_SPLINE_CURVE_WITH_KNOTS('',8,(#9308,#9309,#9310,#9311,#9312,
    #9313,#9314,#9315,#9316,#9317,#9318,#9319,#9320,#9321,#9322,#9323,
    #9324,#9325,#9326,#9327,#9328,#9329,#9330,#9331,#9332,#9333,#9334,
    #9335,#9336,#9337,#9338,#9339,#9340,#9341,#9342,#9343,#9344,#9345,
    #9346,#9347,#9348,#9349,#9350,#9351,#9352,#9353,#9354,#9355,#9356,
    #9357,#9358,#9359,#9360,#9361,#9362,#9363,#9364,#9365,#9366,#9367,
    #9368,#9369,#9370,#9371,#9372,#9373,#9374,#9375,#9376,#9377,#9378,
    #9379,#9380,#9381,#9382,#9383,#9384,#9385,#9386,#9387,#9388,#9389,
    #9390,#9391,#9392,#9393,#9394,#9395,#9396,#9397,#9398,#9399,#9400,
    #9401,#9402,#9403,#9404,#9405,#9406,#9407,#9408,#9409,#9410,#9411,
    #9412,#9413,#9414,#9415,#9416,#9417,#9418,#9419,#9420,#9421,#9422,
    #9423,#9424,#9425,#9426,#9427,#9428,#9429,#9430,#9431,#9432,#9433,
    #9434,#9435),.UNSPECIFIED.,.F.,.F.,(9,7,7,7,7,7,7,7,7,7,7,7,7,7,7,7,
    7,7,9),(0.,5.894428045289E-02,0.117914823584,0.219940961659,
    0.319364134157,0.33719198178,0.417499466896,0.439792890546,
    0.514442644745,0.611441628632,0.64010983568,0.706290795913,
    0.736949820681,0.800257622668,0.832901480979,0.894570331051,
    0.925852113297,0.962629825944,1.),.UNSPECIFIED.);
#9308 = CARTESIAN_POINT('',(-1.761973484918,0.));
#9309 = CARTESIAN_POINT('',(-1.769115819769,-0.414453149705));
#9310 = CARTESIAN_POINT('',(-1.776265722643,-0.829418970911));
#9311 = CARTESIAN_POINT('',(-1.783423158496,-1.244896781301));
#9312 = CARTESIAN_POINT('',(-1.790587709089,-1.660892784109));
#9313 = CARTESIAN_POINT('',(-1.797760070608,-2.077394377776));
#9314 = CARTESIAN_POINT('',(-1.804939680917,-2.494409786489));
#9315 = CARTESIAN_POINT('',(-1.812126809115,-2.911933256507));
#9316 = CARTESIAN_POINT('',(-1.826519061293,-3.748184208122));
#9317 = CARTESIAN_POINT('',(-1.833724203653,-4.166911975439));
#9318 = CARTESIAN_POINT('',(-1.840936726753,-4.586148246872));
#9319 = CARTESIAN_POINT('',(-1.848156577761,-5.005892551958));
#9320 = CARTESIAN_POINT('',(-1.855383683785,-5.426144609815));
#9321 = CARTESIAN_POINT('',(-1.862617951871,-5.846904329148));
#9322 = CARTESIAN_POINT('',(-1.869859269003,-6.268171808242));
#9323 = CARTESIAN_POINT('',(-1.889647817861,-7.419669766566));
#9324 = CARTESIAN_POINT('',(-1.902208844132,-8.150912419392));
#9325 = CARTESIAN_POINT('',(-1.914790667509,-8.883666405259));
#9326 = CARTESIAN_POINT('',(-1.927393216264,-9.617924336299));
#9327 = CARTESIAN_POINT('',(-1.940016241481,-10.35368043497));
#9328 = CARTESIAN_POINT('',(-1.952659298181,-11.0909306441));
#9329 = CARTESIAN_POINT('',(-1.965321726452,-11.82967273684));
#9330 = CARTESIAN_POINT('',(-1.990360014138,-13.29125473241));
#9331 = CARTESIAN_POINT('',(-2.002734988708,-14.0140182666));
#9332 = CARTESIAN_POINT('',(-2.01512756494,-14.73818694916));
#9333 = CARTESIAN_POINT('',(-2.027537583555,-15.46375197848));
#9334 = CARTESIAN_POINT('',(-2.039964693957,-16.1907059482));
#9335 = CARTESIAN_POINT('',(-2.052408330848,-16.91904296394));
#9336 = CARTESIAN_POINT('',(-2.064867690839,-17.64875876006));
#9337 = CARTESIAN_POINT('',(-2.079578460225,-18.51094498136));
#9338 = CARTESIAN_POINT('',(-2.081815683904,-18.64208337259));
#9339 = CARTESIAN_POINT('',(-2.084053379573,-18.77326591743));
#9340 = CARTESIAN_POINT('',(-2.086291546485,-18.90449254484));
#9341 = CARTESIAN_POINT('',(-2.088530183677,-19.0357631854));
#9342 = CARTESIAN_POINT('',(-2.090769289972,-19.1670777713));
#9343 = CARTESIAN_POINT('',(-2.093008863977,-19.29843623631));
#9344 = CARTESIAN_POINT('',(-2.105339409197,-20.02175442349));
#9345 = CARTESIAN_POINT('',(-2.115439370538,-20.61455929217));
#9346 = CARTESIAN_POINT('',(-2.125548642023,-21.20824736159));
#9347 = CARTESIAN_POINT('',(-2.13566698302,-21.80281339059));
#9348 = CARTESIAN_POINT('',(-2.145794046824,-22.39825270001));
#9349 = CARTESIAN_POINT('',(-2.15592936914,-22.99456121541));
#9350 = CARTESIAN_POINT('',(-2.166072356552,-23.59173550998));
#9351 = CARTESIAN_POINT('',(-2.179039900685,-24.355788502));
#9352 = CARTESIAN_POINT('',(-2.181858061578,-24.52187064424));
#9353 = CARTESIAN_POINT('',(-2.184676754897,-24.68801910619));
#9354 = CARTESIAN_POINT('',(-2.187495977193,-24.85423372379));
#9355 = CARTESIAN_POINT('',(-2.190315724364,-25.02051433677));
#9356 = CARTESIAN_POINT('',(-2.193135991646,-25.18686078859));
#9357 = CARTESIAN_POINT('',(-2.195956773621,-25.35327292651));
#9358 = CARTESIAN_POINT('',(-2.208225184251,-26.07720277733));
#9359 = CARTESIAN_POINT('',(-2.217678005843,-26.63538970711));
#9360 = CARTESIAN_POINT('',(-2.227136300059,-27.19430591164));
#9361 = CARTESIAN_POINT('',(-2.236599749226,-27.75394626654));
#9362 = CARTESIAN_POINT('',(-2.246067935455,-28.31430603541));
#9363 = CARTESIAN_POINT('',(-2.255540329158,-28.87538090292));
#9364 = CARTESIAN_POINT('',(-2.265016277569,-29.43716700795));
#9365 = CARTESIAN_POINT('',(-2.286811521314,-30.73055880748));
#9366 = CARTESIAN_POINT('',(-2.299132713933,-31.46265131122));
#9367 = CARTESIAN_POINT('',(-2.311458087754,-32.19592296369));
#9368 = CARTESIAN_POINT('',(-2.323786885253,-32.93035911318));
#9369 = CARTESIAN_POINT('',(-2.336118018275,-33.66594611634));
#9370 = CARTESIAN_POINT('',(-2.348450011551,-34.4026714739));
#9371 = CARTESIAN_POINT('',(-2.360780946218,-35.14052396641));
#9372 = CARTESIAN_POINT('',(-2.37675180329,-36.09789752019));
#9373 = CARTESIAN_POINT('',(-2.380394904251,-36.31639878389));
#9374 = CARTESIAN_POINT('',(-2.38403768208,-36.53499711188));
#9375 = CARTESIAN_POINT('',(-2.38768010949,-36.75369204385));
#9376 = CARTESIAN_POINT('',(-2.391322156041,-36.97248312843));
#9377 = CARTESIAN_POINT('',(-2.394963788145,-37.19136992319));
#9378 = CARTESIAN_POINT('',(-2.398604969068,-37.41035199462));
#9379 = CARTESIAN_POINT('',(-2.410650242794,-38.13517108544));
#9380 = CARTESIAN_POINT('',(-2.419052193872,-38.64141870621));
#9381 = CARTESIAN_POINT('',(-2.427451045947,-39.14816659014));
#9382 = CARTESIAN_POINT('',(-2.435846205918,-39.65540975367));
#9383 = CARTESIAN_POINT('',(-2.444236953792,-40.16314342012));
#9384 = CARTESIAN_POINT('',(-2.452622442685,-40.67136301957));
#9385 = CARTESIAN_POINT('',(-2.461001698824,-41.18006418897));
#9386 = CARTESIAN_POINT('',(-2.473252002652,-41.92512509737));
#9387 = CARTESIAN_POINT('',(-2.477128810011,-42.16110985355));
#9388 = CARTESIAN_POINT('',(-2.481003988045,-42.39719639495));
#9389 = CARTESIAN_POINT('',(-2.484877475194,-42.63338408637));
#9390 = CARTESIAN_POINT('',(-2.488749203916,-42.86967230308));
#9391 = CARTESIAN_POINT('',(-2.492619100683,-43.1060604308));
#9392 = CARTESIAN_POINT('',(-2.496487085984,-43.34254786572));
#9393 = CARTESIAN_POINT('',(-2.50833595134,-44.06766061222));
#9394 = CARTESIAN_POINT('',(-2.516310291784,-44.55660807095));
#9395 = CARTESIAN_POINT('',(-2.524275375219,-45.04597119771));
#9396 = CARTESIAN_POINT('',(-2.532230320925,-45.53574494223));
#9397 = CARTESIAN_POINT('',(-2.540174087897,-46.0259243969));
#9398 = CARTESIAN_POINT('',(-2.548105474848,-46.51650479682));
#9399 = CARTESIAN_POINT('',(-2.556023120204,-47.00748151976));
#9400 = CARTESIAN_POINT('',(-2.568000264254,-47.75221800227));
#9401 = CARTESIAN_POINT('',(-2.572070961041,-48.00569009084));
#9402 = CARTESIAN_POINT('',(-2.576137461902,-48.25926548622));
#9403 = CARTESIAN_POINT('',(-2.580199623689,-48.5129433341));
#9404 = CARTESIAN_POINT('',(-2.584257290675,-48.76672279152));
#9405 = CARTESIAN_POINT('',(-2.588310294548,-49.02060302688));
#9406 = CARTESIAN_POINT('',(-2.592358454415,-49.27458321995));
#9407 = CARTESIAN_POINT('',(-2.604039604936,-50.00865425558));
#9408 = CARTESIAN_POINT('',(-2.611659617138,-50.48899975759));
#9409 = CARTESIAN_POINT('',(-2.619260362704,-50.9696936483));
#9410 = CARTESIAN_POINT('',(-2.626840341685,-51.45073059787));
#9411 = CARTESIAN_POINT('',(-2.634397804891,-51.93210536619));
#9412 = CARTESIAN_POINT('',(-2.641930753888,-52.4138128029));
#9413 = CARTESIAN_POINT('',(-2.649436940998,-52.89584784735));
#9414 = CARTESIAN_POINT('',(-2.660706572467,-53.62288348082));
#9415 = CARTESIAN_POINT('',(-2.664491747252,-53.86764441281));
#9416 = CARTESIAN_POINT('',(-2.668269150692,-54.11248748558));
#9417 = CARTESIAN_POINT('',(-2.672038519286,-54.35741186707));
#9418 = CARTESIAN_POINT('',(-2.675799568992,-54.60241673217));
#9419 = CARTESIAN_POINT('',(-2.679551995231,-54.84750126267));
#9420 = CARTESIAN_POINT('',(-2.683295472884,-55.09266464732));
#9421 = CARTESIAN_POINT('',(-2.691419902448,-55.62623425107));
#9422 = CARTESIAN_POINT('',(-2.695797293593,-55.91467029938));
#9423 = CARTESIAN_POINT('',(-2.700161273206,-56.20321292153));
#9424 = CARTESIAN_POINT('',(-2.704511227995,-56.49186081886));
#9425 = CARTESIAN_POINT('',(-2.708846487897,-56.78061269931));
#9426 = CARTESIAN_POINT('',(-2.713166326077,-57.06946727738));
#9427 = CARTESIAN_POINT('',(-2.717469958929,-57.35842327416));
#9428 = CARTESIAN_POINT('',(-2.72611218693,-57.94119203845));
#9429 = CARTESIAN_POINT('',(-2.730450247405,-58.23500806427));
#9430 = CARTESIAN_POINT('',(-2.734769692165,-58.52892629565));
#9431 = CARTESIAN_POINT('',(-2.739069870015,-58.82294497886));
#9432 = CARTESIAN_POINT('',(-2.743349447356,-59.11706311518));
#9433 = CARTESIAN_POINT('',(-2.747607109441,-59.41127959684));
#9434 = CARTESIAN_POINT('',(-2.751842196321,-59.70559239184));
#9435 = CARTESIAN_POINT('',(-2.756053440393,-60.));
#9436 = ( GEOMETRIC_REPRESENTATION_CONTEXT(2) 
PARAMETRIC_REPRESENTATION_CONTEXT() REPRESENTATION_CONTEXT('2D SPACE',''
  ) );
#9437 = PCURVE('',#4580,#9438);
#9438 = DEFINITIONAL_REPRESENTATION('',(#9439),#9568);
#9439 = B_SPLINE_CURVE_WITH_KNOTS('',8,(#9440,#9441,#9442,#9443,#9444,
    #9445,#9446,#9447,#9448,#9449,#9450,#9451,#9452,#9453,#9454,#9455,
    #9456,#9457,#9458,#9459,#9460,#9461,#9462,#9463,#9464,#9465,#9466,
    #9467,#9468,#9469,#9470,#9471,#9472,#9473,#9474,#9475,#9476,#9477,
    #9478,#9479,#9480,#9481,#9482,#9483,#9484,#9485,#9486,#9487,#9488,
    #9489,#9490,#9491,#9492,#9493,#9494,#9495,#9496,#9497,#9498,#9499,
    #9500,#9501,#9502,#9503,#9504,#9505,#9506,#9507,#9508,#9509,#9510,
    #9511,#9512,#9513,#9514,#9515,#9516,#9517,#9518,#9519,#9520,#9521,
    #9522,#9523,#9524,#9525,#9526,#9527,#9528,#9529,#9530,#9531,#9532,
    #9533,#9534,#9535,#9536,#9537,#9538,#9539,#9540,#9541,#9542,#9543,
    #9544,#9545,#9546,#9547,#9548,#9549,#9550,#9551,#9552,#9553,#9554,
    #9555,#9556,#9557,#9558,#9559,#9560,#9561,#9562,#9563,#9564,#9565,
    #9566,#9567),.UNSPECIFIED.,.F.,.F.,(9,7,7,7,7,7,7,7,7,7,7,7,7,7,7,7,
    7,7,9),(0.,5.894428045289E-02,0.117914823584,0.219940961659,
    0.319364134157,0.33719198178,0.417499466896,0.439792890546,
    0.514442644745,0.611441628632,0.64010983568,0.706290795913,
    0.736949820681,0.800257622668,0.832901480979,0.894570331051,
    0.925852113297,0.962629825944,1.),.UNSPECIFIED.);
#9440 = CARTESIAN_POINT('',(2.883975899738,7.142857142857E-02));
#9441 = CARTESIAN_POINT('',(2.883505758598,7.734933070998E-02));
#9442 = CARTESIAN_POINT('',(2.883030802586,8.327741387045E-02));
#9443 = CARTESIAN_POINT('',(2.882550458701,8.921281116096E-02));
#9444 = CARTESIAN_POINT('',(2.882065122191,9.515561120201E-02));
#9445 = CARTESIAN_POINT('',(2.881574367162,0.101105633968));
#9446 = CARTESIAN_POINT('',(2.881078483829,0.10706299695));
#9447 = CARTESIAN_POINT('',(2.880577218729,0.11302761795));
#9448 = CARTESIAN_POINT('',(2.879563676238,0.124974060116));
#9449 = CARTESIAN_POINT('',(2.879051378604,0.130955885363));
#9450 = CARTESIAN_POINT('',(2.878533598247,0.136944974955));
#9451 = CARTESIAN_POINT('',(2.878010236215,0.142941322171));
#9452 = CARTESIAN_POINT('',(2.877481163814,0.148944922997));
#9453 = CARTESIAN_POINT('',(2.876946222608,0.154955776131));
#9454 = CARTESIAN_POINT('',(2.876405224415,0.160973882975));
#9455 = CARTESIAN_POINT('',(2.87491110296,0.177423853808));
#9456 = CARTESIAN_POINT('',(2.873945479481,0.18787017742));
#9457 = CARTESIAN_POINT('',(2.872960797346,0.198338091504));
#9458 = CARTESIAN_POINT('',(2.871956711456,0.208827490519));
#9459 = CARTESIAN_POINT('',(2.870932735287,0.219338291928));
#9460 = CARTESIAN_POINT('',(2.869888161031,0.229870437773));
#9461 = CARTESIAN_POINT('',(2.86882197975,0.240423896241));
#9462 = CARTESIAN_POINT('',(2.866671411197,0.261303639035));
#9463 = CARTESIAN_POINT('',(2.8655882402,0.27162883238));
#9464 = CARTESIAN_POINT('',(2.864482845728,0.281974099274));
#9465 = CARTESIAN_POINT('',(2.863354728526,0.292339313978));
#9466 = CARTESIAN_POINT('',(2.862203251657,0.302724370689));
#9467 = CARTESIAN_POINT('',(2.861027559271,0.313129185199));
#9468 = CARTESIAN_POINT('',(2.859826495374,0.323553696572));
#9469 = CARTESIAN_POINT('',(2.858378331358,0.335870642591));
#9470 = CARTESIAN_POINT('',(2.858157276071,0.33774404818));
#9471 = CARTESIAN_POINT('',(2.857935352852,0.339618084535));
#9472 = CARTESIAN_POINT('',(2.857712557713,0.341492750641));
#9473 = CARTESIAN_POINT('',(2.857488886557,0.343368045506));
#9474 = CARTESIAN_POINT('',(2.857264335184,0.345243968161));
#9475 = CARTESIAN_POINT('',(2.857038899284,0.347120517662));
#9476 = CARTESIAN_POINT('',(2.855793069498,0.357453634621));
#9477 = CARTESIAN_POINT('',(2.85475552748,0.365922275602));
#9478 = CARTESIAN_POINT('',(2.853699538862,0.374403533737));
#9479 = CARTESIAN_POINT('',(2.852624644543,0.382897334151));
#9480 = CARTESIAN_POINT('',(2.851530302234,0.39140361));
#9481 = CARTESIAN_POINT('',(2.850415852849,0.399922303077));
#9482 = CARTESIAN_POINT('',(2.849280486898,0.408453364428));
#9483 = CARTESIAN_POINT('',(2.847801950102,0.419368407172));
#9484 = CARTESIAN_POINT('',(2.847479001754,0.421741009203));
#9485 = CARTESIAN_POINT('',(2.847154354332,0.42411455866));
#9486 = CARTESIAN_POINT('',(2.846827996026,0.426489053197));
#9487 = CARTESIAN_POINT('',(2.846499914716,0.428864490525));
#9488 = CARTESIAN_POINT('',(2.846170097968,0.431240868409));
#9489 = CARTESIAN_POINT('',(2.845838533037,0.433618184664));
#9490 = CARTESIAN_POINT('',(2.844389060814,0.443960039676));
#9491 = CARTESIAN_POINT('',(2.843253167291,0.451934138673));
#9492 = CARTESIAN_POINT('',(2.842097029382,0.459918655881));
#9493 = CARTESIAN_POINT('',(2.840920103264,0.467913518094));
#9494 = CARTESIAN_POINT('',(2.839721770845,0.475918657649));
#9495 = CARTESIAN_POINT('',(2.838501312396,0.483934012899));
#9496 = CARTESIAN_POINT('',(2.837257879197,0.491959528685));
#9497 = CARTESIAN_POINT('',(2.834343605075,0.510436554393));
#9498 = CARTESIAN_POINT('',(2.832656259939,0.520895018732));
#9499 = CARTESIAN_POINT('',(2.830926991057,0.531370328053));
#9500 = CARTESIAN_POINT('',(2.829154289024,0.541862273045));
#9501 = CARTESIAN_POINT('',(2.827336464183,0.552370658805));
#9502 = CARTESIAN_POINT('',(2.825471536063,0.56289530677));
#9503 = CARTESIAN_POINT('',(2.82355712283,0.573436056663));
#9504 = CARTESIAN_POINT('',(2.821009042134,0.587112821717));
#9505 = CARTESIAN_POINT('',(2.820423180629,0.590234268341));
#9506 = CARTESIAN_POINT('',(2.819832691807,0.593357101598));
#9507 = CARTESIAN_POINT('',(2.819237519798,0.596481314912));
#9508 = CARTESIAN_POINT('',(2.818637607265,0.599606901835));
#9509 = CARTESIAN_POINT('',(2.818032895412,0.602733856046));
#9510 = CARTESIAN_POINT('',(2.817423323975,0.605862171352));
#9511 = CARTESIAN_POINT('',(2.815390266061,0.616216729792));
#9512 = CARTESIAN_POINT('',(2.813945452372,0.62344883866));
#9513 = CARTESIAN_POINT('',(2.812473664958,0.630688094145));
#9514 = CARTESIAN_POINT('',(2.810974084314,0.637934425053));
#9515 = CARTESIAN_POINT('',(2.809445796639,0.645187763145));
#9516 = CARTESIAN_POINT('',(2.807887793837,0.652448043137));
#9517 = CARTESIAN_POINT('',(2.806298973513,0.6597152027));
#9518 = CARTESIAN_POINT('',(2.803927270359,0.670358929962));
#9519 = CARTESIAN_POINT('',(2.803169527703,0.673730140765));
#9520 = CARTESIAN_POINT('',(2.802404811356,0.677102805642));
#9521 = CARTESIAN_POINT('',(2.801633018971,0.68047691552));
#9522 = CARTESIAN_POINT('',(2.800854045505,0.683852461473));
#9523 = CARTESIAN_POINT('',(2.800067783226,0.687229434726));
#9524 = CARTESIAN_POINT('',(2.799274121706,0.690607826653));
#9525 = CARTESIAN_POINT('',(2.796818604352,0.700966580175));
#9526 = CARTESIAN_POINT('',(2.795132207966,0.707951543871));
#9527 = CARTESIAN_POINT('',(2.793412794647,0.714942445682));
#9528 = CARTESIAN_POINT('',(2.79165929851,0.72193921346));
#9529 = CARTESIAN_POINT('',(2.789870551798,0.728941777099));
#9530 = CARTESIAN_POINT('',(2.788045284883,0.735950068526));
#9531 = CARTESIAN_POINT('',(2.78618212627,0.742964021711));
#9532 = CARTESIAN_POINT('',(2.783298590591,0.753603114318));
#9533 = CARTESIAN_POINT('',(2.782307105769,0.757224144155));
#9534 = CARTESIAN_POINT('',(2.781304965752,0.760846649803));
#9535 = CARTESIAN_POINT('',(2.780291982947,0.764470619059));
#9536 = CARTESIAN_POINT('',(2.77926796454,0.768096039879));
#9537 = CARTESIAN_POINT('',(2.778232712498,0.771722900384));
#9538 = CARTESIAN_POINT('',(2.777186023567,0.775351188856));
#9539 = CARTESIAN_POINT('',(2.774128346608,0.785837917937));
#9540 = CARTESIAN_POINT('',(2.772087419404,0.792699996537));
#9541 = CARTESIAN_POINT('',(2.770003535132,0.799567052119));
#9542 = CARTESIAN_POINT('',(2.767875195728,0.806439008541));
#9543 = CARTESIAN_POINT('',(2.765700777599,0.813315790946));
#9544 = CARTESIAN_POINT('',(2.763478531624,0.820197325756));
#9545 = CARTESIAN_POINT('',(2.761206583149,0.827083540676));
#9546 = CARTESIAN_POINT('',(2.757704250221,0.837469764012));
#9547 = CARTESIAN_POINT('',(2.756512260676,0.840966348754));
#9548 = CARTESIAN_POINT('',(2.755306714887,0.844464106937));
#9549 = CARTESIAN_POINT('',(2.754087357515,0.847963026673));
#9550 = CARTESIAN_POINT('',(2.752853926355,0.851463096174));
#9551 = CARTESIAN_POINT('',(2.751606152332,0.854964303752));
#9552 = CARTESIAN_POINT('',(2.750343759505,0.858466637819));
#9553 = CARTESIAN_POINT('',(2.747564761378,0.86608906073));
#9554 = CARTESIAN_POINT('',(2.746042457194,0.870209575706));
#9555 = CARTESIAN_POINT('',(2.744499094264,0.874331613165));
#9556 = CARTESIAN_POINT('',(2.742934194993,0.878455154555));
#9557 = CARTESIAN_POINT('',(2.741347262445,0.882580181419));
#9558 = CARTESIAN_POINT('',(2.739737780342,0.886706675391));
#9559 = CARTESIAN_POINT('',(2.738105213063,0.890834618202));
#9560 = CARTESIAN_POINT('',(2.734766117965,0.899159886264));
#9561 = CARTESIAN_POINT('',(2.733058822692,0.903357258061));
#9562 = CARTESIAN_POINT('',(2.731326520109,0.907556089938));
#9563 = CARTESIAN_POINT('',(2.729568629383,0.911756356841));
#9564 = CARTESIAN_POINT('',(2.727784488963,0.915958044503));
#9565 = CARTESIAN_POINT('',(2.725973412648,0.920161137098));
#9566 = CARTESIAN_POINT('',(2.72413475059,0.924365605598));
#9567 = CARTESIAN_POINT('',(2.722267804434,0.928571428571));
#9568 = ( GEOMETRIC_REPRESENTATION_CONTEXT(2) 
PARAMETRIC_REPRESENTATION_CONTEXT() REPRESENTATION_CONTEXT('2D SPACE',''
  ) );
#9569 = ORIENTED_EDGE('',*,*,#5476,.F.);
#9570 = ADVANCED_FACE('',(#9571),#4580,.F.);
#9571 = FACE_BOUND('',#9572,.F.);
#9572 = EDGE_LOOP('',(#9573,#9606,#9607,#9608));
#9573 = ORIENTED_EDGE('',*,*,#9574,.F.);
#9574 = EDGE_CURVE('',#4501,#5501,#9575,.T.);
#9575 = SURFACE_CURVE('',#9576,(#9592,#9599),.PCURVE_S1.);
#9576 = ( BOUNDED_CURVE() B_SPLINE_CURVE(3,(#9577,#9578,#9579,#9580,
    #9581,#9582,#9583,#9584,#9585,#9586,#9587,#9588,#9589,#9590,#9591),
.UNSPECIFIED.,.F.,.F.) B_SPLINE_CURVE_WITH_KNOTS((4,1,1,1,1,1,1,1,1,1,1,
    1,4),(0.,8.333333333333E-02,0.166666666667,0.25,0.333333333333,
    0.416666666667,0.5,0.583333333333,0.666666666667,0.75,0.833333333333
,0.916666666667,1.),.QUASI_UNIFORM_KNOTS.) CURVE() 
GEOMETRIC_REPRESENTATION_ITEM() RATIONAL_B_SPLINE_CURVE((1.,1.,1.,1.,1.,
1.,1.,1.,1.,1.,1.,1.,1.,1.,1.)) REPRESENTATION_ITEM('') );
#9577 = CARTESIAN_POINT('',(-7.464223258991,68.371485636406,-5.));
#9578 = CARTESIAN_POINT('',(-9.609394562708,66.670194367307,
    -3.055555555556));
#9579 = CARTESIAN_POINT('',(-13.57795446775,63.066987211199,
    0.833333333333));
#9580 = CARTESIAN_POINT('',(-18.51912395706,57.206251364948,
    6.666666666667));
#9581 = CARTESIAN_POINT('',(-22.42189048827,51.038317433431,12.5));
#9582 = CARTESIAN_POINT('',(-25.27916251469,44.71223311371,
    18.333333333333));
#9583 = CARTESIAN_POINT('',(-27.10323870253,38.374924560401,
    24.166666666667));
#9584 = CARTESIAN_POINT('',(-27.92527024571,32.168816918857,30.));
#9585 = CARTESIAN_POINT('',(-27.79443661464,26.229537702667,
    35.833333333333));
#9586 = CARTESIAN_POINT('',(-26.77679571467,20.683812758966,
    41.666666666667));
#9587 = CARTESIAN_POINT('',(-24.95404888132,15.647421802796,47.5));
#9588 = CARTESIAN_POINT('',(-22.4219756015,11.223337142552,
    53.333333333333));
#9589 = CARTESIAN_POINT('',(-19.28865538937,7.500072110281,
    59.166666666667));
#9590 = CARTESIAN_POINT('',(-16.87788033589,5.533523794557,
    63.055555555555));
#9591 = CARTESIAN_POINT('',(-15.61311732099,4.688416785469,65.));
#9592 = PCURVE('',#4580,#9593);
#9593 = DEFINITIONAL_REPRESENTATION('',(#9594),#9598);
#9594 = LINE('',#9595,#9596);
#9595 = CARTESIAN_POINT('',(2.,0.));
#9596 = VECTOR('',#9597,1.);
#9597 = DIRECTION('',(0.,1.));
#9598 = ( GEOMETRIC_REPRESENTATION_CONTEXT(2) 
PARAMETRIC_REPRESENTATION_CONTEXT() REPRESENTATION_CONTEXT('2D SPACE',''
  ) );
#9599 = PCURVE('',#4520,#9600);
#9600 = DEFINITIONAL_REPRESENTATION('',(#9601),#9605);
#9601 = LINE('',#9602,#9603);
#9602 = CARTESIAN_POINT('',(2.,0.));
#9603 = VECTOR('',#9604,1.);
#9604 = DIRECTION('',(0.,1.));
#9605 = ( GEOMETRIC_REPRESENTATION_CONTEXT(2) 
PARAMETRIC_REPRESENTATION_CONTEXT() REPRESENTATION_CONTEXT('2D SPACE',''
  ) );
#9606 = ORIENTED_EDGE('',*,*,#4560,.F.);
#9607 = ORIENTED_EDGE('',*,*,#9174,.T.);
#9608 = ORIENTED_EDGE('',*,*,#5500,.T.);
#9609 = ADVANCED_FACE('',(#9610),#4520,.F.);
#9610 = FACE_BOUND('',#9611,.F.);
#9611 = EDGE_LOOP('',(#9612,#9645,#9646,#9647));
#9612 = ORIENTED_EDGE('',*,*,#9613,.F.);
#9613 = EDGE_CURVE('',#4441,#5530,#9614,.T.);
#9614 = SURFACE_CURVE('',#9615,(#9631,#9638),.PCURVE_S1.);
#9615 = ( BOUNDED_CURVE() B_SPLINE_CURVE(3,(#9616,#9617,#9618,#9619,
    #9620,#9621,#9622,#9623,#9624,#9625,#9626,#9627,#9628,#9629,#9630),
.UNSPECIFIED.,.F.,.F.) B_SPLINE_CURVE_WITH_KNOTS((4,1,1,1,1,1,1,1,1,1,1,
    1,4),(0.,8.333333333333E-02,0.166666666667,0.25,0.333333333333,
    0.416666666667,0.5,0.583333333333,0.666666666667,0.75,0.833333333333
,0.916666666667,1.),.QUASI_UNIFORM_KNOTS.) CURVE() 
GEOMETRIC_REPRESENTATION_ITEM() RATIONAL_B_SPLINE_CURVE((1.,1.,1.,1.,1.,
1.,1.,1.,1.,1.,1.,1.,1.,1.,1.)) REPRESENTATION_ITEM('') );
#9616 = CARTESIAN_POINT('',(-11.33252288364,67.837663595388,-5.));
#9617 = CARTESIAN_POINT('',(-13.4111552019,66.011776351651,
    -3.055555555556));
#9618 = CARTESIAN_POINT('',(-17.23589182229,62.170929528236,
    0.833333333333));
#9619 = CARTESIAN_POINT('',(-21.93448983232,55.990224503629,
    6.666666666667));
#9620 = CARTESIAN_POINT('',(-25.57325033926,49.539820595131,12.5));
#9621 = CARTESIAN_POINT('',(-28.15036084098,42.968961510179,
    18.333333333333));
#9622 = CARTESIAN_POINT('',(-29.6831490978,36.423988076244,
    24.166666666667));
#9623 = CARTESIAN_POINT('',(-30.20742007066,30.0460112037,30.));
#9624 = CARTESIAN_POINT('',(-29.77651058269,23.968691803669,
    35.833333333333));
#9625 = CARTESIAN_POINT('',(-28.46003183823,18.316239675208,
    41.666666666667));
#9626 = CARTESIAN_POINT('',(-26.34253541054,13.201493168615,47.5));
#9627 = CARTESIAN_POINT('',(-23.52187221807,8.724214100637,
    53.333333333333));
#9628 = CARTESIAN_POINT('',(-20.10737080155,4.9696185129,59.166666666667
    ));
#9629 = CARTESIAN_POINT('',(-17.51436418016,2.994638624085,
    63.055555555555));
#9630 = CARTESIAN_POINT('',(-16.15973316888,2.14795445576,65.));
#9631 = PCURVE('',#4520,#9632);
#9632 = DEFINITIONAL_REPRESENTATION('',(#9633),#9637);
#9633 = LINE('',#9634,#9635);
#9634 = CARTESIAN_POINT('',(1.,0.));
#9635 = VECTOR('',#9636,1.);
#9636 = DIRECTION('',(0.,1.));
#9637 = ( GEOMETRIC_REPRESENTATION_CONTEXT(2) 
PARAMETRIC_REPRESENTATION_CONTEXT() REPRESENTATION_CONTEXT('2D SPACE',''
  ) );
#9638 = PCURVE('',#4460,#9639);
#9639 = DEFINITIONAL_REPRESENTATION('',(#9640),#9644);
#9640 = LINE('',#9641,#9642);
#9641 = CARTESIAN_POINT('',(1.,0.));
#9642 = VECTOR('',#9643,1.);
#9643 = DIRECTION('',(0.,1.));
#9644 = ( GEOMETRIC_REPRESENTATION_CONTEXT(2) 
PARAMETRIC_REPRESENTATION_CONTEXT() REPRESENTATION_CONTEXT('2D SPACE',''
  ) );
#9645 = ORIENTED_EDGE('',*,*,#4500,.F.);
#9646 = ORIENTED_EDGE('',*,*,#9574,.T.);
#9647 = ORIENTED_EDGE('',*,*,#5529,.T.);
#9648 = ADVANCED_FACE('',(#9649),#4460,.F.);
#9649 = FACE_BOUND('',#9650,.F.);
#9650 = EDGE_LOOP('',(#9651,#10047,#10048,#10049));
#9651 = ORIENTED_EDGE('',*,*,#9652,.F.);
#9652 = EDGE_CURVE('',#4412,#5559,#9653,.T.);
#9653 = SURFACE_CURVE('',#9654,(#9783,#9915),.PCURVE_S1.);
#9654 = B_SPLINE_CURVE_WITH_KNOTS('',8,(#9655,#9656,#9657,#9658,#9659,
    #9660,#9661,#9662,#9663,#9664,#9665,#9666,#9667,#9668,#9669,#9670,
    #9671,#9672,#9673,#9674,#9675,#9676,#9677,#9678,#9679,#9680,#9681,
    #9682,#9683,#9684,#9685,#9686,#9687,#9688,#9689,#9690,#9691,#9692,
    #9693,#9694,#9695,#9696,#9697,#9698,#9699,#9700,#9701,#9702,#9703,
    #9704,#9705,#9706,#9707,#9708,#9709,#9710,#9711,#9712,#9713,#9714,
    #9715,#9716,#9717,#9718,#9719,#9720,#9721,#9722,#9723,#9724,#9725,
    #9726,#9727,#9728,#9729,#9730,#9731,#9732,#9733,#9734,#9735,#9736,
    #9737,#9738,#9739,#9740,#9741,#9742,#9743,#9744,#9745,#9746,#9747,
    #9748,#9749,#9750,#9751,#9752,#9753,#9754,#9755,#9756,#9757,#9758,
    #9759,#9760,#9761,#9762,#9763,#9764,#9765,#9766,#9767,#9768,#9769,
    #9770,#9771,#9772,#9773,#9774,#9775,#9776,#9777,#9778,#9779,#9780,
    #9781,#9782),.UNSPECIFIED.,.F.,.F.,(9,7,7,7,7,7,7,7,7,7,7,7,7,7,7,7,
    7,7,9),(0.,5.884725090956E-02,0.118953771378,0.219637989065,
    0.318978972093,0.417068048632,0.437012590688,0.51400005674,
    0.538353160798,0.611022271419,0.637412478363,0.70592700425,
    0.735475900201,0.799979884508,0.831535120078,0.894408423125,
    0.924617178263,0.962568698087,1.),.UNSPECIFIED.);
#9655 = CARTESIAN_POINT('',(-12.73907755256,48.349931779784,
    2.23366299002E-16));
#9656 = CARTESIAN_POINT('',(-13.03167948765,48.022799015334,
    0.41449262063));
#9657 = CARTESIAN_POINT('',(-13.31999654574,47.693321236333,
    0.829486831435));
#9658 = CARTESIAN_POINT('',(-13.60399461474,47.361553854177,
    1.24498185298));
#9659 = CARTESIAN_POINT('',(-13.88362170542,47.027554588646,
    1.660983857686));
#9660 = CARTESIAN_POINT('',(-14.15888183667,46.691377578063,
    2.077480001907));
#9661 = CARTESIAN_POINT('',(-14.42971725833,46.353082226428,
    2.49447850936));
#9662 = CARTESIAN_POINT('',(-14.69611257793,46.012725756978,
    2.911973466343));
#9663 = CARTESIAN_POINT('',(-15.2255598472,45.320682962743,
    3.756902335008));
#9664 = CARTESIAN_POINT('',(-15.488418878,44.96890998902,4.184357577488)
  );
#9665 = CARTESIAN_POINT('',(-15.74657944976,44.615111274635,
    4.612330503862));
#9666 = CARTESIAN_POINT('',(-16.000010072,44.259350534076,5.040820519805
    ));
#9667 = CARTESIAN_POINT('',(-16.24867931806,43.901692441026,
    5.469827248946));
#9668 = CARTESIAN_POINT('',(-16.49255594402,43.542202653966,
    5.899350517938));
#9669 = CARTESIAN_POINT('',(-16.73160900772,43.180947841782,
    6.329390341542));
#9670 = CARTESIAN_POINT('',(-17.35811386224,42.21001588913,
    7.481170673367));
#9671 = CARTESIAN_POINT('',(-17.73680190571,41.597273189161,
    8.203843279156));
#9672 = CARTESIAN_POINT('',(-18.10176191276,40.980078732309,
    8.927955670173));
#9673 = CARTESIAN_POINT('',(-18.45288454764,40.358749654455,
    9.653500263264));
#9674 = CARTESIAN_POINT('',(-18.79006188536,39.733609656371,
    10.380471052759));
#9675 = CARTESIAN_POINT('',(-19.11318795295,39.104989555566,
    11.108863716219));
#9676 = CARTESIAN_POINT('',(-19.42215927065,38.473227838139,
    11.838675720177));
#9677 = CARTESIAN_POINT('',(-20.00765968878,37.212580244132,
    13.291381735465));
#9678 = CARTESIAN_POINT('',(-20.28456864101,36.583768180128,
    14.014236938952));
#9679 = CARTESIAN_POINT('',(-20.54753978164,35.952556797578,
    14.738461415452));
#9680 = CARTESIAN_POINT('',(-20.79651229946,35.319273341366,
    15.464045870071));
#9681 = CARTESIAN_POINT('',(-21.03142758128,34.684251035115,
    16.190982455912));
#9682 = CARTESIAN_POINT('',(-21.25222975304,34.047829594011,
    16.919264896062));
#9683 = CARTESIAN_POINT('',(-21.45886622083,33.410355737616,
    17.648888605582));
#9684 = CARTESIAN_POINT('',(-21.8412852791,32.142053985119,
    19.101601351637));
#9685 = CARTESIAN_POINT('',(-22.0174252485,31.51124337026,
    19.824655862407));
#9686 = CARTESIAN_POINT('',(-22.17969466889,30.880077365769,
    20.549002132417));
#9687 = CARTESIAN_POINT('',(-22.328082387,30.248886284055,
    21.274629133618));
#9688 = CARTESIAN_POINT('',(-22.46258010012,29.618005713515,
    22.00152715663));
#9689 = CARTESIAN_POINT('',(-22.58318290866,28.987776989771,
    22.729687944056));
#9690 = CARTESIAN_POINT('',(-22.68988986862,28.358547666901,
    23.45910482381));
#9691 = CARTESIAN_POINT('',(-22.80157663742,27.603005450134,
    24.338340241987));
#9692 = CARTESIAN_POINT('',(-22.81987440694,27.475394867902,
    24.486959345309));
#9693 = CARTESIAN_POINT('',(-22.83759816329,27.347843050496,
    24.635630028626));
#9694 = CARTESIAN_POINT('',(-22.85474822266,27.220352813463,
    24.784352170687));
#9695 = CARTESIAN_POINT('',(-22.87132490695,27.09292697938,
    24.933125652766));
#9696 = CARTESIAN_POINT('',(-22.88732854368,26.965568377854,
    25.081950358656));
#9697 = CARTESIAN_POINT('',(-22.90275946603,26.838279845519,
    25.230826174675));
#9698 = CARTESIAN_POINT('',(-22.9749731462,26.220002152098,
    25.954621947833));
#9699 = CARTESIAN_POINT('',(-23.02379975965,25.730026577424,
    26.530250711975));
#9700 = CARTESIAN_POINT('',(-23.06411739728,25.241300960539,
    27.106633015607));
#9701 = CARTESIAN_POINT('',(-23.09594685931,24.753990557134,
    27.68376302528));
#9702 = CARTESIAN_POINT('',(-23.11931039992,24.268262546753,
    28.261635382793));
#9703 = CARTESIAN_POINT('',(-23.13423192505,23.784286159472,
    28.840245247407));
#9704 = CARTESIAN_POINT('',(-23.14073719017,23.302232802582,
    29.419588338066));
#9705 = CARTESIAN_POINT('',(-23.1382582963,22.670453637499,
    30.183152783153));
#9706 = CARTESIAN_POINT('',(-23.13682323027,22.518840901272,
    30.366717579843));
#9707 = CARTESIAN_POINT('',(-23.1345501771,22.367443089075,
    30.550355107264));
#9708 = CARTESIAN_POINT('',(-23.13144052828,22.216265324548,
    30.734065112361));
#9709 = CARTESIAN_POINT('',(-23.12749568975,22.065312744481,
    30.917847347442));
#9710 = CARTESIAN_POINT('',(-23.12271708183,21.91459049882,
    31.101701570177));
#9711 = CARTESIAN_POINT('',(-23.11710613929,21.764103750658,
    31.285627543597));
#9712 = CARTESIAN_POINT('',(-23.09144204259,21.165526795071,
    32.018669383972));
#9713 = CARTESIAN_POINT('',(-23.06482145971,20.719338986196,
    32.56835047267));
#9714 = CARTESIAN_POINT('',(-23.03084113651,20.275431681881,
    33.118662248156));
#9715 = CARTESIAN_POINT('',(-22.98954079778,19.833943606384,
    33.669598978918));
#9716 = CARTESIAN_POINT('',(-22.94096150719,19.395014835688,
    34.221155285989));
#9717 = CARTESIAN_POINT('',(-22.88514585507,18.958786857221,
    34.773326172955));
#9718 = CARTESIAN_POINT('',(-22.82213814623,18.525402629583,
    35.326107055976));
#9719 = CARTESIAN_POINT('',(-22.72650791825,17.938705855376,
    36.080459381592));
#9720 = CARTESIAN_POINT('',(-22.70008893831,17.782799077548,
    36.281504831634));
#9721 = CARTESIAN_POINT('',(-22.67273046035,17.627292630376,
    36.482629772973));
#9722 = CARTESIAN_POINT('',(-22.6444353181,17.472192849492,
    36.683833841629));
#9723 = CARTESIAN_POINT('',(-22.61520636676,17.317506084574,
    36.885116680585));
#9724 = CARTESIAN_POINT('',(-22.58504648293,17.163238699345,
    37.08647793979));
#9725 = CARTESIAN_POINT('',(-22.55395856466,17.00939707157,
    37.287917276159));
#9726 = CARTESIAN_POINT('',(-22.43883296639,16.457704331793,
    38.012615056423));
#9727 = CARTESIAN_POINT('',(-22.34948485202,16.062333950917,
    38.536319694082));
#9728 = CARTESIAN_POINT('',(-22.25395231153,15.669988247494,
    39.060542470242));
#9729 = CARTESIAN_POINT('',(-22.15228750177,15.280779838203,
    39.585277812782));
#9730 = CARTESIAN_POINT('',(-22.04454375179,14.894822205775,
    40.110520401127));
#9731 = CARTESIAN_POINT('',(-21.93077570131,14.512229745432,
    40.636265193616));
#9732 = CARTESIAN_POINT('',(-21.81103943932,14.133117811327,
    41.162507454856));
#9733 = CARTESIAN_POINT('',(-21.63120378144,13.595650900243,
    41.916412820483));
#9734 = CARTESIAN_POINT('',(-21.57591561154,13.434368004846,
    42.14367453928));
#9735 = CARTESIAN_POINT('',(-21.51953353702,13.27376242481,
    42.371027357186));
#9736 = CARTESIAN_POINT('',(-21.46206299609,13.113842523089,
    42.598470701996));
#9737 = CARTESIAN_POINT('',(-21.40350946106,12.954616677553,
    42.826004011588));
#9738 = CARTESIAN_POINT('',(-21.34387843825,12.796093281001,
    43.053626733931));
#9739 = CARTESIAN_POINT('',(-21.28317546805,12.638280741151,
    43.281338327079));
#9740 = CARTESIAN_POINT('',(-21.08656627342,12.138259567962,
    44.006415831558));
#9741 = CARTESIAN_POINT('',(-20.94664495537,11.798759316002,
    44.5041143379));
#9742 = CARTESIAN_POINT('',(-20.80169997393,11.462774253119,
    45.002228266813));
#9743 = CARTESIAN_POINT('',(-20.65179019682,11.130392446881,
    45.50075230328));
#9744 = CARTESIAN_POINT('',(-20.49697555634,10.801702504067,
    45.999681328654));
#9745 = CARTESIAN_POINT('',(-20.33731704933,10.476793570666,
    46.499010420663));
#9746 = CARTESIAN_POINT('',(-20.17287673718,10.155755331883,
    46.998734853404));
#9747 = CARTESIAN_POINT('',(-19.92096546508,9.683564345492,
    47.74350559428));
#9748 = CARTESIAN_POINT('',(-19.83708396418,9.529398609525,
    47.988254609034));
#9749 = CARTESIAN_POINT('',(-19.75208149381,9.376190005743,
    48.233096356971));
#9750 = CARTESIAN_POINT('',(-19.6659663457,9.22394774556,48.478030065055
    ));
#9751 = CARTESIAN_POINT('',(-19.57874685264,9.072681050294,
    48.723054971849));
#9752 = CARTESIAN_POINT('',(-19.49043138849,8.922399151165,
    48.968170327516));
#9753 = CARTESIAN_POINT('',(-19.40102836816,8.773111289296,
    49.213375393819));
#9754 = CARTESIAN_POINT('',(-19.13026206725,8.32937207044,49.94741392286
    ));
#9755 = CARTESIAN_POINT('',(-18.94569399127,8.037900522788,
    50.436511637788));
#9756 = CARTESIAN_POINT('',(-18.75690873756,7.750485205986,
    50.925956863698));
#9757 = CARTESIAN_POINT('',(-18.56397395653,7.46719956857,
    51.415744021429));
#9758 = CARTESIAN_POINT('',(-18.36695823126,7.188117374376,
    51.905867677869));
#9759 = CARTESIAN_POINT('',(-18.16593107746,6.913312702545,
    52.396322545951));
#9760 = CARTESIAN_POINT('',(-17.96096294343,6.642859947523,
    52.887103484657));
#9761 = CARTESIAN_POINT('',(-17.65178488059,6.249016163778,
    53.614165434001));
#9762 = CARTESIAN_POINT('',(-17.55055135912,6.122220235283,
    53.850199452803));
#9763 = CARTESIAN_POINT('',(-17.44843318426,5.99645298867,
    54.086306798004));
#9764 = CARTESIAN_POINT('',(-17.34543892143,5.87172138005,
    54.322486719853));
#9765 = CARTESIAN_POINT('',(-17.24157716297,5.748032366546,
    54.558738476268));
#9766 = CARTESIAN_POINT('',(-17.13685652812,5.625392906297,
    54.795061332834));
#9767 = CARTESIAN_POINT('',(-17.03128566303,5.503809958454,
    55.031454562801));
#9768 = CARTESIAN_POINT('',(-16.79118639615,5.23188082614,
    55.564987809632));
#9769 = CARTESIAN_POINT('',(-16.65617132371,5.082149667749,
    55.862168104038));
#9770 = CARTESIAN_POINT('',(-16.51984521439,4.934110807518,
    56.159456905981));
#9771 = CARTESIAN_POINT('',(-16.38222535071,4.787778064153,
    56.456852805345));
#9772 = CARTESIAN_POINT('',(-16.24332910664,4.643165275565,
    56.754354406231));
#9773 = CARTESIAN_POINT('',(-16.10317394773,4.50028629886,
    57.051960326949));
#9774 = CARTESIAN_POINT('',(-15.96177743098,4.359155010349,
    57.349669200021));
#9775 = CARTESIAN_POINT('',(-15.67849193612,4.08232600161,
    57.941207927273));
#9776 = CARTESIAN_POINT('',(-15.53663636609,3.946579962968,
    58.235035007966));
#9777 = CARTESIAN_POINT('',(-15.39360687998,3.812562504241,
    58.528959818838));
#9778 = CARTESIAN_POINT('',(-15.24942185979,3.680282535952,
    58.822980508367));
#9779 = CARTESIAN_POINT('',(-15.10409725738,3.549757455239,
    59.117096262541));
#9780 = CARTESIAN_POINT('',(-14.95764965771,3.421003046202,
    59.411306116598));
#9781 = CARTESIAN_POINT('',(-14.81009895264,3.294024441649,
    59.705607846282));
#9782 = CARTESIAN_POINT('',(-14.66146274508,3.168834198016,60.));
#9783 = PCURVE('',#4460,#9784);
#9784 = DEFINITIONAL_REPRESENTATION('',(#9785),#9914);
#9785 = B_SPLINE_CURVE_WITH_KNOTS('',8,(#9786,#9787,#9788,#9789,#9790,
    #9791,#9792,#9793,#9794,#9795,#9796,#9797,#9798,#9799,#9800,#9801,
    #9802,#9803,#9804,#9805,#9806,#9807,#9808,#9809,#9810,#9811,#9812,
    #9813,#9814,#9815,#9816,#9817,#9818,#9819,#9820,#9821,#9822,#9823,
    #9824,#9825,#9826,#9827,#9828,#9829,#9830,#9831,#9832,#9833,#9834,
    #9835,#9836,#9837,#9838,#9839,#9840,#9841,#9842,#9843,#9844,#9845,
    #9846,#9847,#9848,#9849,#9850,#9851,#9852,#9853,#9854,#9855,#9856,
    #9857,#9858,#9859,#9860,#9861,#9862,#9863,#9864,#9865,#9866,#9867,
    #9868,#9869,#9870,#9871,#9872,#9873,#9874,#9875,#9876,#9877,#9878,
    #9879,#9880,#9881,#9882,#9883,#9884,#9885,#9886,#9887,#9888,#9889,
    #9890,#9891,#9892,#9893,#9894,#9895,#9896,#9897,#9898,#9899,#9900,
    #9901,#9902,#9903,#9904,#9905,#9906,#9907,#9908,#9909,#9910,#9911,
    #9912,#9913),.UNSPECIFIED.,.F.,.F.,(9,7,7,7,7,7,7,7,7,7,7,7,7,7,7,7,
    7,7,9),(0.,5.884725090956E-02,0.118953771378,0.219637989065,
    0.318978972093,0.417068048632,0.437012590688,0.51400005674,
    0.538353160798,0.611022271419,0.637412478363,0.70592700425,
    0.735475900201,0.799979884508,0.831535120078,0.894408423125,
    0.924617178263,0.962568698087,1.),.UNSPECIFIED.);
#9786 = CARTESIAN_POINT('',(0.116024100271,7.142857142857E-02));
#9787 = CARTESIAN_POINT('',(0.116494271907,7.734989458042E-02));
#9788 = CARTESIAN_POINT('',(0.116969249707,8.327838330621E-02));
#9789 = CARTESIAN_POINT('',(0.117449605821,8.921402647113E-02));
#9790 = CARTESIAN_POINT('',(0.11793498499,9.515691225267E-02));
#9791 = CARTESIAN_POINT('',(0.118425735104,0.10110685717));
#9792 = CARTESIAN_POINT('',(0.118921619913,0.107063978705));
#9793 = CARTESIAN_POINT('',(0.119422859154,0.113028192376));
#9794 = CARTESIAN_POINT('',(0.120446925263,0.125098604786));
#9795 = CARTESIAN_POINT('',(0.120969995253,0.13120510825));
#9796 = CARTESIAN_POINT('',(0.121498761108,0.137319007198));
#9797 = CARTESIAN_POINT('',(0.122033329038,0.14344029314));
#9798 = CARTESIAN_POINT('',(0.122573835637,0.149568960699));
#9799 = CARTESIAN_POINT('',(0.123120451481,0.155705007399));
#9800 = CARTESIAN_POINT('',(0.123673384723,0.161848433451));
#9801 = CARTESIAN_POINT('',(0.125170101083,0.178302438191));
#9802 = CARTESIAN_POINT('',(0.126125664796,0.188626332559));
#9803 = CARTESIAN_POINT('',(0.127099810918,0.198970795288));
#9804 = CARTESIAN_POINT('',(0.128092848848,0.209335718047));
#9805 = CARTESIAN_POINT('',(0.129105240855,0.219721015039));
#9806 = CARTESIAN_POINT('',(0.130137680631,0.230126624517));
#9807 = CARTESIAN_POINT('',(0.131191171851,0.240552510288));
#9808 = CARTESIAN_POINT('',(0.133328687487,0.261305453364));
#9809 = CARTESIAN_POINT('',(0.13441205239,0.271631956271));
#9810 = CARTESIAN_POINT('',(0.135517593631,0.281978020221));
#9811 = CARTESIAN_POINT('',(0.136645773668,0.29234351243));
#9812 = CARTESIAN_POINT('',(0.137797210889,0.302728320799));
#9813 = CARTESIAN_POINT('',(0.138972765279,0.313132355658));
#9814 = CARTESIAN_POINT('',(0.140173624085,0.323555551508));
#9815 = CARTESIAN_POINT('',(0.142613678462,0.344308590738));
#9816 = CARTESIAN_POINT('',(0.143852155297,0.354637940892));
#9817 = CARTESIAN_POINT('',(0.145117420142,0.364985744749));
#9818 = CARTESIAN_POINT('',(0.14641014454,0.375351844766));
#9819 = CARTESIAN_POINT('',(0.147731163114,0.385736102238));
#9820 = CARTESIAN_POINT('',(0.149081567266,0.396138399201));
#9821 = CARTESIAN_POINT('',(0.150462798875,0.40655864034));
#9822 = CARTESIAN_POINT('',(0.15216424275,0.419119146314));
#9823 = CARTESIAN_POINT('',(0.152453093225,0.421242276362));
#9824 = CARTESIAN_POINT('',(0.152743302992,0.423366143266));
#9825 = CARTESIAN_POINT('',(0.153034879862,0.425490745296));
#9826 = CARTESIAN_POINT('',(0.15332783188,0.427616080754));
#9827 = CARTESIAN_POINT('',(0.153622167326,0.429742147981));
#9828 = CARTESIAN_POINT('',(0.153917894713,0.431868945353));
#9829 = CARTESIAN_POINT('',(0.155361960011,0.442208884969));
#9830 = CARTESIAN_POINT('',(0.156529766885,0.450432153028));
#9831 = CARTESIAN_POINT('',(0.157718953958,0.458666185937));
#9832 = CARTESIAN_POINT('',(0.158930090879,0.466910900361));
#9833 = CARTESIAN_POINT('',(0.160163840958,0.475166219754));
#9834 = CARTESIAN_POINT('',(0.161420995721,0.483432074963));
#9835 = CARTESIAN_POINT('',(0.162702509467,0.49170840483));
#9836 = CARTESIAN_POINT('',(0.164422979052,0.502616468331));
#9837 = CARTESIAN_POINT('',(0.164838977131,0.505238822569));
#9838 = CARTESIAN_POINT('',(0.165257548839,0.507862215818));
#9839 = CARTESIAN_POINT('',(0.165678715617,0.510486644462));
#9840 = CARTESIAN_POINT('',(0.166102499578,0.513112104963));
#9841 = CARTESIAN_POINT('',(0.166528923501,0.51573859386));
#9842 = CARTESIAN_POINT('',(0.166958010836,0.518366107766));
#9843 = CARTESIAN_POINT('',(0.168678192107,0.528838134057));
#9844 = CARTESIAN_POINT('',(0.169990528636,0.536690721038));
#9845 = CARTESIAN_POINT('',(0.17132744392,0.544552317831));
#9846 = CARTESIAN_POINT('',(0.172689650667,0.552422842556));
#9847 = CARTESIAN_POINT('',(0.174077956293,0.560302218371));
#9848 = CARTESIAN_POINT('',(0.175493293564,0.568190373899));
#9849 = CARTESIAN_POINT('',(0.176936751232,0.576087243657));
#9850 = CARTESIAN_POINT('',(0.178944479903,0.586863705451));
#9851 = CARTESIAN_POINT('',(0.179483228836,0.589735783309));
#9852 = CARTESIAN_POINT('',(0.180025891292,0.592608996757));
#9853 = CARTESIAN_POINT('',(0.180572508324,0.595483340595));
#9854 = CARTESIAN_POINT('',(0.181123122227,0.598358809723));
#9855 = CARTESIAN_POINT('',(0.181677776532,0.60123539914));
#9856 = CARTESIAN_POINT('',(0.182236516007,0.604113103945));
#9857 = CARTESIAN_POINT('',(0.184260717217,0.614465929377));
#9858 = CARTESIAN_POINT('',(0.18574989329,0.621947424201));
#9859 = CARTESIAN_POINT('',(0.187267729387,0.629436321003));
#9860 = CARTESIAN_POINT('',(0.188815107362,0.636932540183));
#9861 = CARTESIAN_POINT('',(0.190393005024,0.64443600573));
#9862 = CARTESIAN_POINT('',(0.192002524763,0.651946645623));
#9863 = CARTESIAN_POINT('',(0.193644922158,0.659464392212));
#9864 = CARTESIAN_POINT('',(0.196044765949,0.670234468864));
#9865 = CARTESIAN_POINT('',(0.196774278292,0.673481064847));
#9866 = CARTESIAN_POINT('',(0.197510255747,0.676728962246));
#9867 = CARTESIAN_POINT('',(0.198252785174,0.679978152886));
#9868 = CARTESIAN_POINT('',(0.199001956178,0.683228628737));
#9869 = CARTESIAN_POINT('',(0.199757861105,0.686480381913));
#9870 = CARTESIAN_POINT('',(0.200520595045,0.689733404673));
#9871 = CARTESIAN_POINT('',(0.202970392622,0.700091654737));
#9872 = CARTESIAN_POINT('',(0.204683565701,0.707201633399));
#9873 = CARTESIAN_POINT('',(0.2064307501,0.714317546669));
#9874 = CARTESIAN_POINT('',(0.208213049897,0.721439318618));
#9875 = CARTESIAN_POINT('',(0.210031698218,0.728566876124));
#9876 = CARTESIAN_POINT('',(0.211888057239,0.735700148867));
#9877 = CARTESIAN_POINT('',(0.213783618182,0.742839069334));
#9878 = CARTESIAN_POINT('',(0.216667276541,0.753478651347));
#9879 = CARTESIAN_POINT('',(0.217624328582,0.756975065843));
#9880 = CARTESIAN_POINT('',(0.218591313475,0.7604728051));
#9881 = CARTESIAN_POINT('',(0.219568392538,0.763971858072));
#9882 = CARTESIAN_POINT('',(0.220555732368,0.767472213884));
#9883 = CARTESIAN_POINT('',(0.221553504847,0.770973861822));
#9884 = CARTESIAN_POINT('',(0.222561887136,0.77447679134));
#9885 = CARTESIAN_POINT('',(0.225611750692,0.784963056041));
#9886 = CARTESIAN_POINT('',(0.227685317183,0.791950166254));
#9887 = CARTESIAN_POINT('',(0.229803157264,0.79894224091));
#9888 = CARTESIAN_POINT('',(0.231966828412,0.805939200306));
#9889 = CARTESIAN_POINT('',(0.23417804947,0.812940966827));
#9890 = CARTESIAN_POINT('',(0.236438700654,0.819947464942));
#9891 = CARTESIAN_POINT('',(0.238750823547,0.826958621209));
#9892 = CARTESIAN_POINT('',(0.242253316571,0.837345220486));
#9893 = CARTESIAN_POINT('',(0.243402406022,0.84071713504));
#9894 = CARTESIAN_POINT('',(0.244564102388,0.844090097114));
#9895 = CARTESIAN_POINT('',(0.245738625382,0.847464095998));
#9896 = CARTESIAN_POINT('',(0.246926201491,0.85083912109));
#9897 = CARTESIAN_POINT('',(0.248127063978,0.854215161898));
#9898 = CARTESIAN_POINT('',(0.249341452882,0.85759220804));
#9899 = CARTESIAN_POINT('',(0.2521125657,0.865214111566));
#9900 = CARTESIAN_POINT('',(0.253677258778,0.869459544343));
#9901 = CARTESIAN_POINT('',(0.255264180924,0.873706527228));
#9902 = CARTESIAN_POINT('',(0.256873844805,0.877955040076));
#9903 = CARTESIAN_POINT('',(0.258506789081,0.882205062946));
#9904 = CARTESIAN_POINT('',(0.260163578404,0.886456576099));
#9905 = CARTESIAN_POINT('',(0.261844803419,0.89070956));
#9906 = CARTESIAN_POINT('',(0.265233969423,0.899160113247));
#9907 = CARTESIAN_POINT('',(0.266941221064,0.903357642971));
#9908 = CARTESIAN_POINT('',(0.268673491467,0.907556568841));
#9909 = CARTESIAN_POINT('',(0.270431277207,0.911756864405));
#9910 = CARTESIAN_POINT('',(0.272215352967,0.915958518036));
#9911 = CARTESIAN_POINT('',(0.274026492364,0.920161515951));
#9912 = CARTESIAN_POINT('',(0.27586520164,0.924365826375));
#9913 = CARTESIAN_POINT('',(0.277732195566,0.928571428571));
#9914 = ( GEOMETRIC_REPRESENTATION_CONTEXT(2) 
PARAMETRIC_REPRESENTATION_CONTEXT() REPRESENTATION_CONTEXT('2D SPACE',''
  ) );
#9915 = PCURVE('',#4428,#9916);
#9916 = DEFINITIONAL_REPRESENTATION('',(#9917),#10046);
#9917 = B_SPLINE_CURVE_WITH_KNOTS('',8,(#9918,#9919,#9920,#9921,#9922,
    #9923,#9924,#9925,#9926,#9927,#9928,#9929,#9930,#9931,#9932,#9933,
    #9934,#9935,#9936,#9937,#9938,#9939,#9940,#9941,#9942,#9943,#9944,
    #9945,#9946,#9947,#9948,#9949,#9950,#9951,#9952,#9953,#9954,#9955,
    #9956,#9957,#9958,#9959,#9960,#9961,#9962,#9963,#9964,#9965,#9966,
    #9967,#9968,#9969,#9970,#9971,#9972,#9973,#9974,#9975,#9976,#9977,
    #9978,#9979,#9980,#9981,#9982,#9983,#9984,#9985,#9986,#9987,#9988,
    #9989,#9990,#9991,#9992,#9993,#9994,#9995,#9996,#9997,#9998,#9999,
    #10000,#10001,#10002,#10003,#10004,#10005,#10006,#10007,#10008,
    #10009,#10010,#10011,#10012,#10013,#10014,#10015,#10016,#10017,
    #10018,#10019,#10020,#10021,#10022,#10023,#10024,#10025,#10026,
    #10027,#10028,#10029,#10030,#10031,#10032,#10033,#10034,#10035,
    #10036,#10037,#10038,#10039,#10040,#10041,#10042,#10043,#10044,
    #10045),.UNSPECIFIED.,.F.,.F.,(9,7,7,7,7,7,7,7,7,7,7,7,7,7,7,7,7,7,9
    ),(0.,5.884725090956E-02,0.118953771378,0.219637989065,
    0.318978972093,0.417068048632,0.437012590688,0.51400005674,
    0.538353160798,0.611022271419,0.637412478363,0.70592700425,
    0.735475900201,0.799979884508,0.831535120078,0.894408423125,
    0.924617178263,0.962568698087,1.),.UNSPECIFIED.);
#9918 = CARTESIAN_POINT('',(-1.828418119185,0.));
#9919 = CARTESIAN_POINT('',(-1.835743980487,-0.414492620623));
#9920 = CARTESIAN_POINT('',(-1.843079895294,-0.829486831456));
#9921 = CARTESIAN_POINT('',(-1.850425888012,-1.244981852946));
#9922 = CARTESIAN_POINT('',(-1.857781607376,-1.660983857718));
#9923 = CARTESIAN_POINT('',(-1.865147803765,-2.07748000189));
#9924 = CARTESIAN_POINT('',(-1.872523988289,-2.494478509365));
#9925 = CARTESIAN_POINT('',(-1.879910494732,-2.911973466343));
#9926 = CARTESIAN_POINT('',(-1.894862334312,-3.756902335008));
#9927 = CARTESIAN_POINT('',(-1.902428123936,-4.184357577488));
#9928 = CARTESIAN_POINT('',(-1.910004683187,-4.612330503862));
#9929 = CARTESIAN_POINT('',(-1.91759203411,-5.040820519805));
#9930 = CARTESIAN_POINT('',(-1.925190180163,-5.469827248946));
#9931 = CARTESIAN_POINT('',(-1.932799107036,-5.899350517938));
#9932 = CARTESIAN_POINT('',(-1.94041878347,-6.329390341542));
#9933 = CARTESIAN_POINT('',(-1.960830782015,-7.481170673367));
#9934 = CARTESIAN_POINT('',(-1.973642484805,-8.203843279156));
#9935 = CARTESIAN_POINT('',(-1.986484773941,-8.927955670173));
#9936 = CARTESIAN_POINT('',(-1.999358030534,-9.653500263264));
#9937 = CARTESIAN_POINT('',(-2.012262499604,-10.38047105275));
#9938 = CARTESIAN_POINT('',(-2.025198276383,-11.10886371621));
#9939 = CARTESIAN_POINT('',(-2.03816529262,-11.83867572017));
#9940 = CARTESIAN_POINT('',(-2.063987905834,-13.29138173546));
#9941 = CARTESIAN_POINT('',(-2.076842726533,-14.01423693895));
#9942 = CARTESIAN_POINT('',(-2.089728352269,-14.73846141545));
#9943 = CARTESIAN_POINT('',(-2.102645243978,-15.46404587007));
#9944 = CARTESIAN_POINT('',(-2.115593718985,-16.19098245591));
#9945 = CARTESIAN_POINT('',(-2.128573933745,-16.91926489606));
#9946 = CARTESIAN_POINT('',(-2.141585866584,-17.64888860558));
#9947 = CARTESIAN_POINT('',(-2.167508359466,-19.10160135163));
#9948 = CARTESIAN_POINT('',(-2.180418162724,-19.8246558624));
#9949 = CARTESIAN_POINT('',(-2.193359423226,-20.54900213241));
#9950 = CARTESIAN_POINT('',(-2.20633272539,-21.27462913361));
#9951 = CARTESIAN_POINT('',(-2.219338504311,-22.00152715663));
#9952 = CARTESIAN_POINT('',(-2.232377025011,-22.72968794405));
#9953 = CARTESIAN_POINT('',(-2.245448361693,-23.45910482381));
#9954 = CARTESIAN_POINT('',(-2.261216828462,-24.33834024198));
#9955 = CARTESIAN_POINT('',(-2.263882631732,-24.4869593453));
#9956 = CARTESIAN_POINT('',(-2.266549794662,-24.63563002862));
#9957 = CARTESIAN_POINT('',(-2.269218324874,-24.78435217068));
#9958 = CARTESIAN_POINT('',(-2.271888229751,-24.93312565276));
#9959 = CARTESIAN_POINT('',(-2.274559516437,-25.08195035865));
#9960 = CARTESIAN_POINT('',(-2.277232191836,-25.23082617467));
#9961 = CARTESIAN_POINT('',(-2.290228381445,-25.95462194783));
#9962 = CARTESIAN_POINT('',(-2.300571290153,-26.53025071197));
#9963 = CARTESIAN_POINT('',(-2.310935372791,-27.1066330156));
#9964 = CARTESIAN_POINT('',(-2.321320955274,-27.68376302528));
#9965 = CARTESIAN_POINT('',(-2.331728297534,-28.26163538279));
#9966 = CARTESIAN_POINT('',(-2.342157585679,-28.8402452474));
#9967 = CARTESIAN_POINT('',(-2.352608924149,-29.41958833806));
#9968 = CARTESIAN_POINT('',(-2.366395333275,-30.18315278315));
#9969 = CARTESIAN_POINT('',(-2.369710546298,-30.36671757984));
#9970 = CARTESIAN_POINT('',(-2.373027986641,-30.55035510726));
#9971 = CARTESIAN_POINT('',(-2.376347673477,-30.73406511236));
#9972 = CARTESIAN_POINT('',(-2.37966962545,-30.91784734744));
#9973 = CARTESIAN_POINT('',(-2.382993860681,-31.10170157017));
#9974 = CARTESIAN_POINT('',(-2.386320396759,-31.28562754359));
#9975 = CARTESIAN_POINT('',(-2.399582475628,-32.01866938397));
#9976 = CARTESIAN_POINT('',(-2.409536337474,-32.56835047267));
#9977 = CARTESIAN_POINT('',(-2.419511291162,-33.11866224815));
#9978 = CARTESIAN_POINT('',(-2.42950774288,-33.66959897891));
#9979 = CARTESIAN_POINT('',(-2.439526044433,-34.22115528598));
#9980 = CARTESIAN_POINT('',(-2.449566487551,-34.77332617295));
#9981 = CARTESIAN_POINT('',(-2.459629298188,-35.32610705597));
#9982 = CARTESIAN_POINT('',(-2.473377177587,-36.08045938159));
#9983 = CARTESIAN_POINT('',(-2.477042698971,-36.28150483163));
#9984 = CARTESIAN_POINT('',(-2.480711231386,-36.48262977297));
#9985 = CARTESIAN_POINT('',(-2.484382810658,-36.68383384162));
#9986 = CARTESIAN_POINT('',(-2.488057472036,-36.88511668058));
#9987 = CARTESIAN_POINT('',(-2.491735250188,-37.08647793979));
#9988 = CARTESIAN_POINT('',(-2.495416179206,-37.28791727615));
#9989 = CARTESIAN_POINT('',(-2.508665025581,-38.01261505642));
#9990 = CARTESIAN_POINT('',(-2.518251220803,-38.53631969408));
#9991 = CARTESIAN_POINT('',(-2.527859464953,-39.06054247024));
#9992 = CARTESIAN_POINT('',(-2.537490313558,-39.58527781278));
#9993 = CARTESIAN_POINT('',(-2.547144286368,-40.11052040112));
#9994 = CARTESIAN_POINT('',(-2.556821862737,-40.63626519361));
#9995 = CARTESIAN_POINT('',(-2.566523477002,-41.16250745485));
#9996 = CARTESIAN_POINT('',(-2.580444152116,-41.91641282048));
#9997 = CARTESIAN_POINT('',(-2.584643336198,-42.14367453928));
#9998 = CARTESIAN_POINT('',(-2.588847145614,-42.37102735718));
#9999 = CARTESIAN_POINT('',(-2.593055659746,-42.59847070199));
#10000 = CARTESIAN_POINT('',(-2.597268957862,-42.82600401158));
#10001 = CARTESIAN_POINT('',(-2.601487119107,-43.05362673393));
#10002 = CARTESIAN_POINT('',(-2.605710222508,-43.28133832707));
#10003 = CARTESIAN_POINT('',(-2.619168163024,-44.00641583155));
#10004 = CARTESIAN_POINT('',(-2.628421903673,-44.5041143379));
#10005 = CARTESIAN_POINT('',(-2.63770039272,-45.00222826681));
#10006 = CARTESIAN_POINT('',(-2.647004445962,-45.50075230328));
#10007 = CARTESIAN_POINT('',(-2.656334871186,-45.99968132865));
#10008 = CARTESIAN_POINT('',(-2.665692468176,-46.49901042066));
#10009 = CARTESIAN_POINT('',(-2.675078028707,-46.9987348534));
#10010 = CARTESIAN_POINT('',(-2.689097799372,-47.74350559428));
#10011 = CARTESIAN_POINT('',(-2.693710141164,-47.98825460903));
#10012 = CARTESIAN_POINT('',(-2.698329524617,-48.23309635697));
#10013 = CARTESIAN_POINT('',(-2.702956115213,-48.47803006505));
#10014 = CARTESIAN_POINT('',(-2.707590081223,-48.72305497184));
#10015 = CARTESIAN_POINT('',(-2.712231593707,-48.96817032751));
#10016 = CARTESIAN_POINT('',(-2.716880826512,-49.21337539381));
#10017 = CARTESIAN_POINT('',(-2.730817212976,-49.94741392286));
#10018 = CARTESIAN_POINT('',(-2.740127829218,-50.43651163778));
#10019 = CARTESIAN_POINT('',(-2.749471188756,-50.92595686369));
#10020 = CARTESIAN_POINT('',(-2.758848738317,-51.41574402142));
#10021 = CARTESIAN_POINT('',(-2.768261987601,-51.90586767786));
#10022 = CARTESIAN_POINT('',(-2.777712509284,-52.39632254595));
#10023 = CARTESIAN_POINT('',(-2.787201939015,-52.88710348465));
#10024 = CARTESIAN_POINT('',(-2.801310874921,-53.614165434));
#10025 = CARTESIAN_POINT('',(-2.805899161643,-53.8501994528));
#10026 = CARTESIAN_POINT('',(-2.810497102419,-54.086306798));
#10027 = CARTESIAN_POINT('',(-2.815104973653,-54.32248671985));
#10028 = CARTESIAN_POINT('',(-2.819723061317,-54.55873847626));
#10029 = CARTESIAN_POINT('',(-2.824351660954,-54.79506133283));
#10030 = CARTESIAN_POINT('',(-2.828991077678,-55.0314545628));
#10031 = CARTESIAN_POINT('',(-2.839484150381,-55.56498780963));
#10032 = CARTESIAN_POINT('',(-2.845344248279,-55.86216810403));
#10033 = CARTESIAN_POINT('',(-2.851222540368,-56.15945690598));
#10034 = CARTESIAN_POINT('',(-2.857119680705,-56.45685280534));
#10035 = CARTESIAN_POINT('',(-2.863036356902,-56.75435440623));
#10036 = CARTESIAN_POINT('',(-2.868973290127,-57.05196032694));
#10037 = CARTESIAN_POINT('',(-2.874931235101,-57.34966920002));
#10038 = CARTESIAN_POINT('',(-2.886808758144,-57.94120792727));
#10039 = CARTESIAN_POINT('',(-2.892727770325,-58.23503500796));
#10040 = CARTESIAN_POINT('',(-2.898668644757,-58.52895981883));
#10041 = CARTESIAN_POINT('',(-2.904632487683,-58.82298050836));
#10042 = CARTESIAN_POINT('',(-2.910619873071,-59.11709626254));
#10043 = CARTESIAN_POINT('',(-2.916631528581,-59.41130611659));
#10044 = CARTESIAN_POINT('',(-2.922668961234,-59.70560784628));
#10045 = CARTESIAN_POINT('',(-2.928733266103,-60.));
#10046 = ( GEOMETRIC_REPRESENTATION_CONTEXT(2) 
PARAMETRIC_REPRESENTATION_CONTEXT() REPRESENTATION_CONTEXT('2D SPACE',''
  ) );
#10047 = ORIENTED_EDGE('',*,*,#4440,.F.);
#10048 = ORIENTED_EDGE('',*,*,#9613,.T.);
#10049 = ORIENTED_EDGE('',*,*,#5558,.T.);
#10050 = ADVANCED_FACE('',(#10051),#4428,.T.);
#10051 = FACE_BOUND('',#10052,.T.);
#10052 = EDGE_LOOP('',(#10053,#10054,#10450,#10451));
#10053 = ORIENTED_EDGE('',*,*,#4411,.T.);
#10054 = ORIENTED_EDGE('',*,*,#10055,.T.);
#10055 = EDGE_CURVE('',#4352,#5588,#10056,.T.);
#10056 = SURFACE_CURVE('',#10057,(#10186,#10318),.PCURVE_S1.);
#10057 = B_SPLINE_CURVE_WITH_KNOTS('',8,(#10058,#10059,#10060,#10061,
    #10062,#10063,#10064,#10065,#10066,#10067,#10068,#10069,#10070,
    #10071,#10072,#10073,#10074,#10075,#10076,#10077,#10078,#10079,
    #10080,#10081,#10082,#10083,#10084,#10085,#10086,#10087,#10088,
    #10089,#10090,#10091,#10092,#10093,#10094,#10095,#10096,#10097,
    #10098,#10099,#10100,#10101,#10102,#10103,#10104,#10105,#10106,
    #10107,#10108,#10109,#10110,#10111,#10112,#10113,#10114,#10115,
    #10116,#10117,#10118,#10119,#10120,#10121,#10122,#10123,#10124,
    #10125,#10126,#10127,#10128,#10129,#10130,#10131,#10132,#10133,
    #10134,#10135,#10136,#10137,#10138,#10139,#10140,#10141,#10142,
    #10143,#10144,#10145,#10146,#10147,#10148,#10149,#10150,#10151,
    #10152,#10153,#10154,#10155,#10156,#10157,#10158,#10159,#10160,
    #10161,#10162,#10163,#10164,#10165,#10166,#10167,#10168,#10169,
    #10170,#10171,#10172,#10173,#10174,#10175,#10176,#10177,#10178,
    #10179,#10180,#10181,#10182,#10183,#10184,#10185),.UNSPECIFIED.,.F.,
  .F.,(9,7,7,7,7,7,7,7,7,7,7,7,7,7,7,7,7,7,9),(0.,5.894428045293E-02,
    0.117914823584,0.219940961659,0.319364134157,0.33719198178,
    0.417499466896,0.439792890546,0.514442644746,0.611441628632,
    0.64010983568,0.706290795913,0.736949820681,0.800257622668,
    0.832901480979,0.894570331051,0.925852113297,0.962629825944,1.),
  .UNSPECIFIED.);
#10058 = CARTESIAN_POINT('',(-44.30298660946,23.178554257805,
    2.23366299002E-16));
#10059 = CARTESIAN_POINT('',(-44.25431796133,22.750052536333,
    0.414453149699));
#10060 = CARTESIAN_POINT('',(-44.20114721678,22.32322274815,
    0.82941897093));
#10061 = CARTESIAN_POINT('',(-44.14349390214,21.898126402668,
    1.244896781271));
#10062 = CARTESIAN_POINT('',(-44.08136710654,21.474839989355,
    1.660892784139));
#10063 = CARTESIAN_POINT('',(-44.01481126553,21.053395486501,
    2.077394377759));
#10064 = CARTESIAN_POINT('',(-43.94383280742,20.633874817901,
    2.494409786494));
#10065 = CARTESIAN_POINT('',(-43.8684652732,20.216326599335,
    2.911933256507));
#10066 = CARTESIAN_POINT('',(-43.70896134208,19.385117827259,
    3.748184208122));
#10067 = CARTESIAN_POINT('',(-43.62482148405,18.971458570172,
    4.166911975439));
#10068 = CARTESIAN_POINT('',(-43.53633659255,18.559897528995,
    4.586148246872));
#10069 = CARTESIAN_POINT('',(-43.4435325264,18.150495716681,
    5.005892551958));
#10070 = CARTESIAN_POINT('',(-43.34643590707,17.743314638009,
    5.426144609815));
#10071 = CARTESIAN_POINT('',(-43.24507411865,17.338416289587,
    5.846904329148));
#10072 = CARTESIAN_POINT('',(-43.13947530788,16.935863159849,
    6.268171808242));
#10073 = CARTESIAN_POINT('',(-42.83968918823,15.843419332156,
    7.419669766566));
#10074 = CARTESIAN_POINT('',(-42.63711441135,15.158328580764,
    8.150912419392));
#10075 = CARTESIAN_POINT('',(-42.42211303076,14.480740296915,
    8.883666405259));
#10076 = CARTESIAN_POINT('',(-42.19485922209,13.810952240359,
    9.617924336299));
#10077 = CARTESIAN_POINT('',(-41.95553315517,13.149265578901,
    10.353680434979));
#10078 = CARTESIAN_POINT('',(-41.70432178978,12.495984858737,
    11.090930644106));
#10079 = CARTESIAN_POINT('',(-41.44141967155,11.851417974796,
    11.829672736843));
#10080 = CARTESIAN_POINT('',(-40.89964022112,10.596548716204,
    13.291254732415));
#10081 = CARTESIAN_POINT('',(-40.6213427899,9.985790011673,
    14.014018266604));
#10082 = CARTESIAN_POINT('',(-40.33234010614,9.383854824987,
    14.738186949165));
#10083 = CARTESIAN_POINT('',(-40.03283992198,8.79100029521,
    15.463751978485));
#10084 = CARTESIAN_POINT('',(-39.72305578604,8.20748584711,
    16.190705948204));
#10085 = CARTESIAN_POINT('',(-39.40320776,7.633573135301,16.919042963945
    ));
#10086 = CARTESIAN_POINT('',(-39.07352313507,7.069525988385,
    17.648758760065));
#10087 = CARTESIAN_POINT('',(-38.67339882764,6.416286188572,
    18.510944981368));
#10088 = CARTESIAN_POINT('',(-38.61225181612,6.317287736804,
    18.642083372596));
#10089 = CARTESIAN_POINT('',(-38.55079753955,6.218616319011,
    18.773265917433));
#10090 = CARTESIAN_POINT('',(-38.48903742916,6.120273257536,
    18.904492544845));
#10091 = CARTESIAN_POINT('',(-38.42697292175,6.022259875838,
    19.035763185407));
#10092 = CARTESIAN_POINT('',(-38.36460545975,5.924577498489,
    19.1670777713));
#10093 = CARTESIAN_POINT('',(-38.30193649117,5.827227451182,
    19.298436236311));
#10094 = CARTESIAN_POINT('',(-37.95531664042,5.293190142777,
    20.021754423494));
#10095 = CARTESIAN_POINT('',(-37.6655773345,4.862939714139,
    20.614559292175));
#10096 = CARTESIAN_POINT('',(-37.36988238492,4.43958090495,
    21.208247361591));
#10097 = CARTESIAN_POINT('',(-37.06836708693,4.023235521998,
    21.802813390599));
#10098 = CARTESIAN_POINT('',(-36.7611694568,3.614025997008,
    22.398252700011));
#10099 = CARTESIAN_POINT('',(-36.44843049074,3.212075334939,
    22.994561215413));
#10100 = CARTESIAN_POINT('',(-36.13029442382,2.817507062285,
    23.591735509981));
#10101 = CARTESIAN_POINT('',(-35.71713692721,2.322996478509,
    24.355788502006));
#10102 = CARTESIAN_POINT('',(-35.62696035283,2.216126199698,
    24.521870644243));
#10103 = CARTESIAN_POINT('',(-35.53638251974,2.10983653374,
    24.688019106192));
#10104 = CARTESIAN_POINT('',(-35.4454066956,2.004129676039,
    24.854233723798));
#10105 = CARTESIAN_POINT('',(-35.35403616171,1.8990078226,
    25.020514336774));
#10106 = CARTESIAN_POINT('',(-35.26227421299,1.794473170028,
    25.186860788598));
#10107 = CARTESIAN_POINT('',(-35.17012415799,1.690527915531,
    25.353272926514));
#10108 = CARTESIAN_POINT('',(-34.76773547574,1.241093487434,
    26.07720277733));
#10109 = CARTESIAN_POINT('',(-34.45356728324,0.90164605702,
    26.635389707116));
#10110 = CARTESIAN_POINT('',(-34.13520944551,0.568914393932,
    27.194305911647));
#10111 = CARTESIAN_POINT('',(-33.81278854788,0.242981141104,
    27.753946266547));
#10112 = CARTESIAN_POINT('',(-33.48643323785,-7.607089343958E-02,
    28.31430603541));
#10113 = CARTESIAN_POINT('',(-33.15627440612,-0.388158786176,
    28.875380902921));
#10114 = CARTESIAN_POINT('',(-32.82244536759,-0.693199547679,
    29.43716700796));
#10115 = CARTESIAN_POINT('',(-32.04671623526,-1.378211619192,
    30.730558807482));
#10116 = CARTESIAN_POINT('',(-31.60238340503,-1.753274158737,
    31.462651311228));
#10117 = CARTESIAN_POINT('',(-31.15238524845,-2.116156745256,
    32.19592296369));
#10118 = CARTESIAN_POINT('',(-30.69702797051,-2.466718416517,
    32.930359113182));
#10119 = CARTESIAN_POINT('',(-30.23662293446,-2.804818520303,
    33.665946116346));
#10120 = CARTESIAN_POINT('',(-29.77148731182,-3.130316941072,
    34.402671473908));
#10121 = CARTESIAN_POINT('',(-29.30194473237,-3.443074326626,
    35.140523966418));
#10122 = CARTESIAN_POINT('',(-28.68834713005,-3.831581740655,
    36.097897520193));
#10123 = CARTESIAN_POINT('',(-28.54801228538,-3.919086297991,
    36.316398783897));
#10124 = CARTESIAN_POINT('',(-28.40732991521,-4.005463532971,
    36.534997111886));
#10125 = CARTESIAN_POINT('',(-28.26630856683,-4.090711001029,
    36.753692043855));
#10126 = CARTESIAN_POINT('',(-28.12495681977,-4.174826266844,
    36.972483128436));
#10127 = CARTESIAN_POINT('',(-27.98328328583,-4.257806904337,
    37.191369923192));
#10128 = CARTESIAN_POINT('',(-27.84129660906,-4.339650496671,
    37.410351994622));
#10129 = CARTESIAN_POINT('',(-27.37052435499,-4.606661280527,
    38.135171085441));
#10130 = CARTESIAN_POINT('',(-27.04042080951,-4.78689553524,
    38.641418706219));
#10131 = CARTESIAN_POINT('',(-26.70880137417,-4.961027724335,
    39.148166590141));
#10132 = CARTESIAN_POINT('',(-26.37577385203,-5.129028471828,
    39.655409753679));
#10133 = CARTESIAN_POINT('',(-26.04144730439,-5.29086870182,
    40.163143420121));
#10134 = CARTESIAN_POINT('',(-25.70593205077,-5.446519638487,
    40.671363019578));
#10135 = CARTESIAN_POINT('',(-25.36933966893,-5.595952806087,
    41.180064188979));
#10136 = CARTESIAN_POINT('',(-24.87540632107,-5.805473013504,
    41.925125097371));
#10137 = CARTESIAN_POINT('',(-24.71882271915,-5.870465660958,
    42.161109853552));
#10138 = CARTESIAN_POINT('',(-24.56204323178,-5.934116616393,
    42.397196394954));
#10139 = CARTESIAN_POINT('',(-24.40507893667,-5.996424542275,
    42.633384086377));
#10140 = CARTESIAN_POINT('',(-24.24794094669,-6.057388118467,
    42.869672303085));
#10141 = CARTESIAN_POINT('',(-24.09064040976,-6.117006042224,
    43.106060430805));
#10142 = CARTESIAN_POINT('',(-23.93318850893,-6.175277028197,
    43.342547865727));
#10143 = CARTESIAN_POINT('',(-23.45018473922,-6.34973962344,
    44.067660612228));
#10144 = CARTESIAN_POINT('',(-23.12417557732,-6.461530969652,
    44.556608070956));
#10145 = CARTESIAN_POINT('',(-22.79766759991,-6.567562633203,
    45.045971197719));
#10146 = CARTESIAN_POINT('',(-22.47076035205,-6.667823761524,
    45.535744942234));
#10147 = CARTESIAN_POINT('',(-22.14355430066,-6.762303863336,
    46.025924396904));
#10148 = CARTESIAN_POINT('',(-21.81615083449,-6.850992808656,
    46.516504796821));
#10149 = CARTESIAN_POINT('',(-21.48865226411,-6.93388082879,
    47.007481519763));
#10150 = CARTESIAN_POINT('',(-20.99229556443,-7.050702640004,
    47.752218002275));
#10151 = CARTESIAN_POINT('',(-20.82343150207,-7.088901904427,
    48.005690090844));
#10152 = CARTESIAN_POINT('',(-20.65458336536,-7.125556819454,
    48.259265486228));
#10153 = CARTESIAN_POINT('',(-20.48576491775,-7.160667920621,
    48.512943334108));
#10154 = CARTESIAN_POINT('',(-20.31698995569,-7.194235769152,
    48.766722791527));
#10155 = CARTESIAN_POINT('',(-20.14827230856,-7.226260951959,
    49.020603026887));
#10156 = CARTESIAN_POINT('',(-19.97962583872,-7.256744081645,
    49.27458321995));
#10157 = CARTESIAN_POINT('',(-19.49262820048,-7.340360775694,
    50.008654255583));
#10158 = CARTESIAN_POINT('',(-19.17449566574,-7.389534704976,
    50.488999757592));
#10159 = CARTESIAN_POINT('',(-18.85676041911,-7.433211828407,
    50.9696936483));
#10160 = CARTESIAN_POINT('',(-18.53951670405,-7.471396767955,
    51.450730597869));
#10161 = CARTESIAN_POINT('',(-18.22285942567,-7.504094523484,
    51.932105366197));
#10162 = CARTESIAN_POINT('',(-17.90688415069,-7.531310472764,
    52.413812802906));
#10163 = CARTESIAN_POINT('',(-17.59168710749,-7.55305037146,
    52.895847847353));
#10164 = CARTESIAN_POINT('',(-17.11792407617,-7.577573369432,
    53.622883480824));
#10165 = CARTESIAN_POINT('',(-16.95870809047,-7.584419154431,
    53.86764441281));
#10166 = CARTESIAN_POINT('',(-16.7997293054,-7.58986010935,
    54.112487485582));
#10167 = CARTESIAN_POINT('',(-16.64099981162,-7.59389865451,
    54.357411867077));
#10168 = CARTESIAN_POINT('',(-16.482531714,-7.596537229344,
    54.60241673217));
#10169 = CARTESIAN_POINT('',(-16.32433713163,-7.597778292397,
    54.84750126267));
#10170 = CARTESIAN_POINT('',(-16.16642819779,-7.597624321328,
    55.092664647322));
#10171 = CARTESIAN_POINT('',(-15.82351504971,-7.594259596731,
    55.626234251071));
#10172 = CARTESIAN_POINT('',(-15.63862467793,-7.5905165463,
    55.914670299386));
#10173 = CARTESIAN_POINT('',(-15.45416568374,-7.584852718181,
    56.203212921532));
#10174 = CARTESIAN_POINT('',(-15.27015785355,-7.577272204926,
    56.491860818863));
#10175 = CARTESIAN_POINT('',(-15.086621021,-7.567779135073,
    56.780612699313));
#10176 = CARTESIAN_POINT('',(-14.90357506702,-7.556377673145,
    57.069467277386));
#10177 = CARTESIAN_POINT('',(-14.72103991982,-7.543072019646,
    57.358423274165));
#10178 = CARTESIAN_POINT('',(-14.35409923589,-7.512415851519,
    57.941192038453));
#10179 = CARTESIAN_POINT('',(-14.1697107528,-7.495003961405,
    58.235008064276));
#10180 = CARTESIAN_POINT('',(-13.98589204063,-7.47563327906,
    58.528926295656));
#10181 = CARTESIAN_POINT('',(-13.80266198907,-7.45431263861,
    58.822944978863));
#10182 = CARTESIAN_POINT('',(-13.62004361316,-7.431042652553,
    59.117063115178));
#10183 = CARTESIAN_POINT('',(-13.43805921654,-7.405825584412,
    59.411279596845));
#10184 = CARTESIAN_POINT('',(-13.25672603086,-7.378674151043,
    59.705592391847));
#10185 = CARTESIAN_POINT('',(-13.07606481553,-7.349593794215,60.));
#10186 = PCURVE('',#4428,#10187);
#10187 = DEFINITIONAL_REPRESENTATION('',(#10188),#10317);
#10188 = B_SPLINE_CURVE_WITH_KNOTS('',8,(#10189,#10190,#10191,#10192,
    #10193,#10194,#10195,#10196,#10197,#10198,#10199,#10200,#10201,
    #10202,#10203,#10204,#10205,#10206,#10207,#10208,#10209,#10210,
    #10211,#10212,#10213,#10214,#10215,#10216,#10217,#10218,#10219,
    #10220,#10221,#10222,#10223,#10224,#10225,#10226,#10227,#10228,
    #10229,#10230,#10231,#10232,#10233,#10234,#10235,#10236,#10237,
    #10238,#10239,#10240,#10241,#10242,#10243,#10244,#10245,#10246,
    #10247,#10248,#10249,#10250,#10251,#10252,#10253,#10254,#10255,
    #10256,#10257,#10258,#10259,#10260,#10261,#10262,#10263,#10264,
    #10265,#10266,#10267,#10268,#10269,#10270,#10271,#10272,#10273,
    #10274,#10275,#10276,#10277,#10278,#10279,#10280,#10281,#10282,
    #10283,#10284,#10285,#10286,#10287,#10288,#10289,#10290,#10291,
    #10292,#10293,#10294,#10295,#10296,#10297,#10298,#10299,#10300,
    #10301,#10302,#10303,#10304,#10305,#10306,#10307,#10308,#10309,
    #10310,#10311,#10312,#10313,#10314,#10315,#10316),.UNSPECIFIED.,.F.,
  .F.,(9,7,7,7,7,7,7,7,7,7,7,7,7,7,7,7,7,7,9),(0.,5.894428045293E-02,
    0.117914823584,0.219940961659,0.319364134157,0.33719198178,
    0.417499466896,0.439792890546,0.514442644746,0.611441628632,
    0.64010983568,0.706290795913,0.736949820681,0.800257622668,
    0.832901480979,0.894570331051,0.925852113297,0.962629825944,1.),
  .UNSPECIFIED.);
#10189 = CARTESIAN_POINT('',(-2.659571385944,0.));
#10190 = CARTESIAN_POINT('',(-2.666713720794,-0.414453149705));
#10191 = CARTESIAN_POINT('',(-2.673863623669,-0.82941897091));
#10192 = CARTESIAN_POINT('',(-2.681021059522,-1.244896781303));
#10193 = CARTESIAN_POINT('',(-2.688185610115,-1.660892784109));
#10194 = CARTESIAN_POINT('',(-2.695357971633,-2.077394377775));
#10195 = CARTESIAN_POINT('',(-2.702537581943,-2.49440978649));
#10196 = CARTESIAN_POINT('',(-2.709724710141,-2.911933256507));
#10197 = CARTESIAN_POINT('',(-2.724116962318,-3.748184208122));
#10198 = CARTESIAN_POINT('',(-2.731322104679,-4.166911975439));
#10199 = CARTESIAN_POINT('',(-2.738534627778,-4.586148246872));
#10200 = CARTESIAN_POINT('',(-2.745754478786,-5.005892551958));
#10201 = CARTESIAN_POINT('',(-2.75298158481,-5.426144609815));
#10202 = CARTESIAN_POINT('',(-2.760215852896,-5.846904329148));
#10203 = CARTESIAN_POINT('',(-2.767457170029,-6.268171808242));
#10204 = CARTESIAN_POINT('',(-2.787245718887,-7.419669766566));
#10205 = CARTESIAN_POINT('',(-2.799806745158,-8.150912419392));
#10206 = CARTESIAN_POINT('',(-2.812388568534,-8.883666405259));
#10207 = CARTESIAN_POINT('',(-2.824991117289,-9.617924336299));
#10208 = CARTESIAN_POINT('',(-2.837614142507,-10.35368043497));
#10209 = CARTESIAN_POINT('',(-2.850257199207,-11.0909306441));
#10210 = CARTESIAN_POINT('',(-2.862919627478,-11.82967273684));
#10211 = CARTESIAN_POINT('',(-2.887957915164,-13.29125473241));
#10212 = CARTESIAN_POINT('',(-2.900332889734,-14.0140182666));
#10213 = CARTESIAN_POINT('',(-2.912725465966,-14.73818694916));
#10214 = CARTESIAN_POINT('',(-2.925135484581,-15.46375197848));
#10215 = CARTESIAN_POINT('',(-2.937562594982,-16.1907059482));
#10216 = CARTESIAN_POINT('',(-2.950006231873,-16.91904296394));
#10217 = CARTESIAN_POINT('',(-2.962465591865,-17.64875876006));
#10218 = CARTESIAN_POINT('',(-2.97717636125,-18.51094498136));
#10219 = CARTESIAN_POINT('',(-2.97941358493,-18.64208337259));
#10220 = CARTESIAN_POINT('',(-2.981651280599,-18.77326591743));
#10221 = CARTESIAN_POINT('',(-2.983889447511,-18.90449254484));
#10222 = CARTESIAN_POINT('',(-2.986128084703,-19.0357631854));
#10223 = CARTESIAN_POINT('',(-2.988367190997,-19.1670777713));
#10224 = CARTESIAN_POINT('',(-2.990606765002,-19.29843623631));
#10225 = CARTESIAN_POINT('',(-3.002937310222,-20.02175442349));
#10226 = CARTESIAN_POINT('',(-3.013037271564,-20.61455929217));
#10227 = CARTESIAN_POINT('',(-3.023146543049,-21.20824736159));
#10228 = CARTESIAN_POINT('',(-3.033264884045,-21.80281339059));
#10229 = CARTESIAN_POINT('',(-3.04339194785,-22.39825270001));
#10230 = CARTESIAN_POINT('',(-3.053527270165,-22.99456121541));
#10231 = CARTESIAN_POINT('',(-3.063670257578,-23.59173550998));
#10232 = CARTESIAN_POINT('',(-3.076637801711,-24.355788502));
#10233 = CARTESIAN_POINT('',(-3.079455962604,-24.52187064424));
#10234 = CARTESIAN_POINT('',(-3.082274655922,-24.68801910619));
#10235 = CARTESIAN_POINT('',(-3.085093878219,-24.85423372379));
#10236 = CARTESIAN_POINT('',(-3.087913625389,-25.02051433677));
#10237 = CARTESIAN_POINT('',(-3.090733892671,-25.18686078859));
#10238 = CARTESIAN_POINT('',(-3.093554674647,-25.35327292651));
#10239 = CARTESIAN_POINT('',(-3.105823085276,-26.07720277733));
#10240 = CARTESIAN_POINT('',(-3.115275906869,-26.63538970711));
#10241 = CARTESIAN_POINT('',(-3.124734201084,-27.19430591164));
#10242 = CARTESIAN_POINT('',(-3.134197650252,-27.75394626654));
#10243 = CARTESIAN_POINT('',(-3.143665836481,-28.31430603541));
#10244 = CARTESIAN_POINT('',(-3.153138230183,-28.87538090292));
#10245 = CARTESIAN_POINT('',(-3.162614178594,-29.43716700796));
#10246 = CARTESIAN_POINT('',(-3.18440942234,-30.73055880748));
#10247 = CARTESIAN_POINT('',(-3.196730614959,-31.46265131122));
#10248 = CARTESIAN_POINT('',(-3.20905598878,-32.19592296369));
#10249 = CARTESIAN_POINT('',(-3.221384786279,-32.93035911318));
#10250 = CARTESIAN_POINT('',(-3.2337159193,-33.66594611634));
#10251 = CARTESIAN_POINT('',(-3.246047912576,-34.4026714739));
#10252 = CARTESIAN_POINT('',(-3.258378847244,-35.14052396641));
#10253 = CARTESIAN_POINT('',(-3.274349704316,-36.09789752019));
#10254 = CARTESIAN_POINT('',(-3.277992805276,-36.31639878389));
#10255 = CARTESIAN_POINT('',(-3.281635583106,-36.53499711188));
#10256 = CARTESIAN_POINT('',(-3.285278010516,-36.75369204385));
#10257 = CARTESIAN_POINT('',(-3.288920057066,-36.97248312843));
#10258 = CARTESIAN_POINT('',(-3.292561689171,-37.19136992319));
#10259 = CARTESIAN_POINT('',(-3.296202870094,-37.41035199462));
#10260 = CARTESIAN_POINT('',(-3.30824814382,-38.13517108544));
#10261 = CARTESIAN_POINT('',(-3.316650094898,-38.64141870621));
#10262 = CARTESIAN_POINT('',(-3.325048946973,-39.14816659014));
#10263 = CARTESIAN_POINT('',(-3.333444106944,-39.65540975367));
#10264 = CARTESIAN_POINT('',(-3.341834854817,-40.16314342012));
#10265 = CARTESIAN_POINT('',(-3.350220343711,-40.67136301957));
#10266 = CARTESIAN_POINT('',(-3.35859959985,-41.18006418897));
#10267 = CARTESIAN_POINT('',(-3.370849903678,-41.92512509737));
#10268 = CARTESIAN_POINT('',(-3.374726711037,-42.16110985355));
#10269 = CARTESIAN_POINT('',(-3.37860188907,-42.39719639495));
#10270 = CARTESIAN_POINT('',(-3.38247537622,-42.63338408637));
#10271 = CARTESIAN_POINT('',(-3.386347104942,-42.86967230308));
#10272 = CARTESIAN_POINT('',(-3.390217001709,-43.1060604308));
#10273 = CARTESIAN_POINT('',(-3.39408498701,-43.34254786572));
#10274 = CARTESIAN_POINT('',(-3.405933852365,-44.06766061222));
#10275 = CARTESIAN_POINT('',(-3.413908192809,-44.55660807095));
#10276 = CARTESIAN_POINT('',(-3.421873276244,-45.04597119771));
#10277 = CARTESIAN_POINT('',(-3.42982822195,-45.53574494223));
#10278 = CARTESIAN_POINT('',(-3.437771988923,-46.0259243969));
#10279 = CARTESIAN_POINT('',(-3.445703375874,-46.51650479682));
#10280 = CARTESIAN_POINT('',(-3.45362102123,-47.00748151976));
#10281 = CARTESIAN_POINT('',(-3.46559816528,-47.75221800227));
#10282 = CARTESIAN_POINT('',(-3.469668862067,-48.00569009084));
#10283 = CARTESIAN_POINT('',(-3.473735362927,-48.25926548622));
#10284 = CARTESIAN_POINT('',(-3.477797524715,-48.5129433341));
#10285 = CARTESIAN_POINT('',(-3.481855191701,-48.76672279152));
#10286 = CARTESIAN_POINT('',(-3.485908195574,-49.02060302688));
#10287 = CARTESIAN_POINT('',(-3.489956355441,-49.27458321995));
#10288 = CARTESIAN_POINT('',(-3.501637505961,-50.00865425558));
#10289 = CARTESIAN_POINT('',(-3.509257518164,-50.48899975759));
#10290 = CARTESIAN_POINT('',(-3.516858263729,-50.9696936483));
#10291 = CARTESIAN_POINT('',(-3.524438242711,-51.45073059786));
#10292 = CARTESIAN_POINT('',(-3.531995705917,-51.93210536619));
#10293 = CARTESIAN_POINT('',(-3.539528654914,-52.4138128029));
#10294 = CARTESIAN_POINT('',(-3.547034842023,-52.89584784735));
#10295 = CARTESIAN_POINT('',(-3.558304473492,-53.62288348082));
#10296 = CARTESIAN_POINT('',(-3.562089648277,-53.86764441281));
#10297 = CARTESIAN_POINT('',(-3.565867051717,-54.11248748558));
#10298 = CARTESIAN_POINT('',(-3.569636420311,-54.35741186707));
#10299 = CARTESIAN_POINT('',(-3.573397470018,-54.60241673217));
#10300 = CARTESIAN_POINT('',(-3.577149896257,-54.84750126267));
#10301 = CARTESIAN_POINT('',(-3.580893373909,-55.09266464732));
#10302 = CARTESIAN_POINT('',(-3.589017803474,-55.62623425107));
#10303 = CARTESIAN_POINT('',(-3.593395194619,-55.91467029938));
#10304 = CARTESIAN_POINT('',(-3.597759174232,-56.20321292153));
#10305 = CARTESIAN_POINT('',(-3.602109129021,-56.49186081886));
#10306 = CARTESIAN_POINT('',(-3.606444388923,-56.78061269931));
#10307 = CARTESIAN_POINT('',(-3.610764227103,-57.06946727738));
#10308 = CARTESIAN_POINT('',(-3.615067859955,-57.35842327416));
#10309 = CARTESIAN_POINT('',(-3.623710087956,-57.94119203845));
#10310 = CARTESIAN_POINT('',(-3.628048148431,-58.23500806427));
#10311 = CARTESIAN_POINT('',(-3.632367593191,-58.52892629565));
#10312 = CARTESIAN_POINT('',(-3.63666777104,-58.82294497886));
#10313 = CARTESIAN_POINT('',(-3.640947348382,-59.11706311517));
#10314 = CARTESIAN_POINT('',(-3.645205010466,-59.41127959684));
#10315 = CARTESIAN_POINT('',(-3.649440097346,-59.70559239184));
#10316 = CARTESIAN_POINT('',(-3.653651341419,-60.));
#10317 = ( GEOMETRIC_REPRESENTATION_CONTEXT(2) 
PARAMETRIC_REPRESENTATION_CONTEXT() REPRESENTATION_CONTEXT('2D SPACE',''
  ) );
#10318 = PCURVE('',#4371,#10319);
#10319 = DEFINITIONAL_REPRESENTATION('',(#10320),#10449);
#10320 = B_SPLINE_CURVE_WITH_KNOTS('',8,(#10321,#10322,#10323,#10324,
    #10325,#10326,#10327,#10328,#10329,#10330,#10331,#10332,#10333,
    #10334,#10335,#10336,#10337,#10338,#10339,#10340,#10341,#10342,
    #10343,#10344,#10345,#10346,#10347,#10348,#10349,#10350,#10351,
    #10352,#10353,#10354,#10355,#10356,#10357,#10358,#10359,#10360,
    #10361,#10362,#10363,#10364,#10365,#10366,#10367,#10368,#10369,
    #10370,#10371,#10372,#10373,#10374,#10375,#10376,#10377,#10378,
    #10379,#10380,#10381,#10382,#10383,#10384,#10385,#10386,#10387,
    #10388,#10389,#10390,#10391,#10392,#10393,#10394,#10395,#10396,
    #10397,#10398,#10399,#10400,#10401,#10402,#10403,#10404,#10405,
    #10406,#10407,#10408,#10409,#10410,#10411,#10412,#10413,#10414,
    #10415,#10416,#10417,#10418,#10419,#10420,#10421,#10422,#10423,
    #10424,#10425,#10426,#10427,#10428,#10429,#10430,#10431,#10432,
    #10433,#10434,#10435,#10436,#10437,#10438,#10439,#10440,#10441,
    #10442,#10443,#10444,#10445,#10446,#10447,#10448),.UNSPECIFIED.,.F.,
  .F.,(9,7,7,7,7,7,7,7,7,7,7,7,7,7,7,7,7,7,9),(0.,5.894428045293E-02,
    0.117914823584,0.219940961659,0.319364134157,0.33719198178,
    0.417499466896,0.439792890546,0.514442644746,0.611441628632,
    0.64010983568,0.706290795913,0.736949820681,0.800257622668,
    0.832901480979,0.894570331051,0.925852113297,0.962629825944,1.),
  .UNSPECIFIED.);
#10321 = CARTESIAN_POINT('',(2.883975899738,7.142857142857E-02));
#10322 = CARTESIAN_POINT('',(2.883505758598,7.734933070998E-02));
#10323 = CARTESIAN_POINT('',(2.883030802586,8.327741387043E-02));
#10324 = CARTESIAN_POINT('',(2.882550458701,8.9212811161E-02));
#10325 = CARTESIAN_POINT('',(2.882065122191,9.5155611202E-02));
#10326 = CARTESIAN_POINT('',(2.881574367162,0.101105633968));
#10327 = CARTESIAN_POINT('',(2.881078483829,0.10706299695));
#10328 = CARTESIAN_POINT('',(2.880577218729,0.11302761795));
#10329 = CARTESIAN_POINT('',(2.879563676238,0.124974060116));
#10330 = CARTESIAN_POINT('',(2.879051378604,0.130955885363));
#10331 = CARTESIAN_POINT('',(2.878533598247,0.136944974955));
#10332 = CARTESIAN_POINT('',(2.878010236215,0.142941322171));
#10333 = CARTESIAN_POINT('',(2.877481163814,0.148944922997));
#10334 = CARTESIAN_POINT('',(2.876946222608,0.154955776131));
#10335 = CARTESIAN_POINT('',(2.876405224415,0.160973882975));
#10336 = CARTESIAN_POINT('',(2.87491110296,0.177423853808));
#10337 = CARTESIAN_POINT('',(2.873945479481,0.18787017742));
#10338 = CARTESIAN_POINT('',(2.872960797346,0.198338091504));
#10339 = CARTESIAN_POINT('',(2.871956711456,0.208827490519));
#10340 = CARTESIAN_POINT('',(2.870932735287,0.219338291928));
#10341 = CARTESIAN_POINT('',(2.869888161031,0.229870437773));
#10342 = CARTESIAN_POINT('',(2.86882197975,0.240423896241));
#10343 = CARTESIAN_POINT('',(2.866671411197,0.261303639035));
#10344 = CARTESIAN_POINT('',(2.8655882402,0.27162883238));
#10345 = CARTESIAN_POINT('',(2.864482845728,0.281974099274));
#10346 = CARTESIAN_POINT('',(2.863354728526,0.292339313978));
#10347 = CARTESIAN_POINT('',(2.862203251657,0.302724370689));
#10348 = CARTESIAN_POINT('',(2.861027559271,0.313129185199));
#10349 = CARTESIAN_POINT('',(2.859826495374,0.323553696572));
#10350 = CARTESIAN_POINT('',(2.858378331358,0.335870642591));
#10351 = CARTESIAN_POINT('',(2.858157276071,0.33774404818));
#10352 = CARTESIAN_POINT('',(2.857935352852,0.339618084535));
#10353 = CARTESIAN_POINT('',(2.857712557713,0.341492750641));
#10354 = CARTESIAN_POINT('',(2.857488886557,0.343368045506));
#10355 = CARTESIAN_POINT('',(2.857264335184,0.345243968161));
#10356 = CARTESIAN_POINT('',(2.857038899284,0.347120517662));
#10357 = CARTESIAN_POINT('',(2.855793069498,0.357453634621));
#10358 = CARTESIAN_POINT('',(2.85475552748,0.365922275602));
#10359 = CARTESIAN_POINT('',(2.853699538862,0.374403533737));
#10360 = CARTESIAN_POINT('',(2.852624644543,0.382897334151));
#10361 = CARTESIAN_POINT('',(2.851530302234,0.39140361));
#10362 = CARTESIAN_POINT('',(2.850415852849,0.399922303077));
#10363 = CARTESIAN_POINT('',(2.849280486898,0.408453364428));
#10364 = CARTESIAN_POINT('',(2.847801950102,0.419368407172));
#10365 = CARTESIAN_POINT('',(2.847479001754,0.421741009203));
#10366 = CARTESIAN_POINT('',(2.847154354332,0.42411455866));
#10367 = CARTESIAN_POINT('',(2.846827996026,0.426489053197));
#10368 = CARTESIAN_POINT('',(2.846499914716,0.428864490525));
#10369 = CARTESIAN_POINT('',(2.846170097968,0.431240868409));
#10370 = CARTESIAN_POINT('',(2.845838533037,0.433618184664));
#10371 = CARTESIAN_POINT('',(2.844389060814,0.443960039676));
#10372 = CARTESIAN_POINT('',(2.843253167291,0.451934138673));
#10373 = CARTESIAN_POINT('',(2.842097029382,0.459918655881));
#10374 = CARTESIAN_POINT('',(2.840920103264,0.467913518094));
#10375 = CARTESIAN_POINT('',(2.839721770845,0.475918657649));
#10376 = CARTESIAN_POINT('',(2.838501312396,0.483934012899));
#10377 = CARTESIAN_POINT('',(2.837257879197,0.491959528685));
#10378 = CARTESIAN_POINT('',(2.834343605075,0.510436554393));
#10379 = CARTESIAN_POINT('',(2.832656259939,0.520895018732));
#10380 = CARTESIAN_POINT('',(2.830926991057,0.531370328053));
#10381 = CARTESIAN_POINT('',(2.829154289024,0.541862273045));
#10382 = CARTESIAN_POINT('',(2.827336464183,0.552370658805));
#10383 = CARTESIAN_POINT('',(2.825471536063,0.56289530677));
#10384 = CARTESIAN_POINT('',(2.82355712283,0.573436056663));
#10385 = CARTESIAN_POINT('',(2.821009042134,0.587112821717));
#10386 = CARTESIAN_POINT('',(2.820423180629,0.590234268341));
#10387 = CARTESIAN_POINT('',(2.819832691807,0.593357101598));
#10388 = CARTESIAN_POINT('',(2.819237519798,0.596481314912));
#10389 = CARTESIAN_POINT('',(2.818637607265,0.599606901835));
#10390 = CARTESIAN_POINT('',(2.818032895412,0.602733856046));
#10391 = CARTESIAN_POINT('',(2.817423323975,0.605862171352));
#10392 = CARTESIAN_POINT('',(2.815390266061,0.616216729792));
#10393 = CARTESIAN_POINT('',(2.813945452372,0.62344883866));
#10394 = CARTESIAN_POINT('',(2.812473664958,0.630688094145));
#10395 = CARTESIAN_POINT('',(2.810974084314,0.637934425053));
#10396 = CARTESIAN_POINT('',(2.809445796639,0.645187763145));
#10397 = CARTESIAN_POINT('',(2.807887793837,0.652448043137));
#10398 = CARTESIAN_POINT('',(2.806298973513,0.6597152027));
#10399 = CARTESIAN_POINT('',(2.803927270359,0.670358929962));
#10400 = CARTESIAN_POINT('',(2.803169527703,0.673730140765));
#10401 = CARTESIAN_POINT('',(2.802404811356,0.677102805642));
#10402 = CARTESIAN_POINT('',(2.801633018971,0.68047691552));
#10403 = CARTESIAN_POINT('',(2.800854045505,0.683852461473));
#10404 = CARTESIAN_POINT('',(2.800067783226,0.687229434726));
#10405 = CARTESIAN_POINT('',(2.799274121706,0.690607826653));
#10406 = CARTESIAN_POINT('',(2.796818604352,0.700966580175));
#10407 = CARTESIAN_POINT('',(2.795132207966,0.707951543871));
#10408 = CARTESIAN_POINT('',(2.793412794647,0.714942445682));
#10409 = CARTESIAN_POINT('',(2.79165929851,0.72193921346));
#10410 = CARTESIAN_POINT('',(2.789870551798,0.728941777099));
#10411 = CARTESIAN_POINT('',(2.788045284883,0.735950068526));
#10412 = CARTESIAN_POINT('',(2.78618212627,0.742964021711));
#10413 = CARTESIAN_POINT('',(2.783298590591,0.753603114318));
#10414 = CARTESIAN_POINT('',(2.782307105769,0.757224144155));
#10415 = CARTESIAN_POINT('',(2.781304965752,0.760846649803));
#10416 = CARTESIAN_POINT('',(2.780291982947,0.764470619059));
#10417 = CARTESIAN_POINT('',(2.77926796454,0.768096039879));
#10418 = CARTESIAN_POINT('',(2.778232712498,0.771722900384));
#10419 = CARTESIAN_POINT('',(2.777186023567,0.775351188856));
#10420 = CARTESIAN_POINT('',(2.774128346608,0.785837917937));
#10421 = CARTESIAN_POINT('',(2.772087419404,0.792699996537));
#10422 = CARTESIAN_POINT('',(2.770003535132,0.799567052119));
#10423 = CARTESIAN_POINT('',(2.767875195728,0.806439008541));
#10424 = CARTESIAN_POINT('',(2.765700777599,0.813315790946));
#10425 = CARTESIAN_POINT('',(2.763478531624,0.820197325756));
#10426 = CARTESIAN_POINT('',(2.761206583149,0.827083540676));
#10427 = CARTESIAN_POINT('',(2.757704250221,0.837469764012));
#10428 = CARTESIAN_POINT('',(2.756512260676,0.840966348754));
#10429 = CARTESIAN_POINT('',(2.755306714887,0.844464106937));
#10430 = CARTESIAN_POINT('',(2.754087357515,0.847963026673));
#10431 = CARTESIAN_POINT('',(2.752853926355,0.851463096174));
#10432 = CARTESIAN_POINT('',(2.751606152332,0.854964303752));
#10433 = CARTESIAN_POINT('',(2.750343759505,0.858466637819));
#10434 = CARTESIAN_POINT('',(2.747564761378,0.86608906073));
#10435 = CARTESIAN_POINT('',(2.746042457194,0.870209575706));
#10436 = CARTESIAN_POINT('',(2.744499094264,0.874331613165));
#10437 = CARTESIAN_POINT('',(2.742934194993,0.878455154555));
#10438 = CARTESIAN_POINT('',(2.741347262445,0.882580181419));
#10439 = CARTESIAN_POINT('',(2.739737780342,0.886706675391));
#10440 = CARTESIAN_POINT('',(2.738105213063,0.890834618202));
#10441 = CARTESIAN_POINT('',(2.734766117965,0.899159886264));
#10442 = CARTESIAN_POINT('',(2.733058822692,0.903357258061));
#10443 = CARTESIAN_POINT('',(2.731326520109,0.907556089938));
#10444 = CARTESIAN_POINT('',(2.729568629383,0.911756356841));
#10445 = CARTESIAN_POINT('',(2.727784488963,0.915958044503));
#10446 = CARTESIAN_POINT('',(2.725973412648,0.920161137098));
#10447 = CARTESIAN_POINT('',(2.72413475059,0.924365605598));
#10448 = CARTESIAN_POINT('',(2.722267804434,0.928571428571));
#10449 = ( GEOMETRIC_REPRESENTATION_CONTEXT(2) 
PARAMETRIC_REPRESENTATION_CONTEXT() REPRESENTATION_CONTEXT('2D SPACE',''
  ) );
#10450 = ORIENTED_EDGE('',*,*,#5587,.T.);
#10451 = ORIENTED_EDGE('',*,*,#9652,.F.);
#10452 = ADVANCED_FACE('',(#10453),#4371,.F.);
#10453 = FACE_BOUND('',#10454,.F.);
#10454 = EDGE_LOOP('',(#10455,#10488,#10489,#10490));
#10455 = ORIENTED_EDGE('',*,*,#10456,.F.);
#10456 = EDGE_CURVE('',#4292,#5616,#10457,.T.);
#10457 = SURFACE_CURVE('',#10458,(#10474,#10481),.PCURVE_S1.);
#10458 = ( BOUNDED_CURVE() B_SPLINE_CURVE(3,(#10459,#10460,#10461,#10462
    ,#10463,#10464,#10465,#10466,#10467,#10468,#10469,#10470,#10471,
#10472,#10473),.UNSPECIFIED.,.F.,.F.) B_SPLINE_CURVE_WITH_KNOTS((4,1,1,1
    ,1,1,1,1,1,1,1,1,4),(0.,8.333333333333E-02,0.166666666667,0.25,
    0.333333333333,0.416666666667,0.5,0.583333333333,0.666666666667,0.75
,0.833333333333,0.916666666667,1.),.QUASI_UNIFORM_KNOTS.) CURVE() 
GEOMETRIC_REPRESENTATION_ITEM() RATIONAL_B_SPLINE_CURVE((1.,1.,1.,1.,1.,
1.,1.,1.,1.,1.,1.,1.,1.,1.,1.)) REPRESENTATION_ITEM('') );
#10459 = CARTESIAN_POINT('',(-58.10884705443,36.793159296181,-5.));
#10460 = CARTESIAN_POINT('',(-58.1162164105,34.055259079373,
    -3.055555555556));
#10461 = CARTESIAN_POINT('',(-57.77347224687,28.705951089726,
    0.833333333333));
#10462 = CARTESIAN_POINT('',(-56.27213323768,21.18868019125,
    6.666666666667));
#10463 = CARTESIAN_POINT('',(-53.88318343948,14.291730543592,12.5));
#10464 = CARTESIAN_POINT('',(-50.71873152718,8.113576260317,
    18.333333333333));
#10465 = CARTESIAN_POINT('',(-46.90131708703,2.736208816021,
    24.166666666667));
#10466 = CARTESIAN_POINT('',(-42.56171503326,-1.775926147757,30.));
#10467 = CARTESIAN_POINT('',(-37.83662612416,-5.376716317711,
    35.833333333333));
#10468 = CARTESIAN_POINT('',(-32.86631504699,-8.03879557058,
    41.666666666667));
#10469 = CARTESIAN_POINT('',(-27.79224197747,-9.753853111037,47.5));
#10470 = CARTESIAN_POINT('',(-22.75463144146,-10.53257017318,
    53.333333333333));
#10471 = CARTESIAN_POINT('',(-17.89007242343,-10.40425956392,
    59.166666666667));
#10472 = CARTESIAN_POINT('',(-14.84946937799,-9.745562549684,
    63.055555555555));
#10473 = CARTESIAN_POINT('',(-13.40017127067,-9.283646608419,65.));
#10474 = PCURVE('',#4371,#10475);
#10475 = DEFINITIONAL_REPRESENTATION('',(#10476),#10480);
#10476 = LINE('',#10477,#10478);
#10477 = CARTESIAN_POINT('',(2.,0.));
#10478 = VECTOR('',#10479,1.);
#10479 = DIRECTION('',(0.,1.));
#10480 = ( GEOMETRIC_REPRESENTATION_CONTEXT(2) 
PARAMETRIC_REPRESENTATION_CONTEXT() REPRESENTATION_CONTEXT('2D SPACE',''
  ) );
#10481 = PCURVE('',#4311,#10482);
#10482 = DEFINITIONAL_REPRESENTATION('',(#10483),#10487);
#10483 = LINE('',#10484,#10485);
#10484 = CARTESIAN_POINT('',(2.,0.));
#10485 = VECTOR('',#10486,1.);
#10486 = DIRECTION('',(0.,1.));
#10487 = ( GEOMETRIC_REPRESENTATION_CONTEXT(2) 
PARAMETRIC_REPRESENTATION_CONTEXT() REPRESENTATION_CONTEXT('2D SPACE',''
  ) );
#10488 = ORIENTED_EDGE('',*,*,#4351,.F.);
#10489 = ORIENTED_EDGE('',*,*,#10055,.T.);
#10490 = ORIENTED_EDGE('',*,*,#5615,.T.);
#10491 = ADVANCED_FACE('',(#10492),#4311,.F.);
#10492 = FACE_BOUND('',#10493,.F.);
#10493 = EDGE_LOOP('',(#10494,#10527,#10528,#10529));
#10494 = ORIENTED_EDGE('',*,*,#10495,.F.);
#10495 = EDGE_CURVE('',#4232,#5645,#10496,.T.);
#10496 = SURFACE_CURVE('',#10497,(#10513,#10520),.PCURVE_S1.);
#10497 = ( BOUNDED_CURVE() B_SPLINE_CURVE(3,(#10498,#10499,#10500,#10501
    ,#10502,#10503,#10504,#10505,#10506,#10507,#10508,#10509,#10510,
#10511,#10512),.UNSPECIFIED.,.F.,.F.) B_SPLINE_CURVE_WITH_KNOTS((4,1,1,1
    ,1,1,1,1,1,1,1,1,4),(0.,8.333333333333E-02,0.166666666667,0.25,
    0.333333333333,0.416666666667,0.5,0.583333333333,0.666666666667,0.75
,0.833333333333,0.916666666667,1.),.QUASI_UNIFORM_KNOTS.) CURVE() 
GEOMETRIC_REPRESENTATION_ITEM() RATIONAL_B_SPLINE_CURVE((1.,1.,1.,1.,1.,
1.,1.,1.,1.,1.,1.,1.,1.,1.,1.)) REPRESENTATION_ITEM('') );
#10498 = CARTESIAN_POINT('',(-60.10333354323,33.435968267426,-5.));
#10499 = CARTESIAN_POINT('',(-59.97180346489,30.672406004719,
    -3.055555555556));
#10500 = CARTESIAN_POINT('',(-59.35359277661,25.287377677848,
    0.833333333333));
#10501 = CARTESIAN_POINT('',(-57.45085094681,17.760259279008,
    6.666666666667));
#10502 = CARTESIAN_POINT('',(-54.676452164,10.893600702703,12.5));
#10503 = CARTESIAN_POINT('',(-51.14594978061,4.781870949743,
    18.333333333333));
#10504 = CARTESIAN_POINT('',(-46.98456134457,-0.497235354891,
    24.166666666667));
#10505 = CARTESIAN_POINT('',(-42.32493583616,-4.88373044334,30.));
#10506 = CARTESIAN_POINT('',(-37.30482852892,-8.335978508107,
    35.833333333333));
#10507 = CARTESIAN_POINT('',(-32.06475243022,-10.83096023728,
    41.666666666667));
#10508 = CARTESIAN_POINT('',(-26.74564515838,-12.36442715205,47.5));
#10509 = CARTESIAN_POINT('',(-21.48651269226,-12.9506817057,
    53.333333333333));
#10510 = CARTESIAN_POINT('',(-16.4221448462,-12.62206906039,
    59.166666666667));
#10511 = CARTESIAN_POINT('',(-13.26133020729,-11.82615466909,
    63.055555555555));
#10512 = CARTESIAN_POINT('',(-11.75476724797,-11.29496044169,65.));
#10513 = PCURVE('',#4311,#10514);
#10514 = DEFINITIONAL_REPRESENTATION('',(#10515),#10519);
#10515 = LINE('',#10516,#10517);
#10516 = CARTESIAN_POINT('',(1.,0.));
#10517 = VECTOR('',#10518,1.);
#10518 = DIRECTION('',(0.,1.));
#10519 = ( GEOMETRIC_REPRESENTATION_CONTEXT(2) 
PARAMETRIC_REPRESENTATION_CONTEXT() REPRESENTATION_CONTEXT('2D SPACE',''
  ) );
#10520 = PCURVE('',#4251,#10521);
#10521 = DEFINITIONAL_REPRESENTATION('',(#10522),#10526);
#10522 = LINE('',#10523,#10524);
#10523 = CARTESIAN_POINT('',(1.,0.));
#10524 = VECTOR('',#10525,1.);
#10525 = DIRECTION('',(0.,1.));
#10526 = ( GEOMETRIC_REPRESENTATION_CONTEXT(2) 
PARAMETRIC_REPRESENTATION_CONTEXT() REPRESENTATION_CONTEXT('2D SPACE',''
  ) );
#10527 = ORIENTED_EDGE('',*,*,#4291,.F.);
#10528 = ORIENTED_EDGE('',*,*,#10456,.T.);
#10529 = ORIENTED_EDGE('',*,*,#5644,.T.);
#10530 = ADVANCED_FACE('',(#10531),#4251,.F.);
#10531 = FACE_BOUND('',#10532,.F.);
#10532 = EDGE_LOOP('',(#10533,#10929,#10930,#10931));
#10533 = ORIENTED_EDGE('',*,*,#10534,.F.);
#10534 = EDGE_CURVE('',#4203,#5674,#10535,.T.);
#10535 = SURFACE_CURVE('',#10536,(#10665,#10797),.PCURVE_S1.);
#10536 = B_SPLINE_CURVE_WITH_KNOTS('',8,(#10537,#10538,#10539,#10540,
    #10541,#10542,#10543,#10544,#10545,#10546,#10547,#10548,#10549,
    #10550,#10551,#10552,#10553,#10554,#10555,#10556,#10557,#10558,
    #10559,#10560,#10561,#10562,#10563,#10564,#10565,#10566,#10567,
    #10568,#10569,#10570,#10571,#10572,#10573,#10574,#10575,#10576,
    #10577,#10578,#10579,#10580,#10581,#10582,#10583,#10584,#10585,
    #10586,#10587,#10588,#10589,#10590,#10591,#10592,#10593,#10594,
    #10595,#10596,#10597,#10598,#10599,#10600,#10601,#10602,#10603,
    #10604,#10605,#10606,#10607,#10608,#10609,#10610,#10611,#10612,
    #10613,#10614,#10615,#10616,#10617,#10618,#10619,#10620,#10621,
    #10622,#10623,#10624,#10625,#10626,#10627,#10628,#10629,#10630,
    #10631,#10632,#10633,#10634,#10635,#10636,#10637,#10638,#10639,
    #10640,#10641,#10642,#10643,#10644,#10645,#10646,#10647,#10648,
    #10649,#10650,#10651,#10652,#10653,#10654,#10655,#10656,#10657,
    #10658,#10659,#10660,#10661,#10662,#10663,#10664),.UNSPECIFIED.,.F.,
  .F.,(9,7,7,7,7,7,7,7,7,7,7,7,7,7,7,7,7,7,9),(0.,5.884725090946E-02,
    0.118953771377,0.219637989065,0.318978972092,0.417068048632,
    0.437012590688,0.514000056739,0.538353160798,0.611022271419,
    0.637412478362,0.705927004249,0.7354759002,0.799979884508,
    0.831535120078,0.894408423125,0.924617178262,0.962568698087,1.),
  .UNSPECIFIED.);
#10537 = CARTESIAN_POINT('',(-45.74418377972,20.185877497065,
    2.23366299002E-16));
#10538 = CARTESIAN_POINT('',(-45.67085540806,19.753148149894,
    0.414492620629));
#10539 = CARTESIAN_POINT('',(-45.59302205309,19.322306761789,
    0.829486831436));
#10540 = CARTESIAN_POINT('',(-45.51070576863,18.893414551148,
    1.24498185298));
#10541 = CARTESIAN_POINT('',(-45.42391926708,18.466548152381,
    1.660983857683));
#10542 = CARTESIAN_POINT('',(-45.33270738122,18.04173817821,
    2.077480001911));
#10543 = CARTESIAN_POINT('',(-45.23708054832,17.619066817215,
    2.494478509358));
#10544 = CARTESIAN_POINT('',(-45.13707391028,17.198581781874,
    2.911973466344));
#10545 = CARTESIAN_POINT('',(-44.92611803954,16.353161613798,
    3.756902335008));
#10546 = CARTESIAN_POINT('',(-44.81498077903,15.928323286381,
    4.184357577488));
#10547 = CARTESIAN_POINT('',(-44.69933028941,15.505895333517,
    4.612330503862));
#10548 = CARTESIAN_POINT('',(-44.57919675066,15.085942100786,
    5.040820519806));
#10549 = CARTESIAN_POINT('',(-44.4546111325,14.66852848193,
    5.469827248946));
#10550 = CARTESIAN_POINT('',(-44.32560528855,14.253719841811,
    5.899350517938));
#10551 = CARTESIAN_POINT('',(-44.19221205051,13.841581939364,
    6.329390341542));
#10552 = CARTESIAN_POINT('',(-43.8237262702,12.746394549403,
    7.481170673367));
#10553 = CARTESIAN_POINT('',(-43.58077286991,12.068285490388,
    8.203843279156));
#10554 = CARTESIAN_POINT('',(-43.32577965522,11.398133817421,
    8.927955670173));
#10555 = CARTESIAN_POINT('',(-43.05892640323,10.736222743628,
    9.653500263264));
#10556 = CARTESIAN_POINT('',(-42.78039890326,10.082838472283,
    10.380471052759));
#10557 = CARTESIAN_POINT('',(-42.4903897258,9.438270117739,
    11.108863716219));
#10558 = CARTESIAN_POINT('',(-42.18909899135,8.80280962636,
    11.838675720177));
#10559 = CARTESIAN_POINT('',(-41.56853855375,7.559046047864,
    13.291381735465));
#10560 = CARTESIAN_POINT('',(-41.24956339331,6.950492002041,
    14.014236938952));
#10561 = CARTESIAN_POINT('',(-40.92002228671,6.351339025479,
    14.738461415452));
#10562 = CARTESIAN_POINT('',(-40.58013316911,5.761838696148,
    15.464045870071));
#10563 = CARTESIAN_POINT('',(-40.23012002054,5.182244601206,
    16.190982455912));
#10564 = CARTESIAN_POINT('',(-39.87021360408,4.612812233714,
    16.919264896062));
#10565 = CARTESIAN_POINT('',(-39.50065220426,4.053798889354,
    17.648888605582));
#10566 = CARTESIAN_POINT('',(-38.74748834776,2.964038421746,
    19.101601351637));
#10567 = CARTESIAN_POINT('',(-38.36412222421,2.433022663079,
    19.824655862407));
#10568 = CARTESIAN_POINT('',(-37.9718301,1.912629754497,20.549002132417)
  );
#10569 = CARTESIAN_POINT('',(-37.57086326982,1.403074362396,
    21.274629133618));
#10570 = CARTESIAN_POINT('',(-37.1614789306,0.904572214031,
    22.00152715663));
#10571 = CARTESIAN_POINT('',(-36.74394089442,0.417339959351,
    22.729687944056));
#10572 = CARTESIAN_POINT('',(-36.31852030143,-5.840496718523E-02,
    23.459104823809));
#10573 = CARTESIAN_POINT('',(-35.79744917138,-0.61679806624,
    24.338340241987));
#10574 = CARTESIAN_POINT('',(-35.70908767339,-0.71066773514,
    24.486959345309));
#10575 = CARTESIAN_POINT('',(-35.62041422823,-0.804051983197,
    24.635630028626));
#10576 = CARTESIAN_POINT('',(-35.53143123433,-0.896949302172,
    24.784352170687));
#10577 = CARTESIAN_POINT('',(-35.44214109917,-0.989358183868,
    24.933125652766));
#10578 = CARTESIAN_POINT('',(-35.35254623922,-1.081277120126,
    25.081950358656));
#10579 = CARTESIAN_POINT('',(-35.26264908001,-1.172704602829,
    25.230826174675));
#10580 = CARTESIAN_POINT('',(-34.82428460752,-1.614653368015,
    25.954621947833));
#10581 = CARTESIAN_POINT('',(-34.47164917315,-1.958322325564,
    26.530250711975));
#10582 = CARTESIAN_POINT('',(-34.11468573548,-2.294559361993,
    27.106633015607));
#10583 = CARTESIAN_POINT('',(-33.75353646533,-2.623277704338,
    27.68376302528));
#10584 = CARTESIAN_POINT('',(-33.38834594421,-2.944390516879,
    28.261635382793));
#10585 = CARTESIAN_POINT('',(-33.0192613866,-3.2578109768,
    28.840245247407));
#10586 = CARTESIAN_POINT('',(-32.64643286242,-3.563452349847,
    29.419588338066));
#10587 = CARTESIAN_POINT('',(-32.15094245614,-3.955422139037,
    30.183152783153));
#10588 = CARTESIAN_POINT('',(-32.03151209678,-4.048829154106,
    30.366717579843));
#10589 = CARTESIAN_POINT('',(-31.91172729536,-4.141447001503,
    30.550355107264));
#10590 = CARTESIAN_POINT('',(-31.79159292528,-4.23327357461,
    30.734065112361));
#10591 = CARTESIAN_POINT('',(-31.67111387923,-4.324306769884,
    30.917847347442));
#10592 = CARTESIAN_POINT('',(-31.55029506916,-4.414544486854,
    31.101701570177));
#10593 = CARTESIAN_POINT('',(-31.4291414263,-4.503984628123,
    31.285627543597));
#10594 = CARTESIAN_POINT('',(-30.94515381517,-4.857126256789,
    32.018669383973));
#10595 = CARTESIAN_POINT('',(-30.57971247716,-5.114506995564,
    32.56835047267));
#10596 = CARTESIAN_POINT('',(-30.21146538636,-5.364711786307,
    33.118662248155));
#10597 = CARTESIAN_POINT('',(-29.8405457698,-5.607685193972,
    33.669598978918));
#10598 = CARTESIAN_POINT('',(-29.46708874604,-5.843371987465,
    34.221155285989));
#10599 = CARTESIAN_POINT('',(-29.09123148906,-6.071717249276,
    34.773326172955));
#10600 = CARTESIAN_POINT('',(-28.71311339199,-6.292666485088,
    35.326107055976));
#10601 = CARTESIAN_POINT('',(-28.19479091136,-6.583699217682,
    36.080459381592));
#10602 = CARTESIAN_POINT('',(-28.05642611955,-6.660250313444,
    36.281504831634));
#10603 = CARTESIAN_POINT('',(-27.91778855142,-6.735817277996,
    36.482629772973));
#10604 = CARTESIAN_POINT('',(-27.77888492717,-6.810398376641,
    36.683833841629));
#10605 = CARTESIAN_POINT('',(-27.63972199135,-6.883991882688,
    36.885116680585));
#10606 = CARTESIAN_POINT('',(-27.50030651287,-6.95659607745,
    37.08647793979));
#10607 = CARTESIAN_POINT('',(-27.36064528496,-7.028209250247,
    37.287917276159));
#10608 = CARTESIAN_POINT('',(-26.8575348959,-7.282175230086,
    38.012615056423));
#10609 = CARTESIAN_POINT('',(-26.49271424677,-7.458829461807,
    38.536319694082));
#10610 = CARTESIAN_POINT('',(-26.12640245908,-7.628762658942,
    39.060542470242));
#10611 = CARTESIAN_POINT('',(-25.75872009937,-7.791945384006,
    39.585277812782));
#10612 = CARTESIAN_POINT('',(-25.3897891421,-7.948348575994,
    40.110520401128));
#10613 = CARTESIAN_POINT('',(-25.01973309241,-8.097943629726,
    40.636265193616));
#10614 = CARTESIAN_POINT('',(-24.64867710868,-8.240702475186,
    41.162507454856));
#10615 = CARTESIAN_POINT('',(-24.11634285811,-8.435206434082,
    41.916412820484));
#10616 = CARTESIAN_POINT('',(-23.95577520281,-8.492538642744,
    42.14367453928));
#10617 = CARTESIAN_POINT('',(-23.7950550556,-8.548593303105,
    42.371027357186));
#10618 = CARTESIAN_POINT('',(-23.63419234559,-8.603369452734,
    42.598470701996));
#10619 = CARTESIAN_POINT('',(-23.47319703477,-8.656866146518,
    42.826004011589));
#10620 = CARTESIAN_POINT('',(-23.31207911804,-8.709082456659,
    43.053626733932));
#10621 = CARTESIAN_POINT('',(-23.1508486232,-8.76001747268,
    43.28133832708));
#10622 = CARTESIAN_POINT('',(-22.6373325003,-8.918060316773,
    44.006415831558));
#10623 = CARTESIAN_POINT('',(-22.28466100014,-9.020340370079,
    44.5041143379));
#10624 = CARTESIAN_POINT('',(-21.93160558258,-9.116501080645,
    45.002228266814));
#10625 = CARTESIAN_POINT('',(-21.57827180504,-9.206533563887,
    45.50075230328));
#10626 = CARTESIAN_POINT('',(-21.22476631026,-9.290429431331,
    45.999681328654));
#10627 = CARTESIAN_POINT('',(-20.87119682629,-9.368180790613,
    46.499010420663));
#10628 = CARTESIAN_POINT('',(-20.51767216649,-9.439780245477,
    46.998734853404));
#10629 = CARTESIAN_POINT('',(-19.99143427846,-9.537234346702,
    47.743505594281));
#10630 = CARTESIAN_POINT('',(-19.81860339219,-9.567773912675,
    47.988254609034));
#10631 = CARTESIAN_POINT('',(-19.64582190897,-9.596840307271,
    48.233096356971));
#10632 = CARTESIAN_POINT('',(-19.47310220036,-9.624434269998,
    48.478030065055));
#10633 = CARTESIAN_POINT('',(-19.30045667131,-9.650556566296,
    48.723054971849));
#10634 = CARTESIAN_POINT('',(-19.12789776007,-9.675207987541,
    48.968170327516));
#10635 = CARTESIAN_POINT('',(-18.95543793829,-9.698389351039,
    49.213375393819));
#10636 = CARTESIAN_POINT('',(-18.43968861967,-9.763362610234,
    49.94741392286));
#10637 = CARTESIAN_POINT('',(-18.09673067436,-9.800791015274,
    50.436511637788));
#10638 = CARTESIAN_POINT('',(-17.7543146507,-9.832393279414,
    50.925956863698));
#10639 = CARTESIAN_POINT('',(-17.41254015244,-9.858176499487,
    51.415744021429));
#10640 = CARTESIAN_POINT('',(-17.07150761132,-9.878148304894,
    51.905867677869));
#10641 = CARTESIAN_POINT('',(-16.73131828706,-9.892316857607,
    52.396322545951));
#10642 = CARTESIAN_POINT('',(-16.39207426739,-9.900690852166,
    52.887103484657));
#10643 = CARTESIAN_POINT('',(-15.89138542894,-9.904523291636,
    53.614165434001));
#10644 = CARTESIAN_POINT('',(-15.72913431196,-9.904431705804,
    53.850199452803));
#10645 = CARTESIAN_POINT('',(-15.56713587848,-9.903007097437,
    54.086306798004));
#10646 = CARTESIAN_POINT('',(-15.40540090748,-9.90025182619,
    54.322486719853));
#10647 = CARTESIAN_POINT('',(-15.24394019548,-9.896168272122,
    54.558738476268));
#10648 = CARTESIAN_POINT('',(-15.08276455659,-9.890758835701,
    54.795061332834));
#10649 = CARTESIAN_POINT('',(-14.92188482248,-9.884025937799,
    55.031454562801));
#10650 = CARTESIAN_POINT('',(-14.5595826215,-9.865853812863,
    55.564987809632));
#10651 = CARTESIAN_POINT('',(-14.3583375672,-9.853650628896,
    55.862168104038));
#10652 = CARTESIAN_POINT('',(-14.15759818676,-9.839367304387,
    56.159456905981));
#10653 = CARTESIAN_POINT('',(-13.95738605954,-9.823008735508,
    56.456852805345));
#10654 = CARTESIAN_POINT('',(-13.75772283696,-9.804579878007,
    56.754354406231));
#10655 = CARTESIAN_POINT('',(-13.55863024253,-9.784085747211,
    57.051960326949));
#10656 = CARTESIAN_POINT('',(-13.3601300718,-9.761531418021,
    57.349669200021));
#10657 = CARTESIAN_POINT('',(-12.96707082045,-9.71264996342,
    57.941207927273));
#10658 = CARTESIAN_POINT('',(-12.77249479257,-9.686379083543,
    58.235035007965));
#10659 = CARTESIAN_POINT('',(-12.57853829818,-9.658112647162,
    58.52895981884));
#10660 = CARTESIAN_POINT('',(-12.3852197648,-9.627859470299,
    58.822980508368));
#10661 = CARTESIAN_POINT('',(-12.19256273989,-9.595621177666,
    59.117096262539));
#10662 = CARTESIAN_POINT('',(-12.0005899045,-9.561400894694,
    59.411306116598));
#10663 = CARTESIAN_POINT('',(-11.80931767399,-9.525210973205,
    59.705607846282));
#10664 = CARTESIAN_POINT('',(-11.61876684062,-9.487057346895,60.));
#10665 = PCURVE('',#4251,#10666);
#10666 = DEFINITIONAL_REPRESENTATION('',(#10667),#10796);
#10667 = B_SPLINE_CURVE_WITH_KNOTS('',8,(#10668,#10669,#10670,#10671,
    #10672,#10673,#10674,#10675,#10676,#10677,#10678,#10679,#10680,
    #10681,#10682,#10683,#10684,#10685,#10686,#10687,#10688,#10689,
    #10690,#10691,#10692,#10693,#10694,#10695,#10696,#10697,#10698,
    #10699,#10700,#10701,#10702,#10703,#10704,#10705,#10706,#10707,
    #10708,#10709,#10710,#10711,#10712,#10713,#10714,#10715,#10716,
    #10717,#10718,#10719,#10720,#10721,#10722,#10723,#10724,#10725,
    #10726,#10727,#10728,#10729,#10730,#10731,#10732,#10733,#10734,
    #10735,#10736,#10737,#10738,#10739,#10740,#10741,#10742,#10743,
    #10744,#10745,#10746,#10747,#10748,#10749,#10750,#10751,#10752,
    #10753,#10754,#10755,#10756,#10757,#10758,#10759,#10760,#10761,
    #10762,#10763,#10764,#10765,#10766,#10767,#10768,#10769,#10770,
    #10771,#10772,#10773,#10774,#10775,#10776,#10777,#10778,#10779,
    #10780,#10781,#10782,#10783,#10784,#10785,#10786,#10787,#10788,
    #10789,#10790,#10791,#10792,#10793,#10794,#10795),.UNSPECIFIED.,.F.,
  .F.,(9,7,7,7,7,7,7,7,7,7,7,7,7,7,7,7,7,7,9),(0.,5.884725090946E-02,
    0.118953771377,0.219637989065,0.318978972092,0.417068048632,
    0.437012590688,0.514000056739,0.538353160798,0.611022271419,
    0.637412478362,0.705927004249,0.7354759002,0.799979884508,
    0.831535120078,0.894408423125,0.924617178262,0.962568698087,1.),
  .UNSPECIFIED.);
#10668 = CARTESIAN_POINT('',(0.116024100271,7.142857142857E-02));
#10669 = CARTESIAN_POINT('',(0.116494271907,7.734989458041E-02));
#10670 = CARTESIAN_POINT('',(0.116969249707,8.327838330622E-02));
#10671 = CARTESIAN_POINT('',(0.117449605821,8.921402647116E-02));
#10672 = CARTESIAN_POINT('',(0.11793498499,9.51569122526E-02));
#10673 = CARTESIAN_POINT('',(0.118425735104,0.10110685717));
#10674 = CARTESIAN_POINT('',(0.118921619913,0.107063978705));
#10675 = CARTESIAN_POINT('',(0.119422859154,0.113028192376));
#10676 = CARTESIAN_POINT('',(0.120446925263,0.125098604786));
#10677 = CARTESIAN_POINT('',(0.120969995253,0.13120510825));
#10678 = CARTESIAN_POINT('',(0.121498761108,0.137319007198));
#10679 = CARTESIAN_POINT('',(0.122033329038,0.14344029314));
#10680 = CARTESIAN_POINT('',(0.122573835637,0.149568960699));
#10681 = CARTESIAN_POINT('',(0.123120451481,0.155705007399));
#10682 = CARTESIAN_POINT('',(0.123673384723,0.161848433451));
#10683 = CARTESIAN_POINT('',(0.125170101083,0.178302438191));
#10684 = CARTESIAN_POINT('',(0.126125664796,0.188626332559));
#10685 = CARTESIAN_POINT('',(0.127099810918,0.198970795288));
#10686 = CARTESIAN_POINT('',(0.128092848848,0.209335718047));
#10687 = CARTESIAN_POINT('',(0.129105240855,0.219721015039));
#10688 = CARTESIAN_POINT('',(0.130137680631,0.230126624517));
#10689 = CARTESIAN_POINT('',(0.131191171851,0.240552510288));
#10690 = CARTESIAN_POINT('',(0.133328687487,0.261305453364));
#10691 = CARTESIAN_POINT('',(0.13441205239,0.271631956271));
#10692 = CARTESIAN_POINT('',(0.135517593631,0.281978020221));
#10693 = CARTESIAN_POINT('',(0.136645773668,0.29234351243));
#10694 = CARTESIAN_POINT('',(0.137797210889,0.302728320799));
#10695 = CARTESIAN_POINT('',(0.138972765279,0.313132355658));
#10696 = CARTESIAN_POINT('',(0.140173624085,0.323555551508));
#10697 = CARTESIAN_POINT('',(0.142613678462,0.344308590738));
#10698 = CARTESIAN_POINT('',(0.143852155297,0.354637940892));
#10699 = CARTESIAN_POINT('',(0.145117420142,0.364985744749));
#10700 = CARTESIAN_POINT('',(0.14641014454,0.375351844766));
#10701 = CARTESIAN_POINT('',(0.147731163114,0.385736102238));
#10702 = CARTESIAN_POINT('',(0.149081567266,0.396138399201));
#10703 = CARTESIAN_POINT('',(0.150462798875,0.40655864034));
#10704 = CARTESIAN_POINT('',(0.15216424275,0.419119146314));
#10705 = CARTESIAN_POINT('',(0.152453093225,0.421242276362));
#10706 = CARTESIAN_POINT('',(0.152743302992,0.423366143266));
#10707 = CARTESIAN_POINT('',(0.153034879862,0.425490745296));
#10708 = CARTESIAN_POINT('',(0.15332783188,0.427616080754));
#10709 = CARTESIAN_POINT('',(0.153622167326,0.429742147981));
#10710 = CARTESIAN_POINT('',(0.153917894713,0.431868945353));
#10711 = CARTESIAN_POINT('',(0.155361960011,0.442208884969));
#10712 = CARTESIAN_POINT('',(0.156529766885,0.450432153028));
#10713 = CARTESIAN_POINT('',(0.157718953958,0.458666185937));
#10714 = CARTESIAN_POINT('',(0.158930090879,0.466910900361));
#10715 = CARTESIAN_POINT('',(0.160163840958,0.475166219754));
#10716 = CARTESIAN_POINT('',(0.161420995721,0.483432074963));
#10717 = CARTESIAN_POINT('',(0.162702509467,0.49170840483));
#10718 = CARTESIAN_POINT('',(0.164422979052,0.502616468331));
#10719 = CARTESIAN_POINT('',(0.164838977131,0.505238822569));
#10720 = CARTESIAN_POINT('',(0.165257548839,0.507862215818));
#10721 = CARTESIAN_POINT('',(0.165678715617,0.510486644462));
#10722 = CARTESIAN_POINT('',(0.166102499578,0.513112104963));
#10723 = CARTESIAN_POINT('',(0.166528923501,0.51573859386));
#10724 = CARTESIAN_POINT('',(0.166958010836,0.518366107766));
#10725 = CARTESIAN_POINT('',(0.168678192107,0.528838134057));
#10726 = CARTESIAN_POINT('',(0.169990528636,0.536690721038));
#10727 = CARTESIAN_POINT('',(0.17132744392,0.544552317831));
#10728 = CARTESIAN_POINT('',(0.172689650667,0.552422842556));
#10729 = CARTESIAN_POINT('',(0.174077956293,0.560302218371));
#10730 = CARTESIAN_POINT('',(0.175493293564,0.568190373899));
#10731 = CARTESIAN_POINT('',(0.176936751232,0.576087243657));
#10732 = CARTESIAN_POINT('',(0.178944479903,0.586863705451));
#10733 = CARTESIAN_POINT('',(0.179483228836,0.589735783309));
#10734 = CARTESIAN_POINT('',(0.180025891292,0.592608996757));
#10735 = CARTESIAN_POINT('',(0.180572508324,0.595483340595));
#10736 = CARTESIAN_POINT('',(0.181123122227,0.598358809723));
#10737 = CARTESIAN_POINT('',(0.181677776532,0.60123539914));
#10738 = CARTESIAN_POINT('',(0.182236516007,0.604113103945));
#10739 = CARTESIAN_POINT('',(0.184260717217,0.614465929377));
#10740 = CARTESIAN_POINT('',(0.18574989329,0.621947424201));
#10741 = CARTESIAN_POINT('',(0.187267729387,0.629436321003));
#10742 = CARTESIAN_POINT('',(0.188815107362,0.636932540183));
#10743 = CARTESIAN_POINT('',(0.190393005024,0.64443600573));
#10744 = CARTESIAN_POINT('',(0.192002524763,0.651946645623));
#10745 = CARTESIAN_POINT('',(0.193644922158,0.659464392212));
#10746 = CARTESIAN_POINT('',(0.196044765949,0.670234468864));
#10747 = CARTESIAN_POINT('',(0.196774278292,0.673481064847));
#10748 = CARTESIAN_POINT('',(0.197510255747,0.676728962246));
#10749 = CARTESIAN_POINT('',(0.198252785174,0.679978152886));
#10750 = CARTESIAN_POINT('',(0.199001956178,0.683228628737));
#10751 = CARTESIAN_POINT('',(0.199757861105,0.686480381913));
#10752 = CARTESIAN_POINT('',(0.200520595045,0.689733404673));
#10753 = CARTESIAN_POINT('',(0.202970392622,0.700091654737));
#10754 = CARTESIAN_POINT('',(0.204683565701,0.707201633399));
#10755 = CARTESIAN_POINT('',(0.2064307501,0.714317546669));
#10756 = CARTESIAN_POINT('',(0.208213049897,0.721439318618));
#10757 = CARTESIAN_POINT('',(0.210031698218,0.728566876124));
#10758 = CARTESIAN_POINT('',(0.211888057239,0.735700148867));
#10759 = CARTESIAN_POINT('',(0.213783618182,0.742839069334));
#10760 = CARTESIAN_POINT('',(0.216667276541,0.753478651347));
#10761 = CARTESIAN_POINT('',(0.217624328582,0.756975065843));
#10762 = CARTESIAN_POINT('',(0.218591313475,0.7604728051));
#10763 = CARTESIAN_POINT('',(0.219568392538,0.763971858072));
#10764 = CARTESIAN_POINT('',(0.220555732368,0.767472213884));
#10765 = CARTESIAN_POINT('',(0.221553504847,0.770973861822));
#10766 = CARTESIAN_POINT('',(0.222561887136,0.77447679134));
#10767 = CARTESIAN_POINT('',(0.225611750692,0.784963056041));
#10768 = CARTESIAN_POINT('',(0.227685317183,0.791950166254));
#10769 = CARTESIAN_POINT('',(0.229803157264,0.79894224091));
#10770 = CARTESIAN_POINT('',(0.231966828412,0.805939200306));
#10771 = CARTESIAN_POINT('',(0.23417804947,0.812940966827));
#10772 = CARTESIAN_POINT('',(0.236438700654,0.819947464942));
#10773 = CARTESIAN_POINT('',(0.238750823547,0.826958621209));
#10774 = CARTESIAN_POINT('',(0.242253316571,0.837345220486));
#10775 = CARTESIAN_POINT('',(0.243402406022,0.84071713504));
#10776 = CARTESIAN_POINT('',(0.244564102388,0.844090097114));
#10777 = CARTESIAN_POINT('',(0.245738625382,0.847464095998));
#10778 = CARTESIAN_POINT('',(0.246926201491,0.85083912109));
#10779 = CARTESIAN_POINT('',(0.248127063978,0.854215161898));
#10780 = CARTESIAN_POINT('',(0.249341452882,0.85759220804));
#10781 = CARTESIAN_POINT('',(0.2521125657,0.865214111566));
#10782 = CARTESIAN_POINT('',(0.253677258778,0.869459544343));
#10783 = CARTESIAN_POINT('',(0.255264180924,0.873706527228));
#10784 = CARTESIAN_POINT('',(0.256873844805,0.877955040076));
#10785 = CARTESIAN_POINT('',(0.258506789081,0.882205062946));
#10786 = CARTESIAN_POINT('',(0.260163578404,0.886456576099));
#10787 = CARTESIAN_POINT('',(0.261844803419,0.89070956));
#10788 = CARTESIAN_POINT('',(0.265233969423,0.899160113247));
#10789 = CARTESIAN_POINT('',(0.266941221064,0.903357642971));
#10790 = CARTESIAN_POINT('',(0.268673491467,0.907556568841));
#10791 = CARTESIAN_POINT('',(0.270431277207,0.911756864405));
#10792 = CARTESIAN_POINT('',(0.272215352967,0.915958518036));
#10793 = CARTESIAN_POINT('',(0.274026492364,0.920161515951));
#10794 = CARTESIAN_POINT('',(0.27586520164,0.924365826375));
#10795 = CARTESIAN_POINT('',(0.277732195566,0.928571428571));
#10796 = ( GEOMETRIC_REPRESENTATION_CONTEXT(2) 
PARAMETRIC_REPRESENTATION_CONTEXT() REPRESENTATION_CONTEXT('2D SPACE',''
  ) );
#10797 = PCURVE('',#4219,#10798);
#10798 = DEFINITIONAL_REPRESENTATION('',(#10799),#10928);
#10799 = B_SPLINE_CURVE_WITH_KNOTS('',8,(#10800,#10801,#10802,#10803,
    #10804,#10805,#10806,#10807,#10808,#10809,#10810,#10811,#10812,
    #10813,#10814,#10815,#10816,#10817,#10818,#10819,#10820,#10821,
    #10822,#10823,#10824,#10825,#10826,#10827,#10828,#10829,#10830,
    #10831,#10832,#10833,#10834,#10835,#10836,#10837,#10838,#10839,
    #10840,#10841,#10842,#10843,#10844,#10845,#10846,#10847,#10848,
    #10849,#10850,#10851,#10852,#10853,#10854,#10855,#10856,#10857,
    #10858,#10859,#10860,#10861,#10862,#10863,#10864,#10865,#10866,
    #10867,#10868,#10869,#10870,#10871,#10872,#10873,#10874,#10875,
    #10876,#10877,#10878,#10879,#10880,#10881,#10882,#10883,#10884,
    #10885,#10886,#10887,#10888,#10889,#10890,#10891,#10892,#10893,
    #10894,#10895,#10896,#10897,#10898,#10899,#10900,#10901,#10902,
    #10903,#10904,#10905,#10906,#10907,#10908,#10909,#10910,#10911,
    #10912,#10913,#10914,#10915,#10916,#10917,#10918,#10919,#10920,
    #10921,#10922,#10923,#10924,#10925,#10926,#10927),.UNSPECIFIED.,.F.,
  .F.,(9,7,7,7,7,7,7,7,7,7,7,7,7,7,7,7,7,7,9),(0.,5.884725090946E-02,
    0.118953771377,0.219637989065,0.318978972092,0.417068048632,
    0.437012590688,0.514000056739,0.538353160798,0.611022271419,
    0.637412478362,0.705927004249,0.7354759002,0.799979884508,
    0.831535120078,0.894408423125,0.924617178262,0.962568698087,1.),
  .UNSPECIFIED.);
#10800 = CARTESIAN_POINT('',(-2.72601602021,0.));
#10801 = CARTESIAN_POINT('',(-2.733341881513,-0.414492620622));
#10802 = CARTESIAN_POINT('',(-2.74067779632,-0.829486831457));
#10803 = CARTESIAN_POINT('',(-2.748023789037,-1.244981852947));
#10804 = CARTESIAN_POINT('',(-2.755379508401,-1.660983857714));
#10805 = CARTESIAN_POINT('',(-2.762745704791,-2.077480001894));
#10806 = CARTESIAN_POINT('',(-2.770121889314,-2.494478509362));
#10807 = CARTESIAN_POINT('',(-2.777508395758,-2.911973466344));
#10808 = CARTESIAN_POINT('',(-2.792460235338,-3.756902335008));
#10809 = CARTESIAN_POINT('',(-2.800026024961,-4.184357577488));
#10810 = CARTESIAN_POINT('',(-2.807602584213,-4.612330503862));
#10811 = CARTESIAN_POINT('',(-2.815189935136,-5.040820519806));
#10812 = CARTESIAN_POINT('',(-2.822788081189,-5.469827248946));
#10813 = CARTESIAN_POINT('',(-2.830397008062,-5.899350517938));
#10814 = CARTESIAN_POINT('',(-2.838016684495,-6.329390341542));
#10815 = CARTESIAN_POINT('',(-2.858428683041,-7.481170673367));
#10816 = CARTESIAN_POINT('',(-2.87124038583,-8.203843279156));
#10817 = CARTESIAN_POINT('',(-2.884082674967,-8.927955670173));
#10818 = CARTESIAN_POINT('',(-2.89695593156,-9.653500263264));
#10819 = CARTESIAN_POINT('',(-2.909860400629,-10.38047105275));
#10820 = CARTESIAN_POINT('',(-2.922796177409,-11.10886371621));
#10821 = CARTESIAN_POINT('',(-2.935763193646,-11.83867572017));
#10822 = CARTESIAN_POINT('',(-2.96158580686,-13.29138173546));
#10823 = CARTESIAN_POINT('',(-2.974440627559,-14.01423693895));
#10824 = CARTESIAN_POINT('',(-2.987326253294,-14.73846141545));
#10825 = CARTESIAN_POINT('',(-3.000243145004,-15.46404587007));
#10826 = CARTESIAN_POINT('',(-3.013191620011,-16.19098245591));
#10827 = CARTESIAN_POINT('',(-3.02617183477,-16.91926489606));
#10828 = CARTESIAN_POINT('',(-3.03918376761,-17.64888860558));
#10829 = CARTESIAN_POINT('',(-3.065106260492,-19.10160135163));
#10830 = CARTESIAN_POINT('',(-3.07801606375,-19.8246558624));
#10831 = CARTESIAN_POINT('',(-3.090957324252,-20.54900213241));
#10832 = CARTESIAN_POINT('',(-3.103930626416,-21.27462913361));
#10833 = CARTESIAN_POINT('',(-3.116936405337,-22.00152715663));
#10834 = CARTESIAN_POINT('',(-3.129974926037,-22.72968794405));
#10835 = CARTESIAN_POINT('',(-3.143046262718,-23.4591048238));
#10836 = CARTESIAN_POINT('',(-3.158814729488,-24.33834024198));
#10837 = CARTESIAN_POINT('',(-3.161480532757,-24.4869593453));
#10838 = CARTESIAN_POINT('',(-3.164147695687,-24.63563002862));
#10839 = CARTESIAN_POINT('',(-3.1668162259,-24.78435217068));
#10840 = CARTESIAN_POINT('',(-3.169486130777,-24.93312565276));
#10841 = CARTESIAN_POINT('',(-3.172157417463,-25.08195035865));
#10842 = CARTESIAN_POINT('',(-3.174830092862,-25.23082617467));
#10843 = CARTESIAN_POINT('',(-3.187826282471,-25.95462194783));
#10844 = CARTESIAN_POINT('',(-3.198169191179,-26.53025071197));
#10845 = CARTESIAN_POINT('',(-3.208533273817,-27.1066330156));
#10846 = CARTESIAN_POINT('',(-3.218918856299,-27.68376302528));
#10847 = CARTESIAN_POINT('',(-3.229326198559,-28.26163538279));
#10848 = CARTESIAN_POINT('',(-3.239755486705,-28.8402452474));
#10849 = CARTESIAN_POINT('',(-3.250206825175,-29.41958833806));
#10850 = CARTESIAN_POINT('',(-3.263993234301,-30.18315278315));
#10851 = CARTESIAN_POINT('',(-3.267308447323,-30.36671757984));
#10852 = CARTESIAN_POINT('',(-3.270625887666,-30.55035510726));
#10853 = CARTESIAN_POINT('',(-3.273945574502,-30.73406511236));
#10854 = CARTESIAN_POINT('',(-3.277267526476,-30.91784734744));
#10855 = CARTESIAN_POINT('',(-3.280591761706,-31.10170157017));
#10856 = CARTESIAN_POINT('',(-3.283918297785,-31.28562754359));
#10857 = CARTESIAN_POINT('',(-3.297180376654,-32.01866938397));
#10858 = CARTESIAN_POINT('',(-3.3071342385,-32.56835047267));
#10859 = CARTESIAN_POINT('',(-3.317109192188,-33.11866224815));
#10860 = CARTESIAN_POINT('',(-3.327105643905,-33.66959897891));
#10861 = CARTESIAN_POINT('',(-3.337123945459,-34.22115528598));
#10862 = CARTESIAN_POINT('',(-3.347164388577,-34.77332617295));
#10863 = CARTESIAN_POINT('',(-3.357227199213,-35.32610705597));
#10864 = CARTESIAN_POINT('',(-3.370975078612,-36.08045938159));
#10865 = CARTESIAN_POINT('',(-3.374640599996,-36.28150483163));
#10866 = CARTESIAN_POINT('',(-3.378309132411,-36.48262977297));
#10867 = CARTESIAN_POINT('',(-3.381980711684,-36.68383384162));
#10868 = CARTESIAN_POINT('',(-3.385655373061,-36.88511668058));
#10869 = CARTESIAN_POINT('',(-3.389333151214,-37.08647793979));
#10870 = CARTESIAN_POINT('',(-3.393014080232,-37.28791727615));
#10871 = CARTESIAN_POINT('',(-3.406262926607,-38.01261505642));
#10872 = CARTESIAN_POINT('',(-3.415849121829,-38.53631969408));
#10873 = CARTESIAN_POINT('',(-3.425457365979,-39.06054247024));
#10874 = CARTESIAN_POINT('',(-3.435088214583,-39.58527781278));
#10875 = CARTESIAN_POINT('',(-3.444742187393,-40.11052040112));
#10876 = CARTESIAN_POINT('',(-3.454419763762,-40.63626519361));
#10877 = CARTESIAN_POINT('',(-3.464121378027,-41.16250745485));
#10878 = CARTESIAN_POINT('',(-3.478042053142,-41.91641282048));
#10879 = CARTESIAN_POINT('',(-3.482241237224,-42.14367453928));
#10880 = CARTESIAN_POINT('',(-3.486445046639,-42.37102735718));
#10881 = CARTESIAN_POINT('',(-3.490653560772,-42.59847070199));
#10882 = CARTESIAN_POINT('',(-3.494866858887,-42.82600401158));
#10883 = CARTESIAN_POINT('',(-3.499085020132,-43.05362673393));
#10884 = CARTESIAN_POINT('',(-3.503308123533,-43.28133832708));
#10885 = CARTESIAN_POINT('',(-3.51676606405,-44.00641583155));
#10886 = CARTESIAN_POINT('',(-3.526019804698,-44.5041143379));
#10887 = CARTESIAN_POINT('',(-3.535298293746,-45.00222826681));
#10888 = CARTESIAN_POINT('',(-3.544602346987,-45.50075230328));
#10889 = CARTESIAN_POINT('',(-3.553932772212,-45.99968132865));
#10890 = CARTESIAN_POINT('',(-3.563290369202,-46.49901042066));
#10891 = CARTESIAN_POINT('',(-3.572675929733,-46.9987348534));
#10892 = CARTESIAN_POINT('',(-3.586695700398,-47.74350559428));
#10893 = CARTESIAN_POINT('',(-3.59130804219,-47.98825460903));
#10894 = CARTESIAN_POINT('',(-3.595927425643,-48.23309635697));
#10895 = CARTESIAN_POINT('',(-3.600554016239,-48.47803006505));
#10896 = CARTESIAN_POINT('',(-3.605187982249,-48.72305497184));
#10897 = CARTESIAN_POINT('',(-3.609829494732,-48.96817032751));
#10898 = CARTESIAN_POINT('',(-3.614478727538,-49.21337539381));
#10899 = CARTESIAN_POINT('',(-3.628415114002,-49.94741392286));
#10900 = CARTESIAN_POINT('',(-3.637725730244,-50.43651163778));
#10901 = CARTESIAN_POINT('',(-3.647069089782,-50.92595686369));
#10902 = CARTESIAN_POINT('',(-3.656446639343,-51.41574402142));
#10903 = CARTESIAN_POINT('',(-3.665859888627,-51.90586767786));
#10904 = CARTESIAN_POINT('',(-3.67531041031,-52.39632254595));
#10905 = CARTESIAN_POINT('',(-3.684799840041,-52.88710348465));
#10906 = CARTESIAN_POINT('',(-3.698908775946,-53.614165434));
#10907 = CARTESIAN_POINT('',(-3.703497062669,-53.8501994528));
#10908 = CARTESIAN_POINT('',(-3.708095003445,-54.086306798));
#10909 = CARTESIAN_POINT('',(-3.712702874678,-54.32248671985));
#10910 = CARTESIAN_POINT('',(-3.717320962342,-54.55873847626));
#10911 = CARTESIAN_POINT('',(-3.72194956198,-54.79506133283));
#10912 = CARTESIAN_POINT('',(-3.726588978704,-55.0314545628));
#10913 = CARTESIAN_POINT('',(-3.737082051407,-55.56498780963));
#10914 = CARTESIAN_POINT('',(-3.742942149305,-55.86216810403));
#10915 = CARTESIAN_POINT('',(-3.748820441394,-56.15945690598));
#10916 = CARTESIAN_POINT('',(-3.75471758173,-56.45685280534));
#10917 = CARTESIAN_POINT('',(-3.760634257928,-56.75435440623));
#10918 = CARTESIAN_POINT('',(-3.766571191153,-57.05196032694));
#10919 = CARTESIAN_POINT('',(-3.772529136126,-57.34966920002));
#10920 = CARTESIAN_POINT('',(-3.78440665917,-57.94120792727));
#10921 = CARTESIAN_POINT('',(-3.790325671351,-58.23503500796));
#10922 = CARTESIAN_POINT('',(-3.796266545783,-58.52895981884));
#10923 = CARTESIAN_POINT('',(-3.802230388709,-58.82298050836));
#10924 = CARTESIAN_POINT('',(-3.808217774097,-59.11709626253));
#10925 = CARTESIAN_POINT('',(-3.814229429606,-59.41130611659));
#10926 = CARTESIAN_POINT('',(-3.82026686226,-59.70560784628));
#10927 = CARTESIAN_POINT('',(-3.826331167129,-60.));
#10928 = ( GEOMETRIC_REPRESENTATION_CONTEXT(2) 
PARAMETRIC_REPRESENTATION_CONTEXT() REPRESENTATION_CONTEXT('2D SPACE',''
  ) );
#10929 = ORIENTED_EDGE('',*,*,#4231,.F.);
#10930 = ORIENTED_EDGE('',*,*,#10495,.T.);
#10931 = ORIENTED_EDGE('',*,*,#5673,.T.);
#10932 = ADVANCED_FACE('',(#10933),#4219,.T.);
#10933 = FACE_BOUND('',#10934,.T.);
#10934 = EDGE_LOOP('',(#10935,#10936,#11332,#11333));
#10935 = ORIENTED_EDGE('',*,*,#4202,.T.);
#10936 = ORIENTED_EDGE('',*,*,#10937,.T.);
#10937 = EDGE_CURVE('',#4143,#5703,#10938,.T.);
#10938 = SURFACE_CURVE('',#10939,(#11068,#11200),.PCURVE_S1.);
#10939 = B_SPLINE_CURVE_WITH_KNOTS('',8,(#10940,#10941,#10942,#10943,
    #10944,#10945,#10946,#10947,#10948,#10949,#10950,#10951,#10952,
    #10953,#10954,#10955,#10956,#10957,#10958,#10959,#10960,#10961,
    #10962,#10963,#10964,#10965,#10966,#10967,#10968,#10969,#10970,
    #10971,#10972,#10973,#10974,#10975,#10976,#10977,#10978,#10979,
    #10980,#10981,#10982,#10983,#10984,#10985,#10986,#10987,#10988,
    #10989,#10990,#10991,#10992,#10993,#10994,#10995,#10996,#10997,
    #10998,#10999,#11000,#11001,#11002,#11003,#11004,#11005,#11006,
    #11007,#11008,#11009,#11010,#11011,#11012,#11013,#11014,#11015,
    #11016,#11017,#11018,#11019,#11020,#11021,#11022,#11023,#11024,
    #11025,#11026,#11027,#11028,#11029,#11030,#11031,#11032,#11033,
    #11034,#11035,#11036,#11037,#11038,#11039,#11040,#11041,#11042,
    #11043,#11044,#11045,#11046,#11047,#11048,#11049,#11050,#11051,
    #11052,#11053,#11054,#11055,#11056,#11057,#11058,#11059,#11060,
    #11061,#11062,#11063,#11064,#11065,#11066,#11067),.UNSPECIFIED.,.F.,
  .F.,(9,7,7,7,7,7,7,7,7,7,7,7,7,7,7,7,7,7,9),(0.,5.894428045284E-02,
    0.117914823584,0.219940961659,0.319364134157,0.33719198178,
    0.417499466896,0.439792890546,0.514442644745,0.611441628632,
    0.64010983568,0.706290795913,0.736949820681,0.800257622668,
    0.832901480979,0.894570331051,0.925852113298,0.962629825945,1.),
  .UNSPECIFIED.);
#10940 = CARTESIAN_POINT('',(-45.74418377972,-20.18587749706,
    2.23366299002E-16));
#10941 = CARTESIAN_POINT('',(-45.37882323781,-20.41499326916,
    0.414453149699));
#10942 = CARTESIAN_POINT('',(-45.01196285477,-20.63954672719,
    0.829418970927));
#10943 = CARTESIAN_POINT('',(-44.64366289506,-20.85951478695,
    1.244896781276));
#10944 = CARTESIAN_POINT('',(-44.27398882756,-21.07485686421,
    1.660892784132));
#10945 = CARTESIAN_POINT('',(-43.90299335898,-21.28558776194,
    2.077394377763));
#10946 = CARTESIAN_POINT('',(-43.53074454795,-21.49166142736,
    2.494409786492));
#10947 = CARTESIAN_POINT('',(-43.15730131625,-21.69307377242,
    2.911933256508));
#10948 = CARTESIAN_POINT('',(-42.40798705533,-22.08661877009,
    3.748184208122));
#10949 = CARTESIAN_POINT('',(-42.03211488171,-22.27874790839,
    4.166911975439));
#10950 = CARTESIAN_POINT('',(-41.65517407529,-22.46617174651,
    4.586148246872));
#10951 = CARTESIAN_POINT('',(-41.27722846063,-22.64887246073,
    5.005892551958));
#10952 = CARTESIAN_POINT('',(-40.89834272231,-22.82683251696,
    5.426144609815));
#10953 = CARTESIAN_POINT('',(-40.51858240494,-23.00003467069,
    5.846904329148));
#10954 = CARTESIAN_POINT('',(-40.13801391314,-23.16846196701,
    6.268171808242));
#10955 = CARTESIAN_POINT('',(-39.09699334748,-23.61520732633,
    7.419669766566));
#10956 = CARTESIAN_POINT('',(-38.43506452219,-23.88397508505,
    8.150912419392));
#10957 = CARTESIAN_POINT('',(-37.77125350155,-24.13834962177,
    8.883666405259));
#10958 = CARTESIAN_POINT('',(-37.10590168021,-24.37828146232,
    9.617924336299));
#10959 = CARTESIAN_POINT('',(-36.43935685471,-24.60372369406,
    10.353680434979));
#10960 = CARTESIAN_POINT('',(-35.77197369637,-24.81463260662,
    11.090930644106));
#10961 = CARTESIAN_POINT('',(-35.10411422434,-25.01096833253,
    11.829672736843));
#10962 = CARTESIAN_POINT('',(-33.78522396939,-25.36978628704,
    13.291254732415));
#10963 = CARTESIAN_POINT('',(-33.13419797575,-25.53300641748,
    14.014018266604));
#10964 = CARTESIAN_POINT('',(-32.48339587036,-25.68235547109,
    14.738186949165));
#10965 = CARTESIAN_POINT('',(-31.83314822398,-25.8178355514,
    15.463751978485));
#10966 = CARTESIAN_POINT('',(-31.18379100844,-25.93945186879,
    16.190705948204));
#10967 = CARTESIAN_POINT('',(-30.53566599978,-26.04721333539,
    16.919042963945));
#10968 = CARTESIAN_POINT('',(-29.88912118125,-26.1411331602,
    17.648758760065));
#10969 = CARTESIAN_POINT('',(-29.128924315,-26.23559173311,
    18.510944981368));
#10970 = CARTESIAN_POINT('',(-29.01339967059,-26.24950959952,
    18.642083372596));
#10971 = CARTESIAN_POINT('',(-28.89793913502,-26.2629833341,
    18.773265917433));
#10972 = CARTESIAN_POINT('',(-28.78254463449,-26.27601323134,
    18.904492544845));
#10973 = CARTESIAN_POINT('',(-28.66721809955,-26.28859958944,
    19.035763185407));
#10974 = CARTESIAN_POINT('',(-28.55196146513,-26.30074271027,
    19.1670777713));
#10975 = CARTESIAN_POINT('',(-28.43677667052,-26.31244289936,
    19.298436236311));
#10976 = CARTESIAN_POINT('',(-27.80313554793,-26.3744114032,
    20.021754423494));
#10977 = CARTESIAN_POINT('',(-27.28610271504,-26.41614084662,
    20.614559292175));
#10978 = CARTESIAN_POINT('',(-26.77074468411,-26.4489171259,
    21.208247361591));
#10979 = CARTESIAN_POINT('',(-26.25724104274,-26.4727700738,
    21.802813390599));
#10980 = CARTESIAN_POINT('',(-25.74577356363,-26.48773126088,
    22.398252700011));
#10981 = CARTESIAN_POINT('',(-25.23652632564,-26.49383423007,
    22.994561215413));
#10982 = CARTESIAN_POINT('',(-24.72968583477,-26.49111473138,
    23.591735509981));
#10983 = CARTESIAN_POINT('',(-24.08546240627,-26.47641749921,
    24.355788502006));
#10984 = CARTESIAN_POINT('',(-23.94568368326,-26.47254714334,
    24.521870644243));
#10985 = CARTESIAN_POINT('',(-23.80610872094,-26.46800106458,
    24.688019106192));
#10986 = CARTESIAN_POINT('',(-23.66674127312,-26.46278044889,
    24.854233723798));
#10987 = CARTESIAN_POINT('',(-23.52758510253,-26.4568864925,
    25.020514336774));
#10988 = CARTESIAN_POINT('',(-23.38864398092,-26.45032040192,
    25.186860788598));
#10989 = CARTESIAN_POINT('',(-23.24992168896,-26.44308339393,
    25.353272926514));
#10990 = CARTESIAN_POINT('',(-22.647654464,-26.40870103648,
    26.07720277733));
#10991 = CARTESIAN_POINT('',(-22.18638311217,-26.37471646392,
    26.635389707116));
#10992 = CARTESIAN_POINT('',(-21.72775015759,-26.33326908239,
    27.194305911647));
#10993 = CARTESIAN_POINT('',(-21.27189913777,-26.28440633324,
    27.753946266547));
#10994 = CARTESIAN_POINT('',(-20.81897500503,-26.22817716719,
    28.314306035411));
#10995 = CARTESIAN_POINT('',(-20.36912420062,-26.16463221674,
    28.875380902921));
#10996 = CARTESIAN_POINT('',(-19.92249472875,-26.0938239686,
    29.437167007959));
#10997 = CARTESIAN_POINT('',(-18.90327152236,-25.91443255181,
    30.730558807481));
#10998 = CARTESIAN_POINT('',(-18.33299883277,-25.80088682491,
    31.462651311229));
#10999 = CARTESIAN_POINT('',(-17.7687165407,-25.67531769101,
    32.19592296369));
#11000 = CARTESIAN_POINT('',(-17.21072577056,-25.5378766623,
    32.930359113182));
#11001 = CARTESIAN_POINT('',(-16.6593306205,-25.38871947715,
    33.665946116346));
#11002 = CARTESIAN_POINT('',(-16.11483839045,-25.22800674962,
    34.402671473907));
#11003 = CARTESIAN_POINT('',(-15.57755981023,-25.055904619,
    35.140523966418));
#11004 = CARTESIAN_POINT('',(-14.89124063527,-24.81840510653,
    36.097897520193));
#11005 = CARTESIAN_POINT('',(-14.73532947299,-24.76324510599,
    36.316398783897));
#11006 = CARTESIAN_POINT('',(-14.58008300822,-24.70711052509,
    36.534997111886));
#11007 = CARTESIAN_POINT('',(-14.42550848133,-24.6500065222,
    36.753692043855));
#11008 = CARTESIAN_POINT('',(-14.27161314559,-24.59193828666,
    36.972483128436));
#11009 = CARTESIAN_POINT('',(-14.11840426716,-24.53291103882,
    37.191369923193));
#11010 = CARTESIAN_POINT('',(-13.96588912507,-24.47293003,
    37.410351994622));
#11011 = CARTESIAN_POINT('',(-13.46360998868,-24.27134396141,
    38.135171085441));
#11012 = CARTESIAN_POINT('',(-13.11688097996,-24.12563283684,
    38.641418706219));
#11013 = CARTESIAN_POINT('',(-12.77397761638,-23.97493196617,
    39.148166590141));
#11014 = CARTESIAN_POINT('',(-12.43499007912,-23.8193073176,
    39.655409753679));
#11015 = CARTESIAN_POINT('',(-12.10000909924,-23.65882603016,
    40.163143420121));
#11016 = CARTESIAN_POINT('',(-11.76912595767,-23.49355641369,
    40.671363019578));
#11017 = CARTESIAN_POINT('',(-11.44243248526,-23.32356794887,
    41.180064188979));
#11018 = CARTESIAN_POINT('',(-10.9706605857,-23.06802901988,
    41.925125097371));
#11019 = CARTESIAN_POINT('',(-10.82221900886,-22.98612928315,
    42.161109853552));
#11020 = CARTESIAN_POINT('',(-10.67470427649,-22.9032398657,
    42.397196394954));
#11021 = CARTESIAN_POINT('',(-10.52812434118,-22.81936859453,
    42.633384086377));
#11022 = CARTESIAN_POINT('',(-10.38248716379,-22.73452333491,
    42.869672303086));
#11023 = CARTESIAN_POINT('',(-10.23780071347,-22.6487119904,
    43.106060430806));
#11024 = CARTESIAN_POINT('',(-10.09407296768,-22.56194250286,
    43.342547865727));
#11025 = CARTESIAN_POINT('',(-9.656524693529,-22.29309059848,
    44.067660612228));
#11026 = CARTESIAN_POINT('',(-9.365859311837,-22.10790713644,
    44.556608070957));
#11027 = CARTESIAN_POINT('',(-9.079386024991,-21.91874258132,
    45.045971197719));
#11028 = CARTESIAN_POINT('',(-8.79717538321,-21.72566799413,
    45.535744942234));
#11029 = CARTESIAN_POINT('',(-8.519298229001,-21.52875538186,
    46.025924396904));
#11030 = CARTESIAN_POINT('',(-8.245825697152,-21.32807769748,
    46.516504796822));
#11031 = CARTESIAN_POINT('',(-7.976829214737,-21.12370883995,
    47.007481519763));
#11032 = CARTESIAN_POINT('',(-7.576020904552,-20.80847875352,
    47.752218002275));
#11033 = CARTESIAN_POINT('',(-7.440870496238,-20.70027236512,
    48.005690090845));
#11034 = CARTESIAN_POINT('',(-7.306937438379,-20.59111554179,
    48.259265486228));
#11035 = CARTESIAN_POINT('',(-7.174229893657,-20.48101937814,
    48.512943334108));
#11036 = CARTESIAN_POINT('',(-7.04275602522,-20.36999501058,
    48.766722791527));
#11037 = CARTESIAN_POINT('',(-6.912523996689,-20.25805361728,
    49.020603026887));
#11038 = CARTESIAN_POINT('',(-6.783541972153,-20.14520641824,
    49.27458321995));
#11039 = CARTESIAN_POINT('',(-6.414529747315,-19.81659048879,
    50.008654255583));
#11040 = CARTESIAN_POINT('',(-6.177731630236,-19.59852390095,
    50.488999757593));
#11041 = CARTESIAN_POINT('',(-5.945478794107,-19.37734072308,
    50.9696936483));
#11042 = CARTESIAN_POINT('',(-5.717826385171,-19.15311751943,
    51.45073059787));
#11043 = CARTESIAN_POINT('',(-5.494829666735,-18.92593160715,
    51.932105366197));
#11044 = CARTESIAN_POINT('',(-5.276544019176,-18.69586105632,
    52.413812802906));
#11045 = CARTESIAN_POINT('',(-5.063024939937,-18.46298468989,
    52.895847847353));
#11046 = CARTESIAN_POINT('',(-4.748465669556,-18.10787167593,
    53.622883480824));
#11047 = CARTESIAN_POINT('',(-4.643843875942,-17.98765988292,
    53.86764441281));
#11048 = CARTESIAN_POINT('',(-4.540468314889,-17.86675764362,
    54.112487485582));
#11049 = CARTESIAN_POINT('',(-4.438344632514,-17.7451759199,
    54.357411867078));
#11050 = CARTESIAN_POINT('',(-4.337478468855,-17.62292569672,
    54.602416732171));
#11051 = CARTESIAN_POINT('',(-4.237875457869,-17.50001798202,
    54.84750126267));
#11052 = CARTESIAN_POINT('',(-4.139541227428,-17.37646380679,
    55.092664647322));
#11053 = CARTESIAN_POINT('',(-3.928369024297,-17.1062656404,
    55.626234251071));
#11054 = CARTESIAN_POINT('',(-3.816018197693,-16.95937877316,
    55.914670299386));
#11055 = CARTESIAN_POINT('',(-3.705438055096,-16.81163158521,
    56.203212921532));
#11056 = CARTESIAN_POINT('',(-3.596637733424,-16.66304209784,
    56.491860818864));
#11057 = CARTESIAN_POINT('',(-3.489626370939,-16.51362839172,
    56.780612699313));
#11058 = CARTESIAN_POINT('',(-3.384413107244,-16.36340860692,
    57.069467277386));
#11059 = CARTESIAN_POINT('',(-3.281007083282,-16.21240094292,
    57.358423274166));
#11060 = CARTESIAN_POINT('',(-3.076191266343,-15.90640135584,
    57.941192038448));
#11061 = CARTESIAN_POINT('',(-2.974840091409,-15.75138449882,
    58.23500806429));
#11062 = CARTESIAN_POINT('',(-2.875375608282,-15.5955918197,
    58.528926295643));
#11063 = CARTESIAN_POINT('',(-2.777802687665,-15.43904359496,
    58.822944978862));
#11064 = CARTESIAN_POINT('',(-2.682135200349,-15.28175820039,
    59.117063115192));
#11065 = CARTESIAN_POINT('',(-2.588385282729,-15.12375448499,
    59.411279596834));
#11066 = CARTESIAN_POINT('',(-2.496553736118,-14.96505384979,
    59.70559239185));
#11067 = CARTESIAN_POINT('',(-2.40664924926,-14.80567591807,60.));
#11068 = PCURVE('',#4219,#11069);
#11069 = DEFINITIONAL_REPRESENTATION('',(#11070),#11199);
#11070 = B_SPLINE_CURVE_WITH_KNOTS('',8,(#11071,#11072,#11073,#11074,
    #11075,#11076,#11077,#11078,#11079,#11080,#11081,#11082,#11083,
    #11084,#11085,#11086,#11087,#11088,#11089,#11090,#11091,#11092,
    #11093,#11094,#11095,#11096,#11097,#11098,#11099,#11100,#11101,
    #11102,#11103,#11104,#11105,#11106,#11107,#11108,#11109,#11110,
    #11111,#11112,#11113,#11114,#11115,#11116,#11117,#11118,#11119,
    #11120,#11121,#11122,#11123,#11124,#11125,#11126,#11127,#11128,
    #11129,#11130,#11131,#11132,#11133,#11134,#11135,#11136,#11137,
    #11138,#11139,#11140,#11141,#11142,#11143,#11144,#11145,#11146,
    #11147,#11148,#11149,#11150,#11151,#11152,#11153,#11154,#11155,
    #11156,#11157,#11158,#11159,#11160,#11161,#11162,#11163,#11164,
    #11165,#11166,#11167,#11168,#11169,#11170,#11171,#11172,#11173,
    #11174,#11175,#11176,#11177,#11178,#11179,#11180,#11181,#11182,
    #11183,#11184,#11185,#11186,#11187,#11188,#11189,#11190,#11191,
    #11192,#11193,#11194,#11195,#11196,#11197,#11198),.UNSPECIFIED.,.F.,
  .F.,(9,7,7,7,7,7,7,7,7,7,7,7,7,7,7,7,7,7,9),(0.,5.894428045284E-02,
    0.117914823584,0.219940961659,0.319364134157,0.33719198178,
    0.417499466896,0.439792890546,0.514442644745,0.611441628632,
    0.64010983568,0.706290795913,0.736949820681,0.800257622668,
    0.832901480979,0.894570331051,0.925852113298,0.962629825945,1.),
  .UNSPECIFIED.);
#11071 = CARTESIAN_POINT('',(-3.557169286969,0.));
#11072 = CARTESIAN_POINT('',(-3.56431162182,-0.414453149706));
#11073 = CARTESIAN_POINT('',(-3.571461524695,-0.829418970907));
#11074 = CARTESIAN_POINT('',(-3.578618960547,-1.244896781309));
#11075 = CARTESIAN_POINT('',(-3.58578351114,-1.660892784101));
#11076 = CARTESIAN_POINT('',(-3.592955872659,-2.07739437778));
#11077 = CARTESIAN_POINT('',(-3.600135482969,-2.494409786487));
#11078 = CARTESIAN_POINT('',(-3.607322611167,-2.911933256508));
#11079 = CARTESIAN_POINT('',(-3.621714863344,-3.748184208122));
#11080 = CARTESIAN_POINT('',(-3.628920005704,-4.166911975439));
#11081 = CARTESIAN_POINT('',(-3.636132528804,-4.586148246872));
#11082 = CARTESIAN_POINT('',(-3.643352379812,-5.005892551958));
#11083 = CARTESIAN_POINT('',(-3.650579485836,-5.426144609815));
#11084 = CARTESIAN_POINT('',(-3.657813753922,-5.846904329148));
#11085 = CARTESIAN_POINT('',(-3.665055071054,-6.268171808242));
#11086 = CARTESIAN_POINT('',(-3.684843619913,-7.419669766566));
#11087 = CARTESIAN_POINT('',(-3.697404646183,-8.150912419392));
#11088 = CARTESIAN_POINT('',(-3.70998646956,-8.883666405259));
#11089 = CARTESIAN_POINT('',(-3.722589018315,-9.617924336299));
#11090 = CARTESIAN_POINT('',(-3.735212043532,-10.35368043497));
#11091 = CARTESIAN_POINT('',(-3.747855100232,-11.0909306441));
#11092 = CARTESIAN_POINT('',(-3.760517528504,-11.82967273684));
#11093 = CARTESIAN_POINT('',(-3.785555816189,-13.29125473241));
#11094 = CARTESIAN_POINT('',(-3.79793079076,-14.0140182666));
#11095 = CARTESIAN_POINT('',(-3.810323366992,-14.73818694916));
#11096 = CARTESIAN_POINT('',(-3.822733385606,-15.46375197848));
#11097 = CARTESIAN_POINT('',(-3.835160496008,-16.1907059482));
#11098 = CARTESIAN_POINT('',(-3.847604132899,-16.91904296394));
#11099 = CARTESIAN_POINT('',(-3.860063492891,-17.64875876006));
#11100 = CARTESIAN_POINT('',(-3.874774262276,-18.51094498136));
#11101 = CARTESIAN_POINT('',(-3.877011485955,-18.64208337259));
#11102 = CARTESIAN_POINT('',(-3.879249181625,-18.77326591743));
#11103 = CARTESIAN_POINT('',(-3.881487348536,-18.90449254484));
#11104 = CARTESIAN_POINT('',(-3.883725985728,-19.0357631854));
#11105 = CARTESIAN_POINT('',(-3.885965092023,-19.1670777713));
#11106 = CARTESIAN_POINT('',(-3.888204666028,-19.29843623631));
#11107 = CARTESIAN_POINT('',(-3.900535211248,-20.02175442349));
#11108 = CARTESIAN_POINT('',(-3.910635172589,-20.61455929217));
#11109 = CARTESIAN_POINT('',(-3.920744444075,-21.20824736159));
#11110 = CARTESIAN_POINT('',(-3.930862785071,-21.80281339059));
#11111 = CARTESIAN_POINT('',(-3.940989848876,-22.39825270001));
#11112 = CARTESIAN_POINT('',(-3.951125171191,-22.99456121541));
#11113 = CARTESIAN_POINT('',(-3.961268158604,-23.59173550998));
#11114 = CARTESIAN_POINT('',(-3.974235702737,-24.355788502));
#11115 = CARTESIAN_POINT('',(-3.97705386363,-24.52187064424));
#11116 = CARTESIAN_POINT('',(-3.979872556948,-24.68801910619));
#11117 = CARTESIAN_POINT('',(-3.982691779245,-24.85423372379));
#11118 = CARTESIAN_POINT('',(-3.985511526415,-25.02051433677));
#11119 = CARTESIAN_POINT('',(-3.988331793697,-25.18686078859));
#11120 = CARTESIAN_POINT('',(-3.991152575672,-25.35327292651));
#11121 = CARTESIAN_POINT('',(-4.003420986302,-26.07720277733));
#11122 = CARTESIAN_POINT('',(-4.012873807894,-26.63538970711));
#11123 = CARTESIAN_POINT('',(-4.02233210211,-27.19430591164));
#11124 = CARTESIAN_POINT('',(-4.031795551278,-27.75394626654));
#11125 = CARTESIAN_POINT('',(-4.041263737507,-28.31430603541));
#11126 = CARTESIAN_POINT('',(-4.050736131209,-28.87538090292));
#11127 = CARTESIAN_POINT('',(-4.06021207962,-29.43716700795));
#11128 = CARTESIAN_POINT('',(-4.082007323365,-30.73055880748));
#11129 = CARTESIAN_POINT('',(-4.094328515985,-31.46265131122));
#11130 = CARTESIAN_POINT('',(-4.106653889805,-32.19592296369));
#11131 = CARTESIAN_POINT('',(-4.118982687304,-32.93035911318));
#11132 = CARTESIAN_POINT('',(-4.131313820326,-33.66594611634));
#11133 = CARTESIAN_POINT('',(-4.143645813602,-34.4026714739));
#11134 = CARTESIAN_POINT('',(-4.155976748269,-35.14052396641));
#11135 = CARTESIAN_POINT('',(-4.171947605341,-36.09789752019));
#11136 = CARTESIAN_POINT('',(-4.175590706302,-36.31639878389));
#11137 = CARTESIAN_POINT('',(-4.179233484132,-36.53499711188));
#11138 = CARTESIAN_POINT('',(-4.182875911541,-36.75369204385));
#11139 = CARTESIAN_POINT('',(-4.186517958092,-36.97248312843));
#11140 = CARTESIAN_POINT('',(-4.190159590197,-37.19136992319));
#11141 = CARTESIAN_POINT('',(-4.193800771119,-37.41035199462));
#11142 = CARTESIAN_POINT('',(-4.205846044846,-38.13517108544));
#11143 = CARTESIAN_POINT('',(-4.214247995924,-38.64141870621));
#11144 = CARTESIAN_POINT('',(-4.222646847999,-39.14816659014));
#11145 = CARTESIAN_POINT('',(-4.231042007969,-39.65540975367));
#11146 = CARTESIAN_POINT('',(-4.239432755843,-40.16314342012));
#11147 = CARTESIAN_POINT('',(-4.247818244737,-40.67136301957));
#11148 = CARTESIAN_POINT('',(-4.256197500875,-41.18006418897));
#11149 = CARTESIAN_POINT('',(-4.268447804704,-41.92512509737));
#11150 = CARTESIAN_POINT('',(-4.272324612063,-42.16110985355));
#11151 = CARTESIAN_POINT('',(-4.276199790096,-42.39719639495));
#11152 = CARTESIAN_POINT('',(-4.280073277245,-42.63338408637));
#11153 = CARTESIAN_POINT('',(-4.283945005967,-42.86967230308));
#11154 = CARTESIAN_POINT('',(-4.287814902734,-43.1060604308));
#11155 = CARTESIAN_POINT('',(-4.291682888035,-43.34254786572));
#11156 = CARTESIAN_POINT('',(-4.303531753391,-44.06766061222));
#11157 = CARTESIAN_POINT('',(-4.311506093835,-44.55660807095));
#11158 = CARTESIAN_POINT('',(-4.31947117727,-45.04597119771));
#11159 = CARTESIAN_POINT('',(-4.327426122976,-45.53574494223));
#11160 = CARTESIAN_POINT('',(-4.335369889949,-46.0259243969));
#11161 = CARTESIAN_POINT('',(-4.3433012769,-46.51650479682));
#11162 = CARTESIAN_POINT('',(-4.351218922255,-47.00748151976));
#11163 = CARTESIAN_POINT('',(-4.363196066306,-47.75221800227));
#11164 = CARTESIAN_POINT('',(-4.367266763092,-48.00569009084));
#11165 = CARTESIAN_POINT('',(-4.371333263953,-48.25926548622));
#11166 = CARTESIAN_POINT('',(-4.375395425741,-48.5129433341));
#11167 = CARTESIAN_POINT('',(-4.379453092727,-48.76672279152));
#11168 = CARTESIAN_POINT('',(-4.383506096599,-49.02060302688));
#11169 = CARTESIAN_POINT('',(-4.387554256466,-49.27458321995));
#11170 = CARTESIAN_POINT('',(-4.399235406987,-50.00865425558));
#11171 = CARTESIAN_POINT('',(-4.406855419189,-50.48899975759));
#11172 = CARTESIAN_POINT('',(-4.414456164755,-50.9696936483));
#11173 = CARTESIAN_POINT('',(-4.422036143736,-51.45073059787));
#11174 = CARTESIAN_POINT('',(-4.429593606942,-51.93210536619));
#11175 = CARTESIAN_POINT('',(-4.437126555939,-52.4138128029));
#11176 = CARTESIAN_POINT('',(-4.444632743049,-52.89584784735));
#11177 = CARTESIAN_POINT('',(-4.455902374518,-53.62288348082));
#11178 = CARTESIAN_POINT('',(-4.459687549303,-53.86764441281));
#11179 = CARTESIAN_POINT('',(-4.463464952743,-54.11248748558));
#11180 = CARTESIAN_POINT('',(-4.467234321337,-54.35741186707));
#11181 = CARTESIAN_POINT('',(-4.470995371043,-54.60241673217));
#11182 = CARTESIAN_POINT('',(-4.474747797282,-54.84750126267));
#11183 = CARTESIAN_POINT('',(-4.478491274935,-55.09266464732));
#11184 = CARTESIAN_POINT('',(-4.4866157045,-55.62623425107));
#11185 = CARTESIAN_POINT('',(-4.490993095645,-55.91467029938));
#11186 = CARTESIAN_POINT('',(-4.495357075258,-56.20321292153));
#11187 = CARTESIAN_POINT('',(-4.499707030047,-56.49186081886));
#11188 = CARTESIAN_POINT('',(-4.504042289948,-56.78061269931));
#11189 = CARTESIAN_POINT('',(-4.508362128129,-57.06946727738));
#11190 = CARTESIAN_POINT('',(-4.512665760981,-57.35842327416));
#11191 = CARTESIAN_POINT('',(-4.521307988981,-57.94119203844));
#11192 = CARTESIAN_POINT('',(-4.525646049457,-58.23500806428));
#11193 = CARTESIAN_POINT('',(-4.529965494216,-58.52892629564));
#11194 = CARTESIAN_POINT('',(-4.534265672066,-58.82294497886));
#11195 = CARTESIAN_POINT('',(-4.538545249408,-59.11706311519));
#11196 = CARTESIAN_POINT('',(-4.542802911492,-59.41127959683));
#11197 = CARTESIAN_POINT('',(-4.547037998372,-59.70559239185));
#11198 = CARTESIAN_POINT('',(-4.551249242444,-60.));
#11199 = ( GEOMETRIC_REPRESENTATION_CONTEXT(2) 
PARAMETRIC_REPRESENTATION_CONTEXT() REPRESENTATION_CONTEXT('2D SPACE',''
  ) );
#11200 = PCURVE('',#4162,#11201);
#11201 = DEFINITIONAL_REPRESENTATION('',(#11202),#11331);
#11202 = B_SPLINE_CURVE_WITH_KNOTS('',8,(#11203,#11204,#11205,#11206,
    #11207,#11208,#11209,#11210,#11211,#11212,#11213,#11214,#11215,
    #11216,#11217,#11218,#11219,#11220,#11221,#11222,#11223,#11224,
    #11225,#11226,#11227,#11228,#11229,#11230,#11231,#11232,#11233,
    #11234,#11235,#11236,#11237,#11238,#11239,#11240,#11241,#11242,
    #11243,#11244,#11245,#11246,#11247,#11248,#11249,#11250,#11251,
    #11252,#11253,#11254,#11255,#11256,#11257,#11258,#11259,#11260,
    #11261,#11262,#11263,#11264,#11265,#11266,#11267,#11268,#11269,
    #11270,#11271,#11272,#11273,#11274,#11275,#11276,#11277,#11278,
    #11279,#11280,#11281,#11282,#11283,#11284,#11285,#11286,#11287,
    #11288,#11289,#11290,#11291,#11292,#11293,#11294,#11295,#11296,
    #11297,#11298,#11299,#11300,#11301,#11302,#11303,#11304,#11305,
    #11306,#11307,#11308,#11309,#11310,#11311,#11312,#11313,#11314,
    #11315,#11316,#11317,#11318,#11319,#11320,#11321,#11322,#11323,
    #11324,#11325,#11326,#11327,#11328,#11329,#11330),.UNSPECIFIED.,.F.,
  .F.,(9,7,7,7,7,7,7,7,7,7,7,7,7,7,7,7,7,7,9),(0.,5.894428045284E-02,
    0.117914823584,0.219940961659,0.319364134157,0.33719198178,
    0.417499466896,0.439792890546,0.514442644745,0.611441628632,
    0.64010983568,0.706290795913,0.736949820681,0.800257622668,
    0.832901480979,0.894570331051,0.925852113298,0.962629825945,1.),
  .UNSPECIFIED.);
#11203 = CARTESIAN_POINT('',(2.883975899738,7.142857142857E-02));
#11204 = CARTESIAN_POINT('',(2.883505758598,7.734933070999E-02));
#11205 = CARTESIAN_POINT('',(2.883030802586,8.327741387039E-02));
#11206 = CARTESIAN_POINT('',(2.882550458701,8.921281116107E-02));
#11207 = CARTESIAN_POINT('',(2.882065122191,9.51556112019E-02));
#11208 = CARTESIAN_POINT('',(2.881574367162,0.101105633968));
#11209 = CARTESIAN_POINT('',(2.881078483829,0.10706299695));
#11210 = CARTESIAN_POINT('',(2.880577218729,0.11302761795));
#11211 = CARTESIAN_POINT('',(2.879563676238,0.124974060116));
#11212 = CARTESIAN_POINT('',(2.879051378604,0.130955885363));
#11213 = CARTESIAN_POINT('',(2.878533598247,0.136944974955));
#11214 = CARTESIAN_POINT('',(2.878010236215,0.142941322171));
#11215 = CARTESIAN_POINT('',(2.877481163814,0.148944922997));
#11216 = CARTESIAN_POINT('',(2.876946222608,0.154955776131));
#11217 = CARTESIAN_POINT('',(2.876405224415,0.160973882975));
#11218 = CARTESIAN_POINT('',(2.87491110296,0.177423853808));
#11219 = CARTESIAN_POINT('',(2.873945479481,0.18787017742));
#11220 = CARTESIAN_POINT('',(2.872960797346,0.198338091504));
#11221 = CARTESIAN_POINT('',(2.871956711456,0.208827490519));
#11222 = CARTESIAN_POINT('',(2.870932735287,0.219338291928));
#11223 = CARTESIAN_POINT('',(2.869888161031,0.229870437773));
#11224 = CARTESIAN_POINT('',(2.86882197975,0.240423896241));
#11225 = CARTESIAN_POINT('',(2.866671411197,0.261303639035));
#11226 = CARTESIAN_POINT('',(2.8655882402,0.27162883238));
#11227 = CARTESIAN_POINT('',(2.864482845728,0.281974099274));
#11228 = CARTESIAN_POINT('',(2.863354728526,0.292339313978));
#11229 = CARTESIAN_POINT('',(2.862203251657,0.302724370689));
#11230 = CARTESIAN_POINT('',(2.861027559271,0.313129185199));
#11231 = CARTESIAN_POINT('',(2.859826495374,0.323553696572));
#11232 = CARTESIAN_POINT('',(2.858378331358,0.335870642591));
#11233 = CARTESIAN_POINT('',(2.858157276071,0.33774404818));
#11234 = CARTESIAN_POINT('',(2.857935352852,0.339618084535));
#11235 = CARTESIAN_POINT('',(2.857712557713,0.341492750641));
#11236 = CARTESIAN_POINT('',(2.857488886557,0.343368045506));
#11237 = CARTESIAN_POINT('',(2.857264335184,0.345243968161));
#11238 = CARTESIAN_POINT('',(2.857038899284,0.347120517662));
#11239 = CARTESIAN_POINT('',(2.855793069498,0.357453634621));
#11240 = CARTESIAN_POINT('',(2.85475552748,0.365922275602));
#11241 = CARTESIAN_POINT('',(2.853699538862,0.374403533737));
#11242 = CARTESIAN_POINT('',(2.852624644543,0.382897334151));
#11243 = CARTESIAN_POINT('',(2.851530302234,0.39140361));
#11244 = CARTESIAN_POINT('',(2.850415852849,0.399922303077));
#11245 = CARTESIAN_POINT('',(2.849280486898,0.408453364428));
#11246 = CARTESIAN_POINT('',(2.847801950102,0.419368407172));
#11247 = CARTESIAN_POINT('',(2.847479001754,0.421741009203));
#11248 = CARTESIAN_POINT('',(2.847154354332,0.42411455866));
#11249 = CARTESIAN_POINT('',(2.846827996026,0.426489053197));
#11250 = CARTESIAN_POINT('',(2.846499914716,0.428864490525));
#11251 = CARTESIAN_POINT('',(2.846170097968,0.431240868409));
#11252 = CARTESIAN_POINT('',(2.845838533037,0.433618184664));
#11253 = CARTESIAN_POINT('',(2.844389060814,0.443960039676));
#11254 = CARTESIAN_POINT('',(2.843253167291,0.451934138673));
#11255 = CARTESIAN_POINT('',(2.842097029382,0.459918655881));
#11256 = CARTESIAN_POINT('',(2.840920103264,0.467913518094));
#11257 = CARTESIAN_POINT('',(2.839721770845,0.475918657649));
#11258 = CARTESIAN_POINT('',(2.838501312396,0.483934012899));
#11259 = CARTESIAN_POINT('',(2.837257879197,0.491959528685));
#11260 = CARTESIAN_POINT('',(2.834343605075,0.510436554393));
#11261 = CARTESIAN_POINT('',(2.832656259939,0.520895018732));
#11262 = CARTESIAN_POINT('',(2.830926991057,0.531370328053));
#11263 = CARTESIAN_POINT('',(2.829154289024,0.541862273045));
#11264 = CARTESIAN_POINT('',(2.827336464183,0.552370658805));
#11265 = CARTESIAN_POINT('',(2.825471536063,0.56289530677));
#11266 = CARTESIAN_POINT('',(2.82355712283,0.573436056663));
#11267 = CARTESIAN_POINT('',(2.821009042134,0.587112821717));
#11268 = CARTESIAN_POINT('',(2.820423180629,0.590234268341));
#11269 = CARTESIAN_POINT('',(2.819832691807,0.593357101598));
#11270 = CARTESIAN_POINT('',(2.819237519798,0.596481314912));
#11271 = CARTESIAN_POINT('',(2.818637607265,0.599606901835));
#11272 = CARTESIAN_POINT('',(2.818032895412,0.602733856046));
#11273 = CARTESIAN_POINT('',(2.817423323975,0.605862171352));
#11274 = CARTESIAN_POINT('',(2.815390266061,0.616216729792));
#11275 = CARTESIAN_POINT('',(2.813945452372,0.62344883866));
#11276 = CARTESIAN_POINT('',(2.812473664958,0.630688094145));
#11277 = CARTESIAN_POINT('',(2.810974084314,0.637934425053));
#11278 = CARTESIAN_POINT('',(2.809445796639,0.645187763145));
#11279 = CARTESIAN_POINT('',(2.807887793837,0.652448043137));
#11280 = CARTESIAN_POINT('',(2.806298973513,0.6597152027));
#11281 = CARTESIAN_POINT('',(2.803927270359,0.670358929962));
#11282 = CARTESIAN_POINT('',(2.803169527703,0.673730140765));
#11283 = CARTESIAN_POINT('',(2.802404811356,0.677102805642));
#11284 = CARTESIAN_POINT('',(2.801633018971,0.68047691552));
#11285 = CARTESIAN_POINT('',(2.800854045505,0.683852461473));
#11286 = CARTESIAN_POINT('',(2.800067783226,0.687229434726));
#11287 = CARTESIAN_POINT('',(2.799274121706,0.690607826653));
#11288 = CARTESIAN_POINT('',(2.796818604352,0.700966580175));
#11289 = CARTESIAN_POINT('',(2.795132207966,0.707951543871));
#11290 = CARTESIAN_POINT('',(2.793412794647,0.714942445682));
#11291 = CARTESIAN_POINT('',(2.79165929851,0.72193921346));
#11292 = CARTESIAN_POINT('',(2.789870551798,0.728941777099));
#11293 = CARTESIAN_POINT('',(2.788045284883,0.735950068526));
#11294 = CARTESIAN_POINT('',(2.78618212627,0.742964021711));
#11295 = CARTESIAN_POINT('',(2.783298590591,0.753603114318));
#11296 = CARTESIAN_POINT('',(2.782307105769,0.757224144155));
#11297 = CARTESIAN_POINT('',(2.781304965752,0.760846649803));
#11298 = CARTESIAN_POINT('',(2.780291982947,0.764470619059));
#11299 = CARTESIAN_POINT('',(2.77926796454,0.768096039879));
#11300 = CARTESIAN_POINT('',(2.778232712498,0.771722900384));
#11301 = CARTESIAN_POINT('',(2.777186023567,0.775351188856));
#11302 = CARTESIAN_POINT('',(2.774128346608,0.785837917937));
#11303 = CARTESIAN_POINT('',(2.772087419404,0.792699996537));
#11304 = CARTESIAN_POINT('',(2.770003535132,0.799567052119));
#11305 = CARTESIAN_POINT('',(2.767875195728,0.806439008541));
#11306 = CARTESIAN_POINT('',(2.765700777599,0.813315790946));
#11307 = CARTESIAN_POINT('',(2.763478531624,0.820197325756));
#11308 = CARTESIAN_POINT('',(2.761206583149,0.827083540676));
#11309 = CARTESIAN_POINT('',(2.757704250221,0.837469764012));
#11310 = CARTESIAN_POINT('',(2.756512260676,0.840966348754));
#11311 = CARTESIAN_POINT('',(2.755306714887,0.844464106937));
#11312 = CARTESIAN_POINT('',(2.754087357515,0.847963026673));
#11313 = CARTESIAN_POINT('',(2.752853926355,0.851463096174));
#11314 = CARTESIAN_POINT('',(2.751606152332,0.854964303752));
#11315 = CARTESIAN_POINT('',(2.750343759505,0.858466637819));
#11316 = CARTESIAN_POINT('',(2.747564761378,0.86608906073));
#11317 = CARTESIAN_POINT('',(2.746042457194,0.870209575706));
#11318 = CARTESIAN_POINT('',(2.744499094264,0.874331613165));
#11319 = CARTESIAN_POINT('',(2.742934194993,0.878455154555));
#11320 = CARTESIAN_POINT('',(2.741347262445,0.882580181419));
#11321 = CARTESIAN_POINT('',(2.739737780342,0.886706675391));
#11322 = CARTESIAN_POINT('',(2.738105213063,0.890834618202));
#11323 = CARTESIAN_POINT('',(2.734766117965,0.899159886264));
#11324 = CARTESIAN_POINT('',(2.733058822692,0.903357258061));
#11325 = CARTESIAN_POINT('',(2.731326520109,0.907556089938));
#11326 = CARTESIAN_POINT('',(2.729568629383,0.911756356841));
#11327 = CARTESIAN_POINT('',(2.727784488963,0.915958044503));
#11328 = CARTESIAN_POINT('',(2.725973412648,0.920161137098));
#11329 = CARTESIAN_POINT('',(2.72413475059,0.924365605598));
#11330 = CARTESIAN_POINT('',(2.722267804434,0.928571428571));
#11331 = ( GEOMETRIC_REPRESENTATION_CONTEXT(2) 
PARAMETRIC_REPRESENTATION_CONTEXT() REPRESENTATION_CONTEXT('2D SPACE',''
  ) );
#11332 = ORIENTED_EDGE('',*,*,#5702,.T.);
#11333 = ORIENTED_EDGE('',*,*,#10534,.F.);
#11334 = ADVANCED_FACE('',(#11335),#4162,.F.);
#11335 = FACE_BOUND('',#11336,.F.);
#11336 = EDGE_LOOP('',(#11337,#11370,#11371,#11372));
#11337 = ORIENTED_EDGE('',*,*,#11338,.F.);
#11338 = EDGE_CURVE('',#4083,#5731,#11339,.T.);
#11339 = SURFACE_CURVE('',#11340,(#11356,#11363),.PCURVE_S1.);
#11340 = ( BOUNDED_CURVE() B_SPLINE_CURVE(3,(#11341,#11342,#11343,#11344
    ,#11345,#11346,#11347,#11348,#11349,#11350,#11351,#11352,#11353,
#11354,#11355),.UNSPECIFIED.,.F.,.F.) B_SPLINE_CURVE_WITH_KNOTS((4,1,1,1
    ,1,1,1,1,1,1,1,1,4),(0.,8.333333333333E-02,0.166666666667,0.25,
    0.333333333333,0.416666666667,0.5,0.583333333333,0.666666666667,0.75
,0.833333333333,0.916666666667,1.),.QUASI_UNIFORM_KNOTS.) CURVE() 
GEOMETRIC_REPRESENTATION_ITEM() RATIONAL_B_SPLINE_CURVE((1.,1.,1.,1.,1.,
1.,1.,1.,1.,1.,1.,1.,1.,1.,1.)) REPRESENTATION_ITEM('') );
#11341 = CARTESIAN_POINT('',(-64.99632381342,-22.49116643774,-5.));
#11342 = CARTESIAN_POINT('',(-62.86034194642,-24.20398089601,
    -3.055555555556));
#11343 = CARTESIAN_POINT('',(-58.46438706003,-27.27125169699,
    0.833333333333));
#11344 = CARTESIAN_POINT('',(-51.65107844799,-30.78439933676,
    6.666666666667));
#11345 = CARTESIAN_POINT('',(-44.76934024413,-33.21682094374,12.5));
#11346 = CARTESIAN_POINT('',(-37.96606122613,-34.59476900388,
    18.333333333333));
#11347 = CARTESIAN_POINT('',(-31.38174709247,-34.96292797531,
    24.166666666667));
#11348 = CARTESIAN_POINT('',(-25.1483203,-34.38336060281,30.));
#11349 = CARTESIAN_POINT('',(-19.38706443567,-32.93419328582,
    35.833333333333));
#11350 = CARTESIAN_POINT('',(-14.20682879827,-30.70802687393,
    41.666666666667));
#11351 = CARTESIAN_POINT('',(-9.702310006165,-27.81027768991,47.5));
#11352 = CARTESIAN_POINT('',(-5.952585696108,-24.35723732323,
    53.333333333333));
#11353 = CARTESIAN_POINT('',(-3.019900031686,-20.47397157827,
    59.166666666667));
#11354 = CARTESIAN_POINT('',(-1.639105104489,-17.68604152076,
    63.055555555555));
#11355 = CARTESIAN_POINT('',(-1.096622939858,-16.26493475428,65.));
#11356 = PCURVE('',#4162,#11357);
#11357 = DEFINITIONAL_REPRESENTATION('',(#11358),#11362);
#11358 = LINE('',#11359,#11360);
#11359 = CARTESIAN_POINT('',(2.,0.));
#11360 = VECTOR('',#11361,1.);
#11361 = DIRECTION('',(0.,1.));
#11362 = ( GEOMETRIC_REPRESENTATION_CONTEXT(2) 
PARAMETRIC_REPRESENTATION_CONTEXT() REPRESENTATION_CONTEXT('2D SPACE',''
  ) );
#11363 = PCURVE('',#4102,#11364);
#11364 = DEFINITIONAL_REPRESENTATION('',(#11365),#11369);
#11365 = LINE('',#11366,#11367);
#11366 = CARTESIAN_POINT('',(2.,0.));
#11367 = VECTOR('',#11368,1.);
#11368 = DIRECTION('',(0.,1.));
#11369 = ( GEOMETRIC_REPRESENTATION_CONTEXT(2) 
PARAMETRIC_REPRESENTATION_CONTEXT() REPRESENTATION_CONTEXT('2D SPACE',''
  ) );
#11370 = ORIENTED_EDGE('',*,*,#4142,.F.);
#11371 = ORIENTED_EDGE('',*,*,#10937,.T.);
#11372 = ORIENTED_EDGE('',*,*,#5730,.T.);
#11373 = ADVANCED_FACE('',(#11374),#4102,.F.);
#11374 = FACE_BOUND('',#11375,.F.);
#11375 = EDGE_LOOP('',(#11376,#11409,#11410,#11411));
#11376 = ORIENTED_EDGE('',*,*,#11377,.F.);
#11377 = EDGE_CURVE('',#4023,#5760,#11378,.T.);
#11378 = SURFACE_CURVE('',#11379,(#11395,#11402),.PCURVE_S1.);
#11379 = ( BOUNDED_CURVE() B_SPLINE_CURVE(3,(#11380,#11381,#11382,#11383
    ,#11384,#11385,#11386,#11387,#11388,#11389,#11390,#11391,#11392,
#11393,#11394),.UNSPECIFIED.,.F.,.F.) B_SPLINE_CURVE_WITH_KNOTS((4,1,1,1
    ,1,1,1,1,1,1,1,1,4),(0.,8.333333333333E-02,0.166666666667,0.25,
    0.333333333333,0.416666666667,0.5,0.583333333333,0.666666666667,0.75
,0.833333333333,0.916666666667,1.),.QUASI_UNIFORM_KNOTS.) CURVE() 
GEOMETRIC_REPRESENTATION_ITEM() RATIONAL_B_SPLINE_CURVE((1.,1.,1.,1.,1.,
1.,1.,1.,1.,1.,1.,1.,1.,1.,1.)) REPRESENTATION_ITEM('') );
#11380 = CARTESIAN_POINT('',(-63.61510816019,-26.14369313536,-5.));
#11381 = CARTESIAN_POINT('',(-61.37246051696,-27.76391166682,
    -3.055555555556));
#11382 = CARTESIAN_POINT('',(-56.77682777749,-30.63808533245,
    0.833333333333));
#11383 = CARTESIAN_POINT('',(-49.70554951457,-33.84354342597,
    6.666666666667));
#11384 = CARTESIAN_POINT('',(-42.60717031288,-35.95572270781,12.5));
#11385 = CARTESIAN_POINT('',(-35.62759534819,-37.00606596824,
    18.333333333333));
#11386 = CARTESIAN_POINT('',(-28.9056405885,-37.04403042204,
    24.166666666667));
#11387 = CARTESIAN_POINT('',(-22.57091164568,-36.13592345659,30.));
#11388 = CARTESIAN_POINT('',(-16.74184971306,-34.3634869803,
    35.833333333333));
#11389 = CARTESIAN_POINT('',(-11.5240604405,-31.82222617977,
    41.666666666667));
#11390 = CARTESIAN_POINT('',(-7.008738590228,-28.61968163888,47.5));
#11391 = CARTESIAN_POINT('',(-3.271370864194,-24.87345004188,
    53.333333333333));
#11392 = CARTESIAN_POINT('',(-0.370708870953,-20.70908118792,
    59.166666666667));
#11393 = CARTESIAN_POINT('',(0.977755893502,-17.74161228685,
    63.055555555555));
#11394 = CARTESIAN_POINT('',(1.501778164209,-16.23253975134,65.));
#11395 = PCURVE('',#4102,#11396);
#11396 = DEFINITIONAL_REPRESENTATION('',(#11397),#11401);
#11397 = LINE('',#11398,#11399);
#11398 = CARTESIAN_POINT('',(1.,0.));
#11399 = VECTOR('',#11400,1.);
#11400 = DIRECTION('',(0.,1.));
#11401 = ( GEOMETRIC_REPRESENTATION_CONTEXT(2) 
PARAMETRIC_REPRESENTATION_CONTEXT() REPRESENTATION_CONTEXT('2D SPACE',''
  ) );
#11402 = PCURVE('',#4042,#11403);
#11403 = DEFINITIONAL_REPRESENTATION('',(#11404),#11408);
#11404 = LINE('',#11405,#11406);
#11405 = CARTESIAN_POINT('',(1.,0.));
#11406 = VECTOR('',#11407,1.);
#11407 = DIRECTION('',(0.,1.));
#11408 = ( GEOMETRIC_REPRESENTATION_CONTEXT(2) 
PARAMETRIC_REPRESENTATION_CONTEXT() REPRESENTATION_CONTEXT('2D SPACE',''
  ) );
#11409 = ORIENTED_EDGE('',*,*,#4082,.F.);
#11410 = ORIENTED_EDGE('',*,*,#11338,.T.);
#11411 = ORIENTED_EDGE('',*,*,#5759,.T.);
#11412 = ADVANCED_FACE('',(#11413),#4042,.F.);
#11413 = FACE_BOUND('',#11414,.F.);
#11414 = EDGE_LOOP('',(#11415,#11811,#11812,#11813));
#11415 = ORIENTED_EDGE('',*,*,#11416,.F.);
#11416 = EDGE_CURVE('',#3994,#5789,#11417,.T.);
#11417 = SURFACE_CURVE('',#11418,(#11547,#11679),.PCURVE_S1.);
#11418 = B_SPLINE_CURVE_WITH_KNOTS('',8,(#11419,#11420,#11421,#11422,
    #11423,#11424,#11425,#11426,#11427,#11428,#11429,#11430,#11431,
    #11432,#11433,#11434,#11435,#11436,#11437,#11438,#11439,#11440,
    #11441,#11442,#11443,#11444,#11445,#11446,#11447,#11448,#11449,
    #11450,#11451,#11452,#11453,#11454,#11455,#11456,#11457,#11458,
    #11459,#11460,#11461,#11462,#11463,#11464,#11465,#11466,#11467,
    #11468,#11469,#11470,#11471,#11472,#11473,#11474,#11475,#11476,
    #11477,#11478,#11479,#11480,#11481,#11482,#11483,#11484,#11485,
    #11486,#11487,#11488,#11489,#11490,#11491,#11492,#11493,#11494,
    #11495,#11496,#11497,#11498,#11499,#11500,#11501,#11502,#11503,
    #11504,#11505,#11506,#11507,#11508,#11509,#11510,#11511,#11512,
    #11513,#11514,#11515,#11516,#11517,#11518,#11519,#11520,#11521,
    #11522,#11523,#11524,#11525,#11526,#11527,#11528,#11529,#11530,
    #11531,#11532,#11533,#11534,#11535,#11536,#11537,#11538,#11539,
    #11540,#11541,#11542,#11543,#11544,#11545,#11546),.UNSPECIFIED.,.F.,
  .F.,(9,7,7,7,7,7,7,7,7,7,7,7,7,7,7,7,7,7,9),(0.,5.884725090934E-02,
    0.118953771377,0.219637989065,0.318978972092,0.417068048632,
    0.437012590688,0.514000056739,0.538353160798,0.611022271419,
    0.637412478362,0.705927004249,0.7354759002,0.799979884508,
    0.831535120078,0.894408423124,0.924617178262,0.962568698087,1.),
  .UNSPECIFIED.);
#11419 = CARTESIAN_POINT('',(-44.30298660946,-23.1785542578,
    2.23366299002E-16));
#11420 = CARTESIAN_POINT('',(-43.91894569053,-23.3910261632,
    0.414492620631));
#11421 = CARTESIAN_POINT('',(-43.5335720263,-23.59879880759,
    0.829486831427));
#11422 = CARTESIAN_POINT('',(-43.14692722952,-23.80185126435,
    1.244981852996));
#11423 = CARTESIAN_POINT('',(-42.75907914155,-24.00014569152,
    1.660983857666));
#11424 = CARTESIAN_POINT('',(-42.37007964898,-24.19369805425,
    2.077480001923));
#11425 = CARTESIAN_POINT('',(-41.97999951715,-24.38246526881,
    2.494478509353));
#11426 = CARTESIAN_POINT('',(-41.58889795967,-24.56644506211,
    2.911973466345));
#11427 = CARTESIAN_POINT('',(-40.79639302231,-24.92862397404,
    3.756902335008));
#11428 = CARTESIAN_POINT('',(-40.39494809444,-25.10661572948,
    4.184357577488));
#11429 = CARTESIAN_POINT('',(-39.99257372096,-25.27957605636,
    4.612330503862));
#11430 = CARTESIAN_POINT('',(-39.58933902617,-25.44748843153,
    5.040820519805));
#11431 = CARTESIAN_POINT('',(-39.18531405536,-25.61033660751,
    5.469827248946));
#11432 = CARTESIAN_POINT('',(-38.78056977323,-25.76810473412,
    5.899350517938));
#11433 = CARTESIAN_POINT('',(-38.37517806243,-25.92077748021,
    6.329390341542));
#11434 = CARTESIAN_POINT('',(-37.2891789556,-26.31552186508,
    7.481170673367));
#11435 = CARTESIAN_POINT('',(-36.6075329773,-26.5483673308,
    8.203843279156));
#11436 = CARTESIAN_POINT('',(-35.92460163245,-26.76683834154,
    8.927955670173));
#11437 = CARTESIAN_POINT('',(-35.24071843515,-26.97089887218,
    9.653500263264));
#11438 = CARTESIAN_POINT('',(-34.5562229859,-27.16051573385,
    10.380471052759));
#11439 = CARTESIAN_POINT('',(-33.87146138912,-27.33565922437,
    11.108863716219));
#11440 = CARTESIAN_POINT('',(-33.18678667077,-27.49630377866,
    11.838675720177));
#11441 = CARTESIAN_POINT('',(-31.82746004408,-27.78660399888,
    13.291381735465));
#11442 = CARTESIAN_POINT('',(-31.15279557269,-27.91664641778,
    14.014236938952));
#11443 = CARTESIAN_POINT('',(-30.47889339354,-28.03256657651,
    14.738461415452));
#11444 = CARTESIAN_POINT('',(-29.80608607856,-28.13437800735,
    15.464045870071));
#11445 = CARTESIAN_POINT('',(-29.13471153943,-28.22209771593,
    16.190982455912));
#11446 = CARTESIAN_POINT('',(-28.4651134071,-28.29574682279,
    16.919264896062));
#11447 = CARTESIAN_POINT('',(-27.79764141142,-28.35535120501,
    17.648888605582));
#11448 = CARTESIAN_POINT('',(-26.47604238583,-28.44595852856,
    19.101601351637));
#11449 = CARTESIAN_POINT('',(-25.82185267961,-28.47731373401,
    19.824655862407));
#11450 = CARTESIAN_POINT('',(-25.17040298163,-28.49506707244,
    20.549002132417));
#11451 = CARTESIAN_POINT('',(-24.52201780453,-28.49928117164,
    21.274629133618));
#11452 = CARTESIAN_POINT('',(-23.87702617031,-28.49002261252,
    22.00152715663));
#11453 = CARTESIAN_POINT('',(-23.23576194688,-28.46736257264,
    22.729687944056));
#11454 = CARTESIAN_POINT('',(-22.59856418446,-28.43137746973,
    23.45910482381));
#11455 = CARTESIAN_POINT('',(-21.8371123444,-28.37214005834,
    24.338340241987));
#11456 = CARTESIAN_POINT('',(-21.70862958913,-28.36158303864,
    24.486959345309));
#11457 = CARTESIAN_POINT('',(-21.58033185528,-28.35047947387,
    24.635630028626));
#11458 = CARTESIAN_POINT('',(-21.45222181743,-28.33883029884,
    24.784352170687));
#11459 = CARTESIAN_POINT('',(-21.32430215578,-28.32663645543,
    24.933125652766));
#11460 = CARTESIAN_POINT('',(-21.19657555611,-28.31389889261,
    25.081950358656));
#11461 = CARTESIAN_POINT('',(-21.06904470978,-28.30061856643,
    25.230826174675));
#11462 = CARTESIAN_POINT('',(-20.45019947343,-28.23344196908,
    25.954621947833));
#11463 = CARTESIAN_POINT('',(-19.96164366576,-28.1720145749,
    26.530250711975));
#11464 = CARTESIAN_POINT('',(-19.47619990208,-28.10256968446,
    27.106633015607));
#11465 = CARTESIAN_POINT('',(-18.99402466629,-28.02516434933,
    27.68376302528));
#11466 = CARTESIAN_POINT('',(-18.51527599437,-27.93985746668,
    28.261635382793));
#11467 = CARTESIAN_POINT('',(-18.04011355386,-27.8467100003,
    28.840245247407));
#11468 = CARTESIAN_POINT('',(-17.5686987234,-27.74578520166,
    29.419588338067));
#11469 = CARTESIAN_POINT('',(-16.9533111868,-27.60278436897,
    30.183152783153));
#11470 = CARTESIAN_POINT('',(-16.80581903064,-27.56764827537,
    30.366717579843));
#11471 = CARTESIAN_POINT('',(-16.6587228796,-27.53174302982,
    30.550355107264));
#11472 = CARTESIAN_POINT('',(-16.51202741922,-27.49507112904,
    30.734065112361));
#11473 = CARTESIAN_POINT('',(-16.36573734466,-27.45763508674,
    30.917847347442));
#11474 = CARTESIAN_POINT('',(-16.21985736067,-27.41943743363,
    31.101701570177));
#11475 = CARTESIAN_POINT('',(-16.07439218165,-27.38048071738,
    31.285627543597));
#11476 = CARTESIAN_POINT('',(-15.49653359883,-27.22226416996,
    32.018669383972));
#11477 = CARTESIAN_POINT('',(-15.06745628684,-27.09702489273,
    32.56835047267));
#11478 = CARTESIAN_POINT('',(-14.6422399987,-26.96511785922,
    33.118662248156));
#11479 = CARTESIAN_POINT('',(-14.22101114095,-26.82661266733,
    33.669598978918));
#11480 = CARTESIAN_POINT('',(-13.80389714005,-26.68158052099,
    34.221155285989));
#11481 = CARTESIAN_POINT('',(-13.39102645881,-26.5300944266,
    34.773326172955));
#11482 = CARTESIAN_POINT('',(-12.9825286128,-26.37222938948,
    35.326107055976));
#11483 = CARTESIAN_POINT('',(-12.43182127928,-26.14844449683,
    36.080459381592));
#11484 = CARTESIAN_POINT('',(-12.28570218597,-26.08799537406,
    36.281504831634));
#11485 = CARTESIAN_POINT('',(-12.14018244417,-26.0267193904,
    36.482629772973));
#11486 = CARTESIAN_POINT('',(-11.99526760009,-25.96462071835,
    36.683833841629));
#11487 = CARTESIAN_POINT('',(-11.85096320888,-25.90170355444,
    36.885116680585));
#11488 = CARTESIAN_POINT('',(-11.7072748346,-25.83797211922,
    37.08647793979));
#11489 = CARTESIAN_POINT('',(-11.56420805023,-25.77343065728,
    37.287917276159));
#11490 = CARTESIAN_POINT('',(-11.05196525492,-25.5384283144,
    38.012615056423));
#11491 = CARTESIAN_POINT('',(-10.68638946082,-25.36334215739,
    38.536319694082));
#11492 = CARTESIAN_POINT('',(-10.32513867346,-25.18289968479,
    39.060542470242));
#11493 = CARTESIAN_POINT('',(-9.968311080004,-24.99717680533,
    39.585277812782));
#11494 = CARTESIAN_POINT('',(-9.616005451106,-24.80625076327,
    40.110520401127));
#11495 = CARTESIAN_POINT('',(-9.268321155374,-24.61020028375,
    40.636265193616));
#11496 = CARTESIAN_POINT('',(-8.92535817382,-24.40910571818,
    41.162507454856));
#11497 = CARTESIAN_POINT('',(-8.441383878881,-24.11418127669,
    41.916412820484));
#11498 = CARTESIAN_POINT('',(-8.296447457602,-24.02439047613,
    42.14367453928));
#11499 = CARTESIAN_POINT('',(-8.152414786656,-23.93368391425,
    42.371027357186));
#11500 = CARTESIAN_POINT('',(-8.009292809195,-23.84206875389,
    42.598470701996));
#11501 = CARTESIAN_POINT('',(-7.867088475344,-23.74955219437,
    42.826004011588));
#11502 = CARTESIAN_POINT('',(-7.7258087422,-23.65614147154,
    43.053626733932));
#11503 = CARTESIAN_POINT('',(-7.58546057383,-23.56184385779,
    43.28133832708));
#11504 = CARTESIAN_POINT('',(-7.14172563702,-23.2588988877,
    44.006415831558));
#11505 = CARTESIAN_POINT('',(-6.841872787564,-23.04693977608,
    44.5041143379));
#11506 = CARTESIAN_POINT('',(-6.546564864327,-22.83086515795,
    45.002228266814));
#11507 = CARTESIAN_POINT('',(-6.255874627535,-22.61075202198,
    45.50075230328));
#11508 = CARTESIAN_POINT('',(-5.969875126221,-22.38667851471,
    45.999681328654));
#11509 = CARTESIAN_POINT('',(-5.688639698226,-22.15872394049,
    46.499010420663));
#11510 = CARTESIAN_POINT('',(-5.412241970198,-21.92696876156,
    46.998734853404));
#11511 = CARTESIAN_POINT('',(-5.007945329227,-21.5763010517,
    47.743505594281));
#11512 = CARTESIAN_POINT('',(-4.876310240053,-21.46021753161,
    47.988254609034));
#11513 = CARTESIAN_POINT('',(-4.745857724934,-21.34325412904,
    48.233096356971));
#11514 = CARTESIAN_POINT('',(-4.616594919253,-21.22542097756,
    48.478030065055));
#11515 = CARTESIAN_POINT('',(-4.48852895891,-21.10672825298,
    48.723054971849));
#11516 = CARTESIAN_POINT('',(-4.36166698032,-20.98718617335,
    48.968170327516));
#11517 = CARTESIAN_POINT('',(-4.236016120415,-20.86680499895,
    49.213375393819));
#11518 = CARTESIAN_POINT('',(-3.863653540386,-20.5040861091,
    49.94741392286));
#11519 = CARTESIAN_POINT('',(-3.620560053617,-20.25928701913,
    50.436511637788));
#11520 = CARTESIAN_POINT('',(-3.382359509853,-20.01127908114,
    50.925956863698));
#11521 = CARTESIAN_POINT('',(-3.149108462482,-19.76014459327,
    51.415744021429));
#11522 = CARTESIAN_POINT('',(-2.92086356476,-19.50596683307,
    51.905867677869));
#11523 = CARTESIAN_POINT('',(-2.697681569809,-19.24883005749,
    52.396322545951));
#11524 = CARTESIAN_POINT('',(-2.479619330626,-18.98881950288,
    52.887103484656));
#11525 = CARTESIAN_POINT('',(-2.164448624117,-18.59975469299,
    53.614165434001));
#11526 = CARTESIAN_POINT('',(-2.063358312021,-18.47284455883,
    53.850199452803));
#11527 = CARTESIAN_POINT('',(-1.963467744504,-18.34530085464,
    54.086306798004));
#11528 = CARTESIAN_POINT('',(-1.864781797284,-18.21713347897,
    54.322486719853));
#11529 = CARTESIAN_POINT('',(-1.767305341085,-18.08835235683,
    54.558738476268));
#11530 = CARTESIAN_POINT('',(-1.671043241625,-17.9589674397,
    54.795061332834));
#11531 = CARTESIAN_POINT('',(-1.576000359627,-17.8289887055,
    55.031454562801));
#11532 = CARTESIAN_POINT('',(-1.364316171506,-17.53439930403,
    55.564987809632));
#11533 = CARTESIAN_POINT('',(-1.248382765886,-17.36945102414,
    55.862168104038));
#11534 = CARTESIAN_POINT('',(-1.134390962125,-17.20360114957,
    56.159456905981));
#11535 = CARTESIAN_POINT('',(-1.022350386752,-17.03686960447,
    56.456852805345));
#11536 = CARTESIAN_POINT('',(-0.91227066465,-16.86927640645,
    56.754354406231));
#11537 = CARTESIAN_POINT('',(-0.804161419058,-16.70084166665,
    57.051960326949));
#11538 = CARTESIAN_POINT('',(-0.69803227157,-16.53158558966,
    57.349669200021));
#11539 = CARTESIAN_POINT('',(-0.49118089694,-16.19380240404,
    57.941207927276));
#11540 = CARTESIAN_POINT('',(-0.390404128833,-16.02529711402,
    58.235035007958));
#11541 = CARTESIAN_POINT('',(-0.29157382243,-15.85603198565,
    58.528959818847));
#11542 = CARTESIAN_POINT('',(-0.194694574479,-15.68602692287,
    58.822980508368));
#11543 = CARTESIAN_POINT('',(-9.97797963108E-02,-15.51530134879,
    59.117096262532));
#11544 = CARTESIAN_POINT('',(-6.841185773949E-03,-15.34387494484,
    59.411306116605));
#11545 = CARTESIAN_POINT('',(8.412067935542E-02,-15.17176824634,
    59.70560784628));
#11546 = CARTESIAN_POINT('',(0.17309747448,-14.99900120889,60.));
#11547 = PCURVE('',#4042,#11548);
#11548 = DEFINITIONAL_REPRESENTATION('',(#11549),#11678);
#11549 = B_SPLINE_CURVE_WITH_KNOTS('',8,(#11550,#11551,#11552,#11553,
    #11554,#11555,#11556,#11557,#11558,#11559,#11560,#11561,#11562,
    #11563,#11564,#11565,#11566,#11567,#11568,#11569,#11570,#11571,
    #11572,#11573,#11574,#11575,#11576,#11577,#11578,#11579,#11580,
    #11581,#11582,#11583,#11584,#11585,#11586,#11587,#11588,#11589,
    #11590,#11591,#11592,#11593,#11594,#11595,#11596,#11597,#11598,
    #11599,#11600,#11601,#11602,#11603,#11604,#11605,#11606,#11607,
    #11608,#11609,#11610,#11611,#11612,#11613,#11614,#11615,#11616,
    #11617,#11618,#11619,#11620,#11621,#11622,#11623,#11624,#11625,
    #11626,#11627,#11628,#11629,#11630,#11631,#11632,#11633,#11634,
    #11635,#11636,#11637,#11638,#11639,#11640,#11641,#11642,#11643,
    #11644,#11645,#11646,#11647,#11648,#11649,#11650,#11651,#11652,
    #11653,#11654,#11655,#11656,#11657,#11658,#11659,#11660,#11661,
    #11662,#11663,#11664,#11665,#11666,#11667,#11668,#11669,#11670,
    #11671,#11672,#11673,#11674,#11675,#11676,#11677),.UNSPECIFIED.,.F.,
  .F.,(9,7,7,7,7,7,7,7,7,7,7,7,7,7,7,7,7,7,9),(0.,5.884725090934E-02,
    0.118953771377,0.219637989065,0.318978972092,0.417068048632,
    0.437012590688,0.514000056739,0.538353160798,0.611022271419,
    0.637412478362,0.705927004249,0.7354759002,0.799979884508,
    0.831535120078,0.894408423124,0.924617178262,0.962568698087,1.),
  .UNSPECIFIED.);
#11550 = CARTESIAN_POINT('',(0.116024100271,7.142857142857E-02));
#11551 = CARTESIAN_POINT('',(0.116494271907,7.734989458045E-02));
#11552 = CARTESIAN_POINT('',(0.116969249707,8.327838330609E-02));
#11553 = CARTESIAN_POINT('',(0.117449605821,8.921402647138E-02));
#11554 = CARTESIAN_POINT('',(0.11793498499,9.515691225237E-02));
#11555 = CARTESIAN_POINT('',(0.118425735105,0.10110685717));
#11556 = CARTESIAN_POINT('',(0.118921619913,0.107063978705));
#11557 = CARTESIAN_POINT('',(0.119422859154,0.113028192376));
#11558 = CARTESIAN_POINT('',(0.120446925263,0.125098604786));
#11559 = CARTESIAN_POINT('',(0.120969995253,0.13120510825));
#11560 = CARTESIAN_POINT('',(0.121498761108,0.137319007198));
#11561 = CARTESIAN_POINT('',(0.122033329038,0.14344029314));
#11562 = CARTESIAN_POINT('',(0.122573835637,0.149568960699));
#11563 = CARTESIAN_POINT('',(0.123120451481,0.155705007399));
#11564 = CARTESIAN_POINT('',(0.123673384723,0.161848433451));
#11565 = CARTESIAN_POINT('',(0.125170101083,0.178302438191));
#11566 = CARTESIAN_POINT('',(0.126125664796,0.188626332559));
#11567 = CARTESIAN_POINT('',(0.127099810918,0.198970795288));
#11568 = CARTESIAN_POINT('',(0.128092848848,0.209335718047));
#11569 = CARTESIAN_POINT('',(0.129105240855,0.219721015039));
#11570 = CARTESIAN_POINT('',(0.130137680631,0.230126624517));
#11571 = CARTESIAN_POINT('',(0.131191171851,0.240552510288));
#11572 = CARTESIAN_POINT('',(0.133328687487,0.261305453364));
#11573 = CARTESIAN_POINT('',(0.13441205239,0.271631956271));
#11574 = CARTESIAN_POINT('',(0.135517593631,0.281978020221));
#11575 = CARTESIAN_POINT('',(0.136645773668,0.29234351243));
#11576 = CARTESIAN_POINT('',(0.137797210889,0.302728320799));
#11577 = CARTESIAN_POINT('',(0.138972765279,0.313132355658));
#11578 = CARTESIAN_POINT('',(0.140173624085,0.323555551508));
#11579 = CARTESIAN_POINT('',(0.142613678462,0.344308590738));
#11580 = CARTESIAN_POINT('',(0.143852155297,0.354637940892));
#11581 = CARTESIAN_POINT('',(0.145117420142,0.364985744749));
#11582 = CARTESIAN_POINT('',(0.14641014454,0.375351844766));
#11583 = CARTESIAN_POINT('',(0.147731163114,0.385736102238));
#11584 = CARTESIAN_POINT('',(0.149081567266,0.396138399201));
#11585 = CARTESIAN_POINT('',(0.150462798875,0.40655864034));
#11586 = CARTESIAN_POINT('',(0.15216424275,0.419119146314));
#11587 = CARTESIAN_POINT('',(0.152453093225,0.421242276362));
#11588 = CARTESIAN_POINT('',(0.152743302992,0.423366143266));
#11589 = CARTESIAN_POINT('',(0.153034879862,0.425490745296));
#11590 = CARTESIAN_POINT('',(0.15332783188,0.427616080754));
#11591 = CARTESIAN_POINT('',(0.153622167326,0.429742147981));
#11592 = CARTESIAN_POINT('',(0.153917894713,0.431868945353));
#11593 = CARTESIAN_POINT('',(0.155361960011,0.442208884969));
#11594 = CARTESIAN_POINT('',(0.156529766885,0.450432153028));
#11595 = CARTESIAN_POINT('',(0.157718953958,0.458666185937));
#11596 = CARTESIAN_POINT('',(0.158930090879,0.466910900361));
#11597 = CARTESIAN_POINT('',(0.160163840958,0.475166219754));
#11598 = CARTESIAN_POINT('',(0.161420995721,0.483432074963));
#11599 = CARTESIAN_POINT('',(0.162702509467,0.49170840483));
#11600 = CARTESIAN_POINT('',(0.164422979052,0.502616468331));
#11601 = CARTESIAN_POINT('',(0.164838977131,0.505238822569));
#11602 = CARTESIAN_POINT('',(0.165257548839,0.507862215818));
#11603 = CARTESIAN_POINT('',(0.165678715617,0.510486644462));
#11604 = CARTESIAN_POINT('',(0.166102499578,0.513112104963));
#11605 = CARTESIAN_POINT('',(0.166528923501,0.51573859386));
#11606 = CARTESIAN_POINT('',(0.166958010836,0.518366107766));
#11607 = CARTESIAN_POINT('',(0.168678192107,0.528838134057));
#11608 = CARTESIAN_POINT('',(0.169990528636,0.536690721038));
#11609 = CARTESIAN_POINT('',(0.17132744392,0.544552317831));
#11610 = CARTESIAN_POINT('',(0.172689650667,0.552422842556));
#11611 = CARTESIAN_POINT('',(0.174077956293,0.560302218371));
#11612 = CARTESIAN_POINT('',(0.175493293564,0.568190373899));
#11613 = CARTESIAN_POINT('',(0.176936751232,0.576087243657));
#11614 = CARTESIAN_POINT('',(0.178944479903,0.586863705451));
#11615 = CARTESIAN_POINT('',(0.179483228836,0.589735783309));
#11616 = CARTESIAN_POINT('',(0.180025891292,0.592608996757));
#11617 = CARTESIAN_POINT('',(0.180572508324,0.595483340595));
#11618 = CARTESIAN_POINT('',(0.181123122227,0.598358809723));
#11619 = CARTESIAN_POINT('',(0.181677776532,0.60123539914));
#11620 = CARTESIAN_POINT('',(0.182236516007,0.604113103945));
#11621 = CARTESIAN_POINT('',(0.184260717217,0.614465929377));
#11622 = CARTESIAN_POINT('',(0.18574989329,0.621947424201));
#11623 = CARTESIAN_POINT('',(0.187267729387,0.629436321003));
#11624 = CARTESIAN_POINT('',(0.188815107362,0.636932540183));
#11625 = CARTESIAN_POINT('',(0.190393005024,0.64443600573));
#11626 = CARTESIAN_POINT('',(0.192002524763,0.651946645623));
#11627 = CARTESIAN_POINT('',(0.193644922158,0.659464392212));
#11628 = CARTESIAN_POINT('',(0.196044765949,0.670234468864));
#11629 = CARTESIAN_POINT('',(0.196774278292,0.673481064847));
#11630 = CARTESIAN_POINT('',(0.197510255747,0.676728962246));
#11631 = CARTESIAN_POINT('',(0.198252785174,0.679978152886));
#11632 = CARTESIAN_POINT('',(0.199001956178,0.683228628737));
#11633 = CARTESIAN_POINT('',(0.199757861105,0.686480381913));
#11634 = CARTESIAN_POINT('',(0.200520595045,0.689733404673));
#11635 = CARTESIAN_POINT('',(0.202970392622,0.700091654737));
#11636 = CARTESIAN_POINT('',(0.204683565701,0.707201633399));
#11637 = CARTESIAN_POINT('',(0.2064307501,0.714317546669));
#11638 = CARTESIAN_POINT('',(0.208213049897,0.721439318618));
#11639 = CARTESIAN_POINT('',(0.210031698218,0.728566876124));
#11640 = CARTESIAN_POINT('',(0.211888057239,0.735700148867));
#11641 = CARTESIAN_POINT('',(0.213783618182,0.742839069334));
#11642 = CARTESIAN_POINT('',(0.216667276541,0.753478651347));
#11643 = CARTESIAN_POINT('',(0.217624328582,0.756975065843));
#11644 = CARTESIAN_POINT('',(0.218591313475,0.7604728051));
#11645 = CARTESIAN_POINT('',(0.219568392538,0.763971858072));
#11646 = CARTESIAN_POINT('',(0.220555732368,0.767472213884));
#11647 = CARTESIAN_POINT('',(0.221553504847,0.770973861822));
#11648 = CARTESIAN_POINT('',(0.222561887136,0.77447679134));
#11649 = CARTESIAN_POINT('',(0.225611750692,0.784963056041));
#11650 = CARTESIAN_POINT('',(0.227685317183,0.791950166254));
#11651 = CARTESIAN_POINT('',(0.229803157264,0.79894224091));
#11652 = CARTESIAN_POINT('',(0.231966828412,0.805939200306));
#11653 = CARTESIAN_POINT('',(0.23417804947,0.812940966827));
#11654 = CARTESIAN_POINT('',(0.236438700654,0.819947464942));
#11655 = CARTESIAN_POINT('',(0.238750823547,0.826958621209));
#11656 = CARTESIAN_POINT('',(0.242253316571,0.837345220486));
#11657 = CARTESIAN_POINT('',(0.243402406022,0.84071713504));
#11658 = CARTESIAN_POINT('',(0.244564102388,0.844090097114));
#11659 = CARTESIAN_POINT('',(0.245738625382,0.847464095998));
#11660 = CARTESIAN_POINT('',(0.246926201491,0.85083912109));
#11661 = CARTESIAN_POINT('',(0.248127063978,0.854215161898));
#11662 = CARTESIAN_POINT('',(0.249341452882,0.85759220804));
#11663 = CARTESIAN_POINT('',(0.2521125657,0.865214111566));
#11664 = CARTESIAN_POINT('',(0.253677258778,0.869459544343));
#11665 = CARTESIAN_POINT('',(0.255264180924,0.873706527228));
#11666 = CARTESIAN_POINT('',(0.256873844805,0.877955040076));
#11667 = CARTESIAN_POINT('',(0.258506789081,0.882205062946));
#11668 = CARTESIAN_POINT('',(0.260163578404,0.886456576099));
#11669 = CARTESIAN_POINT('',(0.261844803419,0.89070956));
#11670 = CARTESIAN_POINT('',(0.265233969423,0.899160113247));
#11671 = CARTESIAN_POINT('',(0.266941221064,0.903357642971));
#11672 = CARTESIAN_POINT('',(0.268673491467,0.907556568841));
#11673 = CARTESIAN_POINT('',(0.270431277207,0.911756864405));
#11674 = CARTESIAN_POINT('',(0.272215352967,0.915958518036));
#11675 = CARTESIAN_POINT('',(0.274026492364,0.920161515952));
#11676 = CARTESIAN_POINT('',(0.27586520164,0.924365826375));
#11677 = CARTESIAN_POINT('',(0.277732195566,0.928571428571));
#11678 = ( GEOMETRIC_REPRESENTATION_CONTEXT(2) 
PARAMETRIC_REPRESENTATION_CONTEXT() REPRESENTATION_CONTEXT('2D SPACE',''
  ) );
#11679 = PCURVE('',#4010,#11680);
#11680 = DEFINITIONAL_REPRESENTATION('',(#11681),#11810);
#11681 = B_SPLINE_CURVE_WITH_KNOTS('',8,(#11682,#11683,#11684,#11685,
    #11686,#11687,#11688,#11689,#11690,#11691,#11692,#11693,#11694,
    #11695,#11696,#11697,#11698,#11699,#11700,#11701,#11702,#11703,
    #11704,#11705,#11706,#11707,#11708,#11709,#11710,#11711,#11712,
    #11713,#11714,#11715,#11716,#11717,#11718,#11719,#11720,#11721,
    #11722,#11723,#11724,#11725,#11726,#11727,#11728,#11729,#11730,
    #11731,#11732,#11733,#11734,#11735,#11736,#11737,#11738,#11739,
    #11740,#11741,#11742,#11743,#11744,#11745,#11746,#11747,#11748,
    #11749,#11750,#11751,#11752,#11753,#11754,#11755,#11756,#11757,
    #11758,#11759,#11760,#11761,#11762,#11763,#11764,#11765,#11766,
    #11767,#11768,#11769,#11770,#11771,#11772,#11773,#11774,#11775,
    #11776,#11777,#11778,#11779,#11780,#11781,#11782,#11783,#11784,
    #11785,#11786,#11787,#11788,#11789,#11790,#11791,#11792,#11793,
    #11794,#11795,#11796,#11797,#11798,#11799,#11800,#11801,#11802,
    #11803,#11804,#11805,#11806,#11807,#11808,#11809),.UNSPECIFIED.,.F.,
  .F.,(9,7,7,7,7,7,7,7,7,7,7,7,7,7,7,7,7,7,9),(0.,5.884725090934E-02,
    0.118953771377,0.219637989065,0.318978972092,0.417068048632,
    0.437012590688,0.514000056739,0.538353160798,0.611022271419,
    0.637412478362,0.705927004249,0.7354759002,0.799979884508,
    0.831535120078,0.894408423124,0.924617178262,0.962568698087,1.),
  .UNSPECIFIED.);
#11682 = CARTESIAN_POINT('',(-3.623613921236,0.));
#11683 = CARTESIAN_POINT('',(-3.630939782539,-0.414492620625));
#11684 = CARTESIAN_POINT('',(-3.638275697346,-0.829486831448));
#11685 = CARTESIAN_POINT('',(-3.645621690063,-1.244981852963));
#11686 = CARTESIAN_POINT('',(-3.652977409427,-1.660983857698));
#11687 = CARTESIAN_POINT('',(-3.660343605817,-2.077480001906));
#11688 = CARTESIAN_POINT('',(-3.66771979034,-2.494478509357));
#11689 = CARTESIAN_POINT('',(-3.675106296783,-2.911973466345));
#11690 = CARTESIAN_POINT('',(-3.690058136364,-3.756902335008));
#11691 = CARTESIAN_POINT('',(-3.697623925987,-4.184357577488));
#11692 = CARTESIAN_POINT('',(-3.705200485238,-4.612330503862));
#11693 = CARTESIAN_POINT('',(-3.712787836162,-5.040820519805));
#11694 = CARTESIAN_POINT('',(-3.720385982215,-5.469827248946));
#11695 = CARTESIAN_POINT('',(-3.727994909087,-5.899350517938));
#11696 = CARTESIAN_POINT('',(-3.735614585521,-6.329390341542));
#11697 = CARTESIAN_POINT('',(-3.756026584066,-7.481170673367));
#11698 = CARTESIAN_POINT('',(-3.768838286856,-8.203843279156));
#11699 = CARTESIAN_POINT('',(-3.781680575993,-8.927955670173));
#11700 = CARTESIAN_POINT('',(-3.794553832585,-9.653500263264));
#11701 = CARTESIAN_POINT('',(-3.807458301655,-10.38047105275));
#11702 = CARTESIAN_POINT('',(-3.820394078435,-11.10886371621));
#11703 = CARTESIAN_POINT('',(-3.833361094671,-11.83867572017));
#11704 = CARTESIAN_POINT('',(-3.859183707885,-13.29138173546));
#11705 = CARTESIAN_POINT('',(-3.872038528585,-14.01423693895));
#11706 = CARTESIAN_POINT('',(-3.88492415432,-14.73846141545));
#11707 = CARTESIAN_POINT('',(-3.89784104603,-15.46404587007));
#11708 = CARTESIAN_POINT('',(-3.910789521037,-16.19098245591));
#11709 = CARTESIAN_POINT('',(-3.923769735796,-16.91926489606));
#11710 = CARTESIAN_POINT('',(-3.936781668636,-17.64888860558));
#11711 = CARTESIAN_POINT('',(-3.962704161517,-19.10160135163));
#11712 = CARTESIAN_POINT('',(-3.975613964776,-19.8246558624));
#11713 = CARTESIAN_POINT('',(-3.988555225277,-20.54900213241));
#11714 = CARTESIAN_POINT('',(-4.001528527441,-21.27462913361));
#11715 = CARTESIAN_POINT('',(-4.014534306363,-22.00152715663));
#11716 = CARTESIAN_POINT('',(-4.027572827063,-22.72968794405));
#11717 = CARTESIAN_POINT('',(-4.040644163744,-23.45910482381));
#11718 = CARTESIAN_POINT('',(-4.056412630513,-24.33834024198));
#11719 = CARTESIAN_POINT('',(-4.059078433783,-24.4869593453));
#11720 = CARTESIAN_POINT('',(-4.061745596713,-24.63563002862));
#11721 = CARTESIAN_POINT('',(-4.064414126925,-24.78435217068));
#11722 = CARTESIAN_POINT('',(-4.067084031803,-24.93312565276));
#11723 = CARTESIAN_POINT('',(-4.069755318489,-25.08195035865));
#11724 = CARTESIAN_POINT('',(-4.072427993888,-25.23082617467));
#11725 = CARTESIAN_POINT('',(-4.085424183496,-25.95462194783));
#11726 = CARTESIAN_POINT('',(-4.095767092204,-26.53025071197));
#11727 = CARTESIAN_POINT('',(-4.106131174842,-27.1066330156));
#11728 = CARTESIAN_POINT('',(-4.116516757325,-27.68376302528));
#11729 = CARTESIAN_POINT('',(-4.126924099585,-28.26163538279));
#11730 = CARTESIAN_POINT('',(-4.13735338773,-28.8402452474));
#11731 = CARTESIAN_POINT('',(-4.147804726201,-29.41958833806));
#11732 = CARTESIAN_POINT('',(-4.161591135327,-30.18315278315));
#11733 = CARTESIAN_POINT('',(-4.164906348349,-30.36671757984));
#11734 = CARTESIAN_POINT('',(-4.168223788692,-30.55035510726));
#11735 = CARTESIAN_POINT('',(-4.171543475528,-30.73406511236));
#11736 = CARTESIAN_POINT('',(-4.174865427502,-30.91784734744));
#11737 = CARTESIAN_POINT('',(-4.178189662732,-31.10170157017));
#11738 = CARTESIAN_POINT('',(-4.181516198811,-31.28562754359));
#11739 = CARTESIAN_POINT('',(-4.19477827768,-32.01866938397));
#11740 = CARTESIAN_POINT('',(-4.204732139525,-32.56835047267));
#11741 = CARTESIAN_POINT('',(-4.214707093213,-33.11866224815));
#11742 = CARTESIAN_POINT('',(-4.224703544931,-33.66959897891));
#11743 = CARTESIAN_POINT('',(-4.234721846484,-34.22115528598));
#11744 = CARTESIAN_POINT('',(-4.244762289602,-34.77332617295));
#11745 = CARTESIAN_POINT('',(-4.254825100239,-35.32610705597));
#11746 = CARTESIAN_POINT('',(-4.268572979638,-36.08045938159));
#11747 = CARTESIAN_POINT('',(-4.272238501022,-36.28150483163));
#11748 = CARTESIAN_POINT('',(-4.275907033437,-36.48262977297));
#11749 = CARTESIAN_POINT('',(-4.279578612709,-36.68383384162));
#11750 = CARTESIAN_POINT('',(-4.283253274087,-36.88511668058));
#11751 = CARTESIAN_POINT('',(-4.286931052239,-37.08647793979));
#11752 = CARTESIAN_POINT('',(-4.290611981257,-37.28791727615));
#11753 = CARTESIAN_POINT('',(-4.303860827632,-38.01261505642));
#11754 = CARTESIAN_POINT('',(-4.313447022855,-38.53631969408));
#11755 = CARTESIAN_POINT('',(-4.323055267005,-39.06054247024));
#11756 = CARTESIAN_POINT('',(-4.332686115609,-39.58527781278));
#11757 = CARTESIAN_POINT('',(-4.342340088419,-40.11052040112));
#11758 = CARTESIAN_POINT('',(-4.352017664788,-40.63626519361));
#11759 = CARTESIAN_POINT('',(-4.361719279053,-41.16250745485));
#11760 = CARTESIAN_POINT('',(-4.375639954167,-41.91641282048));
#11761 = CARTESIAN_POINT('',(-4.37983913825,-42.14367453928));
#11762 = CARTESIAN_POINT('',(-4.384042947665,-42.37102735718));
#11763 = CARTESIAN_POINT('',(-4.388251461797,-42.59847070199));
#11764 = CARTESIAN_POINT('',(-4.392464759913,-42.82600401158));
#11765 = CARTESIAN_POINT('',(-4.396682921158,-43.05362673393));
#11766 = CARTESIAN_POINT('',(-4.400906024559,-43.28133832708));
#11767 = CARTESIAN_POINT('',(-4.414363965075,-44.00641583155));
#11768 = CARTESIAN_POINT('',(-4.423617705724,-44.5041143379));
#11769 = CARTESIAN_POINT('',(-4.432896194771,-45.00222826681));
#11770 = CARTESIAN_POINT('',(-4.442200248013,-45.50075230328));
#11771 = CARTESIAN_POINT('',(-4.451530673238,-45.99968132865));
#11772 = CARTESIAN_POINT('',(-4.460888270228,-46.49901042066));
#11773 = CARTESIAN_POINT('',(-4.470273830759,-46.9987348534));
#11774 = CARTESIAN_POINT('',(-4.484293601424,-47.74350559428));
#11775 = CARTESIAN_POINT('',(-4.488905943215,-47.98825460903));
#11776 = CARTESIAN_POINT('',(-4.493525326669,-48.23309635697));
#11777 = CARTESIAN_POINT('',(-4.498151917265,-48.47803006505));
#11778 = CARTESIAN_POINT('',(-4.502785883275,-48.72305497184));
#11779 = CARTESIAN_POINT('',(-4.507427395758,-48.96817032751));
#11780 = CARTESIAN_POINT('',(-4.512076628563,-49.21337539381));
#11781 = CARTESIAN_POINT('',(-4.526013015027,-49.94741392286));
#11782 = CARTESIAN_POINT('',(-4.535323631269,-50.43651163778));
#11783 = CARTESIAN_POINT('',(-4.544666990807,-50.92595686369));
#11784 = CARTESIAN_POINT('',(-4.554044540368,-51.41574402142));
#11785 = CARTESIAN_POINT('',(-4.563457789653,-51.90586767786));
#11786 = CARTESIAN_POINT('',(-4.572908311336,-52.39632254595));
#11787 = CARTESIAN_POINT('',(-4.582397741067,-52.88710348465));
#11788 = CARTESIAN_POINT('',(-4.596506676972,-53.614165434));
#11789 = CARTESIAN_POINT('',(-4.601094963695,-53.8501994528));
#11790 = CARTESIAN_POINT('',(-4.605692904471,-54.086306798));
#11791 = CARTESIAN_POINT('',(-4.610300775704,-54.32248671985));
#11792 = CARTESIAN_POINT('',(-4.614918863368,-54.55873847626));
#11793 = CARTESIAN_POINT('',(-4.619547463006,-54.79506133283));
#11794 = CARTESIAN_POINT('',(-4.624186879729,-55.0314545628));
#11795 = CARTESIAN_POINT('',(-4.634679952433,-55.56498780963));
#11796 = CARTESIAN_POINT('',(-4.640540050331,-55.86216810403));
#11797 = CARTESIAN_POINT('',(-4.646418342419,-56.15945690598));
#11798 = CARTESIAN_POINT('',(-4.652315482756,-56.45685280534));
#11799 = CARTESIAN_POINT('',(-4.658232158954,-56.75435440623));
#11800 = CARTESIAN_POINT('',(-4.664169092178,-57.05196032694));
#11801 = CARTESIAN_POINT('',(-4.670127037152,-57.34966920002));
#11802 = CARTESIAN_POINT('',(-4.682004560195,-57.94120792727));
#11803 = CARTESIAN_POINT('',(-4.687923572376,-58.23503500795));
#11804 = CARTESIAN_POINT('',(-4.693864446808,-58.52895981885));
#11805 = CARTESIAN_POINT('',(-4.699828289735,-58.82298050836));
#11806 = CARTESIAN_POINT('',(-4.705815675123,-59.11709626252));
#11807 = CARTESIAN_POINT('',(-4.711827330632,-59.4113061166));
#11808 = CARTESIAN_POINT('',(-4.717864763285,-59.70560784628));
#11809 = CARTESIAN_POINT('',(-4.723929068154,-60.));
#11810 = ( GEOMETRIC_REPRESENTATION_CONTEXT(2) 
PARAMETRIC_REPRESENTATION_CONTEXT() REPRESENTATION_CONTEXT('2D SPACE',''
  ) );
#11811 = ORIENTED_EDGE('',*,*,#4022,.F.);
#11812 = ORIENTED_EDGE('',*,*,#11377,.T.);
#11813 = ORIENTED_EDGE('',*,*,#5788,.T.);
#11814 = ADVANCED_FACE('',(#11815),#4010,.T.);
#11815 = FACE_BOUND('',#11816,.T.);
#11816 = EDGE_LOOP('',(#11817,#11818,#11819,#12215));
#11817 = ORIENTED_EDGE('',*,*,#11416,.F.);
#11818 = ORIENTED_EDGE('',*,*,#3993,.T.);
#11819 = ORIENTED_EDGE('',*,*,#11820,.T.);
#11820 = EDGE_CURVE('',#3934,#5818,#11821,.T.);
#11821 = SURFACE_CURVE('',#11822,(#11951,#12083),.PCURVE_S1.);
#11822 = B_SPLINE_CURVE_WITH_KNOTS('',8,(#11823,#11824,#11825,#11826,
    #11827,#11828,#11829,#11830,#11831,#11832,#11833,#11834,#11835,
    #11836,#11837,#11838,#11839,#11840,#11841,#11842,#11843,#11844,
    #11845,#11846,#11847,#11848,#11849,#11850,#11851,#11852,#11853,
    #11854,#11855,#11856,#11857,#11858,#11859,#11860,#11861,#11862,
    #11863,#11864,#11865,#11866,#11867,#11868,#11869,#11870,#11871,
    #11872,#11873,#11874,#11875,#11876,#11877,#11878,#11879,#11880,
    #11881,#11882,#11883,#11884,#11885,#11886,#11887,#11888,#11889,
    #11890,#11891,#11892,#11893,#11894,#11895,#11896,#11897,#11898,
    #11899,#11900,#11901,#11902,#11903,#11904,#11905,#11906,#11907,
    #11908,#11909,#11910,#11911,#11912,#11913,#11914,#11915,#11916,
    #11917,#11918,#11919,#11920,#11921,#11922,#11923,#11924,#11925,
    #11926,#11927,#11928,#11929,#11930,#11931,#11932,#11933,#11934,
    #11935,#11936,#11937,#11938,#11939,#11940,#11941,#11942,#11943,
    #11944,#11945,#11946,#11947,#11948,#11949,#11950),.UNSPECIFIED.,.F.,
  .F.,(9,7,7,7,7,7,7,7,7,7,7,7,7,7,7,7,7,7,9),(0.,5.894428045283E-02,
    0.117914823584,0.219940961659,0.319364134157,0.33719198178,
    0.417499466896,0.439792890546,0.514442644745,0.611441628632,
    0.64010983568,0.706290795913,0.736949820681,0.800257622668,
    0.832901480979,0.894570331051,0.925852113297,0.962629825944,1.),
  .UNSPECIFIED.);
#11823 = CARTESIAN_POINT('',(-12.73907755256,-48.34993177978,
    2.23366299002E-16));
#11824 = CARTESIAN_POINT('',(-12.33214905691,-48.20713275301,
    0.4144531497));
#11825 = CARTESIAN_POINT('',(-11.9278523864,-48.06031654693,
    0.829418970926));
#11826 = CARTESIAN_POINT('',(-11.52624316324,-47.90951588543,
    1.244896781278));
#11827 = CARTESIAN_POINT('',(-11.12739393664,-47.7547566503,
    1.660892784131));
#11828 = CARTESIAN_POINT('',(-10.73132599527,-47.59608927878,
    2.077394377765));
#11829 = CARTESIAN_POINT('',(-10.33811777851,-47.43353826782,
    2.494409786491));
#11830 = CARTESIAN_POINT('',(-9.94780921965,-47.26714713548,
    2.911933256508));
#11831 = CARTESIAN_POINT('',(-9.172933550627,-46.92668094865,
    3.748184208122));
#11832 = CARTESIAN_POINT('',(-8.788368474553,-46.75260280829,
    4.166911975439));
#11833 = CARTESIAN_POINT('',(-8.406815868641,-46.5747554705,
    4.586148246872));
#11834 = CARTESIAN_POINT('',(-8.028329461991,-46.39317772241,
    5.005892551958));
#11835 = CARTESIAN_POINT('',(-7.6529632935,-46.20790920414,
    5.426144609815));
#11836 = CARTESIAN_POINT('',(-7.280771711853,-46.01899040873,
    5.846904329148));
#11837 = CARTESIAN_POINT('',(-6.911809375533,-45.82646268222,
    6.268171808242));
#11838 = CARTESIAN_POINT('',(-5.913464082755,-45.29110120565,
    7.419669766566));
#11839 = CARTESIAN_POINT('',(-5.290627115393,-44.94115836752,
    8.150912419392));
#11840 = CARTESIAN_POINT('',(-4.677869692513,-44.58076994267,
    8.883666405259));
#11841 = CARTESIAN_POINT('',(-4.07544335068,-44.21017199755,
    9.617924336299));
#11842 = CARTESIAN_POINT('',(-3.483601615238,-43.8296072009,
    10.353680434979));
#11843 = CARTESIAN_POINT('',(-2.902599794306,-43.43932559294,
    11.090930644106));
#11844 = CARTESIAN_POINT('',(-2.332694772773,-43.03958535469,
    11.829672736843));
#11845 = CARTESIAN_POINT('',(-1.229844975739,-42.23215476681,
    13.291254732415));
#11846 = CARTESIAN_POINT('',(-0.696326271398,-41.82492823586,
    14.014018266604));
#11847 = CARTESIAN_POINT('',(-0.173792003679,-41.40922827285,
    14.738186949165));
#11848 = CARTESIAN_POINT('',(0.337553364564,-40.98531463994,
    15.463751978486));
#11849 = CARTESIAN_POINT('',(0.837504431925,-40.5534532591,
    16.190705948204));
#11850 = CARTESIAN_POINT('',(1.325855072345,-40.11391689822,
    16.919042963945));
#11851 = CARTESIAN_POINT('',(1.802398649009,-39.66698585722,
    17.648758760064));
#11852 = CARTESIAN_POINT('',(2.350224328607,-39.13153397122,
    18.510944981368));
#11853 = CARTESIAN_POINT('',(2.433134192386,-39.04989081499,
    18.642083372596));
#11854 = CARTESIAN_POINT('',(2.51565684871,-38.9680208694,
    18.773265917433));
#11855 = CARTESIAN_POINT('',(2.597791326865,-38.88592582403,
    18.904492544845));
#11856 = CARTESIAN_POINT('',(2.679536656296,-38.80360737417,
    19.035763185407));
#11857 = CARTESIAN_POINT('',(2.760891866608,-38.72106722081,
    19.1670777713));
#11858 = CARTESIAN_POINT('',(2.841855987561,-38.63830707067,
    19.298436236311));
#11859 = CARTESIAN_POINT('',(3.285373692757,-38.18154322263,
    20.021754423494));
#11860 = CARTESIAN_POINT('',(3.640363783906,-37.80332855881,
    20.614559292175));
#11861 = CARTESIAN_POINT('',(3.987309787506,-37.42084110136,
    21.208247361592));
#11862 = CARTESIAN_POINT('',(4.326123056743,-37.03423985793,
    21.802813390599));
#11863 = CARTESIAN_POINT('',(4.65671494102,-36.64368662807,
    22.398252700011));
#11864 = CARTESIAN_POINT('',(4.978996893979,-36.24934624411,
    22.994561215413));
#11865 = CARTESIAN_POINT('',(5.292880581515,-35.85138681206,
    23.591735509981));
#11866 = CARTESIAN_POINT('',(5.683056560491,-35.33854907953,
    24.355788502006));
#11867 = CARTESIAN_POINT('',(5.767181202734,-35.22685254589,
    24.521870644243));
#11868 = CARTESIAN_POINT('',(5.850650500838,-35.11489401244,
    24.688019106192));
#11869 = CARTESIAN_POINT('',(5.933463041566,-35.00267715346,
    24.854233723798));
#11870 = CARTESIAN_POINT('',(6.015617414127,-34.89020565662,
    25.020514336774));
#11871 = CARTESIAN_POINT('',(6.097112210178,-34.77748322301,
    25.186860788598));
#11872 = CARTESIAN_POINT('',(6.177946023822,-34.66451356717,
    25.353272926514));
#11873 = CARTESIAN_POINT('',(6.526572287082,-34.1722050406,
    26.07720277733));
#11874 = CARTESIAN_POINT('',(6.787600062096,-33.79037954137,
    26.635389707116));
#11875 = CARTESIAN_POINT('',(7.041148164324,-33.40596383888,
    27.194305911647));
#11876 = CARTESIAN_POINT('',(7.287164190747,-33.01909973448,
    27.753946266547));
#11877 = CARTESIAN_POINT('',(7.525596036272,-32.62993107674,
    28.314306035411));
#11878 = CARTESIAN_POINT('',(7.756391982365,-32.23860392687,
    28.875380902922));
#11879 = CARTESIAN_POINT('',(7.979500785671,-31.84526672416,
    29.437167007959));
#11880 = CARTESIAN_POINT('',(8.474722203347,-30.93655721483,
    30.730558807482));
#11881 = CARTESIAN_POINT('',(8.741507785594,-30.41990546975,
    31.462651311228));
#11882 = CARTESIAN_POINT('',(8.995158137954,-29.9004407344,
    32.19592296369));
#11883 = CARTESIAN_POINT('',(9.235603969437,-29.37849290362,
    32.930359113182));
#11884 = CARTESIAN_POINT('',(9.46277743911,-28.85439683221,
    33.665946116347));
#11885 = CARTESIAN_POINT('',(9.676612521723,-28.32849291815,
    34.402671473908));
#11886 = CARTESIAN_POINT('',(9.877045373329,-27.80112768596,
    35.140523966418));
#11887 = CARTESIAN_POINT('',(10.119273783813,-27.11646322398,
    36.097897520193));
#11888 = CARTESIAN_POINT('',(10.173356978501,-26.96017527104,
    36.316398783897));
#11889 = CARTESIAN_POINT('',(10.226263783459,-26.80379935861,
    36.534997111886));
#11890 = CARTESIAN_POINT('',(10.277993717362,-26.64734436365,
    36.753692043855));
#11891 = CARTESIAN_POINT('',(10.328546315073,-26.4908191925,
    36.972483128436));
#11892 = CARTESIAN_POINT('',(10.377921127646,-26.33423278089,
    37.191369923193));
#11893 = CARTESIAN_POINT('',(10.426117722322,-26.17759409394,
    37.410351994622));
#11894 = CARTESIAN_POINT('',(10.581677306699,-25.65920959416,
    38.135171085441));
#11895 = CARTESIAN_POINT('',(10.683937763109,-25.29727653908,
    38.641418706219));
#11896 = CARTESIAN_POINT('',(10.779911828197,-24.935223438,
    39.148166590141));
#11897 = CARTESIAN_POINT('',(10.869594850937,-24.5731619279,
    39.655409753679));
#11898 = CARTESIAN_POINT('',(10.952982752841,-24.21120480569,
    40.163143420121));
#11899 = CARTESIAN_POINT('',(11.030072027962,-23.84946602817,
    40.671363019578));
#11900 = CARTESIAN_POINT('',(11.100859742892,-23.48806071207,
    41.180064188979));
#11901 = CARTESIAN_POINT('',(11.195216331391,-22.95988867225,
    41.925125097371));
#11902 = CARTESIAN_POINT('',(11.223736348141,-22.79276872354,
    42.161109853553));
#11903 = CARTESIAN_POINT('',(11.250904723275,-22.62575635519,
    42.397196394954));
#11904 = CARTESIAN_POINT('',(11.276722617823,-22.45886266482,
    42.633384086377));
#11905 = CARTESIAN_POINT('',(11.301191217587,-22.2920987804,
    42.869672303086));
#11906 = CARTESIAN_POINT('',(11.324311733135,-22.12547586028,
    43.106060430806));
#11907 = CARTESIAN_POINT('',(11.346085399806,-21.95900509312,
    43.342547865727));
#11908 = CARTESIAN_POINT('',(11.408695403599,-21.4492896567,
    44.067660612228));
#11909 = CARTESIAN_POINT('',(11.445140044177,-21.10657831037,
    44.556608070957));
#11910 = CARTESIAN_POINT('',(11.475858412469,-20.76466230483,
    45.045971197719));
#11911 = CARTESIAN_POINT('',(11.500862078866,-20.42364110429,
    45.535744942234));
#11912 = CARTESIAN_POINT('',(11.520163171119,-20.08361499127,
    46.025924396904));
#11913 = CARTESIAN_POINT('',(11.53377437434,-19.74468506661,
    46.516504796821));
#11914 = CARTESIAN_POINT('',(11.541708931004,-19.40695324949,
    47.007481519763));
#11915 = CARTESIAN_POINT('',(11.545152019119,-18.89704595003,
    47.752218002275));
#11916 = CARTESIAN_POINT('',(11.544817759362,-18.72391552628,
    48.005690090845));
#11917 = CARTESIAN_POINT('',(11.542981414062,-18.55114427895,
    48.259265486228));
#11918 = CARTESIAN_POINT('',(11.539646567987,-18.37874550726,
    48.512943334108));
#11919 = CARTESIAN_POINT('',(11.534816838285,-18.20673253686,
    48.766722791527));
#11920 = CARTESIAN_POINT('',(11.528495874482,-18.03511871981,
    49.020603026887));
#11921 = CARTESIAN_POINT('',(11.520687358486,-17.86391743458,
    49.27458321995));
#11922 = CARTESIAN_POINT('',(11.493840438144,-17.37052337905,
    50.008654255583));
#11923 = CARTESIAN_POINT('',(11.4709903256,-17.04942486248,
    50.488999757593));
#11924 = CARTESIAN_POINT('',(11.442869628526,-16.72993682756,
    50.9696936483));
#11925 = CARTESIAN_POINT('',(11.409503824149,-16.41215012638,
    51.45073059787));
#11926 = CARTESIAN_POINT('',(11.37091890535,-16.09615617199,
    51.932105366197));
#11927 = CARTESIAN_POINT('',(11.327141380664,-15.7820469384,
    52.413812802906));
#11928 = CARTESIAN_POINT('',(11.278198274279,-15.46991496058,
    52.895847847353));
#11929 = CARTESIAN_POINT('',(11.196684237289,-15.00257327718,
    53.622883480824));
#11930 = CARTESIAN_POINT('',(11.167929494326,-14.84582583818,
    53.86764441281));
#11931 = CARTESIAN_POINT('',(11.137857925413,-14.6896222568,
    54.112487485582));
#11932 = CARTESIAN_POINT('',(11.106474580611,-14.53397378199,
    54.357411867078));
#11933 = CARTESIAN_POINT('',(11.073784531781,-14.3788916723,
    54.602416732171));
#11934 = CARTESIAN_POINT('',(11.039792872576,-14.22438719587,
    54.84750126267));
#11935 = CARTESIAN_POINT('',(11.004504718445,-14.07047163048,
    55.092664647322));
#11936 = CARTESIAN_POINT('',(10.924919000543,-13.73690475262,
    55.626234251071));
#11937 = CARTESIAN_POINT('',(10.880127817991,-13.55748287555,
    55.914670299386));
#11938 = CARTESIAN_POINT('',(10.833560006206,-13.37890897379,
    56.203212921532));
#11939 = CARTESIAN_POINT('',(10.785223958015,-13.20120142697,
    56.491860818864));
#11940 = CARTESIAN_POINT('',(10.735128111849,-13.02437865277,
    56.780612699313));
#11941 = CARTESIAN_POINT('',(10.683280951739,-12.84845910698,
    57.069467277386));
#11942 = CARTESIAN_POINT('',(10.629691007318,-12.67346128346,
    57.358423274166));
#11943 = CARTESIAN_POINT('',(10.518151469637,-12.32254220775,
    57.941192038452));
#11944 = CARTESIAN_POINT('',(10.460145834492,-12.14665123895,
    58.235008064275));
#11945 = CARTESIAN_POINT('',(10.400357304087,-11.971751628,
    58.52892629566));
#11946 = CARTESIAN_POINT('',(10.338798694402,-11.79785982521,
    58.822944978862));
#11947 = CARTESIAN_POINT('',(10.275475723914,-11.62499813229,
    59.117063115174));
#11948 = CARTESIAN_POINT('',(10.210395562418,-11.45318778999,
    59.411279596849));
#11949 = CARTESIAN_POINT('',(10.143574442336,-11.28244276818,
    59.705592391845));
#11950 = CARTESIAN_POINT('',(10.075022288404,-11.11278209487,60.));
#11951 = PCURVE('',#4010,#11952);
#11952 = DEFINITIONAL_REPRESENTATION('',(#11953),#12082);
#11953 = B_SPLINE_CURVE_WITH_KNOTS('',8,(#11954,#11955,#11956,#11957,
    #11958,#11959,#11960,#11961,#11962,#11963,#11964,#11965,#11966,
    #11967,#11968,#11969,#11970,#11971,#11972,#11973,#11974,#11975,
    #11976,#11977,#11978,#11979,#11980,#11981,#11982,#11983,#11984,
    #11985,#11986,#11987,#11988,#11989,#11990,#11991,#11992,#11993,
    #11994,#11995,#11996,#11997,#11998,#11999,#12000,#12001,#12002,
    #12003,#12004,#12005,#12006,#12007,#12008,#12009,#12010,#12011,
    #12012,#12013,#12014,#12015,#12016,#12017,#12018,#12019,#12020,
    #12021,#12022,#12023,#12024,#12025,#12026,#12027,#12028,#12029,
    #12030,#12031,#12032,#12033,#12034,#12035,#12036,#12037,#12038,
    #12039,#12040,#12041,#12042,#12043,#12044,#12045,#12046,#12047,
    #12048,#12049,#12050,#12051,#12052,#12053,#12054,#12055,#12056,
    #12057,#12058,#12059,#12060,#12061,#12062,#12063,#12064,#12065,
    #12066,#12067,#12068,#12069,#12070,#12071,#12072,#12073,#12074,
    #12075,#12076,#12077,#12078,#12079,#12080,#12081),.UNSPECIFIED.,.F.,
  .F.,(9,7,7,7,7,7,7,7,7,7,7,7,7,7,7,7,7,7,9),(0.,5.894428045283E-02,
    0.117914823584,0.219940961659,0.319364134157,0.33719198178,
    0.417499466896,0.439792890546,0.514442644745,0.611441628632,
    0.64010983568,0.706290795913,0.736949820681,0.800257622668,
    0.832901480979,0.894570331051,0.925852113297,0.962629825944,1.),
  .UNSPECIFIED.);
#11954 = CARTESIAN_POINT('',(-4.454767187995,0.));
#11955 = CARTESIAN_POINT('',(-4.461909522846,-0.414453149706));
#11956 = CARTESIAN_POINT('',(-4.46905942572,-0.829418970906));
#11957 = CARTESIAN_POINT('',(-4.476216861573,-1.244896781311));
#11958 = CARTESIAN_POINT('',(-4.483381412166,-1.6608927841));
#11959 = CARTESIAN_POINT('',(-4.490553773685,-2.077394377781));
#11960 = CARTESIAN_POINT('',(-4.497733383994,-2.494409786487));
#11961 = CARTESIAN_POINT('',(-4.504920512192,-2.911933256508));
#11962 = CARTESIAN_POINT('',(-4.519312764369,-3.748184208122));
#11963 = CARTESIAN_POINT('',(-4.52651790673,-4.166911975439));
#11964 = CARTESIAN_POINT('',(-4.53373042983,-4.586148246872));
#11965 = CARTESIAN_POINT('',(-4.540950280838,-5.005892551958));
#11966 = CARTESIAN_POINT('',(-4.548177386862,-5.426144609815));
#11967 = CARTESIAN_POINT('',(-4.555411654948,-5.846904329148));
#11968 = CARTESIAN_POINT('',(-4.56265297208,-6.268171808242));
#11969 = CARTESIAN_POINT('',(-4.582441520938,-7.419669766566));
#11970 = CARTESIAN_POINT('',(-4.595002547209,-8.150912419392));
#11971 = CARTESIAN_POINT('',(-4.607584370585,-8.883666405259));
#11972 = CARTESIAN_POINT('',(-4.620186919341,-9.617924336299));
#11973 = CARTESIAN_POINT('',(-4.632809944558,-10.35368043497));
#11974 = CARTESIAN_POINT('',(-4.645453001258,-11.0909306441));
#11975 = CARTESIAN_POINT('',(-4.658115429529,-11.82967273684));
#11976 = CARTESIAN_POINT('',(-4.683153717215,-13.29125473241));
#11977 = CARTESIAN_POINT('',(-4.695528691785,-14.0140182666));
#11978 = CARTESIAN_POINT('',(-4.707921268017,-14.73818694916));
#11979 = CARTESIAN_POINT('',(-4.720331286632,-15.46375197848));
#11980 = CARTESIAN_POINT('',(-4.732758397034,-16.1907059482));
#11981 = CARTESIAN_POINT('',(-4.745202033925,-16.91904296394));
#11982 = CARTESIAN_POINT('',(-4.757661393916,-17.64875876006));
#11983 = CARTESIAN_POINT('',(-4.772372163301,-18.51094498136));
#11984 = CARTESIAN_POINT('',(-4.774609386981,-18.64208337259));
#11985 = CARTESIAN_POINT('',(-4.77684708265,-18.77326591743));
#11986 = CARTESIAN_POINT('',(-4.779085249562,-18.90449254484));
#11987 = CARTESIAN_POINT('',(-4.781323886754,-19.0357631854));
#11988 = CARTESIAN_POINT('',(-4.783562993049,-19.1670777713));
#11989 = CARTESIAN_POINT('',(-4.785802567054,-19.29843623631));
#11990 = CARTESIAN_POINT('',(-4.798133112274,-20.02175442349));
#11991 = CARTESIAN_POINT('',(-4.808233073615,-20.61455929217));
#11992 = CARTESIAN_POINT('',(-4.8183423451,-21.20824736159));
#11993 = CARTESIAN_POINT('',(-4.828460686097,-21.80281339059));
#11994 = CARTESIAN_POINT('',(-4.838587749901,-22.39825270001));
#11995 = CARTESIAN_POINT('',(-4.848723072217,-22.99456121541));
#11996 = CARTESIAN_POINT('',(-4.858866059629,-23.59173550998));
#11997 = CARTESIAN_POINT('',(-4.871833603762,-24.355788502));
#11998 = CARTESIAN_POINT('',(-4.874651764655,-24.52187064424));
#11999 = CARTESIAN_POINT('',(-4.877470457974,-24.68801910619));
#12000 = CARTESIAN_POINT('',(-4.88028968027,-24.85423372379));
#12001 = CARTESIAN_POINT('',(-4.883109427441,-25.02051433677));
#12002 = CARTESIAN_POINT('',(-4.885929694723,-25.18686078859));
#12003 = CARTESIAN_POINT('',(-4.888750476698,-25.35327292651));
#12004 = CARTESIAN_POINT('',(-4.901018887328,-26.07720277733));
#12005 = CARTESIAN_POINT('',(-4.91047170892,-26.63538970711));
#12006 = CARTESIAN_POINT('',(-4.919930003136,-27.19430591164));
#12007 = CARTESIAN_POINT('',(-4.929393452303,-27.75394626654));
#12008 = CARTESIAN_POINT('',(-4.938861638532,-28.31430603541));
#12009 = CARTESIAN_POINT('',(-4.948334032235,-28.87538090292));
#12010 = CARTESIAN_POINT('',(-4.957809980645,-29.43716700795));
#12011 = CARTESIAN_POINT('',(-4.979605224391,-30.73055880748));
#12012 = CARTESIAN_POINT('',(-4.99192641701,-31.46265131122));
#12013 = CARTESIAN_POINT('',(-5.004251790831,-32.19592296369));
#12014 = CARTESIAN_POINT('',(-5.01658058833,-32.93035911318));
#12015 = CARTESIAN_POINT('',(-5.028911721352,-33.66594611634));
#12016 = CARTESIAN_POINT('',(-5.041243714628,-34.4026714739));
#12017 = CARTESIAN_POINT('',(-5.053574649295,-35.14052396641));
#12018 = CARTESIAN_POINT('',(-5.069545506367,-36.09789752019));
#12019 = CARTESIAN_POINT('',(-5.073188607328,-36.31639878389));
#12020 = CARTESIAN_POINT('',(-5.076831385157,-36.53499711188));
#12021 = CARTESIAN_POINT('',(-5.080473812567,-36.75369204385));
#12022 = CARTESIAN_POINT('',(-5.084115859118,-36.97248312843));
#12023 = CARTESIAN_POINT('',(-5.087757491222,-37.19136992319));
#12024 = CARTESIAN_POINT('',(-5.091398672145,-37.41035199462));
#12025 = CARTESIAN_POINT('',(-5.103443945871,-38.13517108544));
#12026 = CARTESIAN_POINT('',(-5.111845896949,-38.64141870621));
#12027 = CARTESIAN_POINT('',(-5.120244749024,-39.14816659014));
#12028 = CARTESIAN_POINT('',(-5.128639908995,-39.65540975367));
#12029 = CARTESIAN_POINT('',(-5.137030656869,-40.16314342012));
#12030 = CARTESIAN_POINT('',(-5.145416145762,-40.67136301957));
#12031 = CARTESIAN_POINT('',(-5.153795401901,-41.18006418897));
#12032 = CARTESIAN_POINT('',(-5.166045705729,-41.92512509737));
#12033 = CARTESIAN_POINT('',(-5.169922513088,-42.16110985355));
#12034 = CARTESIAN_POINT('',(-5.173797691122,-42.39719639495));
#12035 = CARTESIAN_POINT('',(-5.177671178271,-42.63338408637));
#12036 = CARTESIAN_POINT('',(-5.181542906993,-42.86967230308));
#12037 = CARTESIAN_POINT('',(-5.18541280376,-43.1060604308));
#12038 = CARTESIAN_POINT('',(-5.189280789061,-43.34254786572));
#12039 = CARTESIAN_POINT('',(-5.201129654417,-44.06766061222));
#12040 = CARTESIAN_POINT('',(-5.209103994861,-44.55660807095));
#12041 = CARTESIAN_POINT('',(-5.217069078296,-45.04597119771));
#12042 = CARTESIAN_POINT('',(-5.225024024002,-45.53574494223));
#12043 = CARTESIAN_POINT('',(-5.232967790974,-46.0259243969));
#12044 = CARTESIAN_POINT('',(-5.240899177925,-46.51650479682));
#12045 = CARTESIAN_POINT('',(-5.248816823281,-47.00748151976));
#12046 = CARTESIAN_POINT('',(-5.260793967331,-47.75221800227));
#12047 = CARTESIAN_POINT('',(-5.264864664118,-48.00569009084));
#12048 = CARTESIAN_POINT('',(-5.268931164979,-48.25926548622));
#12049 = CARTESIAN_POINT('',(-5.272993326766,-48.5129433341));
#12050 = CARTESIAN_POINT('',(-5.277050993752,-48.76672279152));
#12051 = CARTESIAN_POINT('',(-5.281103997625,-49.02060302688));
#12052 = CARTESIAN_POINT('',(-5.285152157492,-49.27458321995));
#12053 = CARTESIAN_POINT('',(-5.296833308013,-50.00865425558));
#12054 = CARTESIAN_POINT('',(-5.304453320215,-50.48899975759));
#12055 = CARTESIAN_POINT('',(-5.312054065781,-50.9696936483));
#12056 = CARTESIAN_POINT('',(-5.319634044762,-51.45073059787));
#12057 = CARTESIAN_POINT('',(-5.327191507968,-51.93210536619));
#12058 = CARTESIAN_POINT('',(-5.334724456965,-52.4138128029));
#12059 = CARTESIAN_POINT('',(-5.342230644075,-52.89584784735));
#12060 = CARTESIAN_POINT('',(-5.353500275544,-53.62288348082));
#12061 = CARTESIAN_POINT('',(-5.357285450329,-53.86764441281));
#12062 = CARTESIAN_POINT('',(-5.361062853769,-54.11248748558));
#12063 = CARTESIAN_POINT('',(-5.364832222363,-54.35741186707));
#12064 = CARTESIAN_POINT('',(-5.368593272069,-54.60241673217));
#12065 = CARTESIAN_POINT('',(-5.372345698308,-54.84750126267));
#12066 = CARTESIAN_POINT('',(-5.376089175961,-55.09266464732));
#12067 = CARTESIAN_POINT('',(-5.384213605525,-55.62623425107));
#12068 = CARTESIAN_POINT('',(-5.38859099667,-55.91467029938));
#12069 = CARTESIAN_POINT('',(-5.392954976283,-56.20321292153));
#12070 = CARTESIAN_POINT('',(-5.397304931072,-56.49186081886));
#12071 = CARTESIAN_POINT('',(-5.401640190974,-56.78061269931));
#12072 = CARTESIAN_POINT('',(-5.405960029154,-57.06946727738));
#12073 = CARTESIAN_POINT('',(-5.410263662006,-57.35842327416));
#12074 = CARTESIAN_POINT('',(-5.418905890007,-57.94119203845));
#12075 = CARTESIAN_POINT('',(-5.423243950482,-58.23500806427));
#12076 = CARTESIAN_POINT('',(-5.427563395242,-58.52892629565));
#12077 = CARTESIAN_POINT('',(-5.431863573092,-58.82294497886));
#12078 = CARTESIAN_POINT('',(-5.436143150433,-59.11706311517));
#12079 = CARTESIAN_POINT('',(-5.440400812518,-59.41127959684));
#12080 = CARTESIAN_POINT('',(-5.444635899397,-59.70559239184));
#12081 = CARTESIAN_POINT('',(-5.44884714347,-60.));
#12082 = ( GEOMETRIC_REPRESENTATION_CONTEXT(2) 
PARAMETRIC_REPRESENTATION_CONTEXT() REPRESENTATION_CONTEXT('2D SPACE',''
  ) );
#12083 = PCURVE('',#3953,#12084);
#12084 = DEFINITIONAL_REPRESENTATION('',(#12085),#12214);
#12085 = B_SPLINE_CURVE_WITH_KNOTS('',8,(#12086,#12087,#12088,#12089,
    #12090,#12091,#12092,#12093,#12094,#12095,#12096,#12097,#12098,
    #12099,#12100,#12101,#12102,#12103,#12104,#12105,#12106,#12107,
    #12108,#12109,#12110,#12111,#12112,#12113,#12114,#12115,#12116,
    #12117,#12118,#12119,#12120,#12121,#12122,#12123,#12124,#12125,
    #12126,#12127,#12128,#12129,#12130,#12131,#12132,#12133,#12134,
    #12135,#12136,#12137,#12138,#12139,#12140,#12141,#12142,#12143,
    #12144,#12145,#12146,#12147,#12148,#12149,#12150,#12151,#12152,
    #12153,#12154,#12155,#12156,#12157,#12158,#12159,#12160,#12161,
    #12162,#12163,#12164,#12165,#12166,#12167,#12168,#12169,#12170,
    #12171,#12172,#12173,#12174,#12175,#12176,#12177,#12178,#12179,
    #12180,#12181,#12182,#12183,#12184,#12185,#12186,#12187,#12188,
    #12189,#12190,#12191,#12192,#12193,#12194,#12195,#12196,#12197,
    #12198,#12199,#12200,#12201,#12202,#12203,#12204,#12205,#12206,
    #12207,#12208,#12209,#12210,#12211,#12212,#12213),.UNSPECIFIED.,.F.,
  .F.,(9,7,7,7,7,7,7,7,7,7,7,7,7,7,7,7,7,7,9),(0.,5.894428045283E-02,
    0.117914823584,0.219940961659,0.319364134157,0.33719198178,
    0.417499466896,0.439792890546,0.514442644745,0.611441628632,
    0.64010983568,0.706290795913,0.736949820681,0.800257622668,
    0.832901480979,0.894570331051,0.925852113297,0.962629825944,1.),
  .UNSPECIFIED.);
#12086 = CARTESIAN_POINT('',(2.883975899738,7.142857142857E-02));
#12087 = CARTESIAN_POINT('',(2.883505758598,7.734933071E-02));
#12088 = CARTESIAN_POINT('',(2.883030802586,8.327741387037E-02));
#12089 = CARTESIAN_POINT('',(2.882550458701,8.921281116111E-02));
#12090 = CARTESIAN_POINT('',(2.882065122191,9.515561120186E-02));
#12091 = CARTESIAN_POINT('',(2.881574367162,0.101105633968));
#12092 = CARTESIAN_POINT('',(2.881078483829,0.10706299695));
#12093 = CARTESIAN_POINT('',(2.880577218729,0.11302761795));
#12094 = CARTESIAN_POINT('',(2.879563676238,0.124974060116));
#12095 = CARTESIAN_POINT('',(2.879051378604,0.130955885363));
#12096 = CARTESIAN_POINT('',(2.878533598247,0.136944974955));
#12097 = CARTESIAN_POINT('',(2.878010236215,0.142941322171));
#12098 = CARTESIAN_POINT('',(2.877481163814,0.148944922997));
#12099 = CARTESIAN_POINT('',(2.876946222608,0.154955776131));
#12100 = CARTESIAN_POINT('',(2.876405224415,0.160973882975));
#12101 = CARTESIAN_POINT('',(2.87491110296,0.177423853808));
#12102 = CARTESIAN_POINT('',(2.873945479481,0.18787017742));
#12103 = CARTESIAN_POINT('',(2.872960797346,0.198338091504));
#12104 = CARTESIAN_POINT('',(2.871956711456,0.208827490519));
#12105 = CARTESIAN_POINT('',(2.870932735287,0.219338291928));
#12106 = CARTESIAN_POINT('',(2.869888161031,0.229870437773));
#12107 = CARTESIAN_POINT('',(2.86882197975,0.240423896241));
#12108 = CARTESIAN_POINT('',(2.866671411197,0.261303639035));
#12109 = CARTESIAN_POINT('',(2.8655882402,0.27162883238));
#12110 = CARTESIAN_POINT('',(2.864482845728,0.281974099274));
#12111 = CARTESIAN_POINT('',(2.863354728526,0.292339313978));
#12112 = CARTESIAN_POINT('',(2.862203251657,0.302724370689));
#12113 = CARTESIAN_POINT('',(2.861027559271,0.313129185199));
#12114 = CARTESIAN_POINT('',(2.859826495374,0.323553696572));
#12115 = CARTESIAN_POINT('',(2.858378331358,0.335870642591));
#12116 = CARTESIAN_POINT('',(2.858157276071,0.33774404818));
#12117 = CARTESIAN_POINT('',(2.857935352852,0.339618084535));
#12118 = CARTESIAN_POINT('',(2.857712557713,0.341492750641));
#12119 = CARTESIAN_POINT('',(2.857488886557,0.343368045506));
#12120 = CARTESIAN_POINT('',(2.857264335184,0.345243968161));
#12121 = CARTESIAN_POINT('',(2.857038899284,0.347120517662));
#12122 = CARTESIAN_POINT('',(2.855793069498,0.357453634621));
#12123 = CARTESIAN_POINT('',(2.85475552748,0.365922275602));
#12124 = CARTESIAN_POINT('',(2.853699538862,0.374403533737));
#12125 = CARTESIAN_POINT('',(2.852624644543,0.382897334151));
#12126 = CARTESIAN_POINT('',(2.851530302234,0.39140361));
#12127 = CARTESIAN_POINT('',(2.850415852849,0.399922303077));
#12128 = CARTESIAN_POINT('',(2.849280486898,0.408453364428));
#12129 = CARTESIAN_POINT('',(2.847801950102,0.419368407172));
#12130 = CARTESIAN_POINT('',(2.847479001754,0.421741009203));
#12131 = CARTESIAN_POINT('',(2.847154354332,0.42411455866));
#12132 = CARTESIAN_POINT('',(2.846827996026,0.426489053197));
#12133 = CARTESIAN_POINT('',(2.846499914716,0.428864490525));
#12134 = CARTESIAN_POINT('',(2.846170097968,0.431240868409));
#12135 = CARTESIAN_POINT('',(2.845838533037,0.433618184664));
#12136 = CARTESIAN_POINT('',(2.844389060814,0.443960039676));
#12137 = CARTESIAN_POINT('',(2.843253167291,0.451934138673));
#12138 = CARTESIAN_POINT('',(2.842097029382,0.459918655881));
#12139 = CARTESIAN_POINT('',(2.840920103264,0.467913518094));
#12140 = CARTESIAN_POINT('',(2.839721770845,0.475918657649));
#12141 = CARTESIAN_POINT('',(2.838501312396,0.483934012899));
#12142 = CARTESIAN_POINT('',(2.837257879197,0.491959528685));
#12143 = CARTESIAN_POINT('',(2.834343605075,0.510436554393));
#12144 = CARTESIAN_POINT('',(2.832656259939,0.520895018732));
#12145 = CARTESIAN_POINT('',(2.830926991057,0.531370328053));
#12146 = CARTESIAN_POINT('',(2.829154289024,0.541862273045));
#12147 = CARTESIAN_POINT('',(2.827336464183,0.552370658805));
#12148 = CARTESIAN_POINT('',(2.825471536063,0.56289530677));
#12149 = CARTESIAN_POINT('',(2.82355712283,0.573436056663));
#12150 = CARTESIAN_POINT('',(2.821009042134,0.587112821717));
#12151 = CARTESIAN_POINT('',(2.820423180629,0.590234268341));
#12152 = CARTESIAN_POINT('',(2.819832691807,0.593357101598));
#12153 = CARTESIAN_POINT('',(2.819237519798,0.596481314912));
#12154 = CARTESIAN_POINT('',(2.818637607265,0.599606901835));
#12155 = CARTESIAN_POINT('',(2.818032895412,0.602733856046));
#12156 = CARTESIAN_POINT('',(2.817423323975,0.605862171352));
#12157 = CARTESIAN_POINT('',(2.815390266061,0.616216729792));
#12158 = CARTESIAN_POINT('',(2.813945452372,0.62344883866));
#12159 = CARTESIAN_POINT('',(2.812473664958,0.630688094145));
#12160 = CARTESIAN_POINT('',(2.810974084314,0.637934425053));
#12161 = CARTESIAN_POINT('',(2.809445796639,0.645187763145));
#12162 = CARTESIAN_POINT('',(2.807887793837,0.652448043137));
#12163 = CARTESIAN_POINT('',(2.806298973513,0.6597152027));
#12164 = CARTESIAN_POINT('',(2.803927270359,0.670358929962));
#12165 = CARTESIAN_POINT('',(2.803169527703,0.673730140765));
#12166 = CARTESIAN_POINT('',(2.802404811356,0.677102805642));
#12167 = CARTESIAN_POINT('',(2.801633018971,0.68047691552));
#12168 = CARTESIAN_POINT('',(2.800854045505,0.683852461473));
#12169 = CARTESIAN_POINT('',(2.800067783226,0.687229434726));
#12170 = CARTESIAN_POINT('',(2.799274121706,0.690607826653));
#12171 = CARTESIAN_POINT('',(2.796818604352,0.700966580175));
#12172 = CARTESIAN_POINT('',(2.795132207966,0.707951543871));
#12173 = CARTESIAN_POINT('',(2.793412794647,0.714942445682));
#12174 = CARTESIAN_POINT('',(2.79165929851,0.72193921346));
#12175 = CARTESIAN_POINT('',(2.789870551798,0.728941777099));
#12176 = CARTESIAN_POINT('',(2.788045284883,0.735950068526));
#12177 = CARTESIAN_POINT('',(2.78618212627,0.742964021711));
#12178 = CARTESIAN_POINT('',(2.783298590591,0.753603114318));
#12179 = CARTESIAN_POINT('',(2.782307105769,0.757224144155));
#12180 = CARTESIAN_POINT('',(2.781304965752,0.760846649803));
#12181 = CARTESIAN_POINT('',(2.780291982947,0.764470619059));
#12182 = CARTESIAN_POINT('',(2.77926796454,0.768096039879));
#12183 = CARTESIAN_POINT('',(2.778232712498,0.771722900384));
#12184 = CARTESIAN_POINT('',(2.777186023567,0.775351188856));
#12185 = CARTESIAN_POINT('',(2.774128346608,0.785837917937));
#12186 = CARTESIAN_POINT('',(2.772087419404,0.792699996537));
#12187 = CARTESIAN_POINT('',(2.770003535132,0.799567052119));
#12188 = CARTESIAN_POINT('',(2.767875195728,0.806439008541));
#12189 = CARTESIAN_POINT('',(2.765700777599,0.813315790946));
#12190 = CARTESIAN_POINT('',(2.763478531624,0.820197325756));
#12191 = CARTESIAN_POINT('',(2.761206583149,0.827083540676));
#12192 = CARTESIAN_POINT('',(2.757704250221,0.837469764012));
#12193 = CARTESIAN_POINT('',(2.756512260676,0.840966348754));
#12194 = CARTESIAN_POINT('',(2.755306714887,0.844464106937));
#12195 = CARTESIAN_POINT('',(2.754087357515,0.847963026673));
#12196 = CARTESIAN_POINT('',(2.752853926355,0.851463096174));
#12197 = CARTESIAN_POINT('',(2.751606152332,0.854964303752));
#12198 = CARTESIAN_POINT('',(2.750343759505,0.858466637819));
#12199 = CARTESIAN_POINT('',(2.747564761378,0.86608906073));
#12200 = CARTESIAN_POINT('',(2.746042457194,0.870209575706));
#12201 = CARTESIAN_POINT('',(2.744499094264,0.874331613165));
#12202 = CARTESIAN_POINT('',(2.742934194993,0.878455154555));
#12203 = CARTESIAN_POINT('',(2.741347262445,0.882580181419));
#12204 = CARTESIAN_POINT('',(2.739737780342,0.886706675391));
#12205 = CARTESIAN_POINT('',(2.738105213063,0.890834618202));
#12206 = CARTESIAN_POINT('',(2.734766117965,0.899159886264));
#12207 = CARTESIAN_POINT('',(2.733058822692,0.903357258061));
#12208 = CARTESIAN_POINT('',(2.731326520109,0.907556089938));
#12209 = CARTESIAN_POINT('',(2.729568629383,0.911756356841));
#12210 = CARTESIAN_POINT('',(2.727784488963,0.915958044503));
#12211 = CARTESIAN_POINT('',(2.725973412648,0.920161137098));
#12212 = CARTESIAN_POINT('',(2.72413475059,0.924365605598));
#12213 = CARTESIAN_POINT('',(2.722267804434,0.928571428571));
#12214 = ( GEOMETRIC_REPRESENTATION_CONTEXT(2) 
PARAMETRIC_REPRESENTATION_CONTEXT() REPRESENTATION_CONTEXT('2D SPACE',''
  ) );
#12215 = ORIENTED_EDGE('',*,*,#5817,.T.);
#12216 = ADVANCED_FACE('',(#12217),#3953,.F.);
#12217 = FACE_BOUND('',#12218,.F.);
#12218 = EDGE_LOOP('',(#12219,#12252,#12253,#12254));
#12219 = ORIENTED_EDGE('',*,*,#12220,.F.);
#12220 = EDGE_CURVE('',#3874,#5846,#12221,.T.);
#12221 = SURFACE_CURVE('',#12222,(#12238,#12245),.PCURVE_S1.);
#12222 = ( BOUNDED_CURVE() B_SPLINE_CURVE(3,(#12223,#12224,#12225,#12226
    ,#12227,#12228,#12229,#12230,#12231,#12232,#12233,#12234,#12235,
#12236,#12237),.UNSPECIFIED.,.F.,.F.) B_SPLINE_CURVE_WITH_KNOTS((4,1,1,1
    ,1,1,1,1,1,1,1,1,4),(0.,8.333333333333E-02,0.166666666667,0.25,
    0.333333333333,0.416666666667,0.5,0.583333333333,0.666666666667,0.75
,0.833333333333,0.916666666667,1.),.QUASI_UNIFORM_KNOTS.) CURVE() 
GEOMETRIC_REPRESENTATION_ITEM() RATIONAL_B_SPLINE_CURVE((1.,1.,1.,1.,1.,
1.,1.,1.,1.,1.,1.,1.,1.,1.,1.)) REPRESENTATION_ITEM('') );
#12223 = CARTESIAN_POINT('',(-22.94024305752,-64.83918510785,-5.));
#12224 = CARTESIAN_POINT('',(-20.26934787939,-64.23712958547,
    -3.055555555556));
#12225 = CARTESIAN_POINT('',(-15.13042596082,-62.71264572372,
    0.833333333333));
#12226 = CARTESIAN_POINT('',(-8.135708096979,-59.57619827689,
    6.666666666667));
#12227 = CARTESIAN_POINT('',(-1.943270716836,-55.71242876077,12.5));
#12228 = CARTESIAN_POINT('',(3.375827544711,-51.25254760348,
    18.333333333333));
#12229 = CARTESIAN_POINT('',(7.768918533691,-46.33426688747,
    24.166666666667));
#12230 = CARTESIAN_POINT('',(11.202272551406,-41.09942323122,30.));
#12231 = CARTESIAN_POINT('',(13.661352196925,-35.6915509746,
    35.833333333333));
#12232 = CARTESIAN_POINT('',(15.150689302041,-30.25348761162,
    41.666666666667));
#12233 = CARTESIAN_POINT('',(15.693659290838,-24.924995942,47.5));
#12234 = CARTESIAN_POINT('',(15.33187848904,-19.84040797179,
    53.333333333333));
#12235 = CARTESIAN_POINT('',(14.12431867866,-15.12636540127,
    59.166666666667));
#12236 = CARTESIAN_POINT('',(12.805538744348,-12.30857049721,
    63.055555555555));
#12237 = CARTESIAN_POINT('',(12.032704831705,-10.99839528597,65.));
#12238 = PCURVE('',#3953,#12239);
#12239 = DEFINITIONAL_REPRESENTATION('',(#12240),#12244);
#12240 = LINE('',#12241,#12242);
#12241 = CARTESIAN_POINT('',(2.,0.));
#12242 = VECTOR('',#12243,1.);
#12243 = DIRECTION('',(0.,1.));
#12244 = ( GEOMETRIC_REPRESENTATION_CONTEXT(2) 
PARAMETRIC_REPRESENTATION_CONTEXT() REPRESENTATION_CONTEXT('2D SPACE',''
  ) );
#12245 = PCURVE('',#3893,#12246);
#12246 = DEFINITIONAL_REPRESENTATION('',(#12247),#12251);
#12247 = LINE('',#12248,#12249);
#12248 = CARTESIAN_POINT('',(2.,0.));
#12249 = VECTOR('',#12250,1.);
#12250 = DIRECTION('',(0.,1.));
#12251 = ( GEOMETRIC_REPRESENTATION_CONTEXT(2) 
PARAMETRIC_REPRESENTATION_CONTEXT() REPRESENTATION_CONTEXT('2D SPACE',''
  ) );
#12252 = ORIENTED_EDGE('',*,*,#3933,.F.);
#12253 = ORIENTED_EDGE('',*,*,#11820,.T.);
#12254 = ORIENTED_EDGE('',*,*,#5845,.T.);
#12255 = ADVANCED_FACE('',(#12256),#3893,.F.);
#12256 = FACE_BOUND('',#12257,.F.);
#12257 = EDGE_LOOP('',(#12258,#12291,#12292,#12293));
#12258 = ORIENTED_EDGE('',*,*,#12259,.F.);
#12259 = EDGE_CURVE('',#3814,#5875,#12260,.T.);
#12260 = SURFACE_CURVE('',#12261,(#12277,#12284),.PCURVE_S1.);
#12261 = ( BOUNDED_CURVE() B_SPLINE_CURVE(3,(#12262,#12263,#12264,#12265
    ,#12266,#12267,#12268,#12269,#12270,#12271,#12272,#12273,#12274,
#12275,#12276),.UNSPECIFIED.,.F.,.F.) B_SPLINE_CURVE_WITH_KNOTS((4,1,1,1
    ,1,1,1,1,1,1,1,1,4),(0.,8.333333333333E-02,0.166666666667,0.25,
    0.333333333333,0.416666666667,0.5,0.583333333333,0.666666666667,0.75
,0.833333333333,0.916666666667,1.),.QUASI_UNIFORM_KNOTS.) CURVE() 
GEOMETRIC_REPRESENTATION_ITEM() RATIONAL_B_SPLINE_CURVE((1.,1.,1.,1.,1.,
1.,1.,1.,1.,1.,1.,1.,1.,1.,1.)) REPRESENTATION_ITEM('') );
#12262 = CARTESIAN_POINT('',(-19.22340882081,-66.03662037307,-5.));
#12263 = CARTESIAN_POINT('',(-16.55840302972,-65.29343757266,
    -3.055555555556));
#12264 = CARTESIAN_POINT('',(-11.4459534257,-63.49244518438,
    0.833333333333));
#12265 = CARTESIAN_POINT('',(-4.53095548942,-59.96246764872,
    6.666666666667));
#12266 = CARTESIAN_POINT('',(1.546179811723,-55.72965355627,12.5));
#12267 = CARTESIAN_POINT('',(6.719065051908,-50.92768042596,
    18.333333333333));
#12268 = CARTESIAN_POINT('',(10.93981709833,-45.69591502088,
    24.166666666667));
#12269 = CARTESIAN_POINT('',(14.179469376688,-40.17702906853,30.));
#12270 = CARTESIAN_POINT('',(16.428083408239,-34.51458886894,
    35.833333333333));
#12271 = CARTESIAN_POINT('',(17.694484108908,-28.85070675378,
    41.666666666667));
#12272 = CARTESIAN_POINT('',(18.005891088587,-23.32373211651,47.5));
#12273 = CARTESIAN_POINT('',(17.407179948419,-18.06600317061,
    53.333333333333));
#12274 = CARTESIAN_POINT('',(15.95987844521,-13.20173279267,
    59.166666666667));
#12275 = CARTESIAN_POINT('',(14.480571863909,-10.29727398967,
    63.055555555555));
#12276 = CARTESIAN_POINT('',(13.627453988053,-8.946685544768,65.));
#12277 = PCURVE('',#3893,#12278);
#12278 = DEFINITIONAL_REPRESENTATION('',(#12279),#12283);
#12279 = LINE('',#12280,#12281);
#12280 = CARTESIAN_POINT('',(1.,0.));
#12281 = VECTOR('',#12282,1.);
#12282 = DIRECTION('',(0.,1.));
#12283 = ( GEOMETRIC_REPRESENTATION_CONTEXT(2) 
PARAMETRIC_REPRESENTATION_CONTEXT() REPRESENTATION_CONTEXT('2D SPACE',''
  ) );
#12284 = PCURVE('',#3833,#12285);
#12285 = DEFINITIONAL_REPRESENTATION('',(#12286),#12290);
#12286 = LINE('',#12287,#12288);
#12287 = CARTESIAN_POINT('',(1.,0.));
#12288 = VECTOR('',#12289,1.);
#12289 = DIRECTION('',(0.,1.));
#12290 = ( GEOMETRIC_REPRESENTATION_CONTEXT(2) 
PARAMETRIC_REPRESENTATION_CONTEXT() REPRESENTATION_CONTEXT('2D SPACE',''
  ) );
#12291 = ORIENTED_EDGE('',*,*,#3873,.F.);
#12292 = ORIENTED_EDGE('',*,*,#12220,.T.);
#12293 = ORIENTED_EDGE('',*,*,#5874,.T.);
#12294 = ADVANCED_FACE('',(#12295),#3833,.F.);
#12295 = FACE_BOUND('',#12296,.F.);
#12296 = EDGE_LOOP('',(#12297,#12298,#12299,#12300));
#12297 = ORIENTED_EDGE('',*,*,#6051,.F.);
#12298 = ORIENTED_EDGE('',*,*,#3813,.F.);
#12299 = ORIENTED_EDGE('',*,*,#12259,.T.);
#12300 = ORIENTED_EDGE('',*,*,#5903,.T.);
#12301 = ( GEOMETRIC_REPRESENTATION_CONTEXT(3) 
GLOBAL_UNCERTAINTY_ASSIGNED_CONTEXT((#12305)) 
GLOBAL_UNIT_ASSIGNED_CONTEXT((#12302,#12303,#12304)) 
REPRESENTATION_CONTEXT('Context #1',
  '3D Context with UNIT and UNCERTAINTY') );
#12302 = ( LENGTH_UNIT() NAMED_UNIT(*) SI_UNIT(.MILLI.,.METRE.) );
#12303 = ( NAMED_UNIT(*) PLANE_ANGLE_UNIT() SI_UNIT($,.RADIAN.) );
#12304 = ( NAMED_UNIT(*) SI_UNIT($,.STERADIAN.) SOLID_ANGLE_UNIT() );
#12305 = UNCERTAINTY_MEASURE_WITH_UNIT(LENGTH_MEASURE(5.E-06),#12302,
  'distance_accuracy_value','confusion accuracy');
#12306 = PRODUCT_RELATED_PRODUCT_CATEGORY('part',$,(#7));
ENDSEC;
END-ISO-10303-21;
